i,j,x,y,rho,u,v,w,p,Bx,By,Bz,psi,divB_fv,Bmag
0,0,0.015625,0.015625,0.999013,1.00229,0.498206,0,0.99869,0.999832,-0.000599033,0,-3.191e-05,0.000518116,0.999832
1,0,0.046875,0.015625,0.999014,1.00247,0.498286,0,0.998481,0.99963,-0.000433556,0,-5.68741e-05,0.00129591,0.999631
2,0,0.078125,0.015625,0.99916,1.00239,0.498468,0,0.998545,0.999421,-0.000184573,0,-8.65073e-05,0.00221862,0.999421
3,0,0.109375,0.015625,0.999533,1.00194,0.498799,0,0.999017,0.999203,0.000184838,0,-0.000120479,0.00327285,0.999203
4,0,0.140625,0.015625,1.00019,1.00106,0.499311,0,0.999971,0.998979,0.00070989,0,-0.000156766,0.00438022,0.998979
5,0,0.171875,0.015625,1.0011,0.999771,0.500013,0,1.00137,0.998757,0.00141783,0,-0.000189659,0.0053295,0.998758
6,0,0.203125,0.015625,1.00217,0.99822,0.500883,0,1.00304,0.998558,0.00231383,0,-0.000208153,0.00573665,0.99856
7,0,0.234375,0.015625,1.00324,0.996648,0.501834,0,1.00472,0.998412,0.0033405,0,-0.000197999,0.00515142,0.998417
8,0,0.265625,0.015625,1.0041,0.995327,0.502674,0,1.0061,0.998361,0.00431818,0,-0.000147792,0.0032668,0.99837
9,0,0.296875,0.015625,1.0046,0.994486,0.503127,0,1.00695,0.998444,0.00495987,0,-6.18672e-05,0.00041972,0.998456
10,0,0.328125,0.015625,1.00467,0.994234,0.502955,0,1.00715,0.998682,0.00499735,0,3.69091e-05,-0.00248625,0.998695
11,0,0.359375,0.015625,1.00434,0.994522,0.502129,0,1.00677,0.999062,0.00436406,0,0.000118249,-0.00447917,0.999072
12,0,0.390625,0.015625,1.00375,0.995175,0.500868,0,1.006,0.99954,0.00324825,0,0.000161096,-0.00507892,0.999546
13,0,0.421875,0.015625,1.00305,0.995981,0.499519,0,1.00507,1.00006,0.00197663,0,0.000163063,-0.00447026,1.00006
14,0,0.453125,0.015625,1.00236,0.996769,0.498375,0,1.00418,1.00055,0.000840503,0,0.000136678,-0.00322139,1.00055
15,0,0.484375,0.015625,1.00174,0.997449,0.497576,0,1.00341,1.00099,-1.54917e-05,0,9.90235e-05,-0.0018973,1.00099
16,0,0.515625,0.015625,1.00122,0.998002,0.497108,0,1.0028,1.00133,-0.000592212,0,6.31528e-05,-0.000833248,1.00133
17,0,0.546875,0.015625,1.00076,0.998447,0.496885,0,1.0023,1.00158,-0.000961179,0,3.54976e-05,-0.000136871,1.00159
18,0,0.578125,0.015625,1.00037,0.998806,0.496822,0,1.00191,1.00174,-0.00119441,0,1.74875e-05,0.000211666,1.00174
19,0,0.609375,0.015625,1.00003,0.9991,0.49686,0,1.0016,1.00182,-0.00133766,0,8.06433e-06,0.000277865,1.00182
20,0,0.640625,0.015625,0.99974,0.999345,0.496963,0,1.00135,1.00182,-0.00141516,0,5.32761e-06,0.000137609,1.00182
21,0,0.671875,0.015625,0.999501,0.999553,0.49711,0,1.00115,1.00176,-0.00144095,0,7.24965e-06,-0.000133507,1.00176
22,0,0.703125,0.015625,0.999316,0.999735,0.497282,0,1.001,1.00166,-0.00142571,0,1.19386e-05,-0.000465585,1.00166
23,0,0.734375,0.015625,0.999187,0.999904,0.497463,0,1.00086,1.00152,-0.0013792,0,1.77461e-05,-0.000799074,1.00152
24,0,0.765625,0.015625,0.999114,1.00007,0.497641,0,1.00074,1.00136,-0.00131063,0,2.33063e-05,-0.00108732,1.00136
25,0,0.796875,0.015625,0.99909,1.00025,0.497804,0,1.00061,1.00118,-0.00122844,0,2.75268e-05,-0.00129655,1.00118
26,0,0.828125,0.015625,0.999103,1.00044,0.497942,0,1.00047,1.00099,-0.00114001,0,2.95527e-05,-0.00140429,1.00099
27,0,0.859375,0.015625,0.999134,1.00067,0.49805,0,1.00029,1.0008,-0.00105115,0,2.87194e-05,-0.00139681,1.0008
28,0,0.890625,0.015625,0.999161,1.00094,0.498124,0,1.00006,1.00061,-0.000965599,0,2.45216e-05,-0.0012669,1.00061
29,0,0.921875,0.015625,0.999165,1.00125,0.498164,0,0.999764,1.00041,-0.000884152,0,1.65881e-05,-0.0010118,1.00042
30,0,0.953125,0.015625,0.999134,1.0016,0.498179,0,0.999415,1.00022,-0.000803342,0,4.65074e-06,-0.000630231,1.00022
31,0,0.984375,0.015625,0.999073,1.00197,0.498184,0,0.999036,1.00003,-0.00071389,0,-1.1464e-05,-0.000121449,1.00003
0,1,0.015625,0.046875,0.998873,1.00245,0.49868,0,0.998221,0.999736,-0.000359084,0,-6.07105e-05,0.00140966,0.999736
1,1,0.046875,0.046875,0.99881,1.0027,0.498796,0,0.997941,0.99954,-0.000164089,0,-9.1206e-05,0.00235761,0.99954
2,1,0.078125,0.046875,0.998884,1.00272,0.49902,0,0.997909,0.999343,0.000120058,0,-0.000125603,0.00343417,0.999343
3,1,0.109375,0.046875,0.999189,1.00239,0.499393,0,0.998276,0.999144,0.000527234,0,-0.000162263,0.00458816,0.999144
4,1,0.140625,0.046875,0.999793,1.00162,0.499942,0,0.999151,0.998947,0.00108557,0,-0.000197888,0.00570253,0.998947
5,1,0.171875,0.046875,1.0007,1.00039,0.500661,0,1.00054,0.99876,0.0018085,0,-0.000225996,0.00653766,0.998762
6,1,0.203125,0.046875,1.00183,0.998834,0.501502,0,1.0023,0.998604,0.00267916,0,-0.000235762,0.00670182,0.998608
7,1,0.234375,0.046875,1.003,0.997188,0.502353,0,1.00417,0.99851,0.00361523,0,-0.000214227,0.00576708,0.998516
8,1,0.265625,0.046875,1.00401,0.995746,0.503004,0,1.0058,0.998516,0.0044218,0,-0.000152659,0.00350601,0.998526
9,1,0.296875,0.046875,1.00465,0.994783,0.503194,0,1.0069,0.998658,0.00482815,0,-5.78297e-05,0.000321728,0.998669
10,1,0.328125,0.046875,1.00482,0.994451,0.502739,0,1.0073,0.998949,0.00461801,0,4.56554e-05,-0.00280689,0.99896
11,1,0.359375,0.046875,1.00452,0.994723,0.501679,0,1.007,0.999372,0.00378916,0,0.000127268,-0.00487958,0.999379
12,1,0.390625,0.046875,1.0039,0.995422,0.500282,0,1.00621,0.999876,0.00257426,0,0.000167006,-0.00543473,0.999879
13,1,0.421875,0.046875,1.00313,0.996307,0.498901,0,1.00519,1.0004,0.00130598,0,0.000164269,-0.00471147,1.0004
14,1,0.453125,0.046875,1.00236,0.997178,0.497811,0,1.00417,1.00089,0.000250356,0,0.000133249,-0.0033327,1.00089
15,1,0.484375,0.046875,1.00167,0.997923,0.497113,0,1.00328,1.00129,-0.000484419,0,9.19846e-05,-0.00189451,1.00129
16,1,0.515625,0.046875,1.00109,0.998514,0.496766,0,1.00255,1.00161,-0.000929618,0,5.37645e-05,-0.000739249,1.00161
17,1,0.546875,0.046875,1.00061,0.998971,0.496664,0,1.00198,1.00182,-0.00117516,0,2.48069e-05,3.14107e-05,1.00182
18,1,0.578125,0.046875,1.00021,0.999323,0.496711,0,1.00153,1.00195,-0.00130156,0,6.17586e-06,0.000445135,1.00195
19,1,0.609375,0.046875,0.999886,0.999597,0.496846,0,1.00117,1.00198,-0.00135738,0,-3.50153e-06,0.000570774,1.00198
20,1,0.640625,0.046875,0.999624,0.999812,0.497032,0,1.0009,1.00195,-0.00136683,0,-6.312e-06,0.000482533,1.00195
21,1,0.671875,0.046875,0.999422,0.999984,0.497246,0,1.00068,1.00186,-0.0013424,0,-4.36023e-06,0.000252282,1.00186
22,1,0.703125,0.046875,0.999278,1.00013,0.497471,0,1.00051,1.00172,-0.00129235,0,4.35257e-07,-5.28705e-05,1.00172
23,1,0.734375,0.046875,0.999187,1.00025,0.497696,0,1.00038,1.00156,-0.00122353,0,6.39709e-06,-0.000373486,1.00156
24,1,0.765625,0.046875,0.999144,1.00038,0.497908,0,1.00026,1.00137,-0.00114202,0,1.2098e-05,-0.000659968,1.00137
25,1,0.796875,0.046875,0.999138,1.00051,0.498099,0,1.00014,1.00116,-0.00105324,0,1.63402e-05,-0.000872972,1.00117
26,1,0.828125,0.046875,0.999156,1.00066,0.498262,0,1.00001,1.00096,-0.000961747,0,1.81205e-05,-0.00098255,1.00096
27,1,0.859375,0.046875,0.999179,1.00085,0.498392,0,0.999845,1.00075,-0.000870833,0,1.65851e-05,-0.000966285,1.00075
28,1,0.890625,0.046875,0.999187,1.00108,0.498488,0,0.99963,1.00054,-0.00078206,0,1.10158e-05,-0.000807981,1.00054
29,1,0.921875,0.046875,0.999162,1.00137,0.498551,0,0.999351,1.00033,-0.000694376,0,8.11734e-07,-0.000496114,1.00033
30,1,0.953125,0.046875,0.999093,1.00172,0.498591,0,0.999004,1.00013,-0.00060279,0,-1.4456e-05,-2.32922e-05,1.00013
31,1,0.984375,0.046875,0.998987,1.00209,0.498624,0,0.998608,0.999932,-0.000496864,0,-3.49885e-05,0.000612816,0.999932
0,2,0.015625,0.078125,0.998647,1.00261,0.49921,0,0.997666,0.999647,-9.74707e-05,0,-8.91781e-05,0.002244,0.999647
1,2,0.046875,0.078125,0.998521,1.00294,0.499368,0,0.997303,0.999461,0.000126079,0,-0.000125164,0.00335172,0.999461
2,2,0.078125,0.078125,0.998524,1.00306,0.499633,0,0.997164,0.999281,0.000442617,0,-0.000164015,0.00456424,0.999282
3,2,0.109375,0.078125,0.998762,1.00284,0.500043,0,0.997421,0.999108,0.000881669,0,-0.000202658,0.00578975,0.999108
4,2,0.140625,0.078125,0.999322,1.00217,0.500616,0,0.998216,0.998945,0.00146324,0,-0.000236461,0.00687213,0.998946
5,2,0.171875,0.078125,1.00023,1.001,0.501331,0,0.9996,0.998803,0.00218678,0,-0.000258314,0.00755041,0.998805
6,2,0.203125,0.078125,1.00142,0.999435,0.50212,0,1.00146,0.9987,0.00301489,0,-0.000258127,0.00744623,0.998704
7,2,0.234375,0.078125,1.00273,0.997703,0.502846,0,1.00354,0.998665,0.00384354,0,-0.000225115,0.00618134,0.998672
8,2,0.265625,0.078125,1.00389,0.996127,0.50329,0,1.00546,0.998732,0.00446758,0,-0.000153785,0.00362125,0.998742
9,2,0.296875,0.078125,1.00469,0.995028,0.503213,0,1.00684,0.998931,0.00463672,0,-5.34829e-05,0.000238236,0.998942
10,2,0.328125,0.078125,1.00497,0.994602,0.502485,0,1.00744,0.999268,0.00418808,0,5.05675e-05,-0.00295965,0.999277
11,2,0.359375,0.078125,1.00472,0.994846,0.501213,0,1.00724,0.99972,0.00318193,0,0.000129068,-0.00499115,0.999725
12,2,0.390625,0.078125,1.00407,0.995579,0.499706,0,1.00643,1.00023,0.00189096,0,0.000164122,-0.00544349,1.00023
13,2,0.421875,0.078125,1.00324,0.996538,0.498322,0,1.00532,1.00075,0.000648723,0,0.000157054,-0.00461071,1.00075
14,2,0.453125,0.078125,1.00239,0.997489,0.497308,0,1.00418,1.00121,-0.000308073,0,0.000123174,-0.00315262,1.00121
15,2,0.484375,0.078125,1.00163,0.998301,0.496728,0,1.00316,1.00158,-0.000909542,0,8.07165e-05,-0.00167414,1.00158
16,2,0.515625,0.078125,1.001,0.998934,0.49651,0,1.00233,1.00185,-0.00121729,0,4.26004e-05,-0.000507718,1.00185
17,2,0.546875,0.078125,1.00049,0.99941,0.496529,0,1.00168,1.00202,-0.0013383,0,1.44938e-05,0.000261313,1.00202
18,2,0.578125,0.078125,1.00008,0.999762,0.496684,0,1.00117,1.0021,-0.0013598,0,-3.04153e-06,0.000674484,1.0021
19,2,0.609375,0.078125,0.999763,1.00002,0.496909,0,1.00077,1.0021,-0.00133156,0,-1.17241e-05,0.000807491,1.0021
20,2,0.640625,0.078125,0.999518,1.00022,0.497169,0,1.00046,1.00203,-0.0012766,0,-1.381e-05,0.000734491,1.00203
21,2,0.671875,0.078125,0.999339,1.00036,0.497442,0,1.00022,1.00191,-0.00120532,0,-1.14364e-05,0.000523298,1.00191
22,2,0.703125,0.078125,0.999218,1.00047,0.497714,0,1.00004,1.00175,-0.00112335,0,-6.4878e-06,0.000236466,1.00175
23,2,0.734375,0.078125,0.999148,1.00056,0.497976,0,0.999898,1.00156,-0.00103464,0,-5.98982e-07,-6.94297e-05,1.00156
24,2,0.765625,0.078125,0.999119,1.00065,0.498217,0,0.999779,1.00135,-0.00094233,0,4.81709e-06,-0.000345048,1.00135
25,2,0.796875,0.078125,0.999118,1.00075,0.498433,0,0.999665,1.00113,-0.000848917,0,8.5313e-06,-0.000548657,1.00113
26,2,0.828125,0.078125,0.99913,1.00086,0.498618,0,0.999539,1.0009,-0.000756198,0,9.46014e-06,-0.000645722,1.0009
27,2,0.859375,0.078125,0.999138,1.00102,0.49877,0,0.999382,1.00068,-0.000664942,0,6.6206e-06,-0.000607405,1.00068
28,2,0.890625,0.078125,0.999123,1.00122,0.498888,0,0.999172,1.00046,-0.000574445,0,-8.78313e-07,-0.000410297,1.00046
29,2,0.921875,0.078125,0.999068,1.00149,0.498978,0,0.998892,1.00024,-0.000481654,0,-1.38337e-05,-3.45905e-05,1.00024
30,2,0.953125,0.078125,0.998964,1.00183,0.499047,0,0.998533,1.00004,-0.000379984,0,-3.28149e-05,0.000532466,1.00004
31,2,0.984375,0.078125,0.998814,1.00222,0.499115,0,0.998108,0.999838,-0.000257899,0,-5.80387e-05,0.00129499,0.999838
0,3,0.015625,0.109375,0.998369,1.00279,0.499765,0,0.997069,0.999568,0.000182162,0,-0.000116701,0.00302858,0.999568
1,3,0.046875,0.109375,0.998182,1.00318,0.499969,0,0.996614,0.999395,0.000432652,0,-0.000157943,0.00428234,0.999395
2,3,0.078125,0.109375,0.998118,1.0034,0.500275,0,0.996364,0.999235,0.000777519,0,-0.00020072,0.00560744,0.999235
3,3,0.109375,0.109375,0.998294,1.00329,0.500716,0,0.99651,0.999091,0.00124064,0,-0.000240492,0.0068705,0.999092
4,3,0.140625,0.109375,0.998816,1.00271,0.501298,0,0.997232,0.998967,0.00183311,0,-0.000271326,0.00787862,0.998969
5,3,0.171875,0.109375,0.999735,1.0016,0.501989,0,0.998622,0.998874,0.00254097,0,-0.000285725,0.00835913,0.998878
6,3,0.203125,0.109375,1.001,1.00001,0.502701,0,1.00061,0.998829,0.00330898,0,-0.00027489,0.00796805,0.998835
7,3,0.234375,0.109375,1.00244,0.998181,0.503284,0,1.00291,0.998857,0.00401616,0,-0.000231022,0.00640541,0.998865
8,3,0.265625,0.109375,1.00378,0.996461,0.503514,0,1.00512,0.998985,0.00445268,0,-0.000152274,0.0036368,0.998995
9,3,0.296875,0.109375,1.00474,0.995215,0.503178,0,1.00679,0.999236,0.00439213,0,-5.0342e-05,0.000196415,0.999246
10,3,0.328125,0.109375,1.00514,0.994684,0.502201,0,1.00761,0.999609,0.00372369,0,5.02416e-05,-0.00292898,0.999616
11,3,0.359375,0.109375,1.00494,0.99489,0.500747,0,1.00751,1.00007,0.00256516,0,0.000122846,-0.00482241,1.00008
12,3,0.390625,0.109375,1.00428,0.995649,0.499163,0,1.00669,1.00058,0.00122318,0,0.00015249,-0.00514151,1.00058
13,3,0.421875,0.109375,1.00339,0.996674,0.497804,0,1.00549,1.00107,2.73654e-05,0,0.000142237,-0.00422503,1.00107
14,3,0.453125,0.109375,1.00247,0.997705,0.496884,0,1.00422,1.00149,-0.000817335,0,0.000107751,-0.0027463,1.0015
15,3,0.484375,0.109375,1.00164,0.998584,0.49643,0,1.00308,1.00182,-0.00127944,0,6.66587e-05,-0.0012977,1.00182
16,3,0.515625,0.109375,1.00095,0.999266,0.49634,0,1.00215,1.00205,-0.0014495,0,3.09952e-05,-0.000189552,1.00205
17,3,0.546875,0.109375,1.00041,0.999767,0.496475,0,1.00141,1.00218,-0.00144962,0,5.66787e-06,0.000514287,1.00218
18,3,0.578125,0.109375,0.999987,1.00013,0.496726,0,1.00084,1.00222,-0.00137185,0,-9.29113e-06,0.000871493,1.00222
19,3,0.609375,0.109375,0.999664,1.00038,0.49703,0,1.0004,1.00218,-0.0012656,0,-1.5913e-05,0.000966482,1.00218
20,3,0.640625,0.109375,0.999424,1.00056,0.497352,0,1.00006,1.00208,-0.00115176,0,-1.65833e-05,0.000874895,1.00208
21,3,0.671875,0.109375,0.999256,1.00068,0.497673,0,0.999804,1.00194,-0.00103814,0,-1.34363e-05,0.000661203,1.00194
22,3,0.703125,0.109375,0.999146,1.00077,0.497982,0,0.999611,1.00175,-0.000927674,0,-8.28345e-06,0.000382988,1.00175
23,3,0.734375,0.109375,0.999085,1.00084,0.498272,0,0.999461,1.00154,-0.000821581,0,-2.67106e-06,9.25239e-05,1.00154
24,3,0.765625,0.109375,0.999058,1.00089,0.498536,0,0.999337,1.00132,-0.000720266,0,2.05615e-06,-0.000163287,1.00132
25,3,0.796875,0.109375,0.999052,1.00096,0.498772,0,0.999222,1.00108,-0.00062355,0,4.69654e-06,-0.000342891,1.00108
26,3,0.828125,0.109375,0.999053,1.00105,0.498976,0,0.999095,1.00084,-0.000530635,0,4.14802e-06,-0.000409862,1.00084
27,3,0.859375,0.109375,0.999043,1.00118,0.499149,0,0.998935,1.00061,-0.00043983,0,-6.3781e-07,-0.000331631,1.00061
28,3,0.890625,0.109375,0.999003,1.00136,0.499293,0,0.998719,1.00038,-0.00034816,0,-1.06814e-05,-7.91751e-05,1.00038
29,3,0.921875,0.109375,0.998919,1.00161,0.499412,0,0.998426,1.00016,-0.000250539,0,-2.69098e-05,0.000373021,1.00016
30,3,0.953125,0.109375,0.998779,1.00195,0.499517,0,0.998043,0.99995,-0.000138819,0,-4.99955e-05,0.00104212,0.99995
31,3,0.984375,0.109375,0.998587,1.00235,0.499626,0,0.997577,0.999753,-5.44957e-07,0,-8.01316e-05,0.00193281,0.999753
0,4,0.015625,0.140625,0.998068,1.00299,0.500318,0,0.996462,0.999508,0.000476764,0,-0.000142947,0.00377685,0.999508
1,4,0.046875,0.140625,0.997824,1.00345,0.500569,0,0.995913,0.99935,0.000751949,0,-0.00018892,0.00515785,0.99935
2,4,0.078125,0.140625,0.997698,1.00376,0.500914,0,0.995553,0.999213,0.00111992,0,-0.000234799,0.0065656,0.999213
3,4,0.109375,0.140625,0.997818,1.00375,0.501377,0,0.995596,0.9991,0.00159772,0,-0.000274644,0.00782691,0.999101
4,4,0.140625,0.140625,0.99831,1.00326,0.501952,0,0.996256,0.999019,0.00218711,0,-0.000301385,0.00871764,0.999021
5,4,0.171875,0.140625,0.999247,1.00218,0.502597,0,0.997665,0.998978,0.002862,0,-0.000307467,0.00896565,0.998982
6,4,0.203125,0.140625,1.00059,1.00055,0.503212,0,0.999779,0.998992,0.00355318,0,-0.000285926,0.00828207,0.998999
7,4,0.234375,0.140625,1.00217,0.998621,0.503639,0,1.00232,0.999082,0.00412865,0,-0.000232571,0.00646855,0.999091
8,4,0.265625,0.140625,1.00369,0.996751,0.503659,0,1.00483,0.999267,0.00437964,0,-0.000149392,0.00359412,0.999277
9,4,0.296875,0.140625,1.00481,0.995355,0.503087,0,1.00678,0.999561,0.00410567,0,-4.98206e-05,0.000233348,0.99957
10,4,0.328125,0.140625,1.00533,0.994714,0.501897,0,1.0078,0.999957,0.0032437,0,4.37025e-05,-0.00269955,0.999962
11,4,0.359375,0.140625,1.00518,0.994875,0.500302,0,1.00779,1.00042,0.00196146,0,0.000108498,-0.00439188,1.00043
12,4,0.390625,0.140625,1.00452,0.99565,0.498676,0,1.00697,1.00091,0.000592436,0,0.000132978,-0.00458181,1.00091
13,4,0.421875,0.140625,1.00358,0.996732,0.497363,0,1.00568,1.00137,-0.000541411,0,0.00012145,-0.00363217,1.00137
14,4,0.453125,0.140625,1.00259,0.997836,0.496548,0,1.00429,1.00175,-0.00126724,0,8.89993e-05,-0.00220146,1.00175
15,4,0.484375,0.140625,1.00169,0.998784,0.49622,0,1.00304,1.00203,-0.00159017,0,5.18534e-05,-0.000849799,1.00203
16,4,0.515625,0.140625,1.00095,0.999516,0.496251,0,1.002,1.00221,-0.00162733,0,2.07593e-05,0.000142002,1.00221
17,4,0.546875,0.140625,1.00037,1.00005,0.49649,0,1.00119,1.0023,-0.00151377,0,-2.09626e-07,0.000731541,1.0023
18,4,0.578125,0.140625,0.999925,1.00042,0.496824,0,1.00056,1.0023,-0.00134463,0,-1.14721e-05,0.000991172,1.00231
19,4,0.609375,0.140625,0.999591,1.00068,0.497191,0,1.00008,1.00224,-0.0011678,0,-1.52747e-05,0.00101391,1.00224
20,4,0.640625,0.140625,0.999349,1.00085,0.49756,0,0.999722,1.00212,-0.00100133,0,-1.40695e-05,0.000877892,1.00212
21,4,0.671875,0.140625,0.999181,1.00095,0.497917,0,0.99945,1.00195,-0.000850149,0,-9.95565e-06,0.000645432,1.00195
22,4,0.703125,0.140625,0.999073,1.00102,0.498252,0,0.999245,1.00175,-0.00071456,0,-4.65029e-06,0.000369616,1.00175
23,4,0.734375,0.140625,0.99901,1.00107,0.498562,0,0.999088,1.00152,-0.000593264,0,4.14045e-07,9.79514e-05,1.00152
24,4,0.765625,0.140625,0.998979,1.00111,0.498842,0,0.998958,1.00128,-0.000484213,0,3.9957e-06,-0.000126426,1.00128
25,4,0.796875,0.140625,0.998964,1.00115,0.499093,0,0.998837,1.00103,-0.000384798,0,4.96544e-06,-0.000264103,1.00103
26,4,0.828125,0.140625,0.99895,1.00122,0.499315,0,0.998702,1.00079,-0.000291837,0,2.26014e-06,-0.000279165,1.00079
27,4,0.859375,0.140625,0.99892,1.00133,0.499508,0,0.998531,1.00054,-0.000201323,0,-5.17567e-06,-0.000138151,1.00054
28,4,0.890625,0.140625,0.998856,1.0015,0.499678,0,0.998299,1.00031,-0.000108052,0,-1.8423e-05,0.000191531,1.00031
29,4,0.921875,0.140625,0.998743,1.00174,0.49983,0,0.997983,1.00009,-5.00143e-06,0,-3.84629e-05,0.000737813,1.00009
30,4,0.953125,0.140625,0.998569,1.00208,0.499975,0,0.997564,0.999878,0.000117408,0,-6.6004e-05,0.00152025,0.999878
31,4,0.984375,0.140625,0.998336,1.00251,0.500129,0,0.997044,0.999685,0.000272248,0,-0.00010115,0.00254183,0.999685
0,5,0.015625,0.171875,0.997767,1.00323,0.500844,0,0.995872,0.999479,0.000782633,0,-0.000167635,0.0044976,0.999479
1,5,0.046875,0.171875,0.997469,1.00375,0.501142,0,0.995228,0.999338,0.00107958,0,-0.000217468,0.00598037,0.999339
2,5,0.078125,0.171875,0.997289,1.00414,0.501522,0,0.994767,0.999226,0.00146438,0,-0.000265289,0.00743386,0.999227
3,5,0.109375,0.171875,0.997364,1.00422,0.501994,0,0.994721,0.999148,0.00194634,0,-0.000303958,0.00865014,0.99915
4,5,0.140625,0.171875,0.997836,1.00379,0.502545,0,0.995336,0.99911,0.0025179,0,-0.000325554,0.0093827,0.999113
5,5,0.171875,0.171875,0.9988,1.00273,0.503123,0,0.996781,0.999122,0.00314281,0,-0.000322877,0.00937445,0.999127
6,5,0.203125,0.171875,1.00023,1.00107,0.503624,0,0.999032,0.999196,0.00374268,0,-0.000291278,0.00841045,0.999203
7,5,0.234375,0.171875,1.00195,0.999025,0.503891,0,1.0018,0.999344,0.00418113,0,-0.000230544,0.00640993,0.999352
8,5,0.265625,0.171875,1.00362,0.997011,0.503716,0,1.00459,0.999578,0.00425582,0,-0.000146399,0.0035417,0.999587
9,5,0.296875,0.171875,1.00491,0.99547,0.502943,0,1.00679,0.999903,0.00379247,0,-5.30575e-05,0.000386971,0.999911
10,5,0.328125,0.171875,1.00553,0.994721,0.501586,0,1.008,1.00031,0.00276865,0,3.04961e-05,-0.00226136,1.00031
11,5,0.359375,0.171875,1.00544,0.99483,0.499896,0,1.00808,1.00076,0.00139232,0,8.65549e-05,-0.00372661,1.00076
12,5,0.390625,0.171875,1.00478,0.995608,0.498259,0,1.00724,1.00122,1.65529e-05,0,0.000107033,-0.00382539,1.00122
13,5,0.421875,0.171875,1.0038,0.996735,0.497011,0,1.00589,1.00163,-0.00104635,0,9.6748e-05,-0.00291569,1.00163
14,5,0.453125,0.171875,1.00275,0.997902,0.496304,0,1.0044,1.00197,-0.00165368,0,6.919e-05,-0.00160977,1.00197
15,5,0.484375,0.171875,1.00179,0.998912,0.496096,0,1.00303,1.00221,-0.00184363,0,3.84594e-05,-0.00041814,1.00221
16,5,0.515625,0.171875,1.001,0.999694,0.496236,0,1.0019,1.00235,-0.00175677,0,1.37356e-05,0.00041074,1.00235
17,5,0.546875,0.171875,1.00037,1.00026,0.496562,0,1.00102,1.0024,-0.00153903,0,-1.69771e-06,0.000851538,1.0024
18,5,0.578125,0.171875,0.999902,1.00065,0.496963,0,1.00035,1.00237,-0.00128747,0,-8.54408e-06,0.000986607,1.00238
19,5,0.609375,0.171875,0.999551,1.00091,0.497378,0,0.999841,1.00228,-0.00104774,0,-9.11817e-06,0.000915521,1.00228
20,5,0.640625,0.171875,0.999298,1.00107,0.497781,0,0.999459,1.00214,-0.000834728,0,-5.85705e-06,0.000719357,1.00214
21,5,0.671875,0.171875,0.999123,1.00117,0.49816,0,0.999174,1.00195,-0.000650453,0,-7.94159e-07,0.000459536,1.00195
22,5,0.703125,0.171875,0.999009,1.00123,0.498511,0,0.998961,1.00174,-0.000492698,0,4.45693e-06,0.000185638,1.00174
23,5,0.734375,0.171875,0.998939,1.00126,0.498832,0,0.998795,1.0015,-0.000357895,0,8.58701e-06,-5.94094e-05,1.0015
24,5,0.765625,0.171875,0.998898,1.00129,0.499123,0,0.998657,1.00125,-0.000241816,0,1.04785e-05,-0.00023695,1.00125
25,5,0.796875,0.171875,0.998871,1.00132,0.499385,0,0.998524,1.001,-0.000139664,0,9.10974e-06,-0.000311186,1.001
26,5,0.828125,0.171875,0.99884,1.00137,0.49962,0,0.998376,1.00074,-4.60875e-05,0,3.51302e-06,-0.000249092,1.00074
27,5,0.859375,0.171875,0.99879,1.00147,0.499833,0,0.998186,1.0005,4.50816e-05,0,-7.3228e-06,-1.82884e-05,1.0005
28,5,0.890625,0.171875,0.998702,1.00164,0.500028,0,0.997929,1.00026,0.00014115,0,-2.44422e-05,0.000413569,1.00026
29,5,0.921875,0.171875,0.99856,1.00189,0.500214,0,0.997578,1.00004,0.000250902,0,-4.8798e-05,0.00107408,1.00004
30,5,0.953125,0.171875,0.998353,1.00224,0.500402,0,0.997112,0.999831,0.000385108,0,-8.10402e-05,0.00198188,0.999831
31,5,0.984375,0.171875,0.99808,1.0027,0.500605,0,0.996532,0.999644,0.000557038,0,-0.000121101,0.00313536,0.999645
0,6,0.015625,0.203125,0.997478,1.0035,0.501329,0,0.995312,0.99949,0.00109458,0,-0.000190402,0.00518961,0.999491
1,6,0.046875,0.203125,0.997136,1.00408,0.501669,0,0.994581,0.999371,0.00140957,0,-0.000242864,0.00674108,0.999372
2,6,0.078125,0.203125,0.996912,1.00454,0.502073,0,0.994034,0.999287,0.0018041,0,-0.000291161,0.00819707,0.999289
3,6,0.109375,0.203125,0.996954,1.00469,0.502541,0,0.99392,0.999246,0.00227915,0,-0.000327264,0.00932331,0.999248
4,6,0.140625,0.203125,0.99742,1.00431,0.50305,0,0.994512,0.999253,0.00281834,0,-0.000342813,0.00986297,0.999257
5,6,0.171875,0.203125,0.998419,1.00326,0.503542,0,0.996008,0.999318,0.00337794,0,-0.000331427,0.00958974,0.999324
6,6,0.203125,0.203125,0.999934,1.00154,0.503917,0,0.998396,0.999447,0.00387567,0,-0.000291135,0.00837773,0.999454
7,6,0.234375,0.203125,1.00177,0.999401,0.504027,0,1.00138,0.999646,0.00417758,0,-0.000225768,0.00627062,0.999655
8,6,0.265625,0.203125,1.0036,0.997256,0.503682,0,1.0044,0.99992,0.00409243,0,-0.000144351,0.00352478,0.999928
9,6,0.296875,0.203125,1.00501,0.995588,0.502754,0,1.00682,1.00026,0.0034701,0,-6.07142e-05,0.000685965,1.00027
10,6,0.328125,0.203125,1.00573,0.99474,0.501283,0,1.00818,1.00066,0.00231928,0,1.07957e-05,-0.00161635,1.00067
11,6,0.359375,0.203125,1.0057,0.994791,0.499542,0,1.00833,1.00109,0.000877057,0,5.81217e-05,-0.00286295,1.00109
12,6,0.390625,0.203125,1.00505,0.995558,0.497925,0,1.0075,1.0015,-0.000490576,0,7.64596e-05,-0.00293594,1.0015
13,6,0.421875,0.203125,1.00404,0.996708,0.496753,0,1.00609,1.00187,-0.00148097,0,7.02678e-05,-0.00215496,1.00187
14,6,0.453125,0.203125,1.00294,0.997919,0.49615,0,1.00452,1.00216,-0.00197723,0,5.04554e-05,-0.00105413,1.00216
15,6,0.484375,0.203125,1.00193,0.99898,0.49605,0,1.00307,1.00236,-0.00204564,0,2.83727e-05,-7.99016e-05,1.00236
16,6,0.515625,0.203125,1.00109,0.999807,0.496283,0,1.00187,1.00247,-0.00184665,0,1.1464e-05,0.000550801,1.00247
17,6,0.546875,0.203125,1.00043,1.0004,0.496682,0,1.00093,1.00249,-0.00153541,0,2.35168e-06,0.00082213,1.00249
18,6,0.578125,0.203125,0.999922,1.00081,0.497133,0,1.00021,1.00244,-0.00121037,0,2.67357e-07,0.000819362,1.00244
19,6,0.609375,0.203125,0.999548,1.00108,0.497582,0,0.999679,1.00233,-0.000914872,0,3.0032e-06,0.000645216,1.00233
20,6,0.640625,0.203125,0.999277,1.00124,0.498005,0,0.999282,1.00216,-0.000660714,0,8.22936e-06,0.000383472,1.00216
21,6,0.671875,0.203125,0.999088,1.00134,0.498398,0,0.998986,1.00196,-0.000447149,0,1.40082e-05,9.58724e-05,1.00196
22,6,0.703125,0.203125,0.998961,1.00139,0.498756,0,0.998763,1.00174,-0.000269644,0,1.88323e-05,-0.000170304,1.00174
23,6,0.734375,0.203125,0.998879,1.00141,0.499081,0,0.998588,1.00149,-0.00012258,0,2.15169e-05,-0.000376176,1.00149
24,6,0.765625,0.203125,0.998825,1.00143,0.499376,0,0.998438,1.00123,2.28711e-07,0,2.1082e-05,-0.000487915,1.00123
25,6,0.796875,0.203125,0.998782,1.00146,0.499645,0,0.99829,1.00097,0.00010557,0,1.66454e-05,-0.000474479,1.00097
26,6,0.828125,0.203125,0.998734,1.00151,0.499891,0,0.998121,1.00071,0.000200761,0,7.38423e-06,-0.000308012,1.00071
27,6,0.859375,0.203125,0.998663,1.00161,0.50012,0,0.997904,1.00047,0.000294001,0,-7.60084e-06,4.09316e-05,1.00047
28,6,0.890625,0.203125,0.998552,1.00179,0.500341,0,0.997613,1.00023,0.000394491,0,-2.92203e-05,0.000600367,1.00023
29,6,0.921875,0.203125,0.998382,1.00206,0.500561,0,0.997218,1.00001,0.00051254,0,-5.82991e-05,0.00139447,1.00001
30,6,0.953125,0.203125,0.998143,1.00243,0.50079,0,0.996698,0.999816,0.000659766,0,-9.53182e-05,0.00243711,0.999816
31,6,0.984375,0.203125,0.997834,1.00292,0.501041,0,0.99605,0.99964,0.000849137,0,-0.000139944,0.00371884,0.99964
0,7,0.015625,0.234375,0.997211,1.00381,0.501763,0,0.994792,0.999547,0.00140558,0,-0.000210753,0.00584059,0.999548
1,7,0.046875,0.234375,0.996833,1.00445,0.502136,0,0.993987,0.999454,0.00173412,0,-0.000264302,0.00742034,0.999456
2,7,0.078125,0.234375,0.996579,1.00497,0.502552,0,0.993374,0.999403,0.0021307,0,-0.00031138,0.0088311,0.999406
3,7,0.109375,0.234375,0.996605,1.00516,0.502999,0,0.993219,0.999402,0.00258786,0,-0.000343486,0.00982358,0.999405
4,7,0.140625,0.234375,0.997078,1.00481,0.503447,0,0.993815,0.999456,0.00308146,0,-0.00035233,0.0101452,0.99946
5,7,0.171875,0.234375,0.998119,1.00375,0.503837,0,0.995374,0.999571,0.00356337,0,-0.000332803,0.00961572,0.999577
6,7,0.203125,0.234375,0.999713,1.00198,0.504079,0,0.997891,0.99975,0.00395295,0,-0.000285817,0.00820813,0.999758
7,7,0.234375,0.234375,1.00166,0.999755,0.504045,0,1.00105,0.999993,0.00412507,0,-0.000218985,0.00608718,1
8,7,0.265625,0.234375,1.00359,0.997507,0.503566,0,1.00425,1.00029,0.00390306,0,-0.0001439,0.00357628,1.0003
9,7,0.296875,0.234375,1.00511,0.995739,0.502534,0,1.00683,1.00064,0.00315679,0,-7.28038e-05,0.00114121,1.00065
10,7,0.328125,0.234375,1.00591,0.994806,0.501004,0,1.0083,1.00102,0.00191485,0,-1.45317e-05,-0.000783603,1.00102
11,7,0.359375,0.234375,1.00593,0.994796,0.499255,0,1.00852,1.00141,0.000431808,0,2.48017e-05,-0.00184699,1.00141
12,7,0.390625,0.234375,1.0053,0.995529,0.49768,0,1.0077,1.00178,-0.000919042,0,4.32219e-05,-0.00197623,1.00178
13,7,0.421875,0.234375,1.00429,0.996675,0.496587,0,1.00627,1.00209,-0.00184263,0,4.39694e-05,-0.00141874,1.0021
14,7,0.453125,0.234375,1.00317,0.997906,0.49608,0,1.00465,1.00234,-0.00224158,0,3.45153e-05,-0.000601034,1.00234
15,7,0.484375,0.234375,1.00212,0.998999,0.496073,0,1.00314,1.0025,-0.00220404,0,2.29734e-05,0.000106026,1.0025
16,7,0.515625,0.234375,1.00123,0.999859,0.496383,0,1.00189,1.00258,-0.00190678,0,1.49693e-05,0.000513909,1.00258
17,7,0.546875,0.234375,1.00053,1.00048,0.496839,0,1.0009,1.00257,-0.00151299,0,1.26296e-05,0.00060695,1.00258
18,7,0.578125,0.234375,0.999992,1.00091,0.497328,0,1.00016,1.0025,-0.00112272,0,1.53509e-05,0.000464976,1.0025
19,7,0.609375,0.234375,0.999589,1.00118,0.497799,0,0.999605,1.00237,-0.000777574,0,2.12108e-05,0.000189506,1.00237
20,7,0.640625,0.234375,0.999293,1.00135,0.498235,0,0.999193,1.00219,-0.000486719,0,2.80814e-05,-0.000133791,1.00219
21,7,0.671875,0.234375,0.999083,1.00144,0.498631,0,0.998886,1.00198,-0.000246949,0,3.41526e-05,-0.000441904,1.00198
22,7,0.703125,0.234375,0.998936,1.00149,0.498991,0,0.998653,1.00174,-5.16309e-05,0,3.80261e-05,-0.000688673,1.00174
23,7,0.734375,0.234375,0.998836,1.00152,0.499315,0,0.998465,1.00148,0.000106731,0,3.86424e-05,-0.000838652,1.00148
24,7,0.765625,0.234375,0.998764,1.00154,0.49961,0,0.998298,1.00122,0.00023614,0,3.51722e-05,-0.000863057,1.00122
25,7,0.796875,0.234375,0.998703,1.00157,0.499881,0,0.998129,1.00096,0.000345236,0,2.6907e-05,-0.00073676,1.00096
26,7,0.828125,0.234375,0.998636,1.00163,0.500134,0,0.997932,1.0007,0.000443157,0,1.32116e-05,-0.000438521,1.0007
27,7,0.859375,0.234375,0.998545,1.00175,0.500378,0,0.997681,1.00046,0.000539979,0,-6.61433e-06,5.50767e-05,1.00046
28,7,0.890625,0.234375,0.99841,1.00195,0.50062,0,0.997346,1.00023,0.000646554,0,-3.32575e-05,0.000764747,1.00023
29,7,0.921875,0.234375,0.998214,1.00224,0.500871,0,0.9969,1.00002,0.000774416,0,-6.73037e-05,0.00170754,1.00002
30,7,0.953125,0.234375,0.997945,1.00265,0.501138,0,0.99632,0.999834,0.000935614,0,-0.00010895,0.00288873,0.999835
31,7,0.984375,0.234375,0.997602,1.00319,0.501433,0,0.995604,0.999675,0.00114226,0,-0.000157508,0.0042879,0.999676
0,8,0.015625,0.265625,0.996968,1.00416,0.50214,0,0.994316,0.999652,0.00170696,0,-0.000228072,0.0064292,0.999654
1,8,0.046875,0.265625,0.996568,1.00485,0.502533,0,0.993453,0.999592,0.0020438,0,-0.000280945,0.00799099,0.999594
2,8,0.078125,0.265625,0.9963,1.00541,0.502944,0,0.992802,0.999579,0.00243455,0,-0.000325012,0.00930723,0.999582
3,8,0.109375,0.265625,0.996327,1.00563,0.503354,0,0.992637,0.99962,0.00286363,0,-0.000351781,0.010127,0.999624
4,8,0.140625,0.265625,0.996823,1.00528,0.503724,0,0.993262,0.99972,0.00330069,0,-0.000353577,0.0102178,0.999725
5,8,0.171875,0.265625,0.99791,1.0042,0.504001,0,0.994896,0.999882,0.00369657,0,-0.000326966,0.00945852,0.999889
6,8,0.203125,0.265625,0.999571,1.00239,0.504112,0,0.997524,1.00011,0.00397755,0,-0.000275737,0.00792389,1.00011
7,8,0.234375,0.265625,1.00159,1.0001,0.503953,0,1.0008,1.00038,0.00403277,0,-0.000210727,0.00588668,1.00039
8,8,0.265625,0.265625,1.0036,0.997784,0.50338,0,1.00412,1.0007,0.00370215,0,-0.00014515,0.0037102,1.00071
9,8,0.296875,0.265625,1.00518,0.995951,0.502299,0,1.00679,1.00104,0.00286967,0,-8.85986e-05,0.00174056,1.00104
10,8,0.328125,0.265625,1.00605,0.994952,0.500762,0,1.00833,1.00139,0.00157171,0,-4.39396e-05,0.000198506,1.00139
11,8,0.359375,0.265625,1.00612,0.994876,0.499043,0,1.0086,1.00173,6.88621e-05,0,-1.14156e-05,-0.00073334,1.00173
12,8,0.390625,0.265625,1.00553,0.995552,0.497525,0,1.00782,1.00204,-0.00126259,0,9.28038e-06,-0.00100487,1.00204
13,8,0.421875,0.265625,1.00454,0.99666,0.496508,0,1.00641,1.00231,-0.00213138,0,1.94581e-05,-0.000761307,1.00231
14,8,0.453125,0.265625,1.00342,0.997877,0.496084,0,1.00478,1.00251,-0.00245179,0,2.25178e-05,-0.000296876,1.00251
15,8,0.484375,0.265625,1.00235,0.998977,0.496153,0,1.00325,1.00263,-0.00232697,0,2.29969e-05,0.000102108,1.00264
16,8,0.515625,0.265625,1.00143,0.999854,0.496526,0,1.00197,1.00268,-0.00194637,0,2.46644e-05,0.00027173,1.00268
17,8,0.546875,0.265625,1.00069,1.00049,0.497026,0,1.00096,1.00266,-0.0014807,0,2.92987e-05,0.00018717,1.00266
18,8,0.578125,0.265625,1.00012,1.00093,0.497544,0,1.00019,1.00256,-0.00103247,0,3.66589e-05,-8.57078e-05,1.00256
19,8,0.609375,0.265625,0.999678,1.00122,0.49803,0,0.999619,1.00241,-0.000642704,0,4.52658e-05,-0.000451463,1.00241
20,8,0.640625,0.265625,0.999351,1.00139,0.498472,0,0.999194,1.00222,-0.000318694,0,5.32849e-05,-0.000823953,1.00222
21,8,0.671875,0.265625,0.99911,1.00149,0.498869,0,0.998874,1.00199,-5.52137e-05,0,5.90709e-05,-0.00113842,1.00199
22,8,0.703125,0.265625,0.998937,1.00154,0.499224,0,0.998625,1.00174,0.000156264,0,6.13466e-05,-0.00134894,1.00174
23,8,0.734375,0.265625,0.998811,1.00158,0.499544,0,0.998419,1.00148,0.000325019,0,5.91873e-05,-0.00142306,1.00148
24,8,0.765625,0.265625,0.998716,1.00161,0.499835,0,0.99823,1.00121,0.000460813,0,5.19343e-05,-0.00133734,1.00121
25,8,0.796875,0.265625,0.998634,1.00165,0.500105,0,0.998032,1.00095,0.000574069,0,3.90914e-05,-0.00107375,1.00095
26,8,0.828125,0.265625,0.998546,1.00174,0.500362,0,0.997801,1.0007,0.000675648,0,2.02583e-05,-0.000618864,1.0007
27,8,0.859375,0.265625,0.998432,1.00188,0.500616,0,0.997507,1.00046,0.000777328,0,-4.97922e-06,4.14303e-05,1.00046
28,8,0.890625,0.265625,0.998274,1.00211,0.500875,0,0.997122,1.00025,0.000891345,0,-3.69957e-05,0.000918007,1.00025
29,8,0.921875,0.265625,0.998054,1.00244,0.501151,0,0.996618,1.00005,0.0010301,0,-7.60286e-05,0.00201721,1.00005
30,8,0.953125,0.265625,0.997757,1.0029,0.50145,0,0.995975,0.999888,0.00120561,0,-0.000121886,0.00333226,0.999889
31,8,0.984375,0.265625,0.997387,1.00348,0.501779,0,0.995193,0.999753,0.00142859,0,-0.000173455,0.00482929,0.999754
0,9,0.015625,0.296875,0.996752,1.00454,0.502459,0,0.993884,0.999806,0.00198881,0,-0.000241682,0.00692923,0.999808
1,9,0.046875,0.296875,0.996342,1.00527,0.502854,0,0.992986,0.999785,0.00232819,0,-0.000292021,0.00842356,0.999788
2,9,0.078125,0.296875,0.996078,1.00586,0.503245,0,0.992325,0.999814,0.00270543,0,-0.000331336,0.00959797,0.999818
3,9,0.109375,0.296875,0.996124,1.00608,0.5036,0,0.992181,0.999899,0.00309775,0,-0.000351644,0.0102142,0.999904
4,9,0.140625,0.296875,0.996656,1.00572,0.503879,0,0.992861,1.00004,0.00347041,0,-0.000346412,0.010075,1.00005
5,9,0.171875,0.296875,0.997792,1.00461,0.504038,0,0.994575,1.00025,0.00377664,0,-0.000314167,0.00912783,1.00026
6,9,0.203125,0.296875,0.999504,1.00276,0.504025,0,0.997287,1.00051,0.00395424,0,-0.000261347,0.00754409,1.00052
7,9,0.234375,0.296875,1.00157,1.00044,0.503767,0,1.00063,1.00081,0.00391078,0,-0.000201215,0.00568313,1.00082
8,9,0.265625,0.296875,1.00361,0.998104,0.503144,0,1.00399,1.00113,0.00350341,0,-0.000147582,0.00391842,1.00114
9,9,0.296875,0.296875,1.00521,0.996248,0.502066,0,1.00667,1.00145,0.00262314,0,-0.000106649,0.00244784,1.00146
10,9,0.328125,0.296875,1.00612,0.995204,0.500569,0,1.00823,1.00176,0.00130217,0,-7.53064e-05,0.00127389,1.00176
11,9,0.359375,0.296875,1.00624,0.995057,0.498909,0,1.00855,1.00205,-0.000203549,0,-4.82958e-05,0.000417763,1.00205
12,9,0.390625,0.296875,1.00571,0.995649,0.497458,0,1.00784,1.0023,-0.00151796,0,-2.3538e-05,-7.34176e-05,1.0023
13,9,0.421875,0.296875,1.00477,0.996681,0.496508,0,1.00649,1.00251,-0.00234861,0,-2.10163e-06,-0.000220463,1.00251
14,9,0.453125,0.296875,1.00368,0.997846,0.49615,0,1.00491,1.00267,-0.00261276,0,1.49956e-05,-0.000167238,1.00267
15,9,0.484375,0.296875,1.00261,0.998921,0.49628,0,1.0034,1.00276,-0.00242125,0,2.85192e-05,-0.00010816,1.00276
16,9,0.515625,0.296875,1.00168,0.999794,0.496702,0,1.00211,1.00278,-0.00197281,0,4.03488e-05,-0.000185207,1.00278
17,9,0.546875,0.296875,1.00091,1.00044,0.497239,0,1.00109,1.00273,-0.00144552,0,5.19951e-05,-0.000439938,1.00273
18,9,0.578125,0.296875,1.0003,1.00089,0.497779,0,1.00031,1.00262,-0.0009458,0,6.3706e-05,-0.000828096,1.00262
19,9,0.609375,0.296875,0.99982,1.00118,0.498278,0,0.999722,1.00245,-0.000515578,0,7.45642e-05,-0.00126538,1.00245
20,9,0.640625,0.296875,0.999453,1.00136,0.498723,0,0.999281,1.00224,-0.000161337,0,8.31115e-05,-0.00166731,1.00224
21,9,0.671875,0.296875,0.999174,1.00147,0.499117,0,0.998943,1.002,0.000123671,0,8.79174e-05,-0.00196771,1.002
22,9,0.703125,0.296875,0.998965,1.00153,0.499466,0,0.998674,1.00174,0.000349692,0,8.78563e-05,-0.00212063,1.00174
23,9,0.734375,0.296875,0.998806,1.00158,0.499779,0,0.998443,1.00147,0.000527771,0,8.21642e-05,-0.00209659,1.00147
24,9,0.765625,0.296875,0.998682,1.00163,0.500063,0,0.998224,1.0012,0.000669445,0,7.03859e-05,-0.00187799,1.0012
25,9,0.796875,0.296875,0.998572,1.0017,0.500328,0,0.99799,1.00095,0.000786905,0,5.22825e-05,-0.0014551,1.00095
26,9,0.828125,0.296875,0.99846,1.00182,0.500584,0,0.997716,1.0007,0.000892674,0,2.7742e-05,-0.000823692,1.0007
27,9,0.859375,0.296875,0.998323,1.00201,0.500843,0,0.997372,1.00048,0.00100002,0,-3.28687e-06,1.84276e-05,1.00048
28,9,0.890625,0.296875,0.998142,1.00228,0.501114,0,0.996931,1.00028,0.00112228,0,-4.0784e-05,0.00106992,1.00028
29,9,0.921875,0.296875,0.997898,1.00266,0.501406,0,0.996365,1.00011,0.00127233,0,-8.45465e-05,0.00232347,1.00012
30,9,0.953125,0.296875,0.997579,1.00318,0.501727,0,0.995657,0.999976,0.00146167,0,-0.000133913,0.00375766,0.999977
31,9,0.984375,0.296875,0.997187,1.00381,0.502079,0,0.994814,0.999872,0.0016991,0,-0.000187309,0.00532377,0.999873
0,10,0.015625,0.328125,0.996559,1.00494,0.502714,0,0.993498,1.00001,0.00224078,0,-0.000250937,0.00731478,1.00001
1,10,0.046875,0.328125,0.996156,1.0057,0.503097,0,0.992587,1.00003,0.0025767,0,-0.000296929,0.00869221,1.00003
2,10,0.078125,0.328125,0.995913,1.0063,0.503449,0,0.991944,1.00011,0.00293348,0,-0.000329947,0.00968308,1.00011
3,10,0.109375,0.328125,0.995996,1.00651,0.503735,0,0.991852,1.00024,0.00328234,0,-0.000342995,0.0100756,1.00024
4,10,0.140625,0.328125,0.996575,1.00612,0.503915,0,0.992608,1.00042,0.00358636,0,-0.000331114,0.00972069,1.00043
5,10,0.171875,0.328125,0.997757,1.00497,0.503956,0,0.994399,1.00067,0.0038042,0,-0.000294918,0.00863802,1.00067
6,10,0.203125,0.328125,0.999499,1.0031,0.503834,0,0.997163,1.00095,0.00388887,0,-0.000243061,0.00708352,1.00096
7,10,0.234375,0.328125,1.00157,1.00079,0.503508,0,1.00051,1.00127,0.00376903,0,-0.000190302,0.00547619,1.00127
8,10,0.265625,0.328125,1.00359,0.998483,0.502879,0,1.00382,1.00158,0.00331839,0,-0.00015009,0.00417152,1.00159
9,10,0.296875,0.328125,1.00518,0.996645,0.50185,0,1.00645,1.00188,0.00242774,0,-0.000124914,0.00320616,1.00188
10,10,0.328125,0.328125,1.0061,0.99558,0.500434,0,1.008,1.00214,0.00111403,0,-0.000106113,0.00237317,1.00214
11,10,0.359375,0.328125,1.00628,0.995357,0.498856,0,1.00836,1.00236,-0.000380991,0,-8.35058e-05,0.00154413,1.00236
12,10,0.390625,0.328125,1.00583,0.995836,0.497473,0,1.00774,1.00255,-0.00168386,0,-5.36061e-05,0.000775373,1.00256
13,10,0.421875,0.328125,1.00498,0.99675,0.49658,0,1.0065,1.00271,-0.00249567,0,-1.99686e-05,0.00018194,1.00271
14,10,0.453125,0.328125,1.00395,0.997821,0.49627,0,1.00502,1.00282,-0.00272771,0,1.19382e-05,-0.00021894,1.00282
15,10,0.484375,0.328125,1.00291,0.998837,0.496444,0,1.00357,1.00287,-0.00249121,0,3.90485e-05,-0.000523259,1.00287
16,10,0.515625,0.328125,1.00198,0.999681,0.496905,0,1.00231,1.00286,-0.00199084,0,6.12925e-05,-0.000850882,1.00286
17,10,0.546875,0.328125,1.00119,1.00032,0.497472,0,1.00129,1.00279,-0.0014121,0,7.98904e-05,-0.00126439,1.00279
18,10,0.578125,0.328125,1.00054,1.00077,0.498033,0,1.00051,1.00265,-0.000867039,0,9.56077e-05,-0.00174701,1.00265
19,10,0.609375,0.328125,1.00002,1.00106,0.498543,0,0.999907,1.00247,-0.000400244,0,0.000108154,-0.00223057,1.00247
20,10,0.640625,0.328125,0.999605,1.00126,0.498991,0,0.999448,1.00224,-1.85466e-05,0,0.000116524,-0.0026354,1.00224
21,10,0.671875,0.328125,0.999279,1.00138,0.499381,0,0.999088,1.00199,0.000285763,0,0.000119569,-0.00289537,1.00199
22,10,0.703125,0.328125,0.999023,1.00146,0.499723,0,0.998791,1.00172,0.000524498,0,0.000116371,-0.00296524,1.00172
23,10,0.734375,0.328125,0.998822,1.00153,0.500026,0,0.998528,1.00145,0.000710498,0,0.000106377,-0.00281909,1.00145
24,10,0.765625,0.328125,0.998659,1.00161,0.5003,0,0.998271,1.00119,0.000857147,0,8.9384e-05,-0.00244602,1.00119
25,10,0.796875,0.328125,0.998517,1.00172,0.500557,0,0.997993,1.00094,0.000978407,0,6.5462e-05,-0.00184579,1.00094
26,10,0.828125,0.328125,0.998375,1.00188,0.500808,0,0.997667,1.00071,0.0010884,0,3.48429e-05,-0.00102478,1.00071
27,10,0.859375,0.328125,0.998213,1.00212,0.501065,0,0.997267,1.00051,0.00120167,0,-2.10006e-06,5.41456e-06,1.00051
28,10,0.890625,0.328125,0.998009,1.00245,0.50134,0,0.996764,1.00034,0.00133231,0,-4.48871e-05,0.00122935,1.00034
29,10,0.921875,0.328125,0.997744,1.00289,0.50164,0,0.996133,1.0002,0.00149326,0,-9.28121e-05,0.00262411,1.0002
30,10,0.953125,0.328125,0.997406,1.00347,0.501972,0,0.995363,1.0001,0.00169505,0,-0.000144701,0.00415227,1.0001
31,10,0.984375,0.328125,0.997001,1.00416,0.502333,0,0.994465,1.00003,0.00194414,0,-0.000198525,0.00575029,1.00003
0,11,0.015625,0.359375,0.996389,1.00535,0.502902,0,0.993157,1.00025,0.00245272,0,-0.000255357,0.00756636,1.00026
1,11,0.046875,0.359375,0.996007,1.00613,0.503255,0,0.992256,1.00033,0.00277937,0,-0.000295361,0.00878105,1.00033
2,11,0.078125,0.359375,0.995801,1.00672,0.503555,0,0.991658,1.00045,0.00310985,0,-0.000320856,0.00955533,1.00045
3,11,0.109375,0.359375,0.995934,1.00691,0.503762,0,0.991642,1.00062,0.00341102,0,-0.000326221,0.00971571,1.00063
4,11,0.140625,0.359375,0.996569,1.00648,0.50384,0,0.992487,1.00085,0.00364591,0,-0.000308369,0.00917033,1.00086
5,11,0.171875,0.359375,0.997791,1.00529,0.503773,0,0.994348,1.00112,0.00378123,0,-0.000269939,0.0080087,1.00113
6,11,0.203125,0.359375,0.99954,1.00343,0.503562,0,0.997125,1.00143,0.00378764,0,-0.000221213,0.00655276,1.00144
7,11,0.234375,0.359375,1.00157,1.00116,0.503199,0,1.00041,1.00175,0.00361617,0,-0.000177503,0.00525265,1.00175
8,11,0.265625,0.359375,1.00353,0.99893,0.502603,0,1.0036,1.00205,0.00315549,0,-0.000151124,0.0044233,1.00205
9,11,0.296875,0.359375,1.00507,0.997153,0.501666,0,1.00611,1.00231,0.00228953,0,-0.000140985,0.0039444,1.00231
10,11,0.328125,0.359375,1.00598,0.996087,0.500362,0,1.0076,1.00252,0.00101057,0,-0.000133654,0.0034197,1.00252
11,11,0.359375,0.359375,1.00621,0.995784,0.498882,0,1.00801,1.00268,-0.000462175,0,-0.00011473,0.00258462,1.00268
12,11,0.390625,0.359375,1.00587,0.996123,0.497566,0,1.00751,1.0028,-0.00175998,0,-7.94816e-05,0.00150696,1.00281
13,11,0.421875,0.359375,1.00514,0.996878,0.496714,0,1.00644,1.00289,-0.00257261,0,-3.36994e-05,0.000436651,1.0029
14,11,0.453125,0.359375,1.0042,0.997811,0.496436,0,1.0051,1.00295,-0.00279703,0,1.29759e-05,-0.000444888,1.00295
15,11,0.484375,0.359375,1.00323,0.998729,0.496638,0,1.00375,1.00296,-0.00253775,0,5.37145e-05,-0.00112888,1.00296
16,11,0.515625,0.359375,1.00232,0.999516,0.497128,0,1.00255,1.00292,-0.00200195,0,8.63951e-05,-0.00170874,1.00292
17,11,0.546875,0.359375,1.00152,1.00013,0.497722,0,1.00157,1.00282,-0.00138257,0,0.000111806,-0.00226793,1.00282
18,11,0.578125,0.359375,1.00084,1.00057,0.498303,0,1.00078,1.00266,-0.000798858,0,0.000131154,-0.00282058,1.00266
19,11,0.609375,0.359375,1.00028,1.00087,0.498825,0,1.00017,1.00246,-0.000299845,0,0.000144782,-0.00331951,1.00246
20,11,0.640625,0.359375,0.999811,1.00107,0.499276,0,0.99969,1.00222,0.00010609,0,0.000152205,-0.00369412,1.00222
21,11,0.671875,0.359375,0.999427,1.00121,0.499663,0,0.999301,1.00196,0.000427043,0,0.000152643,-0.00388139,1.00196
22,11,0.703125,0.359375,0.999115,1.00132,0.499996,0,0.99897,1.00168,0.000676233,0,0.000145475,-0.0038388,1.00168
23,11,0.734375,0.359375,0.99886,1.00142,0.500286,0,0.998667,1.00142,0.000868333,0,0.000130437,-0.00354542,1.00142
24,11,0.765625,0.359375,0.99865,1.00154,0.500547,0,0.998363,1.00116,0.00101864,0,0.00010764,-0.00299826,1.00116
25,11,0.796875,0.359375,0.998466,1.00169,0.500791,0,0.998033,1.00093,0.00114286,0,7.75193e-05,-0.00220772,1.00093
26,11,0.828125,0.359375,0.998289,1.00191,0.501032,0,0.997649,1.00072,0.00125665,0,4.07022e-05,-0.00119197,1.00072
27,11,0.859375,0.359375,0.998098,1.00221,0.501282,0,0.997185,1.00055,0.00137553,0,-1.9738e-06,2.2614e-05,1.00055
28,11,0.890625,0.359375,0.99787,1.00261,0.501552,0,0.996616,1.00041,0.00151403,0,-4.9531e-05,0.0014054,1.00041
29,11,0.921875,0.359375,0.997586,1.00313,0.50185,0,0.99592,1.00031,0.00168473,0,-0.000100737,0.00291719,1.00031
30,11,0.953125,0.359375,0.997235,1.00377,0.502179,0,0.99509,1.00025,0.00189679,0,-0.000153909,0.00450466,1.00025
31,11,0.984375,0.359375,0.996824,1.00452,0.502535,0,0.994146,1.00023,0.00215403,0,-0.000206617,0.00609111,1.00023
0,12,0.015625,0.390625,0.996237,1.00575,0.503016,0,0.99286,1.00054,0.00261533,0,-0.000254806,0.00767735,1.00055
1,12,0.046875,0.390625,0.995888,1.00655,0.503324,0,0.991988,1.00067,0.00292744,0,-0.000287458,0.00869047,1.00067
2,12,0.078125,0.390625,0.995733,1.00713,0.503562,0,0.991456,1.00084,0.00322731,0,-0.000304587,0.00922595,1.00084
3,12,0.109375,0.390625,0.995929,1.00727,0.503685,0,0.991535,1.00106,0.00347912,0,-0.000302218,0.00915728,1.00106
4,12,0.140625,0.390625,0.99662,1.00679,0.503666,0,0.992474,1.00132,0.00364796,0,-0.000279254,0.00845345,1.00132
5,12,0.171875,0.390625,0.997874,1.00558,0.503503,0,0.994388,1.00162,0.00371048,0,-0.000240127,0.0072658,1.00162
6,12,0.203125,0.390625,0.999605,1.00374,0.503229,0,0.997138,1.00193,0.00365626,0,-0.000196071,0.00596009,1.00194
7,12,0.234375,0.390625,1.00157,1.00156,0.502861,0,1.0003,1.00225,0.00345867,0,-0.000162107,0.00499093,1.00225
8,12,0.265625,0.390625,1.00342,0.99945,0.502334,0,1.0033,1.00253,0.0030194,0,-0.000148916,0.00461854,1.00253
9,12,0.296875,0.390625,1.00487,0.99777,0.501521,0,1.00564,1.00275,0.00221017,0,-0.00015235,0.00458568,1.00275
10,12,0.328125,0.390625,1.00576,0.996723,0.500355,0,1.00705,1.0029,0.000991137,0,-0.000155243,0.00433534,1.0029
11,12,0.359375,0.390625,1.00605,0.996337,0.498982,0,1.0075,1.003,-0.000448055,0,-0.00013973,0.00348027,1.003
12,12,0.390625,0.390625,1.00583,0.99651,0.49773,0,1.00716,1.00305,-0.00174588,0,-9.98047e-05,0.0020915,1.00305
13,12,0.421875,0.390625,1.00524,0.997068,0.496907,0,1.00628,1.00307,-0.00257724,0,-4.29248e-05,0.00054056,1.00308
14,12,0.453125,0.390625,1.00444,0.99782,0.496642,0,1.00514,1.00307,-0.00281751,0,1.76585e-05,-0.000831613,1.00307
15,12,0.484375,0.390625,1.00356,0.998602,0.496859,0,1.00394,1.00303,-0.00255778,0,7.15385e-05,-0.00190502,1.00303
16,12,0.515625,0.390625,1.00269,0.999301,0.497369,0,1.00284,1.00294,-0.00200416,0,0.000114408,-0.00273771,1.00295
17,12,0.546875,0.390625,1.0019,0.999863,0.497985,0,1.00189,1.00281,-0.00135648,0,0.00014638,-0.00342897,1.00281
18,12,0.578125,0.390625,1.00121,1.00028,0.498586,0,1.00112,1.00263,-0.000742396,0,0.000168923,-0.00402448,1.00263
19,12,0.609375,0.390625,1.0006,1.00058,0.499119,0,1.0005,1.0024,-0.000216898,0,0.00018297,-0.00450253,1.0024
20,12,0.640625,0.390625,1.00007,1.0008,0.499574,0,0.999999,1.00215,0.000208962,0,0.000188612,-0.00480725,1.00215
21,12,0.671875,0.390625,0.999625,1.00096,0.499957,0,0.999577,1.00188,0.000543077,0,0.000185552,-0.00488359,1.00188
22,12,0.703125,0.390625,0.999246,1.0011,0.50028,0,0.999204,1.00161,0.000799864,0,0.000173578,-0.00469524,1.00161
23,12,0.734375,0.390625,0.998926,1.00124,0.500555,0,0.998852,1.00135,0.000995802,0,0.000152813,-0.00422862,1.00135
24,12,0.765625,0.390625,0.998655,1.00141,0.500799,0,0.998494,1.00111,0.00114809,0,0.000123762,-0.00349017,1.00111
25,12,0.796875,0.390625,0.99842,1.00163,0.501026,0,0.998104,1.0009,0.00127414,0,8.72754e-05,-0.00250183,1.00091
26,12,0.828125,0.390625,0.9982,1.00191,0.50125,0,0.997655,1.00073,0.00139092,0,4.442e-05,-0.00129435,1.00073
27,12,0.859375,0.390625,0.997976,1.00228,0.501485,0,0.997124,1.00059,0.00151466,0,-3.4918e-06,9.11909e-05,1.00059
28,12,0.890625,0.390625,0.997723,1.00276,0.501741,0,0.996485,1.0005,0.00165997,0,-5.49798e-05,0.00160894,1.0005
29,12,0.921875,0.390625,0.997422,1.00335,0.502027,0,0.995723,1.00044,0.00183864,0,-0.000108306,0.00320418,1.00045
30,12,0.953125,0.390625,0.997063,1.00407,0.502341,0,0.994838,1.00043,0.00205814,0,-0.000161333,0.00480935,1.00044
31,12,0.984375,0.390625,0.996655,1.00489,0.502678,0,0.993858,1.00047,0.00231955,0,-0.000211333,0.0063377,1.00047
0,13,0.015625,0.421875,0.996094,1.00614,0.503046,0,0.992603,1.00088,0.0027204,0,-0.000249685,0.00766031,1.00088
1,13,0.046875,0.421875,0.99579,1.00694,0.5033,0,0.991773,1.00105,0.00301359,0,-0.000273975,0.00844309,1.00106
2,13,0.078125,0.421875,0.995696,1.00749,0.503468,0,0.991322,1.00127,0.0032802,0,-0.00028229,0.00872934,1.00128
3,13,0.109375,0.421875,0.995959,1.00759,0.50351,0,0.991502,1.00153,0.00348354,0,-0.000272436,0.00844406,1.00154
4,13,0.140625,0.421875,0.996707,1.00706,0.503403,0,0.992532,1.00183,0.00359248,0,-0.000245246,0.00761538,1.00183
5,13,0.171875,0.421875,0.997979,1.00584,0.503165,0,0.994479,1.00214,0.00359481,0,-0.000206568,0.00644377,1.00215
6,13,0.203125,0.421875,0.999668,1.00405,0.502853,0,0.99716,1.00247,0.00349917,0,-0.000167918,0.0053156,1.00247
7,13,0.234375,0.421875,1.00152,1.00199,0.502511,0,1.00015,1.00277,0.00330039,0,-0.000143367,0.00466838,1.00278
8,13,0.265625,0.421875,1.00324,1.00004,0.502083,0,1.00291,1.00303,0.00291118,0,-0.000141742,0.00470246,1.00303
9,13,0.296875,0.421875,1.00458,0.998488,0.50142,0,1.00504,1.00321,0.00218748,0,-0.000156654,0.00505597,1.00321
10,13,0.328125,0.421875,1.00542,0.997475,0.50041,0,1.00634,1.0033,0.00105213,0,-0.000168375,0.00504535,1.0033
11,13,0.359375,0.421875,1.00577,0.997003,0.499154,0,1.00683,1.00333,-0.000340801,0,-0.000156353,0.00417363,1.00333
12,13,0.390625,0.421875,1.00569,0.996991,0.497963,0,1.00667,1.0033,-0.00164024,0,-0.000113141,0.00249831,1.0033
13,13,0.421875,0.421875,1.00527,0.997318,0.497157,0,1.00604,1.00324,-0.00250455,0,-4.70745e-05,0.00048831,1.00324
14,13,0.453125,0.421875,1.00463,0.99785,0.496891,0,1.00513,1.00316,-0.00278199,0,2.57764e-05,-0.001368,1.00317
15,13,0.484375,0.421875,1.00388,0.998457,0.497108,0,1.00412,1.00306,-0.00254409,0,9.17396e-05,-0.00283353,1.00306
16,13,0.515625,0.421875,1.00309,0.999036,0.497627,0,1.00314,1.00293,-0.00199189,0,0.000144191,-0.00391813,1.00293
17,13,0.546875,0.421875,1.00233,0.999529,0.498259,0,1.00226,1.00275,-0.0013308,0,0.000182261,-0.00472716,1.00275
18,13,0.578125,0.421875,1.00162,0.999917,0.498875,0,1.00152,1.00254,-0.000697294,0,0.000207429,-0.00533565,1.00254
19,13,0.609375,0.421875,1.00098,1.00021,0.499419,0,1.00089,1.0023,-0.000153352,0,0.000221133,-0.00575148,1.0023
20,13,0.640625,0.421875,1.00039,1.00044,0.499876,0,1.00036,1.00203,0.000286372,0,0.000224091,-0.00594037,1.00203
21,13,0.671875,0.421875,0.999875,1.00063,0.500253,0,0.999905,1.00176,0.000628976,0,0.000216606,-0.00586183,1.00176
22,13,0.703125,0.421875,0.999418,1.00081,0.500563,0,0.999485,1.0015,0.000889764,0,0.000199012,-0.00549081,1.0015
23,13,0.734375,0.421875,0.999022,1.001,0.500821,0,0.999078,1.00126,0.00108686,0,0.000171928,-0.00482426,1.00126
24,13,0.765625,0.421875,0.998679,1.00123,0.501044,0,0.998658,1.00105,0.00123924,0,0.000136333,-0.00387971,1.00105
25,13,0.796875,0.421875,0.99838,1.00151,0.501248,0,0.998202,1.00087,0.00136578,0,9.35387e-05,-0.00269118,1.00087
26,13,0.828125,0.421875,0.998108,1.00187,0.50145,0,0.997683,1.00074,0.00148455,0,4.50721e-05,-0.00130215,1.00074
27,13,0.859375,0.421875,0.997844,1.00233,0.501662,0,0.997079,1.00065,0.00161211,0,-7.29778e-06,0.00023292,1.00065
28,13,0.890625,0.421875,0.997563,1.00289,0.501896,0,0.996369,1.0006,0.00176275,0,-6.16202e-05,0.00185406,1.00061
29,13,0.921875,0.421875,0.997246,1.00356,0.502158,0,0.995543,1.0006,0.00194716,0,-0.000115715,0.00349318,1.00061
30,13,0.953125,0.421875,0.996884,1.00436,0.502446,0,0.994606,1.00065,0.00217089,0,-0.000167089,0.00507154,1.00065
31,13,0.984375,0.421875,0.996486,1.00524,0.50275,0,0.993598,1.00074,0.00243228,0,-0.000212852,0.00649658,1.00074
0,14,0.015625,0.453125,0.995949,1.00649,0.502985,0,0.992377,1.00125,0.00276079,0,-0.000241082,0.00755018,1.00126
1,14,0.046875,0.453125,0.995696,1.0073,0.503178,0,0.991596,1.00149,0.00303171,0,-0.000256394,0.0080863,1.00149
2,14,0.078125,0.453125,0.995668,1.00782,0.503276,0,0.991229,1.00176,0.00326412,0,-0.000255815,0.00812452,1.00176
3,14,0.109375,0.453125,0.996,1.00787,0.503241,0,0.991509,1.00206,0.0034221,0,-0.000238915,0.00764152,1.00206
4,14,0.140625,0.453125,0.996798,1.00729,0.503062,0,0.992617,1.00238,0.00347969,0,-0.000208238,0.00671781,1.00239
5,14,0.171875,0.453125,0.998073,1.00608,0.502773,0,0.994569,1.00271,0.00343632,0,-0.000170601,0.00558755,1.00272
6,14,0.203125,0.453125,0.999698,1.00436,0.50245,0,0.997145,1.00304,0.00331894,0,-0.00013721,0.00463624,1.00304
7,14,0.234375,0.453125,1.00142,1.00245,0.502161,0,0.999914,1.00333,0.00314243,0,-0.000120736,0.00426929,1.00334
8,14,0.265625,0.453125,1.00298,1.00069,0.501856,0,1.0024,1.00356,0.00282884,0,-0.000128213,0.00463051,1.00356
9,14,0.296875,0.453125,1.00419,0.999283,0.501363,0,1.00429,1.00369,0.00221666,0,-0.000151953,0.0052927,1.0037
10,14,0.328125,0.453125,1.00498,0.998317,0.500523,0,1.00547,1.00373,0.00118828,0,-0.000170885,0.00548317,1.00373
11,14,0.359375,0.453125,1.00538,0.997759,0.499394,0,1.00602,1.00367,-0.000142803,0,-0.000162551,0.00460879,1.00367
12,14,0.390625,0.453125,1.00544,0.997547,0.498264,0,1.00605,1.00356,-0.00144031,0,-0.000117872,0.00269185,1.00356
13,14,0.421875,0.453125,1.00521,0.997618,0.497467,0,1.00568,1.00341,-0.00234669,0,-4.5171e-05,0.000266271,1.00341
14,14,0.453125,0.453125,1.00476,0.997896,0.497185,0,1.00505,1.00324,-0.00267955,0,3.7608e-05,-0.00205106,1.00325
15,14,0.484375,0.453125,1.00416,0.998293,0.497388,0,1.00426,1.00306,-0.00248552,0,0.000113977,-0.00390243,1.00307
16,14,0.515625,0.453125,1.00348,0.998723,0.497904,0,1.00344,1.00286,-0.00195613,0,0.000174923,-0.00523429,1.00286
17,14,0.546875,0.453125,1.00277,0.999124,0.498541,0,1.00265,1.00264,-0.00129992,0,0.000218281,-0.00614487,1.00264
18,14,0.578125,0.453125,1.00208,0.999467,0.499166,0,1.00195,1.00239,-0.00066156,0,0.000245274,-0.00673377,1.00239
19,14,0.609375,0.453125,1.0014,0.999753,0.499715,0,1.00133,1.00213,-0.00011035,0,0.000257723,-0.00704189,1.00213
20,14,0.640625,0.453125,1.00077,0.999997,0.50017,0,1.00077,1.00186,0.000334831,0,0.000257013,-0.00706411,1.00186
21,14,0.671875,0.453125,1.00018,1.00022,0.500537,0,1.00027,1.0016,0.000679713,0,0.000244167,-0.00678249,1.0016
22,14,0.703125,0.453125,0.999635,1.00045,0.50083,0,0.999803,1.00136,0.000940042,0,0.000220193,-0.00618941,1.00136
23,14,0.734375,0.453125,0.999149,1.0007,0.501066,0,0.999335,1.00114,0.00113522,0,0.000186318,-0.00529611,1.00114
24,14,0.765625,0.453125,0.99872,1.00099,0.501264,0,0.998849,1.00097,0.00128563,0,0.000144063,-0.00413291,1.00097
25,14,0.796875,0.453125,0.998345,1.00135,0.501441,0,0.998321,1.00083,0.0014113,0,9.52212e-05,-0.00274581,1.00084
26,14,0.828125,0.453125,0.99801,1.0018,0.501613,0,0.997728,1.00075,0.00153093,0,4.17834e-05,-0.0011904,1.00075
27,14,0.859375,0.453125,0.997697,1.00233,0.501796,0,0.997049,1.00072,0.00166108,0,-1.40747e-05,0.000467961,1.00072
28,14,0.890625,0.453125,0.997385,1.00298,0.502,0,0.996268,1.00073,0.0018153,0,-6.99973e-05,0.00215743,1.00073
29,14,0.921875,0.453125,0.997051,1.00375,0.502229,0,0.995377,1.00079,0.0020029,0,-0.00012346,0.0037999,1.0008
30,14,0.953125,0.453125,0.996689,1.00462,0.50248,0,0.994393,1.0009,0.00222739,0,-0.00017174,0.00530944,1.00091
31,14,0.984375,0.453125,0.996307,1.00555,0.50274,0,0.993361,1.00106,0.0024846,0,-0.000211938,0.00659247,1.00106
0,15,0.015625,0.484375,0.995782,1.00678,0.502826,0,0.992168,1.00168,0.00273006,0,-0.000230713,0.00739858,1.00169
1,15,0.046875,0.484375,0.995585,1.00759,0.502955,0,0.991435,1.00198,0.00297639,0,-0.000236854,0.00768587,1.00198
2,15,0.078125,0.484375,0.995623,1.00808,0.502986,0,0.991145,1.0023,0.00317516,0,-0.000227615,0.00748825,1.00231
3,15,0.109375,0.484375,0.996019,1.00808,0.502886,0,0.991512,1.00264,0.00329273,0,-0.000204183,0.00682995,1.00265
4,15,0.140625,0.484375,0.996857,1.00748,0.502653,0,0.992676,1.003,0.00330926,0,-0.000170486,0.00583352,1.003
5,15,0.171875,0.484375,0.998121,1.00628,0.502336,0,0.994605,1.00335,0.00323573,0,-0.00013385,0.00475064,1.00335
6,15,0.203125,0.484375,0.999663,1.00466,0.50203,0,0.997043,1.00367,0.00311611,0,-0.000104721,0.00394862,1.00368
7,15,0.234375,0.484375,1.00124,1.00293,0.501818,0,0.999567,1.00395,0.0029836,0,-9.41095e-05,0.00379138,1.00395
8,15,0.265625,0.484375,1.00262,1.00136,0.501655,0,1.00176,1.00415,0.00276847,0,-0.00010756,0.00437756,1.00415
9,15,0.296875,0.484375,1.00368,1.00012,0.501347,0,1.0034,1.00424,0.00229171,0,-0.000137002,0.00525416,1.00424
10,15,0.328125,0.484375,1.00441,0.999206,0.500691,0,1.00446,1.00421,0.00139398,0,-0.000161189,0.00559868,1.00421
11,15,0.359375,0.484375,1.00486,0.998563,0.499697,0,1.00506,1.00407,0.000144085,0,-0.000156572,0.00473752,1.00407
12,15,0.390625,0.484375,1.00507,0.998147,0.498632,0,1.00529,1.00385,-0.00114191,0,-0.000112321,0.0026361,1.00385
13,15,0.421875,0.484375,1.00505,0.997944,0.49784,0,1.00522,1.00359,-0.00209349,0,-3.58884e-05,-0.00014376,1.0036
14,15,0.453125,0.484375,1.00481,0.997944,0.497533,0,1.00488,1.00332,-0.00249636,0,5.39077e-05,-0.00288181,1.00332
15,15,0.484375,0.484375,1.00439,0.998104,0.497706,0,1.00435,1.00304,-0.0023678,0,0.000138361,-0.00510055,1.00305
16,15,0.515625,0.484375,1.00384,0.998358,0.498202,0,1.00371,1.00276,-0.00188491,0,0.000206126,-0.0066684,1.00276
17,15,0.546875,0.484375,1.00322,0.998647,0.49883,0,1.00304,1.00248,-0.00125576,0,0.000253506,-0.00766133,1.00248
18,15,0.578125,0.484375,1.00255,0.998934,0.499451,0,1.00239,1.00219,-0.000631353,0,0.000281211,-0.00819673,1.00219
19,15,0.609375,0.484375,1.00187,0.999205,0.499995,0,1.00178,1.00191,-8.77763e-05,0,0.000291328,-0.00835067,1.00191
20,15,0.640625,0.484375,1.00119,0.999465,0.50044,0,1.00121,1.00164,0.00035166,0,0.000285922,-0.00815458,1.00164
21,15,0.671875,0.484375,1.00052,0.999728,0.500791,0,1.00067,1.00139,0.000690793,0,0.000266827,-0.00762144,1.00139
22,15,0.703125,0.484375,0.999888,1.00001,0.501062,0,1.00014,1.00117,0.000945198,0,0.000235835,-0.00676765,1.00117
23,15,0.734375,0.484375,0.999303,1.00033,0.501272,0,0.999614,1.001,0.00113494,0,0.000194862,-0.00562275,1.001
24,15,0.765625,0.484375,0.998775,1.0007,0.501439,0,0.999058,1.00087,0.00128122,0,0.000146009,-0.00423116,1.00087
25,15,0.796875,0.484375,0.99831,1.00114,0.501584,0,0.998456,1.00079,0.00140462,0,9.15529e-05,-0.00265017,1.00079
26,15,0.828125,0.484375,0.997899,1.00167,0.501723,0,0.997787,1.00077,0.00152393,0,3.39107e-05,-0.000946039,1.00077
27,15,0.859375,0.484375,0.997529,1.0023,0.50187,0,0.997032,1.0008,0.00165524,0,-2.43938e-05,0.000808275,1.0008
28,15,0.890625,0.484375,0.997178,1.00304,0.502036,0,0.996178,1.00088,0.00181101,0,-8.07012e-05,0.00253253,1.00089
29,15,0.921875,0.484375,0.996827,1.00389,0.502224,0,0.995225,1.00102,0.00199896,0,-0.000132255,0.00414238,1.00102
30,15,0.953125,0.484375,0.996465,1.00483,0.502429,0,0.994194,1.0012,0.0022206,0,-0.000176239,0.00554922,1.0012
31,15,0.984375,0.484375,0.996103,1.00582,0.502638,0,0.993141,1.00142,0.00246956,0,-0.000209889,0.00666307,1.00142
0,16,0.015625,0.515625,0.995575,1.00698,0.502564,0,0.991964,1.00217,0.00262226,0,-0.000220498,0.0072539,1.00217
1,16,0.046875,0.515625,0.995431,1.00778,0.502631,0,0.991268,1.00253,0.00284254,0,-0.000217714,0.00730492,1.00254
2,16,0.078125,0.515625,0.995531,1.00825,0.502602,0,0.99104,1.00291,0.00300947,0,-0.000200337,0.00689386,1.00292
3,16,0.109375,0.515625,0.995983,1.00821,0.50245,0,0.991471,1.0033,0.00309292,0,-0.000170913,0.00608505,1.00331
4,16,0.140625,0.515625,0.996849,1.00759,0.502184,0,0.992663,1.00369,0.00307983,0,-0.000134377,0.00503068,1.00369
5,16,0.171875,0.515625,0.998086,1.00643,0.501864,0,0.994538,1.00406,0.00299222,0,-9.81493e-05,0.00398506,1.00406
6,16,0.203125,0.515625,0.999533,1.00492,0.501599,0,0.996813,1.00439,0.0028895,0,-7.16262e-05,0.00328549,1.00439
7,16,0.234375,0.515625,1.00096,1.00337,0.501484,0,0.999078,1.00465,0.00282132,0,-6.406e-05,0.00324835,1.00465
8,16,0.265625,0.515625,1.00216,1.00201,0.501477,0,1.00098,1.00482,0.00272557,0,-7.99625e-05,0.0039454,1.00482
9,16,0.296875,0.515625,1.00307,1.00093,0.501367,0,1.00237,1.00486,0.00240682,0,-0.00011165,0.00493118,1.00486
10,16,0.328125,0.515625,1.00374,1.00007,0.500907,0,1.00332,1.00475,0.00166427,0,-0.00013875,0.00537302,1.00475
11,16,0.359375,0.515625,1.00423,0.999353,0.50006,0,1.00397,1.00452,0.00051869,0,-0.000137462,0.00453637,1.00452
12,16,0.390625,0.515625,1.00458,0.998736,0.499069,0,1.00441,1.00419,-0.000740229,0,-9.5278e-05,0.00231293,1.00419
13,16,0.421875,0.515625,1.00476,0.998258,0.498282,0,1.00463,1.00381,-0.00173405,0,-1.80687e-05,-0.000745173,1.00381
14,16,0.453125,0.515625,1.00475,0.997969,0.49794,0,1.0046,1.00341,-0.00221747,0,7.54509e-05,-0.00384532,1.00341
15,16,0.484375,0.515625,1.00453,0.997875,0.498068,0,1.00435,1.00302,-0.00217511,0,0.00016508,-0.00639773,1.00302
16,16,0.515625,0.515625,1.00414,0.997936,0.498525,0,1.00392,1.00264,-0.00176441,0,0.000237383,-0.00818148,1.00264
17,16,0.546875,0.515625,1.00363,0.9981,0.499124,0,1.00339,1.00228,-0.00118828,0,0.000287038,-0.00923564,1.00228
18,16,0.578125,0.515625,1.00301,0.998321,0.499723,0,1.00281,1.00195,-0.000600925,0,0.000314056,-0.00968686,1.00195
19,16,0.609375,0.515625,1.00234,0.998575,0.500247,0,1.00223,1.00165,-8.37559e-05,0,0.000320674,-0.00964647,1.00165
20,16,0.640625,0.515625,1.00162,0.998854,0.500671,0,1.00165,1.00137,0.000335761,0,0.000309617,-0.00918816,1.00137
21,16,0.671875,0.515625,1.00089,0.999161,0.500997,0,1.00107,1.00114,0.000659149,0,0.000283571,-0.00836306,1.00114
22,16,0.703125,0.515625,1.00016,0.999505,0.501239,0,1.0005,1.00096,0.000901049,0,0.000245166,-0.00721765,1.00096
23,16,0.734375,0.515625,0.99947,0.999896,0.501417,0,0.999903,1.00084,0.0010813,0,0.00019704,-0.00580323,1.00084
24,16,0.765625,0.515625,0.998832,1.00035,0.501551,0,0.999278,1.00076,0.00122107,0,0.000141876,-0.00417927,1.00077
25,16,0.796875,0.515625,0.998262,1.00088,0.50166,0,0.998602,1.00075,0.00134069,0,8.24002e-05,-0.00241319,1.00075
26,16,0.828125,0.515625,0.997764,1.00149,0.501761,0,0.997857,1.0008,0.00145834,0,2.13834e-05,-0.000578885,1.0008
27,16,0.859375,0.515625,0.997327,1.00221,0.501868,0,0.997026,1.00091,0.00158911,0,-3.83685e-05,0.00124529,1.00091
28,16,0.890625,0.515625,0.996932,1.00303,0.501991,0,0.9961,1.00107,0.00174404,0,-9.40069e-05,0.0029758,1.00107
29,16,0.921875,0.515625,0.99656,1.00395,0.502131,0,0.995085,1.00128,0.00192913,0,-0.000142659,0.00452583,1.00128
30,16,0.953125,0.515625,0.996198,1.00496,0.502285,0,0.994007,1.00154,0.00214406,0,-0.000181539,0.0058083,1.00154
31,16,0.984375,0.515625,0.995856,1.006,0.502438,0,0.99293,1.00183,0.00238077,0,-0.000208129,0.0067407,1.00184
0,17,0.015625,0.546875,0.995312,1.00705,0.502203,0,0.991765,1.0027,0.0024323,0,-0.000211731,0.00712864,1.0027
1,17,0.046875,0.546875,0.995219,1.00784,0.502211,0,0.991091,1.00314,0.0026257,0,-0.000200733,0.00696984,1.00314
2,17,0.078125,0.546875,0.995373,1.00828,0.502131,0,0.990903,1.00358,0.00276346,0,-0.000176047,0.00637757,1.00359
3,17,0.109375,0.546875,0.99587,1.00821,0.501942,0,0.991369,1.00402,0.00282002,0,-0.000141266,0.00544686,1.00403
4,17,0.140625,0.546875,0.99675,1.00758,0.501663,0,0.992556,1.00445,0.00278949,0,-0.000101952,0.00434704,1.00445
5,17,0.171875,0.546875,0.997948,1.00646,0.501362,0,0.99435,1.00484,0.00270419,0,-6.52922e-05,0.00332281,1.00485
6,17,0.203125,0.546875,0.999291,1.00508,0.50116,0,0.996444,1.00518,0.0026373,0,-3.94397e-05,0.00267425,1.00518
7,17,0.234375,0.546875,1.00056,1.0037,0.501159,0,0.998448,1.00543,0.00265292,0,-3.20054e-05,0.00266761,1.00543
8,17,0.265625,0.546875,1.00159,1.00254,0.50132,0,1.00007,1.00556,0.00269629,0,-4.68768e-05,0.00336687,1.00557
9,17,0.296875,0.546875,1.00236,1.00162,0.501416,0,1.00123,1.00555,0.0025573,0,-7.73291e-05,0.00435899,1.00555
10,17,0.328125,0.546875,1.00296,1.00082,0.501163,0,1.00208,1.00537,0.00199496,0,-0.000104732,0.00483796,1.00537
11,17,0.359375,0.546875,1.00349,1.00004,0.500478,0,1.00278,1.00504,0.000979603,0,-0.000105883,0.00403239,1.00504
12,17,0.390625,0.546875,1.00397,0.999239,0.499571,0,1.00341,1.00458,-0.000231822,0,-6.69179e-05,0.00175208,1.00458
13,17,0.421875,0.546875,1.00435,0.998503,0.498794,0,1.00392,1.00406,-0.00125951,0,8.33194e-06,-0.00149507,1.00406
14,17,0.453125,0.546875,1.00456,0.997933,0.498411,0,1.00421,1.00352,-0.00182993,0,0.00010214,-0.00487868,1.00352
15,17,0.484375,0.546875,1.00456,0.997585,0.498477,0,1.00424,1.003,-0.00189291,0,0.000193634,-0.00771347,1.003
16,17,0.515625,0.546875,1.00435,0.997451,0.498872,0,1.00404,1.00251,-0.00158114,0,0.000267736,-0.00968465,1.00251
17,17,0.546875,0.546875,1.00397,0.997484,0.499419,0,1.00367,1.00207,-0.0010868,0,0.000317583,-0.0107813,1.00207
18,17,0.578125,0.546875,1.00343,0.997638,0.499973,0,1.00318,1.00169,-0.00056312,0,0.000342408,-0.0111298,1.00169
19,17,0.609375,0.546875,1.00278,0.997876,0.500458,0,1.00264,1.00136,-9.44814e-05,0,0.000344485,-0.0108733,1.00136
20,17,0.640625,0.546875,1.00205,0.998177,0.500846,0,1.00206,1.00109,0.000288267,0,0.000327131,-0.0101299,1.00109
21,17,0.671875,0.546875,1.00125,0.998533,0.501136,0,1.00146,1.00088,0.00058406,0,0.00029385,-0.00899359,1.00088
22,17,0.703125,0.546875,1.00043,0.998943,0.501343,0,1.00084,1.00074,0.000805748,0,0.000248088,-0.00754481,1.00074
23,17,0.734375,0.546875,0.999626,0.999411,0.501485,0,1.00019,1.00067,0.000971857,0,0.000193174,-0.005859,1.00067
24,17,0.765625,0.546875,0.998869,0.999944,0.501582,0,0.999502,1.00066,0.00110238,0,0.000132317,-0.00401091,1.00066
25,17,0.796875,0.546875,0.998186,1.00055,0.501652,0,0.998756,1.00072,0.00121641,0,6.86272e-05,-0.00207662,1.00072
26,17,0.828125,0.546875,0.99759,1.00125,0.501713,0,0.997939,1.00085,0.00133073,0,5.14027e-06,-0.00013445,1.00085
27,17,0.859375,0.546875,0.997078,1.00204,0.501778,0,0.997036,1.00103,0.0014588,0,-5.51509e-05,0.00173459,1.00103
28,17,0.890625,0.546875,0.996634,1.00294,0.501854,0,0.996042,1.00127,0.00160998,0,-0.000109296,0.00344766,1.00127
29,17,0.921875,0.546875,0.996238,1.00393,0.501944,0,0.994966,1.00157,0.0017885,0,-0.000154419,0.00491982,1.00157
30,17,0.953125,0.546875,0.995877,1.00499,0.502043,0,0.99384,1.00191,0.00199253,0,-0.000187859,0.00606892,1.00191
31,17,0.984375,0.546875,0.995556,1.00606,0.502137,0,0.992735,1.00229,0.00221289,0,-0.000207414,0.00682243,1.00229
0,18,0.015625,0.578125,0.995,1.00694,0.501751,0,0.991598,1.00325,0.00215764,0,-0.00020414,0.00696916,1.00325
1,18,0.046875,0.578125,0.994952,1.00771,0.501707,0,0.990929,1.00376,0.00232374,0,-0.000186116,0.0066381,1.00376
2,18,0.078125,0.578125,0.995152,1.00811,0.501584,0,0.990757,1.00427,0.00243557,0,-0.000155341,0.00590642,1.00427
3,18,0.109375,0.578125,0.995682,1.00801,0.501374,0,0.991229,1.00477,0.00247303,0,-0.000116128,0.0048901,1.00477
4,18,0.140625,0.578125,0.996563,1.00738,0.5011,0,0.992382,1.00524,0.00243759,0,-7.4334e-05,0.00376463,1.00524
5,18,0.171875,0.578125,0.997713,1.00631,0.500838,0,0.994071,1.00566,0.00237116,0,-3.66334e-05,0.00275704,1.00566
6,18,0.203125,0.578125,0.998952,1.00504,0.500716,0,0.995978,1.006,0.00235877,0,-9.85594e-06,0.00212188,1.00601
7,18,0.234375,0.578125,1.00007,1.00383,0.500842,0,0.997732,1.00625,0.00247707,0,-2.27812e-07,0.00208271,1.00625
8,18,0.265625,0.578125,1.00094,1.00285,0.501179,0,0.999091,1.00635,0.00267839,0,-1.12225e-05,0.00270355,1.00635
9,18,0.296875,0.578125,1.00159,1.00208,0.501487,0,1.00005,1.00628,0.00273961,0,-3.74287e-05,0.00362192,1.00628
10,18,0.328125,0.578125,1.00212,1.00134,0.50145,0,1.0008,1.00602,0.00238157,0,-6.25837e-05,0.00408862,1.00602
11,18,0.359375,0.578125,1.00268,1.00051,0.500939,0,1.00155,1.00558,0.00152288,0,-6.49121e-05,0.00332316,1.00558
12,18,0.390625,0.578125,1.00327,0.999566,0.50013,0,1.00235,1.005,0.000381909,0,-2.97486e-05,0.00105601,1.005
13,18,0.421875,0.578125,1.00384,0.998608,0.499369,0,1.00312,1.00434,-0.000667346,0,4.12459e-05,-0.00227712,1.00434
14,18,0.453125,0.578125,1.00426,0.99779,0.498939,0,1.00371,1.00365,-0.00132729,0,0.000132055,-0.00584531,1.00365
15,18,0.484375,0.578125,1.00447,0.997213,0.498928,0,1.00403,1.00299,-0.0015122,0,0.000222014,-0.00889298,1.00299
16,18,0.515625,0.578125,1.00445,0.996897,0.499238,0,1.00406,1.00239,-0.00132535,0,0.000295029,-0.0110164,1.00239
17,18,0.546875,0.578125,1.0042,0.996811,0.499705,0,1.00386,1.00187,-0.000942409,0,0.000342977,-0.0121461,1.00187
18,18,0.578125,0.578125,1.00376,0.996904,0.50019,0,1.00348,1.00143,-0.000510752,0,0.000364323,-0.0123963,1.00143
19,18,0.609375,0.578125,1.00316,0.997132,0.500614,0,1.00299,1.00108,-0.000114711,0,0.000361279,-0.0119346,1.00108
20,18,0.640625,0.578125,1.00241,0.997461,0.500949,0,1.00243,1.00081,0.000212707,0,0.00033762,-0.0109206,1.00081
21,18,0.671875,0.578125,1.00156,0.99787,0.501193,0,1.00182,1.00063,0.000467769,0,0.000297545,-0.00949058,1.00063
22,18,0.703125,0.578125,1.00066,0.998347,0.501357,0,1.00116,1.00053,0.000660667,0,0.000245201,-0.00776001,1.00053
23,18,0.734375,0.578125,0.99974,0.998889,0.501459,0,1.00047,1.00051,0.000807394,0,0.000184498,-0.00582896,1.00051
24,18,0.765625,0.578125,0.998861,0.999498,0.501517,0,0.999727,1.00057,0.000925504,0,0.000119075,-0.00378682,1.00057
25,18,0.796875,0.578125,0.998061,1.00018,0.50155,0,0.998923,1.0007,0.00103173,0,5.23211e-05,-0.00171676,1.0007
26,18,0.828125,0.578125,0.997364,1.00095,0.501571,0,0.998044,1.0009,0.00114055,0,-1.25612e-05,0.000300953,1.0009
27,18,0.859375,0.578125,0.996776,1.0018,0.501593,0,0.997078,1.00117,0.00126325,0,-7.24952e-05,0.00218643,1.00117
28,18,0.890625,0.578125,0.996283,1.00275,0.501623,0,0.996022,1.00149,0.00140716,0,-0.00012451,0.00385921,1.00149
29,18,0.921875,0.578125,0.995865,1.00378,0.501663,0,0.99489,1.00187,0.00157489,0,-0.000165803,0.00524017,1.00187
30,18,0.953125,0.578125,0.995506,1.00487,0.501707,0,0.993718,1.00229,0.00176342,0,-0.000193901,0.00625512,1.00229
31,18,0.984375,0.578125,0.995207,1.00595,0.501743,0,0.992581,1.00276,0.0019632,0,-0.000206952,0.00684302,1.00276
0,19,0.015625,0.609375,0.994671,1.00662,0.501225,0,0.991522,1.00375,0.0018011,0,-0.000195417,0.00665162,1.00375
1,19,0.046875,0.609375,0.994666,1.00734,0.501135,0,0.990848,1.00432,0.00193984,0,-0.000172016,0.00619267,1.00433
2,19,0.078125,0.609375,0.994906,1.00769,0.500982,0,0.990674,1.0049,0.00202933,0,-0.000136858,0.00537182,1.0049
3,19,0.109375,0.609375,0.99546,1.00755,0.500764,0,0.99113,1.00545,0.00205566,0,-9.46813e-05,0.00431749,1.00545
4,19,0.140625,0.609375,0.996333,1.00691,0.50051,0,0.992229,1.00596,0.00202784,0,-5.13292e-05,0.00320459,1.00596
5,19,0.171875,0.609375,0.997431,1.00588,0.500304,0,0.993801,1.00641,0.00199641,0,-1.27616e-05,0.00223241,1.00641
6,19,0.203125,0.609375,0.99857,1.00471,0.500274,0,0.995523,1.00676,0.00205644,0,1.54578e-05,0.00160976,1.00676
7,19,0.234375,0.609375,0.999557,1.00365,0.500535,0,0.997049,1.00699,0.00229525,0,2.83409e-05,0.00152282,1.00699
8,19,0.265625,0.609375,1.00029,1.00283,0.501052,0,0.998179,1.00706,0.00267146,0,2.27926e-05,0.00203453,1.00706
9,19,0.296875,0.609375,1.00082,1.00218,0.501575,0,0.998962,1.00694,0.00295039,0,2.81989e-06,0.00284186,1.00694
10,19,0.328125,0.609375,1.0013,1.00152,0.501758,0,0.999627,1.0066,0.00281716,0,-1.80416e-05,0.00327396,1.00661
11,19,0.359375,0.609375,1.00186,1.00067,0.501429,0,1.0004,1.00607,0.00213866,0,-2.01885e-05,0.00257048,1.00607
12,19,0.390625,0.609375,1.00254,0.999626,0.500727,0,1.00133,1.00537,0.00109033,0,1.10894e-05,0.000395523,1.00537
13,19,0.421875,0.609375,1.00325,0.998508,0.499987,0,1.00232,1.00458,3.35676e-05,0,7.61159e-05,-0.00290612,1.00458
14,19,0.453125,0.609375,1.00386,0.997502,0.499507,0,1.00317,1.00376,-0.000714979,0,0.000161087,-0.00654048,1.00376
15,19,0.484375,0.609375,1.00427,0.996745,0.499403,0,1.00373,1.00298,-0.00103454,0,0.0002464,-0.00971484,1.00298
16,19,0.515625,0.609375,1.00442,0.996285,0.499606,0,1.00398,1.00228,-0.000995404,0,0.000315709,-0.011951,1.00228
17,19,0.546875,0.609375,1.00431,0.996104,0.499968,0,1.00395,1.00168,-0.000751335,0,0.000360053,-0.0131176,1.00168
18,19,0.578125,0.609375,1.00397,0.996155,0.500358,0,1.00369,1.00119,-0.00043892,0,0.000377234,-0.0133049,1.00119
19,19,0.609375,0.609375,1.00342,0.996383,0.5007,0,1.00326,1.00082,-0.000139115,0,0.000369293,-0.0126923,1.00082
20,19,0.640625,0.609375,1.00267,0.996744,0.500967,0,1.00273,1.00056,0.000114454,0,0.000340266,-0.0114713,1.00056
21,19,0.671875,0.609375,1.00178,0.997206,0.501153,0,1.00213,1.0004,0.000315514,0,0.000294829,-0.00981443,1.0004
22,19,0.703125,0.609375,1.0008,0.997748,0.501269,0,1.00146,1.00035,0.000470845,0,0.000237626,-0.00786886,1.00035
23,19,0.734375,0.609375,0.999779,0.998357,0.50133,0,1.00074,1.00038,0.000592714,0,0.000172977,-0.00575718,1.00038
24,19,0.765625,0.609375,0.998787,0.999031,0.501351,0,0.999959,1.0005,0.00069496,0,0.000104797,-0.00358205,1.0005
25,19,0.796875,0.609375,0.997878,0.999771,0.501348,0,0.999113,1.0007,0.000790805,0,3.6632e-05,-0.00143217,1.0007
26,19,0.828125,0.609375,0.997088,1.00059,0.501333,0,0.998189,1.00096,0.000891553,0,-2.82528e-05,0.000612046,1.00096
27,19,0.859375,0.609375,0.99643,1.00148,0.501317,0,0.997176,1.0013,0.00100575,0,-8.67876e-05,0.00247397,1.0013
28,19,0.890625,0.609375,0.995896,1.00246,0.501303,0,0.996074,1.0017,0.00113852,0,-0.000136065,0.00407855,1.0017
29,19,0.921875,0.609375,0.995464,1.0035,0.501295,0,0.994897,1.00215,0.00129092,0,-0.000173407,0.00535349,1.00215
30,19,0.953125,0.609375,0.995114,1.00459,0.501287,0,0.993687,1.00265,0.00145924,0,-0.000196557,0.00623427,1.00265
31,19,0.984375,0.609375,0.994841,1.00566,0.501269,0,0.992522,1.00318,0.00163428,0,-0.000204009,0.00667331,1.00318
0,20,0.015625,0.640625,0.994392,1.00607,0.500648,0,0.99162,1.00411,0.00137407,0,-0.000181774,0.00602115,1.00411
1,20,0.046875,0.640625,0.994429,1.00672,0.500522,0,0.990943,1.00474,0.00148594,0,-0.000155017,0.00548025,1.00474
2,20,0.078125,0.640625,0.994705,1.007,0.500349,0,0.990761,1.00535,0.00155694,0,-0.00011768,0.00462626,1.00535
3,20,0.109375,0.640625,0.995278,1.0068,0.500134,0,0.991193,1.00594,0.00157997,0,-7.4674e-05,0.00359469,1.00594
4,20,0.140625,0.640625,0.99614,1.00613,0.499914,0,0.99223,1.00648,0.00157155,0,-3.15775e-05,0.00255104,1.00648
5,20,0.171875,0.640625,0.997189,1.00513,0.499774,0,0.993688,1.00694,0.00158991,0,6.45706e-06,0.00166497,1.00694
6,20,0.203125,0.640625,0.998241,1.00403,0.499846,0,0.995243,1.00729,0.00173837,0,3.50939e-05,0.00110135,1.00729
7,20,0.234375,0.640625,0.999115,1.00308,0.500245,0,0.99657,1.0075,0.00211284,0,5.05937e-05,0.00100654,1.0075
8,20,0.265625,0.640625,0.999731,1.00238,0.500939,0,0.997505,1.00754,0.00267683,0,5.03806e-05,0.00143701,1.00754
9,20,0.296875,0.640625,1.00016,1.00184,0.501671,0,0.998133,1.00737,0.0031851,0,3.72339e-05,0.00214727,1.00738
10,20,0.328125,0.640625,1.00058,1.00125,0.50207,0,0.998709,1.00698,0.00328978,0,2.18596e-05,0.00255754,1.00699
11,20,0.359375,0.640625,1.00114,1.00044,0.501924,0,0.999471,1.00637,0.00280782,0,2.10599e-05,0.0019558,1.00638
12,20,0.390625,0.640625,1.00186,0.999361,0.501334,0,1.00048,1.00559,0.0018696,0,4.87307e-05,-3.84899e-05,1.00559
13,20,0.421875,0.640625,1.00267,0.998165,0.500617,0,1.00161,1.00471,0.000818505,0,0.000106719,-0.00317979,1.00471
14,20,0.453125,0.640625,1.00342,0.997054,0.500084,0,1.00264,1.0038,-1.48714e-05,0,0.000183692,-0.00674586,1.0038
15,20,0.484375,0.640625,1.00397,0.996188,0.499875,0,1.00341,1.00293,-0.000476544,0,0.000261871,-0.00994579,1.00293
16,20,0.515625,0.640625,1.00427,0.99564,0.499952,0,1.00384,1.00215,-0.000601826,0,0.000325467,-0.0122503,1.00215
17,20,0.546875,0.640625,1.00429,0.995406,0.500186,0,1.00395,1.0015,-0.000518382,0,0.000365203,-0.0134692,1.0015
18,20,0.578125,0.640625,1.00404,0.995438,0.50046,0,1.0038,1.00098,-0.000347694,0,0.000378371,-0.0136578,1.00098
19,20,0.609375,0.640625,1.00353,0.99568,0.500703,0,1.00346,1.0006,-0.000164198,0,0.000366732,-0.0129909,1.0006
20,20,0.640625,0.640625,1.0028,0.996079,0.500888,0,1.00297,1.00035,-5.11318e-07,0,0.000334331,-0.0116758,1.00035
21,20,0.671875,0.640625,1.00188,0.996592,0.501009,0,1.00238,1.00022,0.00013488,0,0.000286029,-0.00990987,1.00022
22,20,0.703125,0.640625,1.00083,0.99719,0.501075,0,1.00172,1.0002,0.000244808,0,0.000226693,-0.00786348,1.0002
23,20,0.734375,0.640625,0.999725,0.997853,0.501095,0,1.001,1.00028,0.000336817,0,0.000160823,-0.005677,1.00028
24,20,0.765625,0.640625,0.998639,0.998573,0.501083,0,1.00021,1.00045,0.000419922,0,9.24322e-05,-0.00346372,1.00045
25,20,0.796875,0.640625,0.997642,0.99935,0.50105,0,0.999343,1.00069,0.000502833,0,2.50881e-05,-0.00131648,1.00069
26,20,0.828125,0.640625,0.996779,1.00019,0.501005,0,0.998398,1.00101,0.000592916,0,-3.79865e-05,0.000685098,1.00101
27,20,0.859375,0.640625,0.996073,1.00109,0.500956,0,0.997363,1.0014,0.000695515,0,-9.38096e-05,0.00246866,1.0014
28,20,0.890625,0.640625,0.995517,1.00206,0.500906,0,0.996237,1.00185,0.00081341,0,-0.000139602,0.00396579,1.00185
29,20,0.921875,0.640625,0.995086,1.00309,0.500856,0,0.995037,1.00235,0.000946283,0,-0.000172858,0.00511276,1.00235
30,20,0.953125,0.640625,0.994757,1.00415,0.500802,0,0.993808,1.00291,0.00109017,0,-0.000191559,0.00585557,1.00291
31,20,0.984375,0.640625,0.994519,1.00517,0.500737,0,0.992628,1.0035,0.0012369,0,-0.000194514,0.00615955,1.0035
0,21,0.015625,0.671875,0.994242,1.00533,0.500049,0,0.991974,1.00425,0.000898535,0,-0.000159521,0.00496589,1.00425
1,21,0.046875,0.671875,0.994326,1.00588,0.499897,0,0.991308,1.00489,0.0009849,0,-0.000131632,0.00438662,1.00489
2,21,0.078125,0.671875,0.994638,1.00606,0.499715,0,0.991131,1.00552,0.00104156,0,-9.46679e-05,0.00355618,1.00552
3,21,0.109375,0.671875,0.995229,1.00578,0.499514,0,0.991546,1.00611,0.00106858,0,-5.35323e-05,0.00261288,1.00611
4,21,0.140625,0.671875,0.996083,1.00506,0.499337,0,0.992532,1.00665,0.00108979,0,-1.33821e-05,0.00170989,1.00665
5,21,0.171875,0.671875,0.997091,1.00405,0.499271,0,0.993892,1.0071,0.00117013,0,2.14984e-05,0.000986879,1.0071
6,21,0.203125,0.671875,0.998072,1.00298,0.499446,0,0.995309,1.00743,0.00141936,0,4.80369e-05,0.000564603,1.00743
7,21,0.234375,0.671875,0.998858,1.0021,0.499981,0,0.996474,1.00762,0.00193954,0,6.38851e-05,0.000544742,1.00763
8,21,0.265625,0.671875,0.999384,1.00148,0.500843,0,0.99725,1.00763,0.00269716,0,6.73092e-05,0.000966524,1.00764
9,21,0.296875,0.671875,0.999735,1.00104,0.501771,0,0.997743,1.00743,0.00343684,0,6.02453e-05,0.00163255,1.00744
10,21,0.328125,0.671875,1.00009,1.00054,0.502373,0,0.998221,1.00701,0.00378101,0,5.06606e-05,0.00205955,1.00701
11,21,0.359375,0.671875,1.00061,0.999791,0.502399,0,0.998928,1.00636,0.00350039,0,5.20635e-05,0.00160988,1.00637
12,21,0.390625,0.671875,1.00134,0.998764,0.501915,0,0.999937,1.00555,0.00268106,0,7.66555e-05,-0.000114248,1.00555
13,21,0.421875,0.671875,1.00218,0.997586,0.501218,0,1.00112,1.00463,0.00164529,0,0.000127163,-0.00296447,1.00463
14,21,0.453125,0.671875,1.00299,0.996467,0.500626,0,1.00224,1.00368,0.000732935,0,0.000194754,-0.00631939,1.00368
15,21,0.484375,0.671875,1.00364,0.99558,0.500305,0,1.00313,1.00278,0.000128141,0,0.000264094,-0.00943126,1.00278
16,21,0.515625,0.671875,1.00403,0.995014,0.500242,0,1.00368,1.00198,-0.000169437,0,0.000320721,-0.0117505,1.00198
17,21,0.546875,0.671875,1.00414,0.994774,0.500335,0,1.00391,1.00132,-0.000259072,0,0.000355591,-0.0130377,1.00132
18,21,0.578125,0.671875,1.00395,0.994818,0.500478,0,1.00385,1.0008,-0.000244137,0,0.000365682,-0.0133053,1.0008
19,21,0.609375,0.671875,1.00349,0.995089,0.500611,0,1.00357,1.00043,-0.000190085,0,0.000352367,-0.0127056,1.00043
20,21,0.640625,0.671875,1.00276,0.995526,0.500706,0,1.00314,1.0002,-0.000127079,0,0.000319424,-0.0114426,1.0002
21,21,0.671875,0.671875,1.00183,0.996083,0.50076,0,1.00259,1.00009,-6.53553e-05,0,0.000271566,-0.00972112,1.00009
22,21,0.703125,0.671875,1.00074,0.996722,0.500775,0,1.00196,1.0001,-6.26953e-06,0,0.000213572,-0.00772285,1.0001
23,21,0.734375,0.671875,0.999577,0.99742,0.50076,0,1.00125,1.00021,5.23749e-05,0,0.000149864,-0.00559821,1.00021
24,21,0.765625,0.671875,0.998432,0.998164,0.500721,0,1.00048,1.00041,0.000114004,0,8.43653e-05,-0.00346714,1.00041
25,21,0.796875,0.671875,0.997382,0.998952,0.500666,0,0.999626,1.00069,0.00018211,0,2.0524e-05,-0.00142505,1.00069
26,21,0.828125,0.671875,0.996483,0.999786,0.5006,0,0.998691,1.00103,0.000259588,0,-3.85754e-05,0.000449604,1.00103
27,21,0.859375,0.671875,0.99576,1.00067,0.500527,0,0.997665,1.00145,0.000348278,0,-9.01105e-05,0.00208867,1.00145
28,21,0.890625,0.671875,0.995208,1.00161,0.50045,0,0.996547,1.00192,0.000448554,0,-0.000131483,0.00343052,1.00192
29,21,0.921875,0.671875,0.994802,1.00259,0.500368,0,0.995357,1.00244,0.0005589,0,-0.000160402,0.00442038,1.00244
30,21,0.953125,0.671875,0.994511,1.00357,0.500277,0,0.994137,1.00301,0.000675485,0,-0.000175098,0.00501529,1.00302
31,21,0.984375,0.671875,0.994319,1.00452,0.500173,0,0.992969,1.00362,0.000791767,0,-0.000174676,0.00519349,1.00362
0,22,0.015625,0.703125,0.994297,1.00446,0.499459,0,0.992629,1.00412,0.000406219,0,-0.000127053,0.0034896,1.00412
1,22,0.046875,0.703125,0.994431,1.0049,0.499293,0,0.992002,1.00473,0.000469769,0,-0.000100214,0.00291063,1.00473
2,22,0.078125,0.703125,0.994782,1.00496,0.499111,0,0.991852,1.00532,0.000516616,0,-6.6227e-05,0.0021549,1.00532
3,22,0.109375,0.703125,0.995393,1.00458,0.498934,0,0.992273,1.00588,0.000554101,0,-2.98749e-05,0.00136166,1.00588
4,22,0.140625,0.703125,0.996244,1.00378,0.498807,0,0.99323,1.00638,0.000612916,0,4.19531e-06,0.000670582,1.00638
5,22,0.171875,0.703125,0.997224,1.00272,0.498818,0,0.994524,1.00679,0.000763667,0,3.26102e-05,0.000192322,1.00679
6,22,0.203125,0.703125,0.998156,1.00165,0.499096,0,0.995841,1.00709,0.00112057,0,5.36518e-05,2.45315e-06,1.00709
7,22,0.234375,0.703125,0.998879,1.00079,0.499758,0,0.996887,1.00724,0.00178906,0,6.66195e-05,0.00015099,1.00724
8,22,0.265625,0.703125,0.999338,1.00022,0.500773,0,0.99754,1.00722,0.00273609,0,7.10658e-05,0.000646727,1.00723
9,22,0.296875,0.703125,0.999622,0.999843,0.501872,0,0.997916,1.00701,0.00369632,0,6.85688e-05,0.00132761,1.00701
10,22,0.328125,0.703125,0.999909,0.999435,0.502649,0,0.998279,1.00658,0.00426645,0,6.45433e-05,0.00180903,1.00659
11,22,0.359375,0.703125,1.00036,0.998804,0.502824,0,0.998881,1.00595,0.00417695,0,6.8822e-05,0.00155109,1.00596
12,22,0.390625,0.703125,1.00103,0.997898,0.502429,0,0.999801,1.00516,0.0034736,0,9.10866e-05,0.000169803,1.00517
13,22,0.421875,0.703125,1.00184,0.996833,0.501744,0,1.00093,1.00428,0.00245715,0,0.000134226,-0.00227292,1.00428
14,22,0.453125,0.703125,1.00265,0.995804,0.501089,0,1.00204,1.00337,0.00147293,0,0.000191774,-0.00527774,1.00337
15,22,0.484375,0.703125,1.00332,0.994985,0.50065,0,1.00295,1.00251,0.000731112,0,0.000251287,-0.00817982,1.00251
16,22,0.515625,0.703125,1.00374,0.994471,0.500444,0,1.00356,1.00175,0.000264088,0,0.000300306,-0.0104444,1.00175
17,22,0.546875,0.703125,1.00389,0.994275,0.500389,0,1.00384,1.00113,9.20951e-07,0,0.000330551,-0.0117998,1.00113
18,22,0.578125,0.703125,1.00374,0.99436,0.500398,0,1.00385,1.00064,-0.000142489,0,0.000338899,-0.0122123,1.00064
19,22,0.609375,0.703125,1.00329,0.994669,0.500417,0,1.00364,1.00031,-0.000221251,0,0.000326259,-0.0117966,1.00031
20,22,0.640625,0.703125,1.00258,0.995142,0.500424,0,1.00326,1.0001,-0.000262079,0,0.000295882,-0.0107333,1.0001
21,22,0.671875,0.703125,1.00164,0.99573,0.500412,0,1.00276,1.00003,-0.000276453,0,0.00025201,-0.00921605,1.00003
22,22,0.703125,0.703125,1.00054,0.996392,0.500382,0,1.00217,1.00006,-0.000269815,0,0.000199021,-0.00742276,1.00006
23,22,0.734375,0.703125,0.99936,0.997102,0.500337,0,1.00151,1.00019,-0.000245478,0,0.000141008,-0.00550417,1.00019
24,22,0.765625,0.703125,0.998202,0.997846,0.50028,0,1.00078,1.00039,-0.00020588,0,8.16141e-05,-0.00358146,1.00039
25,22,0.796875,0.703125,0.997146,0.998619,0.500212,0,0.999967,1.00067,-0.000153025,0,2.40418e-05,-0.00175045,1.00067
26,22,0.828125,0.703125,0.996255,0.999423,0.500136,0,0.999075,1.00102,-8.86933e-05,0,-2.88509e-05,-8.82343e-05,1.00102
27,22,0.859375,0.703125,0.995555,1.00026,0.500051,0,0.998092,1.00142,-1.46443e-05,0,-7.44625e-05,0.00134068,1.00142
28,22,0.890625,0.703125,0.995041,1.00114,0.499957,0,0.99702,1.00188,6.71248e-05,0,-0.000110423,0.00248068,1.00188
29,22,0.921875,0.703125,0.994684,1.00204,0.499854,0,0.995874,1.00239,0.00015407,0,-0.000134683,0.0032854,1.00239
30,22,0.953125,0.703125,0.99445,1.00293,0.499738,0,0.994701,1.00294,0.000242773,0,-0.000145737,0.00372246,1.00294
31,22,0.984375,0.703125,0.994318,1.00377,0.499608,0,0.993579,1.00352,0.000328679,0,-0.000142972,0.00378244,1.00352
0,23,0.015625,0.734375,0.994596,1.00359,0.498906,0,0.993568,1.00372,-6.55178e-05,0,-8.61759e-05,0.00174248,1.00372
1,23,0.046875,0.734375,0.994781,1.00389,0.498736,0,0.993011,1.00425,-2.04797e-05,0,-6.22837e-05,0.00119751,1.00425
2,23,0.078125,0.734375,0.99517,1.00383,0.498566,0,0.992917,1.00476,2.16158e-05,0,-3.35503e-05,0.000557554,1.00476
3,23,0.109375,0.734375,0.995804,1.00332,0.498421,0,0.99337,1.00524,7.51493e-05,0,-4.57619e-06,-3.83965e-05,1.00524
4,23,0.140625,0.734375,0.99666,1.00243,0.49835,0,0.99433,1.00566,0.000177011,0,2.05317e-05,-0.000464162,1.00566
5,23,0.171875,0.734375,0.997625,1.0013,0.498439,0,0.995594,1.006,0.00040221,0,3.93345e-05,-0.000636735,1.006
6,23,0.203125,0.734375,0.998528,1.00019,0.498816,0,0.996853,1.00624,0.00086719,0,5.15901e-05,-0.000527429,1.00624
7,23,0.234375,0.734375,0.999213,0.999309,0.499593,0,0.997825,1.00635,0.0016776,0,5.85561e-05,-0.000145769,1.00635
8,23,0.265625,0.734375,0.999629,0.998747,0.500736,0,0.998394,1.0063,0.00279792,0,6.15357e-05,0.000474169,1.0063
9,23,0.296875,0.734375,0.999858,0.998412,0.501974,0,0.998669,1.00608,0.003953,0,6.22045e-05,0.00119507,1.00609
10,23,0.328125,0.734375,1.00007,0.998097,0.502887,0,0.998906,1.00568,0.00471872,0,6.35964e-05,0.00173351,1.00569
11,23,0.359375,0.734375,1.00043,0.99761,0.503174,0,0.999353,1.00512,0.00479354,0,7.15459e-05,0.00166974,1.00513
12,23,0.390625,0.734375,1.00099,0.996886,0.502841,0,1.00011,1.00442,0.00419019,0,9.25017e-05,0.000665353,1.00443
13,23,0.421875,0.734375,1.0017,0.996012,0.502152,0,1.00108,1.00365,0.00319023,0,0.000128838,-0.00128704,1.00365
14,23,0.453125,0.734375,1.00243,0.995158,0.501428,0,1.00208,1.00286,0.00214178,0,0.000176228,-0.00382242,1.00286
15,23,0.484375,0.734375,1.00304,0.994484,0.500873,0,1.00292,1.00212,0.00127601,0,0.000225413,-0.00639314,1.00212
16,23,0.515625,0.734375,1.00343,0.994081,0.500528,0,1.0035,1.00146,0.00065366,0,0.000266487,-0.00851547,1.00146
17,23,0.546875,0.734375,1.00357,0.993969,0.500331,0,1.00379,1.00092,0.000229593,0,0.000292404,-0.00990737,1.00092
18,23,0.578125,0.734375,1.00341,0.994115,0.500212,0,1.00383,1.00051,-6.19055e-05,0,0.000300173,-0.0104933,1.00051
19,23,0.609375,0.734375,1.00298,0.994467,0.500124,0,1.00365,1.00023,-0.000265595,0,0.000290212,-0.0103408,1.00023
20,23,0.640625,0.734375,1.00227,0.994968,0.500049,0,1.00333,1.00008,-0.000404375,0,0.00026505,-0.00959062,1.00008
21,23,0.671875,0.734375,1.00135,0.99557,0.49998,0,1.00289,1.00003,-0.000490525,0,0.000228184,-0.00840747,1.00003
22,23,0.703125,0.734375,1.00027,0.996233,0.499913,0,1.00236,1.00007,-0.000533159,0,0.00018333,-0.00695069,1.00007
23,23,0.734375,0.734375,0.999119,0.996933,0.499848,0,1.00176,1.0002,-0.000540761,0,0.000134027,-0.00536043,1.0002
24,23,0.765625,0.734375,0.997997,0.997653,0.499782,0,1.00109,1.0004,-0.000521365,0,8.34701e-05,-0.00375257,1.0004
25,23,0.796875,0.734375,0.996988,0.998389,0.499712,0,1.00036,1.00066,-0.000482254,0,3.45052e-05,-0.00222031,1.00066
26,23,0.828125,0.734375,0.996153,0.999142,0.499636,0,0.999536,1.00097,-0.000429712,0,-1.03126e-05,-0.000838639,1.00097
27,23,0.859375,0.734375,0.995517,0.999916,0.49955,0,0.998629,1.00134,-0.000368938,0,-4.86543e-05,0.000330934,1.00134
28,23,0.890625,0.734375,0.995073,1.00071,0.499452,0,0.997635,1.00175,-0.000304154,0,-7.84129e-05,0.00123765,1.00175
29,23,0.921875,0.734375,0.994787,1.00152,0.499339,0,0.996571,1.0022,-0.000238793,0,-9.78031e-05,0.00184215,1.0022
30,23,0.953125,0.734375,0.994623,1.00231,0.499211,0,0.99548,1.00268,-0.000175715,0,-0.000105587,0.0021212,1.00268
31,23,0.984375,0.734375,0.994557,1.00303,0.499066,0,0.99444,1.0032,-0.000117356,0,-0.000101411,0.00207609,1.0032
0,24,0.015625,0.765625,0.995129,1.00282,0.498413,0,0.994707,1.00311,-0.000480184,0,-4.19753e-05,-1.42162e-05,1.00312
1,24,0.046875,0.765625,0.995358,1.00299,0.498251,0,0.994245,1.00353,-0.000447714,0,-2.24639e-05,-0.000494609,1.00353
2,24,0.078125,0.765625,0.995781,1.0028,0.498103,0,0.994229,1.00392,-0.00040469,0,-6.1164e-07,-0.000989606,1.00392
3,24,0.109375,0.765625,0.996437,1.00219,0.497998,0,0.994739,1.00428,-0.000330244,0,1.91986e-05,-0.0013621,1.00429
4,24,0.140625,0.765625,0.9973,1.00119,0.497987,0,0.995729,1.0046,-0.000182217,0,3.33845e-05,-0.00149899,1.0046
5,24,0.171875,0.765625,0.998261,0.999978,0.498156,0,0.996997,1.00484,0.000117302,0,4.04459e-05,-0.00134426,1.00484
6,24,0.203125,0.765625,0.999153,0.998793,0.498625,0,0.99824,1.00499,0.000684442,0,4.17264e-05,-0.000918168,1.00499
7,24,0.234375,0.765625,0.999824,0.997856,0.4995,0,0.999182,1.00504,0.00162145,0,4.0729e-05,-0.000296783,1.00504
8,24,0.265625,0.765625,1.00022,0.997264,0.500744,0,0.999704,1.00497,0.00288713,0,4.08855e-05,0.000434111,1.00497
9,24,0.296875,0.765625,1.0004,0.996945,0.502079,0,0.999899,1.00476,0.00419685,0,4.42806e-05,0.00115664,1.00477
10,24,0.328125,0.765625,1.00054,0.996714,0.50308,0,1.00001,1.00442,0.00511168,0,5.16227e-05,0.00169498,1.00443
11,24,0.359375,0.765625,1.00078,0.996386,0.503432,0,1.00026,1.00396,0.00530849,0,6.445e-05,0.00177154,1.00397
12,24,0.390625,0.765625,1.00119,0.995881,0.503124,0,1.00079,1.00341,0.00477692,0,8.5417e-05,0.00112361,1.00342
13,24,0.421875,0.765625,1.00174,0.995249,0.502409,0,1.00153,1.0028,0.00378401,0,0.000115835,-0.000304868,1.00281
14,24,0.453125,0.765625,1.00233,0.994628,0.501611,0,1.00233,1.00219,0.00267902,0,0.000153288,-0.00228678,1.0022
15,24,0.484375,0.765625,1.00282,0.99415,0.500947,0,1.00302,1.00162,0.00170844,0,0.000191872,-0.00441734,1.00163
16,24,0.515625,0.765625,1.00313,0.9939,0.500475,0,1.00351,1.00113,0.000955099,0,0.000224636,-0.00629659,1.00113
17,24,0.546875,0.765625,1.00321,0.993896,0.500153,0,1.00375,1.00072,0.000394966,0,0.000246171,-0.00765719,1.00072
18,24,0.578125,0.765625,1.00302,0.994113,0.499922,0,1.00378,1.00042,-2.21329e-05,0,0.000253846,-0.00839302,1.00042
19,24,0.609375,0.765625,1.00258,0.994504,0.499744,0,1.00364,1.00022,-0.000331936,0,0.000247631,-0.00852267,1.00022
20,24,0.640625,0.765625,1.00189,0.995021,0.499602,0,1.00336,1.00011,-0.000553854,0,0.000229229,-0.00813728,1.00011
21,24,0.671875,0.765625,1.001,0.995617,0.499488,0,1.00297,1.00009,-0.000700661,0,0.000201218,-0.00735946,1.00009
22,24,0.703125,0.765625,0.999977,0.996261,0.499397,0,1.00252,1.00015,-0.000784503,0,0.000166459,-0.0063174,1.00015
23,24,0.734375,0.765625,0.998902,0.996927,0.499322,0,1.00199,1.00027,-0.00081825,0,0.000127769,-0.0051305,1.00027
24,24,0.765625,0.765625,0.997867,0.997604,0.499258,0,1.00141,1.00044,-0.000814749,0,8.77678e-05,-0.00390241,1.00044
25,24,0.796875,0.765625,0.996953,0.998286,0.499195,0,1.00076,1.00066,-0.000785875,0,4.88495e-05,-0.00271973,1.00066
26,24,0.828125,0.765625,0.996217,0.998974,0.499129,0,1.00004,1.00092,-0.000741852,0,1.32041e-05,-0.00165382,1.00092
27,24,0.859375,0.765625,0.995678,0.999672,0.499052,0,0.999229,1.00121,-0.000690912,0,-1.7153e-05,-0.000763202,1.00121
28,24,0.890625,0.765625,0.995326,1.00038,0.498959,0,0.99834,1.00155,-0.000639235,0,-4.04017e-05,-9.49288e-05,1.00155
29,24,0.921875,0.765625,0.995125,1.00109,0.498849,0,0.997386,1.00191,-0.00059101,0,-5.50289e-05,0.000316854,1.00191
30,24,0.953125,0.765625,0.995036,1.00177,0.498719,0,0.996406,1.0023,-0.000548526,0,-6.00511e-05,0.00045566,1.0023
31,24,0.984375,0.765625,0.995035,1.00237,0.498572,0,0.995475,1.0027,-0.000512181,0,-5.53404e-05,0.00033067,1.0027
0,25,0.015625,0.796875,0.995836,1.00222,0.497997,0,0.995917,1.00241,-0.000808852,0,-1.24062e-06,-0.0014939,1.00241
1,25,0.046875,0.796875,0.996097,1.0023,0.497854,0,0.99556,1.00268,-0.00078169,0,1.29832e-05,-0.00188034,1.00268
2,25,0.078125,0.796875,0.996542,1.00201,0.497736,0,0.995632,1.00294,-0.00073148,0,2.71237e-05,-0.00221172,1.00294
3,25,0.109375,0.796875,0.99721,1.00129,0.497679,0,0.996211,1.00317,-0.000631686,0,3.70434e-05,-0.0023554,1.00317
4,25,0.140625,0.796875,0.998079,1.00021,0.497734,0,0.997247,1.00335,-0.000436028,0,3.96525e-05,-0.00221147,1.00335
5,25,0.171875,0.796875,0.999043,0.998907,0.497982,0,0.998544,1.00348,-6.54677e-05,0,3.43754e-05,-0.00175114,1.00348
6,25,0.203125,0.796875,0.999938,0.997635,0.498538,0,0.999805,1.00354,0.00059291,0,2.42033e-05,-0.0010456,1.00354
7,25,0.234375,0.796875,1.00061,0.996617,0.499494,0,1.00076,1.00352,0.00163392,0,1.50732e-05,-0.000242803,1.00352
8,25,0.265625,0.796875,1.001,0.995965,0.500805,0,1.00127,1.00341,0.00300734,0,1.2755e-05,0.000515768,1.00342
9,25,0.296875,0.796875,1.00116,0.995635,0.502191,0,1.00141,1.00323,0.00441976,0,1.98339e-05,0.00113338,1.00324
10,25,0.328125,0.796875,1.00122,0.995471,0.503223,0,1.0014,1.00296,0.00542453,0,3.45941e-05,0.00155274,1.00298
11,25,0.359375,0.796875,1.00133,0.9953,0.503586,0,1.00146,1.00263,0.00568907,0,5.39935e-05,0.0016593,1.00265
12,25,0.390625,0.796875,1.00157,0.995024,0.503262,0,1.00172,1.00226,0.00519179,0,7.65189e-05,0.00129184,1.00227
13,25,0.421875,0.796875,1.00193,0.994657,0.502499,0,1.00218,1.00186,0.00419156,0,0.000102067,0.000366258,1.00187
14,25,0.453125,0.796875,1.00232,0.994293,0.501623,0,1.00272,1.00147,0.00303775,0,0.000129959,-0.00102442,1.00148
15,25,0.484375,0.796875,1.00265,0.994036,0.500861,0,1.00321,1.00111,0.00198607,0,0.000157728,-0.00263337,1.00112
16,25,0.515625,0.796875,1.00284,0.993955,0.500283,0,1.00356,1.0008,0.00113396,0,0.000181636,-0.00416967,1.0008
17,25,0.546875,0.796875,1.00283,0.994066,0.49986,0,1.00372,1.00056,0.00047211,0,0.000198199,-0.00540486,1.00056
18,25,0.578125,0.796875,1.0026,0.994351,0.499542,0,1.00372,1.00038,-3.84108e-05,0,0.000205369,-0.00621814,1.00038
19,25,0.609375,0.796875,1.00214,0.994772,0.499297,0,1.00358,1.00027,-0.000426731,0,0.000202765,-0.00658517,1.00027
20,25,0.640625,0.796875,1.00148,0.995287,0.499108,0,1.00334,1.00022,-0.000709699,0,0.000191266,-0.00654568,1.00022
21,25,0.671875,0.796875,1.00065,0.99586,0.498967,0,1.00301,1.00023,-0.000900458,0,0.000172464,-0.00617391,1.00023
22,25,0.703125,0.796875,0.999715,0.996464,0.498866,0,1.00262,1.00028,-0.00101341,0,0.00014827,-0.00555873,1.00028
23,25,0.734375,0.796875,0.998752,0.99708,0.498793,0,1.00218,1.00038,-0.0010647,0,0.000120684,-0.00479096,1.00038
24,25,0.765625,0.796875,0.997844,0.997698,0.498739,0,1.00169,1.00051,-0.00107082,0,9.16641e-05,-0.00395566,1.00051
25,25,0.796875,0.796875,0.997062,0.998315,0.498693,0,1.00114,1.00067,-0.00104717,0,6.30856e-05,-0.00312847,1.00068
26,25,0.828125,0.796875,0.996454,0.998932,0.498643,0,1.00052,1.00087,-0.00100703,0,3.67256e-05,-0.00237459,1.00087
27,25,0.859375,0.796875,0.996033,0.999553,0.498583,0,0.999828,1.00108,-0.000961027,0,1.42554e-05,-0.00174882,1.00108
28,25,0.890625,0.796875,0.995782,1.00018,0.498506,0,0.999059,1.00132,-0.000916916,0,-2.80527e-06,-0.00129504,1.00132
29,25,0.921875,0.796875,0.995666,1.0008,0.498406,0,0.998229,1.00157,-0.000879495,0,-1.32085e-05,-0.00104397,1.00157
30,25,0.953125,0.796875,0.995646,1.00138,0.498285,0,0.997374,1.00184,-0.000850543,0,-1.61961e-05,-0.00100812,1.00185
31,25,0.984375,0.796875,0.9957,1.00189,0.498146,0,0.996567,1.00212,-0.000828664,0,-1.18119e-05,-0.00117405,1.00213
0,26,0.015625,0.828125,0.996625,1.00185,0.497675,0,0.997054,1.00171,-0.00103478,0,2.97655e-05,-0.00247828,1.00171
1,26,0.046875,0.828125,0.996898,1.00185,0.497557,0,0.996797,1.00185,-0.001005,0,3.82684e-05,-0.00274258,1.00185
2,26,0.078125,0.828125,0.997347,1.0015,0.497478,0,0.996951,1.00196,-0.000941004,0,4.4602e-05,-0.00289918,1.00196
3,26,0.109375,0.828125,0.998015,1.00072,0.497475,0,0.997593,1.00206,-0.000811589,0,4.49084e-05,-0.00282356,1.00206
4,26,0.140625,0.828125,0.998882,0.999565,0.497599,0,0.998678,1.00211,-0.000567666,0,3.65707e-05,-0.00243012,1.00211
5,26,0.171875,0.828125,0.999849,0.99819,0.497928,0,1.00002,1.00212,-0.000131103,0,1.9914e-05,-0.00171875,1.00212
6,26,0.203125,0.828125,1.00076,0.996832,0.498562,0,1.00132,1.00209,0.000604589,0,-4.27644e-07,-0.000813168,1.00209
7,26,0.234375,0.828125,1.00145,0.995721,0.499581,0,1.00231,1.002,0.00172247,0,-1.60456e-05,6.4131e-05,1.002
8,26,0.265625,0.828125,1.00186,0.994988,0.500927,0,1.00285,1.00187,0.00315989,0,-1.88342e-05,0.00071689,1.00187
9,26,0.296875,0.828125,1.002,0.994623,0.502314,0,1.00297,1.00171,0.00461588,0,-5.85281e-06,0.00107734,1.00172
10,26,0.328125,0.828125,1.00199,0.994505,0.503319,0,1.00286,1.00153,0.00564411,0,1.85282e-05,0.0012201,1.00154
11,26,0.359375,0.828125,1.00197,0.994474,0.503635,0,1.00273,1.00134,0.0059157,0,4.64543e-05,0.00121102,1.00135
12,26,0.390625,0.828125,1.00203,0.994416,0.503252,0,1.00274,1.00115,0.00541063,0,7.2086e-05,0.00100897,1.00116
13,26,0.421875,0.828125,1.00218,0.994309,0.50242,0,1.00291,1.00097,0.00438657,0,9.37875e-05,0.000519018,1.00098
14,26,0.453125,0.828125,1.00237,0.994199,0.501465,0,1.00317,1.00081,0.00319219,0,0.000112543,-0.000291004,1.00081
15,26,0.484375,0.828125,1.00252,0.994159,0.50062,0,1.00343,1.00067,0.00208609,0,0.000129326,-0.00133614,1.00067
16,26,0.515625,0.828125,1.00257,0.99424,0.499962,0,1.00361,1.00055,0.00117217,0,0.000143714,-0.00244918,1.00055
17,26,0.546875,0.828125,1.00246,0.994458,0.499469,0,1.00367,1.00047,0.000448647,0,0.000154311,-0.00345962,1.00047
18,26,0.578125,0.828125,1.00217,0.994798,0.499097,0,1.00362,1.00041,-0.000117308,0,0.000159819,-0.00424874,1.00041
19,26,0.609375,0.828125,1.00171,0.995233,0.498813,0,1.00348,1.00039,-0.000551238,0,0.000159643,-0.00476099,1.00039
20,26,0.640625,0.828125,1.00108,0.99573,0.498602,0,1.00326,1.00039,-0.000868733,0,0.000153921,-0.00499033,1.00039
21,26,0.671875,0.828125,1.00033,0.996263,0.498454,0,1.00298,1.00042,-0.00108333,0,0.0001433,-0.00496336,1.00042
22,26,0.703125,0.828125,0.999513,0.996813,0.498356,0,1.00266,1.00047,-0.00121087,0,0.000128746,-0.00472705,1.00047
23,26,0.734375,0.828125,0.99869,0.997366,0.498297,0,1.0023,1.00054,-0.00126952,0,0.000111417,-0.00433935,1.00054
24,26,0.765625,0.828125,0.997935,0.997916,0.498262,0,1.0019,1.00062,-0.00127803,0,9.25777e-05,-0.00386211,1.00062
25,26,0.796875,0.828125,0.997306,0.998462,0.498238,0,1.00145,1.00073,-0.00125398,0,7.35484e-05,-0.00335595,1.00073
26,26,0.828125,0.828125,0.996838,0.999008,0.498212,0,1.00094,1.00084,-0.00121265,0,5.56618e-05,-0.00287693,1.00084
27,26,0.859375,0.828125,0.996538,0.999556,0.498174,0,1.00036,1.00097,-0.00116627,0,4.02247e-05,-0.00247441,1.00097
28,26,0.890625,0.828125,0.996386,1.00011,0.498116,0,0.99971,1.00111,-0.00112366,0,2.84514e-05,-0.00218891,1.00111
29,26,0.921875,0.828125,0.996344,1.00065,0.498035,0,0.999005,1.00125,-0.00109004,0,2.13412e-05,-0.00204882,1.00126
30,26,0.953125,0.828125,0.996377,1.00116,0.497929,0,0.998277,1.00141,-0.00106675,0,1.94664e-05,-0.00206518,1.00141
31,26,0.984375,0.828125,0.996466,1.00159,0.497805,0,0.997592,1.00156,-0.0010509,0,2.26759e-05,-0.00222407,1.00156
0,27,0.015625,0.859375,0.997395,1.00168,0.497458,0,0.998,1.0011,-0.00115462,0,4.71355e-05,-0.00287616,1.0011
1,27,0.046875,0.859375,0.997658,1.00166,0.497371,0,0.997822,1.00112,-0.00111442,0,4.98279e-05,-0.00299291,1.00112
2,27,0.078125,0.859375,0.998091,1.00127,0.497335,0,0.998037,1.00112,-0.00103013,0,4.87719e-05,-0.00296828,1.00112
3,27,0.109375,0.859375,0.998742,1.00047,0.49739,0,0.998723,1.00109,-0.00086691,0,4.04492e-05,-0.00268971,1.00109
4,27,0.140625,0.859375,0.999597,0.999282,0.497587,0,0.999844,1.00103,-0.000574314,0,2.27336e-05,-0.00208883,1.00103
5,27,0.171875,0.859375,1.00056,0.997857,0.497995,0,1.00122,1.00094,-7.73274e-05,0,-3.1715e-06,-0.00119625,1.00094
6,27,0.203125,0.859375,1.00149,0.996423,0.498701,0,1.00258,1.00081,0.000720711,0,-3.1064e-05,-0.000188932,1.00081
7,27,0.234375,0.859375,1.00221,0.995217,0.499765,0,1.00363,1.00067,0.00188669,0,-5.02058e-05,0.000636978,1.00067
8,27,0.265625,0.859375,1.00265,0.994392,0.501111,0,1.00423,1.00052,0.00334232,0,-5.03728e-05,0.00103557,1.00053
9,27,0.296875,0.859375,1.0028,0.993975,0.502449,0,1.00438,1.00039,0.00478086,0,-2.86159e-05,0.000979853,1.0004
10,27,0.328125,0.859375,1.00274,0.993881,0.503369,0,1.0042,1.00029,0.00576493,0,7.74834e-06,0.000688598,1.0003
11,27,0.359375,0.859375,1.00261,0.993965,0.503584,0,1.00392,1.00023,0.0059828,0,4.59472e-05,0.000418227,1.00025
12,27,0.390625,0.859375,1.00249,0.9941,0.503102,0,1.00369,1.00022,0.00542867,0,7.58989e-05,0.000256398,1.00024
13,27,0.421875,0.859375,1.00244,0.994225,0.502182,0,1.00358,1.00025,0.00436549,0,9.45564e-05,0.000108372,1.00026
14,27,0.453125,0.859375,1.00243,0.994345,0.501153,0,1.00358,1.00029,0.00314025,0,0.000104595,-0.000171779,1.0003
15,27,0.484375,0.859375,1.0024,0.994498,0.500247,0,1.00361,1.00035,0.00200795,0,0.000110362,-0.000654832,1.00035
16,27,0.515625,0.859375,1.0023,0.99472,0.49954,0,1.00362,1.00041,0.00107071,0,0.000114688,-0.00130007,1.00041
17,27,0.546875,0.859375,1.0021,0.995024,0.499011,0,1.00358,1.00047,0.000327097,0,0.000118275,-0.00200518,1.00047
18,27,0.578125,0.859375,1.00177,0.995401,0.498617,0,1.00347,1.00053,-0.000254825,0,0.000120657,-0.0026677,1.00053
19,27,0.609375,0.859375,1.00131,0.995833,0.498326,0,1.00331,1.00057,-0.000700131,0,0.000121154,-0.00321442,1.00057
20,27,0.640625,0.859375,1.00073,0.996298,0.498119,0,1.00311,1.00062,-0.00102454,0,0.0001193,-0.00360413,1.00062
21,27,0.671875,0.859375,1.00008,0.996779,0.497983,0,1.00287,1.00066,-0.00124209,0,0.000114917,-0.00382245,1.00066
22,27,0.703125,0.859375,0.999386,0.997265,0.497905,0,1.00261,1.00069,-0.00136926,0,0.000108111,-0.00387718,1.00069
23,27,0.734375,0.859375,0.998715,0.997748,0.49787,0,1.00232,1.00073,-0.00142499,0,9.92476e-05,-0.00379319,1.00073
24,27,0.765625,0.859375,0.998121,0.998226,0.497862,0,1.002,1.00077,-0.00142882,0,8.89166e-05,-0.00360697,1.00077
25,27,0.796875,0.859375,0.997647,0.998701,0.497865,0,1.00164,1.00081,-0.0013992,0,7.78799e-05,-0.00336116,1.00081
26,27,0.828125,0.859375,0.997316,0.999178,0.497865,0,1.00123,1.00085,-0.00135221,0,6.70146e-05,-0.00309983,1.00085
27,27,0.859375,0.859375,0.997128,0.999659,0.497852,0,1.00076,1.0009,-0.00130081,0,5.72534e-05,-0.00286473,1.0009
28,27,0.890625,0.859375,0.997058,1.00014,0.497817,0,1.00022,1.00094,-0.00125433,0,4.95058e-05,-0.00269185,1.00094
29,27,0.921875,0.859375,0.997071,1.00063,0.497756,0,0.999634,1.00099,-0.00121813,0,4.45376e-05,-0.00260762,1.00099
30,27,0.953125,0.859375,0.997135,1.00108,0.49767,0,0.999019,1.00103,-0.00119316,0,4.27742e-05,-0.00262313,1.00103
31,27,0.984375,0.859375,0.997237,1.00146,0.497566,0,0.998442,1.00107,-0.00117531,0,4.4019e-05,-0.0027268,1.00107
0,28,0.015625,0.890625,0.998061,1.00168,0.497359,0,0.998678,1.00064,-0.00117632,0,5.00333e-05,-0.00272739,1.00064
1,28,0.046875,0.890625,0.998294,1.00165,0.497305,0,0.998551,1.00056,-0.00111878,0,4.70128e-05,-0.00267655,1.00056
2,28,0.078125,0.890625,0.998692,1.00128,0.497314,0,0.998796,1.00046,-0.00100827,0,3.92172e-05,-0.00246723,1.00046
3,28,0.109375,0.890625,0.999308,1.00049,0.497429,0,0.999497,1.00034,-0.000807361,0,2.35774e-05,-0.0020032,1.00034
4,28,0.140625,0.890625,1.00014,0.999313,0.497699,0,1.00063,1.00019,-0.000465742,0,-1.4889e-06,-0.00123689,1.00019
5,28,0.171875,0.890625,1.0011,0.997868,0.498183,0,1.00204,1.00002,8.61924e-05,0,-3.39036e-05,-0.000232008,1.00002
6,28,0.203125,0.890625,1.00204,0.996378,0.498952,0,1.00345,0.999831,0.000931882,0,-6.60359e-05,0.000781877,0.999832
7,28,0.234375,0.890625,1.00281,0.995084,0.500041,0,1.0046,0.999645,0.00211787,0,-8.5148e-05,0.0014406,0.999647
8,28,0.265625,0.890625,1.00329,0.994163,0.501353,0,1.00529,0.999485,0.00354742,0,-7.93066e-05,0.00145706,0.999492
9,28,0.296875,0.890625,1.00347,0.993681,0.502595,0,1.00549,0.999383,0.00491044,0,-4.60408e-05,0.000858388,0.999395
10,28,0.328125,0.890625,1.00338,0.99359,0.503375,0,1.0053,0.999361,0.0057874,0,4.1244e-06,1.50554e-05,0.999377
11,28,0.359375,0.890625,1.00316,0.993761,0.50344,0,1.0049,0.999427,0.00589667,0,5.35977e-05,-0.000626056,0.999445
12,28,0.390625,0.890625,1.00289,0.994056,0.502826,0,1.00448,0.999571,0.00525801,0,8.84067e-05,-0.000851537,0.999585
13,28,0.421875,0.890625,1.00266,0.994379,0.501808,0,1.00413,0.999768,0.004145,0,0.000104439,-0.000753116,0.999777
14,28,0.453125,0.890625,1.00246,0.994692,0.500714,0,1.00389,0.999989,0.00290108,0,0.000106164,-0.000579054,0.999993
15,28,0.484375,0.890625,1.00227,0.995005,0.499771,0,1.00372,1.00021,0.00177116,0,0.000101161,-0.000541538,1.00021
16,28,0.515625,0.890625,1.00205,0.995338,0.499048,0,1.00357,1.00041,0.000847911,0,9.52851e-05,-0.000717722,1.00041
17,28,0.546875,0.890625,1.00176,0.995703,0.49852,0,1.00342,1.00058,0.00012365,0,9.11827e-05,-0.0010741,1.00058
18,28,0.578125,0.890625,1.0014,0.996098,0.49814,0,1.00326,1.00071,-0.000437222,0,8.91897e-05,-0.00153254,1.00071
19,28,0.609375,0.890625,1.00096,0.996512,0.497871,0,1.00308,1.00081,-0.000862024,0,8.86267e-05,-0.00201418,1.00081
20,28,0.640625,0.890625,1.00044,0.996935,0.497692,0,1.00288,1.00088,-0.00116779,0,8.85718e-05,-0.00245501,1.00088
21,28,0.671875,0.890625,0.999887,0.997357,0.497589,0,1.00268,1.00092,-0.00136908,0,8.8185e-05,-0.00280986,1.00092
22,28,0.703125,0.890625,0.999327,0.997774,0.497545,0,1.00247,1.00094,-0.00148235,0,8.68546e-05,-0.00305416,1.00094
23,28,0.734375,0.890625,0.998806,0.998185,0.497543,0,1.00224,1.00094,-0.00152613,0,8.42588e-05,-0.00318307,1.00094
24,28,0.765625,0.890625,0.998364,0.998592,0.497567,0,1.00199,1.00093,-0.00151947,0,8.03747e-05,-0.00320832,1.00093
25,28,0.796875,0.890625,0.998032,0.998998,0.4976,0,1.0017,1.00091,-0.00148039,0,7.5438e-05,-0.00315331,1.00091
26,28,0.828125,0.890625,0.997822,0.999409,0.497629,0,1.00138,1.00089,-0.00142469,0,6.98811e-05,-0.00304801,1.00089
27,28,0.859375,0.890625,0.997724,0.999831,0.497642,0,1.001,1.00086,-0.00136516,0,6.42638e-05,-0.00292443,1.00086
28,28,0.890625,0.890625,0.997714,1.00026,0.49763,0,1.00056,1.00083,-0.00131104,0,5.91936e-05,-0.00281252,1.00083
29,28,0.921875,0.890625,0.997759,1.0007,0.49759,0,1.00006,1.00079,-0.00126754,0,5.52129e-05,-0.00273578,1.00079
30,28,0.953125,0.890625,0.997832,1.00112,0.497524,0,0.999542,1.00075,-0.00123512,0,5.2624e-05,-0.00270575,1.00075
31,28,0.984375,0.890625,0.997925,1.00147,0.497441,0,0.99905,1.0007,-0.00120864,0,5.12295e-05,-0.00271462,1.0007
0,29,0.015625,0.921875,0.998568,1.00179,0.497385,0,0.999062,1.00031,-0.0011149,0,4.02531e-05,-0.00216231,1.00031
1,29,0.046875,0.921875,0.998753,1.00179,0.497365,0,0.998953,1.00016,-0.00103456,0,3.16679e-05,-0.00193131,1.00016
2,29,0.078125,0.921875,0.999101,1.00146,0.497419,0,0.999195,1,-0.000892952,0,1.77841e-05,-0.00153613,1
3,29,0.109375,0.921875,0.999668,1.00072,0.497593,0,0.99988,0.999816,-0.000651186,0,-3.88142e-06,-0.000902549,0.999816
4,29,0.140625,0.921875,1.00046,0.999583,0.497933,0,1.001,0.99961,-0.00026054,0,-3.42381e-05,-7.74591e-06,0.99961
5,29,0.171875,0.921875,1.00141,0.998146,0.498489,0,1.00242,0.999388,0.000340907,0,-7.0307e-05,0.00104982,0.999388
6,29,0.203125,0.921875,1.00238,0.996621,0.49931,0,1.00389,0.999162,0.00122025,0,-0.00010327,0.0019919,0.999163
7,29,0.234375,0.921875,1.0032,0.995249,0.500402,0,1.00514,0.998955,0.00240013,0,-0.000118876,0.00239598,0.998958
8,29,0.265625,0.921875,1.00375,0.994232,0.501645,0,1.00596,0.9988,0.00376331,0,-0.000104058,0.00194572,0.998807
9,29,0.296875,0.921875,1.00397,0.993676,0.502745,0,1.00626,0.998734,0.00499945,0,-5.73744e-05,0.000735363,0.998746
10,29,0.328125,0.921875,1.00388,0.993569,0.503337,0,1.0061,0.998783,0.00571557,0,7.29226e-06,-0.000712617,0.9988
11,29,0.359375,0.921875,1.00359,0.993802,0.503212,0,1.00564,0.998953,0.00567181,0,6.78972e-05,-0.00177321,0.998969
12,29,0.390625,0.921875,1.00321,0.994224,0.502443,0,1.00507,0.999221,0.00492288,0,0.000107206,-0.00212194,0.999234
13,29,0.421875,0.921875,1.00282,0.994707,0.501323,0,1.00453,0.999552,0.00375626,0,0.000120568,-0.0018534,0.999559
14,29,0.453125,0.921875,1.00246,0.995177,0.500182,0,1.00408,0.999903,0.00250903,0,0.000114386,-0.00130802,0.999907
15,29,0.484375,0.921875,1.00213,0.995616,0.49923,0,1.00373,1.00024,0.00140962,0,9.92371e-05,-0.000819999,1.00024
16,29,0.515625,0.921875,1.00181,0.99603,0.498525,0,1.00345,1.00054,0.000534414,0,8.36226e-05,-0.000566799,1.00054
17,29,0.546875,0.921875,1.00146,0.996433,0.498033,0,1.00321,1.00078,-0.0001359,0,7.18222e-05,-0.000575132,1.00078
18,29,0.578125,0.921875,1.00108,0.996829,0.497697,0,1.00298,1.00096,-0.00064409,0,6.48339e-05,-0.000792296,1.00096
19,29,0.609375,0.921875,1.00066,0.997216,0.497478,0,1.00278,1.00108,-0.00102162,0,6.19941e-05,-0.00114179,1.00108
20,29,0.640625,0.921875,1.00021,0.99759,0.497351,0,1.00258,1.00115,-0.00128759,0,6.205e-05,-0.00154798,1.00116
21,29,0.671875,0.921875,0.999752,0.997952,0.497296,0,1.0024,1.00118,-0.00145699,0,6.36706e-05,-0.00194599,1.00118
22,29,0.703125,0.921875,0.999315,0.998301,0.497297,0,1.00222,1.00117,-0.00154562,0,6.56948e-05,-0.00228778,1.00117
23,29,0.734375,0.921875,0.998929,0.998643,0.497337,0,1.00203,1.00114,-0.00157064,0,6.72525e-05,-0.0025447,1.00114
24,29,0.765625,0.921875,0.99862,0.99898,0.497397,0,1.00184,1.00108,-0.00154956,0,6.78065e-05,-0.00270666,1.00108
25,29,0.796875,0.921875,0.998407,0.999321,0.497463,0,1.00161,1.00102,-0.0014989,0,6.71271e-05,-0.00277844,1.00102
26,29,0.828125,0.921875,0.998291,0.999672,0.49752,0,1.00136,1.00094,-0.00143322,0,6.5235e-05,-0.00277513,1.00094
27,29,0.859375,0.921875,0.998259,1.00004,0.497558,0,1.00105,1.00085,-0.00136436,0,6.23314e-05,-0.00271737,1.00085
28,29,0.890625,0.921875,0.998285,1.00043,0.497569,0,1.00069,1.00076,-0.00130091,0,5.87256e-05,-0.00262724,1.00076
29,29,0.921875,0.921875,0.998341,1.00083,0.49755,0,1.00027,1.00066,-0.00124749,0,5.47388e-05,-0.00252392,1.00066
30,29,0.953125,0.921875,0.998403,1.00122,0.497504,0,0.999823,1.00055,-0.00120394,0,5.05543e-05,-0.00241842,1.00055
31,29,0.984375,0.921875,0.99847,1.00156,0.497442,0,0.999391,1.00044,-0.00116419,0,4.59944e-05,-0.00230668,1.00044
0,30,0.015625,0.953125,0.998889,1.00194,0.49754,0,0.999163,1.00009,-0.000987907,0,2.10727e-05,-0.00134381,1.00009
1,30,0.046875,0.953125,0.999018,1.00199,0.497552,0,0.999045,0.999907,-0.000880951,0,7.02808e-06,-0.000927832,0.999908
2,30,0.078125,0.953125,0.999303,1.00174,0.497651,0,0.999252,0.999708,-0.00070482,0,-1.24204e-05,-0.000349401,0.999708
3,30,0.109375,0.953125,0.999811,1.00108,0.497882,0,0.999889,0.999491,-0.000420176,0,-3.90138e-05,0.000441048,0.999491
4,30,0.140625,0.953125,1.00056,1.00001,0.498287,0,1.00097,0.999257,1.85714e-05,0,-7.28379e-05,0.00143437,0.999257
5,30,0.171875,0.953125,1.0015,0.998604,0.498906,0,1.00239,0.999012,0.000663489,0,-0.00010996,0.00249339,0.999012
6,30,0.203125,0.953125,1.00249,0.997061,0.499762,0,1.00393,0.998773,0.00156284,0,-0.000140583,0.0033032,0.998774
7,30,0.234375,0.953125,1.00338,0.99562,0.500834,0,1.0053,0.998566,0.00271284,0,-0.000149717,0.00339925,0.99857
8,30,0.265625,0.953125,1.00401,0.994507,0.501974,0,1.00627,0.998431,0.00397471,0,-0.000123824,0.00244799,0.998439
9,30,0.296875,0.953125,1.0043,0.993868,0.502891,0,1.00671,0.998408,0.00504156,0,-6.3036e-05,0.00062284,0.998421
10,30,0.328125,0.953125,1.00424,0.993729,0.503255,0,1.00663,0.998525,0.00555522,0,1.54326e-05,-0.00140955,0.99854
11,30,0.359375,0.953125,1.00391,0.993999,0.502909,0,1.00616,0.99878,0.00532728,0,8.57482e-05,-0.00287057,0.998794
12,30,0.390625,0.953125,1.00344,0.994519,0.501973,0,1.00549,0.999144,0.00445416,0,0.000128295,-0.0033501,0.999154
13,30,0.421875,0.953125,1.00292,0.995131,0.50076,0,1.00479,0.999569,0.00323831,0,0.000138526,-0.00295752,0.999574
14,30,0.453125,0.953125,1.00243,0.995727,0.499591,0,1.00417,1.00001,0.00200646,0,0.0001249,-0.00211735,1.00001
15,30,0.484375,0.953125,1.00199,0.996262,0.498661,0,1.00367,1.00041,0.000964443,0,0.000100656,-0.0012637,1.00041
16,30,0.515625,0.953125,1.00158,0.996735,0.498007,0,1.00327,1.00076,0.000166711,0,7.64275e-05,-0.000651303,1.00076
17,30,0.546875,0.953125,1.00119,0.997159,0.497582,0,1.00294,1.00103,-0.000421589,0,5.77044e-05,-0.000351958,1.00103
18,30,0.578125,0.953125,1.0008,0.997545,0.497319,0,1.00266,1.00123,-0.000852562,0,4.59114e-05,-0.000333327,1.00123
19,30,0.609375,0.953125,1.00041,0.997899,0.497172,0,1.00242,1.00136,-0.00116275,0,4.03515e-05,-0.000524437,1.00136
20,30,0.640625,0.953125,1.00002,0.998225,0.497113,0,1.00222,1.00142,-0.00137348,0,3.95236e-05,-0.000846131,1.00142
21,30,0.671875,0.953125,0.999654,0.998529,0.49712,0,1.00204,1.00142,-0.00149994,0,4.17573e-05,-0.00122364,1.00142
22,30,0.703125,0.953125,0.999324,0.998815,0.497175,0,1.00188,1.00138,-0.00155667,0,4.55096e-05,-0.00159451,1.00138
23,30,0.734375,0.953125,0.999049,0.999092,0.49726,0,1.00172,1.00131,-0.00155878,0,4.95133e-05,-0.00191331,1.00131
24,30,0.765625,0.953125,0.998847,0.999366,0.49736,0,1.00156,1.00121,-0.00152143,0,5.28348e-05,-0.00215267,1.00122
25,30,0.796875,0.953125,0.998724,0.999646,0.497459,0,1.00139,1.0011,-0.00145886,0,5.48622e-05,-0.00230106,1.0011
26,30,0.828125,0.953125,0.998675,0.999941,0.497545,0,1.00118,1.00098,-0.00138365,0,5.5256e-05,-0.00235907,1.00098
27,30,0.859375,0.953125,0.998684,1.00026,0.497607,0,1.00093,1.00085,-0.00130606,0,5.38867e-05,-0.00233531,1.00085
28,30,0.890625,0.953125,0.998725,1.0006,0.497639,0,1.00063,1.00071,-0.00123345,0,5.07738e-05,-0.00224259,1.00071
29,30,0.921875,0.953125,0.998774,1.00097,0.497639,0,1.00027,1.00057,-0.00116952,0,4.60116e-05,-0.00209402,1.00057
30,30,0.953125,0.953125,0.998812,1.00135,0.497612,0,0.999872,1.00042,-0.00111327,0,3.9653e-05,-0.00189837,1.00042
31,30,0.984375,0.953125,0.99884,1.00169,0.497572,0,0.999477,1.00026,-0.0010576,0,3.15373e-05,-0.00165422,1.00026
0,31,0.015625,0.984375,0.99903,1.00212,0.497819,0,0.999022,0.999943,-0.000811639,0,-3.96817e-06,-0.000416886,0.999943
1,31,0.046875,0.984375,0.999096,1.00223,0.497864,0,0.998868,0.999743,-0.000675856,0,-2.34502e-05,0.000182715,0.999744
2,31,0.078125,0.984375,0.999312,1.00206,0.498005,0,0.999015,0.999531,-0.000463391,0,-4.81077e-05,0.000938138,0.999531
3,31,0.109375,0.984375,0.999755,1.0015,0.498288,0,0.999578,0.999305,-0.000135534,0,-7.87445e-05,0.00186974,0.999305
4,31,0.140625,0.984375,1.00046,1.00052,0.498751,0,1.0006,0.999067,0.000348781,0,-0.000114478,0.00293548,0.999067
5,31,0.171875,0.984375,1.00138,0.999164,0.49942,0,1.00202,0.998824,0.00102987,0,-0.000150449,0.00395746,0.998824
6,31,0.203125,0.984375,1.00241,0.997615,0.500294,0,1.00362,0.998595,0.00193508,0,-0.000176045,0.00458363,0.998597
7,31,0.234375,0.984375,1.00338,0.99611,0.501319,0,1.00513,0.99841,0.0030335,0,-0.000176377,0.00434571,0.998415
8,31,0.265625,0.984375,1.00411,0.994897,0.502324,0,1.00628,0.998311,0.00416492,0,-0.00013835,0.00290476,0.998319
9,31,0.296875,0.984375,1.0045,0.994163,0.503022,0,1.00691,0.998338,0.00503017,0,-6.40867e-05,0.000519782,0.998351
10,31,0.328125,0.984375,1.00449,0.993976,0.503127,0,1.00695,0.998517,0.00531313,0,2.61169e-05,-0.00201332,0.998531
11,31,0.359375,0.984375,1.00415,0.994264,0.502544,0,1.00651,0.998842,0.00488412,0,0.000103597,-0.00379771,0.998854
12,31,0.390625,0.984375,1.00361,0.994859,0.501441,0,1.00578,0.999274,0.00388508,0,0.000147427,-0.00437019,0.999282
13,31,0.421875,0.984375,1.00299,0.995576,0.500148,0,1.00496,0.99976,0.00263215,0,0.00015384,-0.0038705,0.999763
14,31,0.453125,0.984375,1.00239,0.996275,0.498978,0,1.00419,1.00024,0.00143697,0,0.000133387,-0.00279953,1.00024
15,31,0.484375,0.984375,1.00186,0.996887,0.498099,0,1.00355,1.00068,0.00047714,0,0.000101514,-0.00166839,1.00068
16,31,0.515625,0.984375,1.00138,0.997403,0.497527,0,1.00304,1.00104,-0.000219128,0,7.03885e-05,-0.000784067,1.00104
17,31,0.546875,0.984375,1.00096,0.997839,0.497193,0,1.00263,1.00131,-0.000704576,0,4.62184e-05,-0.000245245,1.00131
18,31,0.578125,0.984375,1.00057,0.99821,0.497024,0,1.00229,1.0015,-0.00104145,0,3.05712e-05,-3.09433e-05,1.0015
19,31,0.609375,0.984375,1.0002,0.998533,0.496966,0,1.00202,1.00161,-0.00127134,0,2.26222e-05,-7.47077e-05,1.00161
20,31,0.640625,0.984375,0.99987,0.998815,0.496985,0,1.0018,1.00164,-0.00141742,0,2.06634e-05,-0.00029834,1.00164
21,31,0.671875,0.984375,0.999576,0.999066,0.497061,0,1.00162,1.00162,-0.0014946,0,2.28033e-05,-0.000624428,1.00162
22,31,0.703125,0.984375,0.999329,0.999297,0.497175,0,1.00146,1.00155,-0.0015157,0,2.72653e-05,-0.000983943,1.00155
23,31,0.734375,0.984375,0.999141,0.999515,0.497308,0,1.00132,1.00144,-0.00149329,0,3.25289e-05,-0.0013215,1.00144
24,31,0.765625,0.984375,0.999016,0.999732,0.497448,0,1.00119,1.00131,-0.00143966,0,3.73872e-05,-0.00159759,1.00131
25,31,0.796875,0.984375,0.998955,0.999957,0.49758,0,1.00104,1.00116,-0.00136629,0,4.09404e-05,-0.00178768,1.00116
26,31,0.828125,0.984375,0.998947,1.0002,0.497693,0,1.00087,1.001,-0.00128329,0,4.25549e-05,-0.00187961,1.001
27,31,0.859375,0.984375,0.998975,1.00047,0.497778,0,1.00066,1.00083,-0.00119884,0,4.18094e-05,-0.0018702,1.00083
28,31,0.890625,0.984375,0.999015,1.00077,0.497831,0,1.0004,1.00066,-0.00111865,0,3.84487e-05,-0.00176225,1.00066
29,31,0.921875,0.984375,0.999045,1.00112,0.497851,0,1.00009,1.00049,-0.00104512,0,3.23356e-05,-0.0015613,1.00049
30,31,0.953125,0.984375,0.99905,1.00148,0.497844,0,0.999721,1.00031,-0.000976148,0,2.33695e-05,-0.00127197,1.00031
31,31,0.984375,0.984375,0.999035,1.00183,0.497824,0,0.999343,1.00013,-0.000903579,0,1.13928e-05,-0.000893879,1.00013
