i,j,x,y,rho,u,v,w,p,Bx,By,Bz,psi,divB_fv,Bmag
0,0,0.0078125,0.0078125,0.998918,1.00224,0.498155,0,0.998174,0.999579,-0.00116746,0,-4.01449e-05,0.000623822,0.99958
1,0,0.0234375,0.0078125,0.998827,1.00264,0.49785,0,0.997981,0.999552,-0.00119237,0,-5.14697e-05,0.00104489,0.999553
2,0,0.0390625,0.0078125,0.998746,1.00305,0.497515,0,0.997813,0.999529,-0.0012174,0,-6.24787e-05,0.00148896,0.99953
3,0,0.0546875,0.0078125,0.998703,1.00343,0.497172,0,0.997703,0.999508,-0.00123138,0,-7.31102e-05,0.00202936,0.999508
4,0,0.0703125,0.0078125,0.998731,1.00378,0.496826,0,0.997737,0.999484,-0.00122182,0,-8.16085e-05,0.00248341,0.999485
5,0,0.0859375,0.0078125,0.998894,1.00399,0.496552,0,0.997982,0.999454,-0.00117183,0,-9.4257e-05,0.00345824,0.999455
6,0,0.101562,0.0078125,0.99914,1.00398,0.496264,0,0.998359,0.999413,-0.00109751,0,-0.000104624,0.00328609,0.999413
7,0,0.117188,0.0078125,0.999656,1.00378,0.496163,0,0.999202,0.999363,-0.00089098,0,-0.000121383,0.00561243,0.999363
8,0,0.132812,0.0078125,1.00042,1.00322,0.496212,0,1.00045,0.999276,-0.000608423,0,-0.000128097,0.00547911,0.999276
9,0,0.148438,0.0078125,1.00139,1.00236,0.496401,0,1.00203,0.999155,-0.000206808,0,-0.000143555,0.00639558,0.999155
10,0,0.164062,0.0078125,1.00253,1.00123,0.496797,0,1.0039,0.998993,0.000341521,0,-0.000163305,0.00749885,0.998993
11,0,0.179688,0.0078125,1.00376,0.999931,0.497396,0,1.00591,0.998783,0.00102933,0,-0.00018415,0.00833757,0.998783
12,0,0.195312,0.0078125,1.00495,0.998599,0.49818,0,1.00783,0.998522,0.00185071,0,-0.000205704,0.00896219,0.998523
13,0,0.210938,0.0078125,1.00597,0.997364,0.499148,0,1.0095,0.998222,0.0027931,0,-0.000218383,0.00922645,0.998226
14,0,0.226562,0.0078125,1.00676,0.996323,0.500238,0,1.01076,0.997896,0.00382427,0,-0.000217348,0.0082713,0.997903
15,0,0.242188,0.0078125,1.00726,0.995529,0.501404,0,1.01156,0.997567,0.00490602,0,-0.000201503,0.00699968,0.997579
16,0,0.257812,0.0078125,1.00754,0.994961,0.502546,0,1.01194,0.997263,0.00595856,0,-0.000170785,0.00514924,0.99728
17,0,0.273438,0.0078125,1.00739,0.994646,0.503646,0,1.01167,0.99702,0.00693698,0,-0.000112206,0.00240211,0.997044
18,0,0.289062,0.0078125,1.00702,0.994685,0.504508,0,1.01102,0.99686,0.00768211,0,-5.83605e-05,0.000278995,0.99689
19,0,0.304688,0.0078125,1.00649,0.994812,0.505149,0,1.01015,0.996806,0.00826324,0,1.53227e-05,-0.00241566,0.996841
20,0,0.320312,0.0078125,1.00578,0.995105,0.505509,0,1.009,0.996877,0.00841181,0,9.8705e-05,-0.00626284,0.996912
21,0,0.335938,0.0078125,1.00503,0.995411,0.505402,0,1.00781,0.997088,0.00828213,0,0.000158462,-0.00806848,0.997122
22,0,0.351562,0.0078125,1.00425,0.995744,0.505055,0,1.00661,0.997437,0.00788295,0,0.000210776,-0.00952734,0.997469
23,0,0.367188,0.0078125,1.00351,0.99609,0.504388,0,1.00548,0.997909,0.00717109,0,0.000238599,-0.00961678,0.997935
24,0,0.382812,0.0078125,1.00285,0.996421,0.503476,0,1.0045,0.998475,0.00623199,0,0.000247282,-0.00929458,0.998494
25,0,0.398438,0.0078125,1.00231,0.996725,0.502395,0,1.00371,0.999109,0.00514804,0,0.000238993,-0.00844664,0.999122
26,0,0.414062,0.0078125,1.00187,0.996983,0.501222,0,1.00308,0.999781,0.00399554,0,0.000214854,-0.00705481,0.999789
27,0,0.429688,0.0078125,1.0015,0.997188,0.500023,0,1.00261,1.00046,0.00283626,0,0.000179417,-0.00526722,1.00047
28,0,0.445312,0.0078125,1.0012,0.997331,0.498869,0,1.00225,1.00112,0.00173672,0,0.000138513,-0.0034085,1.00112
29,0,0.460938,0.0078125,1.00093,0.997422,0.497808,0,1.00198,1.00173,0.00074357,0,9.67054e-05,-0.00171346,1.00173
30,0,0.476562,0.0078125,1.00069,0.997472,0.496869,0,1.00175,1.00227,-0.000114886,0,5.66526e-05,-0.00028353,1.00227
31,0,0.492188,0.0078125,1.00049,0.99749,0.496069,0,1.00156,1.00272,-0.000821533,0,2.12143e-05,0.000809484,1.00272
32,0,0.507812,0.0078125,1.00033,0.997505,0.495422,0,1.00139,1.00308,-0.00137718,0,-6.23607e-06,0.0015145,1.00308
33,0,0.523438,0.0078125,1.0002,0.997549,0.494937,0,1.00126,1.00334,-0.00180755,0,-2.63741e-05,0.00194245,1.00335
34,0,0.539062,0.0078125,1.00007,0.997643,0.494617,0,1.00117,1.00352,-0.00213397,0,-3.92248e-05,0.00222434,1.00352
35,0,0.554688,0.0078125,0.999948,0.997797,0.494432,0,1.0011,1.00361,-0.00238539,0,-3.98791e-05,0.00194034,1.00361
36,0,0.570312,0.0078125,0.999882,0.997981,0.494438,0,1.00111,1.00363,-0.00258857,0,-4.65884e-05,0.00151694,1.00364
37,0,0.585938,0.0078125,0.999839,0.998228,0.494527,0,1.00117,1.0036,-0.00274274,0,-4.7337e-05,0.00182156,1.0036
38,0,0.601562,0.0078125,0.999821,0.998517,0.4947,0,1.00125,1.00351,-0.00285083,0,-4.01889e-05,0.000857865,1.00351
39,0,0.617188,0.0078125,0.999814,0.998819,0.494959,0,1.00134,1.00338,-0.00291983,0,-3.66748e-05,0.00111203,1.00339
40,0,0.632812,0.0078125,0.999793,0.999122,0.495262,0,1.00141,1.00322,-0.00295326,0,-2.75074e-05,0.000551818,1.00322
41,0,0.648438,0.0078125,0.999767,0.999394,0.495592,0,1.00146,1.00303,-0.00294747,0,-1.45178e-05,-2.84835e-05,1.00303
42,0,0.664062,0.0078125,0.999723,0.999625,0.495928,0,1.00145,1.00282,-0.00291604,0,-6.16046e-06,-0.00026791,1.00282
43,0,0.679688,0.0078125,0.99965,0.999818,0.496263,0,1.00139,1.0026,-0.0028538,0,3.83262e-06,-0.000703356,1.0026
44,0,0.695312,0.0078125,0.999561,0.999957,0.496593,0,1.00129,1.00237,-0.00276408,0,1.33887e-05,-0.000887525,1.00237
45,0,0.710938,0.0078125,0.999457,1.00005,0.496904,0,1.00113,1.00214,-0.0026563,0,2.18699e-05,-0.00117459,1.00214
46,0,0.726562,0.0078125,0.999349,1.0001,0.497195,0,1.00093,1.0019,-0.00253334,0,3.02824e-05,-0.00156698,1.0019
47,0,0.742188,0.0078125,0.999251,1.00013,0.497469,0,1.00071,1.00167,-0.00239982,0,3.76948e-05,-0.00184986,1.00167
48,0,0.757812,0.0078125,0.999171,1.00015,0.497726,0,1.00049,1.00145,-0.00226249,0,4.32717e-05,-0.00203241,1.00145
49,0,0.773438,0.0078125,0.999114,1.00016,0.497966,0,1.00028,1.00123,-0.00212589,0,4.73318e-05,-0.0021918,1.00124
50,0,0.789062,0.0078125,0.999079,1.00018,0.498189,0,1.00009,1.00103,-0.00199349,0,4.97819e-05,-0.00229286,1.00103
51,0,0.804688,0.0078125,0.999068,1.0002,0.498393,0,0.999918,1.00084,-0.00186781,0,5.07128e-05,-0.00233787,1.00085
52,0,0.820312,0.0078125,0.99907,1.00023,0.498577,0,0.999762,1.00067,-0.00174988,0,5.0285e-05,-0.00233964,1.00067
53,0,0.835938,0.0078125,0.999085,1.00027,0.498737,0,0.999623,1.00051,-0.00164013,0,4.84973e-05,-0.00229315,1.00051
54,0,0.851562,0.0078125,0.99911,1.00033,0.498871,0,0.999498,1.00036,-0.00153955,0,4.52558e-05,-0.00219693,1.00036
55,0,0.867188,0.0078125,0.999139,1.00039,0.498974,0,0.999383,1.00023,-0.00144778,0,4.07605e-05,-0.00207236,1.00023
56,0,0.882812,0.0078125,0.999166,1.00047,0.499048,0,0.999279,1.00011,-0.00136868,0,3.47998e-05,-0.00179244,1.00011
57,0,0.898438,0.0078125,0.999185,1.00058,0.499087,0,0.999171,1,-0.0013016,0,3.00637e-05,-0.00189676,1
58,0,0.914062,0.0078125,0.999197,1.0007,0.499082,0,0.999068,0.999913,-0.00123959,0,2.09642e-05,-0.00137513,0.999914
59,0,0.929688,0.0078125,0.999191,1.00086,0.49904,0,0.998959,0.999833,-0.00119648,0,1.23803e-05,-0.00121408,0.999833
60,0,0.945312,0.0078125,0.999173,1.00105,0.498954,0,0.998838,0.999763,-0.00116485,0,3.26079e-06,-0.000912598,0.999764
61,0,0.960938,0.0078125,0.999136,1.00128,0.498822,0,0.998699,0.999703,-0.00114615,0,-7.00266e-06,-0.000551457,0.999704
62,0,0.976562,0.0078125,0.999078,1.00155,0.498644,0,0.998541,0.999653,-0.00114039,0,-1.7361e-05,-0.000218223,0.999654
63,0,0.992188,0.0078125,0.999004,1.00187,0.498422,0,0.998364,0.999612,-0.00114886,0,-2.90413e-05,0.000236651,0.999613
0,1,0.0078125,0.0234375,0.998496,1.00208,0.498962,0,0.997465,0.999239,-0.00111059,0,-5.69065e-05,0.000784971,0.99924
1,1,0.0234375,0.0234375,0.998382,1.00245,0.498682,0,0.997246,0.999202,-0.00113593,0,-7.04334e-05,0.00121946,0.999202
2,1,0.0390625,0.0234375,0.998281,1.00285,0.498369,0,0.997048,0.999171,-0.00116044,0,-8.39826e-05,0.00166225,0.999171
3,1,0.0546875,0.0234375,0.998218,1.00321,0.49804,0,0.996902,0.999146,-0.0011713,0,-9.68579e-05,0.00224294,0.999146
4,1,0.0703125,0.0234375,0.998225,1.00358,0.497713,0,0.996899,0.999122,-0.00115673,0,-0.000109745,0.00267869,0.999123
5,1,0.0859375,0.0234375,0.998353,1.00378,0.497445,0,0.997084,0.999101,-0.00109461,0,-0.000122295,0.00360142,0.999102
6,1,0.101562,0.0234375,0.998596,1.00384,0.497169,0,0.997443,0.999072,-0.00100662,0,-0.000139119,0.00393111,0.999072
7,1,0.117188,0.0234375,0.999076,1.00366,0.497029,0,0.998228,0.999037,-0.000777265,0,-0.00014852,0.00502436,0.999037
8,1,0.132812,0.0234375,0.999799,1.00317,0.497077,0,0.999405,0.998978,-0.000455869,0,-0.000162219,0.00597773,0.998978
9,1,0.148438,0.0234375,1.00075,1.00238,0.497256,0,1.00095,0.998889,-1.46151e-05,0,-0.000176206,0.00663793,0.998889
10,1,0.164062,0.0234375,1.0019,1.00133,0.497634,0,1.00282,0.998768,0.000582768,0,-0.000194198,0.00770255,0.998768
11,1,0.179688,0.0234375,1.00314,1.00008,0.4982,0,1.00485,0.998607,0.00132631,0,-0.000213622,0.00868801,0.998608
12,1,0.195312,0.0234375,1.00437,0.998804,0.498945,0,1.00684,0.998405,0.00219917,0,-0.000229735,0.00938581,0.998408
13,1,0.210938,0.0234375,1.00545,0.997627,0.499844,0,1.0086,0.998167,0.00317823,0,-0.000238207,0.00938664,0.998172
14,1,0.226562,0.0234375,1.00631,0.996641,0.500855,0,1.00996,0.997906,0.00422581,0,-0.000235498,0.00902875,0.997915
15,1,0.242188,0.0234375,1.00689,0.995873,0.501932,0,1.01088,0.997646,0.00528875,0,-0.000215087,0.0078407,0.99766
16,1,0.257812,0.0234375,1.00723,0.995385,0.502955,0,1.01139,0.997407,0.0062885,0,-0.000179358,0.00579392,0.997426
17,1,0.273438,0.0234375,1.00714,0.995104,0.503894,0,1.01122,0.997225,0.00715958,0,-0.000113904,0.0026245,0.997251
18,1,0.289062,0.0234375,1.00685,0.995187,0.504598,0,1.0107,0.997128,0.00779562,0,-5.57012e-05,0.00104739,0.997158
19,1,0.304688,0.0234375,1.00637,0.995356,0.50507,0,1.00991,0.997129,0.00822391,0,2.47602e-05,-0.00246814,0.997163
20,1,0.320312,0.0234375,1.00575,0.995692,0.505239,0,1.0089,0.997265,0.00820352,0,9.16595e-05,-0.00458069,0.997299
21,1,0.335938,0.0234375,1.00507,0.995991,0.505026,0,1.00784,0.997506,0.00791953,0,0.000163141,-0.00777648,0.997538
22,1,0.351562,0.0234375,1.00432,0.996333,0.504526,0,1.0067,0.997877,0.00736383,0,0.00021687,-0.00950278,0.997904
23,1,0.367188,0.0234375,1.0036,0.996641,0.503739,0,1.00563,0.998364,0.0065337,0,0.000241971,-0.00963755,0.998385
24,1,0.382812,0.0234375,1.00298,0.996912,0.502743,0,1.00471,0.99894,0.0055133,0,0.000246354,-0.00909983,0.998956
25,1,0.398438,0.0234375,1.00245,0.99714,0.501619,0,1.00394,0.999576,0.00438552,0,0.000234535,-0.00810387,0.999586
26,1,0.414062,0.0234375,1.00202,0.997316,0.500441,0,1.00334,1.00024,0.0032271,0,0.000209016,-0.00676602,1.00024
27,1,0.429688,0.0234375,1.00165,0.997436,0.499262,0,1.00287,1.0009,0.00209653,0,0.00017339,-0.00526395,1.0009
28,1,0.445312,0.0234375,1.00132,0.997511,0.49815,0,1.00248,1.00152,0.00105614,0,0.000132211,-0.0036345,1.00152
29,1,0.460938,0.0234375,1.00101,0.997555,0.497157,0,1.00215,1.00209,0.000147101,0,8.95181e-05,-0.00196675,1.00209
30,1,0.476562,0.0234375,1.00073,0.997569,0.496307,0,1.00185,1.00257,-0.000609409,0,4.91761e-05,-0.000399385,1.00257
31,1,0.492188,0.0234375,1.0005,0.997576,0.495615,0,1.00157,1.00297,-0.00120649,0,1.52638e-05,0.000782506,1.00297
32,1,0.507812,0.0234375,1.00031,0.997604,0.495087,0,1.00132,1.00327,-0.00165596,0,-9.72119e-06,0.00148766,1.00327
33,1,0.523438,0.0234375,1.00012,0.997687,0.494725,0,1.00111,1.00348,-0.00198753,0,-2.63672e-05,0.00177878,1.00348
34,1,0.539062,0.0234375,0.999945,0.997832,0.494509,0,1.00092,1.0036,-0.00222066,0,-3.6853e-05,0.00214724,1.0036
35,1,0.554688,0.0234375,0.99982,0.997997,0.494484,0,1.00082,1.00365,-0.00240795,0,-4.69097e-05,0.00169567,1.00365
36,1,0.570312,0.0234375,0.999727,0.998249,0.494573,0,1.00076,1.00364,-0.00253976,0,-5.1401e-05,0.00220487,1.00364
37,1,0.585938,0.0234375,0.999664,0.998536,0.494774,0,1.00076,1.00356,-0.00264181,0,-4.79832e-05,0.00187771,1.00357
38,1,0.601562,0.0234375,0.999617,0.998856,0.495058,0,1.00076,1.00344,-0.00270826,0,-4.28177e-05,0.00145074,1.00345
39,1,0.617188,0.0234375,0.999588,0.999177,0.495399,0,1.0008,1.00329,-0.00274688,0,-3.55807e-05,0.000977787,1.00329
40,1,0.632812,0.0234375,0.999562,0.999486,0.495764,0,1.00082,1.0031,-0.00275261,0,-2.82873e-05,0.000912872,1.0031
41,1,0.648438,0.0234375,0.999531,0.999756,0.496145,0,1.00081,1.00289,-0.00273499,0,-1.67261e-05,0.00031642,1.0029
42,1,0.664062,0.0234375,0.999485,0.999985,0.496521,0,1.00078,1.00267,-0.00269185,0,-8.58954e-06,0.000102905,1.00267
43,1,0.679688,0.0234375,0.99942,1.00017,0.496878,0,1.00069,1.00244,-0.00262457,0,1.05166e-07,-0.000272448,1.00244
44,1,0.695312,0.0234375,0.999342,1.00029,0.497218,0,1.00056,1.0022,-0.0025342,0,9.13588e-06,-0.000567557,1.0022
45,1,0.710938,0.0234375,0.999255,1.00036,0.497534,0,1.00039,1.00196,-0.00242742,0,1.70801e-05,-0.000764161,1.00196
46,1,0.726562,0.0234375,0.999166,1.0004,0.497827,0,1.00019,1.00172,-0.00230988,0,2.46528e-05,-0.00108351,1.00172
47,1,0.742188,0.0234375,0.999083,1.00041,0.498097,0,0.99998,1.00148,-0.00218591,0,3.12657e-05,-0.00137519,1.00148
48,1,0.757812,0.0234375,0.999017,1.0004,0.498348,0,0.999772,1.00125,-0.00205988,0,3.64414e-05,-0.00158926,1.00126
49,1,0.773438,0.0234375,0.998969,1.0004,0.498582,0,0.999579,1.00104,-0.00193579,0,4.01595e-05,-0.00175196,1.00104
50,1,0.789062,0.0234375,0.998939,1.00039,0.498799,0,0.999403,1.00083,-0.00181651,0,4.23348e-05,-0.00186341,1.00083
51,1,0.804688,0.0234375,0.998925,1.00039,0.498998,0,0.999246,1.00064,-0.00170426,0,4.31386e-05,-0.00192819,1.00064
52,1,0.820312,0.0234375,0.998922,1.0004,0.499177,0,0.999105,1.00046,-0.00159971,0,4.25257e-05,-0.00195202,1.00046
53,1,0.835938,0.0234375,0.998923,1.00042,0.499336,0,0.998979,1.00029,-0.00150294,0,4.06649e-05,-0.00193139,1.00029
54,1,0.851562,0.0234375,0.998928,1.00045,0.499471,0,0.998864,1.00013,-0.00141452,0,3.73234e-05,-0.00185971,1.00014
55,1,0.867188,0.0234375,0.998934,1.00049,0.49958,0,0.998756,0.999994,-0.00133443,0,3.2713e-05,-0.00176423,0.999995
56,1,0.882812,0.0234375,0.998938,1.00055,0.499662,0,0.998655,0.999866,-0.00126473,0,2.65457e-05,-0.00154294,0.999867
57,1,0.898438,0.0234375,0.998931,1.00062,0.499715,0,0.998549,0.99975,-0.00120857,0,2.00258e-05,-0.00148967,0.99975
58,1,0.914062,0.0234375,0.998913,1.00072,0.499726,0,0.99844,0.999646,-0.00115602,0,1.30913e-05,-0.00131117,0.999646
59,1,0.929688,0.0234375,0.998882,1.00084,0.499704,0,0.998324,0.999553,-0.00111823,0,1.76645e-06,-0.000892589,0.999554
60,1,0.945312,0.0234375,0.998837,1.001,0.499642,0,0.998194,0.999471,-0.00109298,0,-8.09298e-06,-0.000696952,0.999471
61,1,0.960938,0.0234375,0.998779,1.0012,0.499538,0,0.998045,0.999398,-0.0010793,0,-1.92265e-05,-0.000343032,0.999399
62,1,0.976562,0.0234375,0.998702,1.00145,0.499392,0,0.997873,0.999336,-0.0010789,0,-3.08436e-05,-4.24513e-05,0.999337
63,1,0.992188,0.0234375,0.998606,1.00174,0.499199,0,0.997678,0.999284,-0.00108997,0,-4.38319e-05,0.000399301,0.999284
0,2,0.0078125,0.0390625,0.998157,1.00194,0.499644,0,0.996886,0.998973,-0.00103364,0,-6.96395e-05,0.00094555,0.998973
1,2,0.0234375,0.0390625,0.998018,1.00229,0.499407,0,0.996631,0.998919,-0.00105997,0,-8.52425e-05,0.00139649,0.998919
2,2,0.0390625,0.0390625,0.99789,1.00267,0.499136,0,0.996391,0.998872,-0.00108539,0,-0.000101105,0.00183975,0.998873
3,2,0.0546875,0.0390625,0.997784,1.00303,0.498841,0,0.996201,0.998834,-0.00109541,0,-0.000116767,0.00239611,0.998834
4,2,0.0703125,0.0390625,0.99777,1.00338,0.498556,0,0.996118,0.998801,-0.00107792,0,-0.000132383,0.00291149,0.998801
5,2,0.0859375,0.0390625,0.997848,1.0036,0.498306,0,0.996236,0.998772,-0.00101093,0,-0.000146045,0.00354304,0.998773
6,2,0.101562,0.0390625,0.998064,1.00371,0.498068,0,0.996552,0.998739,-0.000905669,0,-0.000165967,0.00435838,0.99874
7,2,0.117188,0.0390625,0.998494,1.00356,0.497933,0,0.99724,0.998702,-0.000667461,0,-0.00017389,0.00463989,0.998702
8,2,0.132812,0.0390625,0.999159,1.00313,0.497994,0,0.998321,0.998655,-0.000311819,0,-0.000192648,0.00621177,0.998655
9,2,0.148438,0.0390625,1.00007,1.0024,0.498185,0,0.999805,0.998586,0.0001615,0,-0.000207099,0.00686565,0.998586
10,2,0.164062,0.0390625,1.00119,1.00141,0.498562,0,1.00163,0.998492,0.000799412,0,-0.000224261,0.00780585,0.998492
11,2,0.179688,0.0390625,1.00244,1.00023,0.499118,0,1.00366,0.998367,0.00158783,0,-0.000240636,0.00874747,0.998368
12,2,0.195312,0.0390625,1.0037,0.998999,0.499834,0,1.00569,0.998211,0.00250296,0,-0.000253884,0.00949099,0.998214
13,2,0.210938,0.0390625,1.00483,0.997866,0.500679,0,1.00752,0.998028,0.00351237,0,-0.000259613,0.00966184,0.998034
14,2,0.226562,0.0390625,1.00575,0.996922,0.501607,0,1.009,0.997831,0.00456593,0,-0.000249873,0.00913366,0.997841
15,2,0.242188,0.0390625,1.00641,0.996185,0.502561,0,1.01005,0.997635,0.00560894,0,-0.000226191,0.00795155,0.997651
16,2,0.257812,0.0390625,1.00684,0.995787,0.503461,0,1.0107,0.997466,0.00655761,0,-0.000190457,0.00643682,0.997488
17,2,0.273438,0.0390625,1.00684,0.99549,0.504196,0,1.01069,0.997358,0.00731743,0,-0.000117172,0.00315593,0.997384
18,2,0.289062,0.0390625,1.00667,0.995589,0.504697,0,1.01038,0.997325,0.00784708,0,-5.56539e-05,0.00117204,0.997355
19,2,0.304688,0.0390625,1.00625,0.995834,0.505012,0,1.00968,0.997391,0.00810351,0,2.87061e-05,-0.00343653,0.997424
20,2,0.320312,0.0390625,1.00574,0.99615,0.504909,0,1.00887,0.997594,0.00795171,0,8.88285e-05,-0.00314958,0.997625
21,2,0.335938,0.0390625,1.00514,0.996464,0.504546,0,1.00794,0.997897,0.00752044,0,0.000158138,-0.00615854,0.997925
22,2,0.351562,0.0390625,1.00448,0.99679,0.503893,0,1.00694,0.998308,0.00682051,0,0.000212083,-0.0084454,0.998331
23,2,0.367188,0.0390625,1.00383,0.997064,0.502984,0,1.00597,0.998816,0.00588421,0,0.0002392,-0.00904597,0.998834
24,2,0.382812,0.0390625,1.00323,0.99728,0.50191,0,1.00512,0.999397,0.00479447,0,0.000243087,-0.00883047,0.999409
25,2,0.398438,0.0390625,1.00272,0.997436,0.500752,0,1.00438,1.00002,0.00363528,0,0.000228837,-0.0079951,1.00003
26,2,0.414062,0.0390625,1.00227,0.997539,0.499585,0,1.00377,1.00066,0.00248405,0,0.000201152,-0.00665723,1.00066
27,2,0.429688,0.0390625,1.00187,0.997591,0.498462,0,1.00325,1.00128,0.00139586,0,0.000164129,-0.00508456,1.00128
28,2,0.445312,0.0390625,1.0015,0.997611,0.497437,0,1.00278,1.00186,0.000425193,0,0.000121479,-0.00342404,1.00186
29,2,0.460938,0.0390625,1.00113,0.997615,0.496547,0,1.00235,1.00237,-0.000393346,0,7.88612e-05,-0.00182633,1.00237
30,2,0.476562,0.0390625,1.00081,0.997615,0.495811,0,1.00195,1.0028,-0.00104524,0,3.99599e-05,-0.000399824,1.0028
31,2,0.492188,0.0390625,1.00052,0.997628,0.495242,0,1.00156,1.00314,-0.0015339,0,7.83275e-06,0.000746511,1.00314
32,2,0.507812,0.0390625,1.00027,0.997686,0.494841,0,1.00121,1.00339,-0.00187928,0,-1.69027e-05,0.00156073,1.00339
33,2,0.523438,0.0390625,1.00003,0.997809,0.494612,0,1.00091,1.00355,-0.00211447,0,-3.00032e-05,0.00218463,1.00355
34,2,0.539062,0.0390625,0.999839,0.997978,0.49452,0,1.00069,1.00363,-0.00227224,0,-3.84859e-05,0.0018087,1.00363
35,2,0.554688,0.0390625,0.999682,0.998222,0.4946,0,1.0005,1.00364,-0.00237801,0,-5.00751e-05,0.0023298,1.00364
36,2,0.570312,0.0390625,0.999559,0.99851,0.494794,0,1.00038,1.00358,-0.00245802,0,-4.89658e-05,0.00188871,1.00359
37,2,0.585938,0.0390625,0.999475,0.998839,0.495086,0,1.00032,1.00348,-0.00251268,0,-4.71697e-05,0.00180065,1.00349
38,2,0.601562,0.0390625,0.999419,0.999185,0.495448,0,1.00029,1.00334,-0.00254077,0,-4.42583e-05,0.00166032,1.00334
39,2,0.617188,0.0390625,0.999383,0.999521,0.495844,0,1.00028,1.00317,-0.00255181,0,-3.68257e-05,0.0013964,1.00317
40,2,0.632812,0.0390625,0.999354,0.999831,0.49626,0,1.00027,1.00297,-0.00253919,0,-2.87542e-05,0.000998162,1.00297
41,2,0.648438,0.0390625,0.999321,1.0001,0.496667,0,1.00023,1.00276,-0.00251035,0,-2.08161e-05,0.000693535,1.00276
42,2,0.664062,0.0390625,0.99928,1.00032,0.497062,0,1.00017,1.00253,-0.00245845,0,-1.27068e-05,0.000469663,1.00253
43,2,0.679688,0.0390625,0.999227,1.00049,0.497428,0,1.00008,1.0023,-0.00238761,0,-4.55455e-06,0.000170037,1.0023
44,2,0.695312,0.0390625,0.999163,1.00059,0.497762,0,0.99994,1.00206,-0.00229821,0,3.46657e-06,-0.000144238,1.00206
45,2,0.710938,0.0390625,0.999094,1.00065,0.498068,0,0.999775,1.00182,-0.00219424,0,1.08048e-05,-0.00039048,1.00182
46,2,0.726562,0.0390625,0.999019,1.00066,0.498348,0,0.999582,1.00158,-0.00208304,0,1.77104e-05,-0.000620674,1.00158
47,2,0.742188,0.0390625,0.998953,1.00065,0.498604,0,0.999387,1.00135,-0.00196819,0,2.36254e-05,-0.000891027,1.00135
48,2,0.757812,0.0390625,0.998899,1.00064,0.49884,0,0.999201,1.00113,-0.00185304,0,2.84005e-05,-0.00112082,1.00113
49,2,0.773438,0.0390625,0.99886,1.00061,0.499058,0,0.999029,1.00091,-0.0017409,0,3.18885e-05,-0.00129139,1.00091
50,2,0.789062,0.0390625,0.998834,1.00059,0.499262,0,0.998876,1.00071,-0.00163396,0,3.40266e-05,-0.0014155,1.00071
51,2,0.804688,0.0390625,0.998819,1.00058,0.499449,0,0.998739,1.00051,-0.00153423,0,3.49374e-05,-0.00150263,1.00051
52,2,0.820312,0.0390625,0.998811,1.00057,0.499621,0,0.998616,1.00033,-0.00144184,0,3.44921e-05,-0.00154475,1.00033
53,2,0.835938,0.0390625,0.998807,1.00057,0.499774,0,0.998506,1.00016,-0.00135697,0,3.29115e-05,-0.00155711,1.00016
54,2,0.851562,0.0390625,0.9988,1.00058,0.499908,0,0.998403,1,-0.00127957,0,2.98797e-05,-0.00151081,1
55,2,0.867188,0.0390625,0.99879,1.0006,0.500019,0,0.998302,0.999854,-0.00120984,0,2.55156e-05,-0.00144322,0.999855
56,2,0.882812,0.0390625,0.998773,1.00063,0.500109,0,0.998203,0.999718,-0.00114886,0,1.97022e-05,-0.00130077,0.999719
57,2,0.898438,0.0390625,0.998746,1.00068,0.500172,0,0.998099,0.999592,-0.00109916,0,1.26117e-05,-0.00108377,0.999592
58,2,0.914062,0.0390625,0.998705,1.00075,0.500207,0,0.997981,0.999474,-0.00105762,0,6.01333e-06,-0.00121956,0.999475
59,2,0.929688,0.0390625,0.998653,1.00085,0.500206,0,0.997855,0.999369,-0.00102316,0,-4.70857e-06,-0.000682376,0.999369
60,2,0.945312,0.0390625,0.998587,1.00098,0.500175,0,0.997713,0.999272,-0.0010032,0,-1.63648e-05,-0.000441492,0.999272
61,2,0.960938,0.0390625,0.998507,1.00116,0.500105,0,0.997547,0.999184,-0.000994369,0,-2.75907e-05,-0.00019665,0.999184
62,2,0.976562,0.0390625,0.998409,1.00137,0.499996,0,0.997353,0.999105,-0.000997848,0,-4.0474e-05,0.000142694,0.999106
63,2,0.992188,0.0390625,0.998291,1.00163,0.499842,0,0.997132,0.999035,-0.00101145,0,-5.46625e-05,0.00053285,0.999035
0,3,0.0078125,0.0546875,0.997907,1.00184,0.500189,0,0.996453,0.998789,-0.000933477,0,-7.86878e-05,0.00111439,0.99879
1,3,0.0234375,0.0546875,0.997741,1.00216,0.500004,0,0.996155,0.998715,-0.000960529,0,-9.6233e-05,0.00157324,0.998715
2,3,0.0390625,0.0546875,0.997582,1.00252,0.499789,0,0.995863,0.998648,-0.000986504,0,-0.000114312,0.00204431,0.998648
3,3,0.0546875,0.0546875,0.997437,1.00288,0.499546,0,0.99561,0.998588,-0.000995883,0,-0.00013263,0.00256711,0.998589
4,3,0.0703125,0.0546875,0.997369,1.0032,0.499309,0,0.995443,0.998535,-0.000977031,0,-0.000149389,0.00307093,0.998536
5,3,0.0859375,0.0546875,0.997399,1.00347,0.499105,0,0.995477,0.998487,-0.000906552,0,-0.000166177,0.00356394,0.998487
6,3,0.101562,0.0546875,0.997569,1.00358,0.498925,0,0.995719,0.998438,-0.000784832,0,-0.000188503,0.0046203,0.998438
7,3,0.117188,0.0546875,0.997925,1.00347,0.498834,0,0.996268,0.998388,-0.000545809,0,-0.000198405,0.00456974,0.998388
8,3,0.132812,0.0546875,0.998525,1.0031,0.498916,0,0.997236,0.99834,-0.000166083,0,-0.000220078,0.006259,0.99834
9,3,0.148438,0.0546875,0.999381,1.00243,0.499136,0,0.998623,0.998277,0.000334778,0,-0.000236058,0.00706275,0.998277
10,3,0.164062,0.0546875,1.00046,1.0015,0.499536,0,1.00037,0.998194,0.00100511,0,-0.000251895,0.00787402,0.998195
11,3,0.179688,0.0546875,1.00169,1.00038,0.500101,0,1.00236,0.998091,0.00182573,0,-0.000265328,0.00864005,0.998093
12,3,0.195312,0.0546875,1.00295,0.999196,0.500806,0,1.00441,0.997969,0.0027713,0,-0.000276293,0.00934449,0.997973
13,3,0.210938,0.0546875,1.00412,0.998099,0.501611,0,1.0063,0.997831,0.00380065,0,-0.000279329,0.00963899,0.997839
14,3,0.226562,0.0546875,1.00511,0.997184,0.502457,0,1.00788,0.997689,0.0048512,0,-0.000267654,0.00916038,0.997701
15,3,0.242188,0.0546875,1.00585,0.996475,0.503291,0,1.00906,0.997562,0.00586419,0,-0.00023948,0.00818353,0.997579
16,3,0.257812,0.0546875,1.00636,0.996106,0.504041,0,1.00984,0.997467,0.00675496,0,-0.000200275,0.00657413,0.99749
17,3,0.273438,0.0546875,1.00654,0.995849,0.504544,0,1.01013,0.99744,0.00740162,0,-0.000133264,0.0036484,0.997467
18,3,0.289062,0.0546875,1.00645,0.995937,0.504819,0,1.00998,0.997495,0.00783118,0,-6.1142e-05,0.00247604,0.997525
19,3,0.304688,0.0546875,1.00616,0.996197,0.504911,0,1.00952,0.997633,0.00792805,0,3.20207e-05,-0.00239744,0.997664
20,3,0.320312,0.0546875,1.00576,0.996507,0.504578,0,1.00888,0.997882,0.00762692,0,9.76291e-05,-0.00483255,0.997911
21,3,0.335938,0.0546875,1.00527,0.996821,0.504003,0,1.00814,0.998246,0.00706526,0,0.000156462,-0.00582835,0.998271
22,3,0.351562,0.0546875,1.00471,0.997115,0.50317,0,1.00731,0.998707,0.00624592,0,0.000202728,-0.00727112,0.998727
23,3,0.367188,0.0546875,1.00414,0.997357,0.502137,0,1.00648,0.999245,0.005221,0,0.000229032,-0.00798548,0.999259
24,3,0.382812,0.0546875,1.00359,0.997529,0.500993,0,1.0057,0.999835,0.00408151,0,0.000232473,-0.0078859,0.999843
25,3,0.398438,0.0546875,1.00309,0.997631,0.499821,0,1.00498,1.00045,0.00290994,0,0.000217536,-0.00726155,1.00045
26,3,0.414062,0.0546875,1.00261,0.997682,0.49869,0,1.00433,1.00105,0.00178109,0,0.000188332,-0.00618133,1.00105
27,3,0.429688,0.0546875,1.00215,0.99768,0.497647,0,1.00372,1.00163,0.000745591,0,0.000150523,-0.00470047,1.00163
28,3,0.445312,0.0546875,1.00171,0.997667,0.496735,0,1.00314,1.00215,-0.000146112,0,0.000108158,-0.00311251,1.00215
29,3,0.460938,0.0546875,1.00127,0.997654,0.495975,0,1.00257,1.0026,-0.000868211,0,6.73627e-05,-0.00164723,1.0026
30,3,0.476562,0.0546875,1.00089,0.997654,0.495379,0,1.00204,1.00297,-0.00141508,0,3.11328e-05,-0.000348077,1.00297
31,3,0.492188,0.0546875,1.00053,0.997681,0.494951,0,1.00153,1.00324,-0.00180022,0,2.46467e-06,0.000665317,1.00324
32,3,0.507812,0.0546875,1.00021,0.997768,0.494693,0,1.00107,1.00343,-0.0020469,0,-1.69979e-05,0.00142981,1.00344
33,3,0.523438,0.0546875,0.999929,0.997922,0.494568,0,1.00068,1.00354,-0.00220187,0,-2.53244e-05,0.00130582,1.00354
34,3,0.539062,0.0546875,0.999699,0.998133,0.494616,0,1.00039,1.00358,-0.0022788,0,-4.99085e-05,0.00239578,1.00359
35,3,0.554688,0.0546875,0.999513,0.998442,0.494787,0,1.00014,1.00357,-0.00232083,0,-5.2263e-05,0.00252227,1.00357
36,3,0.570312,0.0546875,0.999389,0.998771,0.49506,0,0.999997,1.00349,-0.00235009,0,-5.16049e-05,0.00224368,1.0035
37,3,0.585938,0.0546875,0.999299,0.999136,0.49542,0,0.9999,1.00338,-0.00236285,0,-4.91232e-05,0.0020206,1.00338
38,3,0.601562,0.0546875,0.999244,0.999502,0.495837,0,0.99985,1.00322,-0.00235855,0,-4.52391e-05,0.00186757,1.00323
39,3,0.617188,0.0546875,0.999207,0.99985,0.496271,0,0.999814,1.00304,-0.00234888,0,-3.85769e-05,0.00154862,1.00305
40,3,0.632812,0.0546875,0.999181,1.00016,0.496713,0,0.999783,1.00285,-0.00232109,0,-3.19137e-05,0.00135283,1.00285
41,3,0.648438,0.0546875,0.999155,1.00043,0.497133,0,0.999737,1.00264,-0.00228248,0,-2.54153e-05,0.00106244,1.00264
42,3,0.664062,0.0546875,0.999123,1.00063,0.497527,0,0.999667,1.00242,-0.00222531,0,-1.80988e-05,0.000797854,1.00242
43,3,0.679688,0.0546875,0.999083,1.00078,0.497884,0,0.99957,1.00219,-0.00215261,0,-1.04604e-05,0.000563253,1.00219
44,3,0.695312,0.0546875,0.999035,1.00087,0.498202,0,0.999441,1.00196,-0.0020639,0,-3.83614e-06,0.00031289,1.00196
45,3,0.710938,0.0546875,0.99898,1.00091,0.49849,0,0.999286,1.00173,-0.00196417,0,3.20822e-06,4.79933e-05,1.00173
46,3,0.726562,0.0546875,0.998922,1.0009,0.498745,0,0.999112,1.0015,-0.00185987,0,9.3701e-06,-0.000190884,1.00151
47,3,0.742188,0.0546875,0.998872,1.00088,0.498977,0,0.998943,1.00128,-0.00175283,0,1.49189e-05,-0.000435831,1.00128
48,3,0.757812,0.0546875,0.998831,1.00084,0.499189,0,0.998784,1.00107,-0.00164733,0,1.96677e-05,-0.000698927,1.00107
49,3,0.773438,0.0546875,0.9988,1.00081,0.499387,0,0.998639,1.00086,-0.00154585,0,2.32674e-05,-0.000903135,1.00086
50,3,0.789062,0.0546875,0.998778,1.00077,0.499572,0,0.998511,1.00066,-0.00144996,0,2.56957e-05,-0.00104717,1.00066
51,3,0.804688,0.0546875,0.998764,1.00074,0.499744,0,0.998396,1.00047,-0.00136132,0,2.69158e-05,-0.00114178,1.00047
52,3,0.820312,0.0546875,0.998754,1.00072,0.499904,0,0.998293,1.00028,-0.00127963,0,2.68096e-05,-0.00119186,1.00029
53,3,0.835938,0.0546875,0.998744,1.0007,0.50005,0,0.998199,1.00011,-0.00120518,0,2.56444e-05,-0.00121759,1.00011
54,3,0.851562,0.0546875,0.99873,1.0007,0.50018,0,0.998108,0.999952,-0.00113724,0,2.32178e-05,-0.00119364,0.999953
55,3,0.867188,0.0546875,0.998711,1.0007,0.500293,0,0.998017,0.999801,-0.00107593,0,1.9344e-05,-0.00114429,0.999801
56,3,0.882812,0.0546875,0.998679,1.00071,0.500387,0,0.99792,0.999658,-0.00102224,0,1.40224e-05,-0.00102806,0.999659
57,3,0.898438,0.0546875,0.998636,1.00075,0.500463,0,0.997815,0.999524,-0.00097731,0,7.26993e-06,-0.000808806,0.999524
58,3,0.914062,0.0546875,0.998581,1.0008,0.500518,0,0.997695,0.999396,-0.000941383,0,3.51583e-09,-0.000696958,0.999397
59,3,0.929688,0.0546875,0.99851,1.00088,0.500549,0,0.997555,0.999277,-0.000913973,0,-8.56988e-06,-0.00065916,0.999277
60,3,0.945312,0.0546875,0.998426,1.00099,0.500547,0,0.997395,0.999166,-0.000894895,0,-2.02816e-05,-0.000191868,0.999166
61,3,0.960938,0.0546875,0.998326,1.00113,0.500516,0,0.997208,0.999061,-0.000889716,0,-3.31086e-05,-3.8938e-07,0.999061
62,3,0.976562,0.0546875,0.998205,1.00132,0.500447,0,0.996987,0.998963,-0.000895195,0,-4.6715e-05,0.000285112,0.998963
63,3,0.992188,0.0546875,0.998064,1.00156,0.500338,0,0.996735,0.998872,-0.000910251,0,-6.20724e-05,0.000681774,0.998873
0,4,0.0078125,0.0703125,0.997745,1.00177,0.500598,0,0.996164,0.998689,-0.000809162,0,-8.4619e-05,0.00135269,0.998689
1,4,0.0234375,0.0703125,0.99755,1.00207,0.50047,0,0.995819,0.998591,-0.000835264,0,-0.000103673,0.00175461,0.998591
2,4,0.0390625,0.0703125,0.997354,1.00241,0.500315,0,0.995468,0.998499,-0.000860001,0,-0.000123808,0.00222675,0.998499
3,4,0.0546875,0.0703125,0.997173,1.00276,0.500134,0,0.995146,0.998413,-0.00086732,0,-0.00014458,0.00274621,0.998414
4,4,0.0703125,0.0703125,0.997045,1.00308,0.499957,0,0.994902,0.998334,-0.000847287,0,-0.000163893,0.00325287,0.998335
5,4,0.0859375,0.0703125,0.997019,1.00336,0.499821,0,0.994805,0.998261,-0.000772176,0,-0.000183706,0.00387427,0.998261
6,4,0.101562,0.0703125,0.997129,1.00349,0.499711,0,0.994968,0.998188,-0.000636079,0,-0.000208718,0.00484964,0.998188
7,4,0.117188,0.0703125,0.997385,1.00342,0.49969,0,0.995347,0.998118,-0.000402211,0,-0.000223329,0.00470216,0.998118
8,4,0.132812,0.0703125,0.997913,1.00311,0.499801,0,0.996183,0.998056,-6.48809e-06,0,-0.00024409,0.00627904,0.998056
9,4,0.148438,0.0703125,0.998699,1.0025,0.500068,0,0.997445,0.997984,0.000517823,0,-0.000260967,0.00713041,0.997985
10,4,0.164062,0.0703125,0.999714,1.00163,0.500515,0,0.999085,0.997901,0.00121166,0,-0.000276408,0.00787585,0.997902
11,4,0.179688,0.0703125,1.0009,1.00056,0.501109,0,1.00101,0.997808,0.00205215,0,-0.000288814,0.00853359,0.99781
12,4,0.195312,0.0703125,1.00216,0.999415,0.501819,0,1.00304,0.997707,0.00301479,0,-0.000297438,0.00916266,0.997712
13,4,0.210938,0.0703125,1.00335,0.99834,0.502596,0,1.00497,0.997605,0.00405094,0,-0.000298325,0.00944901,0.997613
14,4,0.226562,0.0703125,1.00439,0.997439,0.503369,0,1.00664,0.997511,0.00508545,0,-0.000283534,0.00899183,0.997524
15,4,0.242188,0.0703125,1.00522,0.996755,0.504075,0,1.00797,0.997445,0.00605526,0,-0.00025083,0.00797357,0.997463
16,4,0.257812,0.0703125,1.00583,0.99633,0.504664,0,1.00893,0.997422,0.00687673,0,-0.000200756,0.0063345,0.997446
17,4,0.273438,0.0703125,1.00618,0.996139,0.504955,0,1.00949,0.99746,0.00741833,0,-0.000148399,0.0034867,0.997487
18,4,0.289062,0.0703125,1.00623,0.996176,0.504963,0,1.00957,0.997589,0.0077251,0,-5.38057e-05,0.00146797,0.997619
19,4,0.304688,0.0703125,1.0061,0.996413,0.504808,0,1.00938,0.997827,0.00767593,0,1.95254e-05,-0.000847834,0.997857
20,4,0.320312,0.0703125,1.00582,0.996746,0.504221,0,1.00896,0.998153,0.00725085,0,8.65455e-05,-0.00325637,0.998179
21,4,0.335938,0.0703125,1.00546,0.997038,0.503406,0,1.00843,0.998574,0.00655593,0,0.000152393,-0.00562083,0.998596
22,4,0.351562,0.0703125,1.00502,0.997311,0.502389,0,1.0078,0.999081,0.00563616,0,0.000193327,-0.00657534,0.999097
23,4,0.367188,0.0703125,1.00454,0.997531,0.501225,0,1.00711,0.999647,0.00454375,0,0.000215728,-0.00710799,0.999658
24,4,0.382812,0.0703125,1.00403,0.997679,0.500018,0,1.0064,1.00024,0.00337725,0,0.000216198,-0.0068676,1.00025
25,4,0.398438,0.0703125,1.00353,0.997754,0.498848,0,1.0057,1.00084,0.00221494,0,0.000199716,-0.00623297,1.00084
26,4,0.414062,0.0703125,1.00301,0.997761,0.497778,0,1.00497,1.00142,0.00112601,0,0.000170407,-0.00523046,1.00142
27,4,0.429688,0.0703125,1.00247,0.997742,0.496835,0,1.00424,1.00194,0.000156385,0,0.000133771,-0.00406782,1.00194
28,4,0.445312,0.0703125,1.00194,0.997712,0.496059,0,1.00351,1.0024,-0.00064695,0,9.35928e-05,-0.00269611,1.0024
29,4,0.460938,0.0703125,1.00143,0.997689,0.495452,0,1.00279,1.00278,-0.00127051,0,5.61866e-05,-0.00144165,1.00278
30,4,0.476562,0.0703125,1.00096,0.997695,0.495012,0,1.00211,1.00308,-0.00171661,0,2.34275e-05,-0.000297247,1.00308
31,4,0.492188,0.0703125,1.00052,0.997743,0.494741,0,1.00145,1.00329,-0.00200465,0,-3.83464e-07,0.000636806,1.00329
32,4,0.507812,0.0703125,1.00012,0.997866,0.494601,0,1.00085,1.00343,-0.00216271,0,-1.81423e-05,0.00118445,1.00343
33,4,0.523438,0.0703125,0.999803,0.998042,0.494617,0,1.00041,1.0035,-0.00225571,0,-3.80231e-05,0.00145814,1.0035
34,4,0.539062,0.0703125,0.999543,0.99832,0.494758,0,1.00004,1.00351,-0.00225158,0,-4.92703e-05,0.0025805,1.00352
35,4,0.554688,0.0703125,0.999358,0.998651,0.494997,0,0.999789,1.00347,-0.00224496,0,-5.03159e-05,0.00223419,1.00348
36,4,0.570312,0.0703125,0.999228,0.999027,0.495344,0,0.999618,1.00339,-0.00222477,0,-5.33452e-05,0.00244049,1.00339
37,4,0.585938,0.0703125,0.999143,0.999419,0.495753,0,0.999514,1.00326,-0.00220252,0,-5.14556e-05,0.00225091,1.00326
38,4,0.601562,0.0703125,0.999094,0.999803,0.496204,0,0.999453,1.00311,-0.00217308,0,-4.74683e-05,0.00206731,1.00311
39,4,0.617188,0.0703125,0.999068,1.00016,0.496656,0,0.999412,1.00293,-0.00214678,0,-4.21854e-05,0.00181124,1.00294
40,4,0.632812,0.0703125,0.999053,1.00047,0.497104,0,0.999378,1.00275,-0.00210736,0,-3.61597e-05,0.00160386,1.00275
41,4,0.648438,0.0703125,0.999039,1.00072,0.497523,0,0.999334,1.00255,-0.00206006,0,-3.06e-05,0.0014226,1.00255
42,4,0.664062,0.0703125,0.999018,1.00091,0.497903,0,0.999266,1.00234,-0.00199926,0,-2.43538e-05,0.00115037,1.00234
43,4,0.679688,0.0703125,0.998991,1.00104,0.498237,0,0.999177,1.00213,-0.00192594,0,-1.75848e-05,0.000923436,1.00213
44,4,0.695312,0.0703125,0.998961,1.00111,0.498533,0,0.999068,1.00191,-0.00183763,0,-1.15014e-05,0.000690473,1.00191
45,4,0.710938,0.0703125,0.998915,1.00113,0.498791,0,0.998925,1.00169,-0.00174294,0,-4.76149e-06,0.000381245,1.0017
46,4,0.726562,0.0703125,0.998874,1.00111,0.499019,0,0.998778,1.00148,-0.00164385,0,6.9152e-07,0.000181213,1.00148
47,4,0.742188,0.0703125,0.998837,1.00108,0.499228,0,0.998636,1.00127,-0.00154345,0,5.70243e-06,-4.53564e-06,1.00127
48,4,0.757812,0.0703125,0.998806,1.00103,0.499421,0,0.998504,1.00107,-0.00144579,0,1.05086e-05,-0.000204949,1.00107
49,4,0.773438,0.0703125,0.998783,1.00098,0.499599,0,0.998386,1.00087,-0.00135319,0,1.45736e-05,-0.000447236,1.00087
50,4,0.789062,0.0703125,0.998767,1.00094,0.499767,0,0.998282,1.00067,-0.00126687,0,1.74697e-05,-0.000640271,1.00068
51,4,0.804688,0.0703125,0.998754,1.0009,0.499924,0,0.99819,1.00049,-0.00118789,0,1.91178e-05,-0.000781084,1.00049
52,4,0.820312,0.0703125,0.998743,1.00086,0.500071,0,0.998108,1.00031,-0.00111539,0,1.93552e-05,-0.000843834,1.00031
53,4,0.835938,0.0703125,0.99873,1.00083,0.500207,0,0.998031,1.00014,-0.00104966,0,1.86077e-05,-0.000868403,1.00014
54,4,0.851562,0.0703125,0.998713,1.00081,0.500332,0,0.997954,0.999981,-0.000989363,0,1.68706e-05,-0.000862046,0.999981
55,4,0.867188,0.0703125,0.998684,1.0008,0.500445,0,0.99787,0.999827,-0.00093456,0,1.43089e-05,-0.000831029,0.999827
56,4,0.882812,0.0703125,0.998644,1.0008,0.500546,0,0.997778,0.999678,-0.000886228,0,1.03267e-05,-0.000809479,0.999678
57,4,0.898438,0.0703125,0.998591,1.00082,0.500634,0,0.99767,0.999535,-0.000845314,0,4.68612e-06,-0.000727148,0.999535
58,4,0.914062,0.0703125,0.998525,1.00086,0.500705,0,0.997546,0.999396,-0.000812553,0,-2.30538e-06,-0.000592541,0.999397
59,4,0.929688,0.0703125,0.998443,1.00092,0.500755,0,0.997397,0.999263,-0.000787954,0,-1.08951e-05,-0.000469932,0.999263
60,4,0.945312,0.0703125,0.998344,1.00101,0.500781,0,0.997219,0.999136,-0.000772318,0,-2.19449e-05,-0.000315615,0.999136
61,4,0.960938,0.0703125,0.998226,1.00113,0.500778,0,0.997012,0.999015,-0.000765522,0,-3.5991e-05,0.000227294,0.999015
62,4,0.976562,0.0703125,0.998088,1.0013,0.50075,0,0.996768,0.998901,-0.000771329,0,-5.12412e-05,0.000607915,0.998901
63,4,0.992188,0.0703125,0.997926,1.00151,0.500691,0,0.996484,0.998792,-0.00078649,0,-6.69605e-05,0.000955727,0.998792
0,5,0.0078125,0.0859375,0.997656,1.00174,0.50088,0,0.995997,0.998656,-0.000661649,0,-8.88024e-05,0.00148962,0.998656
1,5,0.0234375,0.0859375,0.997434,1.00202,0.500808,0,0.995607,0.998537,-0.000683947,0,-0.000108909,0.00202689,0.998537
2,5,0.0390625,0.0859375,0.997204,1.00234,0.500719,0,0.9952,0.998421,-0.000704413,0,-0.000130983,0.00258691,0.998422
3,5,0.0546875,0.0859375,0.996983,1.00268,0.500609,0,0.994803,0.998309,-0.000707417,0,-0.00015387,0.0030411,0.998309
4,5,0.0703125,0.0859375,0.9968,1.00301,0.500503,0,0.994469,0.998202,-0.000684951,0,-0.000177177,0.00352313,0.998202
5,5,0.0859375,0.0859375,0.996701,1.00327,0.500431,0,0.99425,0.9981,-0.000604688,0,-0.000198471,0.00422248,0.9981
6,5,0.101562,0.0859375,0.996747,1.00345,0.500416,0,0.994306,0.997999,-0.000455049,0,-0.000226891,0.00507519,0.997999
7,5,0.117188,0.0859375,0.996897,1.00342,0.500456,0,0.994514,0.997903,-0.000223392,0,-0.00024831,0.00533737,0.997903
8,5,0.132812,0.0859375,0.997347,1.00316,0.500628,0,0.995197,0.997812,0.00017819,0,-0.000264679,0.00599597,0.997812
9,5,0.148438,0.0859375,0.998045,1.00262,0.500955,0,0.996306,0.997723,0.000718958,0,-0.000283166,0.00716579,0.997723
10,5,0.164062,0.0859375,0.99898,1.00181,0.501463,0,0.997811,0.997633,0.00142676,0,-0.000299556,0.00799338,0.997634
11,5,0.179688,0.0859375,1.00011,1.00078,0.502099,0,0.999635,0.997542,0.00227704,0,-0.000311468,0.00856344,0.997544
12,5,0.195312,0.0859375,1.00134,0.999662,0.502828,0,1.00162,0.997453,0.00324346,0,-0.000316599,0.00898004,0.997459
13,5,0.210938,0.0859375,1.00255,0.998596,0.503591,0,1.00358,0.997375,0.00427226,0,-0.000314594,0.00913012,0.997384
14,5,0.226562,0.0859375,1.00364,0.997688,0.504299,0,1.00534,0.997319,0.00527497,0,-0.000295658,0.00858313,0.997333
15,5,0.242188,0.0859375,1.00456,0.997,0.504884,0,1.00682,0.997304,0.00618832,0,-0.00026037,0.00752884,0.997323
16,5,0.257812,0.0859375,1.00528,0.996509,0.505309,0,1.00798,0.997346,0.00692235,0,-0.000213303,0.00562961,0.99737
17,5,0.273438,0.0859375,1.00576,0.996332,0.505372,0,1.00875,0.997467,0.00738856,0,-0.000158084,0.00585997,0.997495
18,5,0.289062,0.0859375,1.00603,0.996384,0.505155,0,1.00921,0.997666,0.007507,0,-5.3479e-05,-0.00128431,0.997694
19,5,0.304688,0.0859375,1.00607,0.996506,0.504667,0,1.00931,0.997996,0.00734532,0,1.05212e-05,-1.80168e-05,0.998023
20,5,0.320312,0.0859375,1.00592,0.996833,0.503836,0,1.0091,0.998403,0.0068093,0,7.94042e-05,-0.00217084,0.998427
21,5,0.335938,0.0859375,1.00571,0.997118,0.502775,0,1.00883,0.998888,0.00599602,0,0.000141543,-0.00483453,0.998906
22,5,0.351562,0.0859375,1.00539,0.997382,0.501574,0,1.0084,0.999437,0.0049968,0,0.000179748,-0.0057776,0.999449
23,5,0.367188,0.0859375,1.005,0.99759,0.500285,0,1.00785,1.00003,0.00385845,0,0.000199161,-0.00619423,1.00003
24,5,0.382812,0.0859375,1.00453,0.997733,0.499023,0,1.0072,1.00062,0.00268742,0,0.000195877,-0.00583553,1.00063
25,5,0.398438,0.0859375,1.00401,0.997802,0.497868,0,1.00647,1.0012,0.00155464,0,0.000178417,-0.00515276,1.00121
26,5,0.414062,0.0859375,1.00343,0.997807,0.496871,0,1.00565,1.00174,0.000525015,0,0.000149663,-0.00425202,1.00174
27,5,0.429688,0.0859375,1.00281,0.997791,0.496052,0,1.00478,1.00221,-0.00036294,0,0.000114213,-0.00321131,1.00221
28,5,0.445312,0.0859375,1.00218,0.997759,0.495428,0,1.00388,1.0026,-0.00107176,0,7.72772e-05,-0.00209523,1.0026
29,5,0.460938,0.0859375,1.00158,0.997735,0.494984,0,1.00299,1.00291,-0.00159908,0,4.45346e-05,-0.00110224,1.00291
30,5,0.476562,0.0859375,1.00101,0.99775,0.494713,0,1.00214,1.00314,-0.00195029,0,1.72374e-05,-0.000118573,1.00314
31,5,0.492188,0.0859375,1.00048,0.997818,0.494574,0,1.00133,1.0033,-0.00215099,0,-2.4706e-06,0.000554882,1.0033
32,5,0.507812,0.0859375,1.00003,0.99796,0.494592,0,1.00066,1.0034,-0.00224639,0,-2.49826e-05,0.000885628,1.0034
33,5,0.523438,0.0859375,0.999679,0.998172,0.494691,0,1.00014,1.00343,-0.00225898,0,-4.57168e-05,0.0022567,1.00344
34,5,0.539062,0.0859375,0.999391,0.998508,0.494929,0,0.999706,1.00342,-0.00220971,0,-4.41461e-05,0.00178875,1.00342
35,5,0.554688,0.0859375,0.999211,0.998864,0.495235,0,0.999445,1.00337,-0.00215582,0,-5.12824e-05,0.00221043,1.00337
36,5,0.570312,0.0859375,0.999083,0.999273,0.495628,0,0.999267,1.00327,-0.0020946,0,-5.47328e-05,0.0024984,1.00328
37,5,0.585938,0.0859375,0.999011,0.999687,0.496065,0,0.999169,1.00315,-0.00204348,0,-5.41201e-05,0.00245529,1.00316
38,5,0.601562,0.0859375,0.998978,1.00008,0.49653,0,0.999115,1.00301,-0.0019934,0,-5.11001e-05,0.00231103,1.00301
39,5,0.617188,0.0859375,0.99897,1.00044,0.496985,0,0.999085,1.00285,-0.00195269,0,-4.67321e-05,0.00210008,1.00285
40,5,0.632812,0.0859375,0.99897,1.00075,0.497425,0,0.999059,1.00267,-0.00190401,0,-4.13577e-05,0.00187249,1.00268
41,5,0.648438,0.0859375,0.998969,1.00098,0.497828,0,0.999026,1.00249,-0.00184955,0,-3.60753e-05,0.00171296,1.00249
42,5,0.664062,0.0859375,0.998961,1.00116,0.498184,0,0.998972,1.0023,-0.00178522,0,-3.04123e-05,0.00145652,1.0023
43,5,0.679688,0.0859375,0.998946,1.00127,0.498491,0,0.998896,1.0021,-0.00171073,0,-2.52945e-05,0.00121172,1.0021
44,5,0.695312,0.0859375,0.998926,1.00132,0.498764,0,0.998802,1.00191,-0.00162308,0,-1.87761e-05,0.00104147,1.00191
45,5,0.710938,0.0859375,0.998891,1.00132,0.498995,0,0.998677,1.00171,-0.00153174,0,-1.19817e-05,0.000751442,1.00171
46,5,0.726562,0.0859375,0.998861,1.00129,0.499198,0,0.998556,1.00151,-0.00143673,0,-5.59861e-06,0.000421765,1.00151
47,5,0.742188,0.0859375,0.998834,1.00125,0.499381,0,0.998437,1.00131,-0.00134205,0,7.91255e-10,0.000134029,1.00131
48,5,0.757812,0.0859375,0.998813,1.00119,0.499549,0,0.998332,1.00111,-0.0012513,0,4.42483e-06,-7.61582e-05,1.00111
49,5,0.773438,0.0859375,0.998799,1.00114,0.499708,0,0.998241,1.00092,-0.00116622,0,7.55104e-06,-0.000208172,1.00092
50,5,0.789062,0.0859375,0.99879,1.00108,0.499856,0,0.998163,1.00074,-0.00108771,0,9.64515e-06,-0.000302092,1.00074
51,5,0.804688,0.0859375,0.998784,1.00103,0.499997,0,0.998098,1.00056,-0.00101649,0,1.14184e-05,-0.000402824,1.00056
52,5,0.820312,0.0859375,0.998776,1.00099,0.500132,0,0.998038,1.00039,-0.000951137,0,1.2738e-05,-0.000506887,1.00039
53,5,0.835938,0.0859375,0.998762,1.00095,0.500259,0,0.997975,1.00022,-0.000891829,0,1.30792e-05,-0.000622086,1.00022
54,5,0.851562,0.0859375,0.99874,1.00092,0.500379,0,0.997907,1.00006,-0.000837136,0,1.22653e-05,-0.000682782,1.00006
55,5,0.867188,0.0859375,0.998707,1.0009,0.500491,0,0.997828,0.999898,-0.000787124,0,1.02581e-05,-0.000676408,0.999898
56,5,0.882812,0.0859375,0.99866,1.00089,0.500598,0,0.997738,0.999744,-0.000741865,0,6.73277e-06,-0.000565051,0.999745
57,5,0.898438,0.0859375,0.998599,1.0009,0.500694,0,0.997628,0.999595,-0.000703063,0,1.41856e-06,-0.000462616,0.999595
58,5,0.914062,0.0859375,0.998524,1.00093,0.50078,0,0.997496,0.999449,-0.000671658,0,-5.47117e-06,-0.000323129,0.999449
59,5,0.929688,0.0859375,0.998431,1.00098,0.500851,0,0.997339,0.999308,-0.000648395,0,-1.42697e-05,-0.000116589,0.999308
60,5,0.945312,0.0859375,0.998321,1.00105,0.500906,0,0.997151,0.999171,-0.000633035,0,-2.5098e-05,0.000165766,0.999171
61,5,0.960938,0.0859375,0.99819,1.00116,0.50094,0,0.996928,0.999038,-0.000627121,0,-3.73024e-05,0.000351848,0.999038
62,5,0.976562,0.0859375,0.998037,1.00131,0.500949,0,0.996663,0.998908,-0.000629783,0,-5.22781e-05,0.000757169,0.998909
63,5,0.992188,0.0859375,0.99786,1.0015,0.50093,0,0.996353,0.99878,-0.000642716,0,-6.92699e-05,0.00101938,0.998781
0,6,0.0078125,0.101562,0.997619,1.00174,0.501077,0,0.995918,0.99868,-0.000492211,0,-9.24826e-05,0.00192869,0.99868
1,6,0.0234375,0.101562,0.997376,1.00201,0.501062,0,0.995491,0.998542,-0.000510102,0,-0.00011345,0.00227565,0.998542
2,6,0.0390625,0.101562,0.997117,1.00232,0.501024,0,0.995033,0.998403,-0.000522315,0,-0.000136878,0.00279909,0.998403
3,6,0.0546875,0.101562,0.996856,1.00265,0.500979,0,0.994567,0.998266,-0.000517499,0,-0.000161208,0.00334524,0.998266
4,6,0.0703125,0.101562,0.996622,1.00298,0.500949,0,0.994143,0.998131,-0.000488306,0,-0.00018832,0.00397485,0.998131
5,6,0.0859375,0.101562,0.996451,1.00325,0.500949,0,0.993825,0.998,-0.000403493,0,-0.000214476,0.00448209,0.998
6,6,0.101562,0.101562,0.996418,1.00345,0.501021,0,0.993697,0.997873,-0.000240104,0,-0.00024226,0.00561619,0.997873
7,6,0.117188,0.101562,0.996491,1.00348,0.501127,0,0.993794,0.997746,-6.13438e-07,0,-0.000271356,0.00614063,0.997746
8,6,0.132812,0.101562,0.996831,1.00327,0.501382,0,0.994297,0.997621,0.000397952,0,-0.000285299,0.00609206,0.997621
9,6,0.148438,0.101562,0.997421,1.00279,0.501783,0,0.99522,0.99751,0.000941607,0,-0.000304807,0.00712907,0.997511
10,6,0.164062,0.101562,0.998264,1.00203,0.502352,0,0.996566,0.997407,0.00165556,0,-0.00032138,0.00806991,0.997409
11,6,0.179688,0.101562,0.999326,1.00105,0.503038,0,0.998271,0.997311,0.00250831,0,-0.000332846,0.00865612,0.997314
12,6,0.195312,0.101562,1.00052,0.999954,0.503793,0,1.0002,0.997228,0.00346553,0,-0.000334705,0.00885673,0.997234
13,6,0.210938,0.101562,1.00174,0.998884,0.504553,0,1.00217,0.997167,0.00447233,0,-0.000329661,0.00889652,0.997177
14,6,0.226562,0.101562,1.00288,0.997948,0.505202,0,1.00402,0.997143,0.00542751,0,-0.000307338,0.008227,0.997157
15,6,0.242188,0.101562,1.00388,0.997216,0.505686,0,1.00563,0.997172,0.00626827,0,-0.000270973,0.00701574,0.997192
16,6,0.257812,0.101562,1.00474,0.996692,0.505935,0,1.00702,0.997281,0.00690941,0,-0.000229191,0.00612504,0.997305
17,6,0.273438,0.101562,1.00537,0.996405,0.505765,0,1.00805,0.997466,0.0072632,0,-0.000143081,0.00379461,0.997492
18,6,0.289062,0.101562,1.00583,0.996412,0.505324,0,1.00882,0.997751,0.00723107,0,-7.13015e-05,0.000618845,0.997777
19,6,0.304688,0.101562,1.00609,0.996544,0.504525,0,1.00929,0.998142,0.00693372,0,5.71759e-06,-0.0013435,0.998166
20,6,0.320312,0.101562,1.0061,0.996773,0.503418,0,1.00938,0.998629,0.00629024,0,7.38036e-05,-0.00204358,0.998649
21,6,0.335938,0.101562,1.00602,0.997029,0.502129,0,1.00932,0.999178,0.00538937,0,0.000126749,-0.0037003,0.999192
22,6,0.351562,0.101562,1.00581,0.997306,0.50075,0,1.00907,0.999769,0.00433298,0,0.00015997,-0.00466842,0.999778
23,6,0.367188,0.101562,1.00548,0.99753,0.499348,0,1.00864,1.00038,0.00317152,0,0.000178018,-0.00508874,1.00038
24,6,0.382812,0.101562,1.00505,0.997702,0.498048,0,1.00803,1.00097,0.00201943,0,0.000173317,-0.00471744,1.00097
25,6,0.398438,0.101562,1.0045,0.9978,0.496915,0,1.00726,1.00152,0.000937052,0,0.000154872,-0.00413265,1.00152
26,6,0.414062,0.101562,1.00385,0.997837,0.496006,0,1.00634,1.00201,-1.4584e-05,0,0.000126611,-0.00323149,1.00201
27,6,0.429688,0.101562,1.00315,0.997836,0.495321,0,1.0053,1.00242,-0.000809397,0,9.31245e-05,-0.00229742,1.00242
28,6,0.445312,0.101562,1.00242,0.997815,0.494853,0,1.00423,1.00275,-0.00142126,0,6.03567e-05,-0.00141419,1.00275
29,6,0.460938,0.101562,1.00172,0.997804,0.494577,0,1.00317,1.003,-0.0018565,0,3.32182e-05,-0.000698974,1.003
30,6,0.476562,0.101562,1.00105,0.997829,0.494456,0,1.00213,1.00317,-0.00212117,0,1.25764e-05,7.98555e-05,1.00317
31,6,0.492188,0.101562,1.00043,0.997917,0.494486,0,1.00118,1.00328,-0.00226075,0,-1.21974e-05,0.000248516,1.00329
32,6,0.507812,0.101562,0.999949,0.998064,0.494592,0,1.00045,1.00335,-0.0022822,0,-3.26176e-05,0.00175467,1.00335
33,6,0.523438,0.101562,0.999545,0.998334,0.494816,0,0.999834,1.00335,-0.00223729,0,-4.28358e-05,0.00172694,1.00335
34,6,0.539062,0.101562,0.999255,0.998684,0.49511,0,0.999394,1.00332,-0.00215433,0,-4.46752e-05,0.00165088,1.00332
35,6,0.554688,0.101562,0.999074,0.999078,0.495476,0,0.99912,1.00326,-0.00205943,0,-5.29653e-05,0.00232607,1.00326
36,6,0.570312,0.101562,0.998963,0.999509,0.495894,0,0.998957,1.00317,-0.00196895,0,-5.56164e-05,0.00243527,1.00318
37,6,0.585938,0.101562,0.998911,0.999939,0.496344,0,0.998877,1.00306,-0.00189399,0,-5.61783e-05,0.00253573,1.00307
38,6,0.601562,0.101562,0.998899,1.00034,0.496809,0,0.998843,1.00294,-0.00182598,0,-5.44856e-05,0.00247552,1.00294
39,6,0.617188,0.101562,0.99891,1.0007,0.497254,0,0.998835,1.00279,-0.00177245,0,-5.09278e-05,0.0023211,1.00279
40,6,0.632812,0.101562,0.998925,1.00099,0.497674,0,0.998827,1.00264,-0.00171512,0,-4.629e-05,0.00211335,1.00264
41,6,0.648438,0.101562,0.998938,1.00121,0.498051,0,0.998808,1.00247,-0.00165421,0,-4.1622e-05,0.00190461,1.00247
42,6,0.664062,0.101562,0.998939,1.00137,0.498384,0,0.998768,1.0023,-0.00158521,0,-3.55294e-05,0.00174983,1.0023
43,6,0.679688,0.101562,0.998936,1.00146,0.498667,0,0.998709,1.00212,-0.00150742,0,-2.96435e-05,0.00144792,1.00212
44,6,0.695312,0.101562,0.998918,1.00149,0.498911,0,0.998622,1.00193,-0.00142191,0,-2.20788e-05,0.00103267,1.00193
45,6,0.710938,0.101562,0.998895,1.00148,0.499116,0,0.99852,1.00174,-0.00133193,0,-1.64528e-05,0.000839208,1.00175
46,6,0.726562,0.101562,0.998874,1.00144,0.499297,0,0.99842,1.00156,-0.00123914,0,-1.10864e-05,0.000641089,1.00156
47,6,0.742188,0.101562,0.998855,1.00139,0.499459,0,0.998325,1.00137,-0.00114884,0,-6.2954e-06,0.000408504,1.00137
48,6,0.757812,0.101562,0.998843,1.00133,0.499608,0,0.998244,1.00119,-0.00106385,0,-2.10936e-06,0.00023081,1.00119
49,6,0.773438,0.101562,0.998837,1.00127,0.499748,0,0.998179,1.00101,-0.000984961,0,2.14846e-06,4.1933e-05,1.00101
50,6,0.789062,0.101562,0.998833,1.00121,0.499882,0,0.998124,1.00083,-0.000912235,0,6.04668e-06,-0.000191266,1.00083
51,6,0.804688,0.101562,0.998826,1.00115,0.500011,0,0.998071,1.00065,-0.00084669,0,8.81849e-06,-0.000394353,1.00065
52,6,0.820312,0.101562,0.998814,1.0011,0.500139,0,0.998018,1.00048,-0.000786382,0,1.01986e-05,-0.000504757,1.00048
53,6,0.835938,0.101562,0.998796,1.00106,0.500264,0,0.997962,1.00031,-0.000731284,0,1.00004e-05,-0.000510973,1.00031
54,6,0.851562,0.101562,0.99877,1.00102,0.500386,0,0.997901,1.00015,-0.000680749,0,8.61513e-06,-0.000493402,1.00015
55,6,0.867188,0.101562,0.998734,1.001,0.500502,0,0.997828,0.999987,-0.000634717,0,6.19271e-06,-0.00045361,0.999987
56,6,0.882812,0.101562,0.998684,1.00098,0.500611,0,0.997738,0.999832,-0.00059261,0,2.53767e-06,-0.00035409,0.999832
57,6,0.898438,0.101562,0.998625,1.00099,0.500713,0,0.997636,0.999681,-0.000554656,0,-3.15478e-06,-0.00015292,0.999681
58,6,0.914062,0.101562,0.998549,1.001,0.500807,0,0.997508,0.999534,-0.000523857,0,-9.71783e-06,2.26564e-05,0.999534
59,6,0.929688,0.101562,0.998457,1.00104,0.500891,0,0.997354,0.999389,-0.000500217,0,-1.74272e-05,0.000194274,0.999389
60,6,0.945312,0.101562,0.998342,1.00111,0.500962,0,0.99716,0.999244,-0.000483428,0,-2.73117e-05,0.000346187,0.999245
61,6,0.960938,0.101562,0.998203,1.0012,0.501017,0,0.996923,0.999102,-0.000474327,0,-4.00361e-05,0.000643868,0.999102
62,6,0.976562,0.101562,0.998035,1.00134,0.501054,0,0.996636,0.99896,-0.00047285,0,-5.51811e-05,0.000955092,0.99896
63,6,0.992188,0.101562,0.997839,1.00152,0.501074,0,0.9963,0.998819,-0.000479604,0,-7.30136e-05,0.00145077,0.998819
0,7,0.0078125,0.117188,0.997621,1.00177,0.501207,0,0.9959,0.998738,-0.000307464,0,-9.6241e-05,0.00218601,0.998738
1,7,0.0234375,0.117188,0.997355,1.00203,0.501237,0,0.995435,0.998584,-0.000313609,0,-0.000119391,0.00273443,0.998584
2,7,0.0390625,0.117188,0.99707,1.00234,0.501258,0,0.994933,0.998428,-0.000314428,0,-0.000144578,0.00333567,0.998428
3,7,0.0546875,0.117188,0.996777,1.00267,0.50128,0,0.99441,0.998271,-0.000301155,0,-0.000170502,0.00381422,0.998272
4,7,0.0703125,0.117188,0.996495,1.003,0.501314,0,0.993901,0.998113,-0.000260528,0,-0.000199886,0.00443107,0.998113
5,7,0.0859375,0.117188,0.996263,1.00331,0.501383,0,0.993473,0.997955,-0.000165308,0,-0.00022931,0.00513582,0.997955
6,7,0.101562,0.117188,0.996135,1.00349,0.501524,0,0.993185,0.997801,4.83647e-06,0,-0.000255082,0.00582777,0.997801
7,7,0.117188,0.117188,0.996149,1.00362,0.501728,0,0.993177,0.997641,0.000265043,0,-0.000291352,0.0067432,0.997641
8,7,0.132812,0.117188,0.996367,1.00344,0.502054,0,0.993483,0.99749,0.000653479,0,-0.000308306,0.00669191,0.99749
9,7,0.148438,0.117188,0.996841,1.00301,0.502527,0,0.994204,0.997355,0.00119334,0,-0.000327515,0.00750172,0.997356
10,7,0.164062,0.117188,0.997587,1.00231,0.503159,0,0.995377,0.997234,0.00190464,0,-0.000342161,0.00815799,0.997236
11,7,0.179688,0.117188,0.998573,1.00138,0.503899,0,0.996947,0.997127,0.00275108,0,-0.0003527,0.00871127,0.997131
12,7,0.195312,0.117188,0.999732,1.0003,0.504686,0,0.998812,0.997044,0.00368533,0,-0.000352094,0.00875955,0.997051
13,7,0.210938,0.117188,1.00095,0.999209,0.505446,0,1.00078,0.996997,0.00465564,0,-0.000342452,0.00872324,0.997008
14,7,0.226562,0.117188,1.00214,0.99821,0.506045,0,1.00272,0.996999,0.00554972,0,-0.0003195,0.0079366,0.997014
15,7,0.242188,0.117188,1.00322,0.997416,0.506459,0,1.00445,0.997068,0.00629293,0,-0.000283256,0.00602186,0.997088
16,7,0.257812,0.117188,1.00423,0.9968,0.506463,0,1.00612,0.997232,0.00685251,0,-0.000229361,0.00680879,0.997255
17,7,0.273438,0.117188,1.00504,0.996431,0.506145,0,1.00743,0.997474,0.00704301,0,-0.00013486,0.00141669,0.997499
18,7,0.289062,0.117188,1.00566,0.996305,0.505425,0,1.00848,0.997842,0.00689603,0,-8.36916e-05,0.00213563,0.997866
19,7,0.304688,0.117188,1.00611,0.99638,0.504375,0,1.00927,0.998295,0.00646034,0,-3.52609e-06,-0.00135594,0.998315
20,7,0.320312,0.117188,1.00634,0.996619,0.502999,0,1.00973,0.998838,0.00570361,0,6.4192e-05,-0.00275286,0.998854
21,7,0.335938,0.117188,1.00639,0.996848,0.501479,0,1.00991,0.999446,0.00473688,0,0.000112316,-0.00287812,0.999457
22,7,0.351562,0.117188,1.00628,0.997119,0.49994,0,1.0098,1.00007,0.00365255,0,0.000138421,-0.00353965,1.00008
23,7,0.367188,0.117188,1.006,0.997382,0.49844,0,1.00947,1.00069,0.00249108,0,0.000153816,-0.00403263,1.00069
24,7,0.382812,0.117188,1.00557,0.997604,0.49712,0,1.00887,1.00127,0.00138118,0,0.00014724,-0.00353215,1.00127
25,7,0.398438,0.117188,1.00499,0.99776,0.49603,0,1.00804,1.00179,0.000370528,0,0.000127864,-0.00291464,1.00179
26,7,0.414062,0.117188,1.00427,0.997853,0.495212,0,1.00699,1.00223,-0.000489895,0,0.000101035,-0.0021519,1.00223
27,7,0.429688,0.117188,1.00347,0.997893,0.494658,0,1.00579,1.00259,-0.00118468,0,7.0152e-05,-0.00131501,1.00259
28,7,0.445312,0.117188,1.00265,0.997894,0.494341,0,1.00454,1.00286,-0.00169938,0,4.36422e-05,-0.000645528,1.00286
29,7,0.460938,0.117188,1.00183,0.997901,0.49422,0,1.00329,1.00304,-0.00204655,0,2.49183e-05,-0.000243246,1.00305
30,7,0.476562,0.117188,1.00106,0.997943,0.494265,0,1.00208,1.00317,-0.00225166,0,3.20255e-06,-0.000224541,1.00317
31,7,0.492188,0.117188,1.0004,0.998034,0.494397,0,1.00106,1.00325,-0.00232109,0,-2.42364e-05,0.00129361,1.00325
32,7,0.507812,0.117188,0.999854,0.998205,0.494629,0,1.00021,1.00327,-0.00228846,0,-3.24739e-05,0.00107343,1.00328
33,7,0.523438,0.117188,0.999425,0.9985,0.494945,0,0.999539,1.00326,-0.0022002,0,-4.19901e-05,0.00176661,1.00327
34,7,0.539062,0.117188,0.999137,0.998858,0.495297,0,0.999097,1.00323,-0.00209086,0,-4.72201e-05,0.00174246,1.00323
35,7,0.554688,0.117188,0.998959,0.99928,0.495702,0,0.998827,1.00317,-0.00196667,0,-5.34856e-05,0.00225332,1.00317
36,7,0.570312,0.117188,0.998869,0.999729,0.496136,0,0.998689,1.00309,-0.00185365,0,-5.63275e-05,0.00243524,1.00309
37,7,0.585938,0.117188,0.998841,1.00017,0.496584,0,0.998639,1.003,-0.00175909,0,-5.74424e-05,0.00257862,1.003
38,7,0.601562,0.117188,0.998852,1.00058,0.497037,0,0.998638,1.00289,-0.00167498,0,-5.66336e-05,0.00257321,1.00289
39,7,0.617188,0.117188,0.99888,1.00092,0.497462,0,0.998654,1.00276,-0.00160923,0,-5.38561e-05,0.00244347,1.00276
40,7,0.632812,0.117188,0.99891,1.00121,0.497857,0,0.998669,1.00263,-0.00154234,0,-4.97248e-05,0.00226357,1.00263
41,7,0.648438,0.117188,0.998931,1.00141,0.498211,0,0.998664,1.00248,-0.00147367,0,-4.39631e-05,0.00205749,1.00248
42,7,0.664062,0.117188,0.998942,1.00155,0.498514,0,0.998637,1.00232,-0.00139989,0,-3.75346e-05,0.00171589,1.00232
43,7,0.679688,0.117188,0.998946,1.00162,0.498777,0,0.998593,1.00215,-0.00131745,0,-3.18836e-05,0.00154003,1.00215
44,7,0.695312,0.117188,0.99893,1.00164,0.498995,0,0.99851,1.00198,-0.0012318,0,-2.51415e-05,0.00120631,1.00198
45,7,0.710938,0.117188,0.998913,1.00162,0.499179,0,0.998425,1.00181,-0.00114173,0,-1.95509e-05,0.000954447,1.00181
46,7,0.726562,0.117188,0.998898,1.00157,0.499341,0,0.998343,1.00163,-0.00105111,0,-1.38733e-05,0.00071848,1.00163
47,7,0.742188,0.117188,0.998888,1.00151,0.499489,0,0.998276,1.00145,-0.000963872,0,-7.63737e-06,0.000495541,1.00145
48,7,0.757812,0.117188,0.99888,1.00144,0.499624,0,0.998213,1.00127,-0.00088258,0,-2.18249e-06,0.000153169,1.00127
49,7,0.773438,0.117188,0.998873,1.00138,0.49975,0,0.998157,1.00109,-0.000807697,0,1.51082e-06,-6.96529e-05,1.00109
50,7,0.789062,0.117188,0.998869,1.00132,0.499877,0,0.998111,1.00092,-0.000738817,0,4.54447e-06,-0.000157218,1.00092
51,7,0.804688,0.117188,0.998862,1.00126,0.500004,0,0.998071,1.00075,-0.000676929,0,6.4719e-06,-0.000206963,1.00075
52,7,0.820312,0.117188,0.998851,1.00121,0.500127,0,0.998029,1.00058,-0.000620693,0,7.3736e-06,-0.000283819,1.00058
53,7,0.835938,0.117188,0.998834,1.00116,0.500248,0,0.997982,1.00041,-0.000569447,0,7.26379e-06,-0.000325519,1.00041
54,7,0.851562,0.117188,0.998807,1.00112,0.500366,0,0.997925,1.00024,-0.000522156,0,6.03189e-06,-0.000331422,1.00025
55,7,0.867188,0.117188,0.998768,1.00109,0.500481,0,0.997855,1.00008,-0.000479147,0,3.54754e-06,-0.000312185,1.00008
56,7,0.882812,0.117188,0.998718,1.00108,0.50059,0,0.997767,0.999928,-0.000439642,0,-4.30893e-07,-0.000248967,0.999928
57,7,0.898438,0.117188,0.998656,1.00107,0.500697,0,0.997664,0.999774,-0.000402831,0,-5.96713e-06,-8.40488e-05,0.999775
58,7,0.914062,0.117188,0.998578,1.00108,0.500795,0,0.997535,0.999624,-0.000372055,0,-1.31685e-05,0.000114223,0.999624
59,7,0.929688,0.117188,0.998484,1.00112,0.500887,0,0.997379,0.999477,-0.000346499,0,-2.19878e-05,0.000378975,0.999477
60,7,0.945312,0.117188,0.998371,1.00118,0.500973,0,0.997192,0.99933,-0.00032605,0,-3.20794e-05,0.00071844,0.999331
61,7,0.960938,0.117188,0.99823,1.00127,0.501049,0,0.996952,0.999183,-0.000311946,0,-4.47016e-05,0.000972968,0.999183
62,7,0.976562,0.117188,0.998059,1.00139,0.501114,0,0.996661,0.999036,-0.000304331,0,-5.98523e-05,0.00137262,0.999036
63,7,0.992188,0.117188,0.997857,1.00156,0.501169,0,0.996312,0.998888,-0.000303727,0,-7.70258e-05,0.00179289,0.998888
0,8,0.0078125,0.132812,0.997639,1.00183,0.501302,0,0.995913,0.998811,-0.000109028,0,-0.000102651,0.00255906,0.998811
1,8,0.0234375,0.132812,0.997361,1.00209,0.501373,0,0.995425,0.998649,-0.000101634,0,-0.000126415,0.00317475,0.998649
2,8,0.0390625,0.132812,0.997054,1.00239,0.501444,0,0.994882,0.998481,-8.82473e-05,0,-0.00015252,0.00376423,0.998481
3,8,0.0546875,0.132812,0.996727,1.00272,0.501522,0,0.9943,0.998309,-5.98607e-05,0,-0.000181636,0.0044027,0.998309
4,8,0.0703125,0.132812,0.996401,1.00307,0.50162,0,0.993715,0.998132,-3.15619e-06,0,-0.000212713,0.00513633,0.998132
5,8,0.0859375,0.132812,0.996116,1.00339,0.501758,0,0.993185,0.997951,0.000103134,0,-0.000242858,0.00562352,0.997951
6,8,0.101562,0.132812,0.995873,1.00362,0.501951,0,0.992782,0.99777,0.000283831,0,-0.000272961,0.00626032,0.99777
7,8,0.117188,0.132812,0.99587,1.00375,0.502259,0,0.992607,0.997589,0.00056506,0,-0.000308942,0.00759725,0.997589
8,8,0.132812,0.132812,0.995958,1.00367,0.50265,0,0.992731,0.997416,0.000943126,0,-0.000333148,0.00748861,0.997417
9,8,0.148438,0.132812,0.996318,1.00329,0.503182,0,0.993274,0.997258,0.00147684,0,-0.000351088,0.00800471,0.997259
10,8,0.164062,0.132812,0.996959,1.00265,0.50387,0,0.994267,0.997117,0.00217765,0,-0.000363729,0.00847645,0.99712
11,8,0.179688,0.132812,0.99786,1.00176,0.504666,0,0.995688,0.997001,0.00300621,0,-0.000372987,0.00891649,0.997006
12,8,0.195312,0.132812,0.998976,1.00069,0.505481,0,0.997472,0.996921,0.00390443,0,-0.000370784,0.00891385,0.996929
13,8,0.210938,0.132812,1.0002,0.999561,0.506237,0,0.999452,0.99689,0.00482212,0,-0.000357956,0.00860841,0.996901
14,8,0.226562,0.132812,1.00144,0.998513,0.506802,0,1.00145,0.996919,0.0056443,0,-0.000330315,0.00796217,0.996935
15,8,0.242188,0.132812,1.00263,0.997615,0.507102,0,1.00338,0.997025,0.00629003,0,-0.000295685,0.00660776,0.997045
16,8,0.257812,0.132812,1.00377,0.996864,0.50694,0,1.00527,0.997223,0.00672323,0,-0.000214194,0.00438263,0.997246
17,8,0.273438,0.132812,1.00476,0.996379,0.506453,0,1.0069,0.997528,0.00676048,0,-0.0001436,0.00144419,0.997551
18,8,0.289062,0.132812,1.00557,0.996105,0.505456,0,1.00826,0.997952,0.00649397,0,-8.28561e-05,0.00134983,0.997973
19,8,0.304688,0.132812,1.00621,0.996126,0.504172,0,1.00936,0.998461,0.00593585,0,-9.71124e-06,-0.0009304,0.998479
20,8,0.320312,0.132812,1.00661,0.996286,0.502578,0,1.01012,0.999051,0.00507384,0,5.15448e-05,-0.00254332,0.999064
21,8,0.335938,0.132812,1.0068,0.996554,0.500843,0,1.01056,0.999694,0.0040483,0,9.83377e-05,-0.00295714,0.999702
22,8,0.351562,0.132812,1.00676,0.996824,0.499175,0,1.01056,1.00034,0.00296571,0,0.000115479,-0.00249656,1.00035
23,8,0.367188,0.132812,1.00652,0.997151,0.497599,0,1.0103,1.00096,0.00182694,0,0.000127207,-0.00290774,1.00096
24,8,0.382812,0.132812,1.00608,0.997448,0.496275,0,1.00968,1.00152,0.00078043,0,0.000118103,-0.00235573,1.00152
25,8,0.398438,0.132812,1.00544,0.99769,0.495236,0,1.00875,1.00201,-0.000141773,0,9.86229e-05,-0.00171425,1.00201
26,8,0.414062,0.132812,1.00465,0.997864,0.494512,0,1.00756,1.00241,-0.000902251,0,7.38753e-05,-0.00105209,1.00241
27,8,0.429688,0.132812,1.00377,0.997959,0.494075,0,1.00622,1.00271,-0.00149288,0,4.62625e-05,-0.000285362,1.00271
28,8,0.445312,0.132812,1.00284,0.998002,0.493889,0,1.00479,1.00292,-0.0019116,0,3.2094e-05,5.52757e-05,1.00292
29,8,0.460938,0.132812,1.00192,0.998037,0.493933,0,1.00336,1.00307,-0.00219156,0,1.15435e-05,-8.42865e-05,1.00307
30,8,0.476562,0.132812,1.00108,0.998085,0.494095,0,1.00204,1.00316,-0.00233664,0,-1.05193e-05,0.000310732,1.00316
31,8,0.492188,0.132812,1.00036,0.998182,0.494336,0,1.0009,1.0032,-0.0023415,0,-2.64348e-05,0.00124119,1.0032
32,8,0.507812,0.132812,0.999765,0.998375,0.49468,0,0.999965,1.0032,-0.00227295,0,-3.47332e-05,0.00126831,1.0032
33,8,0.523438,0.132812,0.999321,0.998672,0.495067,0,0.999268,1.00318,-0.00215931,0,-4.11851e-05,0.00150666,1.00319
34,8,0.539062,0.132812,0.999034,0.99904,0.495473,0,0.998824,1.00315,-0.00202665,0,-4.87866e-05,0.00183306,1.00315
35,8,0.554688,0.132812,0.998867,0.999475,0.495907,0,0.998569,1.0031,-0.00188344,0,-5.30064e-05,0.00211091,1.0031
36,8,0.570312,0.132812,0.998797,0.999928,0.496346,0,0.998462,1.00303,-0.0017532,0,-5.57798e-05,0.00238724,1.00304
37,8,0.585938,0.132812,0.998801,1.00038,0.496785,0,0.998458,1.00296,-0.00164194,0,-5.70611e-05,0.00254587,1.00296
38,8,0.601562,0.132812,0.998831,1.00078,0.497217,0,0.998488,1.00286,-0.00154242,0,-5.69123e-05,0.00258286,1.00287
39,8,0.617188,0.132812,0.998874,1.00112,0.497619,0,0.998534,1.00276,-0.00146327,0,-5.41455e-05,0.00250627,1.00276
40,8,0.632812,0.132812,0.998915,1.00139,0.497989,0,0.998566,1.00264,-0.00138513,0,-4.96043e-05,0.00228374,1.00264
41,8,0.648438,0.132812,0.998943,1.00158,0.498317,0,0.998575,1.0025,-0.00130808,0,-4.39157e-05,0.00201601,1.0025
42,8,0.664062,0.132812,0.998959,1.0017,0.498596,0,0.998558,1.00236,-0.00122696,0,-3.84655e-05,0.00180093,1.00236
43,8,0.679688,0.132812,0.998965,1.00176,0.498837,0,0.998519,1.0022,-0.00113976,0,-3.15772e-05,0.00151709,1.0022
44,8,0.695312,0.132812,0.998951,1.00175,0.499035,0,0.998445,1.00204,-0.00105158,0,-2.50504e-05,0.00121155,1.00204
45,8,0.710938,0.132812,0.998941,1.00172,0.499206,0,0.998381,1.00188,-0.000960202,0,-1.84194e-05,0.00095345,1.00188
46,8,0.726562,0.132812,0.998927,1.00167,0.499355,0,0.998311,1.0017,-0.000870767,0,-1.20491e-05,0.000611014,1.0017
47,8,0.742188,0.132812,0.998915,1.00161,0.499488,0,0.998245,1.00153,-0.000785521,0,-7.18803e-06,0.00035757,1.00153
48,8,0.757812,0.132812,0.998911,1.00154,0.499616,0,0.998198,1.00136,-0.00070545,0,-3.12629e-06,0.000295013,1.00136
49,8,0.773438,0.132812,0.99891,1.00148,0.49974,0,0.998162,1.00119,-0.000632495,0,6.08132e-07,0.000136405,1.00119
50,8,0.789062,0.132812,0.998907,1.00142,0.499859,0,0.998126,1.00101,-0.000567748,0,3.43181e-06,-7.38857e-05,1.00101
51,8,0.804688,0.132812,0.998902,1.00136,0.499975,0,0.998094,1.00084,-0.000509516,0,5.15103e-06,-0.00016307,1.00084
52,8,0.820312,0.132812,0.998893,1.00131,0.500093,0,0.998061,1.00068,-0.000456152,0,5.87073e-06,-0.000196387,1.00068
53,8,0.835938,0.132812,0.998875,1.00126,0.50021,0,0.99802,1.00051,-0.000407502,0,5.56176e-06,-0.00022234,1.00051
54,8,0.851562,0.132812,0.998848,1.00122,0.500325,0,0.997968,1.00035,-0.000362551,0,4.10656e-06,-0.000217018,1.00035
55,8,0.867188,0.132812,0.99881,1.00119,0.500439,0,0.997902,1.00019,-0.000321582,0,1.4178e-06,-0.000178207,1.00019
56,8,0.882812,0.132812,0.998761,1.00117,0.50055,0,0.997818,1.00003,-0.000283638,0,-2.75621e-06,-9.96791e-05,1.00003
57,8,0.898438,0.132812,0.998697,1.00116,0.500659,0,0.997714,0.999876,-0.000248056,0,-8.05134e-06,2.38902e-05,0.999876
58,8,0.914062,0.132812,0.99862,1.00117,0.500764,0,0.997587,0.999724,-0.000216646,0,-1.54722e-05,0.000244061,0.999724
59,8,0.929688,0.132812,0.998525,1.0012,0.500867,0,0.997431,0.999574,-0.000189152,0,-2.45491e-05,0.000492786,0.999574
60,8,0.945312,0.132812,0.998409,1.00126,0.500967,0,0.997236,0.999426,-0.000164473,0,-3.56705e-05,0.000816952,0.999426
61,8,0.960938,0.132812,0.998267,1.00134,0.501064,0,0.996999,0.999276,-0.000143339,0,-4.86371e-05,0.00123419,0.999276
62,8,0.976562,0.132812,0.998092,1.00147,0.501151,0,0.996699,0.999124,-0.000128247,0,-6.35983e-05,0.00155594,0.999124
63,8,0.992188,0.132812,0.997884,1.00163,0.50123,0,0.996338,0.99897,-0.000117078,0,-8.1858e-05,0.00203762,0.99897
0,9,0.0078125,0.148438,0.997661,1.00192,0.501382,0,0.995929,0.998894,9.8482e-05,0,-0.00010975,0.00290425,0.998894
1,9,0.0234375,0.148438,0.997372,1.00218,0.501487,0,0.995421,0.998726,0.000122035,0,-0.000134472,0.00355308,0.998726
2,9,0.0390625,0.148438,0.997045,1.00248,0.501601,0,0.994844,0.998551,0.000153474,0,-0.000162117,0.00423361,0.998551
3,9,0.0546875,0.148438,0.996691,1.00282,0.501729,0,0.994215,0.998367,0.000201094,0,-0.000192996,0.00495881,0.998367
4,9,0.0703125,0.148438,0.996329,1.00318,0.501884,0,0.993563,0.998177,0.000277266,0,-0.000226148,0.00574356,0.998177
5,9,0.0859375,0.148438,0.995986,1.00353,0.502084,0,0.992935,0.99798,0.000400717,0,-0.000260367,0.00645518,0.99798
6,9,0.101562,0.148438,0.995701,1.00381,0.502347,0,0.992417,0.997781,0.000594416,0,-0.000294256,0.00715149,0.997781
7,9,0.117188,0.148438,0.995577,1.00392,0.502721,0,0.992105,0.997585,0.000886343,0,-0.000323882,0.0080167,0.997585
8,9,0.132812,0.148438,0.99558,1.00395,0.503174,0,0.992032,0.997389,0.0012691,0,-0.000356532,0.00834157,0.99739
9,9,0.148438,0.148438,0.995846,1.00365,0.503755,0,0.992429,0.997208,0.00179144,0,-0.000375629,0.0085089,0.997209
10,9,0.164062,0.148438,0.996387,1.00306,0.504488,0,0.993249,0.997054,0.0024711,0,-0.000386772,0.00897234,0.997058
11,9,0.179688,0.148438,0.997204,1.0022,0.505323,0,0.994523,0.996935,0.0032704,0,-0.000392601,0.00926987,0.99694
12,9,0.195312,0.148438,0.998277,1.00113,0.506155,0,0.996223,0.996858,0.00412227,0,-0.000385908,0.00900532,0.996866
13,9,0.210938,0.148438,0.999511,0.999951,0.506904,0,0.998216,0.996834,0.00497794,0,-0.000368789,0.00843366,0.996846
14,9,0.226562,0.148438,1.00079,0.998805,0.507437,0,1.00027,0.996883,0.00570222,0,-0.000333884,0.00687323,0.9969
15,9,0.242188,0.148438,1.00211,0.997789,0.507606,0,1.00245,0.997039,0.00626155,0,-0.000309155,0.00811109,0.997058
16,9,0.257812,0.148438,1.00338,0.996904,0.507336,0,1.00453,0.997269,0.00653141,0,-0.000207552,0.00247231,0.99729
17,9,0.273438,0.148438,1.00456,0.996252,0.506642,0,1.00649,0.997632,0.00643782,0,-0.000154251,0.00258383,0.997653
18,9,0.289062,0.148438,1.00557,0.995844,0.505437,0,1.00818,0.998091,0.00603674,0,-8.24611e-05,8.64094e-05,0.998109
19,9,0.304688,0.148438,1.00635,0.995726,0.50393,0,1.00954,0.998649,0.00536157,0,-1.25508e-05,-0.000995249,0.998664
20,9,0.320312,0.148438,1.00691,0.995829,0.502137,0,1.01055,0.999273,0.00441837,0,3.86276e-05,-0.00207165,0.999282
21,9,0.335938,0.148438,1.00723,0.996151,0.500245,0,1.01124,0.999929,0.00334687,0,8.12393e-05,-0.00287787,0.999935
22,9,0.351562,0.148438,1.00724,0.99645,0.498482,0,1.01133,1.00058,0.0022827,0,9.17517e-05,-0.00191506,1.00058
23,9,0.367188,0.148438,1.00703,0.996847,0.496852,0,1.01108,1.00119,0.00118828,0,9.84668e-05,-0.00189375,1.00119
24,9,0.382812,0.148438,1.00655,0.997254,0.495537,0,1.01042,1.00173,0.000224182,0,8.68294e-05,-0.00115187,1.00173
25,9,0.398438,0.148438,1.00586,0.997604,0.494553,0,1.00939,1.00218,-0.000599076,0,6.89529e-05,-0.000596403,1.00218
26,9,0.414062,0.148438,1.00499,0.997874,0.493915,0,1.00806,1.00253,-0.00125623,0,4.75952e-05,-0.000101449,1.00253
27,9,0.429688,0.148438,1.00402,0.998041,0.493565,0,1.00657,1.00279,-0.00173566,0,2.69332e-05,0.00100015,1.00279
28,9,0.445312,0.148438,1.00299,0.998143,0.493536,0,1.00496,1.00296,-0.00208434,0,1.55771e-05,-0.000287393,1.00296
29,9,0.460938,0.148438,1.002,0.998205,0.493668,0,1.0034,1.00307,-0.00229037,0,-3.47021e-06,0.000861636,1.00307
30,9,0.476562,0.148438,1.0011,0.998258,0.493946,0,1.00198,1.00313,-0.00237315,0,-2.29008e-05,0.00143165,1.00313
31,9,0.492188,0.148438,1.00032,0.998367,0.494311,0,1.00074,1.00314,-0.00234185,0,-2.66186e-05,0.000774171,1.00314
32,9,0.507812,0.148438,0.999691,0.998564,0.494732,0,0.99974,1.00313,-0.00224863,0,-3.47799e-05,0.00119687,1.00314
33,9,0.523438,0.148438,0.999235,0.998855,0.495176,0,0.999026,1.00311,-0.00211789,0,-4.03149e-05,0.00140484,1.00312
34,9,0.539062,0.148438,0.998948,0.999226,0.495629,0,0.998582,1.00308,-0.00196749,0,-4.78433e-05,0.00179601,1.00309
35,9,0.554688,0.148438,0.998791,0.999658,0.496084,0,0.998345,1.00304,-0.0018131,0,-5.08438e-05,0.00193307,1.00305
36,9,0.570312,0.148438,0.998753,1.00012,0.496524,0,0.998281,1.003,-0.00166998,0,-5.37379e-05,0.00223562,1.003
37,9,0.585938,0.148438,0.998775,1.00056,0.496948,0,0.998311,1.00294,-0.00154382,0,-5.51432e-05,0.00244488,1.00294
38,9,0.601562,0.148438,0.998826,1.00096,0.49736,0,0.99838,1.00286,-0.0014282,0,-5.43921e-05,0.00257051,1.00286
39,9,0.617188,0.148438,0.998882,1.00129,0.497734,0,0.99845,1.00277,-0.00133422,0,-5.14983e-05,0.00242461,1.00277
40,9,0.632812,0.148438,0.998931,1.00154,0.498079,0,0.998502,1.00266,-0.00124278,0,-4.69228e-05,0.00224156,1.00266
41,9,0.648438,0.148438,0.998964,1.00172,0.498382,0,0.998522,1.00254,-0.00115516,0,-4.09534e-05,0.00197221,1.00254
42,9,0.664062,0.148438,0.998987,1.00182,0.498642,0,0.998515,1.00241,-0.00106466,0,-3.56542e-05,0.00170755,1.00241
43,9,0.679688,0.148438,0.998989,1.00186,0.498866,0,0.998479,1.00226,-0.000972093,0,-2.83271e-05,0.00139744,1.00226
44,9,0.695312,0.148438,0.998977,1.00185,0.499052,0,0.998413,1.0021,-0.000879474,0,-2.1655e-05,0.00113332,1.00211
45,9,0.710938,0.148438,0.998962,1.00181,0.499211,0,0.998346,1.00194,-0.00078608,0,-1.50183e-05,0.000797251,1.00194
46,9,0.726562,0.148438,0.998951,1.00176,0.499352,0,0.998289,1.00178,-0.000695919,0,-9.56201e-06,0.000594251,1.00178
47,9,0.742188,0.148438,0.998943,1.00169,0.499479,0,0.998239,1.00161,-0.000611397,0,-5.0359e-06,0.000364823,1.00161
48,9,0.757812,0.148438,0.998937,1.00163,0.4996,0,0.9982,1.00144,-0.000533291,0,-9.84915e-07,0.000154607,1.00144
49,9,0.773438,0.148438,0.998938,1.00156,0.499719,0,0.998172,1.00127,-0.000462161,0,2.49173e-06,4.83906e-05,1.00127
50,9,0.789062,0.148438,0.998936,1.0015,0.499836,0,0.998148,1.0011,-0.000399099,0,4.67596e-06,-5.22664e-05,1.0011
51,9,0.804688,0.148438,0.998932,1.00144,0.49995,0,0.998122,1.00093,-0.000343426,0,5.94456e-06,-0.000169918,1.00093
52,9,0.820312,0.148438,0.998923,1.00139,0.500063,0,0.998093,1.00076,-0.000292612,0,6.1471e-06,-0.000215134,1.00076
53,9,0.835938,0.148438,0.998905,1.00134,0.500177,0,0.998055,1.0006,-0.000246137,0,5.17712e-06,-0.000202487,1.0006
54,9,0.851562,0.148438,0.998878,1.0013,0.500291,0,0.998007,1.00044,-0.000203081,0,3.00843e-06,-0.000154702,1.00044
55,9,0.867188,0.148438,0.998841,1.00127,0.500404,0,0.997943,1.00028,-0.000163657,0,-4.16677e-07,-7.00007e-05,1.00028
56,9,0.882812,0.148438,0.998793,1.00125,0.500516,0,0.997863,1.00012,-0.000126722,0,-5.21162e-06,5.10626e-05,1.00012
57,9,0.898438,0.148438,0.998731,1.00125,0.500627,0,0.997761,0.99997,-9.203e-05,0,-1.07649e-05,0.000184406,0.99997
58,9,0.914062,0.148438,0.998657,1.00126,0.500737,0,0.997637,0.999819,-5.93603e-05,0,-1.84151e-05,0.000404753,0.999819
59,9,0.929688,0.148438,0.998562,1.00129,0.500847,0,0.997479,0.999669,-2.87416e-05,0,-2.76994e-05,0.000663254,0.999669
60,9,0.945312,0.148438,0.998443,1.00134,0.500955,0,0.997279,0.999519,1.03285e-06,0,-3.91635e-05,0.000958131,0.999519
61,9,0.960938,0.148438,0.998298,1.00143,0.501065,0,0.997033,0.999368,2.91517e-05,0,-5.2628e-05,0.00137885,0.999368
62,9,0.976562,0.148438,0.998121,1.00155,0.501172,0,0.996731,0.999214,5.42206e-05,0,-6.87912e-05,0.00185491,0.999214
63,9,0.992188,0.148438,0.997909,1.00171,0.501277,0,0.996364,0.999057,7.72368e-05,0,-8.78044e-05,0.0023493,0.999057
0,10,0.0078125,0.164062,0.997671,1.00203,0.501453,0,0.995926,0.998978,0.000313039,0,-0.000117607,0.00328917,0.998978
1,10,0.0234375,0.164062,0.997372,1.00229,0.501594,0,0.995401,0.998806,0.000355193,0,-0.000143483,0.00395952,0.998807
2,10,0.0390625,0.164062,0.997031,1.0026,0.501747,0,0.994796,0.998626,0.000407225,0,-0.0001729,0.00469717,0.998626
3,10,0.0546875,0.164062,0.996655,1.00295,0.50192,0,0.994127,0.998436,0.000476992,0,-0.000205504,0.00551698,0.998437
4,10,0.0703125,0.164062,0.99626,1.00333,0.502125,0,0.993416,0.998237,0.000575627,0,-0.000240697,0.00635902,0.998238
5,10,0.0859375,0.164062,0.995871,1.0037,0.502379,0,0.992708,0.998031,0.000719843,0,-0.000277114,0.00718472,0.998031
6,10,0.101562,0.164062,0.99554,1.00402,0.502703,0,0.99208,0.997819,0.000929598,0,-0.000313799,0.00788389,0.997819
7,10,0.117188,0.164062,0.99528,1.00421,0.503121,0,0.991643,0.99761,0.00122955,0,-0.000345609,0.00859274,0.99761
8,10,0.132812,0.164062,0.995262,1.00426,0.503644,0,0.991401,0.997404,0.00162565,0,-0.00038099,0.00967478,0.997406
9,10,0.148438,0.164062,0.995426,1.00404,0.504274,0,0.991636,0.997211,0.00213164,0,-0.000402373,0.00937718,0.997213
10,10,0.164062,0.164062,0.995866,1.00351,0.505031,0,0.992303,0.99705,0.00277881,0,-0.000411191,0.00940436,0.997054
11,10,0.179688,0.164062,0.996603,1.00269,0.505881,0,0.993444,0.996932,0.00354006,0,-0.000414636,0.00971626,0.996938
12,10,0.195312,0.164062,0.997635,1.00162,0.506715,0,0.995063,0.996864,0.00433805,0,-0.0004042,0.00944968,0.996873
13,10,0.210938,0.164062,0.998871,1.00039,0.507448,0,0.997058,0.996856,0.00512448,0,-0.000382241,0.00890927,0.99687
14,10,0.226562,0.164062,1.00022,0.999142,0.507968,0,0.999218,0.996929,0.005719,0,-0.000339626,0.00571337,0.996945
15,10,0.242188,0.164062,1.00168,0.997938,0.507942,0,1.00163,0.997113,0.00620106,0,-0.000300654,0.0078881,0.997132
16,10,0.257812,0.164062,1.00308,0.99691,0.507595,0,1.00393,0.997385,0.00629204,0,-0.000212856,0.00210565,0.997405
17,10,0.273438,0.164062,1.00446,0.996052,0.50671,0,1.00623,0.997791,0.00607526,0,-0.000156383,0.00279956,0.99781
18,10,0.289062,0.164062,1.00565,0.995496,0.505347,0,1.00825,0.998287,0.00554404,0,-8.52782e-05,0.000201062,0.998303
19,10,0.304688,0.164062,1.00657,0.995242,0.503635,0,1.00984,0.998871,0.00475311,0,-1.53516e-05,-0.00156129,0.998883
20,10,0.320312,0.164062,1.00728,0.99531,0.501692,0,1.01109,0.999507,0.00375515,0,2.59215e-05,-0.00174787,0.999514
21,10,0.335938,0.164062,1.00768,0.995648,0.499693,0,1.01192,1.00016,0.00265314,0,6.11461e-05,-0.00249945,1.00017
22,10,0.351562,0.164062,1.00771,0.996004,0.497876,0,1.01206,1.0008,0.00162059,0,6.76668e-05,-0.00153541,1.0008
23,10,0.367188,0.164062,1.0075,0.996494,0.49622,0,1.0118,1.00138,0.000586235,0,6.93536e-05,-0.00116751,1.00138
24,10,0.382812,0.164062,1.00698,0.997031,0.494927,0,1.01106,1.00189,-0.000283041,0,5.59852e-05,-0.000188691,1.00189
25,10,0.398438,0.164062,1.00622,0.997506,0.493996,0,1.00991,1.0023,-0.001003,0,4.05249e-05,0.000330199,1.0023
26,10,0.414062,0.164062,1.00528,0.997883,0.493425,0,1.00846,1.00261,-0.00155543,0,2.18065e-05,0.000857017,1.00261
27,10,0.429688,0.164062,1.00422,0.998138,0.493165,0,1.00682,1.00283,-0.00193744,0,1.15115e-05,0.00115204,1.00283
28,10,0.445312,0.164062,1.00312,0.998309,0.493228,0,1.00508,1.00297,-0.00220372,0,-6.39598e-06,0.00149439,1.00297
29,10,0.460938,0.164062,1.00207,0.99839,0.493465,0,1.00341,1.00305,-0.00235905,0,-1.44986e-05,0.000630234,1.00305
30,10,0.476562,0.164062,1.00111,0.99846,0.493825,0,1.00189,1.00309,-0.00238243,0,-2.84781e-05,0.00174478,1.00309
31,10,0.492188,0.164062,1.00029,0.998577,0.494287,0,1.00057,1.00309,-0.00232775,0,-2.97498e-05,0.00114577,1.00309
32,10,0.507812,0.164062,0.999638,0.998767,0.494775,0,0.999544,1.00308,-0.00222105,0,-3.42277e-05,0.00108469,1.00308
33,10,0.523438,0.164062,0.999171,0.99905,0.495268,0,0.998816,1.00306,-0.00208039,0,-3.87803e-05,0.00126953,1.00306
34,10,0.539062,0.164062,0.998884,0.999417,0.49576,0,0.998375,1.00304,-0.0019185,0,-4.49239e-05,0.00166723,1.00304
35,10,0.554688,0.164062,0.998736,0.999827,0.496229,0,0.998155,1.00301,-0.00175748,0,-4.71158e-05,0.00179239,1.00301
36,10,0.570312,0.164062,0.998722,1.0003,0.496669,0,0.998133,1.00298,-0.00160361,0,-4.93533e-05,0.00202144,1.00298
37,10,0.585938,0.164062,0.998759,1.00073,0.497082,0,0.998194,1.00293,-0.00146377,0,-4.9713e-05,0.00224932,1.00293
38,10,0.601562,0.164062,0.998826,1.00112,0.49747,0,0.998294,1.00287,-0.00133199,0,-4.85074e-05,0.00230631,1.00287
39,10,0.617188,0.164062,0.998897,1.00143,0.49782,0,0.998393,1.00279,-0.00122049,0,-4.63576e-05,0.00231426,1.0028
40,10,0.632812,0.164062,0.998955,1.00167,0.498139,0,0.998462,1.0027,-0.00111398,0,-4.16423e-05,0.00212962,1.0027
41,10,0.648438,0.164062,0.998989,1.00183,0.49842,0,0.99849,1.00259,-0.00101334,0,-3.55135e-05,0.00188659,1.00259
42,10,0.664062,0.164062,0.999011,1.00192,0.498666,0,0.998494,1.00246,-0.000910852,0,-2.92327e-05,0.0016205,1.00246
43,10,0.679688,0.164062,0.999006,1.00195,0.498875,0,0.998447,1.00232,-0.000811886,0,-2.16114e-05,0.00115361,1.00232
44,10,0.695312,0.164062,0.998994,1.00193,0.499051,0,0.998388,1.00216,-0.000713449,0,-1.57806e-05,0.000898784,1.00216
45,10,0.710938,0.164062,0.998981,1.00189,0.499204,0,0.998329,1.00201,-0.000617589,0,-9.6121e-06,0.000630663,1.00201
46,10,0.726562,0.164062,0.998969,1.00183,0.499341,0,0.998277,1.00184,-0.000526309,0,-3.75653e-06,0.000382598,1.00184
47,10,0.742188,0.164062,0.998959,1.00176,0.499469,0,0.998235,1.00167,-0.000440994,0,8.2083e-07,0.000198733,1.00167
48,10,0.757812,0.164062,0.998953,1.0017,0.499588,0,0.998201,1.00151,-0.000363927,0,4.3852e-06,-7.6699e-06,1.00151
49,10,0.773438,0.164062,0.998952,1.00164,0.499705,0,0.998176,1.00134,-0.000294916,0,6.88889e-06,-0.000145834,1.00134
50,10,0.789062,0.164062,0.998951,1.00158,0.499822,0,0.998157,1.00117,-0.000233169,0,8.06964e-06,-0.000173379,1.00117
51,10,0.804688,0.164062,0.998947,1.00152,0.499936,0,0.998138,1.001,-0.000179049,0,8.2772e-06,-0.000197915,1.001
52,10,0.820312,0.164062,0.998937,1.00147,0.500049,0,0.998112,1.00083,-0.000130267,0,7.56952e-06,-0.000219117,1.00083
53,10,0.835938,0.164062,0.99892,1.00142,0.500161,0,0.998076,1.00067,-8.58467e-05,0,5.77853e-06,-0.000197308,1.00067
54,10,0.851562,0.164062,0.998893,1.00138,0.500272,0,0.99803,1.00051,-4.46187e-05,0,2.86512e-06,-0.000129752,1.00051
55,10,0.867188,0.164062,0.998857,1.00135,0.500383,0,0.997969,1.00035,-6.53337e-06,0,-1.25179e-06,-2.0684e-05,1.00035
56,10,0.882812,0.164062,0.99881,1.00134,0.500497,0,0.997889,1.0002,2.98078e-05,0,-6.76737e-06,0.000122905,1.0002
57,10,0.898438,0.164062,0.998749,1.00133,0.500609,0,0.997788,1.00005,6.41384e-05,0,-1.327e-05,0.000282974,1.00005
58,10,0.914062,0.164062,0.998675,1.00134,0.500724,0,0.997662,0.999896,9.90311e-05,0,-2.18156e-05,0.000538462,0.999896
59,10,0.929688,0.164062,0.998578,1.00138,0.500839,0,0.9975,0.999747,0.000133481,0,-3.23746e-05,0.000837659,0.999747
60,10,0.945312,0.164062,0.998459,1.00143,0.500955,0,0.997298,0.999598,0.000168559,0,-4.46052e-05,0.0012065,0.999598
61,10,0.960938,0.164062,0.998314,1.00152,0.501073,0,0.997048,0.999449,0.00020365,0,-5.88778e-05,0.00160721,0.999449
62,10,0.976562,0.164062,0.998139,1.00165,0.501194,0,0.996744,0.999297,0.000239274,0,-7.57937e-05,0.00213179,0.999297
63,10,0.992188,0.164062,0.997926,1.00181,0.50132,0,0.996372,0.999141,0.000275487,0,-9.51105e-05,0.00268489,0.999141
0,11,0.0078125,0.179688,0.99766,1.00215,0.501534,0,0.995891,0.999051,0.00053143,0,-0.000127255,0.00367198,0.999052
1,11,0.0234375,0.179688,0.997355,1.00242,0.501703,0,0.995349,0.998881,0.000594178,0,-0.000154417,0.00440711,0.998881
2,11,0.0390625,0.179688,0.997002,1.00275,0.501892,0,0.994721,0.998701,0.000669297,0,-0.000185187,0.00522132,0.998701
3,11,0.0546875,0.179688,0.996607,1.00311,0.502106,0,0.994017,0.998509,0.00076367,0,-0.000219335,0.0060904,0.99851
4,11,0.0703125,0.179688,0.996184,1.00351,0.502356,0,0.993256,0.998307,0.000887437,0,-0.000256382,0.00699653,0.998307
5,11,0.0859375,0.179688,0.995757,1.00392,0.502657,0,0.992478,0.998095,0.00105525,0,-0.000295122,0.00790699,0.998095
6,11,0.101562,0.179688,0.995368,1.00428,0.50303,0,0.99175,0.997877,0.00128368,0,-0.000333688,0.00871904,0.997878
7,11,0.117188,0.179688,0.99507,1.00455,0.503492,0,0.991203,0.99766,0.0015921,0,-0.000369178,0.00931184,0.997661
8,11,0.132812,0.179688,0.994959,1.00456,0.504047,0,0.99085,0.997451,0.00199632,0,-0.000402554,0.0103538,0.997453
9,11,0.148438,0.179688,0.995008,1.00449,0.504721,0,0.990884,0.997254,0.00249189,0,-0.000428189,0.0104676,0.997258
10,11,0.164062,0.179688,0.995386,1.004,0.50549,0,0.991426,0.997092,0.00309867,0,-0.000435708,0.0100621,0.997097
11,11,0.179688,0.179688,0.996061,1.00322,0.506335,0,0.992452,0.996977,0.00381277,0,-0.000435729,0.010122,0.996984
12,11,0.195312,0.179688,0.99706,1.00214,0.507147,0,0.994014,0.99692,0.00454474,0,-0.00042137,0.00957532,0.99693
13,11,0.210938,0.179688,0.998306,1.00086,0.507848,0,0.996012,0.996938,0.00524768,0,-0.000396372,0.00899793,0.996951
14,11,0.226562,0.179688,0.999767,0.999478,0.50829,0,0.998362,0.997045,0.00572883,0,-0.000354405,0.00749299,0.997061
15,11,0.242188,0.179688,1.00133,0.998089,0.508172,0,1.00093,0.997249,0.00608002,0,-0.000284433,0.00530136,0.997267
16,11,0.257812,0.179688,1.0029,0.996878,0.507706,0,1.00352,0.997572,0.00602435,0,-0.000224078,0.00356554,0.99759
17,11,0.273438,0.179688,1.00444,0.99583,0.50665,0,1.00609,0.997999,0.00567056,0,-0.00015188,0.00142018,0.998015
18,11,0.289062,0.179688,1.00581,0.995085,0.505162,0,1.00843,0.998522,0.00502561,0,-8.5168e-05,0.000319624,0.998535
19,11,0.304688,0.179688,1.00687,0.994698,0.503299,0,1.01025,0.99912,0.00413548,0,-2.46066e-05,-0.0012931,0.999128
20,11,0.320312,0.179688,1.00771,0.994732,0.501264,0,1.0117,0.999755,0.00309842,0,1.14999e-05,-0.00136997,0.99976
21,11,0.335938,0.179688,1.00814,0.995086,0.4992,0,1.01259,1.00039,0.00198658,0,3.72506e-05,-0.00182971,1.0004
22,11,0.351562,0.179688,1.00815,0.995504,0.497366,0,1.01273,1.001,0.000997565,0,4.33117e-05,-0.00110069,1.001
23,11,0.367188,0.179688,1.00792,0.996114,0.495712,0,1.01242,1.00154,3.32777e-05,0,4.06267e-05,-0.000569889,1.00154
24,11,0.382812,0.179688,1.00735,0.996792,0.494454,0,1.01159,1.00201,-0.000737592,0,2.6082e-05,0.00049901,1.00201
25,11,0.398438,0.179688,1.00652,0.997397,0.493573,0,1.01033,1.00238,-0.00135753,0,1.33438e-05,0.00100815,1.00238
26,11,0.414062,0.179688,1.00552,0.997889,0.493047,0,1.00878,1.00265,-0.00180278,0,-4.46517e-06,0.00193986,1.00265
27,11,0.429688,0.179688,1.00439,0.998248,0.492867,0,1.00698,1.00284,-0.00210734,0,-9.12801e-07,0.000903068,1.00284
28,11,0.445312,0.179688,1.00324,0.998473,0.492979,0,1.00515,1.00296,-0.00229241,0,-2.05588e-05,0.00232084,1.00296
29,11,0.460938,0.179688,1.00213,0.998591,0.493291,0,1.0034,1.00302,-0.00239305,0,-2.9344e-05,0.00178192,1.00303
30,11,0.476562,0.179688,1.00112,0.998687,0.493731,0,1.00179,1.00304,-0.00238098,0,-2.91643e-05,0.0013625,1.00305
31,11,0.492188,0.179688,1.00027,0.998802,0.494258,0,1.00043,1.00305,-0.00231036,0,-3.09837e-05,0.00126738,1.00305
32,11,0.507812,0.179688,0.999601,0.998981,0.494806,0,0.999378,1.00304,-0.00219485,0,-3.38725e-05,0.0012016,1.00304
33,11,0.523438,0.179688,0.999127,0.999251,0.495341,0,0.998642,1.00303,-0.00205011,0,-3.6174e-05,0.00121504,1.00303
34,11,0.539062,0.179688,0.998843,0.999606,0.495862,0,0.998207,1.00301,-0.00188278,0,-3.90994e-05,0.00144762,1.00302
35,11,0.554688,0.179688,0.998705,0.999999,0.496342,0,0.998007,1.003,-0.00171644,0,-4.11964e-05,0.00157257,1.003
36,11,0.570312,0.179688,0.998702,1.00045,0.496786,0,0.998009,1.00297,-0.00155274,0,-4.19136e-05,0.00178082,1.00298
37,11,0.585938,0.179688,0.998749,1.00087,0.497187,0,0.998095,1.00294,-0.00139998,0,-4.15491e-05,0.00191499,1.00294
38,11,0.601562,0.179688,0.998828,1.00125,0.497557,0,0.998223,1.00289,-0.00125109,0,-4.05069e-05,0.0020708,1.00289
39,11,0.617188,0.179688,0.998908,1.00155,0.497884,0,0.998344,1.00283,-0.00112079,0,-3.80629e-05,0.0020961,1.00283
40,11,0.632812,0.179688,0.998973,1.00178,0.498179,0,0.998432,1.00274,-0.000997341,0,-3.29148e-05,0.00191057,1.00274
41,11,0.648438,0.179688,0.999012,1.00193,0.498437,0,0.998471,1.00263,-0.000880941,0,-2.69796e-05,0.00165461,1.00263
42,11,0.664062,0.179688,0.99903,1.00201,0.49867,0,0.998476,1.00251,-0.000764557,0,-2.01265e-05,0.00134713,1.00251
43,11,0.679688,0.179688,0.999019,1.00202,0.498868,0,0.998428,1.00237,-0.000656415,0,-1.28838e-05,0.000976492,1.00237
44,11,0.695312,0.179688,0.999003,1.00199,0.499043,0,0.998374,1.00221,-0.000551415,0,-6.05488e-06,0.000623483,1.00221
45,11,0.710938,0.179688,0.998984,1.00195,0.499197,0,0.998316,1.00205,-0.000452325,0,2.16743e-08,0.000304013,1.00205
46,11,0.726562,0.179688,0.998967,1.00189,0.499335,0,0.998262,1.00189,-0.000359648,0,5.02954e-06,5.68266e-05,1.00189
47,11,0.742188,0.179688,0.998957,1.00182,0.499465,0,0.998222,1.00172,-0.000273834,0,8.80599e-06,-7.10557e-05,1.00172
48,11,0.757812,0.179688,0.998955,1.00176,0.499587,0,0.998195,1.00155,-0.000197326,0,1.14231e-05,-0.000178194,1.00155
49,11,0.773438,0.179688,0.998953,1.0017,0.499704,0,0.998173,1.00138,-0.000129742,0,1.29194e-05,-0.000283113,1.00138
50,11,0.789062,0.179688,0.998951,1.00164,0.49982,0,0.998156,1.00121,-6.96161e-05,0,1.32618e-05,-0.000331554,1.00121
51,11,0.804688,0.179688,0.998947,1.00159,0.499933,0,0.998137,1.00105,-1.70376e-05,0,1.23484e-05,-0.000326737,1.00105
52,11,0.820312,0.179688,0.998937,1.00154,0.500046,0,0.998112,1.00088,3.00801e-05,0,1.03935e-05,-0.000293458,1.00088
53,11,0.835938,0.179688,0.99892,1.0015,0.500156,0,0.998079,1.00072,7.27141e-05,0,7.47272e-06,-0.00023276,1.00072
54,11,0.851562,0.179688,0.998895,1.00146,0.500266,0,0.998033,1.00056,0.000112257,0,3.52165e-06,-0.000142089,1.00056
55,11,0.867188,0.179688,0.99886,1.00143,0.500375,0,0.997971,1.0004,0.000149226,0,-1.75284e-06,-6.92449e-06,1.0004
56,11,0.882812,0.179688,0.99881,1.00142,0.500487,0,0.997888,1.00025,0.000185183,0,-8.38356e-06,0.000167409,1.00025
57,11,0.898438,0.179688,0.998751,1.00142,0.500599,0,0.997786,1.0001,0.000219995,0,-1.65625e-05,0.000387916,1.0001
58,11,0.914062,0.179688,0.998672,1.00143,0.500717,0,0.997653,0.999953,0.000257132,0,-2.64451e-05,0.000703333,0.999953
59,11,0.929688,0.179688,0.998575,1.00147,0.500838,0,0.997487,0.999808,0.000295492,0,-3.79515e-05,0.00105847,0.999808
60,11,0.945312,0.179688,0.998457,1.00154,0.500962,0,0.997285,0.999663,0.000335923,0,-5.05368e-05,0.0014103,0.999663
61,11,0.960938,0.179688,0.998312,1.00163,0.501092,0,0.997034,0.999516,0.000379053,0,-6.56296e-05,0.00183319,0.999516
62,11,0.976562,0.179688,0.998134,1.00176,0.50123,0,0.996725,0.999366,0.000425766,0,-8.31899e-05,0.00237604,0.999367
63,11,0.992188,0.179688,0.997918,1.00193,0.501377,0,0.996347,0.999212,0.000476327,0,-0.000103666,0.00299406,0.999212
0,12,0.0078125,0.195312,0.997627,1.0023,0.501625,0,0.99581,0.999113,0.000751327,0,-0.000138444,0.00404606,0.999113
1,12,0.0234375,0.195312,0.997313,1.00258,0.501821,0,0.995254,0.998947,0.000836254,0,-0.000166817,0.00485839,0.998947
2,12,0.0390625,0.195312,0.99695,1.00292,0.502042,0,0.994606,0.99877,0.000936133,0,-0.000198796,0.00573441,0.99877
3,12,0.0546875,0.195312,0.99654,1.00331,0.502293,0,0.99387,0.99858,0.00105732,0,-0.000234453,0.00667199,0.998581
4,12,0.0703125,0.195312,0.996094,1.00373,0.502583,0,0.993066,0.998379,0.0012083,0,-0.000273246,0.00764654,0.99838
5,12,0.0859375,0.195312,0.995633,1.00417,0.502926,0,0.992228,0.998167,0.00140138,0,-0.000314128,0.00861815,0.998168
6,12,0.101562,0.195312,0.995198,1.00458,0.503337,0,0.991422,0.99795,0.00164966,0,-0.000354442,0.00951582,0.997951
7,12,0.117188,0.195312,0.99485,1.00488,0.503834,0,0.990756,0.997733,0.00196918,0,-0.000392425,0.0102112,0.997735
8,12,0.132812,0.195312,0.994663,1.00499,0.504414,0,0.990362,0.997524,0.00237496,0,-0.000425546,0.01087,0.997527
9,12,0.148438,0.195312,0.994669,1.00493,0.505106,0,0.990188,0.997337,0.00285953,0,-0.000452331,0.0115546,0.997341
10,12,0.164062,0.195312,0.994954,1.00451,0.505866,0,0.990619,0.997181,0.00342521,0,-0.00045984,0.0109211,0.997187
11,12,0.179688,0.195312,0.995576,1.00379,0.506687,0,0.991558,0.997076,0.00408471,0,-0.000457501,0.0106912,0.997084
12,12,0.195312,0.195312,0.996557,1.0027,0.507461,0,0.993089,0.997037,0.00473856,0,-0.000439926,0.00992189,0.997048
13,12,0.210938,0.195312,0.997832,1.00135,0.508107,0,0.995105,0.997085,0.00533937,0,-0.000406469,0.00895946,0.9971
14,12,0.226562,0.195312,0.999416,0.999803,0.508434,0,0.99768,0.997232,0.00571875,0,-0.00036615,0.00872789,0.997248
15,12,0.242188,0.195312,1.00109,0.998247,0.50827,0,1.00041,0.997458,0.00591138,0,-0.000273985,0.00365132,0.997475
16,12,0.257812,0.195312,1.0028,0.996827,0.507646,0,1.00325,0.997811,0.00573445,0,-0.000226356,0.0040764,0.997828
17,12,0.273438,0.195312,1.00451,0.99556,0.506498,0,1.00612,0.99826,0.00524591,0,-0.000154505,0.00154158,0.998274
18,12,0.289062,0.195312,1.00605,0.994644,0.504891,0,1.00871,0.998798,0.00448645,0,-8.74735e-05,-9.6671e-05,0.998808
19,12,0.304688,0.195312,1.00724,0.994135,0.502937,0,1.01077,0.999395,0.0035232,0,-3.54861e-05,-0.000962663,0.999401
20,12,0.320312,0.195312,1.00814,0.994116,0.500857,0,1.01235,1.00002,0.00246275,0,-4.24364e-06,-0.000960561,1.00002
21,12,0.335938,0.195312,1.00857,0.994502,0.498778,0,1.01322,1.00062,0.00136611,0,1.15692e-05,-0.00104463,1.00062
22,12,0.351562,0.195312,1.00857,0.994981,0.496956,0,1.01334,1.00118,0.000426771,0,1.84441e-05,-0.000634297,1.00118
23,12,0.367188,0.195312,1.00829,0.995726,0.495332,0,1.01295,1.00168,-0.000461414,0,1.24106e-05,9.05923e-05,1.00168
24,12,0.382812,0.195312,1.00766,0.996541,0.49412,0,1.01201,1.00209,-0.00113642,0,-1.21042e-06,0.00101116,1.00209
25,12,0.398438,0.195312,1.00677,0.997274,0.493286,0,1.01063,1.00242,-0.00166613,0,-1.11329e-05,0.00136217,1.00242
26,12,0.414062,0.195312,1.00571,0.997882,0.49278,0,1.00898,1.00267,-0.00200176,0,-2.71257e-05,0.00305376,1.00267
27,12,0.429688,0.195312,1.00452,0.998353,0.492664,0,1.00708,1.00283,-0.00224881,0,-1.53802e-05,0.00108416,1.00283
28,12,0.445312,0.195312,1.00334,0.998638,0.492804,0,1.00518,1.00293,-0.0023664,0,-2.82406e-05,0.00218207,1.00294
29,12,0.460938,0.195312,1.0022,0.998798,0.49316,0,1.00338,1.00299,-0.00240775,0,-3.90668e-05,0.00260982,1.00299
30,12,0.476562,0.195312,1.00114,0.998918,0.493657,0,1.00171,1.00301,-0.00237581,0,-3.20735e-05,0.00138568,1.00301
31,12,0.492188,0.195312,1.00026,0.999035,0.494229,0,1.00031,1.00301,-0.00229569,0,-3.00747e-05,0.00122566,1.00301
32,12,0.507812,0.195312,0.999579,0.999201,0.494823,0,0.999245,1.00301,-0.00217507,0,-3.02473e-05,0.0011394,1.00301
33,12,0.523438,0.195312,0.999104,0.999456,0.495392,0,0.998506,1.003,-0.00202966,0,-3.0873e-05,0.00105533,1.00301
34,12,0.539062,0.195312,0.998826,0.999787,0.495935,0,0.998079,1.003,-0.00186085,0,-3.08805e-05,0.00116055,1.003
35,12,0.554688,0.195312,0.998688,1.00017,0.49643,0,0.997891,1.00299,-0.00168834,0,-3.24525e-05,0.00136895,1.003
36,12,0.570312,0.195312,0.998691,1.00059,0.496874,0,0.997908,1.00298,-0.00151606,0,-3.22098e-05,0.0014691,1.00298
37,12,0.585938,0.195312,0.998743,1.001,0.497268,0,0.998012,1.00296,-0.00135007,0,-3.14631e-05,0.00161471,1.00296
38,12,0.601562,0.195312,0.998827,1.00136,0.497623,0,0.998159,1.00292,-0.00118382,0,-2.9526e-05,0.00172247,1.00292
39,12,0.617188,0.195312,0.998912,1.00165,0.497931,0,0.998299,1.00286,-0.00103332,0,-2.63716e-05,0.00174114,1.00286
40,12,0.632812,0.195312,0.998982,1.00187,0.498205,0,0.998404,1.00277,-0.000890348,0,-2.09133e-05,0.00157066,1.00277
41,12,0.648438,0.195312,0.999023,1.002,0.498446,0,0.998452,1.00267,-0.00075481,0,-1.54452e-05,0.00133929,1.00267
42,12,0.664062,0.195312,0.999036,1.00207,0.498668,0,0.998457,1.00254,-0.000624023,0,-7.78047e-06,0.000985837,1.00254
43,12,0.679688,0.195312,0.999019,1.00208,0.498861,0,0.998409,1.0024,-0.000504726,0,-9.48856e-07,0.00066406,1.0024
44,12,0.695312,0.195312,0.999,1.00205,0.499037,0,0.998354,1.00225,-0.000392411,0,5.74006e-06,0.000326283,1.00225
45,12,0.710938,0.195312,0.998977,1.002,0.499194,0,0.998293,1.00208,-0.000289179,0,1.10328e-05,2.89677e-05,1.00208
46,12,0.726562,0.195312,0.998959,1.00194,0.499337,0,0.998241,1.00192,-0.000194993,0,1.53099e-05,-0.00019343,1.00192
47,12,0.742188,0.195312,0.998947,1.00187,0.499471,0,0.998202,1.00175,-0.000109539,0,1.86175e-05,-0.000375729,1.00175
48,12,0.757812,0.195312,0.998943,1.00181,0.499596,0,0.998175,1.00158,-3.37906e-05,0,2.02331e-05,-0.0004531,1.00158
49,12,0.773438,0.195312,0.998941,1.00175,0.499716,0,0.998156,1.00141,3.26639e-05,0,2.03364e-05,-0.000481917,1.00141
50,12,0.789062,0.195312,0.998939,1.0017,0.499833,0,0.99814,1.00124,9.12999e-05,0,1.92902e-05,-0.000483859,1.00124
51,12,0.804688,0.195312,0.998935,1.00165,0.499947,0,0.998121,1.00107,0.000142452,0,1.72028e-05,-0.000446945,1.00107
52,12,0.820312,0.195312,0.998924,1.0016,0.500058,0,0.998095,1.00091,0.000187982,0,1.4076e-05,-0.000382698,1.00091
53,12,0.835938,0.195312,0.998907,1.00156,0.500168,0,0.998061,1.00075,0.000228946,0,9.86307e-06,-0.000288022,1.00075
54,12,0.851562,0.195312,0.998881,1.00153,0.500277,0,0.998014,1.00059,0.000267045,0,4.55604e-06,-0.000155527,1.00059
55,12,0.867188,0.195312,0.998846,1.00151,0.500386,0,0.997951,1.00044,0.000303359,0,-2.05298e-06,1.8177e-05,1.00044
56,12,0.882812,0.195312,0.998796,1.0015,0.500498,0,0.997865,1.00028,0.000339337,0,-9.69285e-06,0.000223693,1.00028
57,12,0.898438,0.195312,0.998735,1.0015,0.500611,0,0.997759,1.00014,0.000375145,0,-1.914e-05,0.000459726,1.00014
58,12,0.914062,0.195312,0.998655,1.00153,0.50073,0,0.997621,0.999992,0.000414091,0,-2.99158e-05,0.000752408,0.999992
59,12,0.929688,0.195312,0.998555,1.00157,0.500854,0,0.997447,0.999849,0.00045633,0,-4.27223e-05,0.00114372,0.999849
60,12,0.945312,0.195312,0.998435,1.00164,0.500988,0,0.997238,0.999707,0.000502509,0,-5.69729e-05,0.0015838,0.999707
61,12,0.960938,0.195312,0.998289,1.00174,0.50113,0,0.996981,0.999564,0.000554429,0,-7.34341e-05,0.00209939,0.999564
62,12,0.976562,0.195312,0.99811,1.00188,0.501282,0,0.996666,0.999419,0.000612176,0,-9.21424e-05,0.00265105,0.999419
63,12,0.992188,0.195312,0.997891,1.00207,0.501446,0,0.996279,0.99927,0.00067758,0,-0.000113692,0.00330683,0.99927
0,13,0.0078125,0.210938,0.997564,1.00246,0.501728,0,0.995683,0.999164,0.00097151,0,-0.00015047,0.00438861,0.999164
1,13,0.0234375,0.210938,0.997243,1.00276,0.50195,0,0.995111,0.999003,0.00107923,0,-0.000180085,0.00526901,0.999004
2,13,0.0390625,0.210938,0.99687,1.00312,0.5022,0,0.994441,0.998831,0.00120505,0,-0.000213437,0.00621881,0.998832
3,13,0.0546875,0.210938,0.996446,1.00353,0.502484,0,0.993678,0.998647,0.00135441,0,-0.00025052,0.00723022,0.998648
4,13,0.0703125,0.210938,0.99598,1.00398,0.502811,0,0.992837,0.998451,0.00153383,0,-0.000290834,0.00827384,0.998452
5,13,0.0859375,0.210938,0.995493,1.00445,0.50319,0,0.99195,0.998245,0.00175303,0,-0.000333293,0.0093034,0.998246
6,13,0.101562,0.210938,0.995022,1.0049,0.503633,0,0.99108,0.998033,0.0020216,0,-0.00037543,0.0102529,0.998035
7,13,0.117188,0.210938,0.994633,1.00526,0.504153,0,0.990323,0.997822,0.00235394,0,-0.000415914,0.0111032,0.997824
8,13,0.132812,0.210938,0.994357,1.00544,0.504756,0,0.989856,0.997622,0.0027561,0,-0.000448351,0.0116198,0.997626
9,13,0.148438,0.210938,0.994358,1.00539,0.505429,0,0.989569,0.997447,0.00322465,0,-0.000474541,0.0121579,0.997452
10,13,0.164062,0.210938,0.994586,1.00504,0.506163,0,0.9899,0.997306,0.00375108,0,-0.000484318,0.0118279,0.997313
11,13,0.179688,0.210938,0.995168,1.00436,0.506942,0,0.990769,0.99722,0.00434753,0,-0.000477923,0.0113523,0.99723
12,13,0.195312,0.210938,0.996133,1.00325,0.507656,0,0.992289,0.997208,0.00491314,0,-0.000456051,0.0103638,0.99722
13,13,0.210938,0.210938,0.997462,1.00183,0.508218,0,0.994379,0.997287,0.00539251,0,-0.000406453,0.00850696,0.997302
14,13,0.226562,0.210938,0.999125,1.00013,0.508411,0,0.997085,0.997462,0.00568659,0,-0.000372939,0.0090869,0.997478
15,13,0.242188,0.210938,1.00091,0.998417,0.508216,0,0.999999,0.997719,0.00571134,0,-0.000286143,0.00367918,0.997735
16,13,0.257812,0.210938,1.00282,0.996748,0.507447,0,1.00316,0.998106,0.00541101,0,-0.000227097,0.00402797,0.99812
17,13,0.273438,0.210938,1.00469,0.995283,0.5062,0,1.00629,0.998579,0.00480484,0,-0.000156829,0.00206545,0.99859
18,13,0.289062,0.210938,1.00635,0.994192,0.504534,0,1.00911,0.999119,0.0039522,0,-9.41863e-05,0.000405274,0.999127
19,13,0.304688,0.210938,1.00765,0.993566,0.502555,0,1.01136,0.9997,0.00293291,0,-4.74302e-05,-0.000605717,0.999705
20,13,0.320312,0.210938,1.00859,0.993498,0.500479,0,1.01298,1.00029,0.00186621,0,-2.20732e-05,-0.0005796,1.00029
21,13,0.335938,0.210938,1.009,0.99393,0.498439,0,1.01382,1.00084,0.000804706,0,-1.3641e-05,-0.000285508,1.00085
22,13,0.351562,0.210938,1.00897,0.994455,0.496652,0,1.01386,1.00135,-8.33721e-05,0,-5.86209e-06,-0.000159606,1.00135
23,13,0.367188,0.210938,1.00861,0.995339,0.495083,0,1.01339,1.00179,-0.000892037,0,-1.30282e-05,0.000667816,1.00179
24,13,0.382812,0.210938,1.00792,0.996279,0.493924,0,1.01234,1.00216,-0.00147798,0,-2.34541e-05,0.00137445,1.00216
25,13,0.398438,0.210938,1.00697,0.997141,0.493126,0,1.01085,1.00244,-0.00192825,0,-3.14597e-05,0.00163727,1.00245
26,13,0.414062,0.210938,1.00585,0.997867,0.49263,0,1.00909,1.00266,-0.00216934,0,-4.14943e-05,0.00304623,1.00266
27,13,0.429688,0.210938,1.00463,0.998435,0.49255,0,1.00713,1.0028,-0.00236419,0,-3.28889e-05,0.00171711,1.0028
28,13,0.445312,0.210938,1.00343,0.998791,0.492698,0,1.00519,1.0029,-0.00243026,0,-3.87195e-05,0.00220898,1.0029
29,13,0.460938,0.210938,1.00226,0.999007,0.493068,0,1.00334,1.00296,-0.00242005,0,-4.20118e-05,0.00279402,1.00296
30,13,0.476562,0.210938,1.00118,0.999152,0.493592,0,1.00164,1.00298,-0.00237084,0,-3.49625e-05,0.00175924,1.00298
31,13,0.492188,0.210938,1.00027,0.999271,0.494198,0,1.00022,1.00299,-0.0022866,0,-2.81523e-05,0.00120398,1.00299
32,13,0.507812,0.210938,0.999585,0.999433,0.494826,0,0.999139,1.00299,-0.00216471,0,-2.50304e-05,0.00104865,1.003
33,13,0.523438,0.210938,0.999108,0.999669,0.495428,0,0.998402,1.003,-0.00201962,0,-2.28655e-05,0.000941155,1.003
34,13,0.539062,0.210938,0.998829,0.999971,0.495989,0,0.997981,1.003,-0.00185173,0,-2.01078e-05,0.000842153,1.003
35,13,0.554688,0.210938,0.998682,1.00033,0.496494,0,0.997796,1.003,-0.00167316,0,-2.03283e-05,0.000997133,1.003
36,13,0.570312,0.210938,0.998685,1.00073,0.496939,0,0.997822,1.003,-0.00149169,0,-1.97995e-05,0.00109492,1.003
37,13,0.585938,0.210938,0.998735,1.00111,0.497327,0,0.997934,1.00298,-0.00131148,0,-1.82758e-05,0.00121036,1.00298
38,13,0.601562,0.210938,0.99882,1.00145,0.497671,0,0.998092,1.00294,-0.001127,0,-1.53636e-05,0.00127062,1.00294
39,13,0.617188,0.210938,0.998907,1.00173,0.497965,0,0.998243,1.00288,-0.000954916,0,-1.16566e-05,0.00128097,1.00288
40,13,0.632812,0.210938,0.998976,1.00194,0.498223,0,0.998357,1.0028,-0.000790228,0,-6.39721e-06,0.00115206,1.0028
41,13,0.648438,0.210938,0.999017,1.00206,0.498454,0,0.998414,1.00269,-0.000633563,0,-9.75358e-07,0.000969676,1.00269
42,13,0.664062,0.210938,0.999026,1.00212,0.498666,0,0.99842,1.00257,-0.000488206,0,6.63112e-06,0.000599347,1.00257
43,13,0.679688,0.210938,0.999008,1.00213,0.498858,0,0.998376,1.00242,-0.000356773,0,1.30831e-05,0.000306038,1.00242
44,13,0.695312,0.210938,0.998984,1.0021,0.499034,0,0.99832,1.00227,-0.000236767,0,1.93093e-05,-1.33311e-05,1.00227
45,13,0.710938,0.210938,0.998958,1.00204,0.499198,0,0.998261,1.0021,-0.000128787,0,2.4275e-05,-0.000263363,1.0021
46,13,0.726562,0.210938,0.998936,1.00198,0.499348,0,0.998208,1.00193,-3.3077e-05,0,2.77587e-05,-0.000517764,1.00193
47,13,0.742188,0.210938,0.998921,1.00192,0.499486,0,0.998168,1.00176,5.19871e-05,0,2.99602e-05,-0.000693273,1.00176
48,13,0.757812,0.210938,0.998914,1.00186,0.499617,0,0.998141,1.00159,0.000126669,0,3.06568e-05,-0.000769259,1.00159
49,13,0.773438,0.210938,0.998912,1.0018,0.49974,0,0.998122,1.00142,0.00019194,0,2.97015e-05,-0.000771022,1.00142
50,13,0.789062,0.210938,0.998909,1.00175,0.499859,0,0.998105,1.00125,0.000249356,0,2.7258e-05,-0.000727817,1.00125
51,13,0.804688,0.210938,0.998903,1.0017,0.499972,0,0.998084,1.00108,0.000299072,0,2.36907e-05,-0.000648233,1.00108
52,13,0.820312,0.210938,0.998892,1.00166,0.500084,0,0.998056,1.00092,0.000343088,0,1.90099e-05,-0.000531436,1.00092
53,13,0.835938,0.210938,0.998873,1.00162,0.500192,0,0.998018,1.00076,0.000382561,0,1.32213e-05,-0.0003865,1.00076
54,13,0.851562,0.210938,0.998845,1.00159,0.500301,0,0.997967,1.0006,0.000419444,0,6.30677e-06,-0.00020682,1.0006
55,13,0.867188,0.210938,0.998808,1.00158,0.500411,0,0.997899,1.00045,0.000455215,0,-1.86915e-06,1.9052e-05,1.00045
56,13,0.882812,0.210938,0.99876,1.00157,0.500523,0,0.997813,1.0003,0.000491197,0,-1.11547e-05,0.000287487,1.0003
57,13,0.898438,0.210938,0.998696,1.00158,0.500639,0,0.9977,1.00016,0.000528795,0,-2.22204e-05,0.000590319,1.00016
58,13,0.914062,0.210938,0.998616,1.00161,0.50076,0,0.997558,1.00002,0.00056977,0,-3.43145e-05,0.000876321,1.00002
59,13,0.929688,0.210938,0.998515,1.00167,0.500889,0,0.997378,0.999877,0.000616109,0,-4.83338e-05,0.00129811,0.999877
60,13,0.945312,0.210938,0.998391,1.00175,0.501029,0,0.997157,0.999739,0.000668221,0,-6.40343e-05,0.0017609,0.999739
61,13,0.960938,0.210938,0.99824,1.00186,0.501181,0,0.996889,0.999601,0.000728685,0,-8.16437e-05,0.00230942,0.999601
62,13,0.976562,0.210938,0.998057,1.00201,0.501347,0,0.996562,0.99946,0.000798175,0,-0.000101695,0.00291908,0.99946
63,13,0.992188,0.210938,0.997834,1.00221,0.501528,0,0.996164,0.999315,0.000878753,0,-0.000124401,0.0036016,0.999316
0,14,0.0078125,0.226562,0.99747,1.00263,0.501841,0,0.995507,0.999205,0.00119107,0,-0.000163764,0.00476997,0.999206
1,14,0.0234375,0.226562,0.997141,1.00295,0.502088,0,0.994916,0.999051,0.00132168,0,-0.000194586,0.00569068,0.999052
2,14,0.0390625,0.226562,0.996757,1.00333,0.502365,0,0.994225,0.998887,0.00147385,0,-0.000229229,0.00670155,0.998888
3,14,0.0546875,0.226562,0.99632,1.00377,0.50268,0,0.993436,0.998711,0.00165172,0,-0.000267538,0.00777603,0.998713
4,14,0.0703125,0.226562,0.995839,1.00425,0.503039,0,0.992562,0.998524,0.00185986,0,-0.000309033,0.00888292,0.998526
5,14,0.0859375,0.226562,0.995333,1.00476,0.50345,0,0.991634,0.998328,0.00210532,0,-0.000352595,0.0099708,0.99833
6,14,0.101562,0.226562,0.994835,1.00525,0.503917,0,0.990714,0.998126,0.00239436,0,-0.000396309,0.010977,0.998129
7,14,0.117188,0.226562,0.994415,1.00565,0.504455,0,0.989887,0.997928,0.00273829,0,-0.000437936,0.0118702,0.997931
8,14,0.132812,0.226562,0.99407,1.00591,0.505055,0,0.989358,0.997743,0.00313346,0,-0.000470325,0.0123398,0.997748
9,14,0.148438,0.226562,0.994079,1.00586,0.505703,0,0.98902,0.997584,0.00358271,0,-0.000495709,0.0127703,0.997591
10,14,0.164062,0.226562,0.994259,1.00559,0.506399,0,0.989254,0.997467,0.00406666,0,-0.000507479,0.0126574,0.997475
11,14,0.179688,0.226562,0.994829,1.00491,0.507112,0,0.990087,0.99741,0.00458903,0,-0.00049774,0.011812,0.99742
12,14,0.195312,0.226562,0.995795,1.0038,0.507738,0,0.991619,0.997432,0.0050639,0,-0.000468551,0.0110787,0.997445
13,14,0.210938,0.226562,0.997165,1.00229,0.508205,0,0.993778,0.997537,0.00540953,0,-0.000420423,0.00783753,0.997552
14,14,0.226562,0.226562,0.998924,1.00046,0.50827,0,0.996634,0.997756,0.00561562,0,-0.000374415,0.00941462,0.997771
15,14,0.242188,0.226562,1.00087,0.998574,0.507983,0,0.99982,0.998062,0.00549503,0,-0.000298089,0.00579461,0.998078
16,14,0.257812,0.226562,1.00294,0.996676,0.50714,0,1.00325,0.998462,0.0050628,0,-0.000224451,0.00327285,0.998475
17,14,0.273438,0.226562,1.00494,0.995013,0.50582,0,1.0066,0.998941,0.00435527,0,-0.0001594,0.00189006,0.99895
18,14,0.289062,0.226562,1.00672,0.993751,0.504121,0,1.00959,0.999473,0.00343166,0,-0.000103293,0.000767343,0.999479
19,14,0.304688,0.226562,1.00806,0.99302,0.502159,0,1.01196,1.00003,0.00237988,0,-6.29912e-05,5.23925e-05,1.00003
20,14,0.320312,0.226562,1.00908,0.992921,0.500138,0,1.01358,1.00057,0.0013249,0,-4.2823e-05,6.41984e-05,1.00057
21,14,0.335938,0.226562,1.0094,0.99338,0.498181,0,1.01435,1.00107,0.000309496,0,-3.64087e-05,0.000395116,1.00107
22,14,0.351562,0.226562,1.00932,0.993956,0.496456,0,1.01433,1.00152,-0.000525245,0,-2.86584e-05,0.000316806,1.00152
23,14,0.367188,0.226562,1.00886,0.99497,0.494957,0,1.01372,1.0019,-0.00125652,0,-3.67181e-05,0.00100858,1.0019
24,14,0.382812,0.226562,1.00811,0.996033,0.493838,0,1.01255,1.00221,-0.00176605,0,-4.47645e-05,0.00173854,1.00221
25,14,0.398438,0.226562,1.00714,0.996995,0.49307,0,1.011,1.00246,-0.00214387,0,-5.02281e-05,0.0021437,1.00246
26,14,0.414062,0.226562,1.00598,0.997823,0.49258,0,1.00915,1.00265,-0.00231187,0,-5.16651e-05,0.00278173,1.00265
27,14,0.429688,0.226562,1.00474,0.998475,0.492528,0,1.00714,1.00278,-0.0024612,0,-4.57205e-05,0.00215862,1.00278
28,14,0.445312,0.226562,1.0035,0.998919,0.49266,0,1.00517,1.00287,-0.00248295,0,-4.38442e-05,0.00227904,1.00287
29,14,0.460938,0.226562,1.00231,0.999202,0.493027,0,1.00329,1.00292,-0.0024408,0,-3.9776e-05,0.00218089,1.00293
30,14,0.476562,0.226562,1.00122,0.999385,0.493555,0,1.00159,1.00295,-0.00237276,0,-3.38567e-05,0.0019611,1.00296
31,14,0.492188,0.226562,1.00032,0.999518,0.49417,0,1.00016,1.00297,-0.00228685,0,-2.56631e-05,0.00127503,1.00298
32,14,0.507812,0.226562,0.999619,0.999667,0.494823,0,0.999076,1.00299,-0.00216584,0,-1.79e-05,0.000936859,1.00299
33,14,0.523438,0.226562,0.999133,0.999883,0.495447,0,0.998329,1.003,-0.00202221,0,-1.31971e-05,0.000745207,1.00301
34,14,0.539062,0.226562,0.998845,1.00016,0.496021,0,0.997904,1.00302,-0.00185431,0,-8.69064e-06,0.00060562,1.00302
35,14,0.554688,0.226562,0.998685,1.00049,0.496535,0,0.997719,1.00302,-0.00166919,0,-6.66611e-06,0.000659202,1.00302
36,14,0.570312,0.226562,0.998682,1.00086,0.496983,0,0.99774,1.00302,-0.00147668,0,-5.03108e-06,0.000724353,1.00302
37,14,0.585938,0.226562,0.998723,1.00121,0.497368,0,0.997851,1.003,-0.00128102,0,-2.58746e-06,0.000757425,1.003
38,14,0.601562,0.226562,0.9988,1.00154,0.497705,0,0.998009,1.00296,-0.00107729,0,1.10887e-06,0.000774281,1.00296
39,14,0.617188,0.226562,0.998884,1.0018,0.497989,0,0.998164,1.0029,-0.000882839,0,5.50716e-06,0.000775919,1.0029
40,14,0.632812,0.226562,0.998951,1.00199,0.498237,0,0.998283,1.00282,-0.000695339,0,1.07412e-05,0.000679557,1.00282
41,14,0.648438,0.226562,0.99899,1.00211,0.498463,0,0.998352,1.00271,-0.000517413,0,1.6717e-05,0.000515747,1.00271
42,14,0.664062,0.226562,0.998998,1.00217,0.498668,0,0.998363,1.00258,-0.000356304,0,2.3856e-05,0.000132511,1.00258
43,14,0.679688,0.226562,0.99898,1.00217,0.498858,0,0.998326,1.00243,-0.000212318,0,3.0251e-05,-0.000188034,1.00243
44,14,0.695312,0.226562,0.998954,1.00213,0.499035,0,0.998274,1.00227,-8.46745e-05,0,3.60384e-05,-0.000525459,1.00227
45,14,0.710938,0.226562,0.998926,1.00208,0.499202,0,0.998217,1.0021,2.77274e-05,0,4.0226e-05,-0.00077654,1.0021
46,14,0.726562,0.226562,0.998901,1.00202,0.499359,0,0.998166,1.00193,0.000125914,0,4.23267e-05,-0.000922332,1.00193
47,14,0.742188,0.226562,0.998882,1.00195,0.499505,0,0.998125,1.00176,0.000210995,0,4.30046e-05,-0.0010276,1.00176
48,14,0.757812,0.226562,0.998871,1.00189,0.499642,0,0.998096,1.00158,0.000284449,0,4.23664e-05,-0.00107745,1.00158
49,14,0.773438,0.226562,0.998866,1.00184,0.49977,0,0.998075,1.00141,0.000348329,0,4.01625e-05,-0.001053,1.00141
50,14,0.789062,0.226562,0.998861,1.00179,0.499891,0,0.998056,1.00124,0.000404439,0,3.64064e-05,-0.000973121,1.00124
51,14,0.804688,0.226562,0.998854,1.00174,0.500006,0,0.998033,1.00107,0.000452656,0,3.14425e-05,-0.000863877,1.00107
52,14,0.820312,0.226562,0.998841,1.0017,0.500117,0,0.998002,1.00091,0.000495194,0,2.52446e-05,-0.000717135,1.00091
53,14,0.835938,0.226562,0.998822,1.00167,0.500226,0,0.99796,1.00075,0.000533346,0,1.7766e-05,-0.000533857,1.00075
54,14,0.851562,0.226562,0.998794,1.00164,0.500334,0,0.997905,1.00059,0.000569098,0,8.96673e-06,-0.000315692,1.00059
55,14,0.867188,0.226562,0.998756,1.00163,0.500443,0,0.997831,1.00045,0.000603886,0,-9.13916e-07,-4.82049e-05,1.00045
56,14,0.882812,0.226562,0.998708,1.00164,0.500555,0,0.997739,1.0003,0.000640021,0,-1.26234e-05,0.000269861,1.0003
57,14,0.898438,0.226562,0.998642,1.00166,0.500674,0,0.997618,1.00016,0.000679746,0,-2.59183e-05,0.000711678,1.00016
58,14,0.914062,0.226562,0.998558,1.0017,0.500801,0,0.997466,1.00002,0.000723472,0,-3.97895e-05,0.00113195,1.00002
59,14,0.929688,0.226562,0.998453,1.00176,0.500938,0,0.997277,0.999891,0.000774211,0,-5.4904e-05,0.00155109,0.999891
60,14,0.945312,0.226562,0.998323,1.00186,0.501085,0,0.997044,0.999758,0.000832721,0,-7.18888e-05,0.00201465,0.999758
61,14,0.960938,0.226562,0.998166,1.00198,0.501246,0,0.99676,0.999624,0.000901853,0,-9.09994e-05,0.00253679,0.999625
62,14,0.976562,0.226562,0.997976,1.00215,0.501423,0,0.996417,0.999489,0.000983384,0,-0.000112375,0.00318834,0.999489
63,14,0.992188,0.226562,0.997746,1.00236,0.501621,0,0.996004,0.99935,0.00107919,0,-0.000136379,0.00392895,0.99935
0,15,0.0078125,0.242188,0.997349,1.00281,0.501961,0,0.995286,0.999237,0.00140894,0,-0.000178345,0.00515681,0.999238
1,15,0.0234375,0.242188,0.99701,1.00316,0.50223,0,0.994672,0.999092,0.00156219,0,-0.00021042,0.00613126,0.999093
2,15,0.0390625,0.242188,0.996616,1.00356,0.502534,0,0.993958,0.998938,0.0017403,0,-0.00024621,0.00719366,0.998939
3,15,0.0546875,0.242188,0.996167,1.00403,0.502877,0,0.993143,0.998773,0.00194609,0,-0.000285515,0.00831925,0.998775
4,15,0.0703125,0.242188,0.995673,1.00454,0.503266,0,0.992241,0.998599,0.00218231,0,-0.000327853,0.00947864,0.998601
5,15,0.0859375,0.242188,0.995151,1.00509,0.503703,0,0.991282,0.998417,0.00245341,0,-0.000372155,0.01062,0.99842
6,15,0.101562,0.242188,0.994634,1.00561,0.504189,0,0.990324,0.998231,0.00276221,0,-0.000416756,0.0116761,0.998235
7,15,0.117188,0.242188,0.994193,1.00606,0.504734,0,0.989448,0.998051,0.00311532,0,-0.000458274,0.0125585,0.998056
8,15,0.132812,0.242188,0.993813,1.00637,0.505318,0,0.988878,0.997886,0.00350185,0,-0.00049169,0.0130478,0.997892
9,15,0.148438,0.242188,0.993831,1.00632,0.505932,0,0.98853,0.997752,0.00392516,0,-0.000514699,0.0133436,0.99776
10,15,0.164062,0.242188,0.993968,1.00614,0.506573,0,0.988675,0.997665,0.00436295,0,-0.000526693,0.0133855,0.997675
11,15,0.179688,0.242188,0.994549,1.00544,0.507201,0,0.98952,0.997639,0.00480587,0,-0.000513388,0.0122137,0.997651
12,15,0.195312,0.242188,0.995521,1.00432,0.507713,0,0.991041,0.997693,0.00518207,0,-0.000482342,0.01102,0.997707
13,15,0.210938,0.242188,0.996978,1.00273,0.508073,0,0.993379,0.99784,0.00541426,0,-0.000441843,0.00973314,0.997855
14,15,0.226562,0.242188,0.998802,1.0008,0.508025,0,0.99632,0.998082,0.00548182,0,-0.000361742,0.00686427,0.998097
15,15,0.242188,0.242188,1.00092,0.998703,0.507603,0,0.999779,0.998436,0.00524827,0,-0.00030441,0.00689108,0.99845
16,15,0.257812,0.242188,1.00314,0.996603,0.506694,0,1.00345,0.998857,0.00470776,0,-0.000231696,0.00422323,0.998868
17,15,0.273438,0.242188,1.00525,0.994766,0.505355,0,1.00699,0.999335,0.00391413,0,-0.000166716,0.00239201,0.999343
18,15,0.289062,0.242188,1.00711,0.993354,0.503668,0,1.01012,0.999849,0.00293841,0,-0.000116583,0.0012985,0.999853
19,15,0.304688,0.242188,1.00847,0.992532,0.501769,0,1.01254,1.00037,0.0018749,0,-8.34047e-05,0.000836186,1.00037
20,15,0.320312,0.242188,1.0096,0.992412,0.499845,0,1.01413,1.00086,0.000847056,0,-6.73944e-05,0.000923015,1.00086
21,15,0.335938,0.242188,1.00971,0.992876,0.497996,0,1.01481,1.0013,-0.000116659,0,-6.06625e-05,0.00117646,1.0013
22,15,0.351562,0.242188,1.0096,0.993531,0.496361,0,1.01469,1.00169,-0.000896784,0,-5.72857e-05,0.00101776,1.00169
23,15,0.367188,0.242188,1.0091,0.994601,0.49494,0,1.01401,1.00203,-0.00155788,0,-6.07141e-05,0.00207604,1.00203
24,15,0.382812,0.242188,1.00832,0.995749,0.493864,0,1.01278,1.00229,-0.00200038,0,-5.71729e-05,0.00184278,1.00229
25,15,0.398438,0.242188,1.0073,0.996837,0.493124,0,1.01111,1.00249,-0.00231408,0,-5.71682e-05,0.00186753,1.00249
26,15,0.414062,0.242188,1.0061,0.997768,0.492636,0,1.00918,1.00264,-0.0024324,0,-5.23028e-05,0.00194657,1.00264
27,15,0.429688,0.242188,1.00483,0.9985,0.492579,0,1.00714,1.00275,-0.00254077,0,-5.25147e-05,0.00221,1.00276
28,15,0.445312,0.242188,1.00357,0.999015,0.492694,0,1.00515,1.00284,-0.00253221,0,-4.46815e-05,0.00215408,1.00284
29,15,0.460938,0.242188,1.00238,0.999366,0.493041,0,1.00326,1.00289,-0.00246882,0,-3.65483e-05,0.0019733,1.0029
30,15,0.476562,0.242188,1.00131,0.999585,0.493559,0,1.00158,1.00294,-0.00238891,0,-2.75632e-05,0.00171293,1.00294
31,15,0.492188,0.242188,1.00039,0.999744,0.494175,0,1.00016,1.00297,-0.00229728,0,-1.92054e-05,0.00121791,1.00297
32,15,0.507812,0.242188,0.999682,0.999895,0.494823,0,0.999055,1.00299,-0.00218005,0,-1.02173e-05,0.000648537,1.00299
33,15,0.523438,0.242188,0.999183,1.00009,0.495452,0,0.998295,1.00301,-0.00203704,0,-2.87403e-06,0.000469638,1.00302
34,15,0.539062,0.242188,0.998875,1.00034,0.496036,0,0.997853,1.00303,-0.00186797,0,3.9669e-06,0.000329116,1.00303
35,15,0.554688,0.242188,0.998712,1.00063,0.496561,0,0.997658,1.00304,-0.00167536,0,8.39899e-06,0.000330067,1.00304
36,15,0.570312,0.242188,0.998679,1.00099,0.497011,0,0.997666,1.00304,-0.00146947,0,1.15188e-05,0.000350615,1.00304
37,15,0.585938,0.242188,0.998707,1.00131,0.497395,0,0.997763,1.00302,-0.00125592,0,1.5302e-05,0.000313721,1.00302
38,15,0.601562,0.242188,0.998772,1.00161,0.497727,0,0.997911,1.00298,-0.00103179,0,2.00982e-05,0.00024187,1.00298
39,15,0.617188,0.242188,0.998846,1.00186,0.498003,0,0.998063,1.00291,-0.000815082,0,2.50941e-05,0.000152323,1.00291
40,15,0.632812,0.242188,0.998909,1.00204,0.498243,0,0.998188,1.00283,-0.000605146,0,3.05982e-05,5.48736e-05,1.00283
41,15,0.648438,0.242188,0.998948,1.00216,0.498462,0,0.998268,1.00271,-0.000406422,0,3.66268e-05,-0.000105153,1.00271
42,15,0.664062,0.242188,0.998954,1.00221,0.498666,0,0.998285,1.00258,-0.000227992,0,4.23872e-05,-0.000317053,1.00258
43,15,0.679688,0.242188,0.998935,1.0022,0.498858,0,0.998257,1.00243,-7.12971e-05,0,4.81428e-05,-0.00059447,1.00243
44,15,0.695312,0.242188,0.998907,1.00217,0.499039,0,0.998213,1.00227,6.43178e-05,0,5.32346e-05,-0.000899377,1.00227
45,15,0.710938,0.242188,0.998876,1.00211,0.499213,0,0.998158,1.00209,0.000181244,0,5.68399e-05,-0.00115495,1.00209
46,15,0.726562,0.242188,0.998848,1.00205,0.499377,0,0.998108,1.00192,0.000281461,0,5.86172e-05,-0.00134163,1.00192
47,15,0.742188,0.242188,0.998827,1.00198,0.499531,0,0.998068,1.00174,0.000366624,0,5.83055e-05,-0.00144935,1.00174
48,15,0.757812,0.242188,0.998814,1.00192,0.499673,0,0.998039,1.00156,0.000438956,0,5.61671e-05,-0.00147515,1.00156
49,15,0.773438,0.242188,0.998805,1.00187,0.499805,0,0.998016,1.00139,0.000501319,0,5.23417e-05,-0.00141186,1.00139
50,15,0.789062,0.242188,0.998799,1.00182,0.499929,0,0.997994,1.00122,0.000556005,0,4.68955e-05,-0.0012792,1.00122
51,15,0.804688,0.242188,0.99879,1.00177,0.500045,0,0.997968,1.00105,0.000602762,0,4.0093e-05,-0.00110852,1.00105
52,15,0.820312,0.242188,0.998777,1.00174,0.500157,0,0.997933,1.00089,0.000643958,0,3.19732e-05,-0.000900251,1.00089
53,15,0.835938,0.242188,0.998756,1.00171,0.500267,0,0.997886,1.00073,0.00068102,0,2.24565e-05,-0.000653761,1.00073
54,15,0.851562,0.242188,0.998726,1.00169,0.500376,0,0.997823,1.00057,0.000715707,0,1.17616e-05,-0.000380124,1.00057
55,15,0.867188,0.242188,0.998688,1.00169,0.500486,0,0.997745,1.00043,0.000749604,0,-2.17301e-07,-6.90588e-05,1.00043
56,15,0.882812,0.242188,0.998636,1.0017,0.500601,0,0.997641,1.00029,0.000786233,0,-1.35041e-05,0.00030836,1.00029
57,15,0.898438,0.242188,0.998568,1.00173,0.500721,0,0.997511,1.00015,0.000827124,0,-2.78427e-05,0.000696661,1.00015
58,15,0.914062,0.242188,0.998481,1.00178,0.50085,0,0.997349,1.00002,0.000873723,0,-4.36776e-05,0.00114602,1.00002
59,15,0.929688,0.242188,0.998372,1.00186,0.50099,0,0.997148,0.999888,0.000929382,0,-6.12832e-05,0.00165293,0.999889
60,15,0.945312,0.242188,0.998237,1.00197,0.501144,0,0.996899,0.999761,0.000995067,0,-8.07377e-05,0.00224616,0.999761
61,15,0.960938,0.242188,0.998071,1.00211,0.501317,0,0.996598,0.999634,0.00107397,0,-0.000101686,0.00290616,0.999635
62,15,0.976562,0.242188,0.997872,1.0023,0.501509,0,0.996237,0.999506,0.00116732,0,-0.000124301,0.00354747,0.999506
63,15,0.992188,0.242188,0.997634,1.00253,0.501722,0,0.995804,0.999374,0.00127809,0,-0.000149804,0.0042852,0.999375
0,16,0.0078125,0.257812,0.997206,1.00302,0.502081,0,0.995022,0.999259,0.0016243,0,-0.000193944,0.00557522,0.99926
1,16,0.0234375,0.257812,0.996858,1.00339,0.502372,0,0.994384,0.999125,0.00179932,0,-0.000227185,0.00657497,0.999126
2,16,0.0390625,0.257812,0.996454,1.00382,0.502701,0,0.993646,0.998983,0.00200222,0,-0.000263929,0.00767503,0.998985
3,16,0.0546875,0.257812,0.995994,1.00432,0.503071,0,0.992808,0.998832,0.00223455,0,-0.000303998,0.00884149,0.998835
4,16,0.0703125,0.257812,0.995487,1.00486,0.503485,0,0.991882,0.998674,0.00249737,0,-0.000346862,0.0100406,0.998677
5,16,0.0859375,0.257812,0.994953,1.00544,0.503943,0,0.990898,0.998511,0.0027925,0,-0.000391501,0.0112215,0.998514
6,16,0.101562,0.257812,0.994423,1.006,0.504444,0,0.989914,0.998346,0.00311929,0,-0.000436293,0.0123126,0.998351
7,16,0.117188,0.257812,0.993973,1.00649,0.504986,0,0.989011,0.998189,0.00347854,0,-0.000476974,0.0131778,0.998195
8,16,0.132812,0.257812,0.993579,1.00683,0.505549,0,0.988425,0.99805,0.00385478,0,-0.000510839,0.013719,0.998057
9,16,0.148438,0.257812,0.993603,1.00679,0.506118,0,0.988085,0.997947,0.00424377,0,-0.000530248,0.0137816,0.997956
10,16,0.164062,0.257812,0.993721,1.00666,0.506684,0,0.988178,0.997893,0.00463355,0,-0.000542293,0.0138989,0.997904
11,16,0.179688,0.257812,0.994332,1.00595,0.507217,0,0.989058,0.997902,0.00499713,0,-0.000529412,0.0127732,0.997914
12,16,0.195312,0.257812,0.995343,1.00481,0.507608,0,0.990626,0.997996,0.00526307,0,-0.000495123,0.0112364,0.99801
13,16,0.210938,0.257812,0.996865,1.00315,0.507822,0,0.993081,0.998187,0.00540023,0,-0.000453906,0.0113257,0.998202
14,16,0.226562,0.257812,0.998792,1.00111,0.507645,0,0.99618,0.998458,0.00530754,0,-0.000363772,0.00617325,0.998472
15,16,0.242188,0.257812,1.00103,0.998821,0.507126,0,0.999855,0.998828,0.00497263,0,-0.000301029,0.00606454,0.998841
16,16,0.257812,0.257812,1.00337,0.996556,0.506169,0,1.00372,0.999266,0.00434498,0,-0.000238994,0.00476733,0.999275
17,16,0.273438,0.257812,1.00558,0.994559,0.504827,0,1.00742,0.999745,0.00348579,0,-0.000179626,0.00324189,0.999751
18,16,0.289062,0.257812,1.00751,0.993024,0.503196,0,1.01066,1.00024,0.00248157,0,-0.000135664,0.00233111,1.00024
19,16,0.304688,0.257812,1.00887,0.992126,0.501398,0,1.01308,1.00072,0.00142585,0,-0.000107694,0.00188547,1.00072
20,16,0.320312,0.257812,1.00999,0.991987,0.499604,0,1.01461,1.00116,0.00043617,0,-9.4029e-05,0.0018693,1.00116
21,16,0.335938,0.257812,1.01001,0.992446,0.497882,0,1.01518,1.00155,-0.00047398,0,-8.60402e-05,0.00200264,1.00155
22,16,0.351562,0.257812,1.00988,0.993133,0.496358,0,1.01502,1.00188,-0.00120005,0,-7.51381e-05,0.00180678,1.00188
23,16,0.367188,0.257812,1.00933,0.994271,0.495016,0,1.01422,1.00214,-0.00179833,0,-7.31458e-05,0.00167385,1.00214
24,16,0.382812,0.257812,1.00851,0.995492,0.494,0,1.0129,1.00236,-0.00218129,0,-6.95746e-05,0.00200489,1.00236
25,16,0.398438,0.257812,1.00745,0.996659,0.493282,0,1.01118,1.00252,-0.00244253,0,-6.70644e-05,0.00228713,1.00252
26,16,0.414062,0.257812,1.00622,0.997674,0.492788,0,1.0092,1.00264,-0.00253149,0,-5.40739e-05,0.00163091,1.00265
27,16,0.429688,0.257812,1.00493,0.998481,0.4927,0,1.00715,1.00274,-0.00260398,0,-5.36782e-05,0.00228519,1.00275
28,16,0.445312,0.257812,1.00366,0.999069,0.492797,0,1.00515,1.00282,-0.00258221,0,-3.94433e-05,0.00150462,1.00282
29,16,0.460938,0.257812,1.00247,0.999487,0.493108,0,1.00327,1.00288,-0.00250733,0,-2.81299e-05,0.00143629,1.00288
30,16,0.476562,0.257812,1.00141,0.999753,0.493597,0,1.0016,1.00293,-0.00241886,0,-1.91036e-05,0.00128444,1.00293
31,16,0.492188,0.257812,1.0005,0.999935,0.49419,0,1.00019,1.00297,-0.00232151,0,-9.99482e-06,0.00103824,1.00297
32,16,0.507812,0.257812,0.999775,1.0001,0.494831,0,0.999074,1.003,-0.002203,0,2.71854e-07,0.000538577,1.003
33,16,0.523438,0.257812,0.999252,1.00028,0.495463,0,0.998297,1.00303,-0.00206117,0,1.00098e-05,0.000101538,1.00303
34,16,0.539062,0.257812,0.998921,1.00051,0.496045,0,0.997833,1.00305,-0.00189121,0,1.89333e-05,-0.000168896,1.00305
35,16,0.554688,0.257812,0.998753,1.00077,0.496571,0,0.997608,1.00306,-0.00168998,0,2.5756e-05,-0.00014745,1.00306
36,16,0.570312,0.257812,0.998668,1.00109,0.497024,0,0.997593,1.00305,-0.00146767,0,3.04233e-05,-0.000146473,1.00305
37,16,0.585938,0.257812,0.99869,1.00139,0.497407,0,0.997669,1.00303,-0.00123445,0,3.51031e-05,-0.000204505,1.00303
38,16,0.601562,0.257812,0.998737,1.00166,0.497733,0,0.997799,1.00298,-0.000988988,0,4.02072e-05,-0.000304862,1.00298
39,16,0.617188,0.257812,0.998796,1.0019,0.498007,0,0.997944,1.00291,-0.000749611,0,4.55179e-05,-0.000348628,1.00291
40,16,0.632812,0.257812,0.998848,1.00207,0.498246,0,0.998069,1.00282,-0.000517859,0,5.15016e-05,-0.000489493,1.00282
41,16,0.648438,0.257812,0.998884,1.00219,0.498463,0,0.99816,1.0027,-0.000299818,0,5.82433e-05,-0.000703753,1.0027
42,16,0.664062,0.257812,0.998889,1.00223,0.498666,0,0.998187,1.00256,-0.000104605,0,6.39684e-05,-0.00092085,1.00256
43,16,0.679688,0.257812,0.998869,1.00223,0.49886,0,0.998171,1.00241,6.45851e-05,0,6.91214e-05,-0.00119212,1.00241
44,16,0.695312,0.257812,0.998843,1.00219,0.499045,0,0.998139,1.00224,0.00020856,0,7.32594e-05,-0.00145114,1.00224
45,16,0.710938,0.257812,0.998812,1.00214,0.499223,0,0.998091,1.00206,0.00033049,0,7.57155e-05,-0.00167362,1.00206
46,16,0.726562,0.257812,0.998784,1.00207,0.499394,0,0.998046,1.00188,0.000432874,0,7.62059e-05,-0.00180893,1.00188
47,16,0.742188,0.257812,0.998763,1.00201,0.499555,0,0.998007,1.0017,0.000518455,0,7.44995e-05,-0.00186482,1.0017
48,16,0.757812,0.257812,0.998749,1.00194,0.499703,0,0.997977,1.00152,0.000589881,0,7.08578e-05,-0.00185139,1.00152
49,16,0.773438,0.257812,0.99874,1.00189,0.49984,0,0.997951,1.00135,0.000650649,0,6.54293e-05,-0.00176216,1.00135
50,16,0.789062,0.257812,0.998732,1.00184,0.499967,0,0.997926,1.00117,0.000703662,0,5.82702e-05,-0.00159613,1.00117
51,16,0.804688,0.257812,0.998722,1.0018,0.500085,0,0.997896,1.00101,0.000748825,0,4.95287e-05,-0.00137686,1.00101
52,16,0.820312,0.257812,0.998707,1.00177,0.500198,0,0.997856,1.00084,0.00078864,0,3.93815e-05,-0.00111283,1.00084
53,16,0.835938,0.257812,0.998684,1.00175,0.500309,0,0.997803,1.00069,0.000824624,0,2.77183e-05,-0.000806994,1.00069
54,16,0.851562,0.257812,0.998653,1.00174,0.500419,0,0.997733,1.00054,0.000858215,0,1.50218e-05,-0.000465637,1.00054
55,16,0.867188,0.257812,0.998611,1.00174,0.500531,0,0.997644,1.00039,0.000891955,0,7.70994e-07,-9.80486e-05,1.00039
56,16,0.882812,0.257812,0.998556,1.00177,0.500647,0,0.99753,1.00026,0.000928979,0,-1.45101e-05,0.000320218,1.00026
57,16,0.898438,0.257812,0.998484,1.00181,0.50077,0,0.997388,1.00012,0.000971469,0,-3.09997e-05,0.000788877,1.00012
58,16,0.914062,0.257812,0.998392,1.00188,0.500902,0,0.99721,0.999997,0.00102142,0,-4.90612e-05,0.00130681,0.999998
59,16,0.929688,0.257812,0.998276,1.00197,0.501048,0,0.996992,0.999873,0.00108223,0,-6.84994e-05,0.00186827,0.999874
60,16,0.945312,0.257812,0.998132,1.00209,0.50121,0,0.996726,0.999752,0.00115492,0,-8.93732e-05,0.002462,0.999753
61,16,0.960938,0.257812,0.997958,1.00225,0.501391,0,0.996405,0.999632,0.00124308,0,-0.000112044,0.00311419,0.999632
62,16,0.976562,0.257812,0.99775,1.00246,0.501594,0,0.996022,0.999511,0.00134866,0,-0.000136985,0.00387723,0.999512
63,16,0.992188,0.257812,0.997501,1.00271,0.501824,0,0.995565,0.999387,0.00147515,0,-0.000164162,0.00471287,0.999388
0,17,0.0078125,0.273438,0.997044,1.00324,0.502197,0,0.994721,0.999275,0.0018359,0,-0.000210327,0.00602939,0.999277
1,17,0.0234375,0.273438,0.996685,1.00364,0.502509,0,0.994058,0.999153,0.00203162,0,-0.000244652,0.00704891,0.999155
2,17,0.0390625,0.273438,0.99627,1.0041,0.502862,0,0.993294,0.999025,0.00225759,0,-0.000282035,0.00815942,0.999028
3,17,0.0546875,0.273438,0.995801,1.00463,0.503256,0,0.992434,0.998891,0.00251449,0,-0.000322464,0.00934093,0.998894
4,17,0.0703125,0.273438,0.995285,1.00521,0.503691,0,0.991487,0.998752,0.00280162,0,-0.000365407,0.0105544,0.998756
5,17,0.0859375,0.273438,0.994744,1.00582,0.504166,0,0.990486,0.99861,0.00311824,0,-0.000409857,0.0117509,0.998614
6,17,0.101562,0.273438,0.994206,1.00641,0.504675,0,0.98949,0.99847,0.00346019,0,-0.00045416,0.0128563,0.998476
7,17,0.117188,0.273438,0.993763,1.00692,0.505208,0,0.988585,0.99834,0.0038217,0,-0.00049348,0.0136914,0.998348
8,17,0.132812,0.273438,0.993365,1.00728,0.505744,0,0.987999,0.998233,0.00418512,0,-0.000526687,0.0142762,0.998242
9,17,0.148438,0.273438,0.993394,1.00726,0.506253,0,0.987685,0.998164,0.00453424,0,-0.000540576,0.014182,0.998174
10,17,0.164062,0.273438,0.993531,1.00714,0.506745,0,0.98779,0.998144,0.00487443,0,-0.000555675,0.0141296,0.998156
11,17,0.179688,0.273438,0.994183,1.00645,0.507169,0,0.988698,0.998193,0.00515597,0,-0.000539689,0.0132928,0.998206
12,17,0.195312,0.273438,0.995244,1.00525,0.507441,0,0.990364,0.998324,0.00530723,0,-0.000505344,0.0112255,0.998338
13,17,0.210938,0.273438,0.996823,1.00352,0.507476,0,0.992898,0.998548,0.0053431,0,-0.000452799,0.0106975,0.998563
14,17,0.226562,0.273438,0.998851,1.00137,0.50721,0,0.996191,0.998856,0.0051233,0,-0.000376136,0.00792321,0.99887
15,17,0.242188,0.273438,1.00121,0.998948,0.506587,0,1.00003,0.999246,0.00467667,0,-0.000306799,0.00597719,0.999257
16,17,0.257812,0.273438,1.00364,0.99654,0.505594,0,1.00405,0.999693,0.00397802,0,-0.000247998,0.00511585,0.999701
17,17,0.273438,0.273438,1.00592,0.994411,0.50427,0,1.00787,1.00017,0.00307625,0,-0.000195862,0.00405692,1.00017
18,17,0.289062,0.273438,1.00788,0.99278,0.502723,0,1.01115,1.00063,0.00206678,0,-0.000158068,0.00340271,1.00064
19,17,0.304688,0.273438,1.00926,0.991826,0.501053,0,1.01356,1.00107,0.00103674,0,-0.000133269,0.00300274,1.00107
20,17,0.320312,0.273438,1.01023,0.991671,0.499409,0,1.015,1.00145,9.36671e-05,0,-0.000117355,0.00274063,1.00145
21,17,0.335938,0.273438,1.01028,0.992111,0.497826,0,1.01545,1.00178,-0.000763474,0,-0.000106793,0.00239308,1.00178
22,17,0.351562,0.273438,1.01013,0.992807,0.496418,0,1.01524,1.00205,-0.00143702,0,-9.49082e-05,0.00229446,1.00206
23,17,0.367188,0.273438,1.00955,0.99397,0.495178,0,1.01436,1.00227,-0.00197657,0,-9.1123e-05,0.00255559,1.00227
24,17,0.382812,0.273438,1.00869,0.995244,0.494206,0,1.01298,1.00244,-0.00231902,0,-7.9361e-05,0.00214779,1.00245
25,17,0.398438,0.273438,1.0076,0.99647,0.493507,0,1.01124,1.00258,-0.00253843,0,-7.10623e-05,0.00226285,1.00258
26,17,0.414062,0.273438,1.00635,0.997553,0.493013,0,1.00924,1.00268,-0.00261183,0,-5.2059e-05,0.001244,1.00268
27,17,0.429688,0.273438,1.00506,0.998428,0.492887,0,1.00719,1.00276,-0.00265479,0,-4.98237e-05,0.00212454,1.00276
28,17,0.445312,0.273438,1.00379,0.999086,0.492969,0,1.00519,1.00282,-0.00263065,0,-3.10626e-05,0.0010547,1.00283
29,17,0.460938,0.273438,1.0026,0.999566,0.493239,0,1.00332,1.00288,-0.00255504,0,-1.67299e-05,0.000771017,1.00289
30,17,0.476562,0.273438,1.00154,0.999885,0.493685,0,1.00166,1.00294,-0.00246104,0,-6.61149e-06,0.000743141,1.00294
31,17,0.492188,0.273438,1.00064,1.0001,0.494244,0,1.00026,1.00298,-0.00235754,0,3.15176e-06,0.000575201,1.00299
32,17,0.507812,0.273438,0.999899,1.00027,0.49486,0,0.999141,1.00302,-0.00223552,0,1.41892e-05,0.000206815,1.00302
33,17,0.523438,0.273438,0.999349,1.00045,0.495476,0,0.998334,1.00304,-0.002091,0,2.55751e-05,-0.000228708,1.00305
34,17,0.539062,0.273438,0.998986,1.00066,0.496056,0,0.997836,1.00306,-0.00191834,0,3.60707e-05,-0.00066664,1.00306
35,17,0.554688,0.273438,0.998785,1.00089,0.496576,0,0.997575,1.00307,-0.00170832,0,4.49983e-05,-0.000792433,1.00307
36,17,0.570312,0.273438,0.998674,1.00118,0.49703,0,0.997514,1.00306,-0.00146896,0,5.1325e-05,-0.000752139,1.00306
37,17,0.585938,0.273438,0.998671,1.00145,0.49741,0,0.997566,1.00303,-0.0012152,0,5.68936e-05,-0.000769266,1.00303
38,17,0.601562,0.273438,0.99869,1.0017,0.497734,0,0.997678,1.00297,-0.000947736,0,6.32929e-05,-0.000872566,1.00297
39,17,0.617188,0.273438,0.998732,1.00192,0.498005,0,0.997813,1.00289,-0.000686168,0,6.97121e-05,-0.00105239,1.00289
40,17,0.632812,0.273438,0.998774,1.00208,0.498241,0,0.997938,1.00279,-0.000433253,0,7.55361e-05,-0.00122242,1.00279
41,17,0.648438,0.273438,0.998805,1.00219,0.498456,0,0.998038,1.00266,-0.000197403,0,8.19353e-05,-0.00141797,1.00266
42,17,0.664062,0.273438,0.998809,1.00224,0.498659,0,0.998079,1.00252,1.38452e-05,0,8.71605e-05,-0.00157763,1.00252
43,17,0.679688,0.273438,0.998789,1.00223,0.498856,0,0.998073,1.00236,0.000195471,0,9.14602e-05,-0.00180218,1.00236
44,17,0.695312,0.273438,0.998764,1.0022,0.499046,0,0.998054,1.00219,0.000347887,0,9.4344e-05,-0.00201866,1.00219
45,17,0.710938,0.273438,0.998734,1.00215,0.49923,0,0.998016,1.00201,0.000474739,0,9.55599e-05,-0.00217891,1.00201
46,17,0.726562,0.273438,0.998706,1.00209,0.499407,0,0.997974,1.00183,0.000579306,0,9.48081e-05,-0.00229127,1.00183
47,17,0.742188,0.273438,0.998687,1.00202,0.499574,0,0.997938,1.00165,0.000665512,0,9.17492e-05,-0.00231349,1.00165
48,17,0.757812,0.273438,0.998674,1.00196,0.499729,0,0.997907,1.00146,0.000736266,0,8.65464e-05,-0.00226047,1.00146
49,17,0.773438,0.273438,0.998665,1.00191,0.49987,0,0.997879,1.00129,0.000795541,0,7.942e-05,-0.0021338,1.00129
50,17,0.789062,0.273438,0.998657,1.00187,0.500001,0,0.99785,1.00111,0.000846756,0,7.04746e-05,-0.00193357,1.00111
51,17,0.804688,0.273438,0.998647,1.00183,0.500121,0,0.997816,1.00095,0.000890225,0,5.96343e-05,-0.00166312,1.00095
52,17,0.820312,0.273438,0.998631,1.0018,0.500236,0,0.997771,1.00078,0.000928481,0,4.71749e-05,-0.0013358,1.00078
53,17,0.835938,0.273438,0.998606,1.00179,0.500348,0,0.997708,1.00063,0.0009632,0,3.34977e-05,-0.000962815,1.00063
54,17,0.851562,0.273438,0.998574,1.00179,0.500459,0,0.997633,1.00048,0.000996033,0,1.82417e-05,-0.000568335,1.00048
55,17,0.867188,0.273438,0.998527,1.0018,0.500573,0,0.99753,1.00034,0.0010301,0,1.74924e-06,-0.000102371,1.00034
56,17,0.882812,0.273438,0.998467,1.00184,0.500692,0,0.997403,1.00021,0.00106766,0,-1.57127e-05,0.000355597,1.00021
57,17,0.898438,0.273438,0.998389,1.00189,0.500818,0,0.997245,1.00008,0.00111196,0,-3.44793e-05,0.00087278,1.00009
58,17,0.914062,0.273438,0.998291,1.00197,0.500954,0,0.997051,0.999963,0.00116553,0,-5.47401e-05,0.00145228,0.999964
59,17,0.929688,0.273438,0.998167,1.00208,0.501105,0,0.996814,0.999846,0.0012317,0,-7.62478e-05,0.00207311,0.999847
60,17,0.945312,0.273438,0.998015,1.00222,0.501273,0,0.996527,0.999732,0.00131181,0,-9.91934e-05,0.00274058,0.999733
61,17,0.960938,0.273438,0.997831,1.0024,0.501462,0,0.996184,0.999619,0.00140946,0,-0.000123611,0.00344553,0.99962
62,17,0.976562,0.273438,0.997612,1.00263,0.501677,0,0.995774,0.999507,0.00152724,0,-0.000150162,0.00421839,0.999508
63,17,0.992188,0.273438,0.997352,1.0029,0.501921,0,0.995291,0.999392,0.00166868,0,-0.000178887,0.00507709,0.999394
0,18,0.0078125,0.289062,0.996863,1.00348,0.502302,0,0.994386,0.999289,0.00204204,0,-0.000227206,0.00647971,0.999291
1,18,0.0234375,0.289062,0.99649,1.00391,0.502635,0,0.993695,0.999181,0.00225723,0,-0.000262437,0.00752983,0.999184
2,18,0.0390625,0.289062,0.996065,1.0044,0.503009,0,0.992907,0.99907,0.00250437,0,-0.000300229,0.00864198,0.999073
3,18,0.0546875,0.289062,0.995587,1.00497,0.503423,0,0.992025,0.998954,0.0027834,0,-0.000340628,0.0098209,0.998958
4,18,0.0703125,0.289062,0.995066,1.00558,0.503877,0,0.991063,0.998836,0.00309188,0,-0.000383121,0.0110282,0.998841
5,18,0.0859375,0.289062,0.994523,1.00621,0.504364,0,0.990053,0.998719,0.00342664,0,-0.000426637,0.0122132,0.998724
6,18,0.101562,0.289062,0.993987,1.00683,0.504877,0,0.989057,0.998606,0.0037801,0,-0.000469347,0.013293,0.998614
7,18,0.117188,0.289062,0.993561,1.00736,0.505395,0,0.988173,0.998508,0.00413948,0,-0.000506383,0.0140673,0.998517
8,18,0.132812,0.289062,0.99318,1.00773,0.505902,0,0.987602,0.998435,0.00448731,0,-0.00053912,0.0146454,0.998445
9,18,0.148438,0.289062,0.993221,1.00772,0.506336,0,0.987345,0.998405,0.00479025,0,-0.000549461,0.0144415,0.998416
10,18,0.164062,0.289062,0.993388,1.00761,0.506766,0,0.987486,0.998424,0.00508527,0,-0.000563556,0.0147541,0.998437
11,18,0.179688,0.289062,0.994092,1.00689,0.507058,0,0.988465,0.99851,0.00527615,0,-0.000542645,0.0131483,0.998524
12,18,0.195312,0.289062,0.995246,1.00564,0.507194,0,0.990241,0.998672,0.00533142,0,-0.00051265,0.0119537,0.998686
13,18,0.210938,0.289062,0.996874,1.00385,0.507112,0,0.992869,0.998921,0.00524603,0,-0.000445977,0.00969675,0.998935
14,18,0.226562,0.289062,0.998995,1.0016,0.506702,0,0.996307,0.999265,0.00490825,0,-0.000384567,0.00829713,0.999278
15,18,0.242188,0.289062,1.00143,0.999072,0.506003,0,1.00029,0.999677,0.00437256,0,-0.000320465,0.00685112,0.999686
16,18,0.257812,0.289062,1.00392,0.996556,0.504984,0,1.00441,1.00013,0.00361628,0,-0.000262432,0.00573276,1.00013
17,18,0.273438,0.289062,1.00625,0.994331,0.503702,0,1.00829,1.00059,0.00269321,0,-0.00021643,0.00495466,1.00059
18,18,0.289062,0.289062,1.0082,0.992636,0.502258,0,1.01156,1.00103,0.0016984,0,-0.000183797,0.00450367,1.00103
19,18,0.304688,0.289062,1.00959,0.991641,0.500734,0,1.01393,1.00142,0.000708818,0,-0.00016188,0.00413134,1.00142
20,18,0.320312,0.289062,1.01041,0.99146,0.499252,0,1.01528,1.00176,-0.000182332,0,-0.000143996,0.00383022,1.00176
21,18,0.335938,0.289062,1.01051,0.991866,0.497824,0,1.01565,1.00203,-0.000985503,0,-0.000130044,0.00354073,1.00203
22,18,0.351562,0.289062,1.01034,0.992577,0.496538,0,1.01539,1.00225,-0.00161475,0,-0.000112724,0.00280413,1.00226
23,18,0.367188,0.289062,1.00974,0.993739,0.495396,0,1.01446,1.00243,-0.00210598,0,-0.000103074,0.00278044,1.00243
24,18,0.382812,0.289062,1.00886,0.995027,0.494477,0,1.01305,1.00256,-0.00241718,0,-8.51838e-05,0.0021221,1.00256
25,18,0.398438,0.289062,1.00777,0.996285,0.493801,0,1.01129,1.00266,-0.00260563,0,-7.07003e-05,0.00210515,1.00266
26,18,0.414062,0.289062,1.00651,0.997413,0.493313,0,1.0093,1.00274,-0.00267602,0,-4.77393e-05,0.000884566,1.00274
27,18,0.429688,0.289062,1.00522,0.998343,0.493146,0,1.00727,1.00281,-0.00269767,0,-4.11647e-05,0.00180343,1.00281
28,18,0.445312,0.289062,1.00396,0.999064,0.493209,0,1.00529,1.00286,-0.00267857,0,-1.86216e-05,0.000565061,1.00287
29,18,0.460938,0.289062,1.00278,0.999607,0.493436,0,1.00344,1.00292,-0.00260857,0,-2.89722e-06,0.000164006,1.00292
30,18,0.476562,0.289062,1.00172,0.99998,0.493833,0,1.00179,1.00297,-0.00251232,0,8.66535e-06,0.000124175,1.00298
31,18,0.492188,0.289062,1.00081,1.00023,0.494345,0,1.00039,1.00302,-0.00240249,0,1.98684e-05,1.77324e-05,1.00302
32,18,0.507812,0.289062,1.00006,1.00042,0.494925,0,0.999258,1.00305,-0.00227365,0,3.18257e-05,-0.000308955,1.00305
33,18,0.523438,0.289062,0.999481,1.00059,0.495515,0,0.998419,1.00307,-0.00212352,0,4.43102e-05,-0.00076834,1.00308
34,18,0.539062,0.289062,0.999076,1.00079,0.496081,0,0.997866,1.00308,-0.00194405,0,5.61621e-05,-0.00115373,1.00308
35,18,0.554688,0.289062,0.998825,1.00101,0.496591,0,0.997558,1.00307,-0.00172491,0,6.5995e-05,-0.00146922,1.00308
36,18,0.570312,0.289062,0.998695,1.00123,0.497038,0,0.997439,1.00305,-0.0014704,0,7.44328e-05,-0.00151457,1.00305
37,18,0.585938,0.289062,0.998629,1.00149,0.497409,0,0.997455,1.00301,-0.00119635,0,8.10071e-05,-0.00150776,1.00301
38,18,0.601562,0.289062,0.998641,1.00172,0.497727,0,0.997549,1.00294,-0.000906914,0,8.85645e-05,-0.00160114,1.00294
39,18,0.617188,0.289062,0.998661,1.00192,0.497994,0,0.997671,1.00285,-0.000623339,0,9.52839e-05,-0.00172832,1.00285
40,18,0.632812,0.289062,0.998687,1.00207,0.498228,0,0.997793,1.00274,-0.000350372,0,0.000101158,-0.00192202,1.00274
41,18,0.648438,0.289062,0.998709,1.00219,0.498441,0,0.997899,1.00261,-9.83383e-05,0,0.00010745,-0.00218179,1.00261
42,18,0.664062,0.289062,0.998715,1.00224,0.498644,0,0.997956,1.00246,0.000127531,0,0.000112154,-0.00233409,1.00246
43,18,0.679688,0.289062,0.998697,1.00223,0.498844,0,0.997963,1.00229,0.000320921,0,0.000115365,-0.00248691,1.00229
44,18,0.695312,0.289062,0.998673,1.0022,0.49904,0,0.997956,1.00212,0.000481388,0,0.000117044,-0.00265144,1.00212
45,18,0.710938,0.289062,0.998646,1.00215,0.499231,0,0.997931,1.00194,0.000612799,0,0.000116732,-0.00277709,1.00194
46,18,0.726562,0.289062,0.99862,1.00209,0.499414,0,0.997896,1.00175,0.000719576,0,0.000114016,-0.00279776,1.00175
47,18,0.742188,0.289062,0.9986,1.00202,0.499587,0,0.997861,1.00157,0.000806482,0,0.000109255,-0.00275302,1.00157
48,18,0.757812,0.289062,0.998586,1.00196,0.499746,0,0.997828,1.00139,0.000876826,0,0.00010233,-0.00264648,1.00139
49,18,0.773438,0.289062,0.998576,1.00191,0.499893,0,0.997796,1.00121,0.000934792,0,9.33816e-05,-0.00247453,1.00121
50,18,0.789062,0.289062,0.998566,1.00187,0.500027,0,0.997761,1.00104,0.00098415,0,8.25379e-05,-0.00222683,1.00104
51,18,0.804688,0.289062,0.998554,1.00184,0.500151,0,0.99772,1.00087,0.00102586,0,6.98571e-05,-0.00190691,1.00087
52,18,0.820312,0.289062,0.998538,1.00182,0.500268,0,0.997668,1.00071,0.00106252,0,5.53928e-05,-0.00155319,1.00071
53,18,0.835938,0.289062,0.998513,1.00181,0.500381,0,0.997601,1.00056,0.00109586,0,3.9437e-05,-0.00112793,1.00056
54,18,0.851562,0.289062,0.998478,1.00182,0.500494,0,0.997512,1.00042,0.00112871,0,2.18443e-05,-0.000652393,1.00042
55,18,0.867188,0.289062,0.99843,1.00185,0.500609,0,0.997399,1.00028,0.00116291,0,3.1599e-06,-0.000163161,1.00029
56,18,0.882812,0.289062,0.998365,1.0019,0.500729,0,0.997257,1.00016,0.00120162,0,-1.68586e-05,0.000383909,1.00016
57,18,0.898438,0.289062,0.998281,1.00197,0.500858,0,0.997082,1.00004,0.00124815,0,-3.80076e-05,0.000965255,1.00004
58,18,0.914062,0.289062,0.998174,1.00207,0.500998,0,0.996869,0.999921,0.00130555,0,-6.04773e-05,0.00159645,0.999921
59,18,0.929688,0.289062,0.998042,1.00219,0.501154,0,0.996611,0.99981,0.00137722,0,-8.41732e-05,0.0022687,0.999811
60,18,0.945312,0.289062,0.997881,1.00236,0.501328,0,0.9963,0.999704,0.00146492,0,-0.000109282,0.00299665,0.999705
61,18,0.960938,0.289062,0.997688,1.00256,0.501526,0,0.995932,0.9996,0.00157221,0,-0.000135812,0.00376738,0.999601
62,18,0.976562,0.289062,0.997456,1.00281,0.501752,0,0.995496,0.999497,0.00170209,0,-0.000164182,0.00460608,0.999499
63,18,0.992188,0.289062,0.997184,1.00311,0.502009,0,0.994984,0.999394,0.0018578,0,-0.000194531,0.00549638,0.999396
0,19,0.0078125,0.304688,0.996663,1.00373,0.502394,0,0.994019,0.999307,0.00224125,0,-0.000244304,0.0069278,0.999309
1,19,0.0234375,0.304688,0.996278,1.00419,0.502745,0,0.9933,0.999214,0.00247428,0,-0.000280253,0.00799438,0.999217
2,19,0.0390625,0.304688,0.995841,1.00472,0.503137,0,0.992487,0.999121,0.00274034,0,-0.000318305,0.00911322,0.999125
3,19,0.0546875,0.304688,0.995356,1.00532,0.503569,0,0.991587,0.999026,0.00303852,0,-0.000358329,0.0102827,0.999031
4,19,0.0703125,0.304688,0.994833,1.00596,0.504037,0,0.990614,0.998933,0.00336483,0,-0.000399798,0.0114677,0.998938
5,19,0.0859375,0.304688,0.994293,1.00662,0.504533,0,0.989605,0.998843,0.00371388,0,-0.000441651,0.0126193,0.998849
6,19,0.101562,0.304688,0.993771,1.00726,0.505046,0,0.988622,0.998761,0.00407449,0,-0.000481752,0.0136356,0.99877
7,19,0.117188,0.304688,0.993366,1.0078,0.505545,0,0.987779,0.998697,0.00442761,0,-0.000515863,0.0143604,0.998707
8,19,0.132812,0.304688,0.993037,1.00816,0.506023,0,0.987236,0.998661,0.00475683,0,-0.000543542,0.0148852,0.998672
9,19,0.148438,0.304688,0.993089,1.00816,0.506381,0,0.98708,0.998668,0.00500859,0,-0.000558187,0.0144588,0.998681
10,19,0.164062,0.304688,0.993288,1.00805,0.506736,0,0.987266,0.998731,0.00525739,0,-0.000564252,0.0150333,0.998745
11,19,0.179688,0.304688,0.994078,1.00728,0.506896,0,0.988336,0.998851,0.00536208,0,-0.000542817,0.0132163,0.998866
12,19,0.195312,0.304688,0.995288,1.00599,0.506936,0,0.990224,0.999051,0.0053316,0,-0.00051007,0.012796,0.999065
13,19,0.210938,0.304688,0.997009,1.00415,0.50669,0,0.992983,0.999332,0.00511013,0,-0.000446833,0.00927122,0.999345
14,19,0.226562,0.304688,0.9992,1.00181,0.506165,0,0.996548,0.999696,0.00467638,0,-0.000391809,0.00845108,0.999707
15,19,0.242188,0.304688,1.00168,0.999203,0.50539,0,1.00061,1.00012,0.00406539,0,-0.000331782,0.00721974,1.00012
16,19,0.257812,0.304688,1.00421,0.996616,0.504363,0,1.00478,1.00056,0.00326836,0,-0.000279591,0.00638738,1.00057
17,19,0.273438,0.304688,1.00655,0.994348,0.50314,0,1.00866,1.00101,0.00234347,0,-0.000239839,0.00589066,1.00101
18,19,0.289062,0.304688,1.00848,0.992611,0.501814,0,1.01188,1.00141,0.00137943,0,-0.000212802,0.00558404,1.00141
19,19,0.304688,0.304688,1.00984,0.991582,0.500452,0,1.01418,1.00177,0.00043976,0,-0.000193023,0.00539768,1.00177
20,19,0.320312,0.304688,1.01058,0.991369,0.499137,0,1.01542,1.00206,-0.000401716,0,-0.000173971,0.00482162,1.00206
21,19,0.335938,0.304688,1.01072,0.991726,0.497847,0,1.01573,1.0023,-0.00115296,0,-0.000156637,0.00439306,1.0023
22,19,0.351562,0.304688,1.01054,0.992407,0.496681,0,1.01546,1.00248,-0.00174037,0,-0.000129641,0.00355265,1.00248
23,19,0.367188,0.304688,1.00992,0.993545,0.495645,0,1.0145,1.00261,-0.00218959,0,-0.000109488,0.0032147,1.00261
24,19,0.382812,0.304688,1.00902,0.994832,0.494791,0,1.01308,1.00271,-0.00247843,0,-8.54868e-05,0.00221635,1.00271
25,19,0.398438,0.304688,1.00792,0.9961,0.494149,0,1.01136,1.00278,-0.00264852,0,-6.45812e-05,0.00174676,1.00278
26,19,0.414062,0.304688,1.00668,0.997256,0.493677,0,1.0094,1.00283,-0.00272453,0,-4.02914e-05,0.000517312,1.00284
27,19,0.429688,0.304688,1.00542,0.998226,0.493475,0,1.00741,1.00289,-0.00273736,0,-2.69485e-05,0.00110388,1.00289
28,19,0.445312,0.304688,1.00418,0.999003,0.493517,0,1.00545,1.00294,-0.00272752,0,-2.75069e-06,3.6236e-05,1.00294
29,19,0.460938,0.304688,1.00301,0.999594,0.493705,0,1.00362,1.00299,-0.00266488,0,1.25187e-05,-0.000350455,1.00299
30,19,0.476562,0.304688,1.00195,1.00003,0.494046,0,1.00199,1.00304,-0.00256846,0,2.63675e-05,-0.000517343,1.00304
31,19,0.492188,0.304688,1.00103,1.00032,0.494504,0,1.00059,1.00308,-0.00245184,0,3.94657e-05,-0.000655842,1.00308
32,19,0.507812,0.304688,1.00026,1.00054,0.495038,0,0.999436,1.0031,-0.00231361,0,5.17598e-05,-0.000916219,1.00311
33,19,0.523438,0.304688,0.99965,1.00071,0.495594,0,0.998554,1.00311,-0.00215427,0,6.45311e-05,-0.00130791,1.00312
34,19,0.539062,0.304688,0.9992,1.00089,0.496132,0,0.99794,1.00311,-0.00196588,0,7.77348e-05,-0.0017414,1.00311
35,19,0.554688,0.304688,0.99889,1.00109,0.496628,0,0.997562,1.00309,-0.00173458,0,8.89355e-05,-0.0020609,1.00309
36,19,0.570312,0.304688,0.998716,1.00128,0.497053,0,0.997378,1.00305,-0.00146656,0,9.9957e-05,-0.00235473,1.00305
37,19,0.585938,0.304688,0.99861,1.00152,0.497413,0,0.997356,1.00298,-0.00117287,0,0.000108172,-0.00240507,1.00298
38,19,0.601562,0.304688,0.998576,1.00173,0.497718,0,0.997407,1.0029,-0.0008648,0,0.000115933,-0.00256014,1.0029
39,19,0.617188,0.304688,0.99858,1.00191,0.497976,0,0.997517,1.0028,-0.000561386,0,0.000122764,-0.00256454,1.0028
40,19,0.632812,0.304688,0.998594,1.00205,0.498208,0,0.997637,1.00268,-0.000268895,0,0.000128495,-0.00269996,1.00268
41,19,0.648438,0.304688,0.998608,1.00216,0.49842,0,0.997748,1.00253,-1.69279e-06,0,0.00013408,-0.00294094,1.00253
42,19,0.664062,0.304688,0.998614,1.00222,0.498623,0,0.997819,1.00238,0.000236784,0,0.000138181,-0.00309112,1.00238
43,19,0.679688,0.304688,0.998597,1.00222,0.498825,0,0.997841,1.00221,0.000440618,0,0.000140201,-0.00320277,1.00221
44,19,0.695312,0.304688,0.998575,1.00219,0.499026,0,0.997845,1.00203,0.000608268,0,0.000140479,-0.00330032,1.00203
45,19,0.710938,0.304688,0.998548,1.00214,0.499224,0,0.997831,1.00184,0.000743749,0,0.000138797,-0.00336315,1.00184
46,19,0.726562,0.304688,0.998521,1.00208,0.499413,0,0.997803,1.00166,0.000852651,0,0.000134549,-0.00336454,1.00166
47,19,0.742188,0.304688,0.998499,1.00202,0.499591,0,0.997769,1.00147,0.000940029,0,0.0001277,-0.00326364,1.00147
48,19,0.757812,0.304688,0.998483,1.00196,0.499755,0,0.997735,1.00129,0.00101006,0,0.000118649,-0.00306797,1.00129
49,19,0.773438,0.304688,0.998471,1.00191,0.499905,0,0.9977,1.00112,0.00106679,0,0.000107761,-0.00282918,1.00112
50,19,0.789062,0.304688,0.998458,1.00187,0.500043,0,0.997659,1.00095,0.00111432,0,9.49643e-05,-0.00254478,1.00095
51,19,0.804688,0.304688,0.998444,1.00184,0.50017,0,0.997611,1.00078,0.0011543,0,8.00507e-05,-0.00218146,1.00079
52,19,0.820312,0.304688,0.998425,1.00183,0.500289,0,0.997549,1.00063,0.00118945,0,6.37009e-05,-0.00173759,1.00063
53,19,0.835938,0.304688,0.998401,1.00183,0.500403,0,0.997474,1.00048,0.00122207,0,4.52042e-05,-0.00128296,1.00049
54,19,0.851562,0.304688,0.998364,1.00185,0.500517,0,0.997373,1.00035,0.00125498,0,2.52641e-05,-0.000729818,1.00035
55,19,0.867188,0.304688,0.998312,1.00189,0.500634,0,0.997247,1.00022,0.00128977,0,4.15146e-06,-0.000165514,1.00022
56,19,0.882812,0.304688,0.998243,1.00195,0.500756,0,0.997089,1.0001,0.00133013,0,-1.82144e-05,0.000433337,1.0001
57,19,0.898438,0.304688,0.998153,1.00204,0.500887,0,0.996896,0.999981,0.00137934,0,-4.16605e-05,0.00106394,0.999982
58,19,0.914062,0.304688,0.998039,1.00216,0.501031,0,0.996661,0.999873,0.00144094,0,-6.64866e-05,0.00175163,0.999874
59,19,0.929688,0.304688,0.997899,1.00231,0.501192,0,0.99638,0.999771,0.00151827,0,-9.25266e-05,0.00248734,0.999772
60,19,0.945312,0.304688,0.997729,1.00249,0.501372,0,0.996045,0.999673,0.00161345,0,-0.000119835,0.00327789,0.999675
61,19,0.960938,0.304688,0.997525,1.00272,0.501578,0,0.99565,0.99958,0.00173015,0,-0.00014848,0.00410702,0.999581
62,19,0.976562,0.304688,0.997283,1.003,0.501814,0,0.995186,0.999488,0.00187161,0,-0.000178646,0.00499839,0.99949
63,19,0.992188,0.304688,0.996997,1.00333,0.502085,0,0.994646,0.999398,0.00204114,0,-0.000210546,0.00593362,0.9994
0,20,0.0078125,0.320312,0.996448,1.00399,0.502469,0,0.993624,0.99933,0.00243185,0,-0.000261553,0.00738558,0.999333
1,20,0.0234375,0.320312,0.996052,1.00449,0.502835,0,0.992879,0.999255,0.00268062,0,-0.000298039,0.00845786,0.999259
2,20,0.0390625,0.320312,0.995605,1.00505,0.503243,0,0.992044,0.999183,0.00296288,0,-0.000336031,0.0095746,0.999187
3,20,0.0546875,0.320312,0.995115,1.00568,0.503689,0,0.991129,0.999112,0.00327682,0,-0.000375248,0.0107215,0.999117
4,20,0.0703125,0.320312,0.994592,1.00635,0.504169,0,0.990151,0.999045,0.00361701,0,-0.000415121,0.0118652,0.999052
5,20,0.0859375,0.320312,0.994062,1.00704,0.504671,0,0.989151,0.998985,0.00397616,0,-0.00045478,0.0129687,0.998993
6,20,0.101562,0.320312,0.99356,1.0077,0.50518,0,0.988195,0.998938,0.00433883,0,-0.000491582,0.0138985,0.998948
7,20,0.117188,0.320312,0.99319,1.00825,0.505657,0,0.987414,0.998912,0.0046824,0,-0.000522363,0.0146211,0.998923
8,20,0.132812,0.320312,0.992942,1.00851,0.506089,0,0.98692,0.998917,0.00498396,0,-0.000541405,0.0148828,0.99893
9,20,0.148438,0.320312,0.992987,1.00863,0.506403,0,0.986873,0.99896,0.00519687,0,-0.000561336,0.0148005,0.998974
10,20,0.164062,0.320312,0.993235,1.00846,0.50665,0,0.987139,0.999056,0.00538802,0,-0.000555408,0.0145155,0.999071
11,20,0.179688,0.320312,0.994115,1.00763,0.506755,0,0.988343,0.999217,0.00541116,0,-0.000542114,0.0134132,0.999232
12,20,0.195312,0.320312,0.995424,1.00629,0.506616,0,0.990343,0.999454,0.00528206,0,-0.000502278,0.0119976,0.999468
13,20,0.210938,0.320312,0.997221,1.00437,0.50624,0,0.993236,0.999767,0.00496063,0,-0.000451692,0.0104516,0.999779
14,20,0.226562,0.320312,0.999449,1.00198,0.505614,0,0.996879,1.00014,0.0044395,0,-0.000395907,0.00875064,1.00015
15,20,0.242188,0.320312,1.00195,0.999339,0.504779,0,1.00098,1.00056,0.00376482,0,-0.00034169,0.0075093,1.00057
16,20,0.257812,0.320312,1.00448,0.996729,0.503753,0,1.00513,1.00099,0.00294362,0,-0.000298241,0.00696451,1.001
17,20,0.273438,0.320312,1.00679,0.994442,0.502598,0,1.00895,1.00141,0.00203215,0,-0.00026532,0.00676347,1.00141
18,20,0.289062,0.320312,1.00867,0.992701,0.501402,0,1.01208,1.00178,0.00110983,0,-0.00024213,0.00668248,1.00178
19,20,0.304688,0.320312,1.01,0.991675,0.500183,0,1.01428,1.0021,0.000222295,0,-0.000223592,0.00628353,1.0021
20,20,0.320312,0.320312,1.01068,0.991428,0.499018,0,1.01541,1.00235,-0.00056631,0,-0.00019742,0.0055499,1.00235
21,20,0.335938,0.320312,1.01078,0.991754,0.497894,0,1.01568,1.00254,-0.0012652,0,-0.000177117,0.0050755,1.00254
22,20,0.351562,0.320312,1.01063,0.992334,0.496848,0,1.01543,1.00268,-0.00182208,0,-0.000146143,0.00391824,1.00269
23,20,0.367188,0.320312,1.01004,0.993422,0.49591,0,1.01449,1.00279,-0.00224186,0,-0.000117934,0.00346696,1.00279
24,20,0.382812,0.320312,1.00918,0.994672,0.495132,0,1.01311,1.00287,-0.0025136,0,-8.7086e-05,0.00263878,1.00287
25,20,0.398438,0.320312,1.00811,0.995927,0.494533,0,1.01143,1.00292,-0.00267447,0,-5.94404e-05,0.00186563,1.00293
26,20,0.414062,0.320312,1.00691,0.997085,0.494088,0,1.00954,1.00297,-0.0027589,0,-3.12353e-05,0.000550448,1.00297
27,20,0.429688,0.320312,1.00567,0.998076,0.493871,0,1.00759,1.00301,-0.00277697,0,-8.8539e-06,0.000296696,1.00301
28,20,0.445312,0.320312,1.00444,0.998889,0.493892,0,1.00568,1.00305,-0.00277915,0,1.47328e-05,-0.000541346,1.00306
29,20,0.460938,0.320312,1.00329,0.999535,0.494045,0,1.00389,1.0031,-0.00272069,0,3.00937e-05,-0.000829098,1.0031
30,20,0.476562,0.320312,1.00224,1.00001,0.494331,0,1.00227,1.00313,-0.0026245,0,4.58612e-05,-0.00118389,1.00314
31,20,0.492188,0.320312,1.00131,1.00035,0.494731,0,1.00086,1.00316,-0.00250145,0,6.06941e-05,-0.00135083,1.00316
32,20,0.507812,0.320312,1.00051,1.0006,0.495213,0,0.999682,1.00318,-0.00235139,0,7.37652e-05,-0.00154134,1.00318
33,20,0.523438,0.320312,0.999861,1.00079,0.495725,0,0.998751,1.00317,-0.00217984,0,8.70982e-05,-0.00194302,1.00317
34,20,0.539062,0.320312,0.999355,1.00096,0.496224,0,0.998065,1.00315,-0.00197953,0,0.000100705,-0.00240954,1.00315
35,20,0.554688,0.320312,0.998986,1.00114,0.496687,0,0.997606,1.0031,-0.00173451,0,0.000113019,-0.00277889,1.0031
36,20,0.570312,0.320312,0.998744,1.00132,0.497086,0,0.997351,1.00304,-0.00145232,0,0.000124914,-0.00307068,1.00304
37,20,0.585938,0.320312,0.998604,1.00151,0.497431,0,0.997255,1.00296,-0.00114165,0,0.000135766,-0.00324367,1.00296
38,20,0.601562,0.320312,0.998529,1.00171,0.497719,0,0.997283,1.00286,-0.000816932,0,0.000145447,-0.00341364,1.00286
39,20,0.617188,0.320312,0.998501,1.00188,0.497964,0,0.997365,1.00274,-0.000496936,0,0.00015329,-0.00368998,1.00274
40,20,0.632812,0.320312,0.998499,1.00202,0.498188,0,0.997472,1.0026,-0.000187743,0,0.000157923,-0.0036828,1.0026
41,20,0.648438,0.320312,0.998505,1.00213,0.498395,0,0.997584,1.00244,9.26043e-05,0,0.000162239,-0.00378861,1.00244
42,20,0.664062,0.320312,0.998508,1.00219,0.498596,0,0.997671,1.00228,0.000341569,0,0.000165726,-0.00391717,1.00228
43,20,0.679688,0.320312,0.998489,1.00219,0.4988,0,0.997707,1.0021,0.000554324,0,0.000166344,-0.00398046,1.0021
44,20,0.695312,0.320312,0.998469,1.00217,0.499005,0,0.997725,1.00192,0.00072772,0,0.000165071,-0.00401159,1.00192
45,20,0.710938,0.320312,0.998442,1.00212,0.499207,0,0.997719,1.00173,0.000866636,0,0.000161556,-0.00399512,1.00173
46,20,0.726562,0.320312,0.998414,1.00206,0.499402,0,0.997699,1.00155,0.00097747,0,0.000155635,-0.00390871,1.00155
47,20,0.742188,0.320312,0.998389,1.002,0.499585,0,0.997668,1.00136,0.00106565,0,0.000147284,-0.00377366,1.00136
48,20,0.757812,0.320312,0.998369,1.00194,0.499753,0,0.997632,1.00118,0.00113521,0,0.00013652,-0.00357695,1.00118
49,20,0.773438,0.320312,0.998352,1.00189,0.499906,0,0.997591,1.00101,0.0011906,0,0.000123381,-0.00328962,1.00101
50,20,0.789062,0.320312,0.998336,1.00186,0.500047,0,0.997543,1.00084,0.00123641,0,0.000108023,-0.00291017,1.00084
51,20,0.804688,0.320312,0.998318,1.00183,0.500177,0,0.997486,1.00068,0.00127455,0,9.07132e-05,-0.00247435,1.00068
52,20,0.820312,0.320312,0.998297,1.00183,0.500295,0,0.997417,1.00053,0.00130798,0,7.15701e-05,-0.00197298,1.00053
53,20,0.835938,0.320312,0.998268,1.00184,0.500412,0,0.997326,1.00039,0.00134062,0,5.06118e-05,-0.0013796,1.00039
54,20,0.851562,0.320312,0.998229,1.00187,0.500527,0,0.997214,1.00026,0.00137341,0,2.84295e-05,-0.000810129,1.00026
55,20,0.867188,0.320312,0.998175,1.00193,0.500644,0,0.997073,1.00014,0.00140938,0,4.6564e-06,-0.000163235,1.00014
56,20,0.882812,0.320312,0.998102,1.002,0.500767,0,0.996898,1.00002,0.00145198,0,-2.03897e-05,0.00052266,1.00003
57,20,0.898438,0.320312,0.998006,1.00211,0.500901,0,0.996685,0.999919,0.0015043,0,-4.65039e-05,0.00123986,0.99992
58,20,0.914062,0.320312,0.997886,1.00224,0.501049,0,0.996429,0.999821,0.00157038,0,-7.3725e-05,0.00200242,0.999822
59,20,0.929688,0.320312,0.997738,1.00242,0.501215,0,0.996125,0.999729,0.00165347,0,-0.000101578,0.00277093,0.99973
60,20,0.945312,0.320312,0.997559,1.00263,0.501402,0,0.995764,0.999642,0.00175606,0,-0.000130723,0.00357179,0.999643
61,20,0.960938,0.320312,0.997345,1.00288,0.501616,0,0.995341,0.99956,0.00188183,0,-0.000161424,0.00445261,0.999562
62,20,0.976562,0.320312,0.997092,1.00319,0.501862,0,0.99485,0.999481,0.00203437,0,-0.000193386,0.0053962,0.999483
63,20,0.992188,0.320312,0.996794,1.00356,0.502145,0,0.99428,0.999405,0.00221714,0,-0.000226681,0.00637045,0.999407
0,21,0.0078125,0.335938,0.996222,1.00426,0.502524,0,0.993211,0.99936,0.00261132,0,-0.000278925,0.00787106,0.999363
1,21,0.0234375,0.335938,0.995816,1.0048,0.502904,0,0.99244,0.999307,0.00287351,0,-0.000315669,0.00893921,0.999311
2,21,0.0390625,0.335938,0.995363,1.0054,0.503326,0,0.991587,0.999258,0.00316897,0,-0.000353178,0.0100338,0.999263
3,21,0.0546875,0.335938,0.994871,1.00606,0.503784,0,0.990662,0.999213,0.00349507,0,-0.00039122,0.0111441,0.99922
4,21,0.0703125,0.335938,0.994354,1.00676,0.504273,0,0.989687,0.999177,0.00384489,0,-0.000428925,0.0122257,0.999184
5,21,0.0859375,0.335938,0.993839,1.00747,0.504778,0,0.988704,0.99915,0.0042095,0,-0.000465517,0.0132581,0.999159
6,21,0.101562,0.335938,0.993366,1.00813,0.505279,0,0.987792,0.99914,0.00456949,0,-0.000498056,0.014093,0.99915
7,21,0.117188,0.335938,0.993033,1.00868,0.505735,0,0.987088,0.999152,0.00489774,0,-0.000524635,0.0145845,0.999164
8,21,0.132812,0.335938,0.992904,1.00889,0.50611,0,0.986706,0.999201,0.00516668,0,-0.000535682,0.0147802,0.999214
9,21,0.148438,0.335938,0.992951,1.00904,0.506392,0,0.986718,0.999281,0.00535539,0,-0.000557857,0.0152945,0.999296
10,21,0.164062,0.335938,0.993261,1.00881,0.506588,0,0.987107,0.999411,0.00546942,0,-0.000546186,0.0135009,0.999426
11,21,0.179688,0.335938,0.994217,1.00793,0.506547,0,0.988459,0.999614,0.00542568,0,-0.000534562,0.0139372,0.999629
12,21,0.195312,0.335938,0.995609,1.00654,0.506289,0,0.990584,0.999879,0.00520081,0,-0.000493094,0.0117569,0.999892
13,21,0.210938,0.335938,0.997482,1.00456,0.505798,0,0.993595,1.00021,0.0047942,0,-0.000447847,0.0104457,1.00022
14,21,0.226562,0.335938,0.999738,1.00214,0.505076,0,0.997284,1.00059,0.00420214,0,-0.00039829,0.00912501,1.0006
15,21,0.242188,0.335938,1.00224,0.999488,0.50419,0,1.00137,1.001,0.0034818,0,-0.00035213,0.00804299,1.001
16,21,0.257812,0.335938,1.00474,0.996895,0.503175,0,1.00545,1.00141,0.00265203,0,-0.00031715,0.00760599,1.00141
17,21,0.273438,0.335938,1.00699,0.994634,0.50209,0,1.00915,1.00179,0.00176363,0,-0.000290512,0.00743563,1.00179
18,21,0.289062,0.335938,1.0088,0.992913,0.501,0,1.01214,1.00213,0.000887751,0,-0.000270389,0.00738852,1.00213
19,21,0.304688,0.335938,1.01005,0.991887,0.499934,0,1.01424,1.0024,6.30448e-05,0,-0.000253959,0.00731767,1.0024
20,21,0.320312,0.335938,1.01066,0.991578,0.498924,0,1.01526,1.00262,-0.000682318,0,-0.000222135,0.00633391,1.00262
21,21,0.335938,0.335938,1.01082,0.991863,0.497935,0,1.01554,1.00278,-0.00133557,0,-0.000197705,0.0059015,1.00278
22,21,0.351562,0.335938,1.01068,0.992353,0.497009,0,1.01532,1.0029,-0.00186662,0,-0.000162112,0.00457621,1.0029
23,21,0.367188,0.335938,1.01012,0.99338,0.496185,0,1.01441,1.00298,-0.00226922,0,-0.000123404,0.00354077,1.00298
24,21,0.382812,0.335938,1.00931,0.994561,0.49548,0,1.0131,1.00304,-0.00253628,0,-8.61409e-05,0.00247083,1.00304
25,21,0.398438,0.335938,1.00831,0.995766,0.49494,0,1.01151,1.00309,-0.00269407,0,-5.1152e-05,0.00178118,1.00309
26,21,0.414062,0.335938,1.00716,0.996899,0.494532,0,1.00972,1.00313,-0.002787,0,-1.8897e-05,0.000625429,1.00313
27,21,0.429688,0.335938,1.00595,0.997892,0.494321,0,1.00783,1.00316,-0.00281989,0,1.0509e-05,-0.00037786,1.00317
28,21,0.445312,0.335938,1.00476,0.998727,0.494328,0,1.00599,1.0032,-0.00283171,0,3.08373e-05,-0.000910926,1.00321
29,21,0.460938,0.335938,1.00361,0.999419,0.494452,0,1.00423,1.00324,-0.00277375,0,4.96244e-05,-0.00125893,1.00324
30,21,0.476562,0.335938,1.00257,0.999943,0.494694,0,1.00263,1.00326,-0.00267634,0,6.65058e-05,-0.00172663,1.00326
31,21,0.492188,0.335938,1.00163,1.00032,0.49504,0,1.00122,1.00327,-0.00254729,0,8.3734e-05,-0.00208242,1.00328
32,21,0.507812,0.335938,1.00081,1.0006,0.495465,0,1.00001,1.00327,-0.00238371,0,9.74918e-05,-0.00227039,1.00327
33,21,0.523438,0.335938,1.00012,1.0008,0.495922,0,0.99902,1.00325,-0.00219635,0,0.000110859,-0.00259996,1.00325
34,21,0.539062,0.335938,0.999555,1.00098,0.496371,0,0.998257,1.0032,-0.00198049,0,0.000124989,-0.00306298,1.0032
35,21,0.554688,0.335938,0.999123,1.00114,0.496792,0,0.997713,1.00313,-0.00172039,0,0.000138852,-0.00347997,1.00313
36,21,0.570312,0.335938,0.998816,1.00131,0.497163,0,0.997377,1.00304,-0.00142405,0,0.000152029,-0.0039,1.00304
37,21,0.585938,0.335938,0.998621,1.00147,0.49747,0,0.997204,1.00293,-0.00110064,0,0.000163972,-0.00423915,1.00293
38,21,0.601562,0.335938,0.9985,1.00166,0.49774,0,0.997177,1.00281,-0.000760634,0,0.000174009,-0.00440115,1.00281
39,21,0.617188,0.335938,0.998445,1.00182,0.49797,0,0.997231,1.00267,-0.000426299,0,0.000182408,-0.00445793,1.00267
40,21,0.632812,0.335938,0.998421,1.00196,0.49818,0,0.997327,1.00251,-0.000104351,0,0.000189382,-0.00466679,1.00251
41,21,0.648438,0.335938,0.99841,1.00207,0.498378,0,0.99743,1.00234,0.000186716,0,0.000193434,-0.00487332,1.00234
42,21,0.664062,0.335938,0.998404,1.00214,0.498572,0,0.997522,1.00216,0.000443242,0,0.000195447,-0.00494717,1.00216
43,21,0.679688,0.335938,0.998381,1.00215,0.498774,0,0.997569,1.00198,0.00066247,0,0.000194223,-0.00484084,1.00198
44,21,0.695312,0.335938,0.998356,1.00214,0.498979,0,0.997599,1.00179,0.000839883,0,0.000191207,-0.0048065,1.00179
45,21,0.710938,0.335938,0.998328,1.00209,0.499183,0,0.997601,1.0016,0.000981321,0,0.000185913,-0.00471632,1.0016
46,21,0.726562,0.335938,0.998297,1.00203,0.499381,0,0.997587,1.00142,0.00109357,0,0.000177886,-0.00455866,1.00142
47,21,0.742188,0.335938,0.998269,1.00197,0.499567,0,0.997558,1.00123,0.00118219,0,0.000167224,-0.00431524,1.00123
48,21,0.757812,0.335938,0.998244,1.00192,0.499739,0,0.997521,1.00105,0.00125133,0,0.000154157,-0.00401723,1.00105
49,21,0.773438,0.335938,0.998223,1.00187,0.499895,0,0.997475,1.00088,0.00130551,0,0.000138768,-0.00366663,1.00088
50,21,0.789062,0.335938,0.998202,1.00184,0.500039,0,0.99742,1.00072,0.00134958,0,0.000121092,-0.00325237,1.00072
51,21,0.804688,0.335938,0.998179,1.00182,0.50017,0,0.997351,1.00056,0.00138562,0,0.000101592,-0.00276143,1.00056
52,21,0.820312,0.335938,0.998155,1.00183,0.50029,0,0.997272,1.00042,0.00141779,0,7.95523e-05,-0.00221175,1.00042
53,21,0.835938,0.335938,0.998122,1.00185,0.500407,0,0.997167,1.00029,0.00144972,0,5.60594e-05,-0.00156245,1.00029
54,21,0.851562,0.335938,0.99808,1.00189,0.500522,0,0.99704,1.00016,0.00148296,0,3.11135e-05,-0.000873289,1.00016
55,21,0.867188,0.335938,0.998022,1.00196,0.50064,0,0.996882,1.00005,0.00152053,0,4.71025e-06,-0.000151047,1.00005
56,21,0.882812,0.335938,0.997945,1.00205,0.500764,0,0.996689,0.999944,0.00156564,0,-2.26798e-05,0.0005925,0.999945
57,21,0.898438,0.335938,0.997844,1.00218,0.500899,0,0.996455,0.999848,0.00162132,0,-5.10546e-05,0.00136107,0.99985
58,21,0.914062,0.335938,0.997716,1.00233,0.50105,0,0.996175,0.999761,0.00169207,0,-8.07501e-05,0.00217428,0.999762
59,21,0.929688,0.335938,0.99756,1.00253,0.50122,0,0.995844,0.999681,0.00178089,0,-0.000111421,0.0030408,0.999682
60,21,0.945312,0.335938,0.997373,1.00277,0.501414,0,0.995459,0.999608,0.00189084,0,-0.000142881,0.00397153,0.99961
61,21,0.960938,0.335938,0.99715,1.00305,0.501636,0,0.995013,0.999541,0.00202564,0,-0.00017502,0.00488832,0.999543
62,21,0.976562,0.335938,0.996886,1.0034,0.501891,0,0.994492,0.999477,0.0021889,0,-0.000208443,0.00579264,0.999479
63,21,0.992188,0.335938,0.996578,1.0038,0.502186,0,0.993894,0.999417,0.00238361,0,-0.000242984,0.00681258,0.999419
0,22,0.0078125,0.351562,0.995991,1.00455,0.502562,0,0.992788,0.999401,0.00277652,0,-0.000295948,0.00834558,0.999405
1,22,0.0234375,0.351562,0.995579,1.00512,0.502954,0,0.991998,0.999372,0.00304973,0,-0.000332527,0.00940761,0.999376
2,22,0.0390625,0.351562,0.995124,1.00576,0.503388,0,0.991131,0.999349,0.00335526,0,-0.000369241,0.0104721,0.999355
3,22,0.0546875,0.351562,0.994636,1.00645,0.503857,0,0.990202,0.999334,0.00368984,0,-0.000405578,0.0115376,0.999341
4,22,0.0703125,0.351562,0.994129,1.00717,0.504352,0,0.989238,0.99933,0.00404474,0,-0.000440897,0.012535,0.999339
5,22,0.0859375,0.351562,0.993633,1.0079,0.504858,0,0.988284,0.999341,0.00440984,0,-0.000473903,0.0134631,0.99935
6,22,0.101562,0.351562,0.9932,1.00858,0.505348,0,0.987428,0.99937,0.00476227,0,-0.000501592,0.0142096,0.999381
7,22,0.117188,0.351562,0.992879,1.0091,0.505788,0,0.986808,0.999424,0.0050721,0,-0.000524865,0.0146125,0.999437
8,22,0.132812,0.351562,0.992904,1.00931,0.5061,0,0.986555,0.999517,0.00530156,0,-0.000533201,0.014594,0.999531
9,22,0.148438,0.351562,0.992977,1.00943,0.506345,0,0.986626,0.999645,0.00547313,0,-0.00054931,0.0157131,0.99966
10,22,0.164062,0.351562,0.993388,1.0091,0.506452,0,0.987224,0.999811,0.0055151,0,-0.000533747,0.0135772,0.999826
11,22,0.179688,0.351562,0.994362,1.00819,0.506333,0,0.988665,1.00004,0.00539999,0,-0.000510926,0.0128327,1.00005
12,22,0.195312,0.351562,0.995836,1.00673,0.505971,0,0.990922,1.00032,0.00509639,0,-0.00047949,0.0116557,1.00034
13,22,0.210938,0.351562,0.997784,1.0047,0.505379,0,0.99403,1.00066,0.00461875,0,-0.000440145,0.0103838,1.00067
14,22,0.226562,0.351562,1.00006,1.00228,0.504573,0,0.99774,1.00104,0.00397198,0,-0.000398846,0.00930693,1.00105
15,22,0.242188,0.351562,1.00253,0.999655,0.503647,0,1.00177,1.00143,0.00322459,0,-0.000362092,0.00856999,1.00143
16,22,0.257812,0.351562,1.00495,0.997115,0.502645,0,1.00572,1.00181,0.00240122,0,-0.000334991,0.00829132,1.00181
17,22,0.273438,0.351562,1.00711,0.99491,0.501635,0,1.00926,1.00215,0.00154414,0,-0.00031304,0.00811756,1.00216
18,22,0.289062,0.351562,1.00882,0.993235,0.500649,0,1.01207,1.00245,0.00072062,0,-0.000300707,0.00822284,1.00245
19,22,0.304688,0.351562,1.01002,0.992219,0.499721,0,1.01405,1.00269,-4.72653e-05,0,-0.000282043,0.00797158,1.00269
20,22,0.320312,0.351562,1.01059,0.991843,0.498825,0,1.01498,1.00287,-0.000760731,0,-0.000245951,0.00683352,1.00287
21,22,0.335938,0.351562,1.0108,0.992075,0.497959,0,1.0153,1.00301,-0.00137272,0,-0.000216032,0.00659284,1.00301
22,22,0.351562,0.351562,1.01069,0.992449,0.497154,0,1.01511,1.0031,-0.00188009,0,-0.000175071,0.00506078,1.00311
23,22,0.367188,0.351562,1.01015,0.993398,0.496437,0,1.01424,1.00317,-0.00227939,0,-0.000125956,0.00357712,1.00317
24,22,0.382812,0.351562,1.0094,0.9945,0.495834,0,1.01304,1.00322,-0.00254926,0,-8.32616e-05,0.00245015,1.00322
25,22,0.398438,0.351562,1.00848,0.995633,0.495354,0,1.01159,1.00327,-0.00271736,0,-4.13357e-05,0.00138549,1.00327
26,22,0.414062,0.351562,1.00741,0.996724,0.494992,0,1.00992,1.00331,-0.00281923,0,-5.40807e-06,0.000545945,1.00331
27,22,0.429688,0.351562,1.00626,0.997698,0.494809,0,1.00812,1.00334,-0.00287061,0,2.88306e-05,-0.000882116,1.00335
28,22,0.445312,0.351562,1.00511,0.99854,0.494813,0,1.00636,1.00338,-0.00288381,0,4.5731e-05,-0.00093306,1.00338
29,22,0.460938,0.351562,1.004,0.999259,0.494919,0,1.00466,1.00341,-0.00282588,0,7.05334e-05,-0.00170403,1.00341
30,22,0.476562,0.351562,1.00297,0.999822,0.495134,0,1.00308,1.00342,-0.00272198,0,8.74799e-05,-0.00213158,1.00342
31,22,0.492188,0.351562,1.00202,1.00024,0.495432,0,1.00166,1.00342,-0.00258644,0,0.000106988,-0.00271112,1.00342
32,22,0.507812,0.351562,1.00116,1.00055,0.495802,0,1.00041,1.00339,-0.0024072,0,0.000121315,-0.00292482,1.0034
33,22,0.523438,0.351562,1.00043,1.00077,0.496199,0,0.999367,1.00335,-0.00220033,0,0.0001354,-0.00326037,1.00335
34,22,0.539062,0.351562,0.999812,1.00094,0.49659,0,0.998528,1.00327,-0.00196575,0,0.000150572,-0.00371242,1.00328
35,22,0.554688,0.351562,0.999317,1.0011,0.496959,0,0.997897,1.00318,-0.00168861,0,0.000165668,-0.00423117,1.00318
36,22,0.570312,0.351562,0.998945,1.00125,0.497283,0,0.997469,1.00306,-0.00137859,0,0.00018075,-0.00475695,1.00306
37,22,0.585938,0.351562,0.998682,1.0014,0.497562,0,0.997224,1.00292,-0.00104243,0,0.000193785,-0.00513069,1.00292
38,22,0.601562,0.351562,0.998517,1.00156,0.497799,0,0.99712,1.00276,-0.000692723,0,0.000204994,-0.00547439,1.00276
39,22,0.617188,0.351562,0.998416,1.00173,0.498001,0,0.997134,1.0026,-0.000348703,0,0.00021307,-0.00566854,1.0026
40,22,0.632812,0.351562,0.998369,1.00187,0.498196,0,0.997211,1.00242,-1.67411e-05,0,0.000219804,-0.00568146,1.00242
41,22,0.648438,0.351562,0.998339,1.00198,0.498384,0,0.997304,1.00224,0.000283154,0,0.00022277,-0.0056802,1.00224
42,22,0.664062,0.351562,0.998321,1.00206,0.498569,0,0.997404,1.00204,0.000543926,0,0.000225233,-0.00581738,1.00204
43,22,0.679688,0.351562,0.998288,1.00209,0.498763,0,0.997459,1.00185,0.00076667,0,0.000224458,-0.00586823,1.00185
44,22,0.695312,0.351562,0.99825,1.00208,0.498963,0,0.997486,1.00165,0.00094658,0,0.000219347,-0.00576425,1.00165
45,22,0.710938,0.351562,0.998211,1.00204,0.499162,0,0.997489,1.00146,0.00108889,0,0.000211501,-0.00556781,1.00146
46,22,0.726562,0.351562,0.998173,1.00199,0.499357,0,0.997476,1.00127,0.00120111,0,0.00020101,-0.0052588,1.00127
47,22,0.742188,0.351562,0.998138,1.00193,0.499542,0,0.997445,1.00108,0.00128918,0,0.000188087,-0.00493408,1.00108
48,22,0.757812,0.351562,0.998106,1.00188,0.499714,0,0.997403,1.00091,0.00135738,0,0.000172548,-0.00455263,1.00091
49,22,0.773438,0.351562,0.998079,1.00184,0.499871,0,0.99735,1.00074,0.00141018,0,0.000154506,-0.00409948,1.00074
50,22,0.789062,0.351562,0.998053,1.00181,0.500016,0,0.997286,1.00058,0.00145237,0,0.000134301,-0.00360283,1.00058
51,22,0.804688,0.351562,0.998026,1.0018,0.500146,0,0.997209,1.00043,0.00148648,0,0.000111759,-0.00303316,1.00043
52,22,0.820312,0.351562,0.997996,1.00181,0.500269,0,0.997112,1.00029,0.00151786,0,8.73053e-05,-0.0023773,1.00029
53,22,0.835938,0.351562,0.99796,1.00185,0.500386,0,0.996995,1.00017,0.00154877,0,6.12328e-05,-0.00171495,1.00017
54,22,0.851562,0.351562,0.997913,1.00191,0.500501,0,0.996851,1.00005,0.00158237,0,3.34733e-05,-0.0009484,1.00005
55,22,0.867188,0.351562,0.997853,1.00199,0.500619,0,0.996676,0.99995,0.00162179,0,4.27339e-06,-0.000135332,0.999951
56,22,0.882812,0.351562,0.997772,1.0021,0.500745,0,0.996465,0.999857,0.00166957,0,-2.57225e-05,0.000690715,0.999858
57,22,0.898438,0.351562,0.997667,1.00225,0.500882,0,0.996211,0.999773,0.00172901,0,-5.67078e-05,0.00154759,0.999775
58,22,0.914062,0.351562,0.997534,1.00243,0.501036,0,0.995909,0.999698,0.00180474,0,-8.85307e-05,0.00243223,0.9997
59,22,0.929688,0.351562,0.997371,1.00265,0.501211,0,0.995553,0.999632,0.00189909,0,-0.000120904,0.00330856,0.999634
60,22,0.945312,0.351562,0.997175,1.00292,0.50141,0,0.995142,0.999573,0.00201572,0,-0.0001543,0.00423664,0.999575
61,22,0.960938,0.351562,0.996944,1.00324,0.501639,0,0.994666,0.999521,0.0021594,0,-0.000188978,0.00524174,0.999524
62,22,0.976562,0.351562,0.996672,1.00361,0.501907,0,0.994121,0.999476,0.00233288,0,-0.000223917,0.00630505,0.999479
63,22,0.992188,0.351562,0.996355,1.00405,0.502212,0,0.993496,0.999436,0.00253749,0,-0.000259441,0.00727171,0.999439
0,23,0.0078125,0.367188,0.995765,1.00485,0.502588,0,0.992372,0.999457,0.00292448,0,-0.00031205,0.00880784,0.999462
1,23,0.0234375,0.367188,0.995351,1.00546,0.502992,0,0.991567,0.999455,0.00320585,0,-0.000348263,0.00984584,0.99946
2,23,0.0390625,0.367188,0.994899,1.00613,0.503435,0,0.990692,0.999462,0.00351832,0,-0.000383698,0.0108834,0.999468
3,23,0.0546875,0.367188,0.994418,1.00685,0.503912,0,0.989767,0.99948,0.00385723,0,-0.000417906,0.011861,0.999487
4,23,0.0703125,0.367188,0.993927,1.0076,0.504412,0,0.988821,0.999512,0.0042134,0,-0.000450286,0.0128083,0.99952
5,23,0.0859375,0.367188,0.993456,1.00835,0.504918,0,0.987906,0.99956,0.004574,0,-0.000479373,0.0135863,0.99957
6,23,0.101562,0.367188,0.993071,1.00902,0.505392,0,0.987124,0.99963,0.00491344,0,-0.000502167,0.0142039,0.999642
7,23,0.117188,0.367188,0.992799,1.00949,0.505814,0,0.98659,0.999729,0.00520156,0,-0.000517848,0.0145896,0.999742
8,23,0.132812,0.367188,0.99288,1.00973,0.506079,0,0.986506,0.999861,0.00539372,0,-0.000524963,0.0143341,0.999875
9,23,0.148438,0.367188,0.993029,1.00977,0.506302,0,0.986632,1.00003,0.00553765,0,-0.000533269,0.0147285,1.00004
10,23,0.164062,0.367188,0.993584,1.00938,0.506307,0,0.987422,1.00024,0.00552613,0,-0.000520978,0.0143366,1.00025
11,23,0.179688,0.367188,0.994595,1.00842,0.506108,0,0.988984,1.00049,0.00534078,0,-0.000490198,0.0124337,1.00051
12,23,0.195312,0.367188,0.996128,1.00689,0.505658,0,0.991366,1.00079,0.00497549,0,-0.000460856,0.0114077,1.0008
13,23,0.210938,0.367188,0.998123,1.00482,0.504988,0,0.994532,1.00113,0.00444293,0,-0.000426774,0.010224,1.00114
14,23,0.226562,0.367188,1.0004,1.0024,0.504121,0,0.998223,1.00149,0.00375925,0,-0.000395109,0.00934486,1.00149
15,23,0.242188,0.367188,1.0028,0.999834,0.503167,0,1.00215,1.00185,0.00300113,0,-0.000369024,0.00885875,1.00185
16,23,0.257812,0.367188,1.00512,0.997379,0.502182,0,1.00593,1.00219,0.00219636,0,-0.000351817,0.00880226,1.00219
17,23,0.273438,0.367188,1.00718,0.995261,0.501207,0,1.00925,1.0025,0.00137451,0,-0.000335245,0.00863765,1.0025
18,23,0.289062,0.367188,1.00878,0.993647,0.500333,0,1.01187,1.00275,0.000609847,0,-0.000327366,0.00902806,1.00275
19,23,0.304688,0.367188,1.00991,0.992661,0.499519,0,1.0137,1.00295,-0.000112744,0,-0.000307654,0.00857703,1.00295
20,23,0.320312,0.367188,1.01043,0.992233,0.498714,0,1.01456,1.0031,-0.000802916,0,-0.000268613,0.00739007,1.0031
21,23,0.335938,0.367188,1.01071,0.992385,0.497956,0,1.01494,1.00322,-0.00137968,0,-0.000231212,0.00673197,1.00322
22,23,0.351562,0.367188,1.01062,0.992685,0.497272,0,1.01478,1.00329,-0.00187117,0,-0.00018482,0.00541147,1.00329
23,23,0.367188,0.367188,1.01015,0.993505,0.496655,0,1.01401,1.00335,-0.00228181,0,-0.000129267,0.00363862,1.00335
24,23,0.382812,0.367188,1.00948,0.994501,0.496152,0,1.01293,1.0034,-0.00256311,0,-8.0888e-05,0.00254439,1.00341
25,23,0.398438,0.367188,1.00864,0.995535,0.495752,0,1.01164,1.00345,-0.00274875,0,-3.23024e-05,0.00119539,1.00346
26,23,0.414062,0.367188,1.00765,0.996565,0.495449,0,1.01011,1.0035,-0.00286247,0,8.39786e-06,0.000323598,1.00351
27,23,0.429688,0.367188,1.00658,0.997508,0.495324,0,1.00845,1.00355,-0.00293473,0,4.45201e-05,-0.00127061,1.00355
28,23,0.445312,0.367188,1.00551,0.998349,0.495333,0,1.00679,1.00359,-0.00293906,0,6.30943e-05,-0.000972039,1.00359
29,23,0.460938,0.367188,1.00445,0.999071,0.495437,0,1.00516,1.00361,-0.00287891,0,9.18098e-05,-0.00203505,1.00361
30,23,0.476562,0.367188,1.00343,0.999662,0.495649,0,1.00361,1.00361,-0.00276204,0,0.000109929,-0.00246216,1.00361
31,23,0.492188,0.367188,1.00247,1.0001,0.495907,0,1.00219,1.00359,-0.00261804,0,0.000129993,-0.00325992,1.00359
32,23,0.507812,0.367188,1.00157,1.00043,0.496228,0,1.0009,1.00355,-0.00241879,0,0.000145178,-0.00350989,1.00355
33,23,0.523438,0.367188,1.00079,1.00067,0.496564,0,0.999798,1.00348,-0.00218906,0,0.000160663,-0.00390603,1.00348
34,23,0.539062,0.367188,1.00013,1.00084,0.496891,0,0.998884,1.00337,-0.00193242,0,0.000177078,-0.00440789,1.00338
35,23,0.554688,0.367188,0.999573,1.00099,0.497202,0,0.998166,1.00324,-0.00163582,0,0.000193383,-0.00497114,1.00324
36,23,0.570312,0.367188,0.999136,1.00113,0.497473,0,0.997646,1.00309,-0.00131191,0,0.000209579,-0.00560111,1.00309
37,23,0.585938,0.367188,0.998811,1.00128,0.497707,0,0.997314,1.00292,-0.000965516,0,0.00022435,-0.00608107,1.00292
38,23,0.601562,0.367188,0.998588,1.00143,0.49791,0,0.997145,1.00273,-0.000607655,0,0.000237144,-0.00647899,1.00273
39,23,0.617188,0.367188,0.998441,1.0016,0.498092,0,0.997111,1.00253,-0.000256571,0,0.00024622,-0.00670961,1.00253
40,23,0.632812,0.367188,0.998357,1.00175,0.498257,0,0.997151,1.00233,7.75171e-05,0,0.000252425,-0.00694148,1.00233
41,23,0.648438,0.367188,0.998299,1.00187,0.498422,0,0.997225,1.00212,0.00038194,0,0.000254536,-0.00686223,1.00212
42,23,0.664062,0.367188,0.998259,1.00196,0.498593,0,0.997316,1.00192,0.000644761,0,0.000254061,-0.00683566,1.00192
43,23,0.679688,0.367188,0.998216,1.002,0.498774,0,0.997378,1.00171,0.000868195,0,0.000251673,-0.00666368,1.00171
44,23,0.695312,0.367188,0.998161,1.00199,0.498966,0,0.997402,1.00151,0.00104942,0,0.000245525,-0.00647968,1.00151
45,23,0.710938,0.367188,0.998109,1.00196,0.499158,0,0.997406,1.00131,0.00119073,0,0.000237294,-0.00634193,1.00131
46,23,0.726562,0.367188,0.998055,1.00192,0.499346,0,0.997385,1.00111,0.0013012,0,0.000225496,-0.00610491,1.00111
47,23,0.742188,0.367188,0.998005,1.00187,0.499523,0,0.997343,1.00092,0.0013874,0,0.000209634,-0.00567514,1.00092
48,23,0.757812,0.367188,0.997962,1.00182,0.499688,0,0.99729,1.00075,0.00145343,0,0.000191225,-0.00514158,1.00075
49,23,0.773438,0.367188,0.997925,1.00179,0.49984,0,0.997226,1.00058,0.00150411,0,0.000170458,-0.00459045,1.00058
50,23,0.789062,0.367188,0.99789,1.00177,0.499981,0,0.997148,1.00043,0.00154401,0,0.000147617,-0.00398894,1.00043
51,23,0.804688,0.367188,0.997858,1.00177,0.500111,0,0.997058,1.00029,0.00157674,0,0.000122024,-0.00333478,1.00029
52,23,0.820312,0.367188,0.997821,1.00179,0.500232,0,0.996946,1.00016,0.00160653,0,9.49053e-05,-0.0026118,1.00016
53,23,0.835938,0.367188,0.99778,1.00184,0.500348,0,0.996812,1.00004,0.00163678,0,6.59635e-05,-0.00182796,1.00004
54,23,0.851562,0.367188,0.99773,1.00192,0.500463,0,0.996651,0.999935,0.00167072,0,3.54256e-05,-0.00100248,0.999937
55,23,0.867188,0.367188,0.997665,1.00202,0.500582,0,0.996458,0.999844,0.00171185,0,3.60518e-06,-0.000120945,0.999845
56,23,0.882812,0.367188,0.997583,1.00215,0.500709,0,0.996228,0.999763,0.00176211,0,-2.90305e-05,0.000782337,0.999765
57,23,0.898438,0.367188,0.997475,1.00232,0.500849,0,0.995955,0.999694,0.0018254,0,-6.26686e-05,0.00172288,0.999695
58,23,0.914062,0.367188,0.997339,1.00253,0.501008,0,0.995631,0.999634,0.00190599,0,-9.68179e-05,0.00267763,0.999636
59,23,0.929688,0.367188,0.997172,1.00278,0.501189,0,0.995254,0.999584,0.00200582,0,-0.000131172,0.00364073,0.999586
60,23,0.945312,0.367188,0.996971,1.00307,0.501395,0,0.994818,0.999543,0.00212925,0,-0.000166574,0.00461694,0.999545
61,23,0.960938,0.367188,0.996733,1.00343,0.501635,0,0.994318,0.99951,0.0022808,0,-0.00020244,0.00565602,0.999513
62,23,0.976562,0.367188,0.996456,1.00383,0.501911,0,0.993747,0.999485,0.00246216,0,-0.000238662,0.00667807,0.999488
63,23,0.992188,0.367188,0.996133,1.00431,0.502228,0,0.993099,0.999468,0.00267623,0,-0.000275612,0.00776554,0.999471
0,24,0.0078125,0.382812,0.995552,1.00516,0.50261,0,0.991977,0.999538,0.00305156,0,-0.000326751,0.00921817,0.999543
1,24,0.0234375,0.382812,0.995141,1.00581,0.503023,0,0.991162,0.999566,0.0033386,0,-0.000362359,0.010261,0.999572
2,24,0.0390625,0.382812,0.994696,1.00651,0.503474,0,0.990288,0.999605,0.00365445,0,-0.000396178,0.01123,0.999612
3,24,0.0546875,0.382812,0.994227,1.00726,0.503958,0,0.989373,0.999658,0.00399402,0,-0.000428147,0.0121516,0.999666
4,24,0.0703125,0.382812,0.993756,1.00804,0.504459,0,0.988454,0.999728,0.00434704,0,-0.000457456,0.013001,0.999737
5,24,0.0859375,0.382812,0.993315,1.00879,0.504961,0,0.987585,0.999817,0.00469873,0,-0.000482365,0.0137025,0.999828
6,24,0.101562,0.382812,0.992974,1.00947,0.50542,0,0.986888,0.999931,0.00502018,0,-0.000499763,0.0141086,0.999944
7,24,0.117188,0.382812,0.99282,1.00986,0.505797,0,0.986455,1.00007,0.00528213,0,-0.000507102,0.014261,1.00009
8,24,0.132812,0.382812,0.992915,1.01011,0.50605,0,0.986515,1.00024,0.00544755,0,-0.000514752,0.0142307,1.00026
9,24,0.148438,0.382812,0.993111,1.01011,0.506231,0,0.986713,1.00045,0.00555146,0,-0.00051408,0.0141485,1.00046
10,24,0.164062,0.382812,0.993806,1.00963,0.506164,0,0.987694,1.00069,0.00549249,0,-0.000495934,0.0134927,1.00071
11,24,0.179688,0.382812,0.994892,1.00862,0.505878,0,0.989398,1.00097,0.00525657,0,-0.000468973,0.0125103,1.00099
12,24,0.195312,0.382812,0.996477,1.00701,0.505358,0,0.991897,1.00128,0.00484466,0,-0.000439701,0.011316,1.00129
13,24,0.210938,0.382812,0.998492,1.00491,0.504623,0,0.99509,1.00161,0.00427425,0,-0.000410623,0.0101913,1.00162
14,24,0.226562,0.382812,1.00075,1.00252,0.503719,0,0.998719,1.00194,0.00357293,0,-0.000388765,0.0095023,1.00195
15,24,0.242188,0.382812,1.00306,1.00003,0.502754,0,1.00249,1.00227,0.00281918,0,-0.000373519,0.00916816,1.00227
16,24,0.257812,0.382812,1.00525,0.997692,0.50179,0,1.00606,1.00257,0.00204343,0,-0.000366501,0.00926695,1.00257
17,24,0.273438,0.382812,1.00715,0.995696,0.500868,0,1.00913,1.00282,0.0012614,0,-0.00035694,0.00925473,1.00283
18,24,0.289062,0.382812,1.00864,0.994194,0.500061,0,1.01152,1.00303,0.000549978,0,-0.000347349,0.00963711,1.00303
19,24,0.304688,0.382812,1.00969,0.993218,0.49933,0,1.0132,1.00319,-0.000134561,0,-0.000320596,0.00847027,1.00319
20,24,0.320312,0.382812,1.0102,0.99274,0.498589,0,1.014,1.0033,-0.000803207,0,-0.000287446,0.00740292,1.00331
21,24,0.335938,0.382812,1.01053,0.992814,0.49794,0,1.01446,1.00339,-0.00135874,0,-0.000244998,0.00672583,1.00339
22,24,0.351562,0.382812,1.01047,0.993026,0.497361,0,1.01435,1.00346,-0.00185341,0,-0.000194482,0.00555551,1.00346
23,24,0.367188,0.382812,1.01009,0.993691,0.496828,0,1.01368,1.00352,-0.00228654,0,-0.000134353,0.00385989,1.00353
24,24,0.382812,0.382812,1.00951,0.994553,0.496415,0,1.01275,1.00358,-0.00258514,0,-7.81461e-05,0.0025332,1.00359
25,24,0.398438,0.382812,1.00878,0.995489,0.4961,0,1.01163,1.00364,-0.00279236,0,-2.27089e-05,0.00101691,1.00365
26,24,0.414062,0.382812,1.0079,0.996436,0.49589,0,1.01028,1.0037,-0.00292417,0,2.43292e-05,-0.000176915,1.00371
27,24,0.429688,0.382812,1.00693,0.997333,0.495841,0,1.0088,1.00376,-0.00301329,0,5.56591e-05,-0.00115134,1.00377
28,24,0.445312,0.382812,1.00593,0.998153,0.495874,0,1.00725,1.00381,-0.00300442,0,8.23556e-05,-0.00134955,1.00381
29,24,0.460938,0.382812,1.00494,0.998858,0.495997,0,1.00572,1.00383,-0.00293653,0,0.000111831,-0.00221549,1.00384
30,24,0.476562,0.382812,1.00393,0.999463,0.49622,0,1.00419,1.00383,-0.00280237,0,0.000132735,-0.00269905,1.00383
31,24,0.492188,0.382812,1.00297,0.999905,0.496456,0,1.00279,1.0038,-0.00264114,0,0.000150806,-0.00349037,1.0038
32,24,0.507812,0.382812,1.00205,1.00025,0.496737,0,1.00148,1.00373,-0.00241723,0,0.000168348,-0.00398175,1.00374
33,24,0.523438,0.382812,1.00122,1.0005,0.497018,0,1.00032,1.00364,-0.00216071,0,0.000185485,-0.0044537,1.00364
34,24,0.539062,0.382812,1.0005,1.00068,0.497282,0,0.999331,1.0035,-0.00187818,0,0.000203481,-0.00503547,1.0035
35,24,0.554688,0.382812,0.999896,1.00083,0.497532,0,0.99853,1.00334,-0.00155944,0,0.000221732,-0.00568837,1.00334
36,24,0.570312,0.382812,0.9994,1.00097,0.497747,0,0.997924,1.00315,-0.00122068,0,0.000239777,-0.00643435,1.00315
37,24,0.585938,0.382812,0.999012,1.00111,0.497929,0,0.997505,1.00294,-0.000865599,0,0.000255278,-0.00708705,1.00294
38,24,0.601562,0.382812,0.998727,1.00127,0.498089,0,0.997262,1.00271,-0.000503322,0,0.000268319,-0.00750766,1.00271
39,24,0.617188,0.382812,0.998534,1.00142,0.498235,0,0.99716,1.00249,-0.000150482,0,0.000278478,-0.00779526,1.00249
40,24,0.632812,0.382812,0.998399,1.00159,0.498376,0,0.997171,1.00225,0.000184638,0,0.000284884,-0.0079453,1.00225
41,24,0.648438,0.382812,0.99831,1.00172,0.498522,0,0.997225,1.00202,0.000488485,0,0.000287386,-0.00793475,1.00202
42,24,0.664062,0.382812,0.998241,1.00182,0.498673,0,0.997291,1.0018,0.000749617,0,0.000285892,-0.00791924,1.0018
43,24,0.679688,0.382812,0.998175,1.00188,0.498832,0,0.997349,1.00157,0.000968911,0,0.000281689,-0.00782976,1.00157
44,24,0.695312,0.382812,0.998094,1.00188,0.499004,0,0.997356,1.00136,0.00114845,0,0.000272878,-0.0074727,1.00136
45,24,0.710938,0.382812,0.998021,1.00186,0.499179,0,0.99735,1.00115,0.00128712,0,0.000260788,-0.00711349,1.00115
46,24,0.726562,0.382812,0.997951,1.00183,0.499353,0,0.997321,1.00095,0.00139458,0,0.000246214,-0.00666429,1.00095
47,24,0.742188,0.382812,0.997885,1.00178,0.499521,0,0.99727,1.00076,0.00147771,0,0.000229668,-0.0062319,1.00076
48,24,0.757812,0.382812,0.997825,1.00175,0.499676,0,0.997201,1.00059,0.00154018,0,0.000209855,-0.00578484,1.00059
49,24,0.773438,0.382812,0.997772,1.00172,0.499819,0,0.997119,1.00042,0.00158755,0,0.000186481,-0.00515772,1.00042
50,24,0.789062,0.382812,0.997726,1.00171,0.499951,0,0.997024,1.00027,0.00162458,0,0.000160069,-0.00441881,1.00027
51,24,0.804688,0.382812,0.997683,1.00172,0.500076,0,0.996914,1.00014,0.00165551,0,0.00013177,-0.00360736,1.00014
52,24,0.820312,0.382812,0.997639,1.00176,0.500193,0,0.996786,1.00002,0.00168313,0,0.000101902,-0.00283499,1.00002
53,24,0.835938,0.382812,0.997592,1.00183,0.500307,0,0.996634,0.999911,0.00171248,0,7.01574e-05,-0.00195986,0.999912
54,24,0.851562,0.382812,0.997536,1.00192,0.500421,0,0.996454,0.999818,0.00174682,0,3.66895e-05,-0.00103874,0.99982
55,24,0.867188,0.382812,0.997469,1.00204,0.50054,0,0.996241,0.99974,0.00178912,0,2.45598e-06,-8.74462e-05,0.999741
56,24,0.882812,0.382812,0.997384,1.0022,0.500668,0,0.995993,0.999674,0.00184164,0,-3.2799e-05,0.000897934,0.999676
57,24,0.898438,0.382812,0.997276,1.00239,0.500812,0,0.9957,0.999621,0.00190873,0,-6.87916e-05,0.00191742,0.999623
58,24,0.914062,0.382812,0.997137,1.00263,0.500976,0,0.995355,0.999579,0.00199372,0,-0.000104874,0.00291035,0.999581
59,24,0.929688,0.382812,0.996969,1.00291,0.501162,0,0.994957,0.999547,0.00209855,0,-0.000141687,0.003917,0.999549
60,24,0.945312,0.382812,0.996766,1.00324,0.501379,0,0.994501,0.999527,0.00222832,0,-0.00017849,0.00504674,0.999529
61,24,0.960938,0.382812,0.996526,1.00362,0.501629,0,0.99398,0.999516,0.00238626,0,-0.000215601,0.00607562,0.999519
62,24,0.976562,0.382812,0.996245,1.00407,0.501914,0,0.993387,0.999514,0.00257487,0,-0.000253045,0.00708441,0.999518
63,24,0.992188,0.382812,0.99592,1.00458,0.50224,0,0.992719,0.999522,0.00279678,0,-0.000290338,0.00817363,0.999525
0,25,0.0078125,0.398438,0.995362,1.00548,0.502638,0,0.991621,0.999654,0.00315448,0,-0.000339931,0.00961466,0.999659
1,25,0.0234375,0.398438,0.99496,1.00617,0.503058,0,0.990803,0.999714,0.0034444,0,-0.000374347,0.0106108,0.99972
2,25,0.0390625,0.398438,0.994526,1.0069,0.503515,0,0.989935,0.999789,0.00376037,0,-0.000406361,0.0115271,0.999796
3,25,0.0546875,0.398438,0.994073,1.00768,0.504002,0,0.989037,0.999879,0.0040968,0,-0.000435559,0.0123695,0.999888
4,25,0.0703125,0.398438,0.993624,1.00848,0.504503,0,0.98815,0.999988,0.00444264,0,-0.00046099,0.0130987,0.999998
5,25,0.0859375,0.398438,0.993218,1.00924,0.504998,0,0.98734,1.00012,0.00478172,0,-0.00048027,0.0136486,1.00013
6,25,0.101562,0.398438,0.99294,1.00989,0.50544,0,0.986733,1.00027,0.00508291,0,-0.00049272,0.0137883,1.00028
7,25,0.117188,0.398438,0.992872,1.01026,0.505794,0,0.98643,1.00045,0.0053176,0,-0.000495219,0.013989,1.00047
8,25,0.132812,0.398438,0.992991,1.01049,0.506023,0,0.986551,1.00067,0.00545753,0,-0.00049921,0.0141691,1.00068
9,25,0.148438,0.398438,0.993285,1.01039,0.506149,0,0.986917,1.0009,0.00552533,0,-0.000489558,0.0134064,1.00092
10,25,0.164062,0.398438,0.994038,1.00987,0.506025,0,0.988031,1.00117,0.0054203,0,-0.000466775,0.0124618,1.00118
11,25,0.179688,0.398438,0.995217,1.00878,0.505668,0,0.989885,1.00147,0.00514635,0,-0.000442549,0.0119883,1.00148
12,25,0.195312,0.398438,0.996859,1.00711,0.505079,0,0.992488,1.00178,0.0047053,0,-0.000416278,0.0111417,1.00179
13,25,0.210938,0.398438,0.998879,1.00499,0.504293,0,0.995688,1.0021,0.00411699,0,-0.000392391,0.010237,1.0021
14,25,0.226562,0.398438,1.00109,1.00264,0.503367,0,0.99922,1.0024,0.00341835,0,-0.000377974,0.00970056,1.00241
15,25,0.242188,0.398438,1.0033,1.00025,0.502404,0,1.0028,1.00268,0.00268518,0,-0.000370855,0.00937023,1.00269
16,25,0.257812,0.398438,1.00534,0.998037,0.501476,0,1.00612,1.00293,0.00194909,0,-0.000369638,0.00949673,1.00293
17,25,0.273438,0.398438,1.00708,0.996165,0.500584,0,1.00894,1.00312,0.00120732,0,-0.000364479,0.00917303,1.00312
18,25,0.289062,0.398438,1.00842,0.994759,0.499831,0,1.01108,1.00327,0.000546003,0,-0.000362211,0.00921361,1.00327
19,25,0.304688,0.398438,1.00938,0.993838,0.499149,0,1.01257,1.00339,-0.000110861,0,-0.000337917,0.00890809,1.00339
20,25,0.320312,0.398438,1.0099,0.993367,0.498463,0,1.01336,1.00347,-0.00075756,0,-0.00030891,0.00812867,1.00347
21,25,0.335938,0.398438,1.01024,0.993315,0.497904,0,1.01384,1.00353,-0.00131957,0,-0.000255627,0.00654588,1.00353
22,25,0.351562,0.398438,1.01022,0.993448,0.497405,0,1.01374,1.0036,-0.00183517,0,-0.000203605,0.00542208,1.0036
23,25,0.367188,0.398438,1.00995,0.99396,0.496935,0,1.01325,1.00367,-0.00229627,0,-0.000140035,0.0038306,1.00367
24,25,0.382812,0.398438,1.00949,0.994695,0.496612,0,1.01251,1.00374,-0.002619,0,-7.55931e-05,0.00241447,1.00374
25,25,0.398438,0.398438,1.00889,0.99551,0.496401,0,1.01158,1.00381,-0.00285383,0,-1.568e-05,0.000914469,1.00382
26,25,0.414062,0.398438,1.00813,0.996357,0.496306,0,1.01042,1.0039,-0.00301744,0,3.62454e-05,-0.000637619,1.0039
27,25,0.429688,0.398438,1.00728,0.997186,0.49633,0,1.00913,1.00398,-0.00310544,0,6.48126e-05,-0.000654354,1.00398
28,25,0.445312,0.398438,1.00637,0.997962,0.496417,0,1.00772,1.00404,-0.00308506,0,0.00010033,-0.00154207,1.00404
29,25,0.460938,0.398438,1.00543,0.998634,0.496587,0,1.00629,1.00407,-0.0030068,0,0.000128888,-0.00239952,1.00407
30,25,0.476562,0.398438,1.00446,0.999232,0.496823,0,1.00483,1.00407,-0.00285065,0,0.000155119,-0.00293397,1.00408
31,25,0.492188,0.398438,1.00351,0.99967,0.497062,0,1.00345,1.00403,-0.0026571,0,0.000170771,-0.00349394,1.00404
32,25,0.507812,0.398438,1.00258,1.00002,0.497317,0,1.00213,1.00395,-0.0024035,0,0.000191151,-0.00431926,1.00395
33,25,0.523438,0.398438,1.00172,1.00027,0.497554,0,1.00093,1.00383,-0.00211478,0,0.000209935,-0.00490885,1.00383
34,25,0.539062,0.398438,1.00096,1.00045,0.497764,0,0.999873,1.00367,-0.00180204,0,0.000229337,-0.00559329,1.00367
35,25,0.554688,0.398438,1.0003,1.0006,0.497956,0,0.998997,1.00347,-0.00145862,0,0.000249556,-0.00635312,1.00347
36,25,0.570312,0.398438,0.999743,1.00074,0.498117,0,0.998312,1.00324,-0.00110339,0,0.000269455,-0.00717724,1.00324
37,25,0.585938,0.398438,0.999295,1.00088,0.49825,0,0.997815,1.00299,-0.00073962,0,0.000286514,-0.00793949,1.00299
38,25,0.601562,0.398438,0.998951,1.00104,0.498363,0,0.997498,1.00272,-0.000375847,0,0.000300759,-0.00856919,1.00272
39,25,0.617188,0.398438,0.998697,1.00121,0.498463,0,0.99733,1.00246,-2.46404e-05,0,0.000311011,-0.00894104,1.00246
40,25,0.632812,0.398438,0.998518,1.00138,0.498568,0,0.997283,1.0022,0.000305344,0,0.000317562,-0.00915208,1.0022
41,25,0.648438,0.398438,0.998383,1.00153,0.498678,0,0.997302,1.00194,0.000603629,0,0.000319384,-0.00911819,1.00194
42,25,0.664062,0.398438,0.998274,1.00164,0.498803,0,0.997341,1.00169,0.000860047,0,0.000316301,-0.00889921,1.00169
43,25,0.679688,0.398438,0.998178,1.00171,0.498939,0,0.997378,1.00145,0.00107312,0,0.000310103,-0.00874437,1.00145
44,25,0.695312,0.398438,0.998076,1.00174,0.499087,0,0.997378,1.00122,0.00124704,0,0.000300272,-0.00837489,1.00122
45,25,0.710938,0.398438,0.997971,1.00173,0.499245,0,0.997353,1.001,0.00138068,0,0.000286727,-0.00795933,1.001
46,25,0.726562,0.398438,0.997871,1.00171,0.4994,0,0.997301,1.00079,0.00148254,0,0.000269434,-0.00752289,1.0008
47,25,0.742188,0.398438,0.997781,1.00168,0.499548,0,0.997228,1.0006,0.00155977,0,0.000248491,-0.0069412,1.00061
48,25,0.757812,0.398438,0.997702,1.00165,0.499687,0,0.997142,1.00043,0.00161749,0,0.000224524,-0.00620878,1.00043
49,25,0.773438,0.398438,0.997633,1.00163,0.499817,0,0.997043,1.00027,0.00166033,0,0.000199103,-0.00547847,1.00027
50,25,0.789062,0.398438,0.997573,1.00164,0.499941,0,0.996931,1.00013,0.00169404,0,0.000171344,-0.00476903,1.00013
51,25,0.804688,0.398438,0.997516,1.00167,0.500058,0,0.996799,0.999999,0.00172165,0,0.000140789,-0.00397147,1
52,25,0.820312,0.398438,0.997461,1.00172,0.500168,0,0.99665,0.999888,0.00174706,0,0.00010782,-0.00303468,0.999889
53,25,0.835938,0.398438,0.997405,1.0018,0.500277,0,0.996477,0.999793,0.00177499,0,7.32431e-05,-0.00207493,0.999794
54,25,0.851562,0.398438,0.997343,1.00191,0.500389,0,0.996276,0.999714,0.00180934,0,3.72495e-05,-0.00105853,0.999715
55,25,0.867188,0.398438,0.997273,1.00206,0.500506,0,0.996045,0.99965,0.00185189,0,8.75633e-07,-5.14814e-05,0.999652
56,25,0.882812,0.398438,0.997187,1.00224,0.500636,0,0.995776,0.999601,0.00190647,0,-3.69027e-05,0.00101766,0.999603
57,25,0.898438,0.398438,0.997077,1.00247,0.500782,0,0.995463,0.999566,0.00197703,0,-7.52308e-05,0.00209702,0.999568
58,25,0.914062,0.398438,0.99694,1.00273,0.500951,0,0.995099,0.999543,0.00206582,0,-0.000113029,0.00317002,0.999545
59,25,0.929688,0.398438,0.996773,1.00304,0.501149,0,0.994684,0.999534,0.00217531,0,-0.000151335,0.00433836,0.999536
60,25,0.945312,0.398438,0.996571,1.00341,0.501372,0,0.994208,0.999536,0.00230896,0,-0.000189342,0.00527557,0.999539
61,25,0.960938,0.398438,0.996331,1.00383,0.501628,0,0.993666,0.999548,0.00247361,0,-0.000228223,0.00638581,0.999551
62,25,0.976562,0.398438,0.996049,1.00431,0.501923,0,0.993055,0.999572,0.00266865,0,-0.000266683,0.00751114,0.999576
63,25,0.992188,0.398438,0.995726,1.00486,0.502259,0,0.992373,0.999607,0.00289555,0,-0.000303924,0.00857585,0.999611
0,26,0.0078125,0.414062,0.995206,1.00581,0.502681,0,0.991315,0.999816,0.00323025,0,-0.000350637,0.00994595,0.999822
1,26,0.0234375,0.414062,0.994815,1.00654,0.503108,0,0.990501,0.99991,0.00352044,0,-0.000382989,0.010879,0.999917
2,26,0.0390625,0.414062,0.994397,1.00731,0.50357,0,0.989647,1.00002,0.0038337,0,-0.000411927,0.0116905,1.00003
3,26,0.0546875,0.414062,0.993966,1.00811,0.504057,0,0.988778,1.00015,0.0041639,0,-0.000437185,0.0123617,1.00015
4,26,0.0703125,0.414062,0.993546,1.00892,0.504556,0,0.987933,1.00029,0.00449915,0,-0.000458831,0.0129051,1.0003
5,26,0.0859375,0.414062,0.993189,1.00968,0.505038,0,0.987179,1.00046,0.00482274,0,-0.000476529,0.0133592,1.00047
6,26,0.101562,0.414062,0.992918,1.01031,0.505463,0,0.986646,1.00065,0.00510194,0,-0.000484542,0.0137541,1.00067
7,26,0.117188,0.414062,0.992974,1.01067,0.505765,0,0.986494,1.00088,0.00530331,0,-0.000477337,0.0134903,1.00089
8,26,0.132812,0.414062,0.99315,1.01082,0.505981,0,0.986674,1.00112,0.00542734,0,-0.00047826,0.0136214,1.00114
9,26,0.148438,0.414062,0.993507,1.01068,0.506067,0,0.987191,1.00139,0.00546413,0,-0.000463015,0.0131476,1.0014
10,26,0.164062,0.414062,0.994315,1.01008,0.505886,0,0.988433,1.00167,0.00532036,0,-0.000437461,0.0117961,1.00169
11,26,0.179688,0.414062,0.995576,1.00891,0.505469,0,0.990425,1.00198,0.00501701,0,-0.00041183,0.0110875,1.00199
12,26,0.195312,0.414062,0.997264,1.00719,0.504828,0,0.99311,1.00229,0.0045609,0,-0.000388759,0.0105687,1.0023
13,26,0.210938,0.414062,0.999271,1.00507,0.504004,0,0.996295,1.00259,0.00397393,0,-0.000371023,0.0100586,1.00259
14,26,0.226562,0.414062,1.00141,1.00277,0.503065,0,0.999703,1.00286,0.00329819,0,-0.000364254,0.00985476,1.00287
15,26,0.242188,0.414062,1.0035,1.00049,0.502115,0,1.00307,1.00309,0.00260337,0,-0.000364693,0.00971715,1.0031
16,26,0.257812,0.414062,1.00539,0.998408,0.501202,0,1.00611,1.00328,0.00191453,0,-0.000369416,0.00952602,1.00328
17,26,0.273438,0.414062,1.00695,0.996685,0.500355,0,1.00864,1.00341,0.00122111,0,-0.000373063,0.00964162,1.00341
18,26,0.289062,0.414062,1.00813,0.995415,0.499641,0,1.01051,1.00351,0.000601734,0,-0.000373275,0.00960587,1.00351
19,26,0.304688,0.414062,1.00899,0.994539,0.498973,0,1.01183,1.00357,-4.17655e-05,0,-0.000346175,0.00842276,1.00357
20,26,0.320312,0.414062,1.00953,0.994061,0.498348,0,1.01261,1.00361,-0.000671898,0,-0.000320447,0.00812031,1.00361
21,26,0.335938,0.414062,1.00983,0.993885,0.497828,0,1.01304,1.00365,-0.00126693,0,-0.000261011,0.00612307,1.00366
22,26,0.351562,0.414062,1.00991,0.993975,0.497381,0,1.01302,1.00371,-0.00181012,0,-0.00020978,0.00513971,1.00371
23,26,0.367188,0.414062,1.00975,0.994344,0.496977,0,1.01275,1.00378,-0.00230809,0,-0.000143081,0.00347997,1.00378
24,26,0.382812,0.414062,1.00941,0.994926,0.496749,0,1.01219,1.00386,-0.00267033,0,-7.13048e-05,0.00187627,1.00386
25,26,0.398438,0.414062,1.00893,0.995602,0.496648,0,1.01144,1.00396,-0.00294528,0,-1.06221e-05,0.000568003,1.00396
26,26,0.414062,0.414062,1.00833,0.996342,0.496663,0,1.0105,1.00407,-0.00314172,0,4.16697e-05,-0.00077905,1.00407
27,26,0.429688,0.414062,1.00761,0.997073,0.496767,0,1.00941,1.00417,-0.00321923,0,7.74442e-05,-0.000571227,1.00418
28,26,0.445312,0.414062,1.00679,0.997779,0.496943,0,1.00817,1.00425,-0.00319162,0,0.00011644,-0.001711,1.00426
29,26,0.460938,0.414062,1.00592,0.998408,0.497175,0,1.00686,1.0043,-0.003093,0,0.000144589,-0.00233637,1.00431
30,26,0.476562,0.414062,1.005,0.998967,0.497437,0,1.0055,1.00432,-0.00291214,0,0.000174622,-0.00320416,1.00432
31,26,0.492188,0.414062,1.00408,0.999397,0.497707,0,1.00416,1.00428,-0.00267192,0,0.000190086,-0.00337077,1.00428
32,26,0.507812,0.414062,1.00316,0.999733,0.497949,0,1.00284,1.00419,-0.00238127,0,0.000211343,-0.00437414,1.00419
33,26,0.523438,0.414062,1.00229,0.999977,0.49816,0,1.00162,1.00404,-0.00205316,0,0.000232939,-0.00515337,1.00405
34,26,0.539062,0.414062,1.00149,1.00016,0.49833,0,1.00051,1.00385,-0.00170509,0,0.000254098,-0.00599244,1.00386
35,26,0.554688,0.414062,1.00078,1.00031,0.498475,0,0.999576,1.00362,-0.00133429,0,0.000276154,-0.00690524,1.00362
36,26,0.570312,0.414062,1.00017,1.00045,0.498589,0,0.998822,1.00336,-0.000961,0,0.000297723,-0.00783079,1.00336
37,26,0.585938,0.414062,0.99967,1.00059,0.498677,0,0.998256,1.00307,-0.0005877,0,0.000316296,-0.00865086,1.00307
38,26,0.601562,0.414062,0.999269,1.00076,0.498744,0,0.997869,1.00277,-0.000222859,0,0.000331294,-0.00939699,1.00277
39,26,0.617188,0.414062,0.998959,1.00094,0.498804,0,0.997639,1.00247,0.000123434,0,0.000342284,-0.00987931,1.00247
40,26,0.632812,0.414062,0.998727,1.00112,0.498866,0,0.997532,1.00217,0.000444754,0,0.000349379,-0.0101803,1.00217
41,26,0.648438,0.414062,0.998545,1.00128,0.498935,0,0.997503,1.00188,0.000732364,0,0.000351081,-0.0103086,1.00188
42,26,0.664062,0.414062,0.998389,1.00142,0.499019,0,0.997501,1.0016,0.000979328,0,0.000347119,-0.0100874,1.0016
43,26,0.679688,0.414062,0.998245,1.00151,0.499119,0,0.997499,1.00134,0.00118262,0,0.000338716,-0.00978522,1.00134
44,26,0.695312,0.414062,0.998107,1.00156,0.499234,0,0.997481,1.00109,0.00134615,0,0.000326306,-0.00938981,1.0011
45,26,0.710938,0.414062,0.997969,1.00157,0.499358,0,0.997422,1.00087,0.00147141,0,0.000310086,-0.00879239,1.00087
46,26,0.726562,0.414062,0.997837,1.00156,0.499488,0,0.997343,1.00066,0.00156592,0,0.000290416,-0.00817327,1.00066
47,26,0.742188,0.414062,0.997715,1.00154,0.499617,0,0.997247,1.00046,0.001636,0,0.000267524,-0.00752307,1.00046
48,26,0.757812,0.414062,0.997605,1.00153,0.499741,0,0.997135,1.00029,0.00168656,0,0.000241644,-0.00681633,1.00029
49,26,0.773438,0.414062,0.997513,1.00153,0.499854,0,0.997012,1.00013,0.00172267,0,0.000212033,-0.00603369,1.00013
50,26,0.789062,0.414062,0.997431,1.00155,0.499961,0,0.996875,0.999993,0.00175093,0,0.000179778,-0.00506815,0.999995
51,26,0.804688,0.414062,0.99736,1.00159,0.500064,0,0.996723,0.999877,0.00177439,0,0.000145901,-0.00407093,0.999878
52,26,0.820312,0.414062,0.997293,1.00166,0.500166,0,0.996552,0.999779,0.00179679,0,0.000110876,-0.00310218,0.99978
53,26,0.835938,0.414062,0.997227,1.00177,0.50027,0,0.996359,0.999698,0.00182304,0,7.42453e-05,-0.00210364,0.999699
54,26,0.851562,0.414062,0.997158,1.0019,0.500379,0,0.996136,0.999634,0.00185654,0,3.62987e-05,-0.00105498,0.999636
55,26,0.867188,0.414062,0.997085,1.00208,0.500493,0,0.995885,0.999588,0.0018987,0,-1.89253e-06,3.5132e-05,0.99959
56,26,0.882812,0.414062,0.996998,1.00229,0.500622,0,0.995598,0.999558,0.00195533,0,-4.14894e-05,0.00119561,0.999559
57,26,0.898438,0.414062,0.99689,1.00254,0.500774,0,0.995261,0.999542,0.00202892,0,-8.07568e-05,0.0023129,0.999544
58,26,0.914062,0.414062,0.996757,1.00283,0.50095,0,0.994882,0.999541,0.00211902,0,-0.00012028,0.00337159,0.999544
59,26,0.929688,0.414062,0.996593,1.00318,0.501148,0,0.994445,0.999554,0.00223214,0,-0.000160276,0.00443464,0.999556
60,26,0.945312,0.414062,0.996392,1.00358,0.501378,0,0.993949,0.999579,0.00237159,0,-0.000201009,0.00564564,0.999582
61,26,0.960938,0.414062,0.996153,1.00404,0.501644,0,0.993389,0.999618,0.00254046,0,-0.000240423,0.00675379,0.999621
62,26,0.976562,0.414062,0.995877,1.00456,0.501949,0,0.992765,0.999671,0.00273911,0,-0.000278789,0.00788012,0.999674
63,26,0.992188,0.414062,0.995561,1.00516,0.502294,0,0.992073,0.999737,0.0029692,0,-0.000315672,0.00894308,0.999741
0,27,0.0078125,0.429688,0.995094,1.00614,0.502753,0,0.991093,1.00001,0.00327661,0,-0.000357823,0.010105,1.00002
1,27,0.0234375,0.429688,0.994716,1.00689,0.503184,0,0.990284,1.00014,0.00356405,0,-0.000389185,0.0109859,1.00015
2,27,0.0390625,0.429688,0.994313,1.0077,0.503647,0,0.989442,1.00029,0.00387161,0,-0.000417526,0.0118194,1.0003
3,27,0.0546875,0.429688,0.993903,1.00853,0.50413,0,0.988593,1.00046,0.00419301,0,-0.000440984,0.0126107,1.00047
4,27,0.0703125,0.429688,0.993515,1.00937,0.504617,0,0.987784,1.00065,0.0045162,0,-0.000457044,0.0131317,1.00066
5,27,0.0859375,0.429688,0.993195,1.01013,0.505088,0,0.987098,1.00085,0.00482378,0,-0.000464687,0.0133398,1.00086
6,27,0.101562,0.429688,0.992983,1.01068,0.505504,0,0.986646,1.00108,0.00507703,0,-0.000465511,0.0129968,1.00109
7,27,0.117188,0.429688,0.99308,1.01108,0.505753,0,0.986658,1.00134,0.00524786,0,-0.000460776,0.0127621,1.00135
8,27,0.132812,0.429688,0.993343,1.01115,0.505949,0,0.986882,1.00161,0.00535627,0,-0.000457581,0.0129821,1.00162
9,27,0.148438,0.429688,0.99378,1.01095,0.505964,0,0.987531,1.0019,0.00536519,0,-0.000427362,0.0123413,1.00192
10,27,0.164062,0.429688,0.994643,1.01026,0.505745,0,0.988893,1.0022,0.00520062,0,-0.000407652,0.01157,1.00222
11,27,0.179688,0.429688,0.995961,1.00901,0.505283,0,0.990991,1.0025,0.00487765,0,-0.000380478,0.0103849,1.00252
12,27,0.195312,0.429688,0.997677,1.00726,0.504601,0,0.993729,1.0028,0.00441875,0,-0.000358686,0.00987772,1.00281
13,27,0.210938,0.429688,0.999649,1.00515,0.503752,0,0.996877,1.00307,0.00384955,0,-0.000344872,0.00962043,1.00308
14,27,0.226562,0.429688,1.0017,1.00292,0.502812,0,1.00015,1.00331,0.00321462,0,-0.000344133,0.00966666,1.00331
15,27,0.242188,0.429688,1.00365,1.00075,0.501884,0,1.00327,1.00349,0.00257541,0,-0.000353537,0.00974938,1.00349
16,27,0.257812,0.429688,1.00536,0.998829,0.501008,0,1.00602,1.00361,0.00194275,0,-0.000364722,0.00982141,1.00362
17,27,0.273438,0.429688,1.00675,0.997255,0.500175,0,1.00825,1.00369,0.0012948,0,-0.000371673,0.00956786,1.00369
18,27,0.289062,0.429688,1.00779,0.99611,0.499491,0,1.00986,1.00372,0.000717986,0,-0.000375835,0.00953237,1.00372
19,27,0.304688,0.429688,1.00854,0.995295,0.498822,0,1.011,1.00373,7.99117e-05,0,-0.000352261,0.00826467,1.00373
20,27,0.320312,0.429688,1.00907,0.994809,0.498237,0,1.01173,1.00373,-0.000551029,0,-0.000324778,0.00778715,1.00373
21,27,0.335938,0.429688,1.00937,0.994534,0.497713,0,1.01213,1.00375,-0.00119515,0,-0.000264122,0.00566297,1.00375
22,27,0.351562,0.429688,1.0095,0.994609,0.497316,0,1.01223,1.00378,-0.00177185,0,-0.000213732,0.00480556,1.00379
23,27,0.367188,0.429688,1.00947,0.994808,0.496969,0,1.01213,1.00385,-0.00232001,0,-0.000147031,0.00329837,1.00385
24,27,0.382812,0.429688,1.00928,0.99523,0.496834,0,1.01177,1.00394,-0.00274465,0,-6.64375e-05,0.00125667,1.00395
25,27,0.398438,0.429688,1.00893,0.99578,0.496835,0,1.01123,1.00406,-0.00306737,0,-8.84985e-06,1.95416e-05,1.00407
26,27,0.414062,0.429688,1.00846,0.996389,0.496929,0,1.0105,1.0042,-0.00328899,0,4.6508e-05,-0.000888566,1.0042
27,27,0.429688,0.429688,1.00787,0.997012,0.497149,0,1.00961,1.00433,-0.00336926,0,8.86515e-05,-0.000905632,1.00434
28,27,0.445312,0.429688,1.00718,0.997625,0.497423,0,1.00856,1.00445,-0.00333011,0,0.00012787,-0.00168186,1.00445
29,27,0.460938,0.429688,1.0064,0.998191,0.497736,0,1.0074,1.00452,-0.00320279,0,0.000158284,-0.00220825,1.00453
30,27,0.476562,0.429688,1.00554,0.99869,0.498046,0,1.00616,1.00455,-0.00298982,0,0.000189061,-0.00319571,1.00455
31,27,0.492188,0.429688,1.00465,0.999111,0.498358,0,1.00486,1.00452,-0.00269604,0,0.000210551,-0.00336287,1.00452
32,27,0.507812,0.429688,1.00377,0.999411,0.49861,0,1.0036,1.00443,-0.00235487,0,0.000230686,-0.00432201,1.00443
33,27,0.523438,0.429688,1.0029,0.999639,0.498814,0,1.00237,1.00427,-0.0019806,0,0.000255726,-0.00535372,1.00427
34,27,0.539062,0.429688,1.00208,0.999816,0.498966,0,1.00124,1.00406,-0.00159131,0,0.000278077,-0.0062577,1.00406
35,27,0.554688,0.429688,1.00134,0.999959,0.499081,0,1.00026,1.0038,-0.00118957,0,0.000301495,-0.00731436,1.0038
36,27,0.570312,0.429688,1.00069,1.0001,0.49916,0,0.999456,1.0035,-0.00079649,0,0.000324258,-0.00836866,1.00351
37,27,0.585938,0.429688,1.00014,1.00024,0.499211,0,0.998832,1.00319,-0.000412655,0,0.000343859,-0.00923975,1.00319
38,27,0.601562,0.429688,0.99969,1.00041,0.499241,0,0.998385,1.00285,-4.57623e-05,0,0.00036024,-0.0100562,1.00285
39,27,0.617188,0.429688,0.999328,1.0006,0.499258,0,0.998093,1.00251,0.000294,0,0.000371988,-0.0107193,1.00251
40,27,0.632812,0.429688,0.999043,1.0008,0.499279,0,0.997929,1.00218,0.000603516,0,0.000378165,-0.0110498,1.00218
41,27,0.648438,0.429688,0.998811,1.00099,0.499308,0,0.997846,1.00186,0.000878026,0,0.000379389,-0.0111212,1.00186
42,27,0.664062,0.429688,0.998607,1.00114,0.499346,0,0.997799,1.00156,0.0011107,0,0.000375185,-0.0110798,1.00156
43,27,0.679688,0.429688,0.998415,1.00126,0.499402,0,0.997753,1.00127,0.00130035,0,0.000365558,-0.0107729,1.00127
44,27,0.695312,0.429688,0.998226,1.00133,0.499475,0,0.997689,1.00101,0.00145036,0,0.000351421,-0.0103255,1.00101
45,27,0.710938,0.429688,0.998039,1.00137,0.499558,0,0.9976,1.00076,0.00156267,0,0.000333011,-0.00976208,1.00076
46,27,0.726562,0.429688,0.99786,1.00138,0.49965,0,0.997481,1.00054,0.00164599,0,0.00031047,-0.00901061,1.00054
47,27,0.742188,0.429688,0.9977,1.00138,0.499746,0,0.997346,1.00034,0.00170567,0,0.000284396,-0.00821175,1.00035
48,27,0.757812,0.429688,0.997554,1.00138,0.499841,0,0.9972,1.00017,0.00174658,0,0.000255261,-0.00733604,1.00017
49,27,0.773438,0.429688,0.997427,1.0014,0.499936,0,0.997046,1.00002,0.0017751,0,0.000222985,-0.00635628,1.00002
50,27,0.789062,0.429688,0.997317,1.00144,0.50003,0,0.996883,0.999888,0.00179621,0,0.000188778,-0.00538957,0.999889
51,27,0.804688,0.429688,0.997222,1.0015,0.500121,0,0.996705,0.99978,0.00181394,0,0.000152464,-0.00436335,0.999782
52,27,0.820312,0.429688,0.997137,1.0016,0.50021,0,0.996509,0.999693,0.00183191,0,0.000114289,-0.00328901,0.999695
53,27,0.835938,0.429688,0.997058,1.00173,0.500302,0,0.99629,0.999627,0.00185559,0,7.50409e-05,-0.00214749,0.999629
54,27,0.851562,0.429688,0.996983,1.00189,0.500404,0,0.996047,0.99958,0.00188759,0,3.54686e-05,-0.00102492,0.999582
55,27,0.867188,0.429688,0.996907,1.00208,0.500517,0,0.995778,0.999552,0.00192867,0,-4.78977e-06,0.000114563,0.999554
56,27,0.882812,0.429688,0.996819,1.00232,0.500651,0,0.995468,0.99954,0.00198706,0,-4.60846e-05,0.00126931,0.999542
57,27,0.898438,0.429688,0.996716,1.0026,0.500803,0,0.995118,0.999545,0.00206022,0,-8.64159e-05,0.00233064,0.999547
58,27,0.914062,0.429688,0.996589,1.00293,0.500976,0,0.994718,0.999566,0.00215315,0,-0.000128293,0.00353144,0.999569
59,27,0.929688,0.429688,0.99643,1.00331,0.501179,0,0.994263,0.999603,0.00226937,0,-0.000170228,0.00474368,0.999606
60,27,0.945312,0.429688,0.996237,1.00375,0.501418,0,0.993752,0.999656,0.00241199,0,-0.000211149,0.00595714,0.999659
61,27,0.960938,0.429688,0.996009,1.00425,0.501693,0,0.993183,0.999724,0.00258322,0,-0.000250325,0.00709059,0.999727
62,27,0.976562,0.429688,0.995742,1.00481,0.502006,0,0.992549,0.999806,0.00278415,0,-0.000287942,0.0081499,0.99981
63,27,0.992188,0.429688,0.995437,1.00544,0.50236,0,0.991851,0.999903,0.00301579,0,-0.000323952,0.00916004,0.999907
0,28,0.0078125,0.445312,0.995034,1.00648,0.502861,0,0.990945,1.00029,0.00329203,0,-0.000362912,0.0103056,1.00029
1,28,0.0234375,0.445312,0.994674,1.00728,0.503293,0,0.990144,1.00045,0.0035745,0,-0.000390773,0.0110949,1.00046
2,28,0.0390625,0.445312,0.994292,1.00811,0.503754,0,0.989321,1.00063,0.00387404,0,-0.000413585,0.0117096,1.00064
3,28,0.0546875,0.445312,0.993902,1.00896,0.504235,0,0.988504,1.00083,0.00418484,0,-0.000431818,0.0121411,1.00084
4,28,0.0703125,0.445312,0.993532,1.0098,0.504719,0,0.987738,1.00105,0.00449383,0,-0.000445449,0.0125257,1.00106
5,28,0.0859375,0.445312,0.993256,1.01056,0.505164,0,0.987122,1.00129,0.00478097,0,-0.00045097,0.0127315,1.0013
6,28,0.101562,0.445312,0.993131,1.01107,0.505529,0,0.986746,1.00155,0.00501164,0,-0.000447393,0.0127404,1.00157
7,28,0.117188,0.445312,0.993257,1.01144,0.50576,0,0.986855,1.00183,0.00516077,0,-0.000441035,0.0123174,1.00185
8,28,0.132812,0.445312,0.993556,1.01146,0.505907,0,0.987172,1.00213,0.00525744,0,-0.000432387,0.0124394,1.00214
9,28,0.148438,0.445312,0.994076,1.01121,0.505853,0,0.987937,1.00243,0.0052261,0,-0.000388604,0.0106184,1.00244
10,28,0.164062,0.445312,0.995005,1.01042,0.505601,0,0.989403,1.00274,0.00506277,0,-0.000374746,0.0111286,1.00275
11,28,0.179688,0.445312,0.996363,1.0091,0.505097,0,0.991565,1.00304,0.00473459,0,-0.000347689,0.00984128,1.00305
12,28,0.195312,0.445312,0.998087,1.00731,0.504388,0,0.994325,1.00332,0.0042867,0,-0.000326895,0.00926185,1.00332
13,28,0.210938,0.445312,1,1.00524,0.503529,0,0.99741,1.00356,0.00374894,0,-0.000316311,0.0090943,1.00357
14,28,0.226562,0.445312,1.00194,1.00309,0.5026,0,1.00052,1.00375,0.00317107,0,-0.00032135,0.00949964,1.00376
15,28,0.242188,0.445312,1.00373,1.00105,0.501704,0,1.0034,1.00388,0.00259929,0,-0.00033351,0.00964471,1.00388
16,28,0.257812,0.445312,1.00527,0.999273,0.500849,0,1.00586,1.00394,0.00202828,0,-0.0003516,0.00964298,1.00394
17,28,0.273438,0.445312,1.0065,0.997859,0.50004,0,1.00779,1.00395,0.0014331,0,-0.000362493,0.00942871,1.00395
18,28,0.289062,0.445312,1.00739,0.996833,0.499375,0,1.00915,1.00392,0.000895421,0,-0.000370451,0.0092925,1.00392
19,28,0.304688,0.445312,1.00805,0.996086,0.4987,0,1.01012,1.00387,0.000254309,0,-0.000351632,0.00794828,1.00387
20,28,0.320312,0.445312,1.00854,0.995611,0.498126,0,1.01077,1.00383,-0.00039468,0,-0.000322126,0.00719924,1.00383
21,28,0.335938,0.445312,1.00886,0.995285,0.497582,0,1.01117,1.00381,-0.00109616,0,-0.0002676,0.00515588,1.00381
22,28,0.351562,0.445312,1.00905,0.995277,0.497234,0,1.01139,1.00382,-0.00172,0,-0.000212514,0.00425391,1.00382
23,28,0.367188,0.445312,1.00914,0.995353,0.496909,0,1.0114,1.00388,-0.00233281,0,-0.000147388,0.00286598,1.00388
24,28,0.382812,0.445312,1.00904,0.995626,0.49686,0,1.01123,1.00398,-0.00284393,0,-6.90419e-05,0.000154349,1.00398
25,28,0.398438,0.445312,1.00885,0.996018,0.496933,0,1.01093,1.00413,-0.00320436,0,-1.03438e-05,0.000509112,1.00413
26,28,0.414062,0.445312,1.0085,0.996494,0.49714,0,1.0104,1.00428,-0.00346668,0,5.17973e-05,-0.00126788,1.00429
27,28,0.429688,0.445312,1.00805,0.997007,0.497452,0,1.00971,1.00445,-0.00355892,0,9.65189e-05,-0.00147614,1.00446
28,28,0.445312,0.445312,1.0075,0.997507,0.49783,0,1.00886,1.0046,-0.00350429,0,0.000138552,-0.00181437,1.0046
29,28,0.460938,0.445312,1.00683,0.99799,0.498241,0,1.00787,1.0047,-0.00334242,0,0.0001724,-0.00221191,1.00471
30,28,0.476562,0.445312,1.00606,0.998408,0.498629,0,1.00677,1.00475,-0.00308759,0,0.000201147,-0.00316404,1.00475
31,28,0.492188,0.445312,1.00521,0.9988,0.498984,0,1.00555,1.00474,-0.00273796,0,0.00023013,-0.0035424,1.00474
32,28,0.507812,0.445312,1.00438,0.999054,0.49928,0,1.00436,1.00465,-0.00232988,0,0.000248561,-0.00407972,1.00465
33,28,0.523438,0.445312,1.00353,0.999256,0.499494,0,1.00317,1.00449,-0.00190497,0,0.000276149,-0.00539054,1.00449
34,28,0.539062,0.445312,1.00272,0.999419,0.49965,0,1.00204,1.00426,-0.00146779,0,0.000300047,-0.00635428,1.00427
35,28,0.554688,0.445312,1.00197,0.999552,0.499757,0,1.00105,1.00399,-0.00103048,0,0.000325072,-0.00754039,1.00399
36,28,0.570312,0.445312,1.00129,0.999685,0.499819,0,1.00021,1.00367,-0.000614892,0,0.000348691,-0.00874296,1.00367
37,28,0.585938,0.445312,1.00071,0.999836,0.499844,0,0.999538,1.00332,-0.000218563,0,0.000369314,-0.00971156,1.00332
38,28,0.601562,0.445312,1.00022,1.00001,0.499844,0,0.99904,1.00296,0.000151507,0,0.000386625,-0.0105605,1.00296
39,28,0.617188,0.445312,0.999809,1.00021,0.49983,0,0.998697,1.00259,0.000484293,0,0.000398676,-0.0112893,1.00259
40,28,0.632812,0.445312,0.999474,1.00043,0.49981,0,0.998476,1.00223,0.00078099,0,0.000404873,-0.011779,1.00223
41,28,0.648438,0.445312,0.999191,1.00063,0.499795,0,0.99834,1.00189,0.00103911,0,0.000404914,-0.0119315,1.00189
42,28,0.664062,0.445312,0.998936,1.00082,0.499793,0,0.998243,1.00156,0.00125528,0,0.000398996,-0.0117423,1.00156
43,28,0.679688,0.445312,0.998691,1.00096,0.499803,0,0.998149,1.00125,0.00142807,0,0.00038839,-0.011468,1.00125
44,28,0.695312,0.445312,0.998449,1.00106,0.499829,0,0.998037,1.00097,0.00156115,0,0.000372608,-0.0110582,1.00097
45,28,0.710938,0.445312,0.998211,1.00112,0.499867,0,0.997904,1.00071,0.00165733,0,0.000352335,-0.0104629,1.00071
46,28,0.726562,0.445312,0.997977,1.00116,0.499916,0,0.997744,1.00048,0.00172546,0,0.000327741,-0.00971864,1.00048
47,28,0.742188,0.445312,0.997758,1.00118,0.499974,0,0.997568,1.00027,0.00177138,0,0.000299299,-0.00883287,1.00028
48,28,0.757812,0.445312,0.997564,1.00121,0.500035,0,0.99738,1.0001,0.00179959,0,0.000267361,-0.00789081,1.0001
49,28,0.773438,0.445312,0.997395,1.00125,0.500099,0,0.997184,0.999949,0.00181706,0,0.000232425,-0.00683301,0.99995
50,28,0.789062,0.445312,0.997247,1.00131,0.500166,0,0.996983,0.999827,0.00182869,0,0.000195187,-0.00570772,0.999829
51,28,0.804688,0.445312,0.997123,1.0014,0.500239,0,0.996773,0.999731,0.00183926,0,0.00015641,-0.00452214,0.999733
52,28,0.820312,0.445312,0.997017,1.00152,0.500318,0,0.996551,0.999658,0.00185267,0,0.000116189,-0.00333087,0.99966
53,28,0.835938,0.445312,0.996921,1.00167,0.500406,0,0.996307,0.999607,0.0018727,0,7.44889e-05,-0.00217405,0.999609
54,28,0.851562,0.445312,0.996834,1.00186,0.500503,0,0.996041,0.999579,0.00190079,0,3.36201e-05,-0.000973245,0.999581
55,28,0.867188,0.445312,0.996755,1.00208,0.500607,0,0.995751,0.999569,0.00194107,0,-9.64607e-06,0.000156259,0.999571
56,28,0.882812,0.445312,0.996667,1.00236,0.500737,0,0.995415,0.999579,0.00199928,0,-5.25579e-05,0.00143819,0.999581
57,28,0.898438,0.445312,0.99657,1.00268,0.500884,0,0.995046,0.999609,0.00207205,0,-9.55949e-05,0.00265932,0.999611
58,28,0.914062,0.445312,0.996452,1.00304,0.50106,0,0.994629,0.999657,0.00216596,0,-0.000138046,0.00390927,0.999659
59,28,0.929688,0.445312,0.996304,1.00346,0.501268,0,0.994161,0.999722,0.00228381,0,-0.000179505,0.00508888,0.999725
60,28,0.945312,0.445312,0.996123,1.00393,0.50151,0,0.993636,0.999803,0.0024279,0,-0.000219754,0.00620173,0.999806
61,28,0.960938,0.445312,0.995907,1.00447,0.50179,0,0.993053,0.9999,0.0026005,0,-0.000258763,0.0073031,0.999903
62,28,0.976562,0.445312,0.995654,1.00507,0.502107,0,0.992408,1.00001,0.0028023,0,-0.000296008,0.00837255,1.00002
63,28,0.992188,0.445312,0.995362,1.00575,0.502464,0,0.991704,1.00014,0.0030336,0,-0.000331019,0.0093866,1.00015
0,29,0.0078125,0.460938,0.995034,1.00682,0.503042,0,0.990912,1.00061,0.00327562,0,-0.000362871,0.0102442,1.00062
1,29,0.0234375,0.460938,0.994689,1.00764,0.503472,0,0.99012,1.00081,0.00355137,0,-0.00038844,0.0109738,1.00081
2,29,0.0390625,0.460938,0.994324,1.0085,0.503924,0,0.989311,1.00102,0.00384175,0,-0.00040944,0.0115851,1.00103
3,29,0.0546875,0.460938,0.993959,1.00938,0.504385,0,0.988514,1.00125,0.0041402,0,-0.000424666,0.01203,1.00126
4,29,0.0703125,0.460938,0.993624,1.01022,0.504836,0,0.987779,1.00151,0.00443344,0,-0.00043261,0.0122474,1.00152
5,29,0.0859375,0.460938,0.993383,1.01097,0.505245,0,0.987222,1.00178,0.00470097,0,-0.000432201,0.0121544,1.00179
6,29,0.101562,0.460938,0.99333,1.01145,0.505561,0,0.986941,1.00206,0.00491176,0,-0.000424571,0.0120043,1.00208
7,29,0.117188,0.460938,0.993486,1.01177,0.505765,0,0.98712,1.00236,0.00504558,0,-0.000414267,0.0116703,1.00237
8,29,0.132812,0.460938,0.993787,1.01175,0.505864,0,0.987487,1.00267,0.00513371,0,-0.000400792,0.011771,1.00268
9,29,0.148438,0.460938,0.994378,1.01144,0.505734,0,0.988379,1.00298,0.00506351,0,-0.000356528,0.00943869,1.00299
10,29,0.164062,0.460938,0.995367,1.01056,0.50544,0,0.989939,1.00329,0.00491116,0,-0.000337843,0.0100586,1.0033
11,29,0.179688,0.460938,0.996757,1.00917,0.504897,0,0.992138,1.00357,0.00459212,0,-0.000312486,0.00917415,1.00358
12,29,0.195312,0.460938,0.998478,1.00736,0.504173,0,0.994885,1.00383,0.00416968,0,-0.000293561,0.00866742,1.00383
13,29,0.210938,0.460938,1.00033,1.00532,0.503314,0,0.997877,1.00403,0.00367611,0,-0.000284634,0.00850602,1.00404
14,29,0.226562,0.460938,1.00214,1.00327,0.50241,0,1.00081,1.00417,0.0031676,0,-0.000294726,0.00893401,1.00418
15,29,0.242188,0.460938,1.00378,1.00136,0.501535,0,1.00344,1.00425,0.00266688,0,-0.000309397,0.00919345,1.00425
16,29,0.257812,0.460938,1.00515,0.999743,0.500718,0,1.00562,1.00426,0.00217461,0,-0.000331209,0.00970022,1.00426
17,29,0.273438,0.460938,1.00621,0.998478,0.499938,0,1.00727,1.0042,0.00163232,0,-0.000345833,0.00919475,1.0042
18,29,0.289062,0.460938,1.00695,0.99758,0.499296,0,1.00838,1.0041,0.00113108,0,-0.000357396,0.00899102,1.00411
19,29,0.304688,0.460938,1.00752,0.996907,0.498611,0,1.00919,1.004,0.000481402,0,-0.000344302,0.00762923,1.004
20,29,0.320312,0.460938,1.00796,0.996445,0.498024,0,1.00975,1.0039,-0.000200499,0,-0.000315584,0.0064869,1.0039
21,29,0.335938,0.460938,1.00831,0.996128,0.497472,0,1.01016,1.00384,-0.000961183,0,-0.000270385,0.00480564,1.00384
22,29,0.351562,0.460938,1.00854,0.995955,0.497127,0,1.01042,1.00384,-0.00165509,0,-0.000210451,0.00357752,1.00384
23,29,0.367188,0.460938,1.00872,0.995982,0.496832,0,1.01059,1.00388,-0.00234358,0,-0.000144717,0.00187532,1.00388
24,29,0.382812,0.460938,1.00875,0.996092,0.496828,0,1.0106,1.00398,-0.00294626,0,-7.17478e-05,-8.77952e-05,1.00398
25,29,0.398438,0.460938,1.00866,0.99634,0.496946,0,1.01048,1.00413,-0.00336501,0,-4.08537e-06,-0.000729541,1.00413
26,29,0.414062,0.460938,1.00847,0.996659,0.497252,0,1.01019,1.00431,-0.00367116,0,5.53462e-05,-0.00148847,1.00431
27,29,0.429688,0.460938,1.00815,0.997044,0.497655,0,1.00969,1.0045,-0.00378039,0,0.000103191,-0.00193409,1.00451
28,29,0.445312,0.460938,1.00773,0.997436,0.498146,0,1.00904,1.00468,-0.00371669,0,0.000146899,-0.00212986,1.00468
29,29,0.460938,0.460938,1.00719,0.997816,0.498663,0,1.00823,1.00482,-0.00351853,0,0.000182826,-0.00224496,1.00482
30,29,0.476562,0.460938,1.00652,0.99815,0.499148,0,1.00729,1.0049,-0.00320895,0,0.000211198,-0.00272938,1.0049
31,29,0.492188,0.460938,1.00576,0.998467,0.499557,0,1.0062,1.0049,-0.00280336,0,0.000245443,-0.0037136,1.00491
32,29,0.507812,0.460938,1.00497,0.998681,0.499924,0,1.0051,1.00483,-0.00231817,0,0.000266137,-0.00391389,1.00483
33,29,0.523438,0.460938,1.00418,0.998839,0.500171,0,1.00398,1.00468,-0.00183514,0,0.000294922,-0.00532554,1.00468
34,29,0.539062,0.460938,1.00338,0.998982,0.500356,0,1.00288,1.00445,-0.00134323,0,0.000321187,-0.00643448,1.00445
35,29,0.554688,0.460938,1.00264,0.999099,0.500476,0,1.0019,1.00417,-0.000865606,0,0.000347319,-0.00770592,1.00417
36,29,0.570312,0.460938,1.00196,0.999224,0.500541,0,1.00105,1.00384,-0.000422416,0,0.000370942,-0.00890729,1.00384
37,29,0.585938,0.460938,1.00136,0.999374,0.500556,0,1.00035,1.00347,-1.12542e-05,0,0.000393379,-0.0100604,1.00347
38,29,0.601562,0.460938,1.00084,0.999556,0.500542,0,0.999821,1.00309,0.000361051,0,0.000409918,-0.0109713,1.00309
39,29,0.617188,0.460938,1.0004,0.999769,0.500505,0,0.999437,1.0027,0.000688929,0,0.000421364,-0.0116859,1.0027
40,29,0.632812,0.460938,1.00002,1,0.500455,0,0.999172,1.00232,0.00097345,0,0.000427437,-0.0121986,1.00232
41,29,0.648438,0.460938,0.999684,1.00023,0.500402,0,0.998984,1.00195,0.00121431,0,0.000427515,-0.0124755,1.00195
42,29,0.664062,0.460938,0.999377,1.00044,0.500355,0,0.998836,1.0016,0.00141109,0,0.000420673,-0.0124506,1.0016
43,29,0.679688,0.460938,0.999079,1.00061,0.500321,0,0.998694,1.00128,0.00156378,0,0.000407682,-0.0121028,1.00128
44,29,0.695312,0.460938,0.998781,1.00074,0.500302,0,0.998534,1.00098,0.00167799,0,0.00038942,-0.0115434,1.00098
45,29,0.710938,0.460938,0.998486,1.00083,0.500296,0,0.998353,1.00071,0.00175511,0,0.00036731,-0.0108956,1.00071
46,29,0.726562,0.460938,0.998195,1.0009,0.500303,0,0.998147,1.00047,0.00180498,0,0.000340555,-0.0101455,1.00047
47,29,0.742188,0.460938,0.997918,1.00095,0.50032,0,0.997925,1.00026,0.00183359,0,0.000310122,-0.00926748,1.00027
48,29,0.757812,0.460938,0.997662,1.00101,0.500344,0,0.997692,1.00009,0.00184666,0,0.000275803,-0.00822517,1.00009
49,29,0.773438,0.460938,0.997435,1.00107,0.500375,0,0.997454,0.999944,0.00185049,0,0.000239057,-0.00716793,0.999946
50,29,0.789062,0.460938,0.997244,1.00116,0.500412,0,0.997212,0.999827,0.00185068,0,0.000200458,-0.00604368,0.999829
51,29,0.804688,0.460938,0.99708,1.00127,0.500456,0,0.996963,0.999739,0.00185197,0,0.000159284,-0.00487766,0.99974
52,29,0.820312,0.460938,0.996939,1.00142,0.500509,0,0.996699,0.999677,0.0018582,0,0.000116063,-0.00355285,0.999679
53,29,0.835938,0.460938,0.99682,1.00161,0.500576,0,0.996421,0.999643,0.0018727,0,7.28826e-05,-0.00223625,0.999644
54,29,0.851562,0.460938,0.996723,1.00182,0.500652,0,0.99613,0.999631,0.00189574,0,2.92725e-05,-0.00104606,0.999633
55,29,0.867188,0.460938,0.996635,1.00208,0.500758,0,0.995809,0.999644,0.001935,0,-1.57771e-05,0.00040319,0.999645
56,29,0.882812,0.460938,0.996552,1.00239,0.500883,0,0.995458,0.999678,0.00198941,0,-5.87178e-05,0.00156912,0.99968
57,29,0.898438,0.460938,0.996464,1.00274,0.501035,0,0.995072,0.999733,0.00206185,0,-0.000102522,0.00289531,0.999736
58,29,0.914062,0.460938,0.996357,1.00314,0.501216,0,0.994641,0.999808,0.00215594,0,-0.000145183,0.00412253,0.99981
59,29,0.929688,0.460938,0.996224,1.0036,0.50143,0,0.99416,0.9999,0.00227442,0,-0.000186755,0.00531132,0.999903
60,29,0.945312,0.460938,0.996058,1.00411,0.501676,0,0.993622,1.00001,0.00241906,0,-0.000226698,0.00643209,1.00001
61,29,0.960938,0.460938,0.995859,1.00469,0.50196,0,0.993028,1.00014,0.00259183,0,-0.000264713,0.0075013,1.00014
62,29,0.976562,0.460938,0.995623,1.00533,0.502283,0,0.992376,1.00028,0.00279272,0,-0.000300382,0.00849982,1.00028
63,29,0.992188,0.460938,0.995347,1.00604,0.502644,0,0.991669,1.00044,0.00302161,0,-0.000333293,0.00941975,1.00044
0,30,0.0078125,0.476562,0.995088,1.00714,0.503253,0,0.990965,1.001,0.00322744,0,-0.000360754,0.010228,1.00101
1,30,0.0234375,0.476562,0.994763,1.008,0.503671,0,0.990177,1.00123,0.00349513,0,-0.000383266,0.0108557,1.00123
2,30,0.0390625,0.476562,0.994419,1.00889,0.504105,0,0.989378,1.00147,0.00377539,0,-0.000400866,0.0113396,1.00148
3,30,0.0546875,0.476562,0.994075,1.00978,0.504542,0,0.988602,1.00173,0.00406136,0,-0.000412281,0.0116439,1.00174
4,30,0.0703125,0.476562,0.993765,1.01063,0.504961,0,0.987901,1.00201,0.00433961,0,-0.000416299,0.0117325,1.00202
5,30,0.0859375,0.476562,0.993539,1.01136,0.505325,0,0.987401,1.0023,0.00458893,0,-0.000410644,0.0115618,1.00231
6,30,0.101562,0.476562,0.993567,1.01182,0.505593,0,0.987201,1.0026,0.00478476,0,-0.000399689,0.0113123,1.00262
7,30,0.117188,0.476562,0.993747,1.01206,0.505762,0,0.987431,1.00291,0.00490365,0,-0.000386497,0.0106635,1.00292
8,30,0.132812,0.476562,0.994025,1.01202,0.505784,0,0.98781,1.00323,0.00498662,0,-0.000359472,0.0107544,1.00324
9,30,0.148438,0.476562,0.994686,1.01163,0.505596,0,0.988818,1.00354,0.00489583,0,-0.000327654,0.00906201,1.00355
10,30,0.164062,0.476562,0.995725,1.01069,0.505257,0,0.990469,1.00383,0.00475301,0,-0.000299989,0.00870407,1.00384
11,30,0.179688,0.476562,0.997124,1.00925,0.504674,0,0.992692,1.0041,0.00445491,0,-0.000275576,0.00826347,1.00411
12,30,0.195312,0.476562,0.998825,1.00742,0.503937,0,0.995399,1.00432,0.00407102,0,-0.000258564,0.00797362,1.00433
13,30,0.210938,0.476562,1.00061,1.00543,0.503087,0,0.998269,1.00449,0.00363365,0,-0.000251314,0.00796723,1.00449
14,30,0.226562,0.476562,1.0023,1.00346,0.502227,0,1.00101,1.00458,0.00320281,0,-0.000263561,0.00834165,1.00459
15,30,0.242188,0.476562,1.00377,1.00171,0.501386,0,1.00338,1.0046,0.00278161,0,-0.000280404,0.00873211,1.00461
16,30,0.257812,0.476562,1.00497,1.00023,0.500612,0,1.0053,1.00455,0.00236818,0,-0.000305272,0.00908778,1.00456
17,30,0.273438,0.476562,1.00586,0.99913,0.499866,0,1.00668,1.00444,0.00188433,0,-0.000324542,0.00901651,1.00444
18,30,0.289062,0.476562,1.00648,0.998349,0.499248,0,1.00758,1.00429,0.00141817,0,-0.000337176,0.00865773,1.00429
19,30,0.304688,0.476562,1.00696,0.997748,0.498563,0,1.00823,1.00412,0.000759352,0,-0.000329633,0.00723605,1.00413
20,30,0.320312,0.476562,1.00735,0.997312,0.497959,0,1.0087,1.00398,3.80515e-05,0,-0.000305421,0.00592972,1.00398
21,30,0.335938,0.476562,1.0077,0.99698,0.497398,0,1.00911,1.00387,-0.000789298,0,-0.000265379,0.00430964,1.00387
22,30,0.351562,0.476562,1.008,0.996741,0.497031,0,1.00944,1.00383,-0.00156777,0,-0.000212411,0.00274654,1.00383
23,30,0.367188,0.476562,1.00822,0.996624,0.49675,0,1.0097,1.00386,-0.00234639,0,-0.00014464,0.00151145,1.00386
24,30,0.382812,0.476562,1.00838,0.996637,0.496768,0,1.00989,1.00394,-0.00304008,0,-7.14968e-05,-0.000417852,1.00395
25,30,0.398438,0.476562,1.00842,0.99672,0.496923,0,1.00996,1.00409,-0.00353672,0,-2.07942e-06,-0.0015967,1.0041
26,30,0.414062,0.476562,1.00835,0.9969,0.497298,0,1.00985,1.00428,-0.00389415,0,5.86563e-05,-0.00210424,1.00429
27,30,0.429688,0.476562,1.00816,0.997135,0.497787,0,1.00956,1.00449,-0.00402953,0,0.000115161,-0.00284139,1.00449
28,30,0.445312,0.476562,1.00787,0.997405,0.498328,0,1.00909,1.00468,-0.00396285,0,0.000157936,-0.00314253,1.00469
29,30,0.460938,0.476562,1.00744,0.997673,0.498948,0,1.00846,1.00485,-0.00373053,0,0.000196041,-0.00296788,1.00485
30,30,0.476562,0.476562,1.0069,0.997914,0.49954,0,1.00768,1.00496,-0.00336101,0,0.000224208,-0.00276104,1.00496
31,30,0.492188,0.476562,1.00625,0.99813,0.500038,0,1.00676,1.00499,-0.00289578,0,0.00025736,-0.00373278,1.005
32,30,0.507812,0.476562,1.00553,0.998305,0.500495,0,1.00575,1.00495,-0.00233227,0,0.000283199,-0.00380136,1.00495
33,30,0.523438,0.476562,1.00481,0.998399,0.50081,0,1.00476,1.00481,-0.00178045,0,0.000311134,-0.00498216,1.00481
34,30,0.539062,0.476562,1.00405,0.998516,0.501047,0,1.00373,1.0046,-0.00122852,0,0.000339189,-0.00626275,1.0046
35,30,0.554688,0.476562,1.00334,0.99861,0.501204,0,1.00279,1.00432,-0.000705376,0,0.000366718,-0.00765025,1.00432
36,30,0.570312,0.476562,1.00268,0.998721,0.501292,0,1.00195,1.00399,-0.000227998,0,0.000391046,-0.00885985,1.00399
37,30,0.585938,0.476562,1.00208,0.998865,0.501323,0,1.00125,1.00362,0.000198117,0,0.000414623,-0.0103562,1.00362
38,30,0.601562,0.476562,1.00155,0.999051,0.501307,0,1.00071,1.00323,0.00057656,0,0.000430392,-0.0112122,1.00323
39,30,0.617188,0.476562,1.00108,0.999274,0.501261,0,1.00029,1.00283,0.000900915,0,0.000441614,-0.0119444,1.00283
40,30,0.632812,0.476562,1.00066,0.99952,0.501193,0,0.999996,1.00243,0.00117418,0,0.000446397,-0.0124746,1.00243
41,30,0.648438,0.476562,1.00029,0.999771,0.501115,0,0.999769,1.00205,0.00139824,0,0.000445081,-0.0127603,1.00205
42,30,0.664062,0.476562,0.999931,1,0.501034,0,0.999578,1.00169,0.00157493,0,0.000437288,-0.0127599,1.00169
43,30,0.679688,0.476562,0.99958,1.00021,0.500958,0,0.999388,1.00135,0.00170591,0,0.000423267,-0.0125116,1.00135
44,30,0.695312,0.476562,0.999226,1.00037,0.500895,0,0.999182,1.00104,0.00179853,0,0.000403577,-0.0120095,1.00104
45,30,0.710938,0.476562,0.998872,1.0005,0.500842,0,0.998952,1.00076,0.00185367,0,0.000379255,-0.0113738,1.00076
46,30,0.726562,0.476562,0.998519,1.0006,0.500804,0,0.998699,1.00052,0.00188307,0,0.000349933,-0.0104866,1.00052
47,30,0.742188,0.476562,0.998177,1.00069,0.50078,0,0.99843,1.00031,0.00189157,0,0.00031639,-0.00955671,1.00032
48,30,0.757812,0.476562,0.997858,1.00077,0.500764,0,0.998149,1.00014,0.00188737,0,0.000279994,-0.00848298,1.00014
49,30,0.773438,0.476562,0.997569,1.00087,0.500757,0,0.997864,1,0.00187655,0,0.000241173,-0.00731325,1
50,30,0.789062,0.476562,0.997315,1.00099,0.500762,0,0.997576,0.999892,0.00186343,0,0.000200004,-0.00612253,0.999894
51,30,0.804688,0.476562,0.9971,1.00113,0.500778,0,0.997282,0.999815,0.00185363,0,0.000157101,-0.00480644,0.999817
52,30,0.820312,0.476562,0.996919,1.00131,0.500808,0,0.996981,0.999767,0.0018503,0,0.000113341,-0.00358872,0.999769
53,30,0.835938,0.476562,0.996772,1.00153,0.500852,0,0.99667,0.999748,0.00185695,0,6.94746e-05,-0.00222965,0.99975
54,30,0.851562,0.476562,0.996656,1.00177,0.500917,0,0.996349,0.999754,0.00187491,0,2.36802e-05,-0.000917531,0.999756
55,30,0.867188,0.476562,0.996559,1.00207,0.501008,0,0.995995,0.999786,0.00190912,0,-2.03902e-05,0.000382365,0.999788
56,30,0.882812,0.476562,0.996481,1.00241,0.501121,0,0.99562,0.999842,0.00195912,0,-6.42743e-05,0.00164059,0.999844
57,30,0.898438,0.476562,0.9964,1.0028,0.501264,0,0.99521,0.99992,0.00202946,0,-0.000107999,0.00293504,0.999923
58,30,0.914062,0.476562,0.996305,1.00324,0.501439,0,0.994757,1.00002,0.00212224,0,-0.00015065,0.0041836,1.00002
59,30,0.929688,0.476562,0.996187,1.00373,0.501649,0,0.994257,1.00014,0.0022402,0,-0.000191989,0.00539197,1.00014
60,30,0.945312,0.476562,0.99604,1.00428,0.501896,0,0.993706,1.00027,0.00238427,0,-0.000231369,0.00653016,1.00028
61,30,0.960938,0.476562,0.995859,1.0049,0.50218,0,0.993099,1.00043,0.00255579,0,-0.000268349,0.0075902,1.00043
62,30,0.976562,0.476562,0.99564,1.00559,0.502502,0,0.992436,1.0006,0.00275431,0,-0.000302654,0.00857211,1.00061
63,30,0.992188,0.476562,0.995382,1.00633,0.502862,0,0.991723,1.00079,0.00297928,0,-0.00033366,0.00945915,1.0008
0,31,0.0078125,0.492188,0.995197,1.00746,0.503507,0,0.991115,1.00144,0.0031483,0,-0.000355311,0.0100147,1.00145
1,31,0.0234375,0.492188,0.994889,1.00834,0.503902,0,0.990326,1.0017,0.00340718,0,-0.000374797,0.0105811,1.0017
2,31,0.0390625,0.492188,0.994561,1.00925,0.504308,0,0.989532,1.00197,0.00367747,0,-0.000388768,0.0109759,1.00197
3,31,0.0546875,0.492188,0.994231,1.01015,0.504708,0,0.988769,1.00225,0.00395195,0,-0.000396245,0.0111884,1.00226
4,31,0.0703125,0.492188,0.99394,1.011,0.505081,0,0.988092,1.00255,0.00421711,0,-0.00039565,0.0111625,1.00256
5,31,0.0859375,0.492188,0.993747,1.01171,0.505395,0,0.98764,1.00285,0.00445101,0,-0.000385531,0.0108393,1.00286
6,31,0.101562,0.492188,0.993803,1.01215,0.505611,0,0.987487,1.00317,0.00463484,0,-0.000373168,0.0103902,1.00318
7,31,0.117188,0.492188,0.994018,1.01231,0.505718,0,0.987773,1.00348,0.00475167,0,-0.000357867,0.0105056,1.00349
8,31,0.132812,0.492188,0.994271,1.01226,0.505671,0,0.988134,1.00379,0.00481231,0,-0.000314467,0.00848094,1.0038
9,31,0.148438,0.492188,0.995007,1.01179,0.505423,0,0.989243,1.00409,0.0047309,0,-0.000296368,0.00866772,1.0041
10,31,0.164062,0.492188,0.996069,1.01079,0.505033,0,0.990946,1.00436,0.00459823,0,-0.000261887,0.00763354,1.00437
11,31,0.179688,0.492188,0.997452,1.00933,0.504418,0,0.993179,1.0046,0.00432924,0,-0.000237637,0.00731479,1.00461
12,31,0.195312,0.492188,0.999108,1.00749,0.503671,0,0.995831,1.00479,0.00399317,0,-0.000221723,0.00713406,1.0048
13,31,0.210938,0.492188,1.00081,1.00554,0.502836,0,0.998562,1.00492,0.00361956,0,-0.000217482,0.00711456,1.00492
14,31,0.226562,0.492188,1.00238,1.00369,0.502026,0,1.00108,1.00497,0.00327345,0,-0.000230836,0.00788678,1.00498
15,31,0.242188,0.492188,1.00372,1.00206,0.501228,0,1.00325,1.00495,0.00293338,0,-0.000248712,0.00809424,1.00495
16,31,0.257812,0.492188,1.00475,1.00076,0.500517,0,1.0049,1.00485,0.00260304,0,-0.000275494,0.00872943,1.00485
17,31,0.273438,0.492188,1.00549,0.99981,0.499816,0,1.00603,1.00469,0.0021786,0,-0.000298047,0.00864748,1.00469
18,31,0.289062,0.492188,1.00599,0.999143,0.499234,0,1.00675,1.00449,0.0017472,0,-0.000312376,0.00834007,1.00449
19,31,0.304688,0.492188,1.00638,0.998627,0.498565,0,1.00726,1.00428,0.00108303,0,-0.000311823,0.00722894,1.00428
20,31,0.320312,0.492188,1.00673,0.998216,0.497955,0,1.00766,1.00408,0.000320618,0,-0.000291986,0.00565665,1.00408
21,31,0.335938,0.492188,1.00707,0.997858,0.497374,0,1.00805,1.00393,-0.000576345,0,-0.000255223,0.00387464,1.00393
22,31,0.351562,0.492188,1.00739,0.997583,0.496995,0,1.00841,1.00384,-0.00144596,0,-0.000203139,0.0019472,1.00384
23,31,0.367188,0.492188,1.00769,0.997344,0.496673,0,1.00879,1.00383,-0.00232886,0,-0.000141406,0.000168994,1.00383
24,31,0.382812,0.492188,1.00792,0.997217,0.4967,0,1.00908,1.00389,-0.00311941,0,-6.96455e-05,-0.00107775,1.00389
25,31,0.398438,0.492188,1.00809,0.997162,0.496877,0,1.00932,1.00402,-0.00370396,0,-1.81536e-06,-0.00221595,1.00403
26,31,0.414062,0.492188,1.00815,0.997189,0.497288,0,1.0094,1.0042,-0.00412207,0,5.97843e-05,-0.00295502,1.00421
27,31,0.429688,0.492188,1.00808,0.997274,0.497838,0,1.0093,1.00441,-0.00429646,0,0.000123534,-0.00366941,1.00442
28,31,0.445312,0.492188,1.0079,0.997407,0.498452,0,1.00901,1.00462,-0.00422589,0,0.000164132,-0.00337129,1.00463
29,31,0.460938,0.492188,1.0076,0.997567,0.499127,0,1.00854,1.0048,-0.00397185,0,0.000207298,-0.00394157,1.00481
30,31,0.476562,0.492188,1.00718,0.997699,0.499805,0,1.00794,1.00493,-0.0035448,0,0.000243121,-0.00355303,1.00494
31,31,0.492188,0.492188,1.00664,0.99782,0.500393,0,1.00717,1.00498,-0.00301714,0,0.00027499,-0.0042849,1.00499
32,31,0.507812,0.492188,1.00602,0.997946,0.50093,0,1.0063,1.00496,-0.00238102,0,0.000305189,-0.00471606,1.00496
33,31,0.523438,0.492188,1.00539,0.997962,0.501337,0,1.00545,1.00485,-0.00175339,0,0.000327979,-0.00515022,1.00485
34,31,0.539062,0.492188,1.0047,0.998029,0.501652,0,1.00451,1.00467,-0.00113715,0,0.000355631,-0.00596213,1.00467
35,31,0.554688,0.492188,1.00404,0.998092,0.501882,0,1.00364,1.00441,-0.00056275,0,0.0003849,-0.00730787,1.00441
36,31,0.570312,0.492188,1.00341,0.998185,0.502029,0,1.00286,1.0041,-4.66278e-05,0,0.000409471,-0.00861482,1.0041
37,31,0.585938,0.492188,1.00284,0.998319,0.502101,0,1.0022,1.00374,0.000400756,0,0.00043105,-0.0100739,1.00374
38,31,0.601562,0.492188,1.00231,0.998505,0.502104,0,1.00166,1.00335,0.000788759,0,0.000448448,-0.0112067,1.00335
39,31,0.617188,0.492188,1.00184,0.998736,0.502068,0,1.00124,1.00295,0.00111055,0,0.000457993,-0.0120531,1.00295
40,31,0.632812,0.492188,1.0014,0.998997,0.501997,0,1.00092,1.00255,0.00137479,0,0.000461974,-0.012605,1.00255
41,31,0.648438,0.492188,1.00099,0.999268,0.501906,0,1.00067,1.00217,0.00158321,0,0.000458892,-0.0128779,1.00217
42,31,0.664062,0.492188,1.00059,0.999528,0.501803,0,1.00044,1.0018,0.00173989,0,0.000448943,-0.012871,1.0018
43,31,0.679688,0.492188,1.00019,0.999763,0.501698,0,1.00022,1.00146,0.00184877,0,0.000433007,-0.0126063,1.00146
44,31,0.695312,0.492188,0.999789,0.999964,0.501598,0,0.999972,1.00115,0.00191893,0,0.000411668,-0.0120919,1.00115
45,31,0.710938,0.492188,0.999376,1.00013,0.501507,0,0.999699,1.00087,0.00195053,0,0.00038573,-0.0114639,1.00088
46,31,0.726562,0.492188,0.998958,1.00026,0.501432,0,0.999401,1.00064,0.00195618,0,0.000353437,-0.0106557,1.00064
47,31,0.742188,0.492188,0.99855,1.00039,0.501365,0,0.999087,1.00043,0.00194495,0,0.000317643,-0.00958478,1.00043
48,31,0.757812,0.492188,0.998161,1.00051,0.501309,0,0.998759,1.00026,0.00192189,0,0.000279556,-0.00850595,1.00027
49,31,0.773438,0.492188,0.997803,1.00064,0.501267,0,0.998427,1.00013,0.0018938,0,0.000238815,-0.0073249,1.00013
50,31,0.789062,0.492188,0.997484,1.0008,0.501238,0,0.998092,1.00004,0.00186565,0,0.000196283,-0.00606245,1.00004
51,31,0.804688,0.492188,0.997204,1.00097,0.501224,0,0.997755,0.999971,0.00184353,0,0.000152157,-0.00477696,0.999973
52,31,0.820312,0.492188,0.996968,1.00119,0.501229,0,0.997412,0.999938,0.0018295,0,0.000107941,-0.00344264,0.99994
53,31,0.835938,0.492188,0.996785,1.00143,0.501248,0,0.997071,0.999934,0.00182579,0,6.33398e-05,-0.00225914,0.999936
54,31,0.851562,0.492188,0.996644,1.00172,0.501298,0,0.996706,0.99996,0.00183819,0,1.7106e-05,-0.00072889,0.999961
55,31,0.867188,0.492188,0.996543,1.00205,0.501368,0,0.996327,1.00001,0.0018648,0,-2.68908e-05,0.000456691,1.00001
56,31,0.882812,0.492188,0.996463,1.00242,0.501468,0,0.995922,1.00009,0.00191015,0,-7.09594e-05,0.00177271,1.00009
57,31,0.898438,0.492188,0.996388,1.00285,0.5016,0,0.995483,1.00019,0.00197684,0,-0.000114001,0.00302805,1.00019
58,31,0.914062,0.492188,0.996304,1.00332,0.501764,0,0.995005,1.00031,0.00206696,0,-0.000155738,0.00424407,1.00031
59,31,0.929688,0.492188,0.996201,1.00386,0.501965,0,0.994482,1.00045,0.00218305,0,-0.000195826,0.00541472,1.00045
60,31,0.945312,0.492188,0.996072,1.00445,0.502202,0,0.99391,1.00061,0.00232509,0,-0.00023372,0.00651165,1.00061
61,31,0.960938,0.492188,0.995911,1.00511,0.502476,0,0.993285,1.00079,0.00249364,0,-0.000269111,0.00752731,1.00079
62,31,0.976562,0.492188,0.995712,1.00583,0.502788,0,0.992606,1.00099,0.00268802,0,-0.000301696,0.00846082,1.00099
63,31,0.992188,0.492188,0.995474,1.00662,0.503133,0,0.99188,1.00121,0.00290733,0,-0.000330652,0.00929391,1.00121
0,32,0.0078125,0.507812,0.995357,1.00774,0.50379,0,0.99135,1.00194,0.00304182,0,-0.000346756,0.00968927,1.00195
1,32,0.0234375,0.507812,0.995059,1.00865,0.504149,0,0.990549,1.00222,0.003292,0,-0.000362894,0.010158,1.00222
2,32,0.0390625,0.507812,0.99474,1.00958,0.504512,0,0.989752,1.00251,0.00355283,0,-0.000372618,0.0104968,1.00251
3,32,0.0546875,0.507812,0.994423,1.0105,0.504866,0,0.988993,1.00281,0.00381749,0,-0.000375939,0.010571,1.00281
4,32,0.0703125,0.507812,0.994151,1.01135,0.505186,0,0.988336,1.00311,0.00407212,0,-0.000370922,0.0104532,1.00312
5,32,0.0859375,0.507812,0.993968,1.01202,0.505432,0,0.987881,1.00342,0.00429525,0,-0.000357647,0.00989139,1.00343
6,32,0.101562,0.507812,0.994037,1.01242,0.505589,0,0.987789,1.00373,0.00446921,0,-0.000342217,0.00930359,1.00374
7,32,0.117188,0.507812,0.994255,1.01254,0.50561,0,0.988055,1.00404,0.00459215,0,-0.000318328,0.00943115,1.00405
8,32,0.132812,0.507812,0.994533,1.01246,0.505504,0,0.988461,1.00434,0.00463058,0,-0.000279148,0.0074007,1.00435
9,32,0.148438,0.507812,0.995301,1.01192,0.505205,0,0.989619,1.00462,0.00457155,0,-0.00026124,0.00765622,1.00463
10,32,0.164062,0.507812,0.996374,1.01088,0.504758,0,0.991343,1.00487,0.00444973,0,-0.000223652,0.00654572,1.00488
11,32,0.179688,0.507812,0.99773,1.00939,0.504116,0,0.993565,1.00508,0.00421833,0,-0.000199335,0.00642784,1.00509
12,32,0.195312,0.507812,0.999322,1.00757,0.503365,0,0.996146,1.00523,0.00393736,0,-0.000184133,0.00629241,1.00524
13,32,0.210938,0.507812,1.00093,1.00567,0.502574,0,0.998745,1.00532,0.00363221,0,-0.000182842,0.00636882,1.00533
14,32,0.226562,0.507812,1.00237,1.00397,0.501803,0,1.00105,1.00534,0.00336971,0,-0.000196325,0.00715842,1.00534
15,32,0.242188,0.507812,1.00359,1.00246,0.501072,0,1.003,1.00527,0.00311495,0,-0.00021617,0.00751889,1.00528
16,32,0.257812,0.507812,1.00448,1.00132,0.500428,0,1.00441,1.00514,0.0028651,0,-0.000241088,0.00808631,1.00514
17,32,0.273438,0.507812,1.00507,1.00052,0.499786,0,1.00532,1.00494,0.00250388,0,-0.000266866,0.00822062,1.00494
18,32,0.289062,0.507812,1.00547,0.999963,0.49925,0,1.00588,1.0047,0.00210619,0,-0.000280384,0.00783591,1.00471
19,32,0.304688,0.507812,1.00578,0.999531,0.498608,0,1.00626,1.00445,0.00144445,0,-0.000285992,0.0069239,1.00445
20,32,0.320312,0.507812,1.00609,0.999141,0.498,0,1.0066,1.00421,0.000644216,0,-0.000272737,0.0052965,1.00421
21,32,0.335938,0.507812,1.00642,0.998767,0.497407,0,1.00698,1.00401,-0.00032043,0,-0.000244396,0.0036658,1.00401
22,32,0.351562,0.507812,1.00676,0.998434,0.497002,0,1.00737,1.00388,-0.00128506,0,-0.000197178,0.00168788,1.00388
23,32,0.367188,0.507812,1.00711,0.998109,0.496656,0,1.00782,1.00382,-0.00226888,0,-0.000136786,9.35982e-05,1.00382
24,32,0.382812,0.507812,1.00742,0.99785,0.496652,0,1.00823,1.00384,-0.0031734,0,-7.05391e-05,-0.00213083,1.00384
25,32,0.398438,0.507812,1.00768,0.997646,0.496818,0,1.00859,1.00394,-0.00385142,0,2.32421e-09,-0.00321885,1.00394
26,32,0.414062,0.507812,1.00785,0.997533,0.497241,0,1.00884,1.00409,-0.00433588,0,6.35934e-05,-0.00376501,1.0041
27,32,0.429688,0.507812,1.00791,0.997449,0.49782,0,1.00892,1.00428,-0.00456565,0,0.000136219,-0.00523656,1.00429
28,32,0.445312,0.507812,1.00785,0.997447,0.498484,0,1.00881,1.00448,-0.00449622,0,0.000174892,-0.00438149,1.00449
29,32,0.460938,0.507812,1.00765,0.997474,0.499207,0,1.00851,1.00466,-0.00422627,0,0.000216641,-0.00458825,1.00467
30,32,0.476562,0.507812,1.00736,0.997511,0.499946,0,1.00805,1.0048,-0.0037581,0,0.000255517,-0.00454303,1.00481
31,32,0.492188,0.507812,1.00693,0.997521,0.500625,0,1.00746,1.00488,-0.0031638,0,0.000287776,-0.00444828,1.00489
32,32,0.507812,0.507812,1.0064,0.997574,0.501243,0,1.0067,1.00488,-0.00246114,0,0.000324947,-0.00509331,1.00489
33,32,0.523438,0.507812,1.00587,0.997537,0.501753,0,1.00598,1.0048,-0.00175812,0,0.000352132,-0.00562458,1.0048
34,32,0.539062,0.507812,1.00527,0.997551,0.502155,0,1.00519,1.00463,-0.00107961,0,0.00038062,-0.00691883,1.00463
35,32,0.554688,0.507812,1.00468,0.997576,0.502453,0,1.00443,1.0044,-0.00045323,0,0.000407386,-0.00786065,1.0044
36,32,0.570312,0.507812,1.00412,0.99764,0.502667,0,1.00372,1.00411,0.000105519,0,0.000428731,-0.00880026,1.00411
37,32,0.585938,0.507812,1.00359,0.997755,0.502802,0,1.00311,1.00378,0.000582679,0,0.000446291,-0.00965549,1.00378
38,32,0.601562,0.507812,1.00309,0.997934,0.502868,0,1.00261,1.00342,0.000981396,0,0.000462017,-0.010938,1.00342
39,32,0.617188,0.507812,1.00263,0.998168,0.502866,0,1.00221,1.00304,0.00130785,0,0.000471269,-0.0116174,1.00304
40,32,0.632812,0.507812,1.0022,0.998443,0.50282,0,1.00189,1.00266,0.00156401,0,0.000472023,-0.0122961,1.00266
41,32,0.648438,0.507812,1.00177,0.998734,0.502733,0,1.00163,1.00228,0.00175854,0,0.000467111,-0.0126607,1.00228
42,32,0.664062,0.507812,1.00135,0.99902,0.502624,0,1.0014,1.00193,0.00189683,0,0.000455242,-0.012704,1.00193
43,32,0.679688,0.507812,1.00091,0.99929,0.502502,0,1.00115,1.0016,0.00198475,0,0.000437564,-0.0124432,1.0016
44,32,0.695312,0.507812,1.00046,0.999525,0.502378,0,1.00087,1.0013,0.00203203,0,0.000415224,-0.0119913,1.0013
45,32,0.710938,0.507812,0.999991,0.999727,0.502263,0,1.00056,1.00103,0.0020378,0,0.000385447,-0.0113646,1.00103
46,32,0.726562,0.507812,0.999512,0.999906,0.502153,0,1.00023,1.0008,0.00202272,0,0.00035119,-0.0103907,1.0008
47,32,0.742188,0.507812,0.999035,1.00007,0.502053,0,0.999875,1.00061,0.00199035,0,0.000314412,-0.00943863,1.00061
48,32,0.757812,0.507812,0.998572,1.00023,0.501963,0,0.999507,1.00045,0.00194729,0,0.000274587,-0.00835095,1.00046
49,32,0.773438,0.507812,0.998138,1.0004,0.501887,0,0.99913,1.00033,0.00190099,0,0.000232437,-0.00717598,1.00034
50,32,0.789062,0.507812,0.997743,1.00059,0.501825,0,0.998751,1.00025,0.00185692,0,0.000188714,-0.00590145,1.00025
51,32,0.804688,0.507812,0.99739,1.0008,0.501784,0,0.99837,1.0002,0.00182113,0,0.000143826,-0.00460406,1.0002
52,32,0.820312,0.507812,0.997092,1.00105,0.501756,0,0.997989,1.00018,0.00179535,0,9.96898e-05,-0.00324889,1.00019
53,32,0.835938,0.507812,0.996856,1.00132,0.50176,0,0.997604,1.0002,0.00178145,0,5.33699e-05,-0.00198514,1.0002
54,32,0.851562,0.507812,0.996682,1.00165,0.501781,0,0.997204,1.00024,0.00178451,0,9.47135e-06,-0.000691567,1.00024
55,32,0.867188,0.507812,0.996567,1.00201,0.501832,0,0.99679,1.00031,0.00180408,0,-3.53918e-05,0.000673291,1.00031
56,32,0.882812,0.507812,0.996486,1.00242,0.501914,0,0.996351,1.00041,0.0018435,0,-7.86735e-05,0.00189608,1.00041
57,32,0.898438,0.507812,0.996417,1.00288,0.502027,0,0.995879,1.00053,0.0019055,0,-0.000120797,0.00312439,1.00053
58,32,0.914062,0.507812,0.996346,1.0034,0.502176,0,0.995371,1.00067,0.00199195,0,-0.000161303,0.00431178,1.00067
59,32,0.929688,0.507812,0.996262,1.00397,0.50236,0,0.994823,1.00083,0.00210474,0,-0.000199843,0.00544645,1.00084
60,32,0.945312,0.507812,0.996155,1.0046,0.50258,0,0.994226,1.00102,0.00224298,0,-0.000235981,0.00650815,1.00102
61,32,0.960938,0.507812,0.996015,1.0053,0.502836,0,0.993578,1.00122,0.00240693,0,-0.000269334,0.00748269,1.00122
62,32,0.976562,0.507812,0.995838,1.00606,0.503125,0,0.992878,1.00144,0.00259588,0,-0.000299472,0.00835887,1.00145
63,32,0.992188,0.507812,0.995618,1.00687,0.503445,0,0.992132,1.00169,0.00280854,0,-0.00032543,0.00909245,1.00169
0,33,0.0078125,0.523438,0.995553,1.008,0.50408,0,0.991657,1.00248,0.00291309,0,-0.000335227,0.00937668,1.00249
1,33,0.0234375,0.523438,0.995264,1.00893,0.504395,0,0.990834,1.00277,0.00315525,0,-0.000346986,0.00964939,1.00278
2,33,0.0390625,0.523438,0.994954,1.00987,0.504705,0,0.99002,1.00307,0.00340784,0,-0.00035309,0.00981442,1.00307
3,33,0.0546875,0.523438,0.99464,1.01079,0.504993,0,0.989244,1.00337,0.00366599,0,-0.000350954,0.0098076,1.00338
4,33,0.0703125,0.523438,0.994351,1.01162,0.505236,0,0.988546,1.00368,0.00391477,0,-0.000343072,0.00929163,1.00368
5,33,0.0859375,0.523438,0.994169,1.01226,0.505405,0,0.988094,1.00398,0.00412859,0,-0.000329295,0.00891942,1.00399
6,33,0.101562,0.523438,0.994254,1.01265,0.505485,0,0.988055,1.00429,0.00430268,0,-0.000309631,0.00893942,1.0043
7,33,0.117188,0.523438,0.994446,1.01274,0.505443,0,0.988272,1.00458,0.00441877,0,-0.000276702,0.00751071,1.00459
8,33,0.132812,0.523438,0.994761,1.01261,0.505259,0,0.988744,1.00486,0.0044554,0,-0.000247226,0.00684645,1.00487
9,33,0.148438,0.523438,0.995537,1.01201,0.504928,0,0.989917,1.00512,0.00442013,0,-0.000224918,0.0066313,1.00513
10,33,0.164062,0.523438,0.996619,1.01094,0.504423,0,0.991639,1.00534,0.0043106,0,-0.000187416,0.00549502,1.00535
11,33,0.179688,0.523438,0.997956,1.00943,0.503757,0,0.99384,1.00553,0.00412127,0,-0.000163299,0.00559167,1.00553
12,33,0.195312,0.523438,0.999473,1.00765,0.503026,0,0.996335,1.00565,0.00389721,0,-0.000149706,0.00556672,1.00566
13,33,0.210938,0.523438,1.00098,1.00584,0.502251,0,0.99878,1.00571,0.00366244,0,-0.000151919,0.0058159,1.00572
14,33,0.226562,0.523438,1.0023,1.00424,0.501548,0,1.00091,1.0057,0.00348481,0,-0.000159699,0.00632373,1.0057
15,33,0.242188,0.523438,1.00339,1.00288,0.500905,0,1.00264,1.0056,0.00331596,0,-0.000180331,0.00696461,1.00561
16,33,0.257812,0.523438,1.00415,1.0019,0.500342,0,1.00384,1.00544,0.00314282,0,-0.000203657,0.00735539,1.00545
17,33,0.273438,0.523438,1.00463,1.00124,0.499779,0,1.00457,1.00522,0.00284833,0,-0.000231265,0.00772828,1.00522
18,33,0.289062,0.523438,1.00492,1.0008,0.499296,0,1.00497,1.00495,0.00248451,0,-0.000244859,0.00718177,1.00496
19,33,0.304688,0.523438,1.00517,1.00045,0.498702,0,1.00524,1.00467,0.0018352,0,-0.000256069,0.00665887,1.00467
20,33,0.320312,0.523438,1.00544,1.00008,0.498111,0,1.00554,1.00438,0.00100552,0,-0.000247778,0.00506588,1.00438
21,33,0.335938,0.523438,1.00576,0.999691,0.497509,0,1.0059,1.00413,-2.07524e-05,0,-0.000225042,0.00326826,1.00413
22,33,0.351562,0.523438,1.00609,0.999305,0.497071,0,1.0063,1.00394,-0.00107545,0,-0.000186378,0.00121057,1.00394
23,33,0.367188,0.523438,1.00648,0.998905,0.496698,0,1.00679,1.00383,-0.00217091,0,-0.000126053,-0.000960667,1.00383
24,33,0.382812,0.523438,1.00689,0.99848,0.496639,0,1.00736,1.0038,-0.00317204,0,-7.78139e-05,-0.00180187,1.00381
25,33,0.398438,0.523438,1.00721,0.998161,0.496779,0,1.00779,1.00384,-0.00396202,0,2.39383e-06,-0.00438831,1.00385
26,33,0.414062,0.523438,1.00747,0.997896,0.497175,0,1.00818,1.00396,-0.0045192,0,6.6523e-05,-0.00452439,1.00397
27,33,0.429688,0.523438,1.00766,0.997694,0.49777,0,1.00843,1.00411,-0.00481571,0,0.000141661,-0.00631153,1.00412
28,33,0.445312,0.523438,1.00769,0.997504,0.498446,0,1.00848,1.00429,-0.00475562,0,0.000185544,-0.00522854,1.0043
29,33,0.460938,0.523438,1.00761,0.997397,0.499213,0,1.00835,1.00444,-0.00447924,0,0.000237964,-0.00608786,1.00445
30,33,0.476562,0.523438,1.00742,0.997325,0.499981,0,1.00803,1.00457,-0.00398087,0,0.000275565,-0.00614288,1.00458
31,33,0.492188,0.523438,1.00711,0.997249,0.500729,0,1.00759,1.00465,-0.00333441,0,0.000307785,-0.00567582,1.00466
32,33,0.507812,0.523438,1.0067,0.997211,0.501408,0,1.007,1.00467,-0.00257645,0,0.000343732,-0.00602601,1.00468
33,33,0.523438,0.523438,1.00626,0.997115,0.502011,0,1.00641,1.00462,-0.00179934,0,0.000373342,-0.00611052,1.00462
34,33,0.539062,0.523438,1.00575,0.997072,0.502516,0,1.00573,1.00449,-0.00105715,0,0.000400897,-0.00705731,1.00449
35,33,0.554688,0.523438,1.00526,0.997053,0.502912,0,1.0051,1.00429,-0.000380741,0,0.000426716,-0.008124,1.00429
36,33,0.570312,0.523438,1.00477,0.997089,0.503209,0,1.00448,1.00403,0.000220084,0,0.000448362,-0.00887172,1.00403
37,33,0.585938,0.523438,1.00429,0.997184,0.503412,0,1.00394,1.00373,0.00072732,0,0.000467046,-0.0100401,1.00373
38,33,0.601562,0.523438,1.00385,0.997351,0.503534,0,1.00349,1.0034,0.00114369,0,0.000478911,-0.0110149,1.0034
39,33,0.617188,0.523438,1.00342,0.997584,0.503583,0,1.00314,1.00305,0.00147181,0,0.000484249,-0.011931,1.00305
40,33,0.632812,0.523438,1.00301,0.997871,0.503574,0,1.00285,1.0027,0.00172777,0,0.000480501,-0.0119185,1.0027
41,33,0.648438,0.523438,1.0026,0.998181,0.503526,0,1.0026,1.00236,0.00191099,0,0.000471247,-0.0120602,1.00236
42,33,0.664062,0.523438,1.00216,0.998493,0.503437,0,1.00237,1.00203,0.00203376,0,0.000456482,-0.0121183,1.00203
43,33,0.679688,0.523438,1.00171,0.998796,0.503314,0,1.00212,1.00173,0.00210365,0,0.000436696,-0.0118702,1.00173
44,33,0.695312,0.523438,1.00122,0.999066,0.503191,0,1.00183,1.00145,0.00212634,0,0.000412605,-0.0117192,1.00145
45,33,0.710938,0.523438,1.0007,0.999308,0.503058,0,1.0015,1.0012,0.00211165,0,0.000379239,-0.0108345,1.00121
46,33,0.726562,0.523438,1.00016,0.999528,0.502928,0,1.00114,1.001,0.00207545,0,0.000344138,-0.0100248,1.001
47,33,0.742188,0.523438,0.999618,0.999731,0.502803,0,1.00076,1.00082,0.00202235,0,0.000305361,-0.0090578,1.00082
48,33,0.757812,0.523438,0.999077,0.999935,0.502687,0,1.00035,1.00069,0.00195986,0,0.000263706,-0.00791711,1.00069
49,33,0.773438,0.523438,0.998563,1.00014,0.502583,0,0.999938,1.00059,0.00189594,0,0.000220942,-0.00671794,1.00059
50,33,0.789062,0.523438,0.99808,1.00036,0.502496,0,0.99952,1.00052,0.00183595,0,0.000176899,-0.00555374,1.00052
51,33,0.804688,0.523438,0.997641,1.00062,0.502426,0,0.999096,1.00049,0.00178636,0,0.000132905,-0.00423705,1.00049
52,33,0.820312,0.523438,0.997263,1.00088,0.502375,0,0.998682,1.00049,0.00174622,0,8.7296e-05,-0.00310044,1.00049
53,33,0.835938,0.523438,0.996961,1.0012,0.502351,0,0.998249,1.00052,0.00172477,0,4.1533e-05,-0.0015135,1.00052
54,33,0.851562,0.523438,0.99675,1.00156,0.502351,0,0.997815,1.00058,0.00171549,0,-1.79844e-06,-0.000518309,1.00058
55,33,0.867188,0.523438,0.996616,1.00196,0.502375,0,0.997362,1.00067,0.00172831,0,-4.53635e-05,0.000834136,1.00067
56,33,0.882812,0.523438,0.996533,1.0024,0.502434,0,0.996886,1.00079,0.00176132,0,-8.78141e-05,0.00209326,1.00079
57,33,0.898438,0.523438,0.996473,1.0029,0.502525,0,0.996381,1.00093,0.00181765,0,-0.000129166,0.00327996,1.00093
58,33,0.914062,0.523438,0.996415,1.00345,0.50265,0,0.995841,1.00109,0.00189895,0,-0.000168296,0.00442613,1.00109
59,33,0.929688,0.523438,0.99635,1.00406,0.502811,0,0.99526,1.00127,0.00200653,0,-0.000204814,0.00551344,1.00127
60,33,0.945312,0.523438,0.996266,1.00473,0.503006,0,0.994634,1.00148,0.00213929,0,-0.000238487,0.00651343,1.00148
61,33,0.960938,0.523438,0.996153,1.00546,0.503234,0,0.993957,1.0017,0.00229745,0,-0.000268969,0.00741962,1.00171
62,33,0.976562,0.523438,0.996001,1.00625,0.503493,0,0.99323,1.00195,0.00248056,0,-0.00029592,0.00821323,1.00195
63,33,0.992188,0.523438,0.995802,1.0071,0.503776,0,0.992461,1.00221,0.00268685,0,-0.000318245,0.00887549,1.00221
0,34,0.0078125,0.539062,0.995763,1.0082,0.504349,0,0.991981,1.00304,0.00276711,0,-0.00032278,0.0089521,1.00305
1,34,0.0234375,0.539062,0.995473,1.00915,0.504593,0,0.991116,1.00334,0.00300495,0,-0.000328161,0.00911327,1.00334
2,34,0.0390625,0.539062,0.995138,1.0101,0.504824,0,0.990235,1.00363,0.00325456,0,-0.000328434,0.00875807,1.00363
3,34,0.0546875,0.539062,0.994791,1.01102,0.505026,0,0.989393,1.00392,0.0035093,0,-0.000325724,0.00849411,1.00392
4,34,0.0703125,0.539062,0.994498,1.01184,0.505192,0,0.988694,1.00421,0.00375161,0,-0.000316967,0.00855009,1.00422
5,34,0.0859375,0.539062,0.994327,1.01248,0.505288,0,0.988263,1.00451,0.00395497,0,-0.000300598,0.00811448,1.00452
6,34,0.101562,0.539062,0.994418,1.01284,0.50528,0,0.988215,1.00481,0.00413092,0,-0.000274117,0.00777789,1.00481
7,34,0.117188,0.539062,0.994583,1.01291,0.50518,0,0.988402,1.00509,0.00424193,0,-0.000246344,0.00681537,1.0051
8,34,0.132812,0.539062,0.994918,1.01274,0.504918,0,0.988928,1.00536,0.00428659,0,-0.000216192,0.00620566,1.00536
9,34,0.148438,0.539062,0.995685,1.01209,0.504558,0,0.990107,1.00559,0.00427538,0,-0.000189532,0.00586297,1.0056
10,34,0.164062,0.539062,0.996776,1.011,0.504011,0,0.991815,1.00579,0.00418275,0,-0.000151741,0.00466053,1.0058
11,34,0.179688,0.539062,0.998118,1.0095,0.503343,0,0.993985,1.00595,0.00403276,0,-0.000129441,0.00457352,1.00596
12,34,0.195312,0.539062,0.999568,1.00776,0.502609,0,0.996388,1.00606,0.00386352,0,-0.000116156,0.00464526,1.00607
13,34,0.210938,0.539062,1.00095,1.00604,0.501906,0,0.998693,1.0061,0.00370985,0,-0.000117058,0.00538208,1.0061
14,34,0.226562,0.539062,1.00216,1.00455,0.501273,0,1.00066,1.00606,0.00360593,0,-0.000122918,0.005428,1.00607
15,34,0.242188,0.539062,1.00312,1.00335,0.50072,0,1.00219,1.00595,0.00352138,0,-0.000141998,0.00623918,1.00596
16,34,0.257812,0.539062,1.00377,1.00252,0.500254,0,1.0032,1.00577,0.00342369,0,-0.000163381,0.00657379,1.00578
17,34,0.273438,0.539062,1.00414,1.002,0.499788,0,1.00375,1.00553,0.00319885,0,-0.000193457,0.00717574,1.00554
18,34,0.289062,0.539062,1.00435,1.00166,0.499375,0,1.00403,1.00525,0.00287245,0,-0.000208472,0.00664557,1.00525
19,34,0.304688,0.539062,1.00452,1.00139,0.498847,0,1.00419,1.00494,0.00224446,0,-0.000223683,0.00634699,1.00494
20,34,0.320312,0.539062,1.00476,1.00104,0.49829,0,1.00445,1.00463,0.00139742,0,-0.000221294,0.00493245,1.00463
21,34,0.335938,0.539062,1.00507,1.00063,0.497699,0,1.0048,1.00433,0.000322304,0,-0.000204104,0.0032106,1.00433
22,34,0.351562,0.539062,1.00542,1.00019,0.497237,0,1.00523,1.00408,-0.000808125,0,-0.000172674,0.00124796,1.00408
23,34,0.367188,0.539062,1.00583,0.999697,0.496818,0,1.00575,1.0039,-0.00202242,0,-0.000119538,-0.00200322,1.00391
24,34,0.382812,0.539062,1.00629,0.99917,0.496696,0,1.00639,1.00381,-0.00310329,0,-7.66891e-05,-0.00149414,1.00382
25,34,0.398438,0.539062,1.00669,0.998691,0.496787,0,1.00696,1.00378,-0.00401393,0,6.63058e-06,-0.00518944,1.00379
26,34,0.414062,0.539062,1.00702,0.998287,0.497123,0,1.00744,1.00382,-0.00465091,0,7.56263e-05,-0.00595781,1.00383
27,34,0.429688,0.539062,1.0073,0.997914,0.497701,0,1.00782,1.00391,-0.00502488,0,0.000147717,-0.00749056,1.00393
28,34,0.445312,0.539062,1.00747,0.997628,0.498357,0,1.00805,1.00404,-0.00498551,0,0.000191472,-0.006417,1.00406
29,34,0.460938,0.539062,1.00747,0.997331,0.499143,0,1.00806,1.00417,-0.0047154,0,0.000253434,-0.00707651,1.00418
30,34,0.476562,0.539062,1.00739,0.997148,0.499952,0,1.00791,1.00427,-0.00419403,0,0.000302264,-0.00736801,1.00428
31,34,0.492188,0.539062,1.00719,0.996977,0.500717,0,1.00761,1.00432,-0.00351342,0,0.000340061,-0.00779593,1.00433
32,34,0.507812,0.539062,1.00688,0.996857,0.501451,0,1.00716,1.00433,-0.00271057,0,0.000374281,-0.0079522,1.00434
33,34,0.523438,0.539062,1.00653,0.9967,0.502111,0,1.00669,1.0043,-0.00187765,0,0.000398377,-0.00750842,1.0043
34,34,0.539062,0.539062,1.00613,0.996593,0.502698,0,1.00614,1.0042,-0.00107661,0,0.000423466,-0.00762219,1.0042
35,34,0.554688,0.539062,1.00573,0.996528,0.503189,0,1.00561,1.00403,-0.000352657,0,0.000450354,-0.00862891,1.00403
36,34,0.570312,0.539062,1.00533,0.996533,0.503582,0,1.00512,1.00381,0.000288235,0,0.000470825,-0.00967852,1.00381
37,34,0.585938,0.539062,1.00493,0.996605,0.503873,0,1.00466,1.00356,0.000826832,0,0.000482729,-0.0101189,1.00356
38,34,0.601562,0.539062,1.00455,0.996764,0.504074,0,1.00428,1.00327,0.00126281,0,0.000490073,-0.0106599,1.00327
39,34,0.617188,0.539062,1.00418,0.996997,0.50419,0,1.00398,1.00297,0.00159866,0,0.000492659,-0.0113045,1.00297
40,34,0.632812,0.539062,1.0038,0.997293,0.504235,0,1.00373,1.00266,0.00184927,0,0.000490777,-0.0121037,1.00266
41,34,0.648438,0.539062,1.00341,0.99762,0.504216,0,1.00351,1.00235,0.00202502,0,0.000478607,-0.0121848,1.00235
42,34,0.664062,0.539062,1.003,0.997958,0.504158,0,1.00331,1.00207,0.00213663,0,0.000456426,-0.0116951,1.00207
43,34,0.679688,0.539062,1.00253,0.998291,0.504064,0,1.00306,1.0018,0.00219139,0,0.000433246,-0.0113261,1.0018
44,34,0.695312,0.539062,1.00202,0.998595,0.50396,0,1.00278,1.00156,0.00219331,0,0.000403178,-0.0108915,1.00157
45,34,0.710938,0.539062,1.00147,0.998875,0.503829,0,1.00245,1.00136,0.00216162,0,0.000367836,-0.0101184,1.00136
46,34,0.726562,0.539062,1.00088,0.999137,0.503695,0,1.00207,1.00118,0.00210619,0,0.000329965,-0.00927402,1.00118
47,34,0.742188,0.539062,1.00027,0.999385,0.503559,0,1.00167,1.00104,0.00203446,0,0.000290194,-0.0082347,1.00104
48,34,0.757812,0.539062,0.999657,0.999624,0.503428,0,1.00125,1.00093,0.00195465,0,0.000249092,-0.0072589,1.00093
49,34,0.773438,0.539062,0.999051,0.999866,0.503308,0,1.0008,1.00086,0.00187478,0,0.000205156,-0.00617365,1.00086
50,34,0.789062,0.539062,0.998472,1.00013,0.503201,0,1.00035,1.00082,0.00180027,0,0.000160727,-0.00492007,1.00082
51,34,0.804688,0.539062,0.997934,1.00041,0.503107,0,0.999902,1.00081,0.00173514,0,0.000116151,-0.00381734,1.00081
52,34,0.820312,0.539062,0.997456,1.00072,0.503038,0,0.99944,1.00083,0.00168485,0,7.06883e-05,-0.00241757,1.00083
53,34,0.835938,0.539062,0.99708,1.00107,0.502988,0,0.998976,1.00088,0.00165141,0,2.73064e-05,-0.00130574,1.00088
54,34,0.851562,0.539062,0.996821,1.00145,0.502963,0,0.998505,1.00096,0.00163511,0,-1.63305e-05,6.94871e-05,1.00097
55,34,0.867188,0.539062,0.996665,1.00189,0.502968,0,0.998014,1.00107,0.00163878,0,-5.86611e-05,0.00114973,1.00107
56,34,0.882812,0.539062,0.99658,1.00237,0.503001,0,0.997503,1.00121,0.00166416,0,-9.92757e-05,0.00232372,1.00121
57,34,0.898438,0.539062,0.996532,1.0029,0.503069,0,0.996968,1.00136,0.0017145,0,-0.00013909,0.00352662,1.00137
58,34,0.914062,0.539062,0.996492,1.00348,0.503167,0,0.996395,1.00155,0.00178924,0,-0.000176452,0.004609,1.00155
59,34,0.929688,0.539062,0.99645,1.00412,0.503299,0,0.99578,1.00175,0.00189002,0,-0.000210792,0.00563773,1.00175
60,34,0.945312,0.539062,0.996395,1.00482,0.50346,0,0.995117,1.00198,0.00201605,0,-0.000241827,0.00659974,1.00198
61,34,0.960938,0.539062,0.996315,1.00558,0.503649,0,0.994403,1.00222,0.00216811,0,-0.00026887,0.00742729,1.00222
62,34,0.976562,0.539062,0.99619,1.00641,0.503867,0,0.993638,1.00248,0.00234582,0,-0.00029155,0.00807808,1.00249
63,34,0.992188,0.539062,0.996006,1.00728,0.504104,0,0.992826,1.00276,0.00254632,0,-0.000309844,0.00857207,1.00276
0,35,0.0078125,0.554688,0.995913,1.00833,0.504499,0,0.992213,1.00356,0.00261496,0,-0.000306835,0.00790126,1.00356
1,35,0.0234375,0.554688,0.995594,1.00929,0.504654,0,0.991256,1.00383,0.00285156,0,-0.000314715,0.00802232,1.00384
2,35,0.0390625,0.554688,0.995244,1.01025,0.504804,0,0.990334,1.00412,0.00309977,0,-0.000317595,0.00852403,1.00413
3,35,0.0546875,0.554688,0.994896,1.01119,0.504939,0,0.989485,1.00442,0.00334625,0,-0.000309583,0.0084911,1.00442
4,35,0.0703125,0.554688,0.994598,1.01202,0.505031,0,0.98877,1.00472,0.00357776,0,-0.000293938,0.00791495,1.00472
5,35,0.0859375,0.554688,0.994415,1.01264,0.50503,0,0.988322,1.00501,0.00378292,0,-0.000272127,0.00772599,1.00502
6,35,0.101562,0.554688,0.994505,1.01296,0.504958,0,0.988258,1.00529,0.00394845,0,-0.000243818,0.00660361,1.0053
7,35,0.117188,0.554688,0.99465,1.01304,0.504786,0,0.988428,1.00557,0.00406585,0,-0.000217655,0.00630752,1.00558
8,35,0.132812,0.554688,0.995018,1.01282,0.504472,0,0.98901,1.00582,0.00412003,0,-0.000187513,0.00542656,1.00583
9,35,0.148438,0.554688,0.995765,1.01213,0.504065,0,0.990184,1.00604,0.00413326,0,-0.000156333,0.00518356,1.00605
10,35,0.164062,0.554688,0.996831,1.01101,0.503485,0,0.991861,1.00623,0.00405913,0,-0.000118861,0.00406685,1.00624
11,35,0.179688,0.554688,0.998138,1.00953,0.502834,0,0.993978,1.00638,0.00394991,0,-9.63176e-05,0.00397775,1.00638
12,35,0.195312,0.554688,0.999543,1.00786,0.502161,0,0.996301,1.00647,0.00383667,0,-8.53354e-05,0.00405224,1.00647
13,35,0.210938,0.554688,1.00085,1.00625,0.501517,0,0.99848,1.00649,0.00375163,0,-8.28023e-05,0.00450984,1.0065
14,35,0.226562,0.554688,1.00195,1.00489,0.500968,0,1.00029,1.00645,0.00372257,0,-8.839e-05,0.00485397,1.00646
15,35,0.242188,0.554688,1.0028,1.00384,0.500513,0,1.00164,1.00634,0.00371933,0,-0.000103366,0.00551659,1.00635
16,35,0.257812,0.554688,1.00333,1.00315,0.500162,0,1.00246,1.00616,0.00369416,0,-0.000122232,0.00572247,1.00617
17,35,0.273438,0.554688,1.0036,1.00277,0.499802,0,1.00286,1.00592,0.00354236,0,-0.00015223,0.00660553,1.00593
18,35,0.289062,0.554688,1.00373,1.00252,0.49948,0,1.00303,1.00563,0.00325853,0,-0.000169594,0.00610957,1.00563
19,35,0.304688,0.554688,1.00383,1.00232,0.499036,0,1.0031,1.00531,0.00266163,0,-0.000188305,0.00597397,1.00531
20,35,0.320312,0.554688,1.00405,1.002,0.498536,0,1.00332,1.00497,0.00181269,0,-0.000192382,0.00477637,1.00497
21,35,0.335938,0.554688,1.00435,1.00158,0.497972,0,1.00366,1.00463,0.000705118,0,-0.000181293,0.00318062,1.00463
22,35,0.351562,0.554688,1.00472,1.00108,0.497504,0,1.00413,1.00433,-0.000483149,0,-0.000155896,0.00131405,1.00433
23,35,0.367188,0.554688,1.00515,1.00049,0.497051,0,1.00471,1.00407,-0.00179555,0,-0.000109835,-0.0018007,1.00407
24,35,0.382812,0.554688,1.00564,0.999849,0.496841,0,1.0054,1.00389,-0.00296367,0,-5.85971e-05,-0.00292285,1.00389
25,35,0.398438,0.554688,1.00612,0.999207,0.496892,0,1.00607,1.00377,-0.0039819,0,5.2456e-06,-0.00534979,1.00378
26,35,0.414062,0.554688,1.00655,0.998653,0.49713,0,1.00669,1.00373,-0.00471032,0,7.72335e-05,-0.00652693,1.00374
27,35,0.429688,0.554688,1.00687,0.99817,0.497653,0,1.00713,1.00373,-0.00516661,0,0.000153476,-0.0087014,1.00375
28,35,0.445312,0.554688,1.00713,0.997725,0.498256,0,1.00749,1.00378,-0.00516135,0,0.000210421,-0.00812376,1.0038
29,35,0.460938,0.554688,1.00727,0.997334,0.499021,0,1.00769,1.00384,-0.00491675,0,0.000271269,-0.0091565,1.00385
30,35,0.476562,0.554688,1.00726,0.996984,0.49984,0,1.00767,1.0039,-0.00439002,0,0.000324597,-0.00877739,1.00391
31,35,0.492188,0.554688,1.00717,0.996713,0.500645,0,1.00752,1.00393,-0.00367876,0,0.000367402,-0.00882537,1.00394
32,35,0.507812,0.554688,1.00697,0.99649,0.50139,0,1.00722,1.00391,-0.00284885,0,0.000410101,-0.00970832,1.00392
33,35,0.523438,0.554688,1.00671,0.99628,0.502097,0,1.00684,1.00386,-0.00197424,0,0.000441104,-0.009932,1.00386
34,35,0.539062,0.554688,1.00639,0.996116,0.502719,0,1.00639,1.00376,-0.00113242,0,0.000462309,-0.010026,1.00376
35,35,0.554688,0.554688,1.00606,0.996005,0.503272,0,1.00593,1.00361,-0.000367511,0,0.000476471,-0.00993975,1.00362
36,35,0.570312,0.554688,1.00575,0.995993,0.503745,0,1.00555,1.00344,0.000306541,0,0.000489137,-0.00989558,1.00344
37,35,0.585938,0.554688,1.00545,0.996044,0.504125,0,1.0052,1.00324,0.00087052,0,0.000500021,-0.010363,1.00324
38,35,0.601562,0.554688,1.00516,0.996186,0.504414,0,1.00491,1.003,0.00132391,0,0.000505388,-0.0109867,1.003
39,35,0.617188,0.554688,1.00486,0.996416,0.504614,0,1.00468,1.00275,0.00166997,0,0.000502,-0.0113668,1.00276
40,35,0.632812,0.554688,1.00455,0.996717,0.504732,0,1.00449,1.0025,0.00192259,0,0.000492694,-0.0115074,1.0025
41,35,0.648438,0.554688,1.0042,0.997066,0.504779,0,1.00431,1.00225,0.00209079,0,0.000477835,-0.0116446,1.00226
42,35,0.664062,0.554688,1.0038,0.997431,0.504753,0,1.00413,1.00202,0.00219728,0,0.000455386,-0.0112021,1.00202
43,35,0.679688,0.554688,1.00334,0.997794,0.504685,0,1.00391,1.0018,0.00223503,0,0.000428585,-0.011179,1.0018
44,35,0.695312,0.554688,1.00283,0.998134,0.504602,0,1.00364,1.00161,0.00222232,0,0.000392067,-0.0100839,1.00162
45,35,0.710938,0.554688,1.00226,0.998452,0.5045,0,1.00332,1.00145,0.00217644,0,0.000355252,-0.00921421,1.00146
46,35,0.726562,0.554688,1.00163,0.998747,0.504381,0,1.00296,1.00132,0.00210578,0,0.000316405,-0.00844585,1.00133
47,35,0.742188,0.554688,1.00096,0.999026,0.504252,0,1.00256,1.00122,0.00201972,0,0.000273584,-0.00757064,1.00122
48,35,0.757812,0.554688,1.00027,0.999303,0.504121,0,1.00212,1.00115,0.00192558,0,0.000228963,-0.00647588,1.00115
49,35,0.773438,0.554688,0.999568,0.999588,0.503995,0,1.00166,1.00111,0.00183216,0,0.000184274,-0.00526897,1.00111
50,35,0.789062,0.554688,0.998883,0.99988,0.503877,0,1.00119,1.0011,0.00174338,0,0.000139478,-0.00418385,1.0011
51,35,0.804688,0.554688,0.998227,1.0002,0.503774,0,1.00071,1.00112,0.00166728,0,9.4551e-05,-0.00293083,1.00112
52,35,0.820312,0.554688,0.997642,1.00054,0.503687,0,1.00022,1.00117,0.00160626,0,5.08944e-05,-0.00176917,1.00117
53,35,0.835938,0.554688,0.997175,1.00092,0.503621,0,0.999728,1.00125,0.00156361,0,8.11661e-06,-0.000583901,1.00125
54,35,0.851562,0.554688,0.996858,1.00134,0.50358,0,0.999225,1.00136,0.00153835,0,-3.37147e-05,0.000561235,1.00136
55,35,0.867188,0.554688,0.996684,1.0018,0.503563,0,0.998709,1.00149,0.00153577,0,-7.50517e-05,0.00183055,1.00149
56,35,0.882812,0.554688,0.996601,1.00231,0.503576,0,0.998168,1.00164,0.00155268,0,-0.000114133,0.00283714,1.00164
57,35,0.898438,0.554688,0.996563,1.00287,0.503618,0,0.997598,1.00182,0.00159627,0,-0.000150387,0.00387915,1.00182
58,35,0.914062,0.554688,0.996547,1.00348,0.503687,0,0.996991,1.00202,0.00166455,0,-0.000184274,0.00483965,1.00202
59,35,0.929688,0.554688,0.996531,1.00415,0.503781,0,0.996331,1.00224,0.00175806,0,-0.000215223,0.00568469,1.00225
60,35,0.945312,0.554688,0.996507,1.00487,0.503898,0,0.995622,1.00248,0.0018777,0,-0.000242746,0.00645145,1.00248
61,35,0.960938,0.554688,0.996455,1.00566,0.504032,0,0.994856,1.00274,0.00202496,0,-0.000266848,0.00716565,1.00274
62,35,0.976562,0.554688,0.99635,1.0065,0.504179,0,0.994031,1.00301,0.00219873,0,-0.000285451,0.00772702,1.00301
63,35,0.992188,0.554688,0.996171,1.0074,0.504338,0,0.993149,1.00328,0.00239637,0,-0.000297893,0.00794953,1.00328
0,36,0.0078125,0.570312,0.995968,1.00838,0.504475,0,0.992313,1.00397,0.00246224,0,-0.000308166,0.00815092,1.00397
1,36,0.0234375,0.570312,0.99566,1.00935,0.504567,0,0.991335,1.00426,0.00269266,0,-0.000311247,0.00844576,1.00426
2,36,0.0390625,0.570312,0.995306,1.01032,0.504652,0,0.990379,1.00456,0.00293236,0,-0.00030647,0.00837475,1.00456
3,36,0.0546875,0.570312,0.994946,1.01124,0.504713,0,0.989488,1.00486,0.00316991,0,-0.000294917,0.00804659,1.00486
4,36,0.0703125,0.570312,0.994638,1.01206,0.50472,0,0.988751,1.00516,0.00339932,0,-0.000276556,0.0080184,1.00517
5,36,0.0859375,0.570312,0.994435,1.01265,0.504663,0,0.988287,1.00546,0.00359544,0,-0.000251843,0.00705309,1.00547
6,36,0.101562,0.570312,0.99452,1.01296,0.50452,0,0.988207,1.00575,0.00376028,0,-0.000223943,0.00649187,1.00576
7,36,0.117188,0.570312,0.994656,1.01304,0.504284,0,0.988364,1.00602,0.00388452,0,-0.000193739,0.00589883,1.00603
8,36,0.132812,0.570312,0.995035,1.01279,0.503929,0,0.988964,1.00627,0.00395409,0,-0.000163695,0.00521754,1.00628
9,36,0.148438,0.570312,0.99576,1.01209,0.503486,0,0.99013,1.00649,0.0039839,0,-0.000126872,0.004527,1.0065
10,36,0.164062,0.570312,0.99681,1.01098,0.502903,0,0.991793,1.00668,0.00392938,0,-9.22302e-05,0.00365871,1.00669
11,36,0.179688,0.570312,0.9981,1.00953,0.502277,0,0.99386,1.00682,0.00385873,0,-6.97883e-05,0.00352707,1.00683
12,36,0.195312,0.570312,0.999449,1.00793,0.501652,0,0.996078,1.00692,0.00380058,0,-5.61855e-05,0.00367757,1.00692
13,36,0.210938,0.570312,1.00067,1.00643,0.501086,0,0.998129,1.00695,0.00377923,0,-5.07399e-05,0.00374529,1.00696
14,36,0.226562,0.570312,1.00166,1.00521,0.500636,0,0.999769,1.00692,0.00382149,0,-5.61662e-05,0.00440219,1.00693
15,36,0.242188,0.570312,1.00239,1.0043,0.50029,0,1.00096,1.00682,0.00389605,0,-6.70759e-05,0.00491764,1.00683
16,36,0.257812,0.570312,1.00282,1.00377,0.500055,0,1.00162,1.00665,0.00394312,0,-8.07661e-05,0.00520382,1.00666
17,36,0.273438,0.570312,1.00299,1.00351,0.499827,0,1.00186,1.00642,0.00386342,0,-0.000106145,0.00554236,1.00642
18,36,0.289062,0.570312,1.00306,1.00335,0.49961,0,1.00194,1.00613,0.00363077,0,-0.00012737,0.00554948,1.00614
19,36,0.304688,0.570312,1.0031,1.00324,0.499265,0,1.00194,1.0058,0.00307734,0,-0.000150362,0.00556878,1.00581
20,36,0.320312,0.570312,1.00328,1.00292,0.498837,0,1.00211,1.00544,0.00224507,0,-0.000160831,0.00469394,1.00545
21,36,0.335938,0.570312,1.00357,1.0025,0.498318,0,1.00245,1.00507,0.00112569,0,-0.000154804,0.00314341,1.00507
22,36,0.351562,0.570312,1.00396,1.00194,0.497863,0,1.00295,1.00471,-9.96281e-05,0,-0.000134425,0.00126471,1.00471
23,36,0.367188,0.570312,1.00443,1.00126,0.49739,0,1.0036,1.00437,-0.00148058,0,-9.63605e-05,-0.00133586,1.00437
24,36,0.382812,0.570312,1.00495,1.00052,0.497118,0,1.00433,1.00409,-0.00273977,0,-4.0465e-05,-0.00402981,1.00409
25,36,0.398438,0.570312,1.0055,0.99975,0.497083,0,1.00513,1.00386,-0.00384824,0,1.90277e-05,-0.00576991,1.00387
26,36,0.414062,0.570312,1.006,0.999013,0.497237,0,1.00585,1.00369,-0.00466406,0,9.3381e-05,-0.00805485,1.0037
27,36,0.429688,0.570312,1.00641,0.998362,0.497673,0,1.00643,1.00358,-0.00520457,0,0.000151342,-0.00954053,1.00359
28,36,0.445312,0.570312,1.00671,0.997817,0.498188,0,1.00685,1.00353,-0.00526784,0,0.000233825,-0.0101761,1.00354
29,36,0.460938,0.570312,1.00695,0.99731,0.4989,0,1.00718,1.0035,-0.00505483,0,0.000292397,-0.0104004,1.00351
30,36,0.476562,0.570312,1.00707,0.996858,0.499679,0,1.00734,1.00348,-0.00454604,0,0.000351701,-0.0112883,1.00349
31,36,0.492188,0.570312,1.00706,0.996454,0.500479,0,1.00731,1.00346,-0.00382378,0,0.000399178,-0.0108238,1.00346
32,36,0.507812,0.570312,1.00696,0.996131,0.501251,0,1.00715,1.00341,-0.00297567,0,0.000440051,-0.0111893,1.00341
33,36,0.523438,0.570312,1.00679,0.99586,0.501971,0,1.00687,1.00333,-0.00207833,0,0.00047464,-0.0114807,1.00334
34,36,0.539062,0.570312,1.00657,0.995638,0.502634,0,1.00654,1.00323,-0.00120535,0,0.000501709,-0.0115673,1.00323
35,36,0.554688,0.570312,1.0063,0.99548,0.503219,0,1.00615,1.00308,-0.000413219,0,0.000519265,-0.0119459,1.00308
36,36,0.570312,0.570312,1.00606,0.995439,0.503729,0,1.00583,1.00292,0.000279715,0,0.00052965,-0.0123719,1.00292
37,36,0.585938,0.570312,1.00582,0.995487,0.504159,0,1.00553,1.00274,0.000858598,0,0.000530291,-0.0122789,1.00274
38,36,0.601562,0.570312,1.0056,0.995627,0.504516,0,1.0053,1.00256,0.00132301,0,0.000522329,-0.0116999,1.00256
39,36,0.617188,0.570312,1.00539,0.995862,0.504793,0,1.00514,1.00238,0.00167752,0,0.000507709,-0.0110992,1.00238
40,36,0.632812,0.570312,1.00517,0.996169,0.504983,0,1.00502,1.0022,0.00193121,0,0.000491752,-0.0108255,1.0022
41,36,0.648438,0.570312,1.0049,0.996534,0.505099,0,1.00492,1.00203,0.00209769,0,0.000470709,-0.010599,1.00203
42,36,0.664062,0.570312,1.00455,0.996923,0.505139,0,1.00479,1.00186,0.00220015,0,0.000446794,-0.0104388,1.00186
43,36,0.679688,0.570312,1.00412,0.997308,0.505136,0,1.00462,1.0017,0.0022289,0,0.000420381,-0.0103096,1.00171
44,36,0.695312,0.570312,1.00361,0.99768,0.505089,0,1.00437,1.00157,0.00220523,0,0.000384641,-0.00989163,1.00157
45,36,0.710938,0.570312,1.00303,0.998031,0.505004,0,1.00407,1.00145,0.00214762,0,0.000343563,-0.00910923,1.00146
46,36,0.726562,0.570312,1.00236,0.998365,0.504907,0,1.00372,1.00137,0.00206624,0,0.0002981,-0.00777378,1.00137
47,36,0.742188,0.570312,1.00164,0.998684,0.504802,0,1.00332,1.00132,0.00197067,0,0.000252661,-0.00642647,1.00132
48,36,0.757812,0.570312,1.00086,0.998997,0.504686,0,1.00288,1.0013,0.00186593,0,0.000207571,-0.0053544,1.0013
49,36,0.773438,0.570312,1.00006,0.999312,0.50457,0,1.00242,1.0013,0.00176075,0,0.000162385,-0.00434744,1.0013
50,36,0.789062,0.570312,0.999264,0.999641,0.504456,0,1.00194,1.00133,0.00166295,0,0.000116525,-0.00317317,1.00133
51,36,0.804688,0.570312,0.998483,0.99999,0.504349,0,1.00145,1.00139,0.00157738,0,7.16375e-05,-0.00205536,1.00139
52,36,0.820312,0.570312,0.997768,1.00036,0.504258,0,1.00094,1.00147,0.00150793,0,2.82368e-05,-0.000906818,1.00147
53,36,0.835938,0.570312,0.997198,1.00077,0.504185,0,1.00043,1.00158,0.00145747,0,-1.307e-05,0.000215042,1.00158
54,36,0.851562,0.570312,0.996831,1.00122,0.50413,0,0.99991,1.00171,0.00142533,0,-5.29531e-05,0.00126593,1.00172
55,36,0.867188,0.570312,0.996639,1.0017,0.504095,0,0.999362,1.00187,0.0014156,0,-9.15853e-05,0.00220324,1.00187
56,36,0.882812,0.570312,0.996557,1.00224,0.504075,0,0.998783,1.00205,0.00142801,0,-0.000129451,0.00328921,1.00205
57,36,0.898438,0.570312,0.996526,1.00282,0.504079,0,0.998173,1.00224,0.00146547,0,-0.000162749,0.00420379,1.00224
58,36,0.914062,0.570312,0.996519,1.00345,0.504099,0,0.997514,1.00246,0.00152868,0,-0.00019273,0.00504243,1.00246
59,36,0.929688,0.570312,0.996527,1.00414,0.504136,0,0.996802,1.00269,0.00161825,0,-0.000218957,0.00570368,1.00269
60,36,0.945312,0.570312,0.99652,1.00488,0.504184,0,0.996017,1.00292,0.00173468,0,-0.000241514,0.00606574,1.00292
61,36,0.960938,0.570312,0.996479,1.00567,0.504245,0,0.995163,1.00317,0.00187949,0,-0.000261618,0.00640144,1.00317
62,36,0.976562,0.570312,0.996379,1.00652,0.504313,0,0.994247,1.00342,0.00205169,0,-0.000281006,0.00680798,1.00342
63,36,0.992188,0.570312,0.996208,1.00743,0.504387,0,0.993288,1.00369,0.00224732,0,-0.000297338,0.00745576,1.00369
0,37,0.0078125,0.585938,0.995955,1.00836,0.504308,0,0.99232,1.00431,0.00229764,0,-0.000307489,0.00831655,1.00432
1,37,0.0234375,0.585938,0.995649,1.00934,0.504343,0,0.991304,1.00462,0.00251951,0,-0.000306549,0.00840558,1.00462
2,37,0.0390625,0.585938,0.995292,1.01031,0.504361,0,0.990311,1.00493,0.00275039,0,-0.000299077,0.00829966,1.00493
3,37,0.0546875,0.585938,0.994924,1.01123,0.50435,0,0.989392,1.00524,0.0029802,0,-0.000284861,0.00804857,1.00525
4,37,0.0703125,0.585938,0.994605,1.01203,0.504286,0,0.988625,1.00556,0.00319911,0,-0.000262715,0.00733949,1.00556
5,37,0.0859375,0.585938,0.994387,1.01261,0.504155,0,0.988149,1.00587,0.00339526,0,-0.00023922,0.00706737,1.00588
6,37,0.101562,0.585938,0.994464,1.0129,0.503949,0,0.988047,1.00617,0.00355859,0,-0.000207774,0.00628328,1.00618
7,37,0.117188,0.585938,0.994587,1.01297,0.503664,0,0.988186,1.00645,0.00368962,0,-0.000177272,0.00573174,1.00646
8,37,0.132812,0.585938,0.994977,1.0127,0.503289,0,0.988801,1.00671,0.00377377,0,-0.00014531,0.00513994,1.00672
9,37,0.148438,0.585938,0.995684,1.01199,0.502824,0,0.98995,1.00695,0.00381428,0,-0.000104358,0.00422642,1.00696
10,37,0.164062,0.585938,0.996704,1.01088,0.502259,0,0.991585,1.00715,0.00378149,0,-7.07292e-05,0.00356139,1.00716
11,37,0.179688,0.585938,0.997951,1.00947,0.501674,0,0.993587,1.00732,0.00374819,0,-4.82785e-05,0.00326458,1.00732
12,37,0.195312,0.585938,0.999245,1.00796,0.501109,0,0.995696,1.00743,0.00374123,0,-3.16917e-05,0.00337865,1.00743
13,37,0.210938,0.585938,1.00039,1.00657,0.500638,0,0.997609,1.00748,0.00377726,0,-2.25667e-05,0.00347428,1.00749
14,37,0.226562,0.585938,1.00128,1.00547,0.500289,0,0.999108,1.00748,0.0038885,0,-2.40542e-05,0.00372581,1.00748
15,37,0.242188,0.585938,1.00189,1.00473,0.500061,0,1.00012,1.0074,0.00403652,0,-3.41584e-05,0.00441542,1.00741
16,37,0.257812,0.585938,1.00222,1.00434,0.49993,0,1.00066,1.00727,0.00415617,0,-3.84722e-05,0.00478649,1.00727
17,37,0.273438,0.585938,1.00232,1.0042,0.499865,0,1.00075,1.00706,0.00415071,0,-6.76818e-05,0.00499647,1.00706
18,37,0.289062,0.585938,1.00231,1.00413,0.499752,0,1.00073,1.00679,0.00397719,0,-8.29278e-05,0.00500033,1.0068
19,37,0.304688,0.585938,1.00229,1.00408,0.499524,0,1.00066,1.00646,0.00348349,0,-0.000108202,0.00519904,1.00647
20,37,0.320312,0.585938,1.00244,1.00381,0.499186,0,1.00082,1.00609,0.00269022,0,-0.000124882,0.00443149,1.00609
21,37,0.335938,0.585938,1.00273,1.00338,0.498725,0,1.00115,1.00568,0.00158326,0,-0.000125016,0.00306182,1.00568
22,37,0.351562,0.585938,1.00314,1.00276,0.498302,0,1.0017,1.00525,0.000344695,0,-0.000109228,0.00126728,1.00525
23,37,0.367188,0.585938,1.00364,1.002,0.49783,0,1.0024,1.00483,-0.00107643,0,-7.84378e-05,-0.00105723,1.00483
24,37,0.382812,0.585938,1.0042,1.00115,0.497521,0,1.00322,1.00444,-0.00241199,0,-2.64507e-05,-0.00432051,1.00444
25,37,0.398438,0.585938,1.00481,1.00026,0.497384,0,1.00409,1.00409,-0.00358921,0,3.28176e-05,-0.00576421,1.00409
26,37,0.414062,0.585938,1.00537,0.999387,0.497469,0,1.00492,1.00378,-0.00449837,0,0.000106468,-0.00885668,1.00379
27,37,0.429688,0.585938,1.00586,0.998601,0.497798,0,1.00564,1.00353,-0.0050991,0,0.000173288,-0.00944033,1.00354
28,37,0.445312,0.585938,1.00627,0.99785,0.498227,0,1.00622,1.00331,-0.00528053,0,0.000275961,-0.0146864,1.00333
29,37,0.460938,0.585938,1.00656,0.997233,0.498825,0,1.00663,1.00317,-0.00510474,0,0.000314288,-0.0126392,1.00318
30,37,0.476562,0.585938,1.00678,0.996711,0.499526,0,1.0069,1.00305,-0.00463247,0,0.000375915,-0.0127514,1.00306
31,37,0.492188,0.585938,1.00688,0.996215,0.500274,0,1.00702,1.00295,-0.00392684,0,0.000435669,-0.0133356,1.00296
32,37,0.507812,0.585938,1.00686,0.995781,0.501035,0,1.00696,1.00284,-0.00307794,0,0.000479508,-0.0135466,1.00284
33,37,0.523438,0.585938,1.00677,0.995437,0.50176,0,1.00679,1.00272,-0.00217535,0,0.00051157,-0.0136495,1.00272
34,37,0.539062,0.585938,1.00663,0.995165,0.502417,0,1.00655,1.0026,-0.00129356,0,0.000536336,-0.0136451,1.0026
35,37,0.554688,0.585938,1.00645,0.994967,0.503031,0,1.00624,1.00246,-0.000484021,0,0.000551565,-0.0132642,1.00246
36,37,0.570312,0.585938,1.00628,0.994893,0.503582,0,1.00598,1.00231,0.000221632,0,0.00056029,-0.0133146,1.00231
37,37,0.585938,0.585938,1.00612,0.994934,0.504052,0,1.00575,1.00216,0.000805197,0,0.000561306,-0.0134033,1.00216
38,37,0.601562,0.585938,1.00596,0.995074,0.504441,0,1.00556,1.002,0.00126956,0,0.000553365,-0.01341,1.002
39,37,0.617188,0.585938,1.00579,0.995318,0.504756,0,1.00542,1.00185,0.00162416,0,0.000535164,-0.013009,1.00185
40,37,0.632812,0.585938,1.00563,0.99564,0.504982,0,1.00532,1.00171,0.00187306,0,0.000512021,-0.0124949,1.00171
41,37,0.648438,0.585938,1.00543,0.996024,0.505147,0,1.00525,1.00159,0.00203758,0,0.000478606,-0.0114307,1.0016
42,37,0.664062,0.585938,1.00514,0.99644,0.505244,0,1.00516,1.0015,0.00213732,0,0.000440894,-0.010249,1.0015
43,37,0.679688,0.585938,1.00477,0.996856,0.505306,0,1.00503,1.00142,0.0021584,0,0.000402139,-0.00924651,1.00142
44,37,0.695312,0.585938,1.0043,0.997259,0.505315,0,1.00485,1.00137,0.00213327,0,0.000359223,-0.00799409,1.00137
45,37,0.710938,0.585938,1.00372,0.997649,0.50528,0,1.00459,1.00134,0.00207013,0,0.000317651,-0.00712351,1.00134
46,37,0.726562,0.585938,1.00303,0.998015,0.50521,0,1.00426,1.00132,0.00198237,0,0.000277481,-0.00660017,1.00132
47,37,0.742188,0.585938,1.00225,0.998364,0.505123,0,1.00388,1.00132,0.00187884,0,0.000234265,-0.00591184,1.00132
48,37,0.757812,0.585938,1.00139,0.998709,0.505026,0,1.00346,1.00134,0.00176797,0,0.000188118,-0.00475473,1.00134
49,37,0.773438,0.585938,1.00049,0.999055,0.504924,0,1.00301,1.00139,0.00165796,0,0.000141918,-0.0035373,1.00139
50,37,0.789062,0.585938,0.999561,0.999412,0.504821,0,1.00253,1.00146,0.00155499,0,9.61527e-05,-0.00238572,1.00146
51,37,0.804688,0.585938,0.998636,0.999787,0.504721,0,1.00203,1.00155,0.00146413,0,5.16885e-05,-0.00127362,1.00155
52,37,0.820312,0.585938,0.997777,1.00019,0.504627,0,1.00151,1.00167,0.0013887,0,9.24023e-06,-0.000246699,1.00167
53,37,0.835938,0.585938,0.997087,1.00062,0.504543,0,1.00097,1.0018,0.00133275,0,-3.15314e-05,0.000723223,1.0018
54,37,0.851562,0.585938,0.996631,1.00108,0.504468,0,1.00041,1.00196,0.00129705,0,-7.12029e-05,0.00168128,1.00196
55,37,0.867188,0.585938,0.996397,1.00158,0.504403,0,0.999827,1.00213,0.00128442,0,-0.000108203,0.00259994,1.00213
56,37,0.882812,0.585938,0.996318,1.00213,0.504346,0,0.999197,1.00231,0.00129467,0,-0.000142639,0.00335688,1.00232
57,37,0.898438,0.585938,0.996288,1.00272,0.504301,0,0.998518,1.00252,0.00132825,0,-0.000174453,0.00406156,1.00252
58,37,0.914062,0.585938,0.99628,1.00336,0.504266,0,0.997789,1.00273,0.00138866,0,-0.000203826,0.00481642,1.00273
59,37,0.929688,0.585938,0.996303,1.00406,0.504242,0,0.997001,1.00296,0.00147751,0,-0.000231671,0.00561305,1.00296
60,37,0.945312,0.585938,0.996355,1.00481,0.504228,0,0.99616,1.0032,0.00159308,0,-0.00025747,0.00654674,1.0032
61,37,0.960938,0.585938,0.996349,1.00562,0.504232,0,0.995267,1.00346,0.00173428,0,-0.000278265,0.0072713,1.00346
62,37,0.976562,0.585938,0.996308,1.00649,0.504247,0,0.994323,1.00373,0.00190264,0,-0.0002936,0.00790941,1.00374
63,37,0.992188,0.585938,0.996179,1.00741,0.504274,0,0.993336,1.00402,0.00209068,0,-0.000302997,0.00814808,1.00402
0,38,0.0078125,0.601562,0.995854,1.00827,0.503999,0,0.992212,1.00459,0.00211477,0,-0.000312368,0.00868296,1.00459
1,38,0.0234375,0.601562,0.995554,1.00924,0.503967,0,0.991152,1.00492,0.00232788,0,-0.000307522,0.00864489,1.00492
2,38,0.0390625,0.601562,0.995186,1.01021,0.503915,0,0.990116,1.00525,0.00254972,0,-0.000296603,0.00834692,1.00525
3,38,0.0546875,0.601562,0.994801,1.01112,0.503831,0,0.989161,1.00558,0.00277103,0,-0.000279942,0.00798508,1.00559
4,38,0.0703125,0.601562,0.994468,1.0119,0.503701,0,0.988371,1.00592,0.00298162,0,-0.000256966,0.00745201,1.00592
5,38,0.0859375,0.601562,0.994225,1.01247,0.503518,0,0.987874,1.00625,0.00317364,0,-0.0002303,0.00695857,1.00625
6,38,0.101562,0.601562,0.994296,1.01274,0.503267,0,0.987754,1.00657,0.00333264,0,-0.000196901,0.00621958,1.00657
7,38,0.117188,0.601562,0.99441,1.0128,0.502957,0,0.987881,1.00688,0.00347027,0,-0.000165671,0.00573193,1.00688
8,38,0.132812,0.601562,0.9948,1.01252,0.502575,0,0.988493,1.00717,0.00356454,0,-0.000129694,0.00502076,1.00717
9,38,0.148438,0.601562,0.995491,1.01181,0.502105,0,0.989616,1.00743,0.0036106,0,-8.66396e-05,0.00399341,1.00744
10,38,0.164062,0.601562,0.996482,1.01072,0.501574,0,0.991217,1.00767,0.00360005,0,-5.47005e-05,0.00362168,1.00768
11,38,0.179688,0.601562,0.997687,1.00936,0.501046,0,0.993155,1.00787,0.00360492,0,-3.07783e-05,0.00340147,1.00787
12,38,0.195312,0.601562,0.998921,1.00793,0.500561,0,0.995151,1.00801,0.00363889,0,-1.1011e-05,0.00297146,1.00802
13,38,0.210938,0.601562,0.999992,1.00667,0.500177,0,0.996922,1.00811,0.00373229,0,-1.50104e-06,0.00340201,1.00812
14,38,0.226562,0.601562,1.00079,1.00572,0.499933,0,0.998283,1.00815,0.00390901,0,5.36509e-06,0.00365749,1.00816
15,38,0.242188,0.601562,1.00131,1.00509,0.499841,0,0.999128,1.00811,0.00412955,0,9.22885e-07,0.00357811,1.00812
16,38,0.257812,0.601562,1.00154,1.00486,0.499832,0,0.999537,1.00802,0.00430575,0,-6.79651e-06,0.00386791,1.00803
17,38,0.273438,0.601562,1.00156,1.00481,0.499887,0,0.999522,1.00786,0.00440205,0,-3.43938e-05,0.00567732,1.00787
18,38,0.289062,0.601562,1.0015,1.00483,0.499899,0,0.999418,1.00761,0.00428638,0,-3.4021e-05,0.0039685,1.00762
19,38,0.304688,0.601562,1.00142,1.00482,0.499795,0,0.999265,1.0073,0.00387253,0,-6.5335e-05,0.00492364,1.00731
20,38,0.320312,0.601562,1.00153,1.00462,0.499573,0,0.999406,1.00691,0.00314576,0,-8.32542e-05,0.00429146,1.00692
21,38,0.335938,0.601562,1.00182,1.00419,0.499191,0,0.999743,1.00646,0.00207813,0,-8.98947e-05,0.00287316,1.00646
22,38,0.351562,0.601562,1.00226,1.00352,0.498816,0,1.00034,1.00597,0.000851804,0,-7.99764e-05,0.00113839,1.00597
23,38,0.367188,0.601562,1.00278,1.00268,0.498364,0,1.00111,1.00546,-0.000580392,0,-5.49709e-05,-0.000953482,1.00546
24,38,0.382812,0.601562,1.00339,1.00173,0.498033,0,1.00202,1.00495,-0.00196208,0,-7.56841e-06,-0.00397542,1.00495
25,38,0.398438,0.601562,1.00405,1.00071,0.497822,0,1.00299,1.00446,-0.00320529,0,5.4437e-05,-0.00672342,1.00447
26,38,0.414062,0.601562,1.00469,0.999712,0.497831,0,1.00395,1.00401,-0.00419265,0,0.000119649,-0.0091834,1.00402
27,38,0.429688,0.601562,1.00528,0.998784,0.498019,0,1.00482,1.0036,-0.00485226,0,0.000201001,-0.0107174,1.00361
28,38,0.445312,0.601562,1.00577,0.997932,0.498369,0,1.00551,1.00323,-0.00514665,0,0.000298808,-0.0151306,1.00324
29,38,0.460938,0.601562,1.00616,0.997173,0.498854,0,1.00607,1.00292,-0.00502799,0,0.00035501,-0.0148568,1.00293
30,38,0.476562,0.601562,1.00643,0.99651,0.499437,0,1.00644,1.00264,-0.00462173,0,0.00042189,-0.0168569,1.00266
31,38,0.492188,0.601562,1.00663,0.995952,0.500088,0,1.00667,1.00243,-0.00396098,0,0.000472152,-0.0162095,1.00243
32,38,0.507812,0.601562,1.00669,0.995431,0.500787,0,1.00669,1.00224,-0.00313754,0,0.000518185,-0.0156699,1.00225
33,38,0.523438,0.601562,1.00666,0.99502,0.501483,0,1.00661,1.00206,-0.00224925,0,0.000553126,-0.0159457,1.00207
34,38,0.539062,0.601562,1.0066,0.994695,0.50213,0,1.00645,1.0019,-0.00137783,0,0.000576001,-0.0159483,1.0019
35,38,0.554688,0.601562,1.00647,0.994464,0.502727,0,1.0062,1.00175,-0.00057289,0,0.000587668,-0.0155484,1.00175
36,38,0.570312,0.601562,1.00638,0.994364,0.503278,0,1.00598,1.0016,0.000129521,0,0.000589988,-0.0150764,1.0016
37,38,0.585938,0.601562,1.0063,0.9944,0.503766,0,1.00581,1.00147,0.000708767,0,0.000584333,-0.0146139,1.00147
38,38,0.601562,0.601562,1.0062,0.994545,0.504188,0,1.00566,1.00135,0.00116917,0,0.000570333,-0.0140405,1.00135
39,38,0.617188,0.601562,1.0061,0.9948,0.504539,0,1.00554,1.00125,0.00151989,0,0.00054766,-0.0133695,1.00125
40,38,0.632812,0.601562,1.00599,0.995143,0.504801,0,1.00549,1.00116,0.00176021,0,0.000520881,-0.0127288,1.00116
41,38,0.648438,0.601562,1.00587,0.995553,0.505005,0,1.00544,1.00109,0.00191989,0,0.000484491,-0.0117752,1.0011
42,38,0.664062,0.601562,1.00565,0.996,0.505133,0,1.00536,1.00105,0.00201222,0,0.000445519,-0.010836,1.00105
43,38,0.679688,0.601562,1.00532,0.996446,0.505227,0,1.00525,1.00103,0.00202657,0,0.000402101,-0.00984581,1.00103
44,38,0.695312,0.601562,1.00487,0.996881,0.505272,0,1.00508,1.00103,0.00199878,0,0.000356081,-0.00864791,1.00103
45,38,0.710938,0.601562,1.00429,0.9973,0.505267,0,1.00483,1.00105,0.00193644,0,0.000308465,-0.0074076,1.00105
46,38,0.726562,0.601562,1.00357,0.997697,0.50524,0,1.00452,1.00109,0.00184763,0,0.000259632,-0.00608457,1.00109
47,38,0.742188,0.601562,1.00273,0.998077,0.505186,0,1.00416,1.00114,0.00174447,0,0.000212999,-0.00488124,1.00114
48,38,0.757812,0.601562,1.00178,0.998449,0.505112,0,1.00374,1.00122,0.00163366,0,0.000167153,-0.00387908,1.00122
49,38,0.773438,0.601562,1.00075,0.99882,0.505021,0,1.00329,1.00131,0.0015231,0,0.000121802,-0.00291505,1.00131
50,38,0.789062,0.601562,0.99968,0.999197,0.504921,0,1.00281,1.00141,0.00142011,0,7.71267e-05,-0.00188608,1.00141
51,38,0.804688,0.601562,0.998596,0.999591,0.504814,0,1.00229,1.00153,0.00132844,0,3.37241e-05,-0.000927553,1.00153
52,38,0.820312,0.601562,0.997564,1.00001,0.504703,0,1.00175,1.00167,0.00125177,0,-9.47521e-06,4.76558e-05,1.00167
53,38,0.835938,0.601562,0.996699,1.00045,0.504594,0,1.00119,1.00183,0.00119456,0,-5.25317e-05,0.00113964,1.00183
54,38,0.851562,0.601562,0.996138,1.00093,0.504501,0,1.00061,1.002,0.00115753,0,-9.37972e-05,0.00231106,1.002
55,38,0.867188,0.601562,0.995887,1.00144,0.504416,0,0.999992,1.0022,0.00114409,0,-0.000132651,0.00345568,1.0022
56,38,0.882812,0.601562,0.995846,1.00199,0.504341,0,0.999341,1.00241,0.00115457,0,-0.000167679,0.00451799,1.00241
57,38,0.898438,0.601562,0.995835,1.00259,0.504268,0,0.998638,1.00263,0.00118685,0,-0.000198943,0.00531707,1.00263
58,38,0.914062,0.601562,0.995849,1.00324,0.504202,0,0.997882,1.00287,0.00124471,0,-0.000227374,0.00602781,1.00287
59,38,0.929688,0.601562,0.995926,1.00394,0.504144,0,0.99707,1.00312,0.00132962,0,-0.000252909,0.00668641,1.00312
60,38,0.945312,0.601562,0.996073,1.0047,0.5041,0,0.996202,1.00339,0.00144085,0,-0.000274648,0.00733729,1.00339
61,38,0.960938,0.601562,0.996151,1.00551,0.504064,0,0.995272,1.00367,0.0015773,0,-0.000292099,0.00789475,1.00367
62,38,0.976562,0.601562,0.996135,1.00639,0.50404,0,0.994291,1.00396,0.00173762,0,-0.000304049,0.00825859,1.00397
63,38,0.992188,0.601562,0.996053,1.00731,0.504021,0,0.993265,1.00427,0.00191718,0,-0.000311294,0.00856399,1.00427
0,39,0.0078125,0.617188,0.995668,1.00808,0.503531,0,0.991983,1.00479,0.00191021,0,-0.000321942,0.00896603,1.00479
1,39,0.0234375,0.617188,0.995368,1.00904,0.503438,0,0.990879,1.00514,0.0021132,0,-0.000314749,0.00886848,1.00514
2,39,0.0390625,0.617188,0.994989,1.01,0.503327,0,0.989804,1.0055,0.00232464,0,-0.000302075,0.0086912,1.0055
3,39,0.0546875,0.617188,0.994586,1.01089,0.503189,0,0.988817,1.00587,0.00253534,0,-0.000283429,0.00833177,1.00587
4,39,0.0703125,0.617188,0.994235,1.01166,0.503012,0,0.988001,1.00624,0.00273553,0,-0.000258522,0.00780489,1.00624
5,39,0.0859375,0.617188,0.993965,1.01221,0.502791,0,0.987483,1.0066,0.0029197,0,-0.000228535,0.00722386,1.00661
6,39,0.101562,0.617188,0.994028,1.01247,0.502512,0,0.987336,1.00696,0.00307205,0,-0.000193555,0.00646184,1.00697
7,39,0.117188,0.617188,0.99413,1.01253,0.502199,0,0.987447,1.00731,0.00321428,0,-0.000160222,0.00595649,1.00732
8,39,0.132812,0.617188,0.994513,1.01223,0.501819,0,0.988049,1.00765,0.00331192,0,-0.000120126,0.00512234,1.00765
9,39,0.148438,0.617188,0.995186,1.01154,0.501361,0,0.989142,1.00796,0.00335822,0,-7.70116e-05,0.00401247,1.00797
10,39,0.164062,0.617188,0.996151,1.01047,0.500868,0,0.990698,1.00825,0.00336933,0,-4.48507e-05,0.00385507,1.00826
11,39,0.179688,0.617188,0.997316,1.00916,0.500407,0,0.992563,1.0085,0.0034086,0,-1.82619e-05,0.0036027,1.00851
12,39,0.195312,0.617188,0.99849,1.00782,0.500003,0,0.994454,1.00871,0.00348223,0,3.87585e-06,0.00324493,1.00872
13,39,0.210938,0.617188,0.999487,1.00666,0.499713,0,0.996098,1.00887,0.00362734,0,1.76052e-05,0.00323988,1.00887
14,39,0.226562,0.617188,1.0002,1.00584,0.499579,0,0.997297,1.00896,0.00386843,0,2.52885e-05,0.00346201,1.00897
15,39,0.242188,0.617188,1.00058,1.00533,0.499623,0,0.997931,1.009,0.00415146,0,2.77063e-05,0.0036749,1.00901
16,39,0.257812,0.617188,1.00076,1.00527,0.499727,0,0.998236,1.00896,0.00439782,0,2.44821e-05,0.00336656,1.00897
17,39,0.273438,0.617188,1.00071,1.00533,0.499907,0,0.998161,1.00884,0.00460139,0,7.51913e-06,0.00501364,1.00885
18,39,0.289062,0.617188,1.00059,1.00542,0.500078,0,0.99797,1.00862,0.00455091,0,7.18132e-06,0.00297861,1.00863
19,39,0.304688,0.617188,1.00047,1.00545,0.500074,0,0.997752,1.00832,0.00424335,0,-1.78864e-05,0.00460692,1.00833
20,39,0.320312,0.617188,1.00054,1.00529,0.499978,0,0.997855,1.00792,0.00360552,0,-3.63182e-05,0.00409001,1.00793
21,39,0.335938,0.617188,1.00081,1.00487,0.499707,0,0.998201,1.00744,0.00261013,0,-4.8986e-05,0.00290322,1.00744
22,39,0.351562,0.617188,1.00127,1.00416,0.499401,0,0.998851,1.00688,0.00142644,0,-4.60882e-05,0.00102579,1.00688
23,39,0.367188,0.617188,1.00184,1.00327,0.498989,0,0.999692,1.00627,1.22787e-05,0,-2.46907e-05,-0.00110754,1.00627
24,39,0.382812,0.617188,1.00252,1.00221,0.498651,0,1.00072,1.00563,-0.00138718,0,1.87784e-05,-0.00393127,1.00563
25,39,0.398438,0.617188,1.00324,1.00109,0.498397,0,1.00182,1.005,-0.00268389,0,7.88337e-05,-0.00736242,1.005
26,39,0.414062,0.617188,1.00397,0.999965,0.498299,0,1.00291,1.00438,-0.00372246,0,0.000143816,-0.00919052,1.00439
27,39,0.429688,0.617188,1.00465,0.998898,0.498383,0,1.00395,1.0038,-0.00445958,0,0.000230186,-0.0123058,1.00381
28,39,0.445312,0.617188,1.00522,0.997929,0.498659,0,1.00478,1.00325,-0.00485063,0,0.000319718,-0.0159174,1.00326
29,39,0.460938,0.617188,1.0057,0.997066,0.498988,0,1.00547,1.00277,-0.00480207,0,0.000389326,-0.0163377,1.00278
30,39,0.476562,0.617188,1.00606,0.996295,0.49946,0,1.00597,1.00234,-0.00447914,0,0.000464846,-0.018435,1.00235
31,39,0.492188,0.617188,1.00629,0.995652,0.499988,0,1.00625,1.00196,-0.00389424,0,0.000524785,-0.019861,1.00197
32,39,0.507812,0.617188,1.00646,0.995074,0.500568,0,1.0064,1.00165,-0.00313169,0,0.000567183,-0.019636,1.00166
33,39,0.523438,0.617188,1.00649,0.994593,0.501189,0,1.00637,1.00139,-0.00228256,0,0.000596188,-0.0186464,1.0014
34,39,0.539062,0.617188,1.00647,0.994229,0.501783,0,1.00626,1.00117,-0.00144325,0,0.000615795,-0.0182021,1.00118
35,39,0.554688,0.617188,1.00642,0.993964,0.502352,0,1.00606,1.00099,-0.000664408,0,0.000624356,-0.0177093,1.00099
36,39,0.570312,0.617188,1.00637,0.993848,0.502885,0,1.00588,1.00084,1.78198e-05,0,0.000621435,-0.0169943,1.00084
37,39,0.585938,0.617188,1.00634,0.993884,0.503365,0,1.00574,1.00071,0.000579842,0,0.000609762,-0.01626,1.00071
38,39,0.601562,0.617188,1.00631,0.994041,0.503789,0,1.0056,1.00061,0.00102553,0,0.000589129,-0.0153836,1.00061
39,39,0.617188,0.617188,1.00628,0.994311,0.50415,0,1.00551,1.00054,0.00136435,0,0.000560815,-0.0143645,1.00055
40,39,0.632812,0.617188,1.00623,0.994676,0.504424,0,1.00547,1.0005,0.00159194,0,0.000527226,-0.0133818,1.0005
41,39,0.648438,0.617188,1.00616,0.995119,0.504659,0,1.00543,1.00049,0.00174485,0,0.000485654,-0.0121005,1.00049
42,39,0.664062,0.617188,1.00603,0.995595,0.504811,0,1.00537,1.0005,0.0018287,0,0.000441819,-0.0109603,1.0005
43,39,0.679688,0.617188,1.00577,0.996074,0.504934,0,1.00527,1.00054,0.00183976,0,0.000392917,-0.00956128,1.00054
44,39,0.695312,0.617188,1.00536,0.996542,0.505004,0,1.00512,1.0006,0.00181303,0,0.000343038,-0.00815279,1.0006
45,39,0.710938,0.617188,1.00479,0.99699,0.505034,0,1.0049,1.00067,0.00175115,0,0.00029364,-0.00696121,1.00068
46,39,0.726562,0.617188,1.00404,0.997415,0.505027,0,1.0046,1.00077,0.00166706,0,0.000243635,-0.00561518,1.00077
47,39,0.742188,0.617188,1.00313,0.997822,0.504999,0,1.00425,1.00087,0.00156789,0,0.000193947,-0.00438154,1.00088
48,39,0.757812,0.617188,1.00209,0.998215,0.504948,0,1.00385,1.001,0.00146238,0,0.000145758,-0.00321476,1.001
49,39,0.773438,0.617188,1.00094,0.998605,0.504878,0,1.0034,1.00113,0.00135737,0,9.88292e-05,-0.00210178,1.00113
50,39,0.789062,0.617188,0.999713,0.998999,0.504792,0,1.00292,1.00127,0.00125936,0,5.33439e-05,-0.00104391,1.00127
51,39,0.804688,0.617188,0.998448,0.999406,0.504695,0,1.0024,1.00143,0.0011722,0,9.14704e-06,2.35852e-07,1.00143
52,39,0.820312,0.617188,0.99721,0.999833,0.50459,0,1.00186,1.0016,0.00109919,0,-3.35524e-05,0.00101951,1.0016
53,39,0.835938,0.617188,0.996162,1.00028,0.504478,0,1.00128,1.00178,0.00104387,0,-7.41627e-05,0.00192563,1.00178
54,39,0.851562,0.617188,0.995489,1.00076,0.504368,0,1.00067,1.00197,0.0010066,0,-0.000112493,0.00279044,1.00197
55,39,0.867188,0.617188,0.995254,1.00128,0.504263,0,1.00003,1.00218,0.000993471,0,-0.000149005,0.0037627,1.00218
56,39,0.882812,0.617188,0.995229,1.00183,0.504162,0,0.999357,1.00241,0.00100355,0,-0.000183071,0.00466235,1.00241
57,39,0.898438,0.617188,0.995231,1.00243,0.504066,0,0.998633,1.00265,0.00103391,0,-0.000215434,0.00556709,1.00265
58,39,0.914062,0.617188,0.995282,1.00308,0.503978,0,0.997856,1.0029,0.00108783,0,-0.0002452,0.00646976,1.00291
59,39,0.929688,0.617188,0.995432,1.00378,0.503901,0,0.997023,1.00318,0.00116772,0,-0.000270965,0.00734552,1.00318
60,39,0.945312,0.617188,0.995665,1.00454,0.503829,0,0.996126,1.00348,0.00127218,0,-0.000291781,0.00801326,1.00348
61,39,0.960938,0.617188,0.995871,1.00535,0.503762,0,0.995168,1.00378,0.00140086,0,-0.000307205,0.00854059,1.00379
62,39,0.976562,0.617188,0.995889,1.00622,0.503695,0,0.99415,1.00411,0.00155235,0,-0.000316953,0.00883958,1.00411
63,39,0.992188,0.617188,0.995842,1.00713,0.503618,0,0.993081,1.00444,0.00172289,0,-0.000322269,0.00896133,1.00444
0,40,0.0078125,0.632812,0.995402,1.00781,0.502943,0,0.991662,1.00489,0.00168072,0,-0.000335612,0.00964937,1.00489
1,40,0.0234375,0.632812,0.995105,1.00875,0.502803,0,0.990521,1.00528,0.00186931,0,-0.000327029,0.00936143,1.00528
2,40,0.0390625,0.632812,0.994716,1.00968,0.502644,0,0.989412,1.00568,0.00206598,0,-0.000313128,0.00906348,1.00568
3,40,0.0546875,0.632812,0.994295,1.01055,0.502466,0,0.988394,1.00609,0.00226247,0,-0.000292759,0.00875398,1.00609
4,40,0.0703125,0.632812,0.993924,1.0113,0.502257,0,0.987552,1.00651,0.00244891,0,-0.000266874,0.00829907,1.00651
5,40,0.0859375,0.632812,0.993631,1.01183,0.502013,0,0.987013,1.00693,0.00262036,0,-0.00023477,0.00769862,1.00693
6,40,0.101562,0.632812,0.993678,1.01206,0.501721,0,0.98683,1.00735,0.00276415,0,-0.000200162,0.00706292,1.00735
7,40,0.117188,0.632812,0.99376,1.01212,0.501417,0,0.986921,1.00776,0.00290525,0,-0.000163503,0.00647138,1.00776
8,40,0.132812,0.632812,0.994132,1.0118,0.501045,0,0.987511,1.00816,0.00299812,0,-0.000121542,0.00558751,1.00816
9,40,0.148438,0.632812,0.994789,1.0111,0.500608,0,0.988571,1.00855,0.00304336,0,-7.99845e-05,0.00470349,1.00855
10,40,0.164062,0.632812,0.995727,1.01007,0.500155,0,0.990069,1.00891,0.00307078,0,-4.49398e-05,0.00434502,1.00892
11,40,0.179688,0.632812,0.996858,1.0088,0.499759,0,0.991858,1.00924,0.00313942,0,-1.48182e-05,0.00406696,1.00925
12,40,0.195312,0.632812,0.997966,1.00755,0.499434,0,0.993634,1.00953,0.00325208,0,1.04377e-05,0.00373039,1.00954
13,40,0.210938,0.632812,0.998867,1.00651,0.499234,0,0.995115,1.00977,0.00345178,0,3.51018e-05,0.00371083,1.00977
14,40,0.226562,0.632812,0.999503,1.00579,0.499246,0,0.996178,1.00993,0.00374579,0,4.07452e-05,0.00293331,1.00994
15,40,0.242188,0.632812,0.999792,1.00535,0.499373,0,0.99667,1.01004,0.00409767,0,5.2731e-05,0.00322692,1.01005
16,40,0.257812,0.632812,0.999879,1.00539,0.499611,0,0.996806,1.01006,0.0044278,0,5.23118e-05,0.00337302,1.01007
17,40,0.273438,0.632812,0.999742,1.00561,0.499933,0,0.99659,1.01,0.00473226,0,4.4828e-05,0.00420555,1.01001
18,40,0.289062,0.632812,0.999581,1.00579,0.500236,0,0.996347,1.00983,0.00478365,0,2.70873e-05,0.00432466,1.00984
19,40,0.304688,0.632812,0.999416,1.00591,0.50037,0,0.996074,1.00955,0.00458097,0,2.52854e-05,0.00343126,1.00956
20,40,0.320312,0.632812,0.99945,1.00581,0.500373,0,0.996124,1.00915,0.00406256,0,1.17627e-05,0.00394009,1.00916
21,40,0.335938,0.632812,0.999682,1.00542,0.500234,0,0.996477,1.00864,0.00317532,0,-5.45484e-06,0.00322692,1.00864
22,40,0.351562,0.632812,1.00015,1.00473,0.500024,0,0.997181,1.008,0.00207664,0,-2.38682e-06,0.00106992,1.00801
23,40,0.367188,0.632812,1.00077,1.00382,0.499674,0,0.998119,1.00728,0.000710171,0,2.22618e-05,-0.00168219,1.00728
24,40,0.382812,0.632812,1.00154,1.00271,0.499349,0,0.999289,1.0065,-0.000680691,0,6.24535e-05,-0.00466089,1.0065
25,40,0.398438,0.632812,1.00237,1.0015,0.499073,0,1.00057,1.00569,-0.00200171,0,0.000119319,-0.0079471,1.0057
26,40,0.414062,0.632812,1.0032,1.00026,0.498911,0,1.00184,1.00489,-0.00309008,0,0.000188291,-0.0111503,1.00489
27,40,0.429688,0.632812,1.004,0.999056,0.498897,0,1.00307,1.00411,-0.00389395,0,0.000262993,-0.0136703,1.00412
28,40,0.445312,0.632812,1.00467,0.997956,0.499069,0,1.00407,1.00336,-0.00437187,0,0.0003482,-0.0169166,1.00337
29,40,0.460938,0.632812,1.00524,0.996963,0.499248,0,1.0049,1.00269,-0.00442516,0,0.000439172,-0.0189895,1.0027
30,40,0.476562,0.632812,1.00568,0.996081,0.499591,0,1.00551,1.00209,-0.00419294,0,0.000500809,-0.0200938,1.0021
31,40,0.492188,0.632812,1.00599,0.995333,0.500003,0,1.0059,1.00157,-0.00370185,0,0.000563639,-0.0213364,1.00157
32,40,0.507812,0.632812,1.00617,0.994719,0.500447,0,1.00608,1.00111,-0.00302939,0,0.000610066,-0.0223666,1.00112
33,40,0.523438,0.632812,1.00627,0.994181,0.500941,0,1.00611,1.00075,-0.00225535,0,0.000640887,-0.0217339,1.00075
34,40,0.539062,0.632812,1.00631,0.993774,0.50144,0,1.00604,1.00045,-0.00147442,0,0.000656464,-0.0209182,1.00045
35,40,0.554688,0.632812,1.00629,0.993486,0.501935,0,1.00586,1.00022,-0.000744808,0,0.000658959,-0.0200274,1.00022
36,40,0.570312,0.632812,1.00628,0.993356,0.502418,0,1.00569,1.00004,-0.000101475,0,0.000649253,-0.0188779,1.00004
37,40,0.585938,0.632812,1.00631,0.993397,0.502868,0,1.00556,0.999917,0.00042835,0,0.000631282,-0.0177669,0.999917
38,40,0.601562,0.632812,1.00632,0.993566,0.503276,0,1.00543,0.999836,0.000848225,0,0.000603891,-0.0165347,0.999836
39,40,0.617188,0.632812,1.00634,0.993863,0.503632,0,1.00534,0.999796,0.00116562,0,0.000572076,-0.0152347,0.999797
40,40,0.632812,0.632812,1.00637,0.994244,0.503915,0,1.00532,0.999794,0.00137635,0,0.000529923,-0.0139698,0.999795
41,40,0.648438,0.632812,1.00634,0.994731,0.504166,0,1.00527,0.999826,0.00151819,0,0.000485395,-0.0124747,0.999827
42,40,0.664062,0.632812,1.00627,0.995236,0.504336,0,1.00522,0.999887,0.00159329,0,0.000437203,-0.0111532,0.999888
43,40,0.679688,0.632812,1.00608,0.99575,0.504476,0,1.00514,0.999973,0.00160295,0,0.000384856,-0.00960363,0.999975
44,40,0.695312,0.632812,1.00571,0.996251,0.504566,0,1.00499,1.00008,0.00157828,0,0.000332341,-0.00815966,1.00008
45,40,0.710938,0.632812,1.00516,0.996727,0.504618,0,1.00478,1.00021,0.00152155,0,0.000279679,-0.00667435,1.00021
46,40,0.726562,0.632812,1.0044,0.997178,0.50464,0,1.00449,1.00035,0.00144238,0,0.00022785,-0.00541846,1.00035
47,40,0.742188,0.632812,1.00344,0.997609,0.504631,0,1.00415,1.0005,0.00135176,0,0.000176693,-0.00398866,1.0005
48,40,0.757812,0.632812,1.0023,0.998019,0.504603,0,1.00376,1.00066,0.00125562,0,0.000126556,-0.00267459,1.00067
49,40,0.773438,0.632812,1.001,0.998422,0.504553,0,1.00332,1.00084,0.00116065,0,7.83783e-05,-0.00149187,1.00084
50,40,0.789062,0.632812,0.999611,0.998827,0.504486,0,1.00285,1.00102,0.00107231,0,3.22173e-05,-0.000360579,1.00102
51,40,0.804688,0.632812,0.998144,0.99924,0.504402,0,1.00234,1.00121,0.000993669,0,-1.22264e-05,0.000712622,1.00121
52,40,0.820312,0.632812,0.996692,0.99967,0.504307,0,1.00179,1.00141,0.000928015,0,-5.49453e-05,0.00175259,1.00141
53,40,0.835938,0.632812,0.995447,1.00012,0.504202,0,1.00122,1.00162,0.000878321,0,-9.53915e-05,0.0027457,1.00162
54,40,0.851562,0.632812,0.994666,1.0006,0.504093,0,1.00061,1.00184,0.000843721,0,-0.000133514,0.00362659,1.00184
55,40,0.867188,0.632812,0.994476,1.00112,0.50398,0,0.99996,1.00207,0.000831348,0,-0.000169857,0.00452425,1.00207
56,40,0.882812,0.632812,0.994462,1.00167,0.503867,0,0.99927,1.00232,0.000840627,0,-0.000203169,0.00542741,1.00232
57,40,0.898438,0.632812,0.994479,1.00226,0.503755,0,0.998528,1.00258,0.00086867,0,-0.000233498,0.00624649,1.00258
58,40,0.914062,0.632812,0.994594,1.0029,0.503642,0,0.997729,1.00286,0.000917736,0,-0.000260459,0.00690888,1.00286
59,40,0.929688,0.632812,0.994831,1.00359,0.503529,0,0.996868,1.00315,0.000989995,0,-0.0002835,0.00747507,1.00315
60,40,0.945312,0.632812,0.995152,1.00433,0.503415,0,0.995943,1.00346,0.00108516,0,-0.000302889,0.00799219,1.00346
61,40,0.960938,0.632812,0.995489,1.00513,0.5033,0,0.994953,1.00379,0.00120326,0,-0.000318843,0.00849304,1.00379
62,40,0.976562,0.632812,0.995583,1.00598,0.503184,0,0.993901,1.00414,0.00134393,0,-0.000331159,0.00903469,1.00414
63,40,0.992188,0.632812,0.995552,1.00688,0.503065,0,0.992799,1.00451,0.00150421,0,-0.000337268,0.00952862,1.00451
0,41,0.0078125,0.648438,0.9951,1.00743,0.502257,0,0.991304,1.00488,0.00141711,0,-0.000346441,0.00953655,1.00488
1,41,0.0234375,0.648438,0.994812,1.00834,0.502087,0,0.990135,1.00532,0.00158905,0,-0.000341014,0.00981407,1.00532
2,41,0.0390625,0.648438,0.994415,1.00924,0.50191,0,0.988998,1.00577,0.00176749,0,-0.000327481,0.00972022,1.00577
3,41,0.0546875,0.648438,0.993979,1.01008,0.501705,0,0.987955,1.00623,0.00194302,0,-0.00030705,0.00925371,1.00623
4,41,0.0703125,0.648438,0.993582,1.01079,0.501478,0,0.987087,1.00671,0.00211027,0,-0.000281506,0.00888583,1.00671
5,41,0.0859375,0.648438,0.993285,1.01129,0.501219,0,0.986532,1.0072,0.00226247,0,-0.000249137,0.00836421,1.0072
6,41,0.101562,0.648438,0.993292,1.01148,0.500924,0,0.986316,1.00769,0.00239497,0,-0.000216367,0.00791148,1.00769
7,41,0.117188,0.648438,0.993342,1.01153,0.500631,0,0.986381,1.00818,0.00252458,0,-0.000173992,0.0070856,1.00819
8,41,0.132812,0.648438,0.993706,1.01118,0.500273,0,0.986958,1.00867,0.00260641,0,-0.000132794,0.00626262,1.00868
9,41,0.148438,0.648438,0.994344,1.01048,0.499861,0,0.987984,1.00915,0.00264931,0,-9.30751e-05,0.00555731,1.00916
10,41,0.164062,0.648438,0.995253,1.00946,0.499445,0,0.989419,1.00961,0.00268784,0,-5.44837e-05,0.00504221,1.00962
11,41,0.179688,0.648438,0.996347,1.00823,0.499108,0,0.991123,1.01004,0.00278154,0,-1.90144e-05,0.00455901,1.01005
12,41,0.195312,0.648438,0.997388,1.00704,0.498866,0,0.992773,1.01043,0.00293694,0,1.08511e-05,0.00428549,1.01043
13,41,0.210938,0.648438,0.998187,1.0061,0.498777,0,0.99407,1.01075,0.00317565,0,4.43595e-05,0.00298616,1.01075
14,41,0.226562,0.648438,0.998717,1.0055,0.498899,0,0.994958,1.01101,0.00355092,0,4.84259e-05,0.00434308,1.01102
15,41,0.242188,0.648438,0.998949,1.00523,0.499122,0,0.995343,1.01119,0.00396377,0,7.58223e-05,0.0029939,1.0112
16,41,0.257812,0.648438,0.99892,1.00526,0.49949,0,0.995329,1.01128,0.00438761,0,8.29176e-05,0.00320445,1.01129
17,41,0.273438,0.648438,0.998704,1.00556,0.499949,0,0.994961,1.01127,0.00478465,0,8.63513e-05,0.00241403,1.01128
18,41,0.289062,0.648438,0.998541,1.00578,0.500346,0,0.994703,1.01114,0.00498443,0,6.0007e-05,0.00487671,1.01116
19,41,0.304688,0.648438,0.998354,1.00593,0.500648,0,0.994381,1.01087,0.00489742,0,6.27544e-05,0.00258672,1.01088
20,41,0.320312,0.648438,0.998362,1.00587,0.500775,0,0.994396,1.01047,0.00450497,0,5.45997e-05,0.0027253,1.01048
21,41,0.335938,0.648438,0.998572,1.00549,0.500737,0,0.994753,1.00992,0.0037734,0,3.84514e-05,0.00343312,1.00993
22,41,0.351562,0.648438,0.999019,1.0048,0.500646,0,0.995477,1.00923,0.00279986,0,3.99611e-05,0.0018081,1.00923
23,41,0.367188,0.648438,0.999676,1.00386,0.500378,0,0.996507,1.00841,0.0015098,0,6.43352e-05,-0.00126933,1.00841
24,41,0.382812,0.648438,1.00052,1.00271,0.500093,0,0.997812,1.0075,0.000160824,0,0.000101385,-0.00437428,1.0075
25,41,0.398438,0.648438,1.00144,1.00147,0.499818,0,0.999246,1.00653,-0.0011554,0,0.000157445,-0.00782408,1.00653
26,41,0.414062,0.648438,1.00237,1.0002,0.499628,0,1.00069,1.00554,-0.00227942,0,0.000227937,-0.0116228,1.00554
27,41,0.429688,0.648438,1.00326,0.998958,0.499527,0,1.00207,1.00456,-0.00313844,0,0.000302886,-0.0143231,1.00456
28,41,0.445312,0.648438,1.00405,0.997818,0.499585,0,1.0033,1.00362,-0.00370074,0,0.000386511,-0.0172629,1.00362
29,41,0.460938,0.648438,1.00473,0.996737,0.499683,0,1.00428,1.00273,-0.0038939,0,0.000489504,-0.0225582,1.00274
30,41,0.476562,0.648438,1.00526,0.995787,0.499864,0,1.00504,1.00195,-0.0037541,0,0.000543041,-0.0220031,1.00196
31,41,0.492188,0.648438,1.00565,0.994959,0.500124,0,1.00553,1.00126,-0.0033771,0,0.00060358,-0.0235851,1.00126
32,41,0.507812,0.648438,1.00588,0.994311,0.500449,0,1.00582,1.00067,-0.0028145,0,0.000648896,-0.024052,1.00067
33,41,0.523438,0.648438,1.00605,0.993729,0.500786,0,1.00586,1.00017,-0.00214752,0,0.00068052,-0.0246206,1.00018
34,41,0.539062,0.648438,1.00609,0.993305,0.501156,0,1.00581,0.999787,-0.00145402,0,0.000691629,-0.0234544,0.999788
35,41,0.554688,0.648438,1.00608,0.993019,0.501543,0,1.00564,0.999493,-0.000797978,0,0.000690635,-0.0222496,0.999493
36,41,0.570312,0.648438,1.0061,0.992885,0.501939,0,1.00547,0.999276,-0.000213463,0,0.000676272,-0.021042,0.999276
37,41,0.585938,0.648438,1.00617,0.992937,0.502325,0,1.00531,0.999132,0.000266375,0,0.0006511,-0.0195673,0.999132
38,41,0.601562,0.648438,1.00624,0.993132,0.502688,0,1.00516,0.999054,0.000647577,0,0.000616691,-0.0178471,0.999054
39,41,0.617188,0.648438,1.00631,0.993446,0.503009,0,1.00508,0.999034,0.00092965,0,0.000580104,-0.0164137,0.999034
40,41,0.632812,0.648438,1.00638,0.993868,0.503288,0,1.00503,0.999062,0.0011228,0,0.000530358,-0.0144328,0.999062
41,41,0.648438,0.648438,1.00641,0.994385,0.503528,0,1.00498,0.99913,0.00124646,0,0.000483245,-0.0130049,0.999131
42,41,0.664062,0.648438,1.0064,0.994929,0.503707,0,1.00493,0.999233,0.00131383,0,0.000430516,-0.0113119,0.999234
43,41,0.679688,0.648438,1.00631,0.995476,0.503858,0,1.00485,0.999363,0.00132257,0,0.000374989,-0.00959934,0.999364
44,41,0.695312,0.648438,1.00602,0.996008,0.503965,0,1.0047,0.999515,0.0013009,0,0.000320318,-0.00803085,0.999516
45,41,0.710938,0.648438,1.00548,0.996512,0.504037,0,1.00449,0.999685,0.00125071,0,0.00026614,-0.00648793,0.999685
46,41,0.726562,0.648438,1.00469,0.996985,0.504079,0,1.00422,0.999867,0.00118196,0,0.000212873,-0.00498866,0.999868
47,41,0.742188,0.648438,1.00364,0.997434,0.504093,0,1.00388,1.00006,0.00110094,0,0.000161779,-0.00377781,1.00006
48,41,0.757812,0.648438,1.00237,0.997858,0.504082,0,1.0035,1.00026,0.00101795,0,0.000111294,-0.00236328,1.00026
49,41,0.773438,0.648438,1.00094,0.998271,0.504052,0,1.00307,1.00047,0.000936986,0,6.23132e-05,-0.00106893,1.00047
50,41,0.789062,0.648438,0.999357,0.998681,0.504003,0,1.00261,1.00068,0.000861236,0,1.5911e-05,9.01884e-05,1.00068
51,41,0.804688,0.648438,0.997679,0.999095,0.503937,0,1.00211,1.0009,0.000794029,0,-2.85187e-05,0.00119447,1.0009
52,41,0.820312,0.648438,0.996005,0.999522,0.503857,0,1.00158,1.00112,0.00073812,0,-7.10176e-05,0.00224537,1.00112
53,41,0.835938,0.648438,0.994556,0.999968,0.503763,0,1.00101,1.00136,0.000695814,0,-0.000111263,0.00322768,1.00136
54,41,0.851562,0.648438,0.993689,1.00044,0.503661,0,1.00041,1.0016,0.000666083,0,-0.00014913,0.00414245,1.0016
55,41,0.867188,0.648438,0.993547,1.00094,0.503546,0,0.999761,1.00185,0.000656461,0,-0.000184784,0.00499812,1.00185
56,41,0.882812,0.648438,0.993542,1.00148,0.503426,0,0.999068,1.00212,0.000664615,0,-0.000217541,0.00578026,1.00212
57,41,0.898438,0.648438,0.99359,1.00206,0.503302,0,0.998321,1.0024,0.000689613,0,-0.000248004,0.00658098,1.0024
58,41,0.914062,0.648438,0.993799,1.00268,0.503174,0,0.997512,1.0027,0.000733713,0,-0.000275436,0.00733187,1.0027
59,41,0.929688,0.648438,0.994146,1.00335,0.503038,0,0.996636,1.00301,0.000798111,0,-0.000299074,0.00795369,1.00301
60,41,0.945312,0.648438,0.99457,1.00408,0.502895,0,0.99569,1.00335,0.00088283,0,-0.000318727,0.00850538,1.00335
61,41,0.960938,0.648438,0.995035,1.00485,0.502744,0,0.994674,1.0037,0.000988136,0,-0.000333473,0.00894336,1.0037
62,41,0.976562,0.648438,0.995252,1.00567,0.502587,0,0.993595,1.00408,0.00111386,0,-0.000342793,0.0092197,1.00408
63,41,0.992188,0.648438,0.99523,1.00653,0.502426,0,0.992465,1.00447,0.00125749,0,-0.000346714,0.00938635,1.00447
0,42,0.0078125,0.664062,0.994755,1.00696,0.501548,0,0.990952,1.0048,0.00111998,0,-0.000360116,0.0100498,1.0048
1,42,0.0234375,0.664062,0.994479,1.00783,0.501352,0,0.989772,1.00528,0.00126709,0,-0.000352125,0.00999107,1.00528
2,42,0.0390625,0.664062,0.994086,1.00868,0.501148,0,0.988623,1.00578,0.00142002,0,-0.000338878,0.00983995,1.00578
3,42,0.0546875,0.664062,0.993645,1.00946,0.500941,0,0.987566,1.00631,0.00157059,0,-0.000320268,0.00979582,1.00631
4,42,0.0703125,0.664062,0.993238,1.01012,0.500701,0,0.986682,1.00685,0.00171154,0,-0.000296034,0.00920646,1.00685
5,42,0.0859375,0.664062,0.992952,1.01057,0.500427,0,0.986116,1.00741,0.00183817,0,-0.000263493,0.00866136,1.00741
6,42,0.101562,0.664062,0.992932,1.01072,0.500151,0,0.985884,1.00798,0.00195536,0,-0.000232583,0.00819642,1.00798
7,42,0.117188,0.664062,0.992965,1.0107,0.499854,0,0.985929,1.00856,0.00205863,0,-0.000187832,0.00745833,1.00856
8,42,0.132812,0.664062,0.993315,1.0103,0.499522,0,0.986481,1.00915,0.00212765,0,-0.000146616,0.00690217,1.00915
9,42,0.148438,0.664062,0.993941,1.00957,0.499145,0,0.987482,1.00972,0.00216711,0,-0.000107627,0.00621111,1.00973
10,42,0.164062,0.664062,0.99482,1.00856,0.498772,0,0.988857,1.01028,0.00221336,0,-6.52811e-05,0.00542202,1.01029
11,42,0.179688,0.664062,0.995854,1.00736,0.498501,0,0.990453,1.01081,0.00233125,0,-2.50885e-05,0.00474805,1.01081
12,42,0.195312,0.664062,0.996808,1.00623,0.498339,0,0.991941,1.01128,0.00253068,0,1.29497e-05,0.00452071,1.01129
13,42,0.210938,0.664062,0.997516,1.00536,0.49836,0,0.993081,1.0117,0.00280761,0,4.26845e-05,0.00328669,1.01171
14,42,0.226562,0.664062,0.997929,1.00482,0.498576,0,0.99377,1.01205,0.00325944,0,6.28875e-05,0.00376004,1.01206
15,42,0.242188,0.664062,0.998085,1.00466,0.498885,0,0.994034,1.01232,0.00374255,0,8.62117e-05,0.00312433,1.01233
16,42,0.257812,0.664062,0.997984,1.00477,0.499347,0,0.993895,1.0125,0.00427189,0,9.98377e-05,0.00367632,1.01251
17,42,0.273438,0.664062,0.997682,1.00516,0.499909,0,0.993418,1.01255,0.00477757,0,0.000120615,0.00277122,1.01256
18,42,0.289062,0.664062,0.997451,1.00545,0.500441,0,0.99305,1.01245,0.00514387,0,0.000108617,0.00378758,1.01246
19,42,0.304688,0.664062,0.99728,1.00568,0.500922,0,0.992747,1.01218,0.00520511,0,9.42865e-05,0.00269555,1.0122
20,42,0.320312,0.664062,0.997266,1.00566,0.501161,0,0.992724,1.01175,0.00495967,0,0.000100702,0.00173513,1.01177
21,42,0.335938,0.664062,0.997495,1.00531,0.501258,0,0.993118,1.01116,0.00439633,0,8.97382e-05,0.00203449,1.01117
22,42,0.351562,0.664062,0.997953,1.00465,0.501273,0,0.993866,1.01041,0.00357556,0,9.06929e-05,0.00124942,1.01041
23,42,0.367188,0.664062,0.998659,1.0037,0.501091,0,0.995006,1.00951,0.00239742,0,0.000100597,-0.000817752,1.00951
24,42,0.382812,0.664062,0.999547,1.00255,0.500863,0,0.996422,1.00848,0.00112758,0,0.000136071,-0.00386589,1.00848
25,42,0.398438,0.664062,1.00054,1.00128,0.500607,0,0.997997,1.00737,-0.000157554,0,0.0001918,-0.00748156,1.00737
26,42,0.414062,0.664062,1.00156,0.999966,0.5004,0,0.999614,1.00621,-0.00129724,0,0.000261639,-0.0113094,1.00621
27,42,0.429688,0.664062,1.00255,0.99867,0.500241,0,1.00116,1.00505,-0.00221669,0,0.000341267,-0.0152237,1.00505
28,42,0.445312,0.664062,1.00344,0.997463,0.500179,0,1.00256,1.00392,-0.00285195,0,0.000419678,-0.0174868,1.00393
29,42,0.460938,0.664062,1.00419,0.996354,0.500206,0,1.00369,1.00286,-0.00317986,0,0.00051186,-0.0223643,1.00287
30,42,0.476562,0.664062,1.00481,0.995357,0.50024,0,1.00458,1.0019,-0.00316137,0,0.000583,-0.0234145,1.00191
31,42,0.492188,0.664062,1.00527,0.994501,0.500369,0,1.00519,1.00105,-0.00291933,0,0.000637534,-0.0251439,1.00106
32,42,0.507812,0.664062,1.00556,0.993808,0.500545,0,1.00554,1.00032,-0.00248523,0,0.000681119,-0.0258544,1.00032
33,42,0.523438,0.664062,1.00577,0.993228,0.500742,0,1.00569,0.999708,-0.0019449,0,0.000711363,-0.026093,0.99971
34,42,0.539062,0.664062,1.00584,0.992821,0.500962,0,1.00562,0.999219,-0.00136762,0,0.000722158,-0.0257836,0.99922
35,42,0.554688,0.664062,1.00584,0.992523,0.50122,0,1.00543,0.998846,-0.000808167,0,0.000715276,-0.0245238,0.998846
36,42,0.570312,0.664062,1.00587,0.992426,0.501504,0,1.00524,0.998582,-0.000303473,0,0.000693784,-0.0226766,0.998582
37,42,0.585938,0.664062,1.00595,0.992497,0.501798,0,1.00505,0.998411,0.000108288,0,0.000664277,-0.0210524,0.998411
38,42,0.601562,0.664062,1.00606,0.992722,0.502087,0,1.00487,0.998323,0.000436003,0,0.000625602,-0.0191579,0.998323
39,42,0.617188,0.664062,1.00618,0.993063,0.502352,0,1.00475,0.998308,0.000672008,0,0.000583542,-0.0174727,0.998308
40,42,0.632812,0.664062,1.00629,0.993533,0.502598,0,1.00467,0.998352,0.000840479,0,0.000530091,-0.0152259,0.998352
41,42,0.648438,0.664062,1.00637,0.99408,0.50281,0,1.0046,0.998445,0.000942027,0,0.000479147,-0.0135425,0.998445
42,42,0.664062,0.664062,1.00637,0.99466,0.502981,0,1.00453,0.998578,0.000999343,0,0.000423592,-0.0116304,0.998578
43,42,0.679688,0.664062,1.00631,0.995239,0.503131,0,1.00444,0.998741,0.00100655,0,0.00036583,-0.00974899,0.998742
44,42,0.695312,0.664062,1.00605,0.995801,0.503245,0,1.00429,0.998928,0.000988471,0,0.000309913,-0.00807545,0.998928
45,42,0.710938,0.664062,1.00551,0.996331,0.503329,0,1.00408,0.999131,0.000946502,0,0.000254845,-0.00646169,0.999131
46,42,0.726562,0.664062,1.00471,0.996824,0.503386,0,1.0038,0.999346,0.000890064,0,0.000201072,-0.00489747,0.999347
47,42,0.742188,0.664062,1.00362,0.997287,0.503418,0,1.00348,0.99957,0.00082346,0,0.000148991,-0.00346831,0.99957
48,42,0.757812,0.664062,1.00227,0.997722,0.503426,0,1.0031,0.999798,0.000754844,0,9.94948e-05,-0.00219812,0.999799
49,42,0.773438,0.664062,1.00068,0.998141,0.503413,0,1.00268,1.00003,0.000689969,0,5.00294e-05,-0.000805376,1.00003
50,42,0.789062,0.664062,0.998919,0.998551,0.503381,0,1.00223,1.00027,0.00062937,0,3.98962e-06,0.000366003,1.00027
51,42,0.804688,0.664062,0.997039,0.998961,0.503331,0,1.00174,1.00051,0.000575615,0,-4.00956e-05,0.00149636,1.00051
52,42,0.820312,0.664062,0.995143,0.99938,0.503265,0,1.00122,1.00076,0.000531143,0,-8.22664e-05,0.00255809,1.00076
53,42,0.835938,0.664062,0.993495,0.999816,0.503184,0,1.00067,1.00101,0.000497647,0,-0.000122291,0.00353743,1.00101
54,42,0.851562,0.664062,0.99257,1.00028,0.50309,0,1.00008,1.00127,0.000474466,0,-0.000160212,0.00448053,1.00127
55,42,0.867188,0.664062,0.992475,1.00076,0.502979,0,0.99944,1.00155,0.000468706,0,-0.00019543,0.00534175,1.00155
56,42,0.882812,0.664062,0.992482,1.00128,0.50286,0,0.998754,1.00183,0.000475984,0,-0.000228315,0.00611344,1.00183
57,42,0.898438,0.664062,0.992584,1.00184,0.50273,0,0.998011,1.00213,0.000497559,0,-0.000258788,0.00687458,1.00213
58,42,0.914062,0.664062,0.992909,1.00243,0.50259,0,0.997203,1.00245,0.000535722,0,-0.000286133,0.00758483,1.00245
59,42,0.929688,0.664062,0.993384,1.00308,0.50244,0,0.996324,1.00278,0.00059087,0,-0.000309974,0.00819346,1.00278
60,42,0.945312,0.664062,0.993931,1.00376,0.502279,0,0.995373,1.00314,0.000663075,0,-0.000330203,0.00871908,1.00314
61,42,0.960938,0.664062,0.994526,1.0045,0.502108,0,0.994351,1.00352,0.000752804,0,-0.000346116,0.00917859,1.00352
62,42,0.976562,0.664062,0.994877,1.00528,0.501927,0,0.993265,1.00392,0.000860299,0,-0.000356542,0.00958322,1.00392
63,42,0.992188,0.664062,0.994868,1.00611,0.501739,0,0.992125,1.00435,0.000983521,0,-0.000361492,0.0098826,1.00435
0,43,0.0078125,0.679688,0.994371,1.00642,0.500837,0,0.990636,1.00464,0.000786185,0,-0.00037222,0.0101124,1.00464
1,43,0.0234375,0.679688,0.994107,1.00722,0.50062,0,0.989458,1.00516,0.000902048,0,-0.000366398,0.010193,1.00516
2,43,0.0390625,0.679688,0.993718,1.00801,0.500392,0,0.988314,1.00572,0.00102097,0,-0.000352708,0.0100705,1.00572
3,43,0.0546875,0.679688,0.99327,1.00874,0.500146,0,0.987258,1.0063,0.00113795,0,-0.000334794,0.00980198,1.0063
4,43,0.0703125,0.679688,0.992842,1.00933,0.499917,0,0.986371,1.00692,0.00124999,0,-0.000312055,0.0100724,1.00692
5,43,0.0859375,0.679688,0.992562,1.00972,0.499666,0,0.985832,1.00757,0.00134665,0,-0.000282804,0.00968419,1.00757
6,43,0.101562,0.679688,0.992446,1.00977,0.499429,0,0.985523,1.00822,0.0014393,0,-0.000246621,0.00915412,1.00823
7,43,0.117188,0.679688,0.992507,1.00967,0.499127,0,0.985602,1.00889,0.00150843,0,-0.000201795,0.00740476,1.00889
8,43,0.132812,0.679688,0.992835,1.00922,0.498798,0,0.986103,1.00956,0.00156116,0,-0.000157647,0.00649673,1.00956
9,43,0.148438,0.679688,0.993447,1.00843,0.498462,0,0.987051,1.01022,0.00159966,0,-0.000114377,0.00593424,1.01022
10,43,0.164062,0.679688,0.994294,1.00737,0.498161,0,0.988346,1.01086,0.00165406,0,-6.84842e-05,0.00519412,1.01086
11,43,0.179688,0.679688,0.99527,1.00616,0.497969,0,0.989837,1.01147,0.00179686,0,-2.71863e-05,0.0047879,1.01147
12,43,0.195312,0.679688,0.996151,1.00503,0.497897,0,0.991176,1.01203,0.00202173,0,1.78141e-05,0.00367002,1.01204
13,43,0.210938,0.679688,0.996806,1.00418,0.497977,0,0.992198,1.01255,0.0023592,0,4.00748e-05,0.00439322,1.01255
14,43,0.226562,0.679688,0.997141,1.00369,0.498265,0,0.992731,1.01299,0.00287332,0,7.90466e-05,0.00333136,1.01299
15,43,0.242188,0.679688,0.997228,1.00356,0.498666,0,0.992849,1.01333,0.00344162,0,9.86543e-05,0.00274506,1.01334
16,43,0.257812,0.679688,0.997072,1.00373,0.499207,0,0.992608,1.01357,0.00407955,0,0.000121077,0.00268073,1.01358
17,43,0.273438,0.679688,0.996719,1.00413,0.499845,0,0.992074,1.01367,0.00471169,0,0.000146518,0.00226781,1.01368
18,43,0.289062,0.679688,0.996422,1.00451,0.500527,0,0.991577,1.01361,0.00525185,0,0.00014214,0.00298387,1.01362
19,43,0.304688,0.679688,0.996218,1.00476,0.501113,0,0.991228,1.01336,0.00551891,0,0.000131534,0.00420099,1.01337
20,43,0.320312,0.679688,0.996216,1.00489,0.50152,0,0.991204,1.0129,0.00543115,0,0.000139432,0.000981438,1.01292
21,43,0.335938,0.679688,0.996468,1.0046,0.501761,0,0.991611,1.01227,0.00505434,0,0.000136306,0.0013946,1.01228
22,43,0.351562,0.679688,0.996962,1.00401,0.501894,0,0.992424,1.01145,0.00439263,0,0.000142141,-0.000103708,1.01146
23,43,0.367188,0.679688,0.997719,1.00311,0.501799,0,0.993659,1.01046,0.00337353,0,0.000143703,-0.000810689,1.01047
24,43,0.382812,0.679688,0.998658,1.00199,0.501646,0,0.99518,1.00932,0.00220746,0,0.000176622,-0.00371223,1.00932
25,43,0.398438,0.679688,0.999713,1.00075,0.501428,0,0.99688,1.00808,0.0009741,0,0.000226319,-0.00713381,1.00808
26,43,0.414062,0.679688,1.00082,0.999458,0.501219,0,0.998649,1.00678,-0.000166035,0,0.000292205,-0.0109011,1.00678
27,43,0.429688,0.679688,1.0019,0.998172,0.501017,0,1.00036,1.00547,-0.00113768,0,0.000370022,-0.0148727,1.00547
28,43,0.445312,0.679688,1.00288,0.996958,0.500874,0,1.00192,1.00419,-0.00185243,0,0.000447498,-0.017869,1.00419
29,43,0.460938,0.679688,1.00372,0.995859,0.500789,0,1.00321,1.00297,-0.0022969,0,0.000526718,-0.0211415,1.00298
30,43,0.476562,0.679688,1.0044,0.994858,0.500719,0,1.00421,1.00186,-0.00243917,0,0.000609821,-0.0252759,1.00186
31,43,0.492188,0.679688,1.00491,0.994005,0.500706,0,1.00492,1.00088,-0.00233382,0,0.000653994,-0.0253179,1.00088
32,43,0.507812,0.679688,1.00526,0.99329,0.500733,0,1.00534,1.00002,-0.00204863,0,0.000696791,-0.0266174,1.00003
33,43,0.523438,0.679688,1.00548,0.992729,0.500792,0,1.00553,0.999312,-0.0016534,0,0.000724627,-0.0268424,0.999313
34,43,0.539062,0.679688,1.0056,0.992311,0.500877,0,1.00548,0.998739,-0.00120768,0,0.000730883,-0.0264118,0.99874
35,43,0.554688,0.679688,1.0056,0.992057,0.50099,0,1.00527,0.998304,-0.00076934,0,0.000722746,-0.0253891,0.998304
36,43,0.570312,0.679688,1.00563,0.991989,0.501151,0,1.00507,0.99799,-0.000363248,0,0.000700417,-0.0238885,0.99799
37,43,0.585938,0.679688,1.00569,0.992082,0.501335,0,1.00482,0.997789,-3.45651e-05,0,0.000667617,-0.0220529,0.997789
38,43,0.601562,0.679688,1.00581,0.992337,0.501531,0,1.00459,0.997683,0.000226577,0,0.000626648,-0.0201452,0.997683
39,43,0.617188,0.679688,1.00596,0.992716,0.501719,0,1.00443,0.997662,0.000408173,0,0.000580983,-0.0182678,0.997662
40,43,0.632812,0.679688,1.00608,0.993228,0.501912,0,1.00429,0.997709,0.000543264,0,0.000526268,-0.015986,0.997709
41,43,0.648438,0.679688,1.00618,0.993807,0.502077,0,1.0042,0.997813,0.000618009,0,0.00047264,-0.0140888,0.997813
42,43,0.664062,0.679688,1.00621,0.994419,0.502222,0,1.00409,0.997962,0.000661438,0,0.000415946,-0.0120603,0.997963
43,43,0.679688,0.679688,1.00616,0.99503,0.502357,0,1.00398,0.998147,0.000665739,0,0.000357063,-0.00999653,0.998147
44,43,0.695312,0.679688,1.00592,0.995619,0.502466,0,1.00381,0.998356,0.000651066,0,0.000300688,-0.00822317,0.998356
45,43,0.710938,0.679688,1.00537,0.99617,0.502553,0,1.00359,0.998583,0.000617905,0,0.000245096,-0.00650456,0.998583
46,43,0.726562,0.679688,1.00454,0.996677,0.502618,0,1.00331,0.998822,0.000574332,0,0.000191108,-0.00488697,0.998823
47,43,0.742188,0.679688,1.00339,0.997148,0.502662,0,1.00298,0.999069,0.000524425,0,0.00013877,-0.00332643,0.99907
48,43,0.757812,0.679688,1.00193,0.997589,0.502685,0,1.00261,0.999321,0.000471211,0,8.96007e-05,-0.00205637,0.999321
49,43,0.773438,0.679688,1.00022,0.998009,0.502684,0,1.0022,0.999576,0.000424655,0,4.21342e-05,-0.000653649,0.999576
50,43,0.789062,0.679688,0.9983,0.998417,0.502667,0,1.00175,0.999833,0.000380516,0,-3.43195e-06,0.000519621,0.999833
51,43,0.804688,0.679688,0.996228,0.998821,0.502632,0,1.00128,1.00009,0.000341451,0,-4.65205e-05,0.00161168,1.00009
52,43,0.820312,0.679688,0.994122,0.999231,0.50258,0,1.00077,1.00036,0.000309769,0,-8.78596e-05,0.00265599,1.00036
53,43,0.835938,0.679688,0.992293,0.999655,0.502511,0,1.00024,1.00062,0.000286202,0,-0.000127328,0.00362423,1.00062
54,43,0.851562,0.679688,0.99136,1.0001,0.502426,0,0.999662,1.0009,0.000270629,0,-0.000165078,0.00458445,1.0009
55,43,0.867188,0.679688,0.991304,1.00057,0.502323,0,0.999042,1.00118,0.000268329,0,-0.000199834,0.00540607,1.00118
56,43,0.882812,0.679688,0.99133,1.00106,0.502209,0,0.998371,1.00148,0.000275014,0,-0.00023323,0.00621172,1.00148
57,43,0.898438,0.679688,0.991511,1.00159,0.50208,0,0.997641,1.0018,0.000292968,0,-0.000264318,0.00697663,1.0018
58,43,0.914062,0.679688,0.991962,1.00216,0.501937,0,0.996847,1.00213,0.000323899,0,-0.000292118,0.0077103,1.00213
59,43,0.929688,0.679688,0.992574,1.00276,0.501781,0,0.995982,1.00248,0.000368196,0,-0.000316013,0.00836249,1.00248
60,43,0.945312,0.679688,0.993256,1.00341,0.501613,0,0.995043,1.00286,0.000425941,0,-0.000336055,0.00888856,1.00286
61,43,0.960938,0.679688,0.993978,1.0041,0.501435,0,0.994028,1.00326,0.000497185,0,-0.000352465,0.00927733,1.00326
62,43,0.976562,0.679688,0.994459,1.00484,0.501246,0,0.992944,1.00369,0.000581894,0,-0.000364595,0.00959498,1.00369
63,43,0.992188,0.679688,0.994468,1.00561,0.501046,0,0.991808,1.00415,0.000678875,0,-0.000371329,0.00990199,1.00415
0,44,0.0078125,0.695312,0.994104,1.00579,0.500182,0,0.990481,1.00436,0.000423348,0,-0.000368438,0.00973616,1.00436
1,44,0.0234375,0.695312,0.993867,1.00653,0.499982,0,0.989335,1.00491,0.000501963,0,-0.000364417,0.00975319,1.00491
2,44,0.0390625,0.695312,0.993504,1.00724,0.499775,0,0.988226,1.0055,0.000580883,0,-0.000353362,0.00971508,1.0055
3,44,0.0546875,0.695312,0.993078,1.00787,0.499558,0,0.987211,1.00613,0.000655105,0,-0.000332454,0.00939701,1.00613
4,44,0.0703125,0.695312,0.992651,1.00836,0.499327,0,0.986347,1.0068,0.000722894,0,-0.000303193,0.00865787,1.0068
5,44,0.0859375,0.695312,0.992397,1.00869,0.499076,0,0.985821,1.00748,0.000785823,0,-0.000279136,0.00811132,1.00748
6,44,0.101562,0.695312,0.992238,1.00864,0.498819,0,0.985521,1.0082,0.000845239,0,-0.00024564,0.00773455,1.0082
7,44,0.117188,0.695312,0.992285,1.00846,0.498543,0,0.985605,1.00893,0.000893257,0,-0.000213247,0.00776733,1.00893
8,44,0.132812,0.695312,0.992547,1.00791,0.498281,0,0.98606,1.00968,0.000927167,0,-0.000167197,0.00731641,1.00968
9,44,0.148438,0.695312,0.993109,1.00704,0.498008,0,0.986947,1.01043,0.000957213,0,-0.000126437,0.0065694,1.01043
10,44,0.164062,0.695312,0.99389,1.00593,0.497749,0,0.988136,1.01116,0.0010105,0,-8.73259e-05,0.00584443,1.01116
11,44,0.179688,0.695312,0.994774,1.0047,0.497584,0,0.989504,1.01188,0.00117325,0,-4.99777e-05,0.0058763,1.01188
12,44,0.195312,0.695312,0.995553,1.00355,0.49756,0,0.990711,1.01255,0.00141524,0,-3.0372e-06,0.00440084,1.01255
13,44,0.210938,0.695312,0.996124,1.00269,0.497663,0,0.991586,1.01317,0.00181632,0,2.7798e-05,0.00496187,1.01318
14,44,0.226562,0.695312,0.99641,1.00222,0.497979,0,0.992003,1.01371,0.00239602,0,8.18919e-05,0.00350389,1.01371
15,44,0.242188,0.695312,0.996448,1.00203,0.498478,0,0.991931,1.01412,0.00307739,0,0.000108729,0.00341872,1.01413
16,44,0.257812,0.695312,0.996258,1.00222,0.499117,0,0.991587,1.01441,0.00383082,0,0.000140641,0.00214737,1.01441
17,44,0.273438,0.695312,0.995893,1.00264,0.49984,0,0.991004,1.01454,0.00459744,0,0.00016521,0.0015075,1.01455
18,44,0.289062,0.695312,0.995593,1.00305,0.500641,0,0.990462,1.01451,0.00532617,0,0.000165793,0.00286855,1.01453
19,44,0.304688,0.695312,0.995376,1.00329,0.501351,0,0.990101,1.01428,0.00580056,0,0.000172708,0.00336092,1.0143
20,44,0.320312,0.695312,0.995389,1.00352,0.501895,0,0.99012,1.01383,0.00593185,0,0.000164832,0.0028371,1.01385
21,44,0.335938,0.695312,0.995619,1.00331,0.502254,0,0.990462,1.01313,0.00574302,0,0.000181903,-0.000365517,1.01315
22,44,0.351562,0.695312,0.996147,1.00281,0.502508,0,0.991343,1.01226,0.0052655,0,0.000182728,-0.000307034,1.01227
23,44,0.367188,0.695312,0.996919,1.00203,0.502516,0,0.992605,1.01118,0.00442717,0,0.000192288,-0.00138024,1.01119
24,44,0.382812,0.695312,0.997917,1.00103,0.502439,0,0.994233,1.00995,0.00337938,0,0.000218505,-0.00380484,1.00996
25,44,0.398438,0.695312,0.999034,0.9999,0.502267,0,0.996037,1.00859,0.00221792,0,0.000261317,-0.00719771,1.0086
26,44,0.414062,0.695312,1.00021,0.998705,0.502065,0,0.997932,1.00717,0.00108844,0,0.000321391,-0.0109507,1.00717
27,44,0.429688,0.695312,1.00137,0.997505,0.501827,0,0.999782,1.00573,7.22061e-05,0,0.000391071,-0.0148879,1.00573
28,44,0.445312,0.695312,1.00244,0.996355,0.501595,0,1.00146,1.00431,-0.000728384,0,0.000464387,-0.0183648,1.00431
29,44,0.460938,0.695312,1.00336,0.995292,0.501394,0,1.00289,1.00298,-0.00128325,0,0.000533271,-0.0207228,1.00298
30,44,0.476562,0.695312,1.00409,0.994333,0.501253,0,1.00398,1.00175,-0.00159421,0,0.000605672,-0.0243788,1.00175
31,44,0.492188,0.695312,1.00465,0.993488,0.501094,0,1.00476,1.00067,-0.00164581,0,0.0006592,-0.0252729,1.00067
32,44,0.507812,0.695312,1.00503,0.992788,0.500997,0,1.00522,0.999737,-0.00152381,0,0.00069115,-0.0260089,0.999738
33,44,0.523438,0.695312,1.00527,0.992258,0.500918,0,1.00543,0.998959,-0.00129037,0,0.000715648,-0.0265949,0.998959
34,44,0.539062,0.695312,1.00542,0.991851,0.500882,0,1.0054,0.998334,-0.000990888,0,0.000721964,-0.0260916,0.998335
35,44,0.554688,0.695312,1.00539,0.991624,0.500857,0,1.00517,0.997853,-0.000683602,0,0.000710667,-0.0253275,0.997853
36,44,0.570312,0.695312,1.00542,0.9916,0.500891,0,1.00495,0.997506,-0.00039032,0,0.000688665,-0.023928,0.997506
37,44,0.585938,0.695312,1.00545,0.991715,0.500956,0,1.00465,0.997279,-0.000156386,0,0.000656606,-0.0223247,0.997279
38,44,0.601562,0.695312,1.00555,0.992003,0.501054,0,1.00437,0.997156,2.86966e-05,0,0.000615705,-0.0205003,0.997156
39,44,0.617188,0.695312,1.00569,0.992419,0.501158,0,1.00416,0.997126,0.000149088,0,0.000568208,-0.0185335,0.997126
40,44,0.632812,0.695312,1.00579,0.992968,0.501287,0,1.00397,0.997172,0.000242943,0,0.000514388,-0.0162861,0.997172
41,44,0.648438,0.695312,1.00587,0.993575,0.501397,0,1.00382,0.997279,0.000286915,0,0.000459836,-0.0143094,0.997279
42,44,0.664062,0.695312,1.0059,0.994214,0.501503,0,1.00368,0.997437,0.000311774,0,0.0004033,-0.0122948,0.997437
43,44,0.679688,0.695312,1.00585,0.994847,0.501607,0,1.00352,0.997634,0.000310761,0,0.000344969,-0.0101041,0.997634
44,44,0.695312,0.695312,1.00558,0.995456,0.501696,0,1.00333,0.997858,0.000298188,0,0.00029048,-0.00826976,0.997858
45,44,0.710938,0.695312,1.00502,0.996027,0.501772,0,1.00308,0.998099,0.00027385,0,0.000237131,-0.00655955,0.998099
46,44,0.726562,0.695312,1.00415,0.996552,0.501833,0,1.0028,0.998351,0.000243858,0,0.00018538,-0.00500739,0.998351
47,44,0.742188,0.695312,1.00295,0.997032,0.50188,0,1.00247,0.99861,0.000211008,0,0.00013499,-0.00352613,0.99861
48,44,0.757812,0.695312,1.00142,0.997479,0.501911,0,1.00209,0.998871,0.000175863,0,8.67348e-05,-0.0021566,0.998871
49,44,0.773438,0.695312,0.999592,0.9979,0.501921,0,1.00169,0.999135,0.000145586,0,4.17187e-05,-0.000993651,0.999135
50,44,0.789062,0.695312,0.997526,0.998306,0.501915,0,1.00126,0.999401,0.000120059,0,-3.18024e-06,0.000338721,0.999401
51,44,0.804688,0.695312,0.995278,0.998701,0.501893,0,1.0008,0.999667,9.6721e-05,0,-4.50624e-05,0.00139938,0.999667
52,44,0.820312,0.695312,0.992987,0.999097,0.501855,0,1.00031,0.999937,7.85109e-05,0,-8.57716e-05,0.00244136,0.999937
53,44,0.835938,0.695312,0.991022,0.999504,0.5018,0,0.999797,1.00021,6.53109e-05,0,-0.000124973,0.00343931,1.00021
54,44,0.851562,0.695312,0.990127,0.999925,0.501725,0,0.999246,1.00049,5.75391e-05,0,-0.000162503,0.00443209,1.00049
55,44,0.867188,0.695312,0.990106,1.00037,0.501633,0,0.998652,1.00079,5.78924e-05,0,-0.000196861,0.00525169,1.00079
56,44,0.882812,0.695312,0.990159,1.00083,0.501526,0,0.998006,1.00109,6.42385e-05,0,-0.00022981,0.00606876,1.00109
57,44,0.898438,0.695312,0.990432,1.00133,0.501404,0,0.9973,1.00141,7.81352e-05,0,-0.000260564,0.00677198,1.00141
58,44,0.914062,0.695312,0.991002,1.00186,0.501266,0,0.996527,1.00175,0.000100425,0,-0.00028916,0.00740507,1.00175
59,44,0.929688,0.695312,0.991754,1.00242,0.50111,0,0.995686,1.00211,0.000131706,0,-0.000313992,0.00804273,1.00211
60,44,0.945312,0.695312,0.992595,1.00302,0.500937,0,0.994773,1.0025,0.000172611,0,-0.000334231,0.00862121,1.0025
61,44,0.960938,0.695312,0.993483,1.00366,0.500751,0,0.993786,1.00292,0.000223332,0,-0.000349607,0.00910573,1.00292
62,44,0.976562,0.695312,0.994137,1.00434,0.500562,0,0.992732,1.00336,0.000282976,0,-0.000360151,0.00945061,1.00336
63,44,0.992188,0.695312,0.994181,1.00506,0.500375,0,0.991624,1.00384,0.000349695,0,-0.000366524,0.00962943,1.00384
0,45,0.0078125,0.710938,0.994076,1.00515,0.499619,0,0.990554,1.004,3.40787e-05,0,-0.000357495,0.00923252,1.004
1,45,0.0234375,0.710938,0.993864,1.0058,0.499421,0,0.989447,1.00457,7.18857e-05,0,-0.000351898,0.00913816,1.00457
2,45,0.0390625,0.710938,0.993517,1.00642,0.499218,0,0.988372,1.00519,0.00010756,0,-0.000340208,0.00892829,1.00519
3,45,0.0546875,0.710938,0.993101,1.00697,0.499007,0,0.987383,1.00584,0.000136393,0,-0.000320705,0.00853311,1.00584
4,45,0.0703125,0.710938,0.992677,1.00737,0.498775,0,0.986542,1.00653,0.000160583,0,-0.000296141,0.00810604,1.00653
5,45,0.0859375,0.710938,0.992397,1.00759,0.498569,0,0.985987,1.00725,0.000190837,0,-0.000272519,0.00785813,1.00725
6,45,0.101562,0.710938,0.992263,1.00744,0.498316,0,0.985749,1.00799,0.000201717,0,-0.000236374,0.00676929,1.00799
7,45,0.117188,0.710938,0.992311,1.00713,0.498068,0,0.985844,1.00877,0.0002201,0,-0.000199991,0.00633786,1.00877
8,45,0.132812,0.710938,0.992578,1.00646,0.497796,0,0.986311,1.00955,0.000222486,0,-0.000149052,0.00522848,1.00955
9,45,0.148438,0.710938,0.993148,1.00548,0.497536,0,0.9872,1.01034,0.000249096,0,-0.000110128,0.00476693,1.01034
10,45,0.164062,0.710938,0.993923,1.00429,0.497295,0,0.988374,1.0111,0.000303336,0,-6.78378e-05,0.00364679,1.0111
11,45,0.179688,0.710938,0.994781,1.00299,0.49715,0,0.98969,1.01184,0.000482116,0,-2.47382e-05,0.00300059,1.01184
12,45,0.195312,0.710938,0.995519,1.0018,0.497172,0,0.990837,1.01253,0.000749291,0,1.87935e-05,0.00190734,1.01253
13,45,0.210938,0.710938,0.996029,1.0009,0.497344,0,0.991633,1.01317,0.00121108,0,5.48884e-05,0.00203765,1.01317
14,45,0.226562,0.710938,0.996181,1.00038,0.497708,0,0.991945,1.01374,0.00185346,0,0.000103604,0.00151239,1.01374
15,45,0.242188,0.710938,0.996082,1.00027,0.498251,0,0.991768,1.0142,0.00265367,0,0.00011948,0.0025203,1.0142
16,45,0.257812,0.710938,0.995835,1.00042,0.49892,0,0.991335,1.01453,0.00353461,0,0.000146477,0.00198237,1.01453
17,45,0.273438,0.710938,0.995437,1.00082,0.49971,0,0.9907,1.0147,0.00444838,0,0.000168717,0.00166323,1.01471
18,45,0.289062,0.710938,0.995089,1.00131,0.500577,0,0.990074,1.0147,0.00536511,0,0.000172296,0.0024392,1.01472
19,45,0.304688,0.710938,0.994859,1.00158,0.501358,0,0.989655,1.01451,0.00603764,0,0.000179301,0.00270435,1.01452
20,45,0.320312,0.710938,0.99488,1.00183,0.501984,0,0.989674,1.01409,0.00644,0,0.000164613,0.00551754,1.01411
21,45,0.335938,0.710938,0.995085,1.0017,0.502543,0,0.989978,1.01341,0.00645245,0,0.000173157,0.00233326,1.01343
22,45,0.351562,0.710938,0.99562,1.0013,0.502878,0,0.990831,1.01251,0.00618249,0,0.000193057,0.000927257,1.01253
23,45,0.367188,0.710938,0.996419,1.00068,0.503015,0,0.992115,1.01141,0.00552064,0,0.000206699,-0.0004677,1.01142
24,45,0.382812,0.710938,0.997453,0.999804,0.503003,0,0.993772,1.01013,0.00461514,0,0.000234735,-0.00250175,1.01014
25,45,0.398438,0.710938,0.998598,0.998814,0.502902,0,0.995607,1.00873,0.00354051,0,0.000267165,-0.005119,1.00874
26,45,0.414062,0.710938,0.999809,0.997733,0.502726,0,0.997548,1.00725,0.00243132,0,0.000322379,-0.00893032,1.00725
27,45,0.429688,0.710938,1.00101,0.996644,0.502494,0,0.999445,1.00574,0.0013822,0,0.000385085,-0.0124124,1.00575
28,45,0.445312,0.710938,1.00213,0.995584,0.502258,0,1.00118,1.00427,0.000495033,0,0.000454435,-0.0158404,1.00427
29,45,0.460938,0.710938,1.0031,0.994595,0.502018,0,1.00267,1.00288,-0.000186771,0,0.000524701,-0.0191106,1.00288
30,45,0.476562,0.710938,1.00388,0.993716,0.50177,0,1.00385,1.00159,-0.000652471,0,0.000588932,-0.0219688,1.00159
31,45,0.492188,0.710938,1.00446,0.992945,0.501537,0,1.00466,1.00045,-0.000893926,0,0.000645206,-0.0252883,1.00045
32,45,0.507812,0.710938,1.00487,0.992297,0.501303,0,1.00516,0.999468,-0.000937545,0,0.000672867,-0.0251065,0.999469
33,45,0.523438,0.710938,1.00511,0.991816,0.501098,0,1.00538,0.998654,-0.000875959,0,0.000692248,-0.0255824,0.998655
34,45,0.539062,0.710938,1.00524,0.991457,0.500934,0,1.00535,0.998001,-0.000733118,0,0.000696287,-0.0252877,0.998002
35,45,0.554688,0.710938,1.00522,0.991256,0.500792,0,1.00513,0.997499,-0.000561823,0,0.000682699,-0.0243548,0.997499
36,45,0.570312,0.710938,1.00522,0.991274,0.500712,0,1.00486,0.997135,-0.000391163,0,0.000660401,-0.0233312,0.997135
37,45,0.585938,0.710938,1.00522,0.991435,0.500666,0,1.00452,0.996899,-0.000258208,0,0.000628302,-0.0216241,0.996899
38,45,0.601562,0.710938,1.00529,0.991765,0.500675,0,1.0042,0.996774,-0.000156685,0,0.000587843,-0.019866,0.996774
39,45,0.617188,0.710938,1.00541,0.992205,0.500694,0,1.00394,0.996744,-0.000101702,0,0.000540678,-0.017974,0.996744
40,45,0.632812,0.710938,1.00547,0.992793,0.500748,0,1.00369,0.996793,-5.45769e-05,0,0.000492487,-0.0159311,0.996793
41,45,0.648438,0.710938,1.00552,0.993439,0.500802,0,1.00349,0.996903,-4.273e-05,0,0.000441218,-0.0140557,0.996903
42,45,0.664062,0.710938,1.00552,0.994122,0.500866,0,1.0033,0.99706,-3.83746e-05,0,0.000389101,-0.0123237,0.99706
43,45,0.679688,0.710938,1.00546,0.994801,0.500931,0,1.00311,0.997255,-4.64993e-05,0,0.000335839,-0.0104003,0.997255
44,45,0.695312,0.710938,1.00517,0.995441,0.500992,0,1.00289,0.997477,-5.9067e-05,0,0.000283825,-0.00865919,0.997477
45,45,0.710938,0.710938,1.00458,0.996026,0.501045,0,1.00264,0.997718,-7.50443e-05,0,0.000232126,-0.00688786,0.997718
46,45,0.726562,0.710938,1.00367,0.996553,0.501093,0,1.00235,0.997971,-9.1358e-05,0,0.000182748,-0.00525699,0.997971
47,45,0.742188,0.710938,1.00241,0.997031,0.501135,0,1.00201,0.99823,-0.000107115,0,0.000135587,-0.00379439,0.99823
48,45,0.757812,0.710938,1.00079,0.997468,0.501166,0,1.00164,0.998491,-0.000123479,0,9.02582e-05,-0.00246144,0.998491
49,45,0.773438,0.710938,0.998854,0.997871,0.501182,0,1.00125,0.998752,-0.000137026,0,4.74021e-05,-0.00136681,0.998752
50,45,0.789062,0.710938,0.996653,0.998255,0.501181,0,1.00083,0.999015,-0.000144545,0,5.01079e-06,-0.000133194,0.999015
51,45,0.804688,0.710938,0.994257,0.99863,0.50117,0,1.00038,0.999278,-0.000152242,0,-3.52053e-05,0.000930493,0.999278
52,45,0.820312,0.710938,0.991819,0.999004,0.501145,0,0.999918,0.999544,-0.000157015,0,-7.48144e-05,0.0019466,0.999544
53,45,0.835938,0.710938,0.989767,0.999384,0.501102,0,0.999425,0.999815,-0.000159831,0,-0.000113446,0.00291804,0.999815
54,45,0.851562,0.710938,0.98896,0.999775,0.501038,0,0.998901,1.00009,-0.000160295,0,-0.000150718,0.00386015,1.00009
55,45,0.867188,0.710938,0.988957,1.00018,0.500955,0,0.99834,1.00038,-0.000157653,0,-0.000185128,0.00469033,1.00038
56,45,0.882812,0.710938,0.989042,1.00062,0.500854,0,0.997729,1.00068,-0.000151659,0,-0.00021733,0.00551163,1.00068
57,45,0.898438,0.710938,0.989414,1.00107,0.500734,0,0.99706,1.001,-0.000141967,0,-0.000246887,0.00627412,1.001
58,45,0.914062,0.710938,0.990131,1.00156,0.500607,0,0.996329,1.00134,-0.00012785,0,-0.000273749,0.00699273,1.00134
59,45,0.929688,0.710938,0.991066,1.00207,0.500477,0,0.995531,1.0017,-0.00011067,0,-0.000298714,0.00757489,1.0017
60,45,0.945312,0.710938,0.992123,1.00263,0.500334,0,0.994664,1.00209,-8.97216e-05,0,-0.000320925,0.00811676,1.00209
61,45,0.960938,0.710938,0.993236,1.00322,0.500177,0,0.99373,1.00251,-6.50056e-05,0,-0.000338489,0.00860548,1.00251
62,45,0.976562,0.710938,0.994059,1.00384,0.500004,0,0.992726,1.00297,-3.66818e-05,0,-0.000350307,0.00893323,1.00297
63,45,0.992188,0.710938,0.994138,1.00449,0.499814,0,0.991658,1.00347,-3.34158e-06,0,-0.00035664,0.00914308,1.00347
0,46,0.0078125,0.726562,0.994118,1.00453,0.499145,0,0.990851,1.00356,-0.000365913,0,-0.000330751,0.00791305,1.00356
1,46,0.0234375,0.726562,0.993926,1.00511,0.498964,0,0.989797,1.00413,-0.00037174,0,-0.000326192,0.00783453,1.00413
2,46,0.0390625,0.726562,0.993606,1.00565,0.498773,0,0.988771,1.00473,-0.000381258,0,-0.000315847,0.00765777,1.00473
3,46,0.0546875,0.726562,0.993216,1.00611,0.498571,0,0.987826,1.00539,-0.000401143,0,-0.000298805,0.00726023,1.00539
4,46,0.0703125,0.726562,0.992817,1.00643,0.498347,0,0.987036,1.00608,-0.000421883,0,-0.000280784,0.00699109,1.00608
5,46,0.0859375,0.726562,0.992518,1.00652,0.498158,0,0.986487,1.0068,-0.000433788,0,-0.00025119,0.00659909,1.0068
6,46,0.101562,0.726562,0.99241,1.0063,0.497924,0,0.986316,1.00756,-0.000465064,0,-0.000219453,0.0058523,1.00756
7,46,0.117188,0.726562,0.992466,1.00589,0.497701,0,0.986426,1.00834,-0.000479391,0,-0.000186195,0.00518971,1.00834
8,46,0.132812,0.726562,0.992733,1.00511,0.497438,0,0.986899,1.00914,-0.000512698,0,-0.000142441,0.00417944,1.00914
9,46,0.148438,0.726562,0.993287,1.00403,0.497218,0,0.987766,1.00995,-0.000487535,0,-0.000111515,0.00456057,1.00995
10,46,0.164062,0.726562,0.994039,1.00275,0.497022,0,0.988899,1.01074,-0.000430295,0,-7.03798e-05,0.00379636,1.01074
11,46,0.179688,0.726562,0.994863,1.00137,0.496919,0,0.990143,1.01151,-0.000239732,0,-2.61429e-05,0.00282794,1.01151
12,46,0.195312,0.726562,0.99557,1.00012,0.496964,0,0.991218,1.01224,6.29939e-05,0,1.11277e-05,0.00255154,1.01224
13,46,0.210938,0.726562,0.99605,0.999151,0.497165,0,0.991913,1.0129,0.000571598,0,5.66264e-05,0.00157747,1.0129
14,46,0.226562,0.726562,0.996229,0.998577,0.497511,0,0.992179,1.01349,0.00126932,0,0.000107479,0.000444453,1.01349
15,46,0.242188,0.726562,0.996097,0.998384,0.498124,0,0.991935,1.01398,0.00219724,0,0.000131796,0.0017367,1.01398
16,46,0.257812,0.726562,0.995861,0.998481,0.498826,0,0.991497,1.01432,0.00321143,0,0.000153569,0.00122158,1.01432
17,46,0.273438,0.726562,0.995447,0.99882,0.499684,0,0.990829,1.0145,0.00428089,0,0.000175929,0.00100274,1.01451
18,46,0.289062,0.726562,0.995075,0.999294,0.500639,0,0.990178,1.0145,0.00538663,0,0.000188344,0.0013375,1.01451
19,46,0.304688,0.726562,0.994794,0.999574,0.501508,0,0.989704,1.0143,0.00626466,0,0.000196862,0.00138091,1.01431
20,46,0.320312,0.726562,0.994785,0.999863,0.502305,0,0.989679,1.01387,0.00690235,0,0.0001864,0.00244706,1.01389
21,46,0.335938,0.726562,0.994986,0.999775,0.502888,0,0.990003,1.01322,0.00718025,0,0.000170204,0.0049595,1.01325
22,46,0.351562,0.726562,0.995502,0.999457,0.503399,0,0.990807,1.01232,0.00710321,0,0.000194372,0.00100327,1.01234
23,46,0.367188,0.726562,0.996296,0.998952,0.503602,0,0.9921,1.01122,0.00663126,0,0.000212263,0.000995371,1.01124
24,46,0.382812,0.726562,0.99728,0.998225,0.503704,0,0.993689,1.00995,0.00585915,0,0.000242943,-0.00195138,1.00996
25,46,0.398438,0.726562,0.998411,0.997379,0.503645,0,0.995518,1.00855,0.0048836,0,0.000264397,-0.00326573,1.00856
26,46,0.414062,0.726562,0.999624,0.99645,0.503483,0,0.997464,1.00707,0.00380477,0,0.000316309,-0.00696873,1.00708
27,46,0.429688,0.726562,1.00082,0.995524,0.503237,0,0.999369,1.00556,0.00272531,0,0.000378263,-0.010727,1.00556
28,46,0.445312,0.726562,1.00194,0.994625,0.502946,0,1.00112,1.00407,0.00175437,0,0.000443004,-0.0144788,1.00407
29,46,0.460938,0.726562,1.00291,0.993785,0.502626,0,1.00262,1.00266,0.000946958,0,0.000504381,-0.0176082,1.00266
30,46,0.476562,0.726562,1.0037,0.993031,0.502289,0,1.00379,1.00137,0.000327992,0,0.000557833,-0.0200418,1.00137
31,46,0.492188,0.726562,1.00429,0.992375,0.501949,0,1.00463,1.00022,-9.03782e-05,0,0.000604319,-0.0222247,1.00022
32,46,0.507812,0.726562,1.00468,0.991828,0.50162,0,1.00512,0.999229,-0.000320914,0,0.000637468,-0.0239568,0.999229
33,46,0.523438,0.726562,1.00493,0.991424,0.501295,0,1.00533,0.998411,-0.000434962,0,0.000652116,-0.024148,0.998411
34,46,0.539062,0.726562,1.00502,0.991139,0.501011,0,1.00527,0.99776,-0.000452992,0,0.000653242,-0.0237199,0.99776
35,46,0.554688,0.726562,1.00502,0.991004,0.500768,0,1.00507,0.997264,-0.000420956,0,0.000638284,-0.0227227,0.997264
36,46,0.570312,0.726562,1.00499,0.991064,0.500589,0,1.00476,0.996908,-0.000375499,0,0.000618498,-0.0218048,0.996908
37,46,0.585938,0.726562,1.00497,0.99128,0.500449,0,1.00438,0.996679,-0.000350174,0,0.000587639,-0.0205021,0.996679
38,46,0.601562,0.726562,1.005,0.991667,0.500363,0,1.00402,0.996561,-0.00033256,0,0.000551029,-0.0188426,0.996561
39,46,0.617188,0.726562,1.00509,0.992165,0.500303,0,1.00373,0.996529,-0.000340254,0,0.000509607,-0.0172765,0.996529
40,46,0.632812,0.726562,1.00511,0.992794,0.500284,0,1.00345,0.996573,-0.000344316,0,0.000468054,-0.015771,0.996573
41,46,0.648438,0.726562,1.00514,0.993459,0.500284,0,1.00324,0.996678,-0.000363503,0,0.00041978,-0.0137683,0.996678
42,46,0.664062,0.726562,1.00513,0.99415,0.500304,0,1.00302,0.996831,-0.000378136,0,0.000372346,-0.0119996,0.996831
43,46,0.679688,0.726562,1.00504,0.994829,0.500333,0,1.00281,0.997019,-0.000395735,0,0.000324652,-0.010301,0.997019
44,46,0.695312,0.726562,1.0047,0.995468,0.500369,0,1.00257,0.997234,-0.000409388,0,0.00027676,-0.00868573,0.997234
45,46,0.710938,0.726562,1.00407,0.996053,0.500405,0,1.0023,0.997466,-0.00041834,0,0.000228689,-0.00706279,0.997467
46,46,0.726562,0.726562,1.00311,0.996578,0.500438,0,1.00199,0.99771,-0.000422425,0,0.00018339,-0.00559477,0.99771
47,46,0.742188,0.726562,1.00177,0.997048,0.500467,0,1.00165,0.99796,-0.000422195,0,0.000139644,-0.00419465,0.99796
48,46,0.757812,0.726562,1.00007,0.997474,0.50049,0,1.00129,0.998212,-0.000420314,0,9.71427e-05,-0.00287325,0.998212
49,46,0.773438,0.726562,0.998036,0.997866,0.500504,0,1.0009,0.998464,-0.000416301,0,5.6355e-05,-0.0017213,0.998464
50,46,0.789062,0.726562,0.995733,0.998232,0.500504,0,1.0005,0.998717,-0.000407243,0,1.6756e-05,-0.000621115,0.998717
51,46,0.804688,0.726562,0.993233,0.998586,0.500492,0,1.00008,0.998972,-0.000400247,0,-2.2066e-05,0.000438807,0.998972
52,46,0.820312,0.726562,0.990714,0.998936,0.500466,0,0.99964,0.999229,-0.000391553,0,-5.92847e-05,0.00147362,0.999229
53,46,0.835938,0.726562,0.988642,0.999287,0.500427,0,0.999183,0.999491,-0.0003833,0,-9.51162e-05,0.00245256,0.999491
54,46,0.851562,0.726562,0.987971,0.99965,0.50038,0,0.998698,0.999758,-0.000375733,0,-0.00012953,0.0033116,0.999758
55,46,0.867188,0.726562,0.987984,1.00003,0.500323,0,0.998176,1.00003,-0.000369691,0,-0.000162479,0.00403183,1.00003
56,46,0.882812,0.726562,0.988131,1.00042,0.500252,0,0.99761,1.00032,-0.000364955,0,-0.000194011,0.00476958,1.00032
57,46,0.898438,0.726562,0.988684,1.00084,0.500166,0,0.996996,1.00063,-0.000362204,0,-0.000224901,0.00554003,1.00063
58,46,0.914062,0.726562,0.989642,1.00128,0.50006,0,0.996324,1.00096,-0.00036117,0,-0.000252271,0.00620867,1.00096
59,46,0.929688,0.726562,0.990815,1.00176,0.499931,0,0.995574,1.00131,-0.000359897,0,-0.000275568,0.00675473,1.00131
60,46,0.945312,0.726562,0.99205,1.00226,0.499792,0,0.994753,1.0017,-0.000359345,0,-0.000294949,0.00719267,1.0017
61,46,0.960938,0.726562,0.99324,1.00279,0.499645,0,0.993864,1.00211,-0.000360366,0,-0.000310347,0.00749377,1.00211
62,46,0.976562,0.726562,0.994089,1.00335,0.499485,0,0.992907,1.00255,-0.000361937,0,-0.000321946,0.00769827,1.00255
63,46,0.992188,0.726562,0.994174,1.00393,0.499318,0,0.991896,1.00304,-0.000363628,0,-0.000329004,0.0078474,1.00304
0,47,0.0078125,0.742188,0.994311,1.00398,0.49875,0,0.991385,1.00309,-0.000758274,0,-0.000289527,0.00625385,1.00309
1,47,0.0234375,0.742188,0.994149,1.00449,0.498586,0,0.990392,1.00362,-0.000808044,0,-0.000285142,0.00606119,1.00362
2,47,0.0390625,0.742188,0.993864,1.00496,0.498412,0,0.989427,1.00419,-0.000864032,0,-0.000275154,0.00578811,1.00419
3,47,0.0546875,0.742188,0.9935,1.00533,0.498224,0,0.98854,1.00481,-0.000933599,0,-0.000257619,0.00534502,1.00481
4,47,0.0703125,0.742188,0.993151,1.0056,0.498032,0,0.987829,1.00546,-0.000996084,0,-0.000244735,0.00499521,1.00546
5,47,0.0859375,0.742188,0.992864,1.00555,0.497838,0,0.987306,1.00615,-0.00106118,0,-0.000213972,0.00433332,1.00616
6,47,0.101562,0.742188,0.992761,1.00526,0.497626,0,0.987195,1.00688,-0.00112836,0,-0.000186621,0.00408353,1.00688
7,47,0.117188,0.742188,0.992837,1.00475,0.497429,0,0.98734,1.00763,-0.0011749,0,-0.000154458,0.00334247,1.00763
8,47,0.132812,0.742188,0.993135,1.00386,0.497184,0,0.98787,1.0084,-0.00124709,0,-0.000116292,0.00205075,1.0084
9,47,0.148438,0.742188,0.993687,1.00268,0.496984,0,0.988761,1.00917,-0.00122885,0,-8.97653e-05,0.00237046,1.00918
10,47,0.164062,0.742188,0.994423,1.00131,0.496813,0,0.989897,1.00994,-0.00117084,0,-5.39143e-05,0.00187752,1.00995
11,47,0.179688,0.742188,0.995224,0.999838,0.49674,0,0.991128,1.01069,-0.000970946,0,-1.2892e-05,0.00110421,1.01069
12,47,0.195312,0.742188,0.995904,0.9985,0.496801,0,0.992182,1.0114,-0.000628542,0,1.69167e-05,0.00126571,1.0114
13,47,0.210938,0.742188,0.99633,0.997456,0.497019,0,0.992835,1.01206,-7.67607e-05,0,5.82105e-05,0.000360706,1.01206
14,47,0.226562,0.742188,0.996497,0.996822,0.497386,0,0.993032,1.01264,0.000681798,0,9.66355e-05,-0.000186097,1.01264
15,47,0.242188,0.742188,0.996357,0.996493,0.498005,0,0.992774,1.01313,0.0017144,0,0.000131297,0.000564443,1.01314
16,47,0.257812,0.742188,0.996133,0.996528,0.498761,0,0.99233,1.01349,0.00287623,0,0.000145098,0.0012322,1.01349
17,47,0.273438,0.742188,0.995722,0.996745,0.499645,0,0.991635,1.01368,0.00410515,0,0.000162825,0.0012155,1.01369
18,47,0.289062,0.742188,0.995342,0.997128,0.500651,0,0.990955,1.0137,0.00539992,0,0.000179112,0.00167238,1.01371
19,47,0.304688,0.742188,0.99504,0.997369,0.501572,0,0.990435,1.0135,0.00648476,0,0.000189927,0.00179761,1.01353
20,47,0.320312,0.742188,0.995025,0.997665,0.502444,0,0.990387,1.0131,0.00734711,0,0.000187065,0.00230031,1.01312
21,47,0.335938,0.742188,0.995188,0.99761,0.503121,0,0.990635,1.01246,0.00787588,0,0.000176896,0.00395052,1.01249
22,47,0.351562,0.742188,0.995697,0.997369,0.503715,0,0.991423,1.0116,0.008017,0,0.000176079,0.00346479,1.01163
23,47,0.367188,0.742188,0.99645,0.996963,0.504,0,0.992635,1.01054,0.00771532,0,0.00021393,0.0011293,1.01057
24,47,0.382812,0.742188,0.997385,0.996409,0.504206,0,0.994121,1.00931,0.00707602,0,0.000236763,-0.000663934,1.00933
25,47,0.398438,0.742188,0.998485,0.995735,0.504177,0,0.995888,1.00796,0.00620409,0,0.000254526,-0.00159241,1.00798
26,47,0.414062,0.742188,0.99966,0.995011,0.504045,0,0.997761,1.00653,0.00516187,0,0.000297496,-0.00483909,1.00654
27,47,0.429688,0.742188,1.00082,0.994292,0.503798,0,0.999594,1.00507,0.0040574,0,0.000349672,-0.00813888,1.00508
28,47,0.445312,0.742188,1.00188,0.993593,0.503484,0,1.00128,1.00364,0.0030063,0,0.000405841,-0.0115268,1.00364
29,47,0.460938,0.742188,1.00279,0.992938,0.503121,0,1.00272,1.00228,0.0020746,0,0.000460324,-0.0146406,1.00228
30,47,0.476562,0.742188,1.00354,0.992344,0.502721,0,1.00385,1.00104,0.00130274,0,0.000508231,-0.0171851,1.00104
31,47,0.492188,0.742188,1.0041,0.991829,0.502306,0,1.00464,0.999936,0.00071274,0,0.000548229,-0.0192171,0.999936
32,47,0.507812,0.742188,1.00445,0.991426,0.501887,0,1.00509,0.998989,0.000301728,0,0.000578165,-0.0207847,0.998989
33,47,0.523438,0.742188,1.00471,0.991113,0.501469,0,1.00528,0.998207,9.71387e-06,0,0.000593299,-0.021584,0.998207
34,47,0.539062,0.742188,1.00473,0.990907,0.501084,0,1.00517,0.997592,-0.00017353,0,0.000593703,-0.0214334,0.997592
35,47,0.554688,0.742188,1.00473,0.990876,0.500762,0,1.00498,0.997126,-0.000277944,0,0.000581783,-0.0206753,0.997126
36,47,0.570312,0.742188,1.00468,0.990997,0.50048,0,1.00462,0.9968,-0.000360186,0,0.000564921,-0.0199283,0.9968
37,47,0.585938,0.742188,1.00465,0.991272,0.500261,0,1.00424,0.996593,-0.000435653,0,0.000538099,-0.0186623,0.996593
38,47,0.601562,0.742188,1.00467,0.991695,0.500102,0,1.00387,0.996489,-0.000497417,0,0.000506974,-0.0172127,0.996489
39,47,0.617188,0.742188,1.00471,0.992199,0.499996,0,1.00357,0.996468,-0.000564796,0,0.000470568,-0.015745,0.996468
40,47,0.632812,0.742188,1.00469,0.99284,0.49993,0,1.00328,0.996517,-0.000620265,0,0.000434726,-0.0145278,0.996517
41,47,0.648438,0.742188,1.00469,0.993514,0.499889,0,1.00304,0.996622,-0.000670553,0,0.000393493,-0.0129367,0.996622
42,47,0.664062,0.742188,1.00467,0.994211,0.499869,0,1.00283,0.99677,-0.000706621,0,0.000352193,-0.01153,0.99677
43,47,0.679688,0.742188,1.00453,0.994891,0.499851,0,1.0026,0.996952,-0.000734061,0,0.000310053,-0.0100348,0.996952
44,47,0.695312,0.742188,1.00415,0.995525,0.49985,0,1.00236,0.997155,-0.000748536,0,0.000268384,-0.00865319,0.997156
45,47,0.710938,0.742188,1.00347,0.996104,0.499855,0,1.0021,0.997374,-0.000749359,0,0.000227126,-0.00718887,0.997374
46,47,0.726562,0.742188,1.00245,0.996621,0.499867,0,1.00179,0.997602,-0.000742187,0,0.000186436,-0.00590313,0.997602
47,47,0.742188,0.742188,1.00105,0.997081,0.499882,0,1.00146,0.997835,-0.000727632,0,0.000146281,-0.00462676,0.997835
48,47,0.757812,0.742188,0.999288,0.997493,0.499894,0,1.00111,0.998071,-0.000709212,0,0.000107002,-0.00337717,0.998071
49,47,0.773438,0.742188,0.9972,0.997869,0.499903,0,1.00074,0.998308,-0.000688144,0,6.88121e-05,-0.0022103,0.998309
50,47,0.789062,0.742188,0.994846,0.998219,0.499903,0,1.00036,0.998546,-0.00066392,0,3.20804e-05,-0.00119059,0.998547
51,47,0.804688,0.742188,0.9923,0.998553,0.499897,0,0.999969,0.998786,-0.000642033,0,-5.13758e-06,-0.000127252,0.998786
52,47,0.820312,0.742188,0.989755,0.998882,0.499881,0,0.999571,0.99903,-0.00062205,0,-4.11911e-05,0.000833847,0.99903
53,47,0.835938,0.742188,0.987855,0.999214,0.499855,0,0.999151,0.99928,-0.000604989,0,-7.58903e-05,0.00182451,0.99928
54,47,0.851562,0.742188,0.987514,0.999553,0.499821,0,0.998702,0.999538,-0.000590485,0,-0.000107895,0.00277375,0.999538
55,47,0.867188,0.742188,0.987567,0.9999,0.499771,0,0.998216,0.999804,-0.000580199,0,-0.000137794,0.00355878,0.999804
56,47,0.882812,0.742188,0.987871,1.00026,0.499704,0,0.997691,1.00008,-0.000577093,0,-0.000165859,0.00408348,1.00008
57,47,0.898438,0.742188,0.988598,1.00064,0.499627,0,0.997119,1.00037,-0.000579291,0,-0.00019262,0.00462534,1.00037
58,47,0.914062,0.742188,0.989636,1.00105,0.499532,0,0.996488,1.00067,-0.000586757,0,-0.000217609,0.00506656,1.00067
59,47,0.929688,0.742188,0.990839,1.00147,0.499429,0,0.995795,1.001,-0.00060025,0,-0.000238631,0.00542538,1.001
60,47,0.945312,0.742188,0.992096,1.00193,0.499313,0,0.995035,1.00135,-0.000620578,0,-0.000256681,0.00578615,1.00135
61,47,0.960938,0.742188,0.993323,1.00241,0.499185,0,0.994206,1.00173,-0.000646718,0,-0.000271112,0.00606466,1.00173
62,47,0.976562,0.742188,0.994235,1.00292,0.499048,0,0.993314,1.00215,-0.00067842,0,-0.000281868,0.00625727,1.00215
63,47,0.992188,0.742188,0.994354,1.00344,0.498904,0,0.992369,1.0026,-0.000715865,0,-0.000288175,0.00631706,1.0026
0,48,0.0078125,0.757812,0.994671,1.0035,0.498398,0,0.992135,1.00263,-0.00112164,0,-0.000234601,0.00425479,1.00263
1,48,0.0234375,0.757812,0.994529,1.00395,0.498255,0,0.991212,1.00309,-0.00121276,0,-0.000228987,0.00391637,1.00309
2,48,0.0390625,0.757812,0.994275,1.00435,0.498103,0,0.990321,1.0036,-0.00131341,0,-0.000218451,0.00346827,1.0036
3,48,0.0546875,0.757812,0.993948,1.00464,0.497928,0,0.989515,1.00414,-0.00142979,0,-0.000201067,0.00296341,1.00414
4,48,0.0703125,0.757812,0.993616,1.00482,0.497779,0,0.988852,1.00471,-0.00152924,0,-0.000185922,0.0026895,1.00471
5,48,0.0859375,0.757812,0.993394,1.00469,0.497583,0,0.988434,1.00532,-0.00164997,0,-0.000158958,0.00141304,1.00533
6,48,0.101562,0.757812,0.993305,1.00434,0.497395,0,0.988383,1.00597,-0.00175102,0,-0.000136903,0.00136054,1.00597
7,48,0.117188,0.757812,0.993417,1.0037,0.497217,0,0.98859,1.00664,-0.00183072,0,-0.000104928,0.000803728,1.00664
8,48,0.132812,0.757812,0.993768,1.00271,0.497001,0,0.989212,1.00732,-0.0019352,0,-7.42023e-05,-0.000230635,1.00732
9,48,0.148438,0.757812,0.99434,1.00144,0.496821,0,0.990165,1.00802,-0.00192703,0,-4.85906e-05,-0.000233283,1.00802
10,48,0.164062,0.757812,0.995084,0.999965,0.496677,0,0.991345,1.0087,-0.00187012,0,-1.83858e-05,-0.000778889,1.0087
11,48,0.179688,0.757812,0.995894,0.998406,0.49663,0,0.992607,1.00937,-0.00166536,0,1.80732e-05,-0.0015256,1.00937
12,48,0.195312,0.757812,0.996586,0.996977,0.496709,0,0.993685,1.01001,-0.00128388,0,4.1265e-05,-0.00105662,1.01001
13,48,0.210938,0.757812,0.99701,0.995828,0.496943,0,0.994354,1.0106,-0.000692013,0,7.44012e-05,-0.00178434,1.0106
14,48,0.226562,0.757812,0.997192,0.995098,0.497329,0,0.994593,1.01113,0.000126632,0,0.000100847,-0.00188805,1.01113
15,48,0.242188,0.757812,0.997066,0.994618,0.49794,0,0.994378,1.01157,0.00124243,0,0.000132697,-0.00165169,1.01157
16,48,0.257812,0.757812,0.996806,0.994544,0.498756,0,0.99392,1.0119,0.00254768,0,0.000143554,0.000211485,1.01191
17,48,0.273438,0.757812,0.996429,0.994644,0.499672,0,0.993277,1.01208,0.00393617,0,0.0001504,0.000633841,1.01209
18,48,0.289062,0.757812,0.996075,0.994923,0.500709,0,0.992613,1.01209,0.00540934,0,0.000163876,0.000998959,1.0121
19,48,0.304688,0.757812,0.995776,0.995134,0.501679,0,0.992087,1.01191,0.00669362,0,0.000170499,0.00190834,1.01193
20,48,0.320312,0.757812,0.995704,0.995382,0.502631,0,0.991923,1.01153,0.00777556,0,0.000164617,0.00303876,1.01156
21,48,0.335938,0.757812,0.995839,0.995367,0.503399,0,0.99211,1.01094,0.00851468,0,0.000158528,0.00346642,1.01098
22,48,0.351562,0.757812,0.99631,0.995199,0.503993,0,0.992842,1.01017,0.00888799,0,0.000144646,0.00611691,1.01021
23,48,0.367188,0.757812,0.996958,0.994917,0.504381,0,0.993856,1.00918,0.00873201,0,0.00018905,0.00209839,1.00922
24,48,0.382812,0.757812,0.997791,0.994539,0.504634,0,0.995177,1.00807,0.00821934,0,0.000199813,0.0017525,1.0081
25,48,0.398438,0.757812,0.998799,0.994055,0.504622,0,0.996782,1.00684,0.00744296,0,0.000217553,0.000746265,1.00687
26,48,0.414062,0.757812,0.999869,0.993556,0.504509,0,0.998485,1.00554,0.00643733,0,0.00025092,-0.00160982,1.00556
27,48,0.429688,0.757812,1.00093,0.993064,0.504258,0,1.00016,1.00422,0.00530967,0,0.000294355,-0.00454857,1.00423
28,48,0.445312,0.757812,1.00191,0.992589,0.503919,0,1.0017,1.00292,0.0041836,0,0.000343547,-0.00763542,1.00293
29,48,0.460938,0.757812,1.00277,0.992141,0.503515,0,1.00301,1.00169,0.00313597,0,0.000392603,-0.0106188,1.0017
30,48,0.476562,0.757812,1.00344,0.99173,0.503059,0,1.00403,1.00057,0.00222002,0,0.000436832,-0.0132349,1.00057
31,48,0.492188,0.757812,1.00394,0.991373,0.502572,0,1.00472,0.999573,0.0014687,0,0.000474162,-0.0153818,0.999574
32,48,0.507812,0.757812,1.00423,0.991138,0.502079,0,1.0051,0.998721,0.000886684,0,0.000503173,-0.017105,0.998721
33,48,0.523438,0.757812,1.00444,0.990894,0.501591,0,1.00521,0.998025,0.000423634,0,0.000519767,-0.0180558,0.998025
34,48,0.539062,0.757812,1.00443,0.990812,0.501126,0,1.00508,0.997478,8.89277e-05,0,0.000520469,-0.0182092,0.997478
35,48,0.554688,0.757812,1.0044,0.990867,0.500726,0,1.00483,0.997066,-0.000150019,0,0.000517707,-0.018145,0.997066
36,48,0.570312,0.757812,1.00434,0.991033,0.500382,0,1.00449,0.996783,-0.000350608,0,0.000507893,-0.0175258,0.996783
37,48,0.585938,0.757812,1.0043,0.991324,0.500099,0,1.00412,0.996606,-0.000521149,0,0.000487348,-0.0167999,0.996606
38,48,0.601562,0.757812,1.00428,0.991769,0.499874,0,1.00375,0.996521,-0.000660364,0,0.000463004,-0.0158695,0.996521
39,48,0.617188,0.757812,1.00426,0.992299,0.499717,0,1.00346,0.996514,-0.000785194,0,0.000431351,-0.0145307,0.996514
40,48,0.632812,0.757812,1.00423,0.992945,0.4996,0,1.00319,0.996572,-0.000886495,0,0.000399341,-0.0133504,0.996572
41,48,0.648438,0.757812,1.00421,0.993623,0.499521,0,1.00297,0.996681,-0.000966189,0,0.000364312,-0.0119575,0.996681
42,48,0.664062,0.757812,1.00416,0.994314,0.499464,0,1.00277,0.996829,-0.00102147,0,0.000328624,-0.0106559,0.996829
43,48,0.679688,0.757812,1.00395,0.994984,0.499438,0,1.00256,0.997006,-0.0010572,0,0.000292456,-0.00935515,0.997006
44,48,0.695312,0.757812,1.00352,0.99561,0.499422,0,1.00235,0.997206,-0.00107198,0,0.000252988,-0.00791956,0.997206
45,48,0.710938,0.757812,1.0028,0.996178,0.499407,0,1.0021,0.997419,-0.00106809,0,0.000216765,-0.00676006,0.997419
46,48,0.726562,0.757812,1.00175,0.996684,0.499397,0,1.00181,0.997641,-0.00105052,0,0.000180415,-0.00550753,0.997642
47,48,0.742188,0.757812,1.00032,0.997129,0.499393,0,1.0015,0.997869,-0.00102312,0,0.000144525,-0.00434377,0.997869
48,48,0.757812,0.757812,0.998536,0.997526,0.499388,0,1.00116,0.998099,-0.000990253,0,0.000109226,-0.00323155,0.9981
49,48,0.773438,0.757812,0.996455,0.997885,0.499382,0,1.00081,0.998331,-0.000953752,0,7.47371e-05,-0.0021589,0.998331
50,48,0.789062,0.757812,0.99412,0.998219,0.499373,0,1.00045,0.998563,-0.000915324,0,4.15568e-05,-0.00122504,0.998564
51,48,0.804688,0.757812,0.991592,0.998536,0.49936,0,1.00009,0.998796,-0.000878948,0,9.34537e-06,-0.000286654,0.998796
52,48,0.820312,0.757812,0.989142,0.998846,0.499344,0,0.999712,0.999027,-0.000846263,0,-1.98817e-05,0.000452409,0.999027
53,48,0.835938,0.757812,0.987665,0.999152,0.499315,0,0.999319,0.999255,-0.000818901,0,-4.72038e-05,0.000916162,0.999256
54,48,0.851562,0.757812,0.987542,0.999461,0.499274,0,0.998903,0.999484,-0.000798195,0,-7.46292e-05,0.00134685,0.999484
55,48,0.867188,0.757812,0.987605,0.999782,0.499224,0,0.998464,0.99972,-0.000784116,0,-0.000103027,0.00203341,0.99972
56,48,0.882812,0.757812,0.987933,1.00012,0.499165,0,0.997987,0.999965,-0.000779151,0,-0.000131054,0.00275896,0.999965
57,48,0.898438,0.757812,0.988685,1.00047,0.499097,0,0.997464,1.00022,-0.000783925,0,-0.000155837,0.00334297,1.00022
58,48,0.914062,0.757812,0.98976,1.00084,0.499034,0,0.996885,1.0005,-0.000797005,0,-0.000177395,0.00408117,1.0005
59,48,0.929688,0.757812,0.991019,1.00124,0.498958,0,0.996244,1.00079,-0.000824193,0,-0.000196317,0.00435707,1.00079
60,48,0.945312,0.757812,0.992338,1.00165,0.498863,0,0.995536,1.0011,-0.000862545,0,-0.000212262,0.0044751,1.0011
61,48,0.960938,0.757812,0.993618,1.00209,0.498758,0,0.994763,1.00144,-0.000912054,0,-0.000223235,0.00451957,1.00144
62,48,0.976562,0.757812,0.99457,1.00255,0.498648,0,0.993931,1.0018,-0.000972049,0,-0.000231057,0.00454596,1.0018
63,48,0.992188,0.757812,0.994708,1.00303,0.498528,0,0.99305,1.0022,-0.00104229,0,-0.000235076,0.00446336,1.0022
0,49,0.0078125,0.773438,0.995199,1.0031,0.49804,0,0.993095,1.0022,-0.00143647,0,-0.000171462,0.00219794,1.0022
1,49,0.0234375,0.773438,0.995068,1.00349,0.497926,0,0.992244,1.00257,-0.00156286,0,-0.000163911,0.00173575,1.00257
2,49,0.0390625,0.773438,0.994836,1.00383,0.497804,0,0.991426,1.00298,-0.0017024,0,-0.000152576,0.00113253,1.00298
3,49,0.0546875,0.773438,0.99455,1.00406,0.497645,0,0.990704,1.00342,-0.00185997,0,-0.000136973,0.000527349,1.00342
4,49,0.0703125,0.773438,0.994237,1.00415,0.497525,0,0.990104,1.00389,-0.00199553,0,-0.000115045,5.18944e-05,1.00389
5,49,0.0859375,0.773438,0.994081,1.00394,0.497356,0,0.989782,1.00438,-0.00215748,0,-9.34565e-05,-0.00092099,1.00438
6,49,0.101562,0.773438,0.994008,1.00356,0.497208,0,0.989806,1.00489,-0.00229169,0,-7.3587e-05,-0.00160597,1.0049
7,49,0.117188,0.773438,0.994178,1.00281,0.497043,0,0.990126,1.00544,-0.00240947,0,-4.4374e-05,-0.00229591,1.00544
8,49,0.132812,0.773438,0.994591,1.00171,0.496867,0,0.990844,1.006,-0.00253655,0,-2.38244e-05,-0.002628,1.006
9,49,0.148438,0.773438,0.995203,1.00035,0.496709,0,0.99188,1.00657,-0.00254067,0,-3.55583e-07,-0.00286264,1.00657
10,49,0.164062,0.773438,0.995973,0.998787,0.496595,0,0.993131,1.00713,-0.00248248,0,2.18119e-05,-0.00308254,1.00713
11,49,0.179688,0.773438,0.996808,0.997132,0.496586,0,0.994451,1.00768,-0.00227761,0,4.76048e-05,-0.00394943,1.00768
12,49,0.195312,0.773438,0.997542,0.995604,0.496685,0,0.99561,1.00821,-0.00186428,0,6.47851e-05,-0.00303663,1.00822
13,49,0.210938,0.773438,0.99802,0.994353,0.49694,0,0.99638,1.0087,-0.00123413,0,9.00763e-05,-0.00327722,1.00871
14,49,0.226562,0.773438,0.998223,0.993534,0.497352,0,0.996685,1.00913,-0.000356841,0,0.000109111,-0.0034111,1.00913
15,49,0.242188,0.773438,0.998157,0.992917,0.49797,0,0.996574,1.0095,0.000826314,0,0.000132401,-0.00356642,1.0095
16,49,0.257812,0.773438,0.997868,0.992676,0.498788,0,0.996105,1.00977,0.00224763,0,0.000144514,-0.0017875,1.00977
17,49,0.273438,0.773438,0.997531,0.992704,0.499749,0,0.995509,1.00991,0.0037963,0,0.000138346,-0.00010156,1.00991
18,49,0.289062,0.773438,0.99721,0.992845,0.500817,0,0.99489,1.00989,0.00542763,0,0.000141247,0.000389135,1.00991
19,49,0.304688,0.773438,0.99692,0.993012,0.501823,0,0.994359,1.00973,0.00688768,0,0.000140592,0.00178194,1.00975
20,49,0.320312,0.773438,0.996791,0.99318,0.502815,0,0.994076,1.00939,0.00816661,0,0.000129806,0.00364297,1.00943
21,49,0.335938,0.773438,0.996903,0.993184,0.50364,0,0.994219,1.00888,0.00908467,0,0.000126162,0.0039532,1.00893
22,49,0.351562,0.773438,0.997278,0.993091,0.504234,0,0.994791,1.00821,0.00966612,0,0.000116269,0.00673943,1.00826
23,49,0.367188,0.773438,0.997799,0.992949,0.504711,0,0.995565,1.00736,0.00963889,0,0.000137518,0.00377582,1.00741
24,49,0.382812,0.773438,0.998537,0.992716,0.504957,0,0.996708,1.00641,0.00924261,0,0.000148128,0.0041884,1.00645
25,49,0.398438,0.773438,0.999409,0.992437,0.50496,0,0.998077,1.00535,0.00854459,0,0.000165947,0.00306669,1.00539
26,49,0.414062,0.773438,1.00034,0.992167,0.504858,0,0.999536,1.00424,0.00756881,0,0.000193295,0.0013125,1.00427
27,49,0.429688,0.773438,1.00126,0.991908,0.504597,0,1.00098,1.00311,0.00642137,0,0.000229289,-0.00110392,1.00313
28,49,0.445312,0.773438,1.00211,0.991666,0.504232,0,1.0023,1.00201,0.00522843,0,0.000271667,-0.00389633,1.00202
29,49,0.460938,0.773438,1.00284,0.991439,0.503787,0,1.00342,1.00096,0.00407718,0,0.000315366,-0.00667987,1.00097
30,49,0.476562,0.773438,1.00342,0.991222,0.503283,0,1.00427,1.00001,0.00303227,0,0.000355029,-0.00918146,1.00001
31,49,0.492188,0.773438,1.00382,0.991038,0.502742,0,1.00484,0.999163,0.00213547,0,0.000390378,-0.0112717,0.999165
32,49,0.507812,0.773438,1.00409,0.990892,0.502191,0,1.00514,0.998448,0.00139576,0,0.000422181,-0.0131572,0.998449
33,49,0.523438,0.773438,1.00412,0.990832,0.501633,0,1.0051,0.997865,0.000781187,0,0.000441553,-0.0144432,0.997865
34,49,0.539062,0.773438,1.00411,0.990853,0.501109,0,1.00494,0.997402,0.000316361,0,0.000444329,-0.0150621,0.997402
35,49,0.554688,0.773438,1.00405,0.990939,0.500655,0,1.00468,0.997066,-5.09175e-05,0,0.000450244,-0.0151671,0.997066
36,49,0.570312,0.773438,1.00396,0.991155,0.50024,0,1.00432,0.996838,-0.000361392,0,0.000444361,-0.0152407,0.996839
37,49,0.585938,0.773438,1.00389,0.991492,0.499902,0,1.00396,0.996708,-0.000613989,0,0.000427317,-0.0142656,0.996709
38,49,0.601562,0.773438,1.00383,0.991939,0.499628,0,1.00364,0.996658,-0.000825654,0,0.000409371,-0.0137807,0.996659
39,49,0.617188,0.773438,1.00376,0.992498,0.499428,0,1.00335,0.996679,-0.00100332,0,0.000385366,-0.012623,0.99668
40,49,0.632812,0.773438,1.00372,0.993127,0.499273,0,1.00312,0.996754,-0.00114567,0,0.000359694,-0.011795,0.996755
41,49,0.648438,0.773438,1.00368,0.993795,0.499156,0,1.00294,0.996873,-0.00125355,0,0.000331913,-0.0107593,0.996874
42,49,0.664062,0.773438,1.00357,0.994471,0.499077,0,1.00278,0.997027,-0.00132524,0,0.000302493,-0.00962207,0.997028
43,49,0.679688,0.773438,1.00332,0.995122,0.499016,0,1.00262,0.997206,-0.00137267,0,0.000272519,-0.00870543,0.997207
44,49,0.695312,0.773438,1.00286,0.995727,0.498968,0,1.00243,0.997405,-0.00138488,0,0.000238757,-0.0073363,0.997406
45,49,0.710938,0.773438,1.00211,0.996274,0.498931,0,1.00222,0.997612,-0.0013756,0,0.000208058,-0.00639614,0.997613
46,49,0.726562,0.773438,1.00103,0.996757,0.498901,0,1.00197,0.997827,-0.00134949,0,0.000176826,-0.00537739,0.997828
47,49,0.742188,0.773438,0.999602,0.997182,0.498877,0,1.0017,0.998046,-0.00131076,0,0.000145632,-0.00437653,0.998047
48,49,0.757812,0.773438,0.99786,0.997559,0.498854,0,1.00141,0.998267,-0.00126453,0,0.000114999,-0.00342826,0.998268
49,49,0.773438,0.773438,0.995841,0.997898,0.498831,0,1.0011,0.998487,-0.00121369,0,8.51184e-05,-0.00253646,0.998488
50,49,0.789062,0.773438,0.993565,0.998213,0.498808,0,1.00078,0.998706,-0.00116099,0,5.61033e-05,-0.00172699,0.998707
51,49,0.804688,0.773438,0.991179,0.998511,0.498783,0,1.00046,0.998923,-0.0011102,0,2.78409e-05,-0.000947752,0.998923
52,49,0.820312,0.773438,0.989046,0.998802,0.498757,0,1.00012,0.999137,-0.00106334,0,2.28578e-07,-0.000186866,0.999137
53,49,0.835938,0.773438,0.987828,0.999092,0.498729,0,0.999768,0.99935,-0.00102271,0,-2.67266e-05,0.000594548,0.99935
54,49,0.851562,0.773438,0.987768,0.999388,0.498697,0,0.999391,0.999563,-0.000992518,0,-5.23265e-05,0.00122756,0.999564
55,49,0.867188,0.773438,0.987855,0.999692,0.49866,0,0.998984,0.999779,-0.000972382,0,-7.61463e-05,0.00175168,0.999779
56,49,0.882812,0.773438,0.988243,1,0.498625,0,0.998542,0.999998,-0.000962433,0,-9.78234e-05,0.00228762,0.999998
57,49,0.898438,0.773438,0.989059,1.00033,0.498587,0,0.998058,1.00022,-0.000969102,0,-0.000113537,0.00242679,1.00022
58,49,0.914062,0.773438,0.9902,1.00067,0.498528,0,0.997521,1.00045,-0.000990714,0,-0.000128966,0.00219026,1.00045
59,49,0.929688,0.773438,0.991506,1.00103,0.498456,0,0.996927,1.00069,-0.00102527,0,-0.00014681,0.00252093,1.00069
60,49,0.945312,0.773438,0.992849,1.00142,0.49839,0,0.996271,1.00095,-0.00107506,0,-0.00015967,0.00296298,1.00095
61,49,0.960938,0.773438,0.994138,1.00182,0.498315,0,0.995549,1.00123,-0.00114427,0,-0.000167956,0.00289829,1.00123
62,49,0.976562,0.773438,0.995092,1.00225,0.498232,0,0.994768,1.00152,-0.00122812,0,-0.000172607,0.00270089,1.00152
63,49,0.992188,0.773438,0.995233,1.00267,0.498141,0,0.993945,1.00185,-0.00132577,0,-0.000174402,0.00249486,1.00185
0,50,0.0078125,0.789062,0.995894,1.0028,0.497628,0,0.994249,1.00182,-0.00168726,0,-0.000104516,0.000143779,1.00182
1,50,0.0234375,0.789062,0.995761,1.00316,0.497549,0,0.993456,1.00209,-0.0018409,0,-9.49891e-05,-0.000407413,1.0021
2,50,0.0390625,0.789062,0.995539,1.00344,0.497461,0,0.992699,1.00239,-0.00201119,0,-8.22209e-05,-0.00104955,1.00239
3,50,0.0546875,0.789062,0.995306,1.00365,0.497338,0,0.992079,1.0027,-0.00219939,0,-7.06481e-05,-0.00176745,1.0027
4,50,0.0703125,0.789062,0.995013,1.00364,0.497237,0,0.991532,1.00304,-0.00237332,0,-4.42351e-05,-0.00255244,1.00304
5,50,0.0859375,0.789062,0.994898,1.0034,0.497112,0,0.991299,1.00339,-0.00255934,0,-2.77759e-05,-0.0029356,1.0034
6,50,0.101562,0.789062,0.99488,1.00298,0.497014,0,0.99138,1.00376,-0.00272012,0,-7.22414e-06,-0.00381101,1.00377
7,50,0.117188,0.789062,0.995086,1.00214,0.496879,0,0.991833,1.00415,-0.00287412,0,1.89983e-05,-0.00497708,1.00415
8,50,0.132812,0.789062,0.995557,1.00097,0.496752,0,0.992659,1.00455,-0.00301594,0,3.22362e-05,-0.00506685,1.00455
9,50,0.148438,0.789062,0.996223,0.999529,0.496631,0,0.993795,1.00496,-0.0030358,0,5.11002e-05,-0.00562901,1.00496
10,50,0.164062,0.789062,0.997034,0.997886,0.496553,0,0.995142,1.00536,-0.0029757,0,6.40983e-05,-0.0054543,1.00537
11,50,0.179688,0.789062,0.997905,0.996156,0.496586,0,0.996549,1.00576,-0.00276823,0,7.7551e-05,-0.00573114,1.00577
12,50,0.195312,0.789062,0.998678,0.994541,0.496722,0,0.997784,1.00615,-0.00233968,0,9.16579e-05,-0.00562652,1.00616
13,50,0.210938,0.789062,0.999215,0.993192,0.496999,0,0.998649,1.00651,-0.0016736,0,0.000104084,-0.00514009,1.00651
14,50,0.226562,0.789062,0.999471,0.992254,0.49745,0,0.999079,1.00683,-0.000741872,0,0.000111418,-0.00455167,1.00683
15,50,0.242188,0.789062,0.999448,0.991521,0.498091,0,0.999029,1.00708,0.000498013,0,0.000123172,-0.00446437,1.00708
16,50,0.257812,0.789062,0.999238,0.991132,0.498899,0,0.998685,1.00727,0.00200765,0,0.000127479,-0.0033142,1.00727
17,50,0.273438,0.789062,0.998913,0.991028,0.499891,0,0.99812,1.00736,0.00369478,0,0.000117795,-0.000624947,1.00737
18,50,0.289062,0.789062,0.998619,0.991048,0.500994,0,0.99755,1.00733,0.00546074,0,0.000110163,0.000213087,1.00735
19,50,0.304688,0.789062,0.998327,0.991127,0.50201,0,0.997007,1.00718,0.00706267,0,0.000104007,0.00161114,1.00721
20,50,0.320312,0.789062,0.99816,0.991201,0.503005,0,0.996635,1.0069,0.0085038,0,9.31249e-05,0.00365308,1.00694
21,50,0.335938,0.789062,0.998223,0.991235,0.503863,0,0.996698,1.00648,0.00957307,0,8.89271e-05,0.00438831,1.00653
22,50,0.351562,0.789062,0.998476,0.991185,0.504457,0,0.997048,1.00594,0.0103105,0,8.51044e-05,0.00614596,1.00599
23,50,0.367188,0.789062,0.998876,0.991164,0.504948,0,0.997616,1.00526,0.0104179,0,7.4881e-05,0.00682178,1.00532
24,50,0.382812,0.789062,0.99948,0.991062,0.505199,0,0.998521,1.00449,0.0101014,0,9.57971e-05,0.00543364,1.00454
25,50,0.398438,0.789062,1.00019,0.990978,0.505203,0,0.999597,1.00365,0.00946528,0,0.000111354,0.00513299,1.00369
26,50,0.414062,0.789062,1.00094,0.99092,0.505089,0,1.00077,1.00277,0.00851147,0,0.000133967,0.00378189,1.0028
27,50,0.429688,0.789062,1.0017,0.990884,0.50481,0,1.00193,1.00187,0.00734673,0,0.000163159,0.0019582,1.0019
28,50,0.445312,0.789062,1.00239,0.99086,0.50442,0,1.003,1.001,0.00609756,0,0.0001985,-0.000316989,1.00102
29,50,0.460938,0.789062,1.00298,0.990843,0.503942,0,1.00391,1.00017,0.00485888,0,0.000238684,-0.00281206,1.00018
30,50,0.476562,0.789062,1.00342,0.990846,0.503402,0,1.00456,0.999414,0.00370449,0,0.000278281,-0.00540874,0.999421
31,50,0.492188,0.789062,1.00372,0.99087,0.502818,0,1.00495,0.998748,0.00267921,0,0.000310168,-0.00787979,0.998751
32,50,0.507812,0.789062,1.00386,0.990874,0.502212,0,1.00506,0.998192,0.00180163,0,0.000336102,-0.00960499,0.998193
33,50,0.523438,0.789062,1.00385,0.990907,0.501581,0,1.00498,0.997745,0.00106488,0,0.000351387,-0.0104079,0.997746
34,50,0.539062,0.789062,1.00379,0.990983,0.501034,0,1.00478,0.997398,0.000489067,0,0.000368968,-0.0111417,0.997399
35,50,0.554688,0.789062,1.00368,0.991142,0.500508,0,1.00447,0.997147,2.78234e-06,0,0.000379578,-0.0126498,0.997147
36,50,0.570312,0.789062,1.00355,0.991406,0.500043,0,1.00411,0.996994,-0.000398888,0,0.000374083,-0.0121931,0.996994
37,50,0.585938,0.789062,1.00344,0.991774,0.499657,0,1.00377,0.99692,-0.000725616,0,0.000367828,-0.0118968,0.99692
38,50,0.601562,0.789062,1.00334,0.992221,0.499346,0,1.00349,0.996913,-0.00100051,0,0.000355068,-0.0116275,0.996913
39,50,0.617188,0.789062,1.00326,0.992783,0.499097,0,1.00325,0.996965,-0.00122612,0,0.000338766,-0.0109569,0.996965
40,50,0.632812,0.789062,1.00321,0.993392,0.498905,0,1.00309,0.997062,-0.00140236,0,0.000319187,-0.0101764,0.997063
41,50,0.648438,0.789062,1.00314,0.994036,0.498757,0,1.00296,0.997196,-0.00153518,0,0.000297575,-0.00945118,0.997197
42,50,0.664062,0.789062,1.00299,0.994684,0.498641,0,1.00286,0.997359,-0.00162281,0,0.000274284,-0.00861622,0.99736
43,50,0.679688,0.789062,1.0027,0.995304,0.498557,0,1.00276,0.997543,-0.00167794,0,0.00024945,-0.00777229,0.997544
44,50,0.695312,0.789062,1.00221,0.995879,0.49848,0,1.00264,0.997742,-0.0016883,0,0.000221718,-0.00668425,0.997743
45,50,0.710938,0.789062,1.00144,0.996394,0.498416,0,1.00249,0.99795,-0.00167465,0,0.000195511,-0.00581461,0.997952
46,50,0.726562,0.789062,1.00037,0.996848,0.498361,0,1.0023,0.998164,-0.00164073,0,0.000168747,-0.00493317,0.998166
47,50,0.742188,0.789062,0.998996,0.997247,0.498312,0,1.00209,0.998381,-0.00159085,0,0.000142047,-0.00408186,0.998382
48,50,0.757812,0.789062,0.997328,0.9976,0.498266,0,1.00185,0.998596,-0.0015312,0,0.000115994,-0.00327856,0.998597
49,50,0.773438,0.789062,0.99539,0.997918,0.498223,0,1.00159,0.998808,-0.00146569,0,9.07652e-05,-0.0025356,0.99881
50,50,0.789062,0.789062,0.993332,0.998213,0.498183,0,1.00132,0.999016,-0.00139771,0,6.63386e-05,-0.00185525,0.999017
51,50,0.804688,0.789062,0.991206,0.998494,0.498146,0,1.00104,0.999218,-0.00133163,0,4.27161e-05,-0.00122831,0.999219
52,50,0.820312,0.789062,0.989253,0.998768,0.498113,0,1.00075,0.999415,-0.00127033,0,1.99612e-05,-0.000658391,0.999416
53,50,0.835938,0.789062,0.988376,0.999042,0.498083,0,1.00044,0.999607,-0.00121686,0,-1.47834e-06,-0.000137386,0.999608
54,50,0.851562,0.789062,0.988378,0.999321,0.498055,0,1.0001,0.999795,-0.00117519,0,-2.15633e-05,0.000314968,0.999795
55,50,0.867188,0.789062,0.988499,0.999608,0.498025,0,0.999738,0.999978,-0.0011461,0,-3.98942e-05,0.000632024,0.999979
56,50,0.882812,0.789062,0.988958,0.999904,0.497996,0,0.999339,1.00016,-0.00112935,0,-5.67183e-05,0.000954095,1.00016
57,50,0.898438,0.789062,0.989826,1.00022,0.497968,0,0.998893,1.00034,-0.00113287,0,-7.16184e-05,0.00116477,1.00034
58,50,0.914062,0.789062,0.990986,1.00054,0.497936,0,0.998394,1.00053,-0.00115169,0,-8.63671e-05,0.00154919,1.00053
59,50,0.929688,0.789062,0.992288,1.00087,0.497906,0,0.997841,1.00072,-0.00118985,0,-9.559e-05,0.00155569,1.00072
60,50,0.945312,0.789062,0.993611,1.00123,0.497857,0,0.997226,1.00091,-0.00125184,0,-0.000101953,0.00102671,1.00091
61,50,0.960938,0.789062,0.994873,1.00161,0.497803,0,0.99655,1.00111,-0.00133306,0,-0.000106935,0.000989491,1.00111
62,50,0.976562,0.789062,0.995801,1.00201,0.497754,0,0.995817,1.00133,-0.00143446,0,-0.000108898,0.000898374,1.00133
63,50,0.992188,0.789062,0.995931,1.00241,0.497697,0,0.995042,1.00157,-0.00155245,0,-0.000109559,0.000606379,1.00157
0,51,0.0078125,0.804688,0.99673,1.00258,0.49712,0,0.995581,1.0015,-0.00186166,0,-3.38226e-05,-0.00173641,1.0015
1,51,0.0234375,0.804688,0.996588,1.00291,0.497083,0,0.994842,1.00166,-0.00203539,0,-2.48488e-05,-0.00242482,1.00166
2,51,0.0390625,0.804688,0.996371,1.00317,0.497031,0,0.994145,1.00183,-0.00222756,0,-1.42362e-05,-0.00303938,1.00183
3,51,0.0546875,0.804688,0.996161,1.00336,0.496963,0,0.993584,1.00201,-0.0024337,0,-6.0052e-06,-0.00348557,1.00201
4,51,0.0703125,0.804688,0.99592,1.00333,0.496882,0,0.993116,1.0022,-0.00264499,0,1.93935e-05,-0.00476678,1.00221
5,51,0.0859375,0.804688,0.9958,1.00309,0.496815,0,0.99293,1.00241,-0.00284386,0,3.16941e-05,-0.00471392,1.00242
6,51,0.101562,0.804688,0.995858,1.00263,0.496764,0,0.993072,1.00263,-0.00302476,0,5.11077e-05,-0.00551279,1.00264
7,51,0.117188,0.804688,0.996128,1.00175,0.496678,0,0.993633,1.00286,-0.00320187,0,7.25277e-05,-0.00649675,1.00286
8,51,0.132812,0.804688,0.996633,1.00054,0.496615,0,0.994562,1.00309,-0.00335077,0,8.27647e-05,-0.00675862,1.00309
9,51,0.148438,0.804688,0.997342,0.999055,0.496552,0,0.9958,1.00332,-0.00338407,0,9.67605e-05,-0.00754535,1.00332
10,51,0.164062,0.804688,0.998198,0.997357,0.496534,0,0.997251,1.00355,-0.00332487,0,0.000102348,-0.00758612,1.00355
11,51,0.179688,0.804688,0.999113,0.995566,0.496608,0,0.998766,1.00378,-0.00311067,0,0.000106378,-0.00731292,1.00378
12,51,0.195312,0.804688,0.999937,0.993858,0.496791,0,1.00011,1.004,-0.00267539,0,0.000109474,-0.00740856,1.004
13,51,0.210938,0.804688,1.00054,0.992413,0.497104,0,1.00109,1.00421,-0.00198706,0,0.000105778,-0.00660862,1.00421
14,51,0.226562,0.804688,1.00085,0.991358,0.497588,0,1.00161,1.0044,-0.00101497,0,0.000101026,-0.00528651,1.0044
15,51,0.242188,0.804688,1.0009,0.990562,0.498238,0,1.00166,1.00455,0.000273769,0,0.000101732,-0.00464176,1.00455
16,51,0.257812,0.804688,1.00077,0.990056,0.499086,0,1.00145,1.00465,0.00185184,0,9.88164e-05,-0.00378443,1.00465
17,51,0.273438,0.804688,1.00049,0.989787,0.500094,0,1.00096,1.00468,0.00363227,0,9.20919e-05,-0.00161591,1.00469
18,51,0.289062,0.804688,1.00016,0.989648,0.501226,0,1.00037,1.00464,0.00550871,0,7.9315e-05,0.000186037,1.00465
19,51,0.304688,0.804688,0.999876,0.989641,0.502241,0,0.999832,1.0045,0.00722065,0,6.67039e-05,0.00133195,1.00453
20,51,0.320312,0.804688,0.999678,0.98963,0.503224,0,0.999413,1.00427,0.00878237,0,5.57811e-05,0.00324629,1.00431
21,51,0.335938,0.804688,0.999668,0.989659,0.504084,0,0.999316,1.00395,0.00996841,0,5.14133e-05,0.00463482,1.004
22,51,0.351562,0.804688,0.999782,0.989655,0.50469,0,0.999448,1.00354,0.0108014,0,4.93777e-05,0.00519017,1.0036
23,51,0.367188,0.804688,1.00006,0.989706,0.505125,0,0.999807,1.00306,0.0110362,0,2.467e-05,0.00873438,1.00312
24,51,0.382812,0.804688,1.00049,0.98973,0.505371,0,1.00042,1.00249,0.0107726,0,4.48999e-05,0.00674947,1.00255
25,51,0.398438,0.804688,1.001,0.989813,0.505353,0,1.00118,1.00188,0.0101749,0,6.47922e-05,0.00633427,1.00193
26,51,0.414062,0.804688,1.00157,0.989951,0.505209,0,1.00204,1.00125,0.0092366,0,8.1797e-05,0.00577717,1.00129
27,51,0.429688,0.804688,1.00215,0.990134,0.504898,0,1.00291,1.0006,0.00805638,0,0.000108961,0.00418272,1.00064
28,51,0.445312,0.804688,1.00269,0.990327,0.504476,0,1.00368,0.999971,0.00676132,0,0.000139017,0.00199693,0.999994
29,51,0.460938,0.804688,1.00312,0.99051,0.503963,0,1.00429,0.999379,0.00545061,0,0.000165661,-1.87717e-05,0.999394
30,51,0.476562,0.804688,1.00342,0.990686,0.503381,0,1.00471,0.998854,0.00420437,0,0.000193349,-0.00162166,0.998862
31,51,0.492188,0.804688,1.0036,0.99087,0.502755,0,1.00495,0.998404,0.00307786,0,0.000220711,-0.00324098,0.998409
32,51,0.507812,0.804688,1.00362,0.990981,0.5021,0,1.00496,0.998026,0.00209432,0,0.000252621,-0.00549911,0.998028
33,51,0.523438,0.804688,1.00356,0.991123,0.501458,0,1.00481,0.997714,0.00126311,0,0.00027935,-0.00725145,0.997715
34,51,0.539062,0.804688,1.00344,0.991267,0.500855,0,1.00454,0.99748,0.000583255,0,0.000298368,-0.00892698,0.997481
35,51,0.554688,0.804688,1.00327,0.991496,0.500283,0,1.00419,0.997335,6.5441e-06,0,0.000306012,-0.0090595,0.997335
36,51,0.570312,0.804688,1.00312,0.991791,0.499778,0,1.00385,0.997256,-0.000469409,0,0.000310988,-0.00959232,0.997256
37,51,0.585938,0.804688,1.00298,0.992151,0.499347,0,1.00357,0.997239,-0.000863485,0,0.000309327,-0.00987529,0.99724
38,51,0.601562,0.804688,1.00286,0.992615,0.498996,0,1.00333,0.99728,-0.00118813,0,0.000302029,-0.00942528,0.99728
39,51,0.617188,0.804688,1.00278,0.993148,0.498703,0,1.00317,0.997365,-0.00145487,0,0.000291371,-0.00918908,0.997366
40,51,0.632812,0.804688,1.00271,0.993729,0.498473,0,1.00309,0.997487,-0.00166037,0,0.000277787,-0.00866926,0.997489
41,51,0.648438,0.804688,1.00262,0.994339,0.498288,0,1.00305,0.997639,-0.0018136,0,0.000261826,-0.008106,0.997641
42,51,0.664062,0.804688,1.00245,0.994947,0.498139,0,1.00303,0.997813,-0.0019136,0,0.000243166,-0.00746329,0.997815
43,51,0.679688,0.804688,1.00214,0.995526,0.498023,0,1.003,0.998005,-0.00197553,0,0.000223118,-0.00679593,0.998007
44,51,0.695312,0.804688,1.00163,0.996061,0.49791,0,1.00296,0.998209,-0.00198506,0,0.000200497,-0.00591403,0.998211
45,51,0.710938,0.804688,1.00088,0.996538,0.497815,0,1.00288,0.998421,-0.00196772,0,0.000178762,-0.0051961,0.998423
46,51,0.726562,0.804688,0.99986,0.996957,0.497729,0,1.00277,0.998636,-0.00192569,0,0.000156325,-0.00444435,0.998638
47,51,0.742188,0.804688,0.998551,0.997325,0.497652,0,1.00262,0.998852,-0.00186422,0,0.000134155,-0.00373332,0.998853
48,51,0.757812,0.804688,0.996992,0.997651,0.497582,0,1.00245,0.999063,-0.00179072,0,0.00011269,-0.00307423,0.999065
49,51,0.773438,0.804688,0.995312,0.997947,0.497519,0,1.00225,0.999269,-0.00170988,0,9.21551e-05,-0.00246912,0.99927
50,51,0.789062,0.804688,0.993445,0.998223,0.497464,0,1.00204,0.999467,-0.00162562,0,7.26867e-05,-0.00191789,0.999468
51,51,0.804688,0.804688,0.991506,0.998488,0.497417,0,1.0018,0.999655,-0.00154288,0,5.43516e-05,-0.00142913,0.999657
52,51,0.820312,0.804688,0.989874,0.998749,0.497377,0,1.00155,0.999835,-0.0014654,0,3.73833e-05,-0.00101863,0.999836
53,51,0.835938,0.804688,0.989359,0.99901,0.497345,0,1.00129,1,-0.00139694,0,2.19329e-05,-0.000689342,1
54,51,0.851562,0.804688,0.989383,0.999276,0.49732,0,1.00099,1.00016,-0.00134089,0,7.64383e-06,-0.000389085,1.00016
55,51,0.867188,0.804688,0.989542,0.999549,0.497299,0,1.00067,1.00031,-0.00129943,0,-5.08334e-06,-0.00019824,1.00031
56,51,0.882812,0.804688,0.990056,0.999834,0.49728,0,1.00031,1.00046,-0.00127255,0,-1.59887e-05,-6.00864e-05,1.00046
57,51,0.898438,0.804688,0.99094,1.00013,0.497268,0,0.999904,1.00059,-0.00126866,0,-2.6218e-05,-5.38399e-05,1.00059
58,51,0.914062,0.804688,0.992087,1.00044,0.497256,0,0.99945,1.00072,-0.00128216,0,-3.32397e-05,-5.24574e-05,1.00072
59,51,0.929688,0.804688,0.993351,1.00076,0.497246,0,0.998944,1.00085,-0.0013175,0,-3.86527e-05,-9.90516e-05,1.00085
60,51,0.945312,0.804688,0.994606,1.00109,0.497234,0,0.998374,1.00097,-0.00137756,0,-4.33241e-05,-0.00013858,1.00097
61,51,0.960938,0.804688,0.995802,1.00144,0.497219,0,0.997744,1.00109,-0.00146804,0,-4.27391e-05,-0.000695556,1.0011
62,51,0.976562,0.804688,0.996675,1.00182,0.497177,0,0.997054,1.00122,-0.00158267,0,-4.17909e-05,-0.00151454,1.00122
63,51,0.992188,0.804688,0.996777,1.00221,0.497144,0,0.996328,1.00135,-0.00171149,0,-3.98756e-05,-0.00157512,1.00135
0,52,0.0078125,0.820312,0.99763,1.00257,0.496521,0,0.996911,1.00137,-0.00196102,0,3.1631e-05,-0.00343376,1.00137
1,52,0.0234375,0.820312,0.997472,1.00291,0.496519,0,0.996216,1.00142,-0.00214365,0,3.88252e-05,-0.00377099,1.00142
2,52,0.0390625,0.820312,0.997254,1.00318,0.496505,0,0.995566,1.00147,-0.00234594,0,4.86757e-05,-0.00439719,1.00147
3,52,0.0546875,0.820312,0.997066,1.00335,0.496486,0,0.995068,1.00151,-0.00255853,0,6.07163e-05,-0.00514657,1.00152
4,52,0.0703125,0.820312,0.996874,1.00332,0.496444,0,0.994667,1.00156,-0.00279573,0,8.30042e-05,-0.00666706,1.00156
5,52,0.0859375,0.820312,0.996774,1.00311,0.496437,0,0.994533,1.00161,-0.00300361,0,9.16096e-05,-0.00672661,1.00162
6,52,0.101562,0.820312,0.996876,1.00261,0.496435,0,0.994734,1.00167,-0.00319855,0,0.000105027,-0.00730586,1.00168
7,52,0.117188,0.820312,0.997213,1.00172,0.496408,0,0.995379,1.00174,-0.00338767,0,0.00011616,-0.00775219,1.00174
8,52,0.132812,0.820312,0.997759,1.00052,0.496421,0,0.996389,1.0018,-0.00353692,0,0.000118308,-0.00764125,1.00181
9,52,0.148438,0.820312,0.998501,0.999034,0.496432,0,0.997708,1.00187,-0.00357599,0,0.000123712,-0.00819511,1.00188
10,52,0.164062,0.820312,0.999388,0.99734,0.496487,0,0.999235,1.00193,-0.00351312,0,0.000123981,-0.00812076,1.00194
11,52,0.179688,0.820312,1.00033,0.995542,0.496631,0,1.00084,1.00199,-0.00329566,0,0.000124201,-0.00813904,1.00199
12,52,0.195312,0.820312,1.0012,0.993808,0.49688,0,1.00229,1.00204,-0.00285195,0,0.000122768,-0.00813716,1.00204
13,52,0.210938,0.820312,1.00186,0.992283,0.497258,0,1.00341,1.00207,-0.00214834,0,0.00011822,-0.00799085,1.00208
14,52,0.226562,0.820312,1.00228,0.991012,0.497785,0,1.00409,1.00209,-0.00115113,0,0.000108888,-0.00761821,1.00209
15,52,0.242188,0.820312,1.00242,0.990087,0.498478,0,1.00434,1.00209,0.000172653,0,9.2538e-05,-0.00658926,1.00209
16,52,0.257812,0.820312,1.00234,0.989383,0.499372,0,1.0042,1.00207,0.00178916,0,7.48076e-05,-0.00492321,1.00208
17,52,0.273438,0.820312,1.00211,0.988938,0.500384,0,1.00377,1.00205,0.00361572,0,5.54812e-05,-0.00286317,1.00205
18,52,0.289062,0.820312,1.00176,0.988712,0.501495,0,1.00318,1.00199,0.00556524,0,3.91184e-05,0.000141147,1.00201
19,52,0.304688,0.820312,1.00143,0.98859,0.502515,0,1.0026,1.00188,0.00736187,0,2.43372e-05,0.00188785,1.00191
20,52,0.320312,0.820312,1.00117,0.988556,0.503492,0,1.00212,1.00171,0.00899952,0,1.53222e-05,0.0030856,1.00175
21,52,0.335938,0.820312,1.0011,0.98853,0.50432,0,1.00187,1.0015,0.0102557,0,1.26351e-05,0.00469186,1.00155
22,52,0.351562,0.820312,1.00109,0.988591,0.504904,0,1.00176,1.00124,0.0111429,0,1.27603e-05,0.00539067,1.0013
23,52,0.367188,0.820312,1.00121,0.988702,0.50528,0,1.00189,1.00094,0.0114654,0,1.65802e-06,0.00831621,1.00101
24,52,0.382812,0.820312,1.00149,0.988824,0.50549,0,1.00225,1.00059,0.0112465,0,7.96116e-06,0.00765246,1.00065
25,52,0.398438,0.820312,1.00182,0.989049,0.505437,0,1.0027,1.00021,0.0106575,0,3.10829e-05,0.00657935,1.00026
26,52,0.414062,0.820312,1.0022,0.989329,0.505244,0,1.00321,0.999821,0.00972693,0,3.64603e-05,0.00667354,0.999868
27,52,0.429688,0.820312,1.0026,0.989631,0.504882,0,1.00375,0.999443,0.0085309,0,4.73518e-05,0.0061692,0.999479
28,52,0.445312,0.820312,1.00294,0.990001,0.504403,0,1.00422,0.999086,0.00720028,0,7.07873e-05,0.00525615,0.999112
29,52,0.460938,0.820312,1.00318,0.990395,0.503856,0,1.00457,0.998749,0.00583644,0,0.00010343,0.00311539,0.998766
30,52,0.476562,0.820312,1.00335,0.99075,0.503226,0,1.00482,0.998444,0.00451917,0,0.000133523,0.000607397,0.998454
31,52,0.492188,0.820312,1.0034,0.991005,0.502565,0,1.00488,0.998175,0.003324,0,0.000163804,-0.0014616,0.99818
32,52,0.507812,0.820312,1.00334,0.991265,0.501898,0,1.00476,0.997952,0.0022704,0,0.00019018,-0.00300937,0.997954
33,52,0.523438,0.820312,1.00321,0.991494,0.501221,0,1.00452,0.997787,0.00136024,0,0.000208391,-0.00434242,0.997788
34,52,0.539062,0.820312,1.00304,0.991725,0.50058,0,1.00421,0.997686,0.00059993,0,0.000229357,-0.00536996,0.997686
35,52,0.554688,0.820312,1.00286,0.991968,0.499974,0,1.00388,0.997632,-4.37351e-05,0,0.000244771,-0.00668574,0.997632
36,52,0.570312,0.820312,1.00268,0.992265,0.499431,0,1.00357,0.997629,-0.000580911,0,0.000251477,-0.00730772,0.997629
37,52,0.585938,0.820312,1.00253,0.992635,0.498963,0,1.00333,0.997673,-0.00102517,0,0.000252678,-0.0075165,0.997674
38,52,0.601562,0.820312,1.00241,0.993072,0.498561,0,1.00318,0.997759,-0.00139309,0,0.000251438,-0.00762694,0.99776
39,52,0.617188,0.820312,1.00233,0.993578,0.498228,0,1.00312,0.997878,-0.00168995,0,0.000244978,-0.00743768,0.99788
40,52,0.632812,0.820312,1.00226,0.994127,0.497958,0,1.00313,0.998024,-0.00191936,0,0.000235696,-0.00722806,0.998026
41,52,0.648438,0.820312,1.00217,0.994691,0.497735,0,1.00318,0.998194,-0.0020893,0,0.000223597,-0.00680551,0.998196
42,52,0.664062,0.820312,1.00199,0.99525,0.497547,0,1.00326,0.998381,-0.002199,0,0.00020895,-0.00628128,0.998383
43,52,0.679688,0.820312,1.00167,0.995781,0.497393,0,1.00333,0.998582,-0.00226665,0,0.000193182,-0.0057846,0.998584
44,52,0.695312,0.820312,1.00118,0.996268,0.497241,0,1.00338,0.998792,-0.002275,0,0.000175171,-0.00509957,0.998794
45,52,0.710938,0.820312,1.00047,0.9967,0.497113,0,1.00338,0.999006,-0.00225349,0,0.00015806,-0.00456418,0.999009
46,52,0.726562,0.820312,0.999496,0.997085,0.496999,0,1.00335,0.999221,-0.00220261,0,0.00014005,-0.00396846,0.999224
47,52,0.742188,0.820312,0.998311,0.997419,0.496897,0,1.00328,0.999433,-0.00212895,0,0.000122384,-0.00338226,0.999435
48,52,0.757812,0.820312,0.996986,0.997716,0.496806,0,1.00316,0.999638,-0.00204082,0,0.000105821,-0.00285975,0.999641
49,52,0.773438,0.820312,0.995469,0.997989,0.496728,0,1.00302,0.999835,-0.00194382,0,9.03286e-05,-0.00240384,0.999837
50,52,0.789062,0.820312,0.993825,0.998248,0.496662,0,1.00286,1.00002,-0.00184236,0,7.60423e-05,-0.00199929,1.00002
51,52,0.804688,0.820312,0.992166,0.998499,0.496607,0,1.00267,1.00019,-0.00174164,0,6.30369e-05,-0.00164182,1.00019
52,52,0.820312,0.820312,0.99092,0.998749,0.496565,0,1.00246,1.00035,-0.00164625,0,5.16243e-05,-0.00135626,1.00035
53,52,0.835938,0.820312,0.990693,0.999002,0.496535,0,1.00223,1.0005,-0.00156063,0,4.17124e-05,-0.00114871,1.0005
54,52,0.851562,0.820312,0.990727,0.999259,0.496515,0,1.00198,1.00063,-0.00148806,0,3.28332e-05,-0.000984436,1.00063
55,52,0.867188,0.820312,0.990928,0.999526,0.496503,0,1.00169,1.00075,-0.00143139,0,2.52571e-05,-0.000878176,1.00075
56,52,0.882812,0.820312,0.991474,0.999805,0.496497,0,1.00137,1.00085,-0.00139156,0,1.88936e-05,-0.000879045,1.00086
57,52,0.898438,0.820312,0.992342,1.0001,0.496496,0,1.001,1.00095,-0.00137332,0,1.26845e-05,-0.000733966,1.00095
58,52,0.914062,0.820312,0.99343,1.0004,0.496503,0,1.00057,1.00103,-0.00137893,0,1.08339e-05,-0.000998506,1.00103
59,52,0.929688,0.820312,0.994603,1.00072,0.49651,0,1.0001,1.0011,-0.00140736,0,8.54129e-06,-0.00108478,1.0011
60,52,0.945312,0.820312,0.995751,1.00106,0.49652,0,0.999567,1.00117,-0.00146213,0,7.1607e-06,-0.00123941,1.00117
61,52,0.960938,0.820312,0.996836,1.00143,0.496521,0,0.998966,1.00122,-0.00154804,0,5.62402e-06,-0.00141557,1.00123
62,52,0.976562,0.820312,0.997611,1.00181,0.496523,0,0.998312,1.00128,-0.00166075,0,8.37087e-06,-0.00164335,1.00128
63,52,0.992188,0.820312,0.997687,1.00219,0.49652,0,0.997621,1.00132,-0.00180032,0,2.07181e-05,-0.00269825,1.00133
0,53,0.0078125,0.835938,0.998554,1.00255,0.49585,0,0.998301,1.00129,-0.00198559,0,8.99683e-05,-0.0049642,1.00129
1,53,0.0234375,0.835938,0.998385,1.0029,0.495855,0,0.997649,1.00122,-0.00216965,0,9.77595e-05,-0.00555244,1.00123
2,53,0.0390625,0.835938,0.998162,1.00318,0.495887,0,0.997047,1.00116,-0.00236733,0,0.00010826,-0.00554152,1.00116
3,53,0.0546875,0.835938,0.997987,1.00336,0.495925,0,0.996605,1.00108,-0.00257746,0,0.000114467,-0.00598822,1.00109
4,53,0.0703125,0.835938,0.997815,1.00334,0.495923,0,0.996234,1.00101,-0.00282809,0,0.000129646,-0.00714478,1.00101
5,53,0.0859375,0.835938,0.997735,1.00317,0.495969,0,0.996144,1.00092,-0.00303758,0,0.000138418,-0.00751826,1.00093
6,53,0.101562,0.835938,0.997875,1.00266,0.496016,0,0.9964,1.00084,-0.00323988,0,0.000147117,-0.00817808,1.00084
7,53,0.117188,0.835938,0.998266,1.00178,0.496055,0,0.99711,1.00074,-0.00343287,0,0.00015429,-0.00868146,1.00075
8,53,0.132812,0.835938,0.998867,1.00058,0.496149,0,0.998196,1.00065,-0.00357531,0,0.000151816,-0.00868804,1.00065
9,53,0.148438,0.835938,0.999645,0.999096,0.496245,0,0.999586,1.00054,-0.00361036,0,0.00014865,-0.00887472,1.00055
10,53,0.164062,0.835938,1.00056,0.997395,0.496393,0,1.00119,1.00043,-0.00354446,0,0.000142774,-0.00897223,1.00044
11,53,0.179688,0.835938,1.00154,0.995585,0.496617,0,1.00287,1.00032,-0.00332217,0,0.000131528,-0.00873489,1.00033
12,53,0.195312,0.835938,1.00244,0.993824,0.496947,0,1.00441,1.00021,-0.0028688,0,0.000116,-0.00811853,1.00022
13,53,0.210938,0.835938,1.00314,0.992269,0.497407,0,1.00561,1.0001,-0.00215127,0,9.57473e-05,-0.00727392,1.00011
14,53,0.226562,0.835938,1.00359,0.990991,0.498015,0,1.00637,0.999994,-0.0011369,0,7.4116e-05,-0.0060915,0.999995
15,53,0.242188,0.835938,1.00379,0.990062,0.498785,0,1.00672,0.999884,0.000201235,0,5.54297e-05,-0.00522353,0.999884
16,53,0.257812,0.835938,1.00376,0.989269,0.499714,0,1.00666,0.999778,0.00182333,0,4.32864e-05,-0.00456488,0.99978
17,53,0.273438,0.835938,1.0036,0.9887,0.500742,0,1.00634,0.999674,0.00366532,0,2.74016e-05,-0.00349678,0.999681
18,53,0.289062,0.835938,1.00331,0.988294,0.501838,0,1.00584,0.999571,0.00563981,0,1.38776e-05,-0.00182953,0.999587
19,53,0.304688,0.835938,1.00296,0.988041,0.502856,0,1.00522,0.999466,0.00748144,0,-5.31862e-06,0.000930878,0.999494
20,53,0.320312,0.835938,1.00263,0.987881,0.503822,0,1.00463,0.999354,0.00915168,0,-1.32784e-05,0.00256461,0.999396
21,53,0.335938,0.835938,1.00245,0.987769,0.504593,0,1.00424,0.999237,0.0104301,0,-1.15662e-05,0.0036852,0.999292
22,53,0.351562,0.835938,1.00231,0.987808,0.50511,0,1.00396,0.999113,0.0113421,0,-9.64112e-06,0.00478226,0.999177
23,53,0.367188,0.835938,1.0023,0.987907,0.505419,0,1.0038,0.998982,0.011694,0,-1.37319e-05,0.00623913,0.99905
24,53,0.382812,0.835938,1.00236,0.988162,0.505554,0,1.00386,0.998864,0.0115057,0,-2.94159e-05,0.00905024,0.99893
25,53,0.398438,0.835938,1.00246,0.988551,0.505439,0,1.00396,0.998725,0.0109087,0,-9.7931e-06,0.00721125,0.998785
26,53,0.414062,0.835938,1.00264,0.989027,0.505179,0,1.00416,0.9986,0.00997541,0,-8.78932e-07,0.00788766,0.99865
27,53,0.429688,0.835938,1.00284,0.989563,0.504764,0,1.00438,0.998476,0.00876496,0,1.30807e-05,0.00704943,0.998514
28,53,0.445312,0.835938,1.00301,0.990081,0.504257,0,1.00461,0.998359,0.00741103,0,2.95131e-05,0.0059875,0.998386
29,53,0.460938,0.835938,1.00313,0.990579,0.503641,0,1.00474,0.998259,0.0060122,0,5.08535e-05,0.00488641,0.998277
30,53,0.476562,0.835938,1.00317,0.991033,0.50298,0,1.00473,0.998166,0.00466647,0,7.51122e-05,0.00348209,0.998177
31,53,0.492188,0.835938,1.00313,0.991435,0.502298,0,1.00464,0.998091,0.00342692,0,0.000107032,0.00173419,0.998097
32,53,0.507812,0.835938,1.00301,0.991761,0.501589,0,1.00443,0.998038,0.00231709,0,0.00013724,-0.000382901,0.998041
33,53,0.523438,0.835938,1.00284,0.992029,0.500886,0,1.00415,0.99801,0.00135566,0,0.000160023,-0.00205138,0.998011
34,53,0.539062,0.835938,1.00263,0.992267,0.500213,0,1.00383,0.99801,0.000541659,0,0.000178231,-0.00376865,0.99801
35,53,0.554688,0.835938,1.00242,0.992529,0.499576,0,1.00352,0.998046,-0.000150366,0,0.000189769,-0.00452356,0.998046
36,53,0.570312,0.835938,1.00224,0.992825,0.498999,0,1.00327,0.998115,-0.000730769,0,0.000196902,-0.0051369,0.998116
37,53,0.585938,0.835938,1.0021,0.993173,0.498487,0,1.00311,0.998216,-0.00121322,0,0.00020156,-0.00560147,0.998217
38,53,0.601562,0.835938,1.00199,0.993599,0.498043,0,1.00306,0.998342,-0.00161154,0,0.00020231,-0.00592458,0.998343
39,53,0.617188,0.835938,1.00194,0.994063,0.497669,0,1.0031,0.998491,-0.00193089,0,0.000198212,-0.00587116,0.998493
40,53,0.632812,0.835938,1.00188,0.994562,0.497361,0,1.00321,0.99866,-0.00217804,0,0.000192554,-0.00574435,0.998662
41,53,0.648438,0.835938,1.00178,0.995076,0.497097,0,1.00337,0.998845,-0.00236067,0,0.000183522,-0.00550306,0.998848
42,53,0.664062,0.835938,1.00161,0.995581,0.496868,0,1.00355,0.999043,-0.00247764,0,0.000172428,-0.00517371,0.999046
43,53,0.679688,0.835938,1.00132,0.996058,0.496678,0,1.00372,0.99925,-0.00254878,0,0.000160303,-0.00483271,0.999253
44,53,0.695312,0.835938,1.00086,0.996495,0.496492,0,1.00386,0.999461,-0.00255404,0,0.00014704,-0.0043418,0.999464
45,53,0.710938,0.835938,1.00018,0.996887,0.496339,0,1.00395,0.999673,-0.00252717,0,0.000134166,-0.00396047,0.999676
46,53,0.726562,0.835938,0.999329,0.997226,0.496204,0,1.00398,0.999882,-0.00246638,0,0.000121174,-0.00349937,0.999885
47,53,0.742188,0.835938,0.998328,0.997527,0.496086,0,1.00397,1.00008,-0.00237944,0,0.000108825,-0.00312384,1.00009
48,53,0.757812,0.835938,0.997161,0.9978,0.495984,0,1.00391,1.00028,-0.00227612,0,9.69988e-05,-0.00274871,1.00028
49,53,0.773438,0.835938,0.995867,0.998051,0.4959,0,1.00381,1.00046,-0.00216231,0,8.646e-05,-0.00241007,1.00046
50,53,0.789062,0.835938,0.994471,0.998292,0.495832,0,1.00369,1.00062,-0.00204302,0,7.73217e-05,-0.0021321,1.00063
51,53,0.804688,0.835938,0.993125,0.998531,0.495778,0,1.00354,1.00078,-0.00192368,0,6.92795e-05,-0.00189282,1.00078
52,53,0.820312,0.835938,0.992303,0.998771,0.49574,0,1.00337,1.00091,-0.00180972,0,6.30058e-05,-0.0017109,1.00091
53,53,0.835938,0.835938,0.992245,0.999017,0.495716,0,1.00317,1.00103,-0.00170595,0,5.79423e-05,-0.0015959,1.00104
54,53,0.851562,0.835938,0.992294,0.999271,0.495706,0,1.00295,1.00114,-0.00161577,0,5.35713e-05,-0.0014966,1.00114
55,53,0.867188,0.835938,0.992538,0.999535,0.495705,0,1.00269,1.00123,-0.00154226,0,5.04228e-05,-0.00147056,1.00123
56,53,0.882812,0.835938,0.993091,0.999812,0.495709,0,1.0024,1.0013,-0.00148649,0,4.85794e-05,-0.00150808,1.0013
57,53,0.898438,0.835938,0.993909,1.0001,0.495718,0,1.00206,1.00135,-0.00145203,0,4.78652e-05,-0.00150918,1.00135
58,53,0.914062,0.835938,0.994903,1.00041,0.495736,0,1.00167,1.00139,-0.00144521,0,4.88425e-05,-0.00175983,1.00139
59,53,0.929688,0.835938,0.995951,1.00073,0.495754,0,1.00123,1.00141,-0.00146228,0,5.30053e-05,-0.00210965,1.00141
60,53,0.945312,0.835938,0.996961,1.00107,0.495775,0,1.00075,1.00142,-0.00150571,0,5.79115e-05,-0.00236874,1.00142
61,53,0.960938,0.835938,0.997916,1.00143,0.495795,0,1.0002,1.00141,-0.00158013,0,6.26876e-05,-0.00289277,1.00141
62,53,0.976562,0.835938,0.998576,1.00179,0.495818,0,0.999609,1.00138,-0.00168365,0,6.89548e-05,-0.00327189,1.00138
63,53,0.992188,0.835938,0.998619,1.00217,0.495847,0,0.998967,1.00134,-0.00182099,0,7.94096e-05,-0.00389612,1.00134
0,54,0.0078125,0.851562,0.99941,1.00265,0.495187,0,0.999531,1.00133,-0.00193932,0,0.000121686,-0.00438766,1.00133
1,54,0.0234375,0.851562,0.999224,1.00301,0.49522,0,0.998925,1.0012,-0.00211448,0,0.000135919,-0.00519006,1.0012
2,54,0.0390625,0.851562,0.999001,1.0033,0.495236,0,0.998364,1.00104,-0.00231379,0,0.000149251,-0.00658446,1.00104
3,54,0.0546875,0.851562,0.998826,1.00351,0.495299,0,0.997951,1.00087,-0.00251129,0,0.000154054,-0.00634462,1.00088
4,54,0.0703125,0.851562,0.998681,1.00352,0.495329,0,0.997617,1.0007,-0.00275934,0,0.000163815,-0.00706232,1.0007
5,54,0.0859375,0.851562,0.998621,1.00341,0.49542,0,0.997572,1.0005,-0.00296384,0,0.000172164,-0.00762089,1.00051
6,54,0.101562,0.851562,0.998797,1.00294,0.495522,0,0.997886,1.0003,-0.00315954,0,0.000173649,-0.00806807,1.0003
7,54,0.117188,0.851562,0.999216,1.0021,0.495626,0,0.998632,1.00008,-0.0033461,0,0.000175566,-0.00850944,1.00008
8,54,0.132812,0.851562,0.999846,1.00092,0.495808,0,0.999751,0.999842,-0.00347396,0,0.000168754,-0.00855266,0.999848
9,54,0.148438,0.851562,1.00066,0.999459,0.495992,0,1.00118,0.999594,-0.00349747,0,0.000159447,-0.00861267,0.9996
10,54,0.164062,0.851562,1.0016,0.997768,0.496239,0,1.00284,0.999341,-0.00342555,0,0.000145205,-0.00860558,0.999347
11,54,0.179688,0.851562,1.00261,0.995957,0.496556,0,1.00457,0.999088,-0.00319646,0,0.000123066,-0.00815202,0.999093
12,54,0.195312,0.851562,1.00355,0.994176,0.496974,0,1.00619,0.998838,-0.00273628,0,9.85597e-05,-0.00751151,0.998842
13,54,0.210938,0.851562,1.0043,0.992576,0.497528,0,1.00747,0.998591,-0.00201265,0,7.2468e-05,-0.00689772,0.998593
14,54,0.226562,0.851562,1.00478,0.991233,0.498218,0,1.00831,0.998355,-0.000994359,0,4.70308e-05,-0.00598853,0.998356
15,54,0.242188,0.851562,1.00503,0.990239,0.499072,0,1.00876,0.998134,0.000342479,0,2.60297e-05,-0.0051232,0.998134
16,54,0.257812,0.851562,1.005,0.989381,0.500052,0,1.00872,0.997935,0.00195484,0,1.11851e-05,-0.00429271,0.997937
17,54,0.273438,0.851562,1.00485,0.988779,0.501128,0,1.00846,0.99776,0.00379244,0,-4.63754e-06,-0.00308613,0.997767
18,54,0.289062,0.851562,1.00459,0.988353,0.502247,0,1.00799,0.997617,0.00575039,0,-1.44364e-05,-0.00207656,0.997634
19,54,0.304688,0.851562,1.00421,0.988092,0.503264,0,1.00732,0.997515,0.00758177,0,-2.96602e-05,-0.000106173,0.997544
20,54,0.320312,0.851562,1.00384,0.987914,0.504186,0,1.00665,0.997455,0.00923694,0,-3.6993e-05,0.00160344,0.997498
21,54,0.335938,0.851562,1.00357,0.987828,0.504897,0,1.00611,0.997438,0.0104968,0,-4.48635e-05,0.00321089,0.997494
22,54,0.351562,0.851562,1.0033,0.987924,0.505323,0,1.0056,0.997469,0.0113978,0,-4.6482e-05,0.00549671,0.997534
23,54,0.367188,0.851562,1.00312,0.988105,0.505572,0,1.0052,0.997528,0.0117202,0,-3.60851e-05,0.0054901,0.997597
24,54,0.382812,0.851562,1.00304,0.988382,0.505567,0,1.005,0.997616,0.011545,0,-3.80672e-05,0.00811172,0.997683
25,54,0.398438,0.851562,1.00296,0.988832,0.505379,0,1.00483,0.997701,0.0109402,0,-2.43845e-05,0.00746969,0.997761
26,54,0.414062,0.851562,1.00296,0.98935,0.50503,0,1.00477,0.997791,0.00999618,0,-6.18228e-06,0.00707043,0.997841
27,54,0.429688,0.851562,1.00297,0.989925,0.504558,0,1.00474,0.997878,0.00878239,0,1.30011e-05,0.00671377,0.997917
28,54,0.445312,0.851562,1.00299,0.990532,0.503992,0,1.0047,0.997956,0.0074181,0,2.68404e-05,0.00545225,0.997984
29,54,0.460938,0.851562,1.003,0.991105,0.503342,0,1.00465,0.998022,0.006014,0,4.17186e-05,0.0043448,0.99804
30,54,0.476562,0.851562,1.00294,0.991609,0.50266,0,1.00453,0.998084,0.00465263,0,6.60813e-05,0.0030902,0.998095
31,54,0.492188,0.851562,1.00282,0.992026,0.501942,0,1.00434,0.998152,0.00338244,0,8.63357e-05,0.00147534,0.998158
32,54,0.507812,0.851562,1.00265,0.992372,0.501203,0,1.00406,0.998233,0.00224569,0,9.90908e-05,0.000635068,0.998236
33,54,0.523438,0.851562,1.00243,0.992657,0.500468,0,1.00374,0.998328,0.00125633,0,0.000112485,-0.000303745,0.998329
34,54,0.539062,0.851562,1.00221,0.992914,0.49976,0,1.00343,0.998436,0.000411537,0,0.000126879,-0.00140155,0.998436
35,54,0.554688,0.851562,1.002,0.993169,0.499092,0,1.00317,0.998558,-0.000311263,0,0.000139129,-0.00248441,0.998558
36,54,0.570312,0.851562,1.00183,0.993441,0.498479,0,1.00299,0.998695,-0.000918064,0,0.000147313,-0.00320776,0.998696
37,54,0.585938,0.851562,1.0017,0.99378,0.49793,0,1.00293,0.998845,-0.00142301,0,0.000152719,-0.00386558,0.998846
38,54,0.601562,0.851562,1.00163,0.994157,0.497454,0,1.00298,0.999008,-0.00184016,0,0.000154158,-0.0041844,0.99901
39,54,0.617188,0.851562,1.00159,0.994576,0.497049,0,1.00313,0.999184,-0.00217418,0,0.000151718,-0.00431577,0.999186
40,54,0.632812,0.851562,1.00155,0.995024,0.496699,0,1.00334,0.999371,-0.0024345,0,0.000148358,-0.00443275,0.999374
41,54,0.648438,0.851562,1.00148,0.995481,0.496397,0,1.00361,0.999567,-0.00262396,0,0.000142216,-0.00429357,0.999571
42,54,0.664062,0.851562,1.00134,0.995928,0.496138,0,1.00388,0.999769,-0.00274395,0,0.000134966,-0.00414536,0.999773
43,54,0.679688,0.851562,1.00106,0.996351,0.495921,0,1.00414,0.999972,-0.002814,0,0.000126358,-0.00394191,0.999976
44,54,0.695312,0.851562,1.00063,0.996738,0.495718,0,1.00435,1.00017,-0.00281447,0,0.000119028,-0.00374678,1.00018
45,54,0.710938,0.851562,1.00007,0.997085,0.495554,0,1.0045,1.00037,-0.00278028,0,0.000110534,-0.00350865,1.00038
46,54,0.726562,0.851562,0.999351,0.997394,0.495411,0,1.00459,1.00056,-0.00270808,0,0.000102193,-0.00324567,1.00057
47,54,0.742188,0.851562,0.998489,0.997657,0.495293,0,1.00462,1.00075,-0.00260733,0,9.50388e-05,-0.00294619,1.00075
48,54,0.757812,0.851562,0.99751,0.997902,0.495197,0,1.00459,1.00091,-0.00248821,0,8.83976e-05,-0.00273072,1.00092
49,54,0.773438,0.851562,0.996435,0.998134,0.495121,0,1.00453,1.00107,-0.00235756,0,8.27238e-05,-0.00255132,1.00107
50,54,0.789062,0.851562,0.995298,0.998359,0.495063,0,1.00443,1.00121,-0.00222088,0,7.83751e-05,-0.00238228,1.00121
51,54,0.804688,0.851562,0.994285,0.998587,0.495022,0,1.0043,1.00134,-0.0020833,0,7.46688e-05,-0.00221963,1.00134
52,54,0.820312,0.851562,0.993859,0.99882,0.494996,0,1.00415,1.00144,-0.00195164,0,7.29313e-05,-0.00214466,1.00145
53,54,0.835938,0.851562,0.99386,0.99906,0.494987,0,1.00398,1.00154,-0.00183053,0,7.12782e-05,-0.00206093,1.00154
54,54,0.851562,0.851562,0.993931,0.999311,0.49499,0,1.00378,1.00161,-0.00172289,0,7.06769e-05,-0.00202423,1.00161
55,54,0.867188,0.851562,0.99421,0.999572,0.494998,0,1.00355,1.00167,-0.00163149,0,7.13006e-05,-0.00200555,1.00167
56,54,0.882812,0.851562,0.994746,0.999847,0.495012,0,1.00329,1.00171,-0.00155875,0,7.31306e-05,-0.00207208,1.00171
57,54,0.898438,0.851562,0.995491,1.00014,0.495029,0,1.00298,1.00173,-0.00150854,0,7.60555e-05,-0.00224408,1.00173
58,54,0.914062,0.851562,0.996371,1.00045,0.495047,0,1.00263,1.00173,-0.00148208,0,7.9254e-05,-0.00221439,1.00173
59,54,0.929688,0.851562,0.997276,1.00077,0.495072,0,1.00224,1.00171,-0.00148486,0,8.5771e-05,-0.00265845,1.00172
60,54,0.945312,0.851562,0.998126,1.00111,0.495096,0,1.00179,1.00168,-0.00151233,0,9.17306e-05,-0.00294179,1.00168
61,54,0.960938,0.851562,0.998925,1.00147,0.495122,0,1.0013,1.00162,-0.00157021,0,9.66843e-05,-0.00301099,1.00162
62,54,0.976562,0.851562,0.999455,1.00185,0.495148,0,1.00075,1.00154,-0.0016618,0,0.000105011,-0.0034567,1.00154
63,54,0.992188,0.851562,0.999482,1.00225,0.495168,0,1.00015,1.00145,-0.00178784,0,0.000113001,-0.00395322,1.00145
0,55,0.0078125,0.867188,1.00013,1.00278,0.494614,0,1.00054,1.00142,-0.00185129,0,0.000142024,-0.00429065,1.00142
1,55,0.0234375,0.867188,0.999946,1.00317,0.494631,0,0.999985,1.00124,-0.00200996,0,0.00015308,-0.00475699,1.00125
2,55,0.0390625,0.867188,0.999722,1.0035,0.494653,0,0.999471,1.00104,-0.00219293,0,0.000164725,-0.0052764,1.00104
3,55,0.0546875,0.867188,0.999537,1.00372,0.494712,0,0.999085,1.00081,-0.00237816,0,0.000179018,-0.00632197,1.00081
4,55,0.0703125,0.867188,0.999427,1.00377,0.494732,0,0.99882,1.00055,-0.00261267,0,0.000183566,-0.00704999,1.00056
5,55,0.0859375,0.867188,0.999393,1.0037,0.494825,0,0.998804,1.00028,-0.00280515,0,0.00018947,-0.00752797,1.00028
6,55,0.101562,0.867188,0.999581,1.00328,0.494969,0,0.999125,0.999983,-0.00298123,0,0.000183626,-0.00736479,0.999987
7,55,0.117188,0.867188,1.00002,1.0025,0.495137,0,0.999885,0.999672,-0.00315241,0,0.000180434,-0.00746921,0.999677
8,55,0.132812,0.867188,1.00067,1.00138,0.495403,0,1.00103,0.999343,-0.00325686,0,0.000168613,-0.0071717,0.999348
9,55,0.148438,0.867188,1.0015,0.99997,0.495678,0,1.00249,0.998994,-0.00326296,0,0.000154788,-0.00730901,0.999
10,55,0.164062,0.867188,1.00248,0.998314,0.496025,0,1.00418,0.998636,-0.00317987,0,0.000131932,-0.00720399,0.998641
11,55,0.179688,0.867188,1.0035,0.996525,0.496442,0,1.00596,0.998272,-0.00293838,0,0.000103388,-0.00677901,0.998276
12,55,0.195312,0.867188,1.00446,0.99475,0.496967,0,1.0076,0.997906,-0.00246894,0,7.16148e-05,-0.00634235,0.997909
13,55,0.210938,0.867188,1.00523,0.993147,0.497629,0,1.00893,0.997548,-0.00174094,0,4.08874e-05,-0.00552476,0.997549
14,55,0.226562,0.867188,1.00575,0.991775,0.498419,0,1.00984,0.997201,-0.000727348,0,1.39389e-05,-0.00510093,0.997201
15,55,0.242188,0.867188,1.00602,0.99072,0.49936,0,1.01033,0.996882,0.000591783,0,-8.49732e-06,-0.00446374,0.996882
16,55,0.257812,0.867188,1.00601,0.989799,0.500395,0,1.01032,0.996604,0.00217519,0,-2.68455e-05,-0.00365522,0.996607
17,55,0.273438,0.867188,1.00587,0.989147,0.501514,0,1.01009,0.996379,0.00397895,0,-4.14735e-05,-0.00250547,0.996387
18,55,0.289062,0.867188,1.0056,0.988667,0.502652,0,1.00963,0.996216,0.00588499,0,-4.53659e-05,-0.0017988,0.996233
19,55,0.304688,0.867188,1.00518,0.988401,0.503657,0,1.0089,0.996125,0.00766689,0,-4.97482e-05,-0.000372963,0.996155
20,55,0.320312,0.867188,1.00475,0.988181,0.50453,0,1.00813,0.996105,0.00926265,0,-4.42772e-05,0.000361684,0.996148
21,55,0.335938,0.867188,1.00439,0.988141,0.505184,0,1.00747,0.996157,0.0104666,0,-3.64114e-05,0.00140939,0.996212
22,55,0.351562,0.867188,1.00402,0.98826,0.505511,0,1.00678,0.996275,0.0113176,0,-2.61684e-05,0.0023874,0.996339
23,55,0.367188,0.867188,1.00371,0.988475,0.505693,0,1.00622,0.996442,0.0115975,0,-1.57057e-05,0.00288169,0.99651
24,55,0.382812,0.867188,1.00348,0.988811,0.505604,0,1.00579,0.996657,0.0113915,0,-3.22285e-06,0.00393696,0.996723
25,55,0.398438,0.867188,1.00327,0.989322,0.505327,0,1.00542,0.996905,0.0107796,0,3.17263e-06,0.00556727,0.996963
26,55,0.414062,0.867188,1.00311,0.989902,0.504912,0,1.00514,0.997158,0.00982752,0,8.29453e-06,0.00542657,0.997207
27,55,0.429688,0.867188,1.003,0.990532,0.504314,0,1.0049,0.997413,0.00860756,0,1.56697e-05,0.00507196,0.99745
28,55,0.445312,0.867188,1.0029,0.991164,0.50365,0,1.00469,0.997655,0.00725687,0,2.447e-05,0.00522813,0.997682
29,55,0.460938,0.867188,1.00278,0.991752,0.502999,0,1.00448,0.997895,0.00585974,0,3.24695e-05,0.00545833,0.997912
30,55,0.476562,0.867188,1.00264,0.992282,0.502279,0,1.00424,0.998127,0.00448641,0,4.39363e-05,0.00422171,0.998137
31,55,0.492188,0.867188,1.00246,0.992739,0.50151,0,1.00395,0.998349,0.00320961,0,5.4196e-05,0.00312009,0.998354
32,55,0.507812,0.867188,1.00224,0.993097,0.500732,0,1.00364,0.99856,0.00206654,0,6.49598e-05,0.0020272,0.998562
33,55,0.523438,0.867188,1.00202,0.993384,0.499965,0,1.00332,0.998762,0.00106904,0,7.58951e-05,0.000984991,0.998763
34,55,0.539062,0.867188,1.0018,0.993624,0.49923,0,1.00304,0.99896,0.000213746,0,8.66475e-05,-3.75473e-05,0.99896
35,55,0.554688,0.867188,1.00161,0.993846,0.498533,0,1.00283,0.999155,-0.000520927,0,9.55638e-05,-0.000909063,0.999155
36,55,0.570312,0.867188,1.00145,0.994106,0.49789,0,1.00274,0.999347,-0.00113632,0,0.000101504,-0.00164765,0.999348
37,55,0.585938,0.867188,1.00136,0.994399,0.497318,0,1.00279,0.99954,-0.00165049,0,0.000105909,-0.00223886,0.999541
38,55,0.601562,0.867188,1.00132,0.99473,0.49681,0,1.00294,0.999735,-0.00207665,0,0.000107222,-0.00268254,0.999737
39,55,0.617188,0.867188,1.00131,0.995096,0.49638,0,1.00319,0.99993,-0.00241581,0,0.000107834,-0.00293908,0.999933
40,55,0.632812,0.867188,1.0013,0.995489,0.496007,0,1.00351,1.00013,-0.00268016,0,0.000106046,-0.00316349,1.00013
41,55,0.648438,0.867188,1.00126,0.995889,0.495686,0,1.00386,1.00032,-0.00287014,0,0.00010299,-0.00327365,1.00033
42,55,0.664062,0.867188,1.00113,0.996281,0.495415,0,1.0042,1.00051,-0.0029881,0,9.98106e-05,-0.00333982,1.00052
43,55,0.679688,0.867188,1.0009,0.996653,0.495193,0,1.00452,1.0007,-0.00305103,0,9.48069e-05,-0.00322744,1.0007
44,55,0.695312,0.867188,1.00056,0.996995,0.494995,0,1.00477,1.00088,-0.00304545,0,9.39103e-05,-0.00338598,1.00088
45,55,0.710938,0.867188,1.00008,0.997302,0.494841,0,1.00496,1.00105,-0.00300058,0,8.98172e-05,-0.00321782,1.00105
46,55,0.726562,0.867188,0.999467,0.997574,0.494716,0,1.00508,1.00121,-0.0029161,0,8.63891e-05,-0.00312607,1.00121
47,55,0.742188,0.867188,0.998756,0.997814,0.494614,0,1.00513,1.00136,-0.00280233,0,8.36333e-05,-0.00300949,1.00136
48,55,0.757812,0.867188,0.997961,0.998031,0.494539,0,1.00511,1.00149,-0.00266745,0,8.15156e-05,-0.00282537,1.00149
49,55,0.773438,0.867188,0.997091,0.998242,0.494487,0,1.00506,1.00161,-0.00252065,0,8.0273e-05,-0.00275947,1.00161
50,55,0.789062,0.867188,0.996208,0.998452,0.494453,0,1.00497,1.00172,-0.00236864,0,8.02477e-05,-0.00273155,1.00172
51,55,0.804688,0.867188,0.995535,0.998668,0.494434,0,1.00485,1.00181,-0.00221436,0,8.01751e-05,-0.00259336,1.00181
52,55,0.820312,0.867188,0.995382,0.998892,0.494431,0,1.00471,1.00188,-0.00206815,0,8.09789e-05,-0.00262209,1.00188
53,55,0.835938,0.867188,0.995393,0.999127,0.49444,0,1.00455,1.00194,-0.00193104,0,8.20415e-05,-0.00252299,1.00194
54,55,0.851562,0.867188,0.995487,0.999372,0.494457,0,1.00437,1.00199,-0.00180725,0,8.41614e-05,-0.00247924,1.00199
55,55,0.867188,0.867188,0.995786,0.999629,0.494478,0,1.00417,1.00202,-0.0016998,0,8.65109e-05,-0.00245467,1.00202
56,55,0.882812,0.867188,0.996287,0.999901,0.494499,0,1.00393,1.00203,-0.00161059,0,9.00066e-05,-0.00247952,1.00203
57,55,0.898438,0.867188,0.996948,1.00019,0.494519,0,1.00366,1.00203,-0.0015431,0,9.40849e-05,-0.00256752,1.00203
58,55,0.914062,0.867188,0.997699,1.0005,0.494538,0,1.00334,1.002,-0.00149931,0,9.85721e-05,-0.00266791,1.002
59,55,0.929688,0.867188,0.99845,1.00082,0.494555,0,1.00299,1.00196,-0.00148325,0,0.000102403,-0.00267466,1.00196
60,55,0.945312,0.867188,0.99914,1.00117,0.494571,0,1.00259,1.00189,-0.00149613,0,0.000110021,-0.003002,1.0019
61,55,0.960938,0.867188,0.999782,1.00155,0.494584,0,1.00214,1.00181,-0.00153691,0,0.00011711,-0.00312177,1.00181
62,55,0.976562,0.867188,1.00018,1.00194,0.494597,0,1.00165,1.00171,-0.00161124,0,0.000125861,-0.0034553,1.00171
63,55,0.992188,0.867188,1.00019,1.00236,0.494604,0,1.0011,1.00158,-0.00171868,0,0.000133585,-0.00389162,1.00158
0,56,0.0078125,0.882812,1.00065,1.00289,0.494208,0,1.00127,1.0015,-0.00174039,0,0.000145461,-0.00370517,1.0015
1,56,0.0234375,0.882812,1.00049,1.00331,0.494193,0,1.00076,1.00131,-0.00187938,0,0.000154055,-0.00409349,1.00131
2,56,0.0390625,0.882812,1.00028,1.00367,0.494189,0,1.0003,1.00109,-0.00203882,0,0.000160398,-0.00433277,1.00109
3,56,0.0546875,0.882812,1.0001,1.00393,0.494219,0,0.999947,1.00084,-0.00220379,0,0.000169858,-0.00470216,1.00084
4,56,0.0703125,0.882812,1.00001,1.00405,0.494238,0,0.999743,1.00056,-0.0024085,0,0.000168268,-0.00465794,1.00056
5,56,0.0859375,0.882812,0.999984,1.00401,0.494332,0,0.999738,1.00025,-0.00258495,0,0.000183635,-0.00562884,1.00026
6,56,0.101562,0.882812,1.00017,1.00365,0.494496,0,1.00006,0.99991,-0.00273226,0,0.000183599,-0.00604035,0.999914
7,56,0.117188,0.882812,1.00063,1.0029,0.494672,0,1.00085,0.999534,-0.00288392,0,0.000178712,-0.00688111,0.999538
8,56,0.132812,0.882812,1.00131,1.00182,0.494962,0,1.00203,0.999135,-0.00295818,0,0.000162286,-0.00640979,0.99914
9,56,0.148438,0.882812,1.00216,1.00045,0.495296,0,1.0035,0.998711,-0.00294097,0,0.00014544,-0.00658274,0.998715
10,56,0.164062,0.882812,1.00316,0.998843,0.495711,0,1.00522,0.99827,-0.00283428,0,0.000113836,-0.00606589,0.998274
11,56,0.179688,0.882812,1.0042,0.997104,0.496209,0,1.007,0.997817,-0.00257212,0,7.72508e-05,-0.00554457,0.997821
12,56,0.195312,0.882812,1.00517,0.995382,0.496857,0,1.00866,0.997366,-0.00208938,0,4.12257e-05,-0.00460325,0.997368
13,56,0.210938,0.882812,1.00595,0.993806,0.497646,0,1.01,0.996924,-0.0013584,0,6.59866e-06,-0.00376835,0.996925
14,56,0.226562,0.882812,1.00649,0.992442,0.498572,0,1.01094,0.996506,-0.000354561,0,-2.46757e-05,-0.00292154,0.996506
15,56,0.242188,0.882812,1.00677,0.991362,0.499613,0,1.01146,0.996121,0.000934108,0,-4.81596e-05,-0.0027576,0.996121
16,56,0.257812,0.882812,1.00678,0.990435,0.500723,0,1.01149,0.995786,0.00247109,0,-6.45339e-05,-0.00250203,0.995789
17,56,0.273438,0.882812,1.00665,0.989762,0.501894,0,1.01127,0.995519,0.00421401,0,-7.19041e-05,-0.00203108,0.995528
18,56,0.289062,0.882812,1.00636,0.989265,0.503054,0,1.01078,0.995334,0.00603891,0,-6.39221e-05,-0.00194981,0.995353
19,56,0.304688,0.882812,1.0059,0.988989,0.504044,0,1.01,0.995242,0.00773846,0,-5.52626e-05,-0.00130457,0.995273
20,56,0.320312,0.882812,1.00538,0.98877,0.504874,0,1.00913,0.995244,0.00924582,0,-3.83546e-05,-0.000946037,0.995287
21,56,0.335938,0.882812,1.00494,0.988743,0.505463,0,1.00836,0.995341,0.0103613,0,-1.58795e-05,-0.000543923,0.995395
22,56,0.351562,0.882812,1.00447,0.988877,0.505691,0,1.00751,0.995533,0.01114,0,-4.44168e-06,0.000871452,0.995595
23,56,0.367188,0.882812,1.00408,0.989121,0.505808,0,1.00683,0.995794,0.0113589,0,1.31789e-05,0.00146655,0.995859
24,56,0.382812,0.882812,1.00372,0.989549,0.505632,0,1.00619,0.996107,0.0110942,0,2.99939e-05,0.00103267,0.996169
25,56,0.398438,0.882812,1.00341,0.990087,0.505203,0,1.00566,0.996472,0.010451,0,3.33549e-05,0.00232167,0.996527
26,56,0.414062,0.882812,1.00314,0.990688,0.504642,0,1.00519,0.996857,0.00949948,0,3.555e-05,0.0036539,0.996903
27,56,0.429688,0.882812,1.00291,0.991313,0.504037,0,1.00479,0.997249,0.00829226,0,3.27194e-05,0.00487435,0.997283
28,56,0.445312,0.882812,1.00269,0.991934,0.503361,0,1.00446,0.997641,0.00693637,0,3.93925e-05,0.00455351,0.997665
29,56,0.460938,0.882812,1.00249,0.992536,0.502597,0,1.00414,0.998014,0.00554096,0,4.38822e-05,0.00348445,0.998029
30,56,0.476562,0.882812,1.00229,0.993078,0.501807,0,1.00382,0.998371,0.00418712,0,3.94261e-05,0.00371697,0.99838
31,56,0.492188,0.882812,1.00207,0.993523,0.501001,0,1.0035,0.998705,0.00292703,0,4.04934e-05,0.00328087,0.998709
32,56,0.507812,0.882812,1.00184,0.993866,0.500191,0,1.00318,0.999013,0.00179676,0,4.52359e-05,0.00246415,0.999015
33,56,0.523438,0.882812,1.00163,0.994127,0.499397,0,1.00289,0.999299,0.000809357,0,4.9956e-05,0.00166087,0.999299
34,56,0.539062,0.882812,1.00144,0.99433,0.498639,0,1.00267,0.999566,-4.00647e-05,0,5.50976e-05,0.000875143,0.999566
35,56,0.554688,0.882812,1.00124,0.994529,0.497916,0,1.00253,0.999817,-0.000768012,0,5.84709e-05,0.000225404,0.999817
36,56,0.570312,0.882812,1.00113,0.994752,0.497261,0,1.00255,1.00005,-0.00137698,0,6.20706e-05,-0.000438181,1.00005
37,56,0.585938,0.882812,1.00108,0.994995,0.496674,0,1.00269,1.00027,-0.00188935,0,6.50525e-05,-0.00102974,1.00028
38,56,0.601562,0.882812,1.00108,0.995282,0.496162,0,1.00293,1.00049,-0.00231057,0,6.58101e-05,-0.00143958,1.00049
39,56,0.617188,0.882812,1.00109,0.995599,0.495718,0,1.00327,1.00069,-0.00264763,0,6.77279e-05,-0.0019255,1.00069
40,56,0.632812,0.882812,1.00109,0.99594,0.495342,0,1.00366,1.00088,-0.00290535,0,6.81715e-05,-0.00217682,1.00088
41,56,0.648438,0.882812,1.00107,0.99629,0.495028,0,1.00407,1.00106,-0.00308708,0,6.87797e-05,-0.00244644,1.00106
42,56,0.664062,0.882812,1.001,0.996636,0.494776,0,1.00445,1.00122,-0.00319722,0,6.98359e-05,-0.00276001,1.00123
43,56,0.679688,0.882812,1.00083,0.996965,0.494575,0,1.00479,1.00138,-0.00324732,0,6.85913e-05,-0.00271105,1.00138
44,56,0.695312,0.882812,1.00054,0.997268,0.494409,0,1.00507,1.00152,-0.00323371,0,7.35987e-05,-0.00318536,1.00152
45,56,0.710938,0.882812,1.00014,0.99754,0.494288,0,1.00526,1.00164,-0.00317622,0,7.4013e-05,-0.00313267,1.00165
46,56,0.726562,0.882812,0.999641,0.99778,0.4942,0,1.00537,1.00176,-0.00307939,0,7.49827e-05,-0.00312176,1.00176
47,56,0.742188,0.882812,0.999067,0.997994,0.494141,0,1.00541,1.00186,-0.00295302,0,7.60087e-05,-0.00309259,1.00186
48,56,0.757812,0.882812,0.998431,0.998188,0.494108,0,1.0054,1.00195,-0.00280505,0,7.73439e-05,-0.00304182,1.00195
49,56,0.773438,0.882812,0.997748,0.998379,0.494091,0,1.00534,1.00203,-0.00264432,0,7.94225e-05,-0.00298307,1.00203
50,56,0.789062,0.882812,0.997114,0.998571,0.494094,0,1.00525,1.00209,-0.00248002,0,8.20867e-05,-0.00300394,1.00209
51,56,0.804688,0.882812,0.996745,0.998772,0.494106,0,1.00513,1.00214,-0.00231331,0,8.46392e-05,-0.0030012,1.00214
52,56,0.820312,0.882812,0.996708,0.998986,0.494129,0,1.005,1.00218,-0.00215414,0,8.69242e-05,-0.00292316,1.00218
53,56,0.835938,0.882812,0.996725,0.999212,0.494157,0,1.00484,1.00221,-0.00200485,0,9.00269e-05,-0.00294024,1.00221
54,56,0.851562,0.882812,0.996846,0.999449,0.494185,0,1.00467,1.00223,-0.00186887,0,9.3858e-05,-0.00297642,1.00223
55,56,0.867188,0.882812,0.997143,0.999702,0.494211,0,1.00447,1.00223,-0.00174755,0,9.71531e-05,-0.00296301,1.00223
56,56,0.882812,0.882812,0.997595,0.999966,0.494236,0,1.00425,1.00222,-0.00164412,0,9.96041e-05,-0.00289069,1.00222
57,56,0.898438,0.882812,0.998164,1.00025,0.494258,0,1.00401,1.00219,-0.00156164,0,0.00010227,-0.0026845,1.00219
58,56,0.914062,0.882812,0.998792,1.00056,0.494272,0,1.00374,1.00215,-0.00150318,0,0.000105983,-0.00264256,1.00216
59,56,0.929688,0.882812,0.999395,1.00089,0.494275,0,1.00343,1.0021,-0.00146893,0,0.000109883,-0.00257124,1.0021
60,56,0.945312,0.882812,0.999939,1.00124,0.494278,0,1.00308,1.00203,-0.00146709,0,0.000115997,-0.00288289,1.00203
61,56,0.960938,0.882812,1.00043,1.00162,0.494267,0,1.00268,1.00193,-0.00149042,0,0.00012403,-0.00307362,1.00193
62,56,0.976562,0.882812,1.0007,1.00203,0.494249,0,1.00225,1.00181,-0.00154443,0,0.000130984,-0.0032098,1.00182
63,56,0.992188,0.882812,1.00071,1.00246,0.494228,0,1.00177,1.00167,-0.0016289,0,0.000137505,-0.00339348,1.00167
0,57,0.0078125,0.898438,1.00096,1.00296,0.49402,0,1.00167,1.00153,-0.00162478,0,0.000133845,-0.00286957,1.00153
1,57,0.0234375,0.898438,1.00082,1.00339,0.493965,0,1.00123,1.00134,-0.00174059,0,0.000138991,-0.00298774,1.00134
2,57,0.0390625,0.898438,1.00063,1.00379,0.493919,0,1.00083,1.00113,-0.00187363,0,0.000143727,-0.00314254,1.00113
3,57,0.0546875,0.898438,1.00046,1.00408,0.493899,0,1.00051,1.00089,-0.00201841,0,0.000151841,-0.00361424,1.00089
4,57,0.0703125,0.898438,1.0004,1.00426,0.493892,0,1.00037,1.00061,-0.00218448,0,0.000147001,-0.00342992,1.00061
5,57,0.0859375,0.898438,1.0004,1.00424,0.493938,0,1.00039,1.0003,-0.00234412,0,0.000160556,-0.00433294,1.0003
6,57,0.101562,0.898438,1.0006,1.00395,0.494088,0,1.00074,0.999964,-0.00245073,0,0.000152187,-0.00342546,0.999967
7,57,0.117188,0.898438,1.00107,1.00327,0.494281,0,1.00152,0.999591,-0.00256758,0,0.000138668,-0.00365469,0.999594
8,57,0.132812,0.898438,1.00175,1.00226,0.494586,0,1.00269,0.999187,-0.00260363,0,0.000120677,-0.00315578,0.999191
9,57,0.148438,0.898438,1.0026,1.00095,0.494982,0,1.00416,0.998749,-0.00255738,0,0.000104329,-0.00347512,0.998753
10,57,0.164062,0.898438,1.0036,0.999395,0.495475,0,1.00587,0.998286,-0.00241331,0,7.56537e-05,-0.00271731,0.998289
11,57,0.179688,0.898438,1.00464,0.997698,0.496083,0,1.00765,0.997793,-0.00211992,0,4.76678e-05,-0.00262543,0.997795
12,57,0.195312,0.898438,1.00561,0.995996,0.496815,0,1.00931,0.997276,-0.00162454,0,1.94488e-05,-0.00329366,0.997278
13,57,0.210938,0.898438,1.00641,0.994423,0.497681,0,1.01068,0.99676,-0.000894718,0,-1.03874e-05,-0.00337598,0.99676
14,57,0.226562,0.898438,1.00698,0.993068,0.498673,0,1.01165,0.996261,9.54754e-05,0,-4.31259e-05,-0.00309847,0.996261
15,57,0.242188,0.898438,1.00729,0.991992,0.499784,0,1.01219,0.995803,0.00135258,0,-7.03386e-05,-0.00256077,0.995804
16,57,0.257812,0.898438,1.00732,0.99109,0.500961,0,1.01226,0.995402,0.0028338,0,-8.54761e-05,-0.00246678,0.995406
17,57,0.273438,0.898438,1.00719,0.990433,0.502174,0,1.01204,0.99508,0.00449714,0,-8.65606e-05,-0.00248129,0.99509
18,57,0.289062,0.898438,1.00688,0.989967,0.503353,0,1.01151,0.994859,0.00621577,0,-6.67039e-05,-0.00280099,0.994879
19,57,0.304688,0.898438,1.00637,0.989704,0.504343,0,1.01067,0.994753,0.00780721,0,-4.93553e-05,-0.00240281,0.994783
20,57,0.320312,0.898438,1.0058,0.989534,0.505141,0,1.00973,0.994765,0.00919996,0,-2.21711e-05,-0.00217583,0.994807
21,57,0.335938,0.898438,1.00529,0.989545,0.505713,0,1.00885,0.994897,0.0101903,0,9.24013e-06,-0.00248686,0.994949
22,57,0.351562,0.898438,1.00474,0.98972,0.505839,0,1.00787,0.99515,0.0108756,0,1.62527e-05,-0.000705465,0.99521
23,57,0.367188,0.898438,1.00425,0.989986,0.50584,0,1.00705,0.995497,0.0110107,0,3.93451e-05,-0.000112347,0.995558
24,57,0.382812,0.898438,1.00376,0.990432,0.505556,0,1.00624,0.995907,0.0106898,0,5.77742e-05,0.000384559,0.995964
25,57,0.398438,0.898438,1.00335,0.990945,0.505087,0,1.00556,0.996362,0.0100145,0,6.79469e-05,0.00118608,0.996412
26,57,0.414062,0.898438,1.003,0.99153,0.504478,0,1.00498,0.996848,0.00903672,0,7.45337e-05,0.00150969,0.996889
27,57,0.429688,0.898438,1.00269,0.992167,0.503739,0,1.00448,0.997345,0.00782186,0,7.28592e-05,0.0016631,0.997376
28,57,0.445312,0.898438,1.00242,0.992805,0.502947,0,1.00406,0.99784,0.00648194,0,6.18735e-05,0.0026232,0.997861
29,57,0.460938,0.898438,1.00216,0.993395,0.502123,0,1.00369,0.998319,0.00511084,0,5.21554e-05,0.00312087,0.998332
30,57,0.476562,0.898438,1.00192,0.993902,0.501282,0,1.00334,0.998768,0.00378548,0,4.46262e-05,0.00304608,0.998776
31,57,0.492188,0.898438,1.00169,0.994308,0.500433,0,1.00301,0.999184,0.00255686,0,3.8138e-05,0.00291568,0.999187
32,57,0.507812,0.898438,1.00147,0.994612,0.499592,0,1.00273,0.999565,0.00145592,0,3.39575e-05,0.00253152,0.999566
33,57,0.523438,0.898438,1.00128,0.994829,0.498778,0,1.00249,0.999912,0.000493584,0,3.12833e-05,0.00201686,0.999912
34,57,0.539062,0.898438,1.00109,0.994989,0.498,0,1.00233,1.00023,-0.000333719,0,2.98162e-05,0.00150455,1.00023
35,57,0.554688,0.898438,1.00094,0.99517,0.497271,0,1.0023,1.00051,-0.00103802,0,2.83696e-05,0.000961666,1.00051
36,57,0.570312,0.898438,1.00089,0.995338,0.496618,0,1.0024,1.00077,-0.00163017,0,2.92433e-05,0.000413763,1.00077
37,57,0.585938,0.898438,1.00087,0.995546,0.496037,0,1.00261,1.00101,-0.00212672,0,3.04355e-05,-0.000122196,1.00101
38,57,0.601562,0.898438,1.00088,0.995789,0.495537,0,1.00294,1.00122,-0.00253187,0,3.24979e-05,-0.000620908,1.00122
39,57,0.617188,0.898438,1.00091,0.996068,0.495117,0,1.00333,1.00141,-0.00285414,0,3.53003e-05,-0.00115642,1.00141
40,57,0.632812,0.898438,1.00095,0.996371,0.494775,0,1.00376,1.00158,-0.00309596,0,3.85137e-05,-0.00157127,1.00158
41,57,0.648438,0.898438,1.00094,0.996684,0.494502,0,1.00419,1.00172,-0.0032616,0,4.24894e-05,-0.00190399,1.00173
42,57,0.664062,0.898438,1.0009,0.996994,0.4943,0,1.00457,1.00185,-0.00335903,0,4.68643e-05,-0.00233486,1.00185
43,57,0.679688,0.898438,1.00078,0.997289,0.494145,0,1.00492,1.00195,-0.00339159,0,4.86901e-05,-0.00221621,1.00196
44,57,0.695312,0.898438,1.00054,0.997557,0.494035,0,1.00518,1.00204,-0.00336744,0,5.75432e-05,-0.00293839,1.00205
45,57,0.710938,0.898438,1.00022,0.997795,0.493962,0,1.00535,1.00212,-0.00329712,0,6.24215e-05,-0.00309515,1.00212
46,57,0.726562,0.898438,0.999826,0.99801,0.493916,0,1.00544,1.00217,-0.00318942,0,6.77292e-05,-0.00336276,1.00218
47,57,0.742188,0.898438,0.999367,0.998187,0.49389,0,1.00544,1.00222,-0.00305296,0,7.04922e-05,-0.00351517,1.00222
48,57,0.757812,0.898438,0.998859,0.998366,0.493878,0,1.0054,1.00226,-0.00289543,0,7.15244e-05,-0.00329134,1.00226
49,57,0.773438,0.898438,0.998351,0.998535,0.49389,0,1.00533,1.00229,-0.00272628,0,7.42373e-05,-0.00309523,1.00229
50,57,0.789062,0.898438,0.997947,0.998708,0.493916,0,1.00523,1.00232,-0.00255306,0,7.78398e-05,-0.00296669,1.00232
51,57,0.804688,0.898438,0.997789,0.998893,0.493953,0,1.00512,1.00234,-0.00237807,0,8.20342e-05,-0.00291011,1.00234
52,57,0.820312,0.898438,0.997785,0.999092,0.493996,0,1.00499,1.00235,-0.00221036,0,8.61588e-05,-0.00285561,1.00235
53,57,0.835938,0.898438,0.997819,0.99931,0.494046,0,1.00486,1.00235,-0.00205171,0,9.06915e-05,-0.00282587,1.00235
54,57,0.851562,0.898438,0.997971,0.999539,0.494096,0,1.00471,1.00234,-0.00190586,0,9.51491e-05,-0.00280946,1.00235
55,57,0.867188,0.898438,0.998262,0.999786,0.494145,0,1.00454,1.00233,-0.00177448,0,0.000100168,-0.00283203,1.00233
56,57,0.882812,0.898438,0.99866,1.00004,0.494186,0,1.00435,1.0023,-0.00166096,0,0.00010519,-0.00294153,1.0023
57,57,0.898438,0.898438,0.99913,1.00032,0.494209,0,1.00413,1.00226,-0.00156846,0,0.000108328,-0.0031133,1.00226
58,57,0.914062,0.898438,0.999627,1.00062,0.494209,0,1.00387,1.0022,-0.00149723,0,0.000111591,-0.00308557,1.0022
59,57,0.929688,0.898438,1.00009,1.00094,0.494197,0,1.00359,1.00213,-0.00144864,0,0.000115745,-0.00308269,1.00213
60,57,0.945312,0.898438,1.00051,1.00129,0.494176,0,1.00327,1.00205,-0.0014285,0,0.000118725,-0.002932,1.00205
61,57,0.960938,0.898438,1.00086,1.00167,0.494149,0,1.00292,1.00195,-0.00143715,0,0.000123732,-0.00315558,1.00195
62,57,0.976562,0.898438,1.00101,1.00208,0.494113,0,1.00253,1.00183,-0.0014717,0,0.000126386,-0.00298767,1.00183
63,57,0.992188,0.898438,1.00101,1.00251,0.49407,0,1.00211,1.00169,-0.00153462,0,0.000129204,-0.00284606,1.00169
0,58,0.0078125,0.914062,1.00111,1.00299,0.494013,0,1.00186,1.00152,-0.00151307,0,0.000128111,-0.00304697,1.00152
1,58,0.0234375,0.914062,1.00095,1.00343,0.493918,0,1.00143,1.00134,-0.00160458,0,0.000127983,-0.00301615,1.00134
2,58,0.0390625,0.914062,1.00077,1.00384,0.49383,0,1.00104,1.00113,-0.00171375,0,0.000127899,-0.00293777,1.00113
3,58,0.0546875,0.914062,1.00061,1.00417,0.493759,0,1.00075,1.0009,-0.00183372,0,0.000129269,-0.00272846,1.0009
4,58,0.0703125,0.914062,1.00058,1.00439,0.493757,0,1.00067,1.00064,-0.00195703,0,0.000117116,-0.00199515,1.00065
5,58,0.0859375,0.914062,1.00061,1.00439,0.493749,0,1.00071,1.00036,-0.00210756,0,0.000119536,-0.00286629,1.00037
6,58,0.101562,0.914062,1.00082,1.00416,0.493856,0,1.00107,1.00006,-0.00217438,0,0.000116049,-0.00171339,1.00006
7,58,0.117188,0.914062,1.0013,1.00354,0.494028,0,1.00188,0.999716,-0.00224535,0,9.96838e-05,-0.00139752,0.999719
8,58,0.132812,0.914062,1.00198,1.0026,0.494313,0,1.00305,0.999328,-0.00223659,0,8.8298e-05,-0.00137305,0.99933
9,58,0.148438,0.914062,1.00285,1.00136,0.494726,0,1.00454,0.9989,-0.00215143,0,7.02309e-05,-0.00140734,0.998902
10,58,0.164062,0.914062,1.00387,0.999857,0.495247,0,1.00627,0.998434,-0.00196345,0,4.22834e-05,-0.00101674,0.998436
11,58,0.179688,0.914062,1.00494,0.998211,0.495904,0,1.00806,0.997935,-0.00162726,0,8.99876e-06,-0.000404254,0.997936
12,58,0.195312,0.914062,1.00593,0.996558,0.496718,0,1.00973,0.997412,-0.00110086,0,-2.63128e-05,4.07515e-05,0.997412
13,58,0.210938,0.914062,1.00673,0.995032,0.497669,0,1.0111,0.996882,-0.00036268,0,-5.79046e-05,0.000130102,0.996882
14,58,0.226562,0.914062,1.0073,0.993699,0.49876,0,1.01207,0.99636,0.000618845,0,-8.67432e-05,0.000114283,0.99636
15,58,0.242188,0.914062,1.00762,0.992651,0.499965,0,1.01261,0.995871,0.00184005,0,-0.000106065,-0.00011105,0.995873
16,58,0.257812,0.914062,1.00764,0.991751,0.501241,0,1.01265,0.995438,0.00325966,0,-0.000113109,-0.000464866,0.995443
17,58,0.273438,0.914062,1.00749,0.991114,0.50253,0,1.0124,0.995084,0.00483037,0,-0.000101988,-0.00131474,0.995096
18,58,0.289062,0.914062,1.00715,0.990686,0.503732,0,1.01182,0.994838,0.00641686,0,-6.47947e-05,-0.00291295,0.994858
19,58,0.304688,0.914062,1.00662,0.990451,0.504722,0,1.01092,0.994716,0.00787807,0,-3.56743e-05,-0.00322173,0.994748
20,58,0.320312,0.914062,1.00604,0.990342,0.505485,0,1.00993,0.994724,0.009128,0,4.18889e-06,-0.00412139,0.994766
21,58,0.335938,0.914062,1.00543,0.990387,0.505967,0,1.00893,0.994867,0.0099694,0,4.48901e-05,-0.00497508,0.994917
22,58,0.351562,0.914062,1.00477,0.990578,0.505986,0,1.00786,0.995136,0.0105504,0,7.18714e-05,-0.00359206,0.995192
23,58,0.367188,0.914062,1.0042,0.990862,0.505937,0,1.00695,0.995509,0.0105773,0,9.11979e-05,-0.00389004,0.995565
24,58,0.382812,0.914062,1.00366,0.991337,0.505521,0,1.00606,0.995961,0.0101931,0,0.000104098,-0.00286696,0.996013
25,58,0.398438,0.914062,1.00319,0.991879,0.504921,0,1.00529,0.99648,0.00946688,0,0.000112126,-0.00183966,0.996525
26,58,0.414062,0.914062,1.00278,0.99248,0.504197,0,1.00462,0.997043,0.00846504,0,0.000107975,-0.000535994,0.997079
27,58,0.429688,0.914062,1.00242,0.993105,0.503372,0,1.00406,0.997625,0.00724904,0,9.83047e-05,0.000580683,0.997651
28,58,0.445312,0.914062,1.0021,0.993705,0.502497,0,1.00359,0.998198,0.00592788,0,8.45772e-05,0.0012562,0.998216
29,58,0.460938,0.914062,1.00183,0.994245,0.501604,0,1.00319,0.998749,0.00459035,0,6.84228e-05,0.00192524,0.99876
30,58,0.476562,0.914062,1.00157,0.994698,0.500707,0,1.00285,0.999265,0.00330556,0,5.29741e-05,0.00231523,0.999271
31,58,0.492188,0.914062,1.00134,0.995048,0.499817,0,1.00256,0.99974,0.00212089,0,3.85073e-05,0.00250452,0.999742
32,58,0.507812,0.914062,1.00114,0.995298,0.498951,0,1.00232,1.00017,0.00106229,0,2.64674e-05,0.00242663,1.00017
33,58,0.523438,0.914062,1.00096,0.995457,0.498123,0,1.00215,1.00056,0.000138935,0,1.69798e-05,0.00221237,1.00056
34,58,0.539062,0.914062,1.0008,0.995596,0.49734,0,1.00207,1.00091,-0.000648758,0,8.89401e-06,0.00188588,1.00091
35,58,0.554688,0.914062,1.00074,0.995723,0.496629,0,1.00212,1.00121,-0.0013176,0,4.87996e-06,0.00149148,1.00121
36,58,0.570312,0.914062,1.00072,0.995862,0.495996,0,1.00228,1.00147,-0.00188013,0,3.79598e-06,0.000932045,1.00147
37,58,0.585938,0.914062,1.00071,0.996037,0.495449,0,1.00255,1.0017,-0.0023473,0,4.02486e-06,0.000422484,1.0017
38,58,0.601562,0.914062,1.00073,0.996254,0.494992,0,1.00292,1.00189,-0.00272548,0,6.51968e-06,-8.08568e-05,1.0019
39,58,0.617188,0.914062,1.00078,0.996507,0.494623,0,1.00333,1.00205,-0.00302164,0,1.07857e-05,-0.000570543,1.00206
40,58,0.632812,0.914062,1.00085,0.996785,0.494341,0,1.00376,1.00218,-0.00323927,0,1.65208e-05,-0.00110886,1.00218
41,58,0.648438,0.914062,1.00084,0.997068,0.49413,0,1.00418,1.00227,-0.00338263,0,2.43587e-05,-0.0016803,1.00228
42,58,0.664062,0.914062,1.0008,0.997347,0.493995,0,1.00454,1.00234,-0.0034638,0,3.3043e-05,-0.00245237,1.00234
43,58,0.679688,0.914062,1.0007,0.997623,0.493897,0,1.00482,1.00239,-0.0034772,0,3.39504e-05,-0.00242195,1.00239
44,58,0.695312,0.914062,1.00052,0.997872,0.493851,0,1.00503,1.00243,-0.00344343,0,3.50363e-05,-0.00221103,1.00243
45,58,0.710938,0.914062,1.00028,0.998087,0.493836,0,1.00518,1.00246,-0.00336325,0,3.71354e-05,-0.00191845,1.00247
46,58,0.726562,0.914062,0.999985,0.998281,0.493852,0,1.00526,1.00249,-0.00324657,0,4.12088e-05,-0.00191869,1.0025
47,58,0.742188,0.914062,0.999649,0.998432,0.49389,0,1.00527,1.00251,-0.00310119,0,4.8947e-05,-0.00201897,1.00251
48,58,0.757812,0.914062,0.999265,0.998586,0.493943,0,1.00522,1.00251,-0.00293691,0,5.92466e-05,-0.00249969,1.00251
49,58,0.773438,0.914062,0.998908,0.998737,0.493999,0,1.00513,1.0025,-0.00276353,0,6.72421e-05,-0.00295803,1.0025
50,58,0.789062,0.914062,0.99868,0.998889,0.494052,0,1.00502,1.00248,-0.00258657,0,7.28088e-05,-0.0032403,1.00249
51,58,0.804688,0.914062,0.998623,0.999054,0.494106,0,1.0049,1.00246,-0.00240902,0,7.79965e-05,-0.00335492,1.00247
52,58,0.820312,0.914062,0.998629,0.999232,0.494158,0,1.00478,1.00244,-0.00223779,0,8.14853e-05,-0.00327517,1.00244
53,58,0.835938,0.914062,0.998697,0.999424,0.494203,0,1.00466,1.00241,-0.00207546,0,8.49766e-05,-0.00314121,1.00242
54,58,0.851562,0.914062,0.998882,0.999634,0.49424,0,1.00453,1.00239,-0.00192425,0,8.86168e-05,-0.00293075,1.00239
55,58,0.867188,0.914062,0.999158,0.999862,0.494267,0,1.0044,1.00235,-0.00178641,0,9.32943e-05,-0.00276876,1.00236
56,58,0.882812,0.914062,0.999503,1.00011,0.494282,0,1.00424,1.00232,-0.00166499,0,9.99387e-05,-0.00269951,1.00232
57,58,0.898438,0.914062,0.999886,1.00037,0.494283,0,1.00406,1.00227,-0.00156021,0,0.000105958,-0.00264979,1.00227
58,58,0.914062,0.914062,1.00027,1.00066,0.494273,0,1.00385,1.0022,-0.00147846,0,0.000112944,-0.00293269,1.0022
59,58,0.929688,0.914062,1.00062,1.00098,0.494261,0,1.00361,1.00213,-0.00141993,0,0.000117543,-0.00296001,1.00213
60,58,0.945312,0.914062,1.00092,1.00132,0.494234,0,1.00334,1.00204,-0.00138582,0,0.000121059,-0.0028282,1.00204
61,58,0.960938,0.914062,1.00116,1.0017,0.494201,0,1.00302,1.00194,-0.00138045,0,0.000123969,-0.00296802,1.00194
62,58,0.976562,0.914062,1.0012,1.00211,0.494152,0,1.00267,1.00182,-0.00139969,0,0.000126758,-0.00307009,1.00182
63,58,0.992188,0.914062,1.00119,1.00254,0.494092,0,1.00228,1.00168,-0.00144394,0,0.000127328,-0.00305844,1.00168
0,59,0.0078125,0.929688,1.00109,1.00296,0.494137,0,1.0018,1.00145,-0.00140843,0,0.000109996,-0.00171239,1.00145
1,59,0.0234375,0.929688,1.00095,1.00341,0.49401,0,1.00144,1.00129,-0.00147853,0,0.000109015,-0.00166246,1.0013
2,59,0.0390625,0.929688,1.00079,1.00383,0.493903,0,1.0011,1.00112,-0.00156713,0,0.000107598,-0.00161509,1.00112
3,59,0.0546875,0.929688,1.00066,1.00418,0.493806,0,1.00085,1.00093,-0.00166454,0,0.000105997,-0.00165802,1.00093
4,59,0.0703125,0.929688,1.00061,1.00438,0.493774,0,1.00075,1.0007,-0.00174914,0,9.76373e-05,-0.00113051,1.0007
5,59,0.0859375,0.929688,1.00066,1.00447,0.493722,0,1.00082,1.00044,-0.00187363,0,9.04999e-05,-0.00162967,1.00044
6,59,0.101562,0.929688,1.00086,1.0043,0.493782,0,1.00113,1.00016,-0.00191893,0,9.05863e-05,-0.00192493,1.00016
7,59,0.117188,0.929688,1.00136,1.00374,0.493935,0,1.00198,0.999845,-0.00193257,0,6.80931e-05,4.10631e-05,0.999847
8,59,0.132812,0.929688,1.00205,1.00287,0.494208,0,1.00315,0.999489,-0.0018819,0,5.35412e-05,-9.62324e-05,0.999491
9,59,0.148438,0.929688,1.00294,1.00168,0.494613,0,1.00467,0.999094,-0.00174509,0,3.22231e-05,0.00071048,0.999096
10,59,0.164062,0.929688,1.00399,1.00023,0.495152,0,1.00641,0.998654,-0.00150373,0,4.1095e-06,0.00123218,0.998655
11,59,0.179688,0.929688,1.00506,0.998643,0.495845,0,1.00821,0.998173,-0.0011206,0,-2.87893e-05,0.00165592,0.998173
12,59,0.195312,0.929688,1.00607,0.997039,0.49671,0,1.0099,0.997662,-0.000558839,0,-6.12201e-05,0.0020173,0.997662
13,59,0.210938,0.929688,1.0069,0.995548,0.497706,0,1.01129,0.997132,0.000198247,0,-9.19872e-05,0.00199484,0.997132
14,59,0.226562,0.929688,1.00748,0.994246,0.498855,0,1.01228,0.996602,0.00117727,0,-0.000114437,0.00182088,0.996603
15,59,0.242188,0.929688,1.00781,0.993236,0.500112,0,1.01284,0.996094,0.00236539,0,-0.000123725,0.00109801,0.996097
16,59,0.257812,0.929688,1.00786,0.99235,0.501444,0,1.01289,0.995634,0.00372191,0,-0.000120274,0.000112532,0.995641
17,59,0.273438,0.929688,1.00771,0.991753,0.502778,0,1.01262,0.995253,0.00519334,0,-0.000105182,-0.00113309,0.995267
18,59,0.289062,0.929688,1.00735,0.991392,0.503974,0,1.01198,0.994988,0.00663257,0,-6.36503e-05,-0.00315665,0.99501
19,59,0.304688,0.929688,1.00677,0.991212,0.504945,0,1.01102,0.994856,0.00795353,0,-2.55646e-05,-0.00365207,0.994887
20,59,0.320312,0.929688,1.00612,0.99117,0.505666,0,1.00998,0.994856,0.00904747,0,2.71178e-05,-0.00512637,0.994897
21,59,0.335938,0.929688,1.00543,0.991252,0.506108,0,1.00887,0.994999,0.00973678,0,6.89682e-05,-0.00572405,0.995047
22,59,0.351562,0.929688,1.00472,0.991486,0.506068,0,1.00772,0.99528,0.0101677,0,0.00011213,-0.00655373,0.995331
23,59,0.367188,0.929688,1.00409,0.991834,0.505903,0,1.0067,0.995691,0.0100944,0,0.000117926,-0.00457163,0.995742
24,59,0.382812,0.929688,1.00348,0.992326,0.505395,0,1.00573,0.996194,0.00962971,0,0.000136219,-0.00383524,0.996241
25,59,0.398438,0.929688,1.00295,0.992871,0.504703,0,1.00489,0.996769,0.00883976,0,0.000145154,-0.00338145,0.996808
26,59,0.414062,0.929688,1.0025,0.993453,0.503882,0,1.00417,0.997387,0.00780848,0,0.000140592,-0.00241629,0.997418
27,59,0.429688,0.929688,1.00212,0.994036,0.50296,0,1.00359,0.998024,0.00659466,0,0.000126185,-0.00116202,0.998045
28,59,0.445312,0.929688,1.0018,0.994577,0.502002,0,1.00311,0.998651,0.0053001,0,0.000105874,-1.0296e-05,0.998665
29,59,0.460938,0.929688,1.00152,0.995049,0.501041,0,1.00273,0.999252,0.00400355,0,8.31835e-05,0.000916203,0.99926
30,59,0.476562,0.929688,1.00126,0.995431,0.500092,0,1.00242,0.999815,0.0027686,0,6.03407e-05,0.00161093,0.999818
31,59,0.492188,0.929688,1.00105,0.995715,0.499168,0,1.00218,1.00033,0.00163841,0,3.88841e-05,0.00206717,1.00033
32,59,0.507812,0.929688,1.00086,0.995898,0.498286,0,1.002,1.00079,0.000633386,0,2.04062e-05,0.00225651,1.00079
33,59,0.523438,0.929688,1.00068,0.996014,0.497452,0,1.00188,1.0012,-0.000235046,0,4.39734e-06,0.00232217,1.0012
34,59,0.539062,0.929688,1.00061,0.996116,0.496694,0,1.00188,1.00156,-0.00096824,0,-6.39947e-06,0.00211214,1.00156
35,59,0.554688,0.929688,1.00058,0.996202,0.496017,0,1.00197,1.00186,-0.00159079,0,-1.24232e-05,0.00171245,1.00186
36,59,0.570312,0.929688,1.00057,0.996319,0.495436,0,1.00218,1.00211,-0.00210929,0,-1.54495e-05,0.00127185,1.00211
37,59,0.585938,0.929688,1.00058,0.996477,0.494956,0,1.00247,1.00231,-0.0025358,0,-1.52897e-05,0.00079786,1.00231
38,59,0.601562,0.929688,1.00062,0.996681,0.494575,0,1.00284,1.00246,-0.00287693,0,-1.23512e-05,0.000273686,1.00247
39,59,0.617188,0.929688,1.00068,0.996918,0.494292,0,1.00325,1.00257,-0.00313905,0,-6.40367e-06,-0.000276464,1.00258
40,59,0.632812,0.929688,1.00074,0.997183,0.494099,0,1.00364,1.00265,-0.00332582,0,-1.88837e-06,-0.000757169,1.00266
41,59,0.648438,0.929688,1.00071,0.997477,0.493975,0,1.00397,1.0027,-0.00344469,0,-3.0275e-06,-0.0008942,1.0027
42,59,0.664062,0.929688,1.00069,0.997743,0.493919,0,1.00431,1.00273,-0.00350821,0,1.57249e-06,-0.000642336,1.00274
43,59,0.679688,0.929688,1.00064,0.99798,0.493892,0,1.0046,1.00274,-0.00350483,0,1.75567e-05,-0.00120294,1.00275
44,59,0.695312,0.929688,1.00052,0.998188,0.493909,0,1.0048,1.00272,-0.00346116,0,3.25063e-05,-0.00249778,1.00273
45,59,0.710938,0.929688,1.00032,0.998385,0.493952,0,1.00489,1.00268,-0.0033742,0,4.37661e-05,-0.00334215,1.00268
46,59,0.726562,0.929688,1.00008,0.998533,0.494026,0,1.00488,1.00263,-0.00325033,0,5.0654e-05,-0.00333425,1.00264
47,59,0.742188,0.929688,0.999793,0.99867,0.494112,0,1.00483,1.00258,-0.0031008,0,5.67845e-05,-0.00347859,1.00258
48,59,0.757812,0.929688,0.999513,0.998795,0.494204,0,1.00474,1.00252,-0.00293456,0,6.08073e-05,-0.00358764,1.00252
49,59,0.773438,0.929688,0.999285,0.99892,0.494308,0,1.00462,1.00246,-0.00275709,0,6.32829e-05,-0.00327612,1.00246
50,59,0.789062,0.929688,0.999156,0.999052,0.494418,0,1.00449,1.0024,-0.00257642,0,6.62822e-05,-0.00301217,1.00241
51,59,0.804688,0.929688,0.999124,0.999199,0.494525,0,1.00436,1.00234,-0.00239919,0,7.07007e-05,-0.00306592,1.00235
52,59,0.820312,0.929688,0.999132,0.999359,0.494622,0,1.00422,1.00229,-0.00222826,0,7.45382e-05,-0.00306701,1.00229
53,59,0.835938,0.929688,0.999208,0.999535,0.494704,0,1.00408,1.00223,-0.00206687,0,7.79894e-05,-0.00309031,1.00223
54,59,0.851562,0.929688,0.999375,0.999727,0.494767,0,1.00394,1.00217,-0.00191669,0,8.10126e-05,-0.00306343,1.00218
55,59,0.867188,0.929688,0.999604,0.999935,0.494807,0,1.00381,1.00212,-0.00177883,0,8.3575e-05,-0.00295405,1.00212
56,59,0.882812,0.929688,0.999891,1.00016,0.494823,0,1.00367,1.00207,-0.00165683,0,8.61138e-05,-0.00281439,1.00207
57,59,0.898438,0.929688,1.00023,1.00041,0.494813,0,1.00353,1.00202,-0.0015465,0,8.57618e-05,-0.00232388,1.00202
58,59,0.914062,0.929688,1.00054,1.00069,0.494784,0,1.00339,1.00197,-0.00146128,0,8.93923e-05,-0.00212005,1.00197
59,59,0.929688,0.929688,1.00082,1.00099,0.494725,0,1.00322,1.00191,-0.00139644,0,9.29859e-05,-0.00199235,1.00191
60,59,0.945312,0.929688,1.00105,1.00132,0.494639,0,1.00301,1.00185,-0.00135248,0,9.62821e-05,-0.00186863,1.00185
61,59,0.960938,0.929688,1.00118,1.00168,0.494529,0,1.00277,1.00178,-0.00133173,0,9.93078e-05,-0.00158255,1.00178
62,59,0.976562,0.929688,1.00119,1.00208,0.494408,0,1.00248,1.00169,-0.00133592,0,0.000104105,-0.00170614,1.00169
63,59,0.992188,0.929688,1.00117,1.00251,0.494274,0,1.00216,1.00158,-0.00136029,0,0.000107955,-0.00162019,1.00158
0,60,0.0078125,0.945312,1.00083,1.00288,0.494679,0,1.00137,1.00119,-0.00133528,0,6.82591e-05,-0.000235917,1.00119
1,60,0.0234375,0.945312,1.00073,1.00334,0.494468,0,1.0011,1.0011,-0.00138726,0,6.86004e-05,2.80934e-05,1.0011
2,60,0.0390625,0.945312,1.00062,1.00377,0.494259,0,1.00084,1.00099,-0.00145335,0,6.93904e-05,6.06523e-05,1.00099
3,60,0.0546875,0.945312,1.00052,1.00414,0.494062,0,1.00064,1.00085,-0.00152279,0,6.63378e-05,9.10024e-05,1.00085
4,60,0.0703125,0.945312,1.00051,1.00436,0.493927,0,1.0006,1.00068,-0.00157396,0,6.25111e-05,0.000613419,1.00068
5,60,0.0859375,0.945312,1.00058,1.00448,0.493814,0,1.00072,1.00049,-0.00165743,0,5.36649e-05,0.00124826,1.00049
6,60,0.101562,0.945312,1.00078,1.00437,0.493841,0,1.00104,1.00025,-0.0016825,0,5.72988e-05,-1.50336e-05,1.00025
7,60,0.117188,0.945312,1.00131,1.00388,0.493969,0,1.0019,0.999976,-0.00164818,0,4.34519e-05,0.000716752,0.999978
8,60,0.132812,0.945312,1.002,1.00306,0.49421,0,1.00307,0.999659,-0.00154552,0,2.45485e-05,0.00122918,0.99966
9,60,0.148438,0.945312,1.0029,1.00192,0.494596,0,1.00457,0.999298,-0.00135673,0,1.6145e-06,0.00174664,0.999299
10,60,0.164062,0.945312,1.00395,1.00053,0.495136,0,1.00632,0.998895,-0.00105824,0,-3.03912e-05,0.00271011,0.998896
11,60,0.179688,0.945312,1.00506,0.998996,0.495836,0,1.00815,0.99845,-0.000622512,0,-6.34328e-05,0.00338437,0.99845
12,60,0.195312,0.945312,1.0061,0.99744,0.49671,0,1.00988,0.997968,-1.78483e-05,0,-9.15921e-05,0.00375539,0.997968
13,60,0.210938,0.945312,1.00696,0.995994,0.497747,0,1.0113,0.997454,0.000770322,0,-0.00011865,0.00373353,0.997454
14,60,0.226562,0.945312,1.00756,0.994729,0.498943,0,1.01231,0.996932,0.00175197,0,-0.000137298,0.00337918,0.996933
15,60,0.242188,0.945312,1.00793,0.993783,0.500249,0,1.0129,0.996426,0.00291225,0,-0.00014303,0.00262507,0.99643
16,60,0.257812,0.945312,1.00797,0.992923,0.501602,0,1.01294,0.995966,0.00420259,0,-0.000131098,0.00130889,0.995975
17,60,0.273438,0.945312,1.00779,0.992377,0.502943,0,1.01264,0.995579,0.00557537,0,-0.000106465,-0.000317088,0.995594
18,60,0.289062,0.945312,1.00735,0.992085,0.504151,0,1.01194,0.995299,0.00686692,0,-5.78917e-05,-0.00289922,0.995323
19,60,0.304688,0.945312,1.00676,0.991982,0.505111,0,1.01095,0.995155,0.00803711,0,-1.82715e-05,-0.00386918,0.995188
20,60,0.320312,0.945312,1.00608,0.992006,0.505808,0,1.00983,0.995158,0.0089536,0,4.27394e-05,-0.0058266,0.995198
21,60,0.335938,0.945312,1.00536,0.992156,0.50616,0,1.00867,0.995315,0.00948775,0,8.69084e-05,-0.00587409,0.99536
22,60,0.351562,0.945312,1.00461,0.992436,0.506094,0,1.00744,0.995599,0.00974752,0,0.000144,-0.00871394,0.995647
23,60,0.367188,0.945312,1.00391,0.992824,0.505805,0,1.00634,0.996034,0.00956546,0,0.000154836,-0.00602041,0.99608
24,60,0.382812,0.945312,1.00326,0.993313,0.505208,0,1.00532,0.996567,0.00900267,0,0.000173596,-0.00604184,0.996607
25,60,0.398438,0.945312,1.0027,0.993845,0.504423,0,1.00445,0.997174,0.00815258,0,0.00017723,-0.00514422,0.997207
26,60,0.414062,0.945312,1.00223,0.994386,0.503505,0,1.00373,0.997825,0.00709377,0,0.000169688,-0.00402781,0.997851
27,60,0.429688,0.945312,1.00184,0.994908,0.502495,0,1.00315,0.998495,0.00588469,0,0.000150051,-0.0026074,0.998512
28,60,0.445312,0.945312,1.00153,0.995375,0.501462,0,1.0027,0.999156,0.00462013,0,0.000123587,-0.00119986,0.999166
29,60,0.460938,0.945312,1.00125,0.995768,0.500439,0,1.00235,0.999789,0.00337051,0,9.43555e-05,5.33726e-06,0.999795
30,60,0.476562,0.945312,1.00102,0.996072,0.499447,0,1.00209,1.00038,0.002194,0,6.51846e-05,0.000980457,1.00038
31,60,0.492188,0.945312,1.00083,0.996283,0.498502,0,1.00189,1.00092,0.00112741,0,3.82527e-05,0.00165192,1.00092
32,60,0.507812,0.945312,1.00064,0.996404,0.497616,0,1.00175,1.00139,0.000188819,0,1.46633e-05,0.00210029,1.00139
33,60,0.523438,0.945312,1.0005,0.996487,0.496803,0,1.0017,1.0018,-0.00060829,0,-5.32412e-06,0.00228459,1.0018
34,60,0.539062,0.945312,1.00047,0.996544,0.49609,0,1.00174,1.00214,-0.00127681,0,-1.7317e-05,0.00216275,1.00215
35,60,0.554688,0.945312,1.00044,0.996612,0.495477,0,1.00185,1.00242,-0.00183967,0,-2.52572e-05,0.00187349,1.00242
36,60,0.570312,0.945312,1.00044,0.996718,0.494977,0,1.00206,1.00264,-0.00230281,0,-2.86685e-05,0.00146994,1.00264
37,60,0.585938,0.945312,1.00046,0.996875,0.494591,0,1.00234,1.0028,-0.00267958,0,-2.76475e-05,0.000965509,1.0028
38,60,0.601562,0.945312,1.0005,0.997077,0.494318,0,1.00268,1.0029,-0.00297533,0,-2.63135e-05,0.000500123,1.00291
39,60,0.617188,0.945312,1.00053,0.997337,0.494133,0,1.003,1.00297,-0.00320113,0,-2.66803e-05,0.000120576,1.00297
40,60,0.632812,0.945312,1.00058,0.997597,0.494029,0,1.00336,1.00301,-0.00335866,0,-2.1037e-05,0.00029017,1.00301
41,60,0.648438,0.945312,1.00063,0.997836,0.493999,0,1.00374,1.003,-0.00345153,0,-7.0898e-06,-0.000520838,1.00301
42,60,0.664062,0.945312,1.00059,0.998082,0.494017,0,1.00401,1.00297,-0.0034964,0,2.41912e-06,-0.00172473,1.00297
43,60,0.679688,0.945312,1.00052,0.998323,0.494073,0,1.00418,1.00291,-0.00347909,0,1.3248e-05,-0.00217761,1.00291
44,60,0.695312,0.945312,1.00041,0.998536,0.494193,0,1.00429,1.00284,-0.00341629,0,2.21834e-05,-0.00159422,1.00284
45,60,0.710938,0.945312,1.00025,0.998699,0.494317,0,1.00433,1.00275,-0.00332027,0,3.4786e-05,-0.00231452,1.00275
46,60,0.726562,0.945312,1.00006,0.998833,0.49444,0,1.00428,1.00264,-0.00319407,0,4.45271e-05,-0.00309076,1.00265
47,60,0.742188,0.945312,0.999848,0.99895,0.494577,0,1.00418,1.00253,-0.00304245,0,5.02179e-05,-0.00308074,1.00254
48,60,0.757812,0.945312,0.999644,0.999057,0.494726,0,1.00403,1.00243,-0.00287424,0,5.63544e-05,-0.00303126,1.00243
49,60,0.773438,0.945312,0.999483,0.999161,0.494876,0,1.00387,1.00232,-0.0026997,0,6.28995e-05,-0.00334425,1.00232
50,60,0.789062,0.945312,0.999383,0.99927,0.495028,0,1.0037,1.00221,-0.00252372,0,6.79052e-05,-0.00346464,1.00221
51,60,0.804688,0.945312,0.999353,0.999389,0.495171,0,1.00354,1.00211,-0.00235133,0,7.1437e-05,-0.00342494,1.00211
52,60,0.820312,0.945312,0.999372,0.999522,0.495303,0,1.00339,1.00201,-0.00218543,0,7.3946e-05,-0.00334836,1.00202
53,60,0.835938,0.945312,0.999479,0.999671,0.495415,0,1.00324,1.00193,-0.00202887,0,7.56601e-05,-0.00325302,1.00193
54,60,0.851562,0.945312,0.999642,0.999837,0.495503,0,1.0031,1.00184,-0.00188348,0,7.68805e-05,-0.0031621,1.00184
55,60,0.867188,0.945312,0.999828,1.00002,0.495564,0,1.00296,1.00177,-0.00174999,0,7.7462e-05,-0.00303228,1.00177
56,60,0.882812,0.945312,1.00002,1.00022,0.495601,0,1.00283,1.0017,-0.00163402,0,7.804e-05,-0.00297838,1.0017
57,60,0.898438,0.945312,1.00021,1.00044,0.4956,0,1.00271,1.00164,-0.00152476,0,7.62045e-05,-0.00257536,1.00164
58,60,0.914062,0.945312,1.00043,1.00069,0.495571,0,1.00258,1.00158,-0.00144083,0,7.62893e-05,-0.00245408,1.00158
59,60,0.929688,0.945312,1.00063,1.00097,0.4955,0,1.00243,1.00152,-0.00137307,0,7.55579e-05,-0.00218907,1.00152
60,60,0.945312,0.945312,1.0008,1.00128,0.495392,0,1.00227,1.00146,-0.00132454,0,7.43616e-05,-0.00190744,1.00146
61,60,0.960938,0.945312,1.00088,1.00163,0.49525,0,1.00208,1.0014,-0.00129568,0,7.23132e-05,-0.00147848,1.0014
62,60,0.976562,0.945312,1.00089,1.00202,0.49508,0,1.00187,1.00134,-0.0012889,0,6.99092e-05,-0.0010007,1.00134
63,60,0.992188,0.945312,1.00088,1.00244,0.494884,0,1.00163,1.00127,-0.00130164,0,6.95178e-05,-0.000707448,1.00127
0,61,0.0078125,0.960938,1.0004,1.00275,0.495466,0,1.00065,1.00082,-0.00128716,0,3.62508e-05,-0.000214192,1.00082
1,61,0.0234375,0.960938,1.00032,1.0032,0.495188,0,1.00043,1.00076,-0.00132367,0,3.29344e-05,0.000223129,1.00076
2,61,0.0390625,0.960938,1.00023,1.00364,0.494903,0,1.00023,1.00069,-0.00136937,0,2.9489e-05,0.000705592,1.00069
3,61,0.0546875,0.960938,1.00017,1.00402,0.494633,0,1.00009,1.0006,-0.00141549,0,2.48896e-05,0.00111743,1.0006
4,61,0.0703125,0.960938,1.0002,1.00429,0.494418,0,1.00013,1.00049,-0.00144675,0,2.52595e-05,0.00133135,1.00049
5,61,0.0859375,0.960938,1.00032,1.00444,0.494224,0,1.00031,1.00036,-0.00148865,0,1.22011e-05,0.00211301,1.00036
6,61,0.101562,0.960938,1.00054,1.00435,0.494136,0,1.00067,1.00019,-0.00147602,0,1.16825e-05,0.00227806,1.00019
7,61,0.117188,0.960938,1.00107,1.00393,0.494203,0,1.00153,0.999974,-0.00139677,0,4.98659e-06,0.00246915,0.999975
8,61,0.132812,0.960938,1.00179,1.00318,0.494401,0,1.00272,0.999722,-0.0012424,0,-1.34461e-05,0.00329326,0.999723
9,61,0.148438,0.960938,1.00272,1.00211,0.494746,0,1.00426,0.99942,-0.000999842,0,-3.36882e-05,0.00354382,0.999421
10,61,0.164062,0.960938,1.0038,1.00078,0.495273,0,1.00603,0.99907,-0.000640692,0,-6.14119e-05,0.00427463,0.99907
11,61,0.179688,0.960938,1.00493,0.999291,0.495977,0,1.0079,0.99867,-0.000147372,0,-9.23277e-05,0.00485167,0.99867
12,61,0.195312,0.960938,1.00598,0.997789,0.496859,0,1.00965,0.998229,0.000505451,0,-0.000122047,0.00523498,0.998229
13,61,0.210938,0.960938,1.00687,0.996392,0.497916,0,1.01113,0.997757,0.00132924,0,-0.000146823,0.00554889,0.997758
14,61,0.226562,0.960938,1.00751,0.995177,0.499121,0,1.01218,0.997268,0.00231993,0,-0.000160302,0.00506983,0.997271
15,61,0.242188,0.960938,1.00789,0.994288,0.500436,0,1.01279,0.996787,0.00345651,0,-0.000160558,0.0040225,0.996793
16,61,0.257812,0.960938,1.00795,0.993474,0.501775,0,1.01286,0.996344,0.00468314,0,-0.000141755,0.00244923,0.996355
17,61,0.273438,0.960938,1.00777,0.992995,0.503111,0,1.01255,0.99597,0.00595992,0,-0.000111215,0.000636603,0.995987
18,61,0.289062,0.960938,1.0073,0.992763,0.504279,0,1.01176,0.995701,0.00710061,0,-5.45403e-05,-0.002208,0.995727
19,61,0.304688,0.960938,1.00673,0.992761,0.505202,0,1.0108,0.995559,0.00812085,0,-8.04404e-06,-0.00373168,0.995593
20,61,0.320312,0.960938,1.00601,0.992844,0.505845,0,1.0096,0.995565,0.00884101,0,6.27956e-05,-0.00682554,0.995605
21,61,0.335938,0.960938,1.00525,0.99307,0.506102,0,1.00838,0.995734,0.00922561,0,0.000106012,-0.00597482,0.995777
22,61,0.351562,0.960938,1.00447,0.993373,0.50603,0,1.00712,0.996028,0.00930655,0,0.000165536,-0.00941179,0.996071
23,61,0.367188,0.960938,1.00373,0.993771,0.505621,0,1.00596,0.996469,0.00899537,0,0.000191019,-0.0082784,0.996509
24,61,0.382812,0.960938,1.00305,0.994245,0.504937,0,1.00493,0.997017,0.00833765,0,0.00020348,-0.00745403,0.997052
25,61,0.398438,0.960938,1.00248,0.994744,0.504062,0,1.00406,0.997641,0.00742769,0,0.00020345,-0.00648683,0.997668
26,61,0.414062,0.960938,1.00201,0.995229,0.503056,0,1.00335,0.998312,0.00634085,0,0.000191795,-0.00526032,0.998332
27,61,0.429688,0.960938,1.00163,0.995677,0.501968,0,1.0028,0.999,0.00513844,0,0.000167166,-0.00367987,0.999014
28,61,0.445312,0.960938,1.00132,0.996061,0.500872,0,1.00239,0.99968,0.00390689,0,0.000135826,-0.00214601,0.999688
29,61,0.460938,0.960938,1.00106,0.99637,0.499803,0,1.00208,1.00033,0.00271044,0,0.000101073,-0.000723644,1.00033
30,61,0.476562,0.960938,1.00086,0.996598,0.498785,0,1.00186,1.00093,0.00160004,0,6.72489e-05,0.000452139,1.00093
31,61,0.492188,0.960938,1.00066,0.996741,0.497838,0,1.0017,1.00147,0.000606831,0,3.67406e-05,0.00129004,1.00147
32,61,0.507812,0.960938,1.00047,0.996813,0.496969,0,1.00159,1.00194,-0.00024999,0,8.61053e-06,0.00191312,1.00194
33,61,0.523438,0.960938,1.0004,0.99686,0.496206,0,1.00158,1.00233,-0.000964035,0,-1.22129e-05,0.00220715,1.00233
34,61,0.539062,0.960938,1.00036,0.996896,0.495559,0,1.00161,1.00264,-0.0015586,0,-2.56223e-05,0.00213873,1.00265
35,61,0.554688,0.960938,1.00032,0.996961,0.495036,0,1.00172,1.00289,-0.00205042,0,-3.46549e-05,0.0019839,1.00289
36,61,0.570312,0.960938,1.00031,0.997075,0.494643,0,1.0019,1.00306,-0.00244962,0,-3.88563e-05,0.00163725,1.00306
37,61,0.585938,0.960938,1.00032,0.997248,0.494375,0,1.00214,1.00317,-0.00277199,0,-3.9496e-05,0.0012234,1.00317
38,61,0.601562,0.960938,1.00034,0.997489,0.494207,0,1.00239,1.00323,-0.00302055,0,-4.02507e-05,0.00109438,1.00324
39,61,0.617188,0.960938,1.00041,0.9977,0.494136,0,1.00275,1.00325,-0.00320935,0,-2.88874e-05,0.000538341,1.00325
40,61,0.632812,0.960938,1.00044,0.997963,0.494131,0,1.00303,1.00322,-0.00333845,0,-2.12421e-05,-0.000744675,1.00322
41,61,0.648438,0.960938,1.00044,0.998233,0.494203,0,1.00327,1.00316,-0.00340306,0,-1.26107e-05,-0.000727735,1.00316
42,61,0.664062,0.960938,1.00042,0.998475,0.494331,0,1.00348,1.00307,-0.00341504,0,-2.34501e-06,-0.000334911,1.00308
43,61,0.679688,0.960938,1.00035,0.998702,0.494475,0,1.0036,1.00295,-0.00338936,0,1.21338e-05,-0.00188129,1.00296
44,61,0.695312,0.960938,1.00026,0.998878,0.494639,0,1.00364,1.00282,-0.00332184,0,2.04855e-05,-0.00248021,1.00282
45,61,0.710938,0.960938,1.00012,0.999025,0.494838,0,1.00361,1.00268,-0.00321434,0,2.7244e-05,-0.00198276,1.00269
46,61,0.726562,0.960938,0.99995,0.999144,0.495042,0,1.00351,1.00254,-0.00308266,0,3.77045e-05,-0.00223652,1.00254
47,61,0.742188,0.960938,0.999772,0.99924,0.495238,0,1.00336,1.00238,-0.00293272,0,4.80053e-05,-0.00286301,1.00239
48,61,0.757812,0.960938,0.999614,0.999323,0.495434,0,1.00318,1.00223,-0.00276923,0,5.58608e-05,-0.00315437,1.00223
49,61,0.773438,0.960938,0.999502,0.999404,0.495626,0,1.00299,1.00208,-0.00259955,0,6.12728e-05,-0.00318367,1.00208
50,61,0.789062,0.960938,0.999442,0.999491,0.495809,0,1.0028,1.00193,-0.00243107,0,6.55238e-05,-0.00326957,1.00194
51,61,0.804688,0.960938,0.99943,0.999587,0.49598,0,1.00262,1.0018,-0.0022677,0,6.84562e-05,-0.00329062,1.0018
52,61,0.820312,0.960938,0.999445,0.999695,0.496135,0,1.00245,1.00167,-0.00211091,0,7.01183e-05,-0.00323553,1.00168
53,61,0.835938,0.960938,0.999496,0.999817,0.496268,0,1.0023,1.00156,-0.0019631,0,7.05884e-05,-0.00312408,1.00156
54,61,0.851562,0.960938,0.999608,0.999954,0.496374,0,1.00216,1.00145,-0.00182622,0,7.02359e-05,-0.00299126,1.00146
55,61,0.867188,0.960938,0.999757,1.00011,0.49645,0,1.00203,1.00136,-0.00170072,0,6.91682e-05,-0.00283058,1.00136
56,61,0.882812,0.960938,0.99992,1.00028,0.496498,0,1.00191,1.00128,-0.00159365,0,6.79343e-05,-0.00275063,1.00128
57,61,0.898438,0.960938,1.00008,1.00047,0.496497,0,1.00179,1.0012,-0.0014895,0,6.51542e-05,-0.00245366,1.0012
58,61,0.914062,0.960938,1.00022,1.00069,0.496466,0,1.00167,1.00114,-0.0014087,0,6.19788e-05,-0.00224306,1.00114
59,61,0.929688,0.960938,1.00034,1.00094,0.496395,0,1.00154,1.00108,-0.00134303,0,5.85775e-05,-0.00197756,1.00108
60,61,0.945312,0.960938,1.00043,1.00123,0.496283,0,1.0014,1.00102,-0.00129556,0,5.40438e-05,-0.00168362,1.00102
61,61,0.960938,0.960938,1.00048,1.00155,0.496133,0,1.00125,1.00097,-0.00126661,0,4.92309e-05,-0.00136767,1.00097
62,61,0.976562,0.960938,1.00047,1.00192,0.495943,0,1.00107,1.00092,-0.00125497,0,4.36213e-05,-0.000891692,1.00092
63,61,0.992188,0.960938,1.00046,1.00232,0.495721,0,1.00087,1.00087,-0.00126331,0,4.01177e-05,-0.00063479,1.00087
0,62,0.0078125,0.976562,0.999909,1.00259,0.496347,0,0.999825,1.0004,-0.00124797,0,7.15316e-06,3.20877e-05,1.0004
1,62,0.0234375,0.976562,0.999831,1.00303,0.496038,0,0.999631,1.00036,-0.00127616,0,5.57358e-08,0.000513254,1.00036
2,62,0.0390625,0.976562,0.999758,1.00346,0.495717,0,0.999466,1.00032,-0.00131001,0,-6.70106e-06,0.00106662,1.00032
3,62,0.0546875,0.976562,0.999724,1.00385,0.495405,0,0.999371,1.00027,-0.00134049,0,-1.27341e-05,0.00159631,1.00027
4,62,0.0703125,0.976562,0.999768,1.00415,0.495123,0,0.999433,1.00021,-0.00135569,0,-1.53336e-05,0.0019178,1.00021
5,62,0.0859375,0.976562,0.99992,1.00434,0.494869,0,0.999655,1.00012,-0.00135657,0,-3.04417e-05,0.00298941,1.00012
6,62,0.101562,0.976562,1.00016,1.00427,0.494674,0,1.00006,1.00001,-0.00131323,0,-3.02151e-05,0.00338874,1.00001
7,62,0.117188,0.976562,1.0007,1.00392,0.494699,0,1.00093,0.999863,-0.00119441,0,-3.51034e-05,0.00334126,0.999863
8,62,0.132812,0.976562,1.00146,1.00325,0.494818,0,1.00216,0.999675,-0.000987881,0,-5.23087e-05,0.00430216,0.999676
9,62,0.148438,0.976562,1.00242,1.00224,0.495112,0,1.00373,0.999446,-0.000686635,0,-7.311e-05,0.00538477,0.999446
10,62,0.164062,0.976562,1.00351,1.00097,0.495611,0,1.00554,0.999165,-0.000264382,0,-9.66583e-05,0.00611048,0.999165
11,62,0.179688,0.976562,1.00467,0.999541,0.496285,0,1.00745,0.998825,0.000292064,0,-0.000123998,0.00635861,0.998825
12,62,0.195312,0.976562,1.00576,0.998095,0.497146,0,1.00925,0.998436,0.000998451,0,-0.000149516,0.00664386,0.998437
13,62,0.210938,0.976562,1.00669,0.996752,0.498189,0,1.01077,0.998011,0.00185954,0,-0.000169919,0.00671988,0.998012
14,62,0.226562,0.976562,1.00737,0.995592,0.499378,0,1.01187,0.997566,0.00286346,0,-0.000180068,0.00629125,0.99757
15,62,0.242188,0.976562,1.00776,0.994746,0.500676,0,1.01251,0.997123,0.00398019,0,-0.00017631,0.00520248,0.997131
16,62,0.257812,0.976562,1.0079,0.994006,0.50197,0,1.01267,0.996716,0.00514508,0,-0.000151986,0.00347951,0.996729
17,62,0.273438,0.976562,1.00772,0.993601,0.503275,0,1.01235,0.996371,0.00632618,0,-0.000112895,0.0014014,0.996391
18,62,0.289062,0.976562,1.00724,0.993446,0.504356,0,1.01155,0.996127,0.00732074,0,-5.32567e-05,-0.00153839,0.996154
19,62,0.304688,0.976562,1.00667,0.993488,0.505233,0,1.0106,0.995998,0.0081962,0,4.51609e-06,-0.0034151,0.996032
20,62,0.320312,0.976562,1.00591,0.993664,0.50581,0,1.00936,0.996009,0.00871362,0,7.90237e-05,-0.00746649,0.996047
21,62,0.335938,0.976562,1.00513,0.993932,0.50595,0,1.00808,0.996184,0.00893889,0,0.000130264,-0.0071326,0.996224
22,62,0.351562,0.976562,1.00435,0.994243,0.505827,0,1.00685,0.996502,0.00885421,0,0.000178981,-0.00863323,0.996541
23,62,0.367188,0.976562,1.00358,0.994646,0.505327,0,1.00566,0.996947,0.00840164,0,0.000215254,-0.00947713,0.996983
24,62,0.382812,0.976562,1.0029,0.995087,0.504562,0,1.00462,0.997503,0.00764812,0,0.00022592,-0.00860298,0.997532
25,62,0.398438,0.976562,1.00233,0.995531,0.503606,0,1.00377,0.998136,0.00667765,0,0.000222147,-0.00747951,0.998158
26,62,0.414062,0.976562,1.00187,0.995947,0.502523,0,1.0031,0.998816,0.00556451,0,0.000205989,-0.00612338,0.998832
27,62,0.429688,0.976562,1.0015,0.996314,0.501377,0,1.00259,0.999514,0.00437185,0,0.000177148,-0.00444175,0.999523
28,62,0.445312,0.976562,1.00119,0.996616,0.500235,0,1.00221,1.0002,0.00317777,0,0.000141826,-0.00280673,1.0002
29,62,0.460938,0.976562,1.00095,0.996847,0.499137,0,1.00193,1.00085,0.00204124,0,0.000103748,-0.00129236,1.00085
30,62,0.476562,0.976562,1.00075,0.997001,0.498118,0,1.00174,1.00144,0.0010052,0,6.73515e-05,-6.79276e-05,1.00144
31,62,0.492188,0.976562,1.00054,0.997085,0.497193,0,1.00159,1.00197,9.73305e-05,0,3.36424e-05,0.000980757,1.00197
32,62,0.507812,0.976562,1.0004,0.997119,0.496374,0,1.0015,1.00241,-0.000664458,0,3.12191e-06,0.00182126,1.00241
33,62,0.523438,0.976562,1.00033,0.997147,0.495683,0,1.00147,1.00277,-0.00128949,0,-1.79916e-05,0.00213914,1.00277
34,62,0.539062,0.976562,1.00026,0.997189,0.495127,0,1.00149,1.00304,-0.00180036,0,-3.30812e-05,0.00219112,1.00305
35,62,0.554688,0.976562,1.0002,0.997266,0.494715,0,1.00156,1.00324,-0.00221406,0,-4.28776e-05,0.00209658,1.00324
36,62,0.570312,0.976562,1.00017,0.99741,0.494445,0,1.00169,1.00337,-0.00254506,0,-4.63403e-05,0.00188656,1.00337
37,62,0.585938,0.976562,1.00016,0.997612,0.494293,0,1.00185,1.00343,-0.00281436,0,-4.22861e-05,0.0012918,1.00343
38,62,0.601562,0.976562,1.00021,0.997818,0.494243,0,1.00212,1.00343,-0.00301265,0,-3.85482e-05,0.000896277,1.00344
39,62,0.617188,0.976562,1.00022,0.998089,0.494285,0,1.00234,1.00339,-0.00316429,0,-3.05376e-05,0.000169795,1.0034
40,62,0.632812,0.976562,1.00025,0.998355,0.494416,0,1.00255,1.00331,-0.00325262,0,-2.32871e-05,0.000337087,1.00332
41,62,0.648438,0.976562,1.00024,0.998618,0.494571,0,1.00273,1.00319,-0.0032985,0,-1.43156e-05,-0.000812273,1.0032
42,62,0.664062,0.976562,1.00021,0.998866,0.494763,0,1.00285,1.00305,-0.00329075,0,-2.44021e-06,-0.00113893,1.00306
43,62,0.679688,0.976562,1.00015,0.999076,0.495006,0,1.00292,1.00289,-0.00324452,0,6.48014e-06,-0.0008821,1.0029
44,62,0.695312,0.976562,1.00005,0.999242,0.495246,0,1.00289,1.00272,-0.00316991,0,1.74153e-05,-0.00163764,1.00272
45,62,0.710938,0.976562,0.99991,0.999372,0.495494,0,1.00279,1.00253,-0.00306309,0,2.8579e-05,-0.00227585,1.00253
46,62,0.726562,0.976562,0.999767,0.999465,0.495745,0,1.00264,1.00234,-0.00293025,0,3.73537e-05,-0.00232336,1.00234
47,62,0.742188,0.976562,0.999629,0.999537,0.495988,0,1.00246,1.00215,-0.00278219,0,4.53606e-05,-0.00248231,1.00215
48,62,0.757812,0.976562,0.999511,0.999598,0.496218,0,1.00225,1.00196,-0.00262572,0,5.22179e-05,-0.0027468,1.00197
49,62,0.773438,0.976562,0.999424,0.999657,0.496438,0,1.00204,1.00179,-0.00246526,0,5.73795e-05,-0.00288492,1.00179
50,62,0.789062,0.976562,0.999375,0.99972,0.496647,0,1.00184,1.00162,-0.00230713,0,6.09604e-05,-0.00294724,1.00162
51,62,0.804688,0.976562,0.999369,0.999791,0.496838,0,1.00166,1.00146,-0.00215503,0,6.31349e-05,-0.00298069,1.00146
52,62,0.820312,0.976562,0.999387,0.999873,0.497011,0,1.00149,1.00131,-0.00201003,0,6.41039e-05,-0.00296953,1.00131
53,62,0.835938,0.976562,0.999439,0.999967,0.497159,0,1.00134,1.00117,-0.00187382,0,6.37121e-05,-0.0028931,1.00118
54,62,0.851562,0.976562,0.999509,1.00008,0.497279,0,1.0012,1.00105,-0.00174815,0,6.22016e-05,-0.00277826,1.00105
55,62,0.867188,0.976562,0.9996,1.0002,0.497365,0,1.00108,1.00094,-0.00163288,0,5.96713e-05,-0.00261835,1.00095
56,62,0.882812,0.976562,0.999701,1.00034,0.497422,0,1.00096,1.00085,-0.0015357,0,5.5979e-05,-0.00249239,1.00085
57,62,0.898438,0.976562,0.999803,1.0005,0.497425,0,1.00085,1.00076,-0.00144019,0,5.31459e-05,-0.00229222,1.00076
58,62,0.914062,0.976562,0.999895,1.00069,0.497399,0,1.00073,1.00069,-0.00136496,0,4.64517e-05,-0.00193845,1.00069
59,62,0.929688,0.976562,0.999968,1.00091,0.497331,0,1.00062,1.00062,-0.00130564,0,4.1213e-05,-0.00169278,1.00062
60,62,0.945312,0.976562,1.00002,1.00117,0.497221,0,1.0005,1.00057,-0.00126223,0,3.49615e-05,-0.00136855,1.00057
61,62,0.960938,0.976562,1.00002,1.00146,0.497066,0,1.00036,1.00052,-0.00123576,0,2.82748e-05,-0.00107271,1.00052
62,62,0.976562,0.976562,1.00001,1.0018,0.496868,0,1.0002,1.00048,-0.0012236,0,2.12275e-05,-0.00070212,1.00048
63,62,0.992188,0.976562,0.99997,1.00218,0.496628,0,1.00002,1.00044,-0.0012298,0,1.42856e-05,-0.000378906,1.00044
0,63,0.0078125,0.992188,0.9994,1.00241,0.497264,0,0.998977,0.999975,-0.00121049,0,-1.87294e-05,0.000375724,0.999976
1,63,0.0234375,0.992188,0.999321,1.00283,0.496948,0,0.998793,0.999948,-0.00123586,0,-2.80882e-05,0.000821369,0.999949
2,63,0.0390625,0.992188,0.999251,1.00326,0.496612,0,0.998639,0.999922,-0.00126372,0,-3.69611e-05,0.00130508,0.999923
3,63,0.0546875,0.992188,0.999218,1.00365,0.496276,0,0.998547,0.999894,-0.00128446,0,-4.51217e-05,0.00177641,0.999894
4,63,0.0703125,0.992188,0.999258,1.00397,0.495946,0,0.998604,0.999858,-0.00128401,0,-5.04344e-05,0.00233974,0.999859
5,63,0.0859375,0.992188,0.999427,1.00418,0.495672,0,0.998852,0.999806,-0.00125606,0,-6.39366e-05,0.00308053,0.999807
6,63,0.101562,0.992188,0.999687,1.00414,0.4954,0,0.999277,0.999739,-0.00119007,0,-6.76752e-05,0.00361516,0.99974
7,63,0.117188,0.992188,1.00021,1.00387,0.495376,0,1.00012,0.999648,-0.00102857,0,-8.33926e-05,0.00477486,0.999649
8,63,0.132812,0.992188,1.00099,1.00324,0.495444,0,1.00138,0.99952,-0.000781041,0,-9.13774e-05,0.00500851,0.99952
9,63,0.148438,0.992188,1.00196,1.00232,0.495674,0,1.00298,0.999353,-0.000427328,0,-0.000107253,0.00593274,0.999353
10,63,0.164062,0.992188,1.00309,1.00112,0.496106,0,1.00482,0.999134,6.22182e-05,0,-0.000131017,0.0068927,0.999134
11,63,0.179688,0.992188,1.00427,0.999752,0.496752,0,1.00678,0.998863,0.000688664,0,-0.000157168,0.00805056,0.998864
12,63,0.195312,0.992188,1.00541,0.998361,0.497591,0,1.00863,0.998539,0.00144948,0,-0.000178213,0.00812884,0.99854
13,63,0.210938,0.992188,1.00639,0.997072,0.498594,0,1.01022,0.998171,0.00234956,0,-0.00019377,0.00779117,0.998174
14,63,0.226562,0.992188,1.00712,0.995975,0.499741,0,1.01139,0.997781,0.00336859,0,-0.00019847,0.00734891,0.997786
15,63,0.242188,0.992188,1.00755,0.995155,0.500992,0,1.0121,0.997391,0.00446757,0,-0.000189259,0.0062476,0.997401
16,63,0.257812,0.992188,1.00776,0.994504,0.50222,0,1.01237,0.99703,0.005574,0,-0.000161882,0.00433471,0.997045
17,63,0.273438,0.992188,1.00758,0.994147,0.50345,0,1.01205,0.996731,0.00665649,0,-0.000111687,0.00202706,0.996753
18,63,0.289062,0.992188,1.00715,0.994104,0.504426,0,1.01131,0.996521,0.00751855,0,-5.50362e-05,-0.000765034,0.99655
19,63,0.304688,0.992188,1.00659,0.994178,0.505212,0,1.01037,0.996422,0.0082469,0,9.85236e-06,-0.00313194,0.996456
20,63,0.320312,0.992188,1.00583,0.99442,0.505687,0,1.00916,0.996456,0.00857982,0,9.05982e-05,-0.00639401,0.996493
21,63,0.335938,0.992188,1.00505,0.994718,0.505725,0,1.00789,0.99664,0.00861978,0,0.000151121,-0.00859324,0.996678
22,63,0.351562,0.992188,1.00427,0.99504,0.505499,0,1.00667,0.996976,0.00838112,0,0.000195376,-0.0087863,0.997011
23,63,0.367188,0.992188,1.0035,0.995423,0.504907,0,1.00549,0.997436,0.00779269,0,0.000227319,-0.00954489,0.997466
24,63,0.382812,0.992188,1.00282,0.995815,0.504058,0,1.00447,0.997998,0.00694322,0,0.000238456,-0.00916719,0.998022
25,63,0.398438,0.992188,1.00226,0.996194,0.503031,0,1.00364,0.998633,0.0059139,0,0.000233565,-0.00819056,0.998651
26,63,0.414062,0.992188,1.00181,0.996533,0.501896,0,1.003,0.999313,0.0047785,0,0.000214279,-0.00678417,0.999325
27,63,0.429688,0.992188,1.00145,0.996819,0.500718,0,1.00251,1.00001,0.00360014,0,0.000182724,-0.00502631,1.00001
28,63,0.445312,0.992188,1.00115,0.997033,0.499563,0,1.00216,1.00068,0.00245018,0,0.000144286,-0.00324915,1.00069
29,63,0.460938,0.992188,1.0009,0.997185,0.498477,0,1.00191,1.00132,0.00138156,0,0.000103073,-0.00156966,1.00132
30,63,0.476562,0.992188,1.00068,0.99728,0.497482,0,1.00171,1.00189,0.000428392,0,6.32259e-05,-0.000235654,1.00189
31,63,0.492188,0.992188,1.00049,0.997321,0.496599,0,1.00155,1.00239,-0.000383712,0,2.69219e-05,0.000873205,1.00239
32,63,0.507812,0.992188,1.00036,0.997338,0.495854,0,1.00144,1.00279,-0.00104411,0,-2.52131e-06,0.0017124,1.00279
33,63,0.523438,0.992188,1.00026,0.997369,0.495255,0,1.00137,1.00311,-0.00157372,0,-2.33429e-05,0.00207304,1.00311
34,63,0.539062,0.992188,1.00016,0.997431,0.49481,0,1.00134,1.00334,-0.00199358,0,-3.88116e-05,0.00224263,1.00334
35,63,0.554688,0.992188,1.00008,0.997546,0.494522,0,1.00136,1.00348,-0.00232591,0,-4.52008e-05,0.0022118,1.00349
36,63,0.570312,0.992188,1.00002,0.997717,0.494366,0,1.00141,1.00355,-0.00258917,0,-4.19458e-05,0.00166096,1.00356
37,63,0.585938,0.992188,1.00002,0.997918,0.494354,0,1.00155,1.00356,-0.00280448,0,-4.31283e-05,0.00101406,1.00356
38,63,0.601562,0.992188,1.00001,0.998176,0.494433,0,1.0017,1.00352,-0.00295303,0,-3.85101e-05,0.00109988,1.00352
39,63,0.617188,0.992188,1.00002,0.998457,0.494574,0,1.00186,1.00343,-0.00306468,0,-3.36084e-05,0.000546665,1.00343
40,63,0.632812,0.992188,1.00004,0.998736,0.494791,0,1.002,1.0033,-0.00312496,0,-2.45574e-05,-7.20101e-05,1.0033
41,63,0.648438,0.992188,1.00001,0.999014,0.495047,0,1.00211,1.00314,-0.00313825,0,-1.76002e-05,0.000257042,1.00315
42,63,0.664062,0.992188,0.999969,0.999257,0.495321,0,1.00216,1.00296,-0.00312005,0,-4.15966e-06,-0.000805482,1.00296
43,63,0.679688,0.992188,0.999904,0.999446,0.495623,0,1.00215,1.00276,-0.00306406,0,6.78695e-06,-0.00105273,1.00277
44,63,0.695312,0.992188,0.999803,0.999604,0.495922,0,1.00208,1.00255,-0.00297934,0,1.60467e-05,-0.00118341,1.00256
45,63,0.710938,0.992188,0.999681,0.999717,0.496207,0,1.00194,1.00233,-0.00287221,0,2.57382e-05,-0.00170014,1.00234
46,63,0.726562,0.992188,0.999556,0.99979,0.496484,0,1.00176,1.00212,-0.00274371,0,3.47799e-05,-0.00204346,1.00212
47,63,0.742188,0.992188,0.999441,0.999838,0.496751,0,1.00155,1.0019,-0.00260161,0,4.23819e-05,-0.00222039,1.0019
48,63,0.757812,0.992188,0.999345,0.999876,0.497001,0,1.00133,1.00169,-0.00245387,0,4.83668e-05,-0.00240579,1.00169
49,63,0.773438,0.992188,0.999273,0.999911,0.497237,0,1.00112,1.00149,-0.00230489,0,5.29764e-05,-0.00257445,1.00149
50,63,0.789062,0.992188,0.999232,0.999951,0.497458,0,1.00092,1.0013,-0.00215918,0,5.59122e-05,-0.00265569,1.0013
51,63,0.804688,0.992188,0.999226,0.999997,0.497661,0,1.00074,1.00112,-0.00201988,0,5.72836e-05,-0.0026787,1.00113
52,63,0.820312,0.992188,0.999237,1.00005,0.497843,0,1.00057,1.00096,-0.00188814,0,5.74322e-05,-0.00267068,1.00096
53,63,0.835938,0.992188,0.999274,1.00012,0.498,0,1.00042,1.00081,-0.00176496,0,5.62128e-05,-0.00261182,1.00081
54,63,0.851562,0.992188,0.999323,1.0002,0.498129,0,1.00029,1.00068,-0.00165172,0,5.36442e-05,-0.00250896,1.00068
55,63,0.867188,0.992188,0.999378,1.00029,0.498224,0,1.00017,1.00055,-0.00154792,0,4.97958e-05,-0.00235972,1.00056
56,63,0.882812,0.992188,0.999435,1.00041,0.498289,0,1.00006,1.00045,-0.00145961,0,4.43818e-05,-0.00208806,1.00045
57,63,0.898438,0.992188,0.999488,1.00054,0.49831,0,0.99995,1.00035,-0.00137829,0,4.14948e-05,-0.00219344,1.00035
58,63,0.914062,0.992188,0.999535,1.00069,0.498292,0,0.999846,1.00027,-0.00130909,0,3.2114e-05,-0.00161868,1.00027
59,63,0.929688,0.992188,0.999564,1.00088,0.498234,0,0.999739,1.0002,-0.00125798,0,2.54936e-05,-0.00144206,1.0002
60,63,0.945312,0.992188,0.999578,1.0011,0.498132,0,0.999623,1.00014,-0.00122021,0,1.77043e-05,-0.00112178,1.00014
61,63,0.960938,0.992188,0.999561,1.00136,0.497983,0,0.999489,1.00009,-0.00119717,0,9.16457e-06,-0.000786641,1.00009
62,63,0.976562,0.992188,0.999522,1.00167,0.497786,0,0.999334,1.00004,-0.0011871,0,3.7801e-07,-0.000453394,1.00004
63,63,0.992188,0.992188,0.999469,1.00202,0.497546,0,0.999162,1.00001,-0.00119339,0,-9.39176e-06,-2.9584e-05,1.00001
