i,j,x,y,rho,u,v,w,p,Bx,By,Bz,psi,divB_fv,Bmag
0,0,0.0078125,0.0078125,0.999226,1.00243,0.497675,0,0.998859,0.999901,-0.00103922,0,-2.90494e-05,0.000810037,0.999902
1,0,0.0234375,0.0078125,0.999147,1.0027,0.49758,0,0.998635,0.999792,-0.00103765,0,-3.95481e-05,0.00114109,0.999793
2,0,0.0390625,0.0078125,0.999083,1.00294,0.497493,0,0.998448,0.999677,-0.00102859,0,-5.08493e-05,0.00149246,0.999678
3,0,0.0546875,0.0078125,0.999052,1.00312,0.497425,0,0.998329,0.999555,-0.00100409,0,-6.30015e-05,0.00186675,0.999555
4,0,0.0703125,0.0078125,0.999076,1.00321,0.497389,0,0.998311,0.999424,-0.000954368,0,-7.61123e-05,0.00226827,0.999424
5,0,0.0859375,0.0078125,0.999178,1.00318,0.497402,0,0.998433,0.999283,-0.000867959,0,-9.03481e-05,0.0027026,0.999283
6,0,0.101562,0.0078125,0.999379,1.00301,0.497478,0,0.998726,0.999131,-0.000732163,0,-0.000105908,0.00317496,0.999131
7,0,0.117188,0.0078125,0.999696,1.00265,0.497633,0,0.999215,0.998966,-0.000533678,0,-0.000122946,0.00368701,0.998967
8,0,0.132812,0.0078125,1.00013,1.00211,0.497881,0,0.999911,0.998789,-0.000259525,0,-0.000141468,0.00423348,0.99879
9,0,0.148438,0.0078125,1.00069,1.00139,0.498232,0,1.0008,0.9986,0.000101812,0,-0.000161169,0.00479666,0.9986
10,0,0.164062,0.0078125,1.00134,1.00051,0.498691,0,1.00186,0.9984,0.000559286,0,-0.000181242,0.00534095,0.9984
11,0,0.179688,0.0078125,1.00206,0.999506,0.499259,0,1.00302,0.998193,0.00111788,0,-0.000200211,0.00580993,0.998194
12,0,0.195312,0.0078125,1.0028,0.998442,0.499929,0,1.00422,0.997984,0.0017765,0,-0.000215889,0.0061283,0.997986
13,0,0.210938,0.0078125,1.00352,0.99738,0.500682,0,1.00538,0.997782,0.00252501,0,-0.000225539,0.00621208,0.997785
14,0,0.226562,0.0078125,1.00417,0.996381,0.501491,0,1.00642,0.997597,0.00334122,0,-0.000226242,0.00598212,0.997602
15,0,0.242188,0.0078125,1.00471,0.995501,0.502314,0,1.00729,0.997443,0.00418863,0,-0.000215472,0.00538441,0.997451
16,0,0.257812,0.0078125,1.00511,0.994784,0.503098,0,1.00795,0.997333,0.00501635,0,-0.000191754,0.00441024,0.997346
17,0,0.273438,0.0078125,1.00537,0.994256,0.503781,0,1.00836,0.997283,0.00576248,0,-0.000155035,0.00309388,0.9973
18,0,0.289062,0.0078125,1.00547,0.99393,0.504299,0,1.00854,0.997304,0.00636227,0,-0.000107488,0.00155528,0.997325
19,0,0.304688,0.0078125,1.00543,0.993799,0.504596,0,1.00849,0.997405,0.00675711,0,-5.29897e-05,-6.10489e-05,0.997428
20,0,0.320312,0.0078125,1.00527,0.993847,0.504637,0,1.00826,0.997587,0.00690537,0,3.62839e-06,-0.00160334,0.997611
21,0,0.335938,0.0078125,1.005,0.994045,0.504407,0,1.00787,0.997848,0.00679012,0,5.73424e-05,-0.0029349,0.997871
22,0,0.351562,0.0078125,1.00466,0.994359,0.503924,0,1.00737,0.998179,0.00642118,0,0.000103814,-0.00395948,0.998199
23,0,0.367188,0.0078125,1.00427,0.994753,0.503225,0,1.00681,0.998566,0.00583236,0,0.000139951,-0.00462755,0.998583
24,0,0.382812,0.0078125,1.00385,0.995192,0.502368,0,1.00621,0.998993,0.00507483,0,0.00016417,-0.00493606,0.999006
25,0,0.398438,0.0078125,1.00343,0.995648,0.501416,0,1.00562,0.999443,0.00420895,0,0.00017638,-0.0049208,0.999452
26,0,0.414062,0.0078125,1.00301,0.996095,0.500435,0,1.00505,0.999898,0.003296,0,0.000177736,-0.00464469,0.999903
27,0,0.429688,0.0078125,1.00262,0.996518,0.499483,0,1.00452,1.00034,0.00239128,0,0.000170258,-0.00418451,1.00034
28,0,0.445312,0.0078125,1.00226,0.996905,0.498606,0,1.00404,1.00076,0.00153906,0,0.000156405,-0.00361837,1.00076
29,0,0.460938,0.0078125,1.00193,0.997252,0.497835,0,1.00361,1.00115,0.000770007,0,0.00013867,-0.00301561,1.00115
30,0,0.476562,0.0078125,1.00163,0.99756,0.497187,0,1.00323,1.00149,0.000100941,0,0.000119274,-0.00243067,1.00149
31,0,0.492188,0.0078125,1.00136,0.99783,0.496667,0,1.00289,1.00178,-0.000463399,0,9.99769e-05,-0.001901,1.00178
32,0,0.507812,0.0078125,1.00111,0.998068,0.496268,0,1.0026,1.00203,-0.000927122,0,8.20251e-05,-0.00144868,1.00203
33,0,0.523438,0.0078125,1.00089,0.998279,0.495979,0,1.00235,1.00223,-0.00129979,0,6.61849e-05,-0.00108349,1.00223
34,0,0.539062,0.0078125,1.00068,0.998466,0.495785,0,1.00212,1.00238,-0.00159344,0,5.2827e-05,-0.00080619,1.00238
35,0,0.554688,0.0078125,1.00049,0.998635,0.495672,0,1.00193,1.00249,-0.00182028,0,4.2035e-05,-0.000611978,1.00249
36,0,0.570312,0.0078125,1.00032,0.998788,0.495626,0,1.00176,1.00256,-0.00199128,0,3.37048e-05,-0.000492857,1.00256
37,0,0.585938,0.0078125,1.00016,0.998928,0.495635,0,1.00161,1.00258,-0.0021157,0,2.762e-05,-0.000439075,1.00259
38,0,0.601562,0.0078125,1.00002,0.999056,0.495687,0,1.00149,1.00258,-0.00220108,0,2.35045e-05,-0.000440017,1.00258
39,0,0.617188,0.0078125,0.999879,0.999175,0.495774,0,1.00137,1.00255,-0.0022535,0,2.10568e-05,-0.000484834,1.00255
40,0,0.632812,0.0078125,0.999754,0.999285,0.495889,0,1.00128,1.00249,-0.00227793,0,1.99716e-05,-0.00056283,1.0025
41,0,0.648438,0.0078125,0.999638,0.999388,0.496025,0,1.00119,1.00242,-0.00227855,0,1.99547e-05,-0.000663866,1.00242
42,0,0.664062,0.0078125,0.999534,0.999484,0.496176,0,1.00112,1.00233,-0.00225893,0,2.07319e-05,-0.000778625,1.00233
43,0,0.679688,0.0078125,0.99944,0.999573,0.496338,0,1.00105,1.00222,-0.00222225,0,2.20556e-05,-0.000898853,1.00222
44,0,0.695312,0.0078125,0.999358,0.999658,0.496506,0,1.00099,1.00211,-0.00217136,0,2.37083e-05,-0.00101745,1.00211
45,0,0.710938,0.0078125,0.999289,0.999738,0.496676,0,1.00094,1.00199,-0.00210888,0,2.55035e-05,-0.00112852,1.00199
46,0,0.726562,0.0078125,0.999233,0.999814,0.496845,0,1.00089,1.00186,-0.00203721,0,2.72849e-05,-0.00122733,1.00186
47,0,0.742188,0.0078125,0.999191,0.999887,0.497011,0,1.00084,1.00174,-0.00195861,0,2.8924e-05,-0.00131022,1.00174
48,0,0.757812,0.0078125,0.999165,0.999959,0.49717,0,1.00079,1.00161,-0.00187512,0,3.03167e-05,-0.00137444,1.00161
49,0,0.773438,0.0078125,0.999154,1.00003,0.49732,0,1.00075,1.00148,-0.00178869,0,3.13777e-05,-0.00141798,1.00149
50,0,0.789062,0.0078125,0.999158,1.0001,0.49746,0,1.0007,1.00136,-0.00170111,0,3.20377e-05,-0.00143948,1.00136
51,0,0.804688,0.0078125,0.999175,1.00018,0.497588,0,1.00065,1.00124,-0.00161403,0,3.22371e-05,-0.00143797,1.00124
52,0,0.820312,0.0078125,0.999205,1.00026,0.497702,0,1.0006,1.00112,-0.00152902,0,3.19216e-05,-0.00141273,1.00113
53,0,0.835938,0.0078125,0.999245,1.00034,0.497801,0,1.00054,1.00101,-0.0014475,0,3.10395e-05,-0.00136324,1.00101
54,0,0.851562,0.0078125,0.999291,1.00044,0.497883,0,1.00047,1.0009,-0.0013708,0,2.9539e-05,-0.00128909,1.0009
55,0,0.867188,0.0078125,0.999339,1.00055,0.497948,0,1.00039,1.0008,-0.00130017,0,2.7367e-05,-0.00118988,1.0008
56,0,0.882812,0.0078125,0.999384,1.00067,0.497994,0,1.0003,1.00069,-0.0012367,0,2.44701e-05,-0.00106534,1.00069
57,0,0.898438,0.0078125,0.999423,1.00082,0.49802,0,1.0002,1.00059,-0.00118136,0,2.07972e-05,-0.000915292,1.00059
58,0,0.914062,0.0078125,0.99945,1.00098,0.498026,0,1.00007,1.00049,-0.00113497,0,1.63017e-05,-0.000739851,1.00049
59,0,0.929688,0.0078125,0.999461,1.00117,0.498012,0,0.99992,1.0004,-0.00109804,0,1.09403e-05,-0.000538994,1.0004
60,0,0.945312,0.0078125,0.999452,1.00138,0.497977,0,0.999747,1.0003,-0.00107073,0,4.69139e-06,-0.00031358,1.0003
61,0,0.960938,0.0078125,0.999423,1.00162,0.497923,0,0.99955,1.0002,-0.00105271,0,-2.45022e-06,-6.46629e-05,1.0002
62,0,0.976562,0.0078125,0.999373,1.00187,0.497852,0,0.999331,1.00011,-0.00104294,0,-1.04728e-05,0.00020646,1.00011
63,0,0.992188,0.0078125,0.999305,1.00215,0.497768,0,0.999097,1.00001,-0.00103948,0,-1.935e-05,0.0004984,1.00001
0,1,0.0078125,0.0234375,0.999098,1.0024,0.498041,0,0.998557,0.99979,-0.000918494,0,-4.2042e-05,0.00113379,0.99979
1,1,0.0234375,0.0234375,0.999007,1.00267,0.497951,0,0.998329,0.999683,-0.000907235,0,-5.42196e-05,0.00151137,0.999683
2,1,0.0390625,0.0234375,0.998928,1.00292,0.49787,0,0.998131,0.999571,-0.000886854,0,-6.73585e-05,0.00191424,0.999571
3,1,0.0546875,0.0234375,0.998881,1.00312,0.497809,0,0.997994,0.999453,-0.000849332,0,-8.14497e-05,0.00234322,0.999453
4,1,0.0703125,0.0234375,0.998887,1.00324,0.497781,0,0.997951,0.999327,-0.000784837,0,-9.6518e-05,0.00280024,0.999327
5,1,0.0859375,0.0234375,0.998968,1.00325,0.497802,0,0.99804,0.999192,-0.000681906,0,-0.000112623,0.00328786,0.999193
6,1,0.101562,0.0234375,0.999145,1.00311,0.497888,0,0.998294,0.999048,-0.000527945,0,-0.000129842,0.00380803,0.999048
7,1,0.117188,0.0234375,0.999437,1.00281,0.498056,0,0.998741,0.998892,-0.00030998,0,-0.000148198,0.00435893,0.998892
8,1,0.132812,0.0234375,0.999852,1.00232,0.498317,0,0.999395,0.998725,-1.57063e-05,0,-0.000167566,0.00493189,0.998725
9,1,0.148438,0.0234375,1.00039,1.00164,0.498682,0,1.00025,0.998548,0.0003652,0,-0.00018753,0.00550629,0.998548
10,1,0.164062,0.0234375,1.00103,1.00081,0.499154,0,1.00128,0.998362,0.000839802,0,-0.000207194,0.00604411,0.998362
11,1,0.179688,0.0234375,1.00174,0.999843,0.49973,0,1.00243,0.998171,0.00141038,0,-0.000225028,0.00648698,0.998172
12,1,0.195312,0.0234375,1.00249,0.998806,0.500399,0,1.00363,0.997981,0.00207237,0,-0.000238824,0.00675833,0.997983
13,1,0.210938,0.0234375,1.00322,0.997757,0.50114,0,1.00481,0.9978,0.00281173,0,-0.000245869,0.00677411,0.997804
14,1,0.226562,0.0234375,1.0039,0.996761,0.50192,0,1.0059,0.997639,0.0036025,0,-0.000243327,0.00645734,0.997646
15,1,0.242188,0.0234375,1.00448,0.995873,0.502693,0,1.00683,0.997513,0.00440535,0,-0.000228821,0.00575829,0.997522
16,1,0.257812,0.0234375,1.00492,0.995141,0.503405,0,1.00756,0.997434,0.00516834,0,-0.000201065,0.00467246,0.997447
17,1,0.273438,0.0234375,1.00523,0.994594,0.503994,0,1.00806,0.997416,0.00583083,0,-0.00016034,0.0032483,0.997433
18,1,0.289062,0.0234375,1.00538,0.994247,0.504402,0,1.00831,0.997471,0.00633245,0,-0.000109081,0.00160795,0.997491
19,1,0.304688,0.0234375,1.00538,0.994098,0.504578,0,1.00835,0.997605,0.00662138,0,-5.14862e-05,-9.17758e-05,0.997627
20,1,0.320312,0.0234375,1.00525,0.994132,0.504496,0,1.00818,0.99782,0.00666405,0,7.37997e-06,-0.00169415,0.997842
21,1,0.335938,0.0234375,1.00502,0.994321,0.504151,0,1.00785,0.998111,0.00645165,0,6.23529e-05,-0.00305944,0.998132
22,1,0.351562,0.0234375,1.00469,0.994632,0.503567,0,1.0074,0.998467,0.006001,0,0.000109074,-0.00409215,0.998485
23,1,0.367188,0.0234375,1.00431,0.995027,0.502788,0,1.00686,0.998874,0.00535089,0,0.00014455,-0.00474656,0.998889
24,1,0.382812,0.0234375,1.0039,0.995473,0.501875,0,1.00628,0.999315,0.00455513,0,0.000167392,-0.00502529,0.999326
25,1,0.398438,0.0234375,1.00347,0.995936,0.500893,0,1.00568,0.999772,0.00367431,0,0.000177749,-0.00497043,0.999779
26,1,0.414062,0.0234375,1.00305,0.996392,0.499905,0,1.0051,1.00023,0.00276799,0,0.000177024,-0.00465065,1.00023
27,1,0.429688,0.0234375,1.00265,0.996824,0.498968,0,1.00455,1.00067,0.00188822,0,0.000167456,-0.00414721,1.00067
28,1,0.445312,0.0234375,1.00227,0.997218,0.498123,0,1.00405,1.00107,0.00107522,0,0.000151666,-0.00354109,1.00108
29,1,0.460938,0.0234375,1.00192,0.997571,0.497397,0,1.00359,1.00144,0.000355383,0,0.000132254,-0.00290299,1.00144
30,1,0.476562,0.0234375,1.00161,0.997882,0.496804,0,1.00318,1.00177,-0.000258497,0,0.000111487,-0.00228751,1.00177
31,1,0.492188,0.0234375,1.00132,0.998154,0.496343,0,1.00281,1.00204,-0.000765129,0,9.11308e-05,-0.00173151,1.00204
32,1,0.507812,0.0234375,1.00106,0.998391,0.496005,0,1.00249,1.00227,-0.00117136,0,7.24067e-05,-0.00125617,1.00227
33,1,0.523438,0.0234375,1.00082,0.9986,0.495778,0,1.0022,1.00244,-0.00148878,0,5.60404e-05,-0.000870366,1.00244
34,1,0.539062,0.0234375,1.00061,0.998784,0.495644,0,1.00195,1.00257,-0.00173084,0,4.23567e-05,-0.000574175,1.00257
35,1,0.554688,0.0234375,1.00041,0.998949,0.495588,0,1.00173,1.00266,-0.0019106,0,3.13958e-05,-0.000362402,1.00266
36,1,0.570312,0.0234375,1.00023,0.999097,0.495595,0,1.00153,1.0027,-0.00203956,0,2.30162e-05,-0.000226986,1.0027
37,1,0.585938,0.0234375,1.00007,0.999231,0.495651,0,1.00136,1.00271,-0.00212716,0,1.69729e-05,-0.00015837,1.00271
38,1,0.601562,0.0234375,0.99992,0.999353,0.495747,0,1.0012,1.00269,-0.00218094,0,1.29685e-05,-0.000146321,1.00269
39,1,0.617188,0.0234375,0.999786,0.999464,0.495874,0,1.00107,1.00264,-0.00220683,0,1.06869e-05,-0.000180397,1.00264
40,1,0.632812,0.0234375,0.999666,0.999566,0.496023,0,1.00096,1.00256,-0.00220951,0,9.81294e-06,-0.000250329,1.00257
41,1,0.648438,0.0234375,0.999558,0.999659,0.496189,0,1.00086,1.00247,-0.0021928,0,1.00455e-05,-0.000346308,1.00248
42,1,0.664062,0.0234375,0.999463,0.999745,0.496366,0,1.00077,1.00237,-0.00215986,0,1.1105e-05,-0.000459216,1.00237
43,1,0.679688,0.0234375,0.99938,0.999824,0.49655,0,1.00069,1.00225,-0.00211342,0,1.27387e-05,-0.000580845,1.00225
44,1,0.695312,0.0234375,0.99931,0.999898,0.496736,0,1.00063,1.00212,-0.00205589,0,1.47231e-05,-0.000703986,1.00213
45,1,0.710938,0.0234375,0.999253,0.999965,0.496922,0,1.00057,1.00199,-0.00198942,0,1.68649e-05,-0.000822488,1.00199
46,1,0.726562,0.0234375,0.999209,1.00003,0.497105,0,1.00051,1.00185,-0.00191599,0,1.89997e-05,-0.000931237,1.00186
47,1,0.742188,0.0234375,0.999178,1.00009,0.497281,0,1.00046,1.00172,-0.00183741,0,2.09904e-05,-0.00102611,1.00172
48,1,0.757812,0.0234375,0.999161,1.00015,0.49745,0,1.00041,1.00158,-0.00175537,0,2.2723e-05,-0.00110382,1.00158
49,1,0.773438,0.0234375,0.999157,1.0002,0.497608,0,1.00037,1.00145,-0.00167143,0,2.41026e-05,-0.00116179,1.00145
50,1,0.789062,0.0234375,0.999165,1.00026,0.497755,0,1.00032,1.00131,-0.00158705,0,2.50496e-05,-0.00119809,1.00131
51,1,0.804688,0.0234375,0.999184,1.00032,0.497889,0,1.00027,1.00118,-0.00150359,0,2.54943e-05,-0.00121113,1.00118
52,1,0.820312,0.0234375,0.999212,1.00038,0.498009,0,1.00022,1.00106,-0.00142233,0,2.53724e-05,-0.00119964,1.00106
53,1,0.835938,0.0234375,0.999246,1.00046,0.498112,0,1.00017,1.00094,-0.00134444,0,2.46217e-05,-0.00116251,1.00094
54,1,0.851562,0.0234375,0.999284,1.00054,0.498199,0,1.0001,1.00082,-0.00127104,0,2.31797e-05,-0.00109877,1.00082
55,1,0.867188,0.0234375,0.999322,1.00063,0.498269,0,1.00003,1.00071,-0.00120314,0,2.09817e-05,-0.00100744,1.00071
56,1,0.882812,0.0234375,0.999356,1.00074,0.498319,0,0.999949,1.0006,-0.00114168,0,1.79611e-05,-0.000887646,1.0006
57,1,0.898438,0.0234375,0.999381,1.00086,0.49835,0,0.99985,1.00049,-0.00108747,0,1.40535e-05,-0.000738653,1.00049
58,1,0.914062,0.0234375,0.999395,1.00101,0.498361,0,0.999732,1.00039,-0.00104115,0,9.19192e-06,-0.000559816,1.00039
59,1,0.929688,0.0234375,0.999392,1.00118,0.498352,0,0.999592,1.00029,-0.00100314,0,3.3172e-06,-0.000350542,1.00029
60,1,0.945312,0.0234375,0.999371,1.00138,0.498322,0,0.999428,1.00019,-0.000973491,0,-3.61095e-06,-0.000111099,1.00019
61,1,0.960938,0.0234375,0.999329,1.0016,0.498273,0,0.999238,1.00009,-0.000951774,0,-1.1617e-05,0.000158068,1.00009
62,1,0.976562,0.0234375,0.999267,1.00185,0.498208,0,0.999025,0.999993,-0.000936898,0,-2.07048e-05,0.000456079,0.999994
63,1,0.992188,0.0234375,0.999188,1.00212,0.498128,0,0.998795,0.999893,-0.00092686,0,-3.08576e-05,0.00078174,0.999893
0,2,0.0078125,0.0390625,0.998945,1.00237,0.498423,0,0.998233,0.999678,-0.000793495,0,-5.49901e-05,0.00144547,0.999678
1,2,0.0234375,0.0390625,0.998841,1.00265,0.498343,0,0.997995,0.999573,-0.000772739,0,-6.88969e-05,0.00186827,0.999573
2,2,0.0390625,0.0390625,0.998749,1.00291,0.498271,0,0.997783,0.999463,-0.000741177,0,-8.39332e-05,0.0023215,0.999464
3,2,0.0546875,0.0390625,0.998684,1.00313,0.49822,0,0.997623,0.999349,-0.000690771,0,-0.000100031,0.0028042,0.999349
4,2,0.0703125,0.0390625,0.99867,1.00327,0.498203,0,0.997551,0.999227,-0.000611703,0,-0.000117126,0.00331575,0.999227
5,2,0.0859375,0.0390625,0.998727,1.00331,0.498235,0,0.997601,0.999098,-0.000492592,0,-0.000135164,0.00385548,0.999098
6,2,0.101562,0.0390625,0.998879,1.00322,0.498334,0,0.997812,0.99896,-0.000321047,0,-0.000154084,0.00442169,0.99896
7,2,0.117188,0.0390625,0.999145,1.00296,0.498514,0,0.998212,0.998813,-8.45272e-05,0,-0.000173759,0.00500872,0.998813
8,2,0.132812,0.0390625,0.999534,1.00252,0.498789,0,0.99882,0.998657,0.000228491,0,-0.000193919,0.00560409,0.998657
9,2,0.148438,0.0390625,1.00005,1.0019,0.499167,0,0.999633,0.998491,0.00062705,0,-0.000214017,0.00618404,0.998491
10,2,0.164062,0.0390625,1.00067,1.00111,0.499649,0,1.00063,0.99832,0.00111626,0,-0.000233065,0.00670821,0.99832
11,2,0.179688,0.0390625,1.00138,1.00018,0.500229,0,1.00177,0.998146,0.00169567,0,-0.000249483,0.00711678,0.998147
12,2,0.195312,0.0390625,1.00214,0.999166,0.500893,0,1.00298,0.997975,0.00235728,0,-0.000261065,0.00733297,0.997978
13,2,0.210938,0.0390625,1.00289,0.998128,0.501615,0,1.00419,0.997817,0.00308323,0,-0.000265164,0.00727401,0.997822
14,2,0.226562,0.0390625,1.0036,0.997129,0.502358,0,1.00534,0.997683,0.00384401,0,-0.000259079,0.00686655,0.997691
15,2,0.242188,0.0390625,1.00422,0.996227,0.503073,0,1.00634,0.997586,0.00459777,0,-0.000240638,0.00606653,0.997596
16,2,0.257812,0.0390625,1.00472,0.995471,0.503705,0,1.00715,0.997538,0.00529187,0,-0.000208809,0.00487603,0.997552
17,2,0.273438,0.0390625,1.00508,0.994896,0.504192,0,1.00774,0.997554,0.00586745,0,-0.000164188,0.00335364,0.997571
18,2,0.289062,0.0390625,1.00528,0.99452,0.504482,0,1.00809,0.997643,0.00626891,0,-0.000109541,0.00162903,0.997663
19,2,0.304688,0.0390625,1.00534,0.994345,0.504533,0,1.00822,0.997811,0.00645166,0,-4.93527e-05,-0.000132896,0.997831
20,2,0.320312,0.0390625,1.00526,0.994358,0.504325,0,1.00813,0.998057,0.00639036,0,1.11257e-05,-0.00177154,0.998077
21,2,0.335938,0.0390625,1.00505,0.994532,0.503865,0,1.00787,0.998375,0.00608439,0,6.66551e-05,-0.00314623,0.998393
22,2,0.351562,0.0390625,1.00476,0.994836,0.503182,0,1.00746,0.998753,0.00555732,0,0.000112929,-0.00416426,0.998769
23,2,0.367188,0.0390625,1.00439,0.995231,0.502328,0,1.00695,0.999177,0.00485257,0,0.000147127,-0.00478569,0.999189
24,2,0.382812,0.0390625,1.00398,0.995681,0.501365,0,1.00639,0.999628,0.00402603,0,0.00016811,-0.00502023,0.999636
25,2,0.398438,0.0390625,1.00355,0.996153,0.500361,0,1.00579,1.00009,0.00313799,0,0.000176308,-0.00491698,1.00009
26,2,0.414062,0.0390625,1.00312,0.996621,0.499375,0,1.0052,1.00054,0.00224568,0,0.000173385,-0.00455042,1.00054
27,2,0.429688,0.0390625,1.0027,0.997064,0.498461,0,1.00463,1.00097,0.00139749,0,0.000161787,-0.00400579,1.00097
28,2,0.445312,0.0390625,1.00231,0.997469,0.497656,0,1.00409,1.00136,0.000629294,0,0.000144274,-0.00336606,1.00136
29,2,0.460938,0.0390625,1.00194,0.997832,0.496982,0,1.0036,1.00171,-3.69912e-05,0,0.000123512,-0.00270225,1.00171
30,2,0.476562,0.0390625,1.00161,0.99815,0.496448,0,1.00315,1.00201,-0.000592622,0,0.000101781,-0.00206809,1.00201
31,2,0.492188,0.0390625,1.0013,0.998428,0.496051,0,1.00275,1.00226,-0.00103968,0,8.08135e-05,-0.00149893,1.00226
32,2,0.507812,0.0390625,1.00102,0.998669,0.495778,0,1.00239,1.00246,-0.00138761,0,6.17756e-05,-0.00101425,1.00246
33,2,0.523438,0.0390625,1.00077,0.998879,0.495614,0,1.00207,1.00261,-0.00164984,0,4.53288e-05,-0.000621426,1.00262
34,2,0.539062,0.0390625,1.00054,0.999064,0.495541,0,1.00178,1.00272,-0.00184099,0,3.1735e-05,-0.000319337,1.00272
35,2,0.554688,0.0390625,1.00034,0.999228,0.495541,0,1.00153,1.00278,-0.00197485,0,2.09793e-05,-0.000102036,1.00278
36,2,0.570312,0.0390625,1.00015,0.999373,0.495599,0,1.0013,1.00281,-0.00206318,0,1.28764e-05,3.88808e-05,1.00281
37,2,0.585938,0.0390625,0.999981,0.999504,0.495702,0,1.0011,1.0028,-0.00211553,0,7.14874e-06,0.00011295,1.0028
38,2,0.601562,0.0390625,0.999831,0.999622,0.495839,0,1.00093,1.00276,-0.0021393,0,3.47714e-06,0.000130172,1.00276
39,2,0.617188,0.0390625,0.999698,0.999729,0.496002,0,1.00078,1.00269,-0.00214017,0,1.53209e-06,0.000100592,1.00269
40,2,0.632812,0.0390625,0.99958,0.999825,0.496183,0,1.00064,1.00261,-0.00212251,0,9.91647e-07,3.40427e-05,1.00261
41,2,0.648438,0.0390625,0.999477,0.999911,0.496376,0,1.00053,1.0025,-0.00208972,0,1.55166e-06,-6.00701e-05,1.0025
42,2,0.664062,0.0390625,0.999389,0.999989,0.496576,0,1.00043,1.00238,-0.00204457,0,2.93164e-06,-0.000172946,1.00239
43,2,0.679688,0.0390625,0.999314,1.00006,0.496779,0,1.00034,1.00225,-0.00198933,0,4.8786e-06,-0.000296568,1.00226
44,2,0.695312,0.0390625,0.999253,1.00012,0.496982,0,1.00027,1.00212,-0.00192597,0,7.16848e-06,-0.000423791,1.00212
45,2,0.710938,0.0390625,0.999204,1.00018,0.497181,0,1.0002,1.00198,-0.00185622,0,9.60629e-06,-0.000548392,1.00198
46,2,0.726562,0.0390625,0.999169,1.00023,0.497374,0,1.00014,1.00183,-0.00178164,0,1.20249e-05,-0.00066507,1.00183
47,2,0.742188,0.0390625,0.999146,1.00028,0.49756,0,1.00009,1.00169,-0.00170364,0,1.42829e-05,-0.000769413,1.00169
48,2,0.757812,0.0390625,0.999135,1.00033,0.497735,0,1.00004,1.00154,-0.00162354,0,1.62614e-05,-0.000857783,1.00154
49,2,0.773438,0.0390625,0.999134,1.00037,0.4979,0,0.999994,1.0014,-0.00154257,0,1.7859e-05,-0.000927192,1.0014
50,2,0.789062,0.0390625,0.999144,1.00041,0.498052,0,0.999949,1.00126,-0.00146186,0,1.899e-05,-0.000975259,1.00126
51,2,0.804688,0.0390625,0.999162,1.00046,0.498191,0,0.999903,1.00112,-0.00138249,0,1.95775e-05,-0.000999958,1.00112
52,2,0.820312,0.0390625,0.999186,1.00051,0.498314,0,0.999855,1.00099,-0.00130547,0,1.95493e-05,-0.000999522,1.00099
53,2,0.835938,0.0390625,0.999215,1.00056,0.498423,0,0.999803,1.00086,-0.00123172,0,1.88352e-05,-0.000972387,1.00086
54,2,0.851562,0.0390625,0.999245,1.00063,0.498514,0,0.999745,1.00074,-0.00116214,0,1.73636e-05,-0.00091706,1.00074
55,2,0.867188,0.0390625,0.999273,1.00071,0.498588,0,0.999678,1.00062,-0.00109754,0,1.50592e-05,-0.000832068,1.00062
56,2,0.882812,0.0390625,0.999296,1.0008,0.498644,0,0.9996,1.0005,-0.00103866,0,1.18441e-05,-0.000715965,1.0005
57,2,0.898438,0.0390625,0.999309,1.00091,0.49868,0,0.999506,1.00039,-0.00098615,0,7.63933e-06,-0.000567545,1.00039
58,2,0.914062,0.0390625,0.999311,1.00104,0.498697,0,0.999394,1.00029,-0.000940497,0,2.35761e-06,-0.000385182,1.00029
59,2,0.929688,0.0390625,0.999296,1.0012,0.498694,0,0.999259,1.00018,-0.000901963,0,-4.07543e-06,-0.00016795,1.00018
60,2,0.945312,0.0390625,0.999263,1.00138,0.498672,0,0.9991,1.00008,-0.000870492,0,-1.17217e-05,8.46977e-05,1.00008
61,2,0.960938,0.0390625,0.999209,1.0016,0.49863,0,0.998915,0.999981,-0.000845561,0,-2.06271e-05,0.000372966,0.999981
62,2,0.976562,0.0390625,0.999137,1.00184,0.498573,0,0.998705,0.999881,-0.000825989,0,-3.0814e-05,0.0006965,0.999881
63,2,0.992188,0.0390625,0.999047,1.0021,0.498502,0,0.998474,0.99978,-0.000809707,0,-4.22786e-05,0.00105443,0.999781
0,3,0.0078125,0.0546875,0.998777,1.00235,0.498811,0,0.997897,0.999569,-0.000663475,0,-6.78389e-05,0.00175013,0.99957
1,3,0.0234375,0.0546875,0.99866,1.00263,0.498743,0,0.997646,0.999465,-0.00063331,0,-8.35283e-05,0.00221741,0.999465
2,3,0.0390625,0.0546875,0.998552,1.0029,0.498685,0,0.997414,0.999357,-0.000590641,0,-0.000100523,0.00272031,0.999357
3,3,0.0546875,0.0546875,0.998469,1.00314,0.498648,0,0.997228,0.999244,-0.00052746,0,-0.000118695,0.00325606,0.999244
4,3,0.0703125,0.0546875,0.998433,1.00331,0.498645,0,0.997121,0.999126,-0.000434036,0,-0.000137888,0.00382137,0.999126
5,3,0.0859375,0.0546875,0.998465,1.00338,0.498692,0,0.997129,0.999002,-0.000299161,0,-0.000157922,0.00441211,0.999002
6,3,0.101562,0.0546875,0.99859,1.00333,0.498806,0,0.997292,0.99887,-0.000110757,0,-0.000178584,0.00502258,0.99887
7,3,0.117188,0.0546875,0.998826,1.00312,0.499001,0,0.997641,0.99873,0.000143173,0,-0.000199586,0.00564292,0.99873
8,3,0.132812,0.0546875,0.999189,1.00273,0.49929,0,0.998198,0.998583,0.00047326,0,-0.00022049,0.00625652,0.998583
9,3,0.148438,0.0546875,0.999679,1.00216,0.499679,0,0.998968,0.99843,0.000887181,0,-0.000240607,0.00683623,0.99843
10,3,0.164062,0.0546875,1.00029,1.00141,0.500168,0,0.999935,0.998273,0.00138805,0,-0.000258845,0.00733942,0.998274
11,3,0.179688,0.0546875,1.00099,1.00052,0.500749,0,1.00106,0.998116,0.00197269,0,-0.000273584,0.0077054,0.998118
12,3,0.195312,0.0546875,1.00176,0.999525,0.501403,0,1.00228,0.997967,0.00262973,0,-0.000282646,0.00785823,0.99797
13,3,0.210938,0.0546875,1.00254,0.998493,0.5021,0,1.00353,0.997833,0.0033377,0,-0.000283489,0.00771782,0.997838
14,3,0.226562,0.0546875,1.00328,0.997485,0.502798,0,1.00473,0.997726,0.00406378,0,-0.000273599,0.00721586,0.997734
15,3,0.242188,0.0546875,1.00395,0.996561,0.503448,0,1.00582,0.997658,0.00476396,0,-0.000251062,0.00631533,0.99767
16,3,0.257812,0.0546875,1.00451,0.995774,0.503991,0,1.00673,0.997643,0.00538537,0,-0.000215164,0.00502676,0.997658
17,3,0.273438,0.0546875,1.00493,0.995162,0.504371,0,1.00743,0.997693,0.00587134,0,-0.00016681,0.00341643,0.99771
18,3,0.289062,0.0546875,1.0052,0.994748,0.504538,0,1.00789,0.997816,0.00617157,0,-0.000109151,0.00162501,0.997835
19,3,0.304688,0.0546875,1.00531,0.994538,0.50446,0,1.00812,0.998015,0.00624894,0,-4.69101e-05,-0.000178217,0.998035
20,3,0.320312,0.0546875,1.00528,0.994522,0.504126,0,1.00812,0.998291,0.0060865,0,1.45238e-05,-0.00183008,0.998309
21,3,0.335938,0.0546875,1.00512,0.994677,0.503551,0,1.00793,0.998634,0.00569167,0,6.99134e-05,-0.00319134,0.99865
22,3,0.351562,0.0546875,1.00485,0.994969,0.502774,0,1.00757,0.999031,0.00509453,0,0.000115081,-0.00417402,0.999044
23,3,0.367188,0.0546875,1.0045,0.995362,0.501851,0,1.0071,0.999467,0.00434257,0,0.000147448,-0.0047458,0.999476
24,3,0.382812,0.0546875,1.00409,0.995818,0.500847,0,1.00654,0.999923,0.0034932,0,0.00016618,-0.00492463,0.999929
25,3,0.398438,0.0546875,1.00366,0.996301,0.499828,0,1.00594,1.00038,0.00260578,0,0.000172014,-0.00476707,1.00038
26,3,0.414062,0.0546875,1.00322,0.996783,0.498852,0,1.00533,1.00082,0.0017347,0,0.000166876,-0.00435319,1.00083
27,3,0.429688,0.0546875,1.00278,0.997242,0.497969,0,1.00473,1.00124,0.000924289,0,0.0001534,-0.00377149,1.00124
28,3,0.445312,0.0546875,1.00237,0.997663,0.49721,0,1.00416,1.00161,0.000205772,0,0.000134452,-0.00310591,1.00161
29,3,0.460938,0.0546875,1.00198,0.998039,0.496594,0,1.00363,1.00194,-0.000403459,0,0.000112726,-0.00242675,1.00194
30,3,0.476562,0.0546875,1.00162,0.99837,0.496124,0,1.00314,1.00222,-0.000898689,0,9.04719e-05,-0.00178592,1.00222
31,3,0.492188,0.0546875,1.00129,0.998657,0.495793,0,1.0027,1.00245,-0.00128524,0,6.93569e-05,-0.00121642,1.00245
32,3,0.507812,0.0546875,1.001,0.998906,0.495586,0,1.0023,1.00262,-0.00157495,0,5.04647e-05,-0.000735438,1.00262
33,3,0.523438,0.0546875,1.00073,0.999122,0.495486,0,1.00194,1.00275,-0.00178285,0,3.43721e-05,-0.000348307,1.00275
34,3,0.539062,0.0546875,1.00049,0.999311,0.495471,0,1.00162,1.00283,-0.00192455,0,2.12651e-05,-5.2371e-05,1.00283
35,3,0.554688,0.0546875,1.00027,0.999476,0.495526,0,1.00134,1.00287,-0.00201428,0,1.10655e-05,0.000159351,1.00288
36,3,0.570312,0.0546875,1.00007,0.999623,0.495633,0,1.00108,1.00288,-0.00206397,0,3.54002e-06,0.000295801,1.00288
37,3,0.585938,0.0546875,0.9999,0.999753,0.49578,0,1.00086,1.00285,-0.00208307,0,-1.62258e-06,0.000366667,1.00286
38,3,0.601562,0.0546875,0.999747,0.999869,0.495955,0,1.00066,1.0028,-0.00207875,0,-4.76251e-06,0.000381791,1.0028
39,3,0.617188,0.0546875,0.999612,0.999972,0.496151,0,1.00049,1.00272,-0.00205638,0,-6.22026e-06,0.000350866,1.00272
40,3,0.632812,0.0546875,0.999496,1.00006,0.49636,0,1.00034,1.00262,-0.00201995,0,-6.32151e-06,0.000283281,1.00262
41,3,0.648438,0.0546875,0.999396,1.00014,0.496576,0,1.00021,1.00251,-0.00197246,0,-5.36946e-06,0.000187994,1.00251
42,3,0.664062,0.0546875,0.999313,1.00022,0.496796,0,1.0001,1.00238,-0.00191624,0,-3.64108e-06,7.34036e-05,1.00238
43,3,0.679688,0.0546875,0.999244,1.00028,0.497015,0,1.00001,1.00224,-0.00185315,0,-1.38494e-06,-5.27845e-05,1.00225
44,3,0.695312,0.0546875,0.999189,1.00033,0.49723,0,0.999927,1.0021,-0.00178474,0,1.17903e-06,-0.000183624,1.0021
45,3,0.710938,0.0546875,0.999147,1.00038,0.49744,0,0.999857,1.00195,-0.00171232,0,3.85895e-06,-0.000312977,1.00195
46,3,0.726562,0.0546875,0.999118,1.00042,0.497641,0,0.999795,1.0018,-0.00163707,0,6.48939e-06,-0.000435517,1.0018
47,3,0.742188,0.0546875,0.9991,1.00046,0.497833,0,0.99974,1.00165,-0.00156004,0,8.92927e-06,-0.00054671,1.00165
48,3,0.757812,0.0546875,0.999092,1.0005,0.498014,0,0.99969,1.0015,-0.00148221,0,1.10583e-05,-0.00064272,1.0015
49,3,0.773438,0.0546875,0.999093,1.00053,0.498183,0,0.999644,1.00135,-0.00140449,0,1.27728e-05,-0.000720294,1.00135
50,3,0.789062,0.0546875,0.999103,1.00056,0.498339,0,0.999599,1.0012,-0.00132771,0,1.39837e-05,-0.000776762,1.0012
51,3,0.804688,0.0546875,0.999119,1.00059,0.498481,0,0.999555,1.00106,-0.00125267,0,1.46096e-05,-0.000809758,1.00106
52,3,0.820312,0.0546875,0.999139,1.00063,0.498608,0,0.999509,1.00092,-0.00118014,0,1.45733e-05,-0.000817156,1.00092
53,3,0.835938,0.0546875,0.999162,1.00067,0.49872,0,0.99946,1.00079,-0.00111081,0,1.37982e-05,-0.000797009,1.00079
54,3,0.851562,0.0546875,0.999184,1.00072,0.498816,0,0.999405,1.00066,-0.00104535,0,1.22051e-05,-0.00074741,1.00066
55,3,0.867188,0.0546875,0.999203,1.00079,0.498894,0,0.999341,1.00053,-0.000984358,0,9.70972e-06,-0.000666436,1.00053
56,3,0.882812,0.0546875,0.999215,1.00086,0.498956,0,0.999265,1.00042,-0.000928398,0,6.22465e-06,-0.000552187,1.00042
57,3,0.898438,0.0546875,0.999218,1.00096,0.498998,0,0.999175,1.0003,-0.000877938,0,1.65265e-06,-0.000402802,1.0003
58,3,0.914062,0.0546875,0.999208,1.00108,0.499023,0,0.999065,1.00019,-0.000833297,0,-4.10881e-06,-0.000215988,1.00019
59,3,0.929688,0.0546875,0.999183,1.00122,0.499028,0,0.998934,1.00008,-0.000794588,0,-1.11523e-05,9.71471e-06,1.00008
60,3,0.945312,0.0546875,0.999139,1.00139,0.499014,0,0.998776,0.999978,-0.000761625,0,-1.95629e-05,0.000275672,0.999978
61,3,0.960938,0.0546875,0.999075,1.00159,0.498983,0,0.998592,0.999875,-0.000733769,0,-2.94094e-05,0.00058279,0.999876
62,3,0.976562,0.0546875,0.998991,1.00182,0.498936,0,0.998381,0.999774,-0.000709744,0,-4.07358e-05,0.00093133,0.999774
63,3,0.992188,0.0546875,0.998891,1.00208,0.498877,0,0.998146,0.999672,-0.000687404,0,-5.3554e-05,0.00132084,0.999672
0,4,0.0078125,0.0703125,0.998603,1.00234,0.499194,0,0.997559,0.999468,-0.000527547,0,-8.05895e-05,0.00205365,0.999468
1,4,0.0234375,0.0703125,0.998471,1.00263,0.499143,0,0.997291,0.999363,-0.000487933,0,-9.8112e-05,0.00256516,0.999363
2,4,0.0390625,0.0703125,0.998347,1.0029,0.499103,0,0.997035,0.999255,-0.000434136,0,-0.000117121,0.00311739,0.999255
3,4,0.0546875,0.0703125,0.998244,1.00316,0.499083,0,0.996818,0.999143,-0.000358236,0,-0.000137426,0.00370568,0.999143
4,4,0.0703125,0.0703125,0.998184,1.00335,0.499098,0,0.996672,0.999028,-0.000250666,0,-0.000158776,0.004324,0.999028
5,4,0.0859375,0.0703125,0.998189,1.00346,0.499164,0,0.996634,0.998906,-0.000100498,0,-0.000180857,0.00496454,0.998906
6,4,0.101562,0.0703125,0.998284,1.00345,0.499295,0,0.996745,0.99878,0.00010392,0,-0.000203294,0.00561728,0.99878
7,4,0.117188,0.0703125,0.99849,1.00329,0.499507,0,0.997038,0.998647,0.000373916,0,-0.000225621,0.00626789,0.998647
8,4,0.132812,0.0703125,0.998823,1.00295,0.499809,0,0.997542,0.998509,0.000719123,0,-0.000247219,0.00689527,0.998509
9,4,0.148438,0.0703125,0.999289,1.00242,0.500209,0,0.998266,0.998367,0.00114577,0,-0.000267241,0.00746872,0.998367
10,4,0.164062,0.0703125,0.999883,1.00172,0.500704,0,0.9992,0.998224,0.00165493,0,-0.000284488,0.00794346,0.998225
11,4,0.179688,0.0703125,1.00058,1.00086,0.501282,0,1.00031,0.998085,0.00224078,0,-0.000297304,0.0082585,0.998087
12,4,0.195312,0.0703125,1.00136,0.999884,0.50192,0,1.00155,0.997956,0.0028887,0,-0.000303565,0.00833983,0.99796
13,4,0.210938,0.0703125,1.00216,0.998853,0.502585,0,1.00284,0.997847,0.00357383,0,-0.000300875,0.00811144,0.997853
14,4,0.226562,0.0703125,1.00295,0.997829,0.503233,0,1.00411,0.997768,0.00426038,0,-0.00028696,0.00751149,0.997777
15,4,0.242188,0.0703125,1.00368,0.996875,0.50381,0,1.00529,0.997731,0.00490262,0,-0.000260219,0.00651137,0.997743
16,4,0.257812,0.0703125,1.0043,0.996047,0.504259,0,1.00631,0.997748,0.00544792,0,-0.000220304,0.00513128,0.997763
17,4,0.273438,0.0703125,1.00479,0.995389,0.504525,0,1.00713,0.997831,0.00584225,0,-0.000168444,0.00344423,0.997848
18,4,0.289062,0.0703125,1.00513,0.994928,0.504567,0,1.00771,0.997987,0.00604103,0,-0.000108199,0.00160352,0.998005
19,4,0.304688,0.0703125,1.00531,0.994675,0.504358,0,1.00805,0.998217,0.00601488,0,-4.44823e-05,-0.000220462,0.998236
20,4,0.320312,0.0703125,1.00533,0.994625,0.503899,0,1.00815,0.99852,0.00575521,0,1.72412e-05,-0.00186353,0.998536
21,4,0.335938,0.0703125,1.00521,0.994755,0.503214,0,1.00804,0.998884,0.00527729,0,7.18179e-05,-0.00319041,0.998898
22,4,0.351562,0.0703125,1.00497,0.995034,0.502349,0,1.00774,0.999297,0.00461724,0,0.000115278,-0.00411976,0.999308
23,4,0.367188,0.0703125,1.00464,0.995425,0.501365,0,1.00729,0.999741,0.00382608,0,0.000145351,-0.00462844,0.999749
24,4,0.382812,0.0703125,1.00423,0.995888,0.500328,0,1.00675,1.0002,0.00296207,0,0.000161547,-0.00474351,1.0002
25,4,0.398438,0.0703125,1.00379,0.996386,0.499302,0,1.00614,1.00065,0.00208301,0,0.000164926,-0.00452906,1.00065
26,4,0.414062,0.0703125,1.00333,0.996886,0.498345,0,1.0055,1.00108,0.00123997,0,0.000157665,-0.00407022,1.00108
27,4,0.429688,0.0703125,1.00288,0.997364,0.4975,0,1.00486,1.00148,0.000472844,0,0.000142559,-0.00345777,1.00148
28,4,0.445312,0.0703125,1.00244,0.997806,0.496793,0,1.00425,1.00183,-0.000191933,0,0.000122535,-0.0027756,1.00183
29,4,0.460938,0.0703125,1.00203,0.998201,0.496239,0,1.00368,1.00214,-0.000741532,0,0.000100277,-0.00209223,1.00214
30,4,0.476562,0.0703125,1.00165,0.998548,0.495835,0,1.00314,1.00239,-0.00117515,0,7.79651e-05,-0.00145684,1.00239
31,4,0.492188,0.0703125,1.0013,0.99885,0.495571,0,1.00266,1.00259,-0.00150116,0,5.71705e-05,-0.000899438,1.0026
32,4,0.507812,0.0703125,1.00098,0.99911,0.49543,0,1.00222,1.00275,-0.00173356,0,3.8871e-05,-0.000434381,1.00275
33,4,0.523438,0.0703125,1.0007,0.999335,0.49539,0,1.00182,1.00285,-0.00188874,0,2.35438e-05,-6.46349e-05,1.00285
34,4,0.539062,0.0703125,1.00044,0.99953,0.495433,0,1.00147,1.00291,-0.00198303,0,1.12893e-05,0.000214246,1.00291
35,4,0.554688,0.0703125,1.00021,0.9997,0.495539,0,1.00115,1.00294,-0.00203093,0,1.96213e-06,0.000410441,1.00294
36,4,0.570312,0.0703125,1,0.999849,0.495691,0,1.00087,1.00292,-0.00204435,0,-4.72035e-06,0.00053357,1.00293
37,4,0.585938,0.0703125,0.999824,0.99998,0.495878,0,1.00062,1.00288,-0.00203251,0,-9.10227e-06,0.000593567,1.00289
38,4,0.601562,0.0703125,0.999667,1.0001,0.496087,0,1.0004,1.00282,-0.00200225,0,-1.15424e-05,0.000600165,1.00282
39,4,0.617188,0.0703125,0.999531,1.0002,0.496312,0,1.00022,1.00273,-0.00195856,0,-1.23892e-05,0.000562743,1.00273
40,4,0.632812,0.0703125,0.999415,1.00028,0.496545,0,1.00005,1.00262,-0.00190503,0,-1.19684e-05,0.000490247,1.00262
41,4,0.648438,0.0703125,0.999317,1.00036,0.496781,0,0.999915,1.0025,-0.00184423,0,-1.05785e-05,0.000391152,1.0025
42,4,0.664062,0.0703125,0.999237,1.00043,0.497016,0,0.999796,1.00236,-0.00177807,0,-8.48862e-06,0.000273396,1.00237
43,4,0.679688,0.0703125,0.999173,1.00048,0.497248,0,0.999695,1.00222,-0.00170803,0,-5.93886e-06,0.000144284,1.00222
44,4,0.695312,0.0703125,0.999122,1.00053,0.497473,0,0.999609,1.00207,-0.00163523,0,-3.14078e-06,1.04537e-05,1.00207
45,4,0.710938,0.0703125,0.999085,1.00057,0.49769,0,0.999536,1.00192,-0.00156065,0,-2.79025e-07,-0.000122166,1.00192
46,4,0.726562,0.0703125,0.99906,1.0006,0.497897,0,0.999472,1.00176,-0.00148508,0,2.48666e-06,-0.00024836,1.00176
47,4,0.742188,0.0703125,0.999045,1.00063,0.498093,0,0.999417,1.00161,-0.00140926,0,5.01916e-06,-0.000363613,1.00161
48,4,0.757812,0.0703125,0.99904,1.00066,0.498278,0,0.999367,1.00145,-0.00133384,0,7.20047e-06,-0.000464026,1.00145
49,4,0.773438,0.0703125,0.999042,1.00068,0.498449,0,0.999322,1.0013,-0.00125944,0,8.9276e-06,-0.000546219,1.0013
50,4,0.789062,0.0703125,0.99905,1.0007,0.498607,0,0.999278,1.00115,-0.00118664,0,1.0111e-05,-0.000607363,1.00115
51,4,0.804688,0.0703125,0.999063,1.00072,0.498751,0,0.999236,1.001,-0.00111599,0,1.06675e-05,-0.000644864,1.001
52,4,0.820312,0.0703125,0.999079,1.00074,0.498881,0,0.999192,1.00086,-0.00104798,0,1.05168e-05,-0.00065635,1.00086
53,4,0.835938,0.0703125,0.999096,1.00077,0.498996,0,0.999144,1.00072,-0.000983113,0,9.57783e-06,-0.000639585,1.00072
54,4,0.851562,0.0703125,0.999111,1.00081,0.499095,0,0.999091,1.00059,-0.000921827,0,7.76555e-06,-0.000592333,1.00059
55,4,0.867188,0.0703125,0.999121,1.00086,0.499179,0,0.999028,1.00046,-0.000864536,0,4.9885e-06,-0.000512274,1.00046
56,4,0.882812,0.0703125,0.999124,1.00093,0.499246,0,0.998954,1.00034,-0.000811604,0,1.14912e-06,-0.000397256,1.00034
57,4,0.898438,0.0703125,0.999117,1.00101,0.499296,0,0.998865,1.00022,-0.000763316,0,-3.86767e-06,-0.000244447,1.00022
58,4,0.914062,0.0703125,0.999098,1.00112,0.499328,0,0.998756,1.0001,-0.000719815,0,-1.01768e-05,-5.13481e-05,1.0001
59,4,0.929688,0.0703125,0.999062,1.00125,0.499343,0,0.998624,0.999992,-0.00068106,0,-1.78915e-05,0.000184289,0.999992
60,4,0.945312,0.0703125,0.999008,1.00141,0.499341,0,0.998466,0.999884,-0.000646719,0,-2.71203e-05,0.000464595,0.999885
61,4,0.960938,0.0703125,0.998934,1.0016,0.499322,0,0.998279,0.999779,-0.000616027,0,-3.79566e-05,0.000791214,0.999779
62,4,0.976562,0.0703125,0.99884,1.00182,0.499289,0,0.998063,0.999675,-0.000587602,0,-5.04679e-05,0.00116509,0.999675
63,4,0.992188,0.0703125,0.998728,1.00207,0.499245,0,0.997821,0.999572,-0.000559216,0,-6.46845e-05,0.00158624,0.999572
0,5,0.0078125,0.0859375,0.998427,1.00235,0.499564,0,0.997228,0.999377,-0.000384839,0,-9.3282e-05,0.00236197,0.999377
1,5,0.0234375,0.0859375,0.998281,1.00263,0.499534,0,0.996939,0.99927,-0.0003356,0,-0.000112679,0.00291783,0.99927
2,5,0.0390625,0.0859375,0.998138,1.00292,0.499515,0,0.996655,0.999161,-0.00027055,0,-0.000133744,0.00351919,0.999161
3,5,0.0546875,0.0859375,0.998014,1.00319,0.499517,0,0.996403,0.99905,-0.000181919,0,-0.000156222,0.00415952,0.99905
4,5,0.0703125,0.0859375,0.997929,1.00341,0.499554,0,0.996214,0.998935,-6.03973e-05,0,-0.000179765,0.00482991,0.998935
5,5,0.0859375,0.0859375,0.997906,1.00355,0.499641,0,0.996126,0.998816,0.000104558,0,-0.000203921,0.00551876,0.998816
6,5,0.101562,0.0859375,0.997969,1.00358,0.499792,0,0.99618,0.998693,0.000324039,0,-0.000228142,0.0062114,0.998693
7,5,0.117188,0.0859375,0.998143,1.00347,0.500022,0,0.996416,0.998566,0.000608584,0,-0.000251772,0.00688879,0.998566
8,5,0.132812,0.0859375,0.998445,1.00318,0.500339,0,0.996863,0.998436,0.000966713,0,-0.000274,0.00752517,0.998437
9,5,0.148438,0.0859375,0.998886,1.0027,0.500749,0,0.997539,0.998305,0.00140313,0,-0.00029381,0.00808608,0.998306
10,5,0.164062,0.0859375,0.999463,1.00204,0.501246,0,0.998441,0.998176,0.00191689,0,-0.000309892,0.00852479,0.998178
11,5,0.179688,0.0859375,1.00016,1.0012,0.501817,0,0.999542,0.998055,0.00249956,0,-0.000320559,0.00878063,0.998058
12,5,0.195312,0.0859375,1.00095,1.00024,0.502435,0,1.0008,0.997947,0.00313349,0,-0.000323769,0.00878257,0.997952
13,5,0.210938,0.0859375,1.00178,0.999209,0.503063,0,1.00213,0.997863,0.00379071,0,-0.000317315,0.00846014,0.99787
14,5,0.226562,0.0859375,1.00262,0.998162,0.503653,0,1.00348,0.997811,0.00443287,0,-0.000299208,0.00775938,0.997821
15,5,0.242188,0.0859375,1.00341,0.99717,0.504152,0,1.00476,0.997805,0.005013,0,-0.000268218,0.00666141,0.997818
16,5,0.257812,0.0859375,1.0041,0.996293,0.504502,0,1.00591,0.997855,0.00547924,0,-0.000224399,0.00519684,0.99787
17,5,0.273438,0.0859375,1.00467,0.995578,0.504651,0,1.00686,0.99797,0.00578055,0,-0.00016933,0.00344531,0.997987
18,5,0.289062,0.0859375,1.00509,0.995062,0.504565,0,1.00757,0.998157,0.00587861,0,-0.000106981,0.00157307,0.998175
19,5,0.304688,0.0859375,1.00533,0.994759,0.504228,0,1.00803,0.998417,0.00575181,0,-4.2395e-05,-0.000251531,0.998433
20,5,0.320312,0.0859375,1.00541,0.994668,0.503648,0,1.00824,0.998743,0.00539985,0,1.89567e-05,-0.00186513,0.998757
21,5,0.335938,0.0859375,1.00534,0.99477,0.502859,0,1.0082,0.999125,0.00484548,0,7.20895e-05,-0.00313895,0.999137
22,5,0.351562,0.0859375,1.00513,0.995036,0.501914,0,1.00796,0.99955,0.00413034,0,0.000113321,-0.00400019,0.999558
23,5,0.367188,0.0859375,1.00481,0.995425,0.500877,0,1.00754,0.999998,0.00330831,0,0.000140745,-0.004436,1
24,5,0.382812,0.0859375,1.00441,0.995898,0.499815,0,1.00699,1.00045,0.0024378,0,0.000154245,-0.00448306,1.00046
25,5,0.398438,0.0859375,1.00395,0.996412,0.498793,0,1.00637,1.0009,0.0015745,0,0.000155201,-0.00421268,1.0009
26,5,0.414062,0.0859375,1.00348,0.996935,0.497862,0,1.0057,1.00131,0.000765674,0,0.000146021,-0.00371418,1.00131
27,5,0.429688,0.0859375,1.003,0.997439,0.49706,0,1.00502,1.00169,4.65147e-05,0,0.000129618,-0.00307955,1.00169
28,5,0.445312,0.0859375,1.00253,0.997905,0.49641,0,1.00436,1.00202,-0.000561409,0,0.000108941,-0.00239144,1.00202
29,5,0.460938,0.0859375,1.00209,0.998324,0.495919,0,1.00374,1.0023,-0.00104977,0,8.66163e-05,-0.00171562,1.0023
30,5,0.476562,0.0859375,1.00169,0.998692,0.495582,0,1.00316,1.00253,-0.00142151,0,6.47223e-05,-0.00109778,1.00253
31,5,0.492188,0.0859375,1.00131,0.999011,0.495384,0,1.00262,1.00271,-0.00168781,0,4.47058e-05,-0.000564339,1.00271
32,5,0.507812,0.0859375,1.00097,0.999286,0.495306,0,1.00214,1.00284,-0.00186454,0,2.74211e-05,-0.000126515,1.00284
33,5,0.523438,0.0859375,1.00067,0.999523,0.495326,0,1.00171,1.00292,-0.00196922,0,1.32353e-05,0.000215322,1.00293
34,5,0.539062,0.0859375,1.0004,0.999727,0.495422,0,1.00132,1.00297,-0.00201865,0,2.15876e-06,0.000467531,1.00297
35,5,0.554688,0.0859375,1.00015,0.999903,0.495574,0,1.00097,1.00297,-0.00202741,0,-6.02219e-06,0.000639561,1.00297
36,5,0.570312,0.0859375,0.99994,1.00006,0.495768,0,1.00066,1.00295,-0.0020072,0,-1.16381e-05,0.000741781,1.00295
37,5,0.585938,0.0859375,0.999753,1.00019,0.495989,0,1.00039,1.00289,-0.00196689,0,-1.50627e-05,0.00078439,1.0029
38,5,0.601562,0.0859375,0.999592,1.0003,0.496228,0,1.00016,1.00282,-0.00191294,0,-1.66702e-05,0.000777054,1.00282
39,5,0.617188,0.0859375,0.999454,1.0004,0.496477,0,0.999958,1.00272,-0.00184991,0,-1.68129e-05,0.000728845,1.00272
40,5,0.632812,0.0859375,0.999338,1.00049,0.49673,0,0.999785,1.00261,-0.00178092,0,-1.58131e-05,0.000648268,1.00261
41,5,0.648438,0.0859375,0.999242,1.00056,0.496982,0,0.999638,1.00248,-0.00170817,0,-1.39604e-05,0.000543293,1.00248
42,5,0.664062,0.0859375,0.999164,1.00062,0.497229,0,0.999513,1.00234,-0.00163314,0,-1.15128e-05,0.00042135,1.00234
43,5,0.679688,0.0859375,0.999103,1.00067,0.49747,0,0.999408,1.00219,-0.00155693,0,-8.69802e-06,0.000289284,1.00219
44,5,0.695312,0.0859375,0.999056,1.00071,0.497702,0,0.999319,1.00204,-0.00148033,0,-5.71581e-06,0.000153341,1.00204
45,5,0.710938,0.0859375,0.999022,1.00075,0.497924,0,0.999244,1.00188,-0.00140393,0,-2.74016e-06,1.91408e-05,1.00188
46,5,0.726562,0.0859375,0.999,1.00077,0.498134,0,0.999181,1.00173,-0.00132825,0,7.82038e-08,-0.000108317,1.00173
47,5,0.742188,0.0859375,0.998987,1.00079,0.498332,0,0.999126,1.00157,-0.00125371,0,2.60926e-06,-0.000224652,1.00157
48,5,0.757812,0.0859375,0.998983,1.00081,0.498518,0,0.999077,1.00141,-0.00118068,0,4.74021e-06,-0.000326022,1.00141
49,5,0.773438,0.0859375,0.998985,1.00082,0.49869,0,0.999034,1.00125,-0.00110953,0,6.37142e-06,-0.000409033,1.00125
50,5,0.789062,0.0859375,0.998992,1.00083,0.498849,0,0.998992,1.0011,-0.00104058,0,7.41555e-06,-0.000470813,1.0011
51,5,0.804688,0.0859375,0.999003,1.00084,0.498994,0,0.998951,1.00095,-0.000974147,0,7.78963e-06,-0.000508645,1.00095
52,5,0.820312,0.0859375,0.999014,1.00086,0.499125,0,0.998908,1.0008,-0.000910515,0,7.41223e-06,-0.000520013,1.0008
53,5,0.835938,0.0859375,0.999025,1.00088,0.499243,0,0.998862,1.00066,-0.000849954,0,6.19983e-06,-0.000502482,1.00066
54,5,0.851562,0.0859375,0.999033,1.0009,0.499346,0,0.998809,1.00053,-0.000792708,0,4.06309e-06,-0.000453576,1.00053
55,5,0.867188,0.0859375,0.999036,1.00094,0.499434,0,0.998747,1.00039,-0.000738992,0,9.05989e-07,-0.000370743,1.00039
56,5,0.882812,0.0859375,0.999031,1.001,0.499507,0,0.998673,1.00027,-0.000688985,0,-3.3833e-06,-0.000251327,1.00027
57,5,0.898438,0.0859375,0.999015,1.00107,0.499565,0,0.998583,1.00015,-0.000642775,0,-8.93049e-06,-9.19986e-05,1.00015
58,5,0.914062,0.0859375,0.998986,1.00116,0.499606,0,0.998472,1.00003,-0.000600331,0,-1.58649e-05,0.000110129,1.00003
59,5,0.929688,0.0859375,0.998941,1.00128,0.499633,0,0.998338,0.999914,-0.000561445,0,-2.43204e-05,0.000358045,0.999914
60,5,0.945312,0.0859375,0.998877,1.00143,0.499643,0,0.998176,0.999803,-0.000525632,0,-3.44292e-05,0.000654611,0.999803
61,5,0.960938,0.0859375,0.998793,1.00162,0.499639,0,0.997983,0.999695,-0.000491991,0,-4.63101e-05,0.00100222,0.999695
62,5,0.976562,0.0859375,0.998689,1.00183,0.499622,0,0.997759,0.999588,-0.000459027,0,-6.00552e-05,0.00140251,0.999588
63,5,0.992188,0.0859375,0.998566,1.00207,0.499596,0,0.997506,0.999482,-0.000424431,0,-7.57148e-05,0.00185604,0.999482
0,6,0.0078125,0.101562,0.998256,1.00236,0.499915,0,0.996909,0.999298,-0.000234626,0,-0.000105981,0.00268046,0.999298
1,6,0.0234375,0.101562,0.998093,1.00266,0.499909,0,0.996595,0.999189,-0.000175457,0,-0.000127278,0.00328096,0.99919
2,6,0.0390625,0.101562,0.997931,1.00295,0.499915,0,0.99628,0.999079,-9.89256e-05,0,-0.000150417,0.00393128,0.999079
3,6,0.0546875,0.101562,0.997785,1.00324,0.499942,0,0.995989,0.998967,2.51071e-06,0,-0.000175082,0.00462294,0.998967
4,6,0.0703125,0.101562,0.997673,1.00349,0.500004,0,0.995754,0.998852,0.000137813,0,-0.000200821,0.00534411,0.998852
5,6,0.0859375,0.101562,0.99762,1.00366,0.500115,0,0.995613,0.998735,0.000317015,0,-0.000227044,0.00607924,0.998735
6,6,0.101562,0.101562,0.99765,1.00373,0.500289,0,0.995608,0.998615,0.00055052,0,-0.000253025,0.00680888,0.998615
7,6,0.117188,0.101562,0.997791,1.00366,0.500538,0,0.995783,0.998493,0.000847946,0,-0.000277907,0.00750904,0.998493
8,6,0.132812,0.101562,0.998061,1.00342,0.50087,0,0.996172,0.99837,0.00121659,0,-0.000300679,0.00814918,0.998371
9,6,0.148438,0.101562,0.998476,1.00299,0.501288,0,0.996799,0.99825,0.00165957,0,-0.000320151,0.00869105,0.998251
10,6,0.164062,0.101562,0.999037,1.00236,0.501786,0,0.997668,0.998135,0.00217393,0,-0.000334896,0.00908617,0.998137
11,6,0.179688,0.101562,0.999732,1.00156,0.502346,0,0.998761,0.99803,0.00274874,0,-0.000343213,0.00927481,0.998034
12,6,0.195312,0.101562,1.00053,1.00061,0.502938,0,1.00003,0.997944,0.00336358,0,-0.000343161,0.00919004,0.997949
13,6,0.210938,0.101562,1.0014,0.99956,0.503523,0,1.00143,0.997884,0.00398772,0,-0.00033276,0.00876832,0.997892
14,6,0.226562,0.101562,1.00229,0.998484,0.504051,0,1.00286,0.99786,0.00458073,0,-0.000310364,0.00796503,0.997871
15,6,0.242188,0.101562,1.00315,0.997446,0.504466,0,1.00425,0.997884,0.00509489,0,-0.000275156,0.00677219,0.997897
16,6,0.257812,0.101562,1.00392,0.99651,0.504713,0,1.00553,0.997966,0.00547962,0,-0.000227624,0.00523117,0.997981
17,6,0.273438,0.101562,1.00457,0.995731,0.504744,0,1.00662,0.998112,0.00568734,0,-0.000169717,0.00342856,0.998129
18,6,0.289062,0.101562,1.00507,0.995151,0.504532,0,1.00748,0.998329,0.00568632,0,-0.0001058,0.00154284,0.998345
19,6,0.304688,0.101562,1.00539,0.994791,0.504069,0,1.00806,0.998614,0.00546274,0,-4.0973e-05,-0.000262837,0.998629
20,6,0.320312,0.101562,1.00553,0.994656,0.503375,0,1.00837,0.998961,0.00502435,0,1.93666e-05,-0.001828,0.998973
21,6,0.335938,0.101562,1.0055,0.994728,0.50249,0,1.00842,0.999358,0.0044009,0,7.04874e-05,-0.00303278,0.999368
22,6,0.351562,0.101562,1.00531,0.994979,0.501474,0,1.00822,0.99979,0.0036389,0,0.000109072,-0.00381476,0.999796
23,6,0.367188,0.101562,1.00501,0.995369,0.500394,0,1.00782,1.00024,0.00279439,0,0.000133617,-0.00417197,1.00024
24,6,0.382812,0.101562,1.0046,0.995854,0.499318,0,1.00728,1.00069,0.00192528,0,0.000144394,-0.00415074,1.00069
25,6,0.398438,0.101562,1.00414,0.99639,0.498307,0,1.00663,1.00112,0.00108454,0,0.000143087,-0.0038289,1.00112
26,6,0.414062,0.101562,1.00364,0.996939,0.497408,0,1.00592,1.00152,0.000315275,0,0.000132296,-0.00329886,1.00152
27,6,0.429688,0.101562,1.00313,0.997472,0.496655,0,1.00519,1.00187,-0.000352191,0,0.000115008,-0.00265256,1.00187
28,6,0.445312,0.101562,1.00264,0.997968,0.496064,0,1.00448,1.00218,-0.000901165,0,9.41458e-05,-0.0019703,1.00218
29,6,0.460938,0.101562,1.00217,0.998415,0.495638,0,1.00381,1.00244,-0.00132768,0,7.22395e-05,-0.00131416,1.00244
30,6,0.476562,0.101562,1.00173,0.998807,0.495367,0,1.00317,1.00264,-0.00163818,0,5.1233e-05,-0.000725674,1.00265
31,6,0.492188,0.101562,1.00133,0.999148,0.495233,0,1.00259,1.0028,-0.00184637,0,3.24281e-05,-0.000227344,1.0028
32,6,0.507812,0.101562,1.00097,0.99944,0.495215,0,1.00207,1.00291,-0.00196974,0,1.65435e-05,0.000173012,1.00291
33,6,0.523438,0.101562,1.00065,0.99969,0.495289,0,1.00159,1.00297,-0.00202663,0,3.83083e-06,0.000477694,1.00297
34,6,0.539062,0.101562,1.00036,0.999904,0.495433,0,1.00117,1.003,-0.00203411,0,-5.79014e-06,0.000694983,1.003
35,6,0.554688,0.101562,1.0001,1.00009,0.495628,0,1.0008,1.00299,-0.00200664,0,-1.25989e-05,0.000835607,1.00299
36,6,0.570312,0.101562,0.99988,1.00025,0.495857,0,1.00047,1.00295,-0.00195558,0,-1.69697e-05,0.000910649,1.00295
37,6,0.585938,0.101562,0.999687,1.00038,0.496108,0,1.00018,1.00289,-0.00188937,0,-1.93018e-05,0.000930578,1.00289
38,6,0.601562,0.101562,0.999522,1.0005,0.496372,0,0.999933,1.00281,-0.00181399,0,-1.998e-05,0.000904984,1.00281
39,6,0.617188,0.101562,0.999382,1.0006,0.496641,0,0.99972,1.0027,-0.00173352,0,-1.93567e-05,0.000842636,1.0027
40,6,0.632812,0.101562,0.999266,1.00068,0.496909,0,0.999539,1.00258,-0.00165068,0,-1.77466e-05,0.000751587,1.00258
41,6,0.648438,0.101562,0.999171,1.00075,0.497173,0,0.999385,1.00245,-0.00156722,0,-1.54274e-05,0.000639286,1.00245
42,6,0.664062,0.101562,0.999095,1.0008,0.497429,0,0.999257,1.00231,-0.00148427,0,-1.26424e-05,0.00051263,1.00231
43,6,0.679688,0.101562,0.999036,1.00085,0.497676,0,0.99915,1.00216,-0.00140257,0,-9.6042e-06,0.000377958,1.00216
44,6,0.695312,0.101562,0.998992,1.00088,0.497912,0,0.999061,1.00201,-0.00132258,0,-6.49776e-06,0.000241066,1.00201
45,6,0.710938,0.101562,0.998961,1.00091,0.498136,0,0.998986,1.00185,-0.0012446,0,-3.48376e-06,0.000107198,1.00185
46,6,0.726562,0.101562,0.998941,1.00093,0.498347,0,0.998924,1.00169,-0.00116887,0,-7.01361e-07,-1.89504e-05,1.00169
47,6,0.742188,0.101562,0.99893,1.00094,0.498545,0,0.998871,1.00153,-0.00109554,0,1.72903e-06,-0.00013322,1.00153
48,6,0.757812,0.101562,0.998926,1.00095,0.49873,0,0.998824,1.00137,-0.00102475,0,3.70217e-06,-0.000231919,1.00137
49,6,0.773438,0.101562,0.998928,1.00095,0.498902,0,0.998782,1.00121,-0.000956606,0,5.12407e-06,-0.000311741,1.00121
50,6,0.789062,0.101562,0.998934,1.00095,0.49906,0,0.998743,1.00106,-0.00089123,0,5.91168e-06,-0.000369867,1.00106
51,6,0.804688,0.101562,0.998941,1.00096,0.499206,0,0.998703,1.00091,-0.000828712,0,5.98422e-06,-0.000403551,1.00091
52,6,0.820312,0.101562,0.998949,1.00096,0.499338,0,0.998661,1.00076,-0.000769135,0,5.26109e-06,-0.000410223,1.00076
53,6,0.835938,0.101562,0.998955,1.00097,0.499457,0,0.998616,1.00062,-0.000712566,0,3.6578e-06,-0.000387338,1.00062
54,6,0.851562,0.101562,0.998957,1.00099,0.499563,0,0.998563,1.00048,-0.00065905,0,1.08352e-06,-0.000332248,1.00048
55,6,0.867188,0.101562,0.998952,1.00102,0.499656,0,0.9985,1.00034,-0.000608618,0,-2.56379e-06,-0.000242378,1.00034
56,6,0.882812,0.101562,0.99894,1.00107,0.499736,0,0.998424,1.00021,-0.000561248,0,-7.40742e-06,-0.000114285,1.00021
57,6,0.898438,0.101562,0.998916,1.00113,0.499801,0,0.998331,1.00009,-0.000516839,0,-1.35807e-05,5.53576e-05,1.00009
58,6,0.914062,0.101562,0.998878,1.00122,0.499853,0,0.998217,0.999968,-0.000475181,0,-2.1228e-05,0.000270015,0.999968
59,6,0.929688,0.101562,0.998824,1.00133,0.499891,0,0.998078,0.999851,-0.000435892,0,-3.05032e-05,0.000533319,0.999851
60,6,0.945312,0.101562,0.998752,1.00147,0.499916,0,0.99791,0.999736,-0.000398325,0,-4.15612e-05,0.000848813,0.999737
61,6,0.960938,0.101562,0.998658,1.00164,0.499929,0,0.997709,0.999625,-0.000361436,0,-5.45461e-05,0.00121962,0.999625
62,6,0.976562,0.101562,0.998543,1.00185,0.499931,0,0.997474,0.999515,-0.000323614,0,-6.95748e-05,0.00164807,0.999515
63,6,0.992188,0.101562,0.998408,1.00209,0.499925,0,0.997205,0.999407,-0.000282474,0,-8.67184e-05,0.00213523,0.999407
0,7,0.0078125,0.117188,0.998091,1.0024,0.500243,0,0.996604,0.999235,-7.64332e-05,0,-0.000118762,0.00301343,0.999235
1,7,0.0234375,0.117188,0.997912,1.0027,0.500263,0,0.996262,0.999124,-6.91859e-06,0,-0.000141964,0.00365891,0.999124
2,7,0.0390625,0.117188,0.99773,1.00301,0.500297,0,0.995914,0.999012,8.14049e-05,0,-0.000167169,0.00435782,0.999012
3,7,0.0546875,0.117188,0.997559,1.00331,0.500352,0,0.995581,0.998898,0.000195775,0,-0.000193996,0.00509972,0.998898
4,7,0.0703125,0.117188,0.99742,1.00358,0.500443,0,0.995297,0.998783,0.000344697,0,-0.000221894,0.0058698,0.998783
5,7,0.0859375,0.117188,0.997336,1.00379,0.50058,0,0.995101,0.998666,0.000537577,0,-0.000250132,0.00664853,0.998666
6,7,0.101562,0.117188,0.997333,1.0039,0.500778,0,0.995036,0.998549,0.000783987,0,-0.000277803,0.0074116,0.998549
7,7,0.117188,0.117188,0.997439,1.00387,0.501047,0,0.995149,0.998431,0.0010925,0,-0.000303847,0.00812987,0.998432
8,7,0.132812,0.117188,0.997678,1.00368,0.501393,0,0.995479,0.998316,0.00146908,0,-0.000327051,0.0087681,0.998317
9,7,0.148438,0.117188,0.998067,1.00329,0.501819,0,0.996057,0.998205,0.00191521,0,-0.000346044,0.00928427,0.998207
10,7,0.164062,0.117188,0.998613,1.0027,0.502313,0,0.996895,0.998103,0.00242595,0,-0.000359289,0.0096284,0.998106
11,7,0.179688,0.117188,0.999306,1.00191,0.502858,0,0.99798,0.998016,0.00298806,0,-0.000365077,0.00974242,0.998021
12,7,0.195312,0.117188,1.00012,1.00097,0.50342,0,0.999278,0.997951,0.00357859,0,-0.000361597,0.00956453,0.997957
13,7,0.210938,0.117188,1.00103,0.999907,0.503957,0,1.00073,0.997915,0.0041645,0,-0.000347135,0.00903953,0.997924
14,7,0.226562,0.117188,1.00197,0.998795,0.504417,0,1.00225,0.997919,0.00470376,0,-0.000320429,0.00813351,0.99793
15,7,0.242188,0.117188,1.0029,0.997702,0.504745,0,1.00376,0.997973,0.00514851,0,-0.000281124,0.00685045,0.997986
16,7,0.257812,0.117188,1.00376,0.9967,0.504887,0,1.00518,0.998084,0.00544996,0,-0.000230158,0.00524237,0.998099
17,7,0.273438,0.117188,1.0045,0.995849,0.504801,0,1.00642,0.99826,0.00556431,0,-0.000169868,0.00340346,0.998276
18,7,0.289062,0.117188,1.00508,0.995199,0.504465,0,1.00742,0.998504,0.00546683,0,-0.000104965,0.00152243,0.998519
19,7,0.304688,0.117188,1.00547,0.994778,0.503883,0,1.00814,0.998811,0.00515129,0,-4.05344e-05,-0.000245657,0.998825
20,7,0.320312,0.117188,1.00567,0.994595,0.503082,0,1.00855,0.999175,0.00463313,0,1.81933e-05,-0.0017456,0.999186
21,7,0.335938,0.117188,1.00569,0.994636,0.502112,0,1.00867,0.999583,0.00394852,0,6.68201e-05,-0.00286852,0.999591
22,7,0.351562,0.117188,1.00553,0.994873,0.501036,0,1.00852,1.00002,0.0031481,0,0.000102458,-0.00356404,1.00002
23,7,0.367188,0.117188,1.00523,0.995265,0.499924,0,1.00814,1.00046,0.00228935,0,0.000124035,-0.00384114,1.00047
24,7,0.382812,0.117188,1.00482,0.995765,0.498844,0,1.00758,1.0009,0.001429,0,0.0001322,-0.00375529,1.0009
25,7,0.398438,0.117188,1.00433,0.996327,0.497851,0,1.0069,1.00132,0.000616836,0,0.000128912,-0.0033898,1.00132
26,7,0.414062,0.117188,1.00381,0.996907,0.496991,0,1.00615,1.00169,-0.000108484,0,0.000116913,-0.00283882,1.00169
27,7,0.429688,0.117188,1.00327,0.997473,0.49629,0,1.00538,1.00203,-0.000721582,0,9.92135e-05,-0.00219293,1.00203
28,7,0.445312,0.117188,1.00275,0.998002,0.495759,0,1.00461,1.00232,-0.00121055,0,7.86644e-05,-0.001529,1.00232
29,7,0.460938,0.117188,1.00225,0.99848,0.495397,0,1.00388,1.00255,-0.00157557,0,5.76624e-05,-0.000904662,1.00255
30,7,0.476562,0.117188,1.00178,0.998901,0.495189,0,1.00319,1.00273,-0.0018263,0,3.79916e-05,-0.000356811,1.00273
31,7,0.492188,0.117188,1.00136,0.999265,0.495116,0,1.00256,1.00287,-0.00197867,0,2.07946e-05,9.62384e-05,1.00287
32,7,0.507812,0.117188,1.00097,0.999576,0.495154,0,1.00199,1.00295,-0.00205149,0,6.64818e-06,0.000450116,1.00296
33,7,0.523438,0.117188,1.00063,0.999841,0.495277,0,1.00149,1.003,-0.00206368,0,-4.31161e-06,0.000709765,1.003
34,7,0.539062,0.117188,1.00032,1.00007,0.495464,0,1.00103,1.00301,-0.00203237,0,-1.22519e-05,0.000885315,1.00302
35,7,0.554688,0.117188,1.00006,1.00026,0.495695,0,1.00064,1.003,-0.00197171,0,-1.75128e-05,0.00098869,1.003
36,7,0.570312,0.117188,0.999826,1.00042,0.495954,0,1.00029,1.00295,-0.00189263,0,-2.05063e-05,0.00103162,1.00295
37,7,0.585938,0.117188,0.999627,1.00056,0.49623,0,0.999984,1.00288,-0.00180303,0,-2.16515e-05,0.00102479,1.00288
38,7,0.601562,0.117188,0.999458,1.00068,0.496514,0,0.999724,1.00279,-0.00170839,0,-2.1339e-05,0.000977697,1.00279
39,7,0.617188,0.117188,0.999317,1.00077,0.496797,0,0.999503,1.00268,-0.00161231,0,-1.99172e-05,0.000898787,1.00268
40,7,0.632812,0.117188,0.9992,1.00085,0.497077,0,0.999316,1.00256,-0.00151705,0,-1.76899e-05,0.000795653,1.00256
41,7,0.648438,0.117188,0.999106,1.00092,0.497349,0,0.99916,1.00243,-0.001424,0,-1.49195e-05,0.000675214,1.00243
42,7,0.664062,0.117188,0.999032,1.00097,0.497611,0,0.99903,1.00228,-0.00133394,0,-1.18324e-05,0.000543815,1.00229
43,7,0.679688,0.117188,0.998975,1.00101,0.497861,0,0.998923,1.00214,-0.00124727,0,-8.62375e-06,0.000407266,1.00214
44,7,0.695312,0.117188,0.998933,1.00104,0.498098,0,0.998835,1.00198,-0.00116419,0,-5.46173e-06,0.000270875,1.00198
45,7,0.710938,0.117188,0.998905,1.00106,0.498322,0,0.998762,1.00182,-0.00108474,0,-2.49171e-06,0.00013946,1.00182
46,7,0.726562,0.117188,0.998886,1.00107,0.498533,0,0.998702,1.00166,-0.00100889,0,1.60602e-07,1.73595e-05,1.00166
47,7,0.742188,0.117188,0.998876,1.00108,0.498729,0,0.998652,1.0015,-0.000936591,0,2.38627e-06,-9.15606e-05,1.0015
48,7,0.757812,0.117188,0.998873,1.00108,0.498913,0,0.998608,1.00134,-0.000867749,0,4.0895e-06,-0.000183834,1.00134
49,7,0.773438,0.117188,0.998874,1.00107,0.499083,0,0.998568,1.00119,-0.000802273,0,5.18369e-06,-0.000256315,1.00119
50,7,0.789062,0.117188,0.998878,1.00107,0.49924,0,0.99853,1.00103,-0.000740076,0,5.59199e-06,-0.000306326,1.00103
51,7,0.804688,0.117188,0.998883,1.00106,0.499385,0,0.998492,1.00088,-0.000681054,0,5.23748e-06,-0.000331166,1.00088
52,7,0.820312,0.117188,0.998887,1.00106,0.499518,0,0.998451,1.00073,-0.000625097,0,4.0421e-06,-0.000328296,1.00073
53,7,0.835938,0.117188,0.998888,1.00107,0.499638,0,0.998405,1.00058,-0.000572078,0,1.92258e-06,-0.000295132,1.00058
54,7,0.851562,0.117188,0.998885,1.00108,0.499747,0,0.998352,1.00044,-0.000521859,0,-1.21154e-06,-0.000229091,1.00044
55,7,0.867188,0.117188,0.998875,1.0011,0.499844,0,0.998287,1.00031,-0.000474277,0,-5.47076e-06,-0.000127163,1.00031
56,7,0.882812,0.117188,0.998855,1.00114,0.49993,0,0.998208,1.00017,-0.000429115,0,-1.09822e-05,1.41871e-05,1.00017
57,7,0.898438,0.117188,0.998824,1.00119,0.500004,0,0.998112,1.00005,-0.000386084,0,-1.78877e-05,0.000198544,1.00005
58,7,0.914062,0.117188,0.998778,1.00127,0.500067,0,0.997992,0.999922,-0.000344788,0,-2.63457e-05,0.000429834,0.999922
59,7,0.929688,0.117188,0.998716,1.00138,0.500118,0,0.997846,0.999802,-0.000304667,0,-3.65279e-05,0.000712242,0.999802
60,7,0.945312,0.117188,0.998634,1.00151,0.500158,0,0.997669,0.999685,-0.000264905,0,-4.86108e-05,0.00104994,0.999685
61,7,0.960938,0.117188,0.998531,1.00168,0.500188,0,0.997457,0.999571,-0.000224313,0,-6.27622e-05,0.00144671,0.999571
62,7,0.976562,0.117188,0.998405,1.00189,0.500211,0,0.997208,0.999458,-0.000181163,0,-7.91233e-05,0.00190551,0.999458
63,7,0.992188,0.117188,0.998258,1.00213,0.500227,0,0.996922,0.999346,-0.000133002,0,-9.77851e-05,0.00242792,0.999346
0,8,0.0078125,0.132812,0.997935,1.00245,0.500545,0,0.996315,0.999188,8.98925e-05,0,-0.000131703,0.0033639,0.999188
1,8,0.0234375,0.132812,0.997738,1.00276,0.500594,0,0.995943,0.999074,0.000170248,0,-0.00015679,0.00405449,0.999074
2,8,0.0390625,0.132812,0.997535,1.00308,0.500657,0,0.995558,0.99896,0.000270731,0,-0.000184016,0.00480126,0.99896
3,8,0.0546875,0.132812,0.997341,1.00341,0.500744,0,0.995183,0.998845,0.00039819,0,-0.000212941,0.00559175,0.998845
4,8,0.0703125,0.132812,0.997173,1.0037,0.500864,0,0.994849,0.998729,0.000560571,0,-0.000242913,0.00640818,0.998729
5,8,0.0859375,0.132812,0.997058,1.00394,0.50103,0,0.994596,0.998613,0.000766522,0,-0.000273061,0.00722701,0.998614
6,8,0.101562,0.132812,0.997022,1.00409,0.501252,0,0.99447,0.998498,0.00102465,0,-0.000302304,0.00801913,0.998498
7,8,0.117188,0.132812,0.997094,1.00411,0.501541,0,0.994521,0.998385,0.00134234,0,-0.000329376,0.00875023,0.998386
8,8,0.132812,0.132812,0.997302,1.00395,0.501901,0,0.994793,0.998276,0.00172415,0,-0.000352864,0.00938046,0.998278
9,8,0.148438,0.132812,0.997666,1.0036,0.502331,0,0.995324,0.998176,0.00216989,0,-0.000371223,0.00986422,0.998178
10,8,0.164062,0.132812,0.998196,1.00305,0.50282,0,0.996132,0.998088,0.00267267,0,-0.000382809,0.0101504,0.998091
11,8,0.179688,0.132812,0.99889,1.00228,0.503344,0,0.997213,0.998018,0.00321714,0,-0.000385922,0.0101832,0.998023
12,8,0.195312,0.132812,0.999727,1.00133,0.503872,0,0.998538,0.997973,0.00377816,0,-0.000378903,0.00990713,0.99798
13,8,0.210938,0.132812,1.00067,1.00025,0.504356,0,1.00005,0.997961,0.00432083,0,-0.000360342,0.00927656,0.997971
14,8,0.226562,0.132812,1.00167,0.999094,0.504744,0,1.00167,0.997992,0.00480211,0,-0.000329401,0.00826961,0.998004
15,8,0.242188,0.132812,1.00268,0.997941,0.504982,0,1.00331,0.998074,0.00517456,0,-0.00028622,0.00690305,0.998088
16,8,0.257812,0.132812,1.00362,0.996865,0.505019,0,1.00487,0.998214,0.00539168,0,-0.000232195,0.00523897,0.998229
17,8,0.273438,0.132812,1.00445,0.995936,0.504817,0,1.00626,0.998418,0.00541383,0,-0.000170056,0.00337992,0.998432
18,8,0.289062,0.132812,1.00511,0.995211,0.504364,0,1.00741,0.998685,0.00522346,0,-0.000104791,0.00152159,0.998698
19,8,0.304688,0.132812,1.00559,0.994725,0.503671,0,1.00826,0.999011,0.00482165,0,-4.1382e-05,-0.000191556,0.999023
20,8,0.320312,0.132812,1.00585,0.994492,0.502774,0,1.00878,0.999388,0.00423105,0,1.51956e-05,-0.00161214,0.999397
21,8,0.335938,0.132812,1.0059,0.994502,0.50173,0,1.00897,0.999802,0.00349353,0,6.09542e-05,-0.00264408,0.999808
22,8,0.351562,0.132812,1.00577,0.994727,0.500606,0,1.00886,1.00024,0.00266311,0,9.34818e-05,-0.00325011,1.00024
23,8,0.367188,0.132812,1.00547,0.995123,0.499474,0,1.00849,1.00067,0.00179793,0,0.000112147,-0.00344988,1.00068
24,8,0.382812,0.132812,1.00505,0.995642,0.498398,0,1.00791,1.0011,0.00095298,0,0.000117951,-0.00330687,1.0011
25,8,0.398438,0.132812,1.00455,0.996231,0.497432,0,1.0072,1.00149,0.000174464,0,0.000113075,-0.00290847,1.00149
26,8,0.414062,0.132812,1.00399,0.996846,0.496615,0,1.0064,1.00185,-0.000503598,0,0.000100351,-0.00234912,1.00185
27,8,0.429688,0.132812,1.00343,0.997449,0.495968,0,1.00556,1.00217,-0.00106075,0,8.27577e-05,-0.00171676,1.00217
28,8,0.445312,0.132812,1.00286,0.998014,0.495497,0,1.00474,1.00243,-0.00148969,0,6.30305e-05,-0.0010839,1.00243
29,8,0.460938,0.132812,1.00233,0.998526,0.495197,0,1.00394,1.00264,-0.00179446,0,4.34024e-05,-0.000503065,1.00264
30,8,0.476562,0.132812,1.00184,0.998976,0.49505,0,1.00321,1.0028,-0.00198762,0,2.54796e-05,-6.23119e-06,1.0028
31,8,0.492188,0.132812,1.00138,0.999365,0.495032,0,1.00253,1.00291,-0.00208702,0,1.02378e-05,0.000392555,1.00292
32,8,0.507812,0.132812,1.00098,0.999697,0.49512,0,1.00192,1.00299,-0.00211251,0,-1.88779e-06,0.00069231,1.00299
33,8,0.523438,0.132812,1.00061,0.999978,0.495286,0,1.00138,1.00302,-0.00208333,0,-1.0872e-05,0.000900487,1.00302
34,8,0.539062,0.132812,1.0003,1.00022,0.49551,0,1.0009,1.00302,-0.00201648,0,-1.69618e-05,0.00102892,1.00302
35,8,0.554688,0.132812,1.00002,1.00041,0.495771,0,1.00048,1.00299,-0.00192569,0,-2.05499e-05,0.00109058,1.00299
36,8,0.570312,0.132812,0.999778,1.00058,0.496055,0,1.00012,1.00294,-0.00182133,0,-2.20789e-05,0.00109773,1.00294
37,8,0.585938,0.132812,0.999574,1.00072,0.496351,0,0.999804,1.00286,-0.00171075,0,-2.19816e-05,0.00106123,1.00286
38,8,0.601562,0.132812,0.999401,1.00084,0.496649,0,0.999536,1.00277,-0.00159887,0,-2.06496e-05,0.000990409,1.00277
39,8,0.617188,0.132812,0.999258,1.00094,0.496944,0,0.999309,1.00266,-0.00148881,0,-1.84234e-05,0.000893387,1.00266
40,8,0.632812,0.132812,0.999141,1.00101,0.497232,0,0.999119,1.00254,-0.00138243,0,-1.55928e-05,0.000777283,1.00254
41,8,0.648438,0.132812,0.999048,1.00108,0.497509,0,0.998962,1.0024,-0.00128074,0,-1.2403e-05,0.000648481,1.0024
42,8,0.664062,0.132812,0.998975,1.00112,0.497773,0,0.998833,1.00226,-0.00118421,0,-9.06163e-06,0.00051277,1.00226
43,8,0.679688,0.132812,0.99892,1.00116,0.498024,0,0.998728,1.00211,-0.00109297,0,-5.74482e-06,0.000375419,1.00211
44,8,0.695312,0.132812,0.99888,1.00118,0.498261,0,0.998642,1.00196,-0.00100696,0,-2.60286e-06,0.000241232,1.00196
45,8,0.710938,0.132812,0.998853,1.0012,0.498483,0,0.998572,1.0018,-0.000926017,0,2.35427e-07,0.000114574,1.0018
46,8,0.726562,0.132812,0.998836,1.0012,0.498691,0,0.998515,1.00164,-0.000849899,0,2.65906e-06,-6.1763e-07,1.00164
47,8,0.742188,0.132812,0.998827,1.0012,0.498885,0,0.998467,1.00148,-0.00077835,0,4.57187e-06,-0.000100814,1.00148
48,8,0.757812,0.132812,0.998823,1.0012,0.499066,0,0.998426,1.00132,-0.000711098,0,5.88889e-06,-0.00018283,1.00132
49,8,0.773438,0.132812,0.998824,1.00119,0.499233,0,0.998389,1.00117,-0.000647862,0,6.53238e-06,-0.000243745,1.00117
50,8,0.789062,0.132812,0.998826,1.00118,0.499389,0,0.998353,1.00101,-0.000588375,0,6.43318e-06,-0.000281085,1.00101
51,8,0.804688,0.132812,0.998829,1.00117,0.499532,0,0.998316,1.00086,-0.000532354,0,5.51986e-06,-0.000292266,1.00086
52,8,0.820312,0.132812,0.99883,1.00116,0.499665,0,0.998276,1.00071,-0.000479503,0,3.71853e-06,-0.000274849,1.00071
53,8,0.835938,0.132812,0.998828,1.00116,0.499786,0,0.998229,1.00056,-0.000429516,0,9.50182e-07,-0.00022632,1.00056
54,8,0.851562,0.132812,0.998819,1.00116,0.499898,0,0.998174,1.00042,-0.000382072,0,-2.87763e-06,-0.000144167,1.00042
55,8,0.867188,0.132812,0.998804,1.00118,0.5,0,0.998107,1.00028,-0.000336814,0,-7.8784e-06,-2.50007e-05,1.00028
56,8,0.882812,0.132812,0.998778,1.00121,0.500091,0,0.998024,1.00015,-0.000293334,0,-1.41811e-05,0.000134583,1.00015
57,8,0.898438,0.132812,0.99874,1.00126,0.500174,0,0.997922,1.00002,-0.000251151,0,-2.19352e-05,0.000338454,1.00002
58,8,0.914062,0.132812,0.998687,1.00134,0.500247,0,0.997796,0.999891,-0.000209681,0,-3.13107e-05,0.000590902,0.999891
59,8,0.929688,0.132812,0.998617,1.00144,0.500312,0,0.997641,0.999768,-0.00016818,0,-4.2495e-05,0.000896568,0.999768
60,8,0.945312,0.132812,0.998526,1.00157,0.500368,0,0.997453,0.999649,-0.000125663,0,-5.56835e-05,0.00126015,0.999649
61,8,0.960938,0.132812,0.998413,1.00173,0.500418,0,0.997228,0.999532,-8.07907e-05,0,-7.10657e-05,0.00168602,0.999532
62,8,0.976562,0.132812,0.998276,1.00194,0.500461,0,0.996963,0.999416,-3.17262e-05,0,-8.88045e-05,0.00217768,0.999416
63,8,0.992188,0.132812,0.998116,1.00218,0.500503,0,0.996657,0.999302,2.40422e-05,0,-0.000109009,0.00273711,0.999302
0,9,0.0078125,0.148438,0.997787,1.00253,0.500821,0,0.99604,0.999157,0.000264144,0,-0.000144872,0.00373338,0.999157
1,9,0.0234375,0.148438,0.997572,1.00284,0.5009,0,0.995637,0.999042,0.000355874,0,-0.000171794,0.00446888,0.999042
2,9,0.0390625,0.148438,0.997348,1.00318,0.500995,0,0.995214,0.998926,0.000468904,0,-0.000200962,0.0052622,0.998926
3,9,0.0546875,0.148438,0.997129,1.00352,0.501113,0,0.994795,0.998809,0.000609607,0,-0.000231873,0.00609892,0.99881
4,9,0.0703125,0.148438,0.996934,1.00385,0.501265,0,0.994411,0.998693,0.000785258,0,-0.00026378,0.00695827,0.998694
5,9,0.0859375,0.148438,0.996788,1.00412,0.501459,0,0.994101,0.998578,0.00100362,0,-0.00029568,0.00781283,0.998579
6,9,0.101562,0.148438,0.996719,1.0043,0.501707,0,0.993916,0.998466,0.00127221,0,-0.000326319,0.00862879,0.998467
7,9,0.117188,0.148438,0.996758,1.00436,0.502015,0,0.993906,0.998357,0.00159711,0,-0.00035424,0.00936679,0.998359
8,9,0.132812,0.148438,0.996936,1.00424,0.502387,0,0.994123,0.998256,0.00198136,0,-0.000377831,0.00998258,0.998258
9,9,0.148438,0.148438,0.997277,1.00393,0.502819,0,0.994609,0.998166,0.00242308,0,-0.000395385,0.0104273,0.998169
10,9,0.164062,0.148438,0.997795,1.0034,0.503297,0,0.99539,0.998091,0.00291355,0,-0.000405163,0.0106492,0.998096
11,9,0.179688,0.148438,0.998491,1.00265,0.503798,0,0.996471,0.998039,0.00343547,0,-0.000405491,0.0105955,0.998044
12,9,0.195312,0.148438,0.999349,1.0017,0.504285,0,0.997828,0.998014,0.00396193,0,-0.000394888,0.0102179,0.998022
13,9,0.210938,0.148438,1.00033,1.00059,0.504711,0,0.999406,0.998027,0.00445666,0,-0.000372277,0.00948169,0.998037
14,9,0.226562,0.148438,1.0014,0.999382,0.505025,0,1.00113,0.998084,0.00487622,0,-0.000337281,0.00837798,0.998095
15,9,0.242188,0.148438,1.00248,0.998162,0.505172,0,1.0029,0.998192,0.00517416,0,-0.000290557,0.00693699,0.998206
16,9,0.257812,0.148438,1.00351,0.997008,0.505105,0,1.00461,0.998359,0.00530675,0,-0.000233944,0.00522984,0.998373
17,9,0.273438,0.148438,1.00443,0.995996,0.504792,0,1.00615,0.998587,0.00523882,0,-0.000170566,0.00336807,0.9986
18,9,0.289062,0.148438,1.00518,0.995192,0.504229,0,1.00745,0.998874,0.00496006,0,-0.000105585,0.00154984,0.998887
19,9,0.304688,0.148438,1.00573,0.994639,0.503436,0,1.00842,0.999216,0.00447847,0,-4.37923e-05,-9.28429e-05,0.999226
20,9,0.320312,0.148438,1.00605,0.994356,0.502456,0,1.00904,0.999602,0.00382325,0,1.01816e-05,-0.00142313,0.999609
21,9,0.335938,0.148438,1.00614,0.994336,0.50135,0,1.0093,1.00002,0.00304122,0,5.28238e-05,-0.00235907,1.00002
22,9,0.351562,0.148438,1.00603,0.99455,0.500191,0,1.00922,1.00045,0.00218892,0,8.22243e-05,-0.00287688,1.00045
23,9,0.367188,0.148438,1.00573,0.994953,0.499049,0,1.00885,1.00087,0.00132451,0,9.81819e-05,-0.00300621,1.00087
24,9,0.382812,0.148438,1.0053,0.995492,0.497987,0,1.00825,1.00128,0.000500699,0,0.000102002,-0.00281688,1.00128
25,9,0.398438,0.148438,1.00477,0.996112,0.497054,0,1.00749,1.00166,-0.000240184,0,9.60315e-05,-0.00239876,1.00166
26,9,0.414062,0.148438,1.00419,0.996763,0.496283,0,1.00664,1.00199,-0.00086881,0,8.31262e-05,-0.00184503,1.00199
27,9,0.429688,0.148438,1.00358,0.997405,0.495691,0,1.00575,1.00228,-0.00136952,0,6.61816e-05,-0.00123982,1.00228
28,9,0.445312,0.148438,1.00299,0.998009,0.49528,0,1.00486,1.00252,-0.00173936,0,4.77781e-05,-0.00065046,1.00252
29,9,0.460938,0.148438,1.00242,0.998556,0.495039,0,1.00401,1.00271,-0.00198593,0,2.99618e-05,-0.000124007,1.00271
30,9,0.476562,0.148438,1.00189,0.999037,0.494947,0,1.00322,1.00285,-0.00212434,0,1.4151e-05,0.000312624,1.00286
31,9,0.492188,0.148438,1.00141,0.999453,0.49498,0,1.0025,1.00295,-0.00217406,0,1.1539e-06,0.000649567,1.00295
32,9,0.507812,0.148438,1.00099,0.999806,0.495111,0,1.00186,1.00301,-0.00215566,0,-8.72943e-06,0.000889041,1.00301
33,9,0.523438,0.148438,1.00061,1.0001,0.495315,0,1.00128,1.00303,-0.00208855,0,-1.55753e-05,0.00104079,1.00303
34,9,0.539062,0.148438,1.00027,1.00035,0.495569,0,1.00078,1.00302,-0.00198941,0,-1.97005e-05,0.00111813,1.00302
35,9,0.554688,0.148438,0.999985,1.00056,0.495855,0,1.00034,1.00298,-0.00187145,0,-2.15404e-05,0.00113492,1.00299
36,9,0.570312,0.148438,0.999737,1.00073,0.496158,0,0.999964,1.00292,-0.00174442,0,-2.15604e-05,0.00110383,1.00293
37,9,0.585938,0.148438,0.999527,1.00087,0.496468,0,0.999641,1.00284,-0.00161507,0,-2.02007e-05,0.00103578,1.00285
38,9,0.601562,0.148438,0.999352,1.00099,0.496777,0,0.999368,1.00275,-0.00148778,0,-1.78492e-05,0.000939933,1.00275
39,9,0.617188,0.148438,0.999207,1.00109,0.497079,0,0.999138,1.00264,-0.00136519,0,-1.48353e-05,0.000824024,1.00264
40,9,0.632812,0.148438,0.99909,1.00116,0.497371,0,0.998948,1.00252,-0.00124878,0,-1.1433e-05,0.000694703,1.00252
41,9,0.648438,0.148438,0.998997,1.00122,0.49765,0,0.998792,1.00238,-0.00113922,0,-7.86867e-06,0.000557826,1.00238
42,9,0.664062,0.148438,0.998925,1.00126,0.497915,0,0.998665,1.00224,-0.00103671,0,-4.33035e-06,0.000418628,1.00224
43,9,0.679688,0.148438,0.998872,1.00129,0.498165,0,0.998562,1.00209,-0.000941151,0,-9.74744e-07,0.000281845,1.00209
44,9,0.695312,0.148438,0.998833,1.00131,0.498399,0,0.99848,1.00194,-0.000852278,0,2.06641e-06,0.000151772,1.00194
45,9,0.710938,0.148438,0.998807,1.00132,0.498619,0,0.998413,1.00179,-0.000769732,0,4.68133e-06,3.23055e-05,1.00179
46,9,0.726562,0.148438,0.998791,1.00132,0.498823,0,0.99836,1.00163,-0.000693107,0,6.77443e-06,-7.30339e-05,1.00163
47,9,0.742188,0.148438,0.998782,1.00132,0.499014,0,0.998315,1.00147,-0.000621976,0,8.26314e-06,-0.00016109,1.00147
48,9,0.757812,0.148438,0.998779,1.00131,0.499191,0,0.998277,1.00131,-0.000555902,0,9.0743e-06,-0.000229,1.00131
49,9,0.773438,0.148438,0.998779,1.00129,0.499356,0,0.998242,1.00115,-0.00049444,0,9.14016e-06,-0.000274109,1.00115
50,9,0.789062,0.148438,0.99878,1.00128,0.499509,0,0.998208,1.001,-0.00043716,0,8.40058e-06,-0.000294209,1.001
51,9,0.804688,0.148438,0.998781,1.00126,0.499651,0,0.998171,1.00084,-0.000383608,0,6.79109e-06,-0.000286886,1.00084
52,9,0.820312,0.148438,0.998779,1.00125,0.499783,0,0.998131,1.00069,-0.000333315,0,4.24416e-06,-0.000249848,1.00069
53,9,0.835938,0.148438,0.998773,1.00124,0.499905,0,0.998083,1.00055,-0.000285802,0,6.86042e-07,-0.000180881,1.00055
54,9,0.851562,0.148438,0.998761,1.00125,0.500019,0,0.998026,1.0004,-0.000240565,0,-3.97782e-06,-7.71545e-05,1.0004
55,9,0.867188,0.148438,0.99874,1.00126,0.500124,0,0.997955,1.00027,-0.000197055,0,-9.85766e-06,6.44683e-05,1.00027
56,9,0.882812,0.148438,0.998709,1.00129,0.500222,0,0.997867,1.00013,-0.000154671,0,-1.70842e-05,0.000247475,1.00013
57,9,0.898438,0.148438,0.998665,1.00134,0.500313,0,0.997758,1,-0.000112742,0,-2.58119e-05,0.000475886,1
58,9,0.914062,0.148438,0.998605,1.00141,0.500398,0,0.997624,0.999872,-7.04916e-05,0,-3.62197e-05,0.000754259,0.999872
59,9,0.929688,0.148438,0.998527,1.0015,0.500476,0,0.997459,0.999748,-2.69898e-05,0,-4.85072e-05,0.00108758,0.999748
60,9,0.945312,0.148438,0.998427,1.00163,0.500549,0,0.997259,0.999626,1.89212e-05,0,-6.28856e-05,0.00148095,0.999626
61,9,0.960938,0.148438,0.998304,1.0018,0.500617,0,0.997019,0.999507,6.87264e-05,0,-7.95623e-05,0.00193922,0.999507
62,9,0.976562,0.148438,0.998157,1.002,0.500684,0,0.996736,0.99939,0.000124367,0,-9.87185e-05,0.00246633,0.99939
63,9,0.992188,0.148438,0.997983,1.00225,0.50075,0,0.996409,0.999273,0.000188396,0,-0.000120478,0.00306452,0.999273
0,10,0.0078125,0.164062,0.997646,1.00262,0.501072,0,0.995777,0.999142,0.000445743,0,-0.000158319,0.00412191,0.999142
1,10,0.0234375,0.164062,0.997414,1.00295,0.501182,0,0.995342,0.999025,0.000549376,0,-0.000186997,0.00490154,0.999025
2,10,0.0390625,0.164062,0.997169,1.0033,0.501309,0,0.994882,0.998909,0.000675319,0,-0.000217986,0.00573943,0.998909
3,10,0.0546875,0.164062,0.996926,1.00366,0.50146,0,0.994418,0.998792,0.000829383,0,-0.000250725,0.00661915,0.998793
4,10,0.0703125,0.164062,0.996704,1.00401,0.501643,0,0.993984,0.998677,0.00101806,0,-0.000284376,0.00751705,0.998677
5,10,0.0859375,0.164062,0.996528,1.00432,0.501867,0,0.993621,0.998564,0.00124813,0,-0.000317811,0.008402,0.998564
6,10,0.101562,0.164062,0.996428,1.00453,0.502139,0,0.993378,0.998454,0.00152586,0,-0.000349618,0.00923573,0.998455
7,10,0.117188,0.164062,0.996436,1.00463,0.502465,0,0.99331,0.998351,0.00185592,0,-0.000378158,0.00997413,0.998353
8,10,0.132812,0.164062,0.996586,1.00455,0.502846,0,0.993475,0.998258,0.00223979,0,-0.000401638,0.0105688,0.998261
9,10,0.148438,0.164062,0.996906,1.00427,0.503276,0,0.99392,0.998179,0.00267389,0,-0.000418203,0.0109683,0.998182
10,10,0.164062,0.164062,0.997414,1.00376,0.503739,0,0.994679,0.998118,0.00314775,0,-0.000426039,0.0111205,0.998123
11,10,0.179688,0.164062,0.998115,1.00302,0.504211,0,0.995764,0.998083,0.00364241,0,-0.000423516,0.0109766,0.998089
12,10,0.195312,0.164062,0.998997,1.00206,0.504653,0,0.997156,0.998079,0.00412955,0,-0.000409355,0.0104963,0.998088
13,10,0.210938,0.164062,1.00003,1.00091,0.505018,0,0.998805,0.998115,0.00457211,0,-0.000382842,0.0096568,0.998125
14,10,0.226562,0.164062,1.00115,0.999658,0.505254,0,1.00063,0.998196,0.00492682,0,-0.000344082,0.00846327,0.998208
15,10,0.242188,0.164062,1.00231,0.998367,0.50531,0,1.00253,0.99833,0.00514889,0,-0.00029426,0.00695946,0.998343
16,10,0.257812,0.164062,1.00343,0.99713,0.505142,0,1.00439,0.998521,0.00519767,0,-0.000235629,0.005224,0.998534
17,10,0.273438,0.164062,1.00444,0.996033,0.504725,0,1.00609,0.99877,0.00504276,0,-0.000171684,0.00337788,0.998782
18,10,0.289062,0.164062,1.00528,0.995149,0.504062,0,1.00752,0.999074,0.00468101,0,-0.000107635,0.00161606,0.999085
19,10,0.304688,0.164062,1.00589,0.99453,0.50318,0,1.00862,0.999427,0.00412676,0,-4.80014e-05,5.69323e-05,0.999435
20,10,0.320312,0.164062,1.00627,0.994197,0.50213,0,1.00932,0.999816,0.00341505,0,3.01909e-06,-0.00117578,0.999822
21,10,0.335938,0.164062,1.0064,0.994148,0.500977,0,1.00964,1.00023,0.00259678,0,4.24356e-05,-0.00201505,1.00023
22,10,0.351562,0.164062,1.0063,0.994353,0.499796,0,1.00958,1.00065,0.00173025,0,6.88429e-05,-0.0024502,1.00065
23,10,0.367188,0.164062,1.006,0.994764,0.498655,0,1.00921,1.00106,0.000872979,0,8.2438e-05,-0.00251976,1.00106
24,10,0.382812,0.164062,1.00555,0.995326,0.497615,0,1.00859,1.00145,7.49795e-05,0,8.47693e-05,-0.00229788,1.00145
25,10,0.398438,0.164062,1.005,0.995978,0.49672,0,1.00778,1.00181,-0.000625439,0,7.82755e-05,-0.00187504,1.00181
26,10,0.414062,0.164062,1.00438,0.996667,0.495999,0,1.00688,1.00212,-0.00120359,0,6.57738e-05,-0.0013417,1.00212
27,10,0.429688,0.164062,1.00374,0.997348,0.495462,0,1.00593,1.00239,-0.0016484,0,5.00255e-05,-0.000777144,1.00239
28,10,0.445312,0.164062,1.00311,0.997991,0.495108,0,1.00498,1.00261,-0.00196095,0,3.34241e-05,-0.000242963,1.00261
29,10,0.460938,0.164062,1.00251,0.998573,0.494921,0,1.00408,1.00278,-0.00215203,0,1.7813e-05,0.000219454,1.00278
30,10,0.476562,0.164062,1.00196,0.999087,0.494879,0,1.00324,1.0029,-0.00223899,0,4.42024e-06,0.000588167,1.0029
31,10,0.492188,0.164062,1.00145,0.999529,0.494957,0,1.00247,1.00298,-0.00224256,0,-6.10607e-06,0.000857261,1.00298
32,10,0.507812,0.164062,1.001,0.999903,0.495125,0,1.00179,1.00303,-0.00218386,0,-1.35897e-05,0.00103186,1.00303
33,10,0.523438,0.164062,1.0006,1.00022,0.49536,0,1.00119,1.00304,-0.00208223,0,-1.81951e-05,0.0011237,1.00304
34,10,0.539062,0.164062,1.00026,1.00048,0.495639,0,1.00067,1.00302,-0.00195394,0,-2.02956e-05,0.00114736,1.00302
35,10,0.554688,0.164062,0.999959,1.00069,0.495944,0,1.00021,1.00298,-0.00181158,0,-2.03588e-05,0.00111733,1.00298
36,10,0.570312,0.164062,0.999704,1.00087,0.496261,0,0.999827,1.00291,-0.00166428,0,-1.88643e-05,0.00104661,1.00291
37,10,0.585938,0.164062,0.999489,1.00101,0.496581,0,0.999498,1.00283,-0.00151814,0,-1.62537e-05,0.000946079,1.00283
38,10,0.601562,0.164062,0.999311,1.00113,0.496897,0,0.999222,1.00273,-0.00137703,0,-1.29075e-05,0.000824671,1.00273
39,10,0.617188,0.164062,0.999164,1.00122,0.497203,0,0.998992,1.00262,-0.00124314,0,-9.14169e-06,0.000689753,1.00262
40,10,0.632812,0.164062,0.999047,1.0013,0.497496,0,0.998802,1.0025,-0.00111758,0,-5.21303e-06,0.000547501,1.0025
41,10,0.648438,0.164062,0.998954,1.00135,0.497775,0,0.998648,1.00237,-0.00100075,0,-1.32914e-06,0.000403252,1.00237
42,10,0.664062,0.164062,0.998882,1.00139,0.498038,0,0.998524,1.00223,-0.00089262,0,2.3417e-06,0.000261712,1.00223
43,10,0.679688,0.164062,0.998829,1.00142,0.498285,0,0.998425,1.00208,-0.000792885,0,5.66198e-06,0.000127093,1.00208
44,10,0.695312,0.164062,0.998792,1.00143,0.498517,0,0.998346,1.00193,-0.000701116,0,8.51826e-06,3.19262e-06,1.00193
45,10,0.710938,0.164062,0.998766,1.00143,0.498732,0,0.998283,1.00178,-0.0006168,0,1.08158e-05,-0.000106558,1.00178
46,10,0.726562,0.164062,0.998751,1.00143,0.498933,0,0.998233,1.00162,-0.000539389,0,1.24744e-05,-0.000199067,1.00162
47,10,0.742188,0.164062,0.998742,1.00142,0.499119,0,0.998192,1.00146,-0.000468314,0,1.34257e-05,-0.000271571,1.00146
48,10,0.757812,0.164062,0.998738,1.0014,0.499293,0,0.998156,1.0013,-0.000402995,0,1.3609e-05,-0.000321553,1.0013
49,10,0.773438,0.164062,0.998738,1.00139,0.499454,0,0.998123,1.00115,-0.000342835,0,1.29673e-05,-0.000346666,1.00115
50,10,0.789062,0.164062,0.998738,1.00137,0.499604,0,0.998089,1.00099,-0.000287257,0,1.14508e-05,-0.000345006,1.00099
51,10,0.804688,0.164062,0.998736,1.00135,0.499745,0,0.998053,1.00084,-0.000235644,0,9.00339e-06,-0.000314383,1.00084
52,10,0.820312,0.164062,0.998732,1.00134,0.499876,0,0.998012,1.00069,-0.000187363,0,5.56675e-06,-0.000252773,1.00069
53,10,0.835938,0.164062,0.998723,1.00133,0.499999,0,0.997963,1.00054,-0.000141765,0,1.06978e-06,-0.000158106,1.00054
54,10,0.851562,0.164062,0.998707,1.00133,0.500114,0,0.997902,1.0004,-9.81577e-05,0,-4.57745e-06,-2.75357e-05,1.0004
55,10,0.867188,0.164062,0.998682,1.00134,0.500224,0,0.997826,1.00026,-5.58055e-05,0,-1.1481e-05,0.000141826,1.00026
56,10,0.882812,0.164062,0.998646,1.00137,0.500327,0,0.997733,1.00012,-1.39163e-05,0,-1.9771e-05,0.000353482,1.00012
57,10,0.898438,0.164062,0.998596,1.00141,0.500426,0,0.997616,0.999992,2.83767e-05,0,-2.96041e-05,0.000611515,0.999992
58,10,0.914062,0.164062,0.99853,1.00148,0.500521,0,0.997472,0.999864,7.20432e-05,0,-4.11646e-05,0.000920636,0.999864
59,10,0.929688,0.164062,0.998444,1.00158,0.500613,0,0.997296,0.999739,0.000118201,0,-5.46604e-05,0.00128604,0.999739
60,10,0.945312,0.164062,0.998336,1.00171,0.500703,0,0.997082,0.999616,0.000168179,0,-7.03142e-05,0.00171314,0.999616
61,10,0.960938,0.164062,0.998203,1.00188,0.500791,0,0.996826,0.999496,0.000223603,0,-8.83466e-05,0.00220709,0.999496
62,10,0.976562,0.164062,0.998044,1.00208,0.50088,0,0.996524,0.999377,0.00028651,0,-0.000108952,0.00277209,0.999377
63,10,0.992188,0.164062,0.997858,1.00233,0.500973,0,0.996173,0.999259,0.000359472,0,-0.000132265,0.00341054,0.999259
0,11,0.0078125,0.179688,0.997512,1.00274,0.5013,0,0.995524,0.999142,0.000633757,0,-0.000172069,0.00452804,0.999142
1,11,0.0234375,0.179688,0.997262,1.00308,0.501441,0,0.995056,0.999025,0.00074977,0,-0.000202393,0.00535033,0.999025
2,11,0.0390625,0.179688,0.996997,1.00345,0.5016,0,0.994558,0.998909,0.000888927,0,-0.000235043,0.00622995,0.998909
3,11,0.0546875,0.179688,0.996731,1.00383,0.501783,0,0.994053,0.998794,0.00105639,0,-0.000269404,0.0071485,0.998794
4,11,0.0703125,0.179688,0.996483,1.00421,0.501997,0,0.993571,0.99868,0.00125778,0,-0.000304556,0.00807959,0.998681
5,11,0.0859375,0.179688,0.99628,1.00454,0.502249,0,0.993155,0.99857,0.00149875,0,-0.000339254,0.00898861,0.998571
6,11,0.101562,0.179688,0.99615,1.00479,0.502544,0,0.992859,0.998465,0.00178424,0,-0.000371947,0.00983321,0.998467
7,11,0.117188,0.179688,0.996131,1.00492,0.502885,0,0.992739,0.998369,0.0021174,0,-0.000400832,0.010565,0.998371
8,11,0.132812,0.179688,0.996256,1.00487,0.503272,0,0.992856,0.998284,0.00249809,0,-0.000423956,0.0111318,0.998288
9,11,0.148438,0.179688,0.996557,1.00462,0.503696,0,0.993266,0.998217,0.00292105,0,-0.00043934,0.0114802,0.998221
10,11,0.164062,0.179688,0.997058,1.00413,0.504141,0,0.994008,0.998171,0.00337419,0,-0.000445116,0.0115586,0.998176
11,11,0.179688,0.179688,0.997768,1.00339,0.504578,0,0.995102,0.998153,0.00383716,0,-0.000439726,0.0113225,0.99816
12,11,0.195312,0.179688,0.998675,1.00241,0.50497,0,0.996534,0.99817,0.00428067,0,-0.000422115,0.010741,0.998179
13,11,0.210938,0.179688,0.999749,1.00124,0.50527,0,0.998255,0.998227,0.00466743,0,-0.000391951,0.00980361,0.998238
14,11,0.226562,0.179688,1.00094,0.999922,0.505427,0,1.00019,0.998333,0.00495497,0,-0.000349834,0.00853012,0.998345
15,11,0.242188,0.179688,1.00217,0.998557,0.505393,0,1.00221,0.99849,0.00510069,0,-0.00029747,0.00697764,0.998503
16,11,0.257812,0.179688,1.00338,0.997236,0.50513,0,1.00422,0.998702,0.00506738,0,-0.000237477,0.0052304,0.998715
17,11,0.273438,0.179688,1.00448,0.996053,0.504616,0,1.00606,0.998968,0.00482961,0,-0.000173683,0.0034187,0.99898
18,11,0.289062,0.179688,1.00539,0.99509,0.503864,0,1.00763,0.999285,0.00439105,0,-0.000111198,0.00172798,0.999295
19,11,0.304688,0.179688,1.00608,0.994405,0.502908,0,1.00884,0.999645,0.00377175,0,-5.41912e-05,0.00026252,0.999652
20,11,0.320312,0.179688,1.0065,0.994025,0.501802,0,1.00963,1.00003,0.00301178,0,-6.35471e-06,-0.00086933,1.00004
21,11,0.335938,0.179688,1.00666,0.993949,0.500617,0,1.00999,1.00044,0.00216523,0,2.98711e-05,-0.00161567,1.00044
22,11,0.351562,0.179688,1.00657,0.994146,0.499425,0,1.00996,1.00085,0.0012914,0,5.35657e-05,-0.00197782,1.00085
23,11,0.367188,0.179688,1.00627,0.994567,0.498296,0,1.00957,1.00124,0.000446616,0,6.52711e-05,-0.00200155,1.00124
24,11,0.382812,0.179688,1.00581,0.995151,0.497285,0,1.00892,1.00161,-0.00032205,0,6.67037e-05,-0.00176314,1.00161
25,11,0.398438,0.179688,1.00523,0.995835,0.496433,0,1.00807,1.00195,-0.000980361,0,6.03171e-05,-0.00135177,1.00195
26,11,0.414062,0.179688,1.00458,0.996561,0.495762,0,1.00711,1.00224,-0.00150811,0,4.88249e-05,-0.000853763,1.00224
27,11,0.429688,0.179688,1.00391,0.997282,0.49528,0,1.0061,1.00248,-0.0018985,0,3.48088e-05,-0.000342729,1.00248
28,11,0.445312,0.179688,1.00324,0.997963,0.494979,0,1.0051,1.00268,-0.00215632,0,2.04508e-05,0.000125794,1.00268
29,11,0.460938,0.179688,1.00261,0.998581,0.494843,0,1.00414,1.00283,-0.00229515,0,7.38449e-06,0.000516052,1.00283
30,11,0.476562,0.179688,1.00202,0.999126,0.494846,0,1.00325,1.00294,-0.00233425,0,-3.34693e-06,0.000810813,1.00294
31,11,0.492188,0.179688,1.00149,0.999594,0.494961,0,1.00245,1.00301,-0.00229536,0,-1.12423e-05,0.00100774,1.00301
32,11,0.507812,0.179688,1.00102,0.999989,0.495161,0,1.00174,1.00304,-0.00219991,0,-1.62326e-05,0.00111445,1.00304
33,11,0.523438,0.179688,1.00061,1.00032,0.49542,0,1.00111,1.00304,-0.00206706,0,-1.85536e-05,0.00114438,1.00305
34,11,0.539062,0.179688,1.00025,1.00059,0.495718,0,1.00057,1.00302,-0.00191254,0,-1.86206e-05,0.00111301,1.00302
35,11,0.554688,0.179688,0.999942,1.00081,0.496037,0,1.0001,1.00297,-0.00174833,0,-1.69216e-05,0.00103536,1.00297
36,11,0.570312,0.179688,0.99968,1.00099,0.496364,0,0.999709,1.00291,-0.00158286,0,-1.3942e-05,0.000924535,1.00291
37,11,0.585938,0.179688,0.999461,1.00114,0.49669,0,0.999375,1.00282,-0.00142166,0,-1.01194e-05,0.000791367,1.00282
38,11,0.601562,0.179688,0.999279,1.00125,0.497009,0,0.999097,1.00272,-0.00126806,0,-5.82394e-06,0.000644524,1.00272
39,11,0.617188,0.179688,0.99913,1.00135,0.497316,0,0.998868,1.00261,-0.00112387,0,-1.35701e-06,0.000490997,1.00261
40,11,0.632812,0.179688,0.999011,1.00141,0.497608,0,0.998681,1.00249,-0.000989881,0,3.04174e-06,0.000336511,1.00249
41,11,0.648438,0.179688,0.998917,1.00147,0.497885,0,0.998529,1.00236,-0.000866235,0,7.18302e-06,0.000185913,1.00236
42,11,0.664062,0.179688,0.998846,1.0015,0.498145,0,0.998408,1.00222,-0.000752707,0,1.09172e-05,4.34064e-05,1.00222
43,11,0.679688,0.179688,0.998793,1.00152,0.498389,0,0.998313,1.00207,-0.000648849,0,1.4125e-05,-8.72915e-05,1.00207
44,11,0.695312,0.179688,0.998755,1.00153,0.498616,0,0.998238,1.00192,-0.000554093,0,1.67105e-05,-0.000202864,1.00192
45,11,0.710938,0.179688,0.99873,1.00153,0.498827,0,0.998178,1.00177,-0.000467806,0,1.85954e-05,-0.000300334,1.00177
46,11,0.726562,0.179688,0.998714,1.00152,0.499023,0,0.998131,1.00161,-0.00038932,0,1.97147e-05,-0.000377042,1.00161
47,11,0.742188,0.179688,0.998705,1.00151,0.499206,0,0.998092,1.00146,-0.000317944,0,2.00142e-05,-0.000430621,1.00146
48,11,0.757812,0.179688,0.998701,1.00149,0.499375,0,0.998058,1.0013,-0.000252971,0,1.94462e-05,-0.000458929,1.0013
49,11,0.773438,0.179688,0.998699,1.00147,0.499533,0,0.998026,1.00114,-0.000193669,0,1.79654e-05,-0.000459947,1.00114
50,11,0.789062,0.179688,0.998698,1.00145,0.49968,0,0.997994,1.00099,-0.000139318,0,1.5533e-05,-0.000432115,1.00099
51,11,0.804688,0.179688,0.998695,1.00143,0.499818,0,0.997957,1.00084,-8.91468e-05,0,1.21035e-05,-0.000373505,1.00084
52,11,0.820312,0.179688,0.998689,1.00142,0.499949,0,0.997914,1.00069,-4.23654e-05,0,7.62845e-06,-0.000282523,1.00069
53,11,0.835938,0.179688,0.998677,1.00141,0.500072,0,0.997862,1.00054,1.85178e-06,0,2.04014e-06,-0.000156963,1.00054
54,11,0.851562,0.179688,0.998658,1.00141,0.500189,0,0.997797,1.0004,4.438e-05,0,-4.74173e-06,5.56328e-06,1.0004
55,11,0.867188,0.179688,0.998629,1.00142,0.500302,0,0.997716,1.00026,8.61424e-05,0,-1.28181e-05,0.000207841,1.00026
56,11,0.882812,0.179688,0.998588,1.00145,0.500412,0,0.997616,1.00012,0.000128124,0,-2.23155e-05,0.000453268,1.00012
57,11,0.898438,0.179688,0.998532,1.00149,0.500518,0,0.997491,0.999992,0.000171388,0,-3.33897e-05,0.000745896,0.999992
58,11,0.914062,0.179688,0.99846,1.00157,0.500624,0,0.997336,0.999864,0.000217098,0,-4.62262e-05,0.00109047,0.999864
59,11,0.929688,0.179688,0.998367,1.00167,0.500729,0,0.997148,0.999739,0.00026656,0,-6.10366e-05,0.00149227,0.999739
60,11,0.945312,0.179688,0.99825,1.0018,0.500834,0,0.996919,0.999617,0.00032127,0,-7.80496e-05,0.00195684,0.999617
61,11,0.960938,0.179688,0.998108,1.00197,0.500942,0,0.996645,0.999496,0.00038299,0,-9.74934e-05,0.00248949,0.999496
62,11,0.976562,0.179688,0.997938,1.00218,0.501054,0,0.996322,0.999377,0.000453835,0,-0.00011957,0.00309453,0.999377
63,11,0.992188,0.179688,0.997738,1.00244,0.501172,0,0.995948,0.999259,0.000536377,0,-0.000144418,0.00377432,0.999259
0,12,0.0078125,0.195312,0.997381,1.00288,0.501508,0,0.995276,0.999155,0.000826932,0,-0.000186117,0.00494903,0.999156
1,12,0.0234375,0.195312,0.997115,1.00323,0.501679,0,0.994777,0.99904,0.000955705,0,-0.000217943,0.00581169,0.999041
2,12,0.0390625,0.195312,0.996831,1.00362,0.501869,0,0.994243,0.998926,0.00110827,0,-0.000252057,0.00672926,0.998927
3,12,0.0546875,0.195312,0.996543,1.00403,0.502084,0,0.993696,0.998813,0.00128906,0,-0.000287791,0.00768145,0.998814
4,12,0.0703125,0.195312,0.996272,1.00442,0.502328,0,0.99317,0.998703,0.00150272,0,-0.00032415,0.00863935,0.998705
5,12,0.0859375,0.195312,0.996043,1.00478,0.502605,0,0.992707,0.998598,0.0017537,0,-0.00035979,0.00956518,0.998599
6,12,0.101562,0.195312,0.995888,1.00506,0.502921,0,0.992361,0.998499,0.00204551,0,-0.000393038,0.010413,0.998501
7,12,0.117188,0.195312,0.995843,1.00522,0.503274,0,0.992195,0.998411,0.00237971,0,-0.000421955,0.0111307,0.998414
8,12,0.132812,0.195312,0.995947,1.00521,0.503663,0,0.992272,0.998337,0.00275448,0,-0.000444455,0.011663,0.998341
9,12,0.148438,0.195312,0.996235,1.00498,0.504077,0,0.992653,0.998282,0.00316294,0,-0.00045846,0.0119552,0.998287
10,12,0.164062,0.195312,0.996733,1.00451,0.504497,0,0.993385,0.998251,0.00359154,0,-0.000462085,0.011957,0.998258
11,12,0.179688,0.195312,0.997453,1.00376,0.504895,0,0.994493,0.998251,0.00401882,0,-0.000453865,0.0116292,0.998259
12,12,0.195312,0.195312,0.998388,1.00276,0.505233,0,0.995967,0.998288,0.00441499,0,-0.000432995,0.0109504,0.998298
13,12,0.210938,0.195312,0.999509,1.00155,0.505465,0,0.997763,0.998367,0.00474306,0,-0.000399538,0.0099237,0.998379
14,12,0.226562,0.195312,1.00076,1.00017,0.505543,0,0.999797,0.998494,0.00496201,0,-0.000354586,0.00858313,0.998507
15,12,0.242188,0.195312,1.00207,0.998734,0.505422,0,1.00195,0.998673,0.00503195,0,-0.000300334,0.00699843,0.998685
16,12,0.257812,0.195312,1.00336,0.997329,0.505069,0,1.00409,0.998903,0.00491929,0,-0.000239716,0.00525756,0.998915
17,12,0.273438,0.195312,1.00454,0.996062,0.504468,0,1.00607,0.999183,0.00460369,0,-0.000176808,0.00349867,0.999194
18,12,0.289062,0.195312,1.00553,0.995023,0.503641,0,1.00777,0.999509,0.00409518,0,-0.000116479,0.00189163,0.999517
19,12,0.304688,0.195312,1.00628,0.994275,0.502624,0,1.00907,0.99987,0.00341877,0,-6.24759e-05,0.000526563,0.999876
20,12,0.320312,0.195312,1.00675,0.993851,0.501477,0,1.00994,1.00026,0.00261863,0,-1.79266e-05,-0.000505293,1.00026
21,12,0.335938,0.195312,1.00693,0.993749,0.500273,0,1.01034,1.00065,0.00175121,0,1.52847e-05,-0.00116666,1.00065
22,12,0.351562,0.195312,1.00685,0.99394,0.499084,0,1.01032,1.00104,0.000876102,0,3.66807e-05,-0.00146914,1.00104
23,12,0.367188,0.195312,1.00655,0.99437,0.497975,0,1.00992,1.00142,4.80456e-05,0,4.70766e-05,-0.00146365,1.00142
24,12,0.382812,0.195312,1.00606,0.994976,0.497,0,1.00923,1.00177,-0.000688985,0,4.82733e-05,-0.00122633,1.00177
25,12,0.398438,0.195312,1.00546,0.995691,0.496193,0,1.00834,1.00208,-0.00130472,0,4.26597e-05,-0.000843102,1.00208
26,12,0.414062,0.195312,1.00478,0.996453,0.495574,0,1.00733,1.00235,-0.00178318,0,3.27839e-05,-0.000394947,1.00235
27,12,0.429688,0.195312,1.00407,0.997211,0.495144,0,1.00626,1.00257,-0.00212149,0,2.10096e-05,5.07886e-05,1.00257
28,12,0.445312,0.195312,1.00337,0.997929,0.494893,0,1.00521,1.00275,-0.00232772,0,9.29006e-06,0.000444707,1.00275
29,12,0.460938,0.195312,1.00271,0.998581,0.494802,0,1.0042,1.00288,-0.00241792,0,-9.508e-07,0.000756442,1.00289
30,12,0.476562,0.195312,1.0021,0.999155,0.494844,0,1.00327,1.00298,-0.00241291,0,-8.84199e-06,0.000973027,1.00298
31,12,0.492188,0.195312,1.00155,0.999648,0.494991,0,1.00243,1.00303,-0.00233524,0,-1.40108e-05,0.00109519,1.00304
32,12,0.507812,0.195312,1.00106,1.00006,0.495216,0,1.00169,1.00306,-0.00220646,0,-1.64747e-05,0.00113261,1.00306
33,12,0.523438,0.195312,1.00063,1.00041,0.495495,0,1.00105,1.00305,-0.00204544,0,-1.65215e-05,0.00109997,1.00306
34,12,0.539062,0.195312,1.00025,1.00069,0.495806,0,1.00049,1.00303,-0.00186735,0,-1.45923e-05,0.00101344,1.00303
35,12,0.554688,0.195312,0.999936,1.00092,0.496134,0,1.00001,1.00297,-0.00168351,0,-1.11835e-05,0.000888289,1.00298
36,12,0.570312,0.195312,0.999667,1.0011,0.496467,0,0.999611,1.0029,-0.0015017,0,-6.77829e-06,0.000737705,1.00291
37,12,0.585938,0.195312,0.999442,1.00125,0.496796,0,0.999274,1.00282,-0.00132687,0,-1.8057e-06,0.000572381,1.00282
38,12,0.601562,0.195312,0.999256,1.00136,0.497115,0,0.998996,1.00272,-0.00116189,0,3.37651e-06,0.000400727,1.00272
39,12,0.617188,0.195312,0.999105,1.00145,0.497421,0,0.998767,1.00261,-0.00100819,0,8.48165e-06,0.000229384,1.00261
40,12,0.632812,0.195312,0.998983,1.00152,0.497711,0,0.998582,1.00248,-0.000866292,0,1.32861e-05,6.36618e-05,1.00248
41,12,0.648438,0.195312,0.998888,1.00157,0.497984,0,0.998434,1.00235,-0.000736143,0,1.76173e-05,-9.20412e-05,1.00235
42,12,0.664062,0.195312,0.998816,1.0016,0.49824,0,0.998316,1.00221,-0.000617361,0,2.13425e-05,-0.000233985,1.00221
43,12,0.679688,0.195312,0.998762,1.00162,0.498479,0,0.998223,1.00207,-0.000509377,0,2.43591e-05,-0.00035891,1.00207
44,12,0.695312,0.195312,0.998723,1.00162,0.498702,0,0.998151,1.00192,-0.000411518,0,2.6587e-05,-0.000463954,1.00192
45,12,0.710938,0.195312,0.998697,1.00162,0.498908,0,0.998095,1.00177,-0.000323056,0,2.79635e-05,-0.00054658,1.00177
46,12,0.726562,0.195312,0.998681,1.00161,0.4991,0,0.99805,1.00161,-0.000243222,0,2.84385e-05,-0.000604551,1.00161
47,12,0.742188,0.195312,0.998671,1.00159,0.499278,0,0.998013,1.00145,-0.000171223,0,2.79717e-05,-0.000635908,1.00145
48,12,0.757812,0.195312,0.998666,1.00157,0.499443,0,0.99798,1.0013,-0.000106235,0,2.65287e-05,-0.000638897,1.0013
49,12,0.773438,0.195312,0.998663,1.00155,0.499597,0,0.997948,1.00114,-4.73965e-05,0,2.40767e-05,-0.000611854,1.00114
50,12,0.789062,0.195312,0.99866,1.00153,0.499742,0,0.997915,1.00099,6.14562e-06,0,2.05889e-05,-0.000553588,1.00099
51,12,0.804688,0.195312,0.998656,1.00151,0.499878,0,0.997878,1.00083,5.53121e-05,0,1.6033e-05,-0.000462546,1.00083
52,12,0.820312,0.195312,0.998647,1.00149,0.500007,0,0.997832,1.00069,0.000101052,0,1.03678e-05,-0.0003374,1.00069
53,12,0.835938,0.195312,0.998633,1.00148,0.50013,0,0.997776,1.00054,0.000144368,0,3.53559e-06,-0.000176105,1.00054
54,12,0.851562,0.195312,0.99861,1.00148,0.500249,0,0.997707,1.0004,0.000186318,0,-4.53368e-06,2.33119e-05,1.0004
55,12,0.867188,0.195312,0.998578,1.0015,0.500365,0,0.997619,1.00026,0.000228012,0,-1.39332e-05,0.000263457,1.00026
56,12,0.882812,0.195312,0.998532,1.00153,0.50048,0,0.997511,1.00013,0.00027063,0,-2.47833e-05,0.00054754,1.00013
57,12,0.898438,0.195312,0.998472,1.00158,0.500594,0,0.997376,0.999997,0.00031543,0,-3.72346e-05,0.000879481,0.999997
58,12,0.914062,0.195312,0.998393,1.00166,0.50071,0,0.997211,0.99987,0.000363772,0,-5.14695e-05,0.00126393,0.99987
59,12,0.929688,0.195312,0.998292,1.00176,0.500827,0,0.997008,0.999746,0.000417145,0,-6.76983e-05,0.00170612,0.999746
60,12,0.945312,0.195312,0.998168,1.0019,0.500949,0,0.996764,0.999625,0.000477209,0,-8.61494e-05,0.00221155,0.999625
61,12,0.960938,0.195312,0.998016,1.00208,0.501076,0,0.996472,0.999506,0.00054585,0,-0.000107052,0.00278551,0.999506
62,12,0.976562,0.195312,0.997835,1.0023,0.50121,0,0.996128,0.999388,0.000625245,0,-0.000130609,0.00343222,0.999388
63,12,0.992188,0.195312,0.997623,1.00257,0.501353,0,0.995729,0.999271,0.000717942,0,-0.000156956,0.00415382,0.999271
0,13,0.0078125,0.210938,0.997254,1.00304,0.5017,0,0.995032,0.999181,0.00102374,0,-0.00020042,0.00538102,0.999182
1,13,0.0234375,0.210938,0.996971,1.00341,0.5019,0,0.994501,0.99907,0.00116551,0,-0.000233578,0.00628082,0.99907
2,13,0.0390625,0.210938,0.996669,1.00382,0.50212,0,0.993933,0.998959,0.00133153,0,-0.000268921,0.00723157,0.99896
3,13,0.0546875,0.210938,0.996362,1.00424,0.502364,0,0.993348,0.998851,0.00152542,0,-0.000305738,0.00821121,0.998852
4,13,0.0703125,0.210938,0.99607,1.00466,0.502635,0,0.992781,0.998747,0.00175079,0,-0.000342968,0.00918854,0.998748
5,13,0.0859375,0.210938,0.995818,1.00505,0.502936,0,0.992276,0.998648,0.00201079,0,-0.000379185,0.0101231,0.99865
6,13,0.101562,0.210938,0.995641,1.00536,0.503268,0,0.991888,0.998557,0.00230743,0,-0.000412617,0.0109658,0.99856
7,13,0.117188,0.210938,0.995576,1.00554,0.50363,0,0.991682,0.998479,0.00264061,0,-0.00044122,0.0116617,0.998482
8,13,0.132812,0.210938,0.995664,1.00556,0.504017,0,0.991726,0.998416,0.00300684,0,-0.000462809,0.0121532,0.998421
9,13,0.148438,0.210938,0.995942,1.00535,0.504415,0,0.992086,0.998375,0.00339768,0,-0.000475244,0.0123849,0.998381
10,13,0.164062,0.210938,0.996441,1.00488,0.504806,0,0.992815,0.99836,0.0037983,0,-0.000476654,0.0123089,0.998368
11,13,0.179688,0.210938,0.997175,1.00413,0.50516,0,0.993942,0.998379,0.00418645,0,-0.000465701,0.011892,0.998387
12,13,0.195312,0.210938,0.99814,1.00311,0.50544,0,0.995463,0.998435,0.00453227,0,-0.000441848,0.0111231,0.998445
13,13,0.210938,0.210938,0.999307,1.00185,0.505603,0,0.997334,0.998535,0.00479967,0,-0.000405556,0.0100186,0.998547
14,13,0.226562,0.210938,1.00062,1.00041,0.505601,0,0.999468,0.998682,0.00494962,0,-0.000358394,0.00862668,0.998695
15,13,0.242188,0.210938,1.00201,0.998899,0.505397,0,1.00174,0.998879,0.00494539,0,-0.000302995,0.00702805,0.998891
16,13,0.257812,0.210938,1.00337,0.997414,0.504962,0,1.00401,0.999124,0.00475716,0,-0.000242546,0.00531316,0.999135
17,13,0.273438,0.210938,1.00463,0.996067,0.504285,0,1.00612,0.999415,0.00436964,0,-0.000181253,0.00362414,0.999424
18,13,0.289062,0.210938,1.00569,0.994956,0.503395,0,1.00792,0.999744,0.00379857,0,-0.000123616,0.00211093,0.999751
19,13,0.304688,0.210938,1.00649,0.99415,0.502333,0,1.00931,1.0001,0.00307307,0,-7.289e-05,0.000849307,1.00011
20,13,0.320312,0.210938,1.00699,0.993685,0.50116,0,1.01024,1.00048,0.00224052,0,-3.16044e-05,-8.74826e-05,1.00048
21,13,0.335938,0.210938,1.0072,0.99356,0.49995,0,1.01068,1.00086,0.00135888,0,-1.1027e-06,-0.000675647,1.00086
22,13,0.351562,0.210938,1.00713,0.993744,0.498774,0,1.01066,1.00124,0.000487491,0,1.85207e-05,-0.000934878,1.00124
23,13,0.367188,0.210938,1.00681,0.994183,0.497694,0,1.01025,1.00159,-0.000320814,0,2.82686e-05,-0.000918713,1.00159
24,13,0.382812,0.210938,1.00631,0.994809,0.49676,0,1.00953,1.00192,-0.00102514,0,2.99385e-05,-0.000700952,1.00192
25,13,0.398438,0.210938,1.00568,0.995551,0.496001,0,1.00859,1.0022,-0.00159898,0,2.57761e-05,-0.000362405,1.00221
26,13,0.414062,0.210938,1.00497,0.996345,0.495432,0,1.00753,1.00245,-0.00203019,0,1.81074e-05,2.22934e-05,1.00245
27,13,0.429688,0.210938,1.00424,0.997138,0.495052,0,1.00642,1.00266,-0.00231944,0,9.04649e-06,0.000392405,1.00266
28,13,0.445312,0.210938,1.00351,0.997889,0.494847,0,1.00531,1.00282,-0.00247769,0,3.0816e-07,0.000704539,1.00282
29,13,0.460938,0.210938,1.00282,0.998572,0.494796,0,1.00426,1.00294,-0.00252309,0,-6.88614e-06,0.00093327,1.00294
30,13,0.476562,0.210938,1.00218,0.999174,0.494871,0,1.0033,1.00302,-0.00247776,0,-1.182e-05,0.00106929,1.00302
31,13,0.492188,0.210938,1.00161,0.999691,0.495045,0,1.00243,1.00306,-0.00236484,0,-1.42263e-05,0.00111581,1.00307
32,13,0.507812,0.210938,1.0011,1.00012,0.495291,0,1.00166,1.00308,-0.00220591,0,-1.41853e-05,0.00108403,1.00308
33,13,0.523438,0.210938,1.00065,1.00048,0.495584,0,1.001,1.00307,-0.00201946,0,-1.20156e-05,0.000989454,1.00307
34,13,0.539062,0.210938,1.00027,1.00078,0.495904,0,1.00043,1.00304,-0.00182012,0,-8.16753e-06,0.000848643,1.00304
35,13,0.554688,0.210938,0.999943,1.00101,0.496238,0,0.999941,1.00298,-0.00161854,0,-3.13382e-06,0.000676986,1.00298
36,13,0.570312,0.210938,0.999666,1.0012,0.496572,0,0.999534,1.00291,-0.00142188,0,2.61229e-06,0.000487625,1.00291
37,13,0.585938,0.210938,0.999435,1.00135,0.496901,0,0.999195,1.00282,-0.00123458,0,8.65397e-06,0.000291123,1.00282
38,13,0.601562,0.210938,0.999244,1.00146,0.497218,0,0.998916,1.00272,-0.00105907,0,1.46468e-05,9.56562e-05,1.00272
39,13,0.617188,0.210938,0.999088,1.00155,0.497521,0,0.998689,1.00261,-0.000896469,0,2.03177e-05,-9.24348e-05,1.00261
40,13,0.632812,0.210938,0.998964,1.00161,0.497807,0,0.998505,1.00248,-0.000747058,0,2.54572e-05,-0.000268199,1.00248
41,13,0.648438,0.210938,0.998866,1.00165,0.498076,0,0.998359,1.00235,-0.000610624,0,2.99069e-05,-0.000427628,1.00235
42,13,0.664062,0.210938,0.998791,1.00168,0.498327,0,0.998244,1.00221,-0.000486667,0,3.35485e-05,-0.000567391,1.00221
43,13,0.679688,0.210938,0.998735,1.0017,0.498561,0,0.998154,1.00207,-0.000374527,0,3.62937e-05,-0.000684649,1.00207
44,13,0.695312,0.210938,0.998695,1.0017,0.498778,0,0.998084,1.00192,-0.000273453,0,3.8077e-05,-0.00077696,1.00192
45,13,0.710938,0.210938,0.998667,1.00169,0.49898,0,0.998029,1.00176,-0.000182638,0,3.88496e-05,-0.000842207,1.00176
46,13,0.726562,0.210938,0.998649,1.00168,0.499167,0,0.997986,1.00161,-0.000101232,0,3.85757e-05,-0.000878571,1.00161
47,13,0.742188,0.210938,0.998638,1.00166,0.49934,0,0.997949,1.00145,-2.83456e-05,0,3.72287e-05,-0.000884505,1.00145
48,13,0.757812,0.210938,0.998631,1.00164,0.499502,0,0.997917,1.00129,3.6951e-05,0,3.4788e-05,-0.000858656,1.00129
49,13,0.773438,0.210938,0.998627,1.00161,0.499653,0,0.997885,1.00114,9.56456e-05,0,3.12338e-05,-0.000799745,1.00114
50,13,0.789062,0.210938,0.998623,1.00159,0.499794,0,0.99785,1.00099,0.000148721,0,2.65524e-05,-0.000706966,1.00099
51,13,0.804688,0.210938,0.998616,1.00157,0.499928,0,0.99781,1.00083,0.000197244,0,2.0726e-05,-0.000579275,1.00083
52,13,0.820312,0.210938,0.998605,1.00156,0.500056,0,0.997762,1.00069,0.000242327,0,1.37209e-05,-0.000415384,1.00069
53,13,0.835938,0.210938,0.998588,1.00155,0.500179,0,0.997701,1.00054,0.000285152,0,5.49413e-06,-0.000213813,1.00054
54,13,0.851562,0.210938,0.998563,1.00156,0.5003,0,0.997626,1.0004,0.000326954,0,-4.01334e-06,2.71376e-05,1.0004
55,13,0.867188,0.210938,0.998527,1.00157,0.500419,0,0.997531,1.00027,0.000369036,0,-1.48842e-05,0.000309779,1.00027
56,13,0.882812,0.210938,0.998477,1.00161,0.500538,0,0.997414,1.00013,0.000412768,0,-2.7229e-05,0.000637051,1.00013
57,13,0.898438,0.210938,0.998411,1.00167,0.50066,0,0.997269,1.00001,0.000459608,0,-4.11896e-05,0.00101264,1.00001
58,13,0.914062,0.210938,0.998326,1.00175,0.500784,0,0.99709,0.99988,0.000511104,0,-5.69405e-05,0.00144097,0.999881
59,13,0.929688,0.210938,0.998219,1.00186,0.500914,0,0.996874,0.999759,0.000568926,0,-7.46847e-05,0.00192706,0.999759
60,13,0.945312,0.210938,0.998087,1.00201,0.501051,0,0.996613,0.99964,0.00063489,0,-9.46441e-05,0.00247623,0.99964
61,13,0.960938,0.210938,0.997925,1.0022,0.501195,0,0.996301,0.999523,0.00071099,0,-0.000117041,0.00309352,0.999523
62,13,0.976562,0.210938,0.997733,1.00243,0.501351,0,0.995935,0.999408,0.000799451,0,-0.000142072,0.00378287,0.999408
63,13,0.992188,0.210938,0.997509,1.00271,0.501518,0,0.995512,0.999294,0.000902765,0,-0.000169862,0.004546,0.999294
0,14,0.0078125,0.226562,0.997127,1.00322,0.501879,0,0.994788,0.999219,0.00122244,0,-0.000214903,0.00581922,0.99922
1,14,0.0234375,0.226562,0.996829,1.00361,0.502105,0,0.994227,0.999113,0.00137728,0,-0.00024919,0.00675198,0.999114
2,14,0.0390625,0.226562,0.996512,1.00403,0.502353,0,0.993627,0.999009,0.00155661,0,-0.000285499,0.00773015,0.99901
3,14,0.0546875,0.226562,0.996187,1.00448,0.502623,0,0.993008,0.998907,0.00176322,0,-0.000323074,0.00873005,0.998909
4,14,0.0703125,0.226562,0.995877,1.00493,0.502919,0,0.992405,0.99881,0.00199958,0,-0.000360803,0.00971853,0.998812
5,14,0.0859375,0.226562,0.995607,1.00534,0.50324,0,0.991864,0.99872,0.0022675,0,-0.000397196,0.0106529,0.998722
6,14,0.101562,0.226562,0.995412,1.00567,0.503585,0,0.991441,0.998639,0.00256742,0,-0.000430412,0.0114817,0.998643
7,14,0.117188,0.226562,0.995331,1.00588,0.503952,0,0.991204,0.998572,0.00289757,0,-0.000458333,0.012148,0.998576
8,14,0.132812,0.226562,0.995408,1.00591,0.504331,0,0.991224,0.998523,0.00325281,0,-0.000478715,0.0125926,0.998528
9,14,0.148438,0.226562,0.995681,1.00571,0.50471,0,0.991571,0.998497,0.00362322,0,-0.000489397,0.0127606,0.998503
10,14,0.164062,0.226562,0.996185,1.00525,0.505066,0,0.992304,0.998499,0.0039929,0,-0.000488562,0.0126074,0.998507
11,14,0.179688,0.226562,0.996937,1.00449,0.505372,0,0.993456,0.998536,0.00433912,0,-0.000475032,0.0121066,0.998545
12,14,0.195312,0.226562,0.997933,1.00344,0.505591,0,0.995027,0.998611,0.00463243,0,-0.000448552,0.0112575,0.998622
13,14,0.210938,0.226562,0.999146,1.00213,0.505682,0,0.996971,0.998731,0.00483815,0,-0.000409978,0.0100896,0.998742
14,14,0.226562,0.226562,1.00052,1.00064,0.505604,0,0.9992,0.998896,0.00491977,0,-0.00036132,0.00866471,0.998908
15,14,0.242188,0.226562,1.00197,0.999056,0.505322,0,1.00158,0.999108,0.00484407,0,-0.00030558,0.00707183,0.999119
16,14,0.257812,0.226562,1.00341,0.997495,0.504812,0,1.00397,0.999364,0.00458505,0,-0.000246125,0.00540325,0.999375
17,14,0.273438,0.226562,1.00473,0.996074,0.504072,0,1.00618,0.999661,0.00413226,0,-0.000187147,0.00379923,0.99967
18,14,0.289062,0.226562,1.00585,0.994898,0.503133,0,1.00808,0.99999,0.00350635,0,-0.000132661,0.00238723,0.999997
19,14,0.304688,0.226562,1.00669,0.99404,0.502039,0,1.00955,1.00034,0.00273972,0,-8.53805e-05,0.00122844,1.00035
20,14,0.320312,0.226562,1.00723,0.993537,0.500855,0,1.01052,1.00071,0.00188197,0,-4.7218e-05,0.000378072,1.00071
21,14,0.335938,0.226562,1.00746,0.993391,0.499651,0,1.01098,1.00107,0.000991876,0,-1.90135e-05,-0.000151855,1.00107
22,14,0.351562,0.226562,1.00739,0.993569,0.498498,0,1.01097,1.00143,0.000128035,0,-5.53478e-07,-0.000386538,1.00143
23,14,0.367188,0.226562,1.00707,0.994013,0.497454,0,1.01054,1.00176,-0.00065874,0,9.25926e-06,-0.000379431,1.00176
24,14,0.382812,0.226562,1.00655,0.994655,0.496563,0,1.0098,1.00206,-0.0013305,0,1.21297e-05,-0.000199829,1.00206
25,14,0.398438,0.226562,1.0059,0.99542,0.495853,0,1.00882,1.00233,-0.00186415,0,1.00866e-05,7.81783e-05,1.00233
26,14,0.414062,0.226562,1.00517,0.996242,0.495334,0,1.00772,1.00255,-0.002251,0,5.1842e-06,0.000387114,1.00256
27,14,0.429688,0.226562,1.00441,0.997065,0.495,0,1.00656,1.00274,-0.00249479,0,-7.37657e-07,0.000672964,1.00274
28,14,0.445312,0.226562,1.00366,0.997845,0.494837,0,1.00542,1.00288,-0.00260897,0,-6.20596e-06,0.000898009,1.00289
29,14,0.460938,0.226562,1.00294,0.998557,0.494822,0,1.00433,1.00299,-0.00261348,0,-1.01894e-05,0.00104114,1.00299
30,14,0.476562,0.226562,1.00228,0.999184,0.494926,0,1.00333,1.00306,-0.00253151,0,-1.21047e-05,0.00109602,1.00306
31,14,0.492188,0.226562,1.00169,0.999721,0.495122,0,1.00244,1.0031,-0.00238663,0,-1.17642e-05,0.00106763,1.0031
32,14,0.507812,0.226562,1.00116,1.00017,0.495383,0,1.00165,1.00311,-0.00220038,0,-9.28566e-06,0.000968109,1.00311
33,14,0.523438,0.226562,1.0007,1.00054,0.495686,0,1.00097,1.00309,-0.00199089,0,-4.99675e-06,0.000813371,1.0031
34,14,0.539062,0.226562,1.0003,1.00085,0.496012,0,1.00038,1.00306,-0.00177222,0,6.60211e-07,0.000620082,1.00306
35,14,0.554688,0.226562,0.999964,1.00109,0.496348,0,0.999892,1.003,-0.00155443,0,7.20799e-06,0.00040359,1.003
36,14,0.570312,0.226562,0.999678,1.00128,0.496682,0,0.99948,1.00292,-0.00134413,0,1.41901e-05,0.000176957,1.00292
37,14,0.585938,0.226562,0.99944,1.00143,0.497008,0,0.999139,1.00283,-0.00114524,0,2.12048e-05,-4.93721e-05,1.00283
38,14,0.601562,0.226562,0.999243,1.00154,0.497321,0,0.998859,1.00273,-0.000959838,0,2.79211e-05,-0.000267391,1.00273
39,14,0.617188,0.226562,0.999082,1.00162,0.497619,0,0.998632,1.00261,-0.000788769,0,3.40777e-05,-0.000470985,1.00261
40,14,0.632812,0.226562,0.998953,1.00169,0.497901,0,0.99845,1.00249,-0.000632122,0,3.94763e-05,-0.000655479,1.00249
41,14,0.648438,0.226562,0.998851,1.00173,0.498164,0,0.998305,1.00236,-0.000489552,0,4.39698e-05,-0.000817182,1.00236
42,14,0.664062,0.226562,0.998772,1.00175,0.49841,0,0.998192,1.00221,-0.000360471,0,4.74511e-05,-0.000953115,1.00221
43,14,0.679688,0.226562,0.998713,1.00176,0.498639,0,0.998103,1.00207,-0.000244151,0,4.98439e-05,-0.00106081,1.00207
44,14,0.695312,0.226562,0.99867,1.00176,0.498851,0,0.998034,1.00192,-0.000139782,0,5.10949e-05,-0.0011382,1.00192
45,14,0.710938,0.226562,0.998639,1.00175,0.499048,0,0.99798,1.00176,-4.6491e-05,0,5.11684e-05,-0.00118359,1.00176
46,14,0.726562,0.226562,0.998619,1.00174,0.49923,0,0.997936,1.0016,3.66454e-05,0,5.00418e-05,-0.00119555,1.0016
47,14,0.742188,0.226562,0.998605,1.00172,0.499399,0,0.9979,1.00145,0.000110604,0,4.77022e-05,-0.00117297,1.00145
48,14,0.757812,0.226562,0.998597,1.00169,0.499556,0,0.997866,1.00129,0.000176418,0,4.41427e-05,-0.00111491,1.00129
49,14,0.773438,0.226562,0.99859,1.00167,0.499704,0,0.997833,1.00114,0.000235198,0,3.93578e-05,-0.00102051,1.00114
50,14,0.789062,0.226562,0.998584,1.00165,0.499842,0,0.997796,1.00098,0.000288059,0,3.33479e-05,-0.000889371,1.00098
51,14,0.804688,0.226562,0.998575,1.00163,0.499974,0,0.997752,1.00083,0.000336211,0,2.61093e-05,-0.000720985,1.00083
52,14,0.820312,0.226562,0.998562,1.00162,0.500101,0,0.997699,1.00068,0.000380939,0,1.762e-05,-0.000514157,1.00068
53,14,0.835938,0.226562,0.998543,1.00162,0.500224,0,0.997633,1.00054,0.000423597,0,7.85282e-06,-0.000268062,1.00054
54,14,0.851562,0.226562,0.998514,1.00163,0.500345,0,0.997551,1.0004,0.000465604,0,-3.23804e-06,1.86956e-05,1.0004
55,14,0.867188,0.226562,0.998474,1.00165,0.500467,0,0.997448,1.00027,0.000508449,0,-1.57219e-05,0.000348054,1.00027
56,14,0.882812,0.226562,0.99842,1.00169,0.500591,0,0.997321,1.00014,0.000553697,0,-2.96963e-05,0.000722597,1.00014
57,14,0.898438,0.226562,0.99835,1.00176,0.500719,0,0.997164,1.00001,0.000602997,0,-4.52901e-05,0.00114567,1.00001
58,14,0.914062,0.226562,0.998259,1.00185,0.500852,0,0.996972,0.999893,0.000658087,0,-6.26649e-05,0.00162133,0.999893
59,14,0.929688,0.226562,0.998145,1.00197,0.500994,0,0.99674,0.999775,0.000720806,0,-8.20104e-05,0.00215426,0.999775
60,14,0.945312,0.226562,0.998004,1.00213,0.501144,0,0.996462,0.99966,0.000793113,0,-0.000103535,0.00274938,0.99966
61,14,0.960938,0.226562,0.997834,1.00233,0.501306,0,0.996131,0.999547,0.000877099,0,-0.000127448,0.00341131,0.999547
62,14,0.976562,0.226562,0.997631,1.00258,0.501481,0,0.995743,0.999436,0.000975011,0,-0.000153927,0.00414349,0.999437
63,14,0.992188,0.226562,0.997395,1.00288,0.501671,0,0.995295,0.999327,0.00108926,0,-0.000183083,0.00494702,0.999327
0,15,0.0078125,0.242188,0.997,1.00342,0.502046,0,0.994542,0.999268,0.00142112,0,-0.00022945,0.00625818,0.999269
1,15,0.0234375,0.242188,0.996689,1.00383,0.502297,0,0.993954,0.999169,0.0015889,0,-0.00026464,0.00721873,0.99917
2,15,0.0390625,0.242188,0.996358,1.00427,0.50257,0,0.993324,0.999073,0.00178122,0,-0.000301622,0.00821761,0.999075
3,15,0.0546875,0.242188,0.996018,1.00474,0.502865,0,0.992675,0.99898,0.00199995,0,-0.000339604,0.0092297,0.998982
4,15,0.0703125,0.242188,0.995693,1.00521,0.503181,0,0.992042,0.998893,0.00224643,0,-0.000377433,0.0102203,0.998896
5,15,0.0859375,0.242188,0.995408,1.00564,0.503518,0,0.991471,0.998814,0.00252105,0,-0.000413578,0.0111449,0.998817
6,15,0.101562,0.242188,0.9952,1.006,0.503873,0,0.991021,0.998745,0.00282267,0,-0.000446156,0.0119508,0.998749
7,15,0.117188,0.242188,0.99511,1.00622,0.504239,0,0.990761,0.998692,0.00314786,0,-0.000473016,0.0125796,0.998697
8,15,0.132812,0.242188,0.99518,1.00627,0.504606,0,0.990767,0.998657,0.00348986,0,-0.000491897,0.0129719,0.998663
9,15,0.148438,0.242188,0.995454,1.00608,0.504959,0,0.991111,0.998647,0.00383741,0,-0.000500661,0.0130743,0.998655
10,15,0.164062,0.242188,0.995967,1.00561,0.505277,0,0.991856,0.998667,0.00417374,0,-0.000497588,0.0128462,0.998676
11,15,0.179688,0.242188,0.996739,1.00483,0.505531,0,0.993039,0.998722,0.00447599,0,-0.000481692,0.0122688,0.998732
12,15,0.195312,0.242188,0.997768,1.00375,0.505686,0,0.99466,0.998816,0.00471554,0,-0.000453014,0.011352,0.998827
13,15,0.210938,0.242188,0.999025,1.0024,0.505706,0,0.996675,0.998953,0.00485963,0,-0.000412789,0.0101381,0.998965
14,15,0.226562,0.242188,1.00045,1.00086,0.505554,0,0.998991,0.999134,0.00487472,0,-0.00036342,0.00870051,0.999146
15,15,0.242188,0.242188,1.00196,0.999207,0.5052,0,1.00147,0.999358,0.00473132,0,-0.000308185,0.00713416,0.99937
16,15,0.257812,0.242188,1.00346,0.997577,0.504626,0,1.00395,0.999623,0.00440719,0,-0.00025054,0.00553126,0.999632
17,15,0.273438,0.242188,1.00484,0.996091,0.503834,0,1.00626,0.999921,0.00389639,0,-0.000194527,0.00402542,0.999929
18,15,0.289062,0.242188,1.00601,0.994858,0.50286,0,1.00824,1.00025,0.00322356,0,-0.000143572,0.00271906,1.00025
19,15,0.304688,0.242188,1.00689,0.993953,0.501749,0,1.00977,1.00059,0.00242345,0,-9.9802e-05,0.00165911,1.00059
20,15,0.320312,0.242188,1.00746,0.993417,0.500566,0,1.01078,1.00094,0.00154703,0,-6.45235e-05,0.000883378,1.00094
21,15,0.335938,0.242188,1.0077,0.993251,0.49938,0,1.01126,1.00128,0.000653206,0,-3.81254e-05,0.000394343,1.00128
22,15,0.351562,0.242188,1.00763,0.993421,0.498257,0,1.01124,1.00161,-0.000200459,0,-2.01702e-05,0.000164099,1.00161
23,15,0.367188,0.242188,1.00731,0.993869,0.497254,0,1.0108,1.00192,-0.000965169,0,-9.56198e-06,0.000142028,1.00192
24,15,0.382812,0.242188,1.00678,0.994521,0.49641,0,1.01003,1.0022,-0.00160564,0,-4.77361e-06,0.000265368,1.0022
25,15,0.398438,0.242188,1.00611,0.995304,0.495748,0,1.00903,1.00245,-0.00210178,0,-4.05994e-06,0.000468123,1.00245
26,15,0.414062,0.242188,1.00536,0.996147,0.495276,0,1.00789,1.00265,-0.00244784,0,-5.68076e-06,0.00069056,1.00266
27,15,0.429688,0.242188,1.00458,0.996994,0.494986,0,1.0067,1.00282,-0.0026502,0,-8.08855e-06,0.000885307,1.00283
28,15,0.445312,0.242188,1.00381,0.997799,0.494861,0,1.00553,1.00295,-0.00272441,0,-1.00503e-05,0.00101981,1.00296
29,15,0.460938,0.242188,1.00307,0.998534,0.494877,0,1.00441,1.00305,-0.00269189,0,-1.07094e-05,0.00107656,1.00305
30,15,0.476562,0.242188,1.00239,0.999182,0.495006,0,1.00338,1.00311,-0.00257674,0,-9.59131e-06,0.00105136,1.00311
31,15,0.492188,0.242188,1.00178,0.999739,0.49522,0,1.00246,1.00314,-0.00240287,0,-6.56106e-06,0.000950246,1.00315
32,15,0.507812,0.242188,1.00123,1.00021,0.495493,0,1.00166,1.00315,-0.00219176,0,-1.7482e-06,0.000785669,1.00315
33,15,0.523438,0.242188,1.00076,1.00059,0.495802,0,1.00096,1.00313,-0.00196118,0,4.5328e-06,0.00057353,1.00313
34,15,0.539062,0.242188,1.00035,1.0009,0.496132,0,1.00037,1.00308,-0.00172472,0,1.18643e-05,0.000330324,1.00308
35,15,0.554688,0.242188,1,1.00115,0.496467,0,0.999867,1.00302,-0.00149189,0,1.97958e-05,7.12415e-05,1.00302
36,15,0.570312,0.242188,0.999706,1.00134,0.496798,0,0.999451,1.00294,-0.0012688,0,2.78938e-05,-0.000190756,1.00294
37,15,0.585938,0.242188,0.999459,1.00149,0.49712,0,0.999107,1.00285,-0.00105896,0,3.5774e-05,-0.000445285,1.00285
38,15,0.601562,0.242188,0.999255,1.0016,0.497429,0,0.998826,1.00274,-0.000864124,0,4.31178e-05,-0.000684416,1.00274
39,15,0.617188,0.242188,0.999087,1.00168,0.497721,0,0.998598,1.00263,-0.00068489,0,4.96736e-05,-0.000902154,1.00263
40,15,0.632812,0.242188,0.998952,1.00174,0.497997,0,0.998416,1.0025,-0.000521201,0,5.52507e-05,-0.001094,1.0025
41,15,0.648438,0.242188,0.998844,1.00178,0.498254,0,0.998271,1.00236,-0.000372608,0,5.97097e-05,-0.0012565,1.00236
42,15,0.664062,0.242188,0.99876,1.0018,0.498494,0,0.998158,1.00222,-0.000238456,0,6.29516e-05,-0.00138695,1.00222
43,15,0.679688,0.242188,0.998696,1.00181,0.498718,0,0.998069,1.00207,-0.000117966,0,6.49093e-05,-0.00148319,1.00207
44,15,0.695312,0.242188,0.998648,1.00181,0.498924,0,0.997999,1.00191,-1.02763e-05,0,6.55399e-05,-0.00154352,1.00191
45,15,0.710938,0.242188,0.998614,1.0018,0.499116,0,0.997945,1.00176,8.55401e-05,0,6.48191e-05,-0.00156663,1.00176
46,15,0.726562,0.242188,0.998589,1.00178,0.499293,0,0.9979,1.0016,0.000170478,0,6.27369e-05,-0.0015515,1.0016
47,15,0.742188,0.242188,0.998573,1.00176,0.499458,0,0.997862,1.00144,0.000245598,0,5.92939e-05,-0.00149743,1.00144
48,15,0.757812,0.242188,0.998561,1.00174,0.499611,0,0.997826,1.00128,0.00031204,0,5.44975e-05,-0.00140395,1.00128
49,15,0.773438,0.242188,0.998552,1.00172,0.499755,0,0.99779,1.00113,0.000371038,0,4.83575e-05,-0.00127064,1.00113
50,15,0.789062,0.242188,0.998543,1.0017,0.499891,0,0.997749,1.00098,0.000423839,0,4.08891e-05,-0.00109756,1.00098
51,15,0.804688,0.242188,0.998532,1.00168,0.50002,0,0.997701,1.00083,0.000471801,0,3.21024e-05,-0.000884615,1.00083
52,15,0.820312,0.242188,0.998517,1.00167,0.500145,0,0.997642,1.00068,0.000516382,0,2.1992e-05,-0.000631061,1.00068
53,15,0.835938,0.242188,0.998494,1.00168,0.500268,0,0.99757,1.00054,0.000559111,0,1.05469e-05,-0.000336569,1.00054
54,15,0.851562,0.242188,0.998463,1.00169,0.500391,0,0.997479,1.0004,0.000601586,0,-2.26305e-06,-1.64138e-07,1.0004
55,15,0.867188,0.242188,0.998419,1.00172,0.500515,0,0.997367,1.00027,0.000645485,0,-1.6491e-05,0.000379647,1.00027
56,15,0.882812,0.242188,0.998361,1.00178,0.500643,0,0.997229,1.00015,0.000692563,0,-3.2218e-05,0.000805006,1.00015
57,15,0.898438,0.242188,0.998285,1.00185,0.500776,0,0.99706,1.00002,0.000744655,0,-4.95558e-05,0.0012788,1.00003
58,15,0.914062,0.242188,0.998189,1.00195,0.500918,0,0.996854,0.999908,0.000803679,0,-6.8648e-05,0.00180461,0.999908
59,15,0.929688,0.242188,0.998068,1.00209,0.50107,0,0.996605,0.999794,0.000871635,0,-8.96651e-05,0.00238659,0.999794
60,15,0.945312,0.242188,0.99792,1.00226,0.501233,0,0.996308,0.999684,0.000950612,0,-0.000112795,0.00302912,0.999684
61,15,0.960938,0.242188,0.997741,1.00248,0.501411,0,0.995957,0.999577,0.00104278,0,-0.000138224,0.00373617,0.999577
62,15,0.976562,0.242188,0.997528,1.00274,0.501605,0,0.995547,0.999472,0.00115038,0,-0.000166108,0.00451049,0.999472
63,15,0.992188,0.242188,0.997281,1.00306,0.501816,0,0.995075,0.999369,0.00127571,0,-0.00019653,0.00535236,0.99937
0,16,0.0078125,0.257812,0.996873,1.00364,0.502206,0,0.994293,0.999328,0.00161778,0,-0.000243916,0.00669198,0.999329
1,16,0.0234375,0.257812,0.99655,1.00407,0.502479,0,0.993679,0.999238,0.00179816,0,-0.00027976,0.00767424,0.99924
2,16,0.0390625,0.257812,0.996206,1.00453,0.502773,0,0.993024,0.999152,0.00200292,0,-0.000317102,0.00868626,0.999154
3,16,0.0546875,0.257812,0.995855,1.00502,0.503088,0,0.992349,0.999071,0.002233,0,-0.000355118,0.00970172,0.999073
4,16,0.0703125,0.257812,0.995518,1.00551,0.503422,0,0.991692,0.998996,0.00248856,0,-0.000392632,0.0106847,0.998999
5,16,0.0859375,0.257812,0.995224,1.00596,0.503771,0,0.991099,0.998929,0.00276855,0,-0.000428091,0.0115898,0.998933
6,16,0.101562,0.257812,0.995008,1.00633,0.50413,0,0.99063,0.998875,0.00307028,0,-0.000459603,0.0123636,0.99888
7,16,0.117188,0.257812,0.994912,1.00657,0.50449,0,0.990358,0.998836,0.00338868,0,-0.000485023,0.0129473,0.998842
8,16,0.132812,0.257812,0.994982,1.00663,0.504841,0,0.990358,0.998818,0.00371545,0,-0.000502118,0.0132826,0.998825
9,16,0.148438,0.257812,0.995262,1.00644,0.505164,0,0.990709,0.998826,0.00403813,0,-0.000508822,0.0133183,0.998834
10,16,0.164062,0.257812,0.995789,1.00596,0.505439,0,0.991473,0.998864,0.00433931,0,-0.000503557,0.0130194,0.998873
11,16,0.179688,0.257812,0.996584,1.00516,0.505638,0,0.99269,0.998937,0.00459637,0,-0.00048556,0.012375,0.998947
12,16,0.195312,0.257812,0.997645,1.00405,0.505729,0,0.994363,0.999048,0.0047819,0,-0.000455172,0.0114054,0.99906
13,16,0.210938,0.257812,0.998943,1.00266,0.505679,0,0.996445,0.999201,0.0048655,0,-0.000413984,0.0101648,0.999213
14,16,0.226562,0.257812,1.00042,1.00106,0.505456,0,0.998839,0.999396,0.00481697,0,-0.000364727,0.00873623,0.999407
15,16,0.242188,0.257812,1.00198,0.999354,0.505037,0,1.0014,0.999629,0.00461065,0,-0.000310852,0.00721745,0.99964
16,16,0.257812,0.257812,1.00353,0.997666,0.504409,0,1.00397,0.999897,0.00422791,0,-0.000255803,0.0056983,0.999906
17,16,0.273438,0.257812,1.00496,0.996125,0.503578,0,1.00635,1.00019,0.0036668,0,-0.000203336,0.00430132,1.0002
18,16,0.289062,0.257812,1.00616,0.994842,0.502582,0,1.00838,1.00051,0.00295495,0,-0.000156199,0.00310215,1.00052
19,16,0.304688,0.257812,1.00708,0.993899,0.501468,0,1.00995,1.00084,0.00212857,0,-0.000115918,0.00213405,1.00084
20,16,0.320312,0.257812,1.00767,0.993334,0.500297,0,1.01099,1.00117,0.00123918,0,-8.32114e-05,0.00141885,1.00117
21,16,0.335938,0.257812,1.00792,0.993149,0.499137,0,1.01148,1.00149,0.000345268,0,-5.80847e-05,0.000951922,1.00149
22,16,0.351562,0.257812,1.00786,0.993309,0.498051,0,1.01147,1.0018,-0.000496807,0,-3.99636e-05,0.000705531,1.0018
23,16,0.367188,0.257812,1.00753,0.993755,0.497092,0,1.01102,1.00208,-0.00124011,0,-2.78452e-05,0.000634538,1.00209
24,16,0.382812,0.257812,1.00699,0.994412,0.496295,0,1.01023,1.00234,-0.00185164,0,-2.04587e-05,0.000684573,1.00234
25,16,0.398438,0.257812,1.00632,0.995205,0.495681,0,1.00921,1.00257,-0.00231377,0,-1.64e-05,0.000798851,1.00257
26,16,0.414062,0.257812,1.00555,0.996063,0.495254,0,1.00805,1.00276,-0.0026232,0,-1.42777e-05,0.000925759,1.00276
27,16,0.429688,0.257812,1.00475,0.996926,0.495005,0,1.00684,1.00291,-0.00278846,0,-1.28489e-05,0.00102435,1.00291
28,16,0.445312,0.257812,1.00396,0.99775,0.494914,0,1.00563,1.00303,-0.00282685,0,-1.11158e-05,0.0010666,1.00303
29,16,0.460938,0.257812,1.00321,0.998503,0.494958,0,1.00449,1.00311,-0.00276104,0,-8.37897e-06,0.00103779,1.00312
30,16,0.476562,0.257812,1.00251,0.99917,0.495108,0,1.00345,1.00317,-0.00261589,0,-4.24835e-06,0.000935025,1.00317
31,16,0.492188,0.257812,1.00188,0.999742,0.495337,0,1.00251,1.00319,-0.00241561,0,1.38512e-06,0.000764589,1.0032
32,16,0.507812,0.257812,1.00133,1.00022,0.495619,0,1.00169,1.00319,-0.00218166,0,8.40524e-06,0.000538666,1.00319
33,16,0.523438,0.257812,1.00084,1.00062,0.495933,0,1.00098,1.00317,-0.00193153,0,1.65318e-05,0.000272694,1.00317
34,16,0.539062,0.257812,1.00042,1.00093,0.496263,0,1.00038,1.00312,-0.0016784,0,2.53879e-05,-1.72466e-05,1.00312
35,16,0.554688,0.257812,1.00006,1.00119,0.496596,0,0.999869,1.00305,-0.00143135,0,3.45602e-05,-0.000316223,1.00305
36,16,0.570312,0.257812,0.99975,1.00138,0.496924,0,0.999447,1.00297,-0.00119605,0,4.36437e-05,-0.00061136,1.00297
37,16,0.585938,0.257812,0.999494,1.00153,0.497241,0,0.9991,1.00287,-0.00097566,0,5.22733e-05,-0.000892249,1.00287
38,16,0.601562,0.257812,0.99928,1.00165,0.497544,0,0.998816,1.00276,-0.000771659,0,6.01419e-05,-0.00115092,1.00276
39,16,0.617188,0.257812,0.999104,1.00173,0.49783,0,0.998587,1.00264,-0.000584459,0,6.70043e-05,-0.00138137,1.00264
40,16,0.632812,0.257812,0.998961,1.00178,0.498099,0,0.998403,1.00251,-0.000413868,0,7.26744e-05,-0.00157915,1.00251
41,16,0.648438,0.257812,0.998845,1.00182,0.49835,0,0.998257,1.00237,-0.000259356,0,7.70165e-05,-0.00174095,1.00237
42,16,0.664062,0.257812,0.998754,1.00184,0.498584,0,0.998142,1.00222,-0.000120213,0,7.99368e-05,-0.00186425,1.00222
43,16,0.679688,0.257812,0.998684,1.00185,0.498802,0,0.998051,1.00207,4.3846e-06,0,8.13744e-05,-0.00194717,1.00207
44,16,0.695312,0.257812,0.99863,1.00184,0.499003,0,0.99798,1.00191,0.000115342,0,8.12949e-05,-0.00198835,1.00191
45,16,0.710938,0.257812,0.99859,1.00183,0.499189,0,0.997923,1.00175,0.000213644,0,7.96844e-05,-0.00198681,1.00175
46,16,0.726562,0.257812,0.998561,1.00181,0.499361,0,0.997876,1.00159,0.000300354,0,7.65447e-05,-0.00194198,1.00159
47,16,0.742188,0.257812,0.998541,1.00179,0.499521,0,0.997835,1.00143,0.000376625,0,7.18898e-05,-0.00185359,1.00143
48,16,0.757812,0.257812,0.998525,1.00177,0.49967,0,0.997796,1.00127,0.000443701,0,6.57421e-05,-0.00172163,1.00127
49,16,0.773438,0.257812,0.998513,1.00175,0.49981,0,0.997755,1.00112,0.000502945,0,5.81277e-05,-0.00154622,1.00112
50,16,0.789062,0.257812,0.998501,1.00173,0.499943,0,0.997709,1.00097,0.000555739,0,4.90771e-05,-0.00132786,1.00097
51,16,0.804688,0.257812,0.998487,1.00172,0.50007,0,0.997656,1.00082,0.000603596,0,3.86157e-05,-0.00106687,1.00082
52,16,0.820312,0.257812,0.998468,1.00172,0.500194,0,0.99759,1.00067,0.000648147,0,2.67575e-05,-0.000763155,1.00067
53,16,0.835938,0.257812,0.998443,1.00173,0.500316,0,0.99751,1.00054,0.000691093,0,1.35086e-05,-0.000416827,1.00054
54,16,0.851562,0.257812,0.998408,1.00176,0.500439,0,0.99741,1.0004,0.000734212,0,-1.14271e-06,-2.7429e-05,1.0004
55,16,0.867188,0.257812,0.998361,1.0018,0.500565,0,0.997287,1.00027,0.000779368,0,-1.72309e-05,0.000406016,1.00027
56,16,0.882812,0.257812,0.998298,1.00186,0.500696,0,0.997137,1.00015,0.000828498,0,-3.48172e-05,0.000885119,1.00015
57,16,0.898438,0.257812,0.998218,1.00195,0.500836,0,0.996954,1.00004,0.000883618,0,-5.39921e-05,0.00141219,1.00004
58,16,0.914062,0.257812,0.998116,1.00206,0.500985,0,0.996733,0.999923,0.000946813,0,-7.48761e-05,0.00199022,0.999924
59,16,0.929688,0.257812,0.997988,1.00221,0.501146,0,0.996467,0.999816,0.00102023,0,-9.76148e-05,0.00262269,0.999816
60,16,0.945312,0.257812,0.997832,1.0024,0.501322,0,0.996152,0.999712,0.00110607,0,-0.000122369,0.00331322,0.999713
61,16,0.960938,0.257812,0.997644,1.00264,0.501514,0,0.99578,0.999612,0.00120656,0,-0.000149294,0.00406499,0.999613
62,16,0.976562,0.257812,0.997422,1.00292,0.501724,0,0.995347,0.999514,0.00132392,0,-0.000178514,0.00487984,0.999515
63,16,0.992188,0.257812,0.997165,1.00325,0.501955,0,0.994851,0.99942,0.00146031,0,-0.00021008,0.00575706,0.999421
0,17,0.0078125,0.273438,0.996744,1.00387,0.502359,0,0.994043,0.999399,0.00181036,0,-0.000258125,0.00711445,0.9994
1,17,0.0234375,0.273438,0.996412,1.00432,0.502651,0,0.993405,0.999321,0.00200278,0,-0.000294355,0.00811154,0.999323
2,17,0.0390625,0.273438,0.996058,1.00481,0.502963,0,0.992727,0.999247,0.00221923,0,-0.000331727,0.00912842,0.99925
3,17,0.0546875,0.273438,0.995698,1.00532,0.503295,0,0.992032,0.999179,0.00245969,0,-0.000369396,0.0101379,0.999182
4,17,0.0703125,0.273438,0.995354,1.00583,0.503642,0,0.991356,0.999118,0.00272312,0,-0.000406171,0.0111032,0.999121
5,17,0.0859375,0.273438,0.995053,1.0063,0.503998,0,0.990748,0.999066,0.00300709,0,-0.000440506,0.0119788,0.999071
6,17,0.101562,0.273438,0.994834,1.00668,0.504357,0,0.99027,0.999028,0.00330735,0,-0.00047053,0.0127112,0.999033
7,17,0.117188,0.273438,0.994739,1.00693,0.504707,0,0.989994,0.999006,0.00361725,0,-0.000494141,0.0132428,0.999013
8,17,0.132812,0.273438,0.994814,1.00698,0.505036,0,0.99,0.999006,0.00392708,0,-0.000509186,0.0135171,0.999013
9,17,0.148438,0.273438,0.995105,1.00679,0.505326,0,0.990365,0.999031,0.00422336,0,-0.000513719,0.0134867,0.99904
10,17,0.164062,0.273438,0.99565,1.0063,0.505554,0,0.991156,0.999087,0.00448828,0,-0.000506346,0.0131227,0.999097
11,17,0.179688,0.273438,0.99647,1.00548,0.505696,0,0.992412,0.999178,0.00469976,0,-0.000486553,0.0124225,0.999189
12,17,0.195312,0.273438,0.997564,1.00434,0.505722,0,0.994136,0.999306,0.00483201,0,-0.000454988,0.0114169,0.999318
13,17,0.210938,0.273438,0.9989,1.00291,0.505604,0,0.996278,0.999473,0.00485738,0,-0.000413555,0.0101701,0.999485
14,17,0.226562,0.273438,1.00042,1.00126,0.505316,0,0.998739,0.999678,0.0047492,0,-0.00036524,0.00877273,0.999689
15,17,0.242188,0.273438,1.00202,0.999503,0.504841,0,1.00137,0.999918,0.00448568,0,-0.000313559,0.00732197,0.999928
16,17,0.257812,0.273438,1.00361,0.997766,0.504169,0,1.004,1.00019,0.00405148,0,-0.000261833,0.00590278,1.00019
17,17,0.273438,0.273438,1.00507,0.99618,0.503311,0,1.00643,1.00048,0.00344803,0,-0.000213405,0.00462253,1.00048
18,17,0.289062,0.273438,1.00631,0.99486,0.502306,0,1.0085,1.00078,0.00270491,0,-0.000170292,0.00352947,1.00079
19,17,0.304688,0.273438,1.00725,0.993885,0.501199,0,1.0101,1.00109,0.00185891,0,-0.000133403,0.00264398,1.0011
20,17,0.320312,0.273438,1.00785,0.993295,0.50005,0,1.01115,1.0014,0.000961327,0,-0.000102916,0.00197377,1.0014
21,17,0.335938,0.273438,1.00811,0.993092,0.498924,0,1.01165,1.0017,6.98643e-05,0,-7.85191e-05,0.00150973,1.0017
22,17,0.351562,0.273438,1.00805,0.993239,0.49788,0,1.01164,1.00198,-0.000760378,0,-5.95872e-05,0.00122705,1.00198
23,17,0.367188,0.273438,1.00773,0.993678,0.496966,0,1.01119,1.00224,-0.00148404,0,-4.52932e-05,0.00108848,1.00225
24,17,0.382812,0.273438,1.00719,0.994332,0.496217,0,1.01039,1.00248,-0.00206991,0,-3.46905e-05,0.00104968,1.00248
25,17,0.398438,0.273438,1.00651,0.995127,0.495649,0,1.00936,1.00268,-0.00250226,0,-2.6764e-05,0.00106396,1.00269
26,17,0.414062,0.273438,1.00574,0.995991,0.495264,0,1.00819,1.00286,-0.00277967,0,-2.0498e-05,0.00108805,1.00286
27,17,0.429688,0.273438,1.00493,0.996863,0.495052,0,1.00696,1.003,-0.00291237,0,-1.49625e-05,0.00108706,1.003
28,17,0.445312,0.273438,1.00413,0.997699,0.494993,0,1.00574,1.00311,-0.00291907,0,-9.38833e-06,0.00103687,1.00311
29,17,0.460938,0.273438,1.00336,0.998465,0.495061,0,1.00459,1.00318,-0.00282351,0,-3.21614e-06,0.000924671,1.00319
30,17,0.476562,0.273438,1.00265,0.999145,0.49523,0,1.00353,1.00323,-0.0026512,0,3.88293e-06,0.000748004,1.00323
31,17,0.492188,0.273438,1.00201,0.99973,0.495471,0,1.00258,1.00325,-0.00242669,0,1.20166e-05,0.000512639,1.00325
32,17,0.507812,0.273438,1.00144,1.00022,0.495761,0,1.00174,1.00324,-0.00217148,0,2.11052e-05,0.000229874,1.00325
33,17,0.523438,0.273438,1.00094,1.00062,0.496079,0,1.00102,1.00321,-0.0019029,0,3.09222e-05,-8.57278e-05,1.00322
34,17,0.539062,0.273438,1.0005,1.00095,0.496409,0,1.00041,1.00316,-0.00163384,0,4.11462e-05,-0.000418734,1.00316
35,17,0.554688,0.273438,1.00013,1.0012,0.496739,0,0.999898,1.00309,-0.00137303,0,5.14104e-05,-0.000754547,1.00309
36,17,0.570312,0.273438,0.999813,1.0014,0.497062,0,0.999471,1.00301,-0.00112582,0,6.13435e-05,-0.00108034,1.00301
37,17,0.585938,0.273438,0.999546,1.00156,0.497374,0,0.999119,1.0029,-0.000895082,0,7.06009e-05,-0.00138557,1.0029
38,17,0.601562,0.273438,0.999321,1.00167,0.49767,0,0.998831,1.00279,-0.000682063,0,7.88858e-05,-0.00166209,1.00279
39,17,0.617188,0.273438,0.999135,1.00175,0.49795,0,0.998599,1.00266,-0.000487012,0,8.5957e-05,-0.00190373,1.00266
40,17,0.632812,0.273438,0.998981,1.0018,0.498212,0,0.998412,1.00252,-0.00030963,0,9.16292e-05,-0.00210598,1.00252
41,17,0.648438,0.273438,0.998857,1.00184,0.498457,0,0.998262,1.00238,-0.000149316,0,9.57672e-05,-0.00226554,1.00238
42,17,0.664062,0.273438,0.998757,1.00186,0.498684,0,0.998144,1.00223,-5.3072e-06,0,9.82791e-05,-0.00238003,1.00223
43,17,0.679688,0.273438,0.998678,1.00186,0.498895,0,0.998051,1.00207,0.000123263,0,9.91082e-05,-0.00244778,1.00207
44,17,0.695312,0.273438,0.998617,1.00186,0.49909,0,0.997976,1.00191,0.000237349,0,9.82268e-05,-0.00246771,1.00191
45,17,0.710938,0.273438,0.99857,1.00185,0.49927,0,0.997916,1.00175,0.000337996,0,9.563e-05,-0.00243923,1.00175
46,17,0.726562,0.273438,0.998535,1.00183,0.499437,0,0.997865,1.00158,0.000426345,0,9.13317e-05,-0.00236218,1.00158
47,17,0.742188,0.273438,0.998509,1.00181,0.499592,0,0.997819,1.00142,0.000503646,0,8.53592e-05,-0.00223676,1.00142
48,17,0.757812,0.273438,0.998489,1.00179,0.499737,0,0.997775,1.00126,0.000571256,0,7.77503e-05,-0.00206347,1.00126
49,17,0.773438,0.273438,0.998472,1.00177,0.499873,0,0.997729,1.0011,0.000630669,0,6.85491e-05,-0.00184299,1.0011
50,17,0.789062,0.273438,0.998456,1.00176,0.500002,0,0.997677,1.00095,0.000683412,0,5.78012e-05,-0.00157627,1.00095
51,17,0.804688,0.273438,0.998439,1.00176,0.500127,0,0.997616,1.0008,0.000731156,0,4.55497e-05,-0.00126416,1.00081
52,17,0.820312,0.273438,0.998417,1.00176,0.500248,0,0.997543,1.00066,0.000775702,0,3.18297e-05,-0.000907246,1.00066
53,17,0.835938,0.273438,0.998388,1.00178,0.50037,0,0.997453,1.00053,0.000818924,0,1.66665e-05,-0.000506135,1.00053
54,17,0.851562,0.273438,0.99835,1.00181,0.500493,0,0.997343,1.0004,0.000862778,0,6.84368e-08,-6.09514e-05,1.0004
55,17,0.867188,0.273438,0.998299,1.00187,0.500621,0,0.997209,1.00027,0.000909304,0,-1.79774e-05,0.000428689,1.00028
56,17,0.882812,0.273438,0.998232,1.00194,0.500755,0,0.997045,1.00016,0.000960619,0,-3.7509e-05,0.000963775,1.00016
57,17,0.898438,0.273438,0.998147,1.00204,0.500899,0,0.996847,1.00005,0.00101891,0,-5.85919e-05,0.00154595,1.00005
58,17,0.914062,0.273438,0.998039,1.00218,0.501055,0,0.99661,0.999941,0.0010864,0,-8.13189e-05,0.00217746,0.999941
59,17,0.929688,0.273438,0.997905,1.00234,0.501225,0,0.996326,0.99984,0.00116539,0,-0.000105805,0.00286097,0.999841
60,17,0.945312,0.273438,0.997741,1.00255,0.501411,0,0.995991,0.999745,0.00125816,0,-0.000132176,0.00359921,0.999745
61,17,0.960938,0.273438,0.997545,1.00281,0.501616,0,0.995598,0.999653,0.00136697,0,-0.000160551,0.00439436,0.999654
62,17,0.976562,0.273438,0.997314,1.00311,0.501842,0,0.995143,0.999565,0.00149398,0,-0.000191016,0.00524718,0.999566
63,17,0.992188,0.273438,0.997047,1.00346,0.502089,0,0.994624,0.99948,0.0016412,0,-0.000223579,0.00615582,0.999481
0,18,0.0078125,0.289062,0.996616,1.00412,0.502506,0,0.993791,0.999481,0.00199679,0,-0.000271882,0.00751936,0.999483
1,18,0.0234375,0.289062,0.996275,1.00459,0.502814,0,0.993132,0.999416,0.0022005,0,-0.000308215,0.0085237,0.999419
2,18,0.0390625,0.289062,0.995914,1.0051,0.503141,0,0.992435,0.999357,0.00242768,0,-0.00034528,0.00953665,0.99936
3,18,0.0546875,0.289062,0.995548,1.00563,0.503485,0,0.991723,0.999304,0.00267738,0,-0.000382214,0.0105303,0.999307
4,18,0.0703125,0.289062,0.995199,1.00616,0.503841,0,0.991035,0.999259,0.00294736,0,-0.000417833,0.0114679,0.999263
5,18,0.0859375,0.289062,0.994898,1.00664,0.5042,0,0.99042,0.999224,0.00323383,0,-0.000450616,0.012304,0.99923
6,18,0.101562,0.289062,0.99468,1.00703,0.504554,0,0.989941,0.999204,0.00353106,0,-0.000478745,0.0129863,0.99921
7,18,0.117188,0.289062,0.994591,1.00728,0.504889,0,0.989672,0.9992,0.00383092,0,-0.000500204,0.0134592,0.999207
8,18,0.132812,0.289062,0.994677,1.00734,0.505192,0,0.989692,0.999218,0.00412245,0,-0.000512963,0.0136695,0.999227
9,18,0.148438,0.289062,0.994984,1.00713,0.505444,0,0.990081,0.999263,0.00439128,0,-0.000515246,0.0135746,0.999272
10,18,0.164062,0.289062,0.99555,1.00662,0.505624,0,0.990905,0.999337,0.00461952,0,-0.000505883,0.0131524,0.999348
11,18,0.179688,0.289062,0.996397,1.00578,0.505707,0,0.992203,0.999445,0.00478591,0,-0.000484634,0.0124093,0.999456
12,18,0.195312,0.289062,0.997521,1.00461,0.50567,0,0.993976,0.999588,0.00486665,0,-0.000452443,0.0113855,0.9996
13,18,0.210938,0.289062,0.998891,1.00314,0.505487,0,0.996172,0.999767,0.00483706,0,-0.000411487,0.0101537,0.999779
14,18,0.226562,0.289062,1.00044,1.00145,0.505141,0,0.998685,0.999979,0.00467423,0,-0.00036492,0.00880926,0.99999
15,18,0.242188,0.289062,1.00208,0.999655,0.504617,0,1.00137,1.00022,0.00436001,0,-0.000316211,0.00744563,1.00023
16,18,0.257812,0.289062,1.0037,0.997882,0.503913,0,1.00403,1.00049,0.00388201,0,-0.000268449,0.00614017,1.00049
17,18,0.273438,0.289062,1.00518,0.996265,0.503039,0,1.00649,1.00077,0.0032443,0,-0.000224461,0.00498174,1.00077
18,18,0.289062,0.289062,1.00643,0.994917,0.502036,0,1.00859,1.00106,0.00247735,0,-0.000185497,0.00399158,1.00106
19,18,0.304688,0.289062,1.00738,0.993918,0.500948,0,1.0102,1.00135,0.0016177,0,-0.000151858,0.00317796,1.00135
20,18,0.320312,0.289062,1.008,0.993308,0.499829,0,1.01126,1.00163,0.000715803,0,-0.000123228,0.00253682,1.00163
21,18,0.335938,0.289062,1.00827,0.993085,0.498742,0,1.01176,1.00191,-0.000171745,0,-9.90499e-05,0.00205702,1.00191
22,18,0.351562,0.289062,1.00822,0.993217,0.497741,0,1.01175,1.00217,-0.000990996,0,-7.87242e-05,0.00171919,1.00217
23,18,0.367188,0.289062,1.0079,0.993641,0.496874,0,1.0113,1.0024,-0.00169777,0,-6.16688e-05,0.00149609,1.0024
24,18,0.382812,0.289062,1.00737,0.994285,0.496171,0,1.01051,1.00262,-0.00226208,0,-4.73167e-05,0.00135479,1.00262
25,18,0.398438,0.289062,1.00669,0.995073,0.495646,0,1.00948,1.0028,-0.00266947,0,-3.50787e-05,0.00125937,1.00281
26,18,0.414062,0.289062,1.00592,0.995934,0.4953,0,1.00831,1.00296,-0.00291982,0,-2.43348e-05,0.00117499,1.00297
27,18,0.429688,0.289062,1.00511,0.996807,0.495122,0,1.00708,1.00309,-0.00302463,0,-1.44735e-05,0.00107245,1.0031
28,18,0.445312,0.289062,1.0043,0.997647,0.495092,0,1.00586,1.00319,-0.00300371,0,-4.94735e-06,0.000930844,1.00319
29,18,0.460938,0.289062,1.00353,0.99842,0.495183,0,1.0047,1.00326,-0.00288169,0,4.67825e-06,0.000738441,1.00326
30,18,0.476562,0.289062,1.00281,0.999108,0.495368,0,1.00363,1.0033,-0.00268472,0,1.46907e-05,0.000492367,1.0033
31,18,0.492188,0.289062,1.00216,0.999701,0.495621,0,1.00267,1.00331,-0.00243775,0,2.52179e-05,0.000197146,1.00332
32,18,0.507812,0.289062,1.00157,1.0002,0.495918,0,1.00182,1.0033,-0.00216244,0,3.62366e-05,-0.000137395,1.00331
33,18,0.523438,0.289062,1.00106,1.00061,0.496239,0,1.0011,1.00327,-0.0018761,0,4.7591e-05,-0.00049797,1.00327
34,18,0.539062,0.289062,1.00061,1.00094,0.496568,0,1.00048,1.00321,-0.00159146,0,5.90279e-05,-0.000870009,1.00321
35,18,0.554688,0.289062,1.00023,1.0012,0.496896,0,0.999957,1.00314,-0.00131706,0,7.02357e-05,-0.00123931,1.00314
36,18,0.570312,0.289062,0.999897,1.0014,0.497215,0,0.999523,1.00304,-0.001058,0,8.08812e-05,-0.00159304,1.00305
37,18,0.585938,0.289062,0.999616,1.00156,0.497521,0,0.999166,1.00294,-0.000816928,0,9.06419e-05,-0.00192042,1.00294
38,18,0.601562,0.289062,0.999379,1.00167,0.49781,0,0.998873,1.00282,-0.000594916,0,9.92304e-05,-0.00221294,1.00282
39,18,0.617188,0.289062,0.999181,1.00175,0.498083,0,0.998635,1.00268,-0.000392074,0,0.000106407,-0.00246415,1.00268
40,18,0.632812,0.289062,0.999016,1.00181,0.498338,0,0.998443,1.00254,-0.000208002,0,0.000111984,-0.0026693,1.00254
41,18,0.648438,0.289062,0.99888,1.00184,0.498576,0,0.99829,1.00239,-4.20293e-05,0,0.000115825,-0.00282502,1.00239
42,18,0.664062,0.289062,0.998769,1.00186,0.498797,0,0.998167,1.00223,0.00010666,0,0.000117836,-0.00292897,1.00223
43,18,0.679688,0.289062,0.998681,1.00186,0.499001,0,0.998069,1.00207,0.000238988,0,0.000117964,-0.00297965,1.00207
44,18,0.695312,0.289062,0.99861,1.00186,0.49919,0,0.997989,1.0019,0.000355967,0,0.000116185,-0.00297627,1.0019
45,18,0.710938,0.289062,0.998555,1.00185,0.499364,0,0.997924,1.00174,0.000458715,0,0.000112505,-0.00291858,1.00174
46,18,0.726562,0.289062,0.998513,1.00183,0.499525,0,0.997867,1.00157,0.000548464,0,0.000106947,-0.00280688,1.00157
47,18,0.742188,0.289062,0.99848,1.00181,0.499675,0,0.997816,1.00141,0.000626567,0,9.95546e-05,-0.00264186,1.00141
48,18,0.757812,0.289062,0.998453,1.0018,0.499815,0,0.997765,1.00124,0.000694507,0,9.03803e-05,-0.00242457,1.00124
49,18,0.773438,0.289062,0.998431,1.00179,0.499946,0,0.997712,1.00109,0.000753913,0,7.94874e-05,-0.00215632,1.00109
50,18,0.789062,0.289062,0.998411,1.00178,0.500072,0,0.997653,1.00094,0.000806467,0,6.69375e-05,-0.00183848,1.00094
51,18,0.804688,0.289062,0.998389,1.00178,0.500193,0,0.997583,1.00079,0.000853998,0,5.27942e-05,-0.00147259,1.00079
52,18,0.820312,0.289062,0.998363,1.0018,0.500312,0,0.9975,1.00065,0.000898479,0,3.71144e-05,-0.00105991,1.00065
53,18,0.835938,0.289062,0.998331,1.00182,0.500433,0,0.9974,1.00052,0.000941953,0,1.99442e-05,-0.000601615,1.00052
54,18,0.851562,0.289062,0.998288,1.00187,0.500556,0,0.997279,1.00039,0.00098655,0,1.31459e-06,-9.84709e-05,1.00039
55,18,0.867188,0.289062,0.998233,1.00193,0.500684,0,0.997131,1.00027,0.00103448,0,-1.87635e-05,0.00044924,1.00027
56,18,0.882812,0.289062,0.998162,1.00202,0.500821,0,0.996954,1.00016,0.00108803,0,-4.0302e-05,0.0010418,1.00016
57,18,0.898438,0.289062,0.998072,1.00214,0.500969,0,0.99674,1.00006,0.00114952,0,-6.33378e-05,0.00168007,1.00006
58,18,0.914062,0.289062,0.997958,1.00229,0.50113,0,0.996485,0.999961,0.00122135,0,-8.79314e-05,0.00236546,0.999962
59,18,0.929688,0.289062,0.997817,1.00248,0.501308,0,0.996182,0.999869,0.0013059,0,-0.000114162,0.00309967,0.99987
60,18,0.945312,0.289062,0.997647,1.00271,0.501504,0,0.995827,0.999782,0.00140552,0,-0.000142116,0.00388439,0.999783
61,18,0.960938,0.289062,0.997443,1.00298,0.50172,0,0.995413,0.9997,0.00152248,0,-0.000171869,0.00472064,0.999701
62,18,0.976562,0.289062,0.997203,1.00331,0.501959,0,0.994936,0.999623,0.00165888,0,-0.00020346,0.00560796,0.999624
63,18,0.992188,0.289062,0.996927,1.00369,0.502221,0,0.994394,0.99955,0.00181652,0,-0.00023685,0.00654323,0.999552
0,19,0.0078125,0.304688,0.996489,1.00438,0.502648,0,0.993539,0.999576,0.00217505,0,-0.000284976,0.00790061,0.999578
1,19,0.0234375,0.304688,0.996141,1.00488,0.502968,0,0.992862,0.999526,0.0023891,0,-0.000321121,0.00890412,0.999529
2,19,0.0390625,0.304688,0.995775,1.00541,0.503306,0,0.992149,0.999483,0.00262589,0,-0.000357537,0.009904,0.999486
3,19,0.0546875,0.304688,0.995406,1.00596,0.503659,0,0.991427,0.999446,0.00288351,0,-0.000393358,0.010872,0.99945
4,19,0.0703125,0.304688,0.995056,1.0065,0.504019,0,0.990732,0.999419,0.00315861,0,-0.000427417,0.0117718,0.999424
5,19,0.0859375,0.304688,0.994758,1.00699,0.504376,0,0.990117,0.999403,0.00344607,0,-0.000458241,0.0125589,0.999409
6,19,0.101562,0.304688,0.994547,1.00739,0.50472,0,0.989646,0.999401,0.00373878,0,-0.000484097,0.013183,0.999408
7,19,0.117188,0.304688,0.994469,1.00764,0.505037,0,0.989391,0.999417,0.00402728,0,-0.000503094,0.0135916,0.999425
8,19,0.132812,0.304688,0.994571,1.00768,0.50531,0,0.989435,0.999455,0.00429945,0,-0.000513368,0.0137358,0.999464
9,19,0.148438,0.304688,0.994898,1.00746,0.505522,0,0.989856,0.999518,0.00454033,0,-0.000513358,0.013579,0.999528
10,19,0.164062,0.304688,0.995488,1.00693,0.505651,0,0.990718,0.99961,0.00473216,0,-0.000502154,0.0131069,0.999621
11,19,0.179688,0.304688,0.996362,1.00606,0.505676,0,0.992061,0.999734,0.00485482,0,-0.000479806,0.0123345,0.999746
12,19,0.195312,0.304688,0.997516,1.00486,0.505577,0,0.993879,0.999891,0.00488675,0,-0.00044754,0.0113106,0.999903
13,19,0.210938,0.304688,0.998914,1.00335,0.505335,0,0.996119,1.00008,0.00480649,0,-0.000407752,0.0101146,1.00009
14,19,0.226562,0.304688,1.00049,1.00164,0.504937,0,0.998671,1.0003,0.00459485,0,-0.000363678,0.00884345,1.00031
15,19,0.242188,0.304688,1.00215,0.999814,0.504375,0,1.00138,1.00054,0.00423712,0,-0.000318632,0.00758393,1.00055
16,19,0.257812,0.304688,1.00378,0.998018,0.503648,0,1.00406,1.0008,0.00372332,0,-0.000275375,0.00640322,1.0008
17,19,0.273438,0.304688,1.00527,0.996383,0.50277,0,1.00653,1.00107,0.00305939,0,-0.000236127,0.00536903,1.00107
18,19,0.289062,0.304688,1.00653,0.995018,0.50178,0,1.00863,1.00134,0.00227564,0,-0.000201369,0.00447696,1.00134
19,19,0.304688,0.304688,1.00749,0.994003,0.500717,0,1.01024,1.00161,0.00140762,0,-0.000170814,0.00372395,1.00161
20,19,0.320312,0.304688,1.00811,0.993376,0.499635,0,1.0113,1.00187,0.000504378,0,-0.000143703,0.00309653,1.00187
21,19,0.335938,0.304688,1.00838,0.993135,0.49859,0,1.0118,1.00211,-0.000378766,0,-0.000119301,0.00258384,1.00211
22,19,0.351562,0.304688,1.00835,0.993245,0.497634,0,1.0118,1.00234,-0.00118882,0,-9.70933e-05,0.00217409,1.00235
23,19,0.367188,0.304688,1.00804,0.993649,0.496812,0,1.01136,1.00256,-0.00188231,0,-7.67975e-05,0.0018517,1.00256
24,19,0.382812,0.304688,1.00752,0.994274,0.496152,0,1.01058,1.00275,-0.00242983,0,-5.82665e-05,0.00159635,1.00275
25,19,0.398438,0.304688,1.00685,0.995045,0.495668,0,1.00957,1.00292,-0.00281755,0,-4.13636e-05,0.00138335,1.00292
26,19,0.414062,0.304688,1.00609,0.995893,0.495358,0,1.00841,1.00307,-0.00304608,0,-2.58782e-05,0.00118633,1.00307
27,19,0.429688,0.304688,1.00529,0.996758,0.495212,0,1.00719,1.00318,-0.00312773,0,-1.15208e-05,0.000981437,1.00319
28,19,0.445312,0.304688,1.00448,0.997594,0.495207,0,1.00597,1.00327,-0.00308314,0,2.03991e-06,0.000750296,1.00328
29,19,0.460938,0.304688,1.00371,0.998368,0.495319,0,1.00481,1.00334,-0.00293773,0,1.51253e-05,0.000481509,1.00334
30,19,0.476562,0.304688,1.00298,0.999059,0.495521,0,1.00374,1.00337,-0.00271829,0,2.79969e-05,0.000171008,1.00338
31,19,0.492188,0.304688,1.00232,0.999657,0.495785,0,1.00278,1.00338,-0.00245025,0,4.08192e-05,-0.000178618,1.00339
32,19,0.507812,0.304688,1.00173,1.00016,0.496089,0,1.00193,1.00337,-0.00215561,0,5.36413e-05,-0.000559554,1.00337
33,19,0.523438,0.304688,1.0012,1.00058,0.496413,0,1.0012,1.00333,-0.00185182,0,6.63919e-05,-0.000960162,1.00333
34,19,0.539062,0.304688,1.00074,1.00091,0.496743,0,1.00057,1.00327,-0.00155164,0,7.88965e-05,-0.00136694,1.00327
35,19,0.554688,0.304688,1.00035,1.00118,0.497069,0,1.00005,1.00319,-0.00126353,0,9.09061e-05,-0.00176613,1.00319
36,19,0.570312,0.304688,1,1.00138,0.497384,0,0.999605,1.00309,-0.000992451,0,0.00010213,-0.00214486,1.00309
37,19,0.585938,0.304688,0.999708,1.00154,0.497684,0,0.999241,1.00297,-0.000740916,0,0.000112269,-0.00249196,1.00297
38,19,0.601562,0.304688,0.999457,1.00165,0.497968,0,0.998942,1.00284,-0.000509843,0,0.000121044,-0.00279846,1.00284
39,19,0.617188,0.304688,0.999244,1.00173,0.498234,0,0.998698,1.0027,-0.000299225,0,0.000128217,-0.00305741,1.0027
40,19,0.632812,0.304688,0.999066,1.00178,0.498482,0,0.9985,1.00255,-0.000108567,0,0.000133596,-0.00326375,1.00255
41,19,0.648438,0.304688,0.998917,1.00182,0.498712,0,0.99834,1.0024,6.28802e-05,0,0.000137039,-0.00341388,1.0024
42,19,0.664062,0.304688,0.998794,1.00184,0.498926,0,0.998211,1.00223,0.000216002,0,0.000138452,-0.00350546,1.00223
43,19,0.679688,0.304688,0.998693,1.00184,0.499123,0,0.998107,1.00206,0.000351788,0,0.000137779,-0.00353711,1.00206
44,19,0.695312,0.304688,0.998612,1.00184,0.499305,0,0.998021,1.00189,0.00047133,0,0.000135005,-0.00350829,1.00189
45,19,0.710938,0.304688,0.998547,1.00183,0.499472,0,0.997949,1.00172,0.000575835,0,0.000130141,-0.00341916,1.00172
46,19,0.726562,0.304688,0.998495,1.00182,0.499627,0,0.997885,1.00155,0.000666638,0,0.000123224,-0.00327046,1.00155
47,19,0.742188,0.304688,0.998454,1.0018,0.499771,0,0.997827,1.00139,0.000745214,0,0.000114312,-0.00306341,1.00139
48,19,0.757812,0.304688,0.99842,1.00179,0.499905,0,0.997768,1.00122,0.000813181,0,0.000103474,-0.00279967,1.00122
49,19,0.773438,0.304688,0.998392,1.00179,0.500032,0,0.997707,1.00107,0.000872312,0,9.07937e-05,-0.00248123,1.00107
50,19,0.789062,0.304688,0.998365,1.00179,0.500153,0,0.997638,1.00092,0.000924451,0,7.63499e-05,-0.0021099,1.00092
51,19,0.804688,0.304688,0.998339,1.0018,0.500271,0,0.997559,1.00077,0.000971589,0,6.02282e-05,-0.001688,1.00077
52,19,0.820312,0.304688,0.998308,1.00182,0.500387,0,0.997466,1.00064,0.00101587,0,4.25087e-05,-0.00121752,1.00064
53,19,0.835938,0.304688,0.998271,1.00186,0.500506,0,0.997354,1.00051,0.00105949,0,2.32602e-05,-0.000700235,1.00051
54,19,0.851562,0.304688,0.998225,1.00192,0.500628,0,0.997219,1.00039,0.00110477,0,2.53774e-06,-0.00013763,1.00039
55,19,0.867188,0.304688,0.998165,1.002,0.500757,0,0.997058,1.00027,0.00115405,0,-1.96214e-05,0.00046928,1.00028
56,19,0.882812,0.304688,0.998089,1.0021,0.500896,0,0.996864,1.00017,0.00120979,0,-4.32005e-05,0.00111998,1.00017
57,19,0.898438,0.304688,0.997994,1.00224,0.501047,0,0.996634,1.00007,0.00127446,0,-6.82045e-05,0.00181449,1.00007
58,19,0.914062,0.304688,0.997874,1.00241,0.501213,0,0.99636,0.999984,0.00135054,0,-9.46581e-05,0.00255324,0.999985
59,19,0.929688,0.304688,0.997728,1.00262,0.501397,0,0.996038,0.999902,0.00144052,0,-0.0001226,0.00333687,0.999903
60,19,0.945312,0.304688,0.99755,1.00287,0.501601,0,0.995661,0.999826,0.0015468,0,-0.000152072,0.0041659,0.999827
61,19,0.960938,0.304688,0.997338,1.00317,0.501827,0,0.995226,0.999755,0.00167162,0,-0.000183101,0.00504005,0.999757
62,19,0.976562,0.304688,0.997091,1.00352,0.502076,0,0.994727,0.99969,0.00181696,0,-0.000215674,0.00595752,0.999692
63,19,0.992188,0.304688,0.996807,1.00392,0.50235,0,0.994164,0.99963,0.00198443,0,-0.000249701,0.00691382,0.999632
0,20,0.0078125,0.320312,0.996363,1.00465,0.502784,0,0.993291,0.999683,0.00234319,0,-0.000297193,0.00825235,0.999686
1,20,0.0234375,0.320312,0.996011,1.00517,0.503113,0,0.992598,0.99965,0.00256647,0,-0.000332851,0.00924663,0.999653
2,20,0.0390625,0.320312,0.995641,1.00572,0.503459,0,0.991873,0.999624,0.00281158,0,-0.000368283,0.0102242,0.999628
3,20,0.0546875,0.320312,0.995272,1.00629,0.503816,0,0.991143,0.999606,0.0030757,0,-0.000402625,0.011157,0.999611
4,20,0.0703125,0.320312,0.994926,1.00684,0.504175,0,0.990449,0.999598,0.00335441,0,-0.000434743,0.0120092,0.999604
5,20,0.0859375,0.320312,0.994634,1.00734,0.504526,0,0.989841,0.999602,0.00364136,0,-0.000463235,0.0127384,0.999609
6,20,0.101562,0.320312,0.994435,1.00774,0.504857,0,0.989384,0.99962,0.00392816,0,-0.000486481,0.013297,0.999628
7,20,0.117188,0.320312,0.994373,1.00798,0.505151,0,0.989154,0.999656,0.00420416,0,-0.000502747,0.0136365,0.999665
8,20,0.132812,0.320312,0.994495,1.00801,0.505391,0,0.989229,0.999714,0.00445631,0,-0.000510378,0.0137136,0.999724
9,20,0.148438,0.320312,0.994846,1.00777,0.50556,0,0.989688,0.999796,0.00466925,0,-0.000508067,0.0134987,0.999807
10,20,0.164062,0.320312,0.995463,1.00722,0.505638,0,0.990594,0.999905,0.00482564,0,-0.000495194,0.0129855,0.999917
11,20,0.179688,0.320312,0.996364,1.00632,0.505607,0,0.991981,1.00004,0.00490675,0,-0.000472106,0.0121977,1.00006
12,20,0.195312,0.320312,0.997543,1.00509,0.50545,0,0.993841,1.00021,0.00489347,0,-0.000440291,0.0111915,1.00022
13,20,0.210938,0.320312,0.998963,1.00356,0.505154,0,0.996115,1.00041,0.00476767,0,-0.000402306,0.0100507,1.00042
14,20,0.226562,0.320312,1.00055,1.00182,0.504712,0,0.99869,1.00063,0.00451381,0,-0.000361379,0.00887117,1.00064
15,20,0.242188,0.320312,1.00222,0.999984,0.504121,0,1.00141,1.00087,0.00412022,0,-0.000320576,0.00773005,1.00087
16,20,0.257812,0.320312,1.00386,0.998179,0.503381,0,1.00409,1.00111,0.00357882,0,-0.000282245,0.00668213,1.00112
17,20,0.273438,0.320312,1.00535,0.996538,0.50251,0,1.00654,1.00137,0.00289653,0,-0.000247939,0.00577229,1.00137
18,20,0.289062,0.320312,1.0066,0.995168,0.501541,0,1.00862,1.00162,0.00210255,0,-0.000217392,0.00497257,1.00162
19,20,0.304688,0.320312,1.00756,0.994145,0.500511,0,1.01021,1.00186,0.00123075,0,-0.000189753,0.00426925,1.00186
20,20,0.320312,0.320312,1.00818,0.993504,0.499469,0,1.01127,1.00209,0.000328309,0,-0.00016388,0.00364179,1.00209
21,20,0.335938,0.320312,1.00846,0.993243,0.498468,0,1.01177,1.00231,-0.000550785,0,-0.000138905,0.00308145,1.00231
22,20,0.351562,0.320312,1.00844,0.993329,0.497557,0,1.01178,1.00252,-0.00135423,0,-0.00011445,0.00258568,1.00252
23,20,0.367188,0.320312,1.00815,0.993704,0.496777,0,1.01136,1.00271,-0.00203871,0,-9.05636e-05,0.00215188,1.00271
24,20,0.382812,0.320312,1.00765,0.9943,0.496157,0,1.01061,1.00288,-0.00257475,0,-6.7544e-05,0.00177317,1.00289
25,20,0.398438,0.320312,1.007,0.995045,0.495709,0,1.00962,1.00304,-0.00294846,0,-4.57219e-05,0.00143648,1.00304
26,20,0.414062,0.320312,1.00626,0.99587,0.495432,0,1.00848,1.00317,-0.00316059,0,-2.53051e-05,0.00112393,1.00317
27,20,0.429688,0.320312,1.00547,0.996718,0.495314,0,1.00729,1.00328,-0.00322385,0,-6.328e-06,0.00081668,1.00328
28,20,0.445312,0.320312,1.00467,0.997542,0.495334,0,1.00609,1.00336,-0.00315945,0,1.13272e-05,0.000498372,1.00337
29,20,0.460938,0.320312,1.0039,0.998309,0.495467,0,1.00494,1.00342,-0.00299349,0,2.78757e-05,0.000157267,1.00342
30,20,0.476562,0.320312,1.00318,0.998997,0.495684,0,1.00388,1.00345,-0.00275347,0,4.35627e-05,-0.000212565,1.00346
31,20,0.492188,0.320312,1.00251,0.999596,0.49596,0,1.00292,1.00346,-0.00246545,0,5.86003e-05,-0.000611076,1.00346
32,20,0.507812,0.320312,1.00191,1.0001,0.496272,0,1.00207,1.00344,-0.00215191,0,7.31206e-05,-0.00103295,1.00344
33,20,0.523438,0.320312,1.00137,1.00052,0.496601,0,1.00133,1.00339,-0.00183068,0,8.71467e-05,-0.00146853,1.0034
34,20,0.539062,0.320312,1.0009,1.00086,0.496932,0,1.0007,1.00333,-0.00151471,0,0.000100591,-0.00190557,1.00333
35,20,0.554688,0.320312,1.00049,1.00113,0.497257,0,1.00016,1.00324,-0.00121254,0,0.000113272,-0.00233084,1.00324
36,20,0.570312,0.320312,1.00013,1.00133,0.497569,0,0.999717,1.00313,-0.000929109,0,0.000124946,-0.00273136,1.00313
37,20,0.585938,0.320312,0.999821,1.00149,0.497865,0,0.999346,1.00301,-0.000666848,0,0.00013534,-0.00309551,1.00301
38,20,0.601562,0.320312,0.999555,1.0016,0.498143,0,0.99904,1.00287,-0.000426572,0,0.000144184,-0.00341367,1.00287
39,20,0.617188,0.320312,0.999328,1.00169,0.498403,0,0.998788,1.00273,-0.000208167,0,0.000151239,-0.00367829,1.00273
40,20,0.632812,0.320312,0.999134,1.00174,0.498644,0,0.998583,1.00257,-1.10372e-05,0,0.000156309,-0.00388383,1.00257
41,20,0.648438,0.320312,0.99897,1.00178,0.498867,0,0.998416,1.0024,0.000165659,0,0.000159246,-0.00402642,1.0024
42,20,0.664062,0.320312,0.998833,1.00179,0.499073,0,0.998279,1.00223,0.000322898,0,0.000159952,-0.00410361,1.00223
43,20,0.679688,0.320312,0.998719,1.0018,0.499262,0,0.998167,1.00206,0.000461764,0,0.000158375,-0.00411413,1.00206
44,20,0.695312,0.320312,0.998624,1.0018,0.499437,0,0.998073,1.00188,0.000583448,0,0.000154501,-0.0040577,1.00188
45,20,0.710938,0.320312,0.998547,1.00179,0.499597,0,0.997993,1.00171,0.000689268,0,0.000148352,-0.00393487,1.00171
46,20,0.726562,0.320312,0.998484,1.00178,0.499745,0,0.997921,1.00153,0.000780687,0,0.000139977,-0.00374687,1.00153
47,20,0.742188,0.320312,0.998433,1.00177,0.499882,0,0.997854,1.00136,0.000859315,0,0.00012945,-0.00349552,1.00137
48,20,0.757812,0.320312,0.998391,1.00177,0.50001,0,0.997786,1.0012,0.000926917,0,0.000116858,-0.00318311,1.0012
49,20,0.773438,0.320312,0.998355,1.00177,0.500131,0,0.997715,1.00104,0.000985421,0,0.000102305,-0.00281236,1.00104
50,20,0.789062,0.320312,0.998321,1.00178,0.500247,0,0.997636,1.00089,0.00103684,0,8.58898e-05,-0.00238561,1.0009
51,20,0.804688,0.320312,0.998288,1.0018,0.500361,0,0.997546,1.00075,0.00108333,0,6.77206e-05,-0.00190597,1.00075
52,20,0.820312,0.320312,0.998253,1.00184,0.500474,0,0.99744,1.00062,0.0011272,0,4.7902e-05,-0.00137622,1.00062
53,20,0.835938,0.320312,0.998211,1.00189,0.50059,0,0.997315,1.0005,0.00117081,0,2.65271e-05,-0.000798811,1.0005
54,20,0.851562,0.320312,0.998159,1.00196,0.500711,0,0.997166,1.00038,0.00121663,0,3.67689e-06,-0.000175981,1.00038
55,20,0.867188,0.320312,0.998095,1.00206,0.50084,0,0.996989,1.00028,0.00126716,0,-2.05834e-05,0.000490451,1.00028
56,20,0.882812,0.320312,0.998014,1.00218,0.500979,0,0.996779,1.00018,0.00132498,0,-4.62062e-05,0.00119912,1.00018
57,20,0.898438,0.320312,0.997913,1.00234,0.501133,0,0.99653,1.00009,0.00139268,0,-7.31617e-05,0.00194908,1.00009
58,20,0.914062,0.320312,0.997788,1.00253,0.501302,0,0.996237,1.00001,0.00147286,0,-0.000101436,0.00273974,1.00001
59,20,0.929688,0.320312,0.997636,1.00276,0.501491,0,0.995895,0.999941,0.00156805,0,-0.000131023,0.00357057,0.999942
60,20,0.945312,0.320312,0.997451,1.00304,0.501702,0,0.995497,0.999876,0.00168066,0,-0.000161916,0.00444079,0.999878
61,20,0.960938,0.320312,0.997233,1.00336,0.501936,0,0.995039,0.999819,0.00181289,0,-0.00019409,0.00534876,0.99982
62,20,0.976562,0.320312,0.996978,1.00374,0.502194,0,0.994518,0.999767,0.0019666,0,-0.000227475,0.00629122,0.999769
63,20,0.992188,0.320312,0.996687,1.00417,0.502477,0,0.993934,0.999722,0.00214315,0,-0.000261929,0.00726229,0.999724
0,21,0.0078125,0.335938,0.99624,1.00492,0.502914,0,0.993048,0.999804,0.00249937,0,-0.00030832,0.0085692,0.999807
1,21,0.0234375,0.335938,0.995885,1.00547,0.503248,0,0.992341,0.999789,0.00273062,0,-0.000343194,0.00954574,0.999793
2,21,0.0390625,0.335938,0.995515,1.00604,0.503597,0,0.991608,0.999782,0.00298265,0,-0.000377318,0.010492,0.999786
3,21,0.0546875,0.335938,0.995148,1.00663,0.503954,0,0.990876,0.999784,0.00325177,0,-0.000409838,0.0113801,0.999789
4,21,0.0703125,0.335938,0.994808,1.00719,0.504309,0,0.990186,0.999796,0.00353254,0,-0.000439666,0.0121759,0.999802
5,21,0.0859375,0.335938,0.994527,1.00769,0.50465,0,0.989592,0.99982,0.00381751,0,-0.000465493,0.0128391,0.999828
6,21,0.101562,0.335938,0.994344,1.00809,0.504962,0,0.989158,0.99986,0.00409714,0,-0.000485837,0.0133258,0.999868
7,21,0.117188,0.335938,0.994301,1.00832,0.50523,0,0.988958,0.999916,0.00435976,0,-0.000499154,0.0135928,0.999926
8,21,0.132812,0.335938,0.994447,1.00833,0.505436,0,0.989072,0.999994,0.0045916,0,-0.000504029,0.0136028,1
9,21,0.148438,0.335938,0.994826,1.00807,0.505561,0,0.989576,1.00009,0.00477714,0,-0.000499445,0.0133342,1.00011
10,21,0.164062,0.335938,0.995471,1.00749,0.505589,0,0.990528,1.00022,0.00489968,0,-0.000485089,0.0127892,1.00023
11,21,0.179688,0.335938,0.996398,1.00656,0.505503,0,0.991958,1.00037,0.00494215,0,-0.000461608,0.0119995,1.00038
12,21,0.195312,0.335938,0.9976,1.00531,0.505293,0,0.993854,1.00055,0.00488805,0,-0.000430721,0.0110276,1.00056
13,21,0.210938,0.335938,0.999035,1.00376,0.50495,0,0.996151,1.00075,0.00472256,0,-0.000395088,0.00995942,1.00076
14,21,0.226562,0.335938,1.00063,1.00201,0.504472,0,0.998732,1.00097,0.00443364,0,-0.000357843,0.00888673,1.00098
15,21,0.242188,0.335938,1.0023,1.00017,0.503861,0,1.00144,1.0012,0.00401217,0,-0.000321731,0.00787515,1.00121
16,21,0.257812,0.335938,1.00392,0.998368,0.50312,0,1.00409,1.00144,0.00345139,0,-0.000288617,0.00696508,1.00144
17,21,0.273438,0.335938,1.0054,0.996735,0.502263,0,1.00652,1.00167,0.00275833,0,-0.000259362,0.00617776,1.00168
18,21,0.289062,0.335938,1.00664,0.99537,0.501323,0,1.00856,1.0019,0.00196021,0,-0.000232991,0.00546439,1.0019
19,21,0.304688,0.335938,1.00758,0.994346,0.500332,0,1.01012,1.00212,0.00108856,0,-0.000208125,0.00480106,1.00212
20,21,0.320312,0.335938,1.0082,0.993694,0.499333,0,1.01116,1.00232,0.000188393,0,-0.000183283,0.00416218,1.00232
21,21,0.335938,0.335938,1.0085,0.993412,0.498375,0,1.01167,1.00251,-0.00068767,0,-0.000157511,0.0035425,1.00251
22,21,0.351562,0.335938,1.00849,0.993468,0.497506,0,1.01169,1.00269,-0.00148769,0,-0.000130585,0.00294983,1.00269
23,21,0.367188,0.335938,1.00823,0.993809,0.496766,0,1.0113,1.00286,-0.00216794,0,-0.000102903,0.0023954,1.00286
24,21,0.382812,0.335938,1.00775,0.994367,0.496182,0,1.01058,1.00301,-0.00269818,0,-7.5216e-05,0.00188632,1.00302
25,21,0.398438,0.335938,1.00713,0.995075,0.495766,0,1.00963,1.00315,-0.00306378,0,-4.83269e-05,0.00142149,1.00315
26,21,0.414062,0.335938,1.00641,0.995867,0.495519,0,1.00854,1.00327,-0.00326507,0,-2.28646e-05,0.000991527,1.00328
27,21,0.429688,0.335938,1.00564,0.996688,0.495427,0,1.00737,1.00337,-0.00331472,0,8.10104e-07,0.000582412,1.00338
28,21,0.445312,0.335938,1.00486,0.997492,0.495469,0,1.0062,1.00345,-0.00323429,0,2.26014e-05,0.000179394,1.00345
29,21,0.460938,0.335938,1.0041,0.998244,0.495621,0,1.00508,1.0035,-0.00305049,0,4.26197e-05,-0.000230105,1.00351
30,21,0.476562,0.335938,1.00338,0.998924,0.495855,0,1.00403,1.00353,-0.00279159,0,6.10968e-05,-0.000654414,1.00353
31,21,0.492188,0.335938,1.00271,0.999518,0.496144,0,1.00307,1.00353,-0.0024844,0,7.82964e-05,-0.00109652,1.00353
32,21,0.507812,0.335938,1.00211,1.00002,0.496466,0,1.00223,1.00351,-0.00215216,0,9.4439e-05,-0.00155401,1.00351
33,21,0.523438,0.335938,1.00156,1.00044,0.496801,0,1.00149,1.00346,-0.00181325,0,0.000109647,-0.00201953,1.00346
34,21,0.539062,0.335938,1.00108,1.00078,0.497136,0,1.00085,1.00339,-0.00148104,0,0.000123924,-0.00248229,1.00339
35,21,0.554688,0.335938,1.00066,1.00105,0.497462,0,1.00031,1.00329,-0.00116427,0,0.000137164,-0.00292961,1.00329
36,21,0.570312,0.335938,1.00028,1.00126,0.497773,0,0.999861,1.00318,-0.000868008,0,0.00014917,-0.00334844,1.00318
37,21,0.585938,0.335938,0.999959,1.00142,0.498065,0,0.999482,1.00305,-0.000594663,0,0.000159698,-0.00372659,1.00305
38,21,0.601562,0.335938,0.999677,1.00153,0.498338,0,0.999167,1.0029,-0.000344988,0,0.00016849,-0.00405372,1.0029
39,21,0.617188,0.335938,0.999433,1.00162,0.498592,0,0.998908,1.00275,-0.000118767,0,0.000175307,-0.00432156,1.00275
40,21,0.632812,0.335938,0.999222,1.00167,0.498826,0,0.998694,1.00258,8.47036e-05,0,0.00017995,-0.00452397,1.00258
41,21,0.648438,0.335938,0.999042,1.00171,0.499042,0,0.998518,1.00241,0.000266383,0,0.000182264,-0.00465673,1.00241
42,21,0.664062,0.335938,0.998889,1.00173,0.49924,0,0.998372,1.00223,0.000427365,0,0.00018215,-0.00471726,1.00223
43,21,0.679688,0.335938,0.998759,1.00174,0.499421,0,0.998251,1.00205,0.000568857,0,0.000179556,-0.00470436,1.00205
44,21,0.695312,0.335938,0.99865,1.00174,0.499588,0,0.998148,1.00187,0.00069218,0,0.000174474,-0.00461802,1.00187
45,21,0.710938,0.335938,0.998559,1.00173,0.49974,0,0.998058,1.00169,0.000798792,0,0.000166937,-0.0044592,1.00169
46,21,0.726562,0.335938,0.998483,1.00173,0.49988,0,0.997977,1.00151,0.000890302,0,0.000157006,-0.00422969,1.00151
47,21,0.742188,0.335938,0.99842,1.00173,0.50001,0,0.997899,1.00134,0.000968479,0,0.000144772,-0.00393192,1.00134
48,21,0.757812,0.335938,0.998367,1.00173,0.500131,0,0.997821,1.00118,0.00103525,0,0.000130344,-0.00356888,1.00118
49,21,0.773438,0.335938,0.998322,1.00174,0.500246,0,0.997739,1.00102,0.00109271,0,0.000113844,-0.00314402,1.00102
50,21,0.789062,0.335938,0.99828,1.00176,0.500356,0,0.997648,1.00087,0.00114304,0,9.53968e-05,-0.00266042,1.00087
51,21,0.804688,0.335938,0.99824,1.00179,0.500465,0,0.997546,1.00073,0.00118857,0,7.51299e-05,-0.00212182,1.00073
52,21,0.820312,0.335938,0.998198,1.00184,0.500574,0,0.997426,1.00061,0.00123175,0,5.31756e-05,-0.00153199,1.00061
53,21,0.835938,0.335938,0.99815,1.00191,0.500686,0,0.997287,1.00049,0.00127513,0,2.9652e-05,-0.000894023,1.00049
54,21,0.851562,0.335938,0.998093,1.002,0.500805,0,0.997123,1.00038,0.00132129,0,4.66743e-06,-0.000210994,1.00038
55,21,0.867188,0.335938,0.998024,1.00211,0.500933,0,0.996929,1.00028,0.00137289,0,-2.16834e-05,0.000514434,1.00028
56,21,0.882812,0.335938,0.997938,1.00225,0.501072,0,0.9967,1.00019,0.00143262,0,-4.93202e-05,0.00127997,1.00019
57,21,0.898438,0.335938,0.997832,1.00243,0.501227,0,0.996432,1.00012,0.00150316,0,-7.81767e-05,0.00208369,1.00012
58,21,0.914062,0.335938,0.997701,1.00265,0.501399,0,0.996119,1.00005,0.00158718,0,-0.000108197,0.00292385,1.00005
59,21,0.929688,0.335938,0.997542,1.0029,0.501592,0,0.995755,0.999988,0.00168725,0,-0.00013933,0.00379871,0.999989
60,21,0.945312,0.335938,0.997352,1.00321,0.501807,0,0.995335,0.999936,0.00180577,0,-0.000171516,0.00470611,0.999938
61,21,0.960938,0.335938,0.997127,1.00356,0.502046,0,0.994855,0.999892,0.00194486,0,-0.000204675,0.00564298,0.999894
62,21,0.976562,0.335938,0.996866,1.00396,0.502311,0,0.994313,0.999856,0.00210623,0,-0.00023868,0.00660458,0.999858
63,21,0.992188,0.335938,0.996569,1.00442,0.502601,0,0.993709,0.999826,0.00229097,0,-0.00027333,0.0075836,0.999829
0,22,0.0078125,0.351562,0.996122,1.00521,0.503036,0,0.992814,0.999939,0.00264185,0,-0.000318156,0.00884637,0.999943
1,22,0.0234375,0.351562,0.995765,1.00578,0.503372,0,0.992096,0.999943,0.00287975,0,-0.000351956,0.00979673,0.999948
2,22,0.0390625,0.351562,0.995397,1.00637,0.50372,0,0.991357,0.999956,0.00313721,0,-0.000384463,0.0107029,0.999961
3,22,0.0546875,0.351562,0.995035,1.00697,0.504073,0,0.990626,0.999978,0.00340978,0,-0.000414845,0.0115378,0.999984
4,22,0.0703125,0.351562,0.994704,1.00754,0.504419,0,0.989947,1.00001,0.00369107,0,-0.000442077,0.012269,1.00002
5,22,0.0859375,0.351562,0.994438,1.00804,0.504746,0,0.989372,1.00006,0.00397265,0,-0.000464955,0.0128592,1.00007
6,22,0.101562,0.351562,0.994273,1.00843,0.505037,0,0.988967,1.00012,0.00424401,0,-0.000482158,0.0132691,1.00013
7,22,0.117188,0.351562,0.994254,1.00865,0.505276,0,0.988805,1.0002,0.00449262,0,-0.000492361,0.0134609,1.00021
8,22,0.132812,0.351562,0.994428,1.00864,0.505445,0,0.988963,1.00029,0.00470422,0,-0.000494416,0.013405,1.0003
9,22,0.148438,0.351562,0.994835,1.00835,0.505527,0,0.989515,1.00041,0.00486338,0,-0.000487616,0.0130878,1.00042
10,22,0.164062,0.351562,0.995509,1.00774,0.505506,0,0.990515,1.00055,0.00495429,0,-0.000471971,0.0125201,1.00056
11,22,0.179688,0.351562,0.996462,1.00679,0.50537,0,0.991987,1.00072,0.00496168,0,-0.000448413,0.0117412,1.00073
12,22,0.195312,0.351562,0.997681,1.00551,0.505111,0,0.993912,1.0009,0.00487178,0,-0.000418863,0.0108183,1.00091
13,22,0.210938,0.351562,0.999124,1.00395,0.504729,0,0.99622,1.0011,0.00467303,0,-0.000386021,0.00983714,1.00111
14,22,0.226562,0.351562,1.00072,1.0022,0.504224,0,0.998791,1.00132,0.00435657,0,-0.000352857,0.00888298,1.00133
15,22,0.242188,0.351562,1.00237,1.00037,0.503603,0,1.00147,1.00154,0.00391537,0,-0.000321739,0.00800892,1.00155
16,22,0.257812,0.351562,1.00397,0.998588,0.502869,0,1.00408,1.00176,0.0033433,0,-0.000294003,0.00723869,1.00177
17,22,0.273438,0.351562,1.00542,0.996975,0.502035,0,1.00644,1.00198,0.00264672,0,-0.000269817,0.0065707,1.00198
18,22,0.289062,0.351562,1.00664,0.995626,0.50113,0,1.00844,1.00218,0.00185005,0,-0.00024756,0.00593798,1.00218
19,22,0.304688,0.351562,1.00757,0.994607,0.500181,0,1.00996,1.00237,0.000981979,0,-0.000225361,0.00530687,1.00237
20,22,0.320312,0.351562,1.00818,0.993947,0.499226,0,1.01098,1.00255,8.50259e-05,0,-0.000201442,0.00464825,1.00255
21,22,0.335938,0.351562,1.00849,0.993644,0.498311,0,1.01149,1.00271,-0.000789493,0,-0.00017478,0.00396116,1.00271
22,22,0.351562,0.351562,1.0085,0.993666,0.497481,0,1.01153,1.00286,-0.00158965,0,-0.000145316,0.00326429,1.00286
23,22,0.367188,0.351562,1.00826,0.993963,0.496776,0,1.01118,1.00301,-0.00227075,0,-0.00011379,0.00258307,1.00301
24,22,0.382812,0.351562,1.00783,0.994475,0.496223,0,1.01051,1.00314,-0.00280108,0,-8.13964e-05,0.00193897,1.00314
25,22,0.398438,0.351562,1.00724,0.995136,0.495835,0,1.00961,1.00326,-0.00316463,0,-4.94035e-05,0.00134306,1.00327
26,22,0.414062,0.351562,1.00655,0.995885,0.495613,0,1.00856,1.00337,-0.00336071,0,-1.88602e-05,0.000794553,1.00337
27,22,0.429688,0.351562,1.00581,0.99667,0.495544,0,1.00744,1.00346,-0.00340156,0,9.54492e-06,0.000284205,1.00347
28,22,0.445312,0.351562,1.00506,0.997444,0.495608,0,1.00631,1.00353,-0.00330885,0,3.54979e-05,-0.000201343,1.00354
29,22,0.460938,0.351562,1.00431,0.998175,0.49578,0,1.00522,1.00358,-0.00310983,0,5.89997e-05,-0.000675824,1.00358
30,22,0.476562,0.351562,1.0036,0.998839,0.49603,0,1.00419,1.0036,-0.0028336,0,8.02644e-05,-0.00115033,1.00361
31,22,0.492188,0.351562,1.00294,0.999424,0.496334,0,1.00325,1.0036,-0.00250796,0,9.96047e-05,-0.00163125,1.00361
32,22,0.507812,0.351562,1.00233,0.999924,0.496667,0,1.00241,1.00357,-0.00215705,0,0.000117328,-0.0021194,1.00358
33,22,0.523438,0.351562,1.00178,1.00034,0.497012,0,1.00167,1.00352,-0.00180008,0,0.000133656,-0.00261,1.00352
34,22,0.539062,0.351562,1.00129,1.00068,0.497353,0,1.00104,1.00344,-0.001451,0,0.000148688,-0.00309386,1.00344
35,22,0.554688,0.351562,1.00085,1.00095,0.497681,0,1.00049,1.00334,-0.00111899,0,0.00016239,-0.00355902,1.00334
36,22,0.570312,0.351562,1.00046,1.00116,0.497992,0,1.00003,1.00322,-0.000809323,0,0.000174622,-0.00399232,1.00322
37,22,0.585938,0.351562,1.00012,1.00132,0.498283,0,0.999648,1.00308,-0.000524474,0,0.000185169,-0.00438101,1.00308
38,22,0.601562,0.351562,0.999824,1.00144,0.498553,0,0.999326,1.00293,-0.000265167,0,0.000193788,-0.00471395,1.00293
39,22,0.617188,0.351562,0.999562,1.00152,0.498801,0,0.999057,1.00276,-3.10983e-05,0,0.000200243,-0.00498205,1.00276
40,22,0.632812,0.351562,0.999333,1.00158,0.499029,0,0.998834,1.00259,0.000178565,0,0.000204332,-0.00517855,1.00259
41,22,0.648438,0.351562,0.999135,1.00161,0.499237,0,0.998648,1.00241,0.000364922,0,0.000205899,-0.0052988,1.00241
42,22,0.664062,0.351562,0.998964,1.00164,0.499427,0,0.998493,1.00222,0.000529219,0,0.000204842,-0.00534005,1.00222
43,22,0.679688,0.351562,0.998816,1.00165,0.4996,0,0.998361,1.00203,0.000672821,0,0.000201112,-0.00530118,1.00203
44,22,0.695312,0.351562,0.99869,1.00165,0.499758,0,0.998248,1.00185,0.000797213,0,0.000194709,-0.00518246,1.00185
45,22,0.710938,0.351562,0.998583,1.00166,0.499901,0,0.998148,1.00166,0.000904023,0,0.000185677,-0.00498532,1.00166
46,22,0.726562,0.351562,0.998493,1.00166,0.500033,0,0.998055,1.00149,0.000995034,0,0.000174095,-0.00471213,1.00149
47,22,0.742188,0.351562,0.998416,1.00166,0.500155,0,0.997966,1.00131,0.00107219,0,0.000160069,-0.00436598,1.00131
48,22,0.757812,0.351562,0.998351,1.00168,0.500268,0,0.997876,1.00115,0.00113761,0,0.00014373,-0.00395061,1.00115
49,22,0.773438,0.351562,0.998295,1.0017,0.500376,0,0.997782,1.001,0.00119354,0,0.000125224,-0.00347024,1.001
50,22,0.789062,0.351562,0.998243,1.00173,0.500479,0,0.997678,1.00085,0.00124235,0,0.0001047,-0.00292884,1.00085
51,22,0.804688,0.351562,0.998195,1.00177,0.500582,0,0.997561,1.00072,0.00128656,0,8.23063e-05,-0.0023307,1.00072
52,22,0.820312,0.351562,0.998145,1.00183,0.500686,0,0.997427,1.00059,0.00132875,0,5.82036e-05,-0.0016806,1.00059
53,22,0.835938,0.351562,0.99809,1.00192,0.500795,0,0.997272,1.00048,0.00137162,0,3.25363e-05,-0.000982428,1.00048
54,22,0.851562,0.351562,0.998028,1.00202,0.500911,0,0.99709,1.00038,0.00141789,0,5.4408e-06,-0.000240056,1.00038
55,22,0.867188,0.351562,0.997953,1.00216,0.501036,0,0.996879,1.00029,0.00147034,0,-2.29577e-05,0.000542953,1.00029
56,22,0.882812,0.351562,0.997861,1.00232,0.501175,0,0.996631,1.00021,0.00153174,0,-5.25451e-05,0.00136335,1.00021
57,22,0.898438,0.351562,0.99775,1.00252,0.501329,0,0.996343,1.00015,0.00160485,0,-8.32171e-05,0.00221816,1.00015
58,22,0.914062,0.351562,0.997614,1.00276,0.501503,0,0.996008,1.00009,0.0016924,0,-0.000114875,0.00310448,1.00009
59,22,0.929688,0.351562,0.997449,1.00305,0.501697,0,0.995622,1.00004,0.00179694,0,-0.00014742,0.00401928,1.00004
60,22,0.945312,0.351562,0.997253,1.00338,0.501915,0,0.99518,1.00001,0.00192085,0,-0.00018074,0.00495902,1.00001
61,22,0.960938,0.351562,0.997022,1.00376,0.502158,0,0.994678,0.999976,0.00206614,0,-0.000214697,0.00591913,0.999979
62,22,0.976562,0.351562,0.996756,1.00419,0.502426,0,0.994115,0.999956,0.00223434,0,-0.000249106,0.0068934,0.999958
63,22,0.992188,0.351562,0.996454,1.00467,0.50272,0,0.993491,0.999944,0.00242628,0,-0.00028371,0.00787315,0.999947
0,23,0.0078125,0.367188,0.996009,1.00549,0.503149,0,0.992592,1.00009,0.00276908,0,-0.000326522,0.00907984,1.00009
1,23,0.0234375,0.367188,0.995652,1.00608,0.503482,0,0.991864,1.00011,0.00301219,0,-0.000358966,0.00999584,1.00012
2,23,0.0390625,0.367188,0.995288,1.0067,0.503826,0,0.991122,1.00015,0.00327358,0,-0.000389571,0.0108537,1.00015
3,23,0.0546875,0.367188,0.994933,1.0073,0.504171,0,0.990397,1.00019,0.00354803,0,-0.000417536,0.0116276,1.0002
4,23,0.0703125,0.367188,0.994615,1.00788,0.504504,0,0.989732,1.00024,0.00382835,0,-0.000441907,0.0122871,1.00025
5,23,0.0859375,0.367188,0.994365,1.00838,0.504813,0,0.989182,1.00031,0.00410525,0,-0.000461605,0.0127987,1.00032
6,23,0.101562,0.367188,0.994223,1.00876,0.50508,0,0.98881,1.00039,0.0043674,0,-0.000475489,0.0131279,1.0004
7,23,0.117188,0.367188,0.994231,1.00896,0.505289,0,0.988691,1.00049,0.00460165,0,-0.000482468,0.0132436,1.0005
8,23,0.132812,0.367188,0.994434,1.00893,0.50542,0,0.988899,1.00061,0.00479346,0,-0.000481683,0.0131236,1.00062
9,23,0.148438,0.367188,0.994872,1.00861,0.505459,0,0.989502,1.00074,0.0049277,0,-0.000472753,0.0127633,1.00075
10,23,0.164062,0.367188,0.995574,1.00797,0.505392,0,0.99055,1.0009,0.00498968,0,-0.000456007,0.0121816,1.00091
11,23,0.179688,0.367188,0.99655,1.00699,0.505209,0,0.99206,1.00107,0.0049661,0,-0.000432649,0.0114246,1.00108
12,23,0.195312,0.367188,0.997782,1.0057,0.50491,0,0.994006,1.00126,0.00484592,0,-0.000404759,0.0105628,1.00127
13,23,0.210938,0.367188,0.999225,1.00414,0.504495,0,0.996313,1.00147,0.00462071,0,-0.000375024,0.00967986,1.00148
14,23,0.226562,0.367188,1.0008,1.0024,0.503973,0,0.998858,1.00168,0.00428443,0,-0.000346187,0.00885209,1.00169
15,23,0.242188,0.367188,1.00243,1.00059,0.503351,0,1.00149,1.00189,0.00383163,0,-0.00032021,0.0081198,1.00189
16,23,0.257812,0.367188,1.00399,0.99884,0.502632,0,1.00403,1.00209,0.00325617,0,-0.000297882,0.00748883,1.0021
17,23,0.273438,0.367188,1.00541,0.997259,0.501829,0,1.00633,1.00228,0.00256292,0,-0.000278708,0.00693606,1.00229
18,23,0.289062,0.367188,1.00659,0.995936,0.500964,0,1.00825,1.00246,0.00177288,0,-0.000260484,0.00637907,1.00246
19,23,0.304688,0.367188,1.0075,0.994929,0.500059,0,1.00973,1.00262,0.000911375,0,-0.000240893,0.00577485,1.00262
20,23,0.320312,0.367188,1.00811,0.994264,0.499149,0,1.01072,1.00277,1.82483e-05,0,-0.00021789,0.00509167,1.00277
21,23,0.335938,0.367188,1.00843,0.993938,0.498274,0,1.01123,1.0029,-0.000856447,0,-0.000190392,0.00433307,1.0029
22,23,0.351562,0.367188,1.00846,0.993921,0.49748,0,1.0113,1.00303,-0.00166046,0,-0.000158484,0.0035285,1.00303
23,23,0.367188,0.367188,1.00826,0.994169,0.496805,0,1.01099,1.00315,-0.00234757,0,-0.000123225,0.00271754,1.00315
24,23,0.382812,0.367188,1.00786,0.994625,0.496278,0,1.01038,1.00326,-0.00288396,0,-8.62271e-05,0.00193605,1.00326
25,23,0.398438,0.367188,1.00732,0.995229,0.495913,0,1.00954,1.00337,-0.00325155,0,-4.92076e-05,0.00120747,1.00337
26,23,0.414062,0.367188,1.00668,0.995926,0.495712,0,1.00856,1.00346,-0.00344809,0,-1.36277e-05,0.00053982,1.00347
27,23,0.429688,0.367188,1.00597,0.996664,0.495664,0,1.0075,1.00354,-0.00348497,0,1.94941e-05,-7.12859e-05,1.00355
28,23,0.445312,0.367188,1.00525,0.997401,0.495748,0,1.00642,1.00361,-0.00338373,0,4.96181e-05,-0.000637792,1.00361
29,23,0.460938,0.367188,1.00452,0.998102,0.495938,0,1.00536,1.00365,-0.00317211,0,7.66249e-05,-0.00117468,1.00366
30,23,0.476562,0.367188,1.00383,0.998745,0.496207,0,1.00436,1.00367,-0.00288012,0,0.000100699,-0.00169598,1.00368
31,23,0.492188,0.367188,1.00317,0.999315,0.496527,0,1.00344,1.00367,-0.00253668,0,0.000122193,-0.00221169,1.00367
32,23,0.507812,0.367188,1.00257,0.999805,0.496875,0,1.00261,1.00363,-0.0021671,0,0.000141491,-0.00272609,1.00364
33,23,0.523438,0.367188,1.00201,1.00022,0.49723,0,1.00188,1.00358,-0.00179162,0,0.000158913,-0.00323718,1.00358
34,23,0.539062,0.367188,1.00152,1.00055,0.49758,0,1.00125,1.00349,-0.00142502,0,0.000174648,-0.00373757,1.00349
35,23,0.554688,0.367188,1.00107,1.00082,0.497914,0,1.0007,1.00338,-0.00107707,0,0.000188741,-0.00421611,1.00338
36,23,0.570312,0.367188,1.00067,1.00103,0.498228,0,1.00024,1.00325,-0.000753382,0,0.000201105,-0.00465965,1.00325
37,23,0.585938,0.367188,1.00031,1.00119,0.498518,0,0.999846,1.00311,-0.000456582,0,0.000211561,-0.0050549,1.00311
38,23,0.601562,0.367188,0.999996,1.00131,0.498785,0,0.999515,1.00295,-0.000187404,0,0.000219886,-0.00538989,1.00295
39,23,0.617188,0.367188,0.999716,1.00139,0.499029,0,0.999237,1.00277,5.45405e-05,0,0.00022585,-0.00565473,1.00277
40,23,0.632812,0.367188,0.999469,1.00145,0.499251,0,0.999004,1.00259,0.000270225,0,0.000229252,-0.00584196,1.00259
41,23,0.648438,0.367188,0.999251,1.00149,0.499452,0,0.998808,1.0024,0.00046092,0,0.000229937,-0.00594649,1.0024
42,23,0.664062,0.367188,0.99906,1.00152,0.499634,0,0.998642,1.00221,0.00062806,0,0.000227806,-0.00596542,1.00221
43,23,0.679688,0.367188,0.998894,1.00154,0.499798,0,0.9985,1.00202,0.000773206,0,0.000222815,-0.00589772,1.00202
44,23,0.695312,0.367188,0.998749,1.00155,0.499947,0,0.998375,1.00182,0.000898045,0,0.000214974,-0.00574396,1.00183
45,23,0.710938,0.367188,0.998624,1.00156,0.500081,0,0.998263,1.00164,0.00100441,0,0.000204341,-0.00550608,1.00164
46,23,0.726562,0.367188,0.998516,1.00157,0.500204,0,0.998158,1.00146,0.00109428,0,0.000191013,-0.00518707,1.00146
47,23,0.742188,0.367188,0.998424,1.00158,0.500317,0,0.998056,1.00129,0.0011698,0,0.000175117,-0.00479077,1.00129
48,23,0.757812,0.367188,0.998345,1.0016,0.500421,0,0.997953,1.00112,0.00123329,0,0.000156805,-0.00432169,1.00112
49,23,0.773438,0.367188,0.998275,1.00163,0.500521,0,0.997844,1.00097,0.00128718,0,0.000136247,-0.00378484,1.00097
50,23,0.789062,0.367188,0.998212,1.00168,0.500617,0,0.997726,1.00083,0.00133403,0,0.000113618,-0.00318515,1.00083
51,23,0.804688,0.367188,0.998153,1.00174,0.500713,0,0.997594,1.0007,0.00137651,0,8.90921e-05,-0.00252754,1.0007
52,23,0.820312,0.367188,0.998094,1.00182,0.500811,0,0.997444,1.00058,0.00141737,0,6.28538e-05,-0.00181774,1.00058
53,23,0.835938,0.367188,0.998032,1.00192,0.500915,0,0.997271,1.00048,0.00145942,0,3.50763e-05,-0.00106048,1.00048
54,23,0.851562,0.367188,0.997963,1.00204,0.501026,0,0.997072,1.00039,0.00150553,0,5.92419e-06,-0.000260483,1.00039
55,23,0.867188,0.367188,0.997882,1.0022,0.501149,0,0.996841,1.00031,0.00155855,0,-2.44462e-05,0.00057779,1.00031
56,23,0.882812,0.367188,0.997785,1.00239,0.501285,0,0.996573,1.00024,0.00162134,0,-5.58864e-05,0.00145011,1.00024
57,23,0.898438,0.367188,0.997668,1.00261,0.501439,0,0.996263,1.00018,0.00169671,0,-8.8254e-05,0.00235241,1.00019
58,23,0.914062,0.367188,0.997526,1.00288,0.501612,0,0.995907,1.00014,0.00178739,0,-0.000121407,0.00328062,1.00014
59,23,0.929688,0.367188,0.997356,1.00319,0.501806,0,0.995498,1.00011,0.00189594,0,-0.000155198,0.00423042,1.00011
60,23,0.945312,0.367188,0.997155,1.00355,0.502025,0,0.995033,1.00009,0.00202464,0,-0.000189463,0.00519687,1.00009
61,23,0.960938,0.367188,0.996919,1.00396,0.502269,0,0.994509,1.00007,0.00217539,0,-0.000224006,0.00617393,1.00007
62,23,0.976562,0.367188,0.996648,1.00442,0.502539,0,0.993925,1.00007,0.00234953,0,-0.000258584,0.00715394,1.00007
63,23,0.992188,0.367188,0.996343,1.00493,0.502833,0,0.993283,1.00007,0.00254758,0,-0.00029289,0.00812692,1.00008
0,24,0.0078125,0.382812,0.995902,1.00577,0.50325,0,0.992383,1.00025,0.00287961,0,-0.000333267,0.00926653,1.00026
1,24,0.0234375,0.382812,0.995548,1.00639,0.503577,0,0.991648,1.0003,0.00312652,0,-0.00036409,0.0101405,1.0003
2,24,0.0390625,0.382812,0.995188,1.00702,0.503913,0,0.990906,1.00035,0.0033903,0,-0.000392535,0.0109427,1.00036
3,24,0.0546875,0.382812,0.994844,1.00764,0.504246,0,0.990189,1.00042,0.00366512,0,-0.00041784,0.0116487,1.00042
4,24,0.0703125,0.382812,0.99454,1.00822,0.504564,0,0.989543,1.00049,0.00394305,0,-0.000439137,0.0122308,1.0005
5,24,0.0859375,0.382812,0.99431,1.00871,0.504851,0,0.989021,1.00058,0.00421411,0,-0.000455482,0.0126594,1.00059
6,24,0.101562,0.382812,0.994192,1.00908,0.505092,0,0.988688,1.00069,0.00446632,0,-0.000465926,0.0129056,1.0007
7,24,0.117188,0.382812,0.994229,1.00926,0.505268,0,0.988615,1.0008,0.0046861,0,-0.000469628,0.0129449,1.00081
8,24,0.132812,0.382812,0.994463,1.0092,0.505362,0,0.988876,1.00094,0.00485888,0,-0.000466028,0.0127636,1.00095
9,24,0.148438,0.382812,0.994933,1.00885,0.50536,0,0.989532,1.00109,0.00497007,0,-0.000455072,0.0123657,1.0011
10,24,0.164062,0.382812,0.995663,1.00819,0.505249,0,0.990626,1.00126,0.00500625,0,-0.0004374,0.011778,1.00127
11,24,0.179688,0.382812,0.996658,1.00719,0.505026,0,0.99217,1.00144,0.00495621,0,-0.000414465,0.0110523,1.00145
12,24,0.195312,0.382812,0.997898,1.00588,0.504692,0,0.994129,1.00163,0.00481161,0,-0.000388462,0.0102609,1.00164
13,24,0.210938,0.382812,0.999333,1.00432,0.504254,0,0.996423,1.00183,0.00456694,0,-0.000362015,0.00948335,1.00184
14,24,0.226562,0.382812,1.00089,1.0026,0.503724,0,0.998927,1.00204,0.00421859,0,-0.000337599,0.008786,1.00205
15,24,0.242188,0.382812,1.00248,1.00083,0.503109,0,1.00149,1.00224,0.00376215,0,-0.000316751,0.00819567,1.00224
16,24,0.257812,0.382812,1.004,0.999126,0.502414,0,1.00395,1.00242,0.00319084,0,-0.000299739,0.00770127,1.00243
17,24,0.273438,0.382812,1.00536,0.997589,0.501648,0,1.00616,1.00259,0.00250741,0,-0.000285447,0.0072591,1.00259
18,24,0.289062,0.382812,1.00651,0.996299,0.500826,0,1.00801,1.00274,0.00172879,0,-0.000271164,0.00677407,1.00274
19,24,0.304688,0.382812,1.00739,0.995311,0.499968,0,1.00943,1.00287,0.000876606,0,-0.000254173,0.00619416,1.00287
20,24,0.320312,0.382812,1.008,0.994644,0.499101,0,1.01039,1.00299,-1.22069e-05,0,-0.000232183,0.00548535,1.00299
21,24,0.335938,0.382812,1.00832,0.994293,0.498264,0,1.0109,1.00309,-0.000888796,0,-0.000204039,0.00465524,1.00309
22,24,0.351562,0.382812,1.00838,0.994234,0.497501,0,1.011,1.00319,-0.00170029,0,-0.00016994,0.00374334,1.00319
23,24,0.367188,0.382812,1.00822,0.994426,0.496851,0,1.01074,1.00329,-0.00239845,0,-0.000131216,0.00280288,1.00329
24,24,0.382812,0.382812,1.00787,0.994818,0.496344,0,1.0102,1.00338,-0.00294675,0,-8.98575e-05,0.00188388,1.00338
25,24,0.398438,0.382812,1.00738,0.995357,0.495998,0,1.00943,1.00347,-0.00332439,0,-4.80026e-05,0.00102228,1.00347
26,24,0.414062,0.382812,1.00678,0.995991,0.495814,0,1.00852,1.00355,-0.00352704,0,-7.51244e-06,0.000235172,1.00356
27,24,0.429688,0.382812,1.00612,0.996673,0.495783,0,1.00753,1.00362,-0.00356481,0,3.02637e-05,-0.000476624,1.00363
28,24,0.445312,0.382812,1.00543,0.997362,0.495885,0,1.00651,1.00368,-0.00345887,0,6.45496e-05,-0.0011234,1.00369
29,24,0.460938,0.382812,1.00474,0.998026,0.496095,0,1.0055,1.00372,-0.00323736,0,9.50884e-05,-0.00172124,1.00372
30,24,0.476562,0.382812,1.00406,0.998641,0.496383,0,1.00454,1.00373,-0.00293127,0,0.000122017,-0.00228705,1.00374
31,24,0.492188,0.382812,1.00342,0.99919,0.496721,0,1.00364,1.00372,-0.00257079,0,0.000145709,-0.00283449,1.00373
32,24,0.507812,0.382812,1.00282,0.999667,0.497085,0,1.00284,1.00369,-0.00218262,0,0.000166614,-0.00337142,1.00369
33,24,0.523438,0.382812,1.00227,1.00007,0.497454,0,1.00212,1.00362,-0.00178825,0,0.000185136,-0.00389878,1.00362
34,24,0.539062,0.382812,1.00177,1.0004,0.497815,0,1.00149,1.00353,-0.00140353,0,0.000201553,-0.00441118,1.00353
35,24,0.554688,0.382812,1.00131,1.00067,0.498158,0,1.00094,1.00342,-0.00103896,0,0.000215984,-0.00489843,1.00342
36,24,0.570312,0.382812,1.0009,1.00087,0.498476,0,1.00047,1.00328,-0.000700659,0,0.000228401,-0.00534754,1.00328
37,24,0.585938,0.382812,1.00053,1.00103,0.498769,0,1.00007,1.00312,-0.00039148,0,0.000238664,-0.00574475,1.00313
38,24,0.601562,0.382812,1.0002,1.00115,0.499035,0,0.999735,1.00295,-0.000112212,0,0.000246574,-0.00607737,1.00295
39,24,0.617188,0.382812,0.999898,1.00124,0.499275,0,0.999448,1.00277,0.000137611,0,0.000251913,-0.0063347,1.00277
40,24,0.632812,0.382812,0.999631,1.0013,0.499491,0,0.999205,1.00258,0.000359117,0,0.000254488,-0.00650863,1.00258
41,24,0.648438,0.382812,0.999393,1.00135,0.499686,0,0.998999,1.00239,0.000553778,0,0.00025415,-0.00659366,1.00239
42,24,0.664062,0.382812,0.999181,1.00138,0.499859,0,0.998821,1.00219,0.000723254,0,0.000250806,-0.00658674,1.00219
43,24,0.679688,0.382812,0.998993,1.0014,0.500015,0,0.998667,1.00199,0.000869343,0,0.000244422,-0.00648695,1.00199
44,24,0.695312,0.382812,0.998828,1.00142,0.500154,0,0.998529,1.0018,0.000993971,0,0.000235023,-0.00629525,1.0018
45,24,0.710938,0.382812,0.998683,1.00143,0.500279,0,0.998404,1.00161,0.00109921,0,0.000222684,-0.00601412,1.00161
46,24,0.726562,0.382812,0.998556,1.00145,0.500391,0,0.998286,1.00143,0.00118727,0,0.00020752,-0.00564722,1.00143
47,24,0.742188,0.382812,0.998445,1.00148,0.500494,0,0.99817,1.00125,0.00126052,0,0.000189682,-0.00519917,1.00126
48,24,0.757812,0.382812,0.998349,1.00151,0.50059,0,0.998053,1.00109,0.00132148,0,0.000169346,-0.0046753,1.00109
49,24,0.773438,0.382812,0.998264,1.00155,0.50068,0,0.997929,1.00094,0.0013728,0,0.000146707,-0.00408145,1.00094
50,24,0.789062,0.382812,0.998188,1.00161,0.500768,0,0.997795,1.00081,0.00141721,0,0.000121966,-0.00342351,1.00081
51,24,0.804688,0.382812,0.998117,1.00169,0.500856,0,0.997646,1.00068,0.00145755,0,9.53243e-05,-0.00270722,1.00068
52,24,0.820312,0.382812,0.998048,1.00179,0.500948,0,0.997479,1.00057,0.00149671,0,6.69894e-05,-0.00193898,1.00058
53,24,0.835938,0.382812,0.997977,1.00191,0.501045,0,0.997288,1.00048,0.00153763,0,3.71639e-05,-0.00112459,1.00048
54,24,0.851562,0.382812,0.997899,1.00206,0.501152,0,0.997069,1.0004,0.00158327,0,6.04066e-06,-0.000269537,1.0004
55,24,0.867188,0.382812,0.997812,1.00223,0.50127,0,0.996818,1.00033,0.00163656,0,-2.61932e-05,0.000620785,1.00033
56,24,0.882812,0.382812,0.997709,1.00245,0.501403,0,0.996529,1.00027,0.00170043,0,-5.93552e-05,0.00154116,1.00027
57,24,0.898438,0.382812,0.997586,1.0027,0.501554,0,0.996197,1.00023,0.00177771,0,-9.32649e-05,0.00248647,1.00023
58,24,0.914062,0.382812,0.997439,1.00299,0.501724,0,0.995817,1.0002,0.0018711,0,-0.000127738,0.00345147,1.0002
59,24,0.929688,0.382812,0.997265,1.00333,0.501918,0,0.995385,1.00018,0.00198311,0,-0.000162579,0.00443054,1.00019
60,24,0.945312,0.382812,0.997058,1.00372,0.502135,0,0.994897,1.00018,0.00211596,0,-0.000197572,0.00541738,1.00018
61,24,0.960938,0.382812,0.996819,1.00416,0.502378,0,0.994351,1.00018,0.00227137,0,-0.000232467,0.00640456,1.00018
62,24,0.976562,0.382812,0.996544,1.00465,0.502646,0,0.993747,1.0002,0.00245047,0,-0.000266968,0.00738305,1.0002
63,24,0.992188,0.382812,0.996237,1.00519,0.502938,0,0.993088,1.00022,0.0026535,0,-0.000300714,0.00834166,1.00022
0,25,0.0078125,0.398438,0.995802,1.00605,0.503337,0,0.992191,1.00043,0.0029722,0,-0.000338279,0.00940448,1.00044
1,25,0.0234375,0.398438,0.995451,1.00669,0.503655,0,0.99145,1.0005,0.00322147,0,-0.000367233,0.0102292,1.0005
2,25,0.0390625,0.398438,0.995099,1.00734,0.503979,0,0.99071,1.00057,0.00348617,0,-0.000393291,0.0109692,1.00058
3,25,0.0546875,0.398438,0.994766,1.00797,0.504296,0,0.990004,1.00066,0.00375988,0,-0.000415738,0.0116018,1.00067
4,25,0.0703125,0.398438,0.994479,1.00855,0.504595,0,0.989379,1.00076,0.00403412,0,-0.000433798,0.012102,1.00077
5,25,0.0859375,0.398438,0.99427,1.00904,0.504859,0,0.988889,1.00087,0.00429833,0,-0.000446674,0.0124448,1.00088
6,25,0.101562,0.398438,0.994179,1.00938,0.505071,0,0.988597,1.00099,0.00454007,0,-0.000453616,0.0126068,1.001
7,25,0.117188,0.398438,0.994246,1.00954,0.505214,0,0.988575,1.00113,0.00474555,0,-0.00045404,0.012571,1.00114
8,25,0.132812,0.398438,0.994513,1.00946,0.505272,0,0.988889,1.00128,0.00490037,0,-0.000447688,0.0123318,1.00129
9,25,0.148438,0.398438,0.995014,1.00908,0.50523,0,0.989598,1.00144,0.00499069,0,-0.000434825,0.0119017,1.00146
10,25,0.164062,0.398438,0.99577,1.00838,0.505081,0,0.990737,1.00162,0.00500452,0,-0.000416386,0.0113148,1.00164
11,25,0.179688,0.398438,0.996781,1.00736,0.504823,0,0.992309,1.00181,0.00493279,0,-0.000394033,0.0106274,1.00182
12,25,0.195312,0.398438,0.998022,1.00605,0.504462,0,0.994272,1.00201,0.00476979,0,-0.00037004,0.00991225,1.00202
13,25,0.210938,0.398438,0.999443,1.00451,0.50401,0,0.99654,1.00221,0.00451267,0,-0.000346926,0.00924357,1.00222
14,25,0.226562,0.398438,1.00097,1.00282,0.503479,0,0.998989,1.0024,0.00415984,0,-0.000326871,0.0086767,1.00241
15,25,0.242188,0.398438,1.00251,1.0011,0.502881,0,1.00147,1.00259,0.0037074,0,-0.000310995,0.00822504,1.00259
16,25,0.257812,0.398438,1.00397,0.999446,0.502217,0,1.00383,1.00275,0.00314744,0,-0.000299091,0.00786252,1.00276
17,25,0.273438,0.398438,1.00529,0.997963,0.501492,0,1.00594,1.0029,0.0024799,0,-0.000289484,0.00752611,1.0029
18,25,0.289062,0.398438,1.00639,0.996716,0.500719,0,1.0077,1.00302,0.00171726,0,-0.000279039,0.00711052,1.00302
19,25,0.304688,0.398438,1.00724,0.99575,0.499907,0,1.00906,1.00312,0.000877032,0,-0.000264684,0.00655514,1.00312
20,25,0.320312,0.398438,1.00783,0.995083,0.499082,0,1.00999,1.00321,-6.88439e-06,0,-0.000243897,0.00582335,1.00321
21,25,0.335938,0.398438,1.00816,0.994709,0.498281,0,1.0105,1.00328,-0.000886837,0,-0.000215427,0.00492579,1.00328
22,25,0.351562,0.398438,1.00825,0.994604,0.497544,0,1.01063,1.00335,-0.00170911,0,-0.000179535,0.00391077,1.00335
23,25,0.367188,0.398438,1.00813,0.994733,0.496914,0,1.01043,1.00342,-0.00242302,0,-0.000137762,0.00284417,1.00342
24,25,0.382812,0.398438,1.00784,0.995054,0.496422,0,1.00996,1.00349,-0.00298876,0,-9.24222e-05,0.00178968,1.0035
25,25,0.398438,0.398438,1.0074,0.995518,0.496088,0,1.00928,1.00356,-0.0033823,0,-4.60352e-05,0.000795782,1.00357
26,25,0.414062,0.398438,1.00686,0.996081,0.495917,0,1.00845,1.00363,-0.00359662,0,-8.43495e-07,-0.000110935,1.00364
27,25,0.429688,0.398438,1.00625,0.996698,0.495901,0,1.00754,1.00369,-0.00364016,0,4.1473e-05,-0.000923954,1.0037
28,25,0.445312,0.398438,1.00561,0.997331,0.496019,0,1.00658,1.00374,-0.00353347,0,7.98882e-05,-0.0016514,1.00374
29,25,0.460938,0.398438,1.00495,0.997949,0.496247,0,1.00563,1.00377,-0.00330498,0,0.000113986,-0.00231004,1.00378
30,25,0.476562,0.398438,1.0043,0.998528,0.496554,0,1.00471,1.00378,-0.00298665,0,0.000143832,-0.00291939,1.00378
31,25,0.492188,0.398438,1.00368,0.999051,0.496912,0,1.00386,1.00376,-0.00261011,0,0.000169794,-0.00349663,1.00377
32,25,0.507812,0.398438,1.00309,0.999509,0.497295,0,1.00307,1.00372,-0.00220363,0,0.000192369,-0.00405319,1.00372
33,25,0.523438,0.398438,1.00255,0.999898,0.497681,0,1.00237,1.00365,-0.00179018,0,0.00021203,-0.00459307,1.00365
34,25,0.539062,0.398438,1.00204,1.00022,0.498056,0,1.00174,1.00356,-0.00138687,0,0.000229133,-0.00511304,1.00356
35,25,0.554688,0.398438,1.00158,1.00048,0.498409,0,1.0012,1.00343,-0.00100516,0,0.000243871,-0.00560409,1.00344
36,25,0.570312,0.398438,1.00116,1.00069,0.498734,0,1.00073,1.00329,-0.000651744,0,0.000256275,-0.00605358,1.00329
37,25,0.585938,0.398438,1.00077,1.00085,0.499031,0,1.00033,1.00313,-0.000329837,0,0.000266249,-0.0064475,1.00313
38,25,0.601562,0.398438,1.00042,1.00097,0.499297,0,0.999984,1.00295,-4.03186e-05,0,0.000273622,-0.00677253,1.00295
39,25,0.617188,0.398438,1.00011,1.00106,0.499536,0,0.999689,1.00276,0.000217338,0,0.0002782,-0.00701731,1.00276
40,25,0.632812,0.398438,0.999821,1.00112,0.499748,0,0.999437,1.00256,0.000444427,0,0.000279803,-0.00717315,1.00256
41,25,0.648438,0.398438,0.999562,1.00117,0.499936,0,0.999219,1.00236,0.00064265,0,0.000278293,-0.0072342,1.00236
42,25,0.664062,0.398438,0.999328,1.00121,0.500101,0,0.99903,1.00216,0.000813927,0,0.000273591,-0.00719733,1.00216
43,25,0.679688,0.398438,0.999117,1.00123,0.500248,0,0.998863,1.00196,0.000960336,0,0.00026568,-0.00706181,1.00196
44,25,0.695312,0.398438,0.998929,1.00126,0.500377,0,0.998712,1.00176,0.00108408,0,0.0002546,-0.006829,1.00176
45,25,0.710938,0.398438,0.998761,1.00129,0.500491,0,0.998573,1.00157,0.0011875,0,0.000240449,-0.00650199,1.00157
46,25,0.726562,0.398438,0.998613,1.00132,0.500594,0,0.99844,1.00139,0.00127307,0,0.000223364,-0.00608518,1.00139
47,25,0.742188,0.398438,0.998482,1.00135,0.500686,0,0.99831,1.00122,0.00134341,0,0.000203523,-0.00558398,1.00122
48,25,0.757812,0.398438,0.998366,1.0014,0.500771,0,0.998177,1.00106,0.00140126,0,0.000181126,-0.00500459,1.00106
49,25,0.773438,0.398438,0.998264,1.00146,0.500852,0,0.998037,1.00092,0.00144947,0,0.000156394,-0.0043537,1.00092
50,25,0.789062,0.398438,0.998172,1.00153,0.500931,0,0.997885,1.00079,0.00149097,0,0.000129553,-0.0036381,1.00079
51,25,0.804688,0.398438,0.998087,1.00163,0.50101,0,0.997719,1.00067,0.00152875,0,0.000100836,-0.00286457,1.00067
52,25,0.820312,0.398438,0.998005,1.00174,0.501094,0,0.997533,1.00057,0.00156585,0,7.04707e-05,-0.00203994,1.00057
53,25,0.835938,0.398438,0.997924,1.00189,0.501184,0,0.997323,1.00048,0.0016053,0,3.8688e-05,-0.00117114,1.00049
54,25,0.851562,0.398438,0.997838,1.00206,0.501285,0,0.997083,1.00041,0.00165016,0,5.70951e-06,-0.000264456,1.00041
55,25,0.867188,0.398438,0.997742,1.00226,0.501397,0,0.996811,1.00036,0.00170343,0,-2.8248e-05,0.000673838,1.00036
56,25,0.882812,0.398438,0.997633,1.0025,0.501525,0,0.996499,1.00031,0.00176804,0,-6.2969e-05,0.00163757,1.00032
57,25,0.898438,0.398438,0.997505,1.00278,0.501672,0,0.996144,1.00029,0.00184682,0,-9.82361e-05,0.00262056,1.00029
58,25,0.914062,0.398438,0.997353,1.0031,0.501839,0,0.995741,1.00027,0.00194245,0,-0.000133824,0.00361645,1.00027
59,25,0.929688,0.398438,0.997174,1.00347,0.502029,0,0.995286,1.00027,0.00205737,0,-0.000169492,0.0046184,1.00027
60,25,0.945312,0.398438,0.996964,1.00389,0.502243,0,0.994775,1.00028,0.00219366,0,-0.000204974,0.00561879,1.00028
61,25,0.960938,0.398438,0.996721,1.00436,0.502482,0,0.994207,1.0003,0.00235289,0,-0.000239971,0.00660887,1.0003
62,25,0.976562,0.398438,0.996444,1.00488,0.502745,0,0.993583,1.00033,0.00253594,0,-0.000274135,0.00757839,1.00034
63,25,0.992188,0.398438,0.996136,1.00545,0.503031,0,0.992907,1.00038,0.00274279,0,-0.000307062,0.0085151,1.00038
0,26,0.0078125,0.414062,0.995708,1.00633,0.503406,0,0.992015,1.00062,0.00304575,0,-0.00034149,0.00949302,1.00063
1,26,0.0234375,0.414062,0.995363,1.00698,0.503712,0,0.99127,1.00071,0.00329598,0,-0.000368353,0.0102622,1.00072
2,26,0.0390625,0.414062,0.995019,1.00764,0.504021,0,0.990534,1.00081,0.00356016,0,-0.000391831,0.0109345,1.00081
3,26,0.0546875,0.414062,0.9947,1.00828,0.50432,0,0.989842,1.00091,0.00383141,0,-0.000411264,0.0114891,1.00092
4,26,0.0703125,0.414062,0.994431,1.00886,0.504597,0,0.98924,1.00103,0.00410078,0,-0.000425977,0.0119045,1.00104
5,26,0.0859375,0.414062,0.994246,1.00934,0.504835,0,0.988784,1.00117,0.00435729,0,-0.000435323,0.0121599,1.00117
6,26,0.101562,0.414062,0.994182,1.00968,0.505018,0,0.988536,1.00131,0.00458825,0,-0.000438758,0.0122381,1.00132
7,26,0.117188,0.414062,0.994281,1.00981,0.505128,0,0.988565,1.00146,0.00477982,0,-0.000435953,0.0121293,1.00148
8,26,0.132812,0.414062,0.99458,1.00969,0.505149,0,0.988933,1.00163,0.004918,0,-0.000426946,0.0118361,1.00164
9,26,0.148438,0.414062,0.995111,1.00928,0.505072,0,0.989694,1.00181,0.00498986,0,-0.000412303,0.0113788,1.00182
10,26,0.164062,0.414062,0.99589,1.00856,0.504889,0,0.990874,1.002,0.00498501,0,-0.000393224,0.0107982,1.00201
11,26,0.179688,0.414062,0.996913,1.00753,0.504602,0,0.992468,1.00219,0.00489649,0,-0.000371549,0.0101539,1.0022
12,26,0.195312,0.414062,0.998151,1.00622,0.504222,0,0.994427,1.00239,0.00472111,0,-0.000349585,0.00951759,1.0024
13,26,0.210938,0.414062,0.999549,1.0047,0.503764,0,0.996658,1.00258,0.00445841,0,-0.000329716,0.00895723,1.00259
14,26,0.226562,0.414062,1.00103,1.00305,0.503242,0,0.999038,1.00277,0.00410837,0,-0.000313819,0.00851702,1.00278
15,26,0.242188,0.414062,1.00252,1.00139,0.502668,0,1.00142,1.00294,0.00366718,0,-0.000302624,0.00819777,1.00294
16,26,0.257812,0.414062,1.00392,0.999801,0.502041,0,1.00367,1.00308,0.0031253,0,-0.000295511,0.00796051,1.00309
17,26,0.273438,0.414062,1.00517,0.99838,0.501364,0,1.00567,1.00321,0.00247939,0,-0.000290337,0.00772499,1.00321
18,26,0.289062,0.414062,1.00622,0.997183,0.50064,0,1.00734,1.0033,0.00173709,0,-0.000283611,0.00737759,1.0033
19,26,0.304688,0.414062,1.00704,0.996246,0.499877,0,1.00862,1.00337,0.000911546,0,-0.000271963,0.00684955,1.00337
20,26,0.320312,0.414062,1.00761,0.995581,0.499093,0,1.00952,1.00343,3.34127e-05,0,-0.000252644,0.00610087,1.00343
21,26,0.335938,0.414062,1.00796,0.995182,0.498323,0,1.01003,1.00347,-0.000850885,0,-0.000224273,0.0051437,1.00347
22,26,0.351562,0.414062,1.00808,0.995029,0.497609,0,1.01019,1.00351,-0.00168665,0,-0.000187111,0.00403332,1.00351
23,26,0.367188,0.414062,1.008,0.995091,0.496993,0,1.01005,1.00355,-0.00242042,0,-0.000142837,0.00284689,1.00356
24,26,0.382812,0.414062,1.00777,0.995333,0.496511,0,1.00966,1.0036,-0.0030087,0,-9.40195e-05,0.00166096,1.00361
25,26,0.398438,0.414062,1.00739,0.995715,0.496185,0,1.00908,1.00365,-0.00342363,0,-4.35101e-05,0.000536508,1.00366
26,26,0.414062,0.414062,1.00692,0.996196,0.496022,0,1.00834,1.0037,-0.00365504,0,6.09209e-06,-0.000489932,1.00371
27,26,0.429688,0.414062,1.00637,0.996739,0.496016,0,1.00752,1.00375,-0.00370927,0,5.27797e-05,-0.00140542,1.00376
28,26,0.445312,0.414062,1.00577,0.997308,0.496149,0,1.00664,1.00379,-0.00360593,0,9.52623e-05,-0.00221515,1.00379
29,26,0.460938,0.414062,1.00516,0.997872,0.496394,0,1.00575,1.00381,-0.0033736,0,0.00013294,-0.0029359,1.00381
30,26,0.476562,0.414062,1.00454,0.998408,0.496721,0,1.00489,1.00381,-0.00304523,0,0.000165774,-0.00358925,1.00382
31,26,0.492188,0.414062,1.00395,0.998899,0.497099,0,1.00407,1.00379,-0.00265397,0,0.0001941,-0.00419557,1.00379
32,26,0.507812,0.414062,1.00337,0.999332,0.497502,0,1.00332,1.00374,-0.0022298,0,0.000218431,-0.00476976,1.00374
33,26,0.523438,0.414062,1.00283,0.999704,0.497907,0,1.00263,1.00367,-0.0017974,0,0.000239295,-0.0053189,1.00367
34,26,0.539062,0.414062,1.00233,1.00002,0.498298,0,1.00202,1.00356,-0.00137532,0,0.000257112,-0.00584209,1.00356
35,26,0.554688,0.414062,1.00187,1.00027,0.498664,0,1.00149,1.00343,-0.000976134,0,0.000272142,-0.00633178,1.00344
36,26,0.570312,0.414062,1.00144,1.00047,0.498999,0,1.00102,1.00328,-0.000607305,0,0.000284477,-0.00677593,1.00328
37,26,0.585938,0.414062,1.00104,1.00063,0.499301,0,1.00061,1.00312,-0.000272459,0,0.00029407,-0.00716053,1.00312
38,26,0.601562,0.414062,1.00068,1.00075,0.49957,0,1.00026,1.00293,2.73633e-05,0,0.000300788,-0.00747191,1.00293
39,26,0.617188,0.414062,1.00035,1.00084,0.499808,0,0.999959,1.00274,0.00029273,0,0.000304464,-0.00769821,1.00274
40,26,0.632812,0.414062,1.00004,1.00091,0.500016,0,0.999697,1.00253,0.000525107,0,0.000304942,-0.00783033,1.00253
41,26,0.648438,0.414062,0.999759,1.00096,0.500198,0,0.999468,1.00233,0.000726449,0,0.000302107,-0.00786219,1.00233
42,26,0.664062,0.414062,0.999502,1.00101,0.500356,0,0.999267,1.00212,0.000898973,0,0.000295898,-0.00779067,1.00212
43,26,0.679688,0.414062,0.999267,1.00104,0.500494,0,0.999087,1.00191,0.00104507,0,0.000286321,-0.00761531,1.00192
44,26,0.695312,0.414062,0.999055,1.00108,0.500613,0,0.998923,1.00172,0.00116725,0,0.000273439,-0.00733795,1.00172
45,26,0.710938,0.414062,0.998862,1.00111,0.500717,0,0.998769,1.00153,0.00126817,0,0.000257374,-0.00696233,1.00153
46,26,0.726562,0.414062,0.99869,1.00116,0.500808,0,0.998621,1.00135,0.00135059,0,0.000238293,-0.00649362,1.00135
47,26,0.742188,0.414062,0.998535,1.00121,0.500889,0,0.998474,1.00118,0.0014174,0,0.000216397,-0.0059381,1.00118
48,26,0.757812,0.414062,0.998397,1.00127,0.500963,0,0.998324,1.00103,0.00147157,0,0.000191917,-0.00530281,1.00103
49,26,0.773438,0.414062,0.998275,1.00134,0.501034,0,0.998167,1.00089,0.00151616,0,0.000165097,-0.00459532,1.00089
50,26,0.789062,0.414062,0.998164,1.00144,0.501102,0,0.997998,1.00077,0.0015543,0,0.000136192,-0.00382326,1.00077
51,26,0.804688,0.414062,0.998063,1.00155,0.501173,0,0.997812,1.00066,0.00158913,0,0.000105461,-0.00299448,1.00066
52,26,0.820312,0.414062,0.997967,1.00169,0.501248,0,0.997607,1.00057,0.00162382,0,7.31581e-05,-0.00211633,1.00057
53,26,0.835938,0.414062,0.997873,1.00185,0.50133,0,0.997376,1.00049,0.00166149,0,3.95368e-05,-0.0011966,1.0005
54,26,0.851562,0.414062,0.997777,1.00205,0.501423,0,0.997115,1.00044,0.00170527,0,4.8473e-06,-0.000242506,1.00044
55,26,0.867188,0.414062,0.997673,1.00227,0.501528,0,0.99682,1.00039,0.00175819,0,-3.0665e-05,0.000738886,1.00039
56,26,0.882812,0.414062,0.997557,1.00254,0.50165,0,0.996486,1.00036,0.00182318,0,-6.67535e-05,0.00174048,1.00037
57,26,0.898438,0.414062,0.997423,1.00285,0.501791,0,0.996107,1.00035,0.00190307,0,-0.000103166,0.00275513,1.00035
58,26,0.914062,0.414062,0.997267,1.0032,0.501952,0,0.99568,1.00035,0.00200046,0,-0.000139638,0.00377538,1.00035
59,26,0.929688,0.414062,0.997084,1.0036,0.502136,0,0.995201,1.00037,0.00211769,0,-0.000175888,0.00479325,1.00037
60,26,0.945312,0.414062,0.996871,1.00405,0.502345,0,0.994667,1.00039,0.00225669,0,-0.000211604,0.00579993,1.0004
61,26,0.960938,0.414062,0.996625,1.00455,0.502577,0,0.994077,1.00043,0.00241886,0,-0.00024644,0.0067855,1.00044
62,26,0.976562,0.414062,0.996347,1.0051,0.502834,0,0.993433,1.00049,0.00260485,0,-0.000280004,0.00773858,1.00049
63,26,0.992188,0.414062,0.996039,1.00569,0.503111,0,0.992742,1.00055,0.00281434,0,-0.000311853,0.00864608,1.00055
0,27,0.0078125,0.429688,0.995619,1.00659,0.503456,0,0.991858,1.00083,0.00309929,0,-0.000342889,0.009533,1.00083
1,27,0.0234375,0.429688,0.995281,1.00727,0.503747,0,0.99111,1.00094,0.00334914,0,-0.000367466,0.0102412,1.00094
2,27,0.0390625,0.429688,0.994949,1.00794,0.504037,0,0.990379,1.00105,0.00361147,0,-0.000388207,0.0108414,1.00106
3,27,0.0546875,0.429688,0.994644,1.00858,0.504315,0,0.989702,1.00118,0.00387901,0,-0.000404515,0.0113151,1.00119
4,27,0.0703125,0.429688,0.994394,1.00916,0.504567,0,0.989125,1.00132,0.00414247,0,-0.000415821,0.0116439,1.00133
5,27,0.0859375,0.429688,0.994233,1.00963,0.504778,0,0.988705,1.00147,0.00439061,0,-0.000421632,0.0118119,1.00148
6,27,0.101562,0.429688,0.994199,1.00995,0.50493,0,0.988502,1.00164,0.00461064,0,-0.000421606,0.0118079,1.00165
7,27,0.117188,0.429688,0.994329,1.01006,0.505008,0,0.988581,1.00181,0.00478891,0,-0.000415664,0.0116291,1.00182
8,27,0.132812,0.429688,0.99466,1.00991,0.504996,0,0.989003,1.00199,0.00491196,0,-0.000404123,0.011286,1.002
9,27,0.148438,0.429688,0.99522,1.00948,0.504886,0,0.989813,1.00218,0.00496797,0,-0.000387827,0.0108062,1.00219
10,27,0.164062,0.429688,0.996019,1.00873,0.504674,0,0.99103,1.00238,0.00494816,0,-0.000368206,0.0102357,1.00239
11,27,0.179688,0.429688,0.99705,1.00769,0.504366,0,0.992639,1.00258,0.00484774,0,-0.000347237,0.00963678,1.00259
12,27,0.195312,0.429688,0.998278,1.00639,0.503975,0,0.994583,1.00278,0.00466585,0,-0.000327224,0.00907859,1.00279
13,27,0.210938,0.429688,0.999647,1.0049,0.503518,0,0.996767,1.00296,0.00440412,0,-0.00031039,0.00862235,1.00297
14,27,0.226562,0.429688,1.00108,1.0033,0.503013,0,0.999067,1.00314,0.00406374,0,-0.000298316,0.00830144,1.00315
15,27,0.242188,0.429688,1.00251,1.0017,0.50247,0,1.00135,1.00329,0.00364052,0,-0.000291394,0.00810574,1.0033
16,27,0.257812,0.429688,1.00384,1.00019,0.501888,0,1.00347,1.00342,0.00312301,0,-0.000288664,0.00798543,1.00342
17,27,0.273438,0.429688,1.00502,0.998839,0.501261,0,1.00535,1.00352,0.00250416,0,-0.000287608,0.00784586,1.00352
18,27,0.289062,0.429688,1.00601,0.997697,0.50059,0,1.00691,1.00359,0.00178651,0,-0.000284464,0.00756638,1.00359
19,27,0.304688,0.429688,1.00679,0.996793,0.499875,0,1.00812,1.00363,0.000978589,0,-0.000275608,0.00707064,1.00363
20,27,0.320312,0.429688,1.00735,0.996134,0.499132,0,1.00898,1.00365,0.000107633,0,-0.000258072,0.0063141,1.00365
21,27,0.335938,0.429688,1.0077,0.99571,0.498392,0,1.00949,1.00367,-0.000781278,0,-0.000230304,0.00530845,1.00367
22,27,0.351562,0.429688,1.00785,0.995506,0.497696,0,1.00969,1.00368,-0.00163243,0,-0.000192493,0.00411369,1.00368
23,27,0.367188,0.429688,1.00783,0.995497,0.49709,0,1.00962,1.00369,-0.0023894,0,-0.000146375,0.0028164,1.00369
24,27,0.382812,0.429688,1.00765,0.995655,0.496613,0,1.00931,1.00371,-0.00300462,0,-9.46907e-05,0.00150499,1.00371
25,27,0.398438,0.429688,1.00735,0.995946,0.496289,0,1.00882,1.00374,-0.00344597,0,-4.05664e-05,0.000252606,1.00374
26,27,0.414062,0.429688,1.00694,0.996339,0.49613,0,1.00819,1.00377,-0.00369963,0,1.30754e-05,-0.000893678,1.00377
27,27,0.429688,0.429688,1.00645,0.996799,0.496131,0,1.00746,1.0038,-0.00376944,0,6.39062e-05,-0.00191363,1.0038
28,27,0.445312,0.429688,1.00592,0.997294,0.496275,0,1.00667,1.00382,-0.00367373,0,0.000110357,-0.00280852,1.00383
29,27,0.460938,0.429688,1.00535,0.997796,0.496535,0,1.00586,1.00383,-0.00344105,0,0.000151617,-0.00359416,1.00384
30,27,0.476562,0.429688,1.00478,0.998282,0.49688,0,1.00506,1.00382,-0.00310527,0,0.000187509,-0.00429345,1.00383
31,27,0.492188,0.429688,1.00421,0.998732,0.49728,0,1.00429,1.00379,-0.00270108,0,0.000218299,-0.00492943,1.0038
32,27,0.507812,0.429688,1.00366,0.999136,0.497704,0,1.00357,1.00374,-0.00226034,0,0.000244491,-0.00552016,1.00374
33,27,0.523438,0.429688,1.00314,0.999487,0.49813,0,1.00291,1.00366,-0.00180956,0,0.000266636,-0.0060758,1.00366
34,27,0.539062,0.429688,1.00264,0.999782,0.498539,0,1.00232,1.00355,-0.00136893,0,0.000285209,-0.00659797,1.00355
35,27,0.554688,0.429688,1.00218,1.00003,0.49892,0,1.00179,1.00341,-0.000952293,0,0.000300529,-0.00708084,1.00341
36,27,0.570312,0.429688,1.00174,1.00022,0.499267,0,1.00133,1.00326,-0.000568016,0,0.000312747,-0.00751332,1.00326
37,27,0.585938,0.429688,1.00134,1.00038,0.499576,0,1.00092,1.00308,-0.000220242,0,0.00032187,-0.00788179,1.00308
38,27,0.601562,0.429688,1.00096,1.0005,0.499849,0,1.00056,1.00289,8.97717e-05,0,0.00032781,-0.00817253,1.00289
39,27,0.617188,0.429688,1.00061,1.00059,0.500087,0,1.00026,1.00269,0.000362606,0,0.000330442,-0.00837348,1.00269
40,27,0.632812,0.429688,1.00029,1.00067,0.500293,0,0.999984,1.00248,0.000599896,0,0.000329641,-0.00847535,1.00248
41,27,0.648438,0.429688,0.999986,1.00073,0.50047,0,0.999745,1.00227,0.000803867,0,0.000325322,-0.00847201,1.00227
42,27,0.664062,0.429688,0.999705,1.00078,0.50062,0,0.999531,1.00206,0.000977058,0,0.000317454,-0.0083605,1.00206
43,27,0.679688,0.429688,0.999445,1.00082,0.500749,0,0.999338,1.00186,0.00112221,0,0.000306072,-0.00814073,1.00186
44,27,0.695312,0.429688,0.999206,1.00087,0.500858,0,0.999159,1.00166,0.00124217,0,0.000291269,-0.00781509,1.00166
45,27,0.710938,0.429688,0.998986,1.00092,0.500951,0,0.99899,1.00147,0.00133994,0,0.000273196,-0.00738803,1.00148
46,27,0.726562,0.429688,0.998787,1.00097,0.501031,0,0.998826,1.0013,0.00141859,0,0.000252051,-0.00686554,1.0013
47,27,0.742188,0.429688,0.998606,1.00104,0.5011,0,0.998663,1.00114,0.00148128,0,0.000228064,-0.00625473,1.00114
48,27,0.757812,0.429688,0.998444,1.00112,0.501163,0,0.998495,1.00099,0.00153125,0,0.000201492,-0.00556353,1.00099
49,27,0.773438,0.429688,0.998297,1.00121,0.501222,0,0.998319,1.00086,0.00157177,0,0.000172611,-0.00480034,1.00086
50,27,0.789062,0.429688,0.998165,1.00132,0.50128,0,0.998131,1.00075,0.00160615,0,0.000141698,-0.00397367,1.00075
51,27,0.804688,0.429688,0.998045,1.00146,0.50134,0,0.997926,1.00065,0.00163767,0,0.00010904,-0.00309218,1.00065
52,27,0.820312,0.429688,0.997933,1.00162,0.501405,0,0.997699,1.00057,0.00166963,0,7.49153e-05,-0.00216408,1.00057
53,27,0.835938,0.429688,0.997825,1.0018,0.501479,0,0.997447,1.00051,0.00170524,0,3.95998e-05,-0.00119764,1.00051
54,27,0.851562,0.429688,0.997717,1.00202,0.501563,0,0.997164,1.00046,0.00174764,0,3.36956e-06,-0.000201057,1.00046
55,27,0.867188,0.429688,0.997604,1.00228,0.50166,0,0.996846,1.00043,0.0017999,0,-3.35033e-05,0.000817862,1.00044
56,27,0.882812,0.429688,0.99748,1.00257,0.501775,0,0.996488,1.00042,0.00186494,0,-7.07433e-05,0.00185119,1.00042
57,27,0.898438,0.429688,0.99734,1.00291,0.501908,0,0.996086,1.00042,0.00194552,0,-0.000108066,0.00289086,1.00043
58,27,0.914062,0.429688,0.99718,1.00329,0.502061,0,0.995635,1.00044,0.00204416,0,-0.000145174,0.00392845,1.00044
59,27,0.929688,0.429688,0.996993,1.00372,0.502238,0,0.995131,1.00047,0.00216308,0,-0.000181743,0.00495494,1.00048
60,27,0.945312,0.429688,0.996778,1.0042,0.502438,0,0.994574,1.00052,0.00230406,0,-0.000217425,0.00596046,1.00052
61,27,0.960938,0.429688,0.996531,1.00473,0.502662,0,0.993963,1.00058,0.00246829,0,-0.000251832,0.00693403,1.00058
62,27,0.976562,0.429688,0.996253,1.00531,0.502908,0,0.9933,1.00065,0.00265619,0,-0.000284534,0.00786339,1.00065
63,27,0.992188,0.429688,0.995947,1.00593,0.503175,0,0.992594,1.00073,0.00286715,0,-0.000315058,0.0087348,1.00074
0,28,0.0078125,0.445312,0.995536,1.00684,0.503483,0,0.991718,1.00104,0.003132,0,-0.000342525,0.0095269,1.00105
1,28,0.0234375,0.445312,0.995206,1.00753,0.503755,0,0.990968,1.00117,0.0033802,0,-0.000364653,0.0101697,1.00118
2,28,0.0390625,0.445312,0.994885,1.00822,0.504024,0,0.990244,1.00131,0.00363942,0,-0.000382539,0.0106947,1.00132
3,28,0.0546875,0.445312,0.994596,1.00887,0.504279,0,0.989583,1.00146,0.00390212,0,-0.000395656,0.0110856,1.00147
4,28,0.0703125,0.445312,0.994367,1.00944,0.504505,0,0.989032,1.00162,0.00415878,0,-0.000403545,0.0113277,1.00163
5,28,0.0859375,0.445312,0.994231,1.0099,0.504687,0,0.988647,1.00179,0.00439805,0,-0.000405864,0.0114096,1.0018
6,28,0.101562,0.445312,0.994226,1.0102,0.504809,0,0.988489,1.00197,0.0046072,0,-0.00040247,0.0113262,1.00198
7,28,0.117188,0.445312,0.994387,1.01028,0.504855,0,0.988619,1.00216,0.00477292,0,-0.000393518,0.0110812,1.00217
8,28,0.132812,0.445312,0.994749,1.01011,0.504812,0,0.989092,1.00236,0.00488249,0,-0.000379585,0.0106925,1.00237
9,28,0.148438,0.445312,0.995334,1.00965,0.504673,0,0.989947,1.00256,0.00492531,0,-0.000361758,0.0101941,1.00257
10,28,0.164062,0.445312,0.996151,1.00889,0.504438,0,0.991195,1.00276,0.00489429,0,-0.000341659,0.00963627,1.00278
11,28,0.179688,0.445312,0.997185,1.00784,0.504116,0,0.992811,1.00297,0.00478671,0,-0.000321358,0.00908238,1.00298
12,28,0.195312,0.445312,0.998398,1.00656,0.503721,0,0.994733,1.00316,0.00460389,0,-0.000303124,0.00859856,1.00317
13,28,0.210938,0.445312,0.999732,1.0051,0.503274,0,0.99686,1.00335,0.00434925,0,-0.000289008,0.00823892,1.00336
14,28,0.226562,0.445312,1.00111,1.00357,0.502793,0,0.999069,1.00351,0.00402481,0,-0.000280313,0.00802682,1.00352
15,28,0.242188,0.445312,1.00247,1.00204,0.502289,0,1.00123,1.00365,0.00362577,0,-0.000277162,0.00794361,1.00366
16,28,0.257812,0.445312,1.00372,1.00061,0.501755,0,1.00323,1.00376,0.00313844,0,-0.00027832,0.00793033,1.00376
17,28,0.273438,0.445312,1.00483,0.999336,0.501183,0,1.00498,1.00383,0.00255181,0,-0.000281014,0.00788152,1.00384
18,28,0.289062,0.445312,1.00576,0.998256,0.500568,0,1.00643,1.00388,0.00186315,0,-0.00028128,0.00767032,1.00388
19,28,0.304688,0.445312,1.0065,0.997389,0.499903,0,1.00756,1.00389,0.00107617,0,-0.000275296,0.00721332,1.00389
20,28,0.320312,0.445312,1.00704,0.996737,0.499199,0,1.00838,1.00389,0.00021448,0,-0.000259874,0.00646013,1.00389
21,28,0.335938,0.445312,1.0074,0.99629,0.498487,0,1.00889,1.00387,-0.000678386,0,-0.000233257,0.00541972,1.00387
22,28,0.351562,0.445312,1.00758,0.996034,0.497807,0,1.00913,1.00385,-0.00154579,0,-0.000195483,0.00415423,1.00385
23,28,0.367188,0.445312,1.00761,0.99595,0.497207,0,1.00912,1.00383,-0.00232828,0,-0.000148254,0.00275735,1.00383
24,28,0.382812,0.445312,1.00749,0.996018,0.496729,0,1.00891,1.00382,-0.00297397,0,-9.4402e-05,0.00132806,1.00382
25,28,0.398438,0.445312,1.00726,0.996213,0.496403,0,1.00852,1.00382,-0.00344613,0,-3.72551e-05,-4.87765e-05,1.00382
26,28,0.414062,0.445312,1.00693,0.996509,0.496243,0,1.008,1.00383,-0.00372687,0,1.99799e-05,-0.00131504,1.00383
27,28,0.429688,0.445312,1.00651,0.996877,0.496246,0,1.00737,1.00383,-0.00381705,0,7.46651e-05,-0.00244216,1.00384
28,28,0.445312,0.445312,1.00604,0.997291,0.496398,0,1.00668,1.00384,-0.00373344,0,0.000124942,-0.00342628,1.00385
29,28,0.460938,0.445312,1.00553,0.997722,0.496671,0,1.00595,1.00384,-0.00350426,0,0.000169757,-0.00428104,1.00384
30,28,0.476562,0.445312,1.005,0.998149,0.497034,0,1.00521,1.00382,-0.0031642,0,0.000208761,-0.00502964,1.00382
31,28,0.492188,0.445312,1.00447,0.998554,0.497454,0,1.0045,1.00378,-0.00274949,0,0.000242112,-0.00569706,1.00378
32,28,0.507812,0.445312,1.00395,0.998922,0.4979,0,1.00382,1.00371,-0.00229388,0,0.000270267,-0.00630415,1.00371
33,28,0.523438,0.445312,1.00344,0.999246,0.498347,0,1.00319,1.00362,-0.00182588,0,0.000293779,-0.00686405,1.00362
34,28,0.539062,0.445312,1.00296,0.999523,0.498775,0,1.00262,1.0035,-0.00136745,0,0.000313155,-0.00738102,1.00351
35,28,0.554688,0.445312,1.0025,0.999754,0.499173,0,1.00211,1.00336,-0.000933859,0,0.000328765,-0.00785128,1.00336
36,28,0.570312,0.445312,1.00207,0.999942,0.499532,0,1.00165,1.0032,-0.000534489,0,0.000340819,-0.00826515,1.0032
37,28,0.585938,0.445312,1.00166,1.00009,0.499851,0,1.00125,1.00302,-0.000174104,0,0.000349383,-0.00860982,1.00302
38,28,0.601562,0.445312,1.00127,1.00022,0.500129,0,1.00089,1.00283,0.000145754,0,0.000354423,-0.00887197,1.00283
39,28,0.617188,0.445312,1.00091,1.00031,0.500368,0,1.00057,1.00262,0.000425643,0,0.000355863,-0.00903971,1.00262
40,28,0.632812,0.445312,1.00057,1.00039,0.500572,0,1.0003,1.00241,0.00066736,0,0.000353624,-0.00910388,1.00241
41,28,0.648438,0.445312,1.00024,1.00046,0.500745,0,1.00005,1.0022,0.000873405,0,0.000347661,-0.00905853,1.0022
42,28,0.664062,0.445312,0.999937,1.00052,0.500889,0,0.999821,1.00199,0.00104666,0,0.000337983,-0.00890104,1.00199
43,28,0.679688,0.445312,0.999651,1.00058,0.501008,0,0.999614,1.00179,0.00119023,0,0.00032466,-0.00863182,1.00179
44,28,0.695312,0.445312,0.999383,1.00063,0.501107,0,0.99942,1.00159,0.00130735,0,0.000307823,-0.00825391,1.0016
45,28,0.710938,0.445312,0.999135,1.0007,0.501189,0,0.999235,1.00141,0.00140136,0,0.000287656,-0.00777251,1.00141
46,28,0.726562,0.445312,0.998906,1.00077,0.501258,0,0.999054,1.00124,0.00147567,0,0.000264391,-0.00719442,1.00124
47,28,0.742188,0.445312,0.998696,1.00085,0.501316,0,0.998873,1.00109,0.00153374,0,0.00023829,-0.00652761,1.00109
48,28,0.757812,0.445312,0.998505,1.00095,0.501367,0,0.998687,1.00095,0.00157905,0,0.00020964,-0.00578086,1.00095
49,28,0.773438,0.445312,0.998333,1.00106,0.501414,0,0.998492,1.00083,0.00161512,0,0.000178741,-0.00496337,1.00083
50,28,0.789062,0.445312,0.998176,1.00119,0.50146,0,0.998284,1.00073,0.0016454,0,0.000145899,-0.00408444,1.00073
51,28,0.804688,0.445312,0.998034,1.00135,0.501509,0,0.998058,1.00064,0.00167333,0,0.000111422,-0.00315344,1.00064
52,28,0.820312,0.445312,0.997903,1.00153,0.501564,0,0.99781,1.00057,0.0017023,0,7.56141e-05,-0.00217951,1.00058
53,28,0.835938,0.445312,0.997779,1.00174,0.501627,0,0.997536,1.00053,0.00173558,0,3.87723e-05,-0.00117127,1.00053
54,28,0.851562,0.445312,0.997657,1.00199,0.501701,0,0.99723,1.00049,0.00177636,0,1.19355e-06,-0.000137697,1.0005
55,28,0.867188,0.445312,0.997533,1.00227,0.50179,0,0.996889,1.00048,0.00182767,0,-3.68249e-05,0.000912618,1.00048
56,28,0.882812,0.445312,0.997401,1.00259,0.501895,0,0.996507,1.00048,0.00189241,0,-7.49817e-05,0.00197105,1.00049
57,28,0.898438,0.445312,0.997255,1.00296,0.502018,0,0.99608,1.0005,0.00197326,0,-0.000112965,0.00302871,1.00051
58,28,0.914062,0.445312,0.99709,1.00337,0.502163,0,0.995604,1.00054,0.00207265,0,-0.000150443,0.00407633,1.00054
59,28,0.929688,0.445312,0.996901,1.00383,0.50233,0,0.995077,1.00059,0.00219264,0,-0.000187063,0.00510397,1.00059
60,28,0.945312,0.445312,0.996684,1.00434,0.50252,0,0.994496,1.00065,0.00233485,0,-0.000222439,0.00610085,1.00066
61,28,0.960938,0.445312,0.996437,1.0049,0.502732,0,0.993864,1.00073,0.00250027,0,-0.00025615,0.00705516,1.00073
62,28,0.976562,0.445312,0.996161,1.00551,0.502966,0,0.993183,1.00082,0.00268906,0,-0.000287737,0.0079539,1.00083
63,28,0.992188,0.445312,0.995858,1.00616,0.503218,0,0.992463,1.00093,0.00290036,0,-0.000316704,0.0087829,1.00093
0,29,0.0078125,0.460938,0.995454,1.00707,0.503484,0,0.991595,1.00127,0.00314314,0,-0.000340519,0.00947893,1.00127
1,29,0.0234375,0.460938,0.995134,1.00778,0.503735,0,0.990844,1.00142,0.00338849,0,-0.000360068,0.010053,1.00142
2,29,0.0390625,0.460938,0.994827,1.00848,0.503981,0,0.990127,1.00158,0.00364345,0,-0.000375021,0.0105009,1.00158
3,29,0.0546875,0.460938,0.994555,1.00913,0.50421,0,0.989482,1.00175,0.00390031,0,-0.000384927,0.0108088,1.00175
4,29,0.0703125,0.460938,0.994347,1.0097,0.504409,0,0.988957,1.00193,0.00414941,0,-0.000389434,0.0109653,1.00194
5,29,0.0859375,0.460938,0.994236,1.01015,0.504561,0,0.988608,1.00212,0.00437944,0,-0.00038835,0.0109639,1.00213
6,29,0.101562,0.460938,0.994259,1.01043,0.504653,0,0.988493,1.00232,0.00457789,0,-0.000381719,0.0108047,1.00233
7,29,0.117188,0.460938,0.99445,1.01049,0.504669,0,0.988671,1.00252,0.00473194,0,-0.000369915,0.0104981,1.00253
8,29,0.132812,0.460938,0.994841,1.01029,0.504598,0,0.989192,1.00273,0.00482975,0,-0.000353742,0.0100681,1.00274
9,29,0.148438,0.460938,0.99545,1.00981,0.504435,0,0.990087,1.00294,0.00486203,0,-0.000334496,0.00955425,1.00296
10,29,0.164062,0.460938,0.99628,1.00903,0.504182,0,0.99136,1.00316,0.00482341,0,-0.000313948,0.00901004,1.00317
11,29,0.179688,0.460938,0.997313,1.00799,0.503851,0,0.992976,1.00336,0.00471315,0,-0.000294221,0.00849876,1.00337
12,29,0.195312,0.460938,0.998505,1.00673,0.50346,0,0.994867,1.00356,0.00453457,0,-0.000277516,0.00808282,1.00357
13,29,0.210938,0.460938,0.999798,1.00532,0.503031,0,0.996928,1.00374,0.00429262,0,-0.00026571,0.00780941,1.00374
14,29,0.226562,0.460938,1.00112,1.00384,0.502582,0,0.999039,1.00389,0.00398983,0,-0.000259861,0.00769309,1.0039
15,29,0.242188,0.460938,1.0024,1.0024,0.502121,0,1.00108,1.00402,0.00362056,0,-0.000259894,0.00770936,1.00402
16,29,0.257812,0.460938,1.00357,1.00106,0.501641,0,1.00294,1.00411,0.00316877,0,-0.000264379,0.00779174,1.00411
17,29,0.273438,0.460938,1.00461,0.999868,0.501129,0,1.00456,1.00416,0.00261934,0,-0.000270395,0.00782787,1.00417
18,29,0.289062,0.460938,1.00547,0.998854,0.500571,0,1.0059,1.00418,0.00196413,0,-0.000273856,0.00768536,1.00418
19,29,0.304688,0.460938,1.00616,0.998028,0.499957,0,1.00695,1.00417,0.00120192,0,-0.000270789,0.00727419,1.00417
20,29,0.320312,0.460938,1.00669,0.997386,0.499294,0,1.00771,1.00413,0.000352419,0,-0.000257798,0.00653683,1.00413
21,29,0.335938,0.460938,1.00705,0.996916,0.498608,0,1.00822,1.00408,-0.000542637,0,-0.000232881,0.00547713,1.00408
22,29,0.351562,0.460938,1.00726,0.996608,0.497942,0,1.0085,1.00403,-0.00142591,0,-0.000195856,0.00415649,1.00403
23,29,0.367188,0.460938,1.00734,0.996447,0.497345,0,1.00856,1.00398,-0.00223501,0,-0.000148294,0.00267312,1.00398
24,29,0.382812,0.460938,1.00729,0.996422,0.496863,0,1.00845,1.00393,-0.00291366,0,-9.30312e-05,0.00113496,1.00394
25,29,0.398438,0.460938,1.00713,0.996514,0.49653,0,1.00817,1.0039,-0.00342021,0,-3.35216e-05,-0.000362059,1.00391
26,29,0.414062,0.460938,1.00687,0.996706,0.496364,0,1.00776,1.00388,-0.00373235,0,2.67926e-05,-0.00174838,1.00389
27,29,0.429688,0.460938,1.00654,0.996975,0.496366,0,1.00724,1.00387,-0.00384757,0,8.49812e-05,-0.00298599,1.00387
28,29,0.445312,0.460938,1.00613,0.997298,0.496521,0,1.00665,1.00385,-0.00378064,0,0.000138887,-0.00406444,1.00386
29,29,0.460938,0.460938,1.00569,0.997651,0.496804,0,1.00601,1.00383,-0.00355923,0,0.000187191,-0.00499383,1.00383
30,29,0.476562,0.460938,1.00521,0.998012,0.497182,0,1.00535,1.00379,-0.00321859,0,0.00022933,-0.00579641,1.00379
31,29,0.492188,0.460938,1.00473,0.998362,0.497621,0,1.0047,1.00374,-0.00279642,0,0.000265317,-0.0064982,1.00374
32,29,0.507812,0.460938,1.00424,0.998688,0.498088,0,1.00407,1.00366,-0.0023284,0,0.000295525,-0.00712229,1.00366
33,29,0.523438,0.460938,1.00376,0.998981,0.498556,0,1.00348,1.00356,-0.00184506,0,0.000320479,-0.00768462,1.00356
34,29,0.539062,0.460938,1.00329,0.999236,0.499004,0,1.00294,1.00343,-0.00137025,0,0.000340698,-0.00819223,1.00343
35,29,0.554688,0.460938,1.00284,0.999451,0.499419,0,1.00244,1.00328,-0.000920788,0,0.000356593,-0.00864377,1.00328
36,29,0.570312,0.460938,1.00241,0.999631,0.499792,0,1.00199,1.00312,-0.00050718,0,0.000368432,-0.00903144,1.00312
37,29,0.585938,0.460938,1.002,0.999779,0.50012,0,1.00159,1.00293,-0.000134908,0,0.000376342,-0.00934379,1.00293
38,29,0.601562,0.460938,1.00161,0.9999,0.500405,0,1.00123,1.00273,0.000194135,0,0.000380354,-0.00956843,1.00273
39,29,0.617188,0.460938,1.00123,1,0.500646,0,1.00091,1.00253,0.00048044,0,0.000380452,-0.00969412,1.00253
40,29,0.632812,0.460938,1.00087,1.00009,0.500849,0,1.00063,1.00232,0.000725943,0,0.000376614,-0.0097122,1.00232
41,29,0.648438,0.460938,1.00053,1.00016,0.501018,0,1.00037,1.00211,0.000933417,0,0.000368847,-0.00961725,1.00211
42,29,0.664062,0.460938,1.0002,1.00023,0.501155,0,1.00013,1.0019,0.00110609,0,0.000357209,-0.00940718,1.0019
43,29,0.679688,0.460938,0.999885,1.0003,0.501267,0,0.999911,1.0017,0.00124746,0,0.000341816,-0.00908305,1.0017
44,29,0.695312,0.460938,0.999588,1.00037,0.501356,0,0.999702,1.00151,0.00136115,0,0.000322841,-0.00864864,1.00151
45,29,0.710938,0.460938,0.999309,1.00045,0.501427,0,0.999501,1.00133,0.00145087,0,0.000300508,-0.00810993,1.00134
46,29,0.726562,0.460938,0.999047,1.00054,0.501484,0,0.999303,1.00117,0.00152035,0,0.000275083,-0.00747456,1.00117
47,29,0.742188,0.460938,0.998806,1.00064,0.50153,0,0.999103,1.00103,0.00157338,0,0.000246864,-0.00675132,1.00103
48,29,0.757812,0.460938,0.998583,1.00076,0.501568,0,0.998898,1.0009,0.00161369,0,0.000216165,-0.00594975,1.0009
49,29,0.773438,0.460938,0.99838,1.00089,0.501604,0,0.998683,1.00079,0.00164499,0,0.000183314,-0.00507982,1.00079
50,29,0.789062,0.460938,0.998196,1.00105,0.501638,0,0.998455,1.0007,0.00167093,0,0.000148641,-0.0041515,1.0007
51,29,0.804688,0.460938,0.998028,1.00123,0.501676,0,0.998208,1.00063,0.00169506,0,0.000112476,-0.0031748,1.00063
52,29,0.820312,0.460938,0.997875,1.00143,0.501719,0,0.997938,1.00058,0.00172084,0,7.51423e-05,-0.00215952,1.00058
53,29,0.835938,0.460938,0.997732,1.00167,0.501771,0,0.997641,1.00054,0.0017516,0,3.69601e-05,-0.00111498,1.00055
54,29,0.851562,0.460938,0.997595,1.00194,0.501834,0,0.997312,1.00053,0.00179053,0,-1.75745e-06,-5.03985e-05,1.00053
55,29,0.867188,0.460938,0.997458,1.00225,0.501912,0,0.996946,1.00053,0.00184064,0,-4.06916e-05,0.0010248,1.00053
56,29,0.882812,0.460938,0.997317,1.0026,0.502007,0,0.99654,1.00055,0.00190476,0,-7.95185e-05,0.0021014,1.00055
57,29,0.898438,0.460938,0.997165,1.00299,0.50212,0,0.996088,1.00059,0.00198548,0,-0.000117902,0.00316984,1.00059
58,29,0.914062,0.460938,0.996996,1.00343,0.502253,0,0.995588,1.00064,0.0020851,0,-0.000155484,0.0042201,1.00065
59,29,0.929688,0.460938,0.996804,1.00392,0.502408,0,0.995037,1.00071,0.00220554,0,-0.000191884,0.0052415,1.00071
60,29,0.945312,0.460938,0.996587,1.00447,0.502585,0,0.994434,1.0008,0.00234824,0,-0.000226687,0.00622252,1.0008
61,29,0.960938,0.460938,0.996341,1.00506,0.502784,0,0.99378,1.00089,0.00251396,0,-0.000259446,0.00715069,1.0009
62,29,0.976562,0.460938,0.996068,1.00569,0.503003,0,0.993082,1.00101,0.00270265,0,-0.00028968,0.00801251,1.00101
63,29,0.992188,0.460938,0.99577,1.00637,0.503238,0,0.992349,1.00113,0.00291319,0,-0.00031688,0.00879361,1.00113
0,30,0.0078125,0.476562,0.995373,1.00728,0.503456,0,0.991488,1.0015,0.00313205,0,-0.000337058,0.00939499,1.0015
1,30,0.0234375,0.476562,0.995064,1.008,0.503684,0,0.990736,1.00167,0.00337341,0,-0.000353939,0.00989848,1.00167
2,30,0.0390625,0.476562,0.994771,1.00871,0.503904,0,0.990026,1.00185,0.00362305,0,-0.000365926,0.0102688,1.00186
3,30,0.0546875,0.476562,0.994516,1.00937,0.504106,0,0.989397,1.00204,0.00387314,0,-0.000372643,0.0104947,1.00205
4,30,0.0703125,0.476562,0.99433,1.00994,0.504276,0,0.988898,1.00224,0.00411404,0,-0.000373847,0.0105683,1.00225
5,30,0.0859375,0.476562,0.994244,1.01038,0.5044,0,0.988582,1.00245,0.00433458,0,-0.00036949,0.0104872,1.00246
6,30,0.101562,0.476562,0.994295,1.01063,0.504462,0,0.988508,1.00267,0.0045226,0,-0.000359788,0.010257,1.00268
7,30,0.117188,0.476562,0.994515,1.01067,0.504449,0,0.988731,1.00289,0.00466593,0,-0.00034531,0.0098937,1.0029
8,30,0.132812,0.476562,0.994931,1.01045,0.504354,0,0.989295,1.00311,0.00475371,0,-0.000327057,0.00942684,1.00312
9,30,0.148438,0.476562,0.995561,1.00995,0.504171,0,0.990225,1.00333,0.00477801,0,-0.000306491,0.00890003,1.00334
10,30,0.164062,0.476562,0.9964,1.00917,0.503906,0,0.991515,1.00355,0.00473518,0,-0.000285488,0.00836897,1.00356
11,30,0.179688,0.476562,0.997426,1.00813,0.503574,0,0.993124,1.00376,0.00462639,0,-0.000266186,0.00789591,1.00377
12,30,0.195312,0.476562,0.998594,1.00689,0.503193,0,0.994975,1.00396,0.00445673,0,-0.000250695,0.00753908,1.00397
13,30,0.210938,0.476562,0.999841,1.00554,0.502788,0,0.996963,1.00413,0.00423245,0,-0.000240722,0.00733921,1.00414
14,30,0.226562,0.476562,1.0011,1.00414,0.502376,0,0.998968,1.00428,0.00395637,0,-0.000237122,0.00730367,1.00429
15,30,0.242188,0.476562,1.0023,1.00278,0.501965,0,1.00088,1.00439,0.00362191,0,-0.00023969,0.00740467,1.0044
16,30,0.257812,0.476562,1.00339,1.00153,0.501544,0,1.0026,1.00447,0.00321058,0,-0.000246881,0.00757007,1.00448
17,30,0.273438,0.476562,1.00434,1.00043,0.501094,0,1.00409,1.00451,0.00270317,0,-0.000255731,0.00768423,1.00451
18,30,0.289062,0.476562,1.00514,0.999486,0.500597,0,1.00531,1.0045,0.0020861,0,-0.00026211,0.00761022,1.00451
19,30,0.304688,0.476562,1.00578,0.998704,0.500037,0,1.00627,1.00447,0.00135308,0,-0.000261947,0.00725168,1.00447
20,30,0.320312,0.476562,1.00628,0.998075,0.499415,0,1.00699,1.0044,0.000519679,0,-0.000251651,0.00654284,1.0044
21,30,0.335938,0.476562,1.00665,0.997584,0.498757,0,1.0075,1.00432,-0.000374539,0,-0.000228945,0.00548004,1.00432
22,30,0.351562,0.476562,1.00689,0.997224,0.498104,0,1.00781,1.00423,-0.00127189,0,-0.000193362,0.00412094,1.00423
23,30,0.367188,0.476562,1.00702,0.996986,0.497508,0,1.00795,1.00414,-0.00210728,0,-0.000146251,0.00256545,1.00414
24,30,0.382812,0.476562,1.00704,0.996863,0.497019,0,1.00792,1.00406,-0.00282008,0,-9.03612e-05,0.000928564,1.00407
25,30,0.398438,0.476562,1.00696,0.996848,0.496676,0,1.00776,1.00399,-0.00336364,0,-2.9195e-05,-0.000683666,1.004
26,30,0.414062,0.476562,1.00678,0.99693,0.496499,0,1.00746,1.00394,-0.00371087,0,3.36269e-05,-0.00218997,1.00395
27,30,0.429688,0.476562,1.00652,0.997092,0.496495,0,1.00706,1.00389,-0.00385551,0,9.49072e-05,-0.00354174,1.0039
28,30,0.445312,0.476562,1.0062,0.997316,0.496649,0,1.00658,1.00385,-0.00380996,0,0.000152187,-0.00472044,1.00385
29,30,0.460938,0.476562,1.00582,0.997582,0.496938,0,1.00604,1.0038,-0.00360094,0,0.000203858,-0.00573099,1.00381
30,30,0.476562,0.476562,1.0054,0.997869,0.497327,0,1.00547,1.00374,-0.00326405,0,0.000249108,-0.00659328,1.00375
31,30,0.492188,0.476562,1.00496,0.998159,0.497782,0,1.00489,1.00367,-0.00283827,0,0.000287767,-0.00733331,1.00367
32,30,0.507812,0.476562,1.00452,0.998437,0.498267,0,1.00431,1.00358,-0.00236112,0,0.000320085,-0.00797572,1.00358
33,30,0.523438,0.476562,1.00407,0.998693,0.498755,0,1.00377,1.00346,-0.00186517,0,0.00034653,-0.00853899,1.00347
34,30,0.539062,0.476562,1.00362,0.998921,0.499222,0,1.00325,1.00333,-0.0013762,0,0.000367612,-0.00903309,1.00333
35,30,0.554688,0.476562,1.00319,0.999119,0.499654,0,1.00278,1.00317,-0.000912668,0,0.000383773,-0.00945944,1.00317
36,30,0.570312,0.476562,1.00277,0.999288,0.500041,0,1.00234,1.003,-0.000486297,0,0.000395331,-0.00981269,1.003
37,30,0.585938,0.476562,1.00236,0.99943,0.50038,0,1.00195,1.00281,-0.000103369,0,0.000402483,-0.0100834,1.00281
38,30,0.601562,0.476562,1.00196,0.999551,0.500671,0,1.00159,1.00261,0.000233801,0,0.000405333,-0.0102607,1.00261
39,30,0.617188,0.476562,1.00158,0.999656,0.500916,0,1.00127,1.0024,0.000525589,0,0.000403934,-0.0103345,1.0024
40,30,0.632812,0.476562,1.0012,0.999748,0.501118,0,1.00098,1.00219,0.000774037,0,0.000398335,-0.0102973,1.00219
41,30,0.648438,0.476562,1.00084,0.999834,0.501283,0,1.00071,1.00199,0.000982176,0,0.000388608,-0.0101444,1.00199
42,30,0.664062,0.476562,1.00049,0.999916,0.501415,0,1.00046,1.00178,0.00115358,0,0.000374868,-0.00987464,1.00179
43,30,0.679688,0.476562,1.00015,1,0.501518,0,1.00022,1.00159,0.00129213,0,0.000357285,-0.00948979,1.00159
44,30,0.695312,0.476562,0.999819,1.00009,0.501598,0,1,1.00141,0.00140184,0,0.000336081,-0.00899449,1.00141
45,30,0.710938,0.476562,0.999507,1.00019,0.501658,0,0.999783,1.00124,0.00148679,0,0.000311525,-0.00839554,1.00124
46,30,0.726562,0.476562,0.999211,1.00029,0.501703,0,0.999567,1.00109,0.00155107,0,0.00028392,-0.00770138,1.00109
47,30,0.742188,0.476562,0.998934,1.00041,0.501737,0,0.999349,1.00096,0.00159874,0,0.000253597,-0.00692154,1.00096
48,30,0.757812,0.476562,0.998676,1.00055,0.501764,0,0.999124,1.00084,0.0016338,0,0.0002209,-0.00606628,1.00085
49,30,0.773438,0.476562,0.99844,1.00071,0.501787,0,0.998889,1.00075,0.00166015,0,0.000186184,-0.00514619,1.00075
50,30,0.789062,0.476562,0.998224,1.00088,0.501809,0,0.99864,1.00067,0.0016816,0,0.000149799,-0.00417183,1.00067
51,30,0.804688,0.476562,0.998027,1.00109,0.501834,0,0.998371,1.00062,0.00170181,0,0.000112094,-0.0031537,1.00062
52,30,0.820312,0.476562,0.997848,1.00132,0.501866,0,0.998079,1.00058,0.00172429,0,7.34109e-05,-0.00210206,1.00058
53,30,0.835938,0.476562,0.997683,1.00158,0.501906,0,0.997759,1.00056,0.0017524,0,3.40866e-05,-0.00102691,1.00056
54,30,0.851562,0.476562,0.997528,1.00188,0.501958,0,0.997406,1.00057,0.00178932,0,-5.54806e-06,6.22822e-05,1.00057
55,30,0.867188,0.476562,0.997378,1.00221,0.502024,0,0.997017,1.00059,0.001838,0,-4.51602e-05,0.00115568,1.00059
56,30,0.882812,0.476562,0.997226,1.00259,0.502106,0,0.996586,1.00062,0.0019012,0,-8.44063e-05,0.00224342,1.00063
57,30,0.898438,0.476562,0.997067,1.00301,0.502207,0,0.99611,1.00068,0.0019814,0,-0.00012293,0.00331544,1.00068
58,30,0.914062,0.476562,0.996894,1.00348,0.502328,0,0.995585,1.00075,0.00208075,0,-0.000160353,0.00436114,1.00076
59,30,0.929688,0.476562,0.996701,1.004,0.502469,0,0.99501,1.00084,0.00220102,0,-0.00019627,0.00536924,1.00084
60,30,0.945312,0.476562,0.996484,1.00457,0.502632,0,0.994385,1.00095,0.00234345,0,-0.000230248,0.00632768,1.00095
61,30,0.960938,0.476562,0.996241,1.00519,0.502814,0,0.993711,1.00106,0.0025086,0,-0.000261818,0.00722351,1.00107
62,30,0.976562,0.476562,0.995972,1.00586,0.503015,0,0.992996,1.0012,0.0026962,0,-0.000290487,0.00804296,1.0012
63,30,0.992188,0.476562,0.99568,1.00655,0.503231,0,0.992249,1.00134,0.0029049,0,-0.00031574,0.00877166,1.00135
0,31,0.0078125,0.492188,0.995288,1.00746,0.503396,0,0.991394,1.00174,0.00309805,0,-0.000332399,0.00928239,1.00174
1,31,0.0234375,0.492188,0.994992,1.0082,0.503599,0,0.990642,1.00193,0.00333434,0,-0.000346566,0.00971472,1.00193
2,31,0.0390625,0.492188,0.994713,1.00892,0.503792,0,0.989938,1.00213,0.00357765,0,-0.000355596,0.0100085,1.00213
3,31,0.0546875,0.492188,0.994477,1.00958,0.503966,0,0.989324,1.00234,0.00382014,0,-0.000359191,0.0101548,1.00235
4,31,0.0703125,0.492188,0.994312,1.01014,0.504107,0,0.988848,1.00256,0.00405229,0,-0.000357216,0.0101494,1.00257
5,31,0.0859375,0.492188,0.994251,1.01057,0.504201,0,0.988564,1.00279,0.00426316,0,-0.000349752,0.00999375,1.0028
6,31,0.101562,0.492188,0.994328,1.01081,0.504235,0,0.988528,1.00302,0.00444109,0,-0.000337172,0.00969813,1.00303
7,31,0.117188,0.492188,0.994574,1.01083,0.504197,0,0.988791,1.00326,0.00457464,0,-0.000320214,0.00928352,1.00327
8,31,0.132812,0.492188,0.995014,1.01059,0.50408,0,0.989393,1.00349,0.00465403,0,-0.000300041,0.00878395,1.00351
9,31,0.148438,0.492188,0.99566,1.01007,0.503882,0,0.99035,1.00373,0.00467276,0,-0.000278239,0.00824607,1.00374
10,31,0.164062,0.492188,0.996504,1.00928,0.50361,0,0.99165,1.00396,0.00462883,0,-0.000256747,0.00772654,1.00397
11,31,0.179688,0.492188,0.997519,1.00826,0.503282,0,0.993244,1.00417,0.00452521,0,-0.000237678,0.00728574,1.00418
12,31,0.195312,0.492188,0.998657,1.00706,0.502918,0,0.995048,1.00437,0.0043686,0,-0.000223037,0.00697748,1.00438
13,31,0.210938,0.492188,0.999854,1.00576,0.502543,0,0.996955,1.00454,0.00416634,0,-0.000214369,0.00683671,1.00455
14,31,0.226562,0.492188,1.00104,1.00444,0.502175,0,0.99885,1.00468,0.0039214,0,-0.000212379,0.00686567,1.00469
15,31,0.242188,0.492188,1.00216,1.00318,0.501819,0,1.00063,1.00479,0.00362623,0,-0.000216779,0.00703498,1.0048
16,31,0.257812,0.492188,1.00317,1.00203,0.50146,0,1.00221,1.00485,0.00325992,0,-0.000226008,0.00726963,1.00486
17,31,0.273438,0.492188,1.00404,1.00101,0.501076,0,1.00356,1.00487,0.00279927,0,-0.000237144,0.00745342,1.00488
18,31,0.289062,0.492188,1.00477,1.00014,0.500643,0,1.00466,1.00485,0.00222532,0,-0.000246094,0.0074464,1.00485
19,31,0.304688,0.492188,1.00536,0.99941,0.500139,0,1.00554,1.00479,0.0015266,0,-0.000248737,0.00714605,1.00479
20,31,0.320312,0.492188,1.00584,0.998796,0.499562,0,1.00621,1.0047,0.000714279,0,-0.000241309,0.00647753,1.0047
21,31,0.335938,0.492188,1.0062,0.998287,0.498932,0,1.00671,1.00458,-0.000174691,0,-0.000221244,0.0054275,1.00458
22,31,0.351562,0.492188,1.00647,0.997876,0.498294,0,1.00706,1.00445,-0.00108277,0,-0.000187733,0.00404689,1.00445
23,31,0.367188,0.492188,1.00665,0.997559,0.497699,0,1.00727,1.00433,-0.00194255,0,-0.000141825,0.00243431,1.00433
24,31,0.382812,0.492188,1.00674,0.997338,0.497201,0,1.00734,1.00421,-0.00268927,0,-8.60849e-05,0.000709609,1.00421
25,31,0.398438,0.492188,1.00673,0.997212,0.496844,0,1.00729,1.0041,-0.00327126,0,-2.39887e-05,-0.00101212,1.0041
26,31,0.414062,0.492188,1.00664,0.997178,0.496653,0,1.00712,1.004,-0.00365647,0,4.0726e-05,-0.00263799,1.00401
27,31,0.429688,0.492188,1.00647,0.997226,0.496638,0,1.00684,1.00392,-0.00383454,0,0.000104628,-0.00410764,1.00393
28,31,0.445312,0.492188,1.00622,0.997345,0.496786,0,1.00647,1.00384,-0.00381507,0,0.000164962,-0.0053929,1.00385
29,31,0.460938,0.492188,1.00592,0.997516,0.497075,0,1.00604,1.00376,-0.00362344,0,0.000219811,-0.00649179,1.00377
30,31,0.476562,0.492188,1.00557,0.997721,0.497472,0,1.00556,1.00368,-0.00329526,0,0.000268087,-0.00742028,1.00368
31,31,0.492188,0.492188,1.00518,0.997943,0.497938,0,1.00505,1.00358,-0.00287052,0,0.000309396,-0.00820308,1.00358
32,31,0.507812,0.492188,1.00478,0.998167,0.49844,0,1.00454,1.00347,-0.00238844,0,0.000343833,-0.00886564,1.00347
33,31,0.523438,0.492188,1.00437,0.998381,0.498945,0,1.00404,1.00334,-0.00188356,0,0.000371776,-0.00942864,1.00334
34,31,0.539062,0.492188,1.00395,0.998579,0.499429,0,1.00356,1.00319,-0.00138358,0,0.000393706,-0.00990503,1.00319
35,31,0.554688,0.492188,1.00354,0.998756,0.499877,0,1.00311,1.00303,-0.000908622,0,0.000410083,-0.0102994,1.00303
36,31,0.570312,0.492188,1.00313,0.998912,0.500277,0,1.0027,1.00285,-0.000471698,0,0.000421275,-0.0106095,1.00285
37,31,0.585938,0.492188,1.00273,0.999049,0.500626,0,1.00231,1.00265,-7.99589e-05,0,0.000427551,-0.0108285,1.00265
38,31,0.601562,0.492188,1.00234,0.99917,0.500923,0,1.00196,1.00245,0.000263794,0,0.000429094,-0.0109479,1.00245
39,31,0.617188,0.492188,1.00194,0.999279,0.501171,0,1.00164,1.00225,0.000559765,0,0.000426041,-0.0109594,1.00225
40,31,0.632812,0.492188,1.00156,0.99938,0.501373,0,1.00134,1.00204,0.000810062,0,0.000418522,-0.010857,1.00204
41,31,0.648438,0.492188,1.00118,0.999477,0.501535,0,1.00106,1.00184,0.00101794,0,0.000406684,-0.0106373,1.00184
42,31,0.664062,0.492188,1.0008,0.999574,0.501661,0,1.0008,1.00165,0.00118731,0,0.000390711,-0.0103002,1.00165
43,31,0.679688,0.492188,1.00043,0.999675,0.501756,0,1.00055,1.00146,0.00132241,0,0.000370835,-0.00984857,1.00146
44,31,0.695312,0.492188,1.00008,0.999781,0.501827,0,1.00031,1.00129,0.00142764,0,0.000347331,-0.00928793,1.00129
45,31,0.710938,0.492188,0.999729,0.999897,0.501877,0,1.00008,1.00114,0.00150744,0,0.000320514,-0.0086259,1.00114
46,31,0.726562,0.492188,0.999396,1.00002,0.50191,0,0.999844,1.001,0.00156623,0,0.00029073,-0.00787166,1.001
47,31,0.742188,0.492188,0.99908,1.00017,0.501932,0,0.999607,1.00088,0.00160836,0,0.000258341,-0.00703541,1.00088
48,31,0.757812,0.492188,0.998784,1.00033,0.501947,0,0.999362,1.00078,0.00163805,0,0.000223721,-0.00612797,1.00078
49,31,0.773438,0.492188,0.99851,1.0005,0.501957,0,0.999107,1.0007,0.0016594,0,0.000187245,-0.00516043,1.0007
50,31,0.789062,0.492188,0.998258,1.00071,0.501967,0,0.998836,1.00064,0.00167634,0,0.000149286,-0.00414377,1.00064
51,31,0.804688,0.492188,0.998028,1.00093,0.50198,0,0.998545,1.0006,0.00169261,0,0.000110206,-0.00308886,1.0006
52,31,0.820312,0.492188,0.99782,1.00119,0.501999,0,0.998231,1.00058,0.00171177,0,7.03624e-05,-0.00200625,1.00058
53,31,0.835938,0.492188,0.99763,1.00148,0.502027,0,0.997888,1.00058,0.00173717,0,3.01037e-05,-0.000906286,1.00058
54,31,0.851562,0.492188,0.997455,1.0018,0.502067,0,0.997511,1.0006,0.00177196,0,-1.02234e-05,0.00020099,1.0006
55,31,0.867188,0.492188,0.997289,1.00216,0.50212,0,0.997098,1.00064,0.00181903,0,-5.02746e-05,0.00130585,1.00064
56,31,0.882812,0.492188,0.997126,1.00257,0.502189,0,0.996643,1.0007,0.00188103,0,-8.96933e-05,0.00239787,1.0007
57,31,0.898438,0.492188,0.996959,1.00302,0.502276,0,0.996142,1.00077,0.00196032,0,-0.000128107,0.00346656,1.00078
58,31,0.914062,0.492188,0.996782,1.00352,0.502383,0,0.995594,1.00087,0.0020589,0,-0.000165121,0.00450093,1.00087
59,31,0.929688,0.492188,0.996588,1.00406,0.502509,0,0.994995,1.00097,0.00217837,0,-0.000200314,0.00548927,1.00098
60,31,0.945312,0.492188,0.996373,1.00466,0.502654,0,0.994348,1.0011,0.00231977,0,-0.000233237,0.00641915,1.0011
61,31,0.960938,0.492188,0.996133,1.00531,0.502819,0,0.993654,1.00124,0.00248348,0,-0.000263411,0.00727735,1.00124
62,31,0.976562,0.492188,0.99587,1.006,0.503,0,0.992922,1.00139,0.00266901,0,-0.000290335,0.00805005,1.00139
63,31,0.992188,0.492188,0.995586,1.00672,0.503194,0,0.992163,1.00156,0.00287481,0,-0.000313499,0.00872306,1.00156
0,32,0.0078125,0.507812,0.995197,1.00761,0.503303,0,0.991312,1.00198,0.00304045,0,-0.000326853,0.00914936,1.00198
1,32,0.0234375,0.507812,0.994913,1.00836,0.503478,0,0.990558,1.00219,0.00327061,0,-0.000338308,0.00951145,1.00219
2,32,0.0390625,0.507812,0.994651,1.00909,0.503644,0,0.98986,1.00241,0.00350662,0,-0.000344438,0.00973109,1.00242
3,32,0.0546875,0.507812,0.994433,1.00975,0.503789,0,0.989259,1.00264,0.00374072,0,-0.000345024,0.00980193,1.00265
4,32,0.0703125,0.507812,0.994289,1.01031,0.5039,0,0.988804,1.00289,0.00396358,0,-0.000340029,0.00972258,1.00289
5,32,0.0859375,0.507812,0.994251,1.01072,0.503966,0,0.988549,1.00313,0.00416463,0,-0.000329657,0.00949843,1.00314
6,32,0.101562,0.507812,0.994352,1.01095,0.503973,0,0.988546,1.00338,0.00433278,0,-0.000314416,0.00914373,1.00339
7,32,0.117188,0.507812,0.994622,1.01095,0.503911,0,0.988844,1.00364,0.00445744,0,-0.000295185,0.00868357,1.00365
8,32,0.132812,0.507812,0.995083,1.01069,0.503776,0,0.989476,1.00389,0.00452998,0,-0.000273249,0.00815542,1.0039
9,32,0.148438,0.507812,0.995741,1.01017,0.503567,0,0.990454,1.00413,0.00454529,0,-0.00025028,0.00760782,1.00414
10,32,0.164062,0.507812,0.996586,1.00938,0.503295,0,0.991756,1.00437,0.00450303,0,-0.000228238,0.00709729,1.00438
11,32,0.179688,0.507812,0.997585,1.00838,0.502976,0,0.993325,1.00459,0.00440782,0,-0.00020918,0.00668163,1.0046
12,32,0.195312,0.507812,0.998688,1.00722,0.502635,0,0.995075,1.00479,0.00426783,0,-0.000194991,0.00641022,1.0048
13,32,0.210938,0.507812,0.999832,1.00599,0.502295,0,0.996896,1.00497,0.00409133,0,-0.000187069,0.00631298,1.00498
14,32,0.226562,0.507812,1.00095,1.00475,0.501976,0,0.998676,1.00511,0.00388135,0,-0.000186031,0.00638959,1.00511
15,32,0.242188,0.507812,1.00199,1.00358,0.501678,0,1.00032,1.00521,0.00362943,0,-0.000191526,0.0066092,1.00521
16,32,0.257812,0.507812,1.00291,1.00253,0.501386,0,1.00176,1.00526,0.00331241,0,-0.000202088,0.00689842,1.00527
17,32,0.273438,0.507812,1.00369,1.00161,0.501072,0,1.00297,1.00527,0.00290325,0,-0.000214902,0.00714161,1.00527
18,32,0.289062,0.507812,1.00435,1.00082,0.500706,0,1.00396,1.00523,0.00237774,0,-0.000225991,0.00719809,1.00523
19,32,0.304688,0.507812,1.00489,1.00013,0.500262,0,1.00475,1.00515,0.00171919,0,-0.000231236,0.00695941,1.00515
20,32,0.320312,0.507812,1.00534,0.999539,0.499732,0,1.00537,1.00503,0.000934061,0,-0.000226733,0.00634112,1.00503
21,32,0.335938,0.507812,1.00571,0.999015,0.499135,0,1.00587,1.00488,5.62052e-05,0,-0.000209619,0.00531836,1.00488
22,32,0.351562,0.507812,1.006,0.998556,0.498512,0,1.00625,1.00471,-0.000857579,0,-0.000178707,0.00393258,1.00471
23,32,0.367188,0.507812,1.00623,0.998162,0.497919,0,1.00652,1.00455,-0.00173815,0,-0.000134675,0.00227804,1.00455
24,32,0.382812,0.507812,1.00638,0.997841,0.497413,0,1.0067,1.00438,-0.00251697,0,-7.9824e-05,0.000476964,1.00438
25,32,0.398438,0.507812,1.00645,0.997601,0.49704,0,1.00676,1.00423,-0.0031375,0,-1.75191e-05,-0.00134777,1.00423
26,32,0.414062,0.507812,1.00645,0.997447,0.496832,0,1.00671,1.00408,-0.00356262,0,4.84472e-05,-0.00309208,1.00409
27,32,0.429688,0.507812,1.00636,0.997376,0.496801,0,1.00656,1.00395,-0.00377758,0,0.000114449,-0.004683,1.00396
28,32,0.445312,0.507812,1.0062,0.997382,0.496939,0,1.00632,1.00383,-0.0037888,0,0.000177448,-0.00608104,1.00384
29,32,0.460938,0.507812,1.00597,0.997451,0.497223,0,1.006,1.00371,-0.00361986,0,0.000235212,-0.0072756,1.00372
30,32,0.476562,0.507812,1.00569,0.997567,0.49762,0,1.00561,1.0036,-0.00330595,0,0.000286349,-0.00827706,1.0036
31,32,0.492188,0.507812,1.00538,0.997714,0.498094,0,1.00519,1.00347,-0.00288776,0,0.000330212,-0.00910752,1.00348
32,32,0.507812,0.507812,1.00503,0.997878,0.498606,0,1.00475,1.00334,-0.00240594,0,0.000366707,-0.00979235,1.00334
33,32,0.523438,0.507812,1.00466,0.998046,0.499125,0,1.00431,1.00319,-0.00189684,0,0.000396096,-0.010354,1.00319
34,32,0.539062,0.507812,1.00428,0.998209,0.499623,0,1.00387,1.00302,-0.00139002,0,0.000418811,-0.0108085,1.00303
35,32,0.554688,0.507812,1.00389,0.998363,0.500084,0,1.00345,1.00285,-0.00090723,0,0.000435318,-0.011164,1.00285
36,32,0.570312,0.507812,1.0035,0.998506,0.500496,0,1.00305,1.00266,-0.000462808,0,0.000446032,-0.0114219,1.00266
37,32,0.585938,0.507812,1.00311,0.998636,0.500853,0,1.00268,1.00247,-6.48159e-05,0,0.000451294,-0.0115787,1.00247
38,32,0.601562,0.507812,1.00272,0.998758,0.501156,0,1.00233,1.00226,0.000283401,0,0.000451378,-0.0116291,1.00226
39,32,0.617188,0.507812,1.00233,0.998872,0.501406,0,1.00201,1.00206,0.000581818,0,0.000446514,-0.0115673,1.00206
40,32,0.632812,0.507812,1.00193,0.998983,0.501607,0,1.00171,1.00186,0.00083256,0,0.000436922,-0.0113893,1.00186
41,32,0.648438,0.507812,1.00154,0.999094,0.501766,0,1.00142,1.00167,0.00103907,0,0.000422835,-0.0110936,1.00167
42,32,0.664062,0.507812,1.00114,0.999207,0.501887,0,1.00115,1.00148,0.00120553,0,0.000404516,-0.0106815,1.00148
43,32,0.679688,0.507812,1.00075,0.999326,0.501975,0,1.00089,1.00131,0.00133652,0,0.000382263,-0.0101571,1.00131
44,32,0.695312,0.507812,1.00035,0.999452,0.502036,0,1.00063,1.00115,0.00143681,0,0.000356411,-0.00952684,1.00115
45,32,0.710938,0.507812,0.999972,0.999589,0.502076,0,1.00038,1.00101,0.00151116,0,0.000327324,-0.00879915,1.00101
46,32,0.726562,0.507812,0.9996,0.999739,0.502099,0,1.00013,1.00089,0.0015643,0,0.000295387,-0.00798388,1.00089
47,32,0.742188,0.507812,0.999243,0.999904,0.502109,0,0.999872,1.00078,0.00160082,0,0.000260995,-0.00709179,1.00078
48,32,0.757812,0.507812,0.998905,1.00009,0.502112,0,0.999608,1.0007,0.00162517,0,0.000224549,-0.00613411,1.0007
49,32,0.773438,0.507812,0.998588,1.00029,0.50211,0,0.999332,1.00064,0.00164159,0,0.000186443,-0.00512223,1.00064
50,32,0.789062,0.507812,0.998296,1.00051,0.502108,0,0.99904,1.0006,0.00165411,0,0.000147065,-0.00406738,1.0006
51,32,0.804688,0.507812,0.99803,1.00077,0.502109,0,0.998727,1.00058,0.00166654,0,0.000106789,-0.0029806,1.00058
52,32,0.820312,0.507812,0.997789,1.00105,0.502115,0,0.99839,1.00058,0.00168246,0,6.59815e-05,-0.0018726,1.00058
53,32,0.835938,0.507812,0.99757,1.00136,0.50213,0,0.998024,1.0006,0.00170517,0,2.50011e-05,-0.000753848,1.0006
54,32,0.851562,0.507812,0.997372,1.00171,0.502157,0,0.997625,1.00064,0.00173777,0,-1.57967e-05,0.00036533,1.00064
55,32,0.867188,0.507812,0.997188,1.00209,0.502196,0,0.997188,1.0007,0.00178308,0,-5.60555e-05,0.00147495,1.0007
56,32,0.882812,0.507812,0.997012,1.00253,0.502252,0,0.996709,1.00077,0.00184362,0,-9.54125e-05,0.00256475,1.00077
57,32,0.898438,0.507812,0.996837,1.003,0.502324,0,0.996184,1.00087,0.00192162,0,-0.000133483,0.00362373,1.00087
58,32,0.914062,0.507812,0.996655,1.00353,0.502414,0,0.995612,1.00098,0.00201892,0,-0.000169863,0.00464066,1.00098
59,32,0.929688,0.507812,0.996461,1.0041,0.502523,0,0.994991,1.00111,0.00213694,0,-0.000204119,0.0056036,1.00111
60,32,0.945312,0.507812,0.996249,1.00473,0.502651,0,0.994322,1.00125,0.00227654,0,-0.000235792,0.00649993,1.00126
61,32,0.960938,0.507812,0.996014,1.0054,0.502795,0,0.993609,1.00141,0.00243792,0,-0.0002644,0.00731635,1.00142
62,32,0.976562,0.507812,0.995758,1.00611,0.502955,0,0.99286,1.00159,0.00262038,0,-0.000289443,0.00803915,1.00159
63,32,0.992188,0.507812,0.995483,1.00685,0.503126,0,0.992088,1.00178,0.00282222,0,-0.000310421,0.00865457,1.00178
0,33,0.0078125,0.523438,0.995095,1.00772,0.503174,0,0.991238,1.00222,0.0029585,0,-0.000320762,0.00900409,1.00222
1,33,0.0234375,0.523438,0.994826,1.00848,0.503321,0,0.990482,1.00245,0.00318144,0,-0.000329557,0.0092984,1.00246
2,33,0.0390625,0.523438,0.994579,1.00921,0.503458,0,0.989788,1.0027,0.00340917,0,-0.000332893,0.00944785,1.00271
3,33,0.0546875,0.523438,0.99438,1.00987,0.503573,0,0.989198,1.00295,0.00363408,0,-0.000330627,0.00944843,1.00296
4,33,0.0703125,0.523438,0.994256,1.01043,0.503656,0,0.988761,1.00322,0.00384711,0,-0.000322812,0.00930158,1.00322
5,33,0.0859375,0.523438,0.99424,1.01083,0.503693,0,0.98853,1.00348,0.00403816,0,-0.00030976,0.00901592,1.00349
6,33,0.101562,0.523438,0.994363,1.01105,0.503675,0,0.988555,1.00375,0.0041968,0,-0.000292095,0.00860913,1.00376
7,33,0.117188,0.523438,0.994654,1.01103,0.503593,0,0.988881,1.00402,0.00431335,0,-0.000270804,0.00810951,1.00403
8,33,0.132812,0.523438,0.995131,1.01076,0.503443,0,0.989537,1.00429,0.00438035,0,-0.000247262,0.00755684,1.0043
9,33,0.148438,0.523438,0.995797,1.01023,0.503227,0,0.990527,1.00455,0.00439414,0,-0.000223183,0.00700049,1.00456
10,33,0.164062,0.523438,0.996638,1.00946,0.502958,0,0.991822,1.0048,0.00435592,0,-0.000200511,0.00649585,1.00481
11,33,0.179688,0.523438,0.997618,1.00848,0.502655,0,0.993359,1.00503,0.00427188,0,-0.00018122,0.00609755,1.00504
12,33,0.195312,0.523438,0.998682,1.00737,0.502341,0,0.995047,1.00524,0.0041515,0,-0.00016707,0.00585069,1.00525
13,33,0.210938,0.523438,0.999769,1.0062,0.502042,0,0.996777,1.00542,0.00400389,0,-0.000159329,0.00578087,1.00543
14,33,0.226562,0.523438,1.00081,1.00505,0.501775,0,0.998439,1.00556,0.00383219,0,-0.000158574,0.00588833,1.00557
15,33,0.242188,0.523438,1.00177,1.00398,0.50154,0,0.999948,1.00566,0.00362704,0,-0.000164415,0.00613903,1.00566
16,33,0.257812,0.523438,1.0026,1.00303,0.501317,0,1.00125,1.00571,0.00336337,0,-0.000175578,0.00646726,1.00571
17,33,0.273438,0.523438,1.0033,1.00221,0.501076,0,1.00232,1.00571,0.00301049,0,-0.000189409,0.00675785,1.00571
18,33,0.289062,0.523438,1.00389,1.00149,0.500782,0,1.0032,1.00565,0.00253914,0,-0.000202118,0.00687196,1.00565
19,33,0.304688,0.523438,1.00438,1.00087,0.500402,0,1.0039,1.00555,0.00192741,0,-0.000209644,0.00669566,1.00555
20,33,0.320312,0.523438,1.0048,1.00029,0.499924,0,1.00448,1.0054,0.00117674,0,-0.000207977,0.00613482,1.0054
21,33,0.335938,0.523438,1.00516,0.999756,0.499364,0,1.00496,1.00522,0.000317345,0,-0.000193976,0.00515169,1.00522
22,33,0.351562,0.523438,1.00548,0.999251,0.498762,0,1.00537,1.00502,-0.000595421,0,-0.000166052,0.00377573,1.00502
23,33,0.367188,0.523438,1.00575,0.998782,0.498173,0,1.00572,1.0048,-0.00149137,0,-0.00012446,0.00209401,1.0048
24,33,0.382812,0.523438,1.00597,0.998363,0.497659,0,1.00599,1.00459,-0.00229877,0,-7.11632e-05,0.000228385,1.00459
25,33,0.398438,0.523438,1.00612,0.998009,0.497269,0,1.00617,1.00438,-0.00295648,0,-9.34105e-06,-0.00169202,1.00439
26,33,0.414062,0.523438,1.0062,0.997731,0.497041,0,1.00625,1.00419,-0.00342236,0,5.72255e-05,-0.00355244,1.00419
27,33,0.429688,0.523438,1.0062,0.997537,0.49699,0,1.00623,1.004,-0.00367703,0,0.000124762,-0.00526692,1.00401
28,33,0.445312,0.523438,1.00613,0.997424,0.497112,0,1.00611,1.00383,-0.00372331,0,0.000189969,-0.00678327,1.00384
29,33,0.460938,0.523438,1.00599,0.997384,0.497385,0,1.00591,1.00367,-0.00358255,0,0.000250298,-0.00808038,1.00367
30,33,0.476562,0.523438,1.00579,0.997405,0.497778,0,1.00563,1.00351,-0.00328905,0,0.000304041,-0.00916137,1.00351
31,33,0.492188,0.523438,1.00553,0.997472,0.498252,0,1.0053,1.00335,-0.00288375,0,0.000350272,-0.0100444,1.00335
32,33,0.507812,0.523438,1.00524,0.997571,0.49877,0,1.00493,1.00318,-0.00240839,0,0.000388682,-0.0107537,1.00318
33,33,0.523438,0.523438,1.00493,0.997687,0.499296,0,1.00455,1.00301,-0.00190088,0,0.000419394,-0.0113132,1.00301
34,33,0.539062,0.523438,1.00459,0.997813,0.499805,0,1.00416,1.00283,-0.00139247,0,0.000442773,-0.0117417,1.00283
35,33,0.554688,0.523438,1.00423,0.997942,0.500275,0,1.00378,1.00264,-0.00090649,0,0.000459278,-0.0120514,1.00264
36,33,0.570312,0.523438,1.00387,0.998069,0.500694,0,1.0034,1.00244,-0.000458553,0,0.00046937,-0.012248,1.00244
37,33,0.585938,0.523438,1.00349,0.998193,0.501058,0,1.00305,1.00224,-5.76641e-05,0,0.000473464,-0.0123323,1.00224
38,33,0.601562,0.523438,1.00311,0.998316,0.501365,0,1.00271,1.00204,0.000292246,0,0.00047193,-0.0123025,1.00204
39,33,0.617188,0.523438,1.00272,0.998437,0.501616,0,1.00238,1.00184,0.00059087,0,0.0004651,-0.0121564,1.00184
40,33,0.632812,0.523438,1.00232,0.99856,0.501816,0,1.00207,1.00165,0.000840286,0,0.000453294,-0.0118927,1.00165
41,33,0.648438,0.523438,1.00191,0.998686,0.501971,0,1.00178,1.00146,0.00104406,0,0.000436841,-0.011512,1.00146
42,33,0.664062,0.523438,1.0015,0.998817,0.502086,0,1.0015,1.00129,0.00120661,0,0.000416088,-0.0110174,1.00129
43,33,0.679688,0.523438,1.00108,0.998956,0.502167,0,1.00122,1.00113,0.00133282,0,0.000391405,-0.0104145,1.00113
44,33,0.695312,0.523438,1.00065,0.999105,0.50222,0,1.00095,1.00099,0.00142772,0,0.00036319,-0.00971063,1.00099
45,33,0.710938,0.523438,1.00023,0.999264,0.50225,0,1.00068,1.00086,0.0014964,0,0.000331854,-0.00891513,1.00087
46,33,0.726562,0.523438,0.99982,0.999438,0.502262,0,1.00041,1.00076,0.00154383,0,0.000297822,-0.00803839,1.00076
47,33,0.742188,0.523438,0.999418,0.999627,0.502262,0,1.00014,1.00068,0.00157482,0,0.000261521,-0.00709153,1.00068
48,33,0.757812,0.523438,0.999034,0.999833,0.502253,0,0.999856,1.00061,0.00159398,0,0.000223371,-0.006086,1.00061
49,33,0.773438,0.523438,0.998672,1.00006,0.50224,0,0.99956,1.00057,0.00160568,0,0.000183785,-0.0050333,1.00057
50,33,0.789062,0.523438,0.998336,1.00031,0.502225,0,0.999247,1.00055,0.00161402,0,0.000143159,-0.00394469,1.00055
51,33,0.804688,0.523438,0.998028,1.00058,0.502214,0,0.998913,1.00055,0.00162283,0,0.000101876,-0.00283119,1.00055
52,33,0.820312,0.523438,0.99775,1.00089,0.502208,0,0.998555,1.00057,0.00163566,0,6.03082e-05,-0.00170346,1.00057
53,33,0.835938,0.523438,0.9975,1.00123,0.50221,0,0.998166,1.00061,0.00165579,0,1.88179e-05,-0.00057192,1.00061
54,33,0.851562,0.523438,0.997275,1.0016,0.502223,0,0.997744,1.00067,0.0016862,0,-2.2235e-05,0.000553133,1.00067
55,33,0.867188,0.523438,0.997071,1.00201,0.502249,0,0.997284,1.00075,0.00172963,0,-6.24868e-05,0.00166139,1.00075
56,33,0.882812,0.523438,0.99688,1.00247,0.502289,0,0.996781,1.00084,0.00178846,0,-0.000101567,0.00274281,1.00085
57,33,0.898438,0.523438,0.996696,1.00297,0.502346,0,0.996234,1.00096,0.00186477,0,-0.00013909,0.00378643,1.00096
58,33,0.914062,0.523438,0.996511,1.00352,0.502419,0,0.995638,1.00109,0.00196026,0,-0.000174641,0.00478069,1.0011
59,33,0.929688,0.523438,0.996317,1.00411,0.50251,0,0.994995,1.00124,0.00207615,0,-0.000207784,0.00571362,1.00125
60,33,0.945312,0.523438,0.996108,1.00476,0.502618,0,0.994305,1.00141,0.00221314,0,-0.000238056,0.00657256,1.00141
61,33,0.960938,0.523438,0.995881,1.00545,0.502741,0,0.993573,1.00159,0.00237124,0,-0.000264975,0.00734433,1.00159
62,33,0.976562,0.523438,0.995633,1.00618,0.502877,0,0.992807,1.00179,0.00254961,0,-0.000288049,0.00801551,1.00179
63,33,0.992188,0.523438,0.995369,1.00694,0.503023,0,0.992023,1.002,0.00274639,0,-0.000306795,0.00857287,1.002
0,34,0.0078125,0.539062,0.994979,1.00778,0.503008,0,0.991172,1.00246,0.00285137,0,-0.000314464,0.00885352,1.00247
1,34,0.0234375,0.539062,0.994725,1.00855,0.503127,0,0.990412,1.00272,0.00306595,0,-0.000320706,0.00908394,1.00273
2,34,0.0390625,0.539062,0.994495,1.00929,0.503234,0,0.98972,1.00299,0.00328437,0,-0.000321404,0.00916849,1.00299
3,34,0.0546875,0.539062,0.994313,1.00995,0.50332,0,0.989138,1.00327,0.00349923,0,-0.000316484,0.00910532,1.00327
4,34,0.0703125,0.539062,0.994209,1.0105,0.503374,0,0.988715,1.00355,0.00370183,0,-0.000306085,0.00889837,1.00356
5,34,0.0859375,0.539062,0.994212,1.01089,0.503385,0,0.988503,1.00384,0.00388261,0,-0.000290608,0.00855902,1.00385
6,34,0.101562,0.539062,0.994355,1.01109,0.503344,0,0.98855,1.00413,0.00403186,0,-0.000270771,0.00810765,1.00414
7,34,0.117188,0.539062,0.994663,1.01107,0.503243,0,0.988897,1.00442,0.0041409,0,-0.000247642,0.00757488,1.00443
8,34,0.132812,0.539062,0.995152,1.01079,0.503082,0,0.989568,1.00471,0.00420347,0,-0.000222648,0.00700176,1.00472
9,34,0.148438,0.539062,0.995822,1.01026,0.502863,0,0.990561,1.00499,0.00421729,0,-0.000197509,0.00643745,1.00499
10,34,0.164062,0.539062,0.996655,1.00949,0.502602,0,0.99184,1.00525,0.00418509,0,-0.000174118,0.00593537,1.00526
11,34,0.179688,0.539062,0.99761,1.00855,0.502317,0,0.993338,1.00549,0.00411449,0,-0.000154347,0.0055465,1.0055
12,34,0.195312,0.539062,0.998633,1.00749,0.502035,0,0.994958,1.00571,0.00401619,0,-0.000139824,0.0053119,1.00572
13,34,0.210938,0.539062,0.99966,1.00639,0.50178,0,0.996591,1.0059,0.0039001,0,-0.000131723,0.00525417,1.00591
14,34,0.226562,0.539062,1.00063,1.00533,0.501569,0,0.998135,1.00604,0.00376953,0,-0.000130569,0.00537473,1.00605
15,34,0.242188,0.539062,1.0015,1.00437,0.501399,0,0.999508,1.00615,0.00361439,0,-0.000136026,0.00563813,1.00615
16,34,0.257812,0.539062,1.00225,1.00352,0.50125,0,1.00067,1.00619,0.00340798,0,-0.000147045,0.00598871,1.0062
17,34,0.273438,0.539062,1.00287,1.00279,0.501086,0,1.00161,1.00619,0.00311629,0,-0.000161192,0.00631325,1.00619
18,34,0.289062,0.539062,1.00339,1.00216,0.500867,0,1.00237,1.00612,0.00270526,0,-0.000174922,0.00647665,1.00613
19,34,0.304688,0.539062,1.00382,1.00158,0.500556,0,1.00299,1.006,0.00214776,0,-0.000184286,0.00636041,1.006
20,34,0.320312,0.539062,1.00421,1.00104,0.500136,0,1.00352,1.00583,0.00143996,0,-0.000185216,0.00586109,1.00583
21,34,0.335938,0.539062,1.00457,1.00049,0.499619,0,1.004,1.00562,0.000607827,0,-0.00017432,0.00492726,1.00562
22,34,0.351562,0.539062,1.00491,0.999947,0.499042,0,1.00444,1.00537,-0.000295509,0,-0.000149608,0.00357437,1.00537
23,34,0.367188,0.539062,1.00522,0.999407,0.498462,0,1.00485,1.00511,-0.00119965,0,-0.000110882,0.00187961,1.00511
24,34,0.382812,0.539062,1.0055,0.998892,0.497942,0,1.00521,1.00484,-0.00203034,0,-5.97056e-05,-3.8257e-05,1.00484
25,34,0.398438,0.539062,1.00573,0.998423,0.497537,0,1.00551,1.00457,-0.00272233,0,9.94923e-07,-0.00204579,1.00458
26,34,0.414062,0.539062,1.0059,0.998022,0.497287,0,1.00572,1.00432,-0.00322858,0,6.7516e-05,-0.00401834,1.00432
27,34,0.429688,0.539062,1.00599,0.997701,0.497213,0,1.00584,1.00407,-0.00352497,0,0.000135986,-0.0058568,1.00408
28,34,0.445312,0.539062,1.00601,0.997466,0.497313,0,1.00585,1.00384,-0.00361037,0,0.000202877,-0.00749527,1.00385
29,34,0.460938,0.539062,1.00595,0.997314,0.497569,0,1.00577,1.00363,-0.0035034,0,0.000265334,-0.00890064,1.00363
30,34,0.476562,0.539062,1.00583,0.997234,0.49795,0,1.0056,1.00342,-0.00323691,0,0.000321329,-0.010067,1.00342
31,34,0.492188,0.539062,1.00565,0.997215,0.498418,0,1.00537,1.00321,-0.00285161,0,0.000369642,-0.011007,1.00322
32,34,0.507812,0.539062,1.00543,0.997244,0.498933,0,1.00509,1.00301,-0.0023899,0,0.000409733,-0.0117429,1.00301
33,34,0.523438,0.539062,1.00517,0.997306,0.499461,0,1.00477,1.00281,-0.00189089,0,0.000441565,-0.0122995,1.00281
34,34,0.539062,0.539062,1.00487,0.997391,0.499973,0,1.00443,1.0026,-0.00138728,0,0.000465421,-0.0126984,1.00261
35,34,0.554688,0.539062,1.00456,0.997493,0.500448,0,1.00408,1.0024,-0.000903817,0,0.000481747,-0.0129561,1.0024
36,34,0.570312,0.539062,1.00422,0.997604,0.500871,0,1.00374,1.00219,-0.000457339,0,0.000491041,-0.013083,1.00219
37,34,0.585938,0.539062,1.00387,0.997722,0.501238,0,1.0034,1.00199,-5.77639e-05,0,0.0004938,-0.0130849,1.00199
38,34,0.601562,0.539062,1.0035,0.997847,0.501546,0,1.00307,1.00179,0.000290361,0,0.000490489,-0.0129646,1.00179
39,34,0.617188,0.539062,1.00312,0.997977,0.501797,0,1.00275,1.00159,0.000586396,0,0.000481551,-0.0127239,1.00159
40,34,0.632812,0.539062,1.00271,0.998113,0.501995,0,1.00244,1.00141,0.000832307,0,0.000467415,-0.0123649,1.00141
41,34,0.648438,0.539062,1.0023,0.998256,0.502145,0,1.00214,1.00124,0.00103172,0,0.000448509,-0.0118909,1.00124
42,34,0.664062,0.539062,1.00186,0.998408,0.502254,0,1.00184,1.00108,0.0011892,0,0.000425268,-0.0113072,1.00108
43,34,0.679688,0.539062,1.00142,0.998569,0.502328,0,1.00156,1.00093,0.00130985,0,0.000398141,-0.0106207,1.00093
44,34,0.695312,0.539062,1.00096,0.998742,0.502372,0,1.00127,1.00081,0.00139895,0,0.000367585,-0.00984014,1.00081
45,34,0.710938,0.539062,1.00051,0.998926,0.502393,0,1.00099,1.0007,0.00146179,0,0.00033406,-0.00897546,1.0007
46,34,0.726562,0.539062,1.00005,0.999124,0.502395,0,1.0007,1.00062,0.00150356,0,0.000298029,-0.00803749,1.00062
47,34,0.742188,0.539062,0.999602,0.999338,0.502385,0,1.00041,1.00055,0.00152922,0,0.000259944,-0.00703756,1.00055
48,34,0.757812,0.539062,0.999169,0.999569,0.502365,0,1.0001,1.00051,0.0015435,0,0.000220243,-0.00598714,1.00051
49,34,0.773438,0.539062,0.998757,0.99982,0.50234,0,0.999787,1.00049,0.00155083,0,0.000179348,-0.00489759,1.00049
50,34,0.789062,0.539062,0.998372,1.00009,0.502315,0,0.999454,1.00049,0.00155534,0,0.000137663,-0.00377998,1.00049
51,34,0.804688,0.539062,0.998019,1.00039,0.502291,0,0.9991,1.00051,0.00156084,0,9.55727e-05,-0.00264508,1.00051
52,34,0.820312,0.539062,0.9977,1.00072,0.502273,0,0.99872,1.00055,0.00157084,0,5.34496e-05,-0.0015033,1.00055
53,34,0.835938,0.539062,0.997414,1.00108,0.502263,0,0.99831,1.00061,0.00158854,0,1.16562e-05,-0.000364833,1.00061
54,34,0.851562,0.539062,0.99716,1.00147,0.502262,0,0.997866,1.00069,0.00161681,0,-2.94473e-05,0.000760235,1.00069
55,34,0.867188,0.539062,0.996933,1.00191,0.502274,0,0.997384,1.00079,0.00165826,0,-6.94963e-05,0.00186172,1.00079
56,34,0.882812,0.539062,0.996727,1.00239,0.502299,0,0.996859,1.00091,0.00171513,0,-0.000108115,0.00292923,1.00091
57,34,0.898438,0.539062,0.996534,1.00291,0.502339,0,0.996289,1.00105,0.00178935,0,-0.000144915,0.00395252,1.00105
58,34,0.914062,0.539062,0.996345,1.00348,0.502395,0,0.995671,1.0012,0.00188245,0,-0.000179484,0.0049199,1.00121
59,34,0.929688,0.539062,0.996152,1.0041,0.502466,0,0.995006,1.00138,0.00199549,0,-0.000211382,0.00581931,1.00138
60,34,0.945312,0.539062,0.995948,1.00476,0.502553,0,0.994296,1.00156,0.00212899,0,-0.000240149,0.00663828,1.00157
61,34,0.960938,0.539062,0.995729,1.00547,0.502653,0,0.993545,1.00177,0.00228282,0,-0.000265308,0.00736388,1.00177
62,34,0.976562,0.539062,0.995491,1.00622,0.502765,0,0.992763,1.00199,0.00245599,0,-0.000286381,0.00798311,1.00199
63,34,0.992188,0.539062,0.995239,1.00699,0.502885,0,0.991965,1.00222,0.00264655,0,-0.000302906,0.00848344,1.00222
0,35,0.0078125,0.554688,0.994846,1.00779,0.502806,0,0.991112,1.00271,0.00271819,0,-0.000308246,0.00870184,1.00271
1,35,0.0234375,0.554688,0.994608,1.00857,0.502896,0,0.990347,1.00299,0.00292317,0,-0.000312094,0.00887349,1.00299
2,35,0.0390625,0.554688,0.994394,1.0093,0.502974,0,0.989654,1.00328,0.00313114,0,-0.000310354,0.00889954,1.00328
3,35,0.0546875,0.554688,0.99423,1.00996,0.503031,0,0.989077,1.00358,0.00333498,0,-0.000303021,0.00878009,1.00359
4,35,0.0703125,0.554688,0.994143,1.0105,0.503057,0,0.988664,1.00389,0.00352643,0,-0.000290306,0.00852125,1.0039
5,35,0.0859375,0.554688,0.994165,1.01089,0.503042,0,0.988464,1.0042,0.00369653,0,-0.000272685,0.0081366,1.00421
6,35,0.101562,0.554688,0.994324,1.01108,0.50298,0,0.988526,1.00452,0.00383638,0,-0.000250945,0.00764853,1.00452
7,35,0.117188,0.554688,0.994646,1.01104,0.502863,0,0.988887,1.00483,0.00393829,0,-0.000226207,0.00708907,1.00484
8,35,0.132812,0.554688,0.995142,1.01076,0.502693,0,0.989565,1.00514,0.00399724,0,-0.000199915,0.0064996,1.00515
9,35,0.148438,0.554688,0.995812,1.01023,0.502475,0,0.990551,1.00544,0.00401233,0,-0.000173764,0.00592814,1.00544
10,35,0.164062,0.554688,0.996631,1.00948,0.502225,0,0.991807,1.00572,0.00398772,0,-0.00014957,0.00542542,1.00573
11,35,0.179688,0.554688,0.997558,1.00857,0.501963,0,0.993256,1.00598,0.00393238,0,-0.000129081,0.00503844,1.00599
12,35,0.195312,0.554688,0.998535,1.00757,0.501716,0,0.994802,1.00621,0.00385819,0,-0.000113802,0.00480447,1.00622
13,35,0.210938,0.554688,0.999502,1.00654,0.501508,0,0.996336,1.00641,0.00377583,0,-0.000104827,0.00474545,1.00642
14,35,0.226562,0.554688,1.0004,1.00558,0.501355,0,0.99776,1.00657,0.00368889,0,-0.00010262,0.00486027,1.00657
15,35,0.242188,0.554688,1.00119,1.00471,0.501254,0,0.999,1.00667,0.00358675,0,-0.000107001,0.00512,1.00668
16,35,0.257812,0.554688,1.00185,1.00397,0.50118,0,1.00003,1.00673,0.00344149,0,-0.000117142,0.0054758,1.00673
17,35,0.273438,0.554688,1.00239,1.00334,0.501096,0,1.00084,1.00672,0.00321608,0,-0.000130882,0.00581987,1.00672
18,35,0.289062,0.554688,1.00284,1.00278,0.500957,0,1.00149,1.00665,0.00287198,0,-0.00014497,0.00602214,1.00665
19,35,0.304688,0.554688,1.00322,1.00227,0.50072,0,1.00203,1.00651,0.00237687,0,-0.000155619,0.00596081,1.00651
20,35,0.320312,0.554688,1.00358,1.00175,0.500365,0,1.00251,1.00631,0.00172136,0,-0.00015876,0.00552397,1.00632
21,35,0.335938,0.554688,1.00393,1.0012,0.499897,0,1.00298,1.00607,0.00092664,0,-0.000150793,0.00464633,1.00607
22,35,0.351562,0.554688,1.00428,1.00062,0.499352,0,1.00345,1.00578,4.27357e-05,0,-0.000129344,0.0033279,1.00578
23,35,0.367188,0.554688,1.00464,1.00002,0.498787,0,1.00392,1.00547,-0.000860663,0,-9.37528e-05,0.00163367,1.00547
24,35,0.382812,0.554688,1.00498,0.999409,0.498265,0,1.00437,1.00514,-0.00170766,0,-4.51462e-05,-0.000323361,1.00514
25,35,0.398438,0.554688,1.00528,0.99883,0.497846,0,1.00479,1.00481,-0.00242945,0,1.3864e-05,-0.00240765,1.00481
26,35,0.414062,0.554688,1.00553,0.998307,0.497574,0,1.00513,1.00449,-0.00297441,0,7.97137e-05,-0.00448592,1.00449
27,35,0.429688,0.554688,1.00572,0.997859,0.497474,0,1.00538,1.00417,-0.00331363,0,0.00014849,-0.00644609,1.00418
28,35,0.445312,0.554688,1.00583,0.9975,0.497547,0,1.00553,1.00388,-0.00344174,0,0.000216476,-0.00820791,1.00388
29,35,0.460938,0.554688,1.00587,0.997232,0.497779,0,1.00558,1.0036,-0.00337412,0,0.000280536,-0.009725,1.0036
30,35,0.476562,0.554688,1.00583,0.997049,0.498141,0,1.00553,1.00333,-0.00314162,0,0.000338329,-0.010981,1.00333
31,35,0.492188,0.554688,1.00573,0.996941,0.498594,0,1.0054,1.00307,-0.00278413,0,0.000388337,-0.0119817,1.00308
32,35,0.507812,0.554688,1.00557,0.996896,0.4991,0,1.0052,1.00283,-0.00234416,0,0.000429779,-0.0127463,1.00283
33,35,0.523438,0.554688,1.00537,0.996901,0.499622,0,1.00495,1.00259,-0.0018616,0,0.000462447,-0.0132996,1.00259
34,35,0.539062,0.554688,1.00513,0.996945,0.50013,0,1.00467,1.00236,-0.00137028,0,0.000486532,-0.0136662,1.00236
35,35,0.554688,0.554688,1.00486,0.997018,0.500603,0,1.00437,1.00214,-0.000896132,0,0.000502458,-0.0138667,1.00214
36,35,0.570312,0.554688,1.00456,0.997114,0.501025,0,1.00406,1.00192,-0.000457077,0,0.00051076,-0.0139169,1.00192
37,35,0.585938,0.554688,1.00423,0.997227,0.501391,0,1.00374,1.00171,-6.39062e-05,0,0.00051201,-0.0138282,1.00171
38,35,0.601562,0.554688,1.00388,0.997354,0.501696,0,1.00342,1.00151,0.000278221,0,0.000506777,-0.0136086,1.00151
39,35,0.617188,0.554688,1.00351,0.997494,0.501944,0,1.0031,1.00132,0.000568284,0,0.000495616,-0.0132647,1.00132
40,35,0.632812,0.554688,1.00311,0.997646,0.502137,0,1.00279,1.00114,0.000808073,0,0.000479068,-0.0128024,1.00114
41,35,0.648438,0.554688,1.00268,0.997809,0.502282,0,1.00248,1.00098,0.00100118,0,0.000457664,-0.0122284,1.00098
42,35,0.664062,0.554688,1.00223,0.997984,0.502385,0,1.00218,1.00084,0.00115225,0,0.000431932,-0.0115502,1.00084
43,35,0.679688,0.554688,1.00177,0.998169,0.502451,0,1.00188,1.00071,0.00126649,0,0.000402396,-0.0107766,1.00072
44,35,0.695312,0.554688,1.00128,0.998367,0.502487,0,1.00158,1.00061,0.00134935,0,0.000369571,-0.00991746,1.00061
45,35,0.710938,0.554688,1.00078,0.998578,0.502499,0,1.00128,1.00052,0.00140626,0,0.000333967,-0.00898334,1.00053
46,35,0.726562,0.554688,1.00028,0.998802,0.502492,0,1.00098,1.00046,0.0014425,0,0.000296074,-0.0079854,1.00046
47,35,0.742188,0.554688,0.999787,0.999041,0.502472,0,1.00067,1.00042,0.00146314,0,0.000256368,-0.00693497,1.00042
48,35,0.757812,0.554688,0.999301,0.999298,0.502442,0,1.00034,1.0004,0.00147296,0,0.000215298,-0.0058433,1.0004
49,35,0.773438,0.554688,0.998836,0.999573,0.502407,0,1.00001,1.0004,0.00147639,0,0.000173292,-0.00472139,1.0004
50,35,0.789062,0.554688,0.998399,0.99987,0.502371,0,0.999658,1.00042,0.00147753,0,0.000130753,-0.00357989,1.00042
51,35,0.804688,0.554688,0.997997,1.00019,0.502337,0,0.999285,1.00046,0.00148015,0,8.80631e-05,-0.00242909,1.00046
52,35,0.820312,0.554688,0.997632,1.00054,0.502307,0,0.998885,1.00053,0.00148766,0,4.55909e-05,-0.00127896,1.00053
53,35,0.835938,0.554688,0.997308,1.00092,0.502284,0,0.998455,1.00061,0.00150314,0,3.69443e-06,-0.000139242,1.00061
54,35,0.851562,0.554688,0.997023,1.00133,0.50227,0,0.99799,1.00071,0.00152935,0,-3.727e-05,0.000980328,1.00071
55,35,0.867188,0.554688,0.996772,1.00179,0.502268,0,0.997486,1.00083,0.00156872,0,-7.69403e-05,0.00206987,1.00084
56,35,0.882812,0.554688,0.996549,1.00228,0.502278,0,0.99694,1.00097,0.00162337,0,-0.000114942,0.00311918,1.00098
57,35,0.898438,0.554688,0.996346,1.00282,0.502301,0,0.996349,1.00113,0.00169506,0,-0.000150883,0.00411775,1.00113
58,35,0.914062,0.554688,0.996154,1.00341,0.502338,0,0.99571,1.00131,0.00178514,0,-0.000184356,0.00505491,1.00131
59,35,0.929688,0.554688,0.995963,1.00405,0.50239,0,0.995024,1.0015,0.00189453,0,-0.000214926,0.00591846,1.0015
60,35,0.945312,0.554688,0.995766,1.00473,0.502455,0,0.994294,1.00171,0.0020236,0,-0.000242135,0.00669605,1.00172
61,35,0.960938,0.554688,0.995555,1.00545,0.502532,0,0.993525,1.00194,0.00217206,0,-0.000265519,0.00737522,1.00194
62,35,0.976562,0.554688,0.99533,1.00621,0.502619,0,0.992727,1.00218,0.00233885,0,-0.000284615,0.00794352,1.00218
63,35,0.992188,0.554688,0.995091,1.007,0.502712,0,0.991915,1.00244,0.00252194,0,-0.000298986,0.00838916,1.00244
0,36,0.0078125,0.570312,0.994695,1.00774,0.50257,0,0.99106,1.00294,0.00255812,0,-0.000302289,0.0085489,1.00295
1,36,0.0234375,0.570312,0.994473,1.00852,0.50263,0,0.990287,1.00325,0.00275214,0,-0.000303948,0.00866779,1.00325
2,36,0.0390625,0.570312,0.994276,1.00925,0.502679,0,0.989591,1.00357,0.00294839,0,-0.000300016,0.00864251,1.00357
3,36,0.0546875,0.570312,0.994128,1.0099,0.502707,0,0.989015,1.00389,0.0031401,0,-0.000290545,0.00847488,1.0039
4,36,0.0703125,0.570312,0.994057,1.01044,0.502706,0,0.988606,1.00423,0.00331952,0,-0.00027581,0.00817278,1.00423
5,36,0.0859375,0.570312,0.994094,1.01081,0.502668,0,0.988414,1.00457,0.00347835,0,-0.000256345,0.00775149,1.00457
6,36,0.101562,0.570312,0.994267,1.01099,0.502585,0,0.988484,1.00491,0.00360855,0,-0.000232984,0.00723471,1.00492
7,36,0.117188,0.570312,0.994598,1.01094,0.502455,0,0.98885,1.00525,0.00370349,0,-0.000206873,0.00665508,1.00525
8,36,0.132812,0.570312,0.995099,1.01065,0.502279,0,0.989525,1.00558,0.00375936,0,-0.000179446,0.00605342,1.00559
9,36,0.148438,0.570312,0.995763,1.01013,0.502065,0,0.990497,1.0059,0.00377662,0,-0.000152343,0.00547586,1.00591
10,36,0.164062,0.570312,0.996564,1.0094,0.501828,0,0.991719,1.00621,0.00376079,0,-0.000127276,0.00496977,1.00621
11,36,0.179688,0.570312,0.997459,1.00853,0.501592,0,0.993114,1.00649,0.00372216,0,-0.000105863,0.00457811,1.00649
12,36,0.195312,0.570312,0.998389,1.00758,0.501382,0,0.99458,1.00674,0.00367371,0,-8.94982e-05,0.00433499,1.00675
13,36,0.210938,0.570312,0.999294,1.00664,0.501224,0,0.996013,1.00696,0.00362699,0,-7.91619e-05,0.00426161,1.00696
14,36,0.226562,0.570312,1.00012,1.00576,0.501131,0,0.997316,1.00713,0.00358591,0,-7.53311e-05,0.00435497,1.00713
15,36,0.242188,0.570312,1.00083,1.00499,0.501099,0,0.998427,1.00724,0.00353968,0,-7.80024e-05,0.0045957,1.00725
16,36,0.257812,0.570312,1.0014,1.00435,0.501104,0,0.99932,1.0073,0.00345948,0,-8.6571e-05,0.00494046,1.00731
17,36,0.273438,0.570312,1.00187,1.00382,0.501103,0,1.00001,1.0073,0.00330566,0,-9.91905e-05,0.0052896,1.0073
18,36,0.289062,0.570312,1.00225,1.00335,0.501047,0,1.00056,1.00722,0.00303549,0,-0.00011294,0.00551905,1.00722
19,36,0.304688,0.570312,1.00258,1.00289,0.500891,0,1.00102,1.00707,0.00261154,0,-0.000124244,0.00550535,1.00707
20,36,0.320312,0.570312,1.0029,1.00241,0.500606,0,1.00145,1.00685,0.00201868,0,-0.000129086,0.00512938,1.00686
21,36,0.335938,0.570312,1.00324,1.00186,0.500196,0,1.00191,1.00658,0.00127265,0,-0.000123713,0.00431242,1.00658
22,36,0.351562,0.570312,1.00361,1.00125,0.499691,0,1.0024,1.00625,0.000419561,0,-0.000105412,0.00303836,1.00625
23,36,0.367188,0.570312,1.004,1.00059,0.499148,0,1.00293,1.00588,-0.000472629,0,-7.30702e-05,0.00135802,1.00588
24,36,0.382812,0.570312,1.0044,0.999894,0.49863,0,1.00348,1.00549,-0.00132732,0,-2.73566e-05,-0.000623795,1.00549
25,36,0.398438,0.570312,1.00478,0.99921,0.4982,0,1.00401,1.00509,-0.00207294,0,2.94753e-05,-0.00277191,1.00509
26,36,0.414062,0.570312,1.00511,0.998568,0.497906,0,1.00448,1.00469,-0.00265367,0,9.40584e-05,-0.00494607,1.00469
27,36,0.429688,0.570312,1.00539,0.997997,0.497777,0,1.00487,1.0043,-0.00303588,0,0.000162497,-0.00702196,1.00431
28,36,0.445312,0.570312,1.0056,0.997516,0.497819,0,1.00515,1.00393,-0.00320972,0,0.000230934,-0.00890478,1.00394
29,36,0.460938,0.570312,1.00572,0.997131,0.498021,0,1.00533,1.00358,-0.00318686,0,0.000295991,-0.0105341,1.00359
30,36,0.476562,0.570312,1.00577,0.996844,0.498355,0,1.0054,1.00325,-0.00299554,0,0.000355031,-0.0118817,1.00325
31,36,0.492188,0.570312,1.00575,0.996646,0.498785,0,1.00538,1.00294,-0.00267418,0,0.000406251,-0.0129457,1.00294
32,36,0.507812,0.570312,1.00567,0.996527,0.499272,0,1.00528,1.00264,-0.00226482,0,0.000448626,-0.0137407,1.00265
33,36,0.523438,0.570312,1.00553,0.996474,0.49978,0,1.00511,1.00237,-0.00180761,0,0.000481775,-0.0142911,1.00237
34,36,0.539062,0.570312,1.00535,0.996476,0.500277,0,1.00488,1.0021,-0.00133705,0,0.000505789,-0.0146239,1.0021
35,36,0.554688,0.570312,1.00513,0.996521,0.50074,0,1.00463,1.00186,-0.000880019,0,0.000521065,-0.014764,1.00186
36,36,0.570312,0.570312,1.00486,0.996601,0.501155,0,1.00435,1.00163,-0.000455301,0,0.000528171,-0.014733,1.00163
37,36,0.585938,0.570312,1.00457,0.99671,0.501514,0,1.00405,1.00141,-7.44664e-05,0,0.000527754,-0.0145481,1.00141
38,36,0.601562,0.570312,1.00424,0.996843,0.501813,0,1.00375,1.00121,0.000256731,0,0.000520484,-0.0142233,1.00121
39,36,0.617188,0.570312,1.00388,0.996995,0.502054,0,1.00344,1.00102,0.000536862,0,0.000507029,-0.0137702,1.00102
40,36,0.632812,0.570312,1.00349,0.997165,0.502241,0,1.00312,1.00086,0.00076747,0,0.000488041,-0.0131994,1.00086
41,36,0.648438,0.570312,1.00306,0.99735,0.502378,0,1.00281,1.00071,0.000952023,0,0.000464156,-0.0125211,1.00071
42,36,0.664062,0.570312,1.0026,0.997549,0.502473,0,1.0025,1.00059,0.00109513,0,0.00043599,-0.0117455,1.00059
43,36,0.679688,0.570312,1.00211,0.997761,0.502532,0,1.00219,1.00048,0.00120203,0,0.000404141,-0.0108833,1.00048
44,36,0.695312,0.570312,1.00159,0.997986,0.50256,0,1.00188,1.0004,0.00127819,0,0.000369181,-0.00994551,1.0004
45,36,0.710938,0.570312,1.00106,0.998224,0.502563,0,1.00156,1.00033,0.00132907,0,0.000331659,-0.00894332,1.00033
46,36,0.726562,0.570312,1.00051,0.998475,0.502548,0,1.00124,1.00029,0.00136,0,0.000292093,-0.00788801,1.00029
47,36,0.742188,0.570312,0.999964,0.99874,0.502519,0,1.00092,1.00027,0.00137603,0,0.000250971,-0.00679074,1.00027
48,36,0.757812,0.570312,0.999424,0.999022,0.50248,0,1.00058,1.00028,0.00138191,0,0.000208751,-0.00566235,1.00028
49,36,0.773438,0.570312,0.998903,0.999321,0.502437,0,1.00023,1.0003,0.00138201,0,0.000165857,-0.00451325,1.0003
50,36,0.789062,0.570312,0.99841,0.99964,0.502391,0,0.999856,1.00034,0.00138036,0,0.000122687,-0.00335341,1.00035
51,36,0.804688,0.570312,0.997955,0.999982,0.502346,0,0.999464,1.00041,0.00138059,0,7.96157e-05,-0.00219245,1.00041
52,36,0.820312,0.570312,0.997543,1.00035,0.502306,0,0.999046,1.0005,0.001386,0,3.70023e-05,-0.00103968,1.0005
53,36,0.835938,0.570312,0.997177,1.00075,0.502271,0,0.998598,1.0006,0.00139953,0,-4.80384e-06,9.57322e-05,1.0006
54,36,0.851562,0.570312,0.996858,1.00118,0.502245,0,0.998114,1.00072,0.00142376,0,-4.54538e-05,0.0012046,1.00073
55,36,0.867188,0.570312,0.996582,1.00165,0.502228,0,0.997591,1.00087,0.00146098,0,-8.45915e-05,0.00227748,1.00087
56,36,0.882812,0.570312,0.996342,1.00216,0.502223,0,0.997025,1.00103,0.00151312,0,-0.000121847,0.00330456,1.00103
57,36,0.898438,0.570312,0.996129,1.00271,0.50223,0,0.996414,1.00121,0.00158178,0,-0.000156832,0.00427548,1.00121
58,36,0.914062,0.570312,0.995935,1.00332,0.502249,0,0.995755,1.00141,0.00166815,0,-0.000189138,0.00517954,1.00141
59,36,0.929688,0.570312,0.995748,1.00396,0.50228,0,0.99505,1.00162,0.00177302,0,-0.000218338,0.00600572,1.00162
60,36,0.945312,0.570312,0.995558,1.00466,0.502323,0,0.9943,1.00186,0.0018966,0,-0.000243988,0.00674164,1.00186
61,36,0.960938,0.570312,0.995359,1.00539,0.502376,0,0.993513,1.0021,0.00203851,0,-0.000265632,0.00737517,1.00211
62,36,0.976562,0.570312,0.995148,1.00616,0.502437,0,0.992699,1.00237,0.00219761,0,-0.000282827,0.00789457,1.00237
63,36,0.992188,0.570312,0.994924,1.00695,0.502503,0,0.991874,1.00265,0.00237184,0,-0.000295163,0.00828891,1.00265
0,37,0.0078125,0.585938,0.994526,1.00763,0.5023,0,0.991018,1.00317,0.00237051,0,-0.000296615,0.00838896,1.00317
1,37,0.0234375,0.585938,0.99432,1.0084,0.502332,0,0.990235,1.0035,0.00255205,0,-0.000296328,0.00846149,1.00351
2,37,0.0390625,0.585938,0.99414,1.00913,0.502351,0,0.989533,1.00385,0.00273515,0,-0.000290481,0.00839232,1.00385
3,37,0.0546875,0.585938,0.994008,1.00977,0.502352,0,0.988955,1.0042,0.00291346,0,-0.000279177,0.00818472,1.00421
4,37,0.0703125,0.585938,0.993952,1.01029,0.502325,0,0.988546,1.00456,0.00307979,0,-0.000262739,0.007848,1.00457
5,37,0.0859375,0.585938,0.994002,1.01065,0.502264,0,0.988356,1.00493,0.00322658,0,-0.000241747,0.00739863,1.00494
6,37,0.101562,0.585938,0.994185,1.01081,0.502164,0,0.988426,1.0053,0.00334668,0,-0.00021706,0.006861,1.00531
7,37,0.117188,0.585938,0.994522,1.01075,0.502023,0,0.988789,1.00567,0.00343454,0,-0.000189823,0.00626759,1.00567
8,37,0.132812,0.585938,0.995022,1.01046,0.501843,0,0.989454,1.00603,0.00348759,0,-0.000161436,0.00565796,1.00603
9,37,0.148438,0.585938,0.995676,1.00994,0.501634,0,0.990403,1.00638,0.0035076,0,-0.00013346,0.00507575,1.00638
10,37,0.164062,0.585938,0.996455,1.00924,0.501413,0,0.991584,1.00671,0.00350143,0,-0.000107486,0.00456448,1.00671
11,37,0.179688,0.585938,0.997315,1.00841,0.501205,0,0.992917,1.00701,0.00348061,0,-8.50065e-05,0.00416285,1.00702
12,37,0.195312,0.585938,0.998196,1.00751,0.501034,0,0.994301,1.00729,0.00345929,0,-6.72673e-05,0.00390399,1.00729
13,37,0.210938,0.585938,0.999039,1.00664,0.500926,0,0.99563,1.00753,0.00344985,0,-5.51677e-05,0.00380341,1.00753
14,37,0.226562,0.585938,0.99979,1.00585,0.500894,0,0.996815,1.00771,0.00345674,0,-4.92496e-05,0.00386413,1.00772
15,37,0.242188,0.585938,1.00042,1.00518,0.500934,0,0.9978,1.00785,0.00346931,0,-4.9667e-05,0.00407254,1.00785
16,37,0.257812,0.585938,1.00092,1.00464,0.501018,0,0.998567,1.00792,0.00345817,0,-5.6048e-05,0.00439211,1.00792
17,37,0.273438,0.585938,1.00131,1.0042,0.501102,0,0.999145,1.00792,0.00338141,0,-6.68859e-05,0.00473298,1.00792
18,37,0.289062,0.585938,1.00162,1.00381,0.501135,0,0.99959,1.00784,0.00319251,0,-7.96105e-05,0.00497795,1.00784
19,37,0.304688,0.585938,1.00191,1.00342,0.501064,0,0.999973,1.00768,0.00284898,0,-9.08987e-05,0.00500363,1.00768
20,37,0.320312,0.585938,1.0022,1.00297,0.500858,0,1.00036,1.00744,0.00232972,0,-9.68466e-05,0.00468536,1.00744
21,37,0.335938,0.585938,1.00253,1.00244,0.500513,0,1.0008,1.00713,0.00164454,0,-9.36145e-05,0.00393207,1.00713
22,37,0.351562,0.585938,1.00291,1.0018,0.500057,0,1.00132,1.00676,0.000834721,0,-7.8205e-05,0.00271148,1.00676
23,37,0.367188,0.585938,1.00333,1.00109,0.499543,0,1.00191,1.00634,-3.45411e-05,0,-4.90846e-05,0.00105891,1.00634
24,37,0.382812,0.585938,1.00378,1.00032,0.499035,0,1.00254,1.00588,-0.000886993,0,-6.46785e-06,-0.000931316,1.00588
25,37,0.398438,0.585938,1.00422,0.999539,0.498598,0,1.00318,1.00541,-0.00164911,0,4.77802e-05,-0.00312689,1.00541
26,37,0.414062,0.585938,1.00464,0.998786,0.498284,0,1.00378,1.00493,-0.00226146,0,0.000110539,-0.0053827,1.00493
27,37,0.429688,0.585938,1.00501,0.998098,0.498125,0,1.0043,1.00446,-0.00268586,0,0.00017799,-0.00756351,1.00447
28,37,0.445312,0.585938,1.00531,0.997499,0.498133,0,1.00472,1.00401,-0.00290778,0,0.000246192,-0.0095604,1.00402
29,37,0.460938,0.585938,1.00553,0.997002,0.498298,0,1.00504,1.00358,-0.00293477,0,0.000311568,-0.0112984,1.00359
30,37,0.476562,0.585938,1.00566,0.996613,0.498597,0,1.00523,1.00318,-0.00279185,0,0.000371223,-0.012737,1.00318
31,37,0.492188,0.585938,1.00573,0.996327,0.498995,0,1.00532,1.00281,-0.0025153,0,0.000423089,-0.013865,1.00281
32,37,0.507812,0.585938,1.00572,0.996135,0.499454,0,1.00531,1.00246,-0.00214599,0,0.000465909,-0.014692,1.00246
33,37,0.523438,0.585938,1.00565,0.996026,0.499937,0,1.00522,1.00213,-0.00172374,0,0.000499129,-0.0152409,1.00214
34,37,0.539062,0.585938,1.00553,0.995986,0.500413,0,1.00506,1.00184,-0.00128328,0,0.000522741,-0.0155405,1.00184
35,37,0.554688,0.585938,1.00535,0.996005,0.50086,0,1.00485,1.00157,-0.000851996,0,0.000537111,-0.0156201,1.00157
36,37,0.570312,0.585938,1.00513,0.996073,0.50126,0,1.00461,1.00132,-0.000449347,0,0.000542834,-0.0155067,1.00132
37,37,0.585938,0.585938,1.00487,0.996179,0.501606,0,1.00434,1.00109,-8.75282e-05,0,0.000540627,-0.0152239,1.00109
38,37,0.601562,0.585938,1.00457,0.996319,0.501894,0,1.00405,1.00089,0.000227164,0,0.000531257,-0.0147918,1.00089
39,37,0.617188,0.585938,1.00423,0.996486,0.502124,0,1.00374,1.00071,0.000492874,0,0.0005155,-0.0142277,1.00071
40,37,0.632812,0.585938,1.00384,0.996676,0.502301,0,1.00343,1.00056,0.000710832,0,0.000494118,-0.0135471,1.00056
41,37,0.648438,0.585938,1.00341,0.996885,0.50243,0,1.00312,1.00043,0.000884287,0,0.000467844,-0.0127638,1.00043
42,37,0.664062,0.585938,1.00294,0.99711,0.502516,0,1.0028,1.00032,0.0010177,0,0.000437381,-0.0118911,1.00032
43,37,0.679688,0.585938,1.00243,0.99735,0.502566,0,1.00248,1.00023,0.00111619,0,0.000403391,-0.0109416,1.00023
44,37,0.695312,0.585938,1.00189,0.997604,0.502586,0,1.00216,1.00017,0.00118514,0,0.000366499,-0.00992763,1.00017
45,37,0.710938,0.585938,1.00132,0.99787,0.502582,0,1.00183,1.00013,0.00122994,0,0.000327285,-0.00886081,1.00013
46,37,0.726562,0.585938,1.00073,0.998148,0.502559,0,1.00149,1.00011,0.00125582,0,0.000286289,-0.0077525,1.00012
47,37,0.742188,0.585938,1.00012,0.99844,0.502523,0,1.00115,1.00012,0.00126772,0,0.000244006,-0.00661349,1.00012
48,37,0.757812,0.585938,0.999528,0.998745,0.502476,0,1.0008,1.00015,0.00127027,0,0.000200891,-0.005454,1.00015
49,37,0.773438,0.585938,0.998948,0.999067,0.502424,0,1.00043,1.00019,0.00126771,0,0.000157362,-0.00428367,1.00019
50,37,0.789062,0.585938,0.998398,0.999407,0.50237,0,1.00005,1.00026,0.00126389,0,0.000113806,-0.0031116,1.00026
51,37,0.804688,0.585938,0.997887,0.999768,0.502317,0,0.999638,1.00035,0.00126231,0,7.05832e-05,-0.00194656,1.00035
52,37,0.820312,0.585938,0.997425,1.00015,0.502267,0,0.999204,1.00046,0.00126607,0,2.80402e-05,-0.000797031,1.00046
53,37,0.835938,0.585938,0.997017,1.00057,0.502222,0,0.998738,1.00058,0.00127792,0,-1.34862e-05,0.000328573,1.00058
54,37,0.851562,0.585938,0.996663,1.00101,0.502184,0,0.998237,1.00073,0.00130028,0,-5.36576e-05,0.00142172,1.00073
55,37,0.867188,0.585938,0.99636,1.00149,0.502154,0,0.997697,1.00089,0.00133524,0,-9.2127e-05,0.00247354,1.00089
56,37,0.882812,0.585938,0.996103,1.00202,0.502134,0,0.997114,1.00108,0.00138455,0,-0.000128532,0.00347472,1.00108
57,37,0.898438,0.585938,0.995883,1.00258,0.502125,0,0.996484,1.00128,0.00144963,0,-0.000162489,0.00441531,1.00128
58,37,0.914062,0.585938,0.995687,1.00319,0.502125,0,0.995808,1.0015,0.00153155,0,-0.000193595,0.00528478,1.0015
59,37,0.929688,0.585938,0.995505,1.00384,0.502137,0,0.995084,1.00173,0.00163091,0,-0.000221427,0.00607227,1.00174
60,37,0.945312,0.585938,0.995326,1.00454,0.502158,0,0.994317,1.00199,0.00174786,0,-0.000245553,0.00676677,1.00199
61,37,0.960938,0.585938,0.99514,1.00528,0.502187,0,0.993513,1.00226,0.00188191,0,-0.000265538,0.00735622,1.00226
62,37,0.976562,0.585938,0.994945,1.00605,0.502223,0,0.992683,1.00255,0.00203188,0,-0.000280954,0.00782943,1.00255
63,37,0.992188,0.585938,0.994738,1.00684,0.502262,0,0.991843,1.00285,0.00219574,0,-0.000291419,0.00817644,1.00285
0,38,0.0078125,0.601562,0.994342,1.00745,0.502001,0,0.990991,1.00338,0.0021551,0,-0.000291045,0.00820999,1.00339
1,38,0.0234375,0.601562,0.994154,1.00821,0.502004,0,0.990199,1.00374,0.00232251,0,-0.00028908,0.00824237,1.00375
2,38,0.0390625,0.601562,0.99399,1.00892,0.501996,0,0.989489,1.00411,0.00249088,0,-0.000281615,0.00813644,1.00412
3,38,0.0546875,0.601562,0.993873,1.00955,0.50197,0,0.988904,1.0045,0.00265435,0,-0.000268798,0.00789669,1.0045
4,38,0.0703125,0.601562,0.99383,1.01005,0.501918,0,0.988491,1.00489,0.00280636,0,-0.00025099,0.0075335,1.00489
5,38,0.0859375,0.601562,0.99389,1.01039,0.501837,0,0.988297,1.00528,0.00294013,0,-0.000228797,0.00706409,1.00529
6,38,0.101562,0.601562,0.994081,1.01054,0.50172,0,0.988362,1.00568,0.00304946,0,-0.000203087,0.00651297,1.00569
7,38,0.117188,0.601562,0.99442,1.01047,0.501569,0,0.988715,1.00608,0.00312991,0,-0.000174986,0.00591193,1.00609
8,38,0.132812,0.601562,0.994916,1.01017,0.501387,0,0.989362,1.00647,0.00318014,0,-0.000145834,0.00529864,1.00648
9,38,0.148438,0.601562,0.995556,1.00966,0.501186,0,0.99028,1.00685,0.00320323,0,-0.000117101,0.00471376,1.00685
10,38,0.164062,0.601562,0.996311,1.00897,0.500983,0,0.991414,1.00721,0.00320733,0,-9.0246e-05,0.00419638,1.00721
11,38,0.179688,0.601562,0.997133,1.00818,0.500803,0,0.992681,1.00754,0.00320525,0,-6.66086e-05,0.00378363,1.00755
12,38,0.195312,0.601562,0.997965,1.00734,0.500672,0,0.993979,1.00784,0.0032122,0,-4.72909e-05,0.00350098,1.00785
13,38,0.210938,0.601562,0.998745,1.00654,0.500615,0,0.995205,1.00811,0.00324153,0,-3.31644e-05,0.00336676,1.00811
14,38,0.226562,0.601562,0.999427,1.00583,0.500644,0,0.996276,1.00832,0.00329846,0,-2.48223e-05,0.00338661,1.00832
15,38,0.242188,0.601562,0.999981,1.00526,0.500755,0,0.997139,1.00847,0.00337273,0,-2.25712e-05,0.00355301,1.00847
16,38,0.257812,0.601562,1.00041,1.00481,0.50092,0,0.997788,1.00855,0.00343469,0,-2.62723e-05,0.00383669,1.00856
17,38,0.273438,0.601562,1.00073,1.00446,0.501092,0,0.998256,1.00856,0.00344062,0,-3.47657e-05,0.00415849,1.00856
18,38,0.289062,0.601562,1.00098,1.00415,0.501216,0,0.998608,1.00848,0.00334045,0,-4.58407e-05,0.00440882,1.00848
19,38,0.304688,0.601562,1.00121,1.00381,0.501237,0,0.998921,1.00831,0.00308681,0,-5.64616e-05,0.00446619,1.00832
20,38,0.320312,0.601562,1.00147,1.00341,0.501115,0,0.999267,1.00805,0.00265244,0,-6.28913e-05,0.00420229,1.00806
21,38,0.335938,0.601562,1.00179,1.00289,0.500843,0,0.999697,1.00771,0.0020407,0,-6.12729e-05,0.00351529,1.00771
22,38,0.351562,0.601562,1.00218,1.00224,0.500444,0,1.00024,1.0073,0.00128726,0,-4.83952e-05,0.00235743,1.0073
23,38,0.367188,0.601562,1.00263,1.00149,0.499968,0,1.00088,1.00682,0.000453472,0,-2.23567e-05,0.000747797,1.00682
24,38,0.382812,0.601562,1.00313,1.00065,0.499478,0,1.00159,1.0063,-0.000385812,0,1.70627e-05,-0.00123169,1.0063
25,38,0.398438,0.601562,1.00364,0.999789,0.49904,0,1.00233,1.00575,-0.00115606,0,6.83986e-05,-0.00345416,1.00575
26,38,0.414062,0.601562,1.00413,0.998937,0.498708,0,1.00304,1.0052,-0.00179485,0,0.000128818,-0.0057721,1.0052
27,38,0.429688,0.601562,1.00458,0.998142,0.498519,0,1.0037,1.00464,-0.00225972,0,0.000194634,-0.00804131,1.00465
28,38,0.445312,0.601562,1.00497,0.997434,0.498488,0,1.00425,1.00411,-0.00253138,0,0.000261886,-0.0101398,1.00411
29,38,0.460938,0.601562,1.00528,0.996833,0.498611,0,1.00469,1.0036,-0.00261286,0,0.000326855,-0.0119784,1.0036
30,38,0.476562,0.601562,1.0055,0.996349,0.498867,0,1.00501,1.00312,-0.00252538,0,0.000386435,-0.0135038,1.00313
31,38,0.492188,0.601562,1.00565,0.99598,0.499224,0,1.00521,1.00268,-0.00230236,0,0.000438323,-0.0146948,1.00268
32,38,0.507812,0.601562,1.00572,0.99572,0.499645,0,1.00529,1.00227,-0.00198284,0,0.000481053,-0.015555,1.00228
33,38,0.523438,0.601562,1.00572,0.995557,0.500094,0,1.00528,1.0019,-0.00160562,0,0.000513909,-0.0161051,1.00191
34,38,0.539062,0.601562,1.00565,0.99548,0.500541,0,1.00519,1.00157,-0.00120513,0,0.000536785,-0.0163749,1.00157
35,38,0.554688,0.601562,1.00553,0.995476,0.500962,0,1.00504,1.00127,-0.000808866,0,0.000550013,-0.0163975,1.00127
36,38,0.570312,0.601562,1.00536,0.995533,0.50134,0,1.00483,1.00101,-0.000436629,0,0.000554208,-0.0162052,1.00101
37,38,0.585938,0.601562,1.00513,0.995641,0.501666,0,1.00459,1.00077,-0.000101077,0,0.00055015,-0.0158278,1.00077
38,38,0.601562,0.601562,1.00486,0.99579,0.501937,0,1.00432,1.00057,0.000191029,0,0.000538695,-0.0152917,1.00057
39,38,0.617188,0.601562,1.00454,0.995974,0.502153,0,1.00402,1.0004,0.000437405,0,0.000520718,-0.01462,1.0004
40,38,0.632812,0.601562,1.00416,0.996186,0.502317,0,1.00372,1.00025,0.00063891,0,0.00049708,-0.0138329,1.00025
41,38,0.648438,0.601562,1.00374,0.996421,0.502434,0,1.0034,1.00014,0.000798474,0,0.000468605,-0.0129486,1.00014
42,38,0.664062,0.601562,1.00326,0.996675,0.502511,0,1.00307,1.00005,0.000920281,0,0.000436071,-0.0119833,1.00005
43,38,0.679688,0.601562,1.00273,0.996944,0.502552,0,1.00275,0.999981,0.00100921,0,0.0004002,-0.0109516,0.999982
44,38,0.695312,0.601562,1.00216,0.997227,0.502564,0,1.00241,0.999942,0.00107042,0,0.000361657,-0.00986696,0.999942
45,38,0.710938,0.601562,1.00155,0.997522,0.502552,0,1.00207,0.999926,0.00110907,0,0.00032105,-0.00874162,0.999927
46,38,0.726562,0.601562,1.00091,0.997827,0.502523,0,1.00173,0.999933,0.00113018,0,0.000278928,-0.00758681,0.999934
47,38,0.742188,0.601562,1.00026,0.998144,0.502479,0,1.00137,0.999962,0.00113848,0,0.000235788,-0.00641286,0.999963
48,38,0.757812,0.601562,0.999602,0.998473,0.502427,0,1.00101,1.00001,0.00113837,0,0.000192076,-0.00522922,1.00001
49,38,0.773438,0.601562,0.998963,0.998816,0.502368,0,1.00063,1.00008,0.00113386,0,0.000148197,-0.00404462,1.00008
50,38,0.789062,0.601562,0.998354,0.999175,0.502307,0,1.00023,1.00017,0.00112859,0,0.000104522,-0.00286715,1.00017
51,38,0.804688,0.601562,0.997787,0.999552,0.502247,0,0.999805,1.00028,0.0011258,0,6.13929e-05,-0.00170457,1.00028
52,38,0.820312,0.601562,0.997275,0.999952,0.502188,0,0.999357,1.00041,0.00112838,0,1.91395e-05,-0.000564422,1.00041
53,38,0.835938,0.601562,0.996823,1.00038,0.502134,0,0.998877,1.00056,0.00113886,0,-2.1917e-05,0.000545747,1.00056
54,38,0.851562,0.601562,0.996434,1.00083,0.502086,0,0.998362,1.00073,0.00115944,0,-6.14515e-05,0.00161817,1.00073
55,38,0.867188,0.601562,0.996106,1.00132,0.502044,0,0.997807,1.00091,0.00119202,0,-9.91281e-05,0.00264464,1.00091
56,38,0.882812,0.601562,0.995834,1.00185,0.502011,0,0.997208,1.00111,0.00123814,0,-0.000134593,0.00361642,1.00111
57,38,0.898438,0.601562,0.995606,1.00242,0.501986,0,0.996563,1.00133,0.00129907,0,-0.000167471,0.00452407,1.00134
58,38,0.914062,0.601562,0.995412,1.00303,0.501969,0,0.99587,1.00157,0.0013757,0,-0.000197366,0.00535751,1.00158
59,38,0.929688,0.601562,0.995238,1.00369,0.501961,0,0.99513,1.00183,0.00146852,0,-0.000223862,0.00610615,1.00183
60,38,0.945312,0.601562,0.995071,1.00438,0.501961,0,0.994347,1.00211,0.00157758,0,-0.000246536,0.00675916,1.00211
61,38,0.960938,0.601562,0.994902,1.00512,0.501967,0,0.993527,1.0024,0.00170236,0,-0.000264969,0.00730616,1.0024
62,38,0.976562,0.601562,0.994724,1.00588,0.501978,0,0.992682,1.00271,0.00184166,0,-0.000278758,0.00773609,1.00271
63,38,0.992188,0.601562,0.994536,1.00667,0.50199,0,0.991829,1.00304,0.00199352,0,-0.000287545,0.00803978,1.00304
0,39,0.0078125,0.617188,0.994151,1.0072,0.501676,0,0.990988,1.00358,0.00191228,0,-0.000285178,0.00799406,1.00358
1,39,0.0234375,0.617188,0.993981,1.00794,0.501653,0,0.990185,1.00396,0.00206379,0,-0.000281812,0.00799173,1.00396
2,39,0.0390625,0.617188,0.993833,1.00863,0.501618,0,0.989466,1.00436,0.00221574,0,-0.000273036,0.00785528,1.00436
3,39,0.0546875,0.617188,0.99373,1.00923,0.501566,0,0.988873,1.00477,0.00236281,0,-0.00025903,0.00759022,1.00477
4,39,0.0703125,0.617188,0.993699,1.00971,0.501492,0,0.988453,1.00519,0.00249913,0,-0.000240184,0.00720772,1.00519
5,39,0.0859375,0.617188,0.993768,1.01003,0.50139,0,0.988251,1.00561,0.00261876,0,-0.000217121,0.00672539,1.00562
6,39,0.101562,0.617188,0.993963,1.01016,0.50126,0,0.988306,1.00604,0.0027165,0,-0.000190699,0.00616742,1.00605
7,39,0.117188,0.617188,0.994302,1.01007,0.5011,0,0.988644,1.00647,0.00278902,0,-0.000162009,0.00556445,1.00648
8,39,0.132812,0.617188,0.99479,1.00976,0.500918,0,0.989267,1.00689,0.00283624,0,-0.000132325,0.00495175,1.0069
9,39,0.148438,0.617188,0.995414,1.00925,0.500725,0,0.990148,1.0073,0.00286254,0,-0.000102996,0.00436686,1.00731
10,39,0.164062,0.617188,0.996142,1.00859,0.500541,0,0.991231,1.00769,0.00287736,0,-7.53413e-05,0.00384587,1.0077
11,39,0.179688,0.617188,0.996925,1.00782,0.50039,0,0.992429,1.00806,0.00289471,0,-5.05345e-05,0.00341894,1.00806
12,39,0.195312,0.617188,0.997707,1.00703,0.500299,0,0.993641,1.00839,0.00293095,0,-2.95805e-05,0.00311096,1.00839
13,39,0.210938,0.617188,0.998428,1.0063,0.500291,0,0.994767,1.00867,0.0030005,0,-1.33108e-05,0.00294016,1.00868
14,39,0.226562,0.617188,0.999043,1.00567,0.500382,0,0.995728,1.00891,0.00310949,0,-2.36898e-06,0.00291535,1.00891
15,39,0.242188,0.617188,0.999527,1.00518,0.500564,0,0.996477,1.00908,0.00324836,0,2.79595e-06,0.00303477,1.00908
16,39,0.257812,0.617188,0.999883,1.00482,0.500809,0,0.997015,1.00918,0.00338749,0,2.09977e-06,0.00327647,1.00918
17,39,0.273438,0.617188,1.00014,1.00455,0.501071,0,0.997382,1.00919,0.00348168,0,-3.63515e-06,0.00357234,1.0092
18,39,0.289062,0.617188,1.00033,1.00431,0.501289,0,0.997648,1.00911,0.00347765,0,-1.25547e-05,0.00382094,1.00912
19,39,0.304688,0.617188,1.00052,1.00404,0.501405,0,0.997896,1.00894,0.00332322,0,-2.19342e-05,0.00390439,1.00894
20,39,0.320312,0.617188,1.00075,1.00368,0.501374,0,0.998201,1.00866,0.0029849,0,-2.82528e-05,0.00369278,1.00867
21,39,0.335938,0.617188,1.00106,1.00318,0.501183,0,0.998619,1.00829,0.00245916,0,-2.7707e-05,0.00307559,1.0083
22,39,0.351562,0.617188,1.00145,1.00253,0.50085,0,0.999174,1.00784,0.00177525,0,-1.69497e-05,0.00199082,1.00784
23,39,0.367188,0.617188,1.00193,1.00175,0.50042,0,0.999859,1.00731,0.000989773,0,6.22096e-06,0.000441305,1.00731
24,39,0.382812,0.617188,1.00246,1.00087,0.499955,0,1.00064,1.00672,0.000175068,0,4.24209e-05,-0.00150496,1.00672
25,39,0.398438,0.617188,1.00303,0.999931,0.499521,0,1.00147,1.0061,-0.000594285,0,9.05826e-05,-0.003729,1.0061
26,39,0.414062,0.617188,1.00359,0.998996,0.499174,0,1.0023,1.00547,-0.00125357,0,0.00014819,-0.00608374,1.00547
27,39,0.429688,0.617188,1.00412,0.998108,0.498954,0,1.00308,1.00483,-0.00175639,0,0.000211741,-0.00841851,1.00483
28,39,0.445312,0.617188,1.00459,0.997305,0.498883,0,1.00376,1.00421,-0.00207873,0,0.000277321,-0.0106001,1.00422
29,39,0.460938,0.617188,1.00499,0.996613,0.498959,0,1.00432,1.00362,-0.00221875,0,0.000341134,-0.012526,1.00363
30,39,0.476562,0.617188,1.0053,0.996043,0.499165,0,1.00476,1.00307,-0.00219332,0,0.000399917,-0.0141301,1.00307
31,39,0.492188,0.617188,1.00552,0.995601,0.499472,0,1.00506,1.00256,-0.00203234,0,0.000451179,-0.015381,1.00256
32,39,0.507812,0.617188,1.00566,0.99528,0.499846,0,1.00524,1.0021,-0.00177227,0,0.000493272,-0.0162754,1.0021
33,39,0.523438,0.617188,1.00573,0.995071,0.500251,0,1.00531,1.00168,-0.00145027,0,0.000525336,-0.0168308,1.00168
34,39,0.539062,0.617188,1.00573,0.994963,0.500659,0,1.00529,1.00131,-0.00109984,0,0.000547171,-0.0170773,1.00131
35,39,0.554688,0.617188,1.00566,0.99494,0.501045,0,1.00518,1.00098,-0.000748126,0,0.000559072,-0.0170509,1.00098
36,39,0.570312,0.617188,1.00553,0.994991,0.501393,0,1.00502,1.00069,-0.000414963,0,0.000561667,-0.0167886,1.00069
37,39,0.585938,0.617188,1.00534,0.995103,0.501693,0,1.0048,1.00045,-0.00011325,0,0.000555787,-0.0163259,1.00045
38,39,0.601562,0.617188,1.0051,0.995266,0.501941,0,1.00455,1.00025,0.000149888,0,0.000542362,-0.0156952,1.00025
39,39,0.617188,0.617188,1.0048,0.995469,0.502138,0,1.00427,1.00008,0.000371757,0,0.000522353,-0.0149253,1.00008
40,39,0.632812,0.617188,1.00443,0.995705,0.502286,0,1.00396,0.999946,0.000552794,0,0.000496708,-0.0140413,0.999946
41,39,0.648438,0.617188,1.00401,0.995968,0.50239,0,1.00365,0.999845,0.000695512,0,0.000466328,-0.0130654,0.999845
42,39,0.664062,0.617188,1.00353,0.996251,0.502454,0,1.00332,0.999774,0.000803696,0,0.000432053,-0.0120168,0.999774
43,39,0.679688,0.617188,1.00298,0.99655,0.502486,0,1.00298,0.999731,0.00088184,0,0.000394654,-0.0109121,0.999731
44,39,0.695312,0.617188,1.00238,0.996863,0.50249,0,1.00264,0.999714,0.000934727,0,0.000354828,-0.00976607,0.999714
45,39,0.710938,0.617188,1.00174,0.997186,0.502472,0,1.00229,0.999722,0.000967166,0,0.000313198,-0.00859134,0.999722
46,39,0.726562,0.617188,1.00105,0.997518,0.502436,0,1.00194,0.999752,0.000983816,0,0.000270319,-0.00739903,0.999753
47,39,0.742188,0.617188,1.00035,0.997859,0.502388,0,1.00157,0.999805,0.000989077,0,0.000226678,-0.00619889,0.999805
48,39,0.757812,0.617188,0.999637,0.99821,0.50233,0,1.0012,0.999878,0.000987009,0,0.00018271,-0.00499957,0.999879
49,39,0.773438,0.617188,0.998939,0.998572,0.502267,0,1.00081,0.999971,0.000981309,0,0.0001388,-0.00380881,0.999972
50,39,0.789062,0.617188,0.998271,0.998947,0.502201,0,1.0004,1.00008,0.000975301,0,9.52987e-05,-0.0026336,1.00008
51,39,0.804688,0.617188,0.997649,0.999338,0.502134,0,0.999966,1.00021,0.000971947,0,5.25273e-05,-0.00148062,1.00021
52,39,0.820312,0.617188,0.997087,0.999749,0.502069,0,0.999507,1.00036,0.000973847,0,1.07948e-05,-0.000356407,1.00036
53,39,0.835938,0.617188,0.996593,1.00018,0.502007,0,0.999016,1.00053,0.000983273,0,-2.95948e-05,0.000732424,1.00053
54,39,0.851562,0.617188,0.996171,1.00065,0.50195,0,0.998489,1.00072,0.00100218,0,-6.8332e-05,0.00177893,1.00072
55,39,0.867188,0.617188,0.995821,1.00114,0.501898,0,0.997922,1.00092,0.00103224,0,-0.000105093,0.00277563,1.00092
56,39,0.882812,0.617188,0.995535,1.00167,0.501852,0,0.997311,1.00114,0.00107481,0,-0.000139535,0.0037144,1.00114
57,39,0.898438,0.617188,0.995304,1.00223,0.501813,0,0.996653,1.00138,0.00113095,0,-0.000171291,0.00458638,1.00138
58,39,0.914062,0.617188,0.995114,1.00284,0.501781,0,0.995947,1.00164,0.00120143,0,-0.000199973,0.00538201,1.00164
59,39,0.929688,0.617188,0.994951,1.00349,0.501755,0,0.995194,1.00191,0.00128663,0,-0.000225175,0.00609119,1.00192
60,39,0.945312,0.617188,0.9948,1.00418,0.501734,0,0.994397,1.00221,0.00138651,0,-0.000246483,0.00670352,1.00221
61,39,0.960938,0.617188,0.994649,1.00491,0.501718,0,0.993563,1.00253,0.00150052,0,-0.00026349,0.00720877,1.00253
62,39,0.976562,0.617188,0.994492,1.00566,0.501705,0,0.992704,1.00286,0.00162753,0,-0.000275817,0.00759775,1.00286
63,39,0.992188,0.617188,0.994324,1.00643,0.501692,0,0.991838,1.00321,0.00176566,0,-0.000283131,0.00786162,1.00321
0,40,0.0078125,0.632812,0.993961,1.00688,0.501331,0,0.991021,1.00374,0.00164336,0,-0.000278414,0.00771884,1.00374
1,40,0.0234375,0.632812,0.993811,1.0076,0.501282,0,0.990208,1.00415,0.00177717,0,-0.000273915,0.00768597,1.00415
2,40,0.0390625,0.632812,0.99368,1.00826,0.501222,0,0.989479,1.00457,0.00191096,0,-0.000264122,0.0075239,1.00457
3,40,0.0546875,0.632812,0.993591,1.00883,0.501147,0,0.988877,1.005,0.00204002,0,-0.000249242,0.00723897,1.00501
4,40,0.0703125,0.632812,0.99357,1.00928,0.501051,0,0.988448,1.00545,0.00215922,0,-0.000229686,0.00684296,1.00545
5,40,0.0859375,0.632812,0.993646,1.00957,0.500932,0,0.988236,1.0059,0.00226351,0,-0.000206079,0.00635359,1.00591
6,40,0.101562,0.632812,0.993844,1.00967,0.500788,0,0.988278,1.00636,0.00234872,0,-0.000179264,0.00579437,1.00637
7,40,0.117188,0.632812,0.99418,1.00956,0.500622,0,0.988597,1.00682,0.00241269,0,-0.000150283,0.00519443,1.00682
8,40,0.132812,0.632812,0.994658,1.00923,0.500441,0,0.989192,1.00727,0.00245661,0,-0.000120326,0.00458742,1.00727
9,40,0.148438,0.632812,0.995264,1.00872,0.500257,0,0.990035,1.00771,0.00248614,0,-9.06142e-05,0.00400651,1.00771
10,40,0.164062,0.632812,0.995964,1.00807,0.500092,0,0.991064,1.00813,0.00251199,0,-6.23127e-05,0.00348309,1.00813
11,40,0.179688,0.632812,0.996709,1.00733,0.499969,0,0.992193,1.00852,0.00254938,0,-3.64605e-05,0.0030442,1.00853
12,40,0.195312,0.632812,0.997442,1.00658,0.499917,0,0.993322,1.00888,0.00261586,0,-1.39605e-05,0.00271266,1.00888
13,40,0.210938,0.632812,0.998107,1.0059,0.499959,0,0.994353,1.00919,0.002727,0,4.39559e-06,0.00250691,1.0092
14,40,0.226562,0.632812,0.99866,1.00534,0.500109,0,0.99521,1.00945,0.00289006,0,1.79206e-05,0.00243876,1.00946
15,40,0.242188,0.632812,0.999081,1.00492,0.500361,0,0.995855,1.00964,0.00309635,0,2.60407e-05,0.00251168,1.00965
16,40,0.257812,0.632812,0.999373,1.00464,0.500686,0,0.996293,1.00976,0.00331656,0,2.84684e-05,0.00271082,1.00976
17,40,0.273438,0.632812,0.999569,1.00445,0.501037,0,0.996568,1.00978,0.00350433,0,2.57122e-05,0.00297892,1.00979
18,40,0.289062,0.632812,0.999714,1.00428,0.501351,0,0.996757,1.0097,0.00360342,0,1.9284e-05,0.00322298,1.00971
19,40,0.304688,0.632812,0.999863,1.00407,0.501566,0,0.996945,1.00952,0.00355699,0,1.15846e-05,0.00333028,1.00953
20,40,0.320312,0.632812,1.00006,1.00375,0.501631,0,0.997212,1.00923,0.00332521,0,5.87869e-06,0.00317136,1.00924
21,40,0.335938,0.632812,1.00035,1.00328,0.501528,0,0.997615,1.00883,0.00289733,0,5.8491e-06,0.00262936,1.00884
22,40,0.351562,0.632812,1.00075,1.00264,0.501268,0,0.998181,1.00834,0.00229558,0,1.48969e-05,0.00162986,1.00834
23,40,0.367188,0.632812,1.00124,1.00184,0.500892,0,0.998902,1.00776,0.00157085,0,3.54465e-05,0.000160013,1.00776
24,40,0.382812,0.632812,1.00181,1.00092,0.500459,0,0.999745,1.00712,0.000792027,0,6.84562e-05,-0.00172709,1.00712
25,40,0.398438,0.632812,1.00243,0.999938,0.500034,0,1.00066,1.00643,3.2773e-05,0,0.000113236,-0.00392267,1.00643
26,40,0.414062,0.632812,1.00305,0.998939,0.499675,0,1.00158,1.00572,-0.000640633,0,0.000167605,-0.00628309,1.00572
27,40,0.429688,0.632812,1.00365,0.997978,0.499427,0,1.00246,1.005,-0.00117831,0,0.000228294,-0.0086542,1.00501
28,40,0.445312,0.632812,1.00419,0.997098,0.499313,0,1.00326,1.00431,-0.00155156,0,0.000291496,-0.010894,1.00431
29,40,0.460938,0.632812,1.00466,0.99633,0.499337,0,1.00394,1.00364,-0.00175345,0,0.00035341,-0.0128883,1.00364
30,40,0.476562,0.632812,1.00505,0.995691,0.499487,0,1.00448,1.00302,-0.00179602,0,0.00041068,-0.0145591,1.00302
31,40,0.492188,0.632812,1.00535,0.995188,0.499736,0,1.00488,1.00244,-0.001705,0,0.00046068,-0.0158645,1.00244
32,40,0.507812,0.632812,1.00556,0.994818,0.500053,0,1.00515,1.00192,-0.00151361,0,0.000501614,-0.0167938,1.00192
33,40,0.523438,0.632812,1.00569,0.994573,0.500406,0,1.0053,1.00145,-0.00125666,0,0.000532499,-0.0173603,1.00146
34,40,0.539062,0.632812,1.00574,0.99444,0.500765,0,1.00534,1.00105,-0.000966152,0,0.000553049,-0.0175932,1.00105
35,40,0.554688,0.632812,1.00573,0.994406,0.501108,0,1.00529,1.00069,-0.000668411,0,0.00056352,-0.0175303,1.00069
36,40,0.570312,0.632812,1.00564,0.994456,0.501418,0,1.00516,1.00039,-0.00038293,0,0.00056454,-0.0172125,1.00039
37,40,0.585938,0.632812,1.00549,0.994577,0.501685,0,1.00497,1.00014,-0.000122626,0,0.000556976,-0.0166803,1.00014
38,40,0.601562,0.632812,1.00527,0.994755,0.501905,0,1.00474,0.999935,0.000105137,0,0.000541814,-0.0159712,0.999935
39,40,0.617188,0.632812,1.00499,0.994981,0.502078,0,1.00447,0.999773,0.000297288,0,0.000520085,-0.0151192,0.999773
40,40,0.632812,0.632812,1.00464,0.995243,0.502207,0,1.00418,0.999651,0.000453799,0,0.000492801,-0.0141541,0.999651
41,40,0.648438,0.632812,1.00423,0.995535,0.502294,0,1.00386,0.999565,0.000576681,0,0.000460925,-0.0131019,0.999566
42,40,0.664062,0.632812,1.00374,0.995848,0.502346,0,1.00353,0.999513,0.000669199,0,0.000425346,-0.0119846,0.999513
43,40,0.679688,0.632812,1.00318,0.996177,0.502368,0,1.00319,0.99949,0.000735318,0,0.000386869,-0.010821,0.99949
44,40,0.695312,0.632812,1.00255,0.996518,0.502364,0,1.00285,0.999495,0.000779305,0,0.000346212,-0.00962669,0.999495
45,40,0.710938,0.632812,1.00187,0.996869,0.502339,0,1.00249,0.999525,0.000805466,0,0.000304004,-0.00841495,0.999526
46,40,0.726562,0.632812,1.00114,0.997226,0.502299,0,1.00213,0.999579,0.000817975,0,0.000260796,-0.00719676,0.999579
47,40,0.742188,0.632812,1.00039,0.99759,0.502246,0,1.00176,0.999653,0.000820766,0,0.000217064,-0.0059813,0.999654
48,40,0.757812,0.632812,0.999623,0.997961,0.502185,0,1.00138,0.999748,0.000817462,0,0.000173221,-0.00477638,0.999749
49,40,0.773438,0.632812,0.998868,0.99834,0.502119,0,1.00098,0.999862,0.000811344,0,0.000129633,-0.00358878,0.999863
50,40,0.789062,0.632812,0.998144,0.998729,0.502049,0,1.00056,0.999994,0.000805351,0,8.66243e-05,-0.00242439,0.999995
51,40,0.804688,0.632812,0.99747,0.999131,0.501979,0,1.00012,1.00014,0.000802084,0,4.44946e-05,-0.00128884,1.00014
52,40,0.820312,0.632812,0.996862,0.999549,0.501909,0,0.999656,1.00031,0.000803814,0,3.53054e-06,-0.000187626,1.00031
53,40,0.835938,0.632812,0.996329,0.999989,0.501842,0,0.999157,1.0005,0.00081251,0,-3.59828e-05,0.000873558,1.0005
54,40,0.851562,0.632812,0.995879,1.00045,0.501777,0,0.998623,1.0007,0.000829857,0,-7.37523e-05,0.00188861,1.0007
55,40,0.867188,0.632812,0.995509,1.00094,0.501717,0,0.998047,1.00092,0.000857272,0,-0.000109467,0.00285076,1.00092
56,40,0.882812,0.632812,0.995214,1.00147,0.501661,0,0.997427,1.00115,0.000895911,0,-0.000142796,0.00375256,1.00115
57,40,0.898438,0.632812,0.994983,1.00203,0.501609,0,0.99676,1.00141,0.000946662,0,-0.000173382,0.00458572,1.00141
58,40,0.914062,0.632812,0.994801,1.00263,0.501562,0,0.996044,1.00169,0.00101013,0,-0.000200845,0.00534124,1.00169
59,40,0.929688,0.632812,0.994653,1.00327,0.50152,0,0.99528,1.00198,0.00108661,0,-0.000224789,0.00600957,1.00198
60,40,0.945312,0.632812,0.994521,1.00394,0.50148,0,0.994473,1.00229,0.00117599,0,-0.000244811,0.00658087,1.00229
61,40,0.960938,0.632812,0.994393,1.00465,0.501444,0,0.993628,1.00263,0.00127776,0,-0.000260518,0.00704552,1.00263
62,40,0.976562,0.632812,0.994258,1.00539,0.501408,0,0.992758,1.00298,0.00139083,0,-0.000271545,0.00739463,1.00298
63,40,0.992188,0.632812,0.994113,1.00614,0.501371,0,0.991881,1.00335,0.00151349,0,-0.000277586,0.00762084,1.00335
0,41,0.0078125,0.648438,0.993787,1.0065,0.50097,0,0.991101,1.00386,0.00135082,0,-0.000270007,0.00736066,1.00386
1,41,0.0234375,0.648438,0.993657,1.00719,0.500899,0,0.99028,1.00429,0.00146522,0,-0.000264619,0.00729974,1.00429
2,41,0.0390625,0.648438,0.993544,1.00781,0.500816,0,0.989544,1.00473,0.00157918,0,-0.00025408,0.00711524,1.00473
3,41,0.0546875,0.648438,0.993468,1.00835,0.500719,0,0.988934,1.00519,0.00168866,0,-0.00023862,0.00681421,1.00519
4,41,0.0703125,0.648438,0.993458,1.00876,0.500604,0,0.988497,1.00566,0.00178934,0,-0.000218662,0.00640886,1.00566
5,41,0.0859375,0.648438,0.993541,1.00901,0.500469,0,0.988274,1.00614,0.00187712,0,-0.000194831,0.00591684,1.00614
6,41,0.101562,0.648438,0.99374,1.00907,0.500314,0,0.988303,1.00662,0.00194889,0,-0.000167943,0.00536113,1.00662
7,41,0.117188,0.648438,0.994073,1.00893,0.500142,0,0.988602,1.0071,0.0020037,0,-0.000138984,0.00476947,1.0071
8,41,0.132812,0.648438,0.99454,1.00859,0.499963,0,0.989169,1.00758,0.002044,0,-0.000109048,0.00417231,1.00758
9,41,0.148438,0.648438,0.995127,1.00806,0.499789,0,0.989972,1.00805,0.00207674,0,-7.92254e-05,0.00359932,1.00805
10,41,0.164062,0.648438,0.995799,1.00741,0.499642,0,0.990949,1.00849,0.00211388,0,-5.05413e-05,0.00307795,1.00849
11,41,0.179688,0.648438,0.996508,1.00669,0.499548,0,0.992013,1.00891,0.00217186,0,-2.3901e-05,0.00263206,1.00891
12,41,0.195312,0.648438,0.997196,1.00597,0.499533,0,0.993063,1.00929,0.00226945,0,-1.08811e-07,0.00228264,1.0093
13,41,0.210938,0.648438,0.997809,1.00534,0.499622,0,0.994007,1.00963,0.0024235,0,2.00857e-05,0.00204827,1.00963
14,41,0.226562,0.648438,0.998307,1.00483,0.499829,0,0.994771,1.00991,0.00264251,0,3.59652e-05,0.00194339,1.00991
15,41,0.242188,0.648438,0.99867,1.00447,0.500149,0,0.995323,1.01012,0.00291884,0,4.68549e-05,0.00197605,1.01012
16,41,0.257812,0.648438,0.998907,1.00425,0.500554,0,0.995671,1.01024,0.00322368,0,5.22932e-05,0.00213793,1.01025
17,41,0.273438,0.648438,0.999051,1.00412,0.500993,0,0.995866,1.01027,0.00350978,0,5.25106e-05,0.00238192,1.01028
18,41,0.289062,0.648438,0.999151,1.00402,0.501403,0,0.995987,1.0102,0.00371816,0,4.87017e-05,0.00262355,1.01021
19,41,0.304688,0.648438,0.999263,1.00386,0.501718,0,0.996121,1.01001,0.00378742,0,4.29425e-05,0.00275652,1.01002
20,41,0.320312,0.648438,0.999437,1.00358,0.501883,0,0.996352,1.00971,0.00367142,0,3.82117e-05,0.00265378,1.00971
21,41,0.335938,0.648438,0.999711,1.00315,0.501873,0,0.996738,1.00929,0.00335193,0,3.80115e-05,0.00219464,1.00929
22,41,0.351562,0.648438,1.0001,1.00252,0.501692,0,0.997307,1.00876,0.00284363,0,4.57146e-05,0.0012945,1.00876
23,41,0.367188,0.648438,1.00061,1.00173,0.501376,0,0.998053,1.00814,0.00219102,0,6.38867e-05,-7.39859e-05,1.00814
24,41,0.382812,0.648438,1.0012,1.0008,0.500981,0,0.998941,1.00744,0.0014586,0,9.37628e-05,-0.00187307,1.00744
25,41,0.398438,0.648438,1.00185,0.999786,0.50057,0,0.999918,1.00669,0.000718249,0,0.000134999,-0.00400616,1.00669
26,41,0.414062,0.648438,1.00253,0.998746,0.500204,0,1.00092,1.00592,3.70876e-05,0,0.000185754,-0.00633607,1.00592
27,41,0.429688,0.648438,1.00318,0.997735,0.499927,0,1.00189,1.00513,-0.000531983,0,0.000243031,-0.00870858,1.00514
28,41,0.445312,0.648438,1.00379,0.996801,0.499769,0,1.00279,1.00437,-0.00095573,0,0.000303195,-0.0109759,1.00437
29,41,0.460938,0.648438,1.00432,0.995979,0.499738,0,1.00356,1.00363,-0.001222,0,0.000362507,-0.0130147,1.00363
30,41,0.476562,0.648438,1.00478,0.995289,0.499826,0,1.0042,1.00294,-0.00133758,0,0.000417591,-0.014736,1.00294
31,41,0.492188,0.648438,1.00514,0.994742,0.50001,0,1.00469,1.00231,-0.00132353,0,0.000465739,-0.016088,1.00231
32,41,0.507812,0.648438,1.00542,0.994338,0.500263,0,1.00504,1.00174,-0.00120913,0,0.000505051,-0.0170522,1.00174
33,41,0.523438,0.648438,1.0056,0.994068,0.500555,0,1.00526,1.00123,-0.00102625,0,0.000534444,-0.0176366,1.00123
34,41,0.539062,0.648438,1.00571,0.993922,0.500858,0,1.00536,1.00079,-0.000804834,0,0.000553555,-0.0178685,1.00079
35,41,0.554688,0.648438,1.00573,0.993884,0.501149,0,1.00535,1.00042,-0.000569884,0,0.000562593,-0.0177862,1.00042
36,41,0.570312,0.648438,1.00569,0.993939,0.501413,0,1.00526,1.0001,-0.00034021,0,0.000562178,-0.0174329,1.0001
37,41,0.585938,0.648438,1.00557,0.994073,0.501641,0,1.0051,0.999845,-0.000128498,0,0.000553189,-0.0168528,0.999845
38,41,0.601562,0.648438,1.00538,0.994272,0.501828,0,1.00489,0.999641,5.77847e-05,0,0.00053665,-0.0160879,0.999641
39,41,0.617188,0.648438,1.00512,0.994521,0.501974,0,1.00464,0.999486,0.000215231,0,0.000513633,-0.0151766,0.999486
40,41,0.632812,0.648438,1.00479,0.994811,0.502079,0,1.00435,0.999375,0.000343329,0,0.000485198,-0.0141526,0.999375
41,41,0.648438,0.648438,1.00437,0.995132,0.502149,0,1.00404,0.999304,0.00044351,0,0.000452348,-0.0130453,0.999304
42,41,0.664062,0.648438,1.00387,0.995475,0.502186,0,1.00371,0.99927,0.000518403,0,0.000416003,-0.0118792,0.99927
43,41,0.679688,0.648438,1.0033,0.995833,0.502197,0,1.00337,0.999267,0.000571319,0,0.000376989,-0.0106751,0.999267
44,41,0.695312,0.648438,1.00265,0.996202,0.502185,0,1.00302,0.999293,0.000605867,0,0.000336029,-0.00944963,0.999293
45,41,0.710938,0.648438,1.00194,0.996578,0.502155,0,1.00267,0.999344,0.00062571,0,0.000293754,-0.00821652,0.999344
46,41,0.726562,0.648438,1.00117,0.996959,0.50211,0,1.0023,0.999418,0.000634406,0,0.000250701,-0.00698666,0.999419
47,41,0.742188,0.648438,1.00037,0.997343,0.502055,0,1.00193,0.999514,0.000635307,0,0.00020733,-0.00576877,0.999514
48,41,0.757812,0.648438,0.999553,0.997732,0.501992,0,1.00154,0.999628,0.00063149,0,0.000164031,-0.0045699,0.999628
49,41,0.773438,0.648438,0.998747,0.998124,0.501925,0,1.00114,0.999761,0.000625728,0,0.000121146,-0.00339595,0.999761
50,41,0.789062,0.648438,0.997972,0.998524,0.501854,0,1.00072,0.99991,0.0006205,0,7.89737e-05,-0.00225183,0.999911
51,41,0.804688,0.648438,0.997251,0.998934,0.501781,0,1.00028,1.00008,0.000617983,0,3.77901e-05,-0.00114218,1.00008
52,41,0.820312,0.648438,0.996602,0.999356,0.501709,0,0.999806,1.00026,0.000620067,0,-2.14001e-06,-7.1553e-05,1.00026
53,41,0.835938,0.648438,0.996037,0.999796,0.501638,0,0.999304,1.00046,0.00062838,0,-4.05511e-05,0.000955228,1.00046
54,41,0.851562,0.648438,0.995563,1.00026,0.501569,0,0.998766,1.00067,0.000644305,0,-7.71662e-05,0.00193284,1.00067
55,41,0.867188,0.648438,0.995179,1.00074,0.501501,0,0.998186,1.00091,0.000668995,0,-0.000111689,0.00285524,1.00091
56,41,0.882812,0.648438,0.994881,1.00126,0.501437,0,0.997561,1.00116,0.000703381,0,-0.000143798,0.00371557,1.00116
57,41,0.898438,0.648438,0.994655,1.00181,0.501375,0,0.996889,1.00143,0.000748172,0,-0.000173148,0.00450617,1.00143
58,41,0.914062,0.648438,0.994486,1.0024,0.501316,0,0.996167,1.00171,0.000803832,0,-0.000199367,0.00521858,1.00171
59,41,0.929688,0.648438,0.994356,1.00302,0.501259,0,0.995398,1.00202,0.000870558,0,-0.000222069,0.0058438,1.00202
60,41,0.945312,0.648438,0.994248,1.00367,0.501203,0,0.994583,1.00235,0.000948227,0,-0.000240863,0.00637263,1.00235
61,41,0.960938,0.648438,0.994145,1.00436,0.501148,0,0.993731,1.0027,0.00103633,0,-0.000255368,0.00679607,1.0027
62,41,0.976562,0.648438,0.994036,1.00507,0.501092,0,0.992854,1.00306,0.00113391,0,-0.000265238,0.00710594,1.00307
63,41,0.992188,0.648438,0.993916,1.00579,0.501034,0,0.991969,1.00345,0.00123944,0,-0.000270185,0.00729563,1.00345
0,42,0.0078125,0.664062,0.993644,1.00607,0.500599,0,0.991242,1.00393,0.00103854,0,-0.000259159,0.00689818,1.00393
1,42,0.0234375,0.664062,0.993536,1.00671,0.500507,0,0.990418,1.00437,0.001132,0,-0.000253091,0.00681003,1.00437
2,42,0.0390625,0.664062,0.99344,1.0073,0.500404,0,0.989678,1.00483,0.00122465,0,-0.000242044,0.00660454,1.00483
3,42,0.0546875,0.664062,0.99338,1.00779,0.500288,0,0.989064,1.0053,0.00131318,0,-0.000226268,0.00628947,1.0053
4,42,0.0703125,0.664062,0.99338,1.00815,0.500156,0,0.98862,1.00579,0.00139413,0,-0.000206196,0.0058775,1.00579
5,42,0.0859375,0.664062,0.993469,1.00836,0.500007,0,0.98839,1.00629,0.00146437,0,-0.000182444,0.00538618,1.00629
6,42,0.101562,0.664062,0.99367,1.00838,0.499843,0,0.988406,1.00679,0.00152193,0,-0.0001558,0.00483774,1.00679
7,42,0.117188,0.664062,0.993999,1.0082,0.499668,0,0.988688,1.00729,0.00156706,0,-0.00012719,0.00425833,1.00729
8,42,0.132812,0.664062,0.994456,1.00783,0.499491,0,0.98923,1.00779,0.0016035,0,-9.76089e-05,0.00367558,1.00779
9,42,0.148438,0.664062,0.995026,1.00728,0.499328,0,0.989997,1.00828,0.00163946,0,-6.80255e-05,0.0031158,1.00828
10,42,0.164062,0.664062,0.995673,1.00662,0.499199,0,0.990927,1.00874,0.00168816,0,-3.93274e-05,0.00260293,1.00874
11,42,0.179688,0.664062,0.996348,1.0059,0.499132,0,0.991931,1.00918,0.00176726,0,-1.22932e-05,0.00215786,1.00918
12,42,0.195312,0.664062,0.996996,1.00521,0.499153,0,0.992912,1.00958,0.00189679,0,1.23691e-05,0.00179992,1.00958
13,42,0.210938,0.664062,0.997564,1.0046,0.499287,0,0.993778,1.00994,0.00209494,0,3.39584e-05,0.00154774,1.00994
14,42,0.226562,0.664062,0.998013,1.00413,0.499549,0,0.994462,1.01023,0.00237153,0,5.17468e-05,0.00141775,1.01023
15,42,0.242188,0.664062,0.998327,1.00382,0.499934,0,0.994934,1.01045,0.00272011,0,6.49895e-05,0.00142171,1.01045
16,42,0.257812,0.664062,0.998517,1.00365,0.500415,0,0.995206,1.01058,0.00311249,0,7.3087e-05,0.00155709,1.01059
17,42,0.273438,0.664062,0.998617,1.00357,0.50094,0,0.995333,1.01062,0.00350071,0,7.6038e-05,0.00178582,1.01063
18,42,0.289062,0.664062,0.998678,1.00351,0.501446,0,0.995395,1.01055,0.00382325,0,7.47535e-05,0.00203184,1.01056
19,42,0.304688,0.664062,0.998758,1.00341,0.501862,0,0.995482,1.01036,0.00401429,0,7.09948e-05,0.00219617,1.01036
20,42,0.320312,0.664062,0.998907,1.00317,0.502128,0,0.995678,1.01004,0.00402141,0,6.74361e-05,0.00215598,1.01005
21,42,0.335938,0.664062,0.999164,1.00277,0.502213,0,0.996043,1.0096,0.00381877,0,6.7347e-05,0.00178925,1.00961
22,42,0.351562,0.664062,0.999547,1.00218,0.502115,0,0.996607,1.00905,0.00341321,0,7.39957e-05,0.00100388,1.00905
23,42,0.367188,0.664062,1.00005,1.0014,0.501864,0,0.997364,1.00839,0.00284223,0,9.00062e-05,-0.000240429,1.0084
24,42,0.382812,0.664062,1.00066,1.00048,0.501512,0,0.998279,1.00765,0.00216525,0,0.000116818,-0.00192106,1.00766
25,42,0.398438,0.664062,1.00134,0.999461,0.501119,0,0.999299,1.00686,0.00145164,0,0.000154391,-0.00395517,1.00686
26,42,0.414062,0.664062,1.00204,0.998405,0.500747,0,1.00036,1.00603,0.000768657,0,0.000201216,-0.0062149,1.00603
27,42,0.429688,0.664062,1.00274,0.997372,0.500444,0,1.0014,1.00519,0.000171752,0,0.000254602,-0.00854958,1.00519
28,42,0.445312,0.664062,1.0034,0.99641,0.500241,0,1.00237,1.00437,-0.000301538,0,0.000311139,-0.0108092,1.00437
29,42,0.460938,0.664062,1.00399,0.995557,0.500152,0,1.00322,1.00358,-0.000633778,0,0.000367223,-0.0128638,1.00358
30,42,0.476562,0.664062,1.00449,0.99484,0.500173,0,1.00394,1.00284,-0.000826246,0,0.000419523,-0.0146157,1.00284
31,42,0.492188,0.664062,1.00491,0.994269,0.500287,0,1.0045,1.00216,-0.000894834,0,0.00046531,-0.0160039,1.00216
32,42,0.507812,0.664062,1.00524,0.993847,0.50047,0,1.00492,1.00155,-0.000864422,0,0.000502623,-0.0170018,1.00155
33,42,0.523438,0.664062,1.00547,0.993567,0.500693,0,1.0052,1.00101,-0.000763344,0,0.000530305,-0.0176116,1.00101
34,42,0.539062,0.664062,1.00562,0.993418,0.500932,0,1.00534,1.00055,-0.000618956,0,0.000547924,-0.0178571,1.00055
35,42,0.554688,0.664062,1.00569,0.993386,0.501165,0,1.00538,1.00016,-0.00045453,0,0.000555639,-0.0177756,1.00016
36,42,0.570312,0.664062,1.00567,0.993454,0.501378,0,1.00533,0.999832,-0.00028784,0,0.000554042,-0.0174112,0.999832
37,42,0.585938,0.664062,1.00559,0.993606,0.501561,0,1.00519,0.999572,-0.000131103,0,0.000544007,-0.0168101,0.999572
38,42,0.601562,0.664062,1.00542,0.993827,0.50171,0,1.005,0.999371,8.24958e-06,0,0.000526564,-0.0160176,0.999371
39,42,0.617188,0.664062,1.00518,0.994103,0.501824,0,1.00476,0.999224,0.000126533,0,0.000502807,-0.0150752,0.999224
40,42,0.632812,0.664062,1.00485,0.994421,0.501904,0,1.00448,0.999126,0.00022274,0,0.000473815,-0.0140199,0.999126
41,42,0.648438,0.664062,1.00443,0.99477,0.501953,0,1.00418,0.999071,0.00029766,0,0.000440609,-0.0128836,0.999071
42,42,0.664062,0.664062,1.00393,0.995141,0.501976,0,1.00386,0.999053,0.000353193,0,0.000404122,-0.0116934,0.999053
43,42,0.679688,0.664062,1.00335,0.995527,0.501975,0,1.00352,0.999069,0.000391878,0,0.000365182,-0.0104713,0.999069
44,42,0.695312,0.664062,1.00267,0.995922,0.501955,0,1.00318,0.999114,0.000416544,0,0.000324512,-0.00923519,0.999114
45,42,0.710938,0.664062,1.00193,0.996321,0.50192,0,1.00282,0.999185,0.000430085,0,0.00028273,-0.00799912,0.999185
46,42,0.726562,0.664062,1.00113,0.996723,0.501872,0,1.00245,0.999278,0.000435323,0,0.000240358,-0.00677404,0.999278
47,42,0.742188,0.664062,1.00029,0.997125,0.501816,0,1.00208,0.999391,0.000434919,0,0.000197833,-0.00556835,0.999391
48,42,0.757812,0.664062,0.999426,0.997527,0.501753,0,1.00169,0.999523,0.000431307,0,0.000155523,-0.00438849,0.999523
49,42,0.773438,0.664062,0.998575,0.997931,0.501685,0,1.00129,0.999671,0.000426672,0,0.000113743,-0.00323964,0.999671
50,42,0.789062,0.664062,0.997757,0.998338,0.501615,0,1.00087,0.999836,0.000422956,0,7.27684e-05,-0.00212594,0.999836
51,42,0.804688,0.664062,0.996997,0.998752,0.501543,0,1.00043,1.00002,0.000421859,0,3.28522e-05,-0.00105118,1.00002
52,42,0.820312,0.664062,0.996315,0.999175,0.50147,0,0.999962,1.00021,0.000424843,0,-5.7622e-06,-1.91452e-05,1.00021
53,42,0.835938,0.664062,0.995725,0.999612,0.501397,0,0.999461,1.00042,0.000433157,0,-4.28276e-05,0.000966114,1.00042
54,42,0.851562,0.664062,0.995235,1.00007,0.501325,0,0.998923,1.00065,0.000447857,0,-7.80831e-05,0.00189996,1.00065
55,42,0.867188,0.664062,0.994845,1.00054,0.501254,0,0.998344,1.00089,0.000469813,0,-0.000111245,0.00277695,1.00089
56,42,0.882812,0.664062,0.99455,1.00105,0.501183,0,0.997719,1.00115,0.000499722,0,-0.000142006,0.00359085,1.00115
57,42,0.898438,0.664062,0.994335,1.00158,0.501113,0,0.997046,1.00143,0.000538106,0,-0.000170027,0.00433452,1.00143
58,42,0.914062,0.664062,0.994184,1.00215,0.501044,0,0.996324,1.00172,0.000585294,0,-0.000194949,0.00500007,1.00172
59,42,0.929688,0.664062,0.994078,1.00275,0.500975,0,0.995553,1.00204,0.000641402,0,-0.000216395,0.00557908,1.00204
60,42,0.945312,0.664062,0.993996,1.00338,0.500905,0,0.994736,1.00238,0.000706292,0,-0.000233986,0.00606294,1.00238
61,42,0.960938,0.664062,0.993921,1.00403,0.500834,0,0.993882,1.00273,0.00077951,0,-0.000247354,0.00644334,1.00273
62,42,0.976562,0.664062,0.993841,1.00471,0.500761,0,0.993002,1.00311,0.000860225,0,-0.00025617,0.00671285,1.00311
63,42,0.992188,0.664062,0.993748,1.0054,0.500683,0,0.992114,1.00351,0.00094716,0,-0.000260165,0.00686564,1.00351
0,43,0.0078125,0.679688,0.993549,1.0056,0.500224,0,0.991458,1.00395,0.00071185,0,-0.000245145,0.00631627,1.00395
1,43,0.0234375,0.679688,0.993464,1.0062,0.500114,0,0.990636,1.00439,0.000783185,0,-0.000238565,0.00620048,1.00439
2,43,0.0390625,0.679688,0.993387,1.00673,0.499994,0,0.989897,1.00486,0.000853396,0,-0.000227211,0.00597416,1.00486
3,43,0.0546875,0.679688,0.993342,1.00717,0.499861,0,0.989283,1.00534,0.000919937,0,-0.000211349,0.00564587,1.00534
4,43,0.0703125,0.679688,0.993354,1.00748,0.499715,0,0.988839,1.00583,0.00098024,0,-0.000191421,0.00522872,1.00583
5,43,0.0859375,0.679688,0.99345,1.00764,0.499555,0,0.988606,1.00634,0.00103222,0,-0.000168036,0.00474025,1.00634
6,43,0.101562,0.679688,0.993654,1.00761,0.499383,0,0.988616,1.00685,0.00107504,0,-0.000141949,0.00420201,1.00685
7,43,0.117188,0.679688,0.993981,1.00738,0.499206,0,0.988885,1.00736,0.00111019,0,-0.000114033,0.00363872,1.00737
8,43,0.132812,0.679688,0.99443,1.00697,0.499033,0,0.989407,1.00787,0.0011427,0,-8.51844e-05,0.0030753,1.00787
9,43,0.148438,0.679688,0.994985,1.00639,0.49888,0,0.990145,1.00837,0.00118201,0,-5.62578e-05,0.00253512,1.00837
10,43,0.164062,0.679688,0.99561,1.00571,0.49877,0,0.991035,1.00885,0.0012426,0,-2.80136e-05,0.00203897,1.00885
11,43,0.179688,0.679688,0.996257,1.00499,0.498729,0,0.99199,1.0093,0.00134335,0,-1.10929e-06,0.00160508,1.0093
12,43,0.195312,0.679688,0.996871,1.00429,0.498784,0,0.992913,1.00971,0.00150555,0,2.38438e-05,0.00125116,1.00971
13,43,0.210938,0.679688,0.997401,1.0037,0.49896,0,0.993716,1.01007,0.00174875,0,4.62031e-05,0.000995614,1.01007
14,43,0.226562,0.679688,0.99781,1.00325,0.499274,0,0.994334,1.01037,0.00208414,0,6.52545e-05,0.000856179,1.01037
15,43,0.242188,0.679688,0.998084,1.00297,0.499721,0,0.99474,1.0106,0.00250653,0,8.02202e-05,0.000847298,1.0106
16,43,0.257812,0.679688,0.998237,1.00283,0.500275,0,0.994952,1.01074,0.0029884,0,9.04072e-05,0.000971143,1.01074
17,43,0.273438,0.679688,0.998302,1.00279,0.500884,0,0.995023,1.01077,0.00348121,0,9.56345e-05,0.00119743,1.01078
18,43,0.289062,0.679688,0.998331,1.00277,0.501483,0,0.995036,1.0107,0.00392101,0,9.65703e-05,0.00145817,1.01071
19,43,0.304688,0.679688,0.998382,1.0027,0.501997,0,0.995082,1.0105,0.00423773,0,9.46809e-05,0.00166228,1.01051
20,43,0.320312,0.679688,0.998507,1.00251,0.502364,0,0.995244,1.01018,0.00437277,0,9.23267e-05,0.0016927,1.01019
21,43,0.335938,0.679688,0.998744,1.00215,0.502544,0,0.995583,1.00973,0.00429272,0,9.25027e-05,0.00142869,1.00974
22,43,0.351562,0.679688,0.999114,1.0016,0.50253,0,0.996131,1.00915,0.00399642,0,9.83057e-05,0.000773277,1.00916
23,43,0.367188,0.679688,0.999613,1.00085,0.502346,0,0.996882,1.00848,0.00351405,0,0.000112336,-0.000324668,1.00848
24,43,0.382812,0.679688,1.00022,0.999959,0.50204,0,0.997804,1.00771,0.00289946,0,0.000136163,-0.00185691,1.00772
25,43,0.398438,0.679688,1.00091,0.99896,0.501669,0,0.998843,1.00689,0.00221888,0,0.000169999,-0.00375538,1.00689
26,43,0.414062,0.679688,1.00163,0.997916,0.501293,0,0.999934,1.00603,0.00153913,0,0.000212655,-0.00590413,1.00603
27,43,0.429688,0.679688,1.00236,0.996888,0.500963,0,1.00102,1.00515,0.000917764,0,0.000261761,-0.00815952,1.00515
28,43,0.445312,0.679688,1.00304,0.995926,0.500715,0,1.00203,1.00429,0.000396338,0,0.000314182,-0.0103731,1.00429
29,43,0.460938,0.679688,1.00367,0.995071,0.500567,0,1.00294,1.00347,-2.4901e-06,0,0.000366513,-0.0124117,1.00347
30,43,0.476562,0.679688,1.00421,0.994351,0.500518,0,1.00371,1.00269,-0.000274339,0,0.000415534,-0.014171,1.00269
31,43,0.492188,0.679688,1.00467,0.993778,0.500558,0,1.00433,1.00199,-0.000429643,0,0.000458553,-0.0155823,1.00199
32,43,0.507812,0.679688,1.00503,0.993357,0.500664,0,1.0048,1.00135,-0.000488447,0,0.000493594,-0.016611,1.00135
33,43,0.523438,0.679688,1.0053,0.993083,0.500813,0,1.00512,1.00079,-0.000475125,0,0.000519448,-0.017253,1.00079
34,43,0.539062,0.679688,1.00548,0.992944,0.500982,0,1.00531,1.00031,-0.000414017,0,0.000535626,-0.0175274,1.00031
35,43,0.554688,0.679688,1.00558,0.992926,0.501152,0,1.00538,0.999912,-0.000326277,0,0.00054223,-0.0174686,0.999912
36,43,0.570312,0.679688,1.00559,0.993013,0.501308,0,1.00535,0.999585,-0.000228344,0,0.000539807,-0.0171199,0.999585
37,43,0.585938,0.679688,1.00553,0.993188,0.501442,0,1.00525,0.999327,-0.000131753,0,0.0005292,-0.0165281,0.999327
38,43,0.601562,0.679688,1.00538,0.993434,0.50155,0,1.00507,0.999133,-4.37611e-05,0,0.000511424,-0.0157398,0.999133
39,43,0.617188,0.679688,1.00515,0.993737,0.501629,0,1.00485,0.998997,3.17313e-05,0,0.000487559,-0.0147986,0.998997
40,43,0.632812,0.679688,1.00483,0.994083,0.501682,0,1.00458,0.998912,9.32235e-05,0,0.00045868,-0.0137434,0.998912
41,43,0.648438,0.679688,1.00441,0.994459,0.501709,0,1.00429,0.998872,0.000140822,0,0.000425803,-0.0126083,0.998872
42,43,0.664062,0.679688,1.00391,0.994857,0.501716,0,1.00397,0.998871,0.000175626,0,0.000389852,-0.0114218,0.998871
43,43,0.679688,0.679688,1.00331,0.995268,0.501703,0,1.00364,0.998904,0.000199308,0,0.000351647,-0.0102074,0.998904
44,43,0.695312,0.679688,1.00262,0.995685,0.501676,0,1.0033,0.998966,0.000213813,0,0.000311895,-0.00898356,0.998966
45,43,0.710938,0.679688,1.00185,0.996105,0.501636,0,1.00295,0.999054,0.000221163,0,0.000271196,-0.007765,0.999054
46,43,0.726562,0.679688,1.00102,0.996523,0.501587,0,1.00259,0.999163,0.000223345,0,0.00023005,-0.00656275,0.999163
47,43,0.742188,0.679688,1.00014,0.996939,0.50153,0,1.00222,0.999292,0.000222235,0,0.000188872,-0.00538507,0.999292
48,43,0.757812,0.679688,0.999244,0.997352,0.501469,0,1.00184,0.999437,0.000219543,0,0.000148006,-0.00423803,0.999437
49,43,0.773438,0.679688,0.998357,0.997763,0.501403,0,1.00144,0.999598,0.000216794,0,0.000107743,-0.0031263,0.999598
50,43,0.789062,0.679688,0.997506,0.998175,0.501335,0,1.00103,0.999774,0.000215336,0,6.83358e-05,-0.00205353,0.999774
51,43,0.804688,0.679688,0.996717,0.998589,0.501265,0,1.00059,0.999963,0.000216339,0,3.00168e-05,-0.0010229,0.999963
52,43,0.820312,0.679688,0.996012,0.99901,0.501194,0,1.00013,1.00017,0.000220799,0,-6.98953e-06,-3.75867e-05,1.00017
53,43,0.835938,0.679688,0.995407,0.99944,0.501122,0,0.999631,1.00038,0.000229558,0,-4.24528e-05,0.000898912,1.00038
54,43,0.851562,0.679688,0.994911,0.999886,0.501049,0,0.999099,1.00062,0.000243318,0,-7.61267e-05,0.0017825,1.00062
55,43,0.867188,0.679688,0.994524,1.00035,0.500976,0,0.998525,1.00086,0.000262652,0,-0.000107741,0.00260827,1.00086
56,43,0.882812,0.679688,0.994239,1.00084,0.500902,0,0.997905,1.00113,0.000288015,0,-0.000136998,0.00337047,1.00113
57,43,0.898438,0.679688,0.994042,1.00135,0.500826,0,0.997238,1.00141,0.000319734,0,-0.000163571,0.00406247,1.00141
58,43,0.914062,0.679688,0.993914,1.00189,0.50075,0,0.99652,1.00171,0.000358007,0,-0.000187111,0.0046769,1.00171
59,43,0.929688,0.679688,0.993836,1.00246,0.500672,0,0.995753,1.00203,0.000402879,0,-0.000207252,0.00520591,1.00203
60,43,0.945312,0.679688,0.993784,1.00306,0.500591,0,0.99494,1.00237,0.000454206,0,-0.000223626,0.00564152,1.00237
61,43,0.960938,0.679688,0.993741,1.00369,0.500507,0,0.994089,1.00273,0.000511611,0,-0.000235882,0.00597611,1.00273
62,43,0.976562,0.679688,0.993691,1.00433,0.500419,0,0.993212,1.00312,0.000574427,0,-0.000243704,0.00620302,1.00312
63,43,0.992188,0.679688,0.993627,1.00497,0.500325,0,0.992327,1.00352,0.000641639,0,-0.000246845,0.00631729,1.00352
0,44,0.0078125,0.695312,0.993518,1.00512,0.499848,0,0.991758,1.00389,0.000377434,0,-0.000227452,0.00561057,1.00389
1,44,0.0234375,0.695312,0.993457,1.00566,0.499724,0,0.990945,1.00434,0.00042596,0,-0.000220489,0.00546589,1.00434
2,44,0.0390625,0.695312,0.993401,1.00614,0.49959,0,0.990215,1.0048,0.000473085,0,-0.000208989,0.00521811,1.0048
3,44,0.0546875,0.695312,0.993372,1.00652,0.499444,0,0.989609,1.00528,0.000517063,0,-0.000193239,0.00487659,1.00528
4,44,0.0703125,0.695312,0.993397,1.00678,0.499287,0,0.989171,1.00577,0.000556267,0,-0.000173688,0.004455,1.00577
5,44,0.0859375,0.695312,0.993502,1.00687,0.499118,0,0.988942,1.00627,0.00058967,0,-0.000150937,0.00397097,1.00627
6,44,0.101562,0.695312,0.993711,1.00679,0.498942,0,0.988952,1.00679,0.000617606,0,-0.000125719,0.00344559,1.00679
7,44,0.117188,0.695312,0.994038,1.00651,0.498764,0,0.989217,1.0073,0.000642816,0,-9.88533e-05,0.0029023,1.0073
8,44,0.132812,0.695312,0.994482,1.00604,0.498597,0,0.989728,1.00781,0.000671564,0,-7.11495e-05,0.00236363,1.00781
9,44,0.148438,0.695312,0.995026,1.00543,0.498456,0,0.990446,1.0083,0.000714559,0,-4.33554e-05,0.00185039,1.0083
10,44,0.164062,0.695312,0.995634,1.00471,0.498363,0,0.991308,1.00878,0.000787459,0,-1.61153e-05,0.00138064,1.00878
11,44,0.179688,0.695312,0.99626,1.00397,0.498347,0,0.992226,1.00923,0.000910347,0,1.0028e-05,0.000970169,1.00923
12,44,0.195312,0.695312,0.996847,1.00326,0.498434,0,0.993105,1.00964,0.00110578,0,3.45627e-05,0.000635043,1.00964
13,44,0.210938,0.695312,0.997347,1.00266,0.498651,0,0.993859,1.01,0.00139463,0,5.692e-05,0.000393009,1.01
14,44,0.226562,0.695312,0.997726,1.00222,0.499013,0,0.994428,1.0103,0.00178948,0,7.64285e-05,0.000262273,1.0103
15,44,0.242188,0.695312,0.997971,1.00195,0.499519,0,0.994786,1.01052,0.00228632,0,9.2318e-05,0.000258882,1.01052
16,44,0.257812,0.695312,0.998095,1.00182,0.500141,0,0.994952,1.01066,0.00285834,0,0.000103852,0.000388478,1.01066
17,44,0.273438,0.695312,0.998133,1.0018,0.500829,0,0.994981,1.01069,0.00345646,0,0.000110727,0.000627071,1.0107
18,44,0.289062,0.695312,0.998138,1.0018,0.501517,0,0.994956,1.01061,0.00401442,0,0.000113414,0.000914277,1.01062
19,44,0.304688,0.695312,0.998165,1.00177,0.502126,0,0.994965,1.01041,0.00445803,0,0.000113108,0.00116725,1.01042
20,44,0.320312,0.695312,0.998266,1.00161,0.502589,0,0.995093,1.01008,0.00472273,0,0.000111857,0.00127618,1.01009
21,44,0.335938,0.695312,0.998482,1.0013,0.502862,0,0.995401,1.00962,0.0047677,0,0.000112348,0.00112386,1.00963
22,44,0.351562,0.695312,0.998831,1.00079,0.502931,0,0.99592,1.00905,0.00458385,0,0.000117447,0.000611241,1.00906
23,44,0.367188,0.695312,0.999314,1.0001,0.502815,0,0.996648,1.00836,0.00419395,0,0.000129655,-0.000321142,1.00837
24,44,0.382812,0.695312,0.999911,0.999248,0.502554,0,0.997554,1.00759,0.00364602,0,0.000150598,-0.00167821,1.00759
25,44,0.398438,0.695312,1.00059,0.998293,0.502205,0,0.998584,1.00675,0.00300273,0,0.000180686,-0.00340702,1.00675
26,44,0.414062,0.695312,1.00131,0.99729,0.501827,0,0.999676,1.00587,0.00233004,0,0.000219025,-0.00540567,1.00588
27,44,0.429688,0.695312,1.00204,0.996296,0.501471,0,1.00077,1.00499,0.00168715,0,0.000263574,-0.00754076,1.00499
28,44,0.445312,0.695312,1.00274,0.995364,0.501178,0,1.0018,1.00411,0.00111932,0,0.000311513,-0.00966917,1.00411
29,44,0.460938,0.695312,1.00338,0.994534,0.500968,0,1.00273,1.00327,0.000654289,0,0.000359689,-0.011658,1.00327
30,44,0.476562,0.695312,1.00395,0.993836,0.500848,0,1.00353,1.00249,0.000302085,0,0.000405054,-0.0133993,1.00249
31,44,0.492188,0.695312,1.00442,0.993284,0.50081,0,1.00418,1.00177,5.78857e-05,0,0.000445011,-0.0148179,1.00177
32,44,0.507812,0.695312,1.00481,0.992884,0.500837,0,1.00468,1.00113,-9.32732e-05,0,0.000477608,-0.0158723,1.00113
33,44,0.523438,0.695312,1.0051,0.99263,0.500908,0,1.00504,1.00056,-0.000171496,0,0.000501614,-0.0165515,1.00056
34,44,0.539062,0.695312,1.00531,0.992514,0.501004,0,1.00526,1.00008,-0.000197791,0,0.000516487,-0.0168686,1.00008
35,44,0.554688,0.695312,1.00542,0.992521,0.501106,0,1.00535,0.999686,-0.000190902,0,0.00052227,-0.016854,0.999686
36,44,0.570312,0.695312,1.00545,0.992633,0.501202,0,1.00535,0.999365,-0.000165694,0,0.000519447,-0.0165482,0.999365
37,44,0.585938,0.695312,1.0054,0.992834,0.501285,0,1.00526,0.999116,-0.000132832,0,0.000508806,-0.0159967,0.999116
38,44,0.601562,0.695312,1.00527,0.993107,0.501348,0,1.00511,0.998933,-9.92845e-05,0,0.000491317,-0.0152459,0.998933
39,44,0.617188,0.695312,1.00504,0.993437,0.501391,0,1.00489,0.99881,-6.91015e-05,0,0.000468022,-0.0143397,0.99881
40,44,0.632812,0.695312,1.00472,0.993808,0.501414,0,1.00464,0.998739,-4.42604e-05,0,0.000439963,-0.013318,0.998739
41,44,0.648438,0.695312,1.00431,0.99421,0.50142,0,1.00436,0.998715,-2.53594e-05,0,0.000408127,-0.0122158,0.998715
42,44,0.664062,0.695312,1.0038,0.994631,0.501409,0,1.00406,0.99873,-1.21497e-05,0,0.000373413,-0.0110626,0.99873
43,44,0.679688,0.695312,1.00319,0.995062,0.501385,0,1.00373,0.998778,-3.88786e-06,0,0.000336614,-0.00988275,0.998778
44,44,0.695312,0.695312,1.00248,0.995498,0.50135,0,1.0034,0.998856,4.11089e-07,0,0.000298413,-0.00869549,0.998856
45,44,0.710938,0.695312,1.00169,0.995934,0.501307,0,1.00306,0.998958,1.8226e-06,0,0.000259385,-0.00751586,0.998958
46,44,0.726562,0.695312,1.00084,0.996365,0.501257,0,1.00271,0.99908,1.42094e-06,0,0.000220006,-0.00635515,0.99908
47,44,0.742188,0.695312,0.999935,0.996791,0.501202,0,1.00235,0.999221,2.28964e-07,0,0.000180668,-0.0052217,0.999221
48,44,0.757812,0.695312,0.999015,0.997211,0.501143,0,1.00198,0.999377,-8.28231e-07,0,0.000141693,-0.00412148,0.999377
49,44,0.773438,0.695312,0.998104,0.997626,0.501081,0,1.00159,0.999547,-9.40686e-07,0,0.00010335,-0.00305893,0.999547
50,44,0.789062,0.695312,0.997232,0.998038,0.501016,0,1.00118,0.99973,6.0129e-07,0,6.58736e-05,-0.00203748,0.99973
51,44,0.804688,0.695312,0.996427,0.99845,0.50095,0,1.00076,0.999925,4.40195e-06,0,2.94778e-05,-0.00105999,0.999925
52,44,0.820312,0.695312,0.995711,0.998865,0.500883,0,1.0003,1.00013,1.09586e-05,0,-5.62842e-06,-0.00012929,1.00013
53,44,0.835938,0.695312,0.995103,0.999286,0.500814,0,0.999818,1.00035,2.06832e-05,0,-3.9229e-05,0.000751471,1.00035
54,44,0.851562,0.695312,0.994611,0.999719,0.500743,0,0.999296,1.00059,3.39087e-05,0,-7.10906e-05,0.00157857,1.00059
55,44,0.867188,0.695312,0.994235,1.00017,0.50067,0,0.998733,1.00084,5.08981e-05,0,-0.000100955,0.00234746,1.00084
56,44,0.882812,0.695312,0.993968,1.00064,0.500595,0,0.998124,1.0011,7.18516e-05,0,-0.000128536,0.00305282,1.0011
57,44,0.898438,0.695312,0.993795,1.00113,0.500517,0,0.997467,1.00138,9.69051e-05,0,-0.000153518,0.00368844,1.00138
58,44,0.914062,0.695312,0.993697,1.00164,0.500436,0,0.99676,1.00168,0.000126123,0,-0.000175563,0.00424744,1.00168
59,44,0.929688,0.695312,0.99365,1.00218,0.500352,0,0.996004,1.002,0.000159482,0,-0.000194319,0.00472251,1.002
60,44,0.945312,0.695312,0.993631,1.00275,0.500263,0,0.995201,1.00233,0.000196848,0,-0.000209429,0.00510631,1.00233
61,44,0.960938,0.695312,0.993621,1.00334,0.500169,0,0.994361,1.00269,0.000237933,0,-0.000220559,0.00539191,1.00269
62,44,0.976562,0.695312,0.993604,1.00394,0.500069,0,0.993494,1.00307,0.000282253,0,-0.00022741,0.00557349,1.00307
63,44,0.992188,0.695312,0.99357,1.00454,0.499963,0,0.992618,1.00347,0.000329084,0,-0.000229754,0.00564693,1.00347
0,45,0.0078125,0.710938,0.993567,1.00463,0.499476,0,0.992149,1.00377,4.30983e-05,0,-0.000205895,0.00478999,1.00377
1,45,0.0234375,0.710938,0.993529,1.00512,0.499341,0,0.991353,1.0042,6.87402e-05,0,-0.000198644,0.00461522,1.0042
2,45,0.0390625,0.710938,0.993494,1.00555,0.499197,0,0.99064,1.00465,9.27378e-05,0,-0.000187133,0.0043453,1.00465
3,45,0.0546875,0.710938,0.993483,1.00587,0.499042,0,0.99005,1.00512,0.000114178,0,-0.000171664,0.00399052,1.00512
4,45,0.0703125,0.710938,0.993522,1.00606,0.498876,0,0.989627,1.00559,0.000132395,0,-0.000152699,0.00356519,1.00559
5,45,0.0859375,0.710938,0.993638,1.00609,0.498702,0,0.989411,1.00609,0.000147438,0,-0.000130836,0.00308721,1.00609
6,45,0.101562,0.710938,0.993855,1.00594,0.498524,0,0.989431,1.00658,0.00016082,0,-0.000106793,0.00257752,1.00658
7,45,0.117188,0.710938,0.994185,1.0056,0.498349,0,0.989701,1.00708,0.000176517,0,-8.13403e-05,0.00205841,1.00708
8,45,0.132812,0.710938,0.994628,1.00509,0.498188,0,0.99021,1.00757,0.000202018,0,-5.52124e-05,0.00155043,1.00757
9,45,0.148438,0.710938,0.995167,1.00442,0.49806,0,0.990921,1.00806,0.00024923,0,-2.90638e-05,0.00107221,1.00806
10,45,0.164062,0.710938,0.995765,1.00366,0.497986,0,0.991767,1.00852,0.000334969,0,-3.43245e-06,0.000639443,1.00852
11,45,0.179688,0.710938,0.996375,1.00288,0.497994,0,0.992663,1.00895,0.000480461,0,2.12478e-05,0.000265664,1.00895
12,45,0.195312,0.710938,0.996944,1.00215,0.498111,0,0.993514,1.00935,0.000709454,0,4.45705e-05,-3.49222e-05,1.00935
13,45,0.210938,0.710938,0.997425,1.00153,0.498366,0,0.994237,1.0097,0.00104411,0,6.60597e-05,-0.000245747,1.0097
14,45,0.226562,0.710938,0.997783,1.00107,0.498774,0,0.994773,1.00998,0.00149828,0,8.51192e-05,-0.000349088,1.00998
15,45,0.242188,0.710938,0.998009,1.00078,0.499334,0,0.9951,1.01019,0.00206909,0,0.000101031,-0.000328483,1.0102
16,45,0.257812,0.710938,0.998114,1.00066,0.50002,0,0.995237,1.01032,0.00273034,0,0.000113068,-0.000176113,1.01032
17,45,0.273438,0.710938,0.998134,1.00063,0.500782,0,0.995238,1.01034,0.00343243,0,0.000120863,8.88765e-05,1.01035
18,45,0.289062,0.710938,0.99812,1.00065,0.501552,0,0.995183,1.01026,0.00410683,0,0.000124734,0.000413086,1.01027
19,45,0.304688,0.710938,0.998127,1.00064,0.50225,0,0.995161,1.01005,0.00467547,0,0.000125637,0.000722176,1.01006
20,45,0.320312,0.710938,0.998206,1.00052,0.502804,0,0.995255,1.00972,0.00506809,0,0.000125308,0.000914706,1.00973
21,45,0.335938,0.710938,0.998397,1.00024,0.503165,0,0.995524,1.00927,0.00523678,0,0.000126105,0.000879256,1.00928
22,45,0.351562,0.710938,0.998719,0.999789,0.503313,0,0.996001,1.00869,0.00516481,0,0.000130611,0.000517479,1.00871
23,45,0.367188,0.710938,0.999173,0.999157,0.50326,0,0.996686,1.00802,0.00486773,0,0.000141159,-0.000235758,1.00803
24,45,0.382812,0.710938,0.999743,0.998376,0.503043,0,0.99755,1.00725,0.00438766,0,0.000159361,-0.00139678,1.00726
25,45,0.398438,0.710938,1.0004,0.997489,0.502715,0,0.998544,1.00643,0.00378358,0,0.000185769,-0.0029276,1.00643
26,45,0.414062,0.710938,1.0011,0.996552,0.502334,0,0.999606,1.00556,0.00312024,0,0.000219749,-0.00474169,1.00557
27,45,0.429688,0.710938,1.00181,0.99562,0.501952,0,1.00068,1.00469,0.00245813,0,0.000259593,-0.00671878,1.00469
28,45,0.445312,0.710938,1.0025,0.994745,0.501613,0,1.0017,1.00382,0.00184588,0,0.000302818,-0.00872452,1.00382
29,45,0.460938,0.710938,1.00314,0.993967,0.501342,0,1.00262,1.00299,0.00131601,0,0.00034657,-0.0106299,1.003
30,45,0.476562,0.710938,1.00371,0.993316,0.50115,0,1.00342,1.00222,0.000884094,0,0.000388028,-0.0123262,1.00222
31,45,0.492188,0.710938,1.00419,0.992806,0.501033,0,1.00408,1.00151,0.000550879,0,0.000424738,-0.0137342,1.00151
32,45,0.507812,0.710938,1.00458,0.992445,0.500978,0,1.00459,1.00088,0.000306565,0,0.000454811,-0.0148062,1.00088
33,45,0.523438,0.710938,1.00488,0.992228,0.50097,0,1.00496,1.00033,0.000135465,0,0.00047702,-0.0155242,1.00033
34,45,0.539062,0.710938,1.00509,0.992145,0.500991,0,1.00519,0.999865,2.00861e-05,0,0.000490783,-0.015895,0.999865
35,45,0.554688,0.710938,1.00522,0.992184,0.501024,0,1.00531,0.999481,-5.57221e-05,0,0.000496074,-0.0159432,0.999481
36,45,0.570312,0.710938,1.00526,0.992327,0.501058,0,1.00532,0.999175,-0.000105078,0,0.000493301,-0.0157051,0.999175
37,45,0.585938,0.710938,1.00521,0.992557,0.501087,0,1.00525,0.998942,-0.00013765,0,0.000483177,-0.015223,0.998942
38,45,0.601562,0.710938,1.00508,0.992857,0.501105,0,1.00511,0.998775,-0.000160017,0,0.000466599,-0.0145414,0.998775
39,45,0.617188,0.710938,1.00486,0.993212,0.501111,0,1.00491,0.998669,-0.000176321,0,0.000444544,-0.0137029,0.998669
40,45,0.632812,0.710938,1.00454,0.993607,0.501104,0,1.00467,0.998614,-0.00018899,0,0.000417997,-0.0127472,0.998614
41,45,0.648438,0.710938,1.00412,0.994029,0.501087,0,1.0044,0.998605,-0.000199326,0,0.000387894,-0.0117091,0.998605
42,45,0.664062,0.710938,1.00361,0.994469,0.50106,0,1.00411,0.998635,-0.00020795,0,0.00035509,-0.0106184,0.998635
43,45,0.679688,0.710938,1.00299,0.994917,0.501025,0,1.0038,0.998698,-0.000215082,0,0.000320339,-0.00949977,0.998698
44,45,0.695312,0.710938,1.00227,0.995367,0.500983,0,1.00348,0.998788,-0.000220737,0,0.00028429,-0.00837291,0.998788
45,45,0.710938,0.710938,1.00147,0.995813,0.500937,0,1.00315,0.998901,-0.000224834,0,0.000247488,-0.00725321,0.998901
46,45,0.726562,0.710938,1.0006,0.996253,0.500887,0,1.00282,0.999034,-0.000227251,0,0.000210384,-0.00615231,0.999034
47,45,0.742188,0.710938,0.999685,0.996685,0.500834,0,1.00247,0.999183,-0.000227863,0,0.000173347,-0.00507877,0.999183
48,45,0.757812,0.710938,0.998751,0.997108,0.500779,0,1.00211,0.999345,-0.000226568,0,0.000136679,-0.00403878,0.999345
49,45,0.773438,0.710938,0.99783,0.997523,0.500722,0,1.00174,0.99952,-0.0002233,0,0.000100632,-0.00303682,0.99952
50,45,0.789062,0.710938,0.996951,0.997932,0.500663,0,1.00135,0.999706,-0.000218016,0,6.54247e-05,-0.00207638,0.999706
51,45,0.804688,0.710938,0.996144,0.998338,0.500603,0,1.00093,0.999903,-0.000210703,0,3.12583e-05,-0.0011603,0.999903
52,45,0.820312,0.710938,0.995432,0.998744,0.500541,0,1.0005,1.00011,-0.000201376,0,-1.67065e-06,-0.000291351,1.00011
53,45,0.835938,0.710938,0.994833,0.999155,0.500476,0,1.00002,1.00033,-0.00019007,0,-3.31577e-05,0.000527451,1.00033
54,45,0.851562,0.710938,0.994356,0.999573,0.500409,0,0.999518,1.00056,-0.000176832,0,-6.29808e-05,0.00129255,1.00056
55,45,0.867188,0.710938,0.994001,1,0.500339,0,0.998971,1.0008,-0.000161716,0,-9.08927e-05,0.00199965,1.0008
56,45,0.882812,0.710938,0.99376,1.00045,0.500266,0,0.998378,1.00106,-0.00014478,0,-0.000116619,0.0026437,1.00106
57,45,0.898438,0.710938,0.993617,1.00092,0.500188,0,0.997738,1.00134,-0.000126085,0,-0.000139856,0.00321885,1.00134
58,45,0.914062,0.710938,0.993551,1.0014,0.500106,0,0.997047,1.00163,-0.000105698,0,-0.000160279,0.00371867,1.00163
59,45,0.929688,0.710938,0.993539,1.00191,0.500018,0,0.996308,1.00193,-8.37054e-05,0,-0.000177548,0.00413638,1.00193
60,45,0.945312,0.710938,0.993555,1.00244,0.499924,0,0.995523,1.00226,-6.02292e-05,0,-0.000191324,0.00446524,1.00226
61,45,0.960938,0.710938,0.99358,1.00299,0.499824,0,0.9947,1.00261,-3.54569e-05,0,-0.000201289,0.00469907,1.00261
62,45,0.976562,0.710938,0.993595,1.00355,0.499716,0,0.99385,1.00298,-9.67508e-06,0,-0.000207162,0.00483284,1.00298
63,45,0.992188,0.710938,0.993591,1.0041,0.4996,0,0.992992,1.00336,1.66983e-05,0,-0.000208736,0.00486337,1.00336
0,46,0.0078125,0.726562,0.993704,1.00417,0.49911,0,0.992632,1.00359,-0.000282667,0,-0.000180695,0.00387757,1.00359
1,46,0.0234375,0.726562,0.99369,1.00461,0.498969,0,0.991861,1.00399,-0.000279294,0,-0.000173238,0.00367249,1.00399
2,46,0.0390625,0.726562,0.993676,1.00497,0.498818,0,0.991173,1.00441,-0.00027777,0,-0.00016183,0.00338064,1.00441
3,46,0.0546875,0.726562,0.993683,1.00523,0.498657,0,0.990608,1.00485,-0.000278168,0,-0.000146796,0.00301333,1.00485
4,46,0.0703125,0.726562,0.993738,1.00536,0.498487,0,0.99021,1.00531,-0.000280183,0,-0.000128609,0.00258566,1.00531
5,46,0.0859375,0.726562,0.993868,1.00533,0.498312,0,0.990015,1.00577,-0.000282684,0,-0.000107876,0.00211601,1.00577
6,46,0.101562,0.726562,0.994095,1.00512,0.498135,0,0.990055,1.00624,-0.000282989,0,-8.53018e-05,0.0016254,1.00624
7,46,0.117188,0.726562,0.994433,1.00471,0.497964,0,0.990341,1.00671,-0.000275913,0,-6.16182e-05,0.00113511,1.00671
8,46,0.132812,0.726562,0.994879,1.00413,0.497813,0,0.990861,1.00718,-0.000252791,0,-3.74994e-05,0.000664237,1.00718
9,46,0.148438,0.726562,0.995417,1.00341,0.497699,0,0.991576,1.00763,-0.000200578,0,-1.3518e-05,0.000229525,1.00763
10,46,0.164062,0.726562,0.996011,1.0026,0.497644,0,0.992421,1.00806,-0.00010137,0,9.88319e-06,-0.000155446,1.00806
11,46,0.179688,0.726562,0.996615,1.00177,0.497676,0,0.993309,1.00847,6.71167e-05,0,3.23758e-05,-0.000479321,1.00847
12,46,0.195312,0.726562,0.997175,1.001,0.497824,0,0.99415,1.00884,0.000329719,0,5.36667e-05,-0.000730061,1.00884
13,46,0.210938,0.726562,0.997645,1.00034,0.498114,0,0.994859,1.00916,0.000709756,0,7.3395e-05,-0.000892956,1.00916
14,46,0.226562,0.726562,0.997993,0.999851,0.498564,0,0.995381,1.00942,0.00122222,0,9.10756e-05,-0.000951773,1.00942
15,46,0.242188,0.726562,0.998209,0.999538,0.499174,0,0.995694,1.00961,0.0018652,0,0.000106089,-0.00089088,1.00961
16,46,0.257812,0.726562,0.998304,0.999387,0.499919,0,0.995816,1.00971,0.00261299,0,0.00011777,-0.000701651,1.00972
17,46,0.273438,0.726562,0.998315,0.999352,0.500748,0,0.995801,1.00973,0.00341539,0,0.000125745,-0.000399716,1.00973
18,46,0.289062,0.726562,0.998288,0.999368,0.501594,0,0.995726,1.00963,0.00420172,0,0.000130224,-3.19782e-05,1.00964
19,46,0.304688,0.726562,0.998278,0.999362,0.502373,0,0.995677,1.00942,0.00489021,0,0.00013195,0.000335812,1.00943
20,46,0.320312,0.726562,0.998334,0.999269,0.50301,0,0.995734,1.00909,0.00540528,0,0.000132355,0.000611679,1.00911
21,46,0.335938,0.726562,0.998496,0.999038,0.503451,0,0.995957,1.00865,0.00569247,0,0.000133448,0.000692055,1.00866
22,46,0.351562,0.726562,0.998783,0.998643,0.503671,0,0.996379,1.00809,0.00572788,0,0.000137486,0.000482007,1.00811
23,46,0.367188,0.726562,0.999199,0.998084,0.503675,0,0.997002,1.00744,0.00552023,0,0.000146576,-8.65164e-05,1.00745
24,46,0.382812,0.726562,0.999727,0.997385,0.503497,0,0.9978,1.0067,0.00510601,0,0.000162249,-0.00103912,1.00672
25,46,0.398438,0.726562,1.00034,0.996586,0.503187,0,0.998729,1.00591,0.00454052,0,0.00018514,-0.0023519,1.00592
26,46,0.414062,0.726562,1.001,0.995738,0.5028,0,0.99973,1.00508,0.00388713,0,0.000214842,-0.00395447,1.00509
27,46,0.429688,0.726562,1.00168,0.994893,0.502392,0,1.00075,1.00424,0.00320734,0,0.000249967,-0.00574178,1.00425
28,46,0.445312,0.726562,1.00234,0.9941,0.502007,0,1.00172,1.00342,0.00255278,0,0.000288387,-0.0075914,1.00342
29,46,0.460938,0.726562,1.00296,0.993399,0.501675,0,1.00261,1.00263,0.00196041,0,0.000327581,-0.00938149,1.00263
30,46,0.476562,0.726562,1.0035,0.992816,0.50141,0,1.00339,1.00189,0.00145105,0,0.000364996,-0.0110058,1.00189
31,46,0.492188,0.726562,1.00397,0.992368,0.501215,0,1.00403,1.00121,0.00103083,0,0.000398366,-0.0123832,1.00121
32,46,0.507812,0.726562,1.00435,0.992061,0.50108,0,1.00453,1.00062,0.000695009,0,0.000425904,-0.0134613,1.00062
33,46,0.523438,0.726562,1.00465,0.991893,0.500993,0,1.00489,1.0001,0.000432307,0,0.000446409,-0.0142157,1.0001
34,46,0.539062,0.726562,1.00485,0.991854,0.500938,0,1.00513,0.999659,0.000228778,0,0.000459268,-0.0146462,0.999659
35,46,0.554688,0.726562,1.00498,0.991931,0.500902,0,1.00525,0.999301,7.09399e-05,0,0.000464389,-0.0147709,0.999301
36,46,0.570312,0.726562,1.00501,0.992107,0.500875,0,1.00527,0.99902,-5.25043e-05,0,0.000462091,-0.0146202,0.99902
37,46,0.585938,0.726562,1.00497,0.992367,0.500849,0,1.00521,0.99881,-0.000150147,0,0.000452993,-0.014232,0.99881
38,46,0.601562,0.726562,1.00483,0.992693,0.500822,0,1.00508,0.998665,-0.000228115,0,0.000437896,-0.0136468,0.998665
39,46,0.617188,0.726562,1.00461,0.99307,0.500791,0,1.00489,0.998578,-0.000290592,0,0.000417691,-0.0129051,0.998578
40,46,0.632812,0.726562,1.00429,0.993485,0.500755,0,1.00467,0.998541,-0.000340421,0,0.00039328,-0.0120444,0.998541
41,46,0.648438,0.726562,1.00387,0.993924,0.500716,0,1.00442,0.998548,-0.000379589,0,0.00036553,-0.0110986,0.998548
42,46,0.664062,0.726562,1.00334,0.994377,0.500673,0,1.00414,0.998592,-0.000409578,0,0.000335236,-0.0100969,0.998592
43,46,0.679688,0.726562,1.00272,0.994836,0.500627,0,1.00385,0.998667,-0.000431571,0,0.000303103,-0.00906386,0.998667
44,46,0.695312,0.726562,1.002,0.995294,0.50058,0,1.00355,0.998767,-0.00044659,0,0.000269737,-0.00801923,0.998767
45,46,0.710938,0.726562,1.00119,0.995746,0.500531,0,1.00323,0.998889,-0.000455552,0,0.000235649,-0.00697869,0.998889
46,46,0.726562,0.726562,1.00032,0.996189,0.500482,0,1.00291,0.999028,-0.000459306,0,0.000201265,-0.00595421,0.999028
47,46,0.742188,0.726562,0.999403,0.996622,0.500433,0,1.00258,0.999181,-0.000458631,0,0.00016693,-0.00495477,0.999181
48,46,0.757812,0.726562,0.998471,0.997044,0.500383,0,1.00224,0.999347,-0.000454258,0,0.000132932,-0.00398697,0.999347
49,46,0.773438,0.726562,0.997555,0.997455,0.500332,0,1.00189,0.999522,-0.000446875,0,9.95079e-05,-0.00305563,0.999522
50,46,0.789062,0.726562,0.996684,0.997859,0.50028,0,1.00152,0.999708,-0.000437115,0,6.6866e-05,-0.00216456,0.999708
51,46,0.804688,0.726562,0.99589,0.998256,0.500227,0,1.00112,0.999902,-0.000425555,0,3.5198e-05,-0.00131688,0.999902
52,46,0.820312,0.726562,0.995195,0.998652,0.500172,0,1.0007,1.00011,-0.000412734,0,4.69146e-06,-0.000515534,1.00011
53,46,0.835938,0.726562,0.994618,0.999048,0.500114,0,1.00025,1.00032,-0.000399134,0,-2.44579e-05,0.000236365,1.00032
54,46,0.851562,0.726562,0.994167,0.99945,0.500053,0,0.999765,1.00054,-0.000385183,0,-5.20374e-05,0.000935251,1.00054
55,46,0.867188,0.726562,0.993841,0.999862,0.499988,0,0.999239,1.00078,-0.000371257,0,-7.78105e-05,0.00157691,1.00078
56,46,0.882812,0.726562,0.993633,1.00029,0.499918,0,0.998668,1.00102,-0.000357673,0,-0.000101514,0.00215645,1.00102
57,46,0.898438,0.726562,0.993525,1.00073,0.499843,0,0.998049,1.00128,-0.000344688,0,-0.000122859,0.00266834,1.00128
58,46,0.914062,0.726562,0.993496,1.00119,0.499762,0,0.997382,1.00156,-0.000332502,0,-0.000141533,0.00310652,1.00156
59,46,0.929688,0.726562,0.993519,1.00166,0.499674,0,0.996666,1.00185,-0.000321263,0,-0.000157215,0.0034647,1.00185
60,46,0.945312,0.726562,0.993571,1.00216,0.499578,0,0.995905,1.00216,-0.000311079,0,-0.000169581,0.00373676,1.00216
61,46,0.960938,0.726562,0.993629,1.00267,0.499475,0,0.995106,1.00249,-0.000302033,0,-0.000178332,0.00391723,1.00249
62,46,0.976562,0.726562,0.993676,1.00318,0.499362,0,0.994281,1.00283,-0.000294209,0,-0.000183211,0.00400193,1.00283
63,46,0.992188,0.726562,0.993701,1.00369,0.499241,0,0.993449,1.0032,-0.000287711,0,-0.000184029,0.00398859,1.0032
0,47,0.0078125,0.742188,0.993934,1.00374,0.498753,0,0.993199,1.00334,-0.000591246,0,-0.000152505,0.00290916,1.00334
1,47,0.0234375,0.742188,0.993943,1.00413,0.498609,0,0.992462,1.00371,-0.0006088,0,-0.000144922,0.00267534,1.00371
2,47,0.0390625,0.742188,0.99395,1.00444,0.498455,0,0.991808,1.0041,-0.000628376,0,-0.000133731,0.00236346,1.0041
3,47,0.0546875,0.742188,0.993976,1.00464,0.498292,0,0.991277,1.0045,-0.000649206,0,-0.000119277,0.00198589,1.0045
4,47,0.0703125,0.742188,0.994048,1.00471,0.498122,0,0.990911,1.00492,-0.000670022,0,-0.000102053,0.00155863,1.00492
5,47,0.0859375,0.742188,0.994193,1.00461,0.497948,0,0.990749,1.00534,-0.000688628,0,-8.26757e-05,0.00110071,1.00534
6,47,0.101562,0.742188,0.994433,1.00434,0.497776,0,0.990818,1.00577,-0.000701193,0,-6.18478e-05,0.000633404,1.00577
7,47,0.117188,0.742188,0.994781,1.00387,0.497614,0,0.99113,1.0062,-0.000701375,0,-4.02707e-05,0.00017718,1.0062
8,47,0.132812,0.742188,0.995236,1.00323,0.497475,0,0.991672,1.00662,-0.000679395,0,-1.85725e-05,-0.000249869,1.00662
9,47,0.148438,0.742188,0.995779,1.00245,0.497377,0,0.992404,1.00703,-0.000621152,0,2.74357e-06,-0.000632671,1.00703
10,47,0.164062,0.742188,0.996375,1.00158,0.497343,0,0.993261,1.00742,-0.000507753,0,2.33209e-05,-0.000959553,1.00742
11,47,0.179688,0.742188,0.996979,1.00069,0.4974,0,0.994157,1.00778,-0.000315974,0,4.29337e-05,-0.00122138,1.00778
12,47,0.195312,0.742188,0.997538,0.999865,0.497577,0,0.995002,1.00811,-2.0043e-05,0,6.1412e-05,-0.00140878,1.00811
13,47,0.210938,0.742188,0.998007,0.99916,0.497901,0,0.995715,1.00839,0.00040433,0,7.8535e-05,-0.00150974,1.00839
14,47,0.226562,0.742188,0.998354,0.998621,0.498391,0,0.996239,1.00862,0.000973071,0,9.39655e-05,-0.00151057,1.00862
15,47,0.242188,0.742188,0.998569,0.998265,0.499047,0,0.996553,1.00878,0.00168502,0,0.000107229,-0.00139767,1.00878
16,47,0.257812,0.742188,0.998664,0.998076,0.499844,0,0.996675,1.00886,0.00251478,0,0.000117774,-0.00116286,1.00886
17,47,0.273438,0.742188,0.998671,0.998012,0.500735,0,0.996655,1.00885,0.00341145,0,0.000125269,-0.000819404,1.00885
18,47,0.289062,0.742188,0.998637,0.998012,0.501647,0,0.996568,1.00874,0.00430228,0,0.000129857,-0.000408143,1.00875
19,47,0.304688,0.742188,0.998612,0.998007,0.502497,0,0.996496,1.00853,0.00510209,0,0.000132093,1.39537e-05,1.00854
20,47,0.320312,0.742188,0.998646,0.997934,0.503207,0,0.996514,1.00821,0.00573048,0,0.00013311,0.00036539,1.00823
21,47,0.335938,0.742188,0.998775,0.997745,0.503718,0,0.996684,1.00778,0.00612704,0,0.000134551,0.000552345,1.0078
22,47,0.351562,0.742188,0.99902,0.997412,0.504,0,0.997038,1.00726,0.00626143,0,0.000138311,0.000485915,1.00728
23,47,0.367188,0.742188,0.999386,0.996934,0.504054,0,0.99758,1.00664,0.00613617,0,0.000146215,9.79322e-05,1.00666
24,47,0.382812,0.742188,0.999859,0.99633,0.503908,0,0.99829,1.00596,0.00578261,0,0.000159659,-0.000644148,1.00597
25,47,0.398438,0.742188,1.00041,0.995634,0.503609,0,0.999126,1.00522,0.00525257,0,0.000179306,-0.00172914,1.00523
26,47,0.414062,0.742188,1.00102,0.994894,0.503215,0,1.00004,1.00445,0.00460806,0,0.000204937,-0.00310281,1.00446
27,47,0.429688,0.742188,1.00165,0.994156,0.502778,0,1.00097,1.00367,0.00391132,0,0.000235466,-0.00467672,1.00368
28,47,0.445312,0.742188,1.00226,0.993466,0.502347,0,1.00187,1.00291,0.00321664,0,0.000269124,-0.00634281,1.00291
29,47,0.460938,0.742188,1.00283,0.99286,0.501954,0,1.0027,1.00218,0.00256499,0,0.000303744,-0.0079895,1.00218
30,47,0.476562,0.742188,1.00333,0.992363,0.501619,0,1.00342,1.0015,0.00198201,0,0.00033708,-0.00951582,1.0015
31,47,0.492188,0.742188,1.00377,0.991993,0.501347,0,1.00402,1.00088,0.00147887,0,0.000367088,-0.0108414,1.00088
32,47,0.507812,0.742188,1.00413,0.991754,0.501134,0,1.00449,1.00034,0.00105562,0,0.000392115,-0.0119108,1.00034
33,47,0.523438,0.742188,1.0044,0.991644,0.500969,0,1.00483,0.999865,0.000705197,0,0.000411012,-0.0126942,0.999865
34,47,0.539062,0.742188,1.00459,0.991655,0.500841,0,1.00506,0.99947,0.00041709,0,0.000423149,-0.0131844,0.99947
35,47,0.554688,0.742188,1.0047,0.991773,0.500738,0,1.00517,0.999152,0.000180432,0,0.000428365,-0.0133923,0.999152
36,47,0.570312,0.742188,1.00473,0.991985,0.500651,0,1.0052,0.998905,-1.42594e-05,0,0.000426889,-0.0133419,0.998905
37,47,0.585938,0.742188,1.00467,0.992273,0.500574,0,1.00514,0.998725,-0.00017449,0,0.000419231,-0.0130649,0.998725
38,47,0.601562,0.742188,1.00453,0.992623,0.500503,0,1.00502,0.998606,-0.000305905,0,0.000406079,-0.012597,0.998606
39,47,0.617188,0.742188,1.0043,0.993019,0.500436,0,1.00485,0.998541,-0.000412692,0,0.000388216,-0.0119744,0.998541
40,47,0.632812,0.742188,1.00397,0.993447,0.500372,0,1.00464,0.998523,-0.000498073,0,0.000366447,-0.011232,0.998523
41,47,0.648438,0.742188,1.00355,0.993897,0.500311,0,1.00441,0.998546,-0.000564678,0,0.000341553,-0.0104015,0.998546
42,47,0.664062,0.742188,1.00302,0.994357,0.500253,0,1.00415,0.998602,-0.000614817,0,0.000314256,-0.00951081,0.998603
43,47,0.679688,0.742188,1.0024,0.994821,0.500198,0,1.00388,0.998687,-0.000650602,0,0.000285199,-0.00858361,0.998688
44,47,0.695312,0.742188,1.00168,0.995281,0.500146,0,1.0036,0.998795,-0.000674031,0,0.000254943,-0.00763949,0.998796
45,47,0.710938,0.742188,1.00088,0.995733,0.500097,0,1.0033,0.998922,-0.000686997,0,0.000223962,-0.00669418,0.998922
46,47,0.726562,0.742188,1.00002,0.996175,0.50005,0,1.003,0.999064,-0.000691289,0,0.000192652,-0.00575999,0.999064
47,47,0.742188,0.742188,0.999111,0.996604,0.500004,0,1.0027,0.999218,-0.000688574,0,0.00016134,-0.00484639,0.999219
48,47,0.757812,0.742188,0.998195,0.99702,0.49996,0,1.00238,0.999383,-0.000680397,0,0.000130299,-0.00396054,0.999383
49,47,0.773438,0.742188,0.997298,0.997425,0.499917,0,1.00204,0.999555,-0.000668183,0,9.97572e-05,-0.00310784,0.999556
50,47,0.789062,0.742188,0.996452,0.997819,0.499873,0,1.00169,0.999736,-0.000653224,0,6.99156e-05,-0.00229262,0.999736
51,47,0.804688,0.742188,0.995685,0.998206,0.499828,0,1.00132,0.999923,-0.000636681,0,4.09598e-05,-0.00151851,0.999923
52,47,0.820312,0.742188,0.995021,0.998589,0.499781,0,1.00092,1.00012,-0.000619601,0,1.30718e-05,-0.000788857,1.00012
53,47,0.835938,0.742188,0.994478,0.998971,0.499732,0,1.0005,1.00032,-0.000602906,0,-1.35595e-05,-0.000107056,1.00032
54,47,0.851562,0.742188,0.994063,0.999356,0.499678,0,1.00004,1.00053,-0.000587402,0,-3.87296e-05,0.00052315,1.00053
55,47,0.867188,0.742188,0.993775,0.999747,0.49962,0,0.999534,1.00075,-0.00057378,0,-6.22121e-05,0.0010975,1.00075
56,47,0.882812,0.742188,0.993605,1.00015,0.499556,0,0.99899,1.00098,-0.00056261,0,-8.37564e-05,0.00161119,1.00098
57,47,0.898438,0.742188,0.993535,1.00056,0.499486,0,0.998399,1.00122,-0.000554347,0,-0.000103087,0.0020589,1.00122
58,47,0.914062,0.742188,0.993543,1.001,0.499408,0,0.99776,1.00148,-0.000549323,0,-0.000119911,0.0024349,1.00148
59,47,0.929688,0.742188,0.993603,1.00144,0.499322,0,0.997073,1.00175,-0.000547749,0,-0.000133922,0.00273337,1.00175
60,47,0.945312,0.742188,0.993688,1.0019,0.499228,0,0.996343,1.00203,-0.00054972,0,-0.000144819,0.00294877,1.00203
61,47,0.960938,0.742188,0.993778,1.00237,0.499124,0,0.995575,1.00233,-0.000555217,0,-0.000152323,0.00307633,1.00233
62,47,0.976562,0.742188,0.993854,1.00285,0.49901,0,0.994783,1.00265,-0.000564126,0,-0.000156199,0.00311269,1.00265
63,47,0.992188,0.742188,0.993907,1.00331,0.498887,0,0.993983,1.00299,-0.000576237,0,-0.000156282,0.00305651,1.00299
0,48,0.0078125,0.757812,0.994256,1.00337,0.498407,0,0.993839,1.00305,-0.000874509,0,-0.000122367,0.0019299,1.00305
1,48,0.0234375,0.757812,0.994286,1.00371,0.498263,0,0.993143,1.00338,-0.000910956,0,-0.000114755,0.00167134,1.00338
2,48,0.0390625,0.757812,0.994311,1.00397,0.49811,0,0.99253,1.00372,-0.000949563,0,-0.000103901,0.00134358,1.00372
3,48,0.0546875,0.757812,0.994356,1.00412,0.497949,0,0.99204,1.00407,-0.000988741,0,-9.01762e-05,0.000960038,1.00407
4,48,0.0703125,0.757812,0.994445,1.00413,0.497783,0,0.991716,1.00444,-0.00102628,0,-7.40933e-05,0.000537672,1.00444
5,48,0.0859375,0.757812,0.994606,1.00398,0.497614,0,0.991593,1.00481,-0.00105895,0,-5.62844e-05,9.6296e-05,1.00481
6,48,0.101562,0.757812,0.994862,1.00364,0.497451,0,0.9917,1.00518,-0.00108182,0,-3.74545e-05,-0.00034253,1.00518
7,48,0.117188,0.757812,0.995223,1.00311,0.4973,0,0.992047,1.00556,-0.00108745,0,-1.82863e-05,-0.000758843,1.00556
8,48,0.132812,0.757812,0.995689,1.00241,0.497177,0,0.992621,1.00593,-0.00106502,0,6.26274e-07,-0.00113528,1.00593
9,48,0.148438,0.757812,0.996242,1.00156,0.497098,0,0.993381,1.00628,-0.000999491,0,1.88373e-05,-0.00145831,1.00628
10,48,0.164062,0.757812,0.996847,1.00063,0.497086,0,0.994262,1.00662,-0.0008711,0,3.60689e-05,-0.0017181,1.00662
11,48,0.179688,0.757812,0.997458,0.999688,0.497169,0,0.99518,1.00693,-0.000655843,0,5.21966e-05,-0.00190792,1.00693
12,48,0.195312,0.757812,0.998024,0.9988,0.497375,0,0.996043,1.0072,-0.000327206,0,6.71848e-05,-0.00202158,1.0072
13,48,0.210938,0.757812,0.9985,0.998035,0.497733,0,0.996774,1.00744,0.000139829,0,8.09789e-05,-0.00205074,1.00744
14,48,0.226562,0.757812,0.998854,0.997438,0.49826,0,0.997314,1.00762,0.000761853,0,9.3426e-05,-0.00198531,1.00762
15,48,0.242188,0.757812,0.999077,0.997025,0.498958,0,0.997644,1.00774,0.00153818,0,0.00010424,-0.00181491,1.00774
16,48,0.257812,0.757812,0.999177,0.996786,0.499803,0,0.997778,1.00778,0.00244348,0,0.000113029,-0.00153292,1.00779
17,48,0.273438,0.757812,0.999187,0.996681,0.500746,0,0.997763,1.00775,0.00342607,0,0.00011955,-0.00115114,1.00776
18,48,0.289062,0.757812,0.999149,0.996654,0.501716,0,0.99767,1.00763,0.0044112,0,0.000123907,-0.000704547,1.00764
19,48,0.304688,0.757812,0.999112,0.996641,0.502626,0,0.997576,1.00742,0.00531064,0,0.000126484,-0.000241011,1.00743
20,48,0.320312,0.757812,0.999122,0.996582,0.503398,0,0.997555,1.00711,0.00603974,0,0.000128118,0.000169477,1.00713
21,48,0.335938,0.757812,0.999214,0.996432,0.503966,0,0.997664,1.00671,0.00653293,0,0.000130069,0.000444636,1.00673
22,48,0.351562,0.757812,0.999411,0.996164,0.504298,0,0.997938,1.00623,0.00675434,0,0.000133839,0.000503941,1.00625
23,48,0.367188,0.757812,0.999717,0.995771,0.50439,0,0.998383,1.00567,0.0067011,0,0.000140929,0.000281785,1.00569
24,48,0.382812,0.757812,1.00012,0.995269,0.504267,0,0.998985,1.00505,0.00640009,0,0.000152546,-0.000258758,1.00507
25,48,0.398438,0.757812,1.00061,0.994689,0.503975,0,0.999707,1.00438,0.00590007,0,0.000169333,-0.00111745,1.0044
26,48,0.414062,0.757812,1.00114,0.99407,0.503567,0,1.0005,1.00369,0.00526179,0,0.000191219,-0.00225556,1.0037
27,48,0.429688,0.757812,1.00169,0.993454,0.5031,0,1.00132,1.003,0.00454808,0,0.000217396,-0.00360197,1.00301
28,48,0.445312,0.757812,1.00224,0.992881,0.502622,0,1.00212,1.00232,0.0038155,0,0.000246451,-0.00506473,1.00233
29,48,0.460938,0.757812,1.00275,0.992384,0.50217,0,1.00286,1.00167,0.00310859,0,0.000276586,-0.00654497,1.00168
30,48,0.476562,0.757812,1.0032,0.991987,0.501767,0,1.00351,1.00107,0.00245724,0,0.000305882,-0.00794977,1.00108
31,48,0.492188,0.757812,1.00359,0.991705,0.501422,0,1.00405,1.00053,0.00187719,0,0.000332548,-0.00920195,1.00053
32,48,0.507812,0.757812,1.00391,0.991542,0.501133,0,1.00447,1.00006,0.00137285,0,0.000355096,-0.0102451,1.00006
33,48,0.523438,0.757812,1.00415,0.991496,0.500895,0,1.00478,0.999647,0.000941011,0,0.00037245,-0.0110449,0.999647
34,48,0.539062,0.757812,1.00432,0.99156,0.500697,0,1.00498,0.999309,0.00057438,0,0.000383978,-0.0115882,0.999309
35,48,0.554688,0.757812,1.0044,0.991721,0.500531,0,1.00509,0.999039,0.000264533,0,0.000389462,-0.0118786,0.999039
36,48,0.570312,0.757812,1.00441,0.991966,0.500387,0,1.0051,0.998835,3.69275e-06,0,0.000389034,-0.0119328,0.998835
37,48,0.585938,0.757812,1.00434,0.992281,0.500261,0,1.00505,0.998691,-0.000214607,0,0.00038309,-0.0117758,0.998691
38,48,0.601562,0.757812,1.00419,0.992649,0.500149,0,1.00494,0.998602,-0.000395536,0,0.000372195,-0.0114371,0.998602
39,48,0.617188,0.757812,1.00395,0.993058,0.500049,0,1.00478,0.998561,-0.000543269,0,0.000357011,-0.0109483,0.998561
40,48,0.632812,0.757812,1.00361,0.993495,0.49996,0,1.00459,0.998563,-0.000661365,0,0.000338233,-0.0103399,0.998563
41,48,0.648438,0.757812,1.00319,0.993949,0.49988,0,1.00438,0.998601,-0.000753048,0,0.000316543,-0.00964075,0.998601
42,48,0.664062,0.757812,1.00266,0.994411,0.499809,0,1.00414,0.998668,-0.00082139,0,0.000292579,-0.0088767,0.998669
43,48,0.679688,0.757812,1.00204,0.994872,0.499746,0,1.00389,0.998761,-0.000869374,0,0.00026692,-0.00807014,0.998761
44,48,0.695312,0.757812,1.00134,0.995329,0.49969,0,1.00363,0.998874,-0.000899908,0,0.000240071,-0.00723999,0.998874
45,48,0.710938,0.757812,1.00055,0.995775,0.49964,0,1.00336,0.999003,-0.000915799,0,0.000212466,-0.00640181,0.999003
46,48,0.726562,0.757812,0.999707,0.99621,0.499596,0,1.00309,0.999144,-0.000919724,0,0.000184475,-0.00556815,0.999144
47,48,0.742188,0.757812,0.998828,0.99663,0.499556,0,1.0028,0.999295,-0.00091418,0,0.000156406,-0.00474895,0.999296
48,48,0.757812,0.757812,0.997943,0.997037,0.499519,0,1.00251,0.999455,-0.000901484,0,0.00012852,-0.003952,0.999455
49,48,0.773438,0.757812,0.997081,0.997431,0.499484,0,1.0022,0.999621,-0.000883756,0,0.000101037,-0.00318341,0.999621
50,48,0.789062,0.757812,0.996274,0.997814,0.499449,0,1.00187,0.999792,-0.000862911,0,7.41556e-05,-0.00244821,0.999792
51,48,0.804688,0.757812,0.995549,0.998188,0.499413,0,1.00153,0.999969,-0.000840665,0,4.80568e-05,-0.00175068,0.999969
52,48,0.820312,0.757812,0.994929,0.998557,0.499376,0,1.00116,1.00015,-0.000818548,0,2.29195e-05,-0.0010947,1.00015
53,48,0.835938,0.757812,0.99443,0.998923,0.499335,0,1.00076,1.00034,-0.000797903,0,-1.07262e-06,-0.00048411,1.00034
54,48,0.851562,0.757812,0.99406,0.99929,0.499291,0,1.00032,1.00053,-0.000779894,0,-2.37228e-05,7.70493e-05,1.00053
55,48,0.867188,0.757812,0.993816,0.999663,0.499241,0,0.999852,1.00073,-0.000765517,0,-4.48148e-05,0.000584379,1.00073
56,48,0.882812,0.757812,0.993687,1.00004,0.499184,0,0.999339,1.00094,-0.00075559,0,-6.41115e-05,0.00103308,1.00094
57,48,0.898438,0.757812,0.993657,1.00044,0.49912,0,0.99878,1.00116,-0.000750757,0,-8.13541e-05,0.00141799,1.00116
58,48,0.914062,0.757812,0.993701,1.00084,0.499048,0,0.998174,1.00139,-0.000751483,0,-9.62668e-05,0.00173366,1.00139
59,48,0.929688,0.757812,0.993794,1.00126,0.498967,0,0.997522,1.00163,-0.000758046,0,-0.000108565,0.0019747,1.00163
60,48,0.945312,0.757812,0.993911,1.00169,0.498876,0,0.996828,1.00188,-0.00077053,0,-0.000117971,0.00213611,1.00189
61,48,0.960938,0.757812,0.994029,1.00212,0.498775,0,0.996097,1.00215,-0.000788826,0,-0.000124226,0.0022138,1.00215
62,48,0.976562,0.757812,0.994131,1.00256,0.498663,0,0.995343,1.00244,-0.00081263,0,-0.000127121,0.00220517,1.00244
63,48,0.992188,0.757812,0.994207,1.00298,0.49854,0,0.994583,1.00273,-0.000841432,0,-0.000126515,0.00210976,1.00273
0,49,0.0078125,0.773438,0.994662,1.00306,0.498074,0,0.994534,1.00272,-0.00112542,0,-9.1604e-05,0.000989171,1.00272
1,49,0.0234375,0.773438,0.994708,1.00336,0.497934,0,0.993884,1.003,-0.00117812,0,-8.40855e-05,0.000712512,1.003
2,49,0.0390625,0.773438,0.994751,1.00357,0.497785,0,0.993318,1.00329,-0.00123308,0,-7.37091e-05,0.000375455,1.00329
3,49,0.0546875,0.773438,0.994812,1.00368,0.497629,0,0.992875,1.00359,-0.00128793,0,-6.08694e-05,-7.59405e-06,1.00359
4,49,0.0703125,0.773438,0.994918,1.00364,0.497469,0,0.992596,1.0039,-0.00133955,0,-4.61011e-05,-0.000418742,1.0039
5,49,0.0859375,0.773438,0.995095,1.00344,0.49731,0,0.992519,1.00421,-0.00138372,0,-3.00556e-05,-0.000837331,1.00421
6,49,0.101562,0.773438,0.995366,1.00304,0.497158,0,0.99267,1.00452,-0.00141447,0,-1.34418e-05,-0.00124158,1.00452
7,49,0.117188,0.773438,0.995743,1.00246,0.497023,0,0.993059,1.00483,-0.00142334,0,3.06523e-06,-0.00161177,1.00483
8,49,0.132812,0.773438,0.996224,1.0017,0.496918,0,0.993673,1.00513,-0.00139858,0,1.88958e-05,-0.00193117,1.00514
9,49,0.148438,0.773438,0.996791,1.0008,0.496861,0,0.99447,1.00543,-0.00132431,0,3.36518e-05,-0.00218764,1.00543
10,49,0.164062,0.773438,0.997408,0.999807,0.496874,0,0.995385,1.0057,-0.00118007,0,4.71274e-05,-0.00237327,1.0057
11,49,0.179688,0.773438,0.998031,0.9988,0.496985,0,0.996334,1.00594,-0.00094125,0,5.92997e-05,-0.00248397,1.00594
12,49,0.195312,0.773438,0.99861,0.997849,0.497222,0,0.997228,1.00616,-0.000580848,0,7.02782e-05,-0.00251739,1.00616
13,49,0.210938,0.773438,0.999099,0.997018,0.497612,0,0.997988,1.00633,-7.34082e-05,0,8.02008e-05,-0.0024699,1.00633
14,49,0.226562,0.773438,0.999468,0.996355,0.498175,0,0.998558,1.00646,0.000597998,0,8.91328e-05,-0.00233605,1.00646
15,49,0.242188,0.773438,0.999704,0.995878,0.498911,0,0.998914,1.00653,0.00143284,0,9.70148e-05,-0.00210975,1.00653
16,49,0.257812,0.773438,0.999816,0.995578,0.499798,0,0.999069,1.00654,0.00240559,0,0.000103656,-0.00178692,1.00655
17,49,0.273438,0.773438,0.999833,0.995423,0.500786,0,0.999067,1.00648,0.00346365,0,0.000108933,-0.00137843,1.00649
18,49,0.289062,0.773438,0.999795,0.99536,0.501803,0,0.998973,1.00635,0.00453042,0,0.000112932,-0.000913392,1.00636
19,49,0.304688,0.773438,0.999746,0.995332,0.502763,0,0.998858,1.00614,0.005515,0,0.000115874,-0.000430041,1.00615
20,49,0.320312,0.773438,0.999731,0.995283,0.503582,0,0.998795,1.00585,0.00632921,0,0.000118296,1.41902e-05,1.00587
21,49,0.335938,0.773438,0.999784,0.99517,0.504194,0,0.998838,1.00548,0.00690323,0,0.000121059,0.000350212,1.00551
22,49,0.351562,0.773438,0.999926,0.994964,0.504562,0,0.999023,1.00505,0.00719665,0,0.000125245,0.000508003,1.00508
23,49,0.367188,0.773438,1.00017,0.994659,0.504681,0,0.99936,1.00456,0.00720226,0,0.000131997,0.000427019,1.00458
24,49,0.382812,0.773438,1.00049,0.994265,0.504571,0,0.999838,1.00401,0.00694325,0,0.000142287,6.84176e-05,1.00404
25,49,0.398438,0.773438,1.0009,0.993805,0.504276,0,1.00043,1.00344,0.00646588,0,0.000156697,-0.000576465,1.00346
26,49,0.414062,0.773438,1.00134,0.993315,0.50385,0,1.00109,1.00285,0.00582986,0,0.000175265,-0.00148326,1.00286
27,49,0.429688,0.773438,1.00181,0.992829,0.50335,0,1.00178,1.00226,0.00509852,0,0.000197438,-0.00259804,1.00227
28,49,0.445312,0.773438,1.00228,0.992382,0.502825,0,1.00246,1.00168,0.00433033,0,0.000222143,-0.00384604,1.00169
29,49,0.460938,0.773438,1.00271,0.992003,0.502316,0,1.00309,1.00114,0.00357282,0,0.000247956,-0.00514293,1.00114
30,49,0.476562,0.773438,1.0031,0.991712,0.501848,0,1.00364,1.00063,0.00285959,0,0.000273302,-0.00640616,1.00064
31,49,0.492188,0.773438,1.00343,0.991523,0.501433,0,1.00411,1.00018,0.0022103,0,0.000296664,-0.00756408,1.00019
32,49,0.507812,0.773438,1.0037,0.991439,0.501075,0,1.00447,0.999789,0.00163315,0,0.000316745,-0.00856127,0.999791
33,49,0.523438,0.773438,1.0039,0.99146,0.500768,0,1.00473,0.999456,0.00112836,0,0.000332564,-0.00936087,0.999456
34,49,0.539062,0.773438,1.00403,0.991577,0.500507,0,1.0049,0.999183,0.000691456,0,0.000343505,-0.00994429,0.999183
35,49,0.554688,0.773438,1.00408,0.991779,0.500282,0,1.00499,0.99897,0.00031619,0,0.000349304,-0.0103086,0.99897
36,49,0.570312,0.773438,1.00407,0.992055,0.500087,0,1.005,0.998814,-3.68813e-06,0,0.000350003,-0.010463,0.998814
37,49,0.585938,0.773438,1.00398,0.992391,0.499916,0,1.00494,0.998711,-0.000273713,0,0.000345882,-0.0104255,0.998711
38,49,0.601562,0.773438,1.00381,0.992773,0.499768,0,1.00484,0.998654,-0.000498627,0,0.000337379,-0.010219,0.998654
39,49,0.617188,0.773438,1.00356,0.993188,0.499638,0,1.0047,0.998639,-0.000682589,0,0.000325029,-0.00986915,0.998639
40,49,0.632812,0.773438,1.00322,0.993627,0.499526,0,1.00452,0.99866,-0.000829454,0,0.000309408,-0.00940191,0.998661
41,49,0.648438,0.773438,1.0028,0.994078,0.499429,0,1.00433,0.998712,-0.000942978,0,0.000291094,-0.00884234,0.998712
42,49,0.664062,0.773438,1.00228,0.994534,0.499347,0,1.00411,0.998789,-0.00102692,0,0.000270635,-0.00821352,0.99879
43,49,0.679688,0.773438,1.00167,0.994987,0.499277,0,1.00389,0.998887,-0.00108503,0,0.000248535,-0.00753604,0.998888
44,49,0.695312,0.773438,1.00098,0.995434,0.499219,0,1.00365,0.999002,-0.00112105,0,0.000225243,-0.00682775,0.999002
45,49,0.710938,0.773438,1.00023,0.995869,0.499171,0,1.00341,0.999129,-0.00113861,0,0.000201154,-0.00610376,0.99913
46,49,0.726562,0.773438,0.999415,0.996291,0.499131,0,1.00316,0.999266,-0.00114117,0,0.000176607,-0.00537666,0.999267
47,49,0.742188,0.773438,0.998575,0.996699,0.499097,0,1.0029,0.999412,-0.001132,0,0.000151891,-0.00465678,0.999412
48,49,0.757812,0.773438,0.997734,0.997093,0.499067,0,1.00264,0.999562,-0.0011141,0,0.000127255,-0.00395251,0.999563
49,49,0.773438,0.773438,0.996922,0.997474,0.499041,0,1.00235,0.999718,-0.00109024,0,0.000102918,-0.00327072,0.999718
50,49,0.789062,0.773438,0.996167,0.997842,0.499016,0,1.00206,0.999877,-0.00106288,0,7.90708e-05,-0.00261716,0.999877
51,49,0.804688,0.773438,0.995496,0.998202,0.49899,0,1.00174,1.00004,-0.00103426,0,5.58956e-05,-0.00199684,1.00004
52,49,0.820312,0.773438,0.994931,0.998555,0.498963,0,1.0014,1.0002,-0.00100636,0,3.35674e-05,-0.00141428,1.00021
53,49,0.835938,0.773438,0.994485,0.998905,0.498932,0,1.00103,1.00037,-0.000980895,0,1.22655e-05,-0.000873819,1.00037
54,49,0.851562,0.773438,0.994166,0.999255,0.498897,0,1.00063,1.00055,-0.000959372,0,-7.82109e-06,-0.000379859,1.00055
55,49,0.867188,0.773438,0.993969,0.999609,0.498857,0,1.00019,1.00073,-0.00094307,0,-2.64874e-05,6.30017e-05,1.00073
56,49,0.882812,0.773438,0.993883,0.99997,0.498809,0,0.999706,1.00091,-0.000933041,0,-4.35106e-05,0.000449927,1.00091
57,49,0.898438,0.773438,0.993892,1.00034,0.498753,0,0.999182,1.0011,-0.000930114,0,-5.86498e-05,0.000775845,1.0011
58,49,0.914062,0.773438,0.99397,1.00072,0.498688,0,0.998614,1.0013,-0.000934881,0,-7.16497e-05,0.00103558,1.0013
59,49,0.929688,0.773438,0.994093,1.00111,0.498613,0,0.998001,1.00151,-0.000947691,0,-8.22489e-05,0.00122412,1.00151
60,49,0.945312,0.773438,0.994236,1.00151,0.498527,0,0.997347,1.00173,-0.000968627,0,-9.01918e-05,0.00133696,1.00173
61,49,0.960938,0.773438,0.994377,1.00192,0.498431,0,0.996658,1.00196,-0.000997503,0,-9.52467e-05,0.00137061,1.00196
62,49,0.976562,0.773438,0.9945,1.00232,0.498323,0,0.995948,1.0022,-0.00103384,0,-9.72277e-05,0.00132317,1.0022
63,49,0.992188,0.773438,0.994595,1.00271,0.498204,0,0.995232,1.00246,-0.00107685,0,-9.60196e-05,0.00119496,1.00246
0,50,0.0078125,0.789062,0.995137,1.00282,0.497756,0,0.99526,1.00238,-0.00133855,0,-6.16762e-05,0.000134781,1.00238
1,50,0.0234375,0.789062,0.995196,1.00308,0.497622,0,0.99466,1.00261,-0.00140439,0,-5.44041e-05,-0.000150921,1.00261
2,50,0.0390625,0.789062,0.995252,1.00326,0.49748,0,0.994144,1.00284,-0.00147256,0,-4.4665e-05,-0.000488463,1.00284
3,50,0.0546875,0.789062,0.995327,1.00333,0.497332,0,0.993751,1.00308,-0.00153993,0,-3.28747e-05,-0.000862576,1.00308
4,50,0.0703125,0.789062,0.995447,1.00325,0.497182,0,0.993522,1.00332,-0.00160255,0,-1.95888e-05,-0.00125454,1.00332
5,50,0.0859375,0.789062,0.99564,1.00301,0.497035,0,0.993494,1.00356,-0.00165525,0,-5.47733e-06,-0.00164299,1.00357
6,50,0.101562,0.789062,0.995927,1.00257,0.496898,0,0.993693,1.00381,-0.00169108,0,8.74474e-06,-0.00200601,1.00381
7,50,0.117188,0.789062,0.99632,1.00194,0.496781,0,0.994128,1.00405,-0.00170069,0,2.24023e-05,-0.00232387,1.00405
8,50,0.132812,0.789062,0.996817,1.00113,0.496698,0,0.994785,1.00428,-0.00167147,0,3.4942e-05,-0.00258048,1.00429
9,50,0.148438,0.789062,0.997399,1.00017,0.496666,0,0.995624,1.0045,-0.00158686,0,4.60058e-05,-0.00276507,1.0045
10,50,0.164062,0.789062,0.998032,0.999126,0.496707,0,0.996579,1.0047,-0.00142587,0,5.54557e-05,-0.00287181,1.00471
11,50,0.179688,0.789062,0.998672,0.99806,0.496848,0,0.997568,1.00488,-0.0011635,0,6.3371e-05,-0.00289955,1.00488
12,50,0.195312,0.789062,0.999267,0.997045,0.497117,0,0.9985,1.00503,-0.000772543,0,7.00161e-05,-0.00285047,1.00503
13,50,0.210938,0.789062,0.999774,0.996148,0.497541,0,0.999298,1.00514,-0.000227443,0,7.57454e-05,-0.00272675,1.00514
14,50,0.226562,0.789062,1.00016,0.995415,0.498138,0,0.999905,1.00521,0.00048869,0,8.08732e-05,-0.00252858,1.00521
15,50,0.242188,0.789062,1.00042,0.99487,0.498909,0,1.0003,1.00523,0.00137511,0,8.55986e-05,-0.00225504,1.00523
16,50,0.257812,0.789062,1.00054,0.994505,0.499833,0,1.00048,1.0052,0.00240582,0,8.99606e-05,-0.00190531,1.0052
17,50,0.273438,0.789062,1.00057,0.994294,0.500858,0,1.00049,1.00512,0.0035272,0,9.39779e-05,-0.0014896,1.00512
18,50,0.289062,0.789062,1.00053,0.994191,0.501912,0,1.0004,1.00497,0.00466094,0,9.77289e-05,-0.00103086,1.00498
19,50,0.304688,0.789062,1.00047,0.994143,0.502908,0,1.00027,1.00476,0.00571396,0,0.000101271,-0.000557027,1.00478
20,50,0.320312,0.789062,1.00043,0.9941,0.50376,0,1.00016,1.00449,0.00659532,0,0.00010483,-0.000111868,1.00451
21,50,0.335938,0.789062,1.00044,0.99402,0.504402,0,1.00014,1.00417,0.00723196,0,0.00010885,0.000250212,1.00419
22,50,0.351562,0.789062,1.00053,0.993875,0.504792,0,1.00022,1.00379,0.0075801,0,0.000113973,0.000471513,1.00382
23,50,0.367188,0.789062,1.00069,0.993657,0.504923,0,1.00044,1.00337,0.00762926,0,0.000120951,0.000498746,1.0034
24,50,0.382812,0.789062,1.00094,0.99337,0.504815,0,1.00079,1.00292,0.0073999,0,0.000130494,0.000293487,1.00295
25,50,0.398438,0.789062,1.00125,0.993033,0.504509,0,1.00123,1.00245,0.0069364,0,0.000143086,-0.000159698,1.00247
26,50,0.414062,0.789062,1.0016,0.992673,0.504059,0,1.00175,1.00197,0.00629771,0,0.000158838,-0.000849246,1.00199
27,50,0.429688,0.789062,1.00198,0.99232,0.503523,0,1.0023,1.00149,0.00554763,0,0.000177423,-0.00173778,1.00151
28,50,0.445312,0.789062,1.00235,0.992001,0.502951,0,1.00284,1.00103,0.00474617,0,0.000198097,-0.002768,1.00104
29,50,0.460938,0.789062,1.0027,0.991741,0.502387,0,1.00335,1.0006,0.00394331,0,0.000219801,-0.00387134,1.00061
30,50,0.476562,0.789062,1.00302,0.991558,0.501857,0,1.0038,1.00021,0.00317567,0,0.000241313,-0.00497738,1.00021
31,50,0.492188,0.789062,1.00328,0.991463,0.501379,0,1.00417,0.999857,0.00246612,0,0.000261409,-0.00602206,0.99986
32,50,0.507812,0.789062,1.00349,0.991458,0.500957,0,1.00447,0.999555,0.00182604,0,0.000278999,-0.006953,0.999557
33,50,0.523438,0.789062,1.00364,0.991542,0.500589,0,1.00468,0.999304,0.00125848,0,0.00029322,-0.00773243,0.999305
34,50,0.539062,0.789062,1.00373,0.991708,0.50027,0,1.00481,0.999104,0.000761323,0,0.000303493,-0.00833787,0.999104
35,50,0.554688,0.789062,1.00375,0.991948,0.499993,0,1.00487,0.998953,0.000330155,0,0.000309522,-0.00876048,0.998953
36,50,0.570312,0.789062,1.00371,0.992249,0.499753,0,1.00487,0.998849,-4.00029e-05,0,0.00031127,-0.0090028,0.998849
37,50,0.585938,0.789062,1.0036,0.992599,0.499544,0,1.00481,0.998787,-0.00035391,0,0.000308907,-0.00907556,0.998787
38,50,0.601562,0.789062,1.00342,0.992988,0.499363,0,1.00472,0.998764,-0.000615961,0,0.000302747,-0.00899497,0.998764
39,50,0.617188,0.789062,1.00316,0.993404,0.499208,0,1.00459,0.998774,-0.00083031,0,0.000293199,-0.00878048,0.998775
40,50,0.632812,0.789062,1.00282,0.993837,0.499077,0,1.00443,0.998814,-0.00100108,0,0.000280717,-0.00845288,0.998814
41,50,0.648438,0.789062,1.0024,0.994279,0.498967,0,1.00426,0.998878,-0.00113248,0,0.000265769,-0.00803297,0.998879
42,50,0.664062,0.789062,1.00189,0.994722,0.498876,0,1.00407,0.998962,-0.00122887,0,0.000248812,-0.00754058,0.998963
43,50,0.679688,0.789062,1.00131,0.995161,0.498803,0,1.00387,0.999062,-0.00129466,0,0.000230274,-0.00699402,0.999063
44,50,0.695312,0.789062,1.00065,0.995592,0.498744,0,1.00366,0.999176,-0.0013343,0,0.000210545,-0.00640968,0.999176
45,50,0.710938,0.789062,0.999923,0.996011,0.498699,0,1.00345,0.999298,-0.00135212,0,0.000189975,-0.00580189,0.999299
46,50,0.726562,0.789062,0.999157,0.996416,0.498663,0,1.00323,0.999429,-0.00135229,0,0.000168873,-0.00518304,0.999429
47,50,0.742188,0.789062,0.998368,0.996808,0.498636,0,1.003,0.999564,-0.00133871,0,0.000147509,-0.00456366,0.999565
48,50,0.757812,0.789062,0.997585,0.997185,0.498615,0,1.00276,0.999703,-0.00131499,0,0.000126121,-0.00395262,0.999704
49,50,0.773438,0.789062,0.996833,0.997549,0.498598,0,1.0025,0.999845,-0.00128445,0,0.00010492,-0.00335747,0.999846
50,50,0.789062,0.789062,0.996142,0.997902,0.498583,0,1.00224,0.999989,-0.00125007,0,8.40974e-05,-0.00278467,0.999989
51,50,0.804688,0.789062,0.995535,0.998245,0.498568,0,1.00195,1.00013,-0.0012145,0,6.38309e-05,-0.00223991,1.00013
52,50,0.820312,0.789062,0.995032,0.998582,0.498551,0,1.00164,1.00028,-0.00118013,0,4.42934e-05,-0.00172835,1.00028
53,50,0.835938,0.789062,0.994646,0.998916,0.498531,0,1.0013,1.00043,-0.00114903,0,2.56585e-05,-0.00125484,1.00043
54,50,0.851562,0.789062,0.994381,0.999249,0.498507,0,1.00093,1.00058,-0.00112299,0,8.1069e-06,-0.000824144,1.00058
55,50,0.867188,0.789062,0.994233,0.999585,0.498476,0,1.00052,1.00073,-0.00110356,0,-8.16875e-06,-0.00044108,1.00073
56,50,0.882812,0.789062,0.99419,0.999928,0.498437,0,1.00008,1.00089,-0.00109201,0,-2.29616e-05,-0.000110541,1.00089
57,50,0.898438,0.789062,0.994234,1.00028,0.49839,0,0.999594,1.00105,-0.00108932,0,-3.60503e-05,0.00016249,1.00105
58,50,0.914062,0.789062,0.994342,1.00064,0.498333,0,0.999066,1.00122,-0.00109624,0,-4.72015e-05,0.000373063,1.00122
59,50,0.929688,0.789062,0.99449,1.00101,0.498266,0,0.998494,1.00139,-0.00111316,0,-5.61777e-05,0.000516495,1.00139
60,50,0.945312,0.789062,0.994653,1.00139,0.498187,0,0.997884,1.00157,-0.00114019,0,-6.27486e-05,0.000588723,1.00157
61,50,0.960938,0.789062,0.994811,1.00177,0.498097,0,0.997241,1.00176,-0.00117708,0,-6.67077e-05,0.000586768,1.00176
62,50,0.976562,0.789062,0.994949,1.00214,0.497995,0,0.996577,1.00196,-0.0012232,0,-6.78936e-05,0.000509316,1.00196
63,50,0.992188,0.789062,0.995057,1.0025,0.497881,0,0.995909,1.00217,-0.00127752,0,-6.62149e-05,0.000357353,1.00217
0,51,0.0078125,0.804688,0.995661,1.00265,0.497458,0,0.995992,1.00204,-0.00151041,0,-3.40108e-05,-0.000592558,1.00204
1,51,0.0234375,0.804688,0.995728,1.00288,0.497331,0,0.995443,1.00221,-0.00158599,0,-2.71655e-05,-0.000876402,1.00221
2,51,0.0390625,0.804688,0.995793,1.00304,0.497197,0,0.994978,1.00238,-0.0016639,0,-1.824e-05,-0.00120394,1.00238
3,51,0.0546875,0.804688,0.995879,1.00308,0.497059,0,0.994636,1.00256,-0.00174036,0,-7.66673e-06,-0.00155929,1.00256
4,51,0.0703125,0.804688,0.996012,1.00297,0.496922,0,0.994458,1.00274,-0.0018106,0,3.98107e-06,-0.0019231,1.00274
5,51,0.0859375,0.804688,0.996218,1.00269,0.496789,0,0.994479,1.00292,-0.00186859,0,1.60183e-05,-0.00227344,1.00292
6,51,0.101562,0.804688,0.996519,1.00222,0.496671,0,0.994726,1.00309,-0.0019065,0,2.77229e-05,-0.00258837,1.00309
7,51,0.117188,0.804688,0.996927,1.00155,0.496575,0,0.995207,1.00326,-0.00191413,0,3.84154e-05,-0.0028481,1.00326
8,51,0.132812,0.804688,0.997439,1.0007,0.496517,0,0.99591,1.00342,-0.00187817,0,4.75537e-05,-0.00303722,1.00342
9,51,0.148438,0.804688,0.998037,0.9997,0.496512,0,0.996793,1.00356,-0.00178153,0,5.48143e-05,-0.00314638,1.00357
10,51,0.164062,0.804688,0.998688,0.998606,0.496584,0,0.997791,1.00369,-0.00160285,0,6.01242e-05,-0.00317205,1.00369
11,51,0.179688,0.804688,0.999345,0.997486,0.496757,0,0.998821,1.0038,-0.00131702,0,6.36664e-05,-0.00311638,1.0038
12,51,0.195312,0.804688,0.99996,0.996413,0.49706,0,0.999797,1.00387,-0.000896896,0,6.58676e-05,-0.00298669,1.00387
13,51,0.210938,0.804688,1.00049,0.995452,0.497517,0,1.00064,1.00392,-0.000317234,0,6.73187e-05,-0.00279205,1.00392
14,51,0.226562,0.804688,1.0009,0.994651,0.498148,0,1.00129,1.00393,0.000438412,0,6.86085e-05,-0.00253921,1.00393
15,51,0.242188,0.804688,1.00117,0.994036,0.498952,0,1.00172,1.0039,0.0013687,0,7.02176e-05,-0.0022331,1.0039
16,51,0.257812,0.804688,1.00132,0.993606,0.499906,0,1.00193,1.00383,0.00244685,0,7.24345e-05,-0.00187666,1.00383
17,51,0.273438,0.804688,1.00136,0.993338,0.500961,0,1.00197,1.00372,0.00361814,0,7.54288e-05,-0.00147939,1.00372
18,51,0.289062,0.804688,1.00132,0.993193,0.502042,0,1.00188,1.00356,0.00480277,0,7.92698e-05,-0.00105759,1.00357
19,51,0.304688,0.804688,1.00125,0.993123,0.503062,0,1.00173,1.00336,0.00590599,0,8.38416e-05,-0.000628099,1.00337
20,51,0.320312,0.804688,1.00118,0.993083,0.503933,0,1.00158,1.00311,0.00683494,0,8.90415e-05,-0.000219921,1.00314
21,51,0.335938,0.804688,1.00115,0.993033,0.504589,0,1.00148,1.00283,0.00751445,0,9.4883e-05,0.000128514,1.00286
22,51,0.351562,0.804688,1.00117,0.992947,0.504987,0,1.00147,1.00252,0.00789853,0,0.000101547,0.000373292,1.00255
23,51,0.367188,0.804688,1.00126,0.992813,0.505117,0,1.00157,1.00218,0.00797463,0,0.00010938,0.000470195,1.00221
24,51,0.382812,0.804688,1.00142,0.99263,0.504999,0,1.00177,1.00183,0.00776145,0,0.000118802,0.000383268,1.00186
25,51,0.398438,0.804688,1.00164,0.992413,0.504673,0,1.00207,1.00146,0.00730219,0,0.000130171,9.23699e-05,1.00149
26,51,0.414062,0.804688,1.00189,0.99218,0.504193,0,1.00243,1.0011,0.00665539,0,0.000143646,-0.000401982,1.00112
27,51,0.429688,0.804688,1.00217,0.991955,0.503617,0,1.00283,1.00074,0.00588522,0,0.000159097,-0.00107783,1.00076
28,51,0.445312,0.804688,1.00245,0.991761,0.502999,0,1.00323,1.00041,0.00505295,0,0.00017609,-0.00189503,1.00042
29,51,0.460938,0.804688,1.00271,0.991617,0.502382,0,1.00361,1.0001,0.00421043,0,0.000193924,-0.0028013,1.00011
30,51,0.476562,0.804688,1.00295,0.991538,0.501796,0,1.00395,0.999818,0.00339655,0,0.000211729,-0.00373956,0.999824
31,51,0.492188,0.804688,1.00314,0.991531,0.50126,0,1.00424,0.999575,0.00263671,0,0.000228582,-0.00465501,0.999578
32,51,0.507812,0.804688,1.00329,0.9916,0.500781,0,1.00446,0.99937,0.00194472,0,0.000243616,-0.00550011,0.999372
33,51,0.523438,0.804688,1.00339,0.991742,0.500359,0,1.00461,0.999205,0.00132581,0,0.000256109,-0.00623801,0.999206
34,51,0.539062,0.804688,1.00343,0.991952,0.499991,0,1.0047,0.99908,0.000779716,0,0.000265534,-0.0068438,0.99908
35,51,0.554688,0.804688,1.00342,0.992221,0.499669,0,1.00474,0.998993,0.000303433,0,0.000271584,-0.00730406,0.998993
36,51,0.570312,0.804688,1.00335,0.992541,0.499391,0,1.00472,0.998941,-0.000107042,0,0.00027416,-0.00761531,0.998941
37,51,0.585938,0.804688,1.00322,0.9929,0.49915,0,1.00467,0.998921,-0.000455889,0,0.000273331,-0.00778169,0.998921
38,51,0.601562,0.804688,1.00302,0.993288,0.498943,0,1.00457,0.99893,-0.000747256,0,0.000269296,-0.00781284,0.998931
39,51,0.617188,0.804688,1.00276,0.993697,0.498769,0,1.00446,0.998965,-0.000985326,0,0.000262342,-0.00772207,0.998965
40,51,0.632812,0.804688,1.00242,0.994118,0.498623,0,1.00432,0.999021,-0.00117446,0,0.000252807,-0.00752475,0.999021
41,51,0.648438,0.804688,1.00201,0.994544,0.498503,0,1.00417,0.999094,-0.00131925,0,0.000241051,-0.00723717,0.999095
42,51,0.664062,0.804688,1.00152,0.994968,0.498407,0,1.00401,0.999182,-0.00142453,0,0.000227437,-0.00687556,0.999184
43,51,0.679688,0.804688,1.00096,0.995387,0.498332,0,1.00384,0.999282,-0.00149529,0,0.000212316,-0.00645559,0.999283
44,51,0.695312,0.804688,1.00034,0.995797,0.498275,0,1.00366,0.999391,-0.00153652,0,0.000196018,-0.0059918,0.999392
45,51,0.710938,0.804688,0.99966,0.996195,0.498234,0,1.00347,0.999506,-0.00155314,0,0.000178846,-0.00549745,0.999507
46,51,0.726562,0.804688,0.998947,0.99658,0.498205,0,1.00328,0.999626,-0.00154987,0,0.000161078,-0.00498442,0.999627
47,51,0.742188,0.804688,0.99822,0.996951,0.498186,0,1.00308,0.999748,-0.00153116,0,0.000142962,-0.00446321,0.99975
48,51,0.757812,0.804688,0.997504,0.997309,0.498174,0,1.00287,0.999873,-0.00150111,0,0.000124724,-0.00394296,0.999874
49,51,0.773438,0.804688,0.996823,0.997654,0.498166,0,1.00264,0.999998,-0.00146349,0,0.000106566,-0.00343172,0.999999
50,51,0.789062,0.804688,0.996204,0.997989,0.498162,0,1.0024,1.00012,-0.00142169,0,8.86751e-05,-0.00293653,1.00013
51,51,0.804688,0.804688,0.995668,0.998315,0.498158,0,1.00215,1.00025,-0.00137875,0,7.12261e-05,-0.00246366,1.00025
52,51,0.820312,0.804688,0.995233,0.998636,0.498152,0,1.00187,1.00038,-0.00133737,0,5.4387e-05,-0.00201882,1.00038
53,51,0.835938,0.804688,0.994909,0.998953,0.498142,0,1.00156,1.0005,-0.00129992,0,3.83246e-05,-0.00160732,1.0005
54,51,0.851562,0.804688,0.994699,0.99927,0.498128,0,1.00122,1.00063,-0.00126846,0,2.32094e-05,-0.00123424,1.00063
55,51,0.867188,0.804688,0.994598,0.999589,0.498107,0,1.00085,1.00075,-0.00124476,0,9.22038e-06,-0.000904577,1.00076
56,51,0.882812,0.804688,0.994595,0.999915,0.498079,0,1.00045,1.00088,-0.00123027,0,-3.45319e-06,-0.000623271,1.00088
57,51,0.898438,0.804688,0.99467,1.00025,0.498041,0,1,1.00101,-0.00122615,0,-1.46105e-05,-0.000395218,1.00101
58,51,0.914062,0.804688,0.994803,1.00059,0.497992,0,0.999514,1.00115,-0.00123325,0,-2.40417e-05,-0.000225167,1.00115
59,51,0.929688,0.804688,0.994969,1.00094,0.497933,0,0.998986,1.00128,-0.00125205,0,-3.15341e-05,-0.000117507,1.00129
60,51,0.945312,0.804688,0.995146,1.0013,0.497862,0,0.998421,1.00143,-0.00128267,0,-3.68827e-05,-7.59405e-05,1.00143
61,51,0.960938,0.804688,0.995314,1.00166,0.497778,0,0.997825,1.00157,-0.00132482,0,-3.99059e-05,-0.00010303,1.00157
62,51,0.976562,0.804688,0.995459,1.00201,0.497683,0,0.997209,1.00172,-0.00137775,0,-4.04657e-05,-0.000199636,1.00172
63,51,0.992188,0.804688,0.995574,1.00235,0.497576,0,0.99659,1.00188,-0.00144021,0,-3.84926e-05,-0.000364285,1.00188
0,52,0.0078125,0.820312,0.996213,1.00253,0.497184,0,0.996704,1.00172,-0.00163959,0,-9.84768e-06,-0.00116349,1.00172
1,52,0.0234375,0.820312,0.996283,1.00275,0.497065,0,0.996205,1.00183,-0.0017214,0,-3.62713e-06,-0.0014336,1.00184
2,52,0.0390625,0.820312,0.996353,1.00289,0.49694,0,0.99579,1.00195,-0.0018055,0,4.30136e-06,-0.00173986,1.00195
3,52,0.0546875,0.820312,0.996445,1.00291,0.496814,0,0.995498,1.00206,-0.00188748,0,1.34948e-05,-0.00206602,1.00207
4,52,0.0703125,0.820312,0.996586,1.00278,0.496689,0,0.995368,1.00218,-0.00196185,0,2.33681e-05,-0.00239234,1.00218
5,52,0.0859375,0.820312,0.996803,1.00248,0.496574,0,0.995436,1.00229,-0.00202178,0,3.32271e-05,-0.00269663,1.00229
6,52,0.101562,0.820312,0.997116,1.00199,0.496475,0,0.995728,1.00239,-0.00205864,0,4.23434e-05,-0.00295699,1.0024
7,52,0.117188,0.820312,0.997536,1.00129,0.496403,0,0.996254,1.00249,-0.0020615,0,5.00322e-05,-0.00315364,1.00249
8,52,0.132812,0.820312,0.998063,1.00042,0.496372,0,0.996999,1.00258,-0.00201647,0,5.57597e-05,-0.00327192,1.00258
9,52,0.148438,0.820312,0.998676,0.999383,0.496398,0,0.997924,1.00265,-0.00190605,0,5.92338e-05,-0.00330406,1.00265
10,52,0.164062,0.820312,0.999343,0.998251,0.496503,0,0.998964,1.00271,-0.00170875,0,6.04449e-05,-0.00324899,1.00271
11,52,0.179688,0.820312,1.00002,0.997086,0.496711,0,1.00004,1.00274,-0.00139957,0,5.96813e-05,-0.00311258,1.00274
12,52,0.195312,0.820312,1.00065,0.995961,0.497049,0,1.00106,1.00275,-0.000951779,0,5.75368e-05,-0.00290777,1.00275
13,52,0.210938,0.820312,1.0012,0.994942,0.497541,0,1.00194,1.00273,-0.000340859,0,5.4852e-05,-0.0026515,1.00273
14,52,0.226562,0.820312,1.00164,0.994078,0.498204,0,1.00263,1.00269,0.000448758,0,5.25108e-05,-0.00235793,1.00269
15,52,0.242188,0.820312,1.00193,0.993398,0.499038,0,1.0031,1.00261,0.00141472,0,5.12887e-05,-0.00203825,1.00261
16,52,0.257812,0.820312,1.0021,0.992905,0.500019,0,1.00335,1.0025,0.0025292,0,5.17311e-05,-0.00169941,1.0025
17,52,0.273438,0.820312,1.00215,0.992582,0.501095,0,1.00341,1.00236,0.00373627,0,5.41561e-05,-0.00134991,1.00237
18,52,0.289062,0.820312,1.00212,0.992395,0.502193,0,1.00333,1.00219,0.0049549,0,5.86126e-05,-0.000998773,1.0022
19,52,0.304688,0.820312,1.00204,0.992304,0.503223,0,1.00316,1.002,0.00608926,0,6.47941e-05,-0.000650869,1.00202
20,52,0.320312,0.820312,1.00194,0.992266,0.5041,0,1.00296,1.00178,0.00704547,0,7.22524e-05,-0.000319473,1.00181
21,52,0.335938,0.820312,1.00186,0.992245,0.504755,0,1.00279,1.00155,0.00774738,0,8.05515e-05,-2.60149e-05,1.00158
22,52,0.351562,0.820312,1.00182,0.992214,0.505145,0,1.00269,1.0013,0.00814804,0,8.94018e-05,0.000200459,1.00134
23,52,0.367188,0.820312,1.00184,0.992159,0.505261,0,1.00266,1.00105,0.00823399,0,9.87322e-05,0.000326176,1.00108
24,52,0.382812,0.820312,1.00191,0.992075,0.505121,0,1.00273,1.00079,0.00802317,0,0.000108661,0.000319325,1.00082
25,52,0.398438,0.820312,1.00203,0.99197,0.504766,0,1.00288,1.00054,0.0075583,0,0.0001194,0.000156932,1.00057
26,52,0.414062,0.820312,1.00218,0.991858,0.504251,0,1.00309,1.00029,0.00689779,0,0.000131133,-0.000169734,1.00032
27,52,0.429688,0.820312,1.00236,0.991754,0.503634,0,1.00334,1.00006,0.00610626,0,0.000143908,-0.0006527,1.00008
28,52,0.445312,0.820312,1.00254,0.991676,0.502969,0,1.0036,0.99985,0.00524583,0,0.000157576,-0.00126815,0.999864
29,52,0.460938,0.820312,1.00272,0.991639,0.502302,0,1.00386,0.99966,0.00436964,0,0.000171781,-0.00198003,0.999669
30,52,0.476562,0.820312,1.00287,0.991655,0.501665,0,1.00409,0.999495,0.0035182,0,0.000186001,-0.00274523,0.999501
31,52,0.492188,0.820312,1.003,0.991728,0.501079,0,1.00428,0.999358,0.00271862,0,0.000199617,-0.00351934,0.999362
32,52,0.507812,0.820312,1.00309,0.991862,0.500551,0,1.00442,0.99925,0.00198639,0,0.000211998,-0.00426125,0.999252
33,52,0.523438,0.820312,1.00313,0.992054,0.500083,0,1.00452,0.999171,0.0013283,0,0.000222575,-0.00493658,0.999171
34,52,0.539062,0.820312,1.00313,0.992299,0.499674,0,1.00457,0.999119,0.000745358,0,0.000230897,-0.00551965,0.999119
35,52,0.554688,0.820312,1.00309,0.992591,0.499317,0,1.00458,0.999093,0.000235506,0,0.000236664,-0.00599383,0.999093
36,52,0.570312,0.820312,1.00299,0.99292,0.499008,0,1.00456,0.999091,-0.000204603,0,0.000239729,-0.00635072,0.999091
37,52,0.585938,0.820312,1.00284,0.99328,0.498742,0,1.0045,0.999111,-0.000578783,0,0.000240081,-0.00658874,0.999111
38,52,0.601562,0.820312,1.00263,0.993661,0.498516,0,1.00441,0.99915,-0.000891062,0,0.000237816,-0.00671149,0.999151
39,52,0.617188,0.820312,1.00237,0.994056,0.498327,0,1.00431,0.999205,-0.00114569,0,0.00023311,-0.00672648,0.999206
40,52,0.632812,0.820312,1.00204,0.994459,0.498172,0,1.00419,0.999274,-0.00134724,0,0.000226189,-0.00664377,0.999275
41,52,0.648438,0.820312,1.00164,0.994863,0.498047,0,1.00407,0.999355,-0.00150062,0,0.000217311,-0.00647506,0.999356
42,52,0.664062,0.820312,1.00118,0.995264,0.497949,0,1.00393,0.999444,-0.00161104,0,0.00020675,-0.00623285,0.999445
43,52,0.679688,0.820312,1.00065,0.995658,0.497876,0,1.00378,0.99954,-0.0016839,0,0.000194778,-0.00592988,0.999541
44,52,0.695312,0.820312,1.00007,0.996043,0.497823,0,1.00363,0.999641,-0.00172463,0,0.000181665,-0.00557858,0.999642
45,52,0.710938,0.820312,0.999446,0.996416,0.497787,0,1.00348,0.999745,-0.00173859,0,0.000167667,-0.00519083,0.999746
46,52,0.726562,0.820312,0.998795,0.996777,0.497766,0,1.00331,0.999851,-0.00173092,0,0.000153026,-0.00477769,0.999853
47,52,0.742188,0.820312,0.998137,0.997125,0.497756,0,1.00314,0.999959,-0.00170647,0,0.000137968,-0.00434932,0.99996
48,52,0.757812,0.820312,0.997495,0.997461,0.497754,0,1.00296,1.00007,-0.00166971,0,0.000122701,-0.00391488,1.00007
49,52,0.773438,0.820312,0.996892,0.997786,0.497757,0,1.00276,1.00017,-0.00162476,0,0.000107418,-0.00348269,1.00017
50,52,0.789062,0.820312,0.996349,0.998101,0.497763,0,1.00255,1.00028,-0.00157533,0,9.22977e-05,-0.00306014,1.00028
51,52,0.804688,0.820312,0.995888,0.998409,0.49777,0,1.00232,1.00038,-0.00152477,0,7.7509e-05,-0.00265393,1.00038
52,52,0.820312,0.820312,0.995523,0.998712,0.497775,0,1.00207,1.00049,-0.00147602,0,6.32125e-05,-0.00227016,1.00049
53,52,0.835938,0.820312,0.995261,0.999012,0.497776,0,1.0018,1.00059,-0.00143169,0,4.95659e-05,-0.00191447,1.00059
54,52,0.851562,0.820312,0.995105,0.999313,0.497772,0,1.0015,1.00069,-0.00139407,0,3.67277e-05,-0.00159218,1.00069
55,52,0.867188,0.820312,0.995049,0.999617,0.497762,0,1.00116,1.00079,-0.0013651,0,2.48613e-05,-0.0013084,1.00079
56,52,0.882812,0.820312,0.995081,0.999927,0.497742,0,1.0008,1.00089,-0.0013464,0,1.41372e-05,-0.00106806,1.00089
57,52,0.898438,0.820312,0.995182,1.00025,0.497713,0,1.00039,1.00099,-0.00133927,0,4.73428e-06,-0.000875949,1.00099
58,52,0.914062,0.820312,0.995332,1.00057,0.497674,0,0.999942,1.00109,-0.00134467,0,-3.16146e-06,-0.00073664,1.00109
59,52,0.929688,0.820312,0.995509,1.00091,0.497622,0,0.999458,1.00119,-0.00136315,0,-9.36225e-06,-0.000654264,1.00119
60,52,0.945312,0.820312,0.995692,1.00125,0.497559,0,0.998938,1.00129,-0.00139488,0,-1.3688e-05,-0.000632234,1.00129
61,52,0.960938,0.820312,0.995863,1.00159,0.497482,0,0.998389,1.0014,-0.00143952,0,-1.59806e-05,-0.000672811,1.0014
62,52,0.976562,0.820312,0.996009,1.00193,0.497394,0,0.997822,1.0015,-0.00149624,0,-1.61237e-05,-0.000776551,1.0015
63,52,0.992188,0.820312,0.996125,1.00225,0.497294,0,0.997253,1.00161,-0.00156363,0,-1.40662e-05,-0.00094168,1.00161
0,53,0.0078125,0.835938,0.99677,1.00247,0.496939,0,0.997372,1.00143,-0.00172674,0,9.88191e-06,-0.00156252,1.00143
1,53,0.0234375,0.835938,0.996838,1.00268,0.496828,0,0.996921,1.00149,-0.00181135,0,1.52757e-05,-0.00180707,1.00149
2,53,0.0390625,0.835938,0.996907,1.00281,0.496713,0,0.996552,1.00155,-0.00189814,0,2.2028e-05,-0.00208088,1.00155
3,53,0.0546875,0.835938,0.997002,1.00282,0.496598,0,0.996306,1.00161,-0.00198212,0,2.96935e-05,-0.00236767,1.00161
4,53,0.0703125,0.835938,0.997148,1.00268,0.496488,0,0.99622,1.00166,-0.00205717,0,3.76831e-05,-0.0026476,1.00166
5,53,0.0859375,0.835938,0.997371,1.00237,0.496389,0,0.99633,1.00171,-0.00211573,0,4.53009e-05,-0.00289858,1.00171
6,53,0.101562,0.835938,0.997692,1.00187,0.496312,0,0.996663,1.00175,-0.00214847,0,5.18144e-05,-0.00309879,1.00175
7,53,0.117188,0.835938,0.998122,1.00116,0.496265,0,0.997228,1.00178,-0.00214379,0,5.65356e-05,-0.00322864,1.00179
8,53,0.132812,0.835938,0.99866,1.00026,0.496263,0,0.998011,1.0018,-0.00208735,0,5.89386e-05,-0.00327434,1.00181
9,53,0.148438,0.835938,0.999286,0.999211,0.496321,0,0.998973,1.00181,-0.00196142,0,5.87606e-05,-0.00322976,1.00181
10,53,0.164062,0.835938,0.999968,0.998051,0.496462,0,1.00005,1.0018,-0.00174457,0,5.60554e-05,-0.00309661,1.0018
11,53,0.179688,0.835938,1.00066,0.996853,0.496707,0,1.00116,1.00176,-0.00141217,0,5.12183e-05,-0.00288476,1.00176
12,53,0.195312,0.835938,1.00132,0.995686,0.497081,0,1.00222,1.00171,-0.000938257,0,4.50116e-05,-0.00261316,1.00171
13,53,0.210938,0.835938,1.00189,0.994617,0.497609,0,1.00315,1.00163,-0.000299442,0,3.85309e-05,-0.00230728,1.00163
14,53,0.226562,0.835938,1.00234,0.993698,0.498304,0,1.00389,1.00153,0.00051849,0,3.2969e-05,-0.00198958,1.00153
15,53,0.242188,0.835938,1.00266,0.99296,0.499165,0,1.0044,1.00141,0.00151178,0,2.9401e-05,-0.0016776,1.00141
16,53,0.257812,0.835938,1.00285,0.99241,0.500167,0,1.00468,1.00126,0.00265126,0,2.86246e-05,-0.00138225,1.00127
17,53,0.273438,0.835938,1.00291,0.992037,0.501257,0,1.00476,1.0011,0.00387978,0,3.10939e-05,-0.00111065,1.00111
18,53,0.289062,0.835938,1.00288,0.991813,0.502361,0,1.00468,1.00093,0.00511535,0,3.68176e-05,-0.000863803,1.00094
19,53,0.304688,0.835938,1.00278,0.991702,0.50339,0,1.00449,1.00075,0.0062617,0,4.52769e-05,-0.000633797,1.00077
20,53,0.320312,0.835938,1.00266,0.991667,0.504259,0,1.00425,1.00056,0.00722486,0,5.56593e-05,-0.000417398,1.00059
21,53,0.335938,0.835938,1.00254,0.991674,0.504898,0,1.00402,1.00038,0.00792885,0,6.70669e-05,-0.000218353,1.00041
22,53,0.351562,0.835938,1.00244,0.991695,0.505266,0,1.00382,1.0002,0.00832696,0,7.87341e-05,-5.02225e-05,1.00023
23,53,0.367188,0.835938,1.00238,0.991713,0.505355,0,1.00368,1.00003,0.00840599,0,9.01694e-05,6.45765e-05,1.00006
24,53,0.382812,0.835938,1.00237,0.99172,0.505183,0,1.00361,0.999866,0.00818406,0,0.000101185,9.96441e-05,0.9999
25,53,0.398438,0.835938,1.00239,0.991718,0.504791,0,1.00362,0.999721,0.00770404,0,0.00011184,3.07335e-05,0.999751
26,53,0.414062,0.835938,1.00245,0.991715,0.504236,0,1.00369,0.999592,0.0070246,0,0.000122326,-0.000158424,0.999616
27,53,0.429688,0.835938,1.00253,0.99172,0.503575,0,1.00379,0.99948,0.0062107,0,0.000132848,-0.000472262,0.999499
28,53,0.445312,0.835938,1.00263,0.991747,0.502865,0,1.00392,0.999387,0.005325,0,0.000143525,-0.000902137,0.999401
29,53,0.460938,0.835938,1.00272,0.991806,0.502152,0,1.00406,0.999313,0.00442141,0,0.000154329,-0.00142761,0.999322
30,53,0.476562,0.835938,1.00279,0.991904,0.50147,0,1.00418,0.999258,0.00354131,0,0.000165076,-0.0020196,0.999264
31,53,0.492188,0.835938,1.00285,0.992046,0.50084,0,1.00429,0.999222,0.00271277,0,0.00017545,-0.00264479,0.999226
32,53,0.507812,0.835938,1.00288,0.992234,0.500271,0,1.00436,0.999206,0.00195225,0,0.00018506,-0.00326955,0.999207
33,53,0.523438,0.835938,1.00288,0.992465,0.499768,0,1.00441,0.999206,0.00126741,0,0.000193504,-0.00386343,0.999207
34,53,0.539062,0.835938,1.00284,0.992736,0.499326,0,1.00442,0.999223,0.000659942,0,0.000200423,-0.00440145,0.999223
35,53,0.554688,0.835938,1.00276,0.993041,0.498942,0,1.00441,0.999254,0.000128319,0,0.000205542,-0.00486515,0.999254
36,53,0.570312,0.835938,1.00264,0.993373,0.498611,0,1.00437,0.999298,-0.000330497,0,0.000208688,-0.00524254,0.999298
37,53,0.585938,0.835938,1.00248,0.993726,0.498329,0,1.00431,0.999353,-0.000720186,0,0.000209785,-0.00552732,0.999353
38,53,0.601562,0.835938,1.00226,0.994094,0.498091,0,1.00424,0.999417,-0.00104478,0,0.000208842,-0.00571793,0.999418
39,53,0.617188,0.835938,1.002,0.994469,0.497894,0,1.00415,0.999489,-0.00130865,0,0.000205939,-0.00581661,0.99949
40,53,0.632812,0.835938,1.00168,0.994848,0.497734,0,1.00405,0.999568,-0.00151655,0,0.0002012,-0.00582849,0.999569
41,53,0.648438,0.835938,1.0013,0.995226,0.497609,0,1.00394,0.999651,-0.00167363,0,0.00019479,-0.00576085,0.999652
42,53,0.664062,0.835938,1.00087,0.995599,0.497513,0,1.00383,0.999737,-0.00178539,0,0.000186895,-0.00562245,0.999739
43,53,0.679688,0.835938,1.00038,0.995964,0.497445,0,1.00371,0.999826,-0.00185751,0,0.000177715,-0.00542299,0.999828
44,53,0.695312,0.835938,0.99985,0.996321,0.497398,0,1.00359,0.999916,-0.0018957,0,0.000167458,-0.0051726,0.999918
45,53,0.710938,0.835938,0.999286,0.996666,0.497371,0,1.00346,1.00001,-0.00190562,0,0.000156332,-0.00488149,1.00001
46,53,0.726562,0.835938,0.998703,0.997001,0.497359,0,1.00332,1.0001,-0.00189269,0,0.000144542,-0.00455962,1.0001
47,53,0.742188,0.835938,0.99812,0.997324,0.497359,0,1.00317,1.00019,-0.00186201,0,0.000132285,-0.0042165,1.00019
48,53,0.757812,0.835938,0.997556,0.997636,0.497368,0,1.00302,1.00028,-0.00181833,0,0.000119752,-0.00386103,1.00028
49,53,0.773438,0.835938,0.997033,0.997939,0.497382,0,1.00285,1.00036,-0.00176601,0,0.000107119,-0.00350149,1.00036
50,53,0.789062,0.835938,0.99657,0.998234,0.497399,0,1.00267,1.00045,-0.00170897,0,9.45554e-05,-0.00314537,1.00045
51,53,0.804688,0.835938,0.996184,0.998523,0.497417,0,1.00247,1.00053,-0.00165075,0,8.22189e-05,-0.00279959,1.00053
52,53,0.820312,0.835938,0.995887,0.998808,0.497432,0,1.00225,1.00061,-0.0015945,0,7.02602e-05,-0.00247043,1.00061
53,53,0.835938,0.835938,0.995685,0.999091,0.497444,0,1.00201,1.00069,-0.00154302,0,5.88251e-05,-0.00216372,1.00069
54,53,0.851562,0.835938,0.99558,0.999376,0.49745,0,1.00174,1.00076,-0.00149872,0,4.80579e-05,-0.00188486,1.00076
55,53,0.867188,0.835938,0.995563,0.999665,0.497449,0,1.00144,1.00083,-0.00146372,0,3.81045e-05,-0.00163898,1.00084
56,53,0.882812,0.835938,0.995623,0.999961,0.497439,0,1.00111,1.00091,-0.00143976,0,2.91157e-05,-0.00143096,1.00091
57,53,0.898438,0.835938,0.995744,1.00026,0.497418,0,1.00074,1.00097,-0.00142827,0,2.12479e-05,-0.00126544,1.00098
58,53,0.914062,0.835938,0.995905,1.00058,0.497387,0,1.00033,1.00104,-0.00143028,0,1.4663e-05,-0.00114679,1.00104
59,53,0.929688,0.835938,0.996086,1.0009,0.497343,0,0.999892,1.00111,-0.00144645,0,9.52429e-06,-0.00107895,1.00111
60,53,0.945312,0.835938,0.996268,1.00123,0.497286,0,0.999417,1.00117,-0.00147696,0,5.98827e-06,-0.00106511,1.00118
61,53,0.960938,0.835938,0.996435,1.00156,0.497217,0,0.998914,1.00124,-0.00152148,0,4.19137e-06,-0.00110735,1.00124
62,53,0.976562,0.835938,0.996575,1.00189,0.497135,0,0.998394,1.0013,-0.00157911,0,4.23154e-06,-0.00120606,1.0013
63,53,0.992188,0.835938,0.996686,1.0022,0.497042,0,0.997872,1.00137,-0.0016483,0,6.14508e-06,-0.00135938,1.00137
0,54,0.0078125,0.851562,0.997308,1.00244,0.49673,0,0.997974,1.00117,-0.00177426,0,2.46219e-05,-0.00178843,1.00117
1,54,0.0234375,0.851562,0.997369,1.00265,0.496626,0,0.997566,1.00119,-0.00185849,0,2.89973e-05,-0.00199668,1.00119
2,54,0.0390625,0.851562,0.997434,1.00277,0.49652,0,0.99724,1.0012,-0.00194469,0,3.44137e-05,-0.00222785,1.0012
3,54,0.0546875,0.851562,0.997527,1.00278,0.496416,0,0.997034,1.00121,-0.00202739,0,4.04298e-05,-0.00246606,1.00121
4,54,0.0703125,0.851562,0.997673,1.00265,0.49632,0,0.996986,1.00121,-0.00209987,0,4.64606e-05,-0.00269172,1.00121
5,54,0.0859375,0.851562,0.997899,1.00234,0.496239,0,0.997132,1.0012,-0.00215392,0,5.18146e-05,-0.00288323,1.0012
6,54,0.101562,0.851562,0.998224,1.00184,0.496182,0,0.997499,1.00119,-0.00217958,0,5.57615e-05,-0.0030191,1.00119
7,54,0.117188,0.851562,0.99866,1.00113,0.496161,0,0.998095,1.00116,-0.00216474,0,5.76187e-05,-0.00308004,1.00116
8,54,0.132812,0.851562,0.999206,1.00023,0.496189,0,0.998909,1.00112,-0.00209465,0,5.68663e-05,-0.00305306,1.00112
9,54,0.148438,0.851562,0.999842,0.999166,0.496282,0,0.999903,1.00106,-0.00195154,0,5.32692e-05,-0.00293389,1.00106
10,54,0.164062,0.851562,1.00054,0.997992,0.496459,0,1.00101,1.00099,-0.00171424,0,4.69469e-05,-0.00272725,1.00099
11,54,0.179688,0.851562,1.00124,0.99677,0.496742,0,1.00216,1.0009,-0.00135877,0,3.84027e-05,-0.00244727,1.0009
12,54,0.195312,0.851562,1.00192,0.995573,0.497155,0,1.00326,1.00079,-0.000860236,0,2.8566e-05,-0.00211911,1.00079
13,54,0.210938,0.851562,1.00251,0.994465,0.497718,0,1.00422,1.00066,-0.000196835,0,1.87831e-05,-0.00177711,1.00066
14,54,0.226562,0.851562,1.00298,0.993501,0.498444,0,1.005,1.00051,0.000643839,0,1.0562e-05,-0.00145281,1.00051
15,54,0.242188,0.851562,1.00332,0.992713,0.499329,0,1.00554,1.00035,0.00165622,0,5.27436e-06,-0.00117002,1.00035
16,54,0.257812,0.851562,1.00352,0.992115,0.500347,0,1.00586,1.00017,0.00280956,0,3.95532e-06,-0.000943226,1.00018
17,54,0.273438,0.851562,1.0036,0.991699,0.501444,0,1.00596,0.999994,0.00404546,0,7.1727e-06,-0.000777643,1
18,54,0.289062,0.851562,1.00357,0.991444,0.502544,0,1.00588,0.999818,0.00528131,0,1.48702e-05,-0.000665597,0.999832
19,54,0.304688,0.851562,1.00346,0.991318,0.50356,0,1.00568,0.999649,0.00642107,0,2.62929e-05,-0.000585713,0.99967
20,54,0.320312,0.851562,1.00331,0.991288,0.504406,0,1.0054,0.999495,0.0073716,0,4.02467e-05,-0.00051774,0.999522
21,54,0.335938,0.851562,1.00315,0.991321,0.505016,0,1.0051,0.999358,0.00805821,0,5.53645e-05,-0.000447444,0.999391
22,54,0.351562,0.851562,1.003,0.99139,0.50535,0,1.00481,0.999244,0.00843564,0,7.04068e-05,-0.00037271,0.999279
23,54,0.367188,0.851562,1.00287,0.991475,0.505399,0,1.00457,0.999153,0.00849198,0,8.44684e-05,-0.000304229,0.999189
24,54,0.382812,0.851562,1.00277,0.991564,0.505185,0,1.00438,0.999086,0.00824642,0,9.70611e-05,-0.000262211,0.999121
25,54,0.398438,0.851562,1.00271,0.991654,0.50475,0,1.00426,0.999044,0.0077426,0,0.000108089,-0.000270945,0.999074
26,54,0.414062,0.851562,1.00268,0.991747,0.504149,0,1.00419,0.999023,0.00703969,0,0.000117745,-0.000352721,0.999048
27,54,0.429688,0.851562,1.00268,0.991849,0.503444,0,1.00417,0.999023,0.00620293,0,0.000126378,-0.000522797,0.999042
28,54,0.445312,0.851562,1.00268,0.991966,0.502691,0,1.00418,0.99904,0.00529523,0,0.000134357,-0.000786298,0.999054
29,54,0.460938,0.851562,1.00269,0.992105,0.501936,0,1.0042,0.999073,0.00437066,0,0.000141965,-0.00113742,0.999083
30,54,0.476562,0.851562,1.0027,0.992272,0.501216,0,1.00423,0.999119,0.00347083,0,0.00014934,-0.00156074,0.999125
31,54,0.492188,0.851562,1.00269,0.99247,0.50055,0,1.00426,0.999176,0.00262406,0,0.000156463,-0.00203414,0.99918
32,54,0.507812,0.851562,1.00267,0.9927,0.49995,0,1.00427,0.999242,0.00184706,0,0.000163186,-0.00253217,0.999243
33,54,0.523438,0.851562,1.00262,0.99296,0.499419,0,1.00427,0.999314,0.0011477,0,0.000169279,-0.00302934,0.999315
34,54,0.539062,0.851562,1.00255,0.993246,0.498955,0,1.00425,0.999392,0.000527848,0,0.000174488,-0.00350261,0.999392
35,54,0.554688,0.851562,1.00244,0.993556,0.498554,0,1.00422,0.999472,-1.3955e-05,0,0.000178579,-0.00393304,0.999472
36,54,0.570312,0.851562,1.00231,0.993883,0.49821,0,1.00417,0.999555,-0.000480756,0,0.000181371,-0.00430632,0.999555
37,54,0.585938,0.851562,1.00213,0.994223,0.497918,0,1.00411,0.999639,-0.000876315,0,0.000182743,-0.00461261,0.99964
38,54,0.601562,0.851562,1.00192,0.99457,0.497676,0,1.00404,0.999724,-0.0012048,0,0.000182635,-0.00484614,0.999724
39,54,0.617188,0.851562,1.00166,0.994921,0.497478,0,1.00397,0.999808,-0.00147074,0,0.000181043,-0.00500468,0.999809
40,54,0.632812,0.851562,1.00135,0.995273,0.49732,0,1.00389,0.999891,-0.00167907,0,0.000178005,-0.00508896,0.999892
41,54,0.648438,0.851562,1.001,0.99562,0.497199,0,1.0038,0.999972,-0.00183513,0,0.000173599,-0.00510221,0.999974
42,54,0.664062,0.851562,1.0006,0.995962,0.49711,0,1.00371,1.00005,-0.00194456,0,0.000167933,-0.00504958,1.00005
43,54,0.679688,0.851562,1.00016,0.996297,0.497049,0,1.00362,1.00013,-0.00201321,0,0.000161136,-0.00493778,1.00013
44,54,0.695312,0.851562,0.999683,0.996623,0.497013,0,1.00352,1.00021,-0.00204696,0,0.000153356,-0.0047745,1.00021
45,54,0.710938,0.851562,0.999182,0.996939,0.496996,0,1.00341,1.00028,-0.00205161,0,0.000144753,-0.00456809,1.00028
46,54,0.726562,0.851562,0.99867,0.997245,0.496995,0,1.0033,1.00035,-0.00203272,0,0.000135492,-0.00432715,1.00036
47,54,0.742188,0.851562,0.998162,0.997542,0.497006,0,1.00318,1.00042,-0.00199554,0,0.00012574,-0.00406027,1.00043
48,54,0.757812,0.851562,0.997678,0.99783,0.497026,0,1.00305,1.00049,-0.00194494,0,0.000115663,-0.00377577,1.00049
49,54,0.773438,0.851562,0.997235,0.998109,0.497052,0,1.00291,1.00056,-0.00188539,0,0.00010542,-0.00348159,1.00056
50,54,0.789062,0.851562,0.996849,0.998383,0.497081,0,1.00275,1.00062,-0.00182097,0,9.5164e-05,-0.00318507,1.00062
51,54,0.804688,0.851562,0.996536,0.998652,0.497109,0,1.00258,1.00068,-0.00175533,0,8.50386e-05,-0.00289306,1.00068
52,54,0.820312,0.851562,0.996304,0.998919,0.497136,0,1.00239,1.00074,-0.00169173,0,7.51811e-05,-0.00261184,1.00074
53,54,0.835938,0.851562,0.996158,0.999185,0.497158,0,1.00217,1.00079,-0.00163306,0,6.57224e-05,-0.00234721,1.00079
54,54,0.851562,0.851562,0.996097,0.999454,0.497173,0,1.00194,1.00084,-0.00158188,0,5.67907e-05,-0.00210453,1.00084
55,54,0.867188,0.851562,0.996114,0.999729,0.497181,0,1.00167,1.00089,-0.00154038,0,4.85129e-05,-0.0018888,1.00089
56,54,0.882812,0.851562,0.996197,1.00001,0.497179,0,1.00137,1.00093,-0.00151043,0,4.10189e-05,-0.00170478,1.00093
57,54,0.898438,0.851562,0.99633,1.0003,0.497166,0,1.00104,1.00097,-0.00149352,0,3.44426e-05,-0.00155694,1.00097
58,54,0.914062,0.851562,0.996495,1.0006,0.497141,0,1.00067,1.00101,-0.00149078,0,2.89223e-05,-0.00144945,1.00101
59,54,0.929688,0.851562,0.996673,1.00091,0.497104,0,1.00027,1.00104,-0.00150294,0,2.45978e-05,-0.00138605,1.00105
60,54,0.945312,0.851562,0.996847,1.00123,0.497054,0,0.99984,1.00108,-0.00153021,0,2.16037e-05,-0.00136979,1.00108
61,54,0.960938,0.851562,0.997004,1.00156,0.49699,0,0.999381,1.0011,-0.00157229,0,2.00575e-05,-0.00140265,1.00111
62,54,0.976562,0.851562,0.997133,1.00188,0.496914,0,0.998906,1.00113,-0.00162824,0,2.00418e-05,-0.00148503,1.00113
63,54,0.992188,0.851562,0.997233,1.00218,0.496826,0,0.998429,1.00115,-0.00169639,0,2.15826e-05,-0.00161514,1.00115
0,55,0.0078125,0.867188,0.997807,1.00244,0.496564,0,0.998492,1.00096,-0.00178598,0,3.42072e-05,-0.00185243,1.00096
1,55,0.0234375,0.867188,0.997858,1.00265,0.496466,0,0.998123,1.00093,-0.001867,0,3.73975e-05,-0.00201512,1.00094
2,55,0.0390625,0.867188,0.997915,1.00278,0.496368,0,0.997834,1.0009,-0.00194969,0,4.13458e-05,-0.00219545,1.00091
3,55,0.0546875,0.867188,0.998002,1.0028,0.496273,0,0.997662,1.00087,-0.00202814,0,4.56224e-05,-0.00237788,1.00087
4,55,0.0703125,0.867188,0.998145,1.00267,0.49619,0,0.997646,1.00082,-0.0020951,0,4.96554e-05,-0.00254335,1.00083
5,55,0.0859375,0.867188,0.998369,1.00237,0.496125,0,0.99782,1.00077,-0.00214179,0,5.2764e-05,-0.00267069,1.00077
6,55,0.101562,0.867188,0.998694,1.00188,0.49609,0,0.998212,1.0007,-0.0021577,0,5.42265e-05,-0.00273912,1.00071
7,55,0.117188,0.867188,0.999132,1.00118,0.496094,0,0.998832,1.00063,-0.00213024,0,5.33727e-05,-0.00273064,1.00063
8,55,0.132812,0.867188,0.999681,1.00029,0.496152,0,0.999669,1.00054,-0.00204444,0,4.96998e-05,-0.00263267,1.00054
9,55,0.148438,0.867188,1.00032,0.999227,0.496279,0,1.00068,1.00043,-0.00188261,0,4.29907e-05,-0.0024425,1.00043
10,55,0.164062,0.867188,1.00103,0.99805,0.496493,0,1.00182,1.00031,-0.00162403,0,3.34356e-05,-0.00216847,1.00031
11,55,0.179688,0.867188,1.00175,0.996817,0.496816,0,1.00299,1.00016,-0.00124562,0,2.16471e-05,-0.00182905,1.00016
12,55,0.195312,0.867188,1.00243,0.9956,0.497267,0,1.00412,1,-0.000723921,0,8.71792e-06,-0.00145563,1
13,55,0.210938,0.867188,1.00304,0.994465,0.497865,0,1.00512,0.99983,-3.90999e-05,0,-3.76883e-06,-0.00109132,0.99983
14,55,0.226562,0.867188,1.00354,0.993466,0.498621,0,1.00593,0.999642,0.000818965,0,-1.39942e-05,-0.000777367,0.999643
15,55,0.242188,0.867188,1.0039,0.99264,0.499527,0,1.00651,0.999447,0.00184254,0,-2.02974e-05,-0.000543666,0.999449
16,55,0.257812,0.867188,1.00411,0.992003,0.500555,0,1.00685,0.999252,0.00299904,0,-2.14304e-05,-0.000407595,0.999256
17,55,0.273438,0.867188,1.0042,0.991553,0.50165,0,1.00697,0.999062,0.00422891,0,-1.67405e-05,-0.000371892,0.999071
18,55,0.289062,0.867188,1.00417,0.991273,0.502737,0,1.0069,0.998888,0.00544925,0,-6.37735e-06,-0.000419618,0.998903
19,55,0.304688,0.867188,1.00405,0.991137,0.503728,0,1.00668,0.998736,0.00656492,0,8.6447e-06,-0.000515493,0.998757
20,55,0.320312,0.867188,1.00388,0.991115,0.50454,0,1.00637,0.998613,0.00748457,0,2.67364e-05,-0.000622062,0.998641
21,55,0.335938,0.867188,1.00368,0.991174,0.505108,0,1.00601,0.998525,0.00813586,0,4.60611e-05,-0.000707261,0.998558
22,55,0.351562,0.867188,1.00347,0.991287,0.505394,0,1.00564,0.998472,0.00847605,0,6.49152e-05,-0.000753524,0.998508
23,55,0.367188,0.867188,1.00328,0.991432,0.505394,0,1.0053,0.998457,0.00849552,0,8.19944e-05,-0.000759901,0.998493
24,55,0.382812,0.867188,1.00311,0.991594,0.505129,0,1.00501,0.998476,0.00821531,0,9.65242e-05,-0.000740126,0.99851
25,55,0.398438,0.867188,1.00297,0.991764,0.504644,0,1.00477,0.998528,0.00768031,0,0.000108263,-0.000717741,0.998557
26,55,0.414062,0.867188,1.00286,0.99194,0.503997,0,1.00458,0.998606,0.00695039,0,0.000117404,-0.000719823,0.99863
27,55,0.429688,0.867188,1.00277,0.992122,0.503247,0,1.00445,0.998705,0.00609103,0,0.000124432,-0.000770921,0.998724
28,55,0.445312,0.867188,1.00271,0.992314,0.502453,0,1.00435,0.998822,0.00516498,0,0.00012995,-0.000888474,0.998835
29,55,0.460938,0.867188,1.00265,0.992519,0.501663,0,1.00428,0.99895,0.004226,0,0.000134534,-0.00108009,0.998959
30,55,0.476562,0.867188,1.00259,0.99274,0.50091,0,1.00423,0.999084,0.00331527,0,0.000138631,-0.00134315,0.99909
31,55,0.492188,0.867188,1.00253,0.99298,0.500217,0,1.00418,0.999222,0.00246068,0,0.000142506,-0.00166648,0.999225
32,55,0.507812,0.867188,1.00246,0.993239,0.499595,0,1.00414,0.999358,0.00167854,0,0.000146247,-0.002033,0.99936
33,55,0.523438,0.867188,1.00237,0.993517,0.499047,0,1.0041,0.999492,0.000976362,0,0.000149799,-0.0024228,0.999492
34,55,0.539062,0.867188,1.00227,0.99381,0.49857,0,1.00405,0.99962,0.000355666,0,0.00015302,-0.00281575,0.99962
35,55,0.554688,0.867188,1.00214,0.994116,0.49816,0,1.004,0.999741,-0.000185325,0,0.000155732,-0.00319354,0.999741
36,55,0.570312,0.867188,1.00199,0.994431,0.497812,0,1.00395,0.999855,-0.000649966,0,0.000157759,-0.00354073,0.999856
37,55,0.585938,0.867188,1.00181,0.994752,0.497521,0,1.00389,0.999961,-0.0010423,0,0.000158953,-0.00384512,0.999962
38,55,0.601562,0.867188,1.0016,0.995075,0.497281,0,1.00383,1.00006,-0.00136674,0,0.000159202,-0.00409774,1.00006
39,55,0.617188,0.867188,1.00135,0.995399,0.497089,0,1.00377,1.00015,-0.00162803,0,0.000158432,-0.00429275,1.00015
40,55,0.632812,0.867188,1.00106,0.995719,0.496939,0,1.0037,1.00023,-0.00183126,0,0.000156609,-0.00442718,1.00023
41,55,0.648438,0.867188,1.00074,0.996035,0.496827,0,1.00364,1.00031,-0.00198187,0,0.000153737,-0.00450065,1.00031
42,55,0.664062,0.867188,1.00038,0.996345,0.496749,0,1.00357,1.00038,-0.00208559,0,0.000149849,-0.00451506,1.00038
43,55,0.679688,0.867188,0.999986,0.996647,0.4967,0,1.00349,1.00044,-0.00214831,0,0.000145012,-0.00447419,1.00045
44,55,0.695312,0.867188,0.999566,0.996941,0.496676,0,1.00341,1.0005,-0.00217595,0,0.000139316,-0.00438332,1.00051
45,55,0.710938,0.867188,0.999128,0.997227,0.496672,0,1.00333,1.00056,-0.00217431,0,0.00013287,-0.00424881,1.00056
46,55,0.726562,0.867188,0.998687,0.997504,0.496684,0,1.00324,1.00061,-0.00214897,0,0.0001258,-0.00407771,1.00062
47,55,0.742188,0.867188,0.998255,0.997774,0.496708,0,1.00314,1.00066,-0.00210519,0,0.000118239,-0.00387744,1.00067
48,55,0.757812,0.867188,0.997848,0.998036,0.49674,0,1.00304,1.00071,-0.00204787,0,0.000110325,-0.00365548,1.00071
49,55,0.773438,0.867188,0.997481,0.998293,0.496778,0,1.00292,1.00075,-0.0019815,0,0.000102194,-0.0034191,1.00075
50,55,0.789062,0.867188,0.99717,0.998544,0.496819,0,1.00278,1.00079,-0.00191017,0,9.39801e-05,-0.00317526,1.00079
51,55,0.804688,0.867188,0.996924,0.998793,0.496858,0,1.00264,1.00083,-0.00183758,0,8.58091e-05,-0.0029305,1.00083
52,55,0.820312,0.867188,0.996751,0.999041,0.496895,0,1.00247,1.00086,-0.00176704,0,7.78016e-05,-0.00269083,1.00086
53,55,0.835938,0.867188,0.996654,0.99929,0.496927,0,1.00229,1.00089,-0.00170149,0,7.0071e-05,-0.00246183,1.00089
54,55,0.851562,0.867188,0.996631,0.999543,0.496951,0,1.00208,1.00092,-0.00164353,0,6.27271e-05,-0.0022487,1.00092
55,55,0.867188,0.867188,0.996675,0.999803,0.496967,0,1.00184,1.00094,-0.00159541,0,5.58772e-05,-0.00205622,1.00094
56,55,0.882812,0.867188,0.996773,1.00007,0.496972,0,1.00157,1.00096,-0.00155907,0,4.96295e-05,-0.00188889,1.00096
57,55,0.898438,0.867188,0.996912,1.00035,0.496966,0,1.00128,1.00097,-0.00153606,0,4.40956e-05,-0.00175096,1.00098
58,55,0.914062,0.867188,0.997075,1.00064,0.496948,0,1.00095,1.00099,-0.0015276,0,3.93911e-05,-0.00164639,1.00099
59,55,0.929688,0.867188,0.997244,1.00094,0.496916,0,1.00059,1.00099,-0.00153443,0,3.56338e-05,-0.00157872,1.00099
60,55,0.945312,0.867188,0.997405,1.00125,0.49687,0,1.00019,1.00099,-0.00155686,0,3.29385e-05,-0.00155092,1.001
61,55,0.960938,0.867188,0.997547,1.00157,0.496811,0,0.999776,1.00099,-0.00159459,0,3.14062e-05,-0.00156497,1.00099
62,55,0.976562,0.867188,0.99766,1.00188,0.496739,0,0.999342,1.00099,-0.00164666,0,3.11073e-05,-0.00162139,1.00099
63,55,0.992188,0.867188,0.997746,1.00218,0.496656,0,0.998907,1.00097,-0.00171133,0,3.20588e-05,-0.00171874,1.00098
0,56,0.0078125,0.882812,0.998251,1.00246,0.496449,0,0.998914,1.00078,-0.00176661,0,3.88297e-05,-0.00177556,1.00078
1,56,0.0234375,0.882812,0.998288,1.00267,0.496355,0,0.99858,1.00072,-0.00184207,0,4.07015e-05,-0.00188601,1.00072
2,56,0.0390625,0.882812,0.998334,1.00281,0.496262,0,0.998322,1.00066,-0.00191878,0,4.30803e-05,-0.00200922,1.00066
3,56,0.0546875,0.882812,0.998412,1.00284,0.496176,0,0.998178,1.00059,-0.00199043,0,4.55584e-05,-0.00213054,1.00059
4,56,0.0703125,0.882812,0.998548,1.00273,0.496103,0,0.998185,1.00051,-0.00204932,0,4.75858e-05,-0.00223169,1.00051
5,56,0.0859375,0.882812,0.998767,1.00245,0.496054,0,0.99838,1.00042,-0.00208615,0,4.85023e-05,-0.00229229,1.00042
6,56,0.101562,0.882812,0.999089,1.00197,0.496038,0,0.998789,1.00031,-0.00208991,0,4.76009e-05,-0.00229216,1.00032
7,56,0.117188,0.882812,0.999525,1.00129,0.496067,0,0.999423,1.0002,-0.00204768,0,4.4225e-05,-0.0022144,1.0002
8,56,0.132812,0.882812,1.00007,1.00042,0.496154,0,1.00027,1.00006,-0.00194434,0,3.78972e-05,-0.00204886,1.00007
9,56,0.148438,0.882812,1.00072,0.99937,0.496315,0,1.0013,0.999916,-0.00176239,0,2.84429e-05,-0.00179292,0.999918
10,56,0.164062,0.882812,1.00143,0.9982,0.496566,0,1.00245,0.999751,-0.0014818,0,1.60912e-05,-0.00145836,0.999752
11,56,0.179688,0.882812,1.00215,0.996968,0.496927,0,1.00365,0.99957,-0.00108062,0,1.57786e-06,-0.00106885,0.99957
12,56,0.195312,0.882812,1.00285,0.995743,0.497415,0,1.0048,0.999373,-0.00053714,0,-1.38453e-05,-0.000661809,0.999373
13,56,0.210938,0.882812,1.00348,0.994591,0.498048,0,1.00582,0.999163,0.000166107,0,-2.83805e-05,-0.000288466,0.999163
14,56,0.226562,0.882812,1.00399,0.993568,0.49883,0,1.00666,0.998945,0.00103653,0,-3.99156e-05,-5.95053e-08,0.998946
15,56,0.242188,0.882812,1.00437,0.992713,0.499754,0,1.00727,0.998727,0.00206385,0,-4.65111e-05,0.000167463,0.998729
16,56,0.257812,0.882812,1.0046,0.992047,0.500786,0,1.00764,0.998515,0.00321353,0,-4.67369e-05,0.000194917,0.99852
17,56,0.273438,0.882812,1.00469,0.991572,0.501872,0,1.00778,0.99832,0.00442487,0,-3.98899e-05,8.26514e-05,0.99833
18,56,0.289062,0.882812,1.00466,0.991276,0.502936,0,1.00771,0.998152,0.00561514,0,-2.62425e-05,-0.00014272,0.998168
19,56,0.304688,0.882812,1.00454,0.991136,0.503891,0,1.00748,0.99802,0.00669073,0,-7.0889e-06,-0.000431827,0.998042
20,56,0.320312,0.882812,1.00434,0.991123,0.504656,0,1.00713,0.99793,0.00756299,0,1.55778e-05,-0.000730185,0.997959
21,56,0.335938,0.882812,1.00411,0.991208,0.50517,0,1.00673,0.997887,0.00816295,0,3.94586e-05,-0.000988476,0.997921
22,56,0.351562,0.882812,1.00386,0.991362,0.505399,0,1.00629,0.997894,0.00845138,0,6.24032e-05,-0.00117432,0.997929
23,56,0.367188,0.882812,1.00361,0.99156,0.505339,0,1.00587,0.997947,0.00842181,0,8.27312e-05,-0.00127563,0.997983
24,56,0.382812,0.882812,1.00337,0.991785,0.505017,0,1.00549,0.998045,0.00809776,0,9.94039e-05,-0.00129983,0.998078
25,56,0.398438,0.882812,1.00317,0.992023,0.504478,0,1.00515,0.998179,0.00752579,0,0.00011205,-0.00126933,0.998208
26,56,0.414062,0.882812,1.00299,0.992267,0.503782,0,1.00487,0.998344,0.00676659,0,0.000120873,-0.00121505,0.998367
27,56,0.429688,0.882812,1.00283,0.992515,0.502989,0,1.00463,0.998531,0.00588572,0,0.000126486,-0.00116962,0.998549
28,56,0.445312,0.882812,1.0027,0.992766,0.502159,0,1.00445,0.998733,0.00494546,0,0.000129716,-0.00116128,0.998745
29,56,0.460938,0.882812,1.00258,0.993022,0.501337,0,1.0043,0.998941,0.00399873,0,0.000131419,-0.00120965,0.998949
30,56,0.476562,0.882812,1.00247,0.993283,0.50056,0,1.00417,0.99915,0.0030857,0,0.000132328,-0.00132382,0.999155
31,56,0.492188,0.882812,1.00236,0.993553,0.499849,0,1.00407,0.999354,0.00223321,0,0.000132978,-0.00150286,0.999356
32,56,0.507812,0.882812,1.00225,0.99383,0.499215,0,1.00399,0.999549,0.0014566,0,0.000133683,-0.00173785,0.99955
33,56,0.523438,0.882812,1.00213,0.994114,0.498659,0,1.00391,0.999731,0.000762473,0,0.000134559,-0.0020147,0.999731
34,56,0.539062,0.882812,1.00201,0.994405,0.49818,0,1.00384,0.999899,0.000151587,0,0.000135578,-0.00231677,0.999899
35,56,0.554688,0.882812,1.00186,0.994701,0.497772,0,1.00378,1.00005,-0.000378506,0,0.000136624,-0.00262726,1.00005
36,56,0.570312,0.882812,1.0017,0.994999,0.497429,0,1.00372,1.00019,-0.000831721,0,0.000137539,-0.0029306,1.00019
37,56,0.585938,0.882812,1.00152,0.995297,0.497145,0,1.00366,1.00031,-0.00121255,0,0.000138162,-0.00321324,1.00031
38,56,0.601562,0.882812,1.00132,0.995594,0.496916,0,1.00361,1.00041,-0.00152576,0,0.000138341,-0.00346402,1.00041
39,56,0.617188,0.882812,1.00108,0.995887,0.496736,0,1.00356,1.0005,-0.00177633,0,0.000137952,-0.0036744,1.0005
40,56,0.632812,0.882812,1.00082,0.996176,0.4966,0,1.0035,1.00058,-0.00196947,0,0.000136898,-0.00383841,1.00058
41,56,0.648438,0.882812,1.00052,0.996459,0.496503,0,1.00345,1.00065,-0.00211071,0,0.000135119,-0.00395265,1.00065
42,56,0.664062,0.882812,1.0002,0.996736,0.49644,0,1.0034,1.00071,-0.00220574,0,0.000132587,-0.00401612,1.00071
43,56,0.679688,0.882812,0.999855,0.997006,0.496406,0,1.00334,1.00075,-0.00226042,0,0.000129305,-0.00402996,1.00076
44,56,0.695312,0.882812,0.999491,0.997268,0.496397,0,1.00328,1.0008,-0.00228056,0,0.000125312,-0.00399708,1.0008
45,56,0.710938,0.882812,0.999116,0.997524,0.496408,0,1.00321,1.00083,-0.00227186,0,0.000120668,-0.00392183,1.00084
46,56,0.726562,0.882812,0.998743,0.997773,0.496435,0,1.00314,1.00086,-0.00223982,0,0.000115457,-0.00380958,1.00087
47,56,0.742188,0.882812,0.998383,0.998015,0.496473,0,1.00306,1.00089,-0.00218957,0,0.000109776,-0.0036664,1.00089
48,56,0.757812,0.882812,0.998049,0.998252,0.496519,0,1.00297,1.00091,-0.00212594,0,0.000103733,-0.00349867,1.00092
49,56,0.773438,0.882812,0.997754,0.998484,0.496569,0,1.00288,1.00094,-0.00205335,0,9.74375e-05,-0.00331283,1.00094
50,56,0.789062,0.882812,0.99751,0.998714,0.496621,0,1.00276,1.00095,-0.00197583,0,9.10007e-05,-0.00311514,1.00095
51,56,0.804688,0.882812,0.997325,0.998942,0.496672,0,1.00264,1.00097,-0.00189702,0,8.4528e-05,-0.00291156,1.00097
52,56,0.820312,0.882812,0.997204,0.999171,0.496719,0,1.0025,1.00098,-0.00182023,0,7.81201e-05,-0.00270774,1.00098
53,56,0.835938,0.882812,0.997149,0.999403,0.49676,0,1.00233,1.00098,-0.00174838,0,7.18712e-05,-0.00250886,1.00099
54,56,0.851562,0.882812,0.997157,0.999639,0.496793,0,1.00215,1.00099,-0.00168406,0,6.58711e-05,-0.00231971,1.00099
55,56,0.867188,0.882812,0.99722,0.999884,0.496816,0,1.00194,1.00099,-0.00162955,0,6.02066e-05,-0.00214478,1.00099
56,56,0.882812,0.882812,0.997327,1.00014,0.496828,0,1.00171,1.00099,-0.0015868,0,5.49647e-05,-0.00198824,1.00099
57,56,0.898438,0.882812,0.997466,1.0004,0.496827,0,1.00144,1.00098,-0.00155743,0,5.0235e-05,-0.00185403,1.00098
58,56,0.914062,0.882812,0.99762,1.00068,0.496814,0,1.00115,1.00097,-0.00154267,0,4.61114e-05,-0.00174588,1.00097
59,56,0.929688,0.882812,0.997776,1.00097,0.496785,0,1.00082,1.00095,-0.00154334,0,4.26915e-05,-0.00166716,1.00095
60,56,0.945312,0.882812,0.99792,1.00128,0.496743,0,1.00047,1.00093,-0.00155977,0,4.00723e-05,-0.00162076,1.00093
61,56,0.960938,0.882812,0.998043,1.00159,0.496687,0,1.00009,1.0009,-0.0015917,0,3.83405e-05,-0.00160872,1.0009
62,56,0.976562,0.882812,0.998138,1.0019,0.496618,0,0.99969,1.00086,-0.00163817,0,3.75546e-05,-0.00163183,1.00087
63,56,0.992188,0.882812,0.998205,1.00219,0.496537,0,0.999293,1.00082,-0.00169738,0,3.77323e-05,-0.00168851,1.00083
0,57,0.0078125,0.898438,0.998627,1.00248,0.49639,0,0.999233,1.00063,-0.00172134,0,3.89602e-05,-0.00158526,1.00063
1,57,0.0234375,0.898438,0.998648,1.0027,0.496299,0,0.998927,1.00055,-0.00178938,0,3.94128e-05,-0.00163894,1.00055
2,57,0.0390625,0.898438,0.998681,1.00285,0.49621,0,0.998695,1.00046,-0.0018581,0,4.01539e-05,-0.00170106,1.00047
3,57,0.0546875,0.898438,0.998748,1.00289,0.496129,0,0.998572,1.00037,-0.00192087,0,4.08045e-05,-0.00175803,1.00037
4,57,0.0703125,0.898438,0.998875,1.0028,0.496066,0,0.998597,1.00026,-0.00196956,0,4.08457e-05,-0.00179264,1.00026
5,57,0.0859375,0.898438,0.999086,1.00254,0.496029,0,0.998804,1.00014,-0.00199443,0,3.9646e-05,-0.00178554,1.00014
6,57,0.101562,0.898438,0.9994,1.0021,0.496031,0,0.999222,1.00001,-0.00198405,0,3.65235e-05,-0.00171743,1.00001
7,57,0.117188,0.898438,0.99983,1.00144,0.496082,0,0.999862,0.999861,-0.00192518,0,3.08402e-05,-0.00157224,0.999862
8,57,0.132812,0.898438,1.00037,1.00059,0.496197,0,1.00072,0.999698,-0.00180269,0,2.21401e-05,-0.00134128,0.9997
9,57,0.148438,0.898438,1.00102,0.999571,0.49639,0,1.00175,0.999519,-0.00159946,0,1.0304e-05,-0.00102733,0.99952
10,57,0.164062,0.898438,1.00173,0.998418,0.496677,0,1.00291,0.999323,-0.00129626,0,-4.36716e-06,-0.000640527,0.999324
11,57,0.179688,0.898438,1.00246,0.997196,0.497075,0,1.00411,0.999112,-0.000872553,0,-2.10589e-05,-0.000210235,0.999112
12,57,0.195312,0.898438,1.00317,0.995973,0.4976,0,1.00528,0.998887,-0.000308652,0,-3.83574e-05,0.000219344,0.998887
13,57,0.210938,0.898438,1.0038,0.994814,0.498265,0,1.00633,0.998652,0.000410193,0,-5.42684e-05,0.000589454,0.998652
14,57,0.226562,0.898438,1.00433,0.993778,0.499071,0,1.0072,0.998413,0.00128827,0,-6.64229e-05,0.000839556,0.998414
15,57,0.242188,0.898438,1.00472,0.992905,0.500007,0,1.00783,0.998179,0.00231246,0,-7.26157e-05,0.000927357,0.998182
16,57,0.257812,0.898438,1.00497,0.992219,0.501037,0,1.00822,0.99796,0.00344612,0,-7.12672e-05,0.000833203,0.997966
17,57,0.273438,0.898438,1.00507,0.991728,0.502106,0,1.00838,0.997766,0.00462756,0,-6.16627e-05,0.000561285,0.997777
18,57,0.289062,0.898438,1.00505,0.991422,0.503136,0,1.00831,0.997609,0.0057746,0,-4.42261e-05,0.000148088,0.997625
19,57,0.304688,0.898438,1.00492,0.991282,0.504044,0,1.00808,0.997498,0.00679589,0,-2.05488e-05,-0.000343018,0.997521
20,57,0.320312,0.898438,1.0047,0.991282,0.504752,0,1.00771,0.997442,0.00760629,0,6.97022e-06,-0.000841028,0.997471
21,57,0.335938,0.898438,1.00444,0.991392,0.505201,0,1.00726,0.997444,0.00814117,0,3.55838e-05,-0.00128034,0.997477
22,57,0.351562,0.898438,1.00415,0.991582,0.505362,0,1.00677,0.997504,0.00836562,0,6.27198e-05,-0.00161476,0.997539
23,57,0.367188,0.898438,1.00385,0.991827,0.505235,0,1.00629,0.99762,0.00827709,0,8.63517e-05,-0.00182197,0.997655
24,57,0.382812,0.898438,1.00356,0.992105,0.50485,0,1.00583,0.997786,0.0079021,0,0.000105207,-0.00190357,0.997818
25,57,0.398438,0.898438,1.0033,0.992398,0.504255,0,1.00541,0.997994,0.00728915,0,0.000118808,-0.00188088,0.99802
26,57,0.414062,0.898438,1.00306,0.992698,0.503509,0,1.00504,0.998232,0.00649979,0,0.000127382,-0.00178817,0.998254
27,57,0.429688,0.898438,1.00284,0.992998,0.502676,0,1.00473,0.998493,0.00559947,0,0.000131676,-0.00166504,0.998508
28,57,0.445312,0.898438,1.00266,0.993294,0.501814,0,1.00447,0.998764,0.00464964,0,0.000132731,-0.00154917,0.998775
29,57,0.460938,0.898438,1.00249,0.993586,0.500969,0,1.00425,0.999038,0.00370189,0,0.000131663,-0.00147077,0.999045
30,57,0.476562,0.898438,1.00233,0.993875,0.500176,0,1.00408,0.999306,0.00279484,0,0.000129478,-0.00144934,0.99931
31,57,0.492188,0.898438,1.00219,0.994162,0.499456,0,1.00393,0.999562,0.00195376,0,0.000126959,-0.0014932,0.999564
32,57,0.507812,0.898438,1.00205,0.994447,0.498819,0,1.00381,0.999802,0.00119248,0,0.000124631,-0.00160102,0.999802
33,57,0.523438,0.898438,1.00191,0.994731,0.498266,0,1.00371,1.00002,0.000516263,0,0.00012277,-0.00176436,1.00002
34,57,0.539062,0.898438,1.00176,0.995013,0.497793,0,1.00362,1.00022,-7.52583e-05,0,0.000121458,-0.00197035,1.00022
35,57,0.554688,0.898438,1.00161,0.995293,0.497396,0,1.00354,1.00039,-0.000585487,0,0.000120643,-0.00220421,1.00039
36,57,0.570312,0.898438,1.00144,0.99557,0.497067,0,1.00348,1.00054,-0.0010191,0,0.000120194,-0.00245103,1.00054
37,57,0.585938,0.898438,1.00126,0.995844,0.4968,0,1.00342,1.00066,-0.00138118,0,0.000119943,-0.00269676,1.00067
38,57,0.601562,0.898438,1.00107,0.996112,0.496588,0,1.00337,1.00077,-0.00167689,0,0.000119714,-0.00292897,1.00077
39,57,0.617188,0.898438,1.00085,0.996375,0.496427,0,1.00333,1.00086,-0.00191148,0,0.000119343,-0.00313718,1.00086
40,57,0.632812,0.898438,1.00061,0.996632,0.49631,0,1.00328,1.00092,-0.00209027,0,0.000118683,-0.0033132,1.00093
41,57,0.648438,0.898438,1.00034,0.996883,0.496233,0,1.00324,1.00098,-0.00221879,0,0.00011762,-0.00345122,1.00098
42,57,0.664062,0.898438,1.00006,0.997128,0.496189,0,1.0032,1.00102,-0.00230266,0,0.000116069,-0.00354776,1.00102
43,57,0.679688,0.898438,0.999761,0.997366,0.496174,0,1.00316,1.00105,-0.00234757,0,0.000113984,-0.00360161,1.00105
44,57,0.695312,0.898438,0.99945,0.997598,0.496183,0,1.00311,1.00107,-0.00235916,0,0.00011135,-0.0036135,1.00108
45,57,0.710938,0.898438,0.999135,0.997824,0.496211,0,1.00306,1.00109,-0.00234293,0,0.000108182,-0.00358581,1.00109
46,57,0.726562,0.898438,0.998826,0.998045,0.496254,0,1.003,1.0011,-0.00230414,0,0.000104522,-0.00352219,1.0011
47,57,0.742188,0.898438,0.998532,0.998261,0.496307,0,1.00293,1.0011,-0.00224777,0,0.000100431,-0.00342724,1.00111
48,57,0.757812,0.898438,0.998265,0.998473,0.496368,0,1.00286,1.0011,-0.00217844,0,9.59834e-05,-0.00330608,1.00111
49,57,0.773438,0.898438,0.998034,0.998682,0.496431,0,1.00278,1.0011,-0.00210043,0,9.12618e-05,-0.00316408,1.0011
50,57,0.789062,0.898438,0.997849,0.998889,0.496496,0,1.00268,1.0011,-0.00201762,0,8.63503e-05,-0.00300666,1.0011
51,57,0.804688,0.898438,0.997717,0.999097,0.496557,0,1.00258,1.00109,-0.00193356,0,8.13324e-05,-0.00283911,1.00109
52,57,0.820312,0.898438,0.99764,0.999306,0.496614,0,1.00245,1.00108,-0.00185145,0,7.62867e-05,-0.00266637,1.00108
53,57,0.835938,0.898438,0.997619,0.99952,0.496664,0,1.00231,1.00106,-0.00177414,0,7.12868e-05,-0.00249311,1.00107
54,57,0.851562,0.898438,0.99765,0.99974,0.496704,0,1.00215,1.00105,-0.00170419,0,6.64019e-05,-0.00232364,1.00105
55,57,0.867188,0.898438,0.997726,0.999968,0.496734,0,1.00197,1.00103,-0.00164385,0,6.16982e-05,-0.002162,1.00103
56,57,0.882812,0.898438,0.997836,1.00021,0.496752,0,1.00177,1.00101,-0.00159507,0,5.72416e-05,-0.00201195,1.00101
57,57,0.898438,0.898438,0.997969,1.00046,0.496756,0,1.00153,1.00098,-0.00155945,0,5.31007e-05,-0.00187711,1.00098
58,57,0.914062,0.898438,0.998112,1.00073,0.496746,0,1.00127,1.00095,-0.00153826,0,4.93492e-05,-0.00176089,1.00095
59,57,0.929688,0.898438,0.998251,1.00101,0.49672,0,1.00097,1.00091,-0.00153236,0,4.60658e-05,-0.00166648,1.00091
60,57,0.945312,0.898438,0.998375,1.0013,0.49668,0,1.00065,1.00087,-0.00154212,0,4.33314e-05,-0.00159671,1.00087
61,57,0.960938,0.898438,0.998476,1.00161,0.496625,0,1.00031,1.00082,-0.00156729,0,4.12184e-05,-0.00155374,1.00082
62,57,0.976562,0.898438,0.99855,1.00191,0.496557,0,0.999944,1.00076,-0.00160692,0,3.97794e-05,-0.00153816,1.00076
63,57,0.992188,0.898438,0.998598,1.00221,0.496478,0,0.99958,1.0007,-0.00165921,0,3.90395e-05,-0.00154963,1.0007
0,58,0.0078125,0.914062,0.998926,1.0025,0.496393,0,0.999446,1.00051,-0.00165535,0,3.525e-05,-0.00131105,1.00051
1,58,0.0234375,0.914062,0.998932,1.00273,0.496302,0,0.999165,1.00041,-0.0017146,0,3.4216e-05,-0.00130575,1.00041
2,58,0.0390625,0.914062,0.998951,1.00289,0.496215,0,0.998953,1.00031,-0.00177382,0,3.32798e-05,-0.0013049,1.00031
3,58,0.0546875,0.914062,0.999006,1.00295,0.496138,0,0.998845,1.00019,-0.00182608,0,3.20977e-05,-0.00129618,1.00019
4,58,0.0703125,0.914062,0.999121,1.00288,0.496081,0,0.99888,1.00007,-0.00186289,0,3.01897e-05,-0.00126374,1.00007
5,58,0.0859375,0.914062,0.99932,1.00265,0.496056,0,0.999092,0.999928,-0.00187411,0,2.69621e-05,-0.0011894,0.99993
6,58,0.101562,0.914062,0.999625,1.00224,0.496072,0,0.999511,0.999775,-0.00184794,0,2.17677e-05,-0.00105511,0.999777
7,58,0.117188,0.914062,1.00005,1.00162,0.496144,0,1.00015,0.999608,-0.00177093,0,1.39976e-05,-0.000845826,0.999609
8,58,0.132812,0.914062,1.00058,1.0008,0.496285,0,1.001,0.999424,-0.001628,0,3.22239e-06,-0.000554122,0.999426
9,58,0.148438,0.914062,1.00122,0.99981,0.496509,0,1.00203,0.999225,-0.00140251,0,-1.0644e-05,-0.00018464,0.999225
10,58,0.164062,0.914062,1.00193,0.998683,0.496829,0,1.00319,0.999008,-0.0010763,0,-2.71973e-05,0.000243436,0.999009
11,58,0.179688,0.914062,1.00266,0.997479,0.497263,0,1.0044,0.998777,-0.000630426,0,-4.55087e-05,0.0007033,0.998777
12,58,0.195312,0.914062,1.00338,0.996266,0.497822,0,1.00558,0.998534,-4.74891e-05,0,-6.40615e-05,0.00114516,0.998534
13,58,0.210938,0.914062,1.00403,0.99511,0.498515,0,1.00664,0.998283,0.000684241,0,-8.06907e-05,0.00150157,0.998284
14,58,0.226562,0.914062,1.00457,0.994068,0.49934,0,1.00753,0.998033,0.00156561,0,-9.28067e-05,0.00170322,0.998034
15,58,0.242188,0.914062,1.00498,0.993185,0.500283,0,1.00819,0.997791,0.00258033,0,-9.79623e-05,0.00170154,0.997795
16,58,0.257812,0.914062,1.00524,0.992488,0.501304,0,1.00861,0.997571,0.0036896,0,-9.44562e-05,0.00147762,0.997578
17,58,0.273438,0.914062,1.00535,0.991987,0.502347,0,1.00878,0.997384,0.00483095,0,-8.16036e-05,0.0010406,0.997396
18,58,0.289062,0.914062,1.00533,0.991677,0.503334,0,1.00872,0.997242,0.00592317,0,-6.00085e-05,0.000436834,0.99726
19,58,0.304688,0.914062,1.00519,0.991541,0.504184,0,1.00848,0.997156,0.0068778,0,-3.15717e-05,-0.000256706,0.99718
20,58,0.320312,0.914062,1.00496,0.991555,0.504824,0,1.0081,0.997133,0.00761407,0,9.05767e-07,-0.000953297,0.997163
21,58,0.335938,0.914062,1.00468,0.991689,0.505198,0,1.00763,0.997178,0.00807245,0,3.42495e-05,-0.00157233,0.99721
22,58,0.351562,0.914062,1.00435,0.991912,0.505282,0,1.0071,0.997288,0.00822316,0,6.54965e-05,-0.00205509,0.997322
23,58,0.367188,0.914062,1.00402,0.992197,0.505083,0,1.00656,0.99746,0.00806813,0,9.23116e-05,-0.00237022,0.997493
24,58,0.382812,0.914062,1.00369,0.992518,0.504631,0,1.00604,0.997685,0.00763727,0,0.000113225,-0.00251442,0.997715
25,58,0.398438,0.914062,1.00338,0.992857,0.503977,0,1.00556,0.997954,0.0069812,0,0.000127685,-0.00250828,0.997979
26,58,0.414062,0.914062,1.00309,0.9932,0.503184,0,1.00513,0.998254,0.00616224,0,0.00013596,-0.00238916,0.998273
27,58,0.429688,0.914062,1.00283,0.993538,0.502314,0,1.00476,0.998574,0.00524552,0,0.000138938,-0.00220286,0.998588
28,58,0.445312,0.914062,1.00259,0.993867,0.501426,0,1.00444,0.998901,0.00429127,0,0.000137872,-0.00199533,0.99891
29,58,0.460938,0.914062,1.00238,0.994184,0.500565,0,1.00417,0.999226,0.00334928,0,0.000134124,-0.00180591,0.999231
30,58,0.476562,0.914062,1.00219,0.99449,0.499765,0,1.00395,0.999538,0.00245615,0,0.000128949,-0.00166312,0.999541
31,58,0.492188,0.914062,1.00202,0.994784,0.499046,0,1.00377,0.999832,0.00163507,0,0.000123359,-0.00158336,0.999834
32,58,0.507812,0.914062,1.00186,0.995069,0.498415,0,1.00362,1.0001,0.000897956,0,0.000118065,-0.00157203,1.0001
33,58,0.523438,0.914062,1.0017,0.995346,0.497875,0,1.00349,1.00034,0.000248386,0,0.000113491,-0.00162587,1.00034
34,58,0.539062,0.914062,1.00154,0.995615,0.497419,0,1.00339,1.00056,-0.000315446,0,0.00010982,-0.0017357,1.00056
35,58,0.554688,0.914062,1.00138,0.995876,0.497042,0,1.0033,1.00074,-0.000798098,0,0.000107058,-0.00188902,1.00074
36,58,0.570312,0.914062,1.00121,0.99613,0.496735,0,1.00323,1.00089,-0.00120516,0,0.000105101,-0.00207204,1.0009
37,58,0.585938,0.914062,1.00104,0.996378,0.496492,0,1.00317,1.00102,-0.00154237,0,0.000103785,-0.0022709,1.00102
38,58,0.601562,0.914062,1.00085,0.996618,0.496305,0,1.00312,1.00112,-0.00181537,0,0.000102917,-0.00247257,1.00112
39,58,0.617188,0.914062,1.00065,0.996851,0.496168,0,1.00308,1.0012,-0.00202963,0,0.000102298,-0.00266543,1.0012
40,58,0.632812,0.914062,1.00043,0.997078,0.496076,0,1.00304,1.00125,-0.0021906,0,0.000101747,-0.0028397,1.00125
41,58,0.648438,0.914062,1.0002,0.997299,0.496022,0,1.00301,1.00129,-0.00230372,0,0.000101101,-0.00298772,1.00129
42,58,0.664062,0.914062,0.999951,0.997513,0.496001,0,1.00297,1.00131,-0.00237449,0,0.000100232,-0.00310406,1.00132
43,58,0.679688,0.914062,0.999695,0.997722,0.496008,0,1.00294,1.00133,-0.00240835,0,9.90441e-05,-0.00318548,1.00133
44,58,0.695312,0.914062,0.999434,0.997925,0.496038,0,1.0029,1.00133,-0.00241069,0,9.74767e-05,-0.00323074,1.00133
45,58,0.710938,0.914062,0.999173,0.998123,0.496085,0,1.00286,1.00132,-0.00238671,0,9.55025e-05,-0.0032404,1.00132
46,58,0.726562,0.914062,0.998922,0.998317,0.496145,0,1.00281,1.00131,-0.00234139,0,9.31226e-05,-0.0032164,1.00131
47,58,0.742188,0.914062,0.998687,0.998508,0.496215,0,1.00276,1.00129,-0.00227942,0,9.03617e-05,-0.00316181,1.00129
48,58,0.757812,0.914062,0.998478,0.998696,0.49629,0,1.00269,1.00127,-0.00220518,0,8.72616e-05,-0.00308042,1.00127
49,58,0.773438,0.914062,0.998304,0.998882,0.496368,0,1.00262,1.00124,-0.0021227,0,8.38745e-05,-0.00297646,1.00125
50,58,0.789062,0.914062,0.99817,0.999067,0.496444,0,1.00254,1.00122,-0.00203569,0,8.02583e-05,-0.00285435,1.00122
51,58,0.804688,0.914062,0.998081,0.999254,0.496517,0,1.00245,1.00119,-0.0019475,0,7.6472e-05,-0.00271848,1.00119
52,58,0.820312,0.914062,0.998039,0.999444,0.496583,0,1.00235,1.00116,-0.00186119,0,7.25717e-05,-0.00257305,1.00116
53,58,0.835938,0.914062,0.998044,0.999639,0.496641,0,1.00223,1.00112,-0.00177951,0,6.86097e-05,-0.00242205,1.00113
54,58,0.851562,0.914062,0.998092,0.999842,0.496689,0,1.00209,1.00109,-0.00170491,0,6.46346e-05,-0.00226922,1.00109
55,58,0.867188,0.914062,0.998174,1.00005,0.496725,0,1.00193,1.00105,-0.00163959,0,6.0692e-05,-0.00211805,1.00105
56,58,0.882812,0.914062,0.998283,1.00028,0.496747,0,1.00174,1.00101,-0.00158543,0,5.68277e-05,-0.00197184,1.00101
57,58,0.898438,0.914062,0.998406,1.00052,0.496755,0,1.00154,1.00097,-0.00154405,0,5.30905e-05,-0.00183378,1.00097
58,58,0.914062,0.914062,0.998534,1.00077,0.496747,0,1.0013,1.00092,-0.0015167,0,4.95345e-05,-0.00170697,1.00092
59,58,0.929688,0.914062,0.998654,1.00104,0.496724,0,1.00104,1.00087,-0.00150425,0,4.62213e-05,-0.00159438,1.00087
60,58,0.945312,0.914062,0.998756,1.00133,0.496684,0,1.00075,1.00081,-0.0015071,0,4.32163e-05,-0.00149875,1.00081
61,58,0.960938,0.914062,0.998836,1.00163,0.49663,0,1.00043,1.00074,-0.00152504,0,4.05789e-05,-0.00142204,1.00075
62,58,0.976562,0.914062,0.998888,1.00193,0.496561,0,1.0001,1.00067,-0.00155711,0,3.83635e-05,-0.00136551,1.00067
63,58,0.992188,0.914062,0.998916,1.00222,0.496481,0,0.999766,1.00059,-0.00160151,0,3.65963e-05,-0.00132926,1.0006
0,59,0.0078125,0.929688,0.999148,1.00251,0.496461,0,0.999556,1.0004,-0.00157343,0,2.84377e-05,-0.000981441,1.0004
1,59,0.0234375,0.929688,0.999137,1.00275,0.496369,0,0.999295,1.0003,-0.00162298,0,2.58763e-05,-0.000916879,1.0003
2,59,0.0390625,0.929688,0.999142,1.00292,0.496281,0,0.999098,1.00018,-0.00167161,0,2.32443e-05,-0.000852956,1.00018
3,59,0.0546875,0.929688,0.999183,1.00301,0.496207,0,0.999,1.00005,-0.00171218,0,2.02383e-05,-0.000778795,1.00006
4,59,0.0703125,0.929688,0.999285,1.00296,0.496155,0,0.999038,0.999917,-0.00173585,0,1.64249e-05,-0.000680053,0.999918
5,59,0.0859375,0.929688,0.999472,1.00276,0.496138,0,0.999249,0.999767,-0.00173213,0,1.12571e-05,-0.000540051,0.999768
6,59,0.101562,0.929688,0.999764,1.00238,0.496167,0,0.999661,0.999602,-0.00168893,0,4.13239e-06,-0.000342159,0.999604
7,59,0.117188,0.929688,1.00017,1.0018,0.496257,0,1.00029,0.999423,-0.00159262,0,-5.51715e-06,-7.27168e-05,0.999424
8,59,0.132812,0.929688,1.0007,1.00103,0.496421,0,1.00113,0.999227,-0.00142826,0,-1.80851e-05,0.000274311,0.999228
9,59,0.148438,0.929688,1.00133,1.00007,0.496673,0,1.00215,0.999015,-0.00117983,0,-3.36189e-05,0.000692489,0.999016
10,59,0.164062,0.929688,1.00203,0.998975,0.497025,0,1.0033,0.998788,-0.000830385,0,-5.16537e-05,0.00115942,0.998788
11,59,0.179688,0.929688,1.00277,0.997797,0.49749,0,1.00451,0.998546,-0.000362883,0,-7.11047e-05,0.00163635,0.998546
12,59,0.195312,0.929688,1.00349,0.996601,0.498079,0,1.0057,0.998293,0.000237592,0,-9.03031e-05,0.00207727,0.998293
13,59,0.210938,0.929688,1.00414,0.995453,0.498797,0,1.00678,0.998035,0.000979538,0,-0.00010701,0.00241105,0.998036
14,59,0.226562,0.929688,1.0047,0.994413,0.499637,0,1.00769,0.997781,0.00186008,0,-0.000118477,0.00255714,0.997783
15,59,0.242188,0.929688,1.00512,0.993527,0.500579,0,1.00837,0.99754,0.00285952,0,-0.000122037,0.00245987,0.997544
16,59,0.257812,0.929688,1.0054,0.992825,0.501584,0,1.00881,0.997326,0.00393687,0,-0.000115888,0.00210236,0.997333
17,59,0.273438,0.929688,1.00552,0.99232,0.502591,0,1.009,0.997151,0.00502908,0,-9.9415e-05,0.00150019,0.997164
18,59,0.289062,0.929688,1.00551,0.99201,0.503525,0,1.00896,0.997029,0.00605642,0,-7.34307e-05,0.000709559,0.997047
19,59,0.304688,0.929688,1.00537,0.99188,0.504308,0,1.00873,0.99697,0.00693396,0,-4.01539e-05,-0.000179589,0.996994
20,59,0.320312,0.929688,1.00514,0.991908,0.504869,0,1.00834,0.996981,0.00758599,0,-2.77818e-06,-0.0010659,0.99701
21,59,0.335938,0.929688,1.00484,0.992063,0.505159,0,1.00785,0.997066,0.00795884,0,3.51218e-05,-0.00185525,0.997098
22,59,0.351562,0.929688,1.00449,0.992315,0.50516,0,1.00729,0.997222,0.0080285,0,7.02295e-05,-0.00247794,0.997254
23,59,0.367188,0.929688,1.00412,0.992632,0.504882,0,1.00672,0.997443,0.00780181,0,9.99445e-05,-0.00289508,0.997473
24,59,0.382812,0.929688,1.00376,0.992989,0.50436,0,1.00616,0.997719,0.00731233,0,0.000122642,-0.0030996,0.997746
25,59,0.398438,0.929688,1.00341,0.993363,0.503649,0,1.00563,0.998039,0.00661282,0,0.000137733,-0.003112,0.998061
26,59,0.414062,0.929688,1.00308,0.993739,0.502811,0,1.00515,0.998389,0.00576627,0,0.000145553,-0.00297282,0.998405
27,59,0.429688,0.929688,1.00279,0.994106,0.50191,0,1.00473,0.998754,0.00483717,0,0.000147144,-0.00273351,0.998766
28,59,0.445312,0.929688,1.00252,0.994456,0.501002,0,1.00437,0.999123,0.00388411,0,0.000143968,-0.00244726,0.999131
29,59,0.460938,0.929688,1.00228,0.994789,0.500134,0,1.00406,0.999484,0.00295469,0,0.000137617,-0.00216122,0.999488
30,59,0.476562,0.929688,1.00206,0.995102,0.499336,0,1.00381,0.999827,0.00208301,0,0.000129575,-0.00191153,0.99983
31,59,0.492188,0.929688,1.00186,0.995397,0.498627,0,1.00359,1.00015,0.00128978,0,0.000121054,-0.00172133,1.00015
32,59,0.507812,0.929688,1.00168,0.995676,0.498014,0,1.00342,1.00043,0.000584665,0,0.000112934,-0.00160169,1.00043
33,59,0.523438,0.929688,1.00151,0.995941,0.497495,0,1.00328,1.00069,-3.07269e-05,0,0.000105761,-0.00155388,1.00069
34,59,0.539062,0.929688,1.00134,0.996194,0.497065,0,1.00316,1.00091,-0.000559832,0,9.98039e-05,-0.00157198,1.00091
35,59,0.554688,0.929688,1.00117,0.996435,0.496716,0,1.00306,1.00109,-0.00100851,0,9.51204e-05,-0.0016458,1.00109
36,59,0.570312,0.929688,1.00101,0.996667,0.49644,0,1.00298,1.00124,-0.00138334,0,9.16314e-05,-0.0017629,1.00124
37,59,0.585938,0.929688,1.00084,0.996889,0.496227,0,1.00292,1.00136,-0.00169078,0,8.91747e-05,-0.00191003,1.00136
38,59,0.601562,0.929688,1.00066,0.997102,0.496071,0,1.00287,1.00145,-0.00193692,0,8.75448e-05,-0.00207409,1.00145
39,59,0.617188,0.929688,1.00047,0.997308,0.495965,0,1.00282,1.00151,-0.00212748,0,8.65216e-05,-0.00224292,1.00152
40,59,0.632812,0.929688,1.00028,0.997507,0.495901,0,1.00278,1.00155,-0.00226795,0,8.58898e-05,-0.00240575,1.00156
41,59,0.648438,0.929688,1.00007,0.9977,0.495875,0,1.00275,1.00157,-0.0023637,0,8.54526e-05,-0.00255362,1.00158
42,59,0.664062,0.929688,0.999863,0.997886,0.49588,0,1.00272,1.00158,-0.00241997,0,8.50407e-05,-0.00267955,1.00158
43,59,0.679688,0.929688,0.999647,0.998068,0.495911,0,1.00269,1.00157,-0.00244196,0,8.45181e-05,-0.00277866,1.00157
44,59,0.695312,0.929688,0.999431,0.998245,0.495963,0,1.00265,1.00155,-0.00243469,0,8.37837e-05,-0.00284805,1.00155
45,59,0.710938,0.929688,0.999219,0.998417,0.496031,0,1.00261,1.00152,-0.00240302,0,8.27705e-05,-0.00288656,1.00152
46,59,0.726562,0.929688,0.999018,0.998586,0.49611,0,1.00257,1.00148,-0.00235158,0,8.1442e-05,-0.00289458,1.00149
47,59,0.742188,0.929688,0.998835,0.998753,0.496197,0,1.00253,1.00144,-0.0022847,0,7.9788e-05,-0.00287369,1.00145
48,59,0.757812,0.929688,0.998676,0.998918,0.496288,0,1.00247,1.0014,-0.00220646,0,7.78178e-05,-0.00282633,1.0014
49,59,0.773438,0.929688,0.998548,0.999082,0.496379,0,1.00241,1.00136,-0.0021206,0,7.55544e-05,-0.0027555,1.00136
50,59,0.789062,0.929688,0.998456,0.999246,0.496467,0,1.00234,1.00131,-0.00203056,0,7.30289e-05,-0.00266454,1.00131
51,59,0.804688,0.929688,0.998402,0.999413,0.49655,0,1.00226,1.00126,-0.00193949,0,7.02756e-05,-0.00255689,1.00126
52,59,0.820312,0.929688,0.998388,0.999583,0.496626,0,1.00217,1.00121,-0.00185025,0,6.73284e-05,-0.0024359,1.00121
53,59,0.835938,0.929688,0.998411,0.99976,0.496692,0,1.00207,1.00116,-0.00176543,0,6.42184e-05,-0.00230481,1.00116
54,59,0.851562,0.929688,0.998469,0.999945,0.496747,0,1.00195,1.00111,-0.00168736,0,6.09739e-05,-0.0021667,1.00111
55,59,0.867188,0.929688,0.998553,1.00014,0.496788,0,1.00181,1.00106,-0.00161812,0,5.76211e-05,-0.00202445,1.00106
56,59,0.882812,0.929688,0.998655,1.00035,0.496814,0,1.00165,1.001,-0.00155953,0,5.41862e-05,-0.00188084,1.001
57,59,0.898438,0.929688,0.998767,1.00057,0.496825,0,1.00146,1.00094,-0.00151316,0,5.06992e-05,-0.00173859,1.00095
58,59,0.914062,0.929688,0.998877,1.00081,0.49682,0,1.00125,1.00088,-0.00148024,0,4.71964e-05,-0.00160041,1.00088
59,59,0.929688,0.929688,0.998977,1.00107,0.496797,0,1.00102,1.00082,-0.00146163,0,4.37226e-05,-0.00146901,1.00082
60,59,0.945312,0.929688,0.999058,1.00135,0.496758,0,1.00075,1.00075,-0.00145774,0,4.03273e-05,-0.00134692,1.00075
61,59,0.960938,0.929688,0.999115,1.00164,0.496702,0,1.00047,1.00067,-0.00146837,0,3.70625e-05,-0.00123605,1.00067
62,59,0.976562,0.929688,0.999147,1.00194,0.496632,0,1.00016,1.00059,-0.00149259,0,3.39807e-05,-0.00113825,1.00059
63,59,0.992188,0.929688,0.999155,1.00223,0.49655,0,0.999853,1.0005,-0.00152859,0,3.11106e-05,-0.00105386,1.0005
0,60,0.0078125,0.945312,0.999292,1.00251,0.496593,0,0.999569,1.0003,-0.0014797,0,1.92649e-05,-0.000621413,1.00031
1,60,0.0234375,0.945312,0.999266,1.00276,0.496499,0,0.999323,1.00019,-0.00151903,0,1.5153e-05,-0.000498775,1.00019
2,60,0.0390625,0.945312,0.999256,1.00295,0.496411,0,0.999136,1.00007,-0.00155642,0,1.08175e-05,-0.000372988,1.00007
3,60,0.0546875,0.945312,0.999283,1.00305,0.496337,0,0.999043,0.999941,-0.00158448,0,6.00016e-06,-0.000234712,0.999942
4,60,0.0703125,0.945312,0.999371,1.00303,0.496288,0,0.99908,0.999798,-0.00159412,0,3.20538e-07,-7.13202e-05,0.999799
5,60,0.0859375,0.945312,0.999543,1.00287,0.496278,0,0.999283,0.999642,-0.00157455,0,-6.71218e-06,0.000132155,0.999644
6,60,0.101562,0.945312,0.999821,1.00252,0.496318,0,0.999682,0.999473,-0.00151341,0,-1.56448e-05,0.000390638,0.999474
7,60,0.117188,0.945312,1.00022,1.00199,0.496424,0,1.00029,0.999289,-0.001397,0,-2.69924e-05,0.0007161,0.99929
8,60,0.132812,0.945312,1.00073,1.00125,0.496609,0,1.00111,0.999088,-0.00121058,0,-4.11006e-05,0.00111295,0.999089
9,60,0.148438,0.945312,1.00135,1.00034,0.496885,0,1.00212,0.998872,-0.000938851,0,-5.797e-05,0.00157287,0.998872
10,60,0.164062,0.945312,1.00204,0.999281,0.497265,0,1.00326,0.99864,-0.000566214,0,-7.70756e-05,0.00207061,0.99864
11,60,0.179688,0.945312,1.00278,0.998133,0.497759,0,1.00446,0.998395,-7.77581e-05,0,-9.72374e-05,0.00256262,0.998395
12,60,0.195312,0.945312,1.0035,0.996959,0.498375,0,1.00565,0.998141,0.000538571,0,-0.000116588,0.00298911,0.998141
13,60,0.210938,0.945312,1.00417,0.995826,0.499112,0,1.00675,0.997884,0.00128797,0,-0.000132753,0.00328743,0.997884
14,60,0.226562,0.945312,1.00474,0.994793,0.49996,0,1.00768,0.997633,0.00216373,0,-0.000142991,0.00337344,0.997635
15,60,0.242188,0.945312,1.00518,0.993908,0.500896,0,1.00839,0.997399,0.00314253,0,-0.000144477,0.00317828,0.997404
16,60,0.257812,0.945312,1.00547,0.993204,0.501875,0,1.00885,0.997197,0.00418116,0,-0.0001353,0.00268692,0.997206
17,60,0.273438,0.945312,1.00561,0.992698,0.502837,0,1.00907,0.99704,0.00521632,0,-0.000114945,0.00192379,0.997053
18,60,0.289062,0.945312,1.00561,0.992389,0.503708,0,1.00905,0.996941,0.00617019,0,-8.44698e-05,0.000955149,0.99696
19,60,0.304688,0.945312,1.00548,0.992267,0.504412,0,1.00883,0.996911,0.00696201,0,-4.64139e-05,-0.000117042,0.996935
20,60,0.320312,0.945312,1.00524,0.992307,0.504884,0,1.00845,0.996957,0.00752182,0,-4.34831e-06,-0.00117804,0.996985
21,60,0.335938,0.945312,1.00493,0.992481,0.505083,0,1.00795,0.99708,0.00780243,0,3.77827e-05,-0.00212181,0.997111
22,60,0.351562,0.945312,1.00457,0.992756,0.504995,0,1.00739,0.997278,0.00778607,0,7.63526e-05,-0.00286944,0.997308
23,60,0.367188,0.945312,1.00418,0.9931,0.504634,0,1.00679,0.997542,0.00748483,0,0.000108544,-0.00337614,0.99757
24,60,0.382812,0.945312,1.00379,0.993484,0.504042,0,1.0062,0.997861,0.00693606,0,0.000132627,-0.00363244,0.997886
25,60,0.398438,0.945312,1.00342,0.993885,0.503275,0,1.00564,0.998223,0.00619457,0,0.000148015,-0.00365966,0.998242
26,60,0.414062,0.945312,1.00306,0.994285,0.502396,0,1.00513,0.99861,0.00532377,0,0.000155142,-0.00350181,0.998625
27,60,0.429688,0.945312,1.00274,0.994671,0.501469,0,1.00468,0.99901,0.00438718,0,0.000155219,-0.00321568,0.99902
28,60,0.445312,0.945312,1.00244,0.995036,0.50055,0,1.00428,0.999408,0.00344137,0,0.000149913,-0.0028608,0.999414
29,60,0.460938,0.945312,1.00217,0.995376,0.499683,0,1.00394,0.999793,0.00253127,0,0.000141036,-0.00249096,0.999796
30,60,0.476562,0.945312,1.00194,0.995691,0.498897,0,1.00366,1.00015,0.00168811,0,0.000130274,-0.00214846,1.00016
31,60,0.492188,0.945312,1.00172,0.995982,0.498208,0,1.00342,1.00048,0.000929814,0,0.000119016,-0.00186187,1.00049
32,60,0.507812,0.945312,1.00152,0.996252,0.497621,0,1.00323,1.00078,0.000263493,0,0.000108277,-0.00164678,1.00078
33,60,0.523438,0.945312,1.00134,0.996503,0.497134,0,1.00306,1.00104,-0.00031139,0,9.87048e-05,-0.00150807,1.00104
34,60,0.539062,0.945312,1.00116,0.996739,0.496738,0,1.00293,1.00126,-0.000800027,0,9.06332e-05,-0.00144258,1.00126
35,60,0.554688,0.945312,1.00099,0.996961,0.496426,0,1.00282,1.00143,-0.00120965,0,8.41596e-05,-0.00144214,1.00143
36,60,0.570312,0.945312,1.00083,0.99717,0.496186,0,1.00273,1.00157,-0.00154784,0,7.92218e-05,-0.00149569,1.00158
37,60,0.585938,0.945312,1.00066,0.997369,0.49601,0,1.00266,1.00168,-0.0018218,0,7.56584e-05,-0.0015908,1.00168
38,60,0.601562,0.945312,1.0005,0.997559,0.49589,0,1.0026,1.00176,-0.00203803,0,7.32536e-05,-0.00171471,1.00176
39,60,0.617188,0.945312,1.00033,0.99774,0.495818,0,1.00255,1.0018,-0.00220246,0,7.17683e-05,-0.00185512,1.0018
40,60,0.632812,0.945312,1.00015,0.997914,0.495787,0,1.00251,1.00182,-0.00232059,0,7.0962e-05,-0.00200074,1.00183
41,60,0.648438,0.945312,0.999972,0.998082,0.495792,0,1.00247,1.00182,-0.00239763,0,7.06084e-05,-0.00214177,1.00183
42,60,0.664062,0.945312,0.999791,0.998244,0.495825,0,1.00244,1.00181,-0.00243858,0,7.05057e-05,-0.00227015,1.00181
43,60,0.679688,0.945312,0.99961,0.998401,0.495882,0,1.0024,1.00178,-0.00244828,0,7.04835e-05,-0.0023797,1.00178
44,60,0.695312,0.945312,0.999432,0.998554,0.495958,0,1.00237,1.00173,-0.00243138,0,7.04056e-05,-0.00246611,1.00174
45,60,0.710938,0.945312,0.999261,0.998703,0.496047,0,1.00233,1.00168,-0.00239232,0,7.01699e-05,-0.00252681,1.00169
46,60,0.726562,0.945312,0.999103,0.99885,0.496146,0,1.0023,1.00163,-0.00233532,0,6.97063e-05,-0.00256073,1.00163
47,60,0.742188,0.945312,0.998963,0.998994,0.49625,0,1.00225,1.00157,-0.00226435,0,6.89721e-05,-0.00256805,1.00157
48,60,0.757812,0.945312,0.998846,0.999137,0.496355,0,1.0022,1.0015,-0.0021831,0,6.79463e-05,-0.00254992,1.00151
49,60,0.773438,0.945312,0.998756,0.99928,0.49646,0,1.00215,1.00144,-0.002095,0,6.66239e-05,-0.00250812,1.00144
50,60,0.789062,0.945312,0.998697,0.999424,0.49656,0,1.00209,1.00137,-0.00200318,0,6.50104e-05,-0.0024449,1.00138
51,60,0.804688,0.945312,0.99867,0.999571,0.496654,0,1.00202,1.00131,-0.00191053,0,6.31168e-05,-0.00236271,1.00131
52,60,0.820312,0.945312,0.998676,0.999722,0.496739,0,1.00194,1.00124,-0.00181969,0,6.0955e-05,-0.00226402,1.00124
53,60,0.835938,0.945312,0.998711,0.99988,0.496812,0,1.00185,1.00118,-0.00173305,0,5.85361e-05,-0.00215129,1.00118
54,60,0.851562,0.945312,0.998773,1.00005,0.496873,0,1.00174,1.00111,-0.00165278,0,5.58693e-05,-0.00202685,1.00111
55,60,0.867188,0.945312,0.998854,1.00022,0.496919,0,1.00162,1.00104,-0.00158084,0,5.29619e-05,-0.00189296,1.00104
56,60,0.882812,0.945312,0.998948,1.00042,0.49695,0,1.00148,1.00097,-0.00151894,0,4.98223e-05,-0.00175181,1.00098
57,60,0.898438,0.945312,0.999045,1.00063,0.496963,0,1.00132,1.0009,-0.00146857,0,4.64625e-05,-0.00160562,1.00091
58,60,0.914062,0.945312,0.999138,1.00085,0.496959,0,1.00113,1.00083,-0.00143091,0,4.29015e-05,-0.00145665,1.00083
59,60,0.929688,0.945312,0.999217,1.0011,0.496937,0,1.00091,1.00076,-0.00140681,0,3.91679e-05,-0.00130728,1.00076
60,60,0.945312,0.945312,0.999277,1.00136,0.496897,0,1.00068,1.00068,-0.00139667,0,3.5296e-05,-0.00115966,1.00068
61,60,0.960938,0.945312,0.999314,1.00165,0.496841,0,1.00041,1.00059,-0.00140028,0,3.13318e-05,-0.00101597,1.00059
62,60,0.976562,0.945312,0.999326,1.00194,0.496769,0,1.00013,1.0005,-0.00141673,0,2.73226e-05,-0.000878101,1.00051
63,60,0.992188,0.945312,0.999316,1.00223,0.496685,0,0.999846,1.00041,-0.00144419,0,2.33008e-05,-0.000746825,1.00041
0,61,0.0078125,0.960938,0.999363,1.0025,0.496787,0,0.999493,1.00021,-0.00137746,0,8.41188e-06,-0.00025084,1.00021
1,61,0.0234375,0.960938,0.999323,1.00276,0.496691,0,0.999258,1.0001,-0.00140637,0,2.73434e-06,-7.22627e-05,1.0001
2,61,0.0390625,0.960938,0.999299,1.00296,0.496601,0,0.999078,0.999973,-0.00143216,0,-3.3107e-06,0.000113373,0.999974
3,61,0.0546875,0.960938,0.999312,1.00308,0.496527,0,0.998985,0.999841,-0.00144725,0,-9.93305e-06,0.000313788,0.999842
4,61,0.0703125,0.960938,0.999385,1.00309,0.496481,0,0.999016,0.999698,-0.00144231,0,-1.74537e-05,0.000539737,0.999699
5,61,0.0859375,0.960938,0.999542,1.00296,0.496476,0,0.999206,0.999542,-0.00140628,0,-2.62976e-05,0.000804231,0.999543
6,61,0.101562,0.960938,0.999803,1.00266,0.496526,0,0.999586,0.999373,-0.00132663,0,-3.69444e-05,0.00112022,0.999373
7,61,0.117188,0.960938,1.00018,1.00216,0.496646,0,1.00017,0.999189,-0.00118964,0,-4.98424e-05,0.00149765,0.999189
8,61,0.132812,0.960938,1.00068,1.00148,0.496849,0,1.00097,0.998989,-0.000980879,0,-6.52764e-05,0.00193903,0.99899
9,61,0.148438,0.960938,1.00128,1.00061,0.497148,0,1.00195,0.998774,-0.000685828,0,-8.31897e-05,0.00243399,0.998774
10,61,0.164062,0.960938,1.00197,0.999591,0.497553,0,1.00308,0.998545,-0.000290398,0,-0.000102994,0.00295458,0.998545
11,61,0.179688,0.960938,1.0027,0.998477,0.498072,0,1.00428,0.998303,0.000218033,0,-0.000123425,0.00345324,0.998303
12,61,0.195312,0.960938,1.00343,0.99733,0.498708,0,1.00547,0.998053,0.00084844,0,-0.000142499,0.00386463,0.998054
13,61,0.210938,0.960938,1.00411,0.996213,0.499459,0,1.00657,0.997803,0.00160236,0,-0.000157644,0.00411293,0.997804
14,61,0.226562,0.960938,1.00469,0.995189,0.500309,0,1.00752,0.997562,0.00246938,0,-0.000166074,0.00413024,0.997565
15,61,0.242188,0.960938,1.00515,0.994308,0.501229,0,1.00826,0.997342,0.00342251,0,-0.000165063,0.00383922,0.997348
16,61,0.257812,0.960938,1.00546,0.993604,0.502174,0,1.00876,0.997157,0.00441631,0,-0.000152563,0.00321685,0.997167
17,61,0.273438,0.960938,1.00562,0.993097,0.503081,0,1.00902,0.997022,0.00538748,0,-0.000128167,0.00229979,0.997036
18,61,0.289062,0.960938,1.00564,0.99279,0.503878,0,1.00903,0.99695,0.00626069,0,-9.32091e-05,0.00116565,0.996969
19,61,0.304688,0.960938,1.00552,0.992673,0.504494,0,1.00883,0.996951,0.00695988,0,-5.0555e-05,-7.28537e-05,0.996975
20,61,0.320312,0.960938,1.00529,0.992723,0.50487,0,1.00847,0.997031,0.00742145,0,-4.13256e-06,-0.00128903,0.997058
21,61,0.335938,0.960938,1.00498,0.992911,0.50497,0,1.00798,0.997191,0.00760525,0,4.17796e-05,-0.00236658,0.99722
22,61,0.351562,0.960938,1.00461,0.993203,0.504786,0,1.00741,0.997427,0.0075001,0,8.32928e-05,-0.00321928,0.997455
23,61,0.367188,0.960938,1.00421,0.993568,0.504342,0,1.00681,0.997729,0.00712357,0,0.000117427,-0.00379823,0.997754
24,61,0.382812,0.960938,1.0038,0.993974,0.50368,0,1.0062,0.998084,0.00651673,0,0.0001424,-0.00409309,0.998105
25,61,0.398438,0.960938,1.00341,0.994395,0.502859,0,1.00563,0.998478,0.00573632,0,0.000157674,-0.00412706,0.998494
26,61,0.414062,0.960938,1.00303,0.994812,0.501944,0,1.00509,0.998894,0.00484584,0,0.000163817,-0.00394808,0.998906
27,61,0.429688,0.960938,1.00268,0.995211,0.500999,0,1.00461,0.999317,0.00390743,0,0.00016222,-0.0036181,0.999325
28,61,0.445312,0.960938,1.00237,0.995584,0.500077,0,1.00419,0.999733,0.00297522,0,0.000154758,-0.0032023,0.999738
29,61,0.460938,0.960938,1.00208,0.995927,0.49922,0,1.00383,1.00013,0.0020911,0,0.000143445,-0.00275989,1.00013
30,61,0.476562,0.960938,1.00183,0.99624,0.498455,0,1.00352,1.0005,0.00128305,0,0.000130146,-0.00233807,1.0005
31,61,0.492188,0.960938,1.0016,0.996525,0.497796,0,1.00326,1.00083,0.000565947,0,0.000116393,-0.00196946,1.00083
32,61,0.507812,0.960938,1.00139,0.996784,0.497245,0,1.00305,1.00113,-5.58169e-05,0,0.000103308,-0.00167299,1.00113
33,61,0.523438,0.960938,1.00119,0.997022,0.496797,0,1.00286,1.00138,-0.000585046,0,9.1612e-05,-0.00145619,1.00138
34,61,0.539062,0.960938,1.00101,0.997242,0.496443,0,1.00271,1.00158,-0.00102874,0,8.16836e-05,-0.00131797,1.00158
35,61,0.554688,0.960938,1.00084,0.997445,0.496174,0,1.00259,1.00175,-0.00139549,0,7.36427e-05,-0.00125177,1.00175
36,61,0.570312,0.960938,1.00067,0.997636,0.495977,0,1.00248,1.00188,-0.00169389,0,6.74341e-05,-0.00124776,1.00188
37,61,0.585938,0.960938,1.00051,0.997814,0.495843,0,1.0024,1.00197,-0.00193179,0,6.28927e-05,-0.00129438,1.00197
38,61,0.601562,0.960938,1.00035,0.997983,0.495763,0,1.00233,1.00202,-0.00211609,0,5.97914e-05,-0.00137939,1.00203
39,61,0.617188,0.960938,1.0002,0.998143,0.495729,0,1.00227,1.00205,-0.00225286,0,5.78746e-05,-0.00149066,1.00205
40,61,0.632812,0.960938,1.00004,0.998296,0.495734,0,1.00221,1.00205,-0.00234757,0,5.68812e-05,-0.00161676,1.00205
41,61,0.648438,0.960938,0.999882,0.998443,0.495771,0,1.00217,1.00203,-0.00240522,0,5.65612e-05,-0.00174744,1.00204
42,61,0.664062,0.960938,0.999726,0.998583,0.495834,0,1.00213,1.002,-0.00243052,0,5.66865e-05,-0.00187388,1.002
43,61,0.679688,0.960938,0.999575,0.998719,0.495918,0,1.00209,1.00194,-0.00242791,0,5.70586e-05,-0.001989,1.00195
44,61,0.695312,0.960938,0.999429,0.998851,0.496017,0,1.00206,1.00188,-0.00240162,0,5.75119e-05,-0.00208737,1.00188
45,61,0.710938,0.960938,0.999294,0.998979,0.496128,0,1.00202,1.00181,-0.00235566,0,5.79148e-05,-0.00216521,1.00181
46,61,0.726562,0.960938,0.999171,0.999105,0.496246,0,1.00198,1.00173,-0.00229382,0,5.81675e-05,-0.0022202,1.00174
47,61,0.742188,0.960938,0.999066,0.999229,0.496367,0,1.00194,1.00165,-0.00221963,0,5.81988e-05,-0.0022513,1.00166
48,61,0.757812,0.960938,0.998982,0.999352,0.496488,0,1.00189,1.00157,-0.0021364,0,5.79606e-05,-0.00225842,1.00157
49,61,0.773438,0.960938,0.998921,0.999475,0.496606,0,1.00184,1.00149,-0.00204719,0,5.74224e-05,-0.00224222,1.00149
50,61,0.789062,0.960938,0.998887,0.999599,0.496717,0,1.00179,1.00141,-0.00195482,0,5.65662e-05,-0.00220389,1.00141
51,61,0.804688,0.960938,0.99888,0.999727,0.496821,0,1.00172,1.00132,-0.00186189,0,5.53813e-05,-0.00214491,1.00133
52,61,0.820312,0.960938,0.998899,0.999859,0.496914,0,1.00165,1.00124,-0.00177077,0,5.38596e-05,-0.00206686,1.00125
53,61,0.835938,0.960938,0.998941,0.999999,0.496994,0,1.00157,1.00116,-0.00168365,0,5.19934e-05,-0.0019714,1.00116
54,61,0.851562,0.960938,0.999003,1.00015,0.497061,0,1.00148,1.00108,-0.0016025,0,4.97741e-05,-0.00186015,1.00109
55,61,0.867188,0.960938,0.999078,1.00031,0.497112,0,1.00137,1.00101,-0.00152913,0,4.71918e-05,-0.00173467,1.00101
56,61,0.882812,0.960938,0.999161,1.00048,0.497146,0,1.00125,1.00093,-0.00146512,0,4.42378e-05,-0.00159655,1.00093
57,61,0.898438,0.960938,0.999243,1.00068,0.497162,0,1.0011,1.00085,-0.00141185,0,4.09071e-05,-0.00144745,1.00085
58,61,0.914062,0.960938,0.999318,1.00089,0.49716,0,1.00093,1.00077,-0.00137046,0,3.72024e-05,-0.00128916,1.00077
59,61,0.929688,0.960938,0.999378,1.00112,0.497139,0,1.00074,1.00068,-0.00134174,0,3.31355e-05,-0.0011236,1.00068
60,61,0.945312,0.960938,0.999419,1.00137,0.497099,0,1.00052,1.0006,-0.00132605,0,2.87269e-05,-0.000952597,1.0006
61,61,0.960938,0.960938,0.999436,1.00164,0.497041,0,1.00028,1.00051,-0.00132317,0,2.40138e-05,-0.000778381,1.00051
62,61,0.976562,0.960938,0.999429,1.00193,0.496968,0,1.00002,1.00042,-0.0013322,0,1.90378e-05,-0.000602798,1.00042
63,61,0.992188,0.960938,0.999403,1.00222,0.496881,0,0.999755,1.00032,-0.00135129,0,1.38335e-05,-0.00042698,1.00032
0,62,0.0078125,0.976562,0.999369,1.00248,0.497038,0,0.999341,1.00011,-0.00126909,0,-3.54284e-06,0.00011612,1.00011
1,62,0.0234375,0.976562,0.999316,1.00274,0.49694,0,0.999113,0.999998,-0.00128763,0,-1.08017e-05,0.000348051,0.999999
2,62,0.0390625,0.976562,0.999278,1.00296,0.49685,0,0.998935,0.999877,-0.00130172,0,-1.85692e-05,0.000591173,0.999878
3,62,0.0546875,0.976562,0.999277,1.0031,0.496776,0,0.998838,0.999747,-0.00130361,0,-2.70037e-05,0.000851534,0.999748
4,62,0.0703125,0.976562,0.999334,1.00314,0.496733,0,0.998857,0.999606,-0.00128378,0,-3.63609e-05,0.00113788,0.999607
5,62,0.0859375,0.976562,0.999474,1.00304,0.496733,0,0.999029,0.999454,-0.00123099,0,-4.69899e-05,0.00146099,0.999454
6,62,0.101562,0.976562,0.999717,1.00278,0.496791,0,0.999385,0.999288,-0.00113256,0,-5.92906e-05,0.00183158,0.999289
7,62,0.117188,0.976562,1.00008,1.00233,0.496923,0,0.999945,0.999109,-0.000974834,0,-7.36295e-05,0.00225719,0.999109
8,62,0.132812,0.976562,1.00056,1.00169,0.497142,0,1.00071,0.998914,-0.00074377,0,-9.02154e-05,0.00273812,0.998915
9,62,0.148438,0.976562,1.00115,1.00087,0.497461,0,1.00167,0.998705,-0.000425755,0,-0.000108923,0.00326176,0.998705
10,62,0.164062,0.976562,1.00182,0.9999,0.497887,0,1.00277,0.998482,-8.30983e-06,0,-0.000129096,0.00379755,0.998482
11,62,0.179688,0.976562,1.00255,0.998823,0.498427,0,1.00396,0.998249,0.000518752,0,-0.000149394,0.00429448,0.998249
12,62,0.195312,0.976562,1.00328,0.997703,0.499079,0,1.00515,0.998009,0.00116115,0,-0.00016774,0.00468286,0.99801
13,62,0.210938,0.976562,1.00397,0.996605,0.499837,0,1.00627,0.997771,0.00191661,0,-0.00018147,0.00488276,0.997773
14,62,0.226562,0.976562,1.00457,0.995591,0.500682,0,1.00725,0.997545,0.0027708,0,-0.000187655,0.00481628,0.997549
15,62,0.242188,0.976562,1.00505,0.994713,0.501578,0,1.00803,0.997343,0.00369346,0,-0.000183706,0.00442943,0.99735
16,62,0.257812,0.976562,1.00539,0.994009,0.502479,0,1.00857,0.99718,0.00463687,0,-0.000167667,0.00368355,0.997191
17,62,0.273438,0.976562,1.00558,0.993499,0.503321,0,1.00886,0.997071,0.00553802,0,-0.000139153,0.0026213,0.997086
18,62,0.289062,0.976562,1.00561,0.993191,0.504035,0,1.00892,0.997028,0.00632459,0,-9.98098e-05,0.00133642,0.997048
19,62,0.304688,0.976562,1.00551,0.993075,0.504553,0,1.00876,0.997061,0.00692581,0,-5.2835e-05,-4.90186e-05,0.997085
20,62,0.320312,0.976562,1.0053,0.99313,0.504824,0,1.00842,0.997176,0.00728497,0,-2.48787e-06,-0.00139799,0.997202
21,62,0.335938,0.976562,1.00499,0.993327,0.504818,0,1.00796,0.997371,0.00736935,0,4.66584e-05,-0.00258566,0.997398
22,62,0.351562,0.976562,1.00463,0.993633,0.504537,0,1.0074,0.997642,0.00717468,0,9.05056e-05,-0.00352041,0.997667
23,62,0.367188,0.976562,1.00422,0.994012,0.504007,0,1.0068,0.997976,0.00672401,0,0.000125971,-0.00415114,0.997999
24,62,0.382812,0.976562,1.00381,0.994433,0.503276,0,1.00619,0.998361,0.00606208,0,0.000151276,-0.00446829,0.99838
25,62,0.398438,0.976562,1.0034,0.994868,0.502406,0,1.0056,0.99878,0.0052472,0,0.000165983,-0.00449809,0.998794
26,62,0.414062,0.976562,1.00301,0.995298,0.501462,0,1.00505,0.999216,0.00434264,0,0.000170825,-0.00429296,0.999226
27,62,0.429688,0.976562,1.00264,0.995706,0.500506,0,1.00456,0.999654,0.00340869,0,0.000167391,-0.00391992,0.999659
28,62,0.445312,0.976562,1.00231,0.996084,0.499591,0,1.00411,1.00008,0.00249663,0,0.000157761,-0.00344911,1.00008
29,62,0.460938,0.976562,1.00201,0.996428,0.498753,0,1.00373,1.00048,0.0016449,0,0.00014413,-0.00294414,1.00048
30,62,0.476562,0.976562,1.00174,0.996738,0.498019,0,1.0034,1.00085,0.000878009,0,0.000128516,-0.0024558,1.00085
31,62,0.492188,0.976562,1.00149,0.997016,0.497398,0,1.00312,1.00117,0.000207535,0,0.00011256,-0.00201951,1.00117
32,62,0.507812,0.976562,1.00127,0.997266,0.49689,0,1.00288,1.00146,-0.000364938,0,9.74602e-05,-0.00165634,1.00146
33,62,0.523438,0.976562,1.00107,0.997492,0.49649,0,1.00268,1.00169,-0.000844521,0,8.39814e-05,-0.00137548,1.00169
34,62,0.539062,0.976562,1.00088,0.997697,0.496185,0,1.00251,1.00189,-0.00123999,0,7.25228e-05,-0.00117718,1.00189
35,62,0.554688,0.976562,1.00071,0.997886,0.495964,0,1.00236,1.00204,-0.00156127,0,6.32096e-05,-0.00105599,1.00204
36,62,0.570312,0.976562,1.00054,0.99806,0.495815,0,1.00224,1.00214,-0.00181786,0,5.5982e-05,-0.00100304,1.00215
37,62,0.585938,0.976562,1.00038,0.998222,0.495726,0,1.00214,1.00221,-0.0020182,0,5.06648e-05,-0.00100755,1.00222
38,62,0.601562,0.976562,1.00023,0.998374,0.495689,0,1.00205,1.00225,-0.0021695,0,4.70172e-05,-0.00105787,1.00225
39,62,0.617188,0.976562,1.00008,0.998517,0.495695,0,1.00197,1.00226,-0.00227792,0,4.47682e-05,-0.00114223,1.00226
40,62,0.632812,0.976562,0.999938,0.998652,0.495737,0,1.00191,1.00224,-0.00234882,0,4.36395e-05,-0.00124931,1.00224
41,62,0.648438,0.976562,0.999798,0.99878,0.495807,0,1.00185,1.0022,-0.00238696,0,4.33622e-05,-0.00136868,1.0022
42,62,0.664062,0.976562,0.999664,0.998903,0.495901,0,1.0018,1.00214,-0.00239671,0,4.36877e-05,-0.00149115,1.00215
43,62,0.679688,0.976562,0.999537,0.999021,0.496011,0,1.00176,1.00207,-0.0023821,0,4.43952e-05,-0.00160896,1.00208
44,62,0.695312,0.976562,0.999418,0.999134,0.496135,0,1.00172,1.00199,-0.00234691,0,4.52959e-05,-0.00171588,1.00199
45,62,0.710938,0.976562,0.99931,0.999244,0.496267,0,1.00167,1.0019,-0.0022947,0,4.62342e-05,-0.00180719,1.0019
46,62,0.726562,0.976562,0.999216,0.999351,0.496403,0,1.00163,1.00181,-0.00222879,0,4.70858e-05,-0.00187953,1.00181
47,62,0.742188,0.976562,0.999138,0.999457,0.496541,0,1.00159,1.00171,-0.00215228,0,4.77555e-05,-0.00193078,1.00171
48,62,0.757812,0.976562,0.999079,0.999561,0.496676,0,1.00155,1.00161,-0.00206808,0,4.8172e-05,-0.00195981,1.00161
49,62,0.773438,0.976562,0.999041,0.999665,0.496806,0,1.0015,1.00151,-0.00197885,0,4.82826e-05,-0.00196624,1.00151
50,62,0.789062,0.976562,0.999025,0.999771,0.496928,0,1.00145,1.00141,-0.00188709,0,4.80487e-05,-0.00195028,1.00142
51,62,0.804688,0.976562,0.999031,0.99988,0.49704,0,1.00139,1.00132,-0.00179509,0,4.74403e-05,-0.0019125,1.00132
52,62,0.820312,0.976562,0.999058,0.999995,0.497141,0,1.00133,1.00122,-0.00170495,0,4.64315e-05,-0.00185364,1.00122
53,62,0.835938,0.976562,0.999102,1.00012,0.497228,0,1.00125,1.00113,-0.00161861,0,4.49977e-05,-0.00177458,1.00113
54,62,0.851562,0.976562,0.99916,1.00025,0.497301,0,1.00117,1.00104,-0.00153785,0,4.31141e-05,-0.00167621,1.00104
55,62,0.867188,0.976562,0.999228,1.00039,0.497356,0,1.00108,1.00095,-0.00146429,0,4.07551e-05,-0.00155944,1.00095
56,62,0.882812,0.976562,0.999298,1.00055,0.497394,0,1.00097,1.00086,-0.00139938,0,3.78959e-05,-0.00142521,1.00086
57,62,0.898438,0.976562,0.999366,1.00072,0.497413,0,1.00084,1.00077,-0.00134437,0,3.45155e-05,-0.0012746,1.00077
58,62,0.914062,0.976562,0.999423,1.00092,0.497413,0,1.00068,1.00069,-0.00130031,0,3.06003e-05,-0.00110886,1.00069
59,62,0.929688,0.976562,0.999466,1.00114,0.497392,0,1.00051,1.0006,-0.00126792,0,2.61449e-05,-0.000929378,1.0006
60,62,0.945312,0.976562,0.999488,1.00138,0.497353,0,1.00031,1.00051,-0.0012475,0,2.11561e-05,-0.000737665,1.00051
61,62,0.960938,0.976562,0.999488,1.00164,0.497295,0,1.00009,1.00042,-0.00123884,0,1.56599e-05,-0.00053575,1.00042
62,62,0.976562,0.976562,0.999465,1.00192,0.497221,0,0.999844,1.00032,-0.00124099,0,9.69036e-06,-0.000325394,1.00032
63,62,0.992188,0.976562,0.999423,1.0022,0.497133,0,0.999591,1.00022,-0.00125208,0,3.28249e-06,-0.000107955,1.00022
0,63,0.0078125,0.992188,0.99932,1.00246,0.497337,0,0.999125,1.00001,-0.0011561,0,-1.61417e-05,0.000470941,1.00001
1,63,0.0234375,0.992188,0.999254,1.00272,0.49724,0,0.998901,0.999897,-0.00116446,0,-2.50043e-05,0.000753604,0.999898
2,63,0.0390625,0.992188,0.999203,1.00295,0.49715,0,0.998721,0.999779,-0.0011669,0,-3.45191e-05,0.00105188,0.99978
3,63,0.0546875,0.992188,0.999187,1.00311,0.497078,0,0.998615,0.999652,-0.00115556,0,-4.47909e-05,0.00137009,0.999653
4,63,0.0703125,0.992188,0.999228,1.00318,0.497037,0,0.998618,0.999516,-0.00112076,0,-5.60039e-05,0.00171485,0.999517
5,63,0.0859375,0.992188,0.99935,1.00312,0.497043,0,0.998767,0.999369,-0.00105111,0,-6.84212e-05,0.00209446,0.99937
6,63,0.101562,0.992188,0.999573,1.0029,0.49711,0,0.999094,0.99921,-0.000933891,0,-8.23493e-05,0.00251704,0.99921
7,63,0.117188,0.992188,0.999912,1.0025,0.497253,0,0.999621,0.999037,-0.000755572,0,-9.80573e-05,0.00298742,0.999037
8,63,0.132812,0.992188,1.00037,1.00191,0.497487,0,1.00036,0.998851,-0.000502598,0,-0.000115661,0.00350327,0.998851
9,63,0.148438,0.992188,1.00095,1.00113,0.497823,0,1.00128,0.998651,-0.000162357,0,-0.000134953,0.00404957,0.998651
10,63,0.164062,0.992188,1.00161,1.0002,0.498268,0,1.00236,0.998438,0.000275915,0,-0.000155204,0.0045932,0.998438
11,63,0.179688,0.992188,1.00233,0.999166,0.498824,0,1.00354,0.998216,0.000819848,0,-0.000175004,0.0050802,0.998217
12,63,0.195312,0.992188,1.00307,0.998074,0.499487,0,1.00473,0.997991,0.00147179,0,-0.000192207,0.00543757,0.997992
13,63,0.210938,0.992188,1.00377,0.996995,0.500246,0,1.00587,0.997769,0.00222556,0,-0.000204096,0.00558269,0.997771
14,63,0.226562,0.992188,1.00439,0.99599,0.501077,0,1.00688,0.997562,0.00306284,0,-0.000207714,0.00543575,0.997567
15,63,0.242188,0.992188,1.0049,0.995113,0.501941,0,1.0077,0.997382,0.00395022,0,-0.000200468,0.00494239,0.99739
16,63,0.257812,0.992188,1.00527,0.994405,0.502788,0,1.00829,0.997245,0.00483817,0,-0.000180685,0.00408192,0.997257
17,63,0.273438,0.992188,1.00549,0.993889,0.503555,0,1.00864,0.997164,0.00566407,0,-0.000148045,0.00288576,0.99718
18,63,0.289062,0.992188,1.00555,0.993575,0.504176,0,1.00874,0.997152,0.00635916,0,-0.000104487,0.00146591,0.997172
19,63,0.304688,0.992188,1.00548,0.993455,0.504588,0,1.00864,0.997219,0.00685849,0,-5.35443e-05,-4.56536e-05,0.997242
20,63,0.320312,0.992188,1.00529,0.99351,0.504746,0,1.00834,0.997368,0.00711271,0,2.20203e-07,-0.00150352,0.997393
21,63,0.335938,0.992188,1.005,0.99371,0.504631,0,1.00791,0.997597,0.00709687,0,5.19829e-05,-0.00277601,0.997622
22,63,0.351562,0.992188,1.00464,0.994023,0.504249,0,1.00738,0.997899,0.00681373,0,9.74941e-05,-0.00376816,0.997922
23,63,0.367188,0.992188,1.00424,0.994411,0.503633,0,1.00679,0.998262,0.00629181,0,0.000133631,-0.00442866,0.998282
24,63,0.382812,0.992188,1.00382,0.994843,0.502837,0,1.00619,0.99867,0.00557923,0,0.000158684,-0.00475037,0.998686
25,63,0.398438,0.992188,1.0034,0.99529,0.501923,0,1.0056,0.999108,0.00473555,0,0.000172362,-0.00476374,0.999119
26,63,0.414062,0.992188,1.003,0.995729,0.500957,0,1.00504,0.999556,0.0038233,0,0.000175595,-0.00452622,0.999563
27,63,0.429688,0.992188,1.00262,0.996144,0.499999,0,1.00452,1,0.00290052,0,0.000170185,-0.0041098,1
28,63,0.445312,0.992188,1.00227,0.996526,0.499098,0,1.00406,1.00043,0.00201516,0,0.000158407,-0.00358893,1.00043
29,63,0.460938,0.992188,1.00196,0.996871,0.498289,0,1.00365,1.00082,0.00120195,0,0.000142619,-0.00303061,1.00082
30,63,0.476562,0.992188,1.00167,0.997179,0.497594,0,1.0033,1.00118,0.000481617,0,0.000124956,-0.00248801,1.00118
31,63,0.492188,0.992188,1.00141,0.997452,0.49702,0,1.00299,1.00149,-0.00013764,0,0.000107138,-0.00199814,1.00149
32,63,0.507812,0.992188,1.00118,0.997694,0.496564,0,1.00273,1.00176,-0.0006571,0,9.04027e-05,-0.00158308,1.00176
33,63,0.523438,0.992188,1.00097,0.99791,0.496216,0,1.0025,1.00198,-0.00108415,0,7.55311e-05,-0.00125275,1.00198
34,63,0.539062,0.992188,1.00077,0.998105,0.495965,0,1.00231,1.00215,-0.00142926,0,6.2919e-05,-0.001008,1.00215
35,63,0.554688,0.992188,1.00059,0.998282,0.495797,0,1.00214,1.00228,-0.00170356,0,5.26792e-05,-0.00084395,1.00228
36,63,0.570312,0.992188,1.00042,0.998443,0.495698,0,1.002,1.00237,-0.00191738,0,4.47352e-05,-0.000752355,1.00237
37,63,0.585938,0.992188,1.00027,0.998593,0.495658,0,1.00187,1.00242,-0.00207961,0,3.88945e-05,-0.000723049,1.00242
38,63,0.601562,0.992188,1.00012,0.998731,0.495666,0,1.00177,1.00244,-0.0021977,0,3.49e-05,-0.000744945,1.00244
39,63,0.617188,0.992188,0.999977,0.99886,0.495712,0,1.00168,1.00242,-0.00227779,0,3.24654e-05,-0.000806714,1.00243
40,63,0.632812,0.992188,0.999843,0.998981,0.495791,0,1.0016,1.00239,-0.0023251,0,3.12979e-05,-0.000897315,1.00239
41,63,0.648438,0.992188,0.999718,0.999095,0.495895,0,1.00153,1.00233,-0.0023441,0,3.11137e-05,-0.00100638,1.00233
42,63,0.664062,0.992188,0.999601,0.999203,0.496018,0,1.00146,1.00225,-0.00233877,0,3.1649e-05,-0.00112456,1.00226
43,63,0.679688,0.992188,0.999492,0.999306,0.496155,0,1.00141,1.00216,-0.00231274,0,3.26669e-05,-0.00124372,1.00217
44,63,0.695312,0.992188,0.999394,0.999403,0.496301,0,1.00136,1.00206,-0.00226932,0,3.39613e-05,-0.00135709,1.00207
45,63,0.710938,0.992188,0.999308,0.999497,0.496453,0,1.00131,1.00196,-0.00221159,0,3.5358e-05,-0.00145923,1.00196
46,63,0.726562,0.992188,0.999236,0.999588,0.496607,0,1.00127,1.00185,-0.00214241,0,3.67142e-05,-0.001546,1.00185
47,63,0.742188,0.992188,0.999179,0.999676,0.496759,0,1.00122,1.00174,-0.00206445,0,3.79154e-05,-0.0016144,1.00174
48,63,0.757812,0.992188,0.999139,0.999764,0.496907,0,1.00118,1.00162,-0.0019802,0,3.88715e-05,-0.0016624,1.00162
49,63,0.773438,0.992188,0.999117,0.999851,0.497048,0,1.00113,1.00151,-0.00189195,0,3.95116e-05,-0.00168872,1.00151
50,63,0.789062,0.992188,0.999114,0.999939,0.49718,0,1.00108,1.0014,-0.00180184,0,3.97798e-05,-0.00169273,1.0014
51,63,0.804688,0.992188,0.999127,1.00003,0.497301,0,1.00103,1.00129,-0.00171185,0,3.96298e-05,-0.00167417,1.00129
52,63,0.820312,0.992188,0.999157,1.00013,0.497408,0,1.00097,1.00118,-0.0016238,0,3.90201e-05,-0.001633,1.00118
53,63,0.835938,0.992188,0.9992,1.00023,0.497502,0,1.0009,1.00108,-0.00153939,0,3.79116e-05,-0.00156937,1.00108
54,63,0.851562,0.992188,0.999253,1.00034,0.497579,0,1.00083,1.00098,-0.00146018,0,3.6265e-05,-0.00148349,1.00098
55,63,0.867188,0.992188,0.999311,1.00047,0.497639,0,1.00075,1.00088,-0.00138758,0,3.40403e-05,-0.00137561,1.00088
56,63,0.882812,0.992188,0.999369,1.00061,0.497681,0,1.00065,1.00078,-0.0013229,0,3.11978e-05,-0.00124604,1.00078
57,63,0.898438,0.992188,0.999422,1.00077,0.497703,0,1.00053,1.00069,-0.00126724,0,2.77011e-05,-0.00109525,1.00069
58,63,0.914062,0.992188,0.999463,1.00095,0.497706,0,1.00039,1.00059,-0.00122155,0,2.35208e-05,-0.000923916,1.0006
59,63,0.929688,0.992188,0.999489,1.00115,0.497688,0,1.00023,1.0005,-0.00118644,0,1.86323e-05,-0.000732793,1.0005
60,63,0.945312,0.992188,0.999495,1.00138,0.49765,0,1.00005,1.00041,-0.00116217,0,1.30292e-05,-0.000523068,1.00041
61,63,0.960938,0.992188,0.99948,1.00163,0.497593,0,0.999838,1.00031,-0.00114847,0,6.72309e-06,-0.000296361,1.00031
62,63,0.976562,0.992188,0.999442,1.0019,0.49752,0,0.999609,1.00022,-0.00114435,0,-2.61623e-07,-5.42593e-05,1.00022
63,63,0.992188,0.992188,0.999387,1.00218,0.497432,0,0.999367,1.00011,-0.00114791,0,-7.89265e-06,0.000201792,1.00012
