i,j,x,y,rho,u,v,w,p,Bx,By,Bz,psi,divB_fv,Bmag
0,0,0.015625,0.015625,0.998926,1.00262,0.498249,0,0.998041,0.999463,-0.0010118,0,-2.23462e-05,-0.000115479,0.999463
1,0,0.046875,0.015625,0.998823,1.00325,0.497922,0,0.997776,0.99934,-0.000971968,0,-3.37061e-05,0.000552113,0.999341
2,0,0.078125,0.015625,0.998976,1.00372,0.497521,0,0.997992,0.999209,-0.000865011,0,-6.92232e-05,0.00219505,0.999209
3,0,0.109375,0.015625,0.99951,1.00345,0.497445,0,0.998859,0.999073,-0.000578787,0,-8.10618e-05,0.00339177,0.999073
4,0,0.140625,0.015625,1.00101,1.00219,0.497787,0,1.00131,0.998882,0.000155707,0,-0.000121581,0.00586458,0.998882
5,0,0.171875,0.015625,1.00286,1.00028,0.498525,0,1.00435,0.998594,0.0012097,0,-0.000187234,0.00853602,0.998595
6,0,0.203125,0.015625,1.00461,0.998229,0.499685,0,1.00717,0.998224,0.00261517,0,-0.000231796,0.00980674,0.998227
7,0,0.234375,0.015625,1.00587,0.996591,0.50118,0,1.00917,0.997822,0.00430082,0,-0.000231783,0.00836873,0.997831
8,0,0.265625,0.015625,1.00649,0.995449,0.502543,0,1.01004,0.997499,0.0059205,0,-0.000160698,0.00438451,0.997517
9,0,0.296875,0.015625,1.00624,0.995218,0.503531,0,1.00956,0.997398,0.00709577,0,1.62497e-05,-0.00206125,0.997424
10,0,0.328125,0.015625,1.00541,0.995508,0.503606,0,1.00818,0.997605,0.00710023,0,0.00012935,-0.00659184,0.99763
11,0,0.359375,0.015625,1.00441,0.995872,0.502871,0,1.00666,0.998128,0.00629418,0,0.000260487,-0.0114836,0.998148
12,0,0.390625,0.015625,1.00331,0.996336,0.501334,0,1.00511,0.998931,0.00461338,0,0.000278632,-0.0100962,0.998941
13,0,0.421875,0.015625,1.0024,0.996646,0.499676,0,1.00387,0.999853,0.00277549,0,0.000231578,-0.00794525,0.999857
14,0,0.453125,0.015625,1.00158,0.99693,0.498219,0,1.00281,1.00077,0.00108988,0,0.000145196,-0.00451469,1.00077
15,0,0.484375,0.015625,1.00083,0.997139,0.497082,0,1.00194,1.00156,-0.000209884,0,5.09925e-05,-0.00116572,1.00156
16,0,0.515625,0.015625,1.00027,0.997365,0.49635,0,1.00136,1.00217,-0.00108565,0,-2.5281e-05,0.00165522,1.00217
17,0,0.546875,0.015625,0.999886,0.997711,0.495902,0,1.00097,1.00257,-0.00160518,0,-7.3459e-05,0.00339085,1.00257
18,0,0.578125,0.015625,0.999646,0.998081,0.495775,0,1.00094,1.00278,-0.00188734,0,-9.20453e-05,0.00419047,1.00278
19,0,0.609375,0.015625,0.99942,0.998571,0.4959,0,1.00083,1.0028,-0.0020101,0,-8.83653e-05,0.00343396,1.0028
20,0,0.640625,0.015625,0.999264,0.999024,0.496175,0,1.00088,1.00269,-0.00210507,0,-8.41049e-05,0.00319818,1.00269
21,0,0.671875,0.015625,0.999142,0.999473,0.496627,0,1.00093,1.00246,-0.00210857,0,-5.38907e-05,0.00193946,1.00247
22,0,0.703125,0.015625,0.999058,0.99985,0.49711,0,1.00091,1.00217,-0.00209907,0,-2.53904e-05,0.000510047,1.00217
23,0,0.734375,0.015625,0.999064,1.00013,0.497606,0,1.00084,1.00183,-0.00202744,0,3.43473e-07,-0.000691948,1.00183
24,0,0.765625,0.015625,0.999103,1.00032,0.498038,0,1.00067,1.00148,-0.00190516,0,2.09605e-05,-0.0014826,1.00148
25,0,0.796875,0.015625,0.999179,1.00043,0.498386,0,1.00041,1.00112,-0.00174399,0,3.7337e-05,-0.00227573,1.00113
26,0,0.828125,0.015625,0.999258,1.00051,0.498642,0,1.00011,1.00079,-0.00156262,0,4.56176e-05,-0.00269351,1.00079
27,0,0.859375,0.015625,0.999322,1.00059,0.498814,0,0.999792,1.00048,-0.00138247,0,4.69748e-05,-0.00278577,1.00048
28,0,0.890625,0.015625,0.999363,1.00073,0.498919,0,0.999486,1.00021,-0.00123469,0,4.23108e-05,-0.00278696,1.00021
29,0,0.921875,0.015625,0.999357,1.00098,0.49891,0,0.999195,0.999975,-0.00111055,0,3.25684e-05,-0.00224121,0.999976
30,0,0.953125,0.015625,0.999268,1.00137,0.498801,0,0.998862,0.999775,-0.00104915,0,1.45182e-05,-0.00158689,0.999776
31,0,0.984375,0.015625,0.999103,1.00193,0.498575,0,0.998462,0.999605,-0.00101995,0,-2.84437e-06,-0.000899003,0.999606
0,1,0.015625,0.046875,0.998243,1.00241,0.499423,0,0.996929,0.999093,-0.000835902,0,-5.94198e-05,0.000515379,0.999094
1,1,0.046875,0.046875,0.99801,1.00299,0.499151,0,0.996465,0.998959,-0.000795329,0,-8.11708e-05,0.00136199,0.99896
2,1,0.078125,0.046875,0.998065,1.00362,0.498914,0,0.996511,0.998827,-0.000645098,0,-0.000124097,0.00280086,0.998827
3,1,0.109375,0.046875,0.998468,1.00342,0.498829,0,0.997136,0.998711,-0.000339983,0,-0.00014916,0.00393014,0.998711
4,1,0.140625,0.046875,0.999784,1.00239,0.499246,0,0.999233,0.998575,0.000499363,0,-0.000184839,0.00663527,0.998575
5,1,0.171875,0.046875,1.00164,1.00064,0.500095,0,1.00222,0.998378,0.00169887,0,-0.000246316,0.00936343,0.99838
6,1,0.203125,0.046875,1.00352,0.998721,0.501216,0,1.00524,0.998129,0.00318842,0,-0.000281582,0.0103747,0.998134
7,1,0.234375,0.046875,1.00501,0.997094,0.50253,0,1.00755,0.997891,0.00484517,0,-0.000269787,0.00980789,0.997903
8,1,0.265625,0.046875,1.00601,0.996205,0.503492,0,1.00904,0.997753,0.00624769,0,-0.000179933,0.00604287,0.997772
9,1,0.296875,0.046875,1.00603,0.995555,0.503763,0,1.0091,0.997835,0.00690472,0,5.09048e-05,-0.00346861,0.997859
10,1,0.328125,0.046875,1.00547,0.99606,0.503262,0,1.0082,0.998236,0.00653185,0,0.000148515,-0.00536812,0.998257
11,1,0.359375,0.046875,1.00465,0.996523,0.501867,0,1.00703,0.998888,0.00530103,0,0.000276696,-0.0109129,0.998902
12,1,0.390625,0.046875,1.00365,0.996941,0.49998,0,1.00569,0.999729,0.00344522,0,0.000297686,-0.0104837,0.999735
13,1,0.421875,0.046875,1.0027,0.997208,0.49829,0,1.00441,1.00061,0.00165231,0,0.000236196,-0.00789805,1.00061
14,1,0.453125,0.046875,1.00173,0.997433,0.497007,0,1.0031,1.0014,0.000154805,0,0.00014546,-0.00460123,1.0014
15,1,0.484375,0.046875,1.00082,0.997579,0.496243,0,1.00195,1.00202,-0.000872051,0,5.53706e-05,-0.00130234,1.00202
16,1,0.515625,0.046875,1.00004,0.997757,0.495891,0,1.001,1.00244,-0.00148128,0,-7.27588e-06,0.000695382,1.00244
17,1,0.546875,0.046875,0.999534,0.998069,0.495852,0,1.00043,1.00268,-0.00178324,0,-5.31537e-05,0.00210649,1.00268
18,1,0.578125,0.046875,0.999204,0.998519,0.496024,0,1.0001,1.00275,-0.00186103,0,-8.01878e-05,0.00307471,1.00275
19,1,0.609375,0.046875,0.99897,0.999116,0.496371,0,0.999895,1.0027,-0.00184337,0,-8.02421e-05,0.00363123,1.0027
20,1,0.640625,0.046875,0.998923,0.999615,0.496842,0,0.999923,1.00252,-0.00182651,0,-7.3131e-05,0.00328204,1.00252
21,1,0.671875,0.046875,0.998882,1.00008,0.497418,0,0.999911,1.00226,-0.00178116,0,-5.11464e-05,0.00216272,1.00226
22,1,0.703125,0.046875,0.998887,1.00044,0.497968,0,0.999875,1.00195,-0.00174339,0,-3.26078e-05,0.00133171,1.00195
23,1,0.734375,0.046875,0.99894,1.00067,0.498476,0,0.999789,1.0016,-0.00166945,0,-1.22351e-05,0.000362089,1.0016
24,1,0.765625,0.046875,0.999026,1.00078,0.498908,0,0.999632,1.00124,-0.00155998,0,5.55599e-06,-0.000440486,1.00124
25,1,0.796875,0.046875,0.999089,1.0008,0.499245,0,0.999386,1.00088,-0.0014221,0,1.90347e-05,-0.00107597,1.00089
26,1,0.828125,0.046875,0.999128,1.00079,0.499493,0,0.999106,1.00054,-0.00126834,0,2.70474e-05,-0.00158448,1.00054
27,1,0.859375,0.046875,0.999121,1.00079,0.49967,0,0.998827,1.00022,-0.00111784,0,2.77625e-05,-0.00185446,1.00022
28,1,0.890625,0.046875,0.999059,1.00085,0.499792,0,0.998538,0.999926,-0.000998788,0,2.12001e-05,-0.00178919,0.999927
29,1,0.921875,0.046875,0.998924,1.001,0.499836,0,0.998234,0.999667,-0.000906873,0,1.19231e-05,-0.00178064,0.999668
30,1,0.953125,0.046875,0.998744,1.00131,0.499796,0,0.997886,0.999445,-0.000854693,0,-1.07822e-05,-0.000900507,0.999445
31,1,0.984375,0.046875,0.998507,1.00177,0.499658,0,0.997442,0.999253,-0.000838981,0,-3.38171e-05,-0.00033247,0.999254
0,2,0.015625,0.078125,0.997819,1.00224,0.500272,0,0.996219,0.998882,-0.000603281,0,-7.75862e-05,0.000883846,0.998883
1,2,0.046875,0.078125,0.997415,1.00286,0.500122,0,0.995554,0.998699,-0.000555452,0,-0.000111133,0.00182038,0.9987
2,2,0.078125,0.078125,0.997341,1.00343,0.500111,0,0.995258,0.998531,-0.000368711,0,-0.00015845,0.00345886,0.998531
3,2,0.109375,0.078125,0.99753,1.00344,0.500155,0,0.995526,0.998372,-3.93277e-05,0,-0.000207612,0.0045436,0.998372
4,2,0.140625,0.078125,0.99859,1.00262,0.500688,0,0.997199,0.998216,0.000846292,0,-0.000220895,0.00610387,0.998217
5,2,0.171875,0.078125,1.00032,1.00103,0.501719,0,0.999945,0.998046,0.00216135,0,-0.000282942,0.00934596,0.998048
6,2,0.203125,0.078125,1.00227,0.999152,0.502896,0,1.00306,0.997865,0.00368526,0,-0.000310507,0.0101259,0.997872
7,2,0.234375,0.078125,1.00399,0.997499,0.504031,0,1.00571,0.997751,0.00523743,0,-0.000282299,0.00887662,0.997764
8,2,0.265625,0.078125,1.0054,0.996419,0.504425,0,1.00788,0.997817,0.00638867,0,-0.000189495,0.00663635,0.997837
9,2,0.296875,0.078125,1.00595,0.995864,0.503986,0,1.00891,0.998138,0.00647244,0,3.54151e-05,-0.0035706,0.998159
10,2,0.328125,0.078125,1.00566,0.996245,0.502656,0,1.0085,0.998735,0.00577452,0,0.000170574,-0.00510554,0.998752
11,2,0.359375,0.078125,1.00507,0.996771,0.500687,0,1.00771,0.999511,0.00423175,0,0.000268525,-0.00938694,0.99952
12,2,0.390625,0.078125,1.0042,0.997282,0.498528,0,1.00655,1.00037,0.00229055,0,0.000280521,-0.00942067,1.00037
13,2,0.421875,0.078125,1.00315,0.997621,0.496915,0,1.00513,1.00118,0.000635897,0,0.000207912,-0.0065099,1.00118
14,2,0.453125,0.078125,1.00195,0.997858,0.495902,0,1.00354,1.00185,-0.000614486,0,0.000121572,-0.00330379,1.00185
15,2,0.484375,0.078125,1.00079,0.997972,0.495529,0,1.00195,1.0023,-0.001357,0,5.55071e-05,-0.00105946,1.0023
16,2,0.515625,0.078125,0.999848,0.99813,0.495648,0,1.00064,1.00258,-0.00173965,0,-9.84542e-06,0.000553448,1.00258
17,2,0.546875,0.078125,0.999191,0.998423,0.495918,0,0.999779,1.00269,-0.00182443,0,-5.49962e-05,0.00219526,1.00269
18,2,0.578125,0.078125,0.99878,0.998967,0.496373,0,0.999235,1.00267,-0.00175654,0,-6.43937e-05,0.00284169,1.00267
19,2,0.609375,0.078125,0.998672,0.999561,0.496873,0,0.999108,1.00256,-0.00164129,0,-6.65891e-05,0.00276676,1.00256
20,2,0.640625,0.078125,0.998679,1.00016,0.497453,0,0.999102,1.00237,-0.00153833,0,-6.5585e-05,0.00325169,1.00237
21,2,0.671875,0.078125,0.998734,1.00062,0.49804,0,0.999151,1.00212,-0.00145074,0,-5.43311e-05,0.00272684,1.00213
22,2,0.703125,0.078125,0.998832,1.00095,0.498571,0,0.999171,1.00183,-0.00138306,0,-4.31074e-05,0.00212977,1.00183
23,2,0.734375,0.078125,0.998946,1.00114,0.49904,0,0.99913,1.0015,-0.00130517,0,-2.66633e-05,0.00121805,1.00151
24,2,0.765625,0.078125,0.999018,1.00116,0.49942,0,0.998975,1.00117,-0.00120733,0,-1.12036e-05,0.000474459,1.00117
25,2,0.796875,0.078125,0.99906,1.00111,0.499708,0,0.998775,1.00083,-0.00108688,0,1.83861e-06,-0.000159397,1.00083
26,2,0.828125,0.078125,0.999051,1.00103,0.499929,0,0.998547,1.00049,-0.000954073,0,1.09791e-05,-0.000633733,1.00049
27,2,0.859375,0.078125,0.998987,1.00097,0.500108,0,0.998302,1.00017,-0.000827307,0,1.5211e-05,-0.000976534,1.00017
28,2,0.890625,0.078125,0.998877,1.00098,0.500247,0,0.998063,0.999866,-0.000727157,0,1.09654e-05,-0.00110614,0.999866
29,2,0.921875,0.078125,0.998698,1.00107,0.500343,0,0.997754,0.999578,-0.000658115,0,1.67699e-06,-0.00123881,0.999578
30,2,0.953125,0.078125,0.998467,1.00129,0.50039,0,0.99737,0.999318,-0.00061576,0,-1.85865e-05,-0.000671194,0.999318
31,2,0.984375,0.078125,0.998171,1.00168,0.500364,0,0.996862,0.999087,-0.0006047,0,-4.52953e-05,0.000111028,0.999088
0,3,0.015625,0.109375,0.997597,1.00217,0.500807,0,0.995851,0.99882,-0.000305749,0,-8.41136e-05,0.00119882,0.99882
1,3,0.046875,0.109375,0.997095,1.00281,0.500829,0,0.994976,0.998578,-0.000241352,0,-0.000129593,0.00230485,0.998578
2,3,0.078125,0.109375,0.99675,1.00327,0.501002,0,0.99426,0.998356,-1.96407e-05,0,-0.00017847,0.00404243,0.998356
3,3,0.109375,0.109375,0.996764,1.00367,0.501288,0,0.994193,0.998125,0.000381547,0,-0.000252516,0.0060973,0.998125
4,3,0.140625,0.109375,0.997506,1.00297,0.501984,0,0.995326,0.997922,0.00122774,0,-0.00026106,0.00571108,0.997923
5,3,0.171875,0.109375,0.999006,1.00152,0.503228,0,0.997672,0.997765,0.00261005,0,-0.000318932,0.00931126,0.997768
6,3,0.203125,0.109375,1.00099,0.999682,0.504467,0,1.00076,0.997656,0.00411497,0,-0.000334624,0.0102795,0.997665
7,3,0.234375,0.109375,1.00296,0.997903,0.50546,0,1.00387,0.997664,0.00547941,0,-0.000311472,0.0080028,0.997679
8,3,0.265625,0.109375,1.00477,0.99655,0.505244,0,1.00669,0.997899,0.0062828,0,-0.000134175,0.00413906,0.997919
9,3,0.296875,0.109375,1.00595,0.995858,0.504028,0,1.00875,0.998413,0.00589697,0,1.6014e-05,-0.00198446,0.99843
10,3,0.328125,0.109375,1.00608,0.996038,0.501984,0,1.00917,0.999162,0.00482466,0,0.000176059,-0.00642281,0.999174
11,3,0.359375,0.109375,1.00566,0.996652,0.499508,0,1.00863,1.00004,0.00311905,0,0.000234123,-0.00761218,1.00004
12,3,0.390625,0.109375,1.00479,0.997301,0.497164,0,1.00749,1.0009,0.00119594,0,0.000234533,-0.00724671,1.00091
13,3,0.421875,0.109375,1.00357,0.997881,0.495673,0,1.00582,1.00165,-0.000238878,0,0.000162219,-0.00427158,1.00165
14,3,0.453125,0.109375,1.00215,0.998247,0.49494,0,1.00388,1.00217,-0.0011971,0,0.000111049,-0.00201657,1.00217
15,3,0.484375,0.109375,1.00078,0.99843,0.495066,0,1.00191,1.00248,-0.00170838,0,3.74794e-05,-0.00132594,1.00248
16,3,0.515625,0.109375,0.999696,0.998577,0.495462,0,1.00031,1.00263,-0.0018532,0,-2.51743e-05,0.00140153,1.00263
17,3,0.546875,0.109375,0.998905,0.998891,0.496067,0,0.999151,1.00265,-0.00177235,0,-4.61724e-05,0.00209835,1.00265
18,3,0.578125,0.109375,0.99851,0.99935,0.496693,0,0.998539,1.00258,-0.00162005,0,-5.29619e-05,0.0021934,1.00258
19,3,0.609375,0.109375,0.998477,0.999988,0.497324,0,0.998453,1.00245,-0.00142861,0,-6.18992e-05,0.00279554,1.00245
20,3,0.640625,0.109375,0.998561,1.0006,0.497887,0,0.998531,1.00229,-0.00127839,0,-6.38252e-05,0.00299461,1.00229
21,3,0.671875,0.109375,0.998733,1.00107,0.498425,0,0.998687,1.00208,-0.00114857,0,-6.1381e-05,0.00312803,1.00208
22,3,0.703125,0.109375,0.998914,1.00138,0.498912,0,0.998809,1.00184,-0.00104438,0,-5.47969e-05,0.00292508,1.00184
23,3,0.734375,0.109375,0.99902,1.00149,0.499323,0,0.998789,1.00155,-0.0009565,0,-3.9834e-05,0.00207053,1.00155
24,3,0.765625,0.109375,0.99908,1.00146,0.499641,0,0.99868,1.00124,-0.00086052,0,-2.40617e-05,0.00123265,1.00124
25,3,0.796875,0.109375,0.999091,1.00135,0.499885,0,0.998517,1.00092,-0.000749971,0,-8.47017e-06,0.000428532,1.00092
26,3,0.828125,0.109375,0.999056,1.00124,0.500072,0,0.99832,1.00059,-0.000633547,0,3.43835e-06,-0.000259668,1.00059
27,3,0.859375,0.109375,0.998956,1.00114,0.50023,0,0.998102,1.00027,-0.000523634,0,9.41315e-06,-0.000658832,1.00027
28,3,0.890625,0.109375,0.998823,1.0011,0.500398,0,0.997884,0.999951,-0.000430934,0,7.33169e-06,-0.000614364,0.999951
29,3,0.921875,0.109375,0.99864,1.00116,0.500563,0,0.997606,0.999646,-0.000370655,0,-6.95358e-07,-0.000576626,0.999646
30,3,0.953125,0.109375,0.998378,1.00133,0.500697,0,0.997194,0.999355,-0.000335116,0,-1.83074e-05,-0.000314059,0.999355
31,3,0.984375,0.109375,0.998038,1.00166,0.500784,0,0.996627,0.99908,-0.000323266,0,-4.59455e-05,0.000212271,0.99908
0,4,0.015625,0.140625,0.997502,1.0022,0.501165,0,0.995689,0.998852,4.64114e-05,0,-9.28546e-05,0.00191689,0.998852
1,4,0.046875,0.140625,0.996913,1.00285,0.501344,0,0.994619,0.998565,0.000143451,0,-0.000145678,0.00311905,0.998565
2,4,0.078125,0.140625,0.996272,1.00345,0.501654,0,0.993571,0.998286,0.000403499,0,-0.00020098,0.00461111,0.998286
3,4,0.109375,0.140625,0.996164,1.00392,0.502235,0,0.99301,0.998008,0.000888498,0,-0.00028181,0.00732984,0.998008
4,4,0.140625,0.140625,0.996584,1.00348,0.503068,0,0.993648,0.997773,0.0016763,0,-0.000309351,0.00683399,0.997774
5,4,0.171875,0.140625,0.997833,1.0022,0.504461,0,0.995598,0.997615,0.00305638,0,-0.000341848,0.00922714,0.99762
6,4,0.203125,0.140625,0.999814,1.00025,0.505761,0,0.998652,0.997553,0.00444932,0,-0.000332513,0.00870706,0.997563
7,4,0.234375,0.140625,1.00213,0.998239,0.506512,0,1.00236,0.997669,0.00566907,0,-0.000311434,0.00979197,0.997685
8,4,0.265625,0.140625,1.00432,0.996382,0.505911,0,1.00589,0.997983,0.00589951,0,-8.62792e-05,-0.00221872,0.998
9,4,0.296875,0.140625,1.00594,0.99548,0.504004,0,1.00859,0.998652,0.00518073,0,9.6493e-06,-0.00151701,0.998665
10,4,0.328125,0.140625,1.00667,0.995624,0.501262,0,1.01014,0.999521,0.00377335,0,0.000151171,-0.00582197,0.999528
11,4,0.359375,0.140625,1.00629,0.996333,0.498456,0,1.00966,1.00045,0.00201934,0,0.000179625,-0.00531088,1.00046
12,4,0.390625,0.140625,1.00534,0.997184,0.496004,0,1.00838,1.0013,0.000196687,0,0.000175838,-0.00505442,1.0013
13,4,0.421875,0.140625,1.00396,0.998079,0.494597,0,1.00648,1.00194,-0.000928029,0,0.00011002,-0.00129809,1.00195
14,4,0.453125,0.140625,1.00232,0.99865,0.494278,0,1.00406,1.00232,-0.00166427,0,9.39559e-05,-0.00298451,1.00232
15,4,0.484375,0.140625,1.00083,0.998916,0.494676,0,1.00186,1.00256,-0.00189837,0,2.03138e-06,0.00148995,1.00256
16,4,0.515625,0.140625,0.999598,0.999078,0.495379,0,0.999985,1.00262,-0.00186053,0,-2.85923e-05,0.00168065,1.00262
17,4,0.546875,0.140625,0.998741,0.999341,0.496198,0,0.998679,1.00259,-0.00169055,0,-4.19327e-05,0.00190292,1.00259
18,4,0.578125,0.140625,0.998367,0.999724,0.49695,0,0.998012,1.00253,-0.0014804,0,-5.61572e-05,0.00241699,1.00253
19,4,0.609375,0.140625,0.998367,1.00036,0.497635,0,0.997973,1.00244,-0.00124363,0,-6.16452e-05,0.00293207,1.00244
20,4,0.640625,0.140625,0.998532,1.00093,0.498182,0,0.998161,1.00231,-0.00105464,0,-6.18795e-05,0.00310512,1.00231
21,4,0.671875,0.140625,0.998787,1.00138,0.498653,0,0.998438,1.00214,-0.000884549,0,-5.86713e-05,0.0030161,1.00214
22,4,0.703125,0.140625,0.999024,1.00167,0.499076,0,0.99866,1.00192,-0.000741806,0,-5.17977e-05,0.00281608,1.00192
23,4,0.734375,0.140625,0.999123,1.00173,0.499427,0,0.998668,1.00167,-0.000631273,0,-3.82417e-05,0.00218468,1.00167
24,4,0.765625,0.140625,0.999163,1.00167,0.499705,0,0.998589,1.00137,-0.000523338,0,-2.21609e-05,0.00126135,1.00137
25,4,0.796875,0.140625,0.999141,1.00154,0.499926,0,0.998437,1.00105,-0.000414311,0,-7.82396e-06,0.000472998,1.00105
26,4,0.828125,0.140625,0.99907,1.00138,0.500115,0,0.998269,1.00072,-0.000306201,0,3.17469e-06,-5.43543e-05,1.00072
27,4,0.859375,0.140625,0.998959,1.00127,0.500291,0,0.998089,1.00039,-0.000207249,0,9.48765e-06,-0.000427682,1.00039
28,4,0.890625,0.140625,0.998819,1.00124,0.500479,0,0.997885,1.00007,-0.000123084,0,8.7046e-06,-0.000534628,1.00007
29,4,0.921875,0.140625,0.998632,1.00129,0.500663,0,0.997597,0.999751,-6.69518e-05,0,-1.27243e-06,-0.000349774,0.999751
30,4,0.953125,0.140625,0.998381,1.00144,0.500848,0,0.997185,0.999444,-2.46892e-05,0,-2.05313e-05,0.000120249,0.999444
31,4,0.984375,0.140625,0.998011,1.00173,0.501013,0,0.996562,0.999144,4.94754e-06,0,-5.15675e-05,0.000916868,0.999144
0,5,0.015625,0.171875,0.99745,1.00234,0.501428,0,0.995586,0.998934,0.000438114,0,-0.000106006,0.00273507,0.998934
1,5,0.046875,0.171875,0.996757,1.00302,0.501749,0,0.994335,0.998625,0.000587748,0,-0.000168828,0.0043346,0.998626
2,5,0.078125,0.171875,0.996008,1.00378,0.502216,0,0.993003,0.998324,0.000893781,0,-0.000236501,0.0060307,0.998324
3,5,0.109375,0.171875,0.995619,1.00418,0.502991,0,0.992048,0.99804,0.00143714,0,-0.000305353,0.00847266,0.998041
4,5,0.140625,0.171875,0.995706,1.00419,0.503973,0,0.992092,0.99779,0.00219071,0,-0.000352368,0.00847061,0.997792
5,5,0.171875,0.171875,0.996841,1.00306,0.50541,0,0.993771,0.997637,0.00349428,0,-0.000359584,0.00911138,0.997643
6,5,0.203125,0.171875,0.998789,1.00101,0.506755,0,0.996763,0.997642,0.00467753,0,-0.000327518,0.00748066,0.997653
7,5,0.234375,0.171875,1.00148,0.99861,0.507073,0,1.00107,0.997905,0.00571248,0,-0.000280998,0.00979728,0.997921
8,5,0.265625,0.171875,1.0042,0.996207,0.506126,0,1.00562,0.99834,0.00543347,0,-9.43797e-05,-0.00100147,0.998355
9,5,0.296875,0.171875,1.00636,0.994889,0.503767,0,1.00892,0.999034,0.00435842,0,2.40393e-05,-0.00410493,0.999043
10,5,0.328125,0.171875,1.00733,0.994954,0.500601,0,1.01118,0.999902,0.00269678,0,0.000131586,-0.00666558,0.999906
11,5,0.359375,0.171875,1.00681,0.995798,0.497625,0,1.01058,1.00079,0.000996824,0,0.000129523,-0.00425465,1.00079
12,5,0.390625,0.171875,1.00578,0.996961,0.495165,0,1.00912,1.00154,-0.000661535,0,0.000117912,-0.00342063,1.00154
13,5,0.421875,0.171875,1.00424,0.998198,0.493848,0,1.00688,1.00209,-0.00144471,0,6.57151e-05,0.000861033,1.00209
14,5,0.453125,0.171875,1.00249,0.999046,0.493889,0,1.00417,1.00238,-0.00200253,0,4.50766e-05,-0.00154072,1.00238
15,5,0.484375,0.171875,1.0009,0.999376,0.494416,0,1.00173,1.00252,-0.00199742,0,-2.27278e-06,0.00149447,1.00252
16,5,0.515625,0.171875,0.999577,0.999537,0.495325,0,0.999704,1.00255,-0.00183283,0,-2.70136e-05,0.00189527,1.00256
17,5,0.546875,0.171875,0.998657,0.999726,0.496273,0,0.99834,1.00253,-0.0016126,0,-3.71781e-05,0.00183178,1.00253
18,5,0.578125,0.171875,0.99831,1.00005,0.497107,0,0.997682,1.00249,-0.00136268,0,-5.10308e-05,0.00225231,1.00249
19,5,0.609375,0.171875,0.998336,1.00062,0.497808,0,0.997697,1.00242,-0.00110093,0,-5.35968e-05,0.00252886,1.00242
20,5,0.640625,0.171875,0.998546,1.00114,0.498343,0,0.997979,1.00233,-0.000873459,0,-5.30084e-05,0.00290018,1.00233
21,5,0.671875,0.171875,0.998854,1.0016,0.498775,0,0.998349,1.00219,-0.000656,0,-4.77835e-05,0.00289792,1.00219
22,5,0.703125,0.171875,0.999106,1.00188,0.499142,0,0.998609,1.002,-0.000469023,0,-3.7855e-05,0.00241533,1.002
23,5,0.734375,0.171875,0.999182,1.0019,0.499443,0,0.998599,1.00174,-0.000321724,0,-2.82368e-05,0.00183246,1.00174
24,5,0.765625,0.171875,0.999204,1.00183,0.499698,0,0.998541,1.00145,-0.000193778,0,-1.61648e-05,0.00121404,1.00145
25,5,0.796875,0.171875,0.99916,1.00168,0.499914,0,0.998402,1.00114,-8.20595e-05,0,-3.54498e-06,0.000516753,1.00114
26,5,0.828125,0.171875,0.999067,1.00153,0.500109,0,0.998238,1.00081,1.92406e-05,0,5.71904e-06,-1.32781e-05,1.00081
27,5,0.859375,0.171875,0.998953,1.00142,0.500301,0,0.998064,1.00049,0.000109365,0,9.23445e-06,-0.000259621,1.00049
28,5,0.890625,0.171875,0.998817,1.00138,0.500503,0,0.997871,1.00017,0.000186232,0,7.60026e-06,-0.000258767,1.00017
29,5,0.921875,0.171875,0.998638,1.00143,0.500708,0,0.997595,0.999855,0.000246749,0,-4.72727e-06,1.08023e-05,0.999855
30,5,0.953125,0.171875,0.998374,1.00157,0.500935,0,0.997171,0.999546,0.000301163,0,-2.49946e-05,0.000520673,0.999546
31,5,0.984375,0.171875,0.997989,1.00187,0.501172,0,0.996523,0.99924,0.000356313,0,-5.86781e-05,0.00148014,0.99924
0,6,0.015625,0.203125,0.997365,1.00255,0.501663,0,0.99542,0.999028,0.000852553,0,-0.000121232,0.00347591,0.999028
1,6,0.046875,0.203125,0.996603,1.0033,0.502105,0,0.994044,0.998718,0.00106636,0,-0.000190494,0.00539597,0.998719
2,6,0.078125,0.203125,0.995768,1.00419,0.502709,0,0.992493,0.998411,0.00142668,0,-0.000267419,0.00722694,0.998412
3,6,0.109375,0.203125,0.995111,1.00473,0.503569,0,0.991251,0.998137,0.00199704,0,-0.000333831,0.00916063,0.998139
4,6,0.140625,0.203125,0.995101,1.00498,0.504629,0,0.990771,0.997921,0.00274061,0,-0.000389382,0.0106591,0.997924
5,6,0.171875,0.203125,0.996007,1.00393,0.50602,0,0.992199,0.997818,0.00389041,0,-0.00038154,0.00940666,0.997826
6,6,0.203125,0.203125,0.998068,1.00181,0.507274,0,0.995442,0.997936,0.0047843,0,-0.000322806,0.00718805,0.997948
7,6,0.234375,0.203125,1.00106,0.998871,0.507238,0,1.00023,0.998273,0.0055397,0,-0.000205497,0.00523171,0.998288
8,6,0.265625,0.203125,1.0043,0.996032,0.505959,0,1.00557,0.998848,0.00492428,0,-0.000111165,0.00211876,0.99886
9,6,0.296875,0.203125,1.00674,0.994124,0.50335,0,1.00951,0.999546,0.00356446,0,5.19669e-06,-0.00306932,0.999552
10,6,0.328125,0.203125,1.00798,0.994286,0.500031,0,1.0121,1.00032,0.00172477,0,9.60235e-05,-0.00621259,1.00033
11,6,0.359375,0.203125,1.00747,0.995225,0.497078,0,1.0115,1.00107,0.000133695,0,8.63611e-05,-0.00387684,1.00107
12,6,0.390625,0.203125,1.0062,0.996709,0.494691,0,1.00967,1.00166,-0.00134091,0,7.14688e-05,-0.00283746,1.00166
13,6,0.421875,0.203125,1.00442,0.998295,0.493481,0,1.00693,1.00208,-0.00186781,0,2.52892e-05,-7.02704e-06,1.00208
14,6,0.453125,0.203125,1.00261,0.99932,0.493619,0,1.00412,1.00235,-0.00219415,0,-1.71786e-05,0.00256121,1.00235
15,6,0.484375,0.203125,1.00092,0.999772,0.494271,0,1.0015,1.00248,-0.0020728,0,-1.33528e-05,0.00163175,1.00248
16,6,0.515625,0.203125,0.999567,0.999982,0.495287,0,0.999417,1.00254,-0.00181704,0,-2.88238e-05,0.00236589,1.00254
17,6,0.546875,0.203125,0.998666,1.00008,0.49629,0,0.998087,1.00254,-0.00155914,0,-3.03957e-05,0.00200844,1.00255
18,6,0.578125,0.203125,0.998304,1.00036,0.497184,0,0.997471,1.00252,-0.00127507,0,-3.7693e-05,0.00213477,1.00252
19,6,0.609375,0.203125,0.998339,1.00085,0.497887,0,0.997519,1.00247,-0.000993445,0,-3.52758e-05,0.00185426,1.00247
20,6,0.640625,0.203125,0.998559,1.00133,0.498402,0,0.997823,1.00239,-0.000727944,0,-3.34904e-05,0.00198363,1.00239
21,6,0.671875,0.203125,0.998871,1.00174,0.498798,0,0.998245,1.00226,-0.000457715,0,-2.88947e-05,0.00212664,1.00226
22,6,0.703125,0.203125,0.999115,1.00199,0.499128,0,0.998547,1.00207,-0.000217909,0,-2.07434e-05,0.00200549,1.00207
23,6,0.734375,0.203125,0.999196,1.00198,0.499406,0,0.998576,1.00182,-2.71503e-05,0,-1.03301e-05,0.00148227,1.00182
24,6,0.765625,0.203125,0.999194,1.0019,0.499652,0,0.998525,1.00153,0.000123498,0,2.11486e-06,0.000722882,1.00153
25,6,0.796875,0.203125,0.999134,1.00176,0.499878,0,0.998381,1.00121,0.000241479,0,1.21128e-05,6.80045e-05,1.00121
26,6,0.828125,0.203125,0.999024,1.00161,0.500094,0,0.998203,1.00088,0.000337693,0,1.71039e-05,-0.000371273,1.00088
27,6,0.859375,0.203125,0.998902,1.00152,0.50031,0,0.998013,1.00055,0.000418122,0,1.6678e-05,-0.000517681,1.00055
28,6,0.890625,0.203125,0.998775,1.0015,0.500527,0,0.997822,1.00024,0.000488543,0,9.67705e-06,-0.000344114,1.00024
29,6,0.921875,0.203125,0.99859,1.00156,0.500775,0,0.997532,0.999934,0.000559433,0,-6.84013e-06,0.000277567,0.999934
30,6,0.953125,0.203125,0.998321,1.00173,0.501031,0,0.997092,0.999634,0.000629159,0,-3.13514e-05,0.000901388,0.999635
31,6,0.984375,0.203125,0.997928,1.00204,0.501319,0,0.996419,0.999334,0.000719119,0,-6.88739e-05,0.00199323,0.999334
0,7,0.015625,0.234375,0.997213,1.00283,0.501903,0,0.995129,0.999103,0.00127298,0,-0.000143082,0.00441622,0.999104
1,7,0.046875,0.234375,0.996394,1.00366,0.50244,0,0.993652,0.998818,0.0015577,0,-0.000218139,0.00657882,0.998819
2,7,0.078125,0.234375,0.995489,1.00466,0.503145,0,0.991926,0.99854,0.00197475,0,-0.000300091,0.0086681,0.998542
3,7,0.109375,0.234375,0.994588,1.00541,0.504046,0,0.990444,0.998311,0.0025479,0,-0.000371131,0.010278,0.998314
4,7,0.140625,0.234375,0.994634,1.00574,0.505028,0,0.989784,0.998175,0.00324978,0,-0.000415724,0.0119411,0.99818
5,7,0.171875,0.234375,0.995444,1.00483,0.506301,0,0.99104,0.998182,0.00419909,0,-0.000384957,0.010115,0.998191
6,7,0.203125,0.234375,0.997595,1.00256,0.507211,0,0.994468,0.998374,0.00483752,0,-0.000327445,0.00783352,0.998385
7,7,0.234375,0.234375,1.00089,0.999159,0.506972,0,0.999747,0.998788,0.00515836,0,-0.000152689,0.00105344,0.998801
8,7,0.265625,0.234375,1.00457,0.995762,0.505426,0,1.00587,0.99944,0.0043564,0,-0.000100029,0.00270145,0.99945
9,7,0.296875,0.234375,1.00712,0.993448,0.50281,0,1.01017,1.00013,0.00285747,0,-2.62954e-05,-0.000636111,1.00013
10,7,0.328125,0.234375,1.00851,0.99375,0.499587,0,1.01283,1.00079,0.000948621,0,3.5283e-05,-0.00375966,1.00079
11,7,0.359375,0.234375,1.00807,0.994755,0.496827,0,1.01222,1.00135,-0.0005116,0,2.20556e-05,-0.00245736,1.00135
12,7,0.390625,0.234375,1.00671,0.996414,0.494596,0,1.01021,1.00181,-0.00182906,0,1.02296e-05,-0.000948139,1.00181
13,7,0.421875,0.234375,1.00478,0.998255,0.49348,0,1.00722,1.00214,-0.00217937,0,-7.81918e-06,0.000468025,1.00214
14,7,0.453125,0.234375,1.00282,0.999483,0.493627,0,1.00419,1.00236,-0.00234459,0,-1.84955e-05,0.00210133,1.00236
15,7,0.484375,0.234375,1.00103,1.00007,0.494278,0,1.00144,1.00248,-0.00215295,0,-1.15758e-05,0.00134435,1.00248
16,7,0.515625,0.234375,0.999611,1.00033,0.495261,0,0.999278,1.00255,-0.0018355,0,-2.01356e-05,0.00171082,1.00255
17,7,0.546875,0.234375,0.998751,1.00043,0.496237,0,0.997958,1.00258,-0.00154505,0,-1.85518e-05,0.00157241,1.00259
18,7,0.578125,0.234375,0.998339,1.00064,0.497151,0,0.997325,1.00258,-0.00121881,0,-1.63413e-05,0.00167123,1.00258
19,7,0.609375,0.234375,0.998356,1.00105,0.497879,0,0.99737,1.00253,-0.000903728,0,-1.02891e-05,0.00132614,1.00253
20,7,0.640625,0.234375,0.998541,1.00147,0.498401,0,0.997662,1.00243,-0.000593352,0,-6.15866e-06,0.00108073,1.00243
21,7,0.671875,0.234375,0.998827,1.00183,0.498788,0,0.998103,1.00228,-0.000276339,0,2.94109e-06,0.000815678,1.00228
22,7,0.703125,0.234375,0.999046,1.00205,0.499097,0,0.998416,1.00207,1.34378e-05,0,1.1264e-05,0.000759082,1.00207
23,7,0.734375,0.234375,0.999115,1.00205,0.49937,0,0.998477,1.00181,0.000249506,0,1.85872e-05,0.000594572,1.00181
24,7,0.765625,0.234375,0.999103,1.00196,0.499619,0,0.998436,1.00151,0.000425515,0,2.65631e-05,9.68701e-05,1.00151
25,7,0.796875,0.234375,0.999032,1.00182,0.499857,0,0.998301,1.00119,0.000551841,0,3.18703e-05,-0.000405582,1.00119
26,7,0.828125,0.234375,0.998915,1.00169,0.500098,0,0.998107,1.00086,0.000645137,0,3.19274e-05,-0.000725335,1.00086
27,7,0.859375,0.234375,0.998782,1.00161,0.500337,0,0.997891,1.00054,0.000715613,0,2.61553e-05,-0.000783429,1.00054
28,7,0.890625,0.234375,0.99865,1.00162,0.500581,0,0.997669,1.00023,0.000780805,0,1.10296e-05,-0.000458735,1.00023
29,7,0.921875,0.234375,0.998467,1.00171,0.500844,0,0.997356,0.99994,0.000857769,0,-1.18215e-05,0.000306349,0.999941
30,7,0.953125,0.234375,0.998201,1.00191,0.501138,0,0.996892,0.999663,0.000951833,0,-4.33496e-05,0.00145592,0.999664
31,7,0.984375,0.234375,0.997803,1.00226,0.501486,0,0.996187,0.999386,0.00108354,0,-8.55248e-05,0.00278587,0.999386
0,8,0.015625,0.265625,0.996976,1.00319,0.502155,0,0.994681,0.999134,0.00168266,0,-0.00017114,0.00539944,0.999135
1,8,0.046875,0.265625,0.996125,1.00412,0.502769,0,0.993129,0.998899,0.00203673,0,-0.000251499,0.00780179,0.998901
2,8,0.078125,0.265625,0.995184,1.00522,0.503526,0,0.991304,0.998688,0.00249923,0,-0.000333262,0.010041,0.998691
3,8,0.109375,0.265625,0.994181,1.00612,0.504407,0,0.989693,0.998538,0.0030615,0,-0.000401131,0.0116329,0.998543
4,8,0.140625,0.265625,0.994296,1.00636,0.505243,0,0.989168,0.998502,0.00366102,0,-0.000430391,0.0120012,0.998508
5,8,0.171875,0.265625,0.994989,1.00575,0.506257,0,0.990075,0.998646,0.00438443,0,-0.000401057,0.0105587,0.998656
6,8,0.203125,0.265625,0.99745,1.0032,0.506792,0,0.993977,0.999005,0.00480912,0,-0.000324856,0.0105604,0.999016
7,8,0.234375,0.265625,1.00102,0.999448,0.50639,0,0.999808,0.999483,0.00469498,0,-0.000138549,0.000473487,0.999494
8,8,0.265625,0.265625,1.005,0.9956,0.504725,0,1.00643,1.00011,0.00375469,0,-8.42474e-05,0.000957255,1.00012
9,8,0.296875,0.265625,1.00754,0.993015,0.502262,0,1.01073,1.00074,0.00225712,0,-5.5411e-05,0.000886553,1.00075
10,8,0.328125,0.265625,1.00891,0.99336,0.499336,0,1.01329,1.00127,0.000400009,0,-3.19329e-05,-0.000641583,1.00127
11,8,0.359375,0.265625,1.00857,0.994268,0.49689,0,1.0128,1.00167,-0.000933219,0,-2.49721e-05,-0.000568135,1.00168
12,8,0.390625,0.265625,1.0071,0.996176,0.49485,0,1.01053,1.00196,-0.00214274,0,-2.13411e-05,-0.00106075,1.00196
13,8,0.421875,0.265625,1.00505,0.998187,0.493786,0,1.0073,1.00217,-0.00238779,0,-2.15385e-05,0.000190867,1.00217
14,8,0.453125,0.265625,1.00301,0.999503,0.493862,0,1.00418,1.00235,-0.00249008,0,-1.48425e-05,0.000964355,1.00235
15,8,0.484375,0.265625,1.00119,1.00022,0.494408,0,1.00141,1.00249,-0.0022483,0,-1.30831e-05,0.00147923,1.00249
16,8,0.515625,0.265625,0.999794,1.00052,0.495297,0,0.999316,1.00258,-0.00188111,0,-8.93052e-06,0.00147192,1.00258
17,8,0.546875,0.265625,0.998916,1.00069,0.496215,0,0.997997,1.00262,-0.00155239,0,1.15427e-06,0.00106606,1.00262
18,8,0.578125,0.265625,0.998445,1.00082,0.497112,0,0.997343,1.00261,-0.00118823,0,1.37107e-05,0.0005764,1.00261
19,8,0.609375,0.265625,0.998408,1.00116,0.497829,0,0.997308,1.00254,-0.00082619,0,1.94014e-05,0.000361038,1.00254
20,8,0.640625,0.265625,0.998496,1.00149,0.498375,0,0.997519,1.00242,-0.000458176,0,2.64589e-05,0.000324121,1.00242
21,8,0.671875,0.265625,0.998688,1.00182,0.498778,0,0.997887,1.00223,-9.78886e-05,0,3.73461e-05,-0.000141801,1.00223
22,8,0.703125,0.265625,0.998867,1.00204,0.49908,0,0.998198,1.002,0.000230809,0,4.8076e-05,-0.00046507,1.002
23,8,0.734375,0.265625,0.998928,1.00205,0.499342,0,0.998278,1.00173,0.000504019,0,5.47765e-05,-0.000639459,1.00173
24,8,0.765625,0.265625,0.998927,1.00199,0.499592,0,0.998261,1.00142,0.000704923,0,5.83891e-05,-0.000909585,1.00142
25,8,0.796875,0.265625,0.998871,1.00188,0.499843,0,0.998142,1.00109,0.000841707,0,5.72588e-05,-0.00116635,1.00109
26,8,0.828125,0.265625,0.998765,1.00177,0.500107,0,0.997941,1.00077,0.000933237,0,5.00455e-05,-0.0012399,1.00077
27,8,0.859375,0.265625,0.998636,1.00172,0.500369,0,0.997707,1.00045,0.000996601,0,3.58193e-05,-0.00103327,1.00045
28,8,0.890625,0.265625,0.998483,1.00175,0.50065,0,0.997431,1.00016,0.00106086,0,1.39082e-05,-0.00048275,1.00016
29,8,0.921875,0.265625,0.998281,1.00188,0.500948,0,0.997066,0.999881,0.00114376,0,-1.49837e-05,0.000335962,0.999882
30,8,0.953125,0.265625,0.997997,1.00213,0.501278,0,0.996547,0.999622,0.0012601,0,-5.36771e-05,0.0015759,0.999623
31,8,0.984375,0.265625,0.997585,1.00254,0.50167,0,0.995792,0.999375,0.00143335,0,-0.000105164,0.00327554,0.999376
0,9,0.015625,0.296875,0.996654,1.00362,0.502394,0,0.994087,0.999161,0.00206583,0,-0.000200291,0.00627945,0.999163
1,9,0.046875,0.296875,0.995792,1.00465,0.503075,0,0.992475,0.998996,0.0024773,0,-0.000283092,0.00883772,0.999
2,9,0.078125,0.296875,0.99487,1.00585,0.503841,0,0.990652,0.998877,0.0029652,0,-0.000360408,0.0110771,0.998881
3,9,0.109375,0.296875,0.993909,1.00675,0.504661,0,0.989031,0.998834,0.00349364,0,-0.000423297,0.0124755,0.99884
4,9,0.140625,0.296875,0.994078,1.0071,0.505322,0,0.988735,0.998929,0.00396176,0,-0.000441143,0.0126402,0.998937
5,9,0.171875,0.296875,0.994877,1.00646,0.505975,0,0.989722,0.999194,0.00443251,0,-0.000395776,0.0100265,0.999204
6,9,0.203125,0.296875,0.997492,1.00371,0.506119,0,0.993824,0.999642,0.00461652,0,-0.000281549,0.00817873,0.999653
7,9,0.234375,0.296875,1.00127,0.999657,0.505475,0,1.00012,1.00023,0.00422646,0,-0.00015535,0.00371852,1.00024
8,9,0.265625,0.296875,1.00536,0.995635,0.503916,0,1.00692,1.00083,0.00321597,0,-9.76636e-05,0.00194,1.00083
9,9,0.296875,0.296875,1.00785,0.993005,0.50182,0,1.01107,1.00135,0.00179298,0,-9.1245e-05,0.00205911,1.00136
10,9,0.328125,0.296875,1.00924,0.993311,0.499264,0,1.01347,1.00175,6.54891e-05,0,-9.47934e-05,0.00186433,1.00175
11,9,0.359375,0.296875,1.00893,0.994045,0.497202,0,1.01303,1.00201,-0.00115518,0,-7.30688e-05,0.00114743,1.00201
12,9,0.390625,0.296875,1.00741,0.996028,0.495389,0,1.01071,1.00218,-0.0022901,0,-6.18628e-05,0.00101768,1.00219
13,9,0.421875,0.296875,1.00535,0.998047,0.49431,0,1.00746,1.00232,-0.00252811,0,-2.49476e-05,-0.000237533,1.00232
14,9,0.453125,0.296875,1.00334,0.999427,0.494265,0,1.00435,1.00245,-0.00262987,0,-8.69849e-06,-0.00022097,1.00245
15,9,0.484375,0.296875,1.00153,1.00025,0.494668,0,1.00159,1.00257,-0.0023566,0,4.03545e-06,0.000397713,1.00257
16,9,0.515625,0.296875,1.00015,1.00065,0.495431,0,0.999521,1.00265,-0.00194444,0,1.56577e-05,0.000538905,1.00265
17,9,0.546875,0.296875,0.999219,1.00086,0.49627,0,0.998188,1.00268,-0.00157064,0,2.70271e-05,0.000220903,1.00268
18,9,0.578125,0.296875,0.998702,1.00096,0.497111,0,0.997479,1.00264,-0.00116317,0,4.54757e-05,-0.000248806,1.00264
19,9,0.609375,0.296875,0.998408,1.00122,0.497833,0,0.997301,1.00254,-0.000741846,0,5.8592e-05,-0.00070503,1.00254
20,9,0.640625,0.296875,0.998436,1.00149,0.498358,0,0.997428,1.00236,-0.000325338,0,7.25405e-05,-0.00129529,1.00236
21,9,0.671875,0.296875,0.998539,1.00177,0.49876,0,0.997707,1.00213,7.782e-05,0,8.43008e-05,-0.00173461,1.00213
22,9,0.703125,0.296875,0.998664,1.00197,0.499053,0,0.997982,1.00186,0.000438049,0,9.2721e-05,-0.00205133,1.00186
23,9,0.734375,0.296875,0.998707,1.002,0.499309,0,0.998058,1.00156,0.000739134,0,9.60786e-05,-0.00215751,1.00156
24,9,0.765625,0.296875,0.998702,1.00196,0.499561,0,0.998038,1.00124,0.000959435,0,9.29538e-05,-0.00212027,1.00124
25,9,0.796875,0.296875,0.998656,1.00189,0.499825,0,0.997923,1.00091,0.00110389,0,8.43954e-05,-0.00200901,1.00091
26,9,0.828125,0.296875,0.998561,1.00182,0.500104,0,0.997716,1.0006,0.00119364,0,6.96509e-05,-0.00176347,1.0006
27,9,0.859375,0.296875,0.998445,1.00182,0.500395,0,0.997472,1.0003,0.00125514,0,4.60454e-05,-0.00130871,1.0003
28,9,0.890625,0.296875,0.998271,1.0019,0.500706,0,0.997131,1.00002,0.00132046,0,1.48273e-05,-0.000473188,1.00003
29,9,0.921875,0.296875,0.998045,1.00207,0.501036,0,0.996699,0.999777,0.00141237,0,-2.35715e-05,0.000654118,0.999778
30,9,0.953125,0.296875,0.99773,1.00238,0.501404,0,0.996104,0.999553,0.00155042,0,-7.0692e-05,0.00211736,0.999554
31,9,0.984375,0.296875,0.997287,1.00287,0.501842,0,0.995272,0.999348,0.00176237,0,-0.000129572,0.00397727,0.999349
0,10,0.015625,0.328125,0.996281,1.00411,0.502597,0,0.993404,0.999235,0.00240547,0,-0.000228877,0.00712236,0.999238
1,10,0.046875,0.328125,0.995428,1.00525,0.503324,0,0.99176,0.999157,0.00285632,0,-0.000306518,0.00961912,0.999161
2,10,0.078125,0.328125,0.994572,1.00651,0.504074,0,0.990043,0.999139,0.00334426,0,-0.000376538,0.0115675,0.999145
3,10,0.109375,0.328125,0.993817,1.0073,0.504794,0,0.988592,0.999218,0.00381647,0,-0.000417839,0.0128452,0.999225
4,10,0.140625,0.328125,0.993967,1.00776,0.50526,0,0.988513,0.999414,0.00414173,0,-0.000434147,0.0120504,0.999423
5,10,0.171875,0.328125,0.994933,1.00699,0.50562,0,0.989791,0.999784,0.0044034,0,-0.000377771,0.0108992,0.999794
6,10,0.203125,0.328125,0.997724,1.00411,0.505321,0,0.994106,1.0003,0.004272,0,-0.000250596,0.00540843,1.00031
7,10,0.234375,0.328125,1.00165,0.999864,0.50445,0,1.00063,1.00093,0.0037369,0,-0.000164935,0.0045165,1.00094
8,10,0.265625,0.328125,1.00564,0.995881,0.503097,0,1.00728,1.00151,0.00276454,0,-0.000133943,0.00432682,1.00152
9,10,0.296875,0.328125,1.00795,0.993294,0.501372,0,1.01108,1.00196,0.00148723,0,-0.000150059,0.00455433,1.00196
10,10,0.328125,0.328125,1.00924,0.993516,0.49933,0,1.01329,1.00225,-6.88527e-05,0,-0.000160822,0.00477232,1.00225
11,10,0.359375,0.328125,1.00903,0.994108,0.4976,0,1.01293,1.00241,-0.0012386,0,-0.000118413,0.00266612,1.00241
12,10,0.390625,0.328125,1.00768,0.995948,0.49596,0,1.01072,1.00252,-0.00232754,0,-8.62839e-05,0.00217192,1.00252
13,10,0.421875,0.328125,1.00577,0.9978,0.49501,0,1.00767,1.00258,-0.00261702,0,-1.92832e-05,-0.000781235,1.00259
14,10,0.453125,0.328125,1.00381,0.999192,0.494827,0,1.00469,1.00267,-0.00272916,0,8.37807e-07,-0.000270852,1.00268
15,10,0.484375,0.328125,1.00203,1.00012,0.49514,0,1.00202,1.00275,-0.00245927,0,3.2245e-05,-0.000961982,1.00275
16,10,0.515625,0.328125,1.00064,1.00062,0.49577,0,0.999987,1.00278,-0.00201085,0,5.26362e-05,-0.000912795,1.00279
17,10,0.546875,0.328125,0.999623,1.00089,0.4965,0,0.998572,1.00276,-0.00158316,0,6.86591e-05,-0.00122405,1.00276
18,10,0.578125,0.328125,0.998931,1.00106,0.497243,0,0.997702,1.00266,-0.00112692,0,8.58674e-05,-0.0018604,1.00266
19,10,0.609375,0.328125,0.998531,1.00119,0.497918,0,0.997356,1.0025,-0.000646859,0,0.000103372,-0.00210907,1.0025
20,10,0.640625,0.328125,0.998353,1.00144,0.49842,0,0.997378,1.00228,-0.000182424,0,0.000117005,-0.00263869,1.00228
21,10,0.671875,0.328125,0.998395,1.00166,0.498784,0,0.997567,1.002,0.000254515,0,0.00012959,-0.00312661,1.002
22,10,0.703125,0.328125,0.998466,1.00185,0.499072,0,0.997795,1.00169,0.000640043,0,0.000138618,-0.003576,1.00169
23,10,0.734375,0.328125,0.998489,1.00191,0.499317,0,0.997868,1.00136,0.000956385,0,0.000138483,-0.00360529,1.00136
24,10,0.765625,0.328125,0.998467,1.0019,0.499567,0,0.99783,1.00103,0.00118609,0,0.000130021,-0.00345276,1.00103
25,10,0.796875,0.328125,0.998409,1.00187,0.499833,0,0.9977,1.0007,0.00133081,0,0.000113776,-0.00308319,1.0007
26,10,0.828125,0.328125,0.998315,1.00187,0.50012,0,0.997473,1.0004,0.00141945,0,8.81302e-05,-0.00245474,1.0004
27,10,0.859375,0.328125,0.998185,1.00191,0.50043,0,0.997171,1.00013,0.00148218,0,5.39597e-05,-0.00149429,1.00013
28,10,0.890625,0.328125,0.998007,1.00204,0.500754,0,0.996781,0.999884,0.00155063,0,1.26106e-05,-0.000371264,0.999885
29,10,0.921875,0.328125,0.997759,1.00228,0.501107,0,0.99627,0.999674,0.0016532,0,-3.5491e-05,0.00100324,0.999676
30,10,0.953125,0.328125,0.997416,1.00267,0.501503,0,0.995593,0.999497,0.0018129,0,-9.16466e-05,0.00273719,0.999499
31,10,0.984375,0.328125,0.996939,1.00325,0.502,0,0.994668,0.999352,0.00206051,0,-0.000155835,0.00488733,0.999354
0,11,0.015625,0.359375,0.995922,1.00466,0.502767,0,0.992727,0.999382,0.00268796,0,-0.000254361,0.00794993,0.999386
1,11,0.046875,0.359375,0.995099,1.00589,0.503509,0,0.991095,0.999401,0.00315192,0,-0.000322405,0.0100743,0.999406
2,11,0.078125,0.359375,0.994332,1.00718,0.504231,0,0.989532,0.999494,0.00361999,0,-0.000377639,0.0117804,0.9995
3,11,0.109375,0.359375,0.993883,1.00784,0.504767,0,0.988434,0.999684,0.00400587,0,-0.000394767,0.012137,0.999692
4,11,0.140625,0.359375,0.994036,1.00828,0.505171,0,0.988524,0.999981,0.00422032,0,-0.000419557,0.0120261,0.99999
5,11,0.171875,0.359375,0.995205,1.00731,0.505091,0,0.990176,1.00043,0.00424387,0,-0.00033683,0.00937714,1.00044
6,11,0.203125,0.359375,0.998199,1.00434,0.504451,0,0.994817,1.00101,0.00389016,0,-0.000243514,0.00623237,1.00102
7,11,0.234375,0.359375,1.00211,1.00014,0.503461,0,1.00125,1.00162,0.0032631,0,-0.000172159,0.00444348,1.00163
8,11,0.265625,0.359375,1.00579,0.996395,0.502327,0,1.00738,1.00216,0.00239947,0,-0.000168496,0.00554523,1.00216
9,11,0.296875,0.359375,1.00782,0.993939,0.501075,0,1.01076,1.00253,0.00133799,0,-0.000198905,0.00708044,1.00253
10,11,0.328125,0.359375,1.00911,0.994074,0.499484,0,1.01274,1.00272,-5.91884e-05,0,-0.00020579,0.00635883,1.00272
11,11,0.359375,0.359375,1.00902,0.994382,0.498078,0,1.01258,1.00281,-0.00121011,0,-0.000159306,0.00388909,1.00281
12,11,0.390625,0.359375,1.00784,0.995971,0.496627,0,1.01058,1.00287,-0.00228353,0,-0.000108905,0.00329293,1.00288
13,11,0.421875,0.359375,1.0062,0.997529,0.495803,0,1.00792,1.0029,-0.00267119,0,-1.54255e-05,-0.000812708,1.0029
14,11,0.453125,0.359375,1.0044,0.998843,0.495548,0,1.00521,1.00296,-0.00280366,0,1.67769e-05,-0.000646364,1.00296
15,11,0.484375,0.359375,1.00269,0.999841,0.495803,0,1.00272,1.00299,-0.00254122,0,5.9671e-05,-0.00167417,1.00299
16,11,0.515625,0.359375,1.00127,1.00044,0.496329,0,1.00072,1.00297,-0.00205914,0,8.91091e-05,-0.0021275,1.00297
17,11,0.546875,0.359375,1.00015,1.00076,0.496947,0,0.999199,1.00288,-0.00157335,0,0.000110626,-0.00248631,1.00288
18,11,0.578125,0.359375,0.999311,1.00096,0.497577,0,0.998152,1.00271,-0.00105922,0,0.000128727,-0.00315501,1.00271
19,11,0.609375,0.359375,0.998771,1.00107,0.498132,0,0.997611,1.00248,-0.000535093,0,0.0001509,-0.00391547,1.00248
20,11,0.640625,0.359375,0.998446,1.00124,0.498576,0,0.997464,1.00219,-2.71048e-05,0,0.000169009,-0.00438893,1.00219
21,11,0.671875,0.359375,0.99832,1.00145,0.498916,0,0.997537,1.00185,0.000439202,0,0.000181162,-0.00485986,1.00185
22,11,0.703125,0.359375,0.998297,1.00165,0.499161,0,0.997666,1.00149,0.000834485,0,0.000185772,-0.00523106,1.00149
23,11,0.734375,0.359375,0.998279,1.00175,0.499381,0,0.997721,1.00113,0.0011544,0,0.000180783,-0.00520187,1.00113
24,11,0.765625,0.359375,0.998224,1.0018,0.499619,0,0.997665,1.00079,0.00138161,0,0.0001649,-0.00474579,1.00079
25,11,0.796875,0.359375,0.998142,1.00183,0.49988,0,0.997498,1.00047,0.00152013,0,0.000138407,-0.00403478,1.00047
26,11,0.828125,0.359375,0.998032,1.00188,0.50017,0,0.997229,1.00019,0.00160493,0,0.00010156,-0.00295198,1.0002
27,11,0.859375,0.359375,0.997892,1.00199,0.500478,0,0.996877,0.999959,0.00166676,0,5.71695e-05,-0.001645,0.99996
28,11,0.890625,0.359375,0.997702,1.00219,0.500807,0,0.996417,0.999763,0.00174249,0,5.51317e-06,-0.000119894,0.999764
29,11,0.921875,0.359375,0.99744,1.00251,0.501175,0,0.995828,0.999609,0.00185735,0,-5.02039e-05,0.00159142,0.99961
30,11,0.953125,0.359375,0.997078,1.00298,0.501611,0,0.995063,0.999495,0.00203728,0,-0.000113126,0.00353584,0.999497
31,11,0.984375,0.359375,0.996585,1.00369,0.502132,0,0.994048,0.999416,0.00231055,0,-0.000180346,0.00548755,0.999419
0,12,0.015625,0.390625,0.995621,1.00527,0.50292,0,0.992126,0.999642,0.00289535,0,-0.000273577,0.00860703,0.999646
1,12,0.046875,0.390625,0.994853,1.00657,0.503647,0,0.990555,0.999767,0.0033511,0,-0.00032843,0.0103786,0.999772
2,12,0.078125,0.390625,0.994241,1.00781,0.504317,0,0.989188,0.999967,0.00377713,0,-0.000371352,0.0114237,0.999974
3,12,0.109375,0.390625,0.994072,1.00842,0.504685,0,0.988516,1.00028,0.00405478,0,-0.00037603,0.0116468,1.00029
4,12,0.140625,0.390625,0.9943,1.00868,0.504895,0,0.988805,1.00069,0.00420439,0,-0.000378798,0.0124954,1.0007
5,12,0.171875,0.390625,0.995693,1.00749,0.50451,0,0.990927,1.00116,0.00398497,0,-0.000278119,0.00687477,1.00117
6,12,0.203125,0.390625,0.998754,1.00443,0.503669,0,0.995723,1.00173,0.00350075,0,-0.00021659,0.00556452,1.00173
7,12,0.234375,0.390625,1.00251,1.00047,0.502642,0,1.0018,1.00228,0.00285521,0,-0.000179909,0.00476839,1.00229
8,12,0.265625,0.390625,1.00572,0.997132,0.501744,0,1.00716,1.00274,0.00214041,0,-0.000201519,0.00645798,1.00275
9,12,0.296875,0.390625,1.00756,0.995013,0.500812,0,1.01012,1.00305,0.00130078,0,-0.00024251,0.00857692,1.00305
10,12,0.328125,0.390625,1.0085,0.99491,0.499633,0,1.01181,1.00318,5.96681e-05,0,-0.000243226,0.00814397,1.00318
11,12,0.359375,0.390625,1.00884,0.994962,0.49855,0,1.01183,1.00323,-0.0010928,0,-0.000192384,0.00517733,1.00323
12,12,0.390625,0.390625,1.00789,0.996137,0.497241,0,1.01026,1.00325,-0.00218931,0,-0.000122975,0.00356047,1.00325
13,12,0.421875,0.390625,1.00663,0.997339,0.496569,0,1.00816,1.00325,-0.00269694,0,-7.42612e-06,-0.000813903,1.00325
14,12,0.453125,0.390625,1.00515,0.998496,0.496397,0,1.00589,1.00328,-0.00286335,0,2.96804e-05,-0.000894405,1.00328
15,12,0.484375,0.390625,1.00357,0.999467,0.496619,0,1.00365,1.00327,-0.00260024,0,8.42845e-05,-0.00213527,1.00327
16,12,0.515625,0.390625,1.00211,1.00007,0.497102,0,1.00169,1.0032,-0.00207984,0,0.000122955,-0.00292046,1.0032
17,12,0.546875,0.390625,1.00086,1.00042,0.497619,0,1.00007,1.00305,-0.00153507,0,0.0001501,-0.00355331,1.00305
18,12,0.578125,0.390625,0.999886,1.00063,0.498132,0,0.998875,1.00281,-0.000955601,0,0.000174315,-0.00433646,1.00281
19,12,0.609375,0.390625,0.99918,1.00077,0.498563,0,0.998123,1.00249,-0.000386365,0,0.000199112,-0.00548186,1.00249
20,12,0.640625,0.390625,0.998699,1.00092,0.498902,0,0.997754,1.00212,0.000150146,0,0.00022033,-0.00634145,1.00212
21,12,0.671875,0.390625,0.998403,1.00113,0.499158,0,0.997671,1.00171,0.000628465,0,0.000232635,-0.00681249,1.00171
22,12,0.703125,0.390625,0.998243,1.00135,0.499366,0,0.997696,1.00131,0.00102632,0,0.000232245,-0.00685484,1.00131
23,12,0.734375,0.390625,0.998125,1.00152,0.499558,0,0.997695,1.00092,0.00133319,0,0.000220964,-0.00666979,1.00092
24,12,0.765625,0.390625,0.998014,1.00164,0.499767,0,0.997603,1.00057,0.001543,0,0.000196033,-0.00597335,1.00057
25,12,0.796875,0.390625,0.99789,1.00174,0.500005,0,0.997385,1.00027,0.00166736,0,0.00015796,-0.00484395,1.00027
26,12,0.828125,0.390625,0.997751,1.00187,0.500271,0,0.997057,1.00003,0.00174251,0,0.000110025,-0.00341465,1.00003
27,12,0.859375,0.390625,0.997589,1.00206,0.500566,0,0.996631,0.99984,0.00180273,0,5.55671e-05,-0.00169811,0.999841
28,12,0.890625,0.390625,0.997386,1.00234,0.500908,0,0.996095,0.999705,0.00188561,0,-3.58005e-06,0.00025859,0.999706
29,12,0.921875,0.390625,0.997127,1.00275,0.501281,0,0.995438,0.999618,0.0020088,0,-6.5749e-05,0.00207375,0.99962
30,12,0.953125,0.390625,0.996768,1.00335,0.501721,0,0.994586,0.999574,0.00221122,0,-0.00013519,0.00414362,0.999576
31,12,0.984375,0.390625,0.996271,1.00417,0.502264,0,0.9935,0.99958,0.00250355,0,-0.00020595,0.00638063,0.999583
0,13,0.015625,0.421875,0.995421,1.00589,0.503083,0,0.991686,1.00002,0.0030146,0,-0.000280076,0.00868739,1.00002
1,13,0.046875,0.421875,0.994761,1.00724,0.503757,0,0.99021,1.00024,0.00344432,0,-0.000324833,0.0101716,1.00025
2,13,0.078125,0.421875,0.994235,1.00838,0.50437,0,0.988986,1.00055,0.00381092,0,-0.000346102,0.0109371,1.00056
3,13,0.109375,0.421875,0.994396,1.00899,0.50455,0,0.988895,1.00095,0.0039787,0,-0.000343048,0.0104973,1.00096
4,13,0.140625,0.421875,0.994712,1.009,0.504605,0,0.989273,1.00142,0.00407171,0,-0.000308686,0.0105942,1.00143
5,13,0.171875,0.421875,0.996361,1.00759,0.503968,0,0.991902,1.00193,0.00369015,0,-0.000241038,0.00677679,1.00193
6,13,0.203125,0.421875,0.999377,1.0045,0.502987,0,0.996727,1.00245,0.00313621,0,-0.000190132,0.0050967,1.00245
7,13,0.234375,0.421875,1.00278,1.0009,0.501984,0,1.00218,1.00293,0.00253702,0,-0.000183361,0.00519449,1.00293
8,13,0.265625,0.421875,1.00548,0.99806,0.501273,0,1.00662,1.0033,0.00199084,0,-0.000215973,0.00706204,1.0033
9,13,0.296875,0.421875,1.00716,0.996341,0.500635,0,1.00921,1.0035,0.00136827,0,-0.00026509,0.00870082,1.00351
10,13,0.328125,0.421875,1.00779,0.995875,0.499744,0,1.01046,1.00358,0.000246687,0,-0.000264222,0.00856843,1.00358
11,13,0.359375,0.421875,1.00821,0.995877,0.498917,0,1.01066,1.00359,-0.000904548,0,-0.000217872,0.00623082,1.00359
12,13,0.390625,0.421875,1.00775,0.996508,0.49775,0,1.00975,1.00357,-0.00204699,0,-0.000139635,0.00390458,1.00357
13,13,0.421875,0.421875,1.00696,0.997318,0.497285,0,1.0083,1.00356,-0.00272738,0,-6.21596e-06,-0.00134565,1.00356
14,13,0.453125,0.421875,1.00588,0.9982,0.497255,0,1.00659,1.00359,-0.0029114,0,3.89944e-05,-0.000520363,1.0036
15,13,0.484375,0.421875,1.00454,0.998995,0.497509,0,1.00469,1.00356,-0.0026417,0,0.000107024,-0.00229571,1.00356
16,13,0.515625,0.421875,1.00313,0.999548,0.498036,0,1.00285,1.00346,-0.00208102,0,0.000154548,-0.00338489,1.00346
17,13,0.546875,0.421875,1.00181,0.999911,0.498509,0,1.0012,1.00326,-0.00146848,0,0.000184921,-0.00425066,1.00326
18,13,0.578125,0.421875,1.0007,1.00013,0.49892,0,0.999888,1.00295,-0.000816537,0,0.000217718,-0.00536174,1.00295
19,13,0.609375,0.421875,0.999827,1.00028,0.499229,0,0.998941,1.00255,-0.000194532,0,0.000245373,-0.00665897,1.00255
20,13,0.640625,0.421875,0.999169,1.00046,0.499453,0,0.998358,1.00209,0.000359617,0,0.000268451,-0.00790295,1.00209
21,13,0.671875,0.421875,0.998691,1.00069,0.499612,0,0.99807,1.00162,0.000832144,0,0.000278905,-0.00860185,1.00162
22,13,0.703125,0.421875,0.998342,1.00096,0.499736,0,0.997938,1.00117,0.00120978,0,0.000273215,-0.00858024,1.00117
23,13,0.734375,0.421875,0.998092,1.00121,0.499864,0,0.997841,1.00077,0.00148603,0,0.000253274,-0.00803104,1.00077
24,13,0.765625,0.421875,0.997878,1.00142,0.500027,0,0.997683,1.00043,0.00166552,0,0.000219132,-0.00694562,1.00043
25,13,0.796875,0.421875,0.997685,1.00162,0.500239,0,0.997415,1.00016,0.00176835,0,0.000172284,-0.00535906,1.00016
26,13,0.828125,0.421875,0.997496,1.00182,0.500501,0,0.997025,0.999957,0.00183108,0,0.000115043,-0.00359409,0.999959
27,13,0.859375,0.421875,0.997302,1.0021,0.500782,0,0.996518,0.999823,0.00188398,0,5.15397e-05,-0.00169536,0.999825
28,13,0.890625,0.421875,0.997099,1.00249,0.501081,0,0.995897,0.999749,0.00196765,0,-1.33378e-05,0.000271801,0.999751
29,13,0.921875,0.421875,0.996846,1.00301,0.501438,0,0.995154,0.999733,0.00210613,0,-8.64812e-05,0.00257459,0.999735
30,13,0.953125,0.421875,0.996495,1.00374,0.501887,0,0.994213,0.999772,0.00232368,0,-0.000155849,0.00485838,0.999775
31,13,0.984375,0.421875,0.996027,1.00469,0.502432,0,0.993068,0.999866,0.00262537,0,-0.000221261,0.00690507,0.999869
0,14,0.015625,0.453125,0.995346,1.00656,0.503277,0,0.991422,1.00056,0.00304087,0,-0.000282148,0.00890209,1.00057
1,14,0.046875,0.453125,0.994783,1.00797,0.503889,0,0.990059,1.00088,0.00343132,0,-0.000304011,0.00982463,1.00089
2,14,0.078125,0.453125,0.994477,1.00892,0.504435,0,0.98913,1.00126,0.00371812,0,-0.000306146,0.00923016,1.00127
3,14,0.109375,0.453125,0.994765,1.00944,0.50444,0,0.989361,1.0017,0.00383237,0,-0.000291484,0.00928084,1.00171
4,14,0.140625,0.453125,0.995235,1.00932,0.504312,0,0.989983,1.00218,0.00381427,0,-0.000224229,0.0072204,1.00219
5,14,0.171875,0.453125,0.997143,1.00759,0.503502,0,0.992999,1.00269,0.00338693,0,-0.00019128,0.00637792,1.00269
6,14,0.203125,0.453125,1.00001,1.00455,0.50242,0,0.997688,1.00314,0.00282385,0,-0.000148674,0.00449061,1.00314
7,14,0.234375,0.453125,1.00295,1.00135,0.501496,0,1.00247,1.0035,0.00232258,0,-0.000158712,0.00474598,1.0035
8,14,0.265625,0.453125,1.00512,0.999016,0.500909,0,1.00597,1.00374,0.00195877,0,-0.000219042,0.00666531,1.00374
9,14,0.296875,0.453125,1.00645,0.997709,0.500525,0,1.00794,1.00385,0.00153245,0,-0.000275986,0.00884165,1.00385
10,14,0.328125,0.453125,1.00701,0.997068,0.499779,0,1.00883,1.00387,0.000489826,0,-0.000277859,0.00842152,1.00387
11,14,0.359375,0.453125,1.00735,0.997042,0.499142,0,1.00918,1.00384,-0.000659055,0,-0.000240158,0.00688471,1.00384
12,14,0.390625,0.453125,1.00747,0.997024,0.498128,0,1.00904,1.0038,-0.0018688,0,-0.000156727,0.00447187,1.00381
13,14,0.421875,0.453125,1.00702,0.997435,0.497926,0,1.00822,1.0038,-0.00275574,0,-2.57741e-05,-0.00107961,1.0038
14,14,0.453125,0.453125,1.00637,0.997988,0.498005,0,1.00715,1.00383,-0.00296424,0,5.49398e-05,-0.000800277,1.00383
15,14,0.484375,0.453125,1.00541,0.998536,0.498398,0,1.00571,1.0038,-0.00268671,0,0.000128428,-0.00240602,1.0038
16,14,0.515625,0.453125,1.00423,0.998962,0.499039,0,1.00412,1.00368,-0.00207992,0,0.000184995,-0.00383337,1.00368
17,14,0.546875,0.453125,1.00298,0.999254,0.499557,0,1.00255,1.00344,-0.00137688,0,0.000219969,-0.00478672,1.00344
18,14,0.578125,0.453125,1.00179,0.999456,0.499917,0,1.00118,1.00307,-0.000649583,0,0.000258878,-0.00625871,1.00307
19,14,0.609375,0.453125,1.00077,0.999616,0.500141,0,1.00009,1.00261,2.7854e-05,0,0.00028725,-0.00757716,1.00261
20,14,0.640625,0.453125,0.999928,0.99982,0.500258,0,0.999325,1.0021,0.000594763,0,0.000308359,-0.0089675,1.0021
21,14,0.671875,0.453125,0.999261,1.00009,0.500322,0,0.998843,1.00158,0.00104751,0,0.000314399,-0.00976089,1.00158
22,14,0.703125,0.453125,0.998717,1.00043,0.500364,0,0.998546,1.0011,0.0013849,0,0.000303327,-0.0097557,1.0011
23,14,0.734375,0.453125,0.998265,1.00078,0.500415,0,0.99832,1.00069,0.00161243,0,0.000276214,-0.00902971,1.00069
24,14,0.765625,0.453125,0.997891,1.0011,0.500508,0,0.998058,1.00037,0.0017453,0,0.000233855,-0.00774414,1.00037
25,14,0.796875,0.453125,0.997556,1.0014,0.500652,0,0.997687,1.00014,0.00181383,0,0.000174398,-0.00591069,1.00014
26,14,0.828125,0.453125,0.997264,1.00174,0.500849,0,0.997177,0.999997,0.00185863,0,0.000107073,-0.00358974,0.999999
27,14,0.859375,0.453125,0.997029,1.00215,0.501085,0,0.996563,0.999934,0.00190972,0,3.79476e-05,-0.00121827,0.999935
28,14,0.890625,0.453125,0.996832,1.00263,0.501364,0,0.995874,0.999935,0.00199337,0,-3.29759e-05,0.000881662,0.999937
29,14,0.921875,0.453125,0.996598,1.00329,0.50172,0,0.995024,1,0.00214389,0,-0.000104591,0.00327755,1
30,14,0.953125,0.453125,0.996304,1.00414,0.502144,0,0.994032,1.00012,0.00236494,0,-0.000171946,0.00530197,1.00013
31,14,0.984375,0.453125,0.995888,1.00524,0.502665,0,0.992828,1.00031,0.00266742,0,-0.000233958,0.00730116,1.00031
0,15,0.015625,0.484375,0.995408,1.00719,0.503556,0,0.991431,1.00125,0.00297495,0,-0.000263135,0.00829795,1.00125
1,15,0.046875,0.484375,0.994976,1.00861,0.504047,0,0.990179,1.00163,0.0033095,0,-0.000269088,0.00846323,1.00164
2,15,0.078125,0.484375,0.99488,1.0095,0.504421,0,0.989477,1.00207,0.0035643,0,-0.000266423,0.00884543,1.00207
3,15,0.109375,0.484375,0.995192,1.00983,0.504379,0,0.989803,1.0025,0.00361746,0,-0.000223116,0.00694196,1.0025
4,15,0.140625,0.484375,0.995873,1.00949,0.503994,0,0.990819,1.00297,0.00348328,0,-0.000155401,0.00470028,1.00298
5,15,0.171875,0.484375,0.997902,1.0076,0.503084,0,0.994063,1.00343,0.00308484,0,-0.00012808,0.00476653,1.00343
6,15,0.203125,0.484375,1.00056,1.00464,0.501938,0,0.998486,1.00379,0.00257112,0,-0.000103867,0.0036384,1.0038
7,15,0.234375,0.484375,1.00298,1.00187,0.501022,0,1.0025,1.00405,0.00220872,0,-0.000130941,0.00453378,1.00405
8,15,0.265625,0.484375,1.0046,1.00005,0.500615,0,1.00511,1.00416,0.0020529,0,-0.000192926,0.00648463,1.00416
9,15,0.296875,0.484375,1.00553,0.999079,0.500428,0,1.00643,1.00414,0.00178229,0,-0.000246493,0.00733269,1.00414
10,15,0.328125,0.484375,1.00607,0.998513,0.499791,0,1.00711,1.00406,0.000799414,0,-0.000272912,0.00739986,1.00406
11,15,0.359375,0.484375,1.00647,0.998169,0.499277,0,1.00751,1.00397,-0.000363638,0,-0.000254211,0.00671948,1.00397
12,15,0.390625,0.484375,1.00696,0.997835,0.498429,0,1.00801,1.00391,-0.00168191,0,-0.000174339,0.00396531,1.00391
13,15,0.421875,0.484375,1.0069,0.997707,0.498372,0,1.00791,1.00391,-0.00273959,0,-5.47966e-05,0.000425641,1.00391
14,15,0.453125,0.484375,1.00663,0.997823,0.49856,0,1.00746,1.00391,-0.00303691,0,6.88263e-05,-0.0021307,1.00392
15,15,0.484375,0.484375,1.00606,0.998092,0.499136,0,1.00653,1.00388,-0.00274876,0,0.000146238,-0.00288408,1.00389
16,15,0.515625,0.484375,1.00521,0.998335,0.499917,0,1.00528,1.00375,-0.00208238,0,0.000213187,-0.00429341,1.00375
17,15,0.546875,0.484375,1.00417,0.998502,0.500557,0,1.00391,1.00349,-0.00127731,0,0.000253943,-0.00523411,1.00349
18,15,0.578125,0.484375,1.00303,0.998648,0.500946,0,1.00257,1.0031,-0.000477415,0,0.000294391,-0.00682117,1.0031
19,15,0.609375,0.484375,1.00193,0.998808,0.501158,0,1.00143,1.00263,0.000253906,0,0.000319787,-0.00799519,1.00263
20,15,0.640625,0.484375,1.00095,0.999044,0.50124,0,1.00055,1.0021,0.000829704,0,0.00033621,-0.00924873,1.0021
21,15,0.671875,0.484375,1.00011,0.999378,0.501248,0,0.999932,1.00159,0.00125424,0,0.000335453,-0.00996217,1.00159
22,15,0.703125,0.484375,0.999382,0.999807,0.501227,0,0.999486,1.00112,0.00153764,0,0.000315507,-0.00999935,1.00112
23,15,0.734375,0.484375,0.998727,1.00026,0.501196,0,0.999121,1.00074,0.00170258,0,0.000280731,-0.00932873,1.00074
24,15,0.765625,0.484375,0.998111,1.00071,0.501205,0,0.998721,1.00046,0.00177836,0,0.000228053,-0.00779857,1.00046
25,15,0.796875,0.484375,0.997562,1.00116,0.501263,0,0.998215,1.00029,0.00181134,0,0.000162412,-0.00561407,1.00029
26,15,0.828125,0.484375,0.997117,1.00163,0.501374,0,0.997585,1.00021,0.00183324,0,9.47814e-05,-0.00339889,1.00021
27,15,0.859375,0.484375,0.996817,1.00213,0.501536,0,0.996872,1.00021,0.00187243,0,1.9089e-05,-0.00108914,1.00021
28,15,0.890625,0.484375,0.996598,1.00278,0.501779,0,0.996026,1.00029,0.00195921,0,-5.43953e-05,0.00152953,1.0003
29,15,0.921875,0.484375,0.996419,1.00357,0.5021,0,0.995105,1.00044,0.00211008,0,-0.000121054,0.00369877,1.00045
30,15,0.953125,0.484375,0.996196,1.00457,0.502511,0,0.994052,1.00065,0.00233344,0,-0.000182109,0.00574863,1.00066
31,15,0.984375,0.484375,0.995869,1.00578,0.502999,0,0.992827,1.00092,0.00262755,0,-0.000230942,0.00733402,1.00093
0,16,0.015625,0.515625,0.995608,1.00774,0.503816,0,0.991665,1.00208,0.00282498,0,-0.000239545,0.00788652,1.00209
1,16,0.046875,0.515625,0.995276,1.00916,0.504144,0,0.990428,1.0025,0.00310766,0,-0.000231416,0.00705495,1.00251
2,16,0.078125,0.515625,0.995319,1.00994,0.504311,0,0.989914,1.00296,0.00335814,0,-0.000210681,0.00783746,1.00296
3,16,0.109375,0.515625,0.995593,1.01023,0.504185,0,0.99026,1.00338,0.00334493,0,-0.000155949,0.00498281,1.00339
4,16,0.140625,0.515625,0.996543,1.00961,0.503585,0,0.9917,1.00381,0.00314947,0,-9.86885e-05,0.00288625,1.00381
5,16,0.171875,0.515625,0.998532,1.00761,0.502619,0,0.994939,1.00417,0.00280316,0,-5.43382e-05,0.00258989,1.00417
6,16,0.203125,0.515625,1.00099,1.00479,0.501506,0,0.999034,1.00443,0.00237508,0,-3.96974e-05,0.00209397,1.00443
7,16,0.234375,0.515625,1.00292,1.00244,0.500669,0,1.00235,1.00456,0.00219553,0,-9.73914e-05,0.0037981,1.00457
8,16,0.265625,0.515625,1.004,1.00111,0.500365,0,1.0041,1.00453,0.00224171,0,-0.000137752,0.00509823,1.00454
9,16,0.296875,0.515625,1.00451,1.00044,0.500361,0,1.00479,1.0044,0.00210472,0,-0.000198489,0.00613767,1.00441
10,16,0.328125,0.515625,1.00492,0.99999,0.499845,0,1.00517,1.00424,0.00118007,0,-0.00026033,0.00692857,1.00424
11,16,0.359375,0.515625,1.00547,0.999416,0.499391,0,1.00575,1.00407,-3.97323e-06,0,-0.000260243,0.00617386,1.00407
12,16,0.390625,0.515625,1.00619,0.998657,0.498656,0,1.00668,1.00394,-0.00144871,0,-0.000182727,0.00322313,1.00394
13,16,0.421875,0.515625,1.00658,0.998144,0.498649,0,1.00729,1.00387,-0.0026629,0,-6.84256e-05,0.000125573,1.00387
14,16,0.453125,0.515625,1.00666,0.997759,0.498952,0,1.00742,1.00383,-0.00309417,0,6.86509e-05,-0.00305395,1.00383
15,16,0.484375,0.515625,1.00645,0.997703,0.499744,0,1.00705,1.00378,-0.00281322,0,0.000158712,-0.00377636,1.00378
16,16,0.515625,0.515625,1.00593,0.997682,0.50064,0,1.00618,1.00364,-0.00210021,0,0.000233754,-0.00485658,1.00364
17,16,0.546875,0.515625,1.00516,0.997704,0.501426,0,1.00507,1.00338,-0.00120091,0,0.000286295,-0.00584923,1.00338
18,16,0.578125,0.515625,1.00421,0.997759,0.501902,0,1.00388,1.00301,-0.000336267,0,0.000327729,-0.00727158,1.00301
19,16,0.609375,0.515625,1.00316,0.997906,0.502174,0,1.00276,1.00256,0.000441125,0,0.000349599,-0.00845134,1.00256
20,16,0.640625,0.515625,1.00214,0.998179,0.502263,0,1.00185,1.00208,0.00101772,0,0.000357334,-0.00953787,1.00208
21,16,0.671875,0.515625,1.00118,0.998594,0.50225,0,1.00116,1.00161,0.00140897,0,0.000343635,-0.00991501,1.00161
22,16,0.703125,0.515625,1.00028,0.999134,0.502194,0,1.00061,1.00121,0.00164353,0,0.000309408,-0.0093733,1.00122
23,16,0.734375,0.515625,0.99942,0.999713,0.50212,0,1.00013,1.00091,0.00174228,0,0.000266629,-0.0085678,1.00091
24,16,0.765625,0.515625,0.99855,1.00028,0.502069,0,0.999624,1.0007,0.00176207,0,0.000207931,-0.00705841,1.0007
25,16,0.796875,0.515625,0.997714,1.00086,0.502069,0,0.999,1.0006,0.00175924,0,0.000140917,-0.00499804,1.0006
26,16,0.828125,0.515625,0.997072,1.00143,0.502096,0,0.998294,1.00059,0.00175249,0,6.92301e-05,-0.00282314,1.00059
27,16,0.859375,0.515625,0.996667,1.00211,0.502198,0,0.997437,1.00067,0.00178698,0,-6.74436e-06,-0.000132352,1.00067
28,16,0.890625,0.515625,0.996473,1.00288,0.502358,0,0.996507,1.00083,0.00186473,0,-7.46788e-05,0.00193348,1.00083
29,16,0.921875,0.515625,0.996344,1.0038,0.502616,0,0.995478,1.00105,0.00200994,0,-0.000134772,0.00397754,1.00105
30,16,0.953125,0.515625,0.996188,1.00492,0.502965,0,0.994329,1.00134,0.00222545,0,-0.000186902,0.00576817,1.00134
31,16,0.984375,0.515625,0.995951,1.00624,0.503377,0,0.993046,1.00169,0.00250496,0,-0.000225437,0.00716877,1.00169
0,17,0.015625,0.546875,0.995749,1.00818,0.503883,0,0.991752,1.003,0.00261044,0,-0.000213751,0.00636107,1.003
1,17,0.046875,0.546875,0.995555,1.00959,0.50405,0,0.990638,1.00345,0.00285971,0,-0.000198772,0.00640239,1.00345
2,17,0.078125,0.546875,0.995653,1.01035,0.504021,0,0.990195,1.0039,0.00307446,0,-0.000144441,0.00539792,1.0039
3,17,0.109375,0.546875,0.995926,1.01062,0.503764,0,0.990569,1.00433,0.00304416,0,-0.000105066,0.00418853,1.00434
4,17,0.140625,0.546875,0.997019,1.00979,0.503075,0,0.99228,1.00469,0.00285647,0,-4.91765e-05,0.00200569,1.00469
5,17,0.171875,0.546875,0.998965,1.00769,0.502047,0,0.995468,1.00497,0.00254107,0,8.6355e-06,0.000602302,1.00497
6,17,0.203125,0.546875,1.00114,1.00498,0.500919,0,0.999194,1.00514,0.00221574,0,9.18711e-06,0.000552267,1.00515
7,17,0.234375,0.546875,1.00264,1.00303,0.500246,0,1.0018,1.00517,0.00229088,0,-2.99707e-05,0.00388308,1.00517
8,17,0.265625,0.546875,1.00325,1.00215,0.500169,0,1.0029,1.00504,0.00247391,0,-7.22876e-05,0.00318394,1.00504
9,17,0.296875,0.546875,1.00345,1.00171,0.500354,0,1.00302,1.00482,0.00245225,0,-0.000142537,0.00428956,1.00483
10,17,0.328125,0.546875,1.00366,1.0014,0.499914,0,1.00319,1.00457,0.00163787,0,-0.000224095,0.00664101,1.00458
11,17,0.359375,0.546875,1.0043,1.00064,0.499531,0,1.00392,1.00428,0.000462833,0,-0.000238162,0.00551836,1.00428
12,17,0.390625,0.546875,1.00521,0.999556,0.498874,0,1.00518,1.00399,-0.00110364,0,-0.00016044,0.00184024,1.00399
13,17,0.421875,0.546875,1.006,0.998551,0.498867,0,1.00637,1.00375,-0.00247473,0,-5.5423e-05,-0.00166219,1.00376
14,17,0.453125,0.546875,1.00646,0.997866,0.499293,0,1.00714,1.00356,-0.00307677,0,7.94369e-05,-0.00559644,1.00356
15,17,0.484375,0.546875,1.00661,0.997295,0.500078,0,1.00716,1.00344,-0.00285895,0,0.00016843,-0.00535164,1.00344
16,17,0.515625,0.546875,1.00641,0.997023,0.501132,0,1.00679,1.00327,-0.00212979,0,0.000262977,-0.00623862,1.00328
17,17,0.546875,0.546875,1.00589,0.996867,0.502017,0,1.00595,1.00303,-0.00117602,0,0.000318057,-0.00697794,1.00303
18,17,0.578125,0.546875,1.00519,0.996856,0.502598,0,1.00497,1.0027,-0.000264047,0,0.000356127,-0.00823362,1.0027
19,17,0.609375,0.546875,1.00431,0.996981,0.502981,0,1.00393,1.00232,0.000546588,0,0.000369225,-0.00874815,1.00232
20,17,0.640625,0.546875,1.00336,0.997299,0.503146,0,1.00305,1.00193,0.00111783,0,0.000365813,-0.00919316,1.00194
21,17,0.671875,0.546875,1.00238,0.997805,0.503161,0,1.00235,1.00157,0.00147854,0,0.000338825,-0.00929112,1.00158
22,17,0.703125,0.546875,1.00136,0.998444,0.503107,0,1.00176,1.00128,0.00166748,0,0.000295649,-0.00857529,1.00128
23,17,0.734375,0.546875,1.00029,0.999129,0.503054,0,1.00121,1.00108,0.00170692,0,0.00024037,-0.00746224,1.00109
24,17,0.765625,0.546875,0.999113,0.999828,0.502992,0,1.00062,1.00099,0.0016849,0,0.000168361,-0.00544959,1.00099
25,17,0.796875,0.546875,0.997945,1.00054,0.502936,0,0.999922,1.001,0.00164566,0,9.66646e-05,-0.00330478,1.001
26,17,0.828125,0.546875,0.997044,1.00127,0.502925,0,0.999115,1.0011,0.00161745,0,2.42096e-05,-0.00111103,1.0011
27,17,0.859375,0.546875,0.996557,1.00206,0.502955,0,0.998198,1.00128,0.00164184,0,-4.39262e-05,0.00117722,1.00129
28,17,0.890625,0.546875,0.996386,1.00296,0.503053,0,0.997169,1.00153,0.00171549,0,-0.00010751,0.00320187,1.00154
29,17,0.921875,0.546875,0.996316,1.004,0.50321,0,0.996031,1.00184,0.00184821,0,-0.00015784,0.00474504,1.00185
30,17,0.953125,0.546875,0.996221,1.00523,0.503421,0,0.994752,1.0022,0.00205254,0,-0.00019282,0.0059296,1.0022
31,17,0.984375,0.546875,0.996032,1.00665,0.503656,0,0.993281,1.00259,0.00231564,0,-0.000210079,0.00624789,1.00259
0,18,0.015625,0.578125,0.995787,1.00847,0.503696,0,0.991787,1.00395,0.00234163,0,-0.000211448,0.00702448,1.00395
1,18,0.046875,0.578125,0.995669,1.00988,0.503685,0,0.990641,1.00444,0.00256584,0,-0.000174114,0.00638785,1.00445
2,18,0.078125,0.578125,0.995801,1.01055,0.503496,0,0.990201,1.00492,0.00271099,0,-0.000107929,0.00377134,1.00493
3,18,0.109375,0.578125,0.996014,1.01076,0.503098,0,0.990511,1.00537,0.00272968,0,-7.54318e-05,0.00410849,1.00537
4,18,0.140625,0.578125,0.997082,1.00978,0.50233,0,0.992258,1.0057,0.00258054,0,-8.70229e-06,0.001904,1.0057
5,18,0.171875,0.578125,0.998905,1.00768,0.501327,0,0.995291,1.00594,0.00228958,0,5.83665e-05,-0.000311022,1.00595
6,18,0.203125,0.578125,1.00088,1.00521,0.500382,0,0.998708,1.00607,0.00213008,0,4.96011e-05,0.00120515,1.00607
7,18,0.234375,0.578125,1.00199,1.00361,0.499925,0,1.00064,1.00601,0.00235054,0,4.96106e-05,0.000237568,1.00602
8,18,0.265625,0.578125,1.0023,1.00307,0.500009,0,1.00128,1.00588,0.00271397,0,-1.85443e-05,0.00323721,1.00588
9,18,0.296875,0.578125,1.00224,1.00285,0.500369,0,1.00109,1.0056,0.0028355,0,-8.99165e-05,0.00357505,1.00561
10,18,0.328125,0.578125,1.00228,1.00268,0.500085,0,1.00107,1.00523,0.00216504,0,-0.000146887,0.00501119,1.00524
11,18,0.359375,0.578125,1.00293,1.00179,0.499799,0,1.00194,1.00476,0.00107253,0,-0.000178156,0.00447871,1.00476
12,18,0.390625,0.578125,1.00399,1.00048,0.499174,0,1.00341,1.00424,-0.000595271,0,-0.000106764,-0.000432607,1.00424
13,18,0.421875,0.578125,1.00512,0.999092,0.499169,0,1.0051,1.00377,-0.00208142,0,-2.82545e-05,-0.00255982,1.00377
14,18,0.453125,0.578125,1.00596,0.997881,0.499604,0,1.00634,1.00332,-0.00290222,0,0.000123394,-0.0089217,1.00332
15,18,0.484375,0.578125,1.00648,0.997065,0.500299,0,1.00698,1.00296,-0.00280516,0,0.000219419,-0.00966859,1.00296
16,18,0.515625,0.578125,1.00648,0.996424,0.501275,0,1.0069,1.00266,-0.00216557,0,0.000315987,-0.0107032,1.00266
17,18,0.546875,0.578125,1.00629,0.99604,0.50225,0,1.00638,1.00237,-0.00119905,0,0.000368114,-0.0099123,1.00237
18,18,0.578125,0.578125,1.00585,0.995936,0.502942,0,1.00562,1.00208,-0.000278124,0,0.000388616,-0.00972624,1.00208
19,18,0.609375,0.578125,1.00521,0.996071,0.5034,0,1.00474,1.00181,0.000529356,0,0.000382553,-0.00939104,1.00181
20,18,0.640625,0.578125,1.00447,0.996416,0.503641,0,1.00398,1.00156,0.00108474,0,0.000363835,-0.00888446,1.00156
21,18,0.671875,0.578125,1.00358,0.997009,0.503768,0,1.00332,1.00136,0.00143149,0,0.000321127,-0.00792557,1.00136
22,18,0.703125,0.578125,1.00251,0.997752,0.503779,0,1.00275,1.00121,0.00158311,0,0.000272631,-0.00745961,1.00122
23,18,0.734375,0.578125,1.00123,0.998573,0.503745,0,1.00216,1.00115,0.00157429,0,0.000200044,-0.00612816,1.00116
24,18,0.765625,0.578125,0.999712,0.999419,0.503697,0,1.0015,1.00121,0.00151954,0,0.000118757,-0.00359453,1.00121
25,18,0.796875,0.578125,0.998146,1.00027,0.503652,0,1.00073,1.00136,0.00145649,0,4.30094e-05,-0.00125938,1.00136
26,18,0.828125,0.578125,0.996892,1.00112,0.503592,0,0.999823,1.00158,0.00141816,0,-2.77014e-05,0.000653279,1.00158
27,18,0.859375,0.578125,0.996205,1.00202,0.503523,0,0.998762,1.00186,0.00143464,0,-9.09042e-05,0.00232258,1.00186
28,18,0.890625,0.578125,0.996054,1.00299,0.503485,0,0.997575,1.00219,0.00150848,0,-0.000146443,0.00412655,1.00219
29,18,0.921875,0.578125,0.996028,1.00411,0.503475,0,0.996255,1.00257,0.0016376,0,-0.000189985,0.00538276,1.00257
30,18,0.953125,0.578125,0.995994,1.0054,0.503502,0,0.994815,1.00299,0.00183656,0,-0.000221303,0.00658597,1.003
31,18,0.984375,0.578125,0.995932,1.00689,0.503589,0,0.993308,1.00346,0.00208262,0,-0.00022979,0.00746456,1.00346
0,19,0.015625,0.609375,0.995558,1.00855,0.503308,0,0.991455,1.00484,0.00199602,0,-0.000232032,0.00815626,1.00484
1,19,0.046875,0.609375,0.995506,1.0099,0.50315,0,0.990225,1.00544,0.00218367,0,-0.000186095,0.0069904,1.00544
2,19,0.078125,0.609375,0.99565,1.0105,0.50279,0,0.98975,1.00602,0.00229542,0,-0.000120548,0.00528407,1.00602
3,19,0.109375,0.609375,0.995792,1.01077,0.502315,0,0.989926,1.00652,0.00237497,0,-6.75164e-05,0.00478879,1.00652
4,19,0.140625,0.609375,0.996815,1.00965,0.501545,0,0.991661,1.00692,0.00226258,0,8.75633e-06,0.00244651,1.00692
5,19,0.171875,0.609375,0.998476,1.00757,0.500577,0,0.994487,1.00721,0.00200026,0,7.25485e-05,1.91615e-05,1.00721
6,19,0.203125,0.609375,1.0002,1.0053,0.499736,0,0.997491,1.00736,0.00203294,0,8.28038e-05,0.00197446,1.00737
7,19,0.234375,0.609375,1.001,1.00405,0.499621,0,0.998875,1.00735,0.00235846,0,8.78308e-05,-0.000124279,1.00736
8,19,0.265625,0.609375,1.00104,1.00371,0.499869,0,0.999074,1.00722,0.0029104,0,4.01325e-05,0.0020411,1.00722
9,19,0.296875,0.609375,1.00086,1.00385,0.500449,0,0.998839,1.0069,0.00327653,0,-3.1716e-05,0.00392648,1.00691
10,19,0.328125,0.609375,1.00072,1.00379,0.500355,0,0.998692,1.00636,0.00276755,0,-2.60786e-05,0.00202153,1.00637
11,19,0.359375,0.609375,1.00137,1.00287,0.500265,0,0.999694,1.00566,0.00185434,0,-6.495e-05,0.00238051,1.00566
12,19,0.390625,0.609375,1.00256,1.00134,0.499749,0,1.00142,1.00483,0.000121037,0,-2.43923e-05,-0.00338288,1.00483
13,19,0.421875,0.609375,1.00397,0.999596,0.499575,0,1.0035,1.00402,-0.00142638,0,3.04944e-05,-0.00507186,1.00402
14,19,0.453125,0.609375,1.00515,0.997994,0.499943,0,1.00519,1.00324,-0.00246429,0,0.000163783,-0.0108899,1.00324
15,19,0.484375,0.609375,1.00591,0.996796,0.500486,0,1.00626,1.00257,-0.00257823,0,0.00030425,-0.0140784,1.00258
16,19,0.515625,0.609375,1.00636,0.995909,0.501341,0,1.00666,1.00203,-0.00210441,0,0.000379571,-0.0155026,1.00203
17,19,0.546875,0.609375,1.0063,0.995361,0.502188,0,1.00634,1.00161,-0.00124512,0,0.000431466,-0.0147621,1.00161
18,19,0.578125,0.609375,1.00616,0.995092,0.502849,0,1.00578,1.00129,-0.000379704,0,0.000445763,-0.013522,1.00129
19,19,0.609375,0.609375,1.00586,0.995222,0.503359,0,1.00505,1.00105,0.000393727,0,0.000424737,-0.0121381,1.00105
20,19,0.640625,0.609375,1.00533,0.995619,0.503652,0,1.00438,1.00089,0.000903229,0,0.000385866,-0.010868,1.00089
21,19,0.671875,0.609375,1.00457,0.996315,0.50386,0,1.00374,1.00082,0.00124064,0,0.000311296,-0.00827722,1.00082
22,19,0.703125,0.609375,1.00352,0.997163,0.503957,0,1.00316,1.00084,0.00136449,0,0.000240406,-0.006454,1.00084
23,19,0.734375,0.609375,1.00206,0.998102,0.503984,0,1.00255,1.00094,0.00133829,0,0.000158313,-0.00421087,1.00095
24,19,0.765625,0.609375,1.00015,0.999058,0.503924,0,1.00183,1.00113,0.00126194,0,7.58022e-05,-0.00238872,1.00113
25,19,0.796875,0.609375,0.998038,1,0.503797,0,1.00096,1.00139,0.00119215,0,-9.74012e-06,-0.000206297,1.00139
26,19,0.828125,0.609375,0.996263,1.00093,0.503692,0,0.999957,1.00173,0.00116065,0,-9.03586e-05,0.00267093,1.00173
27,19,0.859375,0.609375,0.995351,1.0019,0.503583,0,0.998792,1.00213,0.00118153,0,-0.00015777,0.00475466,1.00213
28,19,0.890625,0.609375,0.995272,1.00294,0.503489,0,0.997537,1.00259,0.00125403,0,-0.000214218,0.00661343,1.00259
29,19,0.921875,0.609375,0.995315,1.00411,0.503414,0,0.996178,1.0031,0.00137678,0,-0.000253622,0.00810125,1.0031
30,19,0.953125,0.609375,0.995503,1.00546,0.503379,0,0.994694,1.00366,0.00155492,0,-0.000267673,0.0086582,1.00366
31,19,0.984375,0.609375,0.995575,1.00698,0.503355,0,0.993077,1.00424,0.00176951,0,-0.000260003,0.00854558,1.00424
0,20,0.015625,0.640625,0.994885,1.00839,0.502645,0,0.990703,1.00575,0.00155164,0,-0.000276498,0.00967994,1.00575
1,20,0.046875,0.640625,0.99486,1.00965,0.502322,0,0.989352,1.00648,0.00170772,0,-0.000222231,0.00827755,1.00648
2,20,0.078125,0.640625,0.994986,1.01017,0.501843,0,0.988758,1.00718,0.0018061,0,-0.000158081,0.00661851,1.00718
3,20,0.109375,0.640625,0.995042,1.01037,0.501325,0,0.988784,1.0078,0.00192417,0,-7.62496e-05,0.00555736,1.0078
4,20,0.140625,0.640625,0.996001,1.00909,0.500579,0,0.990446,1.00833,0.00184258,0,7.65163e-06,0.00331786,1.00833
5,20,0.171875,0.640625,0.997512,1.007,0.499697,0,0.993093,1.00873,0.0016563,0,6.69088e-05,0.00175775,1.00873
6,20,0.203125,0.640625,0.99901,1.00496,0.499123,0,0.995607,1.00896,0.00181416,0,0.000114683,0.000650304,1.00897
7,20,0.234375,0.640625,0.999641,1.00381,0.499242,0,0.996752,1.00905,0.0023042,0,0.00011709,0.00115281,1.00906
8,20,0.265625,0.640625,0.999583,1.00361,0.49976,0,0.996709,1.00892,0.00306454,0,0.00010618,0.000614163,1.00892
9,20,0.296875,0.640625,0.999342,1.00377,0.500586,0,0.99647,1.00854,0.00377827,0,5.69599e-05,0.00377729,1.00854
10,20,0.328125,0.640625,0.999115,1.00372,0.500784,0,0.996275,1.00783,0.00345597,0,8.72281e-05,-0.000600016,1.00783
11,20,0.359375,0.640625,0.999721,1.00283,0.501004,0,0.997239,1.00689,0.00277789,0,5.45863e-05,-0.000543265,1.00689
12,20,0.390625,0.640625,1.00101,1.00122,0.500547,0,0.999194,1.00578,0.00111689,0,4.77542e-05,-0.00344959,1.00579
13,20,0.421875,0.640625,1.00255,0.999375,0.500209,0,1.0015,1.0046,-0.000475754,0,0.000112685,-0.00746177,1.0046
14,20,0.453125,0.640625,1.004,0.997646,0.500316,0,1.00368,1.00344,-0.00169788,0,0.000230915,-0.012621,1.00344
15,20,0.484375,0.640625,1.00501,0.996201,0.500718,0,1.00511,1.00237,-0.00213493,0,0.000391196,-0.0200098,1.00237
16,20,0.515625,0.640625,1.00567,0.995291,0.50133,0,1.00593,1.00153,-0.00187033,0,0.000454481,-0.019495,1.00153
17,20,0.546875,0.640625,1.00603,0.994541,0.502016,0,1.0059,1.00088,-0.00122964,0,0.000509635,-0.020224,1.00088
18,20,0.578125,0.640625,1.00614,0.994295,0.502559,0,1.00553,1.00045,-0.000512557,0,0.0005051,-0.0180167,1.00045
19,20,0.609375,0.640625,1.00599,0.994466,0.503014,0,1.00494,1.0002,0.000166204,0,0.000460332,-0.0152112,1.0002
20,20,0.640625,0.640625,1.00574,0.994915,0.503262,0,1.00438,1.00011,0.000600682,0,0.000400712,-0.0126067,1.00011
21,20,0.671875,0.640625,1.0052,0.995727,0.503518,0,1.00372,1.00015,0.000920875,0,0.000311409,-0.00905075,1.00015
22,20,0.703125,0.640625,1.00426,0.996661,0.503665,0,1.00316,1.0003,0.00101983,0,0.000217651,-0.00629837,1.0003
23,20,0.734375,0.640625,1.00264,0.997689,0.503749,0,1.00255,1.00054,0.000990016,0,0.000119024,-0.00330708,1.00054
24,20,0.765625,0.640625,1.00031,0.998736,0.503727,0,1.0018,1.00086,0.000925684,0,2.50812e-05,-0.000483486,1.00086
25,20,0.796875,0.640625,0.997621,0.999759,0.503653,0,1.0009,1.00125,0.000864237,0,-6.63994e-05,0.00203268,1.00125
26,20,0.828125,0.640625,0.995264,1.00076,0.503538,0,0.999836,1.00171,0.000834709,0,-0.000151031,0.00431132,1.00171
27,20,0.859375,0.640625,0.994185,1.00176,0.503407,0,0.998638,1.00225,0.000853724,0,-0.000225491,0.00678121,1.00225
28,20,0.890625,0.640625,0.994154,1.00284,0.503285,0,0.997295,1.00287,0.000917018,0,-0.000282381,0.00882985,1.00287
29,20,0.921875,0.640625,0.994249,1.00404,0.503169,0,0.995811,1.00354,0.0010269,0,-0.000318535,0.0103856,1.00354
30,20,0.953125,0.640625,0.994638,1.0054,0.503045,0,0.994187,1.00426,0.00118256,0,-0.000327115,0.0110736,1.00426
31,20,0.984375,0.640625,0.994864,1.00688,0.502884,0,0.992443,1.005,0.00136525,0,-0.000311602,0.0107729,1.005
0,21,0.015625,0.671875,0.99406,1.00759,0.501554,0,0.990017,1.00612,0.00100853,0,-0.000344373,0.0118639,1.00612
1,21,0.046875,0.671875,0.994034,1.00868,0.501146,0,0.988526,1.00704,0.00113266,0,-0.000282836,0.0109717,1.00704
2,21,0.078125,0.671875,0.994088,1.00916,0.500759,0,0.987758,1.00792,0.00122981,0,-0.000227886,0.00969705,1.00792
3,21,0.109375,0.671875,0.994045,1.00903,0.500216,0,0.987733,1.00877,0.00131514,0,-0.000138066,0.00795405,1.00878
4,21,0.140625,0.671875,0.994843,1.0076,0.499552,0,0.989243,1.00957,0.00126231,0,-5.06508e-05,0.00694405,1.00957
5,21,0.171875,0.671875,0.996185,1.00547,0.498825,0,0.99165,1.01021,0.0012009,0,2.15227e-05,0.0057565,1.01021
6,21,0.203125,0.671875,0.997519,1.00358,0.498548,0,0.993751,1.0106,0.00145659,0,0.00011246,0.00108053,1.0106
7,21,0.234375,0.671875,0.998014,1.00252,0.49891,0,0.994612,1.01079,0.00215973,0,0.00015505,0.00134442,1.01079
8,21,0.265625,0.671875,0.997916,1.00257,0.499796,0,0.994413,1.01067,0.0031924,0,0.000169337,0.000508392,1.01068
9,21,0.296875,0.671875,0.997709,1.00272,0.500874,0,0.99414,1.01023,0.00427491,0,0.000165944,0.00160785,1.01024
10,21,0.328125,0.671875,0.997634,1.00288,0.501346,0,0.994116,1.00941,0.00425605,0,0.000148667,-0.00047678,1.00942
11,21,0.359375,0.671875,0.99825,1.00208,0.501882,0,0.995083,1.00823,0.00384016,0,0.000169741,-0.00368878,1.00824
12,21,0.390625,0.671875,0.999632,1.00049,0.501433,0,0.997246,1.00685,0.00237652,0,0.000140596,-0.00413021,1.00685
13,21,0.421875,0.671875,1.00126,0.998646,0.501018,0,0.999767,1.0053,0.000765484,0,0.000202457,-0.00978232,1.0053
14,21,0.453125,0.671875,1.00282,0.996909,0.500838,0,1.0022,1.00374,-0.000594416,0,0.000308622,-0.0145757,1.00374
15,21,0.484375,0.671875,1.00401,0.99548,0.501021,0,1.00391,1.00228,-0.00137311,0,0.000445142,-0.0224063,1.00228
16,21,0.515625,0.671875,1.00478,0.994581,0.501289,0,1.00497,1.00108,-0.00142062,0,0.000537147,-0.0240389,1.00108
17,21,0.546875,0.671875,1.00539,0.993857,0.501706,0,1.00515,1.0002,-0.00110278,0,0.000567552,-0.0240441,1.0002
18,21,0.578125,0.671875,1.00586,0.993567,0.502061,0,1.00495,0.999622,-0.000627604,0,0.000552386,-0.0221269,0.999622
19,21,0.609375,0.671875,1.00581,0.993813,0.502401,0,1.00445,0.999323,-0.000104973,0,0.000493078,-0.0182396,0.999323
20,21,0.640625,0.671875,1.00565,0.994276,0.502605,0,1.00401,0.999254,0.000215693,0,0.000408667,-0.0145395,0.999254
21,21,0.671875,0.671875,1.0052,0.995188,0.502851,0,1.00334,0.999375,0.000480021,0,0.000311214,-0.0102259,0.999375
22,21,0.703125,0.671875,1.00433,0.99618,0.503016,0,1.00281,0.999637,0.000562934,0,0.000202819,-0.00624747,0.999637
23,21,0.734375,0.671875,1.00268,0.997274,0.503135,0,1.00223,0.999994,0.00054828,0,9.51428e-05,-0.00270268,0.999994
24,21,0.765625,0.671875,1.00011,0.998379,0.503173,0,1.00151,1.00043,0.000498246,0,-4.61378e-06,0.000131344,1.00043
25,21,0.796875,0.671875,0.996885,0.999438,0.503141,0,1.00065,1.00093,0.000461422,0,-0.000102616,0.00323376,1.00093
26,21,0.828125,0.671875,0.993957,1.00045,0.503043,0,0.999591,1.00149,0.000445369,0,-0.000183245,0.00559907,1.00149
27,21,0.859375,0.671875,0.992708,1.00145,0.502891,0,0.998368,1.00212,0.000460974,0,-0.000250499,0.00738136,1.00212
28,21,0.890625,0.671875,0.992699,1.00248,0.502701,0,0.99698,1.0028,0.000507929,0,-0.000301943,0.00860228,1.0028
29,21,0.921875,0.671875,0.992866,1.00359,0.50247,0,0.995437,1.00353,0.000592332,0,-0.000340582,0.00964697,1.00353
30,21,0.953125,0.671875,0.993499,1.00483,0.502197,0,0.993729,1.00433,0.000710143,0,-0.00036629,0.0105707,1.00433
31,21,0.984375,0.671875,0.994007,1.0062,0.501891,0,0.991882,1.00521,0.00085335,0,-0.000370756,0.0115257,1.00521
0,22,0.015625,0.703125,0.993636,1.00619,0.500631,0,0.989968,1.00574,0.000387338,0,-0.000332963,0.00964651,1.00574
1,22,0.046875,0.703125,0.99373,1.00706,0.500201,0,0.988558,1.0067,0.000448384,0,-0.000281957,0.0089413,1.0067
2,22,0.078125,0.703125,0.99362,1.00722,0.499848,0,0.987598,1.00767,0.000525184,0,-0.000220047,0.0083125,1.00767
3,22,0.109375,0.703125,0.993702,1.00692,0.499315,0,0.987747,1.0086,0.000543815,0,-0.000138167,0.00528813,1.0086
4,22,0.140625,0.703125,0.994592,1.00532,0.498607,0,0.989292,1.00949,0.000505235,0,-5.96029e-05,0.0042409,1.00949
5,22,0.171875,0.703125,0.99584,1.00312,0.497999,0,0.991517,1.01025,0.000599891,0,5.50349e-07,0.00511046,1.01025
6,22,0.203125,0.703125,0.996909,1.0013,0.49802,0,0.993326,1.01082,0.000993869,0,6.03406e-05,0.0034296,1.01082
7,22,0.234375,0.703125,0.997115,1.00033,0.498496,0,0.993814,1.01116,0.00189042,0,0.000122652,0.00222912,1.01116
8,22,0.265625,0.703125,0.996955,1.00051,0.49964,0,0.993483,1.01121,0.00325524,0,0.000142912,0.00357776,1.01122
9,22,0.296875,0.703125,0.996709,1.00071,0.501045,0,0.993096,1.01087,0.00467811,0,0.000171126,0.00208696,1.01088
10,22,0.328125,0.703125,0.996719,1.0011,0.501686,0,0.993153,1.01011,0.00517627,0,0.000131788,0.0050941,1.01012
11,22,0.359375,0.703125,0.997262,1.00054,0.502525,0,0.993956,1.00887,0.00500857,0,0.000198558,-0.00241258,1.00888
12,22,0.390625,0.703125,0.998654,0.999212,0.50215,0,0.996096,1.00735,0.00381494,0,0.000187081,-0.00252511,1.00736
13,22,0.421875,0.703125,1.0003,0.997612,0.501756,0,0.998634,1.00559,0.0022705,0,0.000251338,-0.00810987,1.00559
14,22,0.453125,0.703125,1.00188,0.99607,0.501421,0,1.00104,1.00378,0.000771361,0,0.000348622,-0.0144148,1.00378
15,22,0.484375,0.703125,1.00315,0.994777,0.501308,0,1.00291,1.0021,-0.000295714,0,0.000454939,-0.0190563,1.0021
16,22,0.515625,0.703125,1.00398,0.993995,0.501387,0,1.00402,1.00067,-0.000800568,0,0.000555209,-0.0258667,1.00067
17,22,0.546875,0.703125,1.00465,0.993344,0.501398,0,1.0043,0.999629,-0.000844475,0,0.000585601,-0.0252066,0.999629
18,22,0.578125,0.703125,1.00527,0.993162,0.501495,0,1.00418,0.998947,-0.000678594,0,0.000560971,-0.02343,0.998948
19,22,0.609375,0.703125,1.00526,0.993498,0.501638,0,1.0037,0.998599,-0.000389577,0,0.000504219,-0.0202528,0.998599
20,22,0.640625,0.703125,1.00519,0.994035,0.501719,0,1.00331,0.99853,-0.0002121,0,0.000411915,-0.0158946,0.99853
21,22,0.671875,0.703125,1.00486,0.99498,0.501856,0,1.00272,0.998678,-4.06865e-05,0,0.000318872,-0.0119263,0.998678
22,22,0.703125,0.703125,1.00407,0.995985,0.501976,0,1.00228,0.998987,2.50943e-05,0,0.000209337,-0.00732091,0.998987
23,22,0.734375,0.703125,1.00235,0.997064,0.502093,0,1.00177,0.999401,3.15272e-05,0,9.77158e-05,-0.00328002,0.999401
24,22,0.765625,0.703125,0.99949,0.998131,0.502152,0,1.00114,0.999887,7.75413e-06,0,-3.3497e-06,-0.000156532,0.999887
25,22,0.796875,0.703125,0.995825,0.99913,0.502132,0,1.00036,1.00043,2.03851e-06,0,-9.52048e-05,0.00268025,1.00043
26,22,0.828125,0.703125,0.992461,1.00006,0.502036,0,0.999389,1.00103,6.42777e-07,0,-0.000176708,0.00485538,1.00103
27,22,0.859375,0.703125,0.991175,1.00095,0.501912,0,0.998249,1.00167,2.80061e-05,0,-0.000241827,0.0067613,1.00167
28,22,0.890625,0.703125,0.991192,1.00186,0.50174,0,0.996917,1.00237,7.22247e-05,0,-0.000295641,0.00840837,1.00237
29,22,0.921875,0.703125,0.991465,1.00282,0.501528,0,0.995406,1.00313,0.000134847,0,-0.000337155,0.0096264,1.00313
30,22,0.953125,0.703125,0.992484,1.00389,0.50127,0,0.993701,1.00394,0.000212812,0,-0.000359438,0.0102094,1.00394
31,22,0.984375,0.703125,0.993481,1.00505,0.500964,0,0.991835,1.00482,0.000298743,0,-0.000358968,0.01013,1.00482
0,23,0.015625,0.734375,0.993898,1.0048,0.499333,0,0.990659,1.00505,-0.00024931,0,-0.000299543,0.00796722,1.00505
1,23,0.046875,0.734375,0.993972,1.00551,0.499001,0,0.989278,1.00599,-0.000262116,0,-0.000265987,0.00707781,1.00599
2,23,0.078125,0.734375,0.99386,1.00534,0.49872,0,0.98832,1.00696,-0.000244886,0,-0.000208144,0.00657142,1.00696
3,23,0.109375,0.734375,0.993923,1.00482,0.498375,0,0.988459,1.00793,-0.000247304,0,-0.00015227,0.00556337,1.00793
4,23,0.140625,0.734375,0.994711,1.00301,0.497905,0,0.989908,1.00884,-0.000275492,0,-8.71638e-05,0.00422584,1.00884
5,23,0.171875,0.734375,0.995893,1.00071,0.497595,0,0.99196,1.00965,-0.000110302,0,-1.5923e-05,0.003132,1.00965
6,23,0.203125,0.734375,0.997002,0.998807,0.497744,0,0.993773,1.0103,0.000461617,0,2.52063e-05,0.00371189,1.0103
7,23,0.234375,0.734375,0.997147,0.997717,0.49842,0,0.994136,1.01069,0.00154726,0,0.000104253,0.00177193,1.01069
8,23,0.265625,0.734375,0.996992,0.997848,0.499708,0,0.993803,1.01079,0.00323963,0,0.000129433,0.0024295,1.01079
9,23,0.296875,0.734375,0.996729,0.998071,0.50132,0,0.993367,1.01049,0.0050318,0,0.000165987,0.00171939,1.0105
10,23,0.328125,0.734375,0.996699,0.998571,0.502158,0,0.993323,1.00975,0.00606008,0,0.000146323,0.00474753,1.00977
11,23,0.359375,0.734375,0.997138,0.998238,0.503346,0,0.994006,1.00858,0.00620229,0,0.000174131,0.000814785,1.0086
12,23,0.390625,0.734375,0.998319,0.997247,0.503043,0,0.995897,1.00708,0.00530439,0,0.000195754,-0.000380053,1.00709
13,23,0.421875,0.734375,0.999772,0.996098,0.502619,0,0.998158,1.00534,0.00386608,0,0.000249114,-0.00470556,1.00534
14,23,0.453125,0.734375,1.00123,0.994949,0.502087,0,1.00038,1.00353,0.0022369,0,0.000341411,-0.0110887,1.00353
15,23,0.484375,0.734375,1.00249,0.993993,0.501664,0,1.00213,1.00182,0.000877032,0,0.000437417,-0.0170705,1.00182
16,23,0.515625,0.734375,1.00334,0.993451,0.501452,0,1.00326,1.00037,-1.27261e-05,0,0.000510565,-0.0212431,1.00037
17,23,0.546875,0.734375,1.00396,0.992996,0.501158,0,1.0035,0.999265,-0.000503917,0,0.000551173,-0.0243695,0.999266
18,23,0.578125,0.734375,1.00452,0.993051,0.500955,0,1.00341,0.99854,-0.00066875,0,0.000526012,-0.0229026,0.99854
19,23,0.609375,0.734375,1.00454,0.993491,0.500768,0,1.00297,0.998166,-0.000653384,0,0.000481673,-0.0204162,0.998166
20,23,0.640625,0.734375,1.0045,0.994079,0.500631,0,1.00263,0.998088,-0.000639661,0,0.000395386,-0.0161776,0.998088
21,23,0.671875,0.734375,1.0042,0.995007,0.50058,0,1.00214,0.998234,-0.000581046,0,0.000309583,-0.0126213,0.998234
22,23,0.703125,0.734375,1.0034,0.995964,0.500562,0,1.00178,0.998544,-0.000552343,0,0.000214772,-0.00854724,0.998544
23,23,0.734375,0.734375,1.00161,0.996962,0.500597,0,1.00141,0.998962,-0.000524963,0,0.000119088,-0.00442738,0.998962
24,23,0.765625,0.734375,0.998573,0.997939,0.50065,0,1.00095,0.999446,-0.000511692,0,2.80308e-05,-0.00115074,0.999446
25,23,0.796875,0.734375,0.9946,0.998851,0.50067,0,1.00033,0.999975,-0.000487584,0,-5.56591e-05,0.00128008,0.999975
26,23,0.828125,0.734375,0.991108,0.999692,0.500637,0,0.999516,1.00055,-0.000452288,0,-0.00013829,0.00390613,1.00055
27,23,0.859375,0.734375,0.990319,1.00048,0.500549,0,0.998496,1.00117,-0.000418734,0,-0.0002032,0.00562063,1.00117
28,23,0.890625,0.734375,0.99046,1.00126,0.500365,0,0.997285,1.00184,-0.000384111,0,-0.000257635,0.00689402,1.00184
29,23,0.921875,0.734375,0.991205,1.00207,0.500139,0,0.99587,1.00257,-0.000339639,0,-0.000297514,0.00788297,1.00257
30,23,0.953125,0.734375,0.992608,1.00294,0.49989,0,0.99426,1.00334,-0.000297616,0,-0.000317851,0.00841751,1.00334
31,23,0.984375,0.734375,0.993761,1.00389,0.499614,0,0.992484,1.00417,-0.000264454,0,-0.000320469,0.0085237,1.00417
0,24,0.015625,0.765625,0.994607,1.00352,0.49802,0,0.992338,1.00402,-0.00083254,0,-0.000194503,0.00351895,1.00402
1,24,0.046875,0.765625,0.994657,1.00402,0.497859,0,0.991039,1.00476,-0.000916344,0,-0.000168539,0.00267384,1.00476
2,24,0.078125,0.765625,0.994613,1.00372,0.497695,0,0.990272,1.00554,-0.000985063,0,-0.000128628,0.0013975,1.00554
3,24,0.109375,0.765625,0.994765,1.00289,0.497535,0,0.990588,1.00635,-0.00100438,0,-9.29715e-05,0.00150029,1.00635
4,24,0.140625,0.765625,0.995561,1.00088,0.49724,0,0.992084,1.00712,-0.00100933,0,-6.28044e-05,0.001193,1.00712
5,24,0.171875,0.765625,0.99669,0.998502,0.497134,0,0.994011,1.00782,-0.00080301,0,-2.58723e-05,0.000236439,1.00782
6,24,0.203125,0.765625,0.997805,0.996523,0.497467,0,0.995787,1.00842,-6.55097e-05,0,-1.08515e-05,0.0023616,1.00842
7,24,0.234375,0.765625,0.997846,0.995124,0.498206,0,0.996034,1.00884,0.00118791,0,4.65552e-05,0.00188028,1.00884
8,24,0.265625,0.765625,0.997742,0.995084,0.499712,0,0.995735,1.00896,0.00322069,0,6.62196e-05,0.00341105,1.00897
9,24,0.296875,0.765625,0.997463,0.995279,0.501462,0,0.995196,1.00873,0.0053626,0,0.00010543,0.00325878,1.00875
10,24,0.328125,0.765625,0.997323,0.995757,0.50261,0,0.994824,1.00813,0.00680538,0,9.99149e-05,0.00467401,1.00816
11,24,0.359375,0.765625,0.997642,0.995654,0.503723,0,0.995304,1.0072,0.00732952,0,0.000102717,0.00621838,1.00723
12,24,0.390625,0.765625,0.998651,0.995054,0.503568,0,0.996822,1.0059,0.00668297,0,0.000167615,0.00239956,1.00592
13,24,0.421875,0.765625,0.999909,0.994382,0.503208,0,0.998682,1.00437,0.0053595,0,0.000220439,-0.000965597,1.00439
14,24,0.453125,0.765625,1.00118,0.993717,0.502647,0,1.0005,1.00279,0.00363296,0,0.000288159,-0.00597066,1.0028
15,24,0.484375,0.765625,1.00218,0.993224,0.502023,0,1.00193,1.0013,0.00201141,0,0.000355863,-0.0112237,1.00131
16,24,0.515625,0.765625,1.00285,0.992955,0.501504,0,1.00276,1.00005,0.000753738,0,0.000421484,-0.0157354,1.00005
17,24,0.546875,0.765625,1.00348,0.992976,0.500935,0,1.00304,0.999075,-0.000109683,0,0.000437983,-0.0184795,0.999075
18,24,0.578125,0.765625,1.00376,0.99315,0.500483,0,1.00289,0.998445,-0.000608224,0,0.000431655,-0.018235,0.998445
19,24,0.609375,0.765625,1.00377,0.993629,0.499999,0,1.00253,0.998136,-0.000885844,0,0.000405947,-0.0173246,0.998136
20,24,0.640625,0.765625,1.00371,0.994207,0.499646,0,1.00226,0.998084,-0.0010417,0,0.000347198,-0.0145334,0.998084
21,24,0.671875,0.765625,1.00336,0.995086,0.499423,0,1.00189,0.998237,-0.00109461,0,0.000277792,-0.0115314,0.998237
22,24,0.703125,0.765625,1.00247,0.99599,0.499303,0,1.00168,0.998546,-0.00111519,0,0.000197104,-0.00812889,0.998546
23,24,0.734375,0.765625,1.00061,0.99695,0.499221,0,1.00145,0.998964,-0.00109594,0,0.000115863,-0.00488128,0.998965
24,24,0.765625,0.765625,0.99755,0.997852,0.499123,0,1.00115,0.999445,-0.00105351,0,4.20756e-05,-0.00196132,0.999445
25,24,0.796875,0.765625,0.99378,0.998657,0.499012,0,1.0007,0.999951,-0.000989224,0,-1.91035e-05,0.00014209,0.999951
26,24,0.828125,0.765625,0.991007,0.999358,0.498912,0,1.0001,1.00046,-0.00091581,0,-7.15783e-05,0.00156381,1.00046
27,24,0.859375,0.765625,0.990584,1.00002,0.498776,0,0.999277,1.00098,-0.00085969,0,-0.000120747,0.0025559,1.00098
28,24,0.890625,0.765625,0.990741,1.00067,0.498654,0,0.998247,1.00152,-0.000806485,0,-0.000163635,0.00377336,1.00152
29,24,0.921875,0.765625,0.991533,1.00134,0.498513,0,0.997014,1.00209,-0.000767946,0,-0.000191952,0.00429699,1.00209
30,24,0.953125,0.765625,0.993068,1.00206,0.498359,0,0.995576,1.00268,-0.000761672,0,-0.000207338,0.00427251,1.00268
31,24,0.984375,0.765625,0.994431,1.00282,0.498196,0,0.993983,1.00333,-0.00077974,0,-0.00020975,0.00405695,1.00333
0,25,0.015625,0.796875,0.996001,1.00245,0.496751,0,0.994899,1.00282,-0.00127936,0,-3.86098e-05,-0.00196571,1.00283
1,25,0.046875,0.796875,0.996046,1.00271,0.496716,0,0.993837,1.00324,-0.00142324,0,-1.2032e-05,-0.0030555,1.00324
2,25,0.078125,0.796875,0.996086,1.00237,0.496729,0,0.99332,1.00367,-0.0015474,0,7.36842e-06,-0.00424667,1.00367
3,25,0.109375,0.796875,0.996411,1.0012,0.496749,0,0.993891,1.00411,-0.00159671,0,2.4206e-05,-0.00462508,1.00411
4,25,0.140625,0.796875,0.997342,0.999025,0.496708,0,0.99559,1.00455,-0.00156446,0,1.35309e-05,-0.00381188,1.00455
5,25,0.171875,0.796875,0.998487,0.996545,0.496815,0,0.99756,1.00496,-0.00131538,0,3.95572e-06,-0.00335295,1.00496
6,25,0.203125,0.796875,0.999485,0.994356,0.49732,0,0.999211,1.00532,-0.000480377,0,-1.51156e-07,-0.0017342,1.00532
7,25,0.234375,0.796875,0.999766,0.993056,0.498134,0,0.999773,1.00557,0.000929637,0,2.74767e-06,-0.000212955,1.00557
8,25,0.265625,0.796875,0.999535,0.99256,0.499837,0,0.999249,1.00562,0.00323603,0,4.01545e-06,0.00212771,1.00563
9,25,0.296875,0.796875,0.999211,0.992672,0.501674,0,0.998618,1.00547,0.00564107,0,1.04509e-05,0.00425148,1.00549
10,25,0.328125,0.796875,0.998863,0.993063,0.502951,0,0.99785,1.00509,0.00738941,0,1.26411e-05,0.00640763,1.00512
11,25,0.359375,0.796875,0.999016,0.993395,0.504078,0,0.998032,1.00445,0.00823338,0,1.81865e-05,0.00852584,1.00449
12,25,0.390625,0.796875,0.99967,0.993163,0.504006,0,0.998898,1.00358,0.00777435,0,7.26046e-05,0.00703044,1.00361
13,25,0.421875,0.796875,1.00056,0.992915,0.503653,0,1.0001,1.00258,0.0065183,0,0.000113024,0.00504142,1.0026
14,25,0.453125,0.796875,1.00145,0.99275,0.502944,0,1.00127,1.00155,0.00471559,0,0.000165006,0.00157169,1.00156
15,25,0.484375,0.796875,1.00214,0.99274,0.502152,0,1.00216,1.00056,0.00290365,0,0.000213736,-0.0029943,1.00057
16,25,0.515625,0.796875,1.00258,0.992877,0.501358,0,1.00266,0.999725,0.00136626,0,0.000266183,-0.00715877,0.999726
17,25,0.546875,0.796875,1.00301,0.993034,0.500623,0,1.00279,0.999068,0.000231052,0,0.000298389,-0.0101089,0.999068
18,25,0.578125,0.796875,1.00309,0.993345,0.499857,0,1.0027,0.998633,-0.000580045,0,0.000318546,-0.0130262,0.998633
19,25,0.609375,0.796875,1.00308,0.993878,0.499176,0,1.0025,0.998434,-0.00109412,0,0.00030539,-0.0130306,0.998435
20,25,0.640625,0.796875,1.00299,0.994487,0.498581,0,1.00236,0.998448,-0.00141769,0,0.000264126,-0.0115793,0.998449
21,25,0.671875,0.796875,1.00258,0.995292,0.498097,0,1.00219,0.998635,-0.00158386,0,0.00021849,-0.00968819,0.998636
22,25,0.703125,0.796875,1.00164,0.996113,0.497765,0,1.00215,0.998945,-0.00165429,0,0.000165101,-0.00732633,0.998946
23,25,0.734375,0.796875,0.999771,0.996964,0.497524,0,1.00209,0.999329,-0.00163265,0,0.000109161,-0.00488724,0.99933
24,25,0.765625,0.796875,0.996949,0.997755,0.497364,0,1.00197,0.999744,-0.00155906,0,5.99104e-05,-0.00290708,0.999745
25,25,0.796875,0.796875,0.993728,0.998462,0.497245,0,1.00173,1.00017,-0.00145141,0,1.7989e-05,-0.00127543,1.00017
26,25,0.828125,0.796875,0.991525,0.999085,0.497146,0,1.00129,1.00058,-0.00133404,0,-1.48029e-05,-6.97568e-05,1.00058
27,25,0.859375,0.796875,0.991393,0.999641,0.497065,0,1.00064,1.00098,-0.00123639,0,-3.74716e-05,0.000645357,1.00098
28,25,0.890625,0.796875,0.991624,1.00015,0.496975,0,0.999808,1.00135,-0.00115938,0,-5.26575e-05,0.000433718,1.00135
29,25,0.921875,0.796875,0.992595,1.00068,0.49689,0,0.99879,1.0017,-0.00111757,0,-6.45429e-05,0.000320909,1.00171
30,25,0.953125,0.796875,0.994303,1.00127,0.496844,0,0.997604,1.00207,-0.00112489,0,-6.41263e-05,-2.42301e-05,1.00207
31,25,0.984375,0.796875,0.99576,1.0019,0.496796,0,0.996261,1.00244,-0.00117558,0,-5.57822e-05,-0.000775622,1.00244
0,26,0.015625,0.828125,0.997752,1.00207,0.495688,0,0.997563,1.00187,-0.00154834,0,9.42927e-05,-0.00527668,1.00187
1,26,0.046875,0.828125,0.997823,1.00234,0.49572,0,0.996793,1.00196,-0.00172764,0,0.000118019,-0.00668685,1.00197
2,26,0.078125,0.828125,0.997891,1.00209,0.495861,0,0.996494,1.00204,-0.0018618,0,0.00013549,-0.00756064,1.00204
3,26,0.109375,0.828125,0.998405,1.00086,0.496027,0,0.997357,1.00209,-0.0019095,0,0.0001474,-0.00855876,1.00209
4,26,0.140625,0.828125,0.999483,0.998578,0.496252,0,0.999312,1.00207,-0.00182492,0,0.000131996,-0.00890332,1.00207
5,26,0.171875,0.828125,1.00071,0.995965,0.496555,0,1.00152,1.00202,-0.00152541,0,9.62683e-05,-0.00830678,1.00202
6,26,0.203125,0.828125,1.00173,0.993464,0.497219,0,1.00335,1.00195,-0.000636745,0,5.87089e-05,-0.00723151,1.00195
7,26,0.234375,0.828125,1.00216,0.991916,0.498279,0,1.004,1.00186,0.000902571,0,-1.95954e-05,-0.00373257,1.00186
8,26,0.265625,0.828125,1.00191,0.990925,0.50004,0,1.00353,1.00178,0.00332042,0,-5.549e-05,0.000229116,1.00179
9,26,0.296875,0.828125,1.00154,0.990763,0.501928,0,1.0028,1.00166,0.0058715,0,-7.35879e-05,0.00353395,1.00168
10,26,0.328125,0.828125,1.00101,0.991079,0.503244,0,1.00168,1.00147,0.00778916,0,-7.89257e-05,0.00664892,1.0015
11,26,0.359375,0.828125,1.00086,0.991234,0.504353,0,1.00128,1.0012,0.00880436,0,-5.799e-05,0.00949715,1.00124
12,26,0.390625,0.828125,1.00099,0.991431,0.504249,0,1.0014,1.00084,0.00840374,0,-5.53487e-06,0.00865012,1.00087
13,26,0.421875,0.828125,1.00128,0.991747,0.503782,0,1.00168,1.00045,0.00717137,0,1.30843e-05,0.00852209,1.00048
14,26,0.453125,0.828125,1.00165,0.99214,0.502909,0,1.00208,1.00007,0.0053211,0,3.07744e-05,0.00717499,1.00009
15,26,0.484375,0.828125,1.00207,0.992639,0.501967,0,1.00254,0.999729,0.00340676,0,5.74079e-05,0.00513601,0.999734
16,26,0.515625,0.828125,1.0024,0.993078,0.500971,0,1.00277,0.999429,0.00170517,0,9.33127e-05,0.00126376,0.999431
17,26,0.546875,0.828125,1.00261,0.993455,0.500052,0,1.0028,0.999227,0.000381994,0,0.000134272,-0.00165194,0.999227
18,26,0.578125,0.828125,1.00261,0.993894,0.499122,0,1.00273,0.999122,-0.000619594,0,0.000162393,-0.00460873,0.999122
19,26,0.609375,0.828125,1.00253,0.994382,0.498256,0,1.00267,0.999127,-0.0013147,0,0.000172558,-0.0069014,0.999128
20,26,0.640625,0.828125,1.00232,0.994966,0.497519,0,1.0027,0.999249,-0.00175695,0,0.000161729,-0.0069527,0.999251
21,26,0.671875,0.828125,1.00181,0.995638,0.496897,0,1.00277,0.999461,-0.00200893,0,0.00014417,-0.00680937,0.999463
22,26,0.703125,0.828125,1.0008,0.996345,0.496452,0,1.00292,0.999735,-0.00211633,0,0.000122067,-0.00603072,0.999737
23,26,0.734375,0.828125,0.999112,0.997073,0.496128,0,1.00304,1.00004,-0.00208829,0,9.74873e-05,-0.0047737,1.00004
24,26,0.765625,0.828125,0.996765,0.997752,0.495934,0,1.00305,1.00035,-0.00198616,0,7.68746e-05,-0.00370544,1.00035
25,26,0.796875,0.828125,0.99417,0.998374,0.495817,0,1.00294,1.00065,-0.00184036,0,6.11331e-05,-0.00292916,1.00065
26,26,0.828125,0.828125,0.992925,0.998904,0.49574,0,1.00266,1.00092,-0.00168026,0,5.1125e-05,-0.00241492,1.00092
27,26,0.859375,0.828125,0.992957,0.999376,0.495684,0,1.00218,1.00116,-0.00153672,0,4.38175e-05,-0.00211834,1.00116
28,26,0.890625,0.828125,0.993312,0.999837,0.495649,0,1.00153,1.00136,-0.00142205,0,4.28406e-05,-0.00198948,1.00136
29,26,0.921875,0.828125,0.99442,1.00033,0.495626,0,1.0007,1.00152,-0.00135605,0,4.7836e-05,-0.0025205,1.00152
30,26,0.953125,0.828125,0.996156,1.00089,0.495628,0,0.999737,1.00165,-0.00136735,0,6.14264e-05,-0.00354586,1.00165
31,26,0.984375,0.828125,0.997536,1.00151,0.495651,0,0.998656,1.00177,-0.001425,0,7.58539e-05,-0.00419162,1.00177
0,27,0.015625,0.859375,0.999406,1.0019,0.494963,0,0.999943,1.00092,-0.00164237,0,0.000209144,-0.00892547,1.00092
1,27,0.046875,0.859375,0.999546,1.00219,0.494978,0,0.999524,1.00071,-0.00181738,0,0.000215747,-0.00951868,1.00071
2,27,0.078125,0.859375,0.99964,1.00205,0.49515,0,0.999442,1.00047,-0.00193926,0,0.000229132,-0.0101127,1.00047
3,27,0.109375,0.859375,1.00027,1.00089,0.495407,0,1.00046,1.0002,-0.00193181,0,0.000201546,-0.00930193,1.0002
4,27,0.140625,0.859375,1.0015,0.998721,0.495829,0,1.00261,0.999911,-0.00178035,0,0.000153079,-0.00792188,0.999913
5,27,0.171875,0.859375,1.00282,0.99618,0.496315,0,1.00497,0.999594,-0.00141285,0,8.90563e-05,-0.00655591,0.999595
6,27,0.203125,0.859375,1.00385,0.99375,0.497164,0,1.00686,0.999272,-0.000475196,0,1.80069e-05,-0.00511665,0.999272
7,27,0.234375,0.859375,1.00433,0.992179,0.498433,0,1.00766,0.998979,0.00112768,0,-6.56984e-05,-0.00217871,0.99898
8,27,0.265625,0.859375,1.00413,0.991075,0.500261,0,1.00728,0.998739,0.00353313,0,-0.000101603,-0.000865349,0.998745
9,27,0.296875,0.859375,1.00365,0.990792,0.502223,0,1.00636,0.998585,0.00609532,0,-0.000129442,0.0022403,0.998604
10,27,0.328125,0.859375,1.00289,0.991139,0.503574,0,1.00484,0.998526,0.00800376,0,-0.000138506,0.00496106,0.998558
11,27,0.359375,0.859375,1.00242,0.991437,0.50451,0,1.00388,0.998592,0.00898569,0,-0.000109618,0.00792971,0.998633
12,27,0.390625,0.859375,1.00213,0.991841,0.504256,0,1.00325,0.998745,0.00852669,0,-6.9053e-05,0.00882855,0.998782
13,27,0.421875,0.859375,1.00202,0.992329,0.503592,0,1.00296,0.998961,0.0072695,0,-4.28889e-05,0.01003,0.998987
14,27,0.453125,0.859375,1.002,0.992888,0.502559,0,1.00282,0.99917,0.00540237,0,-2.58592e-05,0.00931411,0.999185
15,27,0.484375,0.859375,1.00212,0.993418,0.501469,0,1.00282,0.999348,0.00346741,0,-1.33124e-05,0.00763249,0.999354
16,27,0.515625,0.859375,1.00224,0.993891,0.500385,0,1.0028,0.999502,0.001717,0,6.5415e-06,0.00530672,0.999504
17,27,0.546875,0.859375,1.00226,0.994273,0.499326,0,1.00279,0.999657,0.000298685,0,2.82196e-05,0.00228469,0.999657
18,27,0.578125,0.859375,1.00217,0.994676,0.498303,0,1.00281,0.999841,-0.000783566,0,3.36302e-05,0.000652871,0.999842
19,27,0.609375,0.859375,1.002,0.9951,0.49735,0,1.00288,1.00004,-0.00155343,0,4.29437e-05,-0.00113155,1.00005
20,27,0.640625,0.859375,1.00169,0.995576,0.49654,0,1.00309,1.00026,-0.00205935,0,5.92838e-05,-0.0027616,1.00026
21,27,0.671875,0.859375,1.0011,0.99613,0.495912,0,1.00334,1.00048,-0.00234026,0,6.68952e-05,-0.00365957,1.00048
22,27,0.703125,0.859375,1.00017,0.996718,0.495482,0,1.00363,1.00069,-0.00245956,0,7.65801e-05,-0.00427914,1.00069
23,27,0.734375,0.859375,0.998788,0.997347,0.495201,0,1.00385,1.00088,-0.00242215,0,8.4901e-05,-0.0045118,1.00088
24,27,0.765625,0.859375,0.99696,0.997915,0.49505,0,1.00393,1.00105,-0.00229676,0,9.33514e-05,-0.00456673,1.00105
25,27,0.796875,0.859375,0.995252,0.998442,0.494987,0,1.00384,1.00118,-0.0021186,0,0.000100101,-0.00459196,1.00118
26,27,0.828125,0.859375,0.994805,0.998913,0.494953,0,1.0036,1.00128,-0.00192109,0,0.00010503,-0.00449182,1.00129
27,27,0.859375,0.859375,0.994889,0.999334,0.49494,0,1.00322,1.00135,-0.00173927,0,0.000110583,-0.00443305,1.00135
28,27,0.890625,0.859375,0.995368,0.99976,0.49494,0,1.00274,1.00137,-0.00158896,0,0.000123366,-0.0044701,1.00138
29,27,0.921875,0.859375,0.996534,1.00022,0.494944,0,1.00219,1.00135,-0.00148567,0,0.000146689,-0.00497778,1.00135
30,27,0.953125,0.859375,0.998115,1.00077,0.494963,0,1.0015,1.00126,-0.00147406,0,0.000168817,-0.00636962,1.00126
31,27,0.984375,0.859375,0.999234,1.00136,0.494956,0,1.00072,1.0011,-0.00152166,0,0.000194701,-0.00800383,1.0011
0,28,0.015625,0.890625,1.00039,1.00227,0.494831,0,1.00111,1.00059,-0.00157678,0,0.00022962,-0.00795402,1.0006
1,28,0.046875,0.890625,1.00051,1.00273,0.494735,0,1.00081,1.00021,-0.0017086,0,0.00023227,-0.00872135,1.00021
2,28,0.078125,0.890625,1.00058,1.00268,0.494764,0,1.00083,0.999777,-0.00182399,0,0.000254049,-0.0102534,0.999778
3,28,0.109375,0.890625,1.00127,1.00169,0.494976,0,1.00196,0.9993,-0.00175356,0,0.000231386,-0.00956758,0.999301
4,28,0.140625,0.890625,1.00269,0.999575,0.495404,0,1.00437,0.998789,-0.00152031,0,0.000164835,-0.00802632,0.99879
5,28,0.171875,0.890625,1.00417,0.997092,0.495976,0,1.00697,0.998265,-0.00106531,0,7.09925e-05,-0.00564074,0.998265
6,28,0.203125,0.890625,1.00535,0.994649,0.496965,0,1.00912,0.997756,-7.27415e-05,0,-1.98864e-05,-0.00340397,0.997756
7,28,0.234375,0.890625,1.00587,0.993054,0.498389,0,1.01012,0.997292,0.00156112,0,-0.000100315,-0.000970757,0.997293
8,28,0.265625,0.890625,1.0058,0.991835,0.500323,0,1.00986,0.996915,0.00389321,0,-0.000127059,-0.000564364,0.996922
9,28,0.296875,0.890625,1.00528,0.991335,0.502357,0,1.00878,0.996695,0.00633849,0,-0.000133459,0.000744035,0.996715
10,28,0.328125,0.890625,1.00426,0.991665,0.503709,0,1.00698,0.996677,0.00807254,0,-9.4499e-05,0.00163275,0.99671
11,28,0.359375,0.890625,1.00348,0.992016,0.504503,0,1.0056,0.996865,0.00883961,0,-3.51417e-05,0.00135764,0.996905
12,28,0.390625,0.890625,1.00289,0.992533,0.504103,0,1.00454,0.997273,0.00821798,0,-1.58376e-05,0.00316219,0.997307
13,28,0.421875,0.890625,1.00246,0.993115,0.503227,0,1.00381,0.997849,0.00686396,0,-1.74498e-05,0.00546447,0.997873
14,28,0.453125,0.890625,1.00216,0.993725,0.502027,0,1.00327,0.99852,0.00500332,0,-4.24637e-05,0.00868026,0.998532
15,28,0.484375,0.890625,1.00202,0.994228,0.500848,0,1.00296,0.99918,0.00312025,0,-6.58715e-05,0.010025,0.999185
16,28,0.515625,0.890625,1.00194,0.994677,0.499652,0,1.00276,0.999765,0.00140123,0,-7.68049e-05,0.00862967,0.999766
17,28,0.546875,0.890625,1.00181,0.99514,0.498486,0,1.0027,1.00028,-1.64105e-06,0,-7.69216e-05,0.00684635,1.00028
18,28,0.578125,0.890625,1.00169,0.995506,0.497409,0,1.00281,1.0007,-0.00105096,0,-6.58179e-05,0.00484551,1.0007
19,28,0.609375,0.890625,1.00147,0.99587,0.496503,0,1.00302,1.00102,-0.00179258,0,-4.45812e-05,0.00265054,1.00102
20,28,0.640625,0.890625,1.0011,0.996258,0.495785,0,1.00334,1.00126,-0.00228645,0,-1.63579e-05,0.000289193,1.00126
21,28,0.671875,0.890625,1.00055,0.996713,0.495317,0,1.00365,1.00142,-0.00254859,0,9.24086e-06,-0.00144207,1.00142
22,28,0.703125,0.890625,0.999789,0.997215,0.495033,0,1.00397,1.00153,-0.00265925,0,3.63893e-05,-0.00276747,1.00154
23,28,0.734375,0.890625,0.998704,0.997779,0.49489,0,1.00418,1.00161,-0.00261099,0,5.73191e-05,-0.0036271,1.00161
24,28,0.765625,0.890625,0.997537,0.998275,0.494839,0,1.00432,1.00167,-0.00247326,0,7.73353e-05,-0.00376752,1.00167
25,28,0.796875,0.890625,0.996753,0.998732,0.494863,0,1.00427,1.0017,-0.00227316,0,9.82281e-05,-0.00405639,1.0017
26,28,0.828125,0.890625,0.996727,0.999125,0.4949,0,1.00411,1.00168,-0.00204693,0,0.000119708,-0.00445268,1.00168
27,28,0.859375,0.890625,0.996884,0.999503,0.494947,0,1.00383,1.00162,-0.00183563,0,0.000141221,-0.00502243,1.00162
28,28,0.890625,0.890625,0.997445,0.999908,0.494965,0,1.00344,1.00151,-0.00165761,0,0.000157641,-0.00570272,1.00151
29,28,0.921875,0.890625,0.998459,1.00038,0.494956,0,1.00297,1.00136,-0.00152623,0,0.000173,-0.0060031,1.00137
30,28,0.953125,0.890625,0.999676,1.00095,0.494927,0,1.00241,1.00117,-0.00145553,0,0.000185984,-0.00576559,1.00117
31,28,0.984375,0.890625,1.00034,1.00162,0.494888,0,1.00175,1.00091,-0.00147925,0,0.000210067,-0.00689907,1.00091
0,29,0.015625,0.921875,1.00085,1.00279,0.494955,0,1.00138,1.0006,-0.0014321,0,0.00018995,-0.00514981,1.0006
1,29,0.046875,0.921875,1.00089,1.00338,0.494899,0,1.00114,1.00021,-0.00148177,0,0.00017906,-0.00515202,1.00021
2,29,0.078125,0.921875,1.00101,1.00345,0.494858,0,1.00132,0.999781,-0.00157194,0,0.000180449,-0.00571381,0.999782
3,29,0.109375,0.921875,1.00169,1.0027,0.495047,0,1.00244,0.999305,-0.00144148,0,0.000165852,-0.00523435,0.999306
4,29,0.140625,0.921875,1.00313,1.00071,0.495505,0,1.0049,0.998775,-0.00110332,0,0.000109392,-0.00361725,0.998776
5,29,0.171875,0.921875,1.00464,0.998336,0.496195,0,1.00758,0.998189,-0.000539713,0,2.9715e-05,-0.00194827,0.998189
6,29,0.203125,0.921875,1.00588,0.995957,0.497313,0,1.00979,0.997571,0.000517457,0,-5.02311e-05,-0.000885137,0.997571
7,29,0.234375,0.921875,1.00648,0.994327,0.498813,0,1.01096,0.996968,0.00216607,0,-0.000124762,8.19591e-05,0.996971
8,29,0.265625,0.921875,1.00661,0.992887,0.500713,0,1.01084,0.996472,0.00436787,0,-0.000132281,-0.000685208,0.996482
9,29,0.296875,0.921875,1.00608,0.992322,0.502683,0,1.00977,0.996182,0.00659323,0,-0.000106127,-0.00114048,0.996204
10,29,0.328125,0.921875,1.00495,0.992581,0.503829,0,1.00792,0.996178,0.00801569,0,-2.59792e-05,-0.00194516,0.99621
11,29,0.359375,0.921875,1.00391,0.992941,0.504476,0,1.00618,0.996463,0.00845518,0,4.84476e-05,-0.00318258,0.996499
12,29,0.390625,0.921875,1.00305,0.993385,0.503845,0,1.00481,0.99704,0.00759683,0,7.49408e-05,-0.00140747,0.997069
13,29,0.421875,0.921875,1.00243,0.993899,0.502791,0,1.00382,0.997808,0.0060978,0,7.85624e-05,6.03361e-05,0.997827
14,29,0.453125,0.921875,1.002,0.994472,0.501375,0,1.00314,0.998669,0.00421383,0,3.24585e-05,0.00227375,0.998678
15,29,0.484375,0.921875,1.00174,0.995014,0.50001,0,1.00274,0.999547,0.00241543,0,-3.79803e-05,0.00554487,0.99955
16,29,0.515625,0.921875,1.00153,0.995485,0.498743,0,1.0025,1.00037,0.000827803,0,-9.34288e-05,0.00794996,1.00037
17,29,0.546875,0.921875,1.00132,0.995929,0.497585,0,1.00249,1.00104,-0.000434825,0,-0.000116874,0.00765229,1.00104
18,29,0.578125,0.921875,1.00115,0.996262,0.496619,0,1.00264,1.00154,-0.00135492,0,-0.000115235,0.00628614,1.00154
19,29,0.609375,0.921875,1.00092,0.996605,0.495855,0,1.00288,1.00188,-0.00199319,0,-9.60605e-05,0.00426124,1.00188
20,29,0.640625,0.921875,1.00056,0.997008,0.49533,0,1.00311,1.00207,-0.00240888,0,-7.01713e-05,0.00217628,1.00207
21,29,0.671875,0.921875,1.00012,0.997441,0.495079,0,1.00339,1.00216,-0.00262674,0,-4.27304e-05,0.000585016,1.00217
22,29,0.703125,0.921875,0.999609,0.997834,0.494968,0,1.00377,1.0022,-0.00271808,0,-1.06236e-05,-0.000713334,1.0022
23,29,0.734375,0.921875,0.998922,0.998304,0.495007,0,1.004,1.00218,-0.00266051,0,2.75704e-05,-0.00209168,1.00219
24,29,0.765625,0.921875,0.998374,0.998712,0.495059,0,1.00412,1.00212,-0.00252312,0,5.96044e-05,-0.00358034,1.00212
25,29,0.796875,0.921875,0.998219,0.999076,0.495115,0,1.00406,1.00203,-0.00231292,0,8.3865e-05,-0.00411744,1.00203
26,29,0.828125,0.921875,0.998272,0.999407,0.495168,0,1.00389,1.00192,-0.00207259,0,0.00010615,-0.00452755,1.00192
27,29,0.859375,0.921875,0.998534,0.999752,0.495204,0,1.00364,1.00178,-0.00184096,0,0.000125315,-0.00465642,1.00178
28,29,0.890625,0.921875,0.999066,1.00015,0.495204,0,1.00332,1.0016,-0.00163631,0,0.000145103,-0.00488088,1.0016
29,29,0.921875,0.921875,0.999804,1.00065,0.495167,0,1.00291,1.00139,-0.00147961,0,0.000158424,-0.00531046,1.00139
30,29,0.953125,0.921875,1.00063,1.00126,0.495117,0,1.00245,1.00116,-0.00138632,0,0.000170276,-0.00512641,1.00116
31,29,0.984375,0.921875,1.00084,1.00204,0.49506,0,1.00191,1.0009,-0.00138254,0,0.000178168,-0.00506958,1.00091
0,30,0.015625,0.953125,1.00056,1.0029,0.495564,0,1.00081,1.00042,-0.0012827,0,0.000107565,-0.00234779,1.00042
1,30,0.046875,0.953125,1.00056,1.00349,0.495429,0,1.00059,1.00016,-0.00126141,0,9.92873e-05,-0.00127976,1.00016
2,30,0.078125,0.953125,1.00074,1.00379,0.495195,0,1.00088,0.999859,-0.00129895,0,9.43253e-05,-0.000933298,0.99986
3,30,0.109375,0.953125,1.00139,1.00326,0.495372,0,1.00194,0.999466,-0.00110658,0,9.98616e-05,-0.00187089,0.999466
4,30,0.140625,0.953125,1.00287,1.00148,0.495803,0,1.00444,0.999006,-0.000651491,0,4.44237e-05,-0.000248716,0.999006
5,30,0.171875,0.953125,1.0045,0.999223,0.496471,0,1.00727,0.998465,4.77517e-05,0,-3.11572e-05,0.00147976,0.998465
6,30,0.203125,0.953125,1.00595,0.996961,0.497589,0,1.00962,0.997853,0.00121078,0,-9.8486e-05,0.00261114,0.997854
7,30,0.234375,0.953125,1.00682,0.995363,0.499191,0,1.01107,0.997217,0.00289803,0,-0.000152848,0.00308175,0.997222
8,30,0.265625,0.953125,1.00702,0.99381,0.50114,0,1.01112,0.996686,0.00492869,0,-0.000130114,0.000933115,0.996698
9,30,0.296875,0.953125,1.00647,0.993426,0.503008,0,1.01017,0.996372,0.00685222,0,-6.26752e-05,-0.00176433,0.996395
10,30,0.328125,0.953125,1.00529,0.993598,0.503849,0,1.00827,0.996358,0.00784484,0,6.18683e-05,-0.00588988,0.996389
11,30,0.359375,0.953125,1.00416,0.993941,0.504235,0,1.00649,0.996732,0.00787928,0,0.000123764,-0.00648226,0.996763
12,30,0.390625,0.953125,1.00314,0.994393,0.503272,0,1.0049,0.997378,0.00674028,0,0.000169604,-0.00673492,0.997401
13,30,0.421875,0.953125,1.00236,0.994882,0.50195,0,1.00374,0.998254,0.00509188,0,0.000149889,-0.00415714,0.998267
14,30,0.453125,0.953125,1.00179,0.995384,0.500437,0,1.00292,0.999238,0.00322444,0,7.35743e-05,-0.00017122,0.999243
15,30,0.484375,0.953125,1.0014,0.995825,0.499045,0,1.00239,1.00021,0.00153398,0,-4.67231e-06,0.00282607,1.00021
16,30,0.515625,0.953125,1.00104,0.996229,0.497809,0,1.0021,1.00107,0.000137427,0,-7.39325e-05,0.00548242,1.00107
17,30,0.546875,0.953125,1.00082,0.996594,0.496792,0,1.00213,1.00174,-0.000901387,0,-0.000114868,0.00663993,1.00174
18,30,0.578125,0.953125,1.00062,0.996934,0.496049,0,1.00225,1.0022,-0.00162151,0,-0.000124172,0.00616622,1.0022
19,30,0.609375,0.953125,1.00034,0.997343,0.495555,0,1.00234,1.00246,-0.00209953,0,-0.000118192,0.00468387,1.00246
20,30,0.640625,0.953125,1.00012,0.997666,0.495295,0,1.00266,1.00256,-0.00241305,0,-8.31792e-05,0.00318652,1.00256
21,30,0.671875,0.953125,0.999792,0.998082,0.495313,0,1.00287,1.00253,-0.00257412,0,-5.01389e-05,0.000829425,1.00254
22,30,0.703125,0.953125,0.999421,0.998484,0.495408,0,1.00306,1.00242,-0.00263809,0,-1.44412e-05,-0.00100636,1.00242
23,30,0.734375,0.953125,0.999043,0.998899,0.495599,0,1.00319,1.00225,-0.00257367,0,2.02059e-05,-0.00271563,1.00225
24,30,0.765625,0.953125,0.998912,0.99922,0.495811,0,1.00321,1.00205,-0.00243179,0,4.36833e-05,-0.00333164,1.00206
25,30,0.796875,0.953125,0.998927,0.999521,0.496002,0,1.00309,1.00185,-0.00222516,0,6.33896e-05,-0.00374558,1.00185
26,30,0.828125,0.953125,0.999094,0.999786,0.496151,0,1.00286,1.00164,-0.00199164,0,8.00961e-05,-0.00401233,1.00164
27,30,0.859375,0.953125,0.999425,1.00006,0.496246,0,1.00257,1.00144,-0.00175979,0,9.19059e-05,-0.00403305,1.00144
28,30,0.890625,0.953125,0.999829,1.00039,0.496277,0,1.00228,1.00123,-0.00155279,0,0.000100389,-0.00387594,1.00123
29,30,0.921875,0.953125,1.00029,1.00084,0.496234,0,1.00199,1.00103,-0.00139463,0,0.000103778,-0.00357113,1.00104
30,30,0.953125,0.953125,1.00053,1.00144,0.496091,0,1.00163,1.00084,-0.00130921,0,0.000110678,-0.00372855,1.00084
31,30,0.984375,0.953125,1.00058,1.00215,0.495862,0,1.00123,1.00064,-0.00127802,0,0.000108122,-0.00294146,1.00064
0,31,0.015625,0.984375,0.999774,1.00282,0.496868,0,0.999423,0.999935,-0.00115092,0,3.09152e-05,-0.00102641,0.999935
1,31,0.046875,0.984375,0.999757,1.00344,0.496575,0,0.999285,0.999785,-0.00111172,0,2.71521e-05,-1.52514e-05,0.999785
2,31,0.078125,0.984375,0.999954,1.00379,0.496172,0,0.999599,0.999598,-0.001065,0,7.49882e-06,0.00150934,0.999598
3,31,0.109375,0.984375,1.00054,1.00345,0.496224,0,1.00056,0.999354,-0.000820356,0,7.48578e-06,0.00134765,0.999354
4,31,0.140625,0.984375,1.00209,1.00193,0.496581,0,1.00315,0.999041,-0.00021848,0,-3.95372e-05,0.0038607,0.999041
5,31,0.171875,0.984375,1.00385,0.999829,0.497309,0,1.00608,0.998613,0.000654713,0,-0.000107258,0.00571037,0.998613
6,31,0.203125,0.984375,1.00545,0.997663,0.498455,0,1.00865,0.998084,0.00193832,0,-0.000165025,0.00634551,0.998085
7,31,0.234375,0.984375,1.00647,0.996052,0.50007,0,1.0104,0.997532,0.00363765,0,-0.000189491,0.00600387,0.997538
8,31,0.265625,0.984375,1.00686,0.994639,0.501768,0,1.01081,0.997072,0.00546078,0,-0.000134077,0.00232584,0.997087
9,31,0.296875,0.984375,1.00643,0.994408,0.503259,0,1.01003,0.996816,0.00705917,0,-1.82225e-05,-0.00157934,0.996841
10,31,0.328125,0.984375,1.00533,0.99462,0.503819,0,1.00821,0.996872,0.00751241,0,0.000105387,-0.00884519,0.9969
11,31,0.359375,0.984375,1.00428,0.994953,0.503635,0,1.00655,0.997344,0.00717647,0,0.000184221,-0.00738347,0.99737
12,31,0.390625,0.984375,1.00318,0.995445,0.502424,0,1.00489,0.998083,0.0057316,0,0.000229282,-0.00861529,0.9981
13,31,0.421875,0.984375,1.0023,0.995852,0.500903,0,1.00367,0.999012,0.00394643,0,0.000201635,-0.00693194,0.99902
14,31,0.453125,0.984375,1.00163,0.99623,0.49935,0,1.00275,1,0.0021441,0,0.000119029,-0.00291756,1
15,31,0.484375,0.984375,1.00105,0.996544,0.498045,0,1.0021,1.00093,0.000620772,0,3.03344e-05,0.000444909,1.00093
16,31,0.515625,0.984375,1.0006,0.99683,0.496988,0,1.00172,1.0017,-0.000532257,0,-4.90294e-05,0.00330777,1.0017
17,31,0.546875,0.984375,1.00033,0.997169,0.496231,0,1.00164,1.00227,-0.00131086,0,-9.57342e-05,0.00498384,1.00227
18,31,0.578125,0.984375,1.00006,0.997607,0.495744,0,1.00154,1.00261,-0.0018015,0,-0.000114222,0.00514184,1.00261
19,31,0.609375,0.984375,0.999889,0.997903,0.49562,0,1.00173,1.00277,-0.0020983,0,-0.000111004,0.00512125,1.00277
20,31,0.640625,0.984375,0.999643,0.998372,0.495641,0,1.00178,1.00274,-0.00231983,0,-7.8976e-05,0.00226453,1.00275
21,31,0.671875,0.984375,0.999467,0.998775,0.495861,0,1.00199,1.0026,-0.00239188,0,-5.36067e-05,0.00133813,1.00261
22,31,0.703125,0.984375,0.999266,0.999186,0.496161,0,1.00209,1.00237,-0.00241423,0,-2.34732e-05,-0.00021205,1.00238
23,31,0.734375,0.984375,0.999155,0.999518,0.496552,0,1.00206,1.0021,-0.00234206,0,7.0467e-06,-0.00139283,1.0021
24,31,0.765625,0.984375,0.999156,0.999793,0.496901,0,1.00194,1.0018,-0.00221151,0,3.31573e-05,-0.0025918,1.0018
25,31,0.796875,0.984375,0.999212,1,0.497201,0,1.00173,1.00149,-0.0020256,0,5.31261e-05,-0.00338421,1.00149
26,31,0.828125,0.984375,0.999281,1.00018,0.497428,0,1.00144,1.0012,-0.00181378,0,6.47458e-05,-0.00368008,1.0012
27,31,0.859375,0.984375,0.999417,1.00036,0.497582,0,1.00112,1.00093,-0.00160267,0,6.94116e-05,-0.00366159,1.00093
28,31,0.890625,0.984375,0.99965,1.00059,0.497662,0,1.00082,1.00068,-0.00142078,0,7.06313e-05,-0.00355904,1.00068
29,31,0.921875,0.984375,0.999936,1.00094,0.497635,0,1.00054,1.00047,-0.00127338,0,6.47306e-05,-0.00293672,1.00047
30,31,0.953125,0.984375,0.999944,1.00144,0.49749,0,1.0002,1.00028,-0.00119933,0,5.87101e-05,-0.00269426,1.00028
31,31,0.984375,0.984375,0.999878,1.00208,0.49723,0,0.99981,1.0001,-0.00116161,0,4.68504e-05,-0.00196423,1.0001
