step,time,dt,L1_fv,L2_fv,Linf_fv,L1_norm_fv,L2_norm_fv,Linf_norm_fv,total_mass,total_momentum_x,total_momentum_y,total_momentum_z,total_energy,min_density,min_pressure,has_nonfinite,has_negative_density,has_negative_pressure,cleaning_subcycles_step,projection_iterations_step,projection_solver_update_residual,projection_final_residual,projection_true_residual,projection_converged
0,0,0.001,0.0198189,0.0700597,0.486104,7.60809e-05,0.00026775,0.00184213,1,1,0.5,0,2.6266,1,1,0,0,0,0,0,,,,1
1,0.000681806,0.000681806,0.0198083,0.0699794,0.485259,7.60417e-05,0.000267448,0.00183895,1,1,0.5,0,2.6266,0.999998,0.999773,0,0,0,2,0,,,,1
2,0.0013636,0.000681792,0.019789,0.069837,0.483778,7.59697e-05,0.000266913,0.0018334,1,1,0.5,0,2.6266,0.999992,0.99954,0,0,0,2,0,,,,1
3,0.00204536,0.00068176,0.0197617,0.0696384,0.48172,7.58679e-05,0.000266166,0.00182571,1,1,0.5,0,2.6266,0.999982,0.9993,0,0,0,2,0,,,,1
4,0.00272707,0.000681717,0.0197271,0.0693892,0.47914,7.5739e-05,0.000265229,0.00181608,1,1,0.5,0,2.6266,0.999968,0.999054,0,0,0,2,0,,,,1
5,0.00340874,0.000681668,0.019686,0.0690944,0.476093,7.55856e-05,0.000264121,0.00180469,1,1,0.5,0,2.6266,0.99995,0.998801,0,0,0,2,0,,,,1
6,0.00409036,0.000681616,0.0196389,0.0687588,0.472625,7.541e-05,0.000262858,0.00179175,1,1,0.5,0,2.6266,0.999928,0.998542,0,0,0,2,0,,,,1
7,0.00477192,0.000681564,0.0195865,0.0683868,0.468783,7.52145e-05,0.00026146,0.00177741,1,1,0.5,0,2.6266,0.999902,0.998277,0,0,0,2,0,,,,1
8,0.00545343,0.000681511,0.0195294,0.0679826,0.464616,7.50012e-05,0.00025994,0.00176182,1,1,0.5,0,2.6266,0.999872,0.998007,0,0,0,2,0,,,,1
9,0.00613489,0.000681459,0.0194679,0.06755,0.460201,7.47718e-05,0.000258312,0.00174514,1,1,0.5,0,2.6266,0.999838,0.997731,0,0,0,2,0,,,,1
10,0.0068163,0.000681407,0.0194026,0.0670925,0.455529,7.45281e-05,0.000256592,0.00172748,1,1,0.5,0,2.6266,0.9998,0.997449,0,0,0,2,0,,,,1
11,0.00749766,0.000681356,0.0193339,0.0666133,0.450632,7.42717e-05,0.000254789,0.00170897,1,1,0.5,0,2.6266,0.999759,0.997164,0,0,0,2,0,,,,1
12,0.00817896,0.000681306,0.0192623,0.0661155,0.445543,7.40041e-05,0.000252917,0.00168974,1,1,0.5,0,2.6266,0.999714,0.996875,0,0,0,2,0,,,,1
13,0.00886022,0.000681258,0.019188,0.0656017,0.440291,7.37267e-05,0.000250984,0.0016699,1,1,0.5,0,2.6266,0.999664,0.996583,0,0,0,2,0,,,,1
14,0.00954143,0.000681211,0.0191114,0.0650746,0.434902,7.34406e-05,0.000249001,0.00164954,1,1,0.5,0,2.6266,0.999612,0.996288,0,0,0,2,0,,,,1
15,0.0102226,0.000681165,0.0190328,0.0645363,0.429395,7.3147e-05,0.000246975,0.00162874,1,1,0.5,0,2.6266,0.999555,0.995992,0,0,0,2,0,,,,1
16,0.0109037,0.000681121,0.0189525,0.0639891,0.42379,7.28471e-05,0.000244916,0.00160818,1,1,0.5,0,2.6266,0.999496,0.995691,0,0,0,2,0,,,,1
17,0.0115848,0.000681079,0.0188708,0.0634348,0.418106,7.25417e-05,0.00024283,0.00158738,1,1,0.5,0,2.6266,0.999433,0.995387,0,0,0,2,0,,,,1
18,0.0122658,0.000681038,0.0187879,0.0628752,0.412364,7.22317e-05,0.000240724,0.00156635,1,1,0.5,0,2.6266,0.999366,0.995083,0,0,0,2,0,,,,1
19,0.0129468,0.000680999,0.018704,0.0623118,0.406754,7.1918e-05,0.000238603,0.00154516,1,1,0.5,0,2.6266,0.999297,0.994778,0,0,0,2,0,,,,1
20,0.0136278,0.000680961,0.0186193,0.0617461,0.401131,7.16013e-05,0.000236474,0.00152387,1,1,0.5,0,2.6266,0.999224,0.994472,0,0,0,2,0,,,,1
21,0.0143087,0.000680925,0.018534,0.0611794,0.395499,7.12823e-05,0.00023434,0.00150256,1,1,0.5,0,2.6266,0.999148,0.994166,0,0,0,2,0,,,,1
22,0.0149896,0.00068089,0.0184483,0.0606127,0.389865,7.09617e-05,0.000232206,0.00148124,1,1,0.5,0,2.6266,0.99907,0.993861,0,0,0,2,0,,,,1
23,0.0156705,0.000680858,0.0183623,0.0600472,0.384236,7.06399e-05,0.000230076,0.00145994,1,1,0.5,0,2.6266,0.998988,0.993556,0,0,0,2,0,,,,1
24,0.0163513,0.000680827,0.0182762,0.0594837,0.378619,7.03176e-05,0.000227954,0.00143869,1,1,0.5,0,2.6266,0.998904,0.99325,0,0,0,2,0,,,,1
25,0.0170321,0.000680798,0.0181901,0.0589231,0.373017,6.99952e-05,0.000225842,0.00141753,1,1,0.5,0,2.6266,0.998817,0.992946,0,0,0,2,0,,,,1
26,0.0177129,0.000680771,0.018104,0.0583661,0.367434,6.9673e-05,0.000223743,0.00139715,1,1,0.5,0,2.6266,0.998727,0.992643,0,0,0,2,0,,,,1
27,0.0183936,0.000680745,0.0180182,0.0578134,0.361883,6.93516e-05,0.00022166,0.00137691,1,1,0.5,0,2.6266,0.998634,0.992341,0,0,0,2,0,,,,1
28,0.0190743,0.000680722,0.0179327,0.0572654,0.356576,6.90312e-05,0.000219595,0.00135684,1,1,0.5,0,2.6266,0.998539,0.992042,0,0,0,2,0,,,,1
29,0.019755,0.0006807,0.0178475,0.0567227,0.351332,6.87121e-05,0.000217549,0.00133697,1,1,0.5,0,2.6266,0.998442,0.991744,0,0,0,2,0,,,,1
30,0.0204357,0.000680679,0.0177628,0.0561857,0.346143,6.83947e-05,0.000215524,0.00131753,1,1,0.5,0,2.6266,0.998343,0.991448,0,0,0,2,0,,,,1
31,0.0211164,0.000680661,0.0176787,0.0556547,0.341012,6.80791e-05,0.000213522,0.00129841,1,1,0.5,0,2.6266,0.998242,0.991154,0,0,0,2,0,,,,1
32,0.021797,0.000680644,0.017595,0.0551301,0.335965,6.77656e-05,0.000211543,0.0012795,1,1,0.5,0,2.6266,0.998139,0.990863,0,0,0,2,0,,,,1
33,0.0224776,0.000680628,0.0175121,0.054612,0.331041,6.74544e-05,0.000209589,0.00126083,1,1,0.5,0,2.6266,0.998035,0.990575,0,0,0,2,0,,,,1
34,0.0231583,0.000680614,0.0174298,0.0541008,0.326182,6.71456e-05,0.00020766,0.00124241,1,1,0.5,0,2.6266,0.997928,0.990289,0,0,0,2,0,,,,1
35,0.0238389,0.000680602,0.0173482,0.0535966,0.321389,6.68394e-05,0.000205756,0.00122465,1,1,0.5,0,2.6266,0.99782,0.990006,0,0,0,2,0,,,,1
36,0.0245194,0.00068059,0.0172673,0.0530994,0.316662,6.6536e-05,0.00020388,0.00120734,1,1,0.5,0,2.6266,0.99771,0.989727,0,0,0,2,0,,,,1
37,0.0252,0.000680581,0.0171872,0.0526094,0.312118,6.62354e-05,0.00020203,0.00119026,1,1,0.5,0,2.6266,0.997598,0.98945,0,0,0,2,0,,,,1
38,0.0258806,0.000680572,0.017108,0.0521267,0.307689,6.59377e-05,0.000200207,0.00117344,1,1,0.5,0,2.6266,0.997485,0.989177,0,0,0,2,0,,,,1
39,0.0265612,0.000680565,0.0170295,0.0516513,0.303328,6.5643e-05,0.000198411,0.00115688,1,1,0.5,0,2.6266,0.997371,0.988908,0,0,0,2,0,,,,1
40,0.0272417,0.000680558,0.0169519,0.0511832,0.299033,6.53513e-05,0.000196643,0.00114057,1,1,0.5,0,2.6266,0.997255,0.988642,0,0,0,2,0,,,,1
41,0.0279223,0.000680553,0.0168751,0.0507224,0.294806,6.50628e-05,0.000194902,0.00112452,1,1,0.5,0,2.6266,0.997138,0.98838,0,0,0,2,0,,,,1
42,0.0286028,0.000680549,0.0167992,0.0502689,0.290647,6.47775e-05,0.000193188,0.0011089,1,1,0.5,0,2.6266,0.997021,0.988121,0,0,0,2,0,,,,1
43,0.0292834,0.000680546,0.0167241,0.0498226,0.286558,6.44954e-05,0.000191501,0.00109391,1,1,0.5,0,2.6266,0.996902,0.987866,0,0,0,2,0,,,,1
44,0.0299639,0.000680544,0.01665,0.0493835,0.282598,6.42165e-05,0.000189841,0.00107916,1,1,0.5,0,2.6266,0.996783,0.987616,0,0,0,2,0,,,,1
45,0.0306445,0.000680543,0.0165767,0.0489516,0.278781,6.39409e-05,0.000188207,0.00106464,1,1,0.5,0,2.6266,0.996662,0.987368,0,0,0,2,0,,,,1
46,0.031325,0.000680542,0.0165043,0.0485267,0.275026,6.36686e-05,0.0001866,0.00105036,1,1,0.5,0,2.6266,0.99654,0.987124,0,0,0,2,0,,,,1
47,0.0320055,0.00068054,0.0164328,0.0481088,0.271335,6.33996e-05,0.000185019,0.00103632,1,1,0.5,0,2.6266,0.996417,0.986884,0,0,0,2,0,,,,1
48,0.0326861,0.00068054,0.0163622,0.0476978,0.267708,6.31338e-05,0.000183464,0.00102264,1,1,0.5,0,2.6266,0.996293,0.986648,0,0,0,2,0,,,,1
49,0.0333666,0.000680539,0.0162924,0.0472935,0.264143,6.28712e-05,0.000181934,0.00100929,1,1,0.5,0,2.6266,0.996169,0.986416,0,0,0,2,0,,,,1
50,0.0340472,0.000680539,0.0162235,0.046896,0.260641,6.26118e-05,0.000180429,0.000996174,1,1,0.5,0,2.6266,0.996045,0.986188,0,0,0,2,0,,,,1
51,0.0347277,0.000680537,0.0161555,0.046505,0.257253,6.23556e-05,0.000178948,0.000983281,1,1,0.5,0,2.6266,0.995921,0.985965,0,0,0,2,0,,,,1
52,0.0354082,0.000680535,0.0160884,0.0461205,0.253921,6.21026e-05,0.000177492,0.000970605,1,1,0.5,0,2.6266,0.995796,0.985745,0,0,0,2,0,,,,1
53,0.0360888,0.000680533,0.016022,0.0457423,0.250646,6.18528e-05,0.000176059,0.000958472,1,1,0.5,0,2.6266,0.995672,0.985529,0,0,0,2,0,,,,1
54,0.0367693,0.00068053,0.0159566,0.0453703,0.247429,6.16061e-05,0.00017465,0.000946619,1,1,0.5,0,2.6266,0.995549,0.985318,0,0,0,2,0,,,,1
55,0.0374498,0.000680525,0.0158919,0.0450045,0.24436,6.13625e-05,0.000173264,0.000934968,1,1,0.5,0,2.6266,0.995425,0.985111,0,0,0,2,0,,,,1
56,0.0381303,0.00068052,0.0158281,0.0446447,0.241354,6.11219e-05,0.0001719,0.000923517,1,1,0.5,0,2.6266,0.995302,0.984908,0,0,0,2,0,,,,1
57,0.0388109,0.000680512,0.0157651,0.0442908,0.238402,6.08844e-05,0.000170558,0.000912269,1,1,0.5,0,2.6266,0.995178,0.984709,0,0,0,2,0,,,,1
58,0.0394914,0.000680505,0.0157029,0.0439426,0.235503,6.06498e-05,0.000169238,0.000901223,1,1,0.5,0,2.6266,0.995055,0.984515,0,0,0,2,0,,,,1
59,0.0401719,0.000680497,0.0156415,0.0436001,0.232657,6.04181e-05,0.000167939,0.00089042,1,1,0.5,0,2.6266,0.994931,0.984325,0,0,0,2,0,,,,1
60,0.0408523,0.000680488,0.0155809,0.0432631,0.229862,6.01893e-05,0.000166661,0.00088008,1,1,0.5,0,2.6266,0.994807,0.984136,0,0,0,2,0,,,,1
61,0.0415328,0.000680477,0.015521,0.0429315,0.227117,5.99633e-05,0.000165403,0.000869909,1,1,0.5,0,2.6266,0.994683,0.983951,0,0,0,2,0,,,,1
62,0.0422133,0.000680466,0.0154618,0.0426052,0.22449,5.97401e-05,0.000164165,0.000859905,1,1,0.5,0,2.6266,0.994559,0.98377,0,0,0,2,0,,,,1
63,0.0428937,0.000680453,0.0154034,0.0422841,0.22191,5.95197e-05,0.000162947,0.000850063,1,1,0.5,0,2.6266,0.994435,0.983592,0,0,0,2,0,,,,1
64,0.0435742,0.00068044,0.0153458,0.0419681,0.219372,5.9302e-05,0.000161747,0.000840381,1,1,0.5,0,2.6266,0.994312,0.983419,0,0,0,2,0,,,,1
65,0.0442546,0.000680426,0.0152888,0.0416571,0.216876,5.90869e-05,0.000160566,0.000830858,1,1,0.5,0,2.6266,0.994189,0.98325,0,0,0,2,0,,,,1
66,0.044935,0.000680413,0.0152326,0.0413509,0.214423,5.88744e-05,0.000159404,0.000821498,1,1,0.5,0,2.6266,0.994067,0.983085,0,0,0,2,0,,,,1
67,0.0456154,0.000680397,0.015177,0.0410495,0.212011,5.86644e-05,0.000158259,0.000812299,1,1,0.5,0,2.6266,0.993946,0.982923,0,0,0,2,0,,,,1
68,0.0462958,0.00068038,0.015122,0.0407527,0.209642,5.84569e-05,0.000157132,0.000803259,1,1,0.5,0,2.6266,0.993825,0.982765,0,0,0,2,0,,,,1
69,0.0469762,0.000680364,0.0150678,0.0404604,0.207312,5.82519e-05,0.000156021,0.000794468,1,1,0.5,0,2.6266,0.993706,0.982611,0,0,0,2,0,,,,1
70,0.0476565,0.000680347,0.0150142,0.0401727,0.205024,5.80493e-05,0.000154928,0.000785856,1,1,0.5,0,2.6266,0.993587,0.98246,0,0,0,2,0,,,,1
71,0.0483368,0.00068033,0.0149612,0.0398892,0.202777,5.78492e-05,0.000153851,0.000777393,1,1,0.5,0,2.6266,0.993469,0.982311,0,0,0,2,0,,,,1
72,0.0490171,0.000680313,0.0149089,0.03961,0.200587,5.76513e-05,0.00015279,0.000769191,1,1,0.5,0,2.6266,0.993353,0.982166,0,0,0,2,0,,,,1
73,0.0496974,0.000680296,0.0148571,0.039335,0.198463,5.74556e-05,0.000151744,0.000761156,1,1,0.5,0,2.6266,0.993237,0.982025,0,0,0,2,0,,,,1
74,0.0503777,0.000680278,0.014806,0.0390641,0.196385,5.72622e-05,0.000150714,0.000753321,1,1,0.5,0,2.6266,0.993122,0.981887,0,0,0,2,0,,,,1
75,0.051058,0.00068026,0.0147554,0.0387971,0.19434,5.7071e-05,0.000149699,0.000745613,1,1,0.5,0,2.6266,0.993008,0.981753,0,0,0,2,0,,,,1
76,0.0517382,0.00068024,0.0147055,0.038534,0.192331,5.68819e-05,0.000148698,0.000738028,1,1,0.5,0,2.6266,0.992894,0.981622,0,0,0,2,0,,,,1
77,0.0524184,0.00068022,0.0146561,0.0382747,0.190378,5.6695e-05,0.000147712,0.000730566,1,1,0.5,0,2.6266,0.992782,0.981494,0,0,0,2,0,,,,1
78,0.0530986,0.0006802,0.0146072,0.0380192,0.188457,5.65101e-05,0.00014674,0.000723224,1,1,0.5,0,2.6266,0.99267,0.981369,0,0,0,2,0,,,,1
79,0.0537788,0.00068018,0.0145589,0.0377673,0.186566,5.63272e-05,0.000145782,0.000716001,1,1,0.5,0,2.6266,0.992559,0.981248,0,0,0,2,0,,,,1
80,0.054459,0.00068016,0.0145111,0.037519,0.184707,5.61463e-05,0.000144837,0.000708897,1,1,0.5,0,2.6266,0.992448,0.981131,0,0,0,2,0,,,,1
81,0.0551391,0.000680141,0.0144638,0.0372742,0.182879,5.59674e-05,0.000143905,0.00070191,1,1,0.5,0,2.6266,0.992338,0.981017,0,0,0,2,0,,,,1
82,0.0558192,0.000680122,0.014417,0.0370327,0.18108,5.57903e-05,0.000142986,0.000695036,1,1,0.5,0,2.6266,0.992229,0.980906,0,0,0,2,0,,,,1
83,0.0564993,0.000680103,0.0143708,0.0367947,0.17931,5.5615e-05,0.00014208,0.000688271,1,1,0.5,0,2.6266,0.992122,0.980794,0,0,0,2,0,,,,1
84,0.0571794,0.000680082,0.0143249,0.0365599,0.177565,5.54415e-05,0.000141186,0.000681636,1,1,0.5,0,2.6266,0.992015,0.98068,0,0,0,2,0,,,,1
85,0.0578595,0.000680061,0.0142796,0.0363283,0.175844,5.52699e-05,0.000140304,0.000675206,1,1,0.5,0,2.6266,0.991908,0.980571,0,0,0,2,0,,,,1
86,0.0585395,0.00068004,0.0142348,0.0360998,0.174148,5.51e-05,0.000139434,0.000668871,1,1,0.5,0,2.6266,0.991804,0.980466,0,0,0,2,0,,,,1
87,0.0592196,0.000680019,0.0141904,0.0358745,0.172499,5.49319e-05,0.000138576,0.000662627,1,1,0.5,0,2.6266,0.9917,0.980363,0,0,0,2,0,,,,1
88,0.0598996,0.000679998,0.0141465,0.0356521,0.170888,5.47655e-05,0.000137729,0.000656462,1,1,0.5,0,2.6266,0.991598,0.980263,0,0,0,2,0,,,,1
89,0.0605795,0.000679977,0.014103,0.0354327,0.169297,5.46007e-05,0.000136893,0.000650379,1,1,0.5,0,2.6266,0.991497,0.980165,0,0,0,2,0,,,,1
90,0.0612595,0.000679956,0.01406,0.0352161,0.167731,5.44376e-05,0.000136068,0.000644384,1,1,0.5,0,2.6266,0.991397,0.980069,0,0,0,2,0,,,,1
91,0.0619394,0.000679936,0.0140174,0.0350024,0.166188,5.42761e-05,0.000135254,0.000638481,1,1,0.5,0,2.6266,0.991299,0.979975,0,0,0,2,0,,,,1
92,0.0626193,0.000679915,0.0139752,0.0347915,0.164671,5.41161e-05,0.00013445,0.000632797,1,1,0.5,0,2.6266,0.991202,0.979884,0,0,0,2,0,,,,1
93,0.0632992,0.000679894,0.0139334,0.0345833,0.163204,5.39577e-05,0.000133656,0.00062724,1,1,0.5,0,2.6266,0.991105,0.979794,0,0,0,2,0,,,,1
94,0.0639791,0.000679873,0.013892,0.0343777,0.161758,5.38008e-05,0.000132873,0.000621758,1,1,0.5,0,2.6266,0.99101,0.979708,0,0,0,2,0,,,,1
95,0.064659,0.000679853,0.013851,0.0341747,0.160332,5.36453e-05,0.000132099,0.000616349,1,1,0.5,0,2.6266,0.990916,0.979623,0,0,0,2,0,,,,1
96,0.0653388,0.000679832,0.0138104,0.0339743,0.158925,5.34914e-05,0.000131335,0.000611013,1,1,0.5,0,2.6266,0.990823,0.979541,0,0,0,2,0,,,,1
97,0.0660186,0.000679812,0.0137702,0.0337765,0.157546,5.33389e-05,0.00013058,0.000605745,1,1,0.5,0,2.6266,0.990732,0.979462,0,0,0,2,0,,,,1
98,0.0666984,0.000679792,0.0137304,0.033581,0.156188,5.31878e-05,0.000129835,0.000600547,1,1,0.5,0,2.6266,0.990641,0.979384,0,0,0,2,0,,,,1
99,0.0673782,0.000679772,0.013691,0.033388,0.15485,5.30381e-05,0.000129099,0.00059542,1,1,0.5,0,2.6266,0.990552,0.979309,0,0,0,2,0,,,,1
100,0.0680579,0.000679752,0.0136519,0.0331973,0.153529,5.28897e-05,0.000128371,0.000590363,1,1,0.5,0,2.6266,0.990464,0.979236,0,0,0,2,0,,,,1
101,0.0687376,0.000679731,0.0136131,0.033009,0.152228,5.27427e-05,0.000127653,0.000585381,1,1,0.5,0,2.6266,0.990378,0.979165,0,0,0,2,0,,,,1
102,0.0694174,0.000679711,0.0135748,0.0328229,0.150944,5.2597e-05,0.000126943,0.000580465,1,1,0.5,0,2.6266,0.990293,0.979095,0,0,0,2,0,,,,1
103,0.070097,0.000679691,0.0135367,0.0326391,0.149677,5.24526e-05,0.000126241,0.000575611,1,1,0.5,0,2.6266,0.99021,0.979028,0,0,0,2,0,,,,1
104,0.0707767,0.000679671,0.013499,0.0324574,0.148427,5.23095e-05,0.000125548,0.000570824,1,1,0.5,0,2.6266,0.990126,0.978963,0,0,0,2,0,,,,1
105,0.0714564,0.00067965,0.0134617,0.0322779,0.147193,5.21676e-05,0.000124863,0.000566096,1,1,0.5,0,2.6266,0.990044,0.978899,0,0,0,2,0,,,,1
106,0.072136,0.00067963,0.0134246,0.0321005,0.145972,5.20269e-05,0.000124186,0.000561421,1,1,0.5,0,2.6266,0.989963,0.978827,0,0,0,2,0,,,,1
107,0.0728156,0.00067961,0.0133879,0.0319252,0.144767,5.18874e-05,0.000123517,0.000556858,1,1,0.5,0,2.6266,0.989884,0.978758,0,0,0,2,0,,,,1
108,0.0734952,0.00067959,0.0133515,0.0317519,0.14358,5.1749e-05,0.000122855,0.000552418,1,1,0.5,0,2.6266,0.989807,0.978691,0,0,0,2,0,,,,1
109,0.0741748,0.000679571,0.0133153,0.0315806,0.142412,5.16119e-05,0.000122201,0.000548044,1,1,0.5,0,2.6266,0.989731,0.978627,0,0,0,2,0,,,,1
110,0.0748543,0.000679551,0.0132796,0.0314113,0.141261,5.14758e-05,0.000121554,0.000543736,1,1,0.5,0,2.6266,0.989655,0.978566,0,0,0,2,0,,,,1
111,0.0755339,0.000679532,0.0132441,0.0312438,0.140125,5.1341e-05,0.000120915,0.000539493,1,1,0.5,0,2.6266,0.989581,0.978506,0,0,0,2,0,,,,1
112,0.0762134,0.000679513,0.0132089,0.0310783,0.139032,5.12072e-05,0.000120283,0.000535312,1,1,0.5,0,2.6266,0.989508,0.978447,0,0,0,2,0,,,,1
113,0.0768929,0.000679494,0.013174,0.0309146,0.137956,5.10746e-05,0.000119658,0.000531187,1,1,0.5,0,2.6266,0.989437,0.97839,0,0,0,2,0,,,,1
114,0.0775723,0.000679475,0.0131394,0.0307528,0.136895,5.0943e-05,0.000119039,0.000527116,1,1,0.5,0,2.6266,0.989368,0.978335,0,0,0,2,0,,,,1
115,0.0782518,0.000679456,0.013105,0.0305927,0.135847,5.08125e-05,0.000118428,0.000523098,1,1,0.5,0,2.6266,0.9893,0.978281,0,0,0,2,0,,,,1
116,0.0789312,0.000679438,0.013071,0.0304344,0.134812,5.0683e-05,0.000117823,0.000519127,1,1,0.5,0,2.6266,0.989235,0.978229,0,0,0,2,0,,,,1
117,0.0796106,0.00067942,0.0130372,0.0302778,0.133788,5.05546e-05,0.000117224,0.000515204,1,1,0.5,0,2.6266,0.98917,0.978179,0,0,0,2,0,,,,1
118,0.0802901,0.000679402,0.0130037,0.030123,0.132778,5.04271e-05,0.000116633,0.000511328,1,1,0.5,0,2.6266,0.989106,0.97813,0,0,0,2,0,,,,1
119,0.0809694,0.000679385,0.0129704,0.0299698,0.13178,5.03007e-05,0.000116047,0.000507501,1,1,0.5,0,2.6266,0.989043,0.978083,0,0,0,2,0,,,,1
120,0.0816488,0.000679366,0.0129375,0.0298182,0.130793,5.01752e-05,0.000115468,0.000503716,1,1,0.5,0,2.6266,0.988981,0.978037,0,0,0,2,0,,,,1
121,0.0823281,0.000679347,0.0129047,0.0296683,0.129815,5.00508e-05,0.000114894,0.000499966,1,1,0.5,0,2.6266,0.98892,0.977992,0,0,0,2,0,,,,1
122,0.0830075,0.000679329,0.0128723,0.0295199,0.128847,4.99273e-05,0.000114327,0.000496253,1,1,0.5,0,2.6266,0.98886,0.977949,0,0,0,2,0,,,,1
123,0.0836868,0.00067931,0.0128401,0.0293731,0.127898,4.98048e-05,0.000113766,0.000492709,1,1,0.5,0,2.6266,0.988802,0.977906,0,0,0,2,0,,,,1
124,0.0843661,0.000679292,0.0128081,0.0292279,0.126966,4.96831e-05,0.00011321,0.00048944,1,1,0.5,0,2.6266,0.988746,0.977865,0,0,0,2,0,,,,1
125,0.0850454,0.000679274,0.0127764,0.0290841,0.126049,4.95624e-05,0.00011266,0.000486189,1,1,0.5,0,2.6266,0.988693,0.977821,0,0,0,2,0,,,,1
126,0.0857246,0.000679257,0.0127449,0.0289418,0.125132,4.94426e-05,0.000112116,0.000482953,1,1,0.5,0,2.6266,0.988641,0.977777,0,0,0,2,0,,,,1
127,0.0864039,0.000679239,0.0127137,0.028801,0.124216,4.93237e-05,0.000111578,0.00047973,1,1,0.5,0,2.6266,0.988592,0.977735,0,0,0,2,0,,,,1
128,0.0870831,0.000679222,0.0126827,0.0286617,0.123307,4.92056e-05,0.000111044,0.000476521,1,1,0.5,0,2.6266,0.988545,0.977692,0,0,0,2,0,,,,1
129,0.0877623,0.000679205,0.0126519,0.0285237,0.122403,4.90885e-05,0.000110516,0.000473328,1,1,0.5,0,2.6266,0.988497,0.977651,0,0,0,2,0,,,,1
130,0.0884415,0.000679188,0.0126214,0.0283871,0.121502,4.89722e-05,0.000109994,0.000470155,1,1,0.5,0,2.6266,0.988448,0.977611,0,0,0,2,0,,,,1
131,0.0891206,0.000679172,0.0125911,0.028252,0.120614,4.88568e-05,0.000109476,0.000467004,1,1,0.5,0,2.6266,0.988401,0.977572,0,0,0,2,0,,,,1
132,0.0897998,0.000679155,0.012561,0.0281181,0.119736,4.87422e-05,0.000108964,0.000463875,1,1,0.5,0,2.6266,0.988354,0.977534,0,0,0,2,0,,,,1
133,0.0904789,0.000679139,0.0125312,0.0279856,0.11889,4.86285e-05,0.000108457,0.000460769,1,1,0.5,0,2.6266,0.988309,0.977498,0,0,0,2,0,,,,1
134,0.0911581,0.000679123,0.0125015,0.0278544,0.118056,4.85156e-05,0.000107955,0.000457685,1,1,0.5,0,2.6266,0.988267,0.977463,0,0,0,2,0,,,,1
135,0.0918372,0.000679107,0.0124721,0.0277245,0.117237,4.84036e-05,0.000107457,0.000454625,1,1,0.5,0,2.6266,0.988227,0.977429,0,0,0,2,0,,,,1
136,0.0925163,0.000679092,0.0124429,0.0275958,0.116424,4.82923e-05,0.000106964,0.000451584,1,1,0.5,0,2.6266,0.988188,0.977397,0,0,0,2,0,,,,1
137,0.0931953,0.000679077,0.0124139,0.0274684,0.115623,4.81818e-05,0.000106477,0.000448557,1,1,0.5,0,2.6266,0.988148,0.977366,0,0,0,2,0,,,,1
138,0.0938744,0.000679063,0.0123851,0.0273422,0.114878,4.80721e-05,0.000105993,0.000445542,1,1,0.5,0,2.6266,0.98811,0.977336,0,0,0,2,0,,,,1
139,0.0945534,0.000679047,0.0123566,0.0272172,0.114117,4.79632e-05,0.000105515,0.00044255,1,1,0.5,0,2.6266,0.988073,0.977307,0,0,0,2,0,,,,1
140,0.0952325,0.000679031,0.0123282,0.0270935,0.113331,4.78551e-05,0.00010504,0.000439671,1,1,0.5,0,2.6266,0.988038,0.97728,0,0,0,2,0,,,,1
141,0.0959115,0.000679016,0.0123001,0.0269709,0.112546,4.77478e-05,0.000104571,0.000436844,1,1,0.5,0,2.6266,0.988004,0.977252,0,0,0,2,0,,,,1
142,0.0965905,0.000679,0.0122721,0.0268494,0.111812,4.76412e-05,0.000104105,0.000434025,1,1,0.5,0,2.6266,0.987972,0.977221,0,0,0,2,0,,,,1
143,0.0972695,0.000678985,0.0122444,0.0267291,0.111092,4.75354e-05,0.000103644,0.000431257,1,1,0.5,0,2.6266,0.987942,0.977191,0,0,0,2,0,,,,1
144,0.0979484,0.00067897,0.0122168,0.0266099,0.110389,4.74304e-05,0.000103187,0.000428556,1,1,0.5,0,2.6266,0.987915,0.977162,0,0,0,2,0,,,,1
145,0.0986274,0.000678955,0.0121895,0.0264918,0.109703,4.73261e-05,0.000102735,0.000425918,1,1,0.5,0,2.6266,0.987889,0.977135,0,0,0,2,0,,,,1
146,0.0993063,0.00067894,0.0121623,0.0263748,0.109027,4.72225e-05,0.000102286,0.000423318,1,1,0.5,0,2.6266,0.987862,0.977109,0,0,0,2,0,,,,1
147,0.0999853,0.000678926,0.0121354,0.0262589,0.108348,4.71197e-05,0.000101842,0.000420706,1,1,0.5,0,2.6266,0.987835,0.977084,0,0,0,2,0,,,,1
148,0.100664,0.000678912,0.0121086,0.026144,0.107665,4.70176e-05,0.000101401,0.000418081,1,1,0.5,0,2.6266,0.987809,0.97706,0,0,0,2,0,,,,1
149,0.101343,0.000678898,0.0120821,0.0260302,0.106984,4.69162e-05,0.000100965,0.00041546,1,1,0.5,0,2.6266,0.987783,0.977037,0,0,0,2,0,,,,1
150,0.102022,0.000678884,0.0120557,0.0259174,0.106291,4.68155e-05,0.000100532,0.000412789,1,1,0.5,0,2.6266,0.98776,0.977014,0,0,0,2,0,,,,1
151,0.102701,0.00067887,0.0120295,0.0258056,0.1056,4.67155e-05,0.000100104,0.000410223,1,1,0.5,0,2.6266,0.987739,0.976993,0,0,0,2,0,,,,1
152,0.10338,0.000678857,0.0120035,0.0256948,0.104972,4.66163e-05,9.96788e-05,0.000407802,1,1,0.5,0,2.6266,0.987717,0.976972,0,0,0,2,0,,,,1
153,0.104059,0.000678843,0.0119776,0.025585,0.104364,4.65177e-05,9.92577e-05,0.000405461,1,1,0.5,0,2.6266,0.987696,0.976953,0,0,0,2,0,,,,1
154,0.104737,0.000678829,0.011952,0.0254762,0.103754,4.64198e-05,9.88402e-05,0.000403112,1,1,0.5,0,2.6266,0.987675,0.976933,0,0,0,2,0,,,,1
155,0.105416,0.000678815,0.0119265,0.0253684,0.103155,4.63226e-05,9.84263e-05,0.000400805,1,1,0.5,0,2.6266,0.987655,0.976913,0,0,0,2,0,,,,1
156,0.106095,0.000678802,0.0119013,0.0252614,0.102559,4.62261e-05,9.8016e-05,0.000398512,1,1,0.5,0,2.6266,0.987637,0.976894,0,0,0,2,0,,,,1
157,0.106774,0.000678789,0.0118761,0.0251554,0.101957,4.61302e-05,9.76093e-05,0.00039619,1,1,0.5,0,2.6266,0.987621,0.976876,0,0,0,2,0,,,,1
158,0.107453,0.000678776,0.0118512,0.0250504,0.101342,4.6035e-05,9.7206e-05,0.000393822,1,1,0.5,0,2.6266,0.987607,0.976858,0,0,0,2,0,,,,1
159,0.108131,0.000678763,0.0118265,0.0249462,0.100722,4.59404e-05,9.68062e-05,0.000391575,1,1,0.5,0,2.6266,0.987592,0.976837,0,0,0,2,0,,,,1
160,0.10881,0.00067875,0.0118019,0.0248429,0.100154,4.58465e-05,9.64097e-05,0.0003894,1,1,0.5,0,2.6266,0.987578,0.976817,0,0,0,2,0,,,,1
161,0.109489,0.000678738,0.0117775,0.0247406,0.0995899,4.57532e-05,9.60166e-05,0.000387224,1,1,0.5,0,2.6266,0.987566,0.976799,0,0,0,2,0,,,,1
162,0.110168,0.000678726,0.0117532,0.024639,0.0990297,4.56606e-05,9.56269e-05,0.000385063,1,1,0.5,0,2.6266,0.987553,0.976782,0,0,0,2,0,,,,1
163,0.110846,0.000678714,0.0117291,0.0245384,0.0984685,4.55686e-05,9.52403e-05,0.000382897,1,1,0.5,0,2.6266,0.987541,0.976765,0,0,0,2,0,,,,1
164,0.111525,0.000678702,0.0117052,0.0244386,0.0979027,4.54772e-05,9.4857e-05,0.000380714,1,1,0.5,0,2.6266,0.98753,0.97675,0,0,0,2,0,,,,1
165,0.112204,0.000678691,0.0116815,0.0243396,0.0973338,4.53865e-05,9.44769e-05,0.000378517,1,1,0.5,0,2.6266,0.987521,0.976735,0,0,0,2,0,,,,1
166,0.112882,0.000678679,0.0116579,0.0242415,0.0967599,4.52963e-05,9.40999e-05,0.000376301,1,1,0.5,0,2.6266,0.987511,0.976721,0,0,0,2,0,,,,1
167,0.113561,0.000678668,0.0116345,0.0241441,0.0961844,4.52068e-05,9.3726e-05,0.000374078,1,1,0.5,0,2.6266,0.987501,0.976708,0,0,0,2,0,,,,1
168,0.11424,0.000678656,0.0116112,0.0240476,0.0956118,4.51179e-05,9.33551e-05,0.000371865,1,1,0.5,0,2.6266,0.987492,0.976696,0,0,0,2,0,,,,1
169,0.114918,0.000678643,0.0115881,0.0239519,0.0950468,4.50295e-05,9.29873e-05,0.000369682,1,1,0.5,0,2.6266,0.987483,0.976684,0,0,0,2,0,,,,1
170,0.115597,0.000678631,0.0115651,0.0238569,0.0944915,4.49417e-05,9.26224e-05,0.000367537,1,1,0.5,0,2.6266,0.987475,0.976673,0,0,0,2,0,,,,1
171,0.116276,0.000678619,0.0115423,0.0237627,0.093953,4.48546e-05,9.22605e-05,0.000365456,1,1,0.5,0,2.6266,0.987469,0.976663,0,0,0,2,0,,,,1
172,0.116954,0.000678607,0.0115197,0.0236693,0.0934313,4.47679e-05,9.19015e-05,0.00036344,1,1,0.5,0,2.6266,0.987464,0.976654,0,0,0,2,0,,,,1
173,0.117633,0.000678595,0.0114972,0.0235767,0.0929177,4.46819e-05,9.15453e-05,0.000361455,1,1,0.5,0,2.6266,0.987458,0.976645,0,0,0,2,0,,,,1
174,0.118311,0.000678584,0.0114748,0.0234848,0.0924012,4.45964e-05,9.1192e-05,0.000359459,1,1,0.5,0,2.6266,0.987453,0.976637,0,0,0,2,0,,,,1
175,0.11899,0.000678573,0.0114526,0.0233936,0.0918861,4.45115e-05,9.08414e-05,0.000357467,1,1,0.5,0,2.6266,0.987449,0.976629,0,0,0,2,0,,,,1
176,0.119668,0.000678563,0.0114306,0.0233031,0.091375,4.44271e-05,9.04936e-05,0.000355491,1,1,0.5,0,2.6266,0.987445,0.976617,0,0,0,2,0,,,,1
177,0.120347,0.000678552,0.0114086,0.0232134,0.0908678,4.43432e-05,9.01486e-05,0.00035353,1,1,0.5,0,2.6266,0.987442,0.976607,0,0,0,2,0,,,,1
178,0.121026,0.000678542,0.0113869,0.0231244,0.0903669,4.42599e-05,8.98062e-05,0.000351593,1,1,0.5,0,2.6266,0.98744,0.976596,0,0,0,2,0,,,,1
179,0.121704,0.000678532,0.0113652,0.0230361,0.0898747,4.41772e-05,8.94665e-05,0.000349689,1,1,0.5,0,2.6266,0.987439,0.976587,0,0,0,2,0,,,,1
180,0.122383,0.000678522,0.0113437,0.0229484,0.0893847,4.40949e-05,8.91294e-05,0.000347794,1,1,0.5,0,2.6266,0.987437,0.976578,0,0,0,2,0,,,,1
181,0.123061,0.000678512,0.0113224,0.0228615,0.0888941,4.40131e-05,8.87949e-05,0.000345895,1,1,0.5,0,2.6266,0.987435,0.97657,0,0,0,2,0,,,,1
182,0.12374,0.000678502,0.0113011,0.0227752,0.0884046,4.39319e-05,8.8463e-05,0.000344001,1,1,0.5,0,2.6266,0.987433,0.976562,0,0,0,2,0,,,,1
183,0.124418,0.000678493,0.0112801,0.0226896,0.0879204,4.38511e-05,8.81336e-05,0.000342128,1,1,0.5,0,2.6266,0.987431,0.976555,0,0,0,2,0,,,,1
184,0.125097,0.000678483,0.0112591,0.0226046,0.0874433,4.37709e-05,8.78067e-05,0.000340281,1,1,0.5,0,2.6266,0.987431,0.976549,0,0,0,2,0,,,,1
185,0.125775,0.000678474,0.0112383,0.0225203,0.0869715,4.36911e-05,8.74823e-05,0.000338455,1,1,0.5,0,2.6266,0.987432,0.976543,0,0,0,2,0,,,,1
186,0.126454,0.000678465,0.0112176,0.0224367,0.0865038,4.36118e-05,8.71604e-05,0.000336645,1,1,0.5,0,2.6266,0.987432,0.976538,0,0,0,2,0,,,,1
187,0.127132,0.000678456,0.011197,0.0223536,0.086041,4.35331e-05,8.68408e-05,0.000334853,1,1,0.5,0,2.6266,0.987432,0.976534,0,0,0,2,0,,,,1
188,0.12781,0.000678446,0.0111765,0.0222712,0.0855834,4.34547e-05,8.65236e-05,0.000333082,1,1,0.5,0,2.6266,0.987432,0.976531,0,0,0,2,0,,,,1
189,0.128489,0.000678437,0.0111562,0.0221895,0.0851302,4.33769e-05,8.62088e-05,0.000331327,1,1,0.5,0,2.6266,0.987434,0.976528,0,0,0,2,0,,,,1
190,0.129167,0.000678428,0.011136,0.0221083,0.0846809,4.32995e-05,8.58963e-05,0.000329587,1,1,0.5,0,2.6266,0.987435,0.976527,0,0,0,2,0,,,,1
191,0.129846,0.000678419,0.0111159,0.0220277,0.0842361,4.32226e-05,8.55862e-05,0.000327864,1,1,0.5,0,2.6266,0.987439,0.976526,0,0,0,2,0,,,,1
192,0.130524,0.000678411,0.011096,0.0219478,0.0837958,4.31461e-05,8.52783e-05,0.000326159,1,1,0.5,0,2.6266,0.987442,0.976523,0,0,0,2,0,,,,1
193,0.131203,0.000678402,0.0110761,0.0218684,0.0833585,4.30701e-05,8.49726e-05,0.000324465,1,1,0.5,0,2.6266,0.987444,0.976517,0,0,0,2,0,,,,1
194,0.131881,0.000678394,0.0110564,0.0217896,0.0829235,4.29945e-05,8.46692e-05,0.00032278,1,1,0.5,0,2.6266,0.987446,0.976513,0,0,0,2,0,,,,1
195,0.132559,0.000678386,0.0110368,0.0217114,0.0824878,4.29193e-05,8.4368e-05,0.000321092,1,1,0.5,0,2.6266,0.987449,0.97651,0,0,0,2,0,,,,1
196,0.133238,0.000678377,0.0110173,0.0216338,0.0820668,4.28446e-05,8.4069e-05,0.000319461,1,1,0.5,0,2.6266,0.987451,0.976508,0,0,0,2,0,,,,1
197,0.133916,0.000678369,0.0109979,0.0215567,0.0816408,4.27703e-05,8.37721e-05,0.00031781,1,1,0.5,0,2.6266,0.987454,0.976507,0,0,0,2,0,,,,1
198,0.134594,0.000678361,0.0109786,0.0214802,0.0812002,4.26964e-05,8.34774e-05,0.000316103,1,1,0.5,0,2.6266,0.987459,0.976506,0,0,0,2,0,,,,1
199,0.135273,0.000678353,0.0109594,0.0214043,0.0807753,4.26229e-05,8.31847e-05,0.000314456,1,1,0.5,0,2.6266,0.987461,0.976506,0,0,0,2,0,,,,1
200,0.135951,0.000678345,0.0109404,0.0213289,0.0803764,4.25498e-05,8.28942e-05,0.00031291,1,1,0.5,0,2.6266,0.987464,0.976506,0,0,0,2,0,,,,1
201,0.136629,0.000678337,0.0109214,0.021254,0.0799773,4.24772e-05,8.26057e-05,0.000311363,1,1,0.5,0,2.6266,0.987467,0.976507,0,0,0,2,0,,,,1
202,0.137308,0.00067833,0.0109026,0.0211797,0.0795663,4.24049e-05,8.23192e-05,0.00030977,1,1,0.5,0,2.6266,0.987471,0.976508,0,0,0,2,0,,,,1
203,0.137986,0.000678322,0.0108839,0.0211059,0.0791642,4.2333e-05,8.20348e-05,0.000308235,1,1,0.5,0,2.6266,0.987475,0.976508,0,0,0,2,0,,,,1
204,0.138664,0.000678315,0.0108652,0.0210326,0.0787703,4.22616e-05,8.17523e-05,0.000306805,1,1,0.5,0,2.6266,0.987482,0.976509,0,0,0,2,0,,,,1
205,0.139343,0.000678307,0.0108467,0.0209598,0.0783862,4.21905e-05,8.14718e-05,0.000305379,1,1,0.5,0,2.6266,0.987489,0.976511,0,0,0,2,0,,,,1
206,0.140021,0.0006783,0.0108283,0.0208876,0.0780195,4.21198e-05,8.11933e-05,0.000303957,1,1,0.5,0,2.6266,0.987494,0.976513,0,0,0,2,0,,,,1
207,0.140699,0.000678292,0.0108099,0.0208158,0.0776602,4.20495e-05,8.09167e-05,0.000302564,1,1,0.5,0,2.6266,0.987499,0.976516,0,0,0,2,0,,,,1
208,0.141378,0.000678285,0.0107917,0.0207446,0.0772972,4.19795e-05,8.0642e-05,0.000301156,1,1,0.5,0,2.6266,0.987503,0.976519,0,0,0,2,0,,,,1
209,0.142056,0.000678278,0.0107736,0.0206738,0.0769244,4.19099e-05,8.03692e-05,0.00029971,1,1,0.5,0,2.6266,0.987508,0.976522,0,0,0,2,0,,,,1
210,0.142734,0.000678271,0.0107555,0.0206036,0.0765625,4.18407e-05,8.00983e-05,0.000298306,1,1,0.5,0,2.6266,0.987513,0.976521,0,0,0,2,0,,,,1
211,0.143412,0.000678265,0.0107376,0.0205338,0.0761979,4.17718e-05,7.98292e-05,0.000296892,1,1,0.5,0,2.6266,0.987519,0.976522,0,0,0,2,0,,,,1
212,0.144091,0.000678258,0.0107197,0.0204645,0.0758396,4.17033e-05,7.95619e-05,0.000295502,1,1,0.5,0,2.6266,0.987524,0.976524,0,0,0,2,0,,,,1
213,0.144769,0.000678252,0.0107019,0.0203957,0.0754835,4.16351e-05,7.92965e-05,0.000294121,1,1,0.5,0,2.6266,0.987529,0.976526,0,0,0,2,0,,,,1
214,0.145447,0.000678246,0.0106843,0.0203274,0.0751298,4.15672e-05,7.90328e-05,0.000292748,1,1,0.5,0,2.6266,0.987534,0.976529,0,0,0,2,0,,,,1
215,0.146125,0.00067824,0.0106667,0.0202595,0.0747861,4.14997e-05,7.87709e-05,0.000291415,1,1,0.5,0,2.6266,0.987538,0.976533,0,0,0,2,0,,,,1
216,0.146804,0.000678234,0.0106492,0.020192,0.0744323,4.14325e-05,7.85108e-05,0.000290042,1,1,0.5,0,2.6266,0.987543,0.976537,0,0,0,2,0,,,,1
217,0.147482,0.000678228,0.0106318,0.0201251,0.0740807,4.13657e-05,7.82524e-05,0.000288677,1,1,0.5,0,2.6266,0.98755,0.976542,0,0,0,2,0,,,,1
218,0.14816,0.000678222,0.0106145,0.0200586,0.0737364,4.12992e-05,7.79957e-05,0.000287341,1,1,0.5,0,2.6266,0.987558,0.976547,0,0,0,2,0,,,,1
219,0.148838,0.000678216,0.0105972,0.0199925,0.073391,4.12331e-05,7.77408e-05,0.000286,1,1,0.5,0,2.6266,0.987563,0.976553,0,0,0,2,0,,,,1
220,0.149517,0.00067821,0.0105801,0.0199268,0.0730481,4.11672e-05,7.74875e-05,0.000284669,1,1,0.5,0,2.6266,0.987568,0.976559,0,0,0,2,0,,,,1
221,0.150195,0.000678205,0.010563,0.0198616,0.072713,4.11017e-05,7.72359e-05,0.000283369,1,1,0.5,0,2.6266,0.987573,0.976565,0,0,0,2,0,,,,1
222,0.150873,0.000678199,0.010546,0.0197969,0.0723797,4.10364e-05,7.69859e-05,0.000282074,1,1,0.5,0,2.6266,0.987578,0.976572,0,0,0,2,0,,,,1
223,0.151551,0.000678193,0.0105291,0.0197325,0.0720467,4.09715e-05,7.67376e-05,0.000280782,1,1,0.5,0,2.6266,0.987583,0.97658,0,0,0,2,0,,,,1
224,0.152229,0.000678187,0.0105123,0.0196686,0.0717139,4.09069e-05,7.64909e-05,0.00027949,1,1,0.5,0,2.6266,0.987589,0.976588,0,0,0,2,0,,,,1
225,0.152907,0.000678181,0.0104956,0.0196051,0.071383,4.08425e-05,7.62457e-05,0.000278204,1,1,0.5,0,2.6266,0.987596,0.976595,0,0,0,2,0,,,,1
226,0.153586,0.000678175,0.0104789,0.0195421,0.0710548,4.07785e-05,7.60022e-05,0.00027693,1,1,0.5,0,2.6266,0.987601,0.976604,0,0,0,2,0,,,,1
227,0.154264,0.000678169,0.0104623,0.0194794,0.0707298,4.07147e-05,7.57603e-05,0.000275668,1,1,0.5,0,2.6266,0.987605,0.976607,0,0,0,2,0,,,,1
228,0.154942,0.000678164,0.0104458,0.0194171,0.0704091,4.06513e-05,7.55198e-05,0.000274422,1,1,0.5,0,2.6266,0.98761,0.976612,0,0,0,2,0,,,,1
229,0.15562,0.000678158,0.0104294,0.0193553,0.0700949,4.05881e-05,7.5281e-05,0.000273202,1,1,0.5,0,2.6266,0.987615,0.976617,0,0,0,2,0,,,,1
230,0.156298,0.000678154,0.010413,0.0192938,0.0697883,4.05252e-05,7.50436e-05,0.000272011,1,1,0.5,0,2.6266,0.987621,0.976623,0,0,0,2,0,,,,1
231,0.156976,0.000678149,0.0103967,0.0192327,0.0694875,4.04626e-05,7.48078e-05,0.000270843,1,1,0.5,0,2.6266,0.987629,0.97663,0,0,0,2,0,,,,1
232,0.157655,0.000678145,0.0103805,0.0191721,0.0691869,4.04003e-05,7.45734e-05,0.000269675,1,1,0.5,0,2.6266,0.987634,0.976637,0,0,0,2,0,,,,1
233,0.158333,0.000678141,0.0103644,0.0191118,0.0688793,4.03382e-05,7.43406e-05,0.000268485,1,1,0.5,0,2.6266,0.987639,0.976644,0,0,0,2,0,,,,1
234,0.159011,0.000678137,0.0103483,0.0190519,0.0685658,4.02764e-05,7.41092e-05,0.000267342,1,1,0.5,0,2.6266,0.987644,0.976652,0,0,0,2,0,,,,1
235,0.159689,0.000678133,0.0103323,0.0189923,0.0682636,4.02149e-05,7.38792e-05,0.000266191,1,1,0.5,0,2.6266,0.987648,0.97666,0,0,0,2,0,,,,1
236,0.160367,0.000678129,0.0103164,0.0189332,0.0679681,4.01536e-05,7.36507e-05,0.000265043,1,1,0.5,0,2.6266,0.987652,0.976669,0,0,0,2,0,,,,1
237,0.161045,0.000678125,0.0103005,0.0188744,0.0676744,4.00926e-05,7.34236e-05,0.000263902,1,1,0.5,0,2.6266,0.987657,0.976678,0,0,0,2,0,,,,1
238,0.161723,0.000678121,0.0102847,0.018816,0.0673804,4.00318e-05,7.3198e-05,0.000262759,1,1,0.5,0,2.6266,0.987663,0.976688,0,0,0,2,0,,,,1
239,0.162401,0.000678117,0.010269,0.018758,0.067087,3.99713e-05,7.29737e-05,0.00026161,1,1,0.5,0,2.6266,0.987668,0.976698,0,0,0,2,0,,,,1
240,0.16308,0.000678113,0.0102533,0.0187003,0.0668097,3.9911e-05,7.27508e-05,0.000260459,1,1,0.5,0,2.6266,0.987673,0.976709,0,0,0,2,0,,,,1
241,0.163758,0.000678109,0.0102377,0.0186429,0.0665285,3.98509e-05,7.25293e-05,0.000259345,1,1,0.5,0,2.6266,0.987677,0.97672,0,0,0,2,0,,,,1
242,0.164436,0.000678104,0.0102222,0.018586,0.0662396,3.97911e-05,7.23091e-05,0.000258222,1,1,0.5,0,2.6266,0.987681,0.976731,0,0,0,2,0,,,,1
243,0.165114,0.0006781,0.0102067,0.0185293,0.0659429,3.97315e-05,7.20903e-05,0.000257084,1,1,0.5,0,2.6266,0.987686,0.976742,0,0,0,2,0,,,,1
244,0.165792,0.000678096,0.0101912,0.0184731,0.0656546,3.96721e-05,7.18728e-05,0.000256001,1,1,0.5,0,2.6266,0.987691,0.976749,0,0,0,2,0,,,,1
245,0.16647,0.000678091,0.0101759,0.0184171,0.0653868,3.96129e-05,7.16566e-05,0.00025496,1,1,0.5,0,2.6266,0.987697,0.976758,0,0,0,2,0,,,,1
246,0.167148,0.000678087,0.0101606,0.0183616,0.0651192,3.9554e-05,7.14417e-05,0.00025392,1,1,0.5,0,2.6266,0.987701,0.976767,0,0,0,2,0,,,,1
247,0.167826,0.000678083,0.0101453,0.0183063,0.0648535,3.94953e-05,7.12281e-05,0.000252887,1,1,0.5,0,2.6266,0.987705,0.976777,0,0,0,2,0,,,,1
248,0.168504,0.00067808,0.0101301,0.0182514,0.0646036,3.94368e-05,7.10158e-05,0.000251912,1,1,0.5,0,2.6266,0.987708,0.976788,0,0,0,2,0,,,,1
249,0.169182,0.000678076,0.010115,0.0181968,0.0643605,3.93786e-05,7.08048e-05,0.000250966,1,1,0.5,0,2.6266,0.987711,0.976799,0,0,0,2,0,,,,1
250,0.169861,0.000678072,0.0100999,0.0181426,0.0640972,3.93205e-05,7.05951e-05,0.000249942,1,1,0.5,0,2.6266,0.987714,0.97681,0,0,0,2,0,,,,1
251,0.170539,0.000678069,0.0100849,0.0180886,0.063815,3.92627e-05,7.03866e-05,0.000248889,1,1,0.5,0,2.6266,0.987719,0.976822,0,0,0,2,0,,,,1
252,0.171217,0.000678065,0.0100699,0.018035,0.0635763,3.9205e-05,7.01793e-05,0.000247968,1,1,0.5,0,2.6266,0.987724,0.976834,0,0,0,2,0,,,,1
253,0.171895,0.000678062,0.010055,0.0179817,0.0633344,3.91476e-05,6.99732e-05,0.000247027,1,1,0.5,0,2.6266,0.987728,0.976845,0,0,0,2,0,,,,1
254,0.172573,0.00067806,0.0100402,0.0179288,0.0630865,3.90903e-05,6.97684e-05,0.000246063,1,1,0.5,0,2.6266,0.987732,0.976857,0,0,0,2,0,,,,1
255,0.173251,0.000678057,0.0100253,0.0178761,0.0628279,3.90332e-05,6.95647e-05,0.000245057,1,1,0.5,0,2.6266,0.987734,0.976869,0,0,0,2,0,,,,1
256,0.173929,0.000678054,0.0100106,0.0178238,0.0625577,3.89764e-05,6.93623e-05,0.000244006,1,1,0.5,0,2.6266,0.987737,0.976881,0,0,0,2,0,,,,1
257,0.174607,0.000678052,0.00999586,0.0177717,0.0622814,3.89196e-05,6.9161e-05,0.00024293,1,1,0.5,0,2.6266,0.987739,0.976894,0,0,0,2,0,,,,1
258,0.175285,0.00067805,0.00998117,0.01772,0.0620244,3.88631e-05,6.89609e-05,0.000241883,1,1,0.5,0,2.6266,0.987743,0.976907,0,0,0,2,0,,,,1
259,0.175963,0.000678047,0.00996656,0.0176686,0.061767,3.88068e-05,6.8762e-05,0.00024093,1,1,0.5,0,2.6266,0.987748,0.97692,0,0,0,2,0,,,,1
260,0.176641,0.000678045,0.00995201,0.0176174,0.0615365,3.87507e-05,6.85642e-05,0.000240038,1,1,0.5,0,2.6266,0.98775,0.976932,0,0,0,2,0,,,,1
261,0.177319,0.000678042,0.00993751,0.0175666,0.0613107,3.86948e-05,6.83676e-05,0.000239188,1,1,0.5,0,2.6266,0.987752,0.976942,0,0,0,2,0,,,,1
262,0.177997,0.00067804,0.00992305,0.0175161,0.0610782,3.86391e-05,6.81721e-05,0.000238278,1,1,0.5,0,2.6266,0.987754,0.976952,0,0,0,2,0,,,,1
263,0.178675,0.000678037,0.00990866,0.0174658,0.0608309,3.85836e-05,6.79777e-05,0.000237316,1,1,0.5,0,2.6266,0.987756,0.976964,0,0,0,2,0,,,,1
264,0.179353,0.000678035,0.00989429,0.0174158,0.0605807,3.85282e-05,6.77844e-05,0.000236314,1,1,0.5,0,2.6266,0.987759,0.976976,0,0,0,2,0,,,,1
265,0.180031,0.000678033,0.00987995,0.0173662,0.0603782,3.84729e-05,6.75922e-05,0.000235523,1,1,0.5,0,2.6266,0.987763,0.976989,0,0,0,2,0,,,,1
266,0.180709,0.000678031,0.00986567,0.0173168,0.0601503,3.84178e-05,6.74011e-05,0.000234636,1,1,0.5,0,2.6266,0.987766,0.977002,0,0,0,2,0,,,,1
267,0.181387,0.000678029,0.00985141,0.0172677,0.0598989,3.83628e-05,6.72111e-05,0.000233704,1,1,0.5,0,2.6266,0.987768,0.977016,0,0,0,2,0,,,,1
268,0.182065,0.000678026,0.00983719,0.0172189,0.0596783,3.8308e-05,6.70221e-05,0.000232789,1,1,0.5,0,2.6266,0.987769,0.97703,0,0,0,2,0,,,,1
269,0.182743,0.000678024,0.00982302,0.0171703,0.0594584,3.82533e-05,6.68343e-05,0.000231896,1,1,0.5,0,2.6266,0.98777,0.977044,0,0,0,2,0,,,,1
270,0.183421,0.000678022,0.00980889,0.017122,0.0592069,3.81988e-05,6.66474e-05,0.000230974,1,1,0.5,0,2.6266,0.987771,0.977058,0,0,0,2,0,,,,1
271,0.184099,0.000678019,0.00979481,0.017074,0.0589719,3.81445e-05,6.64616e-05,0.000230067,1,1,0.5,0,2.6266,0.987772,0.977073,0,0,0,2,0,,,,1
272,0.184777,0.000678017,0.00978076,0.0170263,0.0587661,3.80903e-05,6.62769e-05,0.000229249,1,1,0.5,0,2.6266,0.987775,0.977088,0,0,0,2,0,,,,1
273,0.185455,0.000678015,0.00976676,0.0169788,0.0585558,3.80363e-05,6.60932e-05,0.00022843,1,1,0.5,0,2.6266,0.987778,0.977103,0,0,0,2,0,,,,1
274,0.186133,0.000678013,0.00975278,0.0169316,0.0583236,3.79824e-05,6.59105e-05,0.000227523,1,1,0.5,0,2.6266,0.987779,0.977119,0,0,0,2,0,,,,1
275,0.186811,0.000678011,0.00973885,0.0168847,0.0580858,3.79286e-05,6.57288e-05,0.000226617,1,1,0.5,0,2.6266,0.98778,0.977135,0,0,0,2,0,,,,1
276,0.187489,0.00067801,0.00972497,0.016838,0.0579022,3.78751e-05,6.5548e-05,0.000225929,1,1,0.5,0,2.6266,0.987781,0.977151,0,0,0,2,0,,,,1
277,0.188167,0.000678008,0.00971112,0.0167916,0.0576986,3.78216e-05,6.53683e-05,0.000225136,1,1,0.5,0,2.6266,0.987781,0.977164,0,0,0,2,0,,,,1
278,0.188845,0.000678006,0.00969731,0.0167454,0.0574723,3.77683e-05,6.51896e-05,0.000224254,1,1,0.5,0,2.6266,0.987781,0.977176,0,0,0,2,0,,,,1
279,0.189523,0.000678005,0.00968355,0.0166995,0.0572462,3.77152e-05,6.50118e-05,0.000223352,1,1,0.5,0,2.6266,0.987784,0.977188,0,0,0,2,0,,,,1
280,0.190201,0.000678003,0.0096698,0.0166538,0.0570388,3.76621e-05,6.48351e-05,0.000222521,1,1,0.5,0,2.6266,0.987785,0.977202,0,0,0,2,0,,,,1
281,0.190879,0.000678002,0.00965609,0.0166084,0.0568263,3.76092e-05,6.46592e-05,0.000221715,1,1,0.5,0,2.6266,0.987785,0.977215,0,0,0,2,0,,,,1
282,0.191557,0.000678001,0.00964242,0.0165632,0.0566251,3.75564e-05,6.44843e-05,0.000220953,1,1,0.5,0,2.6266,0.987785,0.977229,0,0,0,2,0,,,,1
283,0.192235,0.000678,0.00962876,0.0165183,0.0564303,3.75037e-05,6.43104e-05,0.000220194,1,1,0.5,0,2.6266,0.987785,0.977244,0,0,0,2,0,,,,1
284,0.192913,0.000677999,0.00961515,0.0164736,0.0562317,3.74511e-05,6.41374e-05,0.00021942,1,1,0.5,0,2.6266,0.987785,0.977259,0,0,0,2,0,,,,1
285,0.193591,0.000677998,0.00960157,0.0164292,0.0560285,3.73987e-05,6.39653e-05,0.000218628,1,1,0.5,0,2.6266,0.987787,0.977274,0,0,0,2,0,,,,1
286,0.194269,0.000677998,0.009588,0.016385,0.0558171,3.73463e-05,6.37941e-05,0.000217804,1,1,0.5,0,2.6266,0.987788,0.977289,0,0,0,2,0,,,,1
287,0.194947,0.000677997,0.00957448,0.0163411,0.0556073,3.7294e-05,6.36239e-05,0.000216991,1,1,0.5,0,2.6266,0.98779,0.977305,0,0,0,2,0,,,,1
288,0.195625,0.000677997,0.00956099,0.0162973,0.0554144,3.72419e-05,6.34545e-05,0.000216278,1,1,0.5,0,2.6266,0.987789,0.977321,0,0,0,2,0,,,,1
289,0.196303,0.000677996,0.00954753,0.0162538,0.0552047,3.71899e-05,6.32861e-05,0.00021546,1,1,0.5,0,2.6266,0.987788,0.977337,0,0,0,2,0,,,,1
290,0.196981,0.000677995,0.0095341,0.0162106,0.0550104,3.71381e-05,6.31185e-05,0.000214659,1,1,0.5,0,2.6266,0.987787,0.977354,0,0,0,2,0,,,,1
291,0.197659,0.000677994,0.00952068,0.0161675,0.0548335,3.70862e-05,6.29518e-05,0.000213969,1,1,0.5,0,2.6266,0.987786,0.977371,0,0,0,2,0,,,,1
292,0.198337,0.000677993,0.0095073,0.0161247,0.0546319,3.70345e-05,6.2786e-05,0.000213184,1,1,0.5,0,2.6266,0.987785,0.977388,0,0,0,2,0,,,,1
293,0.199015,0.000677992,0.00949393,0.0160822,0.0544228,3.69829e-05,6.26211e-05,0.000212368,1,1,0.5,0,2.6266,0.987787,0.977405,0,0,0,2,0,,,,1
294,0.199693,0.000677991,0.00948059,0.0160398,0.054252,3.69313e-05,6.2457e-05,0.000211745,1,1,0.5,0,2.6266,0.987787,0.977418,0,0,0,2,0,,,,1
295,0.200371,0.000677989,0.00946729,0.0159977,0.0540563,3.68799e-05,6.22938e-05,0.000210982,1,1,0.5,0,2.6266,0.987786,0.977433,0,0,0,2,0,,,,1
296,0.201049,0.000677988,0.00945403,0.0159557,0.0538537,3.68287e-05,6.21314e-05,0.000210192,1,1,0.5,0,2.6266,0.987784,0.977448,0,0,0,2,0,,,,1
297,0.201727,0.000677987,0.00944078,0.015914,0.0536618,3.67775e-05,6.19698e-05,0.000209443,1,1,0.5,0,2.6266,0.987783,0.977463,0,0,0,2,0,,,,1
298,0.202405,0.000677987,0.00942755,0.0158726,0.0534708,3.67263e-05,6.18091e-05,0.000208694,1,1,0.5,0,2.6266,0.98778,0.977479,0,0,0,2,0,,,,1
299,0.203083,0.000677986,0.00941435,0.0158313,0.0532794,3.66753e-05,6.16492e-05,0.000207969,1,1,0.5,0,2.6266,0.987779,0.977496,0,0,0,2,0,,,,1
300,0.203761,0.000677986,0.00940117,0.0157902,0.053099,3.66243e-05,6.14902e-05,0.000207248,1,1,0.5,0,2.6266,0.987781,0.977512,0,0,0,2,0,,,,1
301,0.204439,0.000677986,0.00938803,0.0157494,0.0529189,3.65735e-05,6.13319e-05,0.000206545,1,1,0.5,0,2.6266,0.987779,0.977529,0,0,0,2,0,,,,1
302,0.205117,0.000677986,0.00937489,0.0157088,0.0527481,3.65228e-05,6.11745e-05,0.00020588,1,1,0.5,0,2.6266,0.987777,0.977546,0,0,0,2,0,,,,1
303,0.205795,0.000677986,0.00936178,0.0156683,0.0525842,3.6472e-05,6.10178e-05,0.00020524,1,1,0.5,0,2.6266,0.987775,0.977563,0,0,0,2,0,,,,1
304,0.206473,0.000677986,0.0093487,0.0156281,0.0523953,3.64215e-05,6.0862e-05,0.000204503,1,1,0.5,0,2.6266,0.987773,0.977581,0,0,0,2,0,,,,1
305,0.207151,0.000677986,0.00933562,0.0155881,0.0522023,3.63709e-05,6.07069e-05,0.000203766,1,1,0.5,0,2.6266,0.987771,0.977598,0,0,0,2,0,,,,1
306,0.207829,0.000677986,0.00932257,0.0155483,0.0520413,3.63204e-05,6.05526e-05,0.000203163,1,1,0.5,0,2.6266,0.98777,0.977615,0,0,0,2,0,,,,1
307,0.208507,0.000677987,0.00930956,0.0155087,0.0518644,3.62701e-05,6.03991e-05,0.000202472,1,1,0.5,0,2.6266,0.987771,0.977633,0,0,0,2,0,,,,1
308,0.209185,0.000677987,0.00929655,0.0154693,0.0516774,3.62198e-05,6.02463e-05,0.000201743,1,1,0.5,0,2.6266,0.987769,0.97765,0,0,0,2,0,,,,1
309,0.209863,0.000677988,0.00928357,0.0154301,0.0515064,3.61695e-05,6.00944e-05,0.000201035,1,1,0.5,0,2.6266,0.987767,0.977668,0,0,0,2,0,,,,1
310,0.210541,0.000677988,0.0092706,0.0153911,0.0513373,3.61194e-05,5.99431e-05,0.000200375,1,1,0.5,0,2.6266,0.987764,0.977684,0,0,0,2,0,,,,1
311,0.211219,0.000677988,0.00925765,0.0153522,0.0511621,3.60693e-05,5.97927e-05,0.000199691,1,1,0.5,0,2.6266,0.987761,0.977698,0,0,0,2,0,,,,1
312,0.211897,0.000677988,0.00924474,0.0153136,0.0509858,3.60193e-05,5.96429e-05,0.000199043,1,1,0.5,0,2.6266,0.987758,0.977713,0,0,0,2,0,,,,1
313,0.212575,0.000677988,0.00923185,0.0152752,0.0508205,3.59694e-05,5.94939e-05,0.000198398,1,1,0.5,0,2.6266,0.987758,0.977729,0,0,0,2,0,,,,1
314,0.213253,0.000677988,0.00921897,0.0152369,0.0506516,3.59196e-05,5.93457e-05,0.000197738,1,1,0.5,0,2.6266,0.987757,0.977745,0,0,0,2,0,,,,1
315,0.213931,0.000677987,0.00920613,0.0151989,0.0504775,3.58699e-05,5.91981e-05,0.000197059,1,1,0.5,0,2.6266,0.987754,0.977762,0,0,0,2,0,,,,1
316,0.214609,0.000677987,0.0091933,0.015161,0.0503084,3.58203e-05,5.90513e-05,0.000196393,1,1,0.5,0,2.6266,0.987752,0.977779,0,0,0,2,0,,,,1
317,0.215287,0.000677987,0.0091805,0.0151233,0.0501447,3.57707e-05,5.89052e-05,0.000195759,1,1,0.5,0,2.6266,0.987749,0.977796,0,0,0,2,0,,,,1
318,0.215965,0.000677987,0.00916772,0.0150858,0.0499885,3.57213e-05,5.87598e-05,0.00019515,1,1,0.5,0,2.6266,0.987746,0.977813,0,0,0,2,0,,,,1
319,0.216643,0.000677988,0.00915493,0.0150485,0.0498306,3.56718e-05,5.86151e-05,0.000194537,1,1,0.5,0,2.6266,0.987742,0.977831,0,0,0,2,0,,,,1
320,0.217321,0.000677988,0.00914219,0.0150114,0.0496668,3.56224e-05,5.84712e-05,0.000193893,1,1,0.5,0,2.6266,0.987741,0.977849,0,0,0,2,0,,,,1
321,0.217999,0.000677989,0.00912949,0.0149744,0.0495018,3.55733e-05,5.83279e-05,0.000193249,1,1,0.5,0,2.6266,0.98774,0.977867,0,0,0,2,0,,,,1
322,0.218677,0.00067799,0.00911677,0.0149376,0.0493389,3.5524e-05,5.81853e-05,0.000192613,1,1,0.5,0,2.6266,0.987737,0.977886,0,0,0,2,0,,,,1
323,0.219355,0.00067799,0.00910408,0.014901,0.0491787,3.54749e-05,5.80434e-05,0.000191987,1,1,0.5,0,2.6266,0.987733,0.977905,0,0,0,2,0,,,,1
324,0.220033,0.000677991,0.00909143,0.0148646,0.0490192,3.54259e-05,5.79021e-05,0.000191364,1,1,0.5,0,2.6266,0.98773,0.977924,0,0,0,2,0,,,,1
325,0.220711,0.000677992,0.00907878,0.0148284,0.0488606,3.53769e-05,5.77616e-05,0.000190745,1,1,0.5,0,2.6266,0.987726,0.977943,0,0,0,2,0,,,,1
326,0.221389,0.000677993,0.00906615,0.0147923,0.0487038,3.5328e-05,5.76217e-05,0.000190142,1,1,0.5,0,2.6266,0.987724,0.977961,0,0,0,2,0,,,,1
327,0.222067,0.000677994,0.00905355,0.0147564,0.0485486,3.52792e-05,5.74824e-05,0.000189534,1,1,0.5,0,2.6266,0.987722,0.977976,0,0,0,2,0,,,,1
328,0.222745,0.000677995,0.00904094,0.0147206,0.0483936,3.52304e-05,5.73439e-05,0.000188921,1,1,0.5,0,2.6266,0.98772,0.977992,0,0,0,2,0,,,,1
329,0.223423,0.000677996,0.00902836,0.0146851,0.0482383,3.51816e-05,5.72059e-05,0.000188314,1,1,0.5,0,2.6266,0.987717,0.978009,0,0,0,2,0,,,,1
330,0.224101,0.000677997,0.00901579,0.0146497,0.0480838,3.5133e-05,5.70687e-05,0.000187729,1,1,0.5,0,2.6266,0.987713,0.978026,0,0,0,2,0,,,,1
331,0.224779,0.000677998,0.00900325,0.0146145,0.0479308,3.50844e-05,5.6932e-05,0.000187149,1,1,0.5,0,2.6266,0.987709,0.978044,0,0,0,2,0,,,,1
332,0.225457,0.000677998,0.00899073,0.0145794,0.0477839,3.50359e-05,5.67961e-05,0.000186577,1,1,0.5,0,2.6266,0.987705,0.978061,0,0,0,2,0,,,,1
333,0.226135,0.000677999,0.00897824,0.0145445,0.0476316,3.49875e-05,5.66607e-05,0.000185982,1,1,0.5,0,2.6266,0.987702,0.978079,0,0,0,2,0,,,,1
334,0.226813,0.000678,0.00896576,0.0145098,0.0474773,3.49391e-05,5.6526e-05,0.000185385,1,1,0.5,0,2.6266,0.987701,0.978097,0,0,0,2,0,,,,1
335,0.227491,0.000678001,0.0089533,0.0144752,0.0473255,3.48909e-05,5.63919e-05,0.000184823,1,1,0.5,0,2.6266,0.987698,0.978115,0,0,0,2,0,,,,1
336,0.228169,0.000678002,0.00894089,0.0144408,0.0471779,3.48428e-05,5.62584e-05,0.000184245,1,1,0.5,0,2.6266,0.987694,0.978133,0,0,0,2,0,,,,1
337,0.228847,0.000678003,0.00892849,0.0144065,0.0470333,3.47948e-05,5.61255e-05,0.000183666,1,1,0.5,0,2.6266,0.98769,0.978151,0,0,0,2,0,,,,1
338,0.229525,0.000678004,0.00891613,0.0143724,0.0468883,3.47468e-05,5.59933e-05,0.000183097,1,1,0.5,0,2.6266,0.987686,0.97817,0,0,0,2,0,,,,1
339,0.230203,0.000678005,0.00890381,0.0143385,0.0467434,3.46991e-05,5.58616e-05,0.000182539,1,1,0.5,0,2.6266,0.987681,0.978188,0,0,0,2,0,,,,1
340,0.230881,0.000678006,0.00889148,0.0143047,0.046599,3.46513e-05,5.57306e-05,0.000181984,1,1,0.5,0,2.6266,0.987678,0.978207,0,0,0,2,0,,,,1
341,0.231559,0.000678007,0.00887917,0.0142711,0.0464575,3.46036e-05,5.56001e-05,0.000181431,1,1,0.5,0,2.6266,0.987677,0.978226,0,0,0,2,0,,,,1
342,0.232237,0.000678009,0.00886693,0.0142376,0.0463174,3.45562e-05,5.54703e-05,0.000180883,1,1,0.5,0,2.6266,0.987673,0.978245,0,0,0,2,0,,,,1
343,0.232915,0.00067801,0.0088547,0.0142043,0.0461783,3.45088e-05,5.5341e-05,0.000180339,1,1,0.5,0,2.6266,0.987668,0.978262,0,0,0,2,0,,,,1
344,0.233593,0.000678011,0.00884247,0.0141711,0.0460389,3.44614e-05,5.52123e-05,0.000179794,1,1,0.5,0,2.6266,0.987664,0.978277,0,0,0,2,0,,,,1
345,0.234271,0.000678013,0.00883028,0.0141381,0.0458978,3.44141e-05,5.50842e-05,0.000179243,1,1,0.5,0,2.6266,0.98766,0.978294,0,0,0,2,0,,,,1
346,0.234949,0.000678014,0.00881812,0.0141053,0.0457558,3.4367e-05,5.49567e-05,0.000178688,1,1,0.5,0,2.6266,0.987655,0.978311,0,0,0,2,0,,,,1
347,0.235627,0.000678016,0.00880598,0.0140725,0.0456146,3.43199e-05,5.48297e-05,0.000178135,1,1,0.5,0,2.6266,0.987652,0.978328,0,0,0,2,0,,,,1
348,0.236305,0.000678017,0.00879385,0.01404,0.045475,3.42729e-05,5.47033e-05,0.00017759,1,1,0.5,0,2.6266,0.987651,0.978346,0,0,0,2,0,,,,1
349,0.236983,0.000678018,0.00878175,0.0140075,0.0453369,3.4226e-05,5.45775e-05,0.000177049,1,1,0.5,0,2.6266,0.987646,0.978364,0,0,0,2,0,,,,1
350,0.237661,0.00067802,0.00876968,0.0139753,0.0451995,3.41791e-05,5.44523e-05,0.000176512,1,1,0.5,0,2.6266,0.987642,0.978382,0,0,0,2,0,,,,1
351,0.238339,0.000678021,0.0087576,0.0139431,0.0450633,3.41323e-05,5.43276e-05,0.00017598,1,1,0.5,0,2.6266,0.987637,0.9784,0,0,0,2,0,,,,1
352,0.239017,0.000678023,0.00874556,0.0139111,0.0449284,3.40856e-05,5.42034e-05,0.000175468,1,1,0.5,0,2.6266,0.987632,0.978419,0,0,0,2,0,,,,1
353,0.239695,0.000678024,0.00873356,0.0138793,0.0447944,3.40391e-05,5.40798e-05,0.000174951,1,1,0.5,0,2.6266,0.987629,0.978437,0,0,0,2,0,,,,1
354,0.240373,0.000678026,0.00872157,0.0138476,0.0446601,3.39926e-05,5.39568e-05,0.000174427,1,1,0.5,0,2.6266,0.987626,0.978456,0,0,0,2,0,,,,1
355,0.241051,0.000678027,0.00870958,0.013816,0.0445252,3.39461e-05,5.38343e-05,0.000173901,1,1,0.5,0,2.6266,0.987623,0.978476,0,0,0,2,0,,,,1
356,0.241729,0.000678029,0.00869763,0.0137846,0.0443897,3.38998e-05,5.37123e-05,0.000173378,1,1,0.5,0,2.6266,0.987618,0.978495,0,0,0,2,0,,,,1
357,0.242407,0.000678031,0.00868572,0.0137533,0.0442571,3.38536e-05,5.35909e-05,0.000172862,1,1,0.5,0,2.6266,0.987614,0.978514,0,0,0,2,0,,,,1
358,0.243085,0.000678032,0.00867382,0.0137221,0.0441271,3.38074e-05,5.347e-05,0.000172353,1,1,0.5,0,2.6266,0.987609,0.978533,0,0,0,2,0,,,,1
359,0.243763,0.000678034,0.00866193,0.0136911,0.043999,3.37613e-05,5.33496e-05,0.000171852,1,1,0.5,0,2.6266,0.987604,0.97855,0,0,0,2,0,,,,1
360,0.244441,0.000678036,0.00865007,0.0136603,0.0438726,3.37153e-05,5.32298e-05,0.000171358,1,1,0.5,0,2.6266,0.9876,0.978566,0,0,0,2,0,,,,1
361,0.24512,0.000678038,0.00863823,0.0136295,0.0437471,3.36693e-05,5.31104e-05,0.000170867,1,1,0.5,0,2.6266,0.987598,0.978582,0,0,0,2,0,,,,1
362,0.245798,0.00067804,0.00862642,0.0135989,0.0436216,3.36235e-05,5.29916e-05,0.000170376,1,1,0.5,0,2.6266,0.987593,0.9786,0,0,0,2,0,,,,1
363,0.246476,0.000678042,0.00861462,0.0135684,0.0434952,3.35777e-05,5.28733e-05,0.000169881,1,1,0.5,0,2.6266,0.987589,0.978617,0,0,0,2,0,,,,1
364,0.247154,0.000678043,0.00860283,0.0135381,0.0433679,3.3532e-05,5.27555e-05,0.000169383,1,1,0.5,0,2.6266,0.987584,0.978635,0,0,0,2,0,,,,1
365,0.247832,0.000678045,0.00859108,0.0135079,0.0432403,3.34864e-05,5.26383e-05,0.000168884,1,1,0.5,0,2.6266,0.987579,0.978652,0,0,0,2,0,,,,1
366,0.24851,0.000678047,0.00857936,0.0134778,0.0431125,3.34409e-05,5.25215e-05,0.000168384,1,1,0.5,0,2.6266,0.987574,0.97867,0,0,0,2,0,,,,1
367,0.249188,0.000678049,0.00856763,0.0134478,0.0429845,3.33954e-05,5.24052e-05,0.000167883,1,1,0.5,0,2.6266,0.98757,0.978688,0,0,0,2,0,,,,1
368,0.249866,0.000678051,0.00855592,0.013418,0.0428558,3.335e-05,5.22895e-05,0.00016738,1,1,0.5,0,2.6266,0.987568,0.978707,0,0,0,2,0,,,,1
369,0.250544,0.000678053,0.00854427,0.0133883,0.0427268,3.33048e-05,5.21742e-05,0.000166875,1,1,0.5,0,2.6266,0.987563,0.978725,0,0,0,2,0,,,,1
370,0.251222,0.000678055,0.00853262,0.0133588,0.0425985,3.32596e-05,5.20594e-05,0.000166373,1,1,0.5,0,2.6266,0.987558,0.978743,0,0,0,2,0,,,,1
371,0.2519,0.000678057,0.00852098,0.0133293,0.0424718,3.32144e-05,5.19452e-05,0.000165903,1,1,0.5,0,2.6266,0.987553,0.978761,0,0,0,2,0,,,,1
372,0.252578,0.00067806,0.00850939,0.0133,0.0423519,3.31694e-05,5.18314e-05,0.000165441,1,1,0.5,0,2.6266,0.987548,0.97878,0,0,0,2,0,,,,1
373,0.253256,0.000678062,0.00849782,0.0132708,0.0422348,3.31245e-05,5.17181e-05,0.000164983,1,1,0.5,0,2.6266,0.987544,0.978798,0,0,0,2,0,,,,1
374,0.253934,0.000678064,0.00848627,0.0132418,0.0421176,3.30797e-05,5.16052e-05,0.000164524,1,1,0.5,0,2.6266,0.987541,0.978816,0,0,0,2,0,,,,1
375,0.254612,0.000678066,0.00847473,0.0132128,0.0419996,3.30349e-05,5.14929e-05,0.000164062,1,1,0.5,0,2.6266,0.987537,0.978831,0,0,0,2,0,,,,1
376,0.25529,0.000678068,0.00846324,0.013184,0.0418807,3.29903e-05,5.1381e-05,0.000163597,1,1,0.5,0,2.6266,0.987532,0.978846,0,0,0,2,0,,,,1
377,0.255968,0.00067807,0.00845176,0.0131553,0.0417614,3.29457e-05,5.12696e-05,0.00016313,1,1,0.5,0,2.6266,0.987527,0.978861,0,0,0,2,0,,,,1
378,0.256646,0.000678072,0.00844029,0.0131268,0.0416423,3.29013e-05,5.11587e-05,0.000162663,1,1,0.5,0,2.6266,0.987522,0.978877,0,0,0,2,0,,,,1
379,0.257325,0.000678074,0.00842887,0.0130983,0.0415237,3.28569e-05,5.10482e-05,0.000162202,1,1,0.5,0,2.6266,0.987517,0.978893,0,0,0,2,0,,,,1
380,0.258003,0.000678077,0.00841747,0.01307,0.0414057,3.28127e-05,5.09382e-05,0.00016175,1,1,0.5,0,2.6266,0.987513,0.978909,0,0,0,2,0,,,,1
381,0.258681,0.000678079,0.00840608,0.0130418,0.0412879,3.27684e-05,5.08287e-05,0.000161297,1,1,0.5,0,2.6266,0.98751,0.978925,0,0,0,2,0,,,,1
382,0.259359,0.000678082,0.00839471,0.0130137,0.0411707,3.27243e-05,5.07197e-05,0.000160843,1,1,0.5,0,2.6266,0.987505,0.978941,0,0,0,2,0,,,,1
383,0.260037,0.000678084,0.00838339,0.0129857,0.0410544,3.26803e-05,5.0611e-05,0.000160391,1,1,0.5,0,2.6266,0.9875,0.978958,0,0,0,2,0,,,,1
384,0.260715,0.000678087,0.00837208,0.0129579,0.0409396,3.26365e-05,5.05029e-05,0.000159942,1,1,0.5,0,2.6266,0.987495,0.978974,0,0,0,2,0,,,,1
385,0.261393,0.000678089,0.00836081,0.0129301,0.0408265,3.25927e-05,5.03952e-05,0.000159496,1,1,0.5,0,2.6266,0.98749,0.978991,0,0,0,2,0,,,,1
386,0.262071,0.000678092,0.00834955,0.0129025,0.0407146,3.2549e-05,5.02879e-05,0.000159054,1,1,0.5,0,2.6266,0.987485,0.979008,0,0,0,2,0,,,,1
387,0.262749,0.000678095,0.00833833,0.012875,0.0406027,3.25054e-05,5.01811e-05,0.000158616,1,1,0.5,0,2.6266,0.987482,0.979024,0,0,0,2,0,,,,1
388,0.263427,0.000678098,0.00832714,0.0128476,0.0404901,3.2462e-05,5.00748e-05,0.000158182,1,1,0.5,0,2.6266,0.987479,0.979041,0,0,0,2,0,,,,1
389,0.264105,0.000678101,0.00831597,0.0128204,0.0403787,3.24186e-05,4.99689e-05,0.000157752,1,1,0.5,0,2.6266,0.987474,0.979056,0,0,0,2,0,,,,1
390,0.264784,0.000678104,0.00830483,0.0127932,0.0402673,3.23753e-05,4.98634e-05,0.000157319,1,1,0.5,0,2.6266,0.987469,0.979068,0,0,0,2,0,,,,1
391,0.265462,0.000678107,0.00829372,0.0127662,0.0401549,3.23322e-05,4.97584e-05,0.000156882,1,1,0.5,0,2.6266,0.987463,0.979081,0,0,0,2,0,,,,1
392,0.26614,0.00067811,0.00828263,0.0127392,0.0400417,3.22891e-05,4.96538e-05,0.000156443,1,1,0.5,0,2.6266,0.987458,0.979094,0,0,0,2,0,,,,1
393,0.266818,0.000678113,0.00827158,0.0127124,0.0399281,3.22462e-05,4.95496e-05,0.000156007,1,1,0.5,0,2.6266,0.987455,0.979107,0,0,0,2,0,,,,1
394,0.267496,0.000678116,0.00826056,0.0126857,0.0398155,3.22034e-05,4.94459e-05,0.000155574,1,1,0.5,0,2.6266,0.987452,0.979121,0,0,0,2,0,,,,1
395,0.268174,0.000678119,0.00824956,0.0126591,0.0397057,3.21607e-05,4.93425e-05,0.000155143,1,1,0.5,0,2.6266,0.987447,0.979134,0,0,0,2,0,,,,1
396,0.268852,0.000678122,0.00823858,0.0126326,0.0395967,3.21181e-05,4.92397e-05,0.000154716,1,1,0.5,0,2.6266,0.987442,0.979147,0,0,0,2,0,,,,1
397,0.26953,0.000678124,0.00822765,0.0126062,0.0394886,3.20756e-05,4.91372e-05,0.000154293,1,1,0.5,0,2.6266,0.987437,0.97916,0,0,0,2,0,,,,1
398,0.270208,0.000678127,0.00821679,0.0125799,0.0393818,3.20334e-05,4.90352e-05,0.000153874,1,1,0.5,0,2.6266,0.987432,0.979173,0,0,0,2,0,,,,1
399,0.270887,0.000678131,0.00820595,0.0125538,0.0392768,3.19914e-05,4.89335e-05,0.000153463,1,1,0.5,0,2.6266,0.987426,0.979186,0,0,0,2,0,,,,1
400,0.271565,0.000678134,0.00819516,0.0125277,0.0391734,3.19495e-05,4.88323e-05,0.000153058,1,1,0.5,0,2.6266,0.987424,0.9792,0,0,0,2,0,,,,1
401,0.272243,0.000678137,0.00818444,0.0125018,0.0390712,3.19078e-05,4.87315e-05,0.000152657,1,1,0.5,0,2.6266,0.98742,0.979213,0,0,0,2,0,,,,1
402,0.272921,0.000678141,0.00817376,0.0124759,0.0389694,3.18663e-05,4.86311e-05,0.000152258,1,1,0.5,0,2.6266,0.987414,0.979225,0,0,0,2,0,,,,1
403,0.273599,0.000678145,0.00816311,0.0124502,0.0388671,3.1825e-05,4.85311e-05,0.000151857,1,1,0.5,0,2.6266,0.987409,0.979232,0,0,0,2,0,,,,1
404,0.274277,0.000678149,0.00815251,0.0124246,0.0387637,3.17838e-05,4.84316e-05,0.000151453,1,1,0.5,0,2.6266,0.987404,0.979239,0,0,0,2,0,,,,1
405,0.274955,0.000678153,0.00814196,0.012399,0.0386592,3.17428e-05,4.83324e-05,0.000151043,1,1,0.5,0,2.6266,0.9874,0.979247,0,0,0,2,0,,,,1
406,0.275634,0.000678157,0.00813146,0.0123736,0.0385539,3.1702e-05,4.82336e-05,0.000150631,1,1,0.5,0,2.6266,0.987395,0.979255,0,0,0,2,0,,,,1
407,0.276312,0.000678161,0.00812098,0.0123483,0.0384484,3.16613e-05,4.81352e-05,0.000150217,1,1,0.5,0,2.6266,0.987393,0.979263,0,0,0,2,0,,,,1
408,0.27699,0.000678166,0.00811054,0.012323,0.038343,3.16208e-05,4.80372e-05,0.000149804,1,1,0.5,0,2.6266,0.987388,0.97927,0,0,0,2,0,,,,1
409,0.277668,0.00067817,0.00810013,0.0122979,0.0382379,3.15803e-05,4.79396e-05,0.000149403,1,1,0.5,0,2.6266,0.987383,0.979277,0,0,0,2,0,,,,1
410,0.278346,0.000678175,0.00808976,0.0122729,0.0381333,3.15401e-05,4.78424e-05,0.000149007,1,1,0.5,0,2.6266,0.987377,0.979284,0,0,0,2,0,,,,1
411,0.279024,0.000678179,0.00807944,0.012248,0.0380313,3.15e-05,4.77456e-05,0.000148613,1,1,0.5,0,2.6266,0.987372,0.979291,0,0,0,2,0,,,,1
412,0.279703,0.000678184,0.00806917,0.0122231,0.0379316,3.14601e-05,4.76491e-05,0.000148222,1,1,0.5,0,2.6266,0.987368,0.979298,0,0,0,2,0,,,,1
413,0.280381,0.000678188,0.00805894,0.0121984,0.0378333,3.14203e-05,4.75531e-05,0.000147836,1,1,0.5,0,2.6266,0.987365,0.979305,0,0,0,2,0,,,,1
414,0.281059,0.000678193,0.00804874,0.0121738,0.0377365,3.13807e-05,4.74574e-05,0.000147457,1,1,0.5,0,2.6266,0.98736,0.979309,0,0,0,2,0,,,,1
415,0.281737,0.000678198,0.00803858,0.0121492,0.0376408,3.13412e-05,4.73621e-05,0.000147082,1,1,0.5,0,2.6266,0.987355,0.979309,0,0,0,2,0,,,,1
416,0.282415,0.000678203,0.00802843,0.0121248,0.0375452,3.13018e-05,4.72672e-05,0.000146707,1,1,0.5,0,2.6266,0.98735,0.979309,0,0,0,2,0,,,,1
417,0.283094,0.000678208,0.0080183,0.0121005,0.0374487,3.12624e-05,4.71726e-05,0.000146329,1,1,0.5,0,2.6266,0.987345,0.97931,0,0,0,2,0,,,,1
418,0.283772,0.000678214,0.00800819,0.0120762,0.037351,3.12231e-05,4.70784e-05,0.000145946,1,1,0.5,0,2.6266,0.98734,0.979311,0,0,0,2,0,,,,1
419,0.28445,0.00067822,0.00799812,0.0120521,0.0372523,3.1184e-05,4.69846e-05,0.00014557,1,1,0.5,0,2.6266,0.987336,0.979311,0,0,0,2,0,,,,1
420,0.285128,0.000678226,0.00798804,0.012028,0.0371532,3.11448e-05,4.68911e-05,0.000145193,1,1,0.5,0,2.6266,0.987333,0.979312,0,0,0,2,0,,,,1
421,0.285807,0.000678232,0.00797798,0.0120041,0.0370551,3.11057e-05,4.6798e-05,0.000144813,1,1,0.5,0,2.6266,0.987328,0.979312,0,0,0,2,0,,,,1
422,0.286485,0.000678238,0.00796791,0.0119802,0.0369582,3.10666e-05,4.67052e-05,0.000144433,1,1,0.5,0,2.6266,0.987323,0.979311,0,0,0,2,0,,,,1
423,0.287163,0.000678244,0.00795785,0.0119564,0.0368615,3.10275e-05,4.66128e-05,0.000144054,1,1,0.5,0,2.6266,0.987318,0.979311,0,0,0,2,0,,,,1
424,0.287841,0.00067825,0.0079478,0.0119327,0.0367653,3.09885e-05,4.65208e-05,0.000143677,1,1,0.5,0,2.6266,0.987313,0.97931,0,0,0,2,0,,,,1
425,0.28852,0.000678256,0.00793777,0.0119091,0.0366695,3.09495e-05,4.64291e-05,0.000143302,1,1,0.5,0,2.6266,0.987309,0.979305,0,0,0,2,0,,,,1
426,0.289198,0.000678262,0.00792774,0.0118856,0.0365743,3.09105e-05,4.63378e-05,0.000142928,1,1,0.5,0,2.6266,0.987306,0.979297,0,0,0,2,0,,,,1
427,0.289876,0.000678269,0.00791771,0.0118622,0.0364795,3.08715e-05,4.62468e-05,0.000142556,1,1,0.5,0,2.6266,0.987302,0.97929,0,0,0,2,0,,,,1
428,0.290554,0.000678276,0.00790767,0.0118388,0.0363852,3.08325e-05,4.61561e-05,0.000142196,1,1,0.5,0,2.6266,0.987297,0.979282,0,0,0,2,0,,,,1
429,0.291233,0.000678283,0.00789762,0.0118156,0.0362956,3.07934e-05,4.60658e-05,0.000141843,1,1,0.5,0,2.6266,0.987292,0.979274,0,0,0,2,0,,,,1
430,0.291911,0.000678291,0.00788757,0.0117924,0.0362064,3.07544e-05,4.59758e-05,0.000141494,1,1,0.5,0,2.6266,0.987287,0.979266,0,0,0,2,0,,,,1
431,0.292589,0.000678299,0.00787752,0.0117694,0.0361166,3.07153e-05,4.58861e-05,0.000141148,1,1,0.5,0,2.6266,0.987282,0.979258,0,0,0,2,0,,,,1
432,0.293267,0.000678306,0.00786746,0.0117464,0.0360255,3.06762e-05,4.57968e-05,0.000140801,1,1,0.5,0,2.6266,0.987279,0.97925,0,0,0,2,0,,,,1
433,0.293946,0.000678315,0.00785738,0.0117235,0.0359355,3.0637e-05,4.57078e-05,0.000140451,1,1,0.5,0,2.6266,0.987275,0.979241,0,0,0,2,0,,,,1
434,0.294624,0.000678323,0.00784729,0.0117007,0.0358454,3.05978e-05,4.56192e-05,0.000140098,1,1,0.5,0,2.6266,0.987271,0.979233,0,0,0,2,0,,,,1
435,0.295302,0.000678331,0.00783719,0.0116779,0.0357545,3.05585e-05,4.55308e-05,0.000139741,1,1,0.5,0,2.6266,0.987266,0.979221,0,0,0,2,0,,,,1
436,0.295981,0.00067834,0.00782708,0.0116553,0.0356633,3.05192e-05,4.54428e-05,0.000139384,1,1,0.5,0,2.6266,0.987261,0.979206,0,0,0,2,0,,,,1
437,0.296659,0.000678348,0.00781697,0.0116327,0.0355722,3.04799e-05,4.53551e-05,0.000139026,1,1,0.5,0,2.6266,0.987256,0.979191,0,0,0,2,0,,,,1
438,0.297338,0.000678357,0.00780685,0.0116102,0.0354815,3.04406e-05,4.52677e-05,0.000138671,1,1,0.5,0,2.6266,0.987252,0.979176,0,0,0,2,0,,,,1
439,0.298016,0.000678366,0.00779672,0.0115878,0.0353914,3.04012e-05,4.51807e-05,0.000138317,1,1,0.5,0,2.6266,0.98725,0.979162,0,0,0,2,0,,,,1
440,0.298694,0.000678375,0.00778658,0.0115655,0.0353018,3.03618e-05,4.50939e-05,0.000137965,1,1,0.5,0,2.6266,0.987245,0.979147,0,0,0,2,0,,,,1
441,0.299373,0.000678385,0.00777641,0.0115432,0.0352128,3.03222e-05,4.50075e-05,0.000137616,1,1,0.5,0,2.6266,0.98724,0.979133,0,0,0,2,0,,,,1
442,0.300051,0.000678395,0.00776623,0.0115211,0.0351243,3.02827e-05,4.49213e-05,0.000137269,1,1,0.5,0,2.6266,0.987235,0.979118,0,0,0,2,0,,,,1
443,0.300729,0.000678405,0.00775604,0.011499,0.0350362,3.0243e-05,4.48355e-05,0.000136924,1,1,0.5,0,2.6266,0.98723,0.979104,0,0,0,2,0,,,,1
444,0.301408,0.000678415,0.00774583,0.011477,0.0349486,3.02033e-05,4.475e-05,0.000136589,1,1,0.5,0,2.6266,0.987226,0.979089,0,0,0,2,0,,,,1
445,0.302086,0.000678425,0.0077356,0.011455,0.0348613,3.01635e-05,4.46647e-05,0.00013626,1,1,0.5,0,2.6266,0.987224,0.979074,0,0,0,2,0,,,,1
446,0.302765,0.000678436,0.00772537,0.0114332,0.0347766,3.01238e-05,4.45798e-05,0.000135932,1,1,0.5,0,2.6266,0.987219,0.979059,0,0,0,2,0,,,,1
447,0.303443,0.000678447,0.00771513,0.0114114,0.0346935,3.0084e-05,4.44952e-05,0.000135606,1,1,0.5,0,2.6266,0.987214,0.979039,0,0,0,2,0,,,,1
448,0.304122,0.000678458,0.00770489,0.0113897,0.0346104,3.00441e-05,4.44108e-05,0.00013528,1,1,0.5,0,2.6266,0.98721,0.979019,0,0,0,2,0,,,,1
449,0.3048,0.00067847,0.00769463,0.0113681,0.0345269,3.00042e-05,4.43268e-05,0.000134952,1,1,0.5,0,2.6266,0.987205,0.979001,0,0,0,2,0,,,,1
450,0.305479,0.000678481,0.00768437,0.0113465,0.0344425,2.99643e-05,4.4243e-05,0.000134621,1,1,0.5,0,2.6266,0.9872,0.978983,0,0,0,2,0,,,,1
451,0.306157,0.000678493,0.00767408,0.011325,0.0343572,2.99243e-05,4.41596e-05,0.000134286,1,1,0.5,0,2.6266,0.987197,0.978965,0,0,0,2,0,,,,1
452,0.306836,0.000678505,0.00766378,0.0113036,0.0342715,2.98842e-05,4.40764e-05,0.00013395,1,1,0.5,0,2.6266,0.987194,0.978948,0,0,0,2,0,,,,1
453,0.307514,0.000678516,0.00765346,0.0112823,0.0341859,2.98441e-05,4.39935e-05,0.000133614,1,1,0.5,0,2.6266,0.987189,0.978931,0,0,0,2,0,,,,1
454,0.308193,0.000678529,0.00764313,0.011261,0.034101,2.9804e-05,4.39108e-05,0.000133281,1,1,0.5,0,2.6266,0.987184,0.978915,0,0,0,2,0,,,,1
455,0.308871,0.000678541,0.00763282,0.0112399,0.0340172,2.97638e-05,4.38285e-05,0.000132952,1,1,0.5,0,2.6266,0.987179,0.978898,0,0,0,2,0,,,,1
456,0.30955,0.000678554,0.0076225,0.0112187,0.0339343,2.97237e-05,4.37464e-05,0.000132627,1,1,0.5,0,2.6266,0.987175,0.978883,0,0,0,2,0,,,,1
457,0.310228,0.000678567,0.00761217,0.0111977,0.0338522,2.96836e-05,4.36646e-05,0.000132304,1,1,0.5,0,2.6266,0.987172,0.978867,0,0,0,2,0,,,,1
458,0.310907,0.00067858,0.00760184,0.0111767,0.0337704,2.96434e-05,4.35831e-05,0.000131983,1,1,0.5,0,2.6266,0.987169,0.978851,0,0,0,2,0,,,,1
459,0.311585,0.000678593,0.0075915,0.0111558,0.0336886,2.96032e-05,4.35019e-05,0.000131662,1,1,0.5,0,2.6266,0.987165,0.978836,0,0,0,2,0,,,,1
460,0.312264,0.000678606,0.00758117,0.011135,0.0336067,2.9563e-05,4.34209e-05,0.000131342,1,1,0.5,0,2.6266,0.98716,0.978822,0,0,0,2,0,,,,1
461,0.312943,0.00067862,0.00757082,0.0111142,0.0335246,2.95227e-05,4.33402e-05,0.000131032,1,1,0.5,0,2.6266,0.987155,0.978809,0,0,0,2,0,,,,1
462,0.313621,0.000678633,0.00756047,0.0110935,0.0334431,2.94825e-05,4.32597e-05,0.000130725,1,1,0.5,0,2.6266,0.987151,0.978796,0,0,0,2,0,,,,1
463,0.3143,0.000678647,0.00755012,0.0110729,0.0333654,2.94422e-05,4.31795e-05,0.00013042,1,1,0.5,0,2.6266,0.987147,0.978784,0,0,0,2,0,,,,1
464,0.314979,0.000678661,0.00753979,0.0110523,0.0332884,2.9402e-05,4.30996e-05,0.000130117,1,1,0.5,0,2.6266,0.987145,0.978773,0,0,0,2,0,,,,1
465,0.315657,0.000678675,0.00752946,0.0110318,0.0332116,2.93619e-05,4.302e-05,0.000129816,1,1,0.5,0,2.6266,0.98714,0.978762,0,0,0,2,0,,,,1
466,0.316336,0.00067869,0.00751914,0.0110114,0.0331345,2.93217e-05,4.29406e-05,0.000129513,1,1,0.5,0,2.6266,0.987136,0.978753,0,0,0,2,0,,,,1
467,0.317015,0.000678704,0.00750881,0.010991,0.0330563,2.92815e-05,4.28614e-05,0.000129206,1,1,0.5,0,2.6266,0.987131,0.978744,0,0,0,2,0,,,,1
468,0.317693,0.000678719,0.0074985,0.0109707,0.0329769,2.92414e-05,4.27825e-05,0.000128894,1,1,0.5,0,2.6266,0.987126,0.978737,0,0,0,2,0,,,,1
469,0.318372,0.000678733,0.00748821,0.0109505,0.0328963,2.92014e-05,4.27039e-05,0.000128578,1,1,0.5,0,2.6266,0.987123,0.97873,0,0,0,2,0,,,,1
470,0.319051,0.000678748,0.00747794,0.0109303,0.0328154,2.91614e-05,4.26255e-05,0.00012826,1,1,0.5,0,2.6266,0.987119,0.978724,0,0,0,2,0,,,,1
471,0.31973,0.000678763,0.00746768,0.0109102,0.0327348,2.91215e-05,4.25473e-05,0.000127944,1,1,0.5,0,2.6266,0.987116,0.978719,0,0,0,2,0,,,,1
472,0.320408,0.000678778,0.00745744,0.0108902,0.0326552,2.90817e-05,4.24694e-05,0.000127631,1,1,0.5,0,2.6266,0.987112,0.978716,0,0,0,2,0,,,,1
473,0.321087,0.000678793,0.00744724,0.0108702,0.0325766,2.9042e-05,4.23918e-05,0.000127323,1,1,0.5,0,2.6266,0.987108,0.978713,0,0,0,2,0,,,,1
474,0.321766,0.000678808,0.00743706,0.0108503,0.0324988,2.90024e-05,4.23144e-05,0.000127018,1,1,0.5,0,2.6266,0.987103,0.978712,0,0,0,2,0,,,,1
475,0.322445,0.000678823,0.00742693,0.0108304,0.0324216,2.8963e-05,4.22372e-05,0.000126715,1,1,0.5,0,2.6266,0.987098,0.978713,0,0,0,2,0,,,,1
476,0.323124,0.000678838,0.00741683,0.0108106,0.0323447,2.89237e-05,4.21603e-05,0.000126412,1,1,0.5,0,2.6266,0.987096,0.978715,0,0,0,2,0,,,,1
477,0.323803,0.000678853,0.00740678,0.0107909,0.0322678,2.88846e-05,4.20836e-05,0.000126122,1,1,0.5,0,2.6266,0.987093,0.978718,0,0,0,2,0,,,,1
478,0.324481,0.000678869,0.00739677,0.0107712,0.0321909,2.88457e-05,4.20071e-05,0.000125831,1,1,0.5,0,2.6266,0.987088,0.978723,0,0,0,2,0,,,,1
479,0.32516,0.000678884,0.00738678,0.0107516,0.0321163,2.88068e-05,4.19309e-05,0.00012554,1,1,0.5,0,2.6266,0.987084,0.97873,0,0,0,2,0,,,,1
480,0.325839,0.000678899,0.00737684,0.0107321,0.0320425,2.87682e-05,4.18549e-05,0.000125251,1,1,0.5,0,2.6266,0.98708,0.978737,0,0,0,2,0,,,,1
481,0.326518,0.000678913,0.00736692,0.0107126,0.0319693,2.87296e-05,4.17791e-05,0.000124963,1,1,0.5,0,2.6266,0.987076,0.978746,0,0,0,2,0,,,,1
482,0.327197,0.000678928,0.00735705,0.0106931,0.0318969,2.86912e-05,4.17036e-05,0.000124679,1,1,0.5,0,2.6266,0.987072,0.978756,0,0,0,2,0,,,,1
483,0.327876,0.000678943,0.00734721,0.0106738,0.0318253,2.86529e-05,4.16283e-05,0.000124397,1,1,0.5,0,2.6266,0.98707,0.978767,0,0,0,2,0,,,,1
484,0.328555,0.000678957,0.00733742,0.0106545,0.0317536,2.86148e-05,4.15532e-05,0.000124116,1,1,0.5,0,2.6266,0.987066,0.978781,0,0,0,2,0,,,,1
485,0.329234,0.000678971,0.00732767,0.0106352,0.0316815,2.85769e-05,4.14784e-05,0.000123833,1,1,0.5,0,2.6266,0.987061,0.978796,0,0,0,2,0,,,,1
486,0.329913,0.000678985,0.00731795,0.010616,0.0316085,2.85391e-05,4.14037e-05,0.000123546,1,1,0.5,0,2.6266,0.987057,0.978813,0,0,0,2,0,,,,1
487,0.330592,0.000678999,0.00730826,0.0105969,0.0315343,2.85014e-05,4.13293e-05,0.000123255,1,1,0.5,0,2.6266,0.987053,0.978832,0,0,0,2,0,,,,1
488,0.331271,0.000679012,0.0072986,0.0105778,0.0314587,2.84638e-05,4.12551e-05,0.000122958,1,1,0.5,0,2.6266,0.98705,0.978852,0,0,0,2,0,,,,1
489,0.33195,0.000679024,0.00728899,0.0105587,0.0313823,2.84264e-05,4.11812e-05,0.000122663,1,1,0.5,0,2.6266,0.987047,0.978874,0,0,0,2,0,,,,1
490,0.332629,0.000679036,0.00727939,0.0105398,0.031306,2.83891e-05,4.11074e-05,0.000122373,1,1,0.5,0,2.6266,0.987043,0.978897,0,0,0,2,0,,,,1
491,0.333308,0.000679048,0.00726982,0.0105209,0.0312305,2.83518e-05,4.10339e-05,0.000122081,1,1,0.5,0,2.6266,0.987039,0.978921,0,0,0,2,0,,,,1
492,0.333987,0.000679058,0.00726025,0.010502,0.0311562,2.83146e-05,4.09606e-05,0.00012179,1,1,0.5,0,2.6266,0.987035,0.978947,0,0,0,2,0,,,,1
493,0.334666,0.000679067,0.0072507,0.0104832,0.0310834,2.82774e-05,4.08875e-05,0.000121502,1,1,0.5,0,2.6266,0.987031,0.978975,0,0,0,2,0,,,,1
494,0.335345,0.000679075,0.00724117,0.0104644,0.0310117,2.82403e-05,4.08146e-05,0.000121226,1,1,0.5,0,2.6266,0.987026,0.979004,0,0,0,2,0,,,,1
495,0.336024,0.000679082,0.00723164,0.0104457,0.0309435,2.82033e-05,4.07419e-05,0.000120958,1,1,0.5,0,2.6266,0.987024,0.979036,0,0,0,2,0,,,,1
496,0.336703,0.000679087,0.00722213,0.0104271,0.0308754,2.81663e-05,4.06694e-05,0.000120691,1,1,0.5,0,2.6266,0.987021,0.979068,0,0,0,2,0,,,,1
497,0.337382,0.000679091,0.00721263,0.0104085,0.0308073,2.81293e-05,4.05972e-05,0.000120423,1,1,0.5,0,2.6266,0.987017,0.979103,0,0,0,2,0,,,,1
498,0.338062,0.000679092,0.00720313,0.01039,0.0307391,2.80923e-05,4.05251e-05,0.000120155,1,1,0.5,0,2.6266,0.987012,0.979139,0,0,0,2,0,,,,1
499,0.338741,0.000679087,0.00719364,0.0103715,0.0306708,2.80554e-05,4.04532e-05,0.000119887,1,1,0.5,0,2.6266,0.987008,0.979175,0,0,0,2,0,,,,1
500,0.33942,0.00067908,0.00718417,0.0103531,0.0306024,2.80186e-05,4.03816e-05,0.000119618,1,1,0.5,0,2.6266,0.987005,0.979213,0,0,0,2,0,,,,1
501,0.340099,0.000679069,0.00717471,0.0103347,0.0305339,2.79817e-05,4.03101e-05,0.000119349,1,1,0.5,0,2.6266,0.987002,0.979253,0,0,0,2,0,,,,1
502,0.340778,0.000679057,0.00716525,0.0103164,0.0304652,2.79449e-05,4.02389e-05,0.000119079,1,1,0.5,0,2.6266,0.986999,0.979295,0,0,0,2,0,,,,1
503,0.341457,0.000679042,0.00715582,0.0102981,0.0303963,2.79082e-05,4.01679e-05,0.00011881,1,1,0.5,0,2.6266,0.986995,0.979338,0,0,0,2,0,,,,1
504,0.342136,0.000679024,0.00714639,0.0102799,0.0303272,2.78715e-05,4.0097e-05,0.000118546,1,1,0.5,0,2.6266,0.986991,0.979382,0,0,0,2,0,,,,1
505,0.342815,0.000679005,0.00713697,0.0102617,0.0302574,2.78349e-05,4.00264e-05,0.000118283,1,1,0.5,0,2.6266,0.986987,0.979427,0,0,0,2,0,,,,1
506,0.343494,0.000678984,0.00712756,0.0102436,0.0301892,2.77982e-05,3.9956e-05,0.000118017,1,1,0.5,0,2.6266,0.986983,0.979472,0,0,0,2,0,,,,1
507,0.344173,0.000678964,0.00711815,0.0102256,0.0301209,2.77616e-05,3.98857e-05,0.000117749,1,1,0.5,0,2.6266,0.986981,0.97952,0,0,0,2,0,,,,1
508,0.344852,0.000678943,0.00710875,0.0102075,0.0300519,2.7725e-05,3.98157e-05,0.000117478,1,1,0.5,0,2.6266,0.986978,0.979568,0,0,0,2,0,,,,1
509,0.345531,0.000678922,0.00709935,0.0101896,0.0299827,2.76885e-05,3.97458e-05,0.000117206,1,1,0.5,0,2.6266,0.986974,0.979618,0,0,0,2,0,,,,1
510,0.34621,0.000678901,0.00708996,0.0101717,0.0299134,2.76519e-05,3.96762e-05,0.000116934,1,1,0.5,0,2.6266,0.98697,0.979669,0,0,0,2,0,,,,1
511,0.346889,0.00067888,0.00708057,0.0101538,0.029844,2.76153e-05,3.96067e-05,0.000116661,1,1,0.5,0,2.6266,0.986966,0.97972,0,0,0,2,0,,,,1
512,0.347567,0.000678858,0.00707119,0.010136,0.0297746,2.75789e-05,3.95374e-05,0.000116389,1,1,0.5,0,2.6266,0.986963,0.979772,0,0,0,2,0,,,,1
513,0.348246,0.000678837,0.00706183,0.0101182,0.0297057,2.75424e-05,3.94684e-05,0.000116127,1,1,0.5,0,2.6266,0.986959,0.979827,0,0,0,2,0,,,,1
514,0.348925,0.000678817,0.00705249,0.0101005,0.0296437,2.7506e-05,3.93995e-05,0.000115881,1,1,0.5,0,2.6266,0.986957,0.979882,0,0,0,2,0,,,,1
515,0.349604,0.000678796,0.00704315,0.0100829,0.029581,2.74697e-05,3.93308e-05,0.000115635,1,1,0.5,0,2.6266,0.986954,0.979937,0,0,0,2,0,,,,1
516,0.350283,0.000678775,0.00703381,0.0100653,0.0295175,2.74333e-05,3.92623e-05,0.000115389,1,1,0.5,0,2.6266,0.98695,0.979992,0,0,0,2,0,,,,1
517,0.350961,0.000678755,0.00702448,0.0100477,0.0294534,2.7397e-05,3.9194e-05,0.000115143,1,1,0.5,0,2.6266,0.986946,0.980047,0,0,0,2,0,,,,1
518,0.35164,0.000678734,0.00701517,0.0100302,0.0293888,2.73608e-05,3.91258e-05,0.000114894,1,1,0.5,0,2.6266,0.986942,0.980102,0,0,0,2,0,,,,1
519,0.352319,0.000678714,0.00700588,0.0100127,0.0293252,2.73246e-05,3.90579e-05,0.000114645,1,1,0.5,0,2.6266,0.986939,0.980156,0,0,0,2,0,,,,1
520,0.352997,0.000678695,0.0069966,0.00999528,0.0292613,2.72885e-05,3.89901e-05,0.000114393,1,1,0.5,0,2.6266,0.986937,0.980209,0,0,0,2,0,,,,1
521,0.353676,0.000678675,0.00698731,0.00997791,0.0291971,2.72523e-05,3.89226e-05,0.000114141,1,1,0.5,0,2.6266,0.986933,0.980262,0,0,0,2,0,,,,1
522,0.354355,0.000678656,0.00697803,0.00996059,0.0291329,2.72162e-05,3.88552e-05,0.000113889,1,1,0.5,0,2.6266,0.986929,0.980314,0,0,0,2,0,,,,1
523,0.355033,0.000678637,0.00696877,0.00994331,0.0290688,2.71801e-05,3.8788e-05,0.000113637,1,1,0.5,0,2.6266,0.986925,0.980368,0,0,0,2,0,,,,1
524,0.355712,0.000678618,0.00695953,0.00992608,0.0290047,2.71441e-05,3.87209e-05,0.000113392,1,1,0.5,0,2.6266,0.986922,0.98042,0,0,0,2,0,,,,1
525,0.356391,0.0006786,0.00695027,0.00990889,0.0289406,2.71081e-05,3.86541e-05,0.000113147,1,1,0.5,0,2.6266,0.986918,0.980471,0,0,0,2,0,,,,1
526,0.357069,0.000678582,0.00694102,0.00989176,0.0288764,2.70721e-05,3.85874e-05,0.0001129,1,1,0.5,0,2.6266,0.986916,0.980522,0,0,0,2,0,,,,1
527,0.357748,0.000678564,0.00693178,0.00987466,0.0288122,2.70361e-05,3.85209e-05,0.000112648,1,1,0.5,0,2.6266,0.986913,0.980573,0,0,0,2,0,,,,1
528,0.358426,0.000678547,0.00692255,0.00985762,0.0287481,2.70002e-05,3.84546e-05,0.000112392,1,1,0.5,0,2.6266,0.986909,0.98062,0,0,0,2,0,,,,1
529,0.359105,0.00067853,0.00691334,0.00984062,0.0286838,2.69643e-05,3.83884e-05,0.000112135,1,1,0.5,0,2.6266,0.986905,0.980662,0,0,0,2,0,,,,1
530,0.359783,0.000678513,0.00690413,0.00982367,0.0286192,2.69284e-05,3.83225e-05,0.000111883,1,1,0.5,0,2.6266,0.986901,0.980703,0,0,0,2,0,,,,1
531,0.360462,0.000678496,0.00689493,0.00980676,0.0285545,2.68926e-05,3.82567e-05,0.000111636,1,1,0.5,0,2.6266,0.986898,0.980745,0,0,0,2,0,,,,1
532,0.36114,0.00067848,0.00688574,0.00978991,0.0284939,2.68568e-05,3.81911e-05,0.000111396,1,1,0.5,0,2.6266,0.986897,0.98078,0,0,0,2,0,,,,1
533,0.361819,0.000678463,0.00687655,0.00977309,0.0284329,2.6821e-05,3.81257e-05,0.000111159,1,1,0.5,0,2.6266,0.986893,0.980811,0,0,0,2,0,,,,1
534,0.362497,0.000678448,0.00686738,0.00975632,0.0283731,2.67853e-05,3.80604e-05,0.000110924,1,1,0.5,0,2.6266,0.986889,0.980836,0,0,0,2,0,,,,1
535,0.363176,0.000678432,0.00685821,0.0097396,0.0283133,2.67496e-05,3.79953e-05,0.000110689,1,1,0.5,0,2.6266,0.986885,0.980855,0,0,0,2,0,,,,1
536,0.363854,0.000678417,0.00684904,0.00972292,0.0282533,2.67139e-05,3.79304e-05,0.000110453,1,1,0.5,0,2.6266,0.986882,0.980862,0,0,0,2,0,,,,1
537,0.364533,0.000678403,0.00683989,0.00970628,0.0281929,2.66782e-05,3.78657e-05,0.000110216,1,1,0.5,0,2.6266,0.986878,0.980851,0,0,0,2,0,,,,1
538,0.365211,0.000678389,0.00683074,0.00968969,0.0281322,2.66426e-05,3.78011e-05,0.000109981,1,1,0.5,0,2.6266,0.986876,0.98081,0,0,0,2,0,,,,1
539,0.365889,0.000678375,0.00682162,0.00967315,0.0280714,2.6607e-05,3.77367e-05,0.000109748,1,1,0.5,0,2.6266,0.986873,0.980761,0,0,0,2,0,,,,1
540,0.366568,0.000678361,0.0068125,0.00965665,0.0280104,2.65715e-05,3.76725e-05,0.000109514,1,1,0.5,0,2.6266,0.98687,0.980706,0,0,0,2,0,,,,1
541,0.367246,0.000678347,0.00680339,0.00964019,0.0279502,2.6536e-05,3.76084e-05,0.000109282,1,1,0.5,0,2.6266,0.986866,0.980649,0,0,0,2,0,,,,1
542,0.367924,0.000678334,0.00679429,0.00962378,0.0278914,2.65006e-05,3.75445e-05,0.000109051,1,1,0.5,0,2.6266,0.986862,0.98059,0,0,0,2,0,,,,1
543,0.368603,0.000678321,0.00678518,0.00960741,0.0278329,2.64651e-05,3.74808e-05,0.000108821,1,1,0.5,0,2.6266,0.986859,0.980531,0,0,0,2,0,,,,1
544,0.369281,0.000678309,0.00677609,0.00959108,0.0277743,2.64297e-05,3.74173e-05,0.00010859,1,1,0.5,0,2.6266,0.986858,0.980471,0,0,0,2,0,,,,1
545,0.369959,0.000678297,0.006767,0.0095748,0.0277154,2.63943e-05,3.73539e-05,0.000108359,1,1,0.5,0,2.6266,0.986854,0.980409,0,0,0,2,0,,,,1
546,0.370638,0.000678286,0.00675793,0.00955857,0.0276562,2.63589e-05,3.72907e-05,0.000108126,1,1,0.5,0,2.6266,0.98685,0.980348,0,0,0,2,0,,,,1
547,0.371316,0.000678275,0.00674888,0.00954237,0.0275958,2.63237e-05,3.72276e-05,0.000107902,1,1,0.5,0,2.6266,0.986847,0.980284,0,0,0,2,0,,,,1
548,0.371994,0.000678265,0.00673984,0.00952622,0.0275388,2.62884e-05,3.71648e-05,0.000107684,1,1,0.5,0,2.6266,0.986844,0.980221,0,0,0,2,0,,,,1
549,0.372672,0.000678255,0.00673079,0.00951011,0.02749,2.62532e-05,3.7102e-05,0.000107471,1,1,0.5,0,2.6266,0.98684,0.98016,0,0,0,2,0,,,,1
550,0.373351,0.000678244,0.00672176,0.00949405,0.0274417,2.6218e-05,3.70395e-05,0.000107281,1,1,0.5,0,2.6266,0.986837,0.980099,0,0,0,2,0,,,,1
551,0.374029,0.000678234,0.00671273,0.00947803,0.0273905,2.61828e-05,3.69771e-05,0.00010708,1,1,0.5,0,2.6266,0.986835,0.98004,0,0,0,2,0,,,,1
552,0.374707,0.000678225,0.0067037,0.00946205,0.0273355,2.61476e-05,3.69149e-05,0.000106864,1,1,0.5,0,2.6266,0.986831,0.979981,0,0,0,2,0,,,,1
553,0.375385,0.000678216,0.00669469,0.00944611,0.0272766,2.61125e-05,3.68528e-05,0.000106632,1,1,0.5,0,2.6266,0.986828,0.97992,0,0,0,2,0,,,,1
554,0.376063,0.000678207,0.00668569,0.00943022,0.027215,2.60774e-05,3.67909e-05,0.00010639,1,1,0.5,0,2.6266,0.986824,0.97986,0,0,0,2,0,,,,1
555,0.376742,0.000678199,0.00667671,0.00941437,0.0271521,2.60424e-05,3.67292e-05,0.000106143,1,1,0.5,0,2.6266,0.986821,0.979803,0,0,0,2,0,,,,1
556,0.37742,0.000678191,0.00666773,0.00939856,0.0270934,2.60074e-05,3.66677e-05,0.000105894,1,1,0.5,0,2.6266,0.986819,0.979747,0,0,0,2,0,,,,1
557,0.378098,0.000678184,0.00665875,0.0093828,0.0270367,2.59724e-05,3.66063e-05,0.00010567,1,1,0.5,0,2.6266,0.986816,0.979692,0,0,0,2,0,,,,1
558,0.378776,0.000678177,0.00664978,0.00936707,0.0269792,2.59375e-05,3.6545e-05,0.000105444,1,1,0.5,0,2.6266,0.986812,0.97964,0,0,0,2,0,,,,1
559,0.379454,0.00067817,0.00664082,0.00935139,0.0269215,2.59026e-05,3.64839e-05,0.000105217,1,1,0.5,0,2.6266,0.986809,0.979588,0,0,0,2,0,,,,1
560,0.380133,0.000678163,0.00663186,0.00933575,0.0268633,2.58677e-05,3.6423e-05,0.000104998,1,1,0.5,0,2.6266,0.986806,0.979535,0,0,0,2,0,,,,1
561,0.380811,0.000678156,0.00662292,0.00932015,0.0268042,2.58328e-05,3.63622e-05,0.00010478,1,1,0.5,0,2.6266,0.986802,0.979483,0,0,0,2,0,,,,1
562,0.381489,0.00067815,0.00661398,0.00930459,0.026745,2.5798e-05,3.63016e-05,0.000104563,1,1,0.5,0,2.6266,0.9868,0.979433,0,0,0,2,0,,,,1
563,0.382167,0.000678144,0.00660506,0.00928908,0.0266897,2.57632e-05,3.62412e-05,0.000104346,1,1,0.5,0,2.6266,0.986797,0.979385,0,0,0,2,0,,,,1
564,0.382845,0.000678139,0.00659616,0.0092736,0.0266345,2.57285e-05,3.61809e-05,0.000104131,1,1,0.5,0,2.6266,0.986794,0.979339,0,0,0,2,0,,,,1
565,0.383523,0.000678134,0.00658726,0.00925816,0.0265794,2.56939e-05,3.61208e-05,0.000103919,1,1,0.5,0,2.6266,0.98679,0.97929,0,0,0,2,0,,,,1
566,0.384201,0.000678129,0.00657837,0.00924277,0.0265242,2.56592e-05,3.60608e-05,0.000103706,1,1,0.5,0,2.6266,0.986786,0.979244,0,0,0,2,0,,,,1
567,0.38488,0.000678126,0.00656947,0.00922742,0.0264691,2.56245e-05,3.6001e-05,0.000103491,1,1,0.5,0,2.6266,0.986783,0.979199,0,0,0,2,0,,,,1
568,0.385558,0.000678123,0.00656056,0.0092121,0.0264141,2.55898e-05,3.59413e-05,0.000103272,1,1,0.5,0,2.6266,0.986781,0.979157,0,0,0,2,0,,,,1
569,0.386236,0.000678121,0.00655167,0.00919683,0.0263589,2.55551e-05,3.58818e-05,0.000103051,1,1,0.5,0,2.6266,0.986779,0.979117,0,0,0,2,0,,,,1
570,0.386914,0.000678119,0.00654278,0.0091816,0.0263084,2.55205e-05,3.58225e-05,0.000102865,1,1,0.5,0,2.6266,0.986775,0.97908,0,0,0,2,0,,,,1
571,0.387592,0.000678117,0.0065339,0.00916641,0.026264,2.54859e-05,3.57632e-05,0.00010269,1,1,0.5,0,2.6266,0.986772,0.979041,0,0,0,2,0,,,,1
572,0.38827,0.000678115,0.00652503,0.00915125,0.0262215,2.54513e-05,3.57042e-05,0.000102522,1,1,0.5,0,2.6266,0.986768,0.979003,0,0,0,2,0,,,,1
573,0.388948,0.000678113,0.00651616,0.00913614,0.0261788,2.54167e-05,3.56453e-05,0.000102354,1,1,0.5,0,2.6266,0.986765,0.978968,0,0,0,2,0,,,,1
574,0.389626,0.000678111,0.0065073,0.00912106,0.0261347,2.53822e-05,3.55865e-05,0.00010218,1,1,0.5,0,2.6266,0.986762,0.978934,0,0,0,2,0,,,,1
575,0.390304,0.000678109,0.00649845,0.00910603,0.0260882,2.53477e-05,3.55279e-05,0.000101997,1,1,0.5,0,2.6266,0.98676,0.978902,0,0,0,2,0,,,,1
576,0.390983,0.000678108,0.00648961,0.00909103,0.0260375,2.53132e-05,3.54695e-05,0.000101798,1,1,0.5,0,2.6266,0.986756,0.978873,0,0,0,2,0,,,,1
577,0.391661,0.000678107,0.00648076,0.00907607,0.0259829,2.52787e-05,3.54112e-05,0.000101583,1,1,0.5,0,2.6266,0.986753,0.978844,0,0,0,2,0,,,,1
578,0.392339,0.000678106,0.00647192,0.00906115,0.0259253,2.52442e-05,3.5353e-05,0.000101357,1,1,0.5,0,2.6266,0.986749,0.978814,0,0,0,2,0,,,,1
579,0.393017,0.000678105,0.00646308,0.00904627,0.025866,2.52098e-05,3.5295e-05,0.000101124,1,1,0.5,0,2.6266,0.986746,0.978785,0,0,0,2,0,,,,1
580,0.393695,0.000678105,0.00645425,0.00903142,0.0258058,2.51753e-05,3.52371e-05,0.000100887,1,1,0.5,0,2.6266,0.986744,0.978759,0,0,0,2,0,,,,1
581,0.394373,0.000678105,0.00644542,0.00901661,0.0257455,2.51409e-05,3.51794e-05,0.00010065,1,1,0.5,0,2.6266,0.986741,0.978736,0,0,0,2,0,,,,1
582,0.395051,0.000678106,0.00643659,0.00900184,0.0256904,2.51065e-05,3.51218e-05,0.000100417,1,1,0.5,0,2.6266,0.986738,0.978715,0,0,0,2,0,,,,1
583,0.395729,0.000678107,0.00642777,0.00898711,0.025635,2.50721e-05,3.50644e-05,0.000100198,1,1,0.5,0,2.6266,0.986734,0.978696,0,0,0,2,0,,,,1
584,0.396407,0.000678108,0.00641896,0.00897241,0.0255774,2.50378e-05,3.50071e-05,9.99859e-05,1,1,0.5,0,2.6266,0.986731,0.978675,0,0,0,2,0,,,,1
585,0.397086,0.00067811,0.00641015,0.00895775,0.0255195,2.50034e-05,3.495e-05,9.97802e-05,1,1,0.5,0,2.6266,0.986728,0.978657,0,0,0,2,0,,,,1
586,0.397764,0.000678112,0.00640135,0.00894313,0.0254673,2.49691e-05,3.48929e-05,9.95774e-05,1,1,0.5,0,2.6266,0.986725,0.978641,0,0,0,2,0,,,,1
587,0.398442,0.000678114,0.00639257,0.00892854,0.0254151,2.49348e-05,3.48361e-05,9.93791e-05,1,1,0.5,0,2.6266,0.986723,0.978627,0,0,0,2,0,,,,1
588,0.39912,0.000678115,0.00638377,0.00891399,0.0253637,2.49006e-05,3.47793e-05,9.9185e-05,1,1,0.5,0,2.6266,0.986719,0.978615,0,0,0,2,0,,,,1
589,0.399798,0.000678118,0.00637498,0.00889948,0.025318,2.48663e-05,3.47227e-05,9.90226e-05,1,1,0.5,0,2.6266,0.986715,0.978605,0,0,0,2,0,,,,1
590,0.400476,0.00067812,0.0063662,0.008885,0.0252793,2.4832e-05,3.46663e-05,9.88699e-05,1,1,0.5,0,2.6266,0.986712,0.978593,0,0,0,2,0,,,,1
591,0.401154,0.000678122,0.00635742,0.00887055,0.0252373,2.47978e-05,3.46099e-05,9.86958e-05,1,1,0.5,0,2.6266,0.986709,0.978583,0,0,0,2,0,,,,1
592,0.401832,0.000678125,0.00634866,0.00885614,0.0252001,2.47636e-05,3.45537e-05,9.85402e-05,1,1,0.5,0,2.6266,0.986706,0.978574,0,0,0,2,0,,,,1
593,0.402511,0.000678128,0.00633989,0.00884177,0.0251609,2.47295e-05,3.44977e-05,9.83858e-05,1,1,0.5,0,2.6266,0.986704,0.978567,0,0,0,2,0,,,,1
594,0.403189,0.000678131,0.00633113,0.00882743,0.0251165,2.46953e-05,3.44418e-05,9.82109e-05,1,1,0.5,0,2.6266,0.9867,0.978563,0,0,0,2,0,,,,1
595,0.403867,0.000678135,0.00632238,0.00881312,0.0250665,2.46612e-05,3.4386e-05,9.80142e-05,1,1,0.5,0,2.6266,0.986697,0.978562,0,0,0,2,0,,,,1
596,0.404545,0.000678139,0.00631363,0.00879885,0.0250122,2.46271e-05,3.43303e-05,9.78007e-05,1,1,0.5,0,2.6266,0.986694,0.978562,0,0,0,2,0,,,,1
597,0.405223,0.000678143,0.00630488,0.00878461,0.0249552,2.4593e-05,3.42748e-05,9.75768e-05,1,1,0.5,0,2.6266,0.98669,0.978564,0,0,0,2,0,,,,1
598,0.405901,0.000678146,0.00629615,0.00877041,0.0248982,2.45589e-05,3.42194e-05,9.73528e-05,1,1,0.5,0,2.6266,0.986688,0.978568,0,0,0,2,0,,,,1
599,0.406579,0.00067815,0.00628744,0.00875624,0.0248451,2.45249e-05,3.41641e-05,9.71319e-05,1,1,0.5,0,2.6266,0.986685,0.978572,0,0,0,2,0,,,,1
600,0.407257,0.000678155,0.00627871,0.00874211,0.0247906,2.44909e-05,3.4109e-05,9.69143e-05,1,1,0.5,0,2.6266,0.986681,0.978577,0,0,0,2,0,,,,1
601,0.407936,0.000678159,0.00626999,0.008728,0.0247329,2.44569e-05,3.4054e-05,9.66995e-05,1,1,0.5,0,2.6266,0.986678,0.978584,0,0,0,2,0,,,,1
602,0.408614,0.000678164,0.00626129,0.00871393,0.0246779,2.4423e-05,3.39991e-05,9.64899e-05,1,1,0.5,0,2.6266,0.986674,0.978592,0,0,0,2,0,,,,1
603,0.409292,0.000678168,0.00625259,0.0086999,0.0246304,2.4389e-05,3.39443e-05,9.63122e-05,1,1,0.5,0,2.6266,0.986672,0.978601,0,0,0,2,0,,,,1
604,0.40997,0.000678173,0.0062439,0.0086859,0.0245837,2.43552e-05,3.38897e-05,9.61341e-05,1,1,0.5,0,2.6266,0.986669,0.97861,0,0,0,2,0,,,,1
605,0.410648,0.000678179,0.00623522,0.00867193,0.0245442,2.43213e-05,3.38352e-05,9.59937e-05,1,1,0.5,0,2.6266,0.986666,0.97862,0,0,0,2,0,,,,1
606,0.411327,0.000678184,0.00622655,0.00865799,0.0245104,2.42875e-05,3.37808e-05,9.58604e-05,1,1,0.5,0,2.6266,0.986662,0.978631,0,0,0,2,0,,,,1
607,0.412005,0.00067819,0.00621789,0.00864408,0.0244743,2.42537e-05,3.37266e-05,9.57178e-05,1,1,0.5,0,2.6266,0.986659,0.978645,0,0,0,2,0,,,,1
608,0.412683,0.000678195,0.00620923,0.00863021,0.0244321,2.422e-05,3.36724e-05,9.55519e-05,1,1,0.5,0,2.6266,0.986656,0.978662,0,0,0,2,0,,,,1
609,0.413361,0.000678201,0.00620058,0.00861637,0.0243844,2.41863e-05,3.36184e-05,9.53638e-05,1,1,0.5,0,2.6266,0.986652,0.97868,0,0,0,2,0,,,,1
610,0.414039,0.000678206,0.00619194,0.00860256,0.024333,2.41526e-05,3.35645e-05,9.51619e-05,1,1,0.5,0,2.6266,0.98665,0.9787,0,0,0,2,0,,,,1
611,0.414718,0.000678212,0.00618333,0.00858878,0.0242815,2.4119e-05,3.35108e-05,9.49532e-05,1,1,0.5,0,2.6266,0.986647,0.978721,0,0,0,2,0,,,,1
612,0.415396,0.000678218,0.00617473,0.00857503,0.0242301,2.40854e-05,3.34571e-05,9.47422e-05,1,1,0.5,0,2.6266,0.986643,0.978744,0,0,0,2,0,,,,1
613,0.416074,0.000678225,0.00616613,0.00856132,0.0241755,2.40519e-05,3.34036e-05,9.45318e-05,1,1,0.5,0,2.6266,0.986639,0.978768,0,0,0,2,0,,,,1
614,0.416752,0.000678231,0.00615753,0.00854764,0.0241244,2.40184e-05,3.33502e-05,9.43412e-05,1,1,0.5,0,2.6266,0.986636,0.978794,0,0,0,2,0,,,,1
615,0.41743,0.000678238,0.00614896,0.00853399,0.0240815,2.3985e-05,3.3297e-05,9.41722e-05,1,1,0.5,0,2.6266,0.986633,0.978821,0,0,0,2,0,,,,1
616,0.418109,0.000678245,0.00614041,0.00852037,0.0240384,2.39516e-05,3.32438e-05,9.40022e-05,1,1,0.5,0,2.6266,0.98663,0.978849,0,0,0,2,0,,,,1
617,0.418787,0.000678252,0.00613186,0.00850679,0.0239948,2.39183e-05,3.31908e-05,9.38306e-05,1,1,0.5,0,2.6266,0.986627,0.978879,0,0,0,2,0,,,,1
618,0.419465,0.000678259,0.00612333,0.00849324,0.0239515,2.3885e-05,3.31379e-05,9.36599e-05,1,1,0.5,0,2.6266,0.986623,0.978909,0,0,0,2,0,,,,1
619,0.420143,0.000678266,0.00611483,0.00847972,0.0239089,2.38518e-05,3.30852e-05,9.34925e-05,1,1,0.5,0,2.6266,0.98662,0.978938,0,0,0,2,0,,,,1
620,0.420822,0.000678272,0.00610634,0.00846623,0.0238671,2.38187e-05,3.30325e-05,9.33277e-05,1,1,0.5,0,2.6266,0.986617,0.978969,0,0,0,2,0,,,,1
621,0.4215,0.000678279,0.00609788,0.00845277,0.0238254,2.37857e-05,3.298e-05,9.31634e-05,1,1,0.5,0,2.6266,0.986613,0.979,0,0,0,2,0,,,,1
622,0.422178,0.000678286,0.00608943,0.00843934,0.0237835,2.37528e-05,3.29276e-05,9.29982e-05,1,1,0.5,0,2.6266,0.986611,0.979032,0,0,0,2,0,,,,1
623,0.422857,0.000678293,0.006081,0.00842595,0.0237411,2.37199e-05,3.28753e-05,9.28314e-05,1,1,0.5,0,2.6266,0.986607,0.979065,0,0,0,2,0,,,,1
624,0.423535,0.000678301,0.00607262,0.00841259,0.0236983,2.36872e-05,3.28232e-05,9.26629e-05,1,1,0.5,0,2.6266,0.986604,0.9791,0,0,0,2,0,,,,1
625,0.424213,0.000678308,0.00606424,0.00839926,0.0236552,2.36546e-05,3.27712e-05,9.24929e-05,1,1,0.5,0,2.6266,0.9866,0.979137,0,0,0,2,0,,,,1
626,0.424892,0.000678316,0.00605589,0.00838597,0.0236118,2.3622e-05,3.27193e-05,9.2327e-05,1,1,0.5,0,2.6266,0.986596,0.979176,0,0,0,2,0,,,,1
627,0.42557,0.000678323,0.00604758,0.0083727,0.0235685,2.35896e-05,3.26675e-05,9.21671e-05,1,1,0.5,0,2.6266,0.986594,0.979214,0,0,0,2,0,,,,1
628,0.426248,0.000678331,0.00603931,0.00835947,0.023528,2.35573e-05,3.26158e-05,9.20078e-05,1,1,0.5,0,2.6266,0.986591,0.979253,0,0,0,2,0,,,,1
629,0.426927,0.00067834,0.00603107,0.00834627,0.0234876,2.35252e-05,3.25643e-05,9.18485e-05,1,1,0.5,0,2.6266,0.986587,0.979294,0,0,0,2,0,,,,1
630,0.427605,0.000678348,0.00602287,0.0083331,0.0234471,2.34932e-05,3.25129e-05,9.16887e-05,1,1,0.5,0,2.6266,0.986583,0.979336,0,0,0,2,0,,,,1
631,0.428283,0.000678356,0.00601467,0.00831997,0.0234063,2.34612e-05,3.24616e-05,9.15281e-05,1,1,0.5,0,2.6266,0.98658,0.97938,0,0,0,2,0,,,,1
632,0.428962,0.000678363,0.0060065,0.00830687,0.0233653,2.34294e-05,3.24105e-05,9.13666e-05,1,1,0.5,0,2.6266,0.986576,0.979423,0,0,0,2,0,,,,1
633,0.42964,0.000678371,0.00599837,0.0082938,0.0233241,2.33976e-05,3.23595e-05,9.121e-05,1,1,0.5,0,2.6266,0.986573,0.979468,0,0,0,2,0,,,,1
634,0.430318,0.000678379,0.00599026,0.00828076,0.0232828,2.3366e-05,3.23086e-05,9.10524e-05,1,1,0.5,0,2.6266,0.98657,0.979515,0,0,0,2,0,,,,1
635,0.430997,0.000678387,0.00598218,0.00826776,0.0232417,2.33345e-05,3.22578e-05,9.08935e-05,1,1,0.5,0,2.6266,0.986567,0.979561,0,0,0,2,0,,,,1
636,0.431675,0.000678396,0.00597413,0.00825479,0.0232008,2.33031e-05,3.22072e-05,9.07337e-05,1,1,0.5,0,2.6266,0.986563,0.979608,0,0,0,2,0,,,,1
637,0.432354,0.000678404,0.0059661,0.00824186,0.0231603,2.32718e-05,3.21567e-05,9.05738e-05,1,1,0.5,0,2.6266,0.986559,0.979656,0,0,0,2,0,,,,1
638,0.433032,0.000678412,0.0059581,0.00822896,0.0231203,2.32406e-05,3.21064e-05,9.04146e-05,1,1,0.5,0,2.6266,0.986555,0.979705,0,0,0,2,0,,,,1
639,0.43371,0.00067842,0.00595011,0.00821609,0.0230808,2.32094e-05,3.20561e-05,9.02579e-05,1,1,0.5,0,2.6266,0.986553,0.979755,0,0,0,2,0,,,,1
640,0.434389,0.000678429,0.00594214,0.00820326,0.0230432,2.31783e-05,3.2006e-05,9.01126e-05,1,1,0.5,0,2.6266,0.98655,0.979805,0,0,0,2,0,,,,1
641,0.435067,0.000678438,0.0059342,0.00819046,0.0230063,2.31474e-05,3.19561e-05,8.99668e-05,1,1,0.5,0,2.6266,0.986546,0.979857,0,0,0,2,0,,,,1
642,0.435746,0.000678446,0.0059263,0.00817769,0.0229691,2.31165e-05,3.19062e-05,8.982e-05,1,1,0.5,0,2.6266,0.986542,0.979908,0,0,0,2,0,,,,1
643,0.436424,0.000678455,0.00591842,0.00816496,0.0229315,2.30858e-05,3.18565e-05,8.96721e-05,1,1,0.5,0,2.6266,0.986539,0.97996,0,0,0,2,0,,,,1
644,0.437103,0.000678464,0.00591056,0.00815227,0.0228938,2.30552e-05,3.1807e-05,8.95231e-05,1,1,0.5,0,2.6266,0.986535,0.980013,0,0,0,2,0,,,,1
645,0.437781,0.000678472,0.00590274,0.0081396,0.0228559,2.30247e-05,3.17575e-05,8.9374e-05,1,1,0.5,0,2.6266,0.986532,0.980066,0,0,0,2,0,,,,1
646,0.43846,0.000678481,0.00589495,0.00812697,0.022818,2.29943e-05,3.17082e-05,8.92284e-05,1,1,0.5,0,2.6266,0.986529,0.980119,0,0,0,2,0,,,,1
647,0.439138,0.00067849,0.00588719,0.00811438,0.0227803,2.2964e-05,3.1659e-05,8.90825e-05,1,1,0.5,0,2.6266,0.986525,0.980174,0,0,0,2,0,,,,1
648,0.439817,0.000678499,0.00587944,0.00810182,0.0227428,2.29338e-05,3.161e-05,8.89368e-05,1,1,0.5,0,2.6266,0.986522,0.980228,0,0,0,2,0,,,,1
649,0.440495,0.000678508,0.00587172,0.0080893,0.0227053,2.29037e-05,3.15611e-05,8.87918e-05,1,1,0.5,0,2.6266,0.986518,0.980283,0,0,0,2,0,,,,1
650,0.441174,0.000678517,0.00586405,0.00807681,0.022668,2.28737e-05,3.15124e-05,8.86474e-05,1,1,0.5,0,2.6266,0.986514,0.980338,0,0,0,2,0,,,,1
651,0.441852,0.000678525,0.0058564,0.00806436,0.0226312,2.28439e-05,3.14638e-05,8.85035e-05,1,1,0.5,0,2.6266,0.986512,0.980393,0,0,0,2,0,,,,1
652,0.442531,0.000678534,0.00584878,0.00805194,0.0225947,2.28142e-05,3.14153e-05,8.83596e-05,1,1,0.5,0,2.6266,0.986508,0.980448,0,0,0,2,0,,,,1
653,0.443209,0.000678542,0.00584119,0.00803956,0.0225582,2.27846e-05,3.13669e-05,8.82157e-05,1,1,0.5,0,2.6266,0.986504,0.980504,0,0,0,2,0,,,,1
654,0.443888,0.00067855,0.00583365,0.00802721,0.0225217,2.27552e-05,3.13187e-05,8.80715e-05,1,1,0.5,0,2.6266,0.9865,0.98056,0,0,0,2,0,,,,1
655,0.444566,0.000678559,0.00582613,0.0080149,0.0224851,2.27259e-05,3.12707e-05,8.79301e-05,1,1,0.5,0,2.6266,0.986497,0.980616,0,0,0,2,0,,,,1
656,0.445245,0.000678567,0.00581866,0.00800262,0.0224502,2.26967e-05,3.12227e-05,8.7795e-05,1,1,0.5,0,2.6266,0.986494,0.980673,0,0,0,2,0,,,,1
657,0.445923,0.000678576,0.00581123,0.00799039,0.022416,2.26677e-05,3.1175e-05,8.76607e-05,1,1,0.5,0,2.6266,0.986491,0.980729,0,0,0,2,0,,,,1
658,0.446602,0.000678584,0.00580382,0.00797818,0.0223817,2.26389e-05,3.11273e-05,8.75274e-05,1,1,0.5,0,2.6266,0.986487,0.980786,0,0,0,2,0,,,,1
659,0.447281,0.000678593,0.00579646,0.00796602,0.0223474,2.26101e-05,3.10798e-05,8.73948e-05,1,1,0.5,0,2.6266,0.986484,0.980843,0,0,0,2,0,,,,1
660,0.447959,0.000678602,0.00578914,0.00795388,0.0223131,2.25816e-05,3.10325e-05,8.72624e-05,1,1,0.5,0,2.6266,0.98648,0.980901,0,0,0,2,0,,,,1
661,0.448638,0.00067861,0.00578185,0.00794178,0.0222795,2.25532e-05,3.09852e-05,8.71298e-05,1,1,0.5,0,2.6266,0.986476,0.980958,0,0,0,2,0,,,,1
662,0.449316,0.000678619,0.00577459,0.00792972,0.0222458,2.25248e-05,3.09382e-05,8.69967e-05,1,1,0.5,0,2.6266,0.986473,0.981015,0,0,0,2,0,,,,1
663,0.449995,0.000678627,0.00576736,0.0079177,0.0222119,2.24967e-05,3.08912e-05,8.68629e-05,1,1,0.5,0,2.6266,0.98647,0.981072,0,0,0,2,0,,,,1
664,0.450674,0.000678636,0.00576018,0.00790571,0.0221779,2.24687e-05,3.08444e-05,8.67284e-05,1,1,0.5,0,2.6266,0.986466,0.98113,0,0,0,2,0,,,,1
665,0.451352,0.000678644,0.00575305,0.00789376,0.0221437,2.24409e-05,3.07978e-05,8.65932e-05,1,1,0.5,0,2.6266,0.986462,0.981187,0,0,0,2,0,,,,1
666,0.452031,0.000678652,0.00574597,0.00788184,0.0221093,2.24133e-05,3.07512e-05,8.64576e-05,1,1,0.5,0,2.6266,0.986459,0.981244,0,0,0,2,0,,,,1
667,0.45271,0.00067866,0.00573894,0.00786996,0.0220749,2.23858e-05,3.07049e-05,8.63217e-05,1,1,0.5,0,2.6266,0.986456,0.981301,0,0,0,2,0,,,,1
668,0.453388,0.000678667,0.00573194,0.00785812,0.0220404,2.23586e-05,3.06586e-05,8.61916e-05,1,1,0.5,0,2.6266,0.986453,0.981357,0,0,0,2,0,,,,1
669,0.454067,0.000678675,0.00572499,0.00784631,0.0220058,2.23314e-05,3.06125e-05,8.60625e-05,1,1,0.5,0,2.6266,0.98645,0.981412,0,0,0,2,0,,,,1
670,0.454746,0.000678683,0.00571807,0.00783454,0.0219729,2.23045e-05,3.05666e-05,8.59328e-05,1,1,0.5,0,2.6266,0.986446,0.981466,0,0,0,2,0,,,,1
671,0.455424,0.00067869,0.00571121,0.0078228,0.0219401,2.22777e-05,3.05208e-05,8.58028e-05,1,1,0.5,0,2.6266,0.986443,0.981521,0,0,0,2,0,,,,1
672,0.456103,0.000678697,0.00570436,0.0078111,0.0219073,2.2251e-05,3.04751e-05,8.56732e-05,1,1,0.5,0,2.6266,0.986439,0.981576,0,0,0,2,0,,,,1
673,0.456782,0.000678705,0.00569756,0.00779943,0.0218746,2.22245e-05,3.04296e-05,8.55442e-05,1,1,0.5,0,2.6266,0.986436,0.98163,0,0,0,2,0,,,,1
674,0.45746,0.000678712,0.00569082,0.0077878,0.0218422,2.21982e-05,3.03842e-05,8.5416e-05,1,1,0.5,0,2.6266,0.986433,0.981684,0,0,0,2,0,,,,1
675,0.458139,0.000678719,0.00568412,0.00777621,0.02181,2.21721e-05,3.0339e-05,8.52887e-05,1,1,0.5,0,2.6266,0.98643,0.981739,0,0,0,2,0,,,,1
676,0.458818,0.000678726,0.00567747,0.00776466,0.021778,2.21462e-05,3.02939e-05,8.51622e-05,1,1,0.5,0,2.6266,0.986426,0.981793,0,0,0,2,0,,,,1
677,0.459497,0.000678733,0.00567086,0.00775314,0.0217462,2.21204e-05,3.02489e-05,8.50368e-05,1,1,0.5,0,2.6266,0.986423,0.981846,0,0,0,2,0,,,,1
678,0.460175,0.000678739,0.00566429,0.00774165,0.021715,2.20948e-05,3.02041e-05,8.49273e-05,1,1,0.5,0,2.6266,0.986419,0.9819,0,0,0,2,0,,,,1
679,0.460854,0.000678745,0.00565775,0.0077302,0.021687,2.20693e-05,3.01594e-05,8.48163e-05,1,1,0.5,0,2.6266,0.986417,0.981954,0,0,0,2,0,,,,1
680,0.461533,0.000678751,0.00565124,0.00771878,0.0216585,2.20439e-05,3.01148e-05,8.47036e-05,1,1,0.5,0,2.6266,0.986414,0.982007,0,0,0,2,0,,,,1
681,0.462212,0.000678757,0.00564475,0.00770741,0.0216296,2.20186e-05,3.00704e-05,8.45888e-05,1,1,0.5,0,2.6266,0.986411,0.982059,0,0,0,2,0,,,,1
682,0.46289,0.000678762,0.00563828,0.00769606,0.0216,2.19934e-05,3.00262e-05,8.44718e-05,1,1,0.5,0,2.6266,0.986408,0.982109,0,0,0,2,0,,,,1
683,0.463569,0.000678767,0.00563184,0.00768475,0.0215698,2.19683e-05,2.9982e-05,8.43522e-05,1,1,0.5,0,2.6266,0.986405,0.982159,0,0,0,2,0,,,,1
684,0.464248,0.000678773,0.00562544,0.00767348,0.021539,2.19434e-05,2.99381e-05,8.42299e-05,1,1,0.5,0,2.6266,0.986402,0.982209,0,0,0,2,0,,,,1
685,0.464927,0.000678778,0.00561908,0.00766225,0.0215071,2.19186e-05,2.98942e-05,8.41038e-05,1,1,0.5,0,2.6266,0.986399,0.982258,0,0,0,2,0,,,,1
686,0.465605,0.000678783,0.00561274,0.00765104,0.0214741,2.18939e-05,2.98505e-05,8.39731e-05,1,1,0.5,0,2.6266,0.986397,0.982307,0,0,0,2,0,,,,1
687,0.466284,0.000678787,0.00560643,0.00763988,0.02144,2.18693e-05,2.98069e-05,8.38384e-05,1,1,0.5,0,2.6266,0.986394,0.982356,0,0,0,2,0,,,,1
688,0.466963,0.000678791,0.00560015,0.00762874,0.0214093,2.18448e-05,2.97635e-05,8.37158e-05,1,1,0.5,0,2.6266,0.986391,0.982405,0,0,0,2,0,,,,1
689,0.467642,0.000678795,0.00559389,0.00761764,0.021379,2.18204e-05,2.97202e-05,8.35958e-05,1,1,0.5,0,2.6266,0.986388,0.982453,0,0,0,2,0,,,,1
690,0.468321,0.000678799,0.00558765,0.00760657,0.0213487,2.17961e-05,2.9677e-05,8.3476e-05,1,1,0.5,0,2.6266,0.986385,0.982502,0,0,0,2,0,,,,1
691,0.468999,0.000678802,0.00558143,0.00759555,0.0213186,2.17719e-05,2.9634e-05,8.33566e-05,1,1,0.5,0,2.6266,0.986383,0.982548,0,0,0,2,0,,,,1
692,0.469678,0.000678805,0.00557524,0.00758455,0.0212885,2.17477e-05,2.95911e-05,8.3243e-05,1,1,0.5,0,2.6266,0.98638,0.982594,0,0,0,2,0,,,,1
693,0.470357,0.000678807,0.00556906,0.00757359,0.0212585,2.17237e-05,2.95483e-05,8.31319e-05,1,1,0.5,0,2.6266,0.986378,0.98264,0,0,0,2,0,,,,1
694,0.471036,0.000678808,0.0055629,0.00756266,0.0212306,2.16997e-05,2.95057e-05,8.3021e-05,1,1,0.5,0,2.6266,0.986375,0.982685,0,0,0,2,0,,,,1
695,0.471715,0.00067881,0.00555676,0.00755176,0.0212027,2.16758e-05,2.94632e-05,8.29105e-05,1,1,0.5,0,2.6266,0.986374,0.982729,0,0,0,2,0,,,,1
696,0.472394,0.000678811,0.00555065,0.0075409,0.021175,2.1652e-05,2.94208e-05,8.28003e-05,1,1,0.5,0,2.6266,0.986372,0.982773,0,0,0,2,0,,,,1
697,0.473072,0.000678812,0.00554455,0.00753007,0.0211473,2.16282e-05,2.93786e-05,8.26906e-05,1,1,0.5,0,2.6266,0.98637,0.982815,0,0,0,2,0,,,,1
698,0.473751,0.000678813,0.00553846,0.00751928,0.0211198,2.16044e-05,2.93365e-05,8.25812e-05,1,1,0.5,0,2.6266,0.986369,0.982858,0,0,0,2,0,,,,1
699,0.47443,0.000678812,0.00553238,0.00750851,0.0210922,2.15808e-05,2.92945e-05,8.24718e-05,1,1,0.5,0,2.6266,0.986367,0.9829,0,0,0,2,0,,,,1
700,0.475109,0.000678811,0.00552632,0.00749778,0.0210646,2.15571e-05,2.92526e-05,8.23622e-05,1,1,0.5,0,2.6266,0.986365,0.982942,0,0,0,2,0,,,,1
701,0.475788,0.00067881,0.00552026,0.00748708,0.0210369,2.15336e-05,2.92109e-05,8.22526e-05,1,1,0.5,0,2.6266,0.986363,0.982984,0,0,0,2,0,,,,1
702,0.476466,0.000678809,0.00551422,0.00747642,0.021009,2.151e-05,2.91693e-05,8.21466e-05,1,1,0.5,0,2.6266,0.986362,0.983026,0,0,0,2,0,,,,1
703,0.477145,0.000678808,0.00550818,0.00746579,0.020981,2.14865e-05,2.91278e-05,8.20435e-05,1,1,0.5,0,2.6266,0.98636,0.983068,0,0,0,2,0,,,,1
704,0.477824,0.000678806,0.00550216,0.00745518,0.0209553,2.1463e-05,2.90865e-05,8.19409e-05,1,1,0.5,0,2.6266,0.986358,0.983109,0,0,0,2,0,,,,1
705,0.478503,0.000678804,0.00549615,0.00744461,0.0209293,2.14396e-05,2.90453e-05,8.18378e-05,1,1,0.5,0,2.6266,0.986357,0.983148,0,0,0,2,0,,,,1
706,0.479182,0.000678802,0.00549015,0.00743407,0.0209033,2.14162e-05,2.90042e-05,8.17341e-05,1,1,0.5,0,2.6266,0.986355,0.983187,0,0,0,2,0,,,,1
707,0.47986,0.0006788,0.00548416,0.00742356,0.0208771,2.13929e-05,2.89632e-05,8.16299e-05,1,1,0.5,0,2.6266,0.986355,0.983226,0,0,0,2,0,,,,1
708,0.480539,0.000678798,0.00547817,0.00741308,0.0208508,2.13695e-05,2.89223e-05,8.15273e-05,1,1,0.5,0,2.6266,0.986354,0.983265,0,0,0,2,0,,,,1
709,0.481218,0.000678795,0.00547218,0.00740264,0.0208245,2.13462e-05,2.88816e-05,8.14253e-05,1,1,0.5,0,2.6266,0.986354,0.983304,0,0,0,2,0,,,,1
710,0.481897,0.000678793,0.00546621,0.00739222,0.0207983,2.1323e-05,2.8841e-05,8.13231e-05,1,1,0.5,0,2.6266,0.986354,0.983342,0,0,0,2,0,,,,1
711,0.482576,0.000678791,0.00546025,0.00738184,0.0207722,2.12997e-05,2.88005e-05,8.12208e-05,1,1,0.5,0,2.6266,0.986354,0.983381,0,0,0,2,0,,,,1
712,0.483254,0.000678788,0.0054543,0.00737148,0.0207471,2.12765e-05,2.87601e-05,8.11258e-05,1,1,0.5,0,2.6266,0.986354,0.98342,0,0,0,2,0,,,,1
713,0.483933,0.000678786,0.00544835,0.00736115,0.0207233,2.12534e-05,2.87198e-05,8.1031e-05,1,1,0.5,0,2.6266,0.986354,0.983458,0,0,0,2,0,,,,1
714,0.484612,0.000678784,0.0054424,0.00735085,0.0206994,2.12302e-05,2.86797e-05,8.09357e-05,1,1,0.5,0,2.6266,0.986354,0.983497,0,0,0,2,0,,,,1
715,0.485291,0.000678781,0.00543646,0.00734058,0.0206754,2.12071e-05,2.86396e-05,8.084e-05,1,1,0.5,0,2.6266,0.986355,0.983537,0,0,0,2,0,,,,1
716,0.485969,0.000678779,0.00543052,0.00733034,0.0206513,2.11839e-05,2.85997e-05,8.0744e-05,1,1,0.5,0,2.6266,0.986355,0.983576,0,0,0,2,0,,,,1
717,0.486648,0.000678777,0.00542458,0.00732012,0.0206272,2.11608e-05,2.85599e-05,8.06477e-05,1,1,0.5,0,2.6266,0.986355,0.983616,0,0,0,2,0,,,,1
718,0.487327,0.000678775,0.00541864,0.00730994,0.0206031,2.11377e-05,2.85202e-05,8.05516e-05,1,1,0.5,0,2.6266,0.986356,0.983657,0,0,0,2,0,,,,1
719,0.488006,0.000678773,0.00541271,0.00729977,0.0205791,2.11145e-05,2.84806e-05,8.04557e-05,1,1,0.5,0,2.6266,0.986357,0.983697,0,0,0,2,0,,,,1
720,0.488685,0.000678772,0.00540679,0.00728964,0.0205551,2.10915e-05,2.84411e-05,8.03672e-05,1,1,0.5,0,2.6266,0.986358,0.983737,0,0,0,2,0,,,,1
721,0.489363,0.00067877,0.00540087,0.00727953,0.0205324,2.10684e-05,2.84017e-05,8.02822e-05,1,1,0.5,0,2.6266,0.98636,0.983776,0,0,0,2,0,,,,1
722,0.490042,0.000678769,0.00539495,0.00726945,0.0205111,2.10454e-05,2.83624e-05,8.01968e-05,1,1,0.5,0,2.6266,0.986361,0.983816,0,0,0,2,0,,,,1
723,0.490721,0.000678767,0.00538903,0.0072594,0.0204896,2.10223e-05,2.83232e-05,8.01108e-05,1,1,0.5,0,2.6266,0.986364,0.983856,0,0,0,2,0,,,,1
724,0.4914,0.000678766,0.00538311,0.00724937,0.0204678,2.09992e-05,2.82841e-05,8.0024e-05,1,1,0.5,0,2.6266,0.986367,0.983896,0,0,0,2,0,,,,1
725,0.492078,0.000678765,0.00537719,0.00723936,0.020446,2.09762e-05,2.82451e-05,7.99364e-05,1,1,0.5,0,2.6266,0.98637,0.983937,0,0,0,2,0,,,,1
726,0.492757,0.000678765,0.00537128,0.00722938,0.0204239,2.09531e-05,2.82062e-05,7.98483e-05,1,1,0.5,0,2.6266,0.986374,0.983978,0,0,0,2,0,,,,1
727,0.493436,0.000678764,0.00536535,0.00721942,0.0204017,2.09301e-05,2.81674e-05,7.97595e-05,1,1,0.5,0,2.6266,0.986377,0.98402,0,0,0,2,0,,,,1
728,0.494115,0.000678763,0.00535943,0.00720949,0.0203795,2.0907e-05,2.81287e-05,7.96705e-05,1,1,0.5,0,2.6266,0.98638,0.984062,0,0,0,2,0,,,,1
729,0.494793,0.000678762,0.00535352,0.00719958,0.0203575,2.0884e-05,2.809e-05,7.9592e-05,1,1,0.5,0,2.6266,0.986383,0.984105,0,0,0,2,0,,,,1
730,0.495472,0.000678761,0.00534761,0.0071897,0.0203378,2.08609e-05,2.80515e-05,7.9516e-05,1,1,0.5,0,2.6266,0.986387,0.984148,0,0,0,2,0,,,,1
731,0.496151,0.000678761,0.00534168,0.00717984,0.0203191,2.08378e-05,2.80131e-05,7.94408e-05,1,1,0.5,0,2.6266,0.986391,0.984192,0,0,0,2,0,,,,1
732,0.49683,0.000678761,0.00533575,0.00716999,0.0202999,2.08147e-05,2.79747e-05,7.93637e-05,1,1,0.5,0,2.6266,0.986396,0.984236,0,0,0,2,0,,,,1
733,0.497509,0.000678761,0.00532982,0.00716017,0.0202802,2.07916e-05,2.79364e-05,7.92846e-05,1,1,0.5,0,2.6266,0.9864,0.984281,0,0,0,2,0,,,,1
734,0.498187,0.000678761,0.00532389,0.00715037,0.0202604,2.07685e-05,2.78982e-05,7.92051e-05,1,1,0.5,0,2.6266,0.986405,0.984326,0,0,0,2,0,,,,1
735,0.498866,0.000678762,0.00531794,0.00714059,0.0202407,2.07454e-05,2.78601e-05,7.91261e-05,1,1,0.5,0,2.6266,0.98641,0.984372,0,0,0,2,0,,,,1
736,0.499545,0.000678763,0.00531199,0.00713084,0.0202211,2.07222e-05,2.78221e-05,7.90501e-05,1,1,0.5,0,2.6266,0.986416,0.984356,0,0,0,2,0,,,,1
737,0.5,0.000455195,0.00530802,0.00712433,0.0202075,2.07067e-05,2.77967e-05,7.8999e-05,1,1,0.5,0,2.6266,0.98642,0.984331,0,0,0,2,0,,,,1
