step,time,dt,L1_fv,L2_fv,Linf_fv,L1_norm_fv,L2_norm_fv,Linf_norm_fv,total_mass,total_momentum_x,total_momentum_y,total_momentum_z,total_energy,min_density,min_pressure,has_nonfinite,has_negative_density,has_negative_pressure,cleaning_subcycles_step,projection_iterations_step,projection_solver_update_residual,projection_final_residual,projection_true_residual,projection_converged
0,0,0.001,0.0198189,0.0700597,0.486104,7.60809e-05,0.00026775,0.00184213,1,1,0.5,0,2.6266,1,1,0,0,0,0,0,,,,1
1,0.000681806,0.000681806,0.0198067,0.0699704,0.485173,7.60355e-05,0.000267415,0.00183866,1,1,0.5,0,2.6266,0.999994,0.999769,0,0,0,2,0,,,,1
2,0.0013636,0.000681793,0.0197857,0.0698191,0.483607,7.59574e-05,0.000266847,0.00183282,1,1,0.5,0,2.6266,0.999987,0.999532,0,0,0,2,0,,,,1
3,0.00204536,0.000681762,0.0197567,0.0696117,0.481466,7.58494e-05,0.000266068,0.00182485,1,1,0.5,0,2.6266,0.999975,0.999289,0,0,0,2,0,,,,1
4,0.00272708,0.000681719,0.0197204,0.0693537,0.478805,7.57143e-05,0.000265099,0.00181495,1,1,0.5,0,2.6266,0.999959,0.99904,0,0,0,2,0,,,,1
5,0.00340875,0.000681671,0.0196777,0.0690504,0.475678,7.55548e-05,0.000263958,0.00180332,1,1,0.5,0,2.6266,0.99994,0.998784,0,0,0,2,0,,,,1
6,0.00409037,0.00068162,0.019629,0.0687063,0.472131,7.53732e-05,0.000262665,0.00179013,1,1,0.5,0,2.6266,0.999916,0.998523,0,0,0,2,0,,,,1
7,0.00477194,0.000681568,0.019575,0.0683261,0.46823,7.51718e-05,0.000261236,0.00177554,1,1,0.5,0,2.6266,0.999889,0.998256,0,0,0,2,0,,,,1
8,0.00545346,0.000681516,0.0195162,0.0679139,0.464043,7.49525e-05,0.000259686,0.00175972,1,1,0.5,0,2.6266,0.999857,0.997985,0,0,0,2,0,,,,1
9,0.00613492,0.000681464,0.0194532,0.0674734,0.459567,7.47173e-05,0.00025803,0.00174281,1,1,0.5,0,2.6266,0.999822,0.997709,0,0,0,2,0,,,,1
10,0.00681633,0.000681413,0.0193864,0.0670082,0.454837,7.44679e-05,0.000256281,0.00172494,1,1,0.5,0,2.6266,0.999784,0.997427,0,0,0,2,0,,,,1
11,0.0074977,0.000681363,0.0193162,0.0665217,0.449884,7.42059e-05,0.000254451,0.00170623,1,1,0.5,0,2.6266,0.999741,0.997142,0,0,0,2,0,,,,1
12,0.00817901,0.000681314,0.019243,0.0660166,0.44474,7.39327e-05,0.000252552,0.00168679,1,1,0.5,0,2.6266,0.999695,0.996853,0,0,0,2,0,,,,1
13,0.00886028,0.000681266,0.0191673,0.0654959,0.43943,7.36498e-05,0.000250593,0.00166674,1,1,0.5,0,2.6266,0.999645,0.996562,0,0,0,2,0,,,,1
14,0.0095415,0.000681219,0.0190892,0.0649621,0.433982,7.33584e-05,0.000248585,0.00164616,1,1,0.5,0,2.6266,0.999592,0.996268,0,0,0,2,0,,,,1
15,0.0102227,0.000681174,0.0190093,0.0644173,0.428418,7.30597e-05,0.000246536,0.00162521,1,1,0.5,0,2.6266,0.999536,0.995972,0,0,0,2,0,,,,1
16,0.0109038,0.000681131,0.0189276,0.0638639,0.42276,7.27546e-05,0.000244453,0.00160454,1,1,0.5,0,2.6266,0.999476,0.995675,0,0,0,2,0,,,,1
17,0.0115849,0.000681089,0.0188446,0.0633036,0.417028,7.24442e-05,0.000242345,0.0015836,1,1,0.5,0,2.6266,0.999414,0.995377,0,0,0,2,0,,,,1
18,0.0122659,0.000681048,0.0187604,0.0627382,0.411294,7.21294e-05,0.000240217,0.00156244,1,1,0.5,0,2.6266,0.999348,0.995075,0,0,0,2,0,,,,1
19,0.0129469,0.000681009,0.0186752,0.0621692,0.405662,7.1811e-05,0.000238076,0.00154112,1,1,0.5,0,2.6266,0.999279,0.994773,0,0,0,2,0,,,,1
20,0.0136279,0.000680972,0.0185893,0.0615982,0.400002,7.14897e-05,0.000235926,0.0015197,1,1,0.5,0,2.6266,0.999208,0.99447,0,0,0,2,0,,,,1
21,0.0143089,0.000680936,0.0185028,0.0610263,0.394328,7.11662e-05,0.000233773,0.00149823,1,1,0.5,0,2.6266,0.999133,0.994168,0,0,0,2,0,,,,1
22,0.0149898,0.000680902,0.0184159,0.0604548,0.388652,7.08411e-05,0.000231621,0.00147675,1,1,0.5,0,2.6266,0.999055,0.993866,0,0,0,2,0,,,,1
23,0.0156706,0.00068087,0.0183288,0.0598846,0.382984,7.05151e-05,0.000229473,0.00145531,1,1,0.5,0,2.6266,0.998975,0.993564,0,0,0,2,0,,,,1
24,0.0163515,0.000680839,0.0182416,0.0593166,0.377335,7.01885e-05,0.000227334,0.00143399,1,1,0.5,0,2.6266,0.998893,0.993264,0,0,0,2,0,,,,1
25,0.0170323,0.00068081,0.0181543,0.0587518,0.371714,6.98619e-05,0.000225206,0.0014131,1,1,0.5,0,2.6266,0.998808,0.992965,0,0,0,2,0,,,,1
26,0.0177131,0.000680783,0.0180672,0.0581907,0.366128,6.95358e-05,0.000223092,0.00139258,1,1,0.5,0,2.6266,0.998721,0.992667,0,0,0,2,0,,,,1
27,0.0183938,0.000680758,0.0179804,0.0576341,0.360657,6.92104e-05,0.000220994,0.00137231,1,1,0.5,0,2.6266,0.998631,0.992372,0,0,0,2,0,,,,1
28,0.0190746,0.000680734,0.0178938,0.0570824,0.355329,6.88861e-05,0.000218914,0.00135239,1,1,0.5,0,2.6266,0.99854,0.992078,0,0,0,2,0,,,,1
29,0.0197553,0.000680712,0.0178077,0.0565361,0.350075,6.85633e-05,0.000216855,0.00133282,1,1,0.5,0,2.6266,0.998446,0.991786,0,0,0,2,0,,,,1
30,0.020436,0.000680691,0.017722,0.0559958,0.344894,6.82421e-05,0.000214817,0.00131345,1,1,0.5,0,2.6266,0.998351,0.991497,0,0,0,2,0,,,,1
31,0.0211166,0.000680672,0.0176369,0.0554616,0.339841,6.79229e-05,0.000212803,0.00129428,1,1,0.5,0,2.6266,0.998253,0.99121,0,0,0,2,0,,,,1
32,0.0217973,0.000680654,0.0175524,0.0549339,0.334847,6.76059e-05,0.000210812,0.00127534,1,1,0.5,0,2.6266,0.998154,0.990926,0,0,0,2,0,,,,1
33,0.0224779,0.000680638,0.0174685,0.054413,0.329915,6.72912e-05,0.000208847,0.00125663,1,1,0.5,0,2.6266,0.998054,0.990645,0,0,0,2,0,,,,1
34,0.0231585,0.000680624,0.0173853,0.053899,0.325047,6.69791e-05,0.000206907,0.00123817,1,1,0.5,0,2.6266,0.997952,0.990367,0,0,0,2,0,,,,1
35,0.0238392,0.000680611,0.0173029,0.0533921,0.320246,6.66696e-05,0.000204994,0.00122035,1,1,0.5,0,2.6266,0.997848,0.990092,0,0,0,2,0,,,,1
36,0.0245198,0.000680599,0.0172212,0.0528924,0.315514,6.6363e-05,0.000203108,0.00120302,1,1,0.5,0,2.6266,0.997743,0.989821,0,0,0,2,0,,,,1
37,0.0252003,0.000680588,0.0171403,0.0524001,0.310961,6.60592e-05,0.000201248,0.00118594,1,1,0.5,0,2.6266,0.997637,0.989553,0,0,0,2,0,,,,1
38,0.0258809,0.000680579,0.0170602,0.0519151,0.306529,6.57585e-05,0.000199417,0.0011691,1,1,0.5,0,2.6266,0.997529,0.989288,0,0,0,2,0,,,,1
39,0.0265615,0.000680571,0.016981,0.0514375,0.302163,6.54609e-05,0.000197613,0.00115252,1,1,0.5,0,2.6266,0.99742,0.989027,0,0,0,2,0,,,,1
40,0.0272421,0.000680564,0.0169026,0.0509674,0.297865,6.51664e-05,0.000195836,0.0011362,1,1,0.5,0,2.6266,0.99731,0.98877,0,0,0,2,0,,,,1
41,0.0279226,0.000680558,0.0168251,0.0505046,0.293636,6.48751e-05,0.000194087,0.00112013,1,1,0.5,0,2.6266,0.997199,0.988516,0,0,0,2,0,,,,1
42,0.0286032,0.000680553,0.0167485,0.0500493,0.289476,6.45871e-05,0.000192366,0.00110455,1,1,0.5,0,2.6266,0.997087,0.988266,0,0,0,2,0,,,,1
43,0.0292837,0.000680548,0.0166728,0.0496012,0.285386,6.43023e-05,0.000190672,0.00108932,1,1,0.5,0,2.6266,0.996975,0.988019,0,0,0,2,0,,,,1
44,0.0299643,0.000680545,0.016598,0.0491605,0.281402,6.40208e-05,0.000189005,0.00107455,1,1,0.5,0,2.6266,0.996862,0.987775,0,0,0,2,0,,,,1
45,0.0306448,0.000680542,0.016524,0.048727,0.277556,6.37427e-05,0.000187365,0.00106012,1,1,0.5,0,2.6266,0.996749,0.987535,0,0,0,2,0,,,,1
46,0.0313253,0.000680539,0.016451,0.0483006,0.273801,6.34679e-05,0.000185752,0.00104608,1,1,0.5,0,2.6266,0.996635,0.987299,0,0,0,2,0,,,,1
47,0.0320059,0.000680537,0.0163789,0.0478812,0.270115,6.31963e-05,0.000184165,0.00103227,1,1,0.5,0,2.6266,0.996521,0.987068,0,0,0,2,0,,,,1
48,0.0326864,0.000680535,0.0163076,0.0474688,0.266547,6.29281e-05,0.000182604,0.00101869,1,1,0.5,0,2.6266,0.996407,0.98684,0,0,0,2,0,,,,1
49,0.0333669,0.000680534,0.0162373,0.0470632,0.26304,6.26632e-05,0.000181069,0.00100534,1,1,0.5,0,2.6266,0.996293,0.986616,0,0,0,2,0,,,,1
50,0.0340475,0.000680532,0.0161678,0.0466644,0.259592,6.24015e-05,0.000179559,0.000992219,1,1,0.5,0,2.6266,0.996177,0.986396,0,0,0,2,0,,,,1
51,0.034728,0.00068053,0.0160992,0.0462722,0.256205,6.21431e-05,0.000178074,0.000979327,1,1,0.5,0,2.6266,0.996061,0.986179,0,0,0,2,0,,,,1
52,0.0354085,0.000680527,0.0160315,0.0458866,0.252876,6.18879e-05,0.000176613,0.000966815,1,1,0.5,0,2.6266,0.995944,0.985967,0,0,0,2,0,,,,1
53,0.0360891,0.000680525,0.0159646,0.0455073,0.249607,6.16359e-05,0.000175176,0.000954761,1,1,0.5,0,2.6266,0.995827,0.985759,0,0,0,2,0,,,,1
54,0.0367696,0.000680521,0.0158986,0.0451343,0.246436,6.1387e-05,0.000173762,0.00094291,1,1,0.5,0,2.6266,0.99571,0.985554,0,0,0,2,0,,,,1
55,0.0374501,0.000680516,0.0158334,0.0447675,0.243379,6.11413e-05,0.000172372,0.000931261,1,1,0.5,0,2.6266,0.995594,0.985354,0,0,0,2,0,,,,1
56,0.0381306,0.000680511,0.0157691,0.0444067,0.240374,6.08986e-05,0.000171004,0.000919811,1,1,0.5,0,2.6266,0.995478,0.985157,0,0,0,2,0,,,,1
57,0.0388111,0.000680505,0.0157055,0.0440519,0.237421,6.0659e-05,0.000169659,0.000908559,1,1,0.5,0,2.6266,0.995362,0.984964,0,0,0,2,0,,,,1
58,0.0394916,0.000680498,0.0156428,0.0437028,0.23452,6.04224e-05,0.000168335,0.000897503,1,1,0.5,0,2.6266,0.995246,0.984776,0,0,0,2,0,,,,1
59,0.0401721,0.00068049,0.0155809,0.0433594,0.231669,6.01888e-05,0.000167032,0.00088664,1,1,0.5,0,2.6266,0.995131,0.984591,0,0,0,2,0,,,,1
60,0.0408526,0.000680481,0.0155198,0.0430216,0.228868,5.9958e-05,0.00016575,0.000876103,1,1,0.5,0,2.6266,0.995017,0.984409,0,0,0,2,0,,,,1
61,0.0415331,0.000680471,0.0154594,0.0426893,0.226116,5.97301e-05,0.000164489,0.000865785,1,1,0.5,0,2.6266,0.994903,0.984232,0,0,0,2,0,,,,1
62,0.0422135,0.000680461,0.0153998,0.0423622,0.223417,5.9505e-05,0.000163248,0.000855777,1,1,0.5,0,2.6266,0.99479,0.984059,0,0,0,2,0,,,,1
63,0.042894,0.00068045,0.0153409,0.0420404,0.220823,5.92827e-05,0.000162026,0.000845937,1,1,0.5,0,2.6266,0.994677,0.983889,0,0,0,2,0,,,,1
64,0.0435744,0.000680438,0.0152828,0.0417237,0.218288,5.90631e-05,0.000160824,0.00083636,1,1,0.5,0,2.6266,0.994565,0.983722,0,0,0,2,0,,,,1
65,0.0442548,0.000680425,0.0152253,0.041412,0.215795,5.88462e-05,0.00015964,0.000826983,1,1,0.5,0,2.6266,0.994452,0.98356,0,0,0,2,0,,,,1
66,0.0449352,0.000680412,0.0151686,0.0411052,0.213345,5.86319e-05,0.000158475,0.000817762,1,1,0.5,0,2.6266,0.994339,0.983401,0,0,0,2,0,,,,1
67,0.0456156,0.000680398,0.0151126,0.0408031,0.210964,5.84202e-05,0.000157327,0.000808693,1,1,0.5,0,2.6266,0.994227,0.983245,0,0,0,2,0,,,,1
68,0.046296,0.000680384,0.0150573,0.0405057,0.208628,5.8211e-05,0.000156197,0.000799776,1,1,0.5,0,2.6266,0.994115,0.983093,0,0,0,2,0,,,,1
69,0.0469764,0.000680369,0.0150026,0.0402129,0.206331,5.80043e-05,0.000155084,0.000791007,1,1,0.5,0,2.6266,0.994004,0.982944,0,0,0,2,0,,,,1
70,0.0476567,0.000680354,0.0149486,0.0399245,0.204072,5.78001e-05,0.000153988,0.000782385,1,1,0.5,0,2.6266,0.993893,0.982797,0,0,0,2,0,,,,1
71,0.0483371,0.000680338,0.0148952,0.0396405,0.201851,5.75982e-05,0.000152909,0.000773907,1,1,0.5,0,2.6266,0.993784,0.982654,0,0,0,2,0,,,,1
72,0.0490174,0.000680321,0.0148424,0.0393608,0.199667,5.73987e-05,0.000151845,0.000765661,1,1,0.5,0,2.6266,0.993675,0.982513,0,0,0,2,0,,,,1
73,0.0496977,0.000680305,0.0147903,0.0390853,0.197519,5.72015e-05,0.000150798,0.000757672,1,1,0.5,0,2.6266,0.993568,0.982376,0,0,0,2,0,,,,1
74,0.050378,0.000680289,0.0147388,0.0388138,0.195412,5.70065e-05,0.000149765,0.000749812,1,1,0.5,0,2.6266,0.993461,0.982242,0,0,0,2,0,,,,1
75,0.0510583,0.000680271,0.0146878,0.0385464,0.193388,5.68138e-05,0.000148748,0.000742076,1,1,0.5,0,2.6266,0.993355,0.982111,0,0,0,2,0,,,,1
76,0.0517385,0.000680253,0.0146375,0.0382828,0.191396,5.66232e-05,0.000147745,0.000734464,1,1,0.5,0,2.6266,0.99325,0.981984,0,0,0,2,0,,,,1
77,0.0524188,0.000680236,0.0145877,0.0380231,0.189436,5.64348e-05,0.000146757,0.000726973,1,1,0.5,0,2.6266,0.993147,0.981859,0,0,0,2,0,,,,1
78,0.053099,0.000680218,0.0145385,0.0377671,0.187507,5.62484e-05,0.000145783,0.000719601,1,1,0.5,0,2.6266,0.993044,0.981737,0,0,0,2,0,,,,1
79,0.0537792,0.000680201,0.0144898,0.0375148,0.185609,5.60641e-05,0.000144822,0.000712347,1,1,0.5,0,2.6266,0.992942,0.981618,0,0,0,2,0,,,,1
80,0.0544594,0.000680182,0.0144417,0.037266,0.18374,5.58818e-05,0.000143875,0.000705208,1,1,0.5,0,2.6266,0.992842,0.981502,0,0,0,2,0,,,,1
81,0.0551395,0.000680163,0.0143941,0.0370208,0.181902,5.57015e-05,0.000142942,0.000698182,1,1,0.5,0,2.6266,0.992743,0.981389,0,0,0,2,0,,,,1
82,0.0558197,0.000680144,0.014347,0.0367789,0.180092,5.55231e-05,0.000142021,0.000691294,1,1,0.5,0,2.6266,0.992644,0.981279,0,0,0,2,0,,,,1
83,0.0564998,0.000680125,0.0143004,0.0365405,0.178311,5.53466e-05,0.000141113,0.000684584,1,1,0.5,0,2.6266,0.992545,0.981171,0,0,0,2,0,,,,1
84,0.0571799,0.000680106,0.0142543,0.0363053,0.176558,5.51719e-05,0.000140217,0.000678038,1,1,0.5,0,2.6266,0.992446,0.981066,0,0,0,2,0,,,,1
85,0.05786,0.000680087,0.0142087,0.0360733,0.174841,5.49991e-05,0.000139333,0.000671591,1,1,0.5,0,2.6266,0.992348,0.980964,0,0,0,2,0,,,,1
86,0.05854,0.000680069,0.0141635,0.0358445,0.173181,5.4828e-05,0.000138461,0.000665241,1,1,0.5,0,2.6266,0.992252,0.980864,0,0,0,2,0,,,,1
87,0.0592201,0.00068005,0.0141189,0.0356187,0.171546,5.46587e-05,0.000137601,0.000658986,1,1,0.5,0,2.6266,0.992156,0.980767,0,0,0,2,0,,,,1
88,0.0599001,0.000680031,0.0140747,0.035396,0.169935,5.44911e-05,0.000136753,0.000652887,1,1,0.5,0,2.6266,0.992062,0.980672,0,0,0,2,0,,,,1
89,0.0605801,0.000680012,0.0140309,0.0351762,0.168349,5.43252e-05,0.000135915,0.000646884,1,1,0.5,0,2.6266,0.991969,0.980579,0,0,0,2,0,,,,1
90,0.0612601,0.000679992,0.0139876,0.0349594,0.166786,5.41609e-05,0.000135088,0.000640968,1,1,0.5,0,2.6266,0.991877,0.980488,0,0,0,2,0,,,,1
91,0.0619401,0.000679973,0.0139447,0.0347453,0.165246,5.39983e-05,0.000134272,0.000635138,1,1,0.5,0,2.6266,0.991786,0.980397,0,0,0,2,0,,,,1
92,0.0626201,0.000679953,0.0139023,0.0345341,0.163742,5.38373e-05,0.000133467,0.000629393,1,1,0.5,0,2.6266,0.991696,0.980309,0,0,0,2,0,,,,1
93,0.0633,0.000679934,0.0138602,0.0343255,0.162263,5.36778e-05,0.000132672,0.000623731,1,1,0.5,0,2.6266,0.991608,0.980223,0,0,0,2,0,,,,1
94,0.0639799,0.000679915,0.0138186,0.0341196,0.160805,5.35198e-05,0.000131886,0.00061815,1,1,0.5,0,2.6266,0.991521,0.980139,0,0,0,2,0,,,,1
95,0.0646598,0.000679895,0.0137774,0.0339164,0.159368,5.33634e-05,0.000131111,0.000612649,1,1,0.5,0,2.6266,0.991436,0.980057,0,0,0,2,0,,,,1
96,0.0653397,0.000679876,0.0137365,0.0337157,0.157951,5.32084e-05,0.000130346,0.000607226,1,1,0.5,0,2.6266,0.991351,0.979977,0,0,0,2,0,,,,1
97,0.0660195,0.000679857,0.0136961,0.0335175,0.156554,5.30549e-05,0.000129589,0.00060188,1,1,0.5,0,2.6266,0.991268,0.979899,0,0,0,2,0,,,,1
98,0.0666994,0.000679838,0.013656,0.0333218,0.155178,5.29028e-05,0.000128843,0.000596712,1,1,0.5,0,2.6266,0.991187,0.979823,0,0,0,2,0,,,,1
99,0.0673792,0.000679819,0.0136164,0.0331285,0.15382,5.27522e-05,0.000128105,0.000591622,1,1,0.5,0,2.6266,0.991106,0.979749,0,0,0,2,0,,,,1
100,0.068059,0.0006798,0.013577,0.0329375,0.152486,5.26029e-05,0.000127376,0.000586602,1,1,0.5,0,2.6266,0.991027,0.979677,0,0,0,2,0,,,,1
101,0.0687388,0.000679781,0.0135381,0.0327489,0.151193,5.24549e-05,0.000126656,0.00058165,1,1,0.5,0,2.6266,0.990949,0.979607,0,0,0,2,0,,,,1
102,0.0694185,0.000679762,0.0134995,0.0325626,0.149918,5.23083e-05,0.000125945,0.000576765,1,1,0.5,0,2.6266,0.990869,0.979539,0,0,0,2,0,,,,1
103,0.0700983,0.000679743,0.0134612,0.0323785,0.14866,5.2163e-05,0.000125242,0.000571944,1,1,0.5,0,2.6266,0.990791,0.979472,0,0,0,2,0,,,,1
104,0.070778,0.000679724,0.0134233,0.0321966,0.147419,5.20189e-05,0.000124548,0.000567188,1,1,0.5,0,2.6266,0.990714,0.979406,0,0,0,2,0,,,,1
105,0.0714577,0.000679705,0.0133857,0.0320168,0.146194,5.18762e-05,0.000123861,0.000562495,1,1,0.5,0,2.6266,0.990638,0.979342,0,0,0,2,0,,,,1
106,0.0721374,0.000679687,0.0133485,0.0318392,0.144985,5.17346e-05,0.000123183,0.000557864,1,1,0.5,0,2.6266,0.990564,0.979279,0,0,0,2,0,,,,1
107,0.0728171,0.000679668,0.0133116,0.0316636,0.143793,5.15943e-05,0.000122512,0.000553294,1,1,0.5,0,2.6266,0.990492,0.979218,0,0,0,2,0,,,,1
108,0.0734967,0.00067965,0.013275,0.0314901,0.142615,5.14552e-05,0.00012185,0.000548783,1,1,0.5,0,2.6266,0.99042,0.979159,0,0,0,2,0,,,,1
109,0.0741763,0.000679631,0.0132387,0.0313186,0.141454,5.13173e-05,0.000121194,0.000544331,1,1,0.5,0,2.6266,0.990351,0.979101,0,0,0,2,0,,,,1
110,0.074856,0.000679613,0.0132027,0.031149,0.140307,5.11805e-05,0.000120546,0.000539937,1,1,0.5,0,2.6266,0.990282,0.979044,0,0,0,2,0,,,,1
111,0.0755356,0.000679594,0.013167,0.0309814,0.139175,5.10449e-05,0.000119906,0.000535642,1,1,0.5,0,2.6266,0.990216,0.978986,0,0,0,2,0,,,,1
112,0.0762151,0.000679576,0.0131317,0.0308156,0.138057,5.09104e-05,0.000119273,0.000531443,1,1,0.5,0,2.6266,0.990151,0.978929,0,0,0,2,0,,,,1
113,0.0768947,0.000679558,0.0130966,0.0306518,0.136954,5.07771e-05,0.000118646,0.000527296,1,1,0.5,0,2.6266,0.990087,0.978874,0,0,0,2,0,,,,1
114,0.0775742,0.000679541,0.0130618,0.0304897,0.135877,5.06448e-05,0.000118027,0.0005232,1,1,0.5,0,2.6266,0.990024,0.978821,0,0,0,2,0,,,,1
115,0.0782538,0.000679523,0.0130273,0.0303295,0.134822,5.05136e-05,0.000117414,0.000519154,1,1,0.5,0,2.6266,0.989961,0.978769,0,0,0,2,0,,,,1
116,0.0789333,0.000679506,0.0129931,0.030171,0.13378,5.03835e-05,0.000116808,0.000515157,1,1,0.5,0,2.6266,0.9899,0.978718,0,0,0,2,0,,,,1
117,0.0796127,0.000679488,0.0129592,0.0300142,0.13275,5.02544e-05,0.000116209,0.000511209,1,1,0.5,0,2.6266,0.989841,0.978669,0,0,0,2,0,,,,1
118,0.0802922,0.000679471,0.0129256,0.0298592,0.131733,5.01263e-05,0.000115616,0.000507328,1,1,0.5,0,2.6266,0.989783,0.978621,0,0,0,2,0,,,,1
119,0.0809717,0.000679454,0.0128922,0.0297058,0.130729,4.99992e-05,0.00011503,0.000503511,1,1,0.5,0,2.6266,0.989727,0.978575,0,0,0,2,0,,,,1
120,0.0816511,0.000679437,0.0128591,0.0295541,0.129736,4.98732e-05,0.000114449,0.000499739,1,1,0.5,0,2.6266,0.989669,0.978529,0,0,0,2,0,,,,1
121,0.0823305,0.00067942,0.0128262,0.029404,0.128755,4.97481e-05,0.000113875,0.00049601,1,1,0.5,0,2.6266,0.989614,0.978486,0,0,0,2,0,,,,1
122,0.0830099,0.000679403,0.0127936,0.0292555,0.127786,4.9624e-05,0.000113307,0.000492326,1,1,0.5,0,2.6266,0.98956,0.978443,0,0,0,2,0,,,,1
123,0.0836893,0.000679386,0.0127613,0.0291086,0.126828,4.95009e-05,0.000112745,0.000488684,1,1,0.5,0,2.6266,0.989508,0.978402,0,0,0,2,0,,,,1
124,0.0843687,0.000679369,0.0127292,0.0289632,0.125889,4.93787e-05,0.000112189,0.000485084,1,1,0.5,0,2.6266,0.989456,0.978362,0,0,0,2,0,,,,1
125,0.085048,0.000679353,0.0126973,0.0288193,0.124962,4.92574e-05,0.000111638,0.000481526,1,1,0.5,0,2.6266,0.989405,0.978324,0,0,0,2,0,,,,1
126,0.0857274,0.000679336,0.0126657,0.0286769,0.124045,4.91371e-05,0.000111093,0.000478008,1,1,0.5,0,2.6266,0.989355,0.978286,0,0,0,2,0,,,,1
127,0.0864067,0.000679319,0.0126344,0.028536,0.123139,4.90177e-05,0.000110554,0.00047453,1,1,0.5,0,2.6266,0.989307,0.97825,0,0,0,2,0,,,,1
128,0.087086,0.000679303,0.0126033,0.0283965,0.122243,4.88991e-05,0.00011002,0.000471092,1,1,0.5,0,2.6266,0.98926,0.978215,0,0,0,2,0,,,,1
129,0.0877653,0.000679287,0.0125724,0.0282584,0.121357,4.87814e-05,0.000109491,0.000467742,1,1,0.5,0,2.6266,0.989216,0.978177,0,0,0,2,0,,,,1
130,0.0884446,0.000679271,0.0125417,0.0281218,0.120481,4.86646e-05,0.000108968,0.000464442,1,1,0.5,0,2.6266,0.989173,0.978141,0,0,0,2,0,,,,1
131,0.0891238,0.000679255,0.0125113,0.0279865,0.119615,4.85487e-05,0.00010845,0.000461179,1,1,0.5,0,2.6266,0.989132,0.978105,0,0,0,2,0,,,,1
132,0.0898031,0.00067924,0.0124811,0.0278526,0.118772,4.84336e-05,0.000107937,0.000457951,1,1,0.5,0,2.6266,0.989092,0.978071,0,0,0,2,0,,,,1
133,0.0904823,0.000679224,0.0124511,0.02772,0.11794,4.83193e-05,0.000107429,0.000454757,1,1,0.5,0,2.6266,0.989054,0.978038,0,0,0,2,0,,,,1
134,0.0911615,0.000679209,0.0124214,0.0275887,0.117118,4.82059e-05,0.000106926,0.000451598,1,1,0.5,0,2.6266,0.989014,0.978004,0,0,0,2,0,,,,1
135,0.0918407,0.000679194,0.0123918,0.0274587,0.116304,4.80932e-05,0.000106428,0.000448473,1,1,0.5,0,2.6266,0.988974,0.977972,0,0,0,2,0,,,,1
136,0.0925199,0.000679179,0.0123625,0.02733,0.115499,4.79814e-05,0.000105935,0.00044538,1,1,0.5,0,2.6266,0.988936,0.97794,0,0,0,2,0,,,,1
137,0.093199,0.000679164,0.0123334,0.0272025,0.114702,4.78704e-05,0.000105447,0.000442321,1,1,0.5,0,2.6266,0.988899,0.97791,0,0,0,2,0,,,,1
138,0.0938782,0.000679149,0.0123045,0.0270763,0.113914,4.77601e-05,0.000104963,0.000439294,1,1,0.5,0,2.6266,0.988863,0.977881,0,0,0,2,0,,,,1
139,0.0945573,0.000679135,0.0122758,0.0269513,0.113134,4.76506e-05,0.000104484,0.000436298,1,1,0.5,0,2.6266,0.98883,0.977852,0,0,0,2,0,,,,1
140,0.0952364,0.000679121,0.0122473,0.0268274,0.112362,4.75419e-05,0.00010401,0.000433334,1,1,0.5,0,2.6266,0.988798,0.977825,0,0,0,2,0,,,,1
141,0.0959155,0.000679106,0.012219,0.0267048,0.111599,4.7434e-05,0.000103539,0.0004304,1,1,0.5,0,2.6266,0.988767,0.977799,0,0,0,2,0,,,,1
142,0.0965946,0.000679092,0.0121909,0.0265833,0.110843,4.73267e-05,0.000103074,0.000427497,1,1,0.5,0,2.6266,0.988735,0.977774,0,0,0,2,0,,,,1
143,0.0972737,0.000679078,0.0121629,0.026463,0.110095,4.72203e-05,0.000102612,0.000424623,1,1,0.5,0,2.6266,0.988705,0.97775,0,0,0,2,0,,,,1
144,0.0979528,0.000679064,0.0121352,0.0263438,0.109354,4.71145e-05,0.000102155,0.000421807,1,1,0.5,0,2.6266,0.988676,0.977726,0,0,0,2,0,,,,1
145,0.0986318,0.00067905,0.0121077,0.0262257,0.108622,4.70095e-05,0.000101703,0.000419043,1,1,0.5,0,2.6266,0.988649,0.977703,0,0,0,2,0,,,,1
146,0.0993109,0.000679036,0.0120804,0.0261087,0.107896,4.69051e-05,0.000101254,0.000416306,1,1,0.5,0,2.6266,0.988624,0.977677,0,0,0,2,0,,,,1
147,0.0999899,0.000679023,0.0120532,0.0259928,0.107186,4.68015e-05,0.000100809,0.000413596,1,1,0.5,0,2.6266,0.9886,0.977653,0,0,0,2,0,,,,1
148,0.100669,0.000679009,0.0120263,0.0258779,0.106488,4.66986e-05,0.000100369,0.000410913,1,1,0.5,0,2.6266,0.988579,0.97763,0,0,0,2,0,,,,1
149,0.101348,0.000678996,0.0119995,0.0257641,0.105796,4.65964e-05,9.99322e-05,0.000408256,1,1,0.5,0,2.6266,0.988555,0.977607,0,0,0,2,0,,,,1
150,0.102027,0.000678983,0.0119729,0.0256513,0.105112,4.64948e-05,9.94996e-05,0.000405625,1,1,0.5,0,2.6266,0.988531,0.977585,0,0,0,2,0,,,,1
151,0.102706,0.00067897,0.0119465,0.0255396,0.104434,4.63939e-05,9.90708e-05,0.00040302,1,1,0.5,0,2.6266,0.988507,0.977565,0,0,0,2,0,,,,1
152,0.103385,0.000678956,0.0119203,0.0254288,0.103763,4.62937e-05,9.86459e-05,0.00040044,1,1,0.5,0,2.6266,0.988485,0.977545,0,0,0,2,0,,,,1
153,0.104064,0.000678944,0.0118942,0.0253191,0.103099,4.61942e-05,9.82247e-05,0.000397901,1,1,0.5,0,2.6266,0.988465,0.977526,0,0,0,2,0,,,,1
154,0.104743,0.000678931,0.0118683,0.0252103,0.10244,4.60952e-05,9.78072e-05,0.000395393,1,1,0.5,0,2.6266,0.988446,0.977508,0,0,0,2,0,,,,1
155,0.105422,0.000678918,0.0118426,0.0251025,0.101788,4.5997e-05,9.73934e-05,0.000392909,1,1,0.5,0,2.6266,0.98843,0.977491,0,0,0,2,0,,,,1
156,0.1061,0.000678906,0.011817,0.0249956,0.101143,4.58994e-05,9.69832e-05,0.000390448,1,1,0.5,0,2.6266,0.988411,0.977475,0,0,0,2,0,,,,1
157,0.106779,0.000678894,0.0117917,0.0248897,0.100503,4.58024e-05,9.65766e-05,0.00038801,1,1,0.5,0,2.6266,0.988393,0.977459,0,0,0,2,0,,,,1
158,0.107458,0.000678882,0.0117664,0.0247847,0.0998693,4.5706e-05,9.61734e-05,0.000385595,1,1,0.5,0,2.6266,0.988377,0.977444,0,0,0,2,0,,,,1
159,0.108137,0.00067887,0.0117414,0.0246806,0.0992417,4.56102e-05,9.57738e-05,0.000383202,1,1,0.5,0,2.6266,0.988362,0.977431,0,0,0,2,0,,,,1
160,0.108816,0.000678858,0.0117165,0.0245774,0.0986248,4.55151e-05,9.53775e-05,0.000380831,1,1,0.5,0,2.6266,0.988349,0.977418,0,0,0,2,0,,,,1
161,0.109495,0.000678846,0.0116918,0.0244751,0.0980142,4.54205e-05,9.49846e-05,0.000378483,1,1,0.5,0,2.6266,0.988338,0.977405,0,0,0,2,0,,,,1
162,0.110174,0.000678834,0.0116672,0.0243737,0.0974092,4.53266e-05,9.45951e-05,0.000376156,1,1,0.5,0,2.6266,0.988328,0.977391,0,0,0,2,0,,,,1
163,0.110852,0.000678822,0.0116428,0.0242732,0.0968098,4.52332e-05,9.42088e-05,0.000373856,1,1,0.5,0,2.6266,0.988315,0.977375,0,0,0,2,0,,,,1
164,0.111531,0.00067881,0.0116185,0.0241735,0.0962159,4.51404e-05,9.38258e-05,0.000371612,1,1,0.5,0,2.6266,0.988303,0.97736,0,0,0,2,0,,,,1
165,0.11221,0.000678799,0.0115944,0.0240746,0.0956273,4.50482e-05,9.3446e-05,0.000369387,1,1,0.5,0,2.6266,0.98829,0.977346,0,0,0,2,0,,,,1
166,0.112889,0.000678788,0.0115704,0.0239766,0.0950488,4.49566e-05,9.30693e-05,0.000367183,1,1,0.5,0,2.6266,0.98828,0.977332,0,0,0,2,0,,,,1
167,0.113568,0.000678777,0.0115466,0.0238793,0.0944793,4.48656e-05,9.26958e-05,0.000364998,1,1,0.5,0,2.6266,0.988271,0.977319,0,0,0,2,0,,,,1
168,0.114246,0.000678766,0.011523,0.0237829,0.0939166,4.47751e-05,9.23253e-05,0.000362832,1,1,0.5,0,2.6266,0.988263,0.977307,0,0,0,2,0,,,,1
169,0.114925,0.000678755,0.0114995,0.0236873,0.0933589,4.46852e-05,9.19579e-05,0.000360685,1,1,0.5,0,2.6266,0.988255,0.977296,0,0,0,2,0,,,,1
170,0.115604,0.000678744,0.0114761,0.0235925,0.092806,4.45958e-05,9.15934e-05,0.000358558,1,1,0.5,0,2.6266,0.988246,0.977285,0,0,0,2,0,,,,1
171,0.116283,0.000678734,0.0114529,0.0234985,0.092258,4.4507e-05,9.1232e-05,0.000356448,1,1,0.5,0,2.6266,0.988238,0.977275,0,0,0,2,0,,,,1
172,0.116961,0.000678724,0.0114298,0.0234052,0.0917148,4.44187e-05,9.08734e-05,0.000354357,1,1,0.5,0,2.6266,0.988232,0.977266,0,0,0,2,0,,,,1
173,0.11764,0.000678714,0.0114069,0.0233127,0.0911762,4.43309e-05,9.05178e-05,0.000352284,1,1,0.5,0,2.6266,0.988227,0.977258,0,0,0,2,0,,,,1
174,0.118319,0.000678704,0.0113841,0.023221,0.0906424,4.42437e-05,9.0165e-05,0.00035023,1,1,0.5,0,2.6266,0.988224,0.97725,0,0,0,2,0,,,,1
175,0.118997,0.000678694,0.0113615,0.02313,0.0901131,4.4157e-05,8.9815e-05,0.000348192,1,1,0.5,0,2.6266,0.988221,0.977243,0,0,0,2,0,,,,1
176,0.119676,0.000678684,0.011339,0.0230397,0.0895884,4.40709e-05,8.94677e-05,0.000346173,1,1,0.5,0,2.6266,0.988216,0.977237,0,0,0,2,0,,,,1
177,0.120355,0.000678675,0.0113166,0.0229501,0.0890682,4.39852e-05,8.91233e-05,0.00034417,1,1,0.5,0,2.6266,0.988212,0.977231,0,0,0,2,0,,,,1
178,0.121034,0.000678665,0.0112944,0.0228613,0.0885524,4.39e-05,8.87815e-05,0.000342185,1,1,0.5,0,2.6266,0.988209,0.977226,0,0,0,2,0,,,,1
179,0.121712,0.000678655,0.0112723,0.0227731,0.0880411,4.38154e-05,8.84424e-05,0.000340216,1,1,0.5,0,2.6266,0.988205,0.97722,0,0,0,2,0,,,,1
180,0.122391,0.000678646,0.0112503,0.0226857,0.087534,4.37312e-05,8.8106e-05,0.000338291,1,1,0.5,0,2.6266,0.988203,0.977213,0,0,0,2,0,,,,1
181,0.123069,0.000678636,0.0112285,0.0225989,0.0870313,4.36476e-05,8.77722e-05,0.000336389,1,1,0.5,0,2.6266,0.988203,0.977206,0,0,0,2,0,,,,1
182,0.123748,0.000678627,0.0112067,0.0225128,0.0865328,4.35644e-05,8.7441e-05,0.000334502,1,1,0.5,0,2.6266,0.988201,0.9772,0,0,0,2,0,,,,1
183,0.124427,0.000678618,0.0111852,0.0224274,0.0860465,4.34817e-05,8.71123e-05,0.000332631,1,1,0.5,0,2.6266,0.988198,0.977195,0,0,0,2,0,,,,1
184,0.125105,0.000678609,0.0111637,0.0223427,0.0855648,4.33995e-05,8.67861e-05,0.000330775,1,1,0.5,0,2.6266,0.988196,0.97719,0,0,0,2,0,,,,1
185,0.125784,0.0006786,0.0111424,0.0222586,0.0850869,4.33178e-05,8.64625e-05,0.000328935,1,1,0.5,0,2.6266,0.988196,0.977186,0,0,0,2,0,,,,1
186,0.126463,0.000678591,0.0111212,0.0221751,0.084613,4.32365e-05,8.61413e-05,0.000327109,1,1,0.5,0,2.6266,0.988198,0.977182,0,0,0,2,0,,,,1
187,0.127141,0.000678582,0.0111001,0.0220923,0.0841429,4.31557e-05,8.58225e-05,0.000325298,1,1,0.5,0,2.6266,0.988201,0.97718,0,0,0,2,0,,,,1
188,0.12782,0.000678574,0.0110791,0.0220101,0.0836766,4.30754e-05,8.55061e-05,0.000323502,1,1,0.5,0,2.6266,0.988202,0.977177,0,0,0,2,0,,,,1
189,0.128498,0.000678565,0.0110583,0.0219286,0.0832141,4.29955e-05,8.51922e-05,0.000321721,1,1,0.5,0,2.6266,0.988202,0.977174,0,0,0,2,0,,,,1
190,0.129177,0.000678557,0.0110376,0.0218476,0.0827553,4.2916e-05,8.48805e-05,0.000319969,1,1,0.5,0,2.6266,0.988203,0.977172,0,0,0,2,0,,,,1
191,0.129855,0.000678548,0.0110169,0.0217673,0.0823003,4.28371e-05,8.45712e-05,0.000318231,1,1,0.5,0,2.6266,0.988206,0.97717,0,0,0,2,0,,,,1
192,0.130534,0.00067854,0.0109965,0.0216876,0.0818488,4.27585e-05,8.42642e-05,0.000316507,1,1,0.5,0,2.6266,0.988209,0.977169,0,0,0,2,0,,,,1
193,0.131212,0.000678532,0.0109761,0.0216085,0.081401,4.26804e-05,8.39595e-05,0.000314797,1,1,0.5,0,2.6266,0.988212,0.977169,0,0,0,2,0,,,,1
194,0.131891,0.000678524,0.0109558,0.0215299,0.0809567,4.26027e-05,8.3657e-05,0.0003131,1,1,0.5,0,2.6266,0.988216,0.977169,0,0,0,2,0,,,,1
195,0.132569,0.000678517,0.0109357,0.021452,0.0805159,4.25254e-05,8.33567e-05,0.000311416,1,1,0.5,0,2.6266,0.988216,0.977169,0,0,0,2,0,,,,1
196,0.133248,0.000678509,0.0109156,0.0213746,0.0800787,4.24485e-05,8.30586e-05,0.000309832,1,1,0.5,0,2.6266,0.988218,0.977168,0,0,0,2,0,,,,1
197,0.133926,0.000678501,0.0108957,0.0212978,0.0796467,4.23721e-05,8.27627e-05,0.000308261,1,1,0.5,0,2.6266,0.988221,0.977166,0,0,0,2,0,,,,1
198,0.134605,0.000678494,0.0108759,0.0212215,0.07922,4.22961e-05,8.24689e-05,0.000306703,1,1,0.5,0,2.6266,0.988225,0.977165,0,0,0,2,0,,,,1
199,0.135283,0.000678486,0.0108562,0.0211458,0.0787966,4.22204e-05,8.21772e-05,0.000305158,1,1,0.5,0,2.6266,0.988231,0.977164,0,0,0,2,0,,,,1
200,0.135962,0.000678479,0.0108366,0.0210707,0.0783766,4.21452e-05,8.18877e-05,0.000303625,1,1,0.5,0,2.6266,0.988237,0.977164,0,0,0,2,0,,,,1
201,0.13664,0.000678471,0.0108171,0.0209961,0.0779597,4.20704e-05,8.16002e-05,0.000302106,1,1,0.5,0,2.6266,0.98824,0.977164,0,0,0,2,0,,,,1
202,0.137319,0.000678464,0.0107977,0.020922,0.0775493,4.1996e-05,8.13147e-05,0.000300599,1,1,0.5,0,2.6266,0.988244,0.977165,0,0,0,2,0,,,,1
203,0.137997,0.000678457,0.0107784,0.0208485,0.0771422,4.19219e-05,8.10313e-05,0.000299104,1,1,0.5,0,2.6266,0.988249,0.977167,0,0,0,2,0,,,,1
204,0.138676,0.00067845,0.0107592,0.0207755,0.0767384,4.18483e-05,8.07499e-05,0.000297638,1,1,0.5,0,2.6266,0.988256,0.977169,0,0,0,2,0,,,,1
205,0.139354,0.000678443,0.0107401,0.020703,0.076341,4.1775e-05,8.04705e-05,0.000296193,1,1,0.5,0,2.6266,0.988262,0.977172,0,0,0,2,0,,,,1
206,0.140033,0.000678436,0.0107211,0.020631,0.0759465,4.17021e-05,8.01931e-05,0.00029476,1,1,0.5,0,2.6266,0.988268,0.977175,0,0,0,2,0,,,,1
207,0.140711,0.00067843,0.0107022,0.0205596,0.075555,4.16296e-05,7.99176e-05,0.000293338,1,1,0.5,0,2.6266,0.988273,0.977179,0,0,0,2,0,,,,1
208,0.141389,0.000678424,0.0106834,0.0204886,0.0751664,4.15574e-05,7.9644e-05,0.000291927,1,1,0.5,0,2.6266,0.988276,0.977183,0,0,0,2,0,,,,1
209,0.142068,0.000678417,0.0106647,0.0204182,0.0747807,4.14856e-05,7.93723e-05,0.000290528,1,1,0.5,0,2.6266,0.988281,0.977188,0,0,0,2,0,,,,1
210,0.142746,0.000678411,0.0106461,0.0203482,0.0743978,4.14142e-05,7.91025e-05,0.000289139,1,1,0.5,0,2.6266,0.988286,0.977193,0,0,0,2,0,,,,1
211,0.143425,0.000678405,0.0106276,0.0202787,0.0740178,4.13431e-05,7.88345e-05,0.000287762,1,1,0.5,0,2.6266,0.988294,0.977199,0,0,0,2,0,,,,1
212,0.144103,0.000678399,0.0106092,0.0202097,0.0736406,4.12723e-05,7.85684e-05,0.000286396,1,1,0.5,0,2.6266,0.988302,0.977206,0,0,0,2,0,,,,1
213,0.144782,0.000678393,0.0105909,0.0201412,0.0732661,4.12019e-05,7.83041e-05,0.000285041,1,1,0.5,0,2.6266,0.988308,0.97721,0,0,0,2,0,,,,1
214,0.14546,0.000678388,0.0105726,0.0200732,0.0728944,4.11319e-05,7.80416e-05,0.000283696,1,1,0.5,0,2.6266,0.988313,0.977213,0,0,0,2,0,,,,1
215,0.146138,0.000678382,0.0105545,0.0200056,0.0725253,4.10622e-05,7.77809e-05,0.000282363,1,1,0.5,0,2.6266,0.988319,0.977216,0,0,0,2,0,,,,1
216,0.146817,0.000678376,0.0105364,0.0199385,0.072159,4.09928e-05,7.7522e-05,0.000281039,1,1,0.5,0,2.6266,0.988327,0.977219,0,0,0,2,0,,,,1
217,0.147495,0.000678371,0.0105185,0.0198718,0.0718034,4.09238e-05,7.72648e-05,0.000279726,1,1,0.5,0,2.6266,0.988335,0.977223,0,0,0,2,0,,,,1
218,0.148173,0.000678365,0.0105006,0.0198056,0.0714677,4.08551e-05,7.70093e-05,0.000278424,1,1,0.5,0,2.6266,0.988343,0.977228,0,0,0,2,0,,,,1
219,0.148852,0.000678359,0.0104828,0.0197398,0.0711347,4.07867e-05,7.67556e-05,0.000277132,1,1,0.5,0,2.6266,0.988351,0.977233,0,0,0,2,0,,,,1
220,0.14953,0.000678354,0.0104651,0.0196745,0.0708044,4.07186e-05,7.65035e-05,0.000275852,1,1,0.5,0,2.6266,0.988355,0.977238,0,0,0,2,0,,,,1
221,0.150208,0.000678348,0.0104475,0.0196096,0.0704766,4.06509e-05,7.62531e-05,0.000274586,1,1,0.5,0,2.6266,0.98836,0.977244,0,0,0,2,0,,,,1
222,0.150887,0.000678343,0.0104299,0.0195452,0.0701514,4.05835e-05,7.60044e-05,0.000273331,1,1,0.5,0,2.6266,0.988367,0.977251,0,0,0,2,0,,,,1
223,0.151565,0.000678337,0.0104125,0.0194812,0.0698288,4.05164e-05,7.57573e-05,0.000272085,1,1,0.5,0,2.6266,0.988374,0.977258,0,0,0,2,0,,,,1
224,0.152243,0.000678332,0.0103951,0.0194176,0.0695087,4.04495e-05,7.55118e-05,0.000270848,1,1,0.5,0,2.6266,0.988383,0.977265,0,0,0,2,0,,,,1
225,0.152922,0.000678327,0.0103778,0.0193544,0.0691911,4.0383e-05,7.5268e-05,0.000269622,1,1,0.5,0,2.6266,0.988392,0.977273,0,0,0,2,0,,,,1
226,0.1536,0.000678322,0.0103606,0.0192916,0.068876,4.03168e-05,7.50257e-05,0.000268404,1,1,0.5,0,2.6266,0.988397,0.977281,0,0,0,2,0,,,,1
227,0.154278,0.000678317,0.0103434,0.0192293,0.0685633,4.02509e-05,7.4785e-05,0.000267198,1,1,0.5,0,2.6266,0.988404,0.97729,0,0,0,2,0,,,,1
228,0.154957,0.000678313,0.0103264,0.0191674,0.0682569,4.01853e-05,7.45459e-05,0.000266013,1,1,0.5,0,2.6266,0.988411,0.9773,0,0,0,2,0,,,,1
229,0.155635,0.000678308,0.0103094,0.0191058,0.0679538,4.012e-05,7.43083e-05,0.000264836,1,1,0.5,0,2.6266,0.98842,0.977309,0,0,0,2,0,,,,1
230,0.156313,0.000678303,0.0102925,0.0190447,0.067653,4.00549e-05,7.40722e-05,0.000263669,1,1,0.5,0,2.6266,0.988428,0.977316,0,0,0,2,0,,,,1
231,0.156992,0.000678299,0.0102756,0.018984,0.0673545,3.99901e-05,7.38377e-05,0.000262516,1,1,0.5,0,2.6266,0.988436,0.977323,0,0,0,2,0,,,,1
232,0.15767,0.000678295,0.0102589,0.0189236,0.0670583,3.99256e-05,7.36047e-05,0.000261372,1,1,0.5,0,2.6266,0.988444,0.97733,0,0,0,2,0,,,,1
233,0.158348,0.000678291,0.0102422,0.0188637,0.0667643,3.98614e-05,7.33731e-05,0.000260236,1,1,0.5,0,2.6266,0.988449,0.977338,0,0,0,2,0,,,,1
234,0.159027,0.000678286,0.0102256,0.0188041,0.0664724,3.97975e-05,7.3143e-05,0.000259108,1,1,0.5,0,2.6266,0.988455,0.977347,0,0,0,2,0,,,,1
235,0.159705,0.000678282,0.010209,0.0187449,0.0661828,3.97338e-05,7.29144e-05,0.000257989,1,1,0.5,0,2.6266,0.988462,0.977356,0,0,0,2,0,,,,1
236,0.160383,0.000678278,0.0101925,0.0186861,0.0658953,3.96704e-05,7.26872e-05,0.000256878,1,1,0.5,0,2.6266,0.98847,0.977365,0,0,0,2,0,,,,1
237,0.161061,0.000678274,0.0101761,0.0186277,0.0656099,3.96072e-05,7.24614e-05,0.000255776,1,1,0.5,0,2.6266,0.988479,0.977374,0,0,0,2,0,,,,1
238,0.16174,0.00067827,0.0101598,0.0185696,0.0653278,3.95443e-05,7.22371e-05,0.000254681,1,1,0.5,0,2.6266,0.988488,0.977385,0,0,0,2,0,,,,1
239,0.162418,0.000678266,0.0101435,0.0185119,0.0650482,3.94817e-05,7.20141e-05,0.000253594,1,1,0.5,0,2.6266,0.988493,0.977395,0,0,0,2,0,,,,1
240,0.163096,0.000678262,0.0101273,0.0184545,0.0647706,3.94193e-05,7.17926e-05,0.000252516,1,1,0.5,0,2.6266,0.988501,0.977406,0,0,0,2,0,,,,1
241,0.163774,0.000678258,0.0101112,0.0183976,0.0644951,3.93571e-05,7.15724e-05,0.000251445,1,1,0.5,0,2.6266,0.988509,0.977416,0,0,0,2,0,,,,1
242,0.164453,0.000678255,0.0100951,0.0183409,0.0642215,3.92953e-05,7.13536e-05,0.000250382,1,1,0.5,0,2.6266,0.988516,0.977427,0,0,0,2,0,,,,1
243,0.165131,0.000678251,0.0100791,0.0182847,0.06395,3.92336e-05,7.11361e-05,0.000249326,1,1,0.5,0,2.6266,0.988524,0.977438,0,0,0,2,0,,,,1
244,0.165809,0.000678248,0.0100631,0.0182287,0.0636804,3.91722e-05,7.092e-05,0.000248278,1,1,0.5,0,2.6266,0.988532,0.97745,0,0,0,2,0,,,,1
245,0.166487,0.000678245,0.0100472,0.0181731,0.0634128,3.9111e-05,7.07051e-05,0.000247238,1,1,0.5,0,2.6266,0.988539,0.977461,0,0,0,2,0,,,,1
246,0.167166,0.000678241,0.0100314,0.0181179,0.0631471,3.90501e-05,7.04916e-05,0.000246205,1,1,0.5,0,2.6266,0.988544,0.977473,0,0,0,2,0,,,,1
247,0.167844,0.000678238,0.0100156,0.018063,0.0628833,3.89893e-05,7.02794e-05,0.000245179,1,1,0.5,0,2.6266,0.98855,0.977482,0,0,0,2,0,,,,1
248,0.168522,0.000678235,0.00999994,0.0180084,0.0626214,3.89289e-05,7.00685e-05,0.000244161,1,1,0.5,0,2.6266,0.988558,0.977491,0,0,0,2,0,,,,1
249,0.1692,0.000678233,0.0099843,0.0179542,0.0623614,3.88686e-05,6.98588e-05,0.00024315,1,1,0.5,0,2.6266,0.988566,0.977501,0,0,0,2,0,,,,1
250,0.169879,0.00067823,0.00996871,0.0179003,0.0621032,3.88085e-05,6.96505e-05,0.000242146,1,1,0.5,0,2.6266,0.988575,0.977512,0,0,0,2,0,,,,1
251,0.170557,0.000678227,0.00995319,0.0178467,0.0618469,3.87487e-05,6.94433e-05,0.000241149,1,1,0.5,0,2.6266,0.988583,0.977523,0,0,0,2,0,,,,1
252,0.171235,0.000678224,0.00993772,0.0177935,0.0615923,3.86891e-05,6.92374e-05,0.000240173,1,1,0.5,0,2.6266,0.988589,0.977534,0,0,0,2,0,,,,1
253,0.171913,0.00067822,0.0099223,0.0177405,0.0613396,3.86297e-05,6.90327e-05,0.000239205,1,1,0.5,0,2.6266,0.988596,0.977545,0,0,0,2,0,,,,1
254,0.172591,0.000678217,0.00990694,0.0176879,0.0610886,3.85705e-05,6.88293e-05,0.000238243,1,1,0.5,0,2.6266,0.988602,0.977557,0,0,0,2,0,,,,1
255,0.17327,0.000678214,0.00989164,0.0176356,0.0608423,3.85115e-05,6.8627e-05,0.000237288,1,1,0.5,0,2.6266,0.988608,0.97757,0,0,0,2,0,,,,1
256,0.173948,0.000678211,0.00987639,0.0175836,0.0605985,3.84528e-05,6.8426e-05,0.00023634,1,1,0.5,0,2.6266,0.988615,0.977582,0,0,0,2,0,,,,1
257,0.174626,0.000678209,0.0098612,0.0175319,0.0603563,3.83942e-05,6.82261e-05,0.000235398,1,1,0.5,0,2.6266,0.988623,0.977595,0,0,0,2,0,,,,1
258,0.175304,0.000678206,0.00984605,0.0174806,0.0601158,3.83358e-05,6.80274e-05,0.000234462,1,1,0.5,0,2.6266,0.98863,0.977609,0,0,0,2,0,,,,1
259,0.175983,0.000678203,0.00983097,0.0174295,0.0598769,3.82776e-05,6.78298e-05,0.000233533,1,1,0.5,0,2.6266,0.988635,0.977623,0,0,0,2,0,,,,1
260,0.176661,0.000678201,0.00981593,0.0173787,0.0596397,3.82197e-05,6.76334e-05,0.00023261,1,1,0.5,0,2.6266,0.988641,0.977637,0,0,0,2,0,,,,1
261,0.177339,0.000678199,0.00980095,0.0173282,0.059404,3.81619e-05,6.74382e-05,0.000231692,1,1,0.5,0,2.6266,0.988648,0.977651,0,0,0,2,0,,,,1
262,0.178017,0.000678196,0.00978601,0.017278,0.0591699,3.81043e-05,6.72441e-05,0.000230782,1,1,0.5,0,2.6266,0.988656,0.977666,0,0,0,2,0,,,,1
263,0.178695,0.000678194,0.00977113,0.0172282,0.0589373,3.80469e-05,6.70511e-05,0.000229877,1,1,0.5,0,2.6266,0.988664,0.977679,0,0,0,2,0,,,,1
264,0.179374,0.000678192,0.00975629,0.0171786,0.0587064,3.79897e-05,6.68592e-05,0.000228978,1,1,0.5,0,2.6266,0.988672,0.977691,0,0,0,2,0,,,,1
265,0.180052,0.00067819,0.0097415,0.0171292,0.0584769,3.79327e-05,6.66684e-05,0.000228085,1,1,0.5,0,2.6266,0.988678,0.977704,0,0,0,2,0,,,,1
266,0.18073,0.000678188,0.00972677,0.0170802,0.0582489,3.78758e-05,6.64787e-05,0.000227197,1,1,0.5,0,2.6266,0.988682,0.977717,0,0,0,2,0,,,,1
267,0.181408,0.000678186,0.00971207,0.0170315,0.0580225,3.78191e-05,6.62901e-05,0.000226316,1,1,0.5,0,2.6266,0.988686,0.97773,0,0,0,2,0,,,,1
268,0.182086,0.000678184,0.00969743,0.016983,0.0577975,3.77626e-05,6.61025e-05,0.00022544,1,1,0.5,0,2.6266,0.988692,0.977743,0,0,0,2,0,,,,1
269,0.182764,0.000678183,0.00968283,0.0169348,0.057574,3.77063e-05,6.5916e-05,0.00022457,1,1,0.5,0,2.6266,0.988699,0.977756,0,0,0,2,0,,,,1
270,0.183443,0.000678181,0.00966827,0.0168869,0.057352,3.76501e-05,6.57306e-05,0.000223706,1,1,0.5,0,2.6266,0.988706,0.977769,0,0,0,2,0,,,,1
271,0.184121,0.000678179,0.00965376,0.0168392,0.0571314,3.75942e-05,6.55462e-05,0.000222847,1,1,0.5,0,2.6266,0.988714,0.977783,0,0,0,2,0,,,,1
272,0.184799,0.000678178,0.0096393,0.0167918,0.0569122,3.75383e-05,6.53629e-05,0.000221994,1,1,0.5,0,2.6266,0.988718,0.977797,0,0,0,2,0,,,,1
273,0.185477,0.000678176,0.00962487,0.0167447,0.0566944,3.74827e-05,6.51806e-05,0.000221146,1,1,0.5,0,2.6266,0.988723,0.977811,0,0,0,2,0,,,,1
274,0.186155,0.000678174,0.00961049,0.0166979,0.056478,3.74272e-05,6.49992e-05,0.000220303,1,1,0.5,0,2.6266,0.988729,0.977826,0,0,0,2,0,,,,1
275,0.186834,0.000678173,0.00959616,0.0166513,0.056263,3.73718e-05,6.48189e-05,0.000219466,1,1,0.5,0,2.6266,0.988736,0.977841,0,0,0,2,0,,,,1
276,0.187512,0.000678172,0.00958186,0.016605,0.0560494,3.73167e-05,6.46396e-05,0.000218634,1,1,0.5,0,2.6266,0.988741,0.977856,0,0,0,2,0,,,,1
277,0.18819,0.00067817,0.00956761,0.0165589,0.0558371,3.72616e-05,6.44613e-05,0.000217817,1,1,0.5,0,2.6266,0.988747,0.977872,0,0,0,2,0,,,,1
278,0.188868,0.000678169,0.0095534,0.0165131,0.0556261,3.72068e-05,6.4284e-05,0.000217008,1,1,0.5,0,2.6266,0.988755,0.977888,0,0,0,2,0,,,,1
279,0.189546,0.000678167,0.00953923,0.0164676,0.0554165,3.71521e-05,6.41076e-05,0.000216203,1,1,0.5,0,2.6266,0.988758,0.977904,0,0,0,2,0,,,,1
280,0.190224,0.000678166,0.0095251,0.0164222,0.0552091,3.70975e-05,6.39322e-05,0.000215404,1,1,0.5,0,2.6266,0.988761,0.977917,0,0,0,2,0,,,,1
281,0.190903,0.000678165,0.00951101,0.0163772,0.0550051,3.70431e-05,6.37578e-05,0.000214609,1,1,0.5,0,2.6266,0.988766,0.977931,0,0,0,2,0,,,,1
282,0.191581,0.000678163,0.00949695,0.0163324,0.0548023,3.69888e-05,6.35843e-05,0.000213819,1,1,0.5,0,2.6266,0.988772,0.977945,0,0,0,2,0,,,,1
283,0.192259,0.000678162,0.00948293,0.0162878,0.0546007,3.69347e-05,6.34118e-05,0.000213033,1,1,0.5,0,2.6266,0.988779,0.977959,0,0,0,2,0,,,,1
284,0.192937,0.000678161,0.00946896,0.0162435,0.0544004,3.68807e-05,6.32402e-05,0.000212257,1,1,0.5,0,2.6266,0.988787,0.977974,0,0,0,2,0,,,,1
285,0.193615,0.00067816,0.00945502,0.0161994,0.0542012,3.68269e-05,6.30695e-05,0.000211488,1,1,0.5,0,2.6266,0.988791,0.977988,0,0,0,2,0,,,,1
286,0.194293,0.000678159,0.00944111,0.0161556,0.0540033,3.67732e-05,6.28997e-05,0.000210722,1,1,0.5,0,2.6266,0.988796,0.978004,0,0,0,2,0,,,,1
287,0.194971,0.000678159,0.00942724,0.016112,0.0538065,3.67196e-05,6.27309e-05,0.000209962,1,1,0.5,0,2.6266,0.988799,0.978019,0,0,0,2,0,,,,1
288,0.19565,0.000678158,0.00941341,0.0160686,0.053611,3.66662e-05,6.25629e-05,0.000209206,1,1,0.5,0,2.6266,0.988802,0.978035,0,0,0,2,0,,,,1
289,0.196328,0.000678157,0.00939961,0.0160255,0.0534165,3.66129e-05,6.23958e-05,0.000208455,1,1,0.5,0,2.6266,0.988807,0.978051,0,0,0,2,0,,,,1
290,0.197006,0.000678156,0.00938585,0.0159826,0.0532241,3.65597e-05,6.22297e-05,0.000207707,1,1,0.5,0,2.6266,0.988813,0.978067,0,0,0,2,0,,,,1
291,0.197684,0.000678155,0.00937212,0.0159399,0.0530335,3.65066e-05,6.20644e-05,0.000206965,1,1,0.5,0,2.6266,0.988819,0.978084,0,0,0,2,0,,,,1
292,0.198362,0.000678155,0.00935843,0.0158974,0.0528441,3.64537e-05,6.18999e-05,0.000206227,1,1,0.5,0,2.6266,0.988823,0.978101,0,0,0,2,0,,,,1
293,0.19904,0.000678154,0.00934478,0.0158552,0.0526559,3.6401e-05,6.17364e-05,0.000205493,1,1,0.5,0,2.6266,0.988826,0.978118,0,0,0,2,0,,,,1
294,0.199719,0.000678153,0.00933115,0.0158132,0.0524687,3.63483e-05,6.15737e-05,0.000204763,1,1,0.5,0,2.6266,0.988831,0.978136,0,0,0,2,0,,,,1
295,0.200397,0.000678153,0.00931756,0.0157714,0.0522826,3.62958e-05,6.14118e-05,0.000204037,1,1,0.5,0,2.6266,0.988836,0.978153,0,0,0,2,0,,,,1
296,0.201075,0.000678152,0.009304,0.0157299,0.0520976,3.62434e-05,6.12508e-05,0.000203316,1,1,0.5,0,2.6266,0.988841,0.978169,0,0,0,2,0,,,,1
297,0.201753,0.000678152,0.00929048,0.0156885,0.0519136,3.61911e-05,6.10907e-05,0.000202599,1,1,0.5,0,2.6266,0.988845,0.978184,0,0,0,2,0,,,,1
298,0.202431,0.000678152,0.00927698,0.0156474,0.0517308,3.61389e-05,6.09313e-05,0.000201886,1,1,0.5,0,2.6266,0.98885,0.978199,0,0,0,2,0,,,,1
299,0.203109,0.000678152,0.00926352,0.0156065,0.051549,3.60869e-05,6.07728e-05,0.000201177,1,1,0.5,0,2.6266,0.988854,0.978214,0,0,0,2,0,,,,1
300,0.203787,0.000678151,0.0092501,0.0155658,0.0513682,3.6035e-05,6.06151e-05,0.000200472,1,1,0.5,0,2.6266,0.988856,0.978229,0,0,0,2,0,,,,1
301,0.204466,0.000678151,0.0092367,0.0155253,0.0511884,3.59832e-05,6.04583e-05,0.000199771,1,1,0.5,0,2.6266,0.988859,0.978245,0,0,0,2,0,,,,1
302,0.205144,0.000678151,0.00922333,0.015485,0.0510097,3.59315e-05,6.03022e-05,0.000199074,1,1,0.5,0,2.6266,0.988863,0.978261,0,0,0,2,0,,,,1
303,0.205822,0.000678151,0.00920999,0.0154449,0.050832,3.58799e-05,6.01469e-05,0.000198381,1,1,0.5,0,2.6266,0.988868,0.978277,0,0,0,2,0,,,,1
304,0.2065,0.000678151,0.00919669,0.015405,0.0506553,3.58285e-05,5.99924e-05,0.000197692,1,1,0.5,0,2.6266,0.988874,0.978293,0,0,0,2,0,,,,1
305,0.207178,0.000678151,0.00918341,0.0153654,0.0504796,3.57771e-05,5.98387e-05,0.000197006,1,1,0.5,0,2.6266,0.988879,0.97831,0,0,0,2,0,,,,1
306,0.207856,0.000678151,0.00917016,0.0153259,0.0503049,3.57259e-05,5.96858e-05,0.000196325,1,1,0.5,0,2.6266,0.988881,0.978326,0,0,0,2,0,,,,1
307,0.208535,0.000678151,0.00915694,0.0152867,0.0501311,3.56748e-05,5.95336e-05,0.000195648,1,1,0.5,0,2.6266,0.988885,0.978344,0,0,0,2,0,,,,1
308,0.209213,0.000678151,0.00914375,0.0152476,0.0499583,3.56238e-05,5.93823e-05,0.000194984,1,1,0.5,0,2.6266,0.988886,0.978361,0,0,0,2,0,,,,1
309,0.209891,0.000678151,0.00913059,0.0152087,0.0497865,3.55728e-05,5.92316e-05,0.000194323,1,1,0.5,0,2.6266,0.988889,0.978379,0,0,0,2,0,,,,1
310,0.210569,0.000678151,0.00911746,0.0151701,0.0496156,3.5522e-05,5.90818e-05,0.000193665,1,1,0.5,0,2.6266,0.988893,0.978397,0,0,0,2,0,,,,1
311,0.211247,0.000678151,0.00910436,0.0151316,0.049446,3.54714e-05,5.89327e-05,0.000193011,1,1,0.5,0,2.6266,0.988897,0.978415,0,0,0,2,0,,,,1
312,0.211925,0.000678151,0.00909128,0.0150933,0.0492793,3.54208e-05,5.87843e-05,0.000192361,1,1,0.5,0,2.6266,0.988903,0.978432,0,0,0,2,0,,,,1
313,0.212603,0.000678151,0.00907823,0.0150552,0.0491135,3.53703e-05,5.86366e-05,0.000191714,1,1,0.5,0,2.6266,0.988904,0.978447,0,0,0,2,0,,,,1
314,0.213282,0.000678151,0.00906522,0.0150173,0.0489486,3.53199e-05,5.84897e-05,0.000191071,1,1,0.5,0,2.6266,0.988906,0.978463,0,0,0,2,0,,,,1
315,0.21396,0.000678152,0.00905223,0.0149796,0.0487846,3.52697e-05,5.83435e-05,0.000190431,1,1,0.5,0,2.6266,0.98891,0.978479,0,0,0,2,0,,,,1
316,0.214638,0.000678152,0.00903927,0.0149421,0.0486214,3.52195e-05,5.81981e-05,0.000189794,1,1,0.5,0,2.6266,0.988914,0.978496,0,0,0,2,0,,,,1
317,0.215316,0.000678152,0.00902633,0.0149047,0.0484592,3.51695e-05,5.80533e-05,0.000189161,1,1,0.5,0,2.6266,0.988917,0.978512,0,0,0,2,0,,,,1
318,0.215994,0.000678153,0.00901343,0.0148676,0.0482977,3.51195e-05,5.79093e-05,0.000188531,1,1,0.5,0,2.6266,0.98892,0.978529,0,0,0,2,0,,,,1
319,0.216672,0.000678153,0.00900054,0.0148306,0.0481371,3.50696e-05,5.7766e-05,0.000187904,1,1,0.5,0,2.6266,0.988925,0.978546,0,0,0,2,0,,,,1
320,0.217351,0.000678154,0.00898769,0.0147938,0.0479774,3.50199e-05,5.76233e-05,0.000187287,1,1,0.5,0,2.6266,0.988926,0.978563,0,0,0,2,0,,,,1
321,0.218029,0.000678155,0.00897486,0.0147572,0.0478185,3.49702e-05,5.74814e-05,0.000186674,1,1,0.5,0,2.6266,0.988927,0.978581,0,0,0,2,0,,,,1
322,0.218707,0.000678155,0.00896206,0.0147208,0.0476604,3.49207e-05,5.73401e-05,0.000186063,1,1,0.5,0,2.6266,0.988929,0.978599,0,0,0,2,0,,,,1
323,0.219385,0.000678156,0.00894928,0.0146845,0.0475031,3.48712e-05,5.71996e-05,0.000185456,1,1,0.5,0,2.6266,0.988932,0.978617,0,0,0,2,0,,,,1
324,0.220063,0.000678157,0.00893653,0.0146484,0.0473466,3.48219e-05,5.70597e-05,0.000184851,1,1,0.5,0,2.6266,0.988936,0.978635,0,0,0,2,0,,,,1
325,0.220741,0.000678158,0.00892381,0.0146125,0.0471923,3.47726e-05,5.69204e-05,0.00018425,1,1,0.5,0,2.6266,0.988942,0.978653,0,0,0,2,0,,,,1
326,0.221419,0.000678159,0.00891112,0.0145768,0.0470391,3.47235e-05,5.67819e-05,0.000183652,1,1,0.5,0,2.6266,0.988943,0.978672,0,0,0,2,0,,,,1
327,0.222098,0.00067816,0.00889846,0.0145413,0.0468867,3.46744e-05,5.6644e-05,0.000183057,1,1,0.5,0,2.6266,0.988945,0.978691,0,0,0,2,0,,,,1
328,0.222776,0.000678161,0.00888582,0.0145059,0.0467351,3.46255e-05,5.65068e-05,0.000182465,1,1,0.5,0,2.6266,0.988946,0.978709,0,0,0,2,0,,,,1
329,0.223454,0.000678162,0.0088732,0.0144706,0.0465842,3.45767e-05,5.63702e-05,0.000181876,1,1,0.5,0,2.6266,0.988947,0.978725,0,0,0,2,0,,,,1
330,0.224132,0.000678162,0.00886062,0.0144356,0.0464341,3.45279e-05,5.62343e-05,0.000181289,1,1,0.5,0,2.6266,0.988949,0.978741,0,0,0,2,0,,,,1
331,0.22481,0.000678163,0.00884806,0.0144007,0.0462848,3.44793e-05,5.6099e-05,0.000180706,1,1,0.5,0,2.6266,0.988953,0.978758,0,0,0,2,0,,,,1
332,0.225488,0.000678164,0.00883553,0.014366,0.0461362,3.44307e-05,5.59643e-05,0.000180126,1,1,0.5,0,2.6266,0.988957,0.978774,0,0,0,2,0,,,,1
333,0.226167,0.000678165,0.00882302,0.0143314,0.0459884,3.43823e-05,5.58303e-05,0.000179548,1,1,0.5,0,2.6266,0.988959,0.978791,0,0,0,2,0,,,,1
334,0.226845,0.000678165,0.00881054,0.014297,0.0458412,3.4334e-05,5.56969e-05,0.000178974,1,1,0.5,0,2.6266,0.988959,0.978807,0,0,0,2,0,,,,1
335,0.227523,0.000678166,0.00879808,0.0142628,0.0456949,3.42857e-05,5.55641e-05,0.000178402,1,1,0.5,0,2.6266,0.988961,0.978824,0,0,0,2,0,,,,1
336,0.228201,0.000678167,0.00878565,0.0142287,0.0455492,3.42375e-05,5.5432e-05,0.000177833,1,1,0.5,0,2.6266,0.988964,0.978842,0,0,0,2,0,,,,1
337,0.228879,0.000678168,0.00877325,0.0141948,0.0454043,3.41895e-05,5.53005e-05,0.000177267,1,1,0.5,0,2.6266,0.988966,0.978859,0,0,0,2,0,,,,1
338,0.229557,0.000678169,0.00876087,0.0141611,0.04526,3.41415e-05,5.51695e-05,0.000176703,1,1,0.5,0,2.6266,0.988968,0.978877,0,0,0,2,0,,,,1
339,0.230236,0.000678171,0.00874852,0.0141275,0.0451165,3.40937e-05,5.50392e-05,0.000176143,1,1,0.5,0,2.6266,0.988972,0.978894,0,0,0,2,0,,,,1
340,0.230914,0.000678172,0.0087362,0.014094,0.0449737,3.4046e-05,5.49095e-05,0.000175586,1,1,0.5,0,2.6266,0.988973,0.978912,0,0,0,2,0,,,,1
341,0.231592,0.000678173,0.0087239,0.0140608,0.0448315,3.39983e-05,5.47804e-05,0.000175038,1,1,0.5,0,2.6266,0.988973,0.978931,0,0,0,2,0,,,,1
342,0.23227,0.000678175,0.00871163,0.0140276,0.0446901,3.39508e-05,5.46519e-05,0.000174493,1,1,0.5,0,2.6266,0.988974,0.978949,0,0,0,2,0,,,,1
343,0.232948,0.000678176,0.00869939,0.0139947,0.0445493,3.39033e-05,5.4524e-05,0.000173951,1,1,0.5,0,2.6266,0.988976,0.978968,0,0,0,2,0,,,,1
344,0.233626,0.000678178,0.00868717,0.0139618,0.0444092,3.3856e-05,5.43966e-05,0.000173411,1,1,0.5,0,2.6266,0.988979,0.978985,0,0,0,2,0,,,,1
345,0.234305,0.000678179,0.00867498,0.0139292,0.0442712,3.38087e-05,5.42698e-05,0.000172873,1,1,0.5,0,2.6266,0.988983,0.979001,0,0,0,2,0,,,,1
346,0.234983,0.000678181,0.00866282,0.0138966,0.0441343,3.37616e-05,5.41437e-05,0.000172338,1,1,0.5,0,2.6266,0.988985,0.979017,0,0,0,2,0,,,,1
347,0.235661,0.000678183,0.00865069,0.0138643,0.043998,3.37146e-05,5.4018e-05,0.000171805,1,1,0.5,0,2.6266,0.988986,0.979033,0,0,0,2,0,,,,1
348,0.236339,0.000678184,0.00863858,0.013832,0.0438624,3.36677e-05,5.3893e-05,0.000171275,1,1,0.5,0,2.6266,0.988987,0.97905,0,0,0,2,0,,,,1
349,0.237017,0.000678186,0.0086265,0.0137999,0.0437273,3.36208e-05,5.37685e-05,0.000170747,1,1,0.5,0,2.6266,0.988987,0.979066,0,0,0,2,0,,,,1
350,0.237696,0.000678187,0.00861444,0.013768,0.0435929,3.35741e-05,5.36446e-05,0.000170227,1,1,0.5,0,2.6266,0.988987,0.979083,0,0,0,2,0,,,,1
351,0.238374,0.000678189,0.00860241,0.0137362,0.0434591,3.35275e-05,5.35212e-05,0.000169711,1,1,0.5,0,2.6266,0.988989,0.9791,0,0,0,2,0,,,,1
352,0.239052,0.000678191,0.00859041,0.0137046,0.043326,3.34809e-05,5.33984e-05,0.000169197,1,1,0.5,0,2.6266,0.988993,0.979117,0,0,0,2,0,,,,1
353,0.23973,0.000678192,0.00857844,0.0136731,0.0431934,3.34345e-05,5.32762e-05,0.000168686,1,1,0.5,0,2.6266,0.988995,0.979134,0,0,0,2,0,,,,1
354,0.240408,0.000678193,0.0085665,0.0136417,0.0430614,3.33882e-05,5.31545e-05,0.000168176,1,1,0.5,0,2.6266,0.988994,0.979152,0,0,0,2,0,,,,1
355,0.241087,0.000678195,0.00855458,0.0136105,0.0429318,3.3342e-05,5.30333e-05,0.000167669,1,1,0.5,0,2.6266,0.988995,0.979169,0,0,0,2,0,,,,1
356,0.241765,0.000678197,0.00854269,0.0135794,0.0428027,3.32959e-05,5.29126e-05,0.000167165,1,1,0.5,0,2.6266,0.988997,0.979187,0,0,0,2,0,,,,1
357,0.242443,0.000678198,0.00853082,0.0135484,0.0426742,3.32499e-05,5.27925e-05,0.000166662,1,1,0.5,0,2.6266,0.988999,0.979205,0,0,0,2,0,,,,1
358,0.243121,0.0006782,0.00851899,0.0135176,0.0425463,3.3204e-05,5.2673e-05,0.000166162,1,1,0.5,0,2.6266,0.989,0.979223,0,0,0,2,0,,,,1
359,0.243799,0.000678202,0.00850718,0.013487,0.042419,3.31582e-05,5.25539e-05,0.000165664,1,1,0.5,0,2.6266,0.989003,0.97924,0,0,0,2,0,,,,1
360,0.244478,0.000678204,0.0084954,0.0134564,0.0422922,3.31125e-05,5.24354e-05,0.000165169,1,1,0.5,0,2.6266,0.989005,0.979255,0,0,0,2,0,,,,1
361,0.245156,0.000678206,0.00848364,0.013426,0.042166,3.3067e-05,5.23174e-05,0.000164675,1,1,0.5,0,2.6266,0.989003,0.979271,0,0,0,2,0,,,,1
362,0.245834,0.000678208,0.00847191,0.0133957,0.0420403,3.30215e-05,5.21999e-05,0.000164184,1,1,0.5,0,2.6266,0.989003,0.979286,0,0,0,2,0,,,,1
363,0.246512,0.00067821,0.00846021,0.0133656,0.0419152,3.29761e-05,5.2083e-05,0.000163694,1,1,0.5,0,2.6266,0.989004,0.979301,0,0,0,2,0,,,,1
364,0.24719,0.000678213,0.00844853,0.0133356,0.0417907,3.29308e-05,5.19665e-05,0.000163207,1,1,0.5,0,2.6266,0.989006,0.979317,0,0,0,2,0,,,,1
365,0.247869,0.000678215,0.00843688,0.0133057,0.0416666,3.28856e-05,5.18505e-05,0.000162722,1,1,0.5,0,2.6266,0.98901,0.979333,0,0,0,2,0,,,,1
366,0.248547,0.000678217,0.00842526,0.013276,0.0415432,3.28406e-05,5.17351e-05,0.000162239,1,1,0.5,0,2.6266,0.989012,0.979349,0,0,0,2,0,,,,1
367,0.249225,0.00067822,0.00841367,0.0132464,0.0414202,3.27956e-05,5.16201e-05,0.000161758,1,1,0.5,0,2.6266,0.989012,0.979365,0,0,0,2,0,,,,1
368,0.249903,0.000678222,0.0084021,0.0132169,0.0412978,3.27507e-05,5.15057e-05,0.00016128,1,1,0.5,0,2.6266,0.989013,0.97938,0,0,0,2,0,,,,1
369,0.250581,0.000678225,0.00839056,0.0131875,0.0411759,3.27059e-05,5.13917e-05,0.000160803,1,1,0.5,0,2.6266,0.989012,0.979396,0,0,0,2,0,,,,1
370,0.25126,0.000678227,0.00837905,0.0131583,0.0410545,3.26613e-05,5.12782e-05,0.000160328,1,1,0.5,0,2.6266,0.989012,0.979412,0,0,0,2,0,,,,1
371,0.251938,0.000678229,0.00836756,0.0131292,0.0409336,3.26167e-05,5.11653e-05,0.000159855,1,1,0.5,0,2.6266,0.989013,0.979428,0,0,0,2,0,,,,1
372,0.252616,0.000678232,0.0083561,0.0131002,0.0408133,3.25722e-05,5.10528e-05,0.000159385,1,1,0.5,0,2.6266,0.989016,0.979444,0,0,0,2,0,,,,1
373,0.253294,0.000678235,0.00834466,0.0130713,0.0406934,3.25279e-05,5.09407e-05,0.000158923,1,1,0.5,0,2.6266,0.989017,0.97946,0,0,0,2,0,,,,1
374,0.253973,0.000678237,0.00833325,0.0130426,0.0405741,3.24836e-05,5.08292e-05,0.000158463,1,1,0.5,0,2.6266,0.989016,0.979474,0,0,0,2,0,,,,1
375,0.254651,0.00067824,0.00832187,0.013014,0.0404552,3.24394e-05,5.07181e-05,0.000158004,1,1,0.5,0,2.6266,0.989017,0.979487,0,0,0,2,0,,,,1
376,0.255329,0.000678243,0.00831051,0.0129855,0.0403368,3.23954e-05,5.06075e-05,0.000157548,1,1,0.5,0,2.6266,0.989018,0.9795,0,0,0,2,0,,,,1
377,0.256007,0.000678245,0.00829917,0.0129571,0.04022,3.23514e-05,5.04974e-05,0.000157094,1,1,0.5,0,2.6266,0.98902,0.979513,0,0,0,2,0,,,,1
378,0.256686,0.000678248,0.00828786,0.0129289,0.0401044,3.23075e-05,5.03877e-05,0.000156641,1,1,0.5,0,2.6266,0.989021,0.979526,0,0,0,2,0,,,,1
379,0.257364,0.000678251,0.00827658,0.0129008,0.0399893,3.22637e-05,5.02785e-05,0.000156191,1,1,0.5,0,2.6266,0.989023,0.979539,0,0,0,2,0,,,,1
380,0.258042,0.000678254,0.00826532,0.0128728,0.0398746,3.222e-05,5.01697e-05,0.000155744,1,1,0.5,0,2.6266,0.989024,0.979552,0,0,0,2,0,,,,1
381,0.25872,0.000678257,0.00825409,0.0128449,0.0397603,3.21764e-05,5.00614e-05,0.000155303,1,1,0.5,0,2.6266,0.989022,0.979565,0,0,0,2,0,,,,1
382,0.259399,0.00067826,0.00824288,0.0128171,0.0396466,3.21329e-05,4.99536e-05,0.000154864,1,1,0.5,0,2.6266,0.989021,0.979578,0,0,0,2,0,,,,1
383,0.260077,0.000678263,0.00823169,0.0127894,0.0395333,3.20895e-05,4.98462e-05,0.000154426,1,1,0.5,0,2.6266,0.989022,0.979592,0,0,0,2,0,,,,1
384,0.260755,0.000678266,0.00822053,0.0127619,0.0394205,3.20462e-05,4.97392e-05,0.00015399,1,1,0.5,0,2.6266,0.989024,0.979605,0,0,0,2,0,,,,1
385,0.261433,0.000678269,0.00820939,0.0127344,0.0393088,3.20029e-05,4.96327e-05,0.000153556,1,1,0.5,0,2.6266,0.989027,0.979618,0,0,0,2,0,,,,1
386,0.262112,0.000678273,0.00819827,0.0127071,0.0391984,3.19598e-05,4.95266e-05,0.000153124,1,1,0.5,0,2.6266,0.989028,0.979631,0,0,0,2,0,,,,1
387,0.26279,0.000678276,0.00818718,0.0126799,0.0390883,3.19167e-05,4.9421e-05,0.000152693,1,1,0.5,0,2.6266,0.989027,0.979644,0,0,0,2,0,,,,1
388,0.263468,0.00067828,0.00817612,0.0126528,0.0389787,3.18738e-05,4.93158e-05,0.000152264,1,1,0.5,0,2.6266,0.989028,0.979654,0,0,0,2,0,,,,1
389,0.264147,0.000678284,0.00816507,0.0126259,0.0388696,3.18309e-05,4.9211e-05,0.000151837,1,1,0.5,0,2.6266,0.989027,0.979664,0,0,0,2,0,,,,1
390,0.264825,0.000678287,0.00815405,0.012599,0.0387608,3.17881e-05,4.91067e-05,0.000151411,1,1,0.5,0,2.6266,0.989027,0.979674,0,0,0,2,0,,,,1
391,0.265503,0.000678291,0.00814306,0.0125722,0.0386525,3.17454e-05,4.90028e-05,0.000150987,1,1,0.5,0,2.6266,0.989028,0.979684,0,0,0,2,0,,,,1
392,0.266181,0.000678295,0.00813208,0.0125456,0.0385446,3.17028e-05,4.88993e-05,0.000150565,1,1,0.5,0,2.6266,0.989031,0.979693,0,0,0,2,0,,,,1
393,0.26686,0.000678299,0.00812113,0.012519,0.0384371,3.16603e-05,4.87962e-05,0.000150144,1,1,0.5,0,2.6266,0.989031,0.979703,0,0,0,2,0,,,,1
394,0.267538,0.000678303,0.0081102,0.0124926,0.03833,3.16179e-05,4.86935e-05,0.000149725,1,1,0.5,0,2.6266,0.98903,0.979713,0,0,0,2,0,,,,1
395,0.268216,0.000678307,0.00809929,0.0124663,0.0382233,3.15755e-05,4.85913e-05,0.000149307,1,1,0.5,0,2.6266,0.98903,0.979723,0,0,0,2,0,,,,1
396,0.268895,0.000678311,0.0080884,0.0124401,0.038117,3.15332e-05,4.84895e-05,0.000148891,1,1,0.5,0,2.6266,0.989031,0.979732,0,0,0,2,0,,,,1
397,0.269573,0.000678316,0.00807754,0.0124139,0.0380111,3.1491e-05,4.83881e-05,0.000148476,1,1,0.5,0,2.6266,0.989033,0.979742,0,0,0,2,0,,,,1
398,0.270251,0.00067832,0.00806669,0.0123879,0.0379056,3.14489e-05,4.8287e-05,0.000148066,1,1,0.5,0,2.6266,0.989034,0.979751,0,0,0,2,0,,,,1
399,0.27093,0.000678324,0.00805587,0.012362,0.0378005,3.14069e-05,4.81864e-05,0.000147662,1,1,0.5,0,2.6266,0.989036,0.979761,0,0,0,2,0,,,,1
400,0.271608,0.000678329,0.00804506,0.0123362,0.0376958,3.13649e-05,4.80862e-05,0.000147258,1,1,0.5,0,2.6266,0.989035,0.979769,0,0,0,2,0,,,,1
401,0.272286,0.000678334,0.00803428,0.0123105,0.0375915,3.13231e-05,4.79864e-05,0.000146857,1,1,0.5,0,2.6266,0.989034,0.979775,0,0,0,2,0,,,,1
402,0.272965,0.000678339,0.00802352,0.0122849,0.0374882,3.12813e-05,4.7887e-05,0.000146456,1,1,0.5,0,2.6266,0.989033,0.979781,0,0,0,2,0,,,,1
403,0.273643,0.000678344,0.00801277,0.0122594,0.0373863,3.12395e-05,4.7788e-05,0.000146058,1,1,0.5,0,2.6266,0.989034,0.979786,0,0,0,2,0,,,,1
404,0.274321,0.000678349,0.00800205,0.0122341,0.0372849,3.11979e-05,4.76894e-05,0.00014566,1,1,0.5,0,2.6266,0.989035,0.979791,0,0,0,2,0,,,,1
405,0.275,0.000678354,0.00799135,0.0122088,0.0371838,3.11563e-05,4.75911e-05,0.000145264,1,1,0.5,0,2.6266,0.989038,0.979796,0,0,0,2,0,,,,1
406,0.275678,0.000678359,0.00798066,0.0121836,0.037083,3.11148e-05,4.74933e-05,0.00014487,1,1,0.5,0,2.6266,0.989038,0.979802,0,0,0,2,0,,,,1
407,0.276356,0.000678364,0.00797,0.0121585,0.0369827,3.10734e-05,4.73958e-05,0.000144477,1,1,0.5,0,2.6266,0.989037,0.979807,0,0,0,2,0,,,,1
408,0.277035,0.00067837,0.00795935,0.0121335,0.0368827,3.1032e-05,4.72987e-05,0.000144085,1,1,0.5,0,2.6266,0.989038,0.979812,0,0,0,2,0,,,,1
409,0.277713,0.000678375,0.00794872,0.0121086,0.036783,3.09908e-05,4.7202e-05,0.000143695,1,1,0.5,0,2.6266,0.989037,0.979817,0,0,0,2,0,,,,1
410,0.278391,0.000678381,0.00793812,0.0120838,0.0366837,3.09496e-05,4.71057e-05,0.000143306,1,1,0.5,0,2.6266,0.989038,0.979821,0,0,0,2,0,,,,1
411,0.27907,0.000678386,0.00792753,0.0120591,0.0365848,3.09084e-05,4.70097e-05,0.000142918,1,1,0.5,0,2.6266,0.989039,0.979826,0,0,0,2,0,,,,1
412,0.279748,0.000678392,0.00791695,0.0120345,0.0364862,3.08673e-05,4.69142e-05,0.000142532,1,1,0.5,0,2.6266,0.989041,0.979831,0,0,0,2,0,,,,1
413,0.280427,0.000678398,0.0079064,0.01201,0.036388,3.08263e-05,4.68189e-05,0.000142148,1,1,0.5,0,2.6266,0.98904,0.979832,0,0,0,2,0,,,,1
414,0.281105,0.000678404,0.00789585,0.0119855,0.0362901,3.07854e-05,4.67241e-05,0.000141764,1,1,0.5,0,2.6266,0.989038,0.979833,0,0,0,2,0,,,,1
415,0.281783,0.00067841,0.00788533,0.0119612,0.0361925,3.07445e-05,4.66296e-05,0.000141382,1,1,0.5,0,2.6266,0.989039,0.979834,0,0,0,2,0,,,,1
416,0.282462,0.000678417,0.00787483,0.011937,0.0360953,3.07037e-05,4.65355e-05,0.000141001,1,1,0.5,0,2.6266,0.98904,0.979836,0,0,0,2,0,,,,1
417,0.28314,0.000678423,0.00786433,0.0119129,0.0359984,3.06629e-05,4.64417e-05,0.000140626,1,1,0.5,0,2.6266,0.989042,0.979837,0,0,0,2,0,,,,1
418,0.283819,0.00067843,0.00785386,0.0118888,0.0359019,3.06222e-05,4.63483e-05,0.000140252,1,1,0.5,0,2.6266,0.989044,0.979838,0,0,0,2,0,,,,1
419,0.284497,0.000678436,0.00784339,0.0118649,0.0358057,3.05816e-05,4.62552e-05,0.00013988,1,1,0.5,0,2.6266,0.989044,0.979839,0,0,0,2,0,,,,1
420,0.285176,0.000678443,0.00783294,0.011841,0.0357098,3.05409e-05,4.61625e-05,0.00013951,1,1,0.5,0,2.6266,0.989043,0.97984,0,0,0,2,0,,,,1
421,0.285854,0.00067845,0.00782251,0.0118172,0.0356142,3.05004e-05,4.60702e-05,0.00013914,1,1,0.5,0,2.6266,0.989041,0.979841,0,0,0,2,0,,,,1
422,0.286533,0.000678457,0.00781208,0.0117935,0.03552,3.04599e-05,4.59782e-05,0.000138775,1,1,0.5,0,2.6266,0.989041,0.979842,0,0,0,2,0,,,,1
423,0.287211,0.000678464,0.00780167,0.0117699,0.0354267,3.04194e-05,4.58865e-05,0.000138414,1,1,0.5,0,2.6266,0.989042,0.979843,0,0,0,2,0,,,,1
424,0.287889,0.000678471,0.00779127,0.0117464,0.0353338,3.0379e-05,4.57952e-05,0.000138055,1,1,0.5,0,2.6266,0.989044,0.979844,0,0,0,2,0,,,,1
425,0.288568,0.000678478,0.00778088,0.011723,0.0352413,3.03387e-05,4.57042e-05,0.000137697,1,1,0.5,0,2.6266,0.989045,0.979842,0,0,0,2,0,,,,1
426,0.289246,0.000678486,0.00777051,0.0116997,0.035149,3.02983e-05,4.56136e-05,0.00013734,1,1,0.5,0,2.6266,0.989044,0.979839,0,0,0,2,0,,,,1
427,0.289925,0.000678493,0.00776014,0.0116764,0.0350571,3.0258e-05,4.55233e-05,0.000136984,1,1,0.5,0,2.6266,0.989044,0.979837,0,0,0,2,0,,,,1
428,0.290603,0.000678501,0.00774979,0.0116533,0.0349666,3.02178e-05,4.54333e-05,0.00013663,1,1,0.5,0,2.6266,0.989045,0.979834,0,0,0,2,0,,,,1
429,0.291282,0.000678508,0.00773944,0.0116302,0.0348765,3.01776e-05,4.53437e-05,0.000136276,1,1,0.5,0,2.6266,0.989045,0.979832,0,0,0,2,0,,,,1
430,0.29196,0.000678516,0.0077291,0.0116072,0.0347866,3.01374e-05,4.52544e-05,0.000135924,1,1,0.5,0,2.6266,0.989046,0.97983,0,0,0,2,0,,,,1
431,0.292639,0.000678524,0.00771878,0.0115843,0.034697,3.00973e-05,4.51654e-05,0.000135573,1,1,0.5,0,2.6266,0.989048,0.979828,0,0,0,2,0,,,,1
432,0.293318,0.000678533,0.00770846,0.0115615,0.0346076,3.00572e-05,4.50767e-05,0.000135223,1,1,0.5,0,2.6266,0.989048,0.979826,0,0,0,2,0,,,,1
433,0.293996,0.000678541,0.00769816,0.0115388,0.0345186,3.00171e-05,4.49884e-05,0.000134874,1,1,0.5,0,2.6266,0.989046,0.979824,0,0,0,2,0,,,,1
434,0.294675,0.000678549,0.00768786,0.0115161,0.0344299,2.99771e-05,4.49004e-05,0.000134526,1,1,0.5,0,2.6266,0.989045,0.979822,0,0,0,2,0,,,,1
435,0.295353,0.000678558,0.00767758,0.0114936,0.0343414,2.99371e-05,4.48127e-05,0.000134179,1,1,0.5,0,2.6266,0.989046,0.97982,0,0,0,2,0,,,,1
436,0.296032,0.000678566,0.0076673,0.0114711,0.0342532,2.98972e-05,4.47253e-05,0.000133833,1,1,0.5,0,2.6266,0.989047,0.979819,0,0,0,2,0,,,,1
437,0.29671,0.000678575,0.00765703,0.0114487,0.0341653,2.98573e-05,4.46383e-05,0.000133489,1,1,0.5,0,2.6266,0.989051,0.979818,0,0,0,2,0,,,,1
438,0.297389,0.000678584,0.00764677,0.0114263,0.0340776,2.98174e-05,4.45515e-05,0.000133145,1,1,0.5,0,2.6266,0.98905,0.979816,0,0,0,2,0,,,,1
439,0.298067,0.000678593,0.00763653,0.0114041,0.0339902,2.97775e-05,4.44651e-05,0.000132803,1,1,0.5,0,2.6266,0.989049,0.979812,0,0,0,2,0,,,,1
440,0.298746,0.000678602,0.00762629,0.0113819,0.0339031,2.97377e-05,4.4379e-05,0.000132461,1,1,0.5,0,2.6266,0.989049,0.979809,0,0,0,2,0,,,,1
441,0.299425,0.000678611,0.00761606,0.0113598,0.0338163,2.9698e-05,4.42932e-05,0.000132124,1,1,0.5,0,2.6266,0.989048,0.979805,0,0,0,2,0,,,,1
442,0.300103,0.00067862,0.00760584,0.0113378,0.0337297,2.96583e-05,4.42077e-05,0.000131791,1,1,0.5,0,2.6266,0.989049,0.979802,0,0,0,2,0,,,,1
443,0.300782,0.000678629,0.00759564,0.0113159,0.0336434,2.96186e-05,4.41225e-05,0.000131459,1,1,0.5,0,2.6266,0.98905,0.979799,0,0,0,2,0,,,,1
444,0.301461,0.000678639,0.00758544,0.0112941,0.0335574,2.95789e-05,4.40375e-05,0.000131128,1,1,0.5,0,2.6266,0.989053,0.979796,0,0,0,2,0,,,,1
445,0.302139,0.000678648,0.00757525,0.0112723,0.0334727,2.95393e-05,4.39529e-05,0.000130798,1,1,0.5,0,2.6266,0.989051,0.979794,0,0,0,2,0,,,,1
446,0.302818,0.000678658,0.00756508,0.0112506,0.0333888,2.94997e-05,4.38686e-05,0.000130469,1,1,0.5,0,2.6266,0.98905,0.979792,0,0,0,2,0,,,,1
447,0.303497,0.000678667,0.00755491,0.011229,0.0333052,2.94602e-05,4.37846e-05,0.000130142,1,1,0.5,0,2.6266,0.98905,0.97979,0,0,0,2,0,,,,1
448,0.304175,0.000678677,0.00754475,0.0112074,0.0332218,2.94207e-05,4.37009e-05,0.000129815,1,1,0.5,0,2.6266,0.989052,0.979789,0,0,0,2,0,,,,1
449,0.304854,0.000678687,0.00753461,0.011186,0.0331386,2.93813e-05,4.36174e-05,0.000129489,1,1,0.5,0,2.6266,0.989054,0.979788,0,0,0,2,0,,,,1
450,0.305533,0.000678697,0.00752448,0.0111646,0.0330557,2.93419e-05,4.35343e-05,0.000129164,1,1,0.5,0,2.6266,0.989055,0.979788,0,0,0,2,0,,,,1
451,0.306211,0.000678706,0.00751436,0.0111432,0.0329731,2.93025e-05,4.34515e-05,0.00012884,1,1,0.5,0,2.6266,0.989055,0.979788,0,0,0,2,0,,,,1
452,0.30689,0.000678716,0.00750425,0.011122,0.0328907,2.92632e-05,4.33689e-05,0.000128517,1,1,0.5,0,2.6266,0.989053,0.979788,0,0,0,2,0,,,,1
453,0.307569,0.000678726,0.00749415,0.0111008,0.0328085,2.92239e-05,4.32866e-05,0.000128194,1,1,0.5,0,2.6266,0.989052,0.979788,0,0,0,2,0,,,,1
454,0.308247,0.000678736,0.00748406,0.0110797,0.0327266,2.91847e-05,4.32046e-05,0.000127873,1,1,0.5,0,2.6266,0.989052,0.979789,0,0,0,2,0,,,,1
455,0.308926,0.000678745,0.00747399,0.0110587,0.0326449,2.91455e-05,4.31229e-05,0.000127553,1,1,0.5,0,2.6266,0.989053,0.97979,0,0,0,2,0,,,,1
456,0.309605,0.000678755,0.00746393,0.0110377,0.0325634,2.91064e-05,4.30414e-05,0.000127233,1,1,0.5,0,2.6266,0.989056,0.979791,0,0,0,2,0,,,,1
457,0.310284,0.000678765,0.00745388,0.0110168,0.0324822,2.90673e-05,4.29602e-05,0.000126915,1,1,0.5,0,2.6266,0.989056,0.979792,0,0,0,2,0,,,,1
458,0.310963,0.000678775,0.00744384,0.010996,0.0324012,2.90283e-05,4.28794e-05,0.000126597,1,1,0.5,0,2.6266,0.989055,0.979793,0,0,0,2,0,,,,1
459,0.311641,0.000678785,0.00743382,0.0109753,0.0323205,2.89893e-05,4.27987e-05,0.000126281,1,1,0.5,0,2.6266,0.989055,0.979795,0,0,0,2,0,,,,1
460,0.31232,0.000678795,0.00742382,0.0109546,0.0322399,2.89504e-05,4.27184e-05,0.000125972,1,1,0.5,0,2.6266,0.989057,0.979797,0,0,0,2,0,,,,1
461,0.312999,0.000678805,0.00741382,0.010934,0.0321596,2.89116e-05,4.26383e-05,0.000125663,1,1,0.5,0,2.6266,0.989056,0.9798,0,0,0,2,0,,,,1
462,0.313678,0.000678815,0.00740385,0.0109135,0.0320795,2.88728e-05,4.25585e-05,0.000125355,1,1,0.5,0,2.6266,0.989057,0.979803,0,0,0,2,0,,,,1
463,0.314357,0.000678825,0.00739389,0.010893,0.0320004,2.8834e-05,4.24789e-05,0.000125048,1,1,0.5,0,2.6266,0.98906,0.979807,0,0,0,2,0,,,,1
464,0.315035,0.000678835,0.00738394,0.0108726,0.0319224,2.87953e-05,4.23997e-05,0.000124743,1,1,0.5,0,2.6266,0.989058,0.979811,0,0,0,2,0,,,,1
465,0.315714,0.000678845,0.00737401,0.0108523,0.0318446,2.87567e-05,4.23206e-05,0.000124437,1,1,0.5,0,2.6266,0.989057,0.979816,0,0,0,2,0,,,,1
466,0.316393,0.000678855,0.0073641,0.010832,0.031767,2.87181e-05,4.22419e-05,0.000124135,1,1,0.5,0,2.6266,0.989057,0.979821,0,0,0,2,0,,,,1
467,0.317072,0.000678864,0.0073542,0.0108118,0.0316896,2.86796e-05,4.21634e-05,0.000123836,1,1,0.5,0,2.6266,0.989058,0.979827,0,0,0,2,0,,,,1
468,0.317751,0.000678874,0.00734432,0.0107917,0.0316124,2.86412e-05,4.20851e-05,0.000123537,1,1,0.5,0,2.6266,0.98906,0.979834,0,0,0,2,0,,,,1
469,0.31843,0.000678883,0.00733445,0.0107716,0.0315355,2.86028e-05,4.20071e-05,0.000123239,1,1,0.5,0,2.6266,0.989062,0.979842,0,0,0,2,0,,,,1
470,0.319109,0.000678892,0.00732461,0.0107516,0.0314587,2.85645e-05,4.19294e-05,0.000122942,1,1,0.5,0,2.6266,0.989061,0.97985,0,0,0,2,0,,,,1
471,0.319788,0.000678901,0.00731478,0.0107317,0.0313824,2.85263e-05,4.18519e-05,0.000122646,1,1,0.5,0,2.6266,0.989061,0.979859,0,0,0,2,0,,,,1
472,0.320466,0.00067891,0.00730498,0.0107118,0.0313071,2.84882e-05,4.17747e-05,0.00012235,1,1,0.5,0,2.6266,0.989061,0.979869,0,0,0,2,0,,,,1
473,0.321145,0.000678919,0.00729519,0.010692,0.0312319,2.84501e-05,4.16977e-05,0.000122055,1,1,0.5,0,2.6266,0.98906,0.979879,0,0,0,2,0,,,,1
474,0.321824,0.000678928,0.00728542,0.0106723,0.031157,2.84121e-05,4.1621e-05,0.000121761,1,1,0.5,0,2.6266,0.989061,0.979889,0,0,0,2,0,,,,1
475,0.322503,0.000678936,0.00727567,0.0106526,0.0310822,2.83742e-05,4.15445e-05,0.000121468,1,1,0.5,0,2.6266,0.989063,0.979901,0,0,0,2,0,,,,1
476,0.323182,0.000678944,0.00726595,0.010633,0.0310077,2.83363e-05,4.14682e-05,0.000121176,1,1,0.5,0,2.6266,0.989064,0.979913,0,0,0,2,0,,,,1
477,0.323861,0.000678952,0.00725624,0.0106134,0.0309333,2.82985e-05,4.13922e-05,0.000120884,1,1,0.5,0,2.6266,0.989062,0.979925,0,0,0,2,0,,,,1
478,0.32454,0.00067896,0.00724656,0.0105939,0.0308591,2.82609e-05,4.13165e-05,0.000120593,1,1,0.5,0,2.6266,0.989062,0.979939,0,0,0,2,0,,,,1
479,0.325219,0.000678967,0.0072369,0.0105745,0.0307851,2.82233e-05,4.12409e-05,0.000120303,1,1,0.5,0,2.6266,0.989063,0.979953,0,0,0,2,0,,,,1
480,0.325898,0.000678974,0.00722727,0.0105551,0.0307113,2.81858e-05,4.11656e-05,0.000120013,1,1,0.5,0,2.6266,0.989065,0.979968,0,0,0,2,0,,,,1
481,0.326577,0.000678981,0.00721766,0.0105358,0.0306377,2.81485e-05,4.10906e-05,0.000119727,1,1,0.5,0,2.6266,0.989067,0.979984,0,0,0,2,0,,,,1
482,0.327256,0.000678987,0.00720808,0.0105166,0.0305643,2.81112e-05,4.10158e-05,0.000119445,1,1,0.5,0,2.6266,0.989068,0.98,0,0,0,2,0,,,,1
483,0.327935,0.000678993,0.00719852,0.0104974,0.0304911,2.8074e-05,4.09412e-05,0.000119164,1,1,0.5,0,2.6266,0.989067,0.980017,0,0,0,2,0,,,,1
484,0.328614,0.000678998,0.00718897,0.0104783,0.030418,2.80368e-05,4.08669e-05,0.000118884,1,1,0.5,0,2.6266,0.989066,0.980034,0,0,0,2,0,,,,1
485,0.329293,0.000679003,0.00717945,0.0104592,0.0303466,2.79998e-05,4.07927e-05,0.000118604,1,1,0.5,0,2.6266,0.989065,0.980052,0,0,0,2,0,,,,1
486,0.329972,0.000679008,0.00716995,0.0104402,0.0302755,2.79628e-05,4.07189e-05,0.000118325,1,1,0.5,0,2.6266,0.989066,0.980071,0,0,0,2,0,,,,1
487,0.330651,0.000679012,0.00716047,0.0104213,0.0302045,2.79259e-05,4.06452e-05,0.000118046,1,1,0.5,0,2.6266,0.989068,0.98009,0,0,0,2,0,,,,1
488,0.33133,0.000679015,0.007151,0.0104024,0.0301337,2.78891e-05,4.05718e-05,0.000117768,1,1,0.5,0,2.6266,0.98907,0.980109,0,0,0,2,0,,,,1
489,0.332009,0.000679018,0.00714156,0.0103835,0.0300631,2.78523e-05,4.04986e-05,0.000117491,1,1,0.5,0,2.6266,0.989068,0.980128,0,0,0,2,0,,,,1
490,0.332688,0.00067902,0.00713213,0.0103648,0.0299927,2.78157e-05,4.04256e-05,0.000117215,1,1,0.5,0,2.6266,0.989068,0.980148,0,0,0,2,0,,,,1
491,0.333367,0.000679022,0.00712272,0.0103461,0.0299224,2.7779e-05,4.03528e-05,0.000116939,1,1,0.5,0,2.6266,0.989069,0.980169,0,0,0,2,0,,,,1
492,0.334046,0.000679023,0.00711333,0.0103274,0.0298523,2.77425e-05,4.02803e-05,0.000116664,1,1,0.5,0,2.6266,0.989071,0.980191,0,0,0,2,0,,,,1
493,0.334725,0.000679023,0.00710395,0.0103088,0.0297824,2.7706e-05,4.0208e-05,0.00011639,1,1,0.5,0,2.6266,0.989071,0.980214,0,0,0,2,0,,,,1
494,0.335404,0.000679023,0.00709459,0.0102903,0.0297126,2.76696e-05,4.01359e-05,0.000116116,1,1,0.5,0,2.6266,0.989073,0.980236,0,0,0,2,0,,,,1
495,0.336083,0.000679022,0.00708524,0.0102718,0.029643,2.76332e-05,4.0064e-05,0.000115843,1,1,0.5,0,2.6266,0.989073,0.980259,0,0,0,2,0,,,,1
496,0.336762,0.000679021,0.00707591,0.0102534,0.0295736,2.75969e-05,3.99923e-05,0.00011557,1,1,0.5,0,2.6266,0.989071,0.980282,0,0,0,2,0,,,,1
497,0.337441,0.000679019,0.00706659,0.010235,0.0295043,2.75606e-05,3.99209e-05,0.000115299,1,1,0.5,0,2.6266,0.989071,0.980306,0,0,0,2,0,,,,1
498,0.33812,0.000679016,0.00705729,0.0102167,0.0294352,2.75244e-05,3.98496e-05,0.000115028,1,1,0.5,0,2.6266,0.989072,0.980332,0,0,0,2,0,,,,1
499,0.338799,0.000679013,0.007048,0.0101984,0.0293663,2.74882e-05,3.97786e-05,0.000114764,1,1,0.5,0,2.6266,0.989074,0.980357,0,0,0,2,0,,,,1
500,0.339478,0.000679009,0.00703872,0.0101802,0.0292975,2.74521e-05,3.97078e-05,0.0001145,1,1,0.5,0,2.6266,0.989077,0.980383,0,0,0,2,0,,,,1
501,0.340157,0.000679004,0.00702946,0.010162,0.0292289,2.74161e-05,3.96372e-05,0.000114237,1,1,0.5,0,2.6266,0.989075,0.980409,0,0,0,2,0,,,,1
502,0.340836,0.000678999,0.00702021,0.0101439,0.0291616,2.73801e-05,3.95668e-05,0.000113974,1,1,0.5,0,2.6266,0.989075,0.980435,0,0,0,2,0,,,,1
503,0.341515,0.000678994,0.00701098,0.0101259,0.0290948,2.73441e-05,3.94966e-05,0.000113712,1,1,0.5,0,2.6266,0.989076,0.980462,0,0,0,2,0,,,,1
504,0.342194,0.000678987,0.00700175,0.0101079,0.0290282,2.73082e-05,3.94266e-05,0.000113451,1,1,0.5,0,2.6266,0.989076,0.98049,0,0,0,2,0,,,,1
505,0.342873,0.00067898,0.00699254,0.01009,0.0289618,2.72724e-05,3.93569e-05,0.00011319,1,1,0.5,0,2.6266,0.989077,0.980518,0,0,0,2,0,,,,1
506,0.343552,0.000678974,0.00698335,0.0100721,0.0288955,2.72366e-05,3.92873e-05,0.000112929,1,1,0.5,0,2.6266,0.989079,0.980546,0,0,0,2,0,,,,1
507,0.344231,0.000678966,0.00697416,0.0100542,0.0288293,2.72008e-05,3.92179e-05,0.00011267,1,1,0.5,0,2.6266,0.989079,0.980574,0,0,0,2,0,,,,1
508,0.34491,0.000678958,0.00696499,0.0100364,0.0287633,2.71651e-05,3.91488e-05,0.000112411,1,1,0.5,0,2.6266,0.989078,0.980603,0,0,0,2,0,,,,1
509,0.345589,0.00067895,0.00695583,0.0100187,0.0286974,2.71295e-05,3.90798e-05,0.000112152,1,1,0.5,0,2.6266,0.989078,0.980631,0,0,0,2,0,,,,1
510,0.346268,0.000678942,0.00694669,0.010001,0.0286317,2.70939e-05,3.9011e-05,0.000111894,1,1,0.5,0,2.6266,0.989078,0.980658,0,0,0,2,0,,,,1
511,0.346947,0.000678933,0.00693755,0.00998341,0.0285661,2.70583e-05,3.89424e-05,0.00011164,1,1,0.5,0,2.6266,0.989081,0.980685,0,0,0,2,0,,,,1
512,0.347626,0.000678924,0.00692843,0.00996583,0.0285007,2.70228e-05,3.88741e-05,0.000111386,1,1,0.5,0,2.6266,0.989084,0.980712,0,0,0,2,0,,,,1
513,0.348305,0.000678914,0.00691933,0.00994831,0.0284355,2.69874e-05,3.88059e-05,0.000111134,1,1,0.5,0,2.6266,0.989083,0.980739,0,0,0,2,0,,,,1
514,0.348984,0.000678905,0.00691023,0.00993083,0.0283703,2.6952e-05,3.87379e-05,0.000110881,1,1,0.5,0,2.6266,0.989083,0.980767,0,0,0,2,0,,,,1
515,0.349663,0.000678896,0.00690115,0.00991341,0.0283053,2.69166e-05,3.86701e-05,0.00011063,1,1,0.5,0,2.6266,0.989083,0.980795,0,0,0,2,0,,,,1
516,0.350341,0.000678886,0.00689209,0.00989603,0.0282409,2.68813e-05,3.86025e-05,0.000110379,1,1,0.5,0,2.6266,0.989082,0.980822,0,0,0,2,0,,,,1
517,0.35102,0.000678876,0.00688304,0.00987871,0.0281771,2.68461e-05,3.85351e-05,0.000110128,1,1,0.5,0,2.6266,0.989083,0.980849,0,0,0,2,0,,,,1
518,0.351699,0.000678866,0.006874,0.00986143,0.0281134,2.68109e-05,3.84679e-05,0.000109878,1,1,0.5,0,2.6266,0.989085,0.980877,0,0,0,2,0,,,,1
519,0.352378,0.000678856,0.00686497,0.00984421,0.0280499,2.67758e-05,3.84009e-05,0.000109631,1,1,0.5,0,2.6266,0.989086,0.980904,0,0,0,2,0,,,,1
520,0.353057,0.000678846,0.00685596,0.00982703,0.0279865,2.67407e-05,3.83341e-05,0.000109388,1,1,0.5,0,2.6266,0.989085,0.98093,0,0,0,2,0,,,,1
521,0.353736,0.000678836,0.00684695,0.0098099,0.0279232,2.67056e-05,3.82674e-05,0.000109145,1,1,0.5,0,2.6266,0.989085,0.980953,0,0,0,2,0,,,,1
522,0.354415,0.000678826,0.00683797,0.00979282,0.0278603,2.66706e-05,3.8201e-05,0.000108903,1,1,0.5,0,2.6266,0.989086,0.980976,0,0,0,2,0,,,,1
523,0.355093,0.000678815,0.00682899,0.00977579,0.0277987,2.66357e-05,3.81347e-05,0.000108662,1,1,0.5,0,2.6266,0.989088,0.981,0,0,0,2,0,,,,1
524,0.355772,0.000678805,0.00682003,0.00975881,0.0277373,2.66008e-05,3.80686e-05,0.00010842,1,1,0.5,0,2.6266,0.98909,0.981023,0,0,0,2,0,,,,1
525,0.356451,0.000678795,0.00681109,0.00974187,0.027676,2.6566e-05,3.80027e-05,0.00010818,1,1,0.5,0,2.6266,0.989091,0.981045,0,0,0,2,0,,,,1
526,0.35713,0.000678785,0.00680216,0.00972498,0.0276149,2.65312e-05,3.7937e-05,0.00010794,1,1,0.5,0,2.6266,0.989091,0.981067,0,0,0,2,0,,,,1
527,0.357809,0.000678776,0.00679324,0.00970814,0.0275538,2.64965e-05,3.78714e-05,0.0001077,1,1,0.5,0,2.6266,0.989089,0.981086,0,0,0,2,0,,,,1
528,0.358487,0.000678766,0.00678434,0.00969135,0.0274929,2.64618e-05,3.78061e-05,0.000107461,1,1,0.5,0,2.6266,0.989089,0.981102,0,0,0,2,0,,,,1
529,0.359166,0.000678756,0.00677545,0.0096746,0.0274321,2.64272e-05,3.77409e-05,0.000107222,1,1,0.5,0,2.6266,0.98909,0.981119,0,0,0,2,0,,,,1
530,0.359845,0.000678746,0.00676658,0.0096579,0.0273715,2.63926e-05,3.76759e-05,0.000106984,1,1,0.5,0,2.6266,0.989092,0.981136,0,0,0,2,0,,,,1
531,0.360524,0.000678737,0.00675772,0.00964124,0.027311,2.63581e-05,3.76111e-05,0.000106746,1,1,0.5,0,2.6266,0.989094,0.98115,0,0,0,2,0,,,,1
532,0.361202,0.000678727,0.00674887,0.00962463,0.0272505,2.63237e-05,3.75464e-05,0.000106509,1,1,0.5,0,2.6266,0.989093,0.981161,0,0,0,2,0,,,,1
533,0.361881,0.000678718,0.00674004,0.00960807,0.0271903,2.62893e-05,3.74819e-05,0.000106272,1,1,0.5,0,2.6266,0.989092,0.981171,0,0,0,2,0,,,,1
534,0.36256,0.000678708,0.00673123,0.00959155,0.0271301,2.62549e-05,3.74177e-05,0.000106036,1,1,0.5,0,2.6266,0.989094,0.981181,0,0,0,2,0,,,,1
535,0.363238,0.000678699,0.00672243,0.00957508,0.0270701,2.62207e-05,3.73535e-05,0.000105801,1,1,0.5,0,2.6266,0.989096,0.981188,0,0,0,2,0,,,,1
536,0.363917,0.00067869,0.00671364,0.00955866,0.0270102,2.61864e-05,3.72896e-05,0.000105571,1,1,0.5,0,2.6266,0.989096,0.981192,0,0,0,2,0,,,,1
537,0.364596,0.000678681,0.00670487,0.00954228,0.0269504,2.61523e-05,3.72258e-05,0.000105341,1,1,0.5,0,2.6266,0.989098,0.981196,0,0,0,2,0,,,,1
538,0.365274,0.000678672,0.00669612,0.00952594,0.0268908,2.61182e-05,3.71622e-05,0.000105113,1,1,0.5,0,2.6266,0.989098,0.981198,0,0,0,2,0,,,,1
539,0.365953,0.000678663,0.00668738,0.00950965,0.0268322,2.60841e-05,3.70988e-05,0.000104885,1,1,0.5,0,2.6266,0.989096,0.981198,0,0,0,2,0,,,,1
540,0.366632,0.000678655,0.00667865,0.0094934,0.0267742,2.60502e-05,3.70355e-05,0.000104657,1,1,0.5,0,2.6266,0.989096,0.981195,0,0,0,2,0,,,,1
541,0.36731,0.000678646,0.00666994,0.0094772,0.0267163,2.60162e-05,3.69725e-05,0.000104429,1,1,0.5,0,2.6266,0.989097,0.981192,0,0,0,2,0,,,,1
542,0.367989,0.000678638,0.00666124,0.00946104,0.0266586,2.59823e-05,3.69095e-05,0.000104203,1,1,0.5,0,2.6266,0.989099,0.981188,0,0,0,2,0,,,,1
543,0.368668,0.00067863,0.00665256,0.00944492,0.0266009,2.59485e-05,3.68468e-05,0.000103976,1,1,0.5,0,2.6266,0.989102,0.98118,0,0,0,2,0,,,,1
544,0.369346,0.000678622,0.00664389,0.00942885,0.0265434,2.59147e-05,3.67842e-05,0.00010375,1,1,0.5,0,2.6266,0.9891,0.981172,0,0,0,2,0,,,,1
545,0.370025,0.000678615,0.00663523,0.00941282,0.026486,2.5881e-05,3.67218e-05,0.000103525,1,1,0.5,0,2.6266,0.9891,0.981164,0,0,0,2,0,,,,1
546,0.370703,0.000678607,0.00662658,0.00939683,0.0264287,2.58473e-05,3.66595e-05,0.0001033,1,1,0.5,0,2.6266,0.989102,0.981154,0,0,0,2,0,,,,1
547,0.371382,0.0006786,0.00661795,0.00938089,0.0263715,2.58137e-05,3.65975e-05,0.000103075,1,1,0.5,0,2.6266,0.989102,0.981143,0,0,0,2,0,,,,1
548,0.372061,0.000678593,0.00660933,0.00936499,0.0263145,2.57801e-05,3.65355e-05,0.000102851,1,1,0.5,0,2.6266,0.989103,0.981129,0,0,0,2,0,,,,1
549,0.372739,0.000678586,0.00660072,0.00934913,0.0262575,2.57466e-05,3.64738e-05,0.000102627,1,1,0.5,0,2.6266,0.989105,0.981116,0,0,0,2,0,,,,1
550,0.373418,0.000678579,0.00659213,0.00933332,0.0262007,2.57131e-05,3.64122e-05,0.000102404,1,1,0.5,0,2.6266,0.989105,0.981103,0,0,0,2,0,,,,1
551,0.374096,0.000678573,0.00658354,0.00931755,0.026144,2.56796e-05,3.63508e-05,0.000102182,1,1,0.5,0,2.6266,0.989104,0.98109,0,0,0,2,0,,,,1
552,0.374775,0.000678566,0.00657497,0.00930182,0.0260874,2.56462e-05,3.62895e-05,0.000101962,1,1,0.5,0,2.6266,0.989104,0.981076,0,0,0,2,0,,,,1
553,0.375454,0.00067856,0.00656641,0.00928613,0.0260309,2.56129e-05,3.62284e-05,0.000101746,1,1,0.5,0,2.6266,0.989105,0.981061,0,0,0,2,0,,,,1
554,0.376132,0.000678554,0.00655787,0.00927048,0.0259745,2.55796e-05,3.61674e-05,0.00010153,1,1,0.5,0,2.6266,0.989107,0.981044,0,0,0,2,0,,,,1
555,0.376811,0.000678548,0.00654933,0.00925488,0.0259188,2.55463e-05,3.61067e-05,0.000101314,1,1,0.5,0,2.6266,0.989109,0.981028,0,0,0,2,0,,,,1
556,0.377489,0.000678542,0.00654081,0.00923931,0.0258641,2.55131e-05,3.6046e-05,0.000101099,1,1,0.5,0,2.6266,0.989108,0.981012,0,0,0,2,0,,,,1
557,0.378168,0.000678537,0.0065323,0.00922379,0.0258094,2.54799e-05,3.59856e-05,0.000100885,1,1,0.5,0,2.6266,0.989108,0.980996,0,0,0,2,0,,,,1
558,0.378846,0.000678531,0.0065238,0.00920831,0.0257549,2.54468e-05,3.59252e-05,0.00010067,1,1,0.5,0,2.6266,0.989109,0.980981,0,0,0,2,0,,,,1
559,0.379525,0.000678526,0.00651531,0.00919287,0.0257004,2.54137e-05,3.58651e-05,0.000100456,1,1,0.5,0,2.6266,0.989109,0.980965,0,0,0,2,0,,,,1
560,0.380203,0.000678521,0.00650683,0.00917746,0.0256461,2.53807e-05,3.58051e-05,0.000100243,1,1,0.5,0,2.6266,0.98911,0.980949,0,0,0,2,0,,,,1
561,0.380882,0.000678517,0.00649836,0.0091621,0.0255919,2.53477e-05,3.57452e-05,0.00010003,1,1,0.5,0,2.6266,0.989113,0.980933,0,0,0,2,0,,,,1
562,0.38156,0.000678512,0.00648991,0.00914679,0.0255377,2.53147e-05,3.56855e-05,9.98173e-05,1,1,0.5,0,2.6266,0.989112,0.980918,0,0,0,2,0,,,,1
563,0.382239,0.000678508,0.00648146,0.00913151,0.0254837,2.52818e-05,3.5626e-05,9.9606e-05,1,1,0.5,0,2.6266,0.989111,0.980904,0,0,0,2,0,,,,1
564,0.382917,0.000678504,0.00647303,0.00911627,0.0254298,2.5249e-05,3.55666e-05,9.93971e-05,1,1,0.5,0,2.6266,0.989111,0.980888,0,0,0,2,0,,,,1
565,0.383596,0.0006785,0.00646461,0.00910107,0.025376,2.52161e-05,3.55074e-05,9.91886e-05,1,1,0.5,0,2.6266,0.989112,0.980872,0,0,0,2,0,,,,1
566,0.384274,0.000678496,0.0064562,0.0090859,0.0253224,2.51834e-05,3.54483e-05,9.89805e-05,1,1,0.5,0,2.6266,0.989115,0.980857,0,0,0,2,0,,,,1
567,0.384953,0.000678493,0.0064478,0.00907078,0.0252688,2.51506e-05,3.53894e-05,9.87728e-05,1,1,0.5,0,2.6266,0.989117,0.980843,0,0,0,2,0,,,,1
568,0.385631,0.00067849,0.00643941,0.0090557,0.0252153,2.51179e-05,3.53306e-05,9.85656e-05,1,1,0.5,0,2.6266,0.989116,0.98083,0,0,0,2,0,,,,1
569,0.38631,0.000678487,0.00643103,0.00904066,0.0251626,2.50853e-05,3.5272e-05,9.83587e-05,1,1,0.5,0,2.6266,0.989116,0.980816,0,0,0,2,0,,,,1
570,0.386988,0.000678484,0.00642267,0.00902566,0.02511,2.50527e-05,3.52135e-05,9.81523e-05,1,1,0.5,0,2.6266,0.989116,0.980802,0,0,0,2,0,,,,1
571,0.387667,0.000678481,0.00641431,0.00901069,0.0250576,2.50201e-05,3.51552e-05,9.79463e-05,1,1,0.5,0,2.6266,0.989116,0.980789,0,0,0,2,0,,,,1
572,0.388345,0.000678479,0.00640597,0.00899576,0.0250053,2.49876e-05,3.5097e-05,9.77446e-05,1,1,0.5,0,2.6266,0.989117,0.980777,0,0,0,2,0,,,,1
573,0.389024,0.000678477,0.00639763,0.00898088,0.0249531,2.49551e-05,3.5039e-05,9.75445e-05,1,1,0.5,0,2.6266,0.98912,0.980765,0,0,0,2,0,,,,1
574,0.389702,0.000678475,0.00638931,0.00896603,0.0249012,2.49226e-05,3.49811e-05,9.73449e-05,1,1,0.5,0,2.6266,0.989119,0.980754,0,0,0,2,0,,,,1
575,0.390381,0.000678473,0.00638099,0.00895121,0.0248498,2.48902e-05,3.49234e-05,9.71456e-05,1,1,0.5,0,2.6266,0.989118,0.980744,0,0,0,2,0,,,,1
576,0.391059,0.000678471,0.00637269,0.00893644,0.0247991,2.48578e-05,3.48658e-05,9.69467e-05,1,1,0.5,0,2.6266,0.989118,0.980735,0,0,0,2,0,,,,1
577,0.391738,0.00067847,0.00636439,0.0089217,0.0247486,2.48255e-05,3.48083e-05,9.67482e-05,1,1,0.5,0,2.6266,0.98912,0.980726,0,0,0,2,0,,,,1
578,0.392416,0.000678468,0.00635611,0.008907,0.0246982,2.47932e-05,3.4751e-05,9.65501e-05,1,1,0.5,0,2.6266,0.989123,0.980717,0,0,0,2,0,,,,1
579,0.393095,0.000678467,0.00634783,0.00889234,0.0246479,2.4761e-05,3.46939e-05,9.63524e-05,1,1,0.5,0,2.6266,0.989124,0.980708,0,0,0,2,0,,,,1
580,0.393773,0.000678467,0.00633957,0.00887772,0.0245977,2.47287e-05,3.46368e-05,9.61551e-05,1,1,0.5,0,2.6266,0.989124,0.980701,0,0,0,2,0,,,,1
581,0.394451,0.000678466,0.00633132,0.00886313,0.0245476,2.46966e-05,3.458e-05,9.59582e-05,1,1,0.5,0,2.6266,0.989123,0.980694,0,0,0,2,0,,,,1
582,0.39513,0.000678465,0.00632307,0.00884858,0.0244976,2.46644e-05,3.45232e-05,9.57617e-05,1,1,0.5,0,2.6266,0.989123,0.980688,0,0,0,2,0,,,,1
583,0.395808,0.000678465,0.00631484,0.00883407,0.0244477,2.46323e-05,3.44667e-05,9.55656e-05,1,1,0.5,0,2.6266,0.989123,0.980682,0,0,0,2,0,,,,1
584,0.396487,0.000678465,0.00630661,0.00881959,0.0243979,2.46002e-05,3.44102e-05,9.53699e-05,1,1,0.5,0,2.6266,0.989125,0.980678,0,0,0,2,0,,,,1
585,0.397165,0.000678465,0.0062984,0.00880515,0.0243482,2.45682e-05,3.43539e-05,9.51746e-05,1,1,0.5,0,2.6266,0.989127,0.980675,0,0,0,2,0,,,,1
586,0.397844,0.000678466,0.00629019,0.00879075,0.0242986,2.45362e-05,3.42977e-05,9.49797e-05,1,1,0.5,0,2.6266,0.989126,0.980672,0,0,0,2,0,,,,1
587,0.398522,0.000678466,0.006282,0.00877638,0.0242492,2.45043e-05,3.42417e-05,9.47852e-05,1,1,0.5,0,2.6266,0.989125,0.98067,0,0,0,2,0,,,,1
588,0.399201,0.000678467,0.00627381,0.00876205,0.0241998,2.44724e-05,3.41858e-05,9.45952e-05,1,1,0.5,0,2.6266,0.989126,0.980667,0,0,0,2,0,,,,1
589,0.399879,0.000678467,0.00626564,0.00874775,0.0241505,2.44405e-05,3.41301e-05,9.44064e-05,1,1,0.5,0,2.6266,0.989127,0.980666,0,0,0,2,0,,,,1
590,0.400558,0.000678468,0.00625747,0.00873349,0.0241014,2.44086e-05,3.40744e-05,9.42181e-05,1,1,0.5,0,2.6266,0.98913,0.980665,0,0,0,2,0,,,,1
591,0.401236,0.000678469,0.00624932,0.00871926,0.0240531,2.43768e-05,3.4019e-05,9.40301e-05,1,1,0.5,0,2.6266,0.989131,0.980665,0,0,0,2,0,,,,1
592,0.401915,0.00067847,0.00624117,0.00870508,0.0240054,2.43451e-05,3.39636e-05,9.38425e-05,1,1,0.5,0,2.6266,0.989131,0.980667,0,0,0,2,0,,,,1
593,0.402593,0.000678471,0.00623304,0.00869092,0.0239578,2.43133e-05,3.39084e-05,9.36552e-05,1,1,0.5,0,2.6266,0.98913,0.980669,0,0,0,2,0,,,,1
594,0.403272,0.000678473,0.00622491,0.0086768,0.0239103,2.42817e-05,3.38533e-05,9.34684e-05,1,1,0.5,0,2.6266,0.989129,0.980672,0,0,0,2,0,,,,1
595,0.40395,0.000678474,0.00621679,0.00866272,0.0238629,2.425e-05,3.37984e-05,9.32819e-05,1,1,0.5,0,2.6266,0.98913,0.980675,0,0,0,2,0,,,,1
596,0.404629,0.000678476,0.00620869,0.00864867,0.0238155,2.42184e-05,3.37436e-05,9.30958e-05,1,1,0.5,0,2.6266,0.989132,0.98068,0,0,0,2,0,,,,1
597,0.405307,0.000678478,0.00620059,0.00863465,0.0237683,2.41868e-05,3.36889e-05,9.29101e-05,1,1,0.5,0,2.6266,0.989134,0.980686,0,0,0,2,0,,,,1
598,0.405985,0.00067848,0.0061925,0.00862067,0.0237212,2.41553e-05,3.36344e-05,9.27248e-05,1,1,0.5,0,2.6266,0.989132,0.980692,0,0,0,2,0,,,,1
599,0.406664,0.000678482,0.00618442,0.00860672,0.0236742,2.41238e-05,3.358e-05,9.25399e-05,1,1,0.5,0,2.6266,0.989132,0.980699,0,0,0,2,0,,,,1
600,0.407342,0.000678485,0.00617636,0.00859281,0.0236272,2.40923e-05,3.35257e-05,9.23553e-05,1,1,0.5,0,2.6266,0.989133,0.980706,0,0,0,2,0,,,,1
601,0.408021,0.000678487,0.0061683,0.00857893,0.0235804,2.40609e-05,3.34716e-05,9.21711e-05,1,1,0.5,0,2.6266,0.989135,0.980713,0,0,0,2,0,,,,1
602,0.408699,0.00067849,0.00616025,0.00856509,0.0235337,2.40295e-05,3.34176e-05,9.19874e-05,1,1,0.5,0,2.6266,0.989137,0.980722,0,0,0,2,0,,,,1
603,0.409378,0.000678493,0.00615221,0.00855128,0.023487,2.39981e-05,3.33637e-05,9.18043e-05,1,1,0.5,0,2.6266,0.989138,0.980731,0,0,0,2,0,,,,1
604,0.410056,0.000678495,0.00614418,0.0085375,0.0234405,2.39668e-05,3.33099e-05,9.16261e-05,1,1,0.5,0,2.6266,0.989138,0.980742,0,0,0,2,0,,,,1
605,0.410735,0.000678498,0.00613616,0.00852376,0.0233941,2.39356e-05,3.32563e-05,9.14483e-05,1,1,0.5,0,2.6266,0.989136,0.980753,0,0,0,2,0,,,,1
606,0.411413,0.000678502,0.00612816,0.00851005,0.0233477,2.39043e-05,3.32028e-05,9.12709e-05,1,1,0.5,0,2.6266,0.989136,0.980765,0,0,0,2,0,,,,1
607,0.412092,0.000678505,0.00612016,0.00849637,0.0233027,2.38731e-05,3.31495e-05,9.10938e-05,1,1,0.5,0,2.6266,0.989137,0.980778,0,0,0,2,0,,,,1
608,0.41277,0.000678508,0.00611217,0.00848273,0.0232578,2.3842e-05,3.30962e-05,9.0917e-05,1,1,0.5,0,2.6266,0.989139,0.980792,0,0,0,2,0,,,,1
609,0.413449,0.000678512,0.0061042,0.00846912,0.0232129,2.38109e-05,3.30431e-05,9.07406e-05,1,1,0.5,0,2.6266,0.98914,0.980806,0,0,0,2,0,,,,1
610,0.414127,0.000678515,0.00609623,0.00845554,0.0231682,2.37798e-05,3.29901e-05,9.05646e-05,1,1,0.5,0,2.6266,0.989139,0.980822,0,0,0,2,0,,,,1
611,0.414806,0.000678519,0.00608828,0.00844199,0.0231235,2.37488e-05,3.29373e-05,9.03889e-05,1,1,0.5,0,2.6266,0.989139,0.980838,0,0,0,2,0,,,,1
612,0.415484,0.000678523,0.00608034,0.00842848,0.023079,2.37178e-05,3.28846e-05,9.02136e-05,1,1,0.5,0,2.6266,0.989141,0.980855,0,0,0,2,0,,,,1
613,0.416163,0.000678527,0.00607241,0.008415,0.0230345,2.36869e-05,3.2832e-05,9.00387e-05,1,1,0.5,0,2.6266,0.989143,0.980873,0,0,0,2,0,,,,1
614,0.416842,0.000678531,0.00606449,0.00840155,0.0229902,2.3656e-05,3.27795e-05,8.98641e-05,1,1,0.5,0,2.6266,0.989145,0.980891,0,0,0,2,0,,,,1
615,0.41752,0.000678536,0.00605658,0.00838814,0.0229459,2.36252e-05,3.27271e-05,8.96898e-05,1,1,0.5,0,2.6266,0.989145,0.98091,0,0,0,2,0,,,,1
616,0.418199,0.00067854,0.00604869,0.00837475,0.0229017,2.35944e-05,3.26749e-05,8.95159e-05,1,1,0.5,0,2.6266,0.989145,0.980929,0,0,0,2,0,,,,1
617,0.418877,0.000678544,0.00604081,0.0083614,0.0228576,2.35636e-05,3.26228e-05,8.93424e-05,1,1,0.5,0,2.6266,0.989144,0.980949,0,0,0,2,0,,,,1
618,0.419556,0.000678548,0.00603294,0.00834808,0.0228136,2.3533e-05,3.25708e-05,8.91698e-05,1,1,0.5,0,2.6266,0.989144,0.98097,0,0,0,2,0,,,,1
619,0.420234,0.000678553,0.00602509,0.00833479,0.0227697,2.35023e-05,3.2519e-05,8.89993e-05,1,1,0.5,0,2.6266,0.989145,0.980991,0,0,0,2,0,,,,1
620,0.420913,0.000678557,0.00601725,0.00832154,0.0227258,2.34718e-05,3.24672e-05,8.88315e-05,1,1,0.5,0,2.6266,0.989148,0.981013,0,0,0,2,0,,,,1
621,0.421591,0.000678562,0.00600943,0.00830831,0.0226821,2.34413e-05,3.24156e-05,8.86641e-05,1,1,0.5,0,2.6266,0.989147,0.981036,0,0,0,2,0,,,,1
622,0.42227,0.000678567,0.00600163,0.00829512,0.0226391,2.34108e-05,3.23641e-05,8.8497e-05,1,1,0.5,0,2.6266,0.989147,0.981059,0,0,0,2,0,,,,1
623,0.422949,0.000678571,0.00599386,0.00828196,0.0225968,2.33805e-05,3.23128e-05,8.83302e-05,1,1,0.5,0,2.6266,0.989147,0.981083,0,0,0,2,0,,,,1
624,0.423627,0.000678576,0.00598612,0.00826883,0.0225545,2.33503e-05,3.22615e-05,8.81638e-05,1,1,0.5,0,2.6266,0.989149,0.981108,0,0,0,2,0,,,,1
625,0.424306,0.000678581,0.00597841,0.00825573,0.0225123,2.33202e-05,3.22104e-05,8.79976e-05,1,1,0.5,0,2.6266,0.989152,0.981134,0,0,0,2,0,,,,1
626,0.424984,0.000678586,0.00597072,0.00824266,0.0224702,2.32903e-05,3.21594e-05,8.78331e-05,1,1,0.5,0,2.6266,0.989154,0.98116,0,0,0,2,0,,,,1
627,0.425663,0.000678591,0.00596306,0.00822963,0.0224282,2.32604e-05,3.21085e-05,8.76699e-05,1,1,0.5,0,2.6266,0.989153,0.981187,0,0,0,2,0,,,,1
628,0.426341,0.000678597,0.00595543,0.00821662,0.0223862,2.32306e-05,3.20577e-05,8.7507e-05,1,1,0.5,0,2.6266,0.989153,0.981214,0,0,0,2,0,,,,1
629,0.42702,0.000678602,0.00594782,0.00820365,0.0223443,2.32009e-05,3.20071e-05,8.73444e-05,1,1,0.5,0,2.6266,0.989153,0.981242,0,0,0,2,0,,,,1
630,0.427699,0.000678607,0.00594024,0.0081907,0.0223025,2.31714e-05,3.19566e-05,8.71821e-05,1,1,0.5,0,2.6266,0.989154,0.981271,0,0,0,2,0,,,,1
631,0.428377,0.000678612,0.00593267,0.00817779,0.0222608,2.31418e-05,3.19062e-05,8.702e-05,1,1,0.5,0,2.6266,0.989156,0.9813,0,0,0,2,0,,,,1
632,0.429056,0.000678617,0.00592513,0.00816491,0.0222197,2.31124e-05,3.18559e-05,8.68583e-05,1,1,0.5,0,2.6266,0.989158,0.981329,0,0,0,2,0,,,,1
633,0.429735,0.000678623,0.00591761,0.00815205,0.0221788,2.30831e-05,3.18057e-05,8.66969e-05,1,1,0.5,0,2.6266,0.989157,0.98136,0,0,0,2,0,,,,1
634,0.430413,0.000678628,0.0059101,0.00813923,0.0221379,2.30538e-05,3.17557e-05,8.65357e-05,1,1,0.5,0,2.6266,0.989157,0.98139,0,0,0,2,0,,,,1
635,0.431092,0.000678633,0.00590262,0.00812644,0.022097,2.30246e-05,3.17058e-05,8.63748e-05,1,1,0.5,0,2.6266,0.989158,0.981422,0,0,0,2,0,,,,1
636,0.43177,0.000678638,0.00589516,0.00811368,0.0220563,2.29955e-05,3.1656e-05,8.62143e-05,1,1,0.5,0,2.6266,0.989161,0.981453,0,0,0,2,0,,,,1
637,0.432449,0.000678643,0.00588772,0.00810095,0.0220156,2.29665e-05,3.16063e-05,8.6054e-05,1,1,0.5,0,2.6266,0.989164,0.981486,0,0,0,2,0,,,,1
638,0.433128,0.000678649,0.00588029,0.00808825,0.021975,2.29375e-05,3.15567e-05,8.58982e-05,1,1,0.5,0,2.6266,0.989164,0.981518,0,0,0,2,0,,,,1
639,0.433806,0.000678654,0.00587288,0.00807558,0.0219345,2.29086e-05,3.15072e-05,8.57432e-05,1,1,0.5,0,2.6266,0.989164,0.981551,0,0,0,2,0,,,,1
640,0.434485,0.00067866,0.00586549,0.00806294,0.021894,2.28798e-05,3.14579e-05,8.55883e-05,1,1,0.5,0,2.6266,0.989165,0.981585,0,0,0,2,0,,,,1
641,0.435164,0.000678665,0.00585812,0.00805033,0.0218546,2.28511e-05,3.14087e-05,8.54337e-05,1,1,0.5,0,2.6266,0.989165,0.981619,0,0,0,2,0,,,,1
642,0.435842,0.00067867,0.00585077,0.00803775,0.0218155,2.28224e-05,3.13596e-05,8.52793e-05,1,1,0.5,0,2.6266,0.989167,0.981653,0,0,0,2,0,,,,1
643,0.436521,0.000678676,0.00584343,0.0080252,0.0217764,2.27938e-05,3.13106e-05,8.51252e-05,1,1,0.5,0,2.6266,0.98917,0.981688,0,0,0,2,0,,,,1
644,0.4372,0.000678681,0.00583611,0.00801268,0.0217374,2.27652e-05,3.12617e-05,8.49713e-05,1,1,0.5,0,2.6266,0.98917,0.981724,0,0,0,2,0,,,,1
645,0.437878,0.000678687,0.0058288,0.00800019,0.0216984,2.27367e-05,3.1213e-05,8.48177e-05,1,1,0.5,0,2.6266,0.98917,0.981759,0,0,0,2,0,,,,1
646,0.438557,0.000678692,0.00582152,0.00798773,0.0216595,2.27083e-05,3.11643e-05,8.46643e-05,1,1,0.5,0,2.6266,0.989171,0.981795,0,0,0,2,0,,,,1
647,0.439236,0.000678698,0.00581424,0.0079753,0.0216207,2.26799e-05,3.11158e-05,8.4511e-05,1,1,0.5,0,2.6266,0.989173,0.981832,0,0,0,2,0,,,,1
648,0.439915,0.000678703,0.00580699,0.00796289,0.0215819,2.26516e-05,3.10674e-05,8.43581e-05,1,1,0.5,0,2.6266,0.989176,0.981868,0,0,0,2,0,,,,1
649,0.440593,0.000678709,0.00579975,0.00795052,0.0215431,2.26234e-05,3.10191e-05,8.42053e-05,1,1,0.5,0,2.6266,0.989178,0.981905,0,0,0,2,0,,,,1
650,0.441272,0.000678714,0.00579253,0.00793818,0.0215044,2.25952e-05,3.09709e-05,8.40527e-05,1,1,0.5,0,2.6266,0.989179,0.981943,0,0,0,2,0,,,,1
651,0.441951,0.00067872,0.00578532,0.00792587,0.0214658,2.25671e-05,3.09228e-05,8.39003e-05,1,1,0.5,0,2.6266,0.98918,0.98198,0,0,0,2,0,,,,1
652,0.442629,0.000678725,0.00577813,0.00791358,0.0214272,2.2539e-05,3.08749e-05,8.37514e-05,1,1,0.5,0,2.6266,0.989182,0.982018,0,0,0,2,0,,,,1
653,0.443308,0.000678731,0.00577095,0.00790133,0.0213887,2.2511e-05,3.08271e-05,8.36042e-05,1,1,0.5,0,2.6266,0.989183,0.982056,0,0,0,2,0,,,,1
654,0.443987,0.000678736,0.00576379,0.0078891,0.0213502,2.24831e-05,3.07793e-05,8.34572e-05,1,1,0.5,0,2.6266,0.989186,0.982095,0,0,0,2,0,,,,1
655,0.444666,0.000678741,0.00575664,0.00787691,0.0213128,2.24552e-05,3.07317e-05,8.33103e-05,1,1,0.5,0,2.6266,0.989189,0.982134,0,0,0,2,0,,,,1
656,0.445344,0.000678747,0.00574951,0.00786474,0.0212756,2.24274e-05,3.06843e-05,8.31636e-05,1,1,0.5,0,2.6266,0.989188,0.982173,0,0,0,2,0,,,,1
657,0.446023,0.000678752,0.00574239,0.0078526,0.0212385,2.23996e-05,3.06369e-05,8.30171e-05,1,1,0.5,0,2.6266,0.989189,0.982212,0,0,0,2,0,,,,1
658,0.446702,0.000678757,0.00573529,0.00784049,0.0212014,2.23719e-05,3.05896e-05,8.28707e-05,1,1,0.5,0,2.6266,0.989191,0.982251,0,0,0,2,0,,,,1
659,0.447381,0.000678762,0.0057282,0.00782841,0.0211644,2.23443e-05,3.05425e-05,8.27244e-05,1,1,0.5,0,2.6266,0.989195,0.982291,0,0,0,2,0,,,,1
660,0.448059,0.000678767,0.00572112,0.00781636,0.0211273,2.23167e-05,3.04954e-05,8.25783e-05,1,1,0.5,0,2.6266,0.989199,0.982331,0,0,0,2,0,,,,1
661,0.448738,0.000678771,0.00571406,0.00780434,0.0210904,2.22892e-05,3.04485e-05,8.24323e-05,1,1,0.5,0,2.6266,0.989199,0.982371,0,0,0,2,0,,,,1
662,0.449417,0.000678776,0.00570702,0.00779235,0.0210534,2.22617e-05,3.04017e-05,8.22864e-05,1,1,0.5,0,2.6266,0.989201,0.982411,0,0,0,2,0,,,,1
663,0.450096,0.000678781,0.00569999,0.00778039,0.0210165,2.22343e-05,3.0355e-05,8.21406e-05,1,1,0.5,0,2.6266,0.989203,0.982452,0,0,0,2,0,,,,1
664,0.450774,0.000678786,0.00569297,0.00776845,0.0209796,2.22069e-05,3.03084e-05,8.19949e-05,1,1,0.5,0,2.6266,0.989207,0.982492,0,0,0,2,0,,,,1
665,0.451453,0.000678791,0.00568597,0.00775654,0.0209427,2.21796e-05,3.02619e-05,8.18509e-05,1,1,0.5,0,2.6266,0.98921,0.982533,0,0,0,2,0,,,,1
666,0.452132,0.000678795,0.00567898,0.00774466,0.0209059,2.21523e-05,3.02156e-05,8.17105e-05,1,1,0.5,0,2.6266,0.989214,0.982574,0,0,0,2,0,,,,1
667,0.452811,0.0006788,0.005672,0.00773281,0.0208691,2.21251e-05,3.01693e-05,8.15701e-05,1,1,0.5,0,2.6266,0.989215,0.982616,0,0,0,2,0,,,,1
668,0.45349,0.000678805,0.00566504,0.00772099,0.0208331,2.2098e-05,3.01232e-05,8.14298e-05,1,1,0.5,0,2.6266,0.989216,0.982657,0,0,0,2,0,,,,1
669,0.454168,0.000678809,0.00565809,0.0077092,0.0207976,2.20709e-05,3.00772e-05,8.12896e-05,1,1,0.5,0,2.6266,0.989218,0.982698,0,0,0,2,0,,,,1
670,0.454847,0.000678814,0.00565116,0.00769744,0.0207621,2.20438e-05,3.00313e-05,8.11494e-05,1,1,0.5,0,2.6266,0.989222,0.98274,0,0,0,2,0,,,,1
671,0.455526,0.000678818,0.00564424,0.0076857,0.0207267,2.20168e-05,2.99855e-05,8.10093e-05,1,1,0.5,0,2.6266,0.989226,0.982782,0,0,0,2,0,,,,1
672,0.456205,0.000678822,0.00563733,0.00767399,0.0206912,2.19899e-05,2.99398e-05,8.08692e-05,1,1,0.5,0,2.6266,0.989229,0.982824,0,0,0,2,0,,,,1
673,0.456884,0.000678826,0.00563044,0.00766231,0.0206558,2.1963e-05,2.98942e-05,8.07292e-05,1,1,0.5,0,2.6266,0.98923,0.982865,0,0,0,2,0,,,,1
674,0.457563,0.00067883,0.00562356,0.00765066,0.0206204,2.19362e-05,2.98487e-05,8.05892e-05,1,1,0.5,0,2.6266,0.989234,0.982905,0,0,0,2,0,,,,1
675,0.458241,0.000678834,0.0056167,0.00763904,0.020585,2.19094e-05,2.98033e-05,8.04492e-05,1,1,0.5,0,2.6266,0.989238,0.982946,0,0,0,2,0,,,,1
676,0.45892,0.000678838,0.00560984,0.00762744,0.0205495,2.18827e-05,2.97581e-05,8.03092e-05,1,1,0.5,0,2.6266,0.989244,0.982988,0,0,0,2,0,,,,1
677,0.459599,0.000678842,0.005603,0.00761587,0.0205141,2.1856e-05,2.97129e-05,8.01692e-05,1,1,0.5,0,2.6266,0.989247,0.983029,0,0,0,2,0,,,,1
678,0.460278,0.000678845,0.00559618,0.00760433,0.0204787,2.18294e-05,2.96679e-05,8.00338e-05,1,1,0.5,0,2.6266,0.98925,0.983069,0,0,0,2,0,,,,1
679,0.460957,0.000678849,0.00558936,0.00759282,0.0204433,2.18028e-05,2.9623e-05,7.98991e-05,1,1,0.5,0,2.6266,0.989254,0.98311,0,0,0,2,0,,,,1
680,0.461636,0.000678853,0.00558256,0.00758134,0.0204084,2.17763e-05,2.95782e-05,7.97644e-05,1,1,0.5,0,2.6266,0.989256,0.983151,0,0,0,2,0,,,,1
681,0.462315,0.000678856,0.00557577,0.00756988,0.0203743,2.17498e-05,2.95335e-05,7.96296e-05,1,1,0.5,0,2.6266,0.989261,0.983192,0,0,0,2,0,,,,1
682,0.462993,0.00067886,0.005569,0.00755845,0.0203403,2.17234e-05,2.94889e-05,7.94949e-05,1,1,0.5,0,2.6266,0.989266,0.983233,0,0,0,2,0,,,,1
683,0.463672,0.000678863,0.00556224,0.00754705,0.0203062,2.16971e-05,2.94444e-05,7.936e-05,1,1,0.5,0,2.6266,0.98927,0.983274,0,0,0,2,0,,,,1
684,0.464351,0.000678866,0.00555549,0.00753567,0.0202721,2.16707e-05,2.94e-05,7.92252e-05,1,1,0.5,0,2.6266,0.989273,0.983315,0,0,0,2,0,,,,1
685,0.46503,0.000678869,0.00554875,0.00752432,0.020238,2.16445e-05,2.93557e-05,7.90902e-05,1,1,0.5,0,2.6266,0.989277,0.983357,0,0,0,2,0,,,,1
686,0.465709,0.000678871,0.00554202,0.007513,0.0202039,2.16182e-05,2.93115e-05,7.89552e-05,1,1,0.5,0,2.6266,0.989282,0.983398,0,0,0,2,0,,,,1
687,0.466388,0.000678874,0.00553531,0.00750171,0.0201697,2.15921e-05,2.92675e-05,7.88201e-05,1,1,0.5,0,2.6266,0.989288,0.98344,0,0,0,2,0,,,,1
688,0.467067,0.000678877,0.00552861,0.00749044,0.0201355,2.15659e-05,2.92235e-05,7.86849e-05,1,1,0.5,0,2.6266,0.989294,0.983481,0,0,0,2,0,,,,1
689,0.467745,0.00067888,0.00552192,0.0074792,0.0201013,2.15398e-05,2.91796e-05,7.85512e-05,1,1,0.5,0,2.6266,0.989297,0.983523,0,0,0,2,0,,,,1
690,0.468424,0.000678882,0.00551524,0.00746799,0.0200671,2.15138e-05,2.91359e-05,7.84214e-05,1,1,0.5,0,2.6266,0.989302,0.983565,0,0,0,2,0,,,,1
691,0.469103,0.000678885,0.00550857,0.0074568,0.0200329,2.14878e-05,2.90923e-05,7.82916e-05,1,1,0.5,0,2.6266,0.989308,0.983606,0,0,0,2,0,,,,1
692,0.469782,0.000678888,0.00550191,0.00744564,0.0200001,2.14618e-05,2.90487e-05,7.81616e-05,1,1,0.5,0,2.6266,0.989315,0.983647,0,0,0,2,0,,,,1
693,0.470461,0.00067889,0.00549526,0.00743451,0.0199672,2.14359e-05,2.90053e-05,7.80315e-05,1,1,0.5,0,2.6266,0.989321,0.983687,0,0,0,2,0,,,,1
694,0.47114,0.000678893,0.00548863,0.0074234,0.0199343,2.141e-05,2.89619e-05,7.79012e-05,1,1,0.5,0,2.6266,0.989327,0.983727,0,0,0,2,0,,,,1
695,0.471819,0.000678895,0.005482,0.00741232,0.0199014,2.13842e-05,2.89187e-05,7.77708e-05,1,1,0.5,0,2.6266,0.989331,0.983767,0,0,0,2,0,,,,1
696,0.472498,0.000678897,0.00547539,0.00740126,0.0198684,2.13584e-05,2.88756e-05,7.76402e-05,1,1,0.5,0,2.6266,0.989336,0.983807,0,0,0,2,0,,,,1
697,0.473177,0.000678899,0.00546879,0.00739024,0.0198354,2.13327e-05,2.88326e-05,7.75095e-05,1,1,0.5,0,2.6266,0.989342,0.983847,0,0,0,2,0,,,,1
698,0.473855,0.000678901,0.0054622,0.00737923,0.0198023,2.1307e-05,2.87896e-05,7.73785e-05,1,1,0.5,0,2.6266,0.98935,0.983888,0,0,0,2,0,,,,1
699,0.474534,0.000678903,0.00545562,0.00736826,0.0197692,2.12813e-05,2.87468e-05,7.72474e-05,1,1,0.5,0,2.6266,0.989357,0.983929,0,0,0,2,0,,,,1
700,0.475213,0.000678905,0.00544904,0.0073573,0.019736,2.12557e-05,2.87041e-05,7.71191e-05,1,1,0.5,0,2.6266,0.989362,0.983969,0,0,0,2,0,,,,1
701,0.475892,0.000678907,0.00544248,0.00734638,0.0197028,2.12301e-05,2.86615e-05,7.69937e-05,1,1,0.5,0,2.6266,0.989368,0.98401,0,0,0,2,0,,,,1
702,0.476571,0.000678909,0.00543593,0.00733548,0.0196702,2.12046e-05,2.86189e-05,7.68679e-05,1,1,0.5,0,2.6266,0.989375,0.984051,0,0,0,2,0,,,,1
703,0.47725,0.000678911,0.00542938,0.0073246,0.0196385,2.11791e-05,2.85765e-05,7.6742e-05,1,1,0.5,0,2.6266,0.989384,0.984092,0,0,0,2,0,,,,1
704,0.477929,0.000678913,0.00542285,0.00731375,0.0196066,2.11536e-05,2.85342e-05,7.66158e-05,1,1,0.5,0,2.6266,0.989392,0.984133,0,0,0,2,0,,,,1
705,0.478608,0.000678915,0.00541632,0.00730293,0.0195747,2.11281e-05,2.8492e-05,7.64894e-05,1,1,0.5,0,2.6266,0.989398,0.984174,0,0,0,2,0,,,,1
706,0.479287,0.000678917,0.0054098,0.00729213,0.0195428,2.11027e-05,2.84499e-05,7.63628e-05,1,1,0.5,0,2.6266,0.989405,0.984215,0,0,0,2,0,,,,1
707,0.479966,0.000678919,0.00540329,0.00728135,0.0195107,2.10774e-05,2.84078e-05,7.62358e-05,1,1,0.5,0,2.6266,0.989414,0.984256,0,0,0,2,0,,,,1
708,0.480645,0.00067892,0.00539679,0.0072706,0.0194786,2.1052e-05,2.83659e-05,7.61086e-05,1,1,0.5,0,2.6266,0.989423,0.984297,0,0,0,2,0,,,,1
709,0.481324,0.000678922,0.0053903,0.00725988,0.0194464,2.10267e-05,2.83241e-05,7.59811e-05,1,1,0.5,0,2.6266,0.989432,0.984338,0,0,0,2,0,,,,1
710,0.482002,0.000678924,0.00538382,0.00724918,0.0194142,2.10014e-05,2.82823e-05,7.58559e-05,1,1,0.5,0,2.6266,0.98944,0.984378,0,0,0,2,0,,,,1
711,0.482681,0.000678925,0.00537734,0.0072385,0.0193819,2.09762e-05,2.82407e-05,7.57343e-05,1,1,0.5,0,2.6266,0.989447,0.984418,0,0,0,2,0,,,,1
712,0.48336,0.000678927,0.00537088,0.00722785,0.0193503,2.0951e-05,2.81991e-05,7.56123e-05,1,1,0.5,0,2.6266,0.989455,0.984458,0,0,0,2,0,,,,1
713,0.484039,0.000678929,0.00536442,0.00721722,0.0193195,2.09258e-05,2.81577e-05,7.549e-05,1,1,0.5,0,2.6266,0.989464,0.984499,0,0,0,2,0,,,,1
714,0.484718,0.00067893,0.00535797,0.00720661,0.0192886,2.09007e-05,2.81163e-05,7.53674e-05,1,1,0.5,0,2.6266,0.989474,0.98454,0,0,0,2,0,,,,1
715,0.485397,0.000678932,0.00535152,0.00719603,0.0192576,2.08756e-05,2.80751e-05,7.52444e-05,1,1,0.5,0,2.6266,0.989484,0.98458,0,0,0,2,0,,,,1
716,0.486076,0.000678934,0.00534508,0.00718547,0.0192265,2.08505e-05,2.80339e-05,7.51211e-05,1,1,0.5,0,2.6266,0.989491,0.98462,0,0,0,2,0,,,,1
717,0.486755,0.000678936,0.00533865,0.00717494,0.0191953,2.08254e-05,2.79928e-05,7.49975e-05,1,1,0.5,0,2.6266,0.9895,0.984661,0,0,0,2,0,,,,1
718,0.487434,0.000678937,0.00533223,0.00716443,0.019164,2.08003e-05,2.79518e-05,7.48734e-05,1,1,0.5,0,2.6266,0.98951,0.984702,0,0,0,2,0,,,,1
719,0.488113,0.000678939,0.0053258,0.00715394,0.0191326,2.07753e-05,2.79109e-05,7.4749e-05,1,1,0.5,0,2.6266,0.989522,0.984743,0,0,0,2,0,,,,1
720,0.488792,0.000678941,0.00531939,0.00714348,0.0191012,2.07503e-05,2.78701e-05,7.46299e-05,1,1,0.5,0,2.6266,0.989533,0.984784,0,0,0,2,0,,,,1
721,0.489471,0.000678943,0.00531298,0.00713304,0.0190698,2.07253e-05,2.78294e-05,7.45115e-05,1,1,0.5,0,2.6266,0.989542,0.984825,0,0,0,2,0,,,,1
722,0.49015,0.000678945,0.00530658,0.00712262,0.0190399,2.07004e-05,2.77888e-05,7.43927e-05,1,1,0.5,0,2.6266,0.989552,0.984867,0,0,0,2,0,,,,1
723,0.490829,0.000678947,0.00530019,0.00711222,0.0190098,2.06755e-05,2.77482e-05,7.42734e-05,1,1,0.5,0,2.6266,0.989564,0.984909,0,0,0,2,0,,,,1
724,0.491508,0.00067895,0.0052938,0.00710185,0.0189797,2.06506e-05,2.77078e-05,7.41538e-05,1,1,0.5,0,2.6266,0.989576,0.98495,0,0,0,2,0,,,,1
725,0.492187,0.000678952,0.00528741,0.0070915,0.0189494,2.06257e-05,2.76674e-05,7.40337e-05,1,1,0.5,0,2.6266,0.989588,0.984992,0,0,0,2,0,,,,1
726,0.492865,0.000678954,0.00528103,0.00708117,0.018919,2.06008e-05,2.76271e-05,7.39132e-05,1,1,0.5,0,2.6266,0.989598,0.985034,0,0,0,2,0,,,,1
727,0.493544,0.000678956,0.00527466,0.00707086,0.0188885,2.0576e-05,2.75869e-05,7.37922e-05,1,1,0.5,0,2.6266,0.989609,0.985076,0,0,0,2,0,,,,1
728,0.494223,0.000678958,0.00526829,0.00706058,0.0188579,2.05511e-05,2.75468e-05,7.36708e-05,1,1,0.5,0,2.6266,0.98962,0.985116,0,0,0,2,0,,,,1
729,0.494902,0.00067896,0.00526192,0.00705031,0.0188272,2.05263e-05,2.75068e-05,7.35537e-05,1,1,0.5,0,2.6266,0.989632,0.985157,0,0,0,2,0,,,,1
730,0.495581,0.000678963,0.00525556,0.00704007,0.0187965,2.05015e-05,2.74669e-05,7.34384e-05,1,1,0.5,0,2.6266,0.989645,0.985198,0,0,0,2,0,,,,1
731,0.49626,0.000678965,0.0052492,0.00702985,0.0187673,2.04767e-05,2.7427e-05,7.33226e-05,1,1,0.5,0,2.6266,0.989657,0.985191,0,0,0,2,0,,,,1
732,0.496939,0.000678967,0.00524284,0.00701965,0.0187381,2.0452e-05,2.73873e-05,7.32063e-05,1,1,0.5,0,2.6266,0.989668,0.985171,0,0,0,2,0,,,,1
733,0.497618,0.00067897,0.00523649,0.00700948,0.0187086,2.04272e-05,2.73476e-05,7.30895e-05,1,1,0.5,0,2.6266,0.98968,0.985151,0,0,0,2,0,,,,1
734,0.498297,0.000678972,0.00523015,0.00699932,0.0186791,2.04025e-05,2.7308e-05,7.29721e-05,1,1,0.5,0,2.6266,0.989694,0.985131,0,0,0,2,0,,,,1
735,0.498976,0.000678975,0.0052238,0.00698918,0.0186494,2.03778e-05,2.72685e-05,7.28543e-05,1,1,0.5,0,2.6266,0.989709,0.98511,0,0,0,2,0,,,,1
736,0.499655,0.000678978,0.00521746,0.00697907,0.0186196,2.03531e-05,2.7229e-05,7.27359e-05,1,1,0.5,0,2.6266,0.98972,0.985089,0,0,0,2,0,,,,1
737,0.5,0.000344859,0.00521424,0.00697394,0.0186044,2.03405e-05,2.7209e-05,7.26758e-05,1,1,0.5,0,2.6266,0.989726,0.985078,0,0,0,2,0,,,,1
