step,time,L1,L2,Linf
0,0,0.199938,0.420742,1.21133
1,3.1248e-05,0.199838,0.420427,1.21015
2,6.24961e-05,0.199738,0.420113,1.20897
3,9.37441e-05,0.199638,0.419799,1.20779
4,0.000124992,0.199539,0.419485,1.20662
5,0.00015624,0.19944,0.419173,1.20545
6,0.000187488,0.199341,0.41886,1.20427
7,0.000218736,0.199242,0.418548,1.2031
8,0.000249984,0.199143,0.418237,1.20194
9,0.000281232,0.199044,0.417927,1.20077
10,0.00031248,0.198946,0.417616,1.19961
11,0.000343729,0.198847,0.417307,1.19844
12,0.000374977,0.198749,0.416998,1.19728
13,0.000406225,0.198651,0.416689,1.19612
14,0.000437473,0.198553,0.416381,1.19497
15,0.000468721,0.198455,0.416074,1.19381
16,0.000499969,0.198358,0.415767,1.19266
17,0.000531217,0.19826,0.41546,1.1915
18,0.000562465,0.198163,0.415155,1.19035
19,0.000593713,0.198066,0.414849,1.1892
20,0.000624961,0.197969,0.414544,1.18806
21,0.000656209,0.197872,0.41424,1.18691
22,0.000687457,0.197775,0.413936,1.18576
23,0.000718705,0.197678,0.413633,1.18462
24,0.000749953,0.197582,0.41333,1.18348
25,0.000781201,0.197486,0.413028,1.18234
26,0.000812449,0.197389,0.412726,1.1812
27,0.000843697,0.197293,0.412425,1.18007
28,0.000874945,0.197197,0.412124,1.17893
29,0.000906193,0.197102,0.411824,1.1778
30,0.000937441,0.197006,0.411525,1.17667
31,0.000968689,0.19691,0.411225,1.17554
32,0.000999938,0.196815,0.410927,1.17441
33,0.00103119,0.19672,0.410629,1.17328
34,0.00106243,0.196625,0.410331,1.17216
35,0.00109368,0.19653,0.410034,1.17104
36,0.00112493,0.196435,0.409737,1.16991
37,0.00115618,0.19634,0.409441,1.16879
38,0.00118743,0.196246,0.409145,1.16768
39,0.00121867,0.196151,0.40885,1.16656
40,0.00124992,0.196057,0.408555,1.16544
41,0.00128117,0.195963,0.408261,1.16433
42,0.00131242,0.195869,0.407968,1.16322
43,0.00134367,0.195775,0.407674,1.16211
44,0.00137491,0.195681,0.407382,1.161
45,0.00140616,0.195588,0.40709,1.15989
46,0.00143741,0.195494,0.406798,1.15878
47,0.00146866,0.195401,0.406507,1.15768
48,0.00149991,0.195308,0.406216,1.15658
49,0.00153115,0.195215,0.405926,1.15548
50,0.0015624,0.195122,0.405636,1.15438
51,0.00159365,0.195029,0.405347,1.15328
52,0.0016249,0.194936,0.405058,1.15218
53,0.00165615,0.194844,0.40477,1.15109
54,0.00168739,0.194751,0.404482,1.14999
55,0.00171864,0.194659,0.404194,1.1489
56,0.00174989,0.194567,0.403908,1.14781
57,0.00178114,0.194475,0.403621,1.14672
58,0.00181239,0.194383,0.403335,1.14564
59,0.00184363,0.194291,0.40305,1.14455
60,0.00187488,0.1942,0.402765,1.14347
61,0.00190613,0.194108,0.40248,1.14239
62,0.00193738,0.194017,0.402196,1.1413
63,0.00196863,0.193926,0.401913,1.14023
64,0.00199988,0.193834,0.401629,1.13915
65,0.00203112,0.193743,0.401347,1.13807
66,0.00206237,0.193653,0.401065,1.137
67,0.00209362,0.193562,0.400783,1.13592
68,0.00212487,0.193471,0.400502,1.13485
69,0.00215612,0.193381,0.400221,1.13378
70,0.00218736,0.19329,0.39994,1.13271
71,0.00221861,0.1932,0.399661,1.13165
72,0.00224986,0.19311,0.399381,1.13058
73,0.00228111,0.19302,0.399102,1.12952
74,0.00231236,0.19293,0.398824,1.12845
75,0.0023436,0.192841,0.398545,1.12739
76,0.00237485,0.192751,0.398268,1.12633
77,0.0024061,0.192662,0.397991,1.12528
78,0.00243735,0.192572,0.397714,1.12422
79,0.0024686,0.192483,0.397438,1.12316
80,0.00249984,0.192394,0.397162,1.12211
81,0.00253109,0.192305,0.396887,1.12106
82,0.00256234,0.192216,0.396612,1.12001
83,0.00259359,0.192128,0.396337,1.11896
84,0.00262484,0.192039,0.396063,1.11791
85,0.00265608,0.19195,0.395789,1.11687
86,0.00268733,0.191862,0.395516,1.11582
87,0.00271858,0.191774,0.395244,1.11478
88,0.00274983,0.191686,0.394971,1.11374
89,0.00278108,0.191598,0.394699,1.1127
90,0.00281232,0.19151,0.394428,1.11166
91,0.00284357,0.191422,0.394157,1.11062
92,0.00287482,0.191335,0.393886,1.10958
93,0.00290607,0.191247,0.393616,1.10855
94,0.00293732,0.19116,0.393347,1.10752
95,0.00296856,0.191072,0.393077,1.10649
96,0.00299981,0.190985,0.392809,1.10546
97,0.00303106,0.190898,0.39254,1.10443
98,0.00306231,0.190811,0.392272,1.1034
99,0.00309356,0.190725,0.392005,1.10238
100,0.0031248,0.190638,0.391738,1.10135
101,0.00315605,0.190551,0.391471,1.10033
102,0.0031873,0.190465,0.391205,1.09933
103,0.00321855,0.190379,0.390939,1.09836
104,0.0032498,0.190292,0.390673,1.09739
105,0.00328104,0.190206,0.390408,1.09642
106,0.00331229,0.19012,0.390144,1.09545
107,0.00334354,0.190035,0.38988,1.09449
108,0.00337479,0.189949,0.389616,1.09352
109,0.00340604,0.189863,0.389353,1.09255
110,0.00343729,0.189778,0.38909,1.09159
111,0.00346853,0.189692,0.388827,1.09063
112,0.00349978,0.189607,0.388565,1.08967
113,0.00353103,0.189522,0.388303,1.08871
114,0.00356228,0.189437,0.388042,1.08775
115,0.00359353,0.189352,0.387781,1.08679
116,0.00362477,0.189267,0.387521,1.08584
117,0.00365602,0.189182,0.387261,1.08488
118,0.00368727,0.189098,0.387001,1.08393
119,0.00371852,0.189013,0.386742,1.08298
120,0.00374977,0.188929,0.386483,1.08202
121,0.00378101,0.188845,0.386225,1.08107
122,0.00381226,0.188761,0.385967,1.08013
123,0.00384351,0.188677,0.385709,1.07918
124,0.00387476,0.188593,0.385452,1.07823
125,0.00390601,0.188509,0.385195,1.07729
126,0.00393725,0.188425,0.384939,1.07634
127,0.0039685,0.188342,0.384683,1.0754
128,0.00399975,0.188258,0.384427,1.07446
129,0.004031,0.188175,0.384172,1.07352
130,0.00406225,0.188092,0.383917,1.07258
131,0.00409349,0.188009,0.383663,1.07164
132,0.00412474,0.187925,0.383409,1.07071
133,0.00415599,0.187843,0.383155,1.06977
134,0.00418724,0.18776,0.382902,1.06884
135,0.00421849,0.187677,0.382649,1.06791
136,0.00424973,0.187595,0.382396,1.06697
137,0.00428098,0.187512,0.382144,1.06604
138,0.00431223,0.18743,0.381893,1.06512
139,0.00434348,0.187347,0.381641,1.06419
140,0.00437473,0.187265,0.38139,1.06326
141,0.00440597,0.187183,0.38114,1.06234
142,0.00443722,0.187101,0.38089,1.06141
143,0.00446847,0.187019,0.38064,1.06049
144,0.00449972,0.186938,0.38039,1.05957
145,0.00453097,0.186856,0.380141,1.05865
146,0.00456221,0.186775,0.379893,1.05773
147,0.00459346,0.186693,0.379645,1.05681
148,0.00462471,0.186612,0.379397,1.05589
149,0.00465596,0.186531,0.379149,1.05498
150,0.00468721,0.18645,0.378902,1.05406
151,0.00471846,0.186369,0.378655,1.05315
152,0.0047497,0.186288,0.378409,1.05224
153,0.00478095,0.186207,0.378163,1.05132
154,0.0048122,0.186126,0.377917,1.05041
155,0.00484345,0.186046,0.377672,1.04951
156,0.0048747,0.185965,0.377427,1.0486
157,0.00490594,0.185885,0.377183,1.04769
158,0.00493719,0.185805,0.376938,1.04679
159,0.00496844,0.185725,0.376695,1.04588
160,0.00499969,0.185645,0.376451,1.04498
161,0.00503094,0.185565,0.376208,1.04408
162,0.00506218,0.185485,0.375966,1.04318
163,0.00509343,0.185405,0.375723,1.04228
164,0.00512468,0.185326,0.375481,1.04138
165,0.00515593,0.185246,0.37524,1.04048
166,0.00518718,0.185167,0.374999,1.03959
167,0.00521842,0.185087,0.374758,1.03869
168,0.00524967,0.185008,0.374517,1.0378
169,0.00528092,0.184929,0.374277,1.03691
170,0.00531217,0.18485,0.374037,1.03602
171,0.00534342,0.184771,0.373798,1.03513
172,0.00537466,0.184692,0.373559,1.03424
173,0.00540591,0.184614,0.37332,1.03335
174,0.00543716,0.184535,0.373082,1.03246
175,0.00546841,0.184457,0.372844,1.03158
176,0.00549966,0.184378,0.372606,1.03069
177,0.0055309,0.1843,0.372369,1.02981
178,0.00556215,0.184222,0.372132,1.02893
179,0.0055934,0.184144,0.371895,1.02805
180,0.00562465,0.184066,0.371659,1.02717
181,0.0056559,0.183988,0.371423,1.02629
182,0.00568714,0.18391,0.371188,1.02541
183,0.00571839,0.183832,0.370952,1.02453
184,0.00574964,0.183755,0.370718,1.02366
185,0.00578089,0.183677,0.370483,1.02278
186,0.00581214,0.1836,0.370249,1.02191
187,0.00584338,0.183522,0.370015,1.02104
188,0.00587463,0.183445,0.369782,1.02017
189,0.00590588,0.183368,0.369549,1.0193
190,0.00593713,0.183291,0.369316,1.01843
191,0.00596838,0.183214,0.369083,1.01756
192,0.00599963,0.183137,0.368851,1.0167
193,0.00603087,0.18306,0.36862,1.01583
194,0.00606212,0.182984,0.368388,1.01497
195,0.00609337,0.182907,0.368157,1.01411
196,0.00612462,0.182831,0.367926,1.01324
197,0.00615587,0.182754,0.367696,1.01238
198,0.00618711,0.182678,0.367466,1.01152
199,0.00621836,0.182602,0.367236,1.01067
200,0.00624961,0.182526,0.367007,1.00981
201,0.00628086,0.18245,0.366778,1.00895
202,0.00631211,0.182374,0.366549,1.0081
203,0.00634335,0.182298,0.366321,1.00724
204,0.0063746,0.182223,0.366093,1.00639
205,0.00640585,0.182147,0.365865,1.00554
206,0.0064371,0.182072,0.365637,1.00469
207,0.00646835,0.181996,0.36541,1.00384
208,0.00649959,0.181921,0.365184,1.00299
209,0.00653084,0.181846,0.364957,1.00214
210,0.00656209,0.181771,0.364731,1.00134
211,0.00659334,0.181696,0.364505,1.00053
212,0.00662459,0.181621,0.36428,0.999721
213,0.00665583,0.181546,0.364055,0.998915
214,0.00668708,0.181471,0.36383,0.99811
215,0.00671833,0.181396,0.363606,0.997306
216,0.00674958,0.181322,0.363381,0.996503
217,0.00678083,0.181247,0.363158,0.995701
218,0.00681207,0.181173,0.362934,0.9949
219,0.00684332,0.181099,0.362711,0.9941
220,0.00687457,0.181024,0.362488,0.993301
221,0.00690582,0.18095,0.362266,0.992503
222,0.00693707,0.180876,0.362043,0.991705
223,0.00696831,0.180802,0.361822,0.990909
224,0.00699956,0.180729,0.3616,0.990114
225,0.00703081,0.180655,0.361379,0.989319
226,0.00706206,0.180581,0.361158,0.988526
227,0.00709331,0.180508,0.360937,0.987733
228,0.00712455,0.180434,0.360717,0.986941
229,0.0071558,0.180361,0.360497,0.986151
230,0.00718705,0.180287,0.360277,0.985361
231,0.0072183,0.180214,0.360058,0.984572
232,0.00724955,0.180141,0.359839,0.983784
233,0.00728079,0.180068,0.35962,0.982997
234,0.00731204,0.179995,0.359401,0.982211
235,0.00734329,0.179922,0.359183,0.981426
236,0.00737454,0.17985,0.358965,0.980642
237,0.00740579,0.179777,0.358748,0.979859
238,0.00743704,0.179704,0.358531,0.979077
239,0.00746828,0.179632,0.358314,0.978295
240,0.00749953,0.179559,0.358097,0.977515
241,0.00753078,0.179487,0.357881,0.976736
242,0.00756203,0.179415,0.357665,0.975957
243,0.00759328,0.179343,0.357449,0.975179
244,0.00762452,0.179271,0.357234,0.974403
245,0.00765577,0.179199,0.357019,0.973627
246,0.00768702,0.179127,0.356804,0.972852
247,0.00771827,0.179055,0.35659,0.972078
248,0.00774952,0.178983,0.356375,0.971305
249,0.00778076,0.178912,0.356162,0.970533
250,0.00781201,0.17884,0.355948,0.969762
251,0.00784326,0.178769,0.355735,0.968991
252,0.00787451,0.178697,0.355522,0.968222
253,0.00790576,0.178626,0.355309,0.967454
254,0.007937,0.178555,0.355097,0.966686
255,0.00796825,0.178484,0.354885,0.96592
256,0.0079995,0.178413,0.354673,0.965154
257,0.00803075,0.178342,0.354461,0.964389
258,0.008062,0.178271,0.35425,0.963625
259,0.00809324,0.1782,0.354039,0.962862
260,0.00812449,0.178129,0.353829,0.9621
261,0.00815574,0.178059,0.353618,0.961339
262,0.00818699,0.177988,0.353408,0.960579
263,0.00821824,0.177918,0.353198,0.959819
264,0.00824948,0.177847,0.352989,0.959061
265,0.00828073,0.177777,0.35278,0.958303
266,0.00831198,0.177707,0.352571,0.957546
267,0.00834323,0.177637,0.352362,0.956791
268,0.00837448,0.177567,0.352154,0.956036
269,0.00840572,0.177497,0.351946,0.955282
270,0.00843697,0.177427,0.351738,0.954529
271,0.00846822,0.177357,0.351531,0.953776
272,0.00849947,0.177287,0.351324,0.953025
273,0.00853072,0.177218,0.351117,0.952275
274,0.00856196,0.177148,0.35091,0.951525
275,0.00859321,0.177079,0.350704,0.950776
276,0.00862446,0.17701,0.350498,0.950029
277,0.00865571,0.17694,0.350292,0.949282
278,0.00868696,0.176871,0.350087,0.948536
279,0.00871821,0.176802,0.349882,0.947791
280,0.00874945,0.176733,0.349677,0.947046
281,0.0087807,0.176664,0.349472,0.946303
282,0.00881195,0.176595,0.349268,0.94556
283,0.0088432,0.176526,0.349064,0.944819
284,0.00887445,0.176457,0.34886,0.944078
285,0.00890569,0.176389,0.348656,0.943338
286,0.00893694,0.17632,0.348453,0.942599
287,0.00896819,0.176252,0.34825,0.941861
288,0.00899944,0.176183,0.348048,0.941124
289,0.00903069,0.176115,0.347845,0.940388
290,0.00906193,0.176047,0.347643,0.939652
291,0.00909318,0.175979,0.347441,0.938917
292,0.00912443,0.175911,0.34724,0.938184
293,0.00915568,0.175843,0.347038,0.937451
294,0.00918693,0.175775,0.346837,0.936719
295,0.00921817,0.175707,0.346636,0.935987
296,0.00924942,0.175639,0.346436,0.935257
297,0.00928067,0.175571,0.346236,0.934528
298,0.00931192,0.175504,0.346036,0.933799
299,0.00934317,0.175436,0.345836,0.933071
300,0.00937441,0.175369,0.345637,0.932345
301,0.00940566,0.175301,0.345438,0.931618
302,0.00943691,0.175234,0.345239,0.930893
303,0.00946816,0.175167,0.34504,0.930169
304,0.00949941,0.1751,0.344842,0.929446
305,0.00953065,0.175033,0.344644,0.928723
306,0.0095619,0.174966,0.344446,0.928001
307,0.00959315,0.174899,0.344248,0.92728
308,0.0096244,0.174832,0.344051,0.92656
309,0.00965565,0.174765,0.343854,0.925841
310,0.00968689,0.174698,0.343657,0.925123
311,0.00971814,0.174632,0.343461,0.924405
312,0.00974939,0.174565,0.343265,0.923688
313,0.00978064,0.174499,0.343069,0.922973
314,0.00981189,0.174432,0.342873,0.922258
315,0.00984313,0.174366,0.342677,0.921544
316,0.00987438,0.1743,0.342482,0.92083
317,0.00990563,0.174234,0.342287,0.920118
318,0.00993688,0.174168,0.342093,0.919406
319,0.00996813,0.174102,0.341898,0.918695
320,0.00999938,0.174036,0.341704,0.917985
321,0.0100306,0.17397,0.34151,0.917276
322,0.0100619,0.173904,0.341317,0.916586
323,0.0100931,0.173838,0.341123,0.915909
324,0.0101244,0.173773,0.34093,0.915232
325,0.0101556,0.173707,0.340737,0.914556
326,0.0101869,0.173642,0.340545,0.913881
327,0.0102181,0.173576,0.340352,0.913206
328,0.0102494,0.173511,0.34016,0.912533
329,0.0102806,0.173446,0.339968,0.91186
330,0.0103119,0.173381,0.339777,0.911187
331,0.0103431,0.173315,0.339585,0.910516
332,0.0103744,0.17325,0.339394,0.909845
333,0.0104056,0.173185,0.339203,0.909175
334,0.0104368,0.173121,0.339013,0.908506
335,0.0104681,0.173056,0.338822,0.907837
336,0.0104993,0.172991,0.338632,0.907169
337,0.0105306,0.172926,0.338442,0.906502
338,0.0105618,0.172862,0.338253,0.905836
339,0.0105931,0.172797,0.338063,0.90517
340,0.0106243,0.172733,0.337874,0.904505
341,0.0106556,0.172668,0.337685,0.903841
342,0.0106868,0.172604,0.337497,0.903177
343,0.0107181,0.17254,0.337308,0.902515
344,0.0107493,0.172476,0.33712,0.901853
345,0.0107806,0.172412,0.336932,0.901191
346,0.0108118,0.172347,0.336745,0.900531
347,0.0108431,0.172284,0.336557,0.899871
348,0.0108743,0.17222,0.33637,0.899212
349,0.0109056,0.172156,0.336183,0.898553
350,0.0109368,0.172092,0.335997,0.897895
351,0.0109681,0.172028,0.33581,0.897238
352,0.0109993,0.171965,0.335624,0.896582
353,0.0110306,0.171901,0.335438,0.895926
354,0.0110618,0.171838,0.335252,0.895272
355,0.0110931,0.171774,0.335067,0.894617
356,0.0111243,0.171711,0.334882,0.893964
357,0.0111556,0.171648,0.334697,0.893311
358,0.0111868,0.171585,0.334512,0.892659
359,0.011218,0.171522,0.334327,0.892008
360,0.0112493,0.171459,0.334143,0.891357
361,0.0112805,0.171396,0.333959,0.890707
362,0.0113118,0.171333,0.333775,0.890058
363,0.011343,0.17127,0.333592,0.88941
364,0.0113743,0.171207,0.333408,0.888762
365,0.0114055,0.171144,0.333225,0.888115
366,0.0114368,0.171082,0.333042,0.887468
367,0.011468,0.171019,0.33286,0.886823
368,0.0114993,0.170957,0.332677,0.886178
369,0.0115305,0.170894,0.332495,0.885534
370,0.0115618,0.170832,0.332313,0.88489
371,0.011593,0.17077,0.332132,0.884247
372,0.0116243,0.170707,0.33195,0.883605
373,0.0116555,0.170645,0.331769,0.882963
374,0.0116868,0.170583,0.331588,0.882323
375,0.011718,0.170521,0.331407,0.881683
376,0.0117493,0.170459,0.331227,0.881043
377,0.0117805,0.170397,0.331046,0.880404
378,0.0118118,0.170336,0.330866,0.879766
379,0.011843,0.170274,0.330686,0.879129
380,0.0118743,0.170212,0.330507,0.878493
381,0.0119055,0.17015,0.330327,0.877857
382,0.0119368,0.170089,0.330148,0.877221
383,0.011968,0.170027,0.329969,0.876587
384,0.0119993,0.169966,0.329791,0.875953
385,0.0120305,0.169905,0.329612,0.87532
386,0.0120617,0.169843,0.329434,0.874687
387,0.012093,0.169782,0.329256,0.874056
388,0.0121242,0.169721,0.329078,0.873425
389,0.0121555,0.16966,0.3289,0.872794
390,0.0121867,0.169599,0.328723,0.872164
391,0.012218,0.169538,0.328546,0.871535
392,0.0122492,0.169477,0.328369,0.870907
393,0.0122805,0.169416,0.328192,0.870279
394,0.0123117,0.169356,0.328016,0.869652
395,0.012343,0.169295,0.327839,0.869026
396,0.0123742,0.169234,0.327663,0.8684
397,0.0124055,0.169174,0.327488,0.867775
398,0.0124367,0.169113,0.327312,0.867151
399,0.012468,0.169053,0.327137,0.866527
400,0.0124992,0.168992,0.326961,0.865904
401,0.0125305,0.168932,0.326786,0.865282
402,0.0125617,0.168872,0.326612,0.864661
403,0.012593,0.168812,0.326437,0.86404
404,0.0126242,0.168752,0.326263,0.863419
405,0.0126555,0.168692,0.326089,0.8628
406,0.0126867,0.168632,0.325915,0.862181
407,0.012718,0.168572,0.325741,0.861563
408,0.0127492,0.168512,0.325568,0.860945
409,0.0127805,0.168452,0.325395,0.860328
410,0.0128117,0.168392,0.325222,0.859712
411,0.0128429,0.168333,0.325049,0.859096
412,0.0128742,0.168273,0.324876,0.858482
413,0.0129054,0.168214,0.324704,0.857867
414,0.0129367,0.168154,0.324532,0.857254
415,0.0129679,0.168095,0.32436,0.856641
416,0.0129992,0.168035,0.324188,0.856029
417,0.0130304,0.167976,0.324017,0.855417
418,0.0130617,0.167917,0.323845,0.854806
419,0.0130929,0.167858,0.323674,0.854196
420,0.0131242,0.167799,0.323504,0.853586
421,0.0131554,0.16774,0.323333,0.852977
422,0.0131867,0.167681,0.323162,0.852369
423,0.0132179,0.167622,0.322992,0.851761
424,0.0132492,0.167563,0.322822,0.851154
425,0.0132804,0.167504,0.322652,0.850548
426,0.0133117,0.167445,0.322483,0.849942
427,0.0133429,0.167387,0.322313,0.849337
428,0.0133742,0.167328,0.322144,0.848733
429,0.0134054,0.16727,0.321975,0.848129
430,0.0134367,0.167211,0.321806,0.847526
431,0.0134679,0.167153,0.321638,0.846924
432,0.0134992,0.167094,0.321469,0.846322
433,0.0135304,0.167036,0.321301,0.845721
434,0.0135617,0.166978,0.321133,0.84512
435,0.0135929,0.16692,0.320966,0.844521
436,0.0136241,0.166862,0.320798,0.843921
437,0.0136554,0.166804,0.320631,0.843323
438,0.0136866,0.166746,0.320464,0.842725
439,0.0137179,0.166688,0.320297,0.842131
440,0.0137491,0.16663,0.32013,0.841558
441,0.0137804,0.166572,0.319963,0.840987
442,0.0138116,0.166514,0.319797,0.840416
443,0.0138429,0.166457,0.319631,0.839845
444,0.0138741,0.166399,0.319465,0.839275
445,0.0139054,0.166341,0.319299,0.838706
446,0.0139366,0.166284,0.319134,0.838137
447,0.0139679,0.166227,0.318968,0.837569
448,0.0139991,0.166169,0.318803,0.837001
449,0.0140304,0.166112,0.318638,0.836434
450,0.0140616,0.166055,0.318474,0.835867
451,0.0140929,0.165997,0.318309,0.835301
452,0.0141241,0.16594,0.318145,0.834736
453,0.0141554,0.165883,0.317981,0.834171
454,0.0141866,0.165826,0.317817,0.833607
455,0.0142179,0.165769,0.317653,0.833043
456,0.0142491,0.165712,0.317489,0.83248
457,0.0142804,0.165655,0.317326,0.831917
458,0.0143116,0.165599,0.317163,0.831355
459,0.0143429,0.165542,0.317,0.830794
460,0.0143741,0.165485,0.316837,0.830233
461,0.0144053,0.165429,0.316675,0.829673
462,0.0144366,0.165372,0.316512,0.829113
463,0.0144678,0.165315,0.31635,0.828554
464,0.0144991,0.165259,0.316188,0.827995
465,0.0145303,0.165203,0.316026,0.827437
466,0.0145616,0.165146,0.315865,0.82688
467,0.0145928,0.16509,0.315703,0.826323
468,0.0146241,0.165034,0.315542,0.825766
469,0.0146553,0.164978,0.315381,0.825211
470,0.0146866,0.164922,0.31522,0.824655
471,0.0147178,0.164866,0.31506,0.824101
472,0.0147491,0.16481,0.314899,0.823546
473,0.0147803,0.164754,0.314739,0.822993
474,0.0148116,0.164698,0.314579,0.82244
475,0.0148428,0.164642,0.314419,0.821887
476,0.0148741,0.164586,0.314259,0.821335
477,0.0149053,0.16453,0.3141,0.820784
478,0.0149366,0.164475,0.31394,0.820233
479,0.0149678,0.164419,0.313781,0.819683
480,0.0149991,0.164364,0.313622,0.819133
481,0.0150303,0.164308,0.313464,0.818584
482,0.0150616,0.164253,0.313305,0.818035
483,0.0150928,0.164197,0.313147,0.817487
484,0.0151241,0.164142,0.312988,0.816939
485,0.0151553,0.164087,0.31283,0.816392
486,0.0151866,0.164032,0.312673,0.815846
487,0.0152178,0.163977,0.312515,0.8153
488,0.015249,0.163921,0.312358,0.814755
489,0.0152803,0.163866,0.3122,0.81421
490,0.0153115,0.163811,0.312043,0.813666
491,0.0153428,0.163757,0.311886,0.813122
492,0.015374,0.163702,0.31173,0.812579
493,0.0154053,0.163647,0.311573,0.812036
494,0.0154365,0.163592,0.311417,0.811494
495,0.0154678,0.163537,0.311261,0.810952
496,0.015499,0.163483,0.311105,0.810411
497,0.0155303,0.163428,0.310949,0.809871
498,0.0155615,0.163374,0.310793,0.809331
499,0.0155928,0.163319,0.310638,0.808792
500,0.015624,0.163265,0.310483,0.808253
501,0.0156553,0.16321,0.310328,0.807715
502,0.0156865,0.163156,0.310173,0.807177
503,0.0157178,0.163102,0.310018,0.80664
504,0.015749,0.163048,0.309863,0.806103
505,0.0157803,0.162993,0.309709,0.805567
506,0.0158115,0.162939,0.309555,0.805031
507,0.0158428,0.162885,0.309401,0.804496
508,0.015874,0.162831,0.309247,0.803961
509,0.0159053,0.162777,0.309094,0.803427
510,0.0159365,0.162723,0.30894,0.802894
511,0.0159678,0.16267,0.308787,0.802361
512,0.015999,0.162616,0.308634,0.801828
513,0.0160302,0.162562,0.308481,0.801297
514,0.0160615,0.162508,0.308328,0.800765
515,0.0160927,0.162455,0.308176,0.800234
516,0.016124,0.162401,0.308023,0.799704
517,0.0161552,0.162348,0.307871,0.799174
518,0.0161865,0.162294,0.307719,0.798645
519,0.0162177,0.162241,0.307567,0.798116
520,0.016249,0.162188,0.307415,0.797588
521,0.0162802,0.162134,0.307264,0.79706
522,0.0163115,0.162081,0.307113,0.796533
523,0.0163427,0.162028,0.306961,0.796007
524,0.016374,0.161975,0.30681,0.795481
525,0.0164052,0.161922,0.30666,0.794955
526,0.0164365,0.161869,0.306509,0.79443
527,0.0164677,0.161816,0.306358,0.793905
528,0.016499,0.161763,0.306208,0.793381
529,0.0165302,0.16171,0.306058,0.792858
530,0.0165615,0.161657,0.305908,0.792335
531,0.0165927,0.161604,0.305758,0.791813
532,0.016624,0.161551,0.305609,0.791291
533,0.0166552,0.161499,0.305459,0.790769
534,0.0166865,0.161446,0.30531,0.790248
535,0.0167177,0.161393,0.305161,0.789728
536,0.016749,0.161341,0.305012,0.789208
537,0.0167802,0.161288,0.304863,0.788689
538,0.0168114,0.161236,0.304715,0.78817
539,0.0168427,0.161184,0.304566,0.787652
540,0.0168739,0.161131,0.304418,0.787134
541,0.0169052,0.161079,0.30427,0.786617
542,0.0169364,0.161027,0.304122,0.7861
543,0.0169677,0.160975,0.303974,0.785584
544,0.0169989,0.160923,0.303827,0.785068
545,0.0170302,0.160871,0.303679,0.784553
546,0.0170614,0.160819,0.303532,0.784038
547,0.0170927,0.160767,0.303385,0.783524
548,0.0171239,0.160715,0.303238,0.78301
549,0.0171552,0.160663,0.303091,0.782497
550,0.0171864,0.160611,0.302944,0.781984
551,0.0172177,0.160559,0.302798,0.781472
552,0.0172489,0.160507,0.302652,0.780961
553,0.0172802,0.160456,0.302506,0.78045
554,0.0173114,0.160404,0.30236,0.779939
555,0.0173427,0.160353,0.302214,0.779429
556,0.0173739,0.160301,0.302068,0.778919
557,0.0174052,0.16025,0.301923,0.77841
558,0.0174364,0.160198,0.301778,0.777901
559,0.0174677,0.160147,0.301633,0.777393
560,0.0174989,0.160096,0.301488,0.776886
561,0.0175302,0.160044,0.301343,0.776379
562,0.0175614,0.159993,0.301198,0.775885
563,0.0175927,0.159942,0.301054,0.775398
564,0.0176239,0.159891,0.30091,0.774912
565,0.0176551,0.15984,0.300765,0.774427
566,0.0176864,0.159789,0.300621,0.773942
567,0.0177176,0.159738,0.300478,0.773458
568,0.0177489,0.159687,0.300334,0.772974
569,0.0177801,0.159636,0.30019,0.77249
570,0.0178114,0.159585,0.300047,0.772007
571,0.0178426,0.159534,0.299904,0.771524
572,0.0178739,0.159484,0.299761,0.771042
573,0.0179051,0.159433,0.299618,0.77056
574,0.0179364,0.159382,0.299475,0.770079
575,0.0179676,0.159332,0.299333,0.769598
576,0.0179989,0.159281,0.29919,0.769118
577,0.0180301,0.159231,0.299048,0.768638
578,0.0180614,0.15918,0.298906,0.768158
579,0.0180926,0.15913,0.298764,0.767679
580,0.0181239,0.15908,0.298622,0.7672
581,0.0181551,0.159029,0.298481,0.766722
582,0.0181864,0.158979,0.298339,0.766244
583,0.0182176,0.158929,0.298198,0.765767
584,0.0182489,0.158879,0.298057,0.76529
585,0.0182801,0.158828,0.297916,0.764814
586,0.0183114,0.158778,0.297775,0.764338
587,0.0183426,0.158728,0.297635,0.763862
588,0.0183739,0.158678,0.297494,0.763387
589,0.0184051,0.158629,0.297354,0.762912
590,0.0184363,0.158579,0.297214,0.762438
591,0.0184676,0.158529,0.297073,0.761964
592,0.0184988,0.158479,0.296934,0.761491
593,0.0185301,0.158429,0.296794,0.761018
594,0.0185613,0.15838,0.296654,0.760545
595,0.0185926,0.15833,0.296515,0.760073
596,0.0186238,0.15828,0.296376,0.759602
597,0.0186551,0.158231,0.296236,0.75913
598,0.0186863,0.158181,0.296097,0.75866
599,0.0187176,0.158132,0.295959,0.758189
600,0.0187488,0.158083,0.29582,0.75772
601,0.0187801,0.158033,0.295681,0.75725
602,0.0188113,0.157984,0.295543,0.756781
603,0.0188426,0.157935,0.295405,0.756312
604,0.0188738,0.157885,0.295267,0.755844
605,0.0189051,0.157836,0.295129,0.755377
606,0.0189363,0.157787,0.294991,0.754909
607,0.0189676,0.157738,0.294854,0.754442
608,0.0189988,0.157689,0.294716,0.753976
609,0.0190301,0.15764,0.294579,0.75351
610,0.0190613,0.157591,0.294442,0.753045
611,0.0190926,0.157542,0.294305,0.752579
612,0.0191238,0.157493,0.294168,0.752115
613,0.0191551,0.157444,0.294031,0.75165
614,0.0191863,0.157396,0.293894,0.751187
615,0.0192175,0.157347,0.293758,0.750723
616,0.0192488,0.157298,0.293622,0.75026
617,0.01928,0.15725,0.293486,0.749798
618,0.0193113,0.157201,0.29335,0.749335
619,0.0193425,0.157153,0.293214,0.748874
620,0.0193738,0.157104,0.293078,0.748412
621,0.019405,0.157056,0.292943,0.747952
622,0.0194363,0.157007,0.292807,0.747491
623,0.0194675,0.156959,0.292672,0.747031
624,0.0194988,0.156911,0.292537,0.746572
625,0.01953,0.156862,0.292402,0.746112
626,0.0195613,0.156814,0.292267,0.745654
627,0.0195925,0.156766,0.292132,0.745195
628,0.0196238,0.156718,0.291998,0.744738
629,0.019655,0.15667,0.291864,0.74428
630,0.0196863,0.156622,0.291729,0.743823
631,0.0197175,0.156574,0.291595,0.743366
632,0.0197488,0.156526,0.291461,0.74291
633,0.01978,0.156478,0.291327,0.742454
634,0.0198113,0.15643,0.291194,0.741999
635,0.0198425,0.156382,0.29106,0.741544
636,0.0198738,0.156334,0.290927,0.74109
637,0.019905,0.156287,0.290794,0.740636
638,0.0199363,0.156239,0.290661,0.740182
639,0.0199675,0.156191,0.290528,0.739729
640,0.0199988,0.156144,0.290395,0.739276
641,0.02003,0.156096,0.290262,0.738823
642,0.0200612,0.156049,0.29013,0.738371
643,0.0200925,0.156001,0.289997,0.73792
644,0.0201237,0.155954,0.289865,0.737468
645,0.020155,0.155906,0.289733,0.737018
646,0.0201862,0.155859,0.289601,0.736567
647,0.0202175,0.155812,0.289469,0.736117
648,0.0202487,0.155764,0.289338,0.735668
649,0.02028,0.155717,0.289206,0.735219
650,0.0203112,0.15567,0.289075,0.73477
651,0.0203425,0.155623,0.288943,0.734322
652,0.0203737,0.155576,0.288812,0.733874
653,0.020405,0.155529,0.288681,0.733426
654,0.0204362,0.155482,0.28855,0.732979
655,0.0204675,0.155435,0.28842,0.732533
656,0.0204987,0.155388,0.288289,0.732087
657,0.02053,0.155341,0.288159,0.731641
658,0.0205612,0.155294,0.288028,0.731195
659,0.0205925,0.155247,0.287898,0.73075
660,0.0206237,0.1552,0.287768,0.730306
661,0.020655,0.155154,0.287638,0.729862
662,0.0206862,0.155107,0.287509,0.729418
663,0.0207175,0.15506,0.287379,0.728974
664,0.0207487,0.155014,0.28725,0.728531
665,0.02078,0.154967,0.28712,0.728089
666,0.0208112,0.154921,0.286991,0.727647
667,0.0208424,0.154874,0.286862,0.727205
668,0.0208737,0.154828,0.286733,0.726764
669,0.0209049,0.154782,0.286604,0.726323
670,0.0209362,0.154735,0.286476,0.725882
671,0.0209674,0.154689,0.286347,0.725442
672,0.0209987,0.154643,0.286219,0.725002
673,0.0210299,0.154597,0.28609,0.724563
674,0.0210612,0.15455,0.285962,0.724124
675,0.0210924,0.154504,0.285834,0.723686
676,0.0211237,0.154458,0.285706,0.723248
677,0.0211549,0.154412,0.285579,0.72281
678,0.0211862,0.154366,0.285451,0.722373
679,0.0212174,0.15432,0.285324,0.721936
680,0.0212487,0.154274,0.285196,0.721499
681,0.0212799,0.154228,0.285069,0.721063
682,0.0213112,0.154183,0.284942,0.720627
683,0.0213424,0.154137,0.284815,0.720192
684,0.0213737,0.154091,0.284688,0.719757
685,0.0214049,0.154045,0.284562,0.719323
686,0.0214362,0.154,0.284435,0.718889
687,0.0214674,0.153954,0.284309,0.718455
688,0.0214987,0.153908,0.284183,0.718022
689,0.0215299,0.153863,0.284056,0.717591
690,0.0215612,0.153817,0.28393,0.717175
691,0.0215924,0.153772,0.283805,0.716759
692,0.0216236,0.153726,0.283679,0.716343
693,0.0216549,0.153681,0.283553,0.715928
694,0.0216861,0.153636,0.283428,0.715513
695,0.0217174,0.15359,0.283302,0.715099
696,0.0217486,0.153545,0.283177,0.714685
697,0.0217799,0.1535,0.283052,0.714271
698,0.0218111,0.153455,0.282927,0.713858
699,0.0218424,0.15341,0.282802,0.713445
700,0.0218736,0.153364,0.282678,0.713032
701,0.0219049,0.153319,0.282553,0.71262
702,0.0219361,0.153274,0.282429,0.712208
703,0.0219674,0.153229,0.282304,0.711796
704,0.0219986,0.153184,0.28218,0.711385
705,0.0220299,0.15314,0.282056,0.710974
706,0.0220611,0.153095,0.281932,0.710564
707,0.0220924,0.15305,0.281808,0.710153
708,0.0221236,0.153005,0.281684,0.709744
709,0.0221549,0.15296,0.281561,0.709334
710,0.0221861,0.152916,0.281437,0.708925
711,0.0222174,0.152871,0.281314,0.708516
712,0.0222486,0.152826,0.281191,0.708108
713,0.0222799,0.152782,0.281068,0.7077
714,0.0223111,0.152737,0.280945,0.707292
715,0.0223424,0.152693,0.280822,0.706885
716,0.0223736,0.152648,0.280699,0.706478
717,0.0224048,0.152604,0.280577,0.706071
718,0.0224361,0.152559,0.280454,0.705665
719,0.0224673,0.152515,0.280332,0.705259
720,0.0224986,0.152471,0.28021,0.704853
721,0.0225298,0.152426,0.280088,0.704448
722,0.0225611,0.152382,0.279966,0.704043
723,0.0225923,0.152338,0.279844,0.703638
724,0.0226236,0.152294,0.279722,0.703234
725,0.0226548,0.152249,0.279601,0.70283
726,0.0226861,0.152205,0.279479,0.702426
727,0.0227173,0.152161,0.279358,0.702023
728,0.0227486,0.152117,0.279237,0.70162
729,0.0227798,0.152073,0.279116,0.701218
730,0.0228111,0.152029,0.278995,0.700816
731,0.0228423,0.151986,0.278874,0.700414
732,0.0228736,0.151942,0.278753,0.700012
733,0.0229048,0.151898,0.278633,0.699611
734,0.0229361,0.151854,0.278512,0.69921
735,0.0229673,0.15181,0.278392,0.69881
736,0.0229986,0.151767,0.278272,0.69841
737,0.0230298,0.151723,0.278152,0.69801
738,0.0230611,0.151679,0.278032,0.697611
739,0.0230923,0.151636,0.277912,0.697212
740,0.0231236,0.151592,0.277792,0.696813
741,0.0231548,0.151549,0.277673,0.696414
742,0.0231861,0.151505,0.277553,0.696016
743,0.0232173,0.151462,0.277434,0.695619
744,0.0232485,0.151418,0.277314,0.695221
745,0.0232798,0.151375,0.277195,0.694824
746,0.023311,0.151331,0.277076,0.694427
747,0.0233423,0.151288,0.276957,0.694031
748,0.0233735,0.151245,0.276839,0.693635
749,0.0234048,0.151202,0.27672,0.693239
750,0.023436,0.151159,0.276601,0.692844
751,0.0234673,0.151115,0.276483,0.692449
752,0.0234985,0.151072,0.276365,0.692054
753,0.0235298,0.151029,0.276246,0.69166
754,0.023561,0.150986,0.276128,0.691266
755,0.0235923,0.150943,0.27601,0.690872
756,0.0236235,0.1509,0.275893,0.690479
757,0.0236548,0.150857,0.275775,0.690086
758,0.023686,0.150814,0.275657,0.689693
759,0.0237173,0.150771,0.27554,0.689301
760,0.0237485,0.150729,0.275422,0.688909
761,0.0237798,0.150686,0.275305,0.688517
762,0.023811,0.150643,0.275188,0.688126
763,0.0238423,0.1506,0.275071,0.687735
764,0.0238735,0.150558,0.274954,0.687344
765,0.0239048,0.150515,0.274837,0.686954
766,0.023936,0.150472,0.274721,0.686564
767,0.0239673,0.15043,0.274604,0.686175
768,0.0239985,0.150387,0.274488,0.685785
769,0.0240297,0.150345,0.274371,0.685396
770,0.024061,0.150302,0.274255,0.685008
771,0.0240922,0.15026,0.274139,0.684619
772,0.0241235,0.150218,0.274023,0.684231
773,0.0241547,0.150175,0.273907,0.683844
774,0.024186,0.150133,0.273791,0.683456
775,0.0242172,0.150091,0.273676,0.683069
776,0.0242485,0.150048,0.27356,0.682683
777,0.0242797,0.150006,0.273445,0.682296
778,0.024311,0.149964,0.27333,0.68191
779,0.0243422,0.149922,0.273214,0.681525
780,0.0243735,0.14988,0.273099,0.681139
781,0.0244047,0.149838,0.272984,0.680754
782,0.024436,0.149796,0.272869,0.680369
783,0.0244672,0.149754,0.272755,0.679985
784,0.0244985,0.149712,0.27264,0.679601
785,0.0245297,0.14967,0.272526,0.679217
786,0.024561,0.149628,0.272411,0.678834
787,0.0245922,0.149586,0.272297,0.678451
788,0.0246235,0.149544,0.272183,0.678068
789,0.0246547,0.149502,0.272069,0.677686
790,0.024686,0.149461,0.271955,0.677304
791,0.0247172,0.149419,0.271841,0.676922
792,0.0247485,0.149377,0.271727,0.67654
793,0.0247797,0.149336,0.271614,0.676159
794,0.0248109,0.149294,0.2715,0.675779
795,0.0248422,0.149252,0.271387,0.675398
796,0.0248734,0.149211,0.271273,0.675018
797,0.0249047,0.149169,0.27116,0.674638
798,0.0249359,0.149128,0.271047,0.674259
799,0.0249672,0.149086,0.270934,0.673879
800,0.0249984,0.149045,0.270821,0.673501
801,0.0250297,0.149004,0.270709,0.673122
802,0.0250609,0.148962,0.270596,0.672744
803,0.0250922,0.148921,0.270484,0.672366
804,0.0251234,0.14888,0.270371,0.671988
805,0.0251547,0.148839,0.270259,0.671611
806,0.0251859,0.148797,0.270147,0.671234
807,0.0252172,0.148756,0.270035,0.670858
808,0.0252484,0.148715,0.269923,0.670481
809,0.0252797,0.148674,0.269811,0.670105
810,0.0253109,0.148633,0.269699,0.66973
811,0.0253422,0.148592,0.269587,0.669354
812,0.0253734,0.148551,0.269476,0.668979
813,0.0254047,0.14851,0.269364,0.668605
814,0.0254359,0.148469,0.269253,0.66823
815,0.0254672,0.148428,0.269142,0.667856
816,0.0254984,0.148387,0.269031,0.667483
817,0.0255297,0.148346,0.26892,0.667109
818,0.0255609,0.148306,0.268809,0.666736
819,0.0255922,0.148265,0.268698,0.666363
820,0.0256234,0.148224,0.268587,0.665991
821,0.0256546,0.148184,0.268477,0.665619
822,0.0256859,0.148143,0.268366,0.665255
823,0.0257171,0.148102,0.268256,0.664897
824,0.0257484,0.148062,0.268146,0.66454
825,0.0257796,0.148021,0.268036,0.664182
826,0.0258109,0.147981,0.267926,0.663825
827,0.0258421,0.14794,0.267816,0.663468
828,0.0258734,0.1479,0.267706,0.663112
829,0.0259046,0.147859,0.267596,0.662755
830,0.0259359,0.147819,0.267486,0.662399
831,0.0259671,0.147778,0.267377,0.662043
832,0.0259984,0.147738,0.267267,0.661688
833,0.0260296,0.147698,0.267158,0.661333
834,0.0260609,0.147658,0.267049,0.660978
835,0.0260921,0.147617,0.26694,0.660623
836,0.0261234,0.147577,0.266831,0.660269
837,0.0261546,0.147537,0.266722,0.659915
838,0.0261859,0.147497,0.266613,0.659561
839,0.0262171,0.147457,0.266504,0.659208
840,0.0262484,0.147417,0.266396,0.658854
841,0.0262796,0.147377,0.266287,0.658502
842,0.0263109,0.147337,0.266179,0.658149
843,0.0263421,0.147297,0.266071,0.657796
844,0.0263734,0.147257,0.265963,0.657444
845,0.0264046,0.147217,0.265854,0.657093
846,0.0264358,0.147177,0.265747,0.656741
847,0.0264671,0.147137,0.265639,0.65639
848,0.0264983,0.147097,0.265531,0.656039
849,0.0265296,0.147058,0.265423,0.655688
850,0.0265608,0.147018,0.265316,0.655338
851,0.0265921,0.146978,0.265208,0.654988
852,0.0266233,0.146939,0.265101,0.654638
853,0.0266546,0.146899,0.264994,0.654288
854,0.0266858,0.146859,0.264886,0.653939
855,0.0267171,0.14682,0.264779,0.65359
856,0.0267483,0.14678,0.264672,0.653241
857,0.0267796,0.146741,0.264566,0.652893
858,0.0268108,0.146701,0.264459,0.652544
859,0.0268421,0.146662,0.264352,0.652197
860,0.0268733,0.146622,0.264246,0.651849
861,0.0269046,0.146583,0.264139,0.651502
862,0.0269358,0.146544,0.264033,0.651155
863,0.0269671,0.146504,0.263927,0.650808
864,0.0269983,0.146465,0.26382,0.650461
865,0.0270296,0.146426,0.263714,0.650115
866,0.0270608,0.146386,0.263608,0.649769
867,0.0270921,0.146347,0.263503,0.649423
868,0.0271233,0.146308,0.263397,0.649078
869,0.0271546,0.146269,0.263291,0.648733
870,0.0271858,0.14623,0.263186,0.648388
871,0.027217,0.146191,0.26308,0.648043
872,0.0272483,0.146152,0.262975,0.647699
873,0.0272795,0.146113,0.26287,0.647355
874,0.0273108,0.146074,0.262764,0.647011
875,0.027342,0.146035,0.262659,0.646667
876,0.0273733,0.145996,0.262554,0.646324
877,0.0274045,0.145957,0.262449,0.645981
878,0.0274358,0.145918,0.262345,0.645639
879,0.027467,0.145879,0.26224,0.645296
880,0.0274983,0.145841,0.262135,0.644954
881,0.0275295,0.145802,0.262031,0.644612
882,0.0275608,0.145763,0.261927,0.644271
883,0.027592,0.145724,0.261822,0.643929
884,0.0276233,0.145686,0.261718,0.643588
885,0.0276545,0.145647,0.261614,0.643247
886,0.0276858,0.145609,0.26151,0.642907
887,0.027717,0.14557,0.261406,0.642567
888,0.0277483,0.145531,0.261302,0.642227
889,0.0277795,0.145493,0.261199,0.641887
890,0.0278108,0.145454,0.261095,0.641547
891,0.027842,0.145416,0.260992,0.641208
892,0.0278733,0.145378,0.260888,0.640869
893,0.0279045,0.145339,0.260785,0.640531
894,0.0279358,0.145301,0.260682,0.640192
895,0.027967,0.145262,0.260578,0.639854
896,0.0279983,0.145224,0.260475,0.639516
897,0.0280295,0.145186,0.260372,0.639179
898,0.0280607,0.145148,0.26027,0.638841
899,0.028092,0.145109,0.260167,0.638504
900,0.0281232,0.145071,0.260064,0.638168
901,0.0281545,0.145033,0.259962,0.637831
902,0.0281857,0.144995,0.259859,0.637495
903,0.028217,0.144957,0.259757,0.637159
904,0.0282482,0.144919,0.259655,0.636823
905,0.0282795,0.144881,0.259552,0.636488
906,0.0283107,0.144843,0.25945,0.636153
907,0.028342,0.144805,0.259348,0.635818
908,0.0283732,0.144767,0.259246,0.635483
909,0.0284045,0.144729,0.259145,0.635149
910,0.0284357,0.144691,0.259043,0.634815
911,0.028467,0.144653,0.258941,0.634481
912,0.0284982,0.144615,0.25884,0.634147
913,0.0285295,0.144578,0.258738,0.633814
914,0.0285607,0.14454,0.258637,0.633481
915,0.028592,0.144502,0.258536,0.633148
916,0.0286232,0.144464,0.258434,0.632816
917,0.0286545,0.144427,0.258333,0.632483
918,0.0286857,0.144389,0.258232,0.632151
919,0.028717,0.144352,0.258132,0.63182
920,0.0287482,0.144314,0.258031,0.631488
921,0.0287795,0.144276,0.25793,0.631157
922,0.0288107,0.144239,0.257829,0.630826
923,0.0288419,0.144201,0.257729,0.630495
924,0.0288732,0.144164,0.257629,0.630165
925,0.0289044,0.144127,0.257528,0.629835
926,0.0289357,0.144089,0.257428,0.629505
927,0.0289669,0.144052,0.257328,0.629175
928,0.0289982,0.144014,0.257228,0.628846
929,0.0290294,0.143977,0.257128,0.628517
930,0.0290607,0.14394,0.257028,0.628188
931,0.0290919,0.143903,0.256928,0.627859
932,0.0291232,0.143865,0.256828,0.627531
933,0.0291544,0.143828,0.256729,0.627203
934,0.0291857,0.143791,0.256629,0.626875
935,0.0292169,0.143754,0.25653,0.626547
936,0.0292482,0.143717,0.25643,0.62622
937,0.0292794,0.14368,0.256331,0.625893
938,0.0293107,0.143642,0.256232,0.625566
939,0.0293419,0.143605,0.256133,0.62524
940,0.0293732,0.143568,0.256034,0.624913
941,0.0294044,0.143531,0.255935,0.624587
942,0.0294357,0.143495,0.255836,0.624262
943,0.0294669,0.143458,0.255738,0.623936
944,0.0294982,0.143421,0.255639,0.623611
945,0.0295294,0.143384,0.25554,0.623286
946,0.0295607,0.143347,0.255442,0.622961
947,0.0295919,0.14331,0.255344,0.622637
948,0.0296231,0.143273,0.255245,0.622312
949,0.0296544,0.143237,0.255147,0.621989
950,0.0296856,0.1432,0.255049,0.621665
951,0.0297169,0.143163,0.254951,0.621341
952,0.0297481,0.143127,0.254853,0.621018
953,0.0297794,0.14309,0.254755,0.620695
954,0.0298106,0.143053,0.254658,0.620373
955,0.0298419,0.143017,0.25456,0.62005
956,0.0298731,0.14298,0.254462,0.619728
957,0.0299044,0.142944,0.254365,0.619406
958,0.0299356,0.142907,0.254267,0.619084
959,0.0299669,0.142871,0.25417,0.618765
960,0.0299981,0.142834,0.254073,0.618455
961,0.0300294,0.142798,0.253976,0.618145
962,0.0300606,0.142762,0.253879,0.617835
963,0.0300919,0.142725,0.253782,0.617526
964,0.0301231,0.142689,0.253685,0.617217
965,0.0301544,0.142653,0.253588,0.616909
966,0.0301856,0.142616,0.253491,0.6166
967,0.0302169,0.14258,0.253395,0.616292
968,0.0302481,0.142544,0.253298,0.615984
969,0.0302794,0.142508,0.253202,0.615676
970,0.0303106,0.142471,0.253105,0.615368
971,0.0303419,0.142435,0.253009,0.615061
972,0.0303731,0.142399,0.252913,0.614754
973,0.0304043,0.142363,0.252817,0.614447
974,0.0304356,0.142327,0.252721,0.61414
975,0.0304668,0.142291,0.252625,0.613834
976,0.0304981,0.142255,0.252529,0.613527
977,0.0305293,0.142219,0.252433,0.613221
978,0.0305606,0.142183,0.252338,0.612915
979,0.0305918,0.142147,0.252242,0.61261
980,0.0306231,0.142111,0.252147,0.612305
981,0.0306543,0.142075,0.252051,0.611999
982,0.0306856,0.14204,0.251956,0.611695
983,0.0307168,0.142004,0.251861,0.61139
984,0.0307481,0.141968,0.251765,0.611085
985,0.0307793,0.141932,0.25167,0.610781
986,0.0308106,0.141897,0.251575,0.610477
987,0.0308418,0.141861,0.25148,0.610173
988,0.0308731,0.141825,0.251386,0.60987
989,0.0309043,0.14179,0.251291,0.609567
990,0.0309356,0.141754,0.251196,0.609264
991,0.0309668,0.141718,0.251102,0.608961
992,0.0309981,0.141683,0.251007,0.608658
993,0.0310293,0.141647,0.250913,0.608356
994,0.0310606,0.141612,0.250818,0.608053
995,0.0310918,0.141576,0.250724,0.607751
996,0.0311231,0.141541,0.25063,0.60745
997,0.0311543,0.141505,0.250536,0.607148
998,0.0311856,0.14147,0.250442,0.606847
999,0.0312168,0.141435,0.250348,0.606546
1000,0.031248,0.141399,0.250254,0.606245
1001,0.0312793,0.141364,0.25016,0.605944
1002,0.0313105,0.141329,0.250067,0.605644
1003,0.0313418,0.141293,0.249973,0.605344
1004,0.031373,0.141258,0.249879,0.605044
1005,0.0314043,0.141223,0.249786,0.604744
1006,0.0314355,0.141188,0.249693,0.604445
1007,0.0314668,0.141153,0.249599,0.604145
1008,0.031498,0.141117,0.249506,0.603846
1009,0.0315293,0.141082,0.249413,0.603547
1010,0.0315605,0.141047,0.24932,0.603249
1011,0.0315918,0.141012,0.249227,0.60295
1012,0.031623,0.140977,0.249134,0.602652
1013,0.0316543,0.140942,0.249041,0.602354
1014,0.0316855,0.140907,0.248949,0.602056
1015,0.0317168,0.140872,0.248856,0.601759
1016,0.031748,0.140837,0.248764,0.601462
1017,0.0317793,0.140802,0.248671,0.601164
1018,0.0318105,0.140767,0.248579,0.600868
1019,0.0318418,0.140733,0.248486,0.600571
1020,0.031873,0.140698,0.248394,0.600275
1021,0.0319043,0.140663,0.248302,0.599978
1022,0.0319355,0.140628,0.24821,0.599682
1023,0.0319668,0.140593,0.248118,0.599387
1024,0.031998,0.140559,0.248026,0.599091
1025,0.0320292,0.140524,0.247934,0.598796
1026,0.0320605,0.140489,0.247842,0.598501
1027,0.0320917,0.140455,0.247751,0.598206
1028,0.032123,0.14042,0.247659,0.597911
1029,0.0321542,0.140385,0.247568,0.597616
1030,0.0321855,0.140351,0.247476,0.597322
1031,0.0322167,0.140316,0.247385,0.597028
1032,0.032248,0.140282,0.247294,0.596734
1033,0.0322792,0.140247,0.247202,0.596441
1034,0.0323105,0.140213,0.247111,0.596147
1035,0.0323417,0.140178,0.24702,0.595854
1036,0.032373,0.140144,0.246929,0.595561
1037,0.0324042,0.14011,0.246838,0.595269
1038,0.0324355,0.140075,0.246748,0.594976
1039,0.0324667,0.140041,0.246657,0.594684
1040,0.032498,0.140007,0.246566,0.594392
1041,0.0325292,0.139972,0.246476,0.5941
1042,0.0325605,0.139938,0.246385,0.593808
1043,0.0325917,0.139904,0.246295,0.593517
1044,0.032623,0.13987,0.246204,0.593225
1045,0.0326542,0.139835,0.246114,0.592934
1046,0.0326855,0.139801,0.246024,0.592644
1047,0.0327167,0.139767,0.245934,0.592353
1048,0.032748,0.139733,0.245844,0.592063
1049,0.0327792,0.139699,0.245754,0.591773
1050,0.0328104,0.139665,0.245664,0.591483
1051,0.0328417,0.139631,0.245574,0.591193
1052,0.0328729,0.139597,0.245485,0.590903
1053,0.0329042,0.139563,0.245395,0.590614
1054,0.0329354,0.139529,0.245305,0.590325
1055,0.0329667,0.139495,0.245216,0.590036
1056,0.0329979,0.139461,0.245126,0.589747
1057,0.0330292,0.139427,0.245037,0.589459
1058,0.0330604,0.139393,0.244948,0.589171
1059,0.0330917,0.139359,0.244859,0.588883
1060,0.0331229,0.139326,0.24477,0.588595
1061,0.0331542,0.139292,0.24468,0.588307
1062,0.0331854,0.139258,0.244592,0.58802
1063,0.0332167,0.139224,0.244503,0.587733
1064,0.0332479,0.139191,0.244414,0.587446
1065,0.0332792,0.139157,0.244325,0.587159
1066,0.0333104,0.139123,0.244236,0.586873
1067,0.0333417,0.139089,0.244148,0.586586
1068,0.0333729,0.139056,0.244059,0.5863
1069,0.0334042,0.139022,0.243971,0.586014
1070,0.0334354,0.138989,0.243883,0.585729
1071,0.0334667,0.138955,0.243794,0.585443
1072,0.0334979,0.138922,0.243706,0.585158
1073,0.0335292,0.138888,0.243618,0.584873
1074,0.0335604,0.138855,0.24353,0.584588
1075,0.0335917,0.138821,0.243442,0.584303
1076,0.0336229,0.138788,0.243354,0.584019
1077,0.0336541,0.138754,0.243266,0.583735
1078,0.0336854,0.138721,0.243178,0.583451
1079,0.0337166,0.138688,0.243091,0.583167
1080,0.0337479,0.138654,0.243003,0.582883
1081,0.0337791,0.138621,0.242915,0.5826
1082,0.0338104,0.138588,0.242828,0.582317
1083,0.0338416,0.138554,0.242741,0.582034
1084,0.0338729,0.138521,0.242653,0.581751
1085,0.0339041,0.138488,0.242566,0.581468
1086,0.0339354,0.138455,0.242479,0.581186
1087,0.0339666,0.138422,0.242392,0.580904
1088,0.0339979,0.138389,0.242305,0.580622
1089,0.0340291,0.138355,0.242218,0.58034
1090,0.0340604,0.138322,0.242131,0.580059
1091,0.0340916,0.138289,0.242044,0.579777
1092,0.0341229,0.138256,0.241957,0.579496
1093,0.0341541,0.138223,0.241871,0.579215
1094,0.0341854,0.13819,0.241784,0.578935
1095,0.0342166,0.138157,0.241697,0.578654
1096,0.0342479,0.138124,0.241611,0.578374
1097,0.0342791,0.138091,0.241525,0.578094
1098,0.0343104,0.138058,0.241438,0.577814
1099,0.0343416,0.138026,0.241352,0.577534
1100,0.0343729,0.137993,0.241266,0.577255
1101,0.0344041,0.13796,0.24118,0.576975
1102,0.0344353,0.137927,0.241094,0.576702
1103,0.0344666,0.137894,0.241008,0.576433
1104,0.0344978,0.137861,0.240922,0.576164
1105,0.0345291,0.137829,0.240836,0.575895
1106,0.0345603,0.137796,0.24075,0.575626
1107,0.0345916,0.137763,0.240665,0.575357
1108,0.0346228,0.137731,0.240579,0.575089
1109,0.0346541,0.137698,0.240494,0.57482
1110,0.0346853,0.137665,0.240408,0.574552
1111,0.0347166,0.137633,0.240323,0.574284
1112,0.0347478,0.1376,0.240237,0.574017
1113,0.0347791,0.137568,0.240152,0.573749
1114,0.0348103,0.137535,0.240067,0.573482
1115,0.0348416,0.137503,0.239982,0.573215
1116,0.0348728,0.13747,0.239897,0.572948
1117,0.0349041,0.137438,0.239812,0.572681
1118,0.0349353,0.137405,0.239727,0.572414
1119,0.0349666,0.137373,0.239642,0.572148
1120,0.0349978,0.13734,0.239558,0.571882
1121,0.0350291,0.137308,0.239473,0.571615
1122,0.0350603,0.137276,0.239388,0.57135
1123,0.0350916,0.137243,0.239304,0.571084
1124,0.0351228,0.137211,0.239219,0.570818
1125,0.0351541,0.137179,0.239135,0.570553
1126,0.0351853,0.137147,0.239051,0.570288
1127,0.0352165,0.137114,0.238966,0.570023
1128,0.0352478,0.137082,0.238882,0.569758
1129,0.035279,0.13705,0.238798,0.569493
1130,0.0353103,0.137018,0.238714,0.569229
1131,0.0353415,0.136986,0.23863,0.568965
1132,0.0353728,0.136954,0.238546,0.568701
1133,0.035404,0.136921,0.238462,0.568437
1134,0.0354353,0.136889,0.238378,0.568173
1135,0.0354665,0.136857,0.238295,0.56791
1136,0.0354978,0.136825,0.238211,0.567646
1137,0.035529,0.136793,0.238127,0.567383
1138,0.0355603,0.136761,0.238044,0.56712
1139,0.0355915,0.136729,0.237961,0.566857
1140,0.0356228,0.136697,0.237877,0.566595
1141,0.035654,0.136665,0.237794,0.566332
1142,0.0356853,0.136634,0.237711,0.56607
1143,0.0357165,0.136602,0.237627,0.565808
1144,0.0357478,0.13657,0.237544,0.565546
1145,0.035779,0.136538,0.237461,0.565285
1146,0.0358103,0.136506,0.237378,0.565023
1147,0.0358415,0.136474,0.237295,0.564762
1148,0.0358728,0.136443,0.237213,0.564501
1149,0.035904,0.136411,0.23713,0.56424
1150,0.0359353,0.136379,0.237047,0.563979
1151,0.0359665,0.136348,0.236965,0.563718
1152,0.0359978,0.136316,0.236882,0.563458
1153,0.036029,0.136284,0.2368,0.563198
1154,0.0360602,0.136253,0.236717,0.562937
1155,0.0360915,0.136221,0.236635,0.562678
1156,0.0361227,0.136189,0.236552,0.562418
1157,0.036154,0.136158,0.23647,0.562158
1158,0.0361852,0.136126,0.236388,0.561899
1159,0.0362165,0.136095,0.236306,0.56164
1160,0.0362477,0.136063,0.236224,0.561381
1161,0.036279,0.136032,0.236142,0.561122
1162,0.0363102,0.136,0.23606,0.560863
1163,0.0363415,0.135969,0.235978,0.560605
1164,0.0363727,0.135937,0.235897,0.560347
1165,0.036404,0.135906,0.235815,0.560089
1166,0.0364352,0.135875,0.235733,0.559831
1167,0.0364665,0.135843,0.235652,0.559573
1168,0.0364977,0.135812,0.23557,0.559315
1169,0.036529,0.135781,0.235489,0.559058
1170,0.0365602,0.135749,0.235407,0.558801
1171,0.0365915,0.135718,0.235326,0.558544
1172,0.0366227,0.135687,0.235245,0.558287
1173,0.036654,0.135656,0.235164,0.55803
1174,0.0366852,0.135625,0.235083,0.557774
1175,0.0367165,0.135593,0.235002,0.557517
1176,0.0367477,0.135562,0.234921,0.557261
1177,0.036779,0.135531,0.23484,0.557005
1178,0.0368102,0.1355,0.234759,0.556749
1179,0.0368414,0.135469,0.234678,0.556494
1180,0.0368727,0.135438,0.234597,0.556238
1181,0.0369039,0.135407,0.234517,0.555983
1182,0.0369352,0.135376,0.234436,0.555728
1183,0.0369664,0.135345,0.234356,0.555473
1184,0.0369977,0.135314,0.234275,0.555218
1185,0.0370289,0.135283,0.234195,0.554964
1186,0.0370602,0.135252,0.234115,0.554709
1187,0.0370914,0.135221,0.234034,0.554455
1188,0.0371227,0.13519,0.233954,0.554201
1189,0.0371539,0.135159,0.233874,0.553947
1190,0.0371852,0.135128,0.233794,0.553693
1191,0.0372164,0.135098,0.233714,0.55344
1192,0.0372477,0.135067,0.233634,0.553187
1193,0.0372789,0.135036,0.233554,0.552933
1194,0.0373102,0.135005,0.233474,0.55268
1195,0.0373414,0.134974,0.233394,0.552428
1196,0.0373727,0.134944,0.233315,0.552175
1197,0.0374039,0.134913,0.233235,0.551922
1198,0.0374352,0.134882,0.233156,0.55167
1199,0.0374664,0.134852,0.233076,0.551418
1200,0.0374977,0.134821,0.232997,0.551166
1201,0.0375289,0.13479,0.232917,0.550914
1202,0.0375602,0.13476,0.232838,0.550663
1203,0.0375914,0.134729,0.232759,0.550411
1204,0.0376226,0.134699,0.23268,0.55016
1205,0.0376539,0.134668,0.232601,0.549909
1206,0.0376851,0.134638,0.232521,0.549658
1207,0.0377164,0.134607,0.232442,0.549407
1208,0.0377476,0.134577,0.232364,0.549157
1209,0.0377789,0.134546,0.232285,0.548906
1210,0.0378101,0.134516,0.232206,0.548656
1211,0.0378414,0.134485,0.232127,0.548406
1212,0.0378726,0.134455,0.232048,0.548156
1213,0.0379039,0.134425,0.23197,0.547906
1214,0.0379351,0.134394,0.231891,0.547657
1215,0.0379664,0.134364,0.231813,0.547407
1216,0.0379976,0.134334,0.231734,0.547158
1217,0.0380289,0.134303,0.231656,0.546909
1218,0.0380601,0.134273,0.231578,0.54666
1219,0.0380914,0.134243,0.231499,0.546412
1220,0.0381226,0.134213,0.231421,0.546163
1221,0.0381539,0.134182,0.231343,0.545915
1222,0.0381851,0.134152,0.231265,0.545667
1223,0.0382164,0.134122,0.231187,0.545419
1224,0.0382476,0.134092,0.231109,0.545171
1225,0.0382789,0.134062,0.231031,0.544923
1226,0.0383101,0.134032,0.230953,0.544676
1227,0.0383414,0.134002,0.230876,0.544428
1228,0.0383726,0.133971,0.230798,0.544181
1229,0.0384038,0.133941,0.23072,0.543934
1230,0.0384351,0.133911,0.230643,0.543687
1231,0.0384663,0.133881,0.230565,0.543441
1232,0.0384976,0.133851,0.230488,0.543194
1233,0.0385288,0.133821,0.23041,0.542948
1234,0.0385601,0.133791,0.230333,0.542702
1235,0.0385913,0.133762,0.230256,0.542456
1236,0.0386226,0.133732,0.230179,0.54221
1237,0.0386538,0.133702,0.230102,0.541964
1238,0.0386851,0.133672,0.230024,0.541719
1239,0.0387163,0.133642,0.229947,0.541474
1240,0.0387476,0.133612,0.22987,0.541229
1241,0.0387788,0.133582,0.229794,0.540984
1242,0.0388101,0.133553,0.229717,0.540739
1243,0.0388413,0.133523,0.22964,0.540494
1244,0.0388726,0.133493,0.229563,0.54025
1245,0.0389038,0.133463,0.229487,0.540005
1246,0.0389351,0.133434,0.22941,0.539761
1247,0.0389663,0.133404,0.229333,0.539517
1248,0.0389976,0.133374,0.229257,0.539274
1249,0.0390288,0.133345,0.22918,0.539031
1250,0.0390601,0.133315,0.229104,0.538796
1251,0.0390913,0.133285,0.229028,0.53856
1252,0.0391226,0.133256,0.228952,0.538325
1253,0.0391538,0.133226,0.228875,0.53809
1254,0.0391851,0.133197,0.228799,0.537855
1255,0.0392163,0.133167,0.228723,0.537621
1256,0.0392475,0.133138,0.228647,0.537386
1257,0.0392788,0.133108,0.228571,0.537152
1258,0.03931,0.133079,0.228495,0.536917
1259,0.0393413,0.133049,0.228419,0.536683
1260,0.0393725,0.13302,0.228344,0.536449
1261,0.0394038,0.13299,0.228268,0.536216
1262,0.039435,0.132961,0.228192,0.535982
1263,0.0394663,0.132932,0.228117,0.535748
1264,0.0394975,0.132902,0.228041,0.535515
1265,0.0395288,0.132873,0.227966,0.535282
1266,0.03956,0.132844,0.22789,0.535049
1267,0.0395913,0.132814,0.227815,0.534816
1268,0.0396225,0.132785,0.22774,0.534583
1269,0.0396538,0.132756,0.227664,0.534351
1270,0.039685,0.132727,0.227589,0.534118
1271,0.0397163,0.132697,0.227514,0.533886
1272,0.0397475,0.132668,0.227439,0.533654
1273,0.0397788,0.132639,0.227364,0.533422
1274,0.03981,0.13261,0.227289,0.53319
1275,0.0398413,0.132581,0.227214,0.532958
1276,0.0398725,0.132552,0.227139,0.532727
1277,0.0399038,0.132523,0.227064,0.532495
1278,0.039935,0.132493,0.22699,0.532264
1279,0.0399663,0.132464,0.226915,0.532033
1280,0.0399975,0.132435,0.22684,0.531802
1281,0.0400287,0.132406,0.226766,0.531571
1282,0.04006,0.132377,0.226691,0.531341
1283,0.0400912,0.132348,0.226617,0.53111
1284,0.0401225,0.132319,0.226542,0.53088
1285,0.0401537,0.13229,0.226468,0.530649
1286,0.040185,0.132262,0.226394,0.530419
1287,0.0402162,0.132233,0.22632,0.53019
1288,0.0402475,0.132204,0.226245,0.52996
1289,0.0402787,0.132175,0.226171,0.52973
1290,0.04031,0.132146,0.226097,0.529501
1291,0.0403412,0.132117,0.226023,0.529271
1292,0.0403725,0.132088,0.225949,0.529042
1293,0.0404037,0.13206,0.225876,0.528813
1294,0.040435,0.132031,0.225802,0.528584
1295,0.0404662,0.132002,0.225728,0.528356
1296,0.0404975,0.131973,0.225654,0.528127
1297,0.0405287,0.131945,0.225581,0.527899
1298,0.04056,0.131916,0.225507,0.52767
1299,0.0405912,0.131887,0.225433,0.527442
1300,0.0406225,0.131858,0.22536,0.527214
1301,0.0406537,0.13183,0.225287,0.526986
1302,0.040685,0.131801,0.225213,0.526759
1303,0.0407162,0.131773,0.22514,0.526531
1304,0.0407475,0.131744,0.225067,0.526304
1305,0.0407787,0.131715,0.224993,0.526077
1306,0.0408099,0.131687,0.22492,0.52585
1307,0.0408412,0.131658,0.224847,0.525623
1308,0.0408724,0.13163,0.224774,0.525396
1309,0.0409037,0.131601,0.224701,0.525169
1310,0.0409349,0.131573,0.224628,0.524943
1311,0.0409662,0.131544,0.224555,0.524716
1312,0.0409974,0.131516,0.224482,0.52449
1313,0.0410287,0.131488,0.22441,0.524264
1314,0.0410599,0.131459,0.224337,0.524038
1315,0.0410912,0.131431,0.224264,0.523812
1316,0.0411224,0.131402,0.224192,0.523587
1317,0.0411537,0.131374,0.224119,0.523361
1318,0.0411849,0.131346,0.224047,0.523136
1319,0.0412162,0.131317,0.223974,0.522911
1320,0.0412474,0.131289,0.223902,0.522686
1321,0.0412787,0.131261,0.22383,0.522461
1322,0.0413099,0.131233,0.223757,0.522236
1323,0.0413412,0.131204,0.223685,0.522011
1324,0.0413724,0.131176,0.223613,0.521787
1325,0.0414037,0.131148,0.223541,0.521562
1326,0.0414349,0.13112,0.223469,0.521338
1327,0.0414662,0.131092,0.223397,0.521114
1328,0.0414974,0.131063,0.223325,0.52089
1329,0.0415287,0.131035,0.223253,0.520667
1330,0.0415599,0.131007,0.223181,0.520443
1331,0.0415912,0.130979,0.223109,0.52022
1332,0.0416224,0.130951,0.223038,0.519996
1333,0.0416536,0.130923,0.222966,0.519773
1334,0.0416849,0.130895,0.222894,0.51955
1335,0.0417161,0.130867,0.222823,0.519327
1336,0.0417474,0.130839,0.222751,0.519104
1337,0.0417786,0.130811,0.22268,0.518882
1338,0.0418099,0.130783,0.222608,0.518659
1339,0.0418411,0.130755,0.222537,0.518437
1340,0.0418724,0.130727,0.222466,0.518215
1341,0.0419036,0.130699,0.222394,0.517993
1342,0.0419349,0.130671,0.222323,0.517771
1343,0.0419661,0.130643,0.222252,0.517549
1344,0.0419974,0.130615,0.222181,0.517328
1345,0.0420286,0.130588,0.22211,0.517106
1346,0.0420599,0.13056,0.222039,0.516885
1347,0.0420911,0.130532,0.221968,0.516664
1348,0.0421224,0.130504,0.221897,0.516443
1349,0.0421536,0.130476,0.221826,0.516222
1350,0.0421849,0.130449,0.221756,0.516001
1351,0.0422161,0.130421,0.221685,0.51578
1352,0.0422474,0.130393,0.221614,0.51556
1353,0.0422786,0.130365,0.221544,0.51534
1354,0.0423099,0.130338,0.221473,0.515119
1355,0.0423411,0.13031,0.221402,0.514899
1356,0.0423724,0.130282,0.221332,0.51468
1357,0.0424036,0.130255,0.221262,0.51446
1358,0.0424348,0.130227,0.221191,0.51424
1359,0.0424661,0.1302,0.221121,0.514021
1360,0.0424973,0.130172,0.221051,0.513801
1361,0.0425286,0.130144,0.220981,0.513582
1362,0.0425598,0.130117,0.22091,0.513363
1363,0.0425911,0.130089,0.22084,0.513144
1364,0.0426223,0.130062,0.22077,0.512925
1365,0.0426536,0.130034,0.2207,0.512707
1366,0.0426848,0.130007,0.22063,0.512488
1367,0.0427161,0.129979,0.22056,0.51227
1368,0.0427473,0.129952,0.220491,0.512052
1369,0.0427786,0.129925,0.220421,0.511834
1370,0.0428098,0.129897,0.220351,0.511616
1371,0.0428411,0.12987,0.220281,0.511398
1372,0.0428723,0.129842,0.220212,0.51118
1373,0.0429036,0.129815,0.220142,0.510963
1374,0.0429348,0.129788,0.220073,0.510746
1375,0.0429661,0.12976,0.220003,0.510528
1376,0.0429973,0.129733,0.219934,0.510311
1377,0.0430286,0.129706,0.219864,0.510094
1378,0.0430598,0.129679,0.219795,0.509878
1379,0.0430911,0.129651,0.219726,0.509661
1380,0.0431223,0.129624,0.219657,0.509444
1381,0.0431536,0.129597,0.219587,0.509228
1382,0.0431848,0.12957,0.219518,0.509012
1383,0.043216,0.129543,0.219449,0.508796
1384,0.0432473,0.129515,0.21938,0.50858
1385,0.0432785,0.129488,0.219311,0.508364
1386,0.0433098,0.129461,0.219242,0.508148
1387,0.043341,0.129434,0.219173,0.507933
1388,0.0433723,0.129407,0.219105,0.507717
1389,0.0434035,0.12938,0.219036,0.507502
1390,0.0434348,0.129353,0.218967,0.507287
1391,0.043466,0.129326,0.218899,0.507072
1392,0.0434973,0.129299,0.21883,0.506857
1393,0.0435285,0.129272,0.218761,0.506642
1394,0.0435598,0.129245,0.218693,0.506428
1395,0.043591,0.129218,0.218624,0.506213
1396,0.0436223,0.129191,0.218556,0.505999
1397,0.0436535,0.129164,0.218488,0.505785
1398,0.0436848,0.129137,0.218419,0.505571
1399,0.043716,0.12911,0.218351,0.505357
1400,0.0437473,0.129083,0.218283,0.505143
1401,0.0437785,0.129056,0.218215,0.504929
1402,0.0438098,0.129029,0.218147,0.50472
1403,0.043841,0.129002,0.218078,0.504514
1404,0.0438723,0.128976,0.21801,0.504307
1405,0.0439035,0.128949,0.217943,0.504101
1406,0.0439348,0.128922,0.217875,0.503895
1407,0.043966,0.128895,0.217807,0.503688
1408,0.0439973,0.128868,0.217739,0.503483
1409,0.0440285,0.128842,0.217671,0.503277
1410,0.0440597,0.128815,0.217603,0.503071
1411,0.044091,0.128788,0.217536,0.502865
1412,0.0441222,0.128762,0.217468,0.50266
1413,0.0441535,0.128735,0.217401,0.502455
1414,0.0441847,0.128708,0.217333,0.502249
1415,0.044216,0.128682,0.217266,0.502044
1416,0.0442472,0.128655,0.217198,0.501839
1417,0.0442785,0.128628,0.217131,0.501634
1418,0.0443097,0.128602,0.217063,0.50143
1419,0.044341,0.128575,0.216996,0.501225
1420,0.0443722,0.128549,0.216929,0.501021
1421,0.0444035,0.128522,0.216862,0.500816
1422,0.0444347,0.128496,0.216795,0.500612
1423,0.044466,0.128469,0.216728,0.500408
1424,0.0444972,0.128443,0.216661,0.500204
1425,0.0445285,0.128416,0.216594,0.5
1426,0.0445597,0.12839,0.216527,0.499797
1427,0.044591,0.128363,0.21646,0.499593
1428,0.0446222,0.128337,0.216393,0.499389
1429,0.0446535,0.12831,0.216326,0.499186
1430,0.0446847,0.128284,0.216259,0.498983
1431,0.044716,0.128258,0.216193,0.49878
1432,0.0447472,0.128231,0.216126,0.498577
1433,0.0447785,0.128205,0.216059,0.498374
1434,0.0448097,0.128179,0.215993,0.498171
1435,0.0448409,0.128152,0.215926,0.497969
1436,0.0448722,0.128126,0.21586,0.497766
1437,0.0449034,0.1281,0.215793,0.497564
1438,0.0449347,0.128073,0.215727,0.497361
1439,0.0449659,0.128047,0.215661,0.497159
1440,0.0449972,0.128021,0.215595,0.496957
1441,0.0450284,0.127995,0.215528,0.496755
1442,0.0450597,0.127968,0.215462,0.496554
1443,0.0450909,0.127942,0.215396,0.496352
1444,0.0451222,0.127916,0.21533,0.496151
1445,0.0451534,0.12789,0.215264,0.495949
1446,0.0451847,0.127864,0.215198,0.495748
1447,0.0452159,0.127838,0.215132,0.495547
1448,0.0452472,0.127812,0.215066,0.495346
1449,0.0452784,0.127786,0.215,0.495145
1450,0.0453097,0.127759,0.214934,0.494944
1451,0.0453409,0.127733,0.214869,0.494743
1452,0.0453722,0.127707,0.214803,0.494543
1453,0.0454034,0.127681,0.214737,0.494342
1454,0.0454347,0.127655,0.214672,0.494142
1455,0.0454659,0.127629,0.214606,0.493942
1456,0.0454972,0.127603,0.214541,0.493742
1457,0.0455284,0.127577,0.214475,0.493542
1458,0.0455597,0.127551,0.21441,0.493342
1459,0.0455909,0.127526,0.214344,0.493143
1460,0.0456221,0.1275,0.214279,0.492943
1461,0.0456534,0.127474,0.214214,0.492743
1462,0.0456846,0.127448,0.214149,0.492544
1463,0.0457159,0.127422,0.214083,0.492345
1464,0.0457471,0.127396,0.214018,0.492146
1465,0.0457784,0.12737,0.213953,0.491947
1466,0.0458096,0.127344,0.213888,0.491748
1467,0.0458409,0.127319,0.213823,0.491549
1468,0.0458721,0.127293,0.213758,0.491351
1469,0.0459034,0.127267,0.213693,0.491152
1470,0.0459346,0.127241,0.213628,0.490954
1471,0.0459659,0.127216,0.213563,0.490756
1472,0.0459971,0.12719,0.213499,0.490558
1473,0.0460284,0.127164,0.213434,0.49036
1474,0.0460596,0.127138,0.213369,0.490162
1475,0.0460909,0.127113,0.213305,0.489964
1476,0.0461221,0.127087,0.21324,0.489766
1477,0.0461534,0.127061,0.213176,0.489569
1478,0.0461846,0.127036,0.213111,0.489371
1479,0.0462159,0.12701,0.213047,0.489174
1480,0.0462471,0.126985,0.212982,0.488977
1481,0.0462784,0.126959,0.212918,0.48878
1482,0.0463096,0.126933,0.212853,0.488583
1483,0.0463409,0.126908,0.212789,0.488386
1484,0.0463721,0.126882,0.212725,0.488189
1485,0.0464033,0.126857,0.212661,0.487993
1486,0.0464346,0.126831,0.212597,0.487796
1487,0.0464658,0.126806,0.212533,0.4876
1488,0.0464971,0.12678,0.212469,0.487404
1489,0.0465283,0.126755,0.212405,0.487208
1490,0.0465596,0.126729,0.212341,0.487012
1491,0.0465908,0.126704,0.212277,0.486816
1492,0.0466221,0.126679,0.212213,0.48662
1493,0.0466533,0.126653,0.212149,0.486424
1494,0.0466846,0.126628,0.212085,0.486229
1495,0.0467158,0.126602,0.212021,0.486034
1496,0.0467471,0.126577,0.211958,0.485838
1497,0.0467783,0.126552,0.211894,0.485643
1498,0.0468096,0.126526,0.211831,0.485448
1499,0.0468408,0.126501,0.211767,0.485253
1500,0.0468721,0.126476,0.211703,0.485058
1501,0.0469033,0.12645,0.21164,0.484864
1502,0.0469346,0.126425,0.211577,0.484669
1503,0.0469658,0.1264,0.211513,0.484475
1504,0.0469971,0.126375,0.21145,0.48428
1505,0.0470283,0.12635,0.211387,0.484086
1506,0.0470596,0.126324,0.211323,0.483892
1507,0.0470908,0.126299,0.21126,0.483698
1508,0.0471221,0.126274,0.211197,0.483504
1509,0.0471533,0.126249,0.211134,0.483311
1510,0.0471846,0.126224,0.211071,0.483117
1511,0.0472158,0.126199,0.211008,0.482923
1512,0.047247,0.126173,0.210945,0.48273
1513,0.0472783,0.126148,0.210882,0.482537
1514,0.0473095,0.126123,0.210819,0.482344
1515,0.0473408,0.126098,0.210756,0.482151
1516,0.047372,0.126073,0.210693,0.481958
1517,0.0474033,0.126048,0.210631,0.481765
1518,0.0474345,0.126023,0.210568,0.481572
1519,0.0474658,0.125998,0.210505,0.48138
1520,0.047497,0.125973,0.210443,0.481187
1521,0.0475283,0.125948,0.21038,0.480995
1522,0.0475595,0.125923,0.210317,0.480802
1523,0.0475908,0.125898,0.210255,0.48061
1524,0.047622,0.125873,0.210192,0.480418
1525,0.0476533,0.125848,0.21013,0.480226
1526,0.0476845,0.125823,0.210068,0.480035
1527,0.0477158,0.125798,0.210005,0.479843
1528,0.047747,0.125774,0.209943,0.479652
1529,0.0477783,0.125749,0.209881,0.47946
1530,0.0478095,0.125724,0.209819,0.479269
1531,0.0478408,0.125699,0.209756,0.479078
1532,0.047872,0.125674,0.209694,0.478887
1533,0.0479033,0.125649,0.209632,0.478696
1534,0.0479345,0.125625,0.20957,0.478505
1535,0.0479658,0.1256,0.209508,0.478314
1536,0.047997,0.125575,0.209446,0.478123
1537,0.0480282,0.12555,0.209384,0.477933
1538,0.0480595,0.125526,0.209323,0.477742
1539,0.0480907,0.125501,0.209261,0.477552
1540,0.048122,0.125476,0.209199,0.477362
1541,0.0481532,0.125452,0.209137,0.477172
1542,0.0481845,0.125427,0.209076,0.476982
1543,0.0482157,0.125402,0.209014,0.476792
1544,0.048247,0.125378,0.208952,0.476603
1545,0.0482782,0.125353,0.208891,0.476413
1546,0.0483095,0.125328,0.208829,0.476224
1547,0.0483407,0.125304,0.208768,0.476034
1548,0.048372,0.125279,0.208706,0.475845
1549,0.0484032,0.125255,0.208645,0.475656
1550,0.0484345,0.12523,0.208584,0.475467
1551,0.0484657,0.125205,0.208522,0.475278
1552,0.048497,0.125181,0.208461,0.475089
1553,0.0485282,0.125156,0.2084,0.4749
1554,0.0485595,0.125132,0.208339,0.474712
1555,0.0485907,0.125107,0.208278,0.474523
1556,0.048622,0.125083,0.208216,0.474335
1557,0.0486532,0.125059,0.208155,0.474147
1558,0.0486845,0.125034,0.208094,0.473959
1559,0.0487157,0.12501,0.208033,0.473772
1560,0.048747,0.124985,0.207972,0.473589
1561,0.0487782,0.124961,0.207912,0.473407
1562,0.0488094,0.124936,0.207851,0.473226
1563,0.0488407,0.124912,0.20779,0.473044
1564,0.0488719,0.124888,0.207729,0.472862
1565,0.0489032,0.124863,0.207668,0.472681
1566,0.0489344,0.124839,0.207608,0.472499
1567,0.0489657,0.124815,0.207547,0.472318
1568,0.0489969,0.12479,0.207487,0.472136
1569,0.0490282,0.124766,0.207426,0.471955
1570,0.0490594,0.124742,0.207365,0.471774
1571,0.0490907,0.124718,0.207305,0.471593
1572,0.0491219,0.124693,0.207245,0.471412
1573,0.0491532,0.124669,0.207184,0.471232
1574,0.0491844,0.124645,0.207124,0.471051
1575,0.0492157,0.124621,0.207063,0.47087
1576,0.0492469,0.124597,0.207003,0.47069
1577,0.0492782,0.124572,0.206943,0.47051
1578,0.0493094,0.124548,0.206883,0.470329
1579,0.0493407,0.124524,0.206823,0.470149
1580,0.0493719,0.1245,0.206763,0.469969
1581,0.0494032,0.124476,0.206703,0.469789
1582,0.0494344,0.124452,0.206642,0.469609
1583,0.0494657,0.124428,0.206582,0.46943
1584,0.0494969,0.124404,0.206523,0.46925
1585,0.0495282,0.12438,0.206463,0.46907
1586,0.0495594,0.124356,0.206403,0.468891
1587,0.0495907,0.124332,0.206343,0.468712
1588,0.0496219,0.124307,0.206283,0.468533
1589,0.0496531,0.124283,0.206223,0.468353
1590,0.0496844,0.12426,0.206164,0.468174
1591,0.0497156,0.124236,0.206104,0.467995
1592,0.0497469,0.124212,0.206044,0.467817
1593,0.0497781,0.124188,0.205985,0.467638
1594,0.0498094,0.124164,0.205925,0.467459
1595,0.0498406,0.12414,0.205866,0.467281
1596,0.0498719,0.124116,0.205806,0.467102
1597,0.0499031,0.124092,0.205747,0.466924
1598,0.0499344,0.124068,0.205688,0.466746
1599,0.0499656,0.124044,0.205628,0.466568
1600,0.0499969,0.12402,0.205569,0.46639
1601,0.0500281,0.123997,0.20551,0.466212
1602,0.0500594,0.123973,0.20545,0.466034
1603,0.0500906,0.123949,0.205391,0.465856
1604,0.0501219,0.123925,0.205332,0.465679
1605,0.0501531,0.123901,0.205273,0.465501
1606,0.0501844,0.123878,0.205214,0.465324
1607,0.0502156,0.123854,0.205155,0.465147
1608,0.0502469,0.12383,0.205096,0.464969
1609,0.0502781,0.123806,0.205037,0.464792
1610,0.0503094,0.123783,0.204978,0.464615
1611,0.0503406,0.123759,0.204919,0.464438
1612,0.0503719,0.123735,0.204861,0.464262
1613,0.0504031,0.123712,0.204802,0.464085
1614,0.0504343,0.123688,0.204743,0.463908
1615,0.0504656,0.123664,0.204684,0.463732
1616,0.0504968,0.123641,0.204626,0.463556
1617,0.0505281,0.123617,0.204567,0.463379
1618,0.0505593,0.123593,0.204508,0.463203
1619,0.0505906,0.12357,0.20445,0.463027
1620,0.0506218,0.123546,0.204391,0.462851
1621,0.0506531,0.123523,0.204333,0.462675
1622,0.0506843,0.123499,0.204274,0.462499
1623,0.0507156,0.123476,0.204216,0.462324
1624,0.0507468,0.123452,0.204158,0.462148
1625,0.0507781,0.123429,0.204099,0.461973
1626,0.0508093,0.123405,0.204041,0.461797
1627,0.0508406,0.123382,0.203983,0.461622
1628,0.0508718,0.123358,0.203925,0.461447
1629,0.0509031,0.123335,0.203867,0.461272
1630,0.0509343,0.123311,0.203808,0.461097
1631,0.0509656,0.123288,0.20375,0.460922
1632,0.0509968,0.123264,0.203692,0.460747
1633,0.0510281,0.123241,0.203634,0.460572
1634,0.0510593,0.123218,0.203576,0.460398
1635,0.0510906,0.123194,0.203518,0.460223
1636,0.0511218,0.123171,0.20346,0.460049
1637,0.0511531,0.123147,0.203403,0.459875
1638,0.0511843,0.123124,0.203345,0.4597
1639,0.0512155,0.123101,0.203287,0.459526
1640,0.0512468,0.123078,0.203229,0.459352
1641,0.051278,0.123054,0.203172,0.459178
1642,0.0513093,0.123031,0.203114,0.459005
1643,0.0513405,0.123008,0.203056,0.458831
1644,0.0513718,0.122984,0.202999,0.458657
1645,0.051403,0.122961,0.202941,0.458484
1646,0.0514343,0.122938,0.202884,0.45831
1647,0.0514655,0.122915,0.202826,0.458137
1648,0.0514968,0.122891,0.202769,0.457964
1649,0.051528,0.122868,0.202711,0.457791
1650,0.0515593,0.122845,0.202654,0.457618
1651,0.0515905,0.122822,0.202597,0.457445
1652,0.0516218,0.122799,0.202539,0.457272
1653,0.051653,0.122776,0.202482,0.457099
1654,0.0516843,0.122753,0.202425,0.456927
1655,0.0517155,0.122729,0.202368,0.456754
1656,0.0517468,0.122706,0.202311,0.456582
1657,0.051778,0.122683,0.202254,0.456409
1658,0.0518093,0.12266,0.202197,0.456237
1659,0.0518405,0.122637,0.20214,0.456065
1660,0.0518718,0.122614,0.202083,0.455893
1661,0.051903,0.122591,0.202026,0.455721
1662,0.0519343,0.122568,0.201969,0.455549
1663,0.0519655,0.122545,0.201912,0.455377
1664,0.0519968,0.122522,0.201855,0.455206
1665,0.052028,0.122499,0.201798,0.455034
1666,0.0520592,0.122476,0.201742,0.454863
1667,0.0520905,0.122453,0.201685,0.454692
1668,0.0521217,0.12243,0.201628,0.45452
1669,0.052153,0.122407,0.201572,0.454349
1670,0.0521842,0.122384,0.201515,0.454178
1671,0.0522155,0.122361,0.201458,0.454007
1672,0.0522467,0.122338,0.201402,0.453836
1673,0.052278,0.122316,0.201345,0.453665
1674,0.0523092,0.122293,0.201289,0.453495
1675,0.0523405,0.12227,0.201232,0.453324
1676,0.0523717,0.122247,0.201176,0.453154
1677,0.052403,0.122224,0.20112,0.452983
1678,0.0524342,0.122201,0.201063,0.452813
1679,0.0524655,0.122179,0.201007,0.452643
1680,0.0524967,0.122156,0.200951,0.452473
1681,0.052528,0.122133,0.200895,0.452303
1682,0.0525592,0.12211,0.200839,0.452133
1683,0.0525905,0.122088,0.200782,0.451963
1684,0.0526217,0.122065,0.200726,0.451793
1685,0.052653,0.122042,0.20067,0.451624
1686,0.0526842,0.122019,0.200614,0.451454
1687,0.0527155,0.121997,0.200558,0.451285
1688,0.0527467,0.121974,0.200502,0.451116
1689,0.052778,0.121951,0.200446,0.450946
1690,0.0528092,0.121929,0.200391,0.450777
1691,0.0528404,0.121906,0.200335,0.450608
1692,0.0528717,0.121883,0.200279,0.450439
1693,0.0529029,0.121861,0.200223,0.45027
1694,0.0529342,0.121838,0.200167,0.450102
1695,0.0529654,0.121815,0.200112,0.449933
1696,0.0529967,0.121793,0.200056,0.449764
1697,0.0530279,0.12177,0.2,0.449596
1698,0.0530592,0.121748,0.199945,0.449428
1699,0.0530904,0.121725,0.199889,0.449259
1700,0.0531217,0.121703,0.199834,0.449091
1701,0.0531529,0.12168,0.199778,0.448923
1702,0.0531842,0.121658,0.199723,0.448755
1703,0.0532154,0.121635,0.199668,0.448587
1704,0.0532467,0.121613,0.199612,0.448419
1705,0.0532779,0.12159,0.199557,0.448252
1706,0.0533092,0.121568,0.199502,0.448084
1707,0.0533404,0.121545,0.199446,0.447917
1708,0.0533717,0.121523,0.199391,0.447749
1709,0.0534029,0.1215,0.199336,0.447582
1710,0.0534342,0.121478,0.199281,0.447415
1711,0.0534654,0.121456,0.199226,0.447247
1712,0.0534967,0.121433,0.199171,0.44708
1713,0.0535279,0.121411,0.199115,0.446913
1714,0.0535592,0.121388,0.19906,0.446747
1715,0.0535904,0.121366,0.199006,0.44658
1716,0.0536216,0.121344,0.198951,0.446413
1717,0.0536529,0.121321,0.198896,0.446247
1718,0.0536841,0.121299,0.198841,0.44608
1719,0.0537154,0.121277,0.198786,0.445914
1720,0.0537466,0.121255,0.198731,0.445747
1721,0.0537779,0.121232,0.198676,0.445581
1722,0.0538091,0.12121,0.198622,0.445418
1723,0.0538404,0.121188,0.198567,0.445257
1724,0.0538716,0.121165,0.198512,0.445096
1725,0.0539029,0.121143,0.198458,0.444935
1726,0.0539341,0.121121,0.198403,0.444775
1727,0.0539654,0.121099,0.198349,0.444614
1728,0.0539966,0.121077,0.198294,0.444453
1729,0.0540279,0.121054,0.19824,0.444293
1730,0.0540591,0.121032,0.198185,0.444132
1731,0.0540904,0.12101,0.198131,0.443972
1732,0.0541216,0.120988,0.198076,0.443812
1733,0.0541529,0.120966,0.198022,0.443652
1734,0.0541841,0.120944,0.197968,0.443491
1735,0.0542154,0.120922,0.197913,0.443331
1736,0.0542466,0.1209,0.197859,0.443171
1737,0.0542779,0.120877,0.197805,0.443012
1738,0.0543091,0.120855,0.197751,0.442852
1739,0.0543404,0.120833,0.197697,0.442692
1740,0.0543716,0.120811,0.197643,0.442533
1741,0.0544028,0.120789,0.197589,0.442373
1742,0.0544341,0.120767,0.197535,0.442214
1743,0.0544653,0.120745,0.197481,0.442054
1744,0.0544966,0.120723,0.197427,0.441895
1745,0.0545278,0.120701,0.197373,0.441736
1746,0.0545591,0.120679,0.197319,0.441577
1747,0.0545903,0.120657,0.197265,0.441418
1748,0.0546216,0.120635,0.197211,0.441259
1749,0.0546528,0.120613,0.197157,0.4411
1750,0.0546841,0.120591,0.197104,0.440941
1751,0.0547153,0.12057,0.19705,0.440783
1752,0.0547466,0.120548,0.196996,0.440624
1753,0.0547778,0.120526,0.196942,0.440466
1754,0.0548091,0.120504,0.196889,0.440307
1755,0.0548403,0.120482,0.196835,0.440149
1756,0.0548716,0.12046,0.196782,0.439991
1757,0.0549028,0.120438,0.196728,0.439833
1758,0.0549341,0.120417,0.196675,0.439675
1759,0.0549653,0.120395,0.196621,0.439517
1760,0.0549966,0.120373,0.196568,0.439359
1761,0.0550278,0.120351,0.196514,0.439201
1762,0.0550591,0.120329,0.196461,0.439043
1763,0.0550903,0.120308,0.196408,0.438885
1764,0.0551216,0.120286,0.196355,0.438728
1765,0.0551528,0.120264,0.196301,0.43857
1766,0.0551841,0.120242,0.196248,0.438413
1767,0.0552153,0.120221,0.196195,0.438256
1768,0.0552465,0.120199,0.196142,0.438099
1769,0.0552778,0.120177,0.196089,0.437941
1770,0.055309,0.120155,0.196036,0.437784
1771,0.0553403,0.120134,0.195983,0.437627
1772,0.0553715,0.120112,0.195929,0.437471
1773,0.0554028,0.12009,0.195877,0.437314
1774,0.055434,0.120069,0.195824,0.437157
1775,0.0554653,0.120047,0.195771,0.437
1776,0.0554965,0.120026,0.195718,0.436844
1777,0.0555278,0.120004,0.195665,0.436687
1778,0.055559,0.119982,0.195612,0.436531
1779,0.0555903,0.119961,0.195559,0.436375
1780,0.0556215,0.119939,0.195507,0.436219
1781,0.0556528,0.119918,0.195454,0.436062
1782,0.055684,0.119896,0.195401,0.435906
1783,0.0557153,0.119875,0.195349,0.43575
1784,0.0557465,0.119853,0.195296,0.435595
1785,0.0557778,0.119832,0.195243,0.435439
1786,0.055809,0.11981,0.195191,0.435283
1787,0.0558403,0.119789,0.195138,0.435127
1788,0.0558715,0.119767,0.195086,0.434972
1789,0.0559028,0.119746,0.195033,0.434816
1790,0.055934,0.119724,0.194981,0.434661
1791,0.0559653,0.119703,0.194929,0.434506
1792,0.0559965,0.119681,0.194876,0.434351
1793,0.0560277,0.11966,0.194824,0.434195
1794,0.056059,0.119638,0.194772,0.43404
1795,0.0560902,0.119617,0.194719,0.433885
1796,0.0561215,0.119596,0.194667,0.433731
1797,0.0561527,0.119574,0.194615,0.433576
1798,0.056184,0.119553,0.194563,0.433421
1799,0.0562152,0.119532,0.194511,0.433266
1800,0.0562465,0.11951,0.194459,0.433112
1801,0.0562777,0.119489,0.194407,0.432957
1802,0.056309,0.119468,0.194355,0.432803
1803,0.0563402,0.119446,0.194303,0.432649
1804,0.0563715,0.119425,0.194251,0.432495
1805,0.0564027,0.119404,0.194199,0.43234
1806,0.056434,0.119382,0.194147,0.432186
1807,0.0564652,0.119361,0.194095,0.432032
1808,0.0564965,0.11934,0.194043,0.431879
1809,0.0565277,0.119319,0.193991,0.431725
1810,0.056559,0.119297,0.19394,0.431571
1811,0.0565902,0.119276,0.193888,0.431417
1812,0.0566215,0.119255,0.193836,0.431264
1813,0.0566527,0.119234,0.193784,0.43111
1814,0.056684,0.119213,0.193733,0.430957
1815,0.0567152,0.119191,0.193681,0.430804
1816,0.0567465,0.11917,0.19363,0.43065
1817,0.0567777,0.119149,0.193578,0.430497
1818,0.0568089,0.119128,0.193527,0.430344
1819,0.0568402,0.119107,0.193475,0.430191
1820,0.0568714,0.119086,0.193424,0.430038
1821,0.0569027,0.119065,0.193372,0.429886
1822,0.0569339,0.119044,0.193321,0.429733
1823,0.0569652,0.119022,0.19327,0.42958
1824,0.0569964,0.119001,0.193218,0.429428
1825,0.0570277,0.11898,0.193167,0.429275
1826,0.0570589,0.118959,0.193116,0.429123
1827,0.0570902,0.118938,0.193065,0.42897
1828,0.0571214,0.118917,0.193013,0.428818
1829,0.0571527,0.118896,0.192962,0.428666
1830,0.0571839,0.118875,0.192911,0.428514
1831,0.0572152,0.118854,0.19286,0.428362
1832,0.0572464,0.118833,0.192809,0.42821
1833,0.0572777,0.118812,0.192758,0.428058
1834,0.0573089,0.118791,0.192707,0.427906
1835,0.0573402,0.11877,0.192656,0.427755
1836,0.0573714,0.118749,0.192605,0.427603
1837,0.0574027,0.118729,0.192554,0.427452
1838,0.0574339,0.118708,0.192503,0.4273
1839,0.0574652,0.118687,0.192452,0.427149
1840,0.0574964,0.118666,0.192402,0.426997
1841,0.0575277,0.118645,0.192351,0.426846
1842,0.0575589,0.118624,0.1923,0.426695
1843,0.0575902,0.118603,0.192249,0.426544
1844,0.0576214,0.118582,0.192199,0.426393
1845,0.0576526,0.118562,0.192148,0.426242
1846,0.0576839,0.118541,0.192097,0.426091
1847,0.0577151,0.11852,0.192047,0.425941
1848,0.0577464,0.118499,0.191996,0.42579
1849,0.0577776,0.118478,0.191946,0.42564
1850,0.0578089,0.118457,0.191895,0.425489
1851,0.0578401,0.118437,0.191845,0.425339
1852,0.0578714,0.118416,0.191794,0.425188
1853,0.0579026,0.118395,0.191744,0.425038
1854,0.0579339,0.118374,0.191694,0.424888
1855,0.0579651,0.118354,0.191643,0.424738
1856,0.0579964,0.118333,0.191593,0.424588
1857,0.0580276,0.118312,0.191543,0.424438
1858,0.0580589,0.118292,0.191492,0.424288
1859,0.0580901,0.118271,0.191442,0.424138
1860,0.0581214,0.11825,0.191392,0.423989
1861,0.0581526,0.11823,0.191342,0.423839
1862,0.0581839,0.118209,0.191292,0.42369
1863,0.0582151,0.118188,0.191242,0.42354
1864,0.0582464,0.118168,0.191191,0.423391
1865,0.0582776,0.118147,0.191141,0.423242
1866,0.0583089,0.118126,0.191091,0.423092
1867,0.0583401,0.118106,0.191041,0.422943
1868,0.0583714,0.118085,0.190991,0.422794
1869,0.0584026,0.118065,0.190942,0.422645
1870,0.0584338,0.118044,0.190892,0.422496
1871,0.0584651,0.118024,0.190842,0.422348
1872,0.0584963,0.118003,0.190792,0.422199
1873,0.0585276,0.117983,0.190742,0.42205
1874,0.0585588,0.117962,0.190692,0.421902
1875,0.0585901,0.117941,0.190643,0.421753
1876,0.0586213,0.117921,0.190593,0.421605
1877,0.0586526,0.1179,0.190543,0.421457
1878,0.0586838,0.11788,0.190494,0.421308
1879,0.0587151,0.11786,0.190444,0.42116
1880,0.0587463,0.117839,0.190395,0.421012
1881,0.0587776,0.117819,0.190345,0.420864
1882,0.0588088,0.117798,0.190295,0.420716
1883,0.0588401,0.117778,0.190246,0.420568
1884,0.0588713,0.117757,0.190197,0.42042
1885,0.0589026,0.117737,0.190147,0.420273
1886,0.0589338,0.117717,0.190098,0.420125
1887,0.0589651,0.117696,0.190048,0.419978
1888,0.0589963,0.117676,0.189999,0.41983
1889,0.0590276,0.117655,0.18995,0.419683
1890,0.0590588,0.117635,0.1899,0.41954
1891,0.0590901,0.117615,0.189851,0.419397
1892,0.0591213,0.117594,0.189802,0.419255
1893,0.0591526,0.117574,0.189753,0.419112
1894,0.0591838,0.117554,0.189704,0.418969
1895,0.059215,0.117533,0.189654,0.418826
1896,0.0592463,0.117513,0.189605,0.418684
1897,0.0592775,0.117493,0.189556,0.418541
1898,0.0593088,0.117473,0.189507,0.418399
1899,0.05934,0.117452,0.189458,0.418256
1900,0.0593713,0.117432,0.189409,0.418114
1901,0.0594025,0.117412,0.18936,0.417972
1902,0.0594338,0.117392,0.189311,0.41783
1903,0.059465,0.117371,0.189262,0.417688
1904,0.0594963,0.117351,0.189214,0.417545
1905,0.0595275,0.117331,0.189165,0.417404
1906,0.0595588,0.117311,0.189116,0.417262
1907,0.05959,0.117291,0.189067,0.41712
1908,0.0596213,0.117271,0.189018,0.416978
1909,0.0596525,0.11725,0.18897,0.416836
1910,0.0596838,0.11723,0.188921,0.416695
1911,0.059715,0.11721,0.188872,0.416553
1912,0.0597463,0.11719,0.188824,0.416412
1913,0.0597775,0.11717,0.188775,0.416271
1914,0.0598088,0.11715,0.188727,0.416129
1915,0.05984,0.11713,0.188678,0.415988
1916,0.0598713,0.11711,0.188629,0.415847
1917,0.0599025,0.11709,0.188581,0.415706
1918,0.0599338,0.117069,0.188533,0.415565
1919,0.059965,0.117049,0.188484,0.415424
1920,0.0599963,0.117029,0.188436,0.415283
1921,0.0600275,0.117009,0.188387,0.415142
1922,0.0600587,0.116989,0.188339,0.415001
1923,0.06009,0.116969,0.188291,0.414861
1924,0.0601212,0.116949,0.188242,0.41472
1925,0.0601525,0.116929,0.188194,0.41458
1926,0.0601837,0.116909,0.188146,0.414439
1927,0.060215,0.116889,0.188098,0.414299
1928,0.0602462,0.116869,0.18805,0.414158
1929,0.0602775,0.116849,0.188001,0.414018
1930,0.0603087,0.11683,0.187953,0.413878
1931,0.06034,0.11681,0.187905,0.413738
1932,0.0603712,0.11679,0.187857,0.413598
1933,0.0604025,0.11677,0.187809,0.413458
1934,0.0604337,0.11675,0.187761,0.413318
1935,0.060465,0.11673,0.187713,0.413178
1936,0.0604962,0.11671,0.187665,0.413038
1937,0.0605275,0.11669,0.187617,0.412899
1938,0.0605587,0.11667,0.187569,0.412759
1939,0.06059,0.116651,0.187522,0.41262
1940,0.0606212,0.116631,0.187474,0.41248
1941,0.0606525,0.116611,0.187426,0.412341
1942,0.0606837,0.116591,0.187378,0.412201
1943,0.060715,0.116571,0.18733,0.412062
1944,0.0607462,0.116551,0.187283,0.411923
1945,0.0607775,0.116532,0.187235,0.411784
1946,0.0608087,0.116512,0.187187,0.411645
1947,0.0608399,0.116492,0.18714,0.411506
1948,0.0608712,0.116472,0.187092,0.411367
1949,0.0609024,0.116453,0.187045,0.411228
1950,0.0609337,0.116433,0.186997,0.411089
1951,0.0609649,0.116413,0.18695,0.410951
1952,0.0609962,0.116393,0.186902,0.410812
1953,0.0610274,0.116374,0.186855,0.410674
1954,0.0610587,0.116354,0.186807,0.410535
1955,0.0610899,0.116334,0.18676,0.410397
1956,0.0611212,0.116315,0.186712,0.410258
1957,0.0611524,0.116295,0.186665,0.41012
1958,0.0611837,0.116275,0.186618,0.409982
1959,0.0612149,0.116256,0.18657,0.409844
1960,0.0612462,0.116236,0.186523,0.409706
1961,0.0612774,0.116217,0.186476,0.409568
1962,0.0613087,0.116197,0.186429,0.40943
1963,0.0613399,0.116177,0.186382,0.409292
1964,0.0613712,0.116158,0.186334,0.409154
1965,0.0614024,0.116138,0.186287,0.409016
1966,0.0614337,0.116119,0.18624,0.408879
1967,0.0614649,0.116099,0.186193,0.408741
1968,0.0614962,0.116079,0.186146,0.408604
1969,0.0615274,0.11606,0.186099,0.408466
1970,0.0615587,0.11604,0.186052,0.408329
1971,0.0615899,0.116021,0.186005,0.408192
1972,0.0616211,0.116001,0.185958,0.408054
1973,0.0616524,0.115982,0.185911,0.407917
1974,0.0616836,0.115962,0.185864,0.40778
1975,0.0617149,0.115943,0.185818,0.407643
1976,0.0617461,0.115923,0.185771,0.407506
1977,0.0617774,0.115904,0.185724,0.407369
1978,0.0618086,0.115884,0.185677,0.407232
1979,0.0618399,0.115865,0.185631,0.407096
1980,0.0618711,0.115846,0.185584,0.406959
1981,0.0619024,0.115826,0.185537,0.406822
1982,0.0619336,0.115807,0.185491,0.406686
1983,0.0619649,0.115787,0.185444,0.406549
1984,0.0619961,0.115768,0.185397,0.406413
1985,0.0620274,0.115748,0.185351,0.406277
1986,0.0620586,0.115729,0.185304,0.40614
1987,0.0620899,0.11571,0.185258,0.406004
1988,0.0621211,0.11569,0.185211,0.405868
1989,0.0621524,0.115671,0.185165,0.405732
1990,0.0621836,0.115652,0.185118,0.405596
1991,0.0622149,0.115632,0.185072,0.40546
1992,0.0622461,0.115613,0.185025,0.405324
1993,0.0622774,0.115594,0.184979,0.405188
1994,0.0623086,0.115574,0.184933,0.405053
1995,0.0623399,0.115555,0.184887,0.404917
1996,0.0623711,0.115536,0.18484,0.404782
1997,0.0624023,0.115517,0.184794,0.404646
1998,0.0624336,0.115497,0.184748,0.404511
1999,0.0624648,0.115478,0.184702,0.404375
2000,0.0624961,0.115459,0.184655,0.40424
2001,0.0625273,0.11544,0.184609,0.404105
2002,0.0625586,0.11542,0.184563,0.403969
2003,0.0625898,0.115401,0.184517,0.403834
2004,0.0626211,0.115382,0.184471,0.403699
2005,0.0626523,0.115363,0.184425,0.403564
2006,0.0626836,0.115344,0.184379,0.403429
2007,0.0627148,0.115324,0.184333,0.403295
2008,0.0627461,0.115305,0.184287,0.40316
2009,0.0627773,0.115286,0.184241,0.403025
2010,0.0628086,0.115267,0.184195,0.402891
2011,0.0628398,0.115248,0.184149,0.402756
2012,0.0628711,0.115229,0.184104,0.402621
2013,0.0629023,0.11521,0.184058,0.402487
2014,0.0629336,0.11519,0.184012,0.402353
2015,0.0629648,0.115171,0.183966,0.402218
2016,0.0629961,0.115152,0.18392,0.402084
2017,0.0630273,0.115133,0.183875,0.40195
2018,0.0630586,0.115114,0.183829,0.401816
2019,0.0630898,0.115095,0.183783,0.401682
2020,0.0631211,0.115076,0.183738,0.401548
2021,0.0631523,0.115057,0.183692,0.401414
2022,0.0631836,0.115038,0.183647,0.40128
2023,0.0632148,0.115019,0.183601,0.401147
2024,0.063246,0.115,0.183556,0.401013
2025,0.0632773,0.114981,0.18351,0.400879
2026,0.0633085,0.114962,0.183465,0.400746
2027,0.0633398,0.114943,0.183419,0.400612
2028,0.063371,0.114924,0.183374,0.400479
2029,0.0634023,0.114905,0.183328,0.400345
2030,0.0634335,0.114886,0.183283,0.400212
2031,0.0634648,0.114867,0.183238,0.400079
2032,0.063496,0.114848,0.183192,0.399946
2033,0.0635273,0.114829,0.183147,0.399813
2034,0.0635585,0.11481,0.183102,0.39968
2035,0.0635898,0.114791,0.183057,0.399547
2036,0.063621,0.114772,0.183011,0.399414
2037,0.0636523,0.114754,0.182966,0.399281
2038,0.0636835,0.114735,0.182921,0.399148
2039,0.0637148,0.114716,0.182876,0.399016
2040,0.063746,0.114697,0.182831,0.398883
2041,0.0637773,0.114678,0.182786,0.39875
2042,0.0638085,0.114659,0.182741,0.398618
2043,0.0638398,0.11464,0.182696,0.398486
2044,0.063871,0.114622,0.182651,0.398353
2045,0.0639023,0.114603,0.182606,0.398221
2046,0.0639335,0.114584,0.182561,0.398089
2047,0.0639648,0.114565,0.182516,0.397957
2048,0.063996,0.114546,0.182471,0.397825
2049,0.0640272,0.114528,0.182426,0.397693
2050,0.0640585,0.114509,0.182381,0.397561
2051,0.0640897,0.11449,0.182336,0.397429
2052,0.064121,0.114471,0.182291,0.397297
2053,0.0641522,0.114452,0.182247,0.397165
2054,0.0641835,0.114434,0.182202,0.397033
2055,0.0642147,0.114415,0.182157,0.396902
2056,0.064246,0.114396,0.182113,0.39677
2057,0.0642772,0.114378,0.182068,0.396639
2058,0.0643085,0.114359,0.182023,0.396507
2059,0.0643397,0.11434,0.181979,0.396376
2060,0.064371,0.114322,0.181934,0.396245
2061,0.0644022,0.114303,0.181889,0.396113
2062,0.0644335,0.114284,0.181845,0.395985
2063,0.0644647,0.114266,0.1818,0.395857
2064,0.064496,0.114247,0.181756,0.39573
2065,0.0645272,0.114228,0.181711,0.395603
2066,0.0645585,0.11421,0.181667,0.395475
2067,0.0645897,0.114191,0.181623,0.395348
2068,0.064621,0.114172,0.181578,0.395221
2069,0.0646522,0.114154,0.181534,0.395094
2070,0.0646835,0.114135,0.18149,0.394967
2071,0.0647147,0.114117,0.181445,0.39484
2072,0.064746,0.114098,0.181401,0.394713
2073,0.0647772,0.11408,0.181357,0.394587
2074,0.0648084,0.114061,0.181312,0.39446
2075,0.0648397,0.114042,0.181268,0.394333
2076,0.0648709,0.114024,0.181224,0.394207
2077,0.0649022,0.114005,0.18118,0.39408
2078,0.0649334,0.113987,0.181136,0.393954
2079,0.0649647,0.113968,0.181092,0.393827
2080,0.0649959,0.11395,0.181048,0.393701
2081,0.0650272,0.113931,0.181003,0.393574
2082,0.0650584,0.113913,0.180959,0.393448
2083,0.0650897,0.113894,0.180915,0.393322
2084,0.0651209,0.113876,0.180871,0.393196
2085,0.0651522,0.113857,0.180827,0.39307
2086,0.0651834,0.113839,0.180784,0.392944
2087,0.0652147,0.113821,0.18074,0.392818
2088,0.0652459,0.113802,0.180696,0.392692
2089,0.0652772,0.113784,0.180652,0.392566
2090,0.0653084,0.113765,0.180608,0.39244
2091,0.0653397,0.113747,0.180564,0.392315
2092,0.0653709,0.113729,0.18052,0.392189
2093,0.0654022,0.11371,0.180477,0.392063
2094,0.0654334,0.113692,0.180433,0.391938
2095,0.0654647,0.113673,0.180389,0.391812
2096,0.0654959,0.113655,0.180346,0.391687
2097,0.0655272,0.113637,0.180302,0.391562
2098,0.0655584,0.113618,0.180258,0.391436
2099,0.0655897,0.1136,0.180215,0.391311
2100,0.0656209,0.113582,0.180171,0.391186
2101,0.0656521,0.113563,0.180127,0.391061
2102,0.0656834,0.113545,0.180084,0.390936
2103,0.0657146,0.113527,0.18004,0.390811
2104,0.0657459,0.113509,0.179997,0.390686
2105,0.0657771,0.11349,0.179953,0.390561
2106,0.0658084,0.113472,0.17991,0.390436
2107,0.0658396,0.113454,0.179867,0.390311
2108,0.0658709,0.113436,0.179823,0.390187
2109,0.0659021,0.113417,0.17978,0.390062
2110,0.0659334,0.113399,0.179737,0.389938
2111,0.0659646,0.113381,0.179693,0.389813
2112,0.0659959,0.113363,0.17965,0.389689
2113,0.0660271,0.113344,0.179607,0.389564
2114,0.0660584,0.113326,0.179563,0.38944
2115,0.0660896,0.113308,0.17952,0.389316
2116,0.0661209,0.11329,0.179477,0.389191
2117,0.0661521,0.113272,0.179434,0.389067
2118,0.0661834,0.113253,0.179391,0.388943
2119,0.0662146,0.113235,0.179348,0.388819
2120,0.0662459,0.113217,0.179304,0.388695
2121,0.0662771,0.113199,0.179261,0.388571
2122,0.0663084,0.113181,0.179218,0.388447
2123,0.0663396,0.113163,0.179175,0.388323
2124,0.0663709,0.113145,0.179132,0.3882
2125,0.0664021,0.113127,0.179089,0.388076
2126,0.0664333,0.113109,0.179046,0.387952
2127,0.0664646,0.11309,0.179003,0.387829
2128,0.0664958,0.113072,0.17896,0.387705
2129,0.0665271,0.113054,0.178918,0.387582
2130,0.0665583,0.113036,0.178875,0.387458
2131,0.0665896,0.113018,0.178832,0.387335
2132,0.0666208,0.113,0.178789,0.387212
2133,0.0666521,0.112982,0.178746,0.387089
2134,0.0666833,0.112964,0.178704,0.386966
2135,0.0667146,0.112946,0.178661,0.386842
2136,0.0667458,0.112928,0.178618,0.386719
2137,0.0667771,0.11291,0.178575,0.386596
2138,0.0668083,0.112892,0.178533,0.386473
2139,0.0668396,0.112874,0.17849,0.386351
2140,0.0668708,0.112856,0.178447,0.386228
2141,0.0669021,0.112838,0.178405,0.386105
2142,0.0669333,0.11282,0.178362,0.385982
2143,0.0669646,0.112802,0.17832,0.38586
2144,0.0669958,0.112784,0.178277,0.385737
2145,0.0670271,0.112766,0.178235,0.385615
2146,0.0670583,0.112748,0.178192,0.385492
2147,0.0670896,0.112731,0.17815,0.38537
2148,0.0671208,0.112713,0.178107,0.385247
2149,0.0671521,0.112695,0.178065,0.385125
2150,0.0671833,0.112677,0.178023,0.385003
2151,0.0672145,0.112659,0.17798,0.384881
2152,0.0672458,0.112641,0.177938,0.384759
2153,0.067277,0.112623,0.177896,0.384637
2154,0.0673083,0.112605,0.177853,0.384515
2155,0.0673395,0.112588,0.177811,0.384393
2156,0.0673708,0.11257,0.177769,0.384271
2157,0.067402,0.112552,0.177726,0.384149
2158,0.0674333,0.112534,0.177684,0.384027
2159,0.0674645,0.112516,0.177642,0.383906
2160,0.0674958,0.112499,0.1776,0.383784
2161,0.067527,0.112481,0.177558,0.383662
2162,0.0675583,0.112463,0.177516,0.383541
2163,0.0675895,0.112445,0.177474,0.383419
2164,0.0676208,0.112427,0.177432,0.383298
2165,0.067652,0.11241,0.17739,0.383177
2166,0.0676833,0.112392,0.177348,0.383055
2167,0.0677145,0.112374,0.177306,0.382934
2168,0.0677458,0.112356,0.177264,0.382813
2169,0.067777,0.112339,0.177222,0.382692
2170,0.0678083,0.112321,0.17718,0.382571
2171,0.0678395,0.112303,0.177138,0.38245
2172,0.0678708,0.112286,0.177096,0.382329
2173,0.067902,0.112268,0.177054,0.382208
2174,0.0679333,0.11225,0.177012,0.382087
2175,0.0679645,0.112233,0.17697,0.381966
2176,0.0679958,0.112215,0.176929,0.381846
2177,0.068027,0.112197,0.176887,0.381725
2178,0.0680582,0.11218,0.176845,0.381604
2179,0.0680895,0.112162,0.176803,0.381484
2180,0.0681207,0.112144,0.176762,0.381363
2181,0.068152,0.112127,0.17672,0.381243
2182,0.0681832,0.112109,0.176678,0.381122
2183,0.0682145,0.112091,0.176637,0.381002
2184,0.0682457,0.112074,0.176595,0.380882
2185,0.068277,0.112056,0.176554,0.380762
2186,0.0683082,0.112039,0.176512,0.380642
2187,0.0683395,0.112021,0.176471,0.380521
2188,0.0683707,0.112004,0.176429,0.380401
2189,0.068402,0.111986,0.176388,0.380281
2190,0.0684332,0.111968,0.176346,0.380161
2191,0.0684645,0.111951,0.176305,0.380042
2192,0.0684957,0.111933,0.176263,0.379922
2193,0.068527,0.111916,0.176222,0.379802
2194,0.0685582,0.111898,0.176181,0.379682
2195,0.0685895,0.111881,0.176139,0.379563
2196,0.0686207,0.111863,0.176098,0.379443
2197,0.068652,0.111846,0.176057,0.379324
2198,0.0686832,0.111828,0.176015,0.379204
2199,0.0687145,0.111811,0.175974,0.379085
2200,0.0687457,0.111793,0.175933,0.378965
2201,0.068777,0.111776,0.175892,0.378846
2202,0.0688082,0.111758,0.17585,0.378727
2203,0.0688394,0.111741,0.175809,0.378608
2204,0.0688707,0.111724,0.175768,0.378489
2205,0.0689019,0.111706,0.175727,0.37837
2206,0.0689332,0.111689,0.175686,0.378251
2207,0.0689644,0.111671,0.175645,0.378132
2208,0.0689957,0.111654,0.175604,0.378013
2209,0.0690269,0.111637,0.175563,0.377894
2210,0.0690582,0.111619,0.175522,0.377775
2211,0.0690894,0.111602,0.175481,0.377656
2212,0.0691207,0.111584,0.17544,0.377538
2213,0.0691519,0.111567,0.175399,0.377419
2214,0.0691832,0.11155,0.175358,0.3773
2215,0.0692144,0.111532,0.175317,0.377182
2216,0.0692457,0.111515,0.175276,0.377064
2217,0.0692769,0.111498,0.175235,0.376945
2218,0.0693082,0.11148,0.175194,0.376827
2219,0.0693394,0.111463,0.175154,0.376709
2220,0.0693707,0.111446,0.175113,0.37659
2221,0.0694019,0.111428,0.175072,0.376472
2222,0.0694332,0.111411,0.175031,0.376354
2223,0.0694644,0.111394,0.174991,0.376236
2224,0.0694957,0.111377,0.17495,0.376118
2225,0.0695269,0.111359,0.174909,0.376
2226,0.0695582,0.111342,0.174869,0.375882
2227,0.0695894,0.111325,0.174828,0.375764
2228,0.0696206,0.111308,0.174787,0.375647
2229,0.0696519,0.11129,0.174747,0.375529
2230,0.0696831,0.111273,0.174706,0.375411
2231,0.0697144,0.111256,0.174666,0.375294
2232,0.0697456,0.111239,0.174625,0.375176
2233,0.0697769,0.111221,0.174585,0.375058
2234,0.0698081,0.111204,0.174544,0.374941
2235,0.0698394,0.111187,0.174504,0.374824
2236,0.0698706,0.11117,0.174463,0.374706
2237,0.0699019,0.111153,0.174423,0.374589
2238,0.0699331,0.111136,0.174382,0.374472
2239,0.0699644,0.111118,0.174342,0.374355
2240,0.0699956,0.111101,0.174302,0.374241
2241,0.0700269,0.111084,0.174261,0.374127
2242,0.0700581,0.111067,0.174221,0.374014
2243,0.0700894,0.11105,0.174181,0.3739
2244,0.0701206,0.111033,0.174141,0.373786
2245,0.0701519,0.111016,0.1741,0.373672
2246,0.0701831,0.110999,0.17406,0.373559
2247,0.0702144,0.110981,0.17402,0.373445
2248,0.0702456,0.110964,0.17398,0.373332
2249,0.0702769,0.110947,0.17394,0.373218
2250,0.0703081,0.11093,0.173899,0.373105
2251,0.0703394,0.110913,0.173859,0.372992
2252,0.0703706,0.110896,0.173819,0.372878
2253,0.0704018,0.110879,0.173779,0.372765
2254,0.0704331,0.110862,0.173739,0.372652
2255,0.0704643,0.110845,0.173699,0.372539
2256,0.0704956,0.110828,0.173659,0.372426
2257,0.0705268,0.110811,0.173619,0.372313
2258,0.0705581,0.110794,0.173579,0.3722
2259,0.0705893,0.110777,0.173539,0.372087
2260,0.0706206,0.11076,0.173499,0.371974
2261,0.0706518,0.110743,0.173459,0.371861
2262,0.0706831,0.110726,0.17342,0.371748
2263,0.0707143,0.110709,0.17338,0.371636
2264,0.0707456,0.110692,0.17334,0.371523
2265,0.0707768,0.110675,0.1733,0.37141
2266,0.0708081,0.110658,0.17326,0.371298
2267,0.0708393,0.110641,0.173221,0.371185
2268,0.0708706,0.110624,0.173181,0.371073
2269,0.0709018,0.110607,0.173141,0.37096
2270,0.0709331,0.110591,0.173101,0.370848
2271,0.0709643,0.110574,0.173062,0.370736
2272,0.0709956,0.110557,0.173022,0.370623
2273,0.0710268,0.11054,0.172982,0.370511
2274,0.0710581,0.110523,0.172943,0.370399
2275,0.0710893,0.110506,0.172903,0.370287
2276,0.0711206,0.110489,0.172864,0.370175
2277,0.0711518,0.110472,0.172824,0.370063
2278,0.0711831,0.110456,0.172785,0.369951
2279,0.0712143,0.110439,0.172745,0.369839
2280,0.0712455,0.110422,0.172706,0.369727
2281,0.0712768,0.110405,0.172666,0.369615
2282,0.071308,0.110388,0.172627,0.369504
2283,0.0713393,0.110371,0.172587,0.369392
2284,0.0713705,0.110355,0.172548,0.36928
2285,0.0714018,0.110338,0.172508,0.369169
2286,0.071433,0.110321,0.172469,0.369057
2287,0.0714643,0.110304,0.17243,0.368945
2288,0.0714955,0.110288,0.17239,0.368834
2289,0.0715268,0.110271,0.172351,0.368723
2290,0.071558,0.110254,0.172312,0.368611
2291,0.0715893,0.110237,0.172273,0.3685
2292,0.0716205,0.11022,0.172233,0.368389
2293,0.0716518,0.110204,0.172194,0.368277
2294,0.071683,0.110187,0.172155,0.368166
2295,0.0717143,0.11017,0.172116,0.368055
2296,0.0717455,0.110154,0.172077,0.367944
2297,0.0717768,0.110137,0.172037,0.367833
2298,0.071808,0.11012,0.171998,0.367722
2299,0.0718393,0.110104,0.171959,0.367611
2300,0.0718705,0.110087,0.17192,0.3675
2301,0.0719018,0.11007,0.171881,0.36739
2302,0.071933,0.110054,0.171842,0.367279
2303,0.0719643,0.110037,0.171803,0.367168
2304,0.0719955,0.11002,0.171764,0.367058
2305,0.0720267,0.110004,0.171725,0.366947
2306,0.072058,0.109987,0.171686,0.366836
2307,0.0720892,0.10997,0.171647,0.366726
2308,0.0721205,0.109954,0.171608,0.366615
2309,0.0721517,0.109937,0.171569,0.366505
2310,0.072183,0.10992,0.171531,0.366395
2311,0.0722142,0.109904,0.171492,0.366284
2312,0.0722455,0.109887,0.171453,0.366174
2313,0.0722767,0.109871,0.171414,0.366064
2314,0.072308,0.109854,0.171375,0.365954
2315,0.0723392,0.109838,0.171337,0.365844
2316,0.0723705,0.109821,0.171298,0.365734
2317,0.0724017,0.109804,0.171259,0.365624
2318,0.072433,0.109788,0.17122,0.365514
2319,0.0724642,0.109771,0.171182,0.365404
2320,0.0724955,0.109755,0.171143,0.365294
2321,0.0725267,0.109738,0.171104,0.365184
2322,0.072558,0.109722,0.171066,0.365074
2323,0.0725892,0.109705,0.171027,0.364965
2324,0.0726205,0.109689,0.170989,0.364855
2325,0.0726517,0.109672,0.17095,0.364745
2326,0.072683,0.109656,0.170911,0.364636
2327,0.0727142,0.109639,0.170873,0.364526
2328,0.0727455,0.109623,0.170834,0.364417
2329,0.0727767,0.109606,0.170796,0.364307
2330,0.0728079,0.10959,0.170758,0.364198
2331,0.0728392,0.109573,0.170719,0.364089
2332,0.0728704,0.109557,0.170681,0.363979
2333,0.0729017,0.109541,0.170642,0.36387
2334,0.0729329,0.109524,0.170604,0.363761
2335,0.0729642,0.109508,0.170566,0.363652
2336,0.0729954,0.109491,0.170527,0.363543
2337,0.0730267,0.109475,0.170489,0.363434
2338,0.0730579,0.109459,0.170451,0.363325
2339,0.0730892,0.109442,0.170412,0.363216
2340,0.0731204,0.109426,0.170374,0.363107
2341,0.0731517,0.109409,0.170336,0.362998
2342,0.0731829,0.109393,0.170298,0.362889
2343,0.0732142,0.109377,0.170259,0.362781
2344,0.0732454,0.10936,0.170221,0.362672
2345,0.0732767,0.109344,0.170183,0.362563
2346,0.0733079,0.109328,0.170145,0.362455
2347,0.0733392,0.109311,0.170107,0.362346
2348,0.0733704,0.109295,0.170069,0.362238
2349,0.0734017,0.109279,0.170031,0.362129
2350,0.0734329,0.109262,0.169993,0.362021
2351,0.0734642,0.109246,0.169955,0.361913
2352,0.0734954,0.10923,0.169917,0.361804
2353,0.0735267,0.109213,0.169879,0.361696
2354,0.0735579,0.109197,0.169841,0.361588
2355,0.0735892,0.109181,0.169803,0.36148
2356,0.0736204,0.109165,0.169765,0.361372
2357,0.0736516,0.109148,0.169727,0.361264
2358,0.0736829,0.109132,0.169689,0.361156
2359,0.0737141,0.109116,0.169651,0.361048
2360,0.0737454,0.1091,0.169613,0.36094
2361,0.0737766,0.109083,0.169575,0.360832
2362,0.0738079,0.109067,0.169537,0.360724
2363,0.0738391,0.109051,0.1695,0.360616
2364,0.0738704,0.109035,0.169462,0.360509
2365,0.0739016,0.109019,0.169424,0.360401
2366,0.0739329,0.109002,0.169386,0.360293
2367,0.0739641,0.108986,0.169349,0.360186
2368,0.0739954,0.10897,0.169311,0.360078
2369,0.0740266,0.108954,0.169273,0.359971
2370,0.0740579,0.108938,0.169236,0.359863
2371,0.0740891,0.108922,0.169198,0.359756
2372,0.0741204,0.108905,0.16916,0.359649
2373,0.0741516,0.108889,0.169123,0.359541
2374,0.0741829,0.108873,0.169085,0.359434
2375,0.0742141,0.108857,0.169048,0.359327
2376,0.0742454,0.108841,0.16901,0.35922
2377,0.0742766,0.108825,0.168973,0.359113
2378,0.0743079,0.108809,0.168935,0.359006
2379,0.0743391,0.108793,0.168898,0.358899
2380,0.0743704,0.108776,0.16886,0.358792
2381,0.0744016,0.10876,0.168823,0.358685
2382,0.0744328,0.108744,0.168785,0.358578
2383,0.0744641,0.108728,0.168748,0.358471
2384,0.0744953,0.108712,0.16871,0.358365
2385,0.0745266,0.108696,0.168673,0.358258
2386,0.0745578,0.10868,0.168636,0.358151
2387,0.0745891,0.108664,0.168598,0.358045
2388,0.0746203,0.108648,0.168561,0.357938
2389,0.0746516,0.108632,0.168524,0.357832
2390,0.0746828,0.108616,0.168486,0.357725
2391,0.0747141,0.1086,0.168449,0.357619
2392,0.0747453,0.108584,0.168412,0.357512
2393,0.0747766,0.108568,0.168375,0.357406
2394,0.0748078,0.108552,0.168338,0.3573
2395,0.0748391,0.108536,0.1683,0.357194
2396,0.0748703,0.10852,0.168263,0.357087
2397,0.0749016,0.108504,0.168226,0.356981
2398,0.0749328,0.108488,0.168189,0.356875
2399,0.0749641,0.108472,0.168152,0.356769
2400,0.0749953,0.108456,0.168115,0.356663
2401,0.0750266,0.10844,0.168078,0.356557
2402,0.0750578,0.108424,0.168041,0.356451
2403,0.0750891,0.108408,0.168004,0.356346
2404,0.0751203,0.108392,0.167967,0.35624
2405,0.0751516,0.108377,0.16793,0.356134
2406,0.0751828,0.108361,0.167893,0.356028
2407,0.075214,0.108345,0.167856,0.355923
2408,0.0752453,0.108329,0.167819,0.355817
2409,0.0752765,0.108313,0.167782,0.355711
2410,0.0753078,0.108297,0.167745,0.355606
2411,0.075339,0.108281,0.167708,0.355501
2412,0.0753703,0.108265,0.167671,0.355395
2413,0.0754015,0.108249,0.167634,0.35529
2414,0.0754328,0.108234,0.167598,0.355184
2415,0.075464,0.108218,0.167561,0.355079
2416,0.0754953,0.108202,0.167524,0.354974
2417,0.0755265,0.108186,0.167487,0.354869
2418,0.0755578,0.10817,0.16745,0.354764
2419,0.075589,0.108154,0.167414,0.354659
2420,0.0756203,0.108139,0.167377,0.354554
2421,0.0756515,0.108123,0.16734,0.354449
2422,0.0756828,0.108107,0.167304,0.354345
2423,0.075714,0.108091,0.167267,0.354243
2424,0.0757453,0.108075,0.16723,0.354141
2425,0.0757765,0.10806,0.167194,0.354039
2426,0.0758078,0.108044,0.167157,0.353937
2427,0.075839,0.108028,0.167121,0.353835
2428,0.0758703,0.108012,0.167084,0.353733
2429,0.0759015,0.107997,0.167048,0.353632
2430,0.0759328,0.107981,0.167011,0.35353
2431,0.075964,0.107965,0.166975,0.353428
2432,0.0759953,0.107949,0.166938,0.353326
2433,0.0760265,0.107934,0.166902,0.353225
2434,0.0760577,0.107918,0.166865,0.353123
2435,0.076089,0.107902,0.166829,0.353022
2436,0.0761202,0.107887,0.166792,0.35292
2437,0.0761515,0.107871,0.166756,0.352818
2438,0.0761827,0.107855,0.16672,0.352717
2439,0.076214,0.10784,0.166683,0.352616
2440,0.0762452,0.107824,0.166647,0.352514
2441,0.0762765,0.107808,0.166611,0.352413
2442,0.0763077,0.107793,0.166574,0.352312
2443,0.076339,0.107777,0.166538,0.35221
2444,0.0763702,0.107761,0.166502,0.352109
2445,0.0764015,0.107746,0.166465,0.352008
2446,0.0764327,0.10773,0.166429,0.351907
2447,0.076464,0.107714,0.166393,0.351806
2448,0.0764952,0.107699,0.166357,0.351705
2449,0.0765265,0.107683,0.166321,0.351604
2450,0.0765577,0.107668,0.166285,0.351503
2451,0.076589,0.107652,0.166248,0.351402
2452,0.0766202,0.107636,0.166212,0.351301
2453,0.0766515,0.107621,0.166176,0.351201
2454,0.0766827,0.107605,0.16614,0.3511
2455,0.076714,0.10759,0.166104,0.350999
2456,0.0767452,0.107574,0.166068,0.350898
2457,0.0767765,0.107558,0.166032,0.350798
2458,0.0768077,0.107543,0.165996,0.350697
2459,0.0768389,0.107527,0.16596,0.350597
2460,0.0768702,0.107512,0.165924,0.350496
2461,0.0769014,0.107496,0.165888,0.350396
2462,0.0769327,0.107481,0.165852,0.350295
2463,0.0769639,0.107465,0.165816,0.350195
2464,0.0769952,0.10745,0.16578,0.350095
2465,0.0770264,0.107434,0.165745,0.349994
2466,0.0770577,0.107419,0.165709,0.349894
2467,0.0770889,0.107403,0.165673,0.349794
2468,0.0771202,0.107388,0.165637,0.349694
2469,0.0771514,0.107372,0.165601,0.349594
2470,0.0771827,0.107357,0.165565,0.349494
2471,0.0772139,0.107341,0.16553,0.349394
2472,0.0772452,0.107326,0.165494,0.349294
2473,0.0772764,0.10731,0.165458,0.349194
2474,0.0773077,0.107295,0.165422,0.349094
2475,0.0773389,0.10728,0.165387,0.348994
2476,0.0773702,0.107264,0.165351,0.348894
2477,0.0774014,0.107249,0.165315,0.348794
2478,0.0774327,0.107233,0.16528,0.348695
2479,0.0774639,0.107218,0.165244,0.348595
2480,0.0774952,0.107203,0.165209,0.348495
2481,0.0775264,0.107187,0.165173,0.348396
2482,0.0775577,0.107172,0.165137,0.348296
2483,0.0775889,0.107156,0.165102,0.348197
2484,0.0776201,0.107141,0.165066,0.348097
2485,0.0776514,0.107126,0.165031,0.347998
2486,0.0776826,0.10711,0.164995,0.347898
2487,0.0777139,0.107095,0.16496,0.347799
2488,0.0777451,0.10708,0.164924,0.3477
2489,0.0777764,0.107064,0.164889,0.347601
2490,0.0778076,0.107049,0.164854,0.347501
2491,0.0778389,0.107034,0.164818,0.347402
2492,0.0778701,0.107018,0.164783,0.347303
2493,0.0779014,0.107003,0.164747,0.347204
2494,0.0779326,0.106988,0.164712,0.347105
2495,0.0779639,0.106972,0.164677,0.347006
2496,0.0779951,0.106957,0.164641,0.346907
2497,0.0780264,0.106942,0.164606,0.346808
2498,0.0780576,0.106926,0.164571,0.346709
2499,0.0780889,0.106911,0.164535,0.34661
2500,0.0781201,0.106896,0.1645,0.346512
2501,0.0781514,0.106881,0.164465,0.346413
2502,0.0781826,0.106865,0.16443,0.346314
2503,0.0782139,0.10685,0.164395,0.346215
2504,0.0782451,0.106835,0.164359,0.346117
2505,0.0782764,0.10682,0.164324,0.346018
2506,0.0783076,0.106804,0.164289,0.34592
2507,0.0783389,0.106789,0.164254,0.345821
2508,0.0783701,0.106774,0.164219,0.345723
2509,0.0784013,0.106759,0.164184,0.345624
2510,0.0784326,0.106743,0.164149,0.345526
2511,0.0784638,0.106728,0.164114,0.345428
2512,0.0784951,0.106713,0.164079,0.345329
2513,0.0785263,0.106698,0.164044,0.345231
2514,0.0785576,0.106683,0.164009,0.345133
2515,0.0785888,0.106668,0.163974,0.345035
2516,0.0786201,0.106652,0.163939,0.344937
2517,0.0786513,0.106637,0.163904,0.344839
2518,0.0786826,0.106622,0.163869,0.344741
2519,0.0787138,0.106607,0.163834,0.344643
2520,0.0787451,0.106592,0.163799,0.344545
2521,0.0787763,0.106577,0.163764,0.344447
2522,0.0788076,0.106562,0.163729,0.344349
2523,0.0788388,0.106546,0.163694,0.344251
2524,0.0788701,0.106531,0.163659,0.344153
2525,0.0789013,0.106516,0.163625,0.344055
2526,0.0789326,0.106501,0.16359,0.343958
2527,0.0789638,0.106486,0.163555,0.34386
2528,0.0789951,0.106471,0.16352,0.343762
2529,0.0790263,0.106456,0.163486,0.343665
2530,0.0790576,0.106441,0.163451,0.343567
2531,0.0790888,0.106426,0.163416,0.34347
2532,0.0791201,0.106411,0.163381,0.343372
2533,0.0791513,0.106396,0.163347,0.343275
2534,0.0791826,0.10638,0.163312,0.343178
2535,0.0792138,0.106365,0.163278,0.34308
2536,0.079245,0.10635,0.163243,0.342983
2537,0.0792763,0.106335,0.163208,0.342886
2538,0.0793075,0.10632,0.163174,0.342789
2539,0.0793388,0.106305,0.163139,0.342691
2540,0.07937,0.10629,0.163105,0.342594
2541,0.0794013,0.106275,0.16307,0.342497
2542,0.0794325,0.10626,0.163035,0.3424
2543,0.0794638,0.106245,0.163001,0.342303
2544,0.079495,0.10623,0.162967,0.342206
2545,0.0795263,0.106215,0.162932,0.342109
2546,0.0795575,0.1062,0.162898,0.342012
2547,0.0795888,0.106185,0.162863,0.341916
2548,0.07962,0.10617,0.162829,0.341819
2549,0.0796513,0.106155,0.162794,0.341722
2550,0.0796825,0.106141,0.16276,0.341625
2551,0.0797138,0.106126,0.162726,0.341529
2552,0.079745,0.106111,0.162691,0.341432
2553,0.0797763,0.106096,0.162657,0.341336
2554,0.0798075,0.106081,0.162623,0.341239
2555,0.0798388,0.106066,0.162588,0.341143
2556,0.07987,0.106051,0.162554,0.341046
2557,0.0799013,0.106036,0.16252,0.34095
2558,0.0799325,0.106021,0.162485,0.340853
2559,0.0799638,0.106006,0.162451,0.340757
2560,0.079995,0.105991,0.162417,0.340661
2561,0.0800262,0.105976,0.162383,0.340564
2562,0.0800575,0.105962,0.162349,0.340468
2563,0.0800887,0.105947,0.162314,0.340372
2564,0.08012,0.105932,0.16228,0.340276
2565,0.0801512,0.105917,0.162246,0.34018
2566,0.0801825,0.105902,0.162212,0.340084
2567,0.0802137,0.105887,0.162178,0.339988
2568,0.080245,0.105872,0.162144,0.339892
2569,0.0802762,0.105858,0.16211,0.339796
2570,0.0803075,0.105843,0.162076,0.3397
2571,0.0803387,0.105828,0.162042,0.339604
2572,0.08037,0.105813,0.162008,0.339508
2573,0.0804012,0.105798,0.161974,0.339413
2574,0.0804325,0.105784,0.16194,0.339317
2575,0.0804637,0.105769,0.161906,0.339221
2576,0.080495,0.105754,0.161872,0.339125
2577,0.0805262,0.105739,0.161838,0.33903
2578,0.0805575,0.105724,0.161804,0.338934
2579,0.0805887,0.10571,0.16177,0.338839
2580,0.08062,0.105695,0.161736,0.338743
2581,0.0806512,0.10568,0.161702,0.338648
2582,0.0806825,0.105665,0.161668,0.338552
2583,0.0807137,0.105651,0.161635,0.338457
2584,0.080745,0.105636,0.161601,0.338362
2585,0.0807762,0.105621,0.161567,0.338267
2586,0.0808074,0.105606,0.161533,0.338171
2587,0.0808387,0.105592,0.161499,0.338076
2588,0.0808699,0.105577,0.161466,0.337981
2589,0.0809012,0.105562,0.161432,0.337886
2590,0.0809324,0.105548,0.161398,0.337791
2591,0.0809637,0.105533,0.161365,0.337696
2592,0.0809949,0.105518,0.161331,0.337601
2593,0.0810262,0.105504,0.161297,0.337506
2594,0.0810574,0.105489,0.161264,0.337411
2595,0.0810887,0.105474,0.16123,0.337316
2596,0.0811199,0.10546,0.161196,0.337221
2597,0.0811512,0.105445,0.161163,0.337126
2598,0.0811824,0.10543,0.161129,0.337032
2599,0.0812137,0.105416,0.161096,0.336937
2600,0.0812449,0.105401,0.161062,0.336842
2601,0.0812762,0.105386,0.161028,0.336748
2602,0.0813074,0.105372,0.160995,0.336653
2603,0.0813387,0.105357,0.160961,0.336558
2604,0.0813699,0.105342,0.160928,0.336464
2605,0.0814012,0.105328,0.160894,0.336369
2606,0.0814324,0.105313,0.160861,0.336275
2607,0.0814637,0.105299,0.160828,0.336181
2608,0.0814949,0.105284,0.160794,0.336086
2609,0.0815262,0.105269,0.160761,0.335992
2610,0.0815574,0.105255,0.160727,0.3359
2611,0.0815887,0.10524,0.160694,0.335809
2612,0.0816199,0.105226,0.160661,0.335717
2613,0.0816511,0.105211,0.160627,0.335625
2614,0.0816824,0.105197,0.160594,0.335534
2615,0.0817136,0.105182,0.160561,0.335442
2616,0.0817449,0.105168,0.160527,0.33535
2617,0.0817761,0.105153,0.160494,0.335259
2618,0.0818074,0.105138,0.160461,0.335167
2619,0.0818386,0.105124,0.160428,0.335076
2620,0.0818699,0.105109,0.160394,0.334984
2621,0.0819011,0.105095,0.160361,0.334893
2622,0.0819324,0.10508,0.160328,0.334802
2623,0.0819636,0.105066,0.160295,0.33471
2624,0.0819949,0.105051,0.160262,0.334619
2625,0.0820261,0.105037,0.160228,0.334528
2626,0.0820574,0.105022,0.160195,0.334436
2627,0.0820886,0.105008,0.160162,0.334345
2628,0.0821199,0.104994,0.160129,0.334254
2629,0.0821511,0.104979,0.160096,0.334163
2630,0.0821824,0.104965,0.160063,0.334072
2631,0.0822136,0.10495,0.16003,0.333981
2632,0.0822449,0.104936,0.159997,0.33389
2633,0.0822761,0.104921,0.159964,0.333799
2634,0.0823074,0.104907,0.159931,0.333708
2635,0.0823386,0.104892,0.159898,0.333617
2636,0.0823699,0.104878,0.159865,0.333526
2637,0.0824011,0.104864,0.159832,0.333435
2638,0.0824323,0.104849,0.159799,0.333345
2639,0.0824636,0.104835,0.159766,0.333254
2640,0.0824948,0.10482,0.159733,0.333163
2641,0.0825261,0.104806,0.1597,0.333072
2642,0.0825573,0.104792,0.159667,0.332982
2643,0.0825886,0.104777,0.159634,0.332891
2644,0.0826198,0.104763,0.159602,0.332801
2645,0.0826511,0.104748,0.159569,0.33271
2646,0.0826823,0.104734,0.159536,0.33262
2647,0.0827136,0.10472,0.159503,0.332529
2648,0.0827448,0.104705,0.15947,0.332439
2649,0.0827761,0.104691,0.159438,0.332348
2650,0.0828073,0.104677,0.159405,0.332258
2651,0.0828386,0.104662,0.159372,0.332168
2652,0.0828698,0.104648,0.159339,0.332077
2653,0.0829011,0.104634,0.159307,0.331987
2654,0.0829323,0.104619,0.159274,0.331897
2655,0.0829636,0.104605,0.159241,0.331807
2656,0.0829948,0.104591,0.159209,0.331717
2657,0.0830261,0.104576,0.159176,0.331627
2658,0.0830573,0.104562,0.159143,0.331537
2659,0.0830886,0.104548,0.159111,0.331447
2660,0.0831198,0.104534,0.159078,0.331357
2661,0.0831511,0.104519,0.159046,0.331267
2662,0.0831823,0.104505,0.159013,0.331177
2663,0.0832135,0.104491,0.15898,0.331087
2664,0.0832448,0.104477,0.158948,0.330997
2665,0.083276,0.104462,0.158915,0.330907
2666,0.0833073,0.104448,0.158883,0.330818
2667,0.0833385,0.104434,0.15885,0.330728
2668,0.0833698,0.10442,0.158818,0.330638
2669,0.083401,0.104405,0.158785,0.330548
2670,0.0834323,0.104391,0.158753,0.330459
2671,0.0834635,0.104377,0.158721,0.330369
2672,0.0834948,0.104363,0.158688,0.33028
2673,0.083526,0.104348,0.158656,0.33019
2674,0.0835573,0.104334,0.158623,0.330101
2675,0.0835885,0.10432,0.158591,0.330011
2676,0.0836198,0.104306,0.158559,0.329922
2677,0.083651,0.104292,0.158526,0.329833
2678,0.0836823,0.104278,0.158494,0.329743
2679,0.0837135,0.104263,0.158462,0.329654
2680,0.0837448,0.104249,0.158429,0.329565
2681,0.083776,0.104235,0.158397,0.329476
2682,0.0838073,0.104221,0.158365,0.329386
2683,0.0838385,0.104207,0.158333,0.329297
2684,0.0838698,0.104193,0.1583,0.329208
2685,0.083901,0.104178,0.158268,0.329119
2686,0.0839323,0.104164,0.158236,0.32903
2687,0.0839635,0.10415,0.158204,0.328941
2688,0.0839948,0.104136,0.158172,0.328852
2689,0.084026,0.104122,0.15814,0.328763
2690,0.0840572,0.104108,0.158107,0.328674
2691,0.0840885,0.104094,0.158075,0.328585
2692,0.0841197,0.10408,0.158043,0.328497
2693,0.084151,0.104066,0.158011,0.328408
2694,0.0841822,0.104051,0.157979,0.328319
2695,0.0842135,0.104037,0.157947,0.32823
2696,0.0842447,0.104023,0.157915,0.328142
2697,0.084276,0.104009,0.157883,0.328053
2698,0.0843072,0.103995,0.157851,0.327964
2699,0.0843385,0.103981,0.157819,0.327876
2700,0.0843697,0.103967,0.157787,0.327787
2701,0.084401,0.103953,0.157755,0.327699
2702,0.0844322,0.103939,0.157723,0.32761
2703,0.0844635,0.103925,0.157691,0.327522
2704,0.0844947,0.103911,0.157659,0.327434
2705,0.084526,0.103897,0.157627,0.327345
2706,0.0845572,0.103883,0.157595,0.327257
2707,0.0845885,0.103869,0.157563,0.327169
2708,0.0846197,0.103855,0.157532,0.32708
2709,0.084651,0.103841,0.1575,0.326992
2710,0.0846822,0.103827,0.157468,0.326904
2711,0.0847135,0.103813,0.157436,0.326816
2712,0.0847447,0.103799,0.157404,0.326728
2713,0.084776,0.103785,0.157373,0.32664
2714,0.0848072,0.103771,0.157341,0.326552
2715,0.0848384,0.103757,0.157309,0.326464
2716,0.0848697,0.103743,0.157277,0.326376
2717,0.0849009,0.103729,0.157246,0.326288
2718,0.0849322,0.103715,0.157214,0.3262
2719,0.0849634,0.103701,0.157182,0.326112
2720,0.0849947,0.103687,0.15715,0.326024
2721,0.0850259,0.103673,0.157119,0.325936
2722,0.0850572,0.103659,0.157087,0.325849
2723,0.0850884,0.103645,0.157055,0.325761
2724,0.0851197,0.103632,0.157024,0.325673
2725,0.0851509,0.103618,0.156992,0.325586
2726,0.0851822,0.103604,0.156961,0.325498
2727,0.0852134,0.10359,0.156929,0.325411
2728,0.0852447,0.103576,0.156897,0.325323
2729,0.0852759,0.103562,0.156866,0.325235
2730,0.0853072,0.103548,0.156834,0.325148
2731,0.0853384,0.103534,0.156803,0.325061
2732,0.0853697,0.10352,0.156771,0.324973
2733,0.0854009,0.103507,0.15674,0.324886
2734,0.0854322,0.103493,0.156708,0.324799
2735,0.0854634,0.103479,0.156677,0.324711
2736,0.0854947,0.103465,0.156646,0.324624
2737,0.0855259,0.103451,0.156614,0.324537
2738,0.0855572,0.103437,0.156583,0.32445
2739,0.0855884,0.103424,0.156551,0.324362
2740,0.0856196,0.10341,0.15652,0.324275
2741,0.0856509,0.103396,0.156488,0.324188
2742,0.0856821,0.103382,0.156457,0.324101
2743,0.0857134,0.103368,0.156426,0.324014
2744,0.0857446,0.103354,0.156394,0.323927
2745,0.0857759,0.103341,0.156363,0.32384
2746,0.0858071,0.103327,0.156332,0.323753
2747,0.0858384,0.103313,0.156301,0.323667
2748,0.0858696,0.103299,0.156269,0.32358
2749,0.0859009,0.103285,0.156238,0.323493
2750,0.0859321,0.103272,0.156207,0.323406
2751,0.0859634,0.103258,0.156176,0.323319
2752,0.0859946,0.103244,0.156144,0.323233
2753,0.0860259,0.10323,0.156113,0.323146
2754,0.0860571,0.103217,0.156082,0.32306
2755,0.0860884,0.103203,0.156051,0.322973
2756,0.0861196,0.103189,0.15602,0.322886
2757,0.0861509,0.103175,0.155989,0.3228
2758,0.0861821,0.103162,0.155957,0.322713
2759,0.0862134,0.103148,0.155926,0.322627
2760,0.0862446,0.103134,0.155895,0.322541
2761,0.0862759,0.103121,0.155864,0.322454
2762,0.0863071,0.103107,0.155833,0.322368
2763,0.0863384,0.103093,0.155802,0.322282
2764,0.0863696,0.10308,0.155771,0.322195
2765,0.0864008,0.103066,0.15574,0.322109
2766,0.0864321,0.103052,0.155709,0.322023
2767,0.0864633,0.103038,0.155678,0.321937
2768,0.0864946,0.103025,0.155647,0.321851
2769,0.0865258,0.103011,0.155616,0.321764
2770,0.0865571,0.102997,0.155585,0.321678
2771,0.0865883,0.102984,0.155554,0.321592
2772,0.0866196,0.10297,0.155523,0.321506
2773,0.0866508,0.102957,0.155492,0.32142
2774,0.0866821,0.102943,0.155461,0.321334
2775,0.0867133,0.102929,0.15543,0.321249
2776,0.0867446,0.102916,0.1554,0.321163
2777,0.0867758,0.102902,0.155369,0.321077
2778,0.0868071,0.102888,0.155338,0.320991
2779,0.0868383,0.102875,0.155307,0.320905
2780,0.0868696,0.102861,0.155276,0.32082
2781,0.0869008,0.102848,0.155246,0.320734
2782,0.0869321,0.102834,0.155215,0.320648
2783,0.0869633,0.10282,0.155184,0.320563
2784,0.0869946,0.102807,0.155153,0.320477
2785,0.0870258,0.102793,0.155122,0.320392
2786,0.0870571,0.10278,0.155092,0.320306
2787,0.0870883,0.102766,0.155061,0.320221
2788,0.0871196,0.102752,0.15503,0.320135
2789,0.0871508,0.102739,0.155,0.32005
2790,0.0871821,0.102725,0.154969,0.319964
2791,0.0872133,0.102712,0.154938,0.319879
2792,0.0872445,0.102698,0.154908,0.319794
2793,0.0872758,0.102685,0.154877,0.319709
2794,0.087307,0.102671,0.154846,0.319623
2795,0.0873383,0.102658,0.154816,0.319538
2796,0.0873695,0.102644,0.154785,0.319453
2797,0.0874008,0.102631,0.154755,0.319368
2798,0.087432,0.102617,0.154724,0.319283
2799,0.0874633,0.102604,0.154694,0.319198
2800,0.0874945,0.10259,0.154663,0.319113
2801,0.0875258,0.102577,0.154633,0.319028
2802,0.087557,0.102563,0.154602,0.318944
2803,0.0875883,0.10255,0.154572,0.318861
2804,0.0876195,0.102536,0.154541,0.318778
2805,0.0876508,0.102523,0.154511,0.318696
2806,0.087682,0.102509,0.15448,0.318613
2807,0.0877133,0.102496,0.15445,0.31853
2808,0.0877445,0.102482,0.154419,0.318448
2809,0.0877758,0.102469,0.154389,0.318365
2810,0.087807,0.102455,0.154359,0.318283
2811,0.0878383,0.102442,0.154328,0.3182
2812,0.0878695,0.102429,0.154298,0.318118
2813,0.0879008,0.102415,0.154268,0.318035
2814,0.087932,0.102402,0.154237,0.317953
2815,0.0879633,0.102388,0.154207,0.31787
2816,0.0879945,0.102375,0.154177,0.317788
2817,0.0880257,0.102361,0.154146,0.317706
2818,0.088057,0.102348,0.154116,0.317623
2819,0.0880882,0.102335,0.154086,0.317541
2820,0.0881195,0.102321,0.154056,0.317459
2821,0.0881507,0.102308,0.154025,0.317377
2822,0.088182,0.102294,0.153995,0.317295
2823,0.0882132,0.102281,0.153965,0.317212
2824,0.0882445,0.102268,0.153935,0.31713
2825,0.0882757,0.102254,0.153905,0.317048
2826,0.088307,0.102241,0.153874,0.316966
2827,0.0883382,0.102228,0.153844,0.316884
2828,0.0883695,0.102214,0.153814,0.316802
2829,0.0884007,0.102201,0.153784,0.31672
2830,0.088432,0.102188,0.153754,0.316638
2831,0.0884632,0.102174,0.153724,0.316556
2832,0.0884945,0.102161,0.153694,0.316475
2833,0.0885257,0.102148,0.153664,0.316393
2834,0.088557,0.102134,0.153634,0.316311
2835,0.0885882,0.102121,0.153604,0.316229
2836,0.0886195,0.102108,0.153573,0.316148
2837,0.0886507,0.102094,0.153543,0.316066
2838,0.088682,0.102081,0.153513,0.315984
2839,0.0887132,0.102068,0.153484,0.315903
2840,0.0887445,0.102054,0.153454,0.315821
2841,0.0887757,0.102041,0.153424,0.315739
2842,0.0888069,0.102028,0.153394,0.315658
2843,0.0888382,0.102015,0.153364,0.315576
2844,0.0888694,0.102001,0.153334,0.315495
2845,0.0889007,0.101988,0.153304,0.315413
2846,0.0889319,0.101975,0.153274,0.315332
2847,0.0889632,0.101962,0.153244,0.315251
2848,0.0889944,0.101948,0.153214,0.315169
2849,0.0890257,0.101935,0.153184,0.315088
2850,0.0890569,0.101922,0.153155,0.315007
2851,0.0890882,0.101909,0.153125,0.314925
2852,0.0891194,0.101895,0.153095,0.314844
2853,0.0891507,0.101882,0.153065,0.314763
2854,0.0891819,0.101869,0.153035,0.314682
2855,0.0892132,0.101856,0.153006,0.314601
2856,0.0892444,0.101843,0.152976,0.31452
2857,0.0892757,0.101829,0.152946,0.314439
2858,0.0893069,0.101816,0.152916,0.314357
2859,0.0893382,0.101803,0.152887,0.314276
2860,0.0893694,0.10179,0.152857,0.314196
2861,0.0894007,0.101777,0.152827,0.314115
2862,0.0894319,0.101763,0.152798,0.314034
2863,0.0894632,0.10175,0.152768,0.313953
2864,0.0894944,0.101737,0.152738,0.313872
2865,0.0895257,0.101724,0.152709,0.313791
2866,0.0895569,0.101711,0.152679,0.31371
2867,0.0895882,0.101698,0.152649,0.31363
2868,0.0896194,0.101684,0.15262,0.313549
2869,0.0896506,0.101671,0.15259,0.313468
2870,0.0896819,0.101658,0.152561,0.313387
2871,0.0897131,0.101645,0.152531,0.313307
2872,0.0897444,0.101632,0.152502,0.313226
2873,0.0897756,0.101619,0.152472,0.313146
2874,0.0898069,0.101606,0.152443,0.313065
2875,0.0898381,0.101593,0.152413,0.312985
2876,0.0898694,0.101579,0.152384,0.312904
2877,0.0899006,0.101566,0.152354,0.312824
2878,0.0899319,0.101553,0.152325,0.312743
2879,0.0899631,0.10154,0.152295,0.312663
2880,0.0899944,0.101527,0.152266,0.312583
2881,0.0900256,0.101514,0.152236,0.312502
2882,0.0900569,0.101501,0.152207,0.312422
2883,0.0900881,0.101488,0.152178,0.312342
2884,0.0901194,0.101475,0.152148,0.312261
2885,0.0901506,0.101462,0.152119,0.312181
2886,0.0901819,0.101449,0.152089,0.312101
2887,0.0902131,0.101436,0.15206,0.312021
2888,0.0902444,0.101423,0.152031,0.311941
2889,0.0902756,0.10141,0.152001,0.311861
2890,0.0903069,0.101396,0.151972,0.311781
2891,0.0903381,0.101383,0.151943,0.311701
2892,0.0903694,0.10137,0.151914,0.311621
2893,0.0904006,0.101357,0.151884,0.311541
2894,0.0904318,0.101344,0.151855,0.311461
2895,0.0904631,0.101331,0.151826,0.311381
2896,0.0904943,0.101318,0.151797,0.311301
2897,0.0905256,0.101305,0.151767,0.311221
2898,0.0905568,0.101292,0.151738,0.311141
2899,0.0905881,0.101279,0.151709,0.311062
2900,0.0906193,0.101266,0.15168,0.310982
2901,0.0906506,0.101253,0.151651,0.310902
2902,0.0906818,0.10124,0.151622,0.310823
2903,0.0907131,0.101227,0.151592,0.310743
2904,0.0907443,0.101215,0.151563,0.310663
2905,0.0907756,0.101202,0.151534,0.310584
2906,0.0908068,0.101189,0.151505,0.310504
2907,0.0908381,0.101176,0.151476,0.310425
2908,0.0908693,0.101163,0.151447,0.310345
2909,0.0909006,0.10115,0.151418,0.310266
2910,0.0909318,0.101137,0.151389,0.310186
2911,0.0909631,0.101124,0.15136,0.310107
2912,0.0909943,0.101111,0.151331,0.310027
2913,0.0910256,0.101098,0.151302,0.309948
2914,0.0910568,0.101085,0.151273,0.309869
2915,0.0910881,0.101072,0.151244,0.30979
2916,0.0911193,0.101059,0.151215,0.30971
2917,0.0911506,0.101046,0.151186,0.309631
2918,0.0911818,0.101034,0.151157,0.309552
2919,0.091213,0.101021,0.151128,0.309473
2920,0.0912443,0.101008,0.151099,0.309394
2921,0.0912755,0.100995,0.15107,0.309315
2922,0.0913068,0.100982,0.151042,0.309235
2923,0.091338,0.100969,0.151013,0.309156
2924,0.0913693,0.100956,0.150984,0.309077
2925,0.0914005,0.100943,0.150955,0.308998
2926,0.0914318,0.100931,0.150926,0.30892
2927,0.091463,0.100918,0.150897,0.308841
2928,0.0914943,0.100905,0.150868,0.308762
2929,0.0915255,0.100892,0.15084,0.308683
2930,0.0915568,0.100879,0.150811,0.308604
2931,0.091588,0.100866,0.150782,0.308525
2932,0.0916193,0.100854,0.150753,0.308446
2933,0.0916505,0.100841,0.150725,0.308368
2934,0.0916818,0.100828,0.150696,0.308289
2935,0.091713,0.100815,0.150667,0.30821
2936,0.0917443,0.100802,0.150638,0.308132
2937,0.0917755,0.100789,0.15061,0.308053
2938,0.0918068,0.100777,0.150581,0.307975
2939,0.091838,0.100764,0.150552,0.307896
2940,0.0918693,0.100751,0.150524,0.307817
2941,0.0919005,0.100738,0.150495,0.307739
2942,0.0919318,0.100726,0.150467,0.307661
2943,0.091963,0.100713,0.150438,0.307582
2944,0.0919943,0.1007,0.150409,0.307504
2945,0.0920255,0.100687,0.150381,0.307425
2946,0.0920567,0.100674,0.150352,0.307347
2947,0.092088,0.100662,0.150324,0.307269
2948,0.0921192,0.100649,0.150295,0.30719
2949,0.0921505,0.100636,0.150267,0.307112
2950,0.0921817,0.100623,0.150238,0.307034
2951,0.092213,0.100611,0.150209,0.306956
2952,0.0922442,0.100598,0.150181,0.306878
2953,0.0922755,0.100585,0.150152,0.306799
2954,0.0923067,0.100573,0.150124,0.306721
2955,0.092338,0.10056,0.150096,0.306643
2956,0.0923692,0.100547,0.150067,0.306565
2957,0.0924005,0.100534,0.150039,0.306487
2958,0.0924317,0.100522,0.15001,0.306409
2959,0.092463,0.100509,0.149982,0.306331
2960,0.0924942,0.100496,0.149953,0.306253
2961,0.0925255,0.100484,0.149925,0.306175
2962,0.0925567,0.100471,0.149897,0.306098
2963,0.092588,0.100458,0.149868,0.30602
2964,0.0926192,0.100446,0.14984,0.305942
2965,0.0926505,0.100433,0.149812,0.305864
2966,0.0926817,0.10042,0.149783,0.305786
2967,0.092713,0.100408,0.149755,0.305709
2968,0.0927442,0.100395,0.149727,0.305631
2969,0.0927755,0.100382,0.149698,0.305553
2970,0.0928067,0.10037,0.14967,0.305476
2971,0.0928379,0.100357,0.149642,0.305398
2972,0.0928692,0.100344,0.149614,0.305321
2973,0.0929004,0.100332,0.149585,0.305243
2974,0.0929317,0.100319,0.149557,0.305166
2975,0.0929629,0.100307,0.149529,0.305088
2976,0.0929942,0.100294,0.149501,0.305011
2977,0.0930254,0.100281,0.149473,0.304933
2978,0.0930567,0.100269,0.149444,0.304856
2979,0.0930879,0.100256,0.149416,0.304778
2980,0.0931192,0.100244,0.149388,0.304701
2981,0.0931504,0.100231,0.14936,0.304624
2982,0.0931817,0.100218,0.149332,0.304547
2983,0.0932129,0.100206,0.149304,0.304469
2984,0.0932442,0.100193,0.149276,0.304392
2985,0.0932754,0.100181,0.149247,0.304315
2986,0.0933067,0.100168,0.149219,0.304238
2987,0.0933379,0.100155,0.149191,0.304161
2988,0.0933692,0.100143,0.149163,0.304084
2989,0.0934004,0.10013,0.149135,0.304007
2990,0.0934317,0.100118,0.149107,0.30393
2991,0.0934629,0.100105,0.149079,0.303853
2992,0.0934942,0.100093,0.149051,0.303776
2993,0.0935254,0.10008,0.149023,0.303699
2994,0.0935567,0.100068,0.148995,0.303622
2995,0.0935879,0.100055,0.148967,0.303545
2996,0.0936191,0.100043,0.148939,0.303468
2997,0.0936504,0.10003,0.148911,0.303391
2998,0.0936816,0.100018,0.148883,0.303314
2999,0.0937129,0.100005,0.148856,0.303238
3000,0.0937441,0.0999926,0.148828,0.303163
3001,0.0937754,0.0999801,0.1488,0.303088
3002,0.0938066,0.0999676,0.148772,0.303013
3003,0.0938379,0.0999551,0.148744,0.302939
3004,0.0938691,0.0999427,0.148716,0.302864
3005,0.0939004,0.0999302,0.148688,0.302789
3006,0.0939316,0.0999177,0.14866,0.302714
3007,0.0939629,0.0999052,0.148633,0.30264
3008,0.0939941,0.0998928,0.148605,0.302565
3009,0.0940254,0.0998803,0.148577,0.302491
3010,0.0940566,0.0998679,0.148549,0.302416
3011,0.0940879,0.0998554,0.148521,0.302341
3012,0.0941191,0.099843,0.148494,0.302267
3013,0.0941504,0.0998305,0.148466,0.302192
3014,0.0941816,0.0998181,0.148438,0.302118
3015,0.0942129,0.0998057,0.148411,0.302044
3016,0.0942441,0.0997932,0.148383,0.301969
3017,0.0942754,0.0997808,0.148355,0.301895
3018,0.0943066,0.0997684,0.148327,0.30182
3019,0.0943379,0.099756,0.1483,0.301746
3020,0.0943691,0.0997436,0.148272,0.301672
3021,0.0944003,0.0997312,0.148244,0.301598
3022,0.0944316,0.0997188,0.148217,0.301523
3023,0.0944628,0.0997064,0.148189,0.301449
3024,0.0944941,0.099694,0.148162,0.301375
3025,0.0945253,0.0996816,0.148134,0.301301
3026,0.0945566,0.0996692,0.148106,0.301227
3027,0.0945878,0.0996568,0.148079,0.301153
3028,0.0946191,0.0996445,0.148051,0.301078
3029,0.0946503,0.0996321,0.148024,0.301004
3030,0.0946816,0.0996197,0.147996,0.30093
3031,0.0947128,0.0996074,0.147969,0.300856
3032,0.0947441,0.099595,0.147941,0.300782
3033,0.0947753,0.0995827,0.147914,0.300708
3034,0.0948066,0.0995703,0.147886,0.300635
3035,0.0948378,0.099558,0.147859,0.300561
3036,0.0948691,0.0995457,0.147831,0.300487
3037,0.0949003,0.0995333,0.147804,0.300413
3038,0.0949316,0.099521,0.147776,0.300339
3039,0.0949628,0.0995087,0.147749,0.300265
3040,0.0949941,0.0994964,0.147721,0.300192
3041,0.0950253,0.0994841,0.147694,0.300118
3042,0.0950566,0.0994717,0.147667,0.300044
3043,0.0950878,0.0994594,0.147639,0.299971
3044,0.0951191,0.0994471,0.147612,0.299897
3045,0.0951503,0.0994349,0.147584,0.299823
3046,0.0951816,0.0994226,0.147557,0.29975
3047,0.0952128,0.0994103,0.14753,0.299676
3048,0.095244,0.099398,0.147502,0.299603
3049,0.0952753,0.0993857,0.147475,0.299529
3050,0.0953065,0.0993735,0.147448,0.299456
3051,0.0953378,0.0993612,0.14742,0.299382
3052,0.095369,0.0993489,0.147393,0.299309
3053,0.0954003,0.0993367,0.147366,0.299235
3054,0.0954315,0.0993244,0.147339,0.299162
3055,0.0954628,0.0993122,0.147311,0.299089
3056,0.095494,0.0992999,0.147284,0.299015
3057,0.0955253,0.0992877,0.147257,0.298942
3058,0.0955565,0.0992754,0.14723,0.298869
3059,0.0955878,0.0992632,0.147203,0.298796
3060,0.095619,0.099251,0.147175,0.298722
3061,0.0956503,0.0992388,0.147148,0.298649
3062,0.0956815,0.0992266,0.147121,0.298576
3063,0.0957128,0.0992143,0.147094,0.298503
3064,0.095744,0.0992021,0.147067,0.29843
3065,0.0957753,0.0991899,0.14704,0.298357
3066,0.0958065,0.0991777,0.147012,0.298284
3067,0.0958378,0.0991655,0.146985,0.298211
3068,0.095869,0.0991533,0.146958,0.298138
3069,0.0959003,0.0991412,0.146931,0.298065
3070,0.0959315,0.099129,0.146904,0.297992
3071,0.0959628,0.0991168,0.146877,0.297919
3072,0.095994,0.0991046,0.14685,0.297846
3073,0.0960252,0.0990925,0.146823,0.297773
3074,0.0960565,0.0990803,0.146796,0.2977
3075,0.0960877,0.0990681,0.146769,0.297627
3076,0.096119,0.099056,0.146742,0.297555
3077,0.0961502,0.0990438,0.146715,0.297482
3078,0.0961815,0.0990317,0.146688,0.297409
3079,0.0962127,0.0990196,0.146661,0.297336
3080,0.096244,0.0990074,0.146634,0.297264
3081,0.0962752,0.0989953,0.146607,0.297191
3082,0.0963065,0.0989832,0.14658,0.297118
3083,0.0963377,0.098971,0.146553,0.297046
3084,0.096369,0.0989589,0.146526,0.296973
3085,0.0964002,0.0989468,0.146499,0.296901
3086,0.0964315,0.0989347,0.146473,0.296828
3087,0.0964627,0.0989226,0.146446,0.296756
3088,0.096494,0.0989105,0.146419,0.296683
3089,0.0965252,0.0988984,0.146392,0.296611
3090,0.0965565,0.0988863,0.146365,0.296538
3091,0.0965877,0.0988742,0.146338,0.296466
3092,0.096619,0.0988621,0.146312,0.296394
3093,0.0966502,0.0988501,0.146285,0.296321
3094,0.0966815,0.098838,0.146258,0.296249
3095,0.0967127,0.0988259,0.146231,0.296177
3096,0.096744,0.0988138,0.146204,0.296104
3097,0.0967752,0.0988018,0.146178,0.296032
3098,0.0968064,0.0987897,0.146151,0.29596
3099,0.0968377,0.0987777,0.146124,0.295888
3100,0.0968689,0.0987656,0.146097,0.295816
3101,0.0969002,0.0987536,0.146071,0.295744
3102,0.0969314,0.0987415,0.146044,0.295671
3103,0.0969627,0.0987295,0.146017,0.295599
3104,0.0969939,0.0987175,0.145991,0.295527
3105,0.0970252,0.0987055,0.145964,0.295455
3106,0.0970564,0.0986934,0.145937,0.295383
3107,0.0970877,0.0986814,0.145911,0.295311
3108,0.0971189,0.0986694,0.145884,0.295239
3109,0.0971502,0.0986574,0.145857,0.295167
3110,0.0971814,0.0986454,0.145831,0.295096
3111,0.0972127,0.0986334,0.145804,0.295024
3112,0.0972439,0.0986214,0.145778,0.294952
3113,0.0972752,0.0986094,0.145751,0.29488
3114,0.0973064,0.0985974,0.145724,0.294808
3115,0.0973377,0.0985854,0.145698,0.294737
3116,0.0973689,0.0985735,0.145671,0.294665
3117,0.0974002,0.0985615,0.145645,0.294593
3118,0.0974314,0.0985495,0.145618,0.294521
3119,0.0974627,0.0985376,0.145592,0.29445
3120,0.0974939,0.0985256,0.145565,0.294378
3121,0.0975252,0.0985136,0.145539,0.294307
3122,0.0975564,0.0985017,0.145512,0.294235
3123,0.0975877,0.0984897,0.145486,0.294163
3124,0.0976189,0.0984778,0.145459,0.294092
3125,0.0976501,0.0984659,0.145433,0.29402
3126,0.0976814,0.0984539,0.145407,0.293949
3127,0.0977126,0.098442,0.14538,0.293878
3128,0.0977439,0.0984301,0.145354,0.293806
3129,0.0977751,0.0984182,0.145327,0.293735
3130,0.0978064,0.0984062,0.145301,0.293663
3131,0.0978376,0.0983943,0.145275,0.293592
3132,0.0978689,0.0983824,0.145248,0.293521
3133,0.0979001,0.0983705,0.145222,0.293449
3134,0.0979314,0.0983586,0.145196,0.293378
3135,0.0979626,0.0983467,0.145169,0.293307
3136,0.0979939,0.0983348,0.145143,0.293236
3137,0.0980251,0.0983229,0.145117,0.293165
3138,0.0980564,0.0983111,0.14509,0.293093
3139,0.0980876,0.0982992,0.145064,0.293022
3140,0.0981189,0.0982873,0.145038,0.292951
3141,0.0981501,0.0982754,0.145011,0.29288
3142,0.0981814,0.0982636,0.144985,0.292809
3143,0.0982126,0.0982517,0.144959,0.292738
3144,0.0982439,0.0982399,0.144933,0.292667
3145,0.0982751,0.098228,0.144906,0.292596
3146,0.0983064,0.0982162,0.14488,0.292525
3147,0.0983376,0.0982043,0.144854,0.292454
3148,0.0983689,0.0981925,0.144828,0.292383
3149,0.0984001,0.0981806,0.144802,0.292312
3150,0.0984313,0.0981688,0.144776,0.292242
3151,0.0984626,0.098157,0.144749,0.292171
3152,0.0984938,0.0981452,0.144723,0.2921
3153,0.0985251,0.0981333,0.144697,0.292029
3154,0.0985563,0.0981215,0.144671,0.291959
3155,0.0985876,0.0981097,0.144645,0.291888
3156,0.0986188,0.0980979,0.144619,0.291817
3157,0.0986501,0.0980861,0.144593,0.291746
3158,0.0986813,0.0980743,0.144567,0.291676
3159,0.0987126,0.0980625,0.144541,0.291605
3160,0.0987438,0.0980507,0.144515,0.291535
3161,0.0987751,0.0980389,0.144488,0.291464
3162,0.0988063,0.0980272,0.144462,0.291394
3163,0.0988376,0.0980154,0.144436,0.291323
3164,0.0988688,0.0980036,0.14441,0.291253
3165,0.0989001,0.0979919,0.144384,0.291182
3166,0.0989313,0.0979801,0.144358,0.291112
3167,0.0989626,0.0979683,0.144332,0.291041
3168,0.0989938,0.0979566,0.144306,0.290971
3169,0.0990251,0.0979448,0.144281,0.290901
3170,0.0990563,0.0979331,0.144255,0.29083
3171,0.0990876,0.0979213,0.144229,0.29076
3172,0.0991188,0.0979096,0.144203,0.29069
3173,0.0991501,0.0978979,0.144177,0.290619
3174,0.0991813,0.0978861,0.144151,0.290549
3175,0.0992125,0.0978744,0.144125,0.290479
3176,0.0992438,0.0978627,0.144099,0.290409
3177,0.099275,0.097851,0.144073,0.290339
3178,0.0993063,0.0978393,0.144047,0.290268
3179,0.0993375,0.0978276,0.144022,0.290198
3180,0.0993688,0.0978158,0.143996,0.290128
3181,0.0994,0.0978041,0.14397,0.290058
3182,0.0994313,0.0977925,0.143944,0.289988
3183,0.0994625,0.0977808,0.143918,0.289918
3184,0.0994938,0.0977691,0.143893,0.289848
3185,0.099525,0.0977574,0.143867,0.289778
3186,0.0995563,0.0977457,0.143841,0.289708
3187,0.0995875,0.097734,0.143815,0.289639
3188,0.0996188,0.0977224,0.143789,0.289569
3189,0.09965,0.0977107,0.143764,0.289499
3190,0.0996813,0.097699,0.143738,0.289429
3191,0.0997125,0.0976874,0.143712,0.289359
3192,0.0997438,0.0976757,0.143687,0.289289
3193,0.099775,0.0976641,0.143661,0.28922
3194,0.0998063,0.0976524,0.143635,0.28915
3195,0.0998375,0.0976408,0.143609,0.28908
3196,0.0998688,0.0976292,0.143584,0.289011
3197,0.0999,0.0976175,0.143558,0.288941
3198,0.0999313,0.0976059,0.143533,0.288871
3199,0.0999625,0.0975943,0.143507,0.288802
3200,0.0999938,0.0975826,0.143481,0.288732
3201,0.100025,0.097571,0.143456,0.288663
3202,0.100056,0.0975594,0.14343,0.288594
3203,0.100087,0.0975478,0.143404,0.288526
3204,0.100119,0.0975362,0.143379,0.288459
3205,0.10015,0.0975246,0.143353,0.288391
3206,0.100181,0.097513,0.143328,0.288323
3207,0.100212,0.0975014,0.143302,0.288255
3208,0.100244,0.0974898,0.143277,0.288188
3209,0.100275,0.0974782,0.143251,0.28812
3210,0.100306,0.0974667,0.143226,0.288052
3211,0.100337,0.0974551,0.1432,0.287985
3212,0.100369,0.0974435,0.143175,0.287917
3213,0.1004,0.097432,0.143149,0.28785
3214,0.100431,0.0974204,0.143124,0.287782
3215,0.100462,0.0974088,0.143098,0.287714
3216,0.100494,0.0973973,0.143073,0.287647
3217,0.100525,0.0973857,0.143047,0.287579
3218,0.100556,0.0973742,0.143022,0.287512
3219,0.100587,0.0973626,0.142996,0.287445
3220,0.100619,0.0973511,0.142971,0.287377
3221,0.10065,0.0973396,0.142946,0.28731
3222,0.100681,0.097328,0.14292,0.287242
3223,0.100712,0.0973165,0.142895,0.287175
3224,0.100744,0.097305,0.14287,0.287108
3225,0.100775,0.0972935,0.142844,0.28704
3226,0.100806,0.097282,0.142819,0.286973
3227,0.100837,0.0972704,0.142794,0.286906
3228,0.100869,0.0972589,0.142768,0.286839
3229,0.1009,0.0972474,0.142743,0.286772
3230,0.100931,0.0972359,0.142718,0.286704
3231,0.100962,0.0972244,0.142692,0.286637
3232,0.100994,0.097213,0.142667,0.28657
3233,0.101025,0.0972015,0.142642,0.286503
3234,0.101056,0.09719,0.142616,0.286436
3235,0.101087,0.0971785,0.142591,0.286369
3236,0.101119,0.097167,0.142566,0.286302
3237,0.10115,0.0971556,0.142541,0.286235
3238,0.101181,0.0971441,0.142516,0.286168
3239,0.101212,0.0971326,0.14249,0.286101
3240,0.101244,0.0971212,0.142465,0.286034
3241,0.101275,0.0971097,0.14244,0.285967
3242,0.101306,0.0970983,0.142415,0.2859
3243,0.101337,0.0970868,0.14239,0.285833
3244,0.101369,0.0970754,0.142364,0.285766
3245,0.1014,0.097064,0.142339,0.2857
3246,0.101431,0.0970525,0.142314,0.285633
3247,0.101462,0.0970411,0.142289,0.285566
3248,0.101494,0.0970297,0.142264,0.285499
3249,0.101525,0.0970183,0.142239,0.285432
3250,0.101556,0.0970068,0.142214,0.285366
3251,0.101587,0.0969954,0.142189,0.285299
3252,0.101619,0.096984,0.142164,0.285232
3253,0.10165,0.0969726,0.142138,0.285166
3254,0.101681,0.0969612,0.142113,0.285099
3255,0.101712,0.0969498,0.142088,0.285033
3256,0.101744,0.0969384,0.142063,0.284966
3257,0.101775,0.096927,0.142038,0.284899
3258,0.101806,0.0969156,0.142013,0.284833
3259,0.101837,0.0969043,0.141988,0.284766
3260,0.101869,0.0968929,0.141963,0.2847
3261,0.1019,0.0968815,0.141938,0.284633
3262,0.101931,0.0968701,0.141913,0.284567
3263,0.101962,0.0968588,0.141888,0.284501
3264,0.101994,0.0968474,0.141863,0.284434
3265,0.102025,0.0968361,0.141838,0.284368
3266,0.102056,0.0968247,0.141814,0.284302
3267,0.102087,0.0968134,0.141789,0.284235
3268,0.102119,0.096802,0.141764,0.284169
3269,0.10215,0.0967907,0.141739,0.284103
3270,0.102181,0.0967793,0.141714,0.284036
3271,0.102212,0.096768,0.141689,0.28397
3272,0.102244,0.0967567,0.141664,0.283904
3273,0.102275,0.0967454,0.141639,0.283838
3274,0.102306,0.096734,0.141614,0.283772
3275,0.102337,0.0967227,0.14159,0.283706
3276,0.102369,0.0967114,0.141565,0.283639
3277,0.1024,0.0967001,0.14154,0.283573
3278,0.102431,0.0966888,0.141515,0.283507
3279,0.102462,0.0966775,0.14149,0.283441
3280,0.102494,0.0966662,0.141466,0.283375
3281,0.102525,0.0966549,0.141441,0.283309
3282,0.102556,0.0966436,0.141416,0.283243
3283,0.102587,0.0966323,0.141391,0.283177
3284,0.102619,0.096621,0.141367,0.283111
3285,0.10265,0.0966098,0.141342,0.283046
3286,0.102681,0.0965985,0.141317,0.28298
3287,0.102712,0.0965872,0.141292,0.282914
3288,0.102744,0.096576,0.141268,0.282848
3289,0.102775,0.0965647,0.141243,0.282782
3290,0.102806,0.0965534,0.141218,0.282716
3291,0.102837,0.0965422,0.141194,0.282651
3292,0.102869,0.0965309,0.141169,0.282585
3293,0.1029,0.0965197,0.141144,0.282519
3294,0.102931,0.0965084,0.14112,0.282453
3295,0.102962,0.0964972,0.141095,0.282388
3296,0.102994,0.096486,0.14107,0.282322
3297,0.103025,0.0964747,0.141046,0.282257
3298,0.103056,0.0964635,0.141021,0.282191
3299,0.103087,0.0964523,0.140996,0.282125
3300,0.103119,0.0964411,0.140972,0.28206
3301,0.10315,0.0964299,0.140947,0.281994
3302,0.103181,0.0964186,0.140923,0.281929
3303,0.103212,0.0964074,0.140898,0.281863
3304,0.103244,0.0963962,0.140874,0.281798
3305,0.103275,0.096385,0.140849,0.281732
3306,0.103306,0.0963738,0.140825,0.281667
3307,0.103337,0.0963627,0.1408,0.281602
3308,0.103369,0.0963515,0.140776,0.281536
3309,0.1034,0.0963403,0.140751,0.281471
3310,0.103431,0.0963291,0.140727,0.281405
3311,0.103462,0.0963179,0.140702,0.28134
3312,0.103494,0.0963068,0.140678,0.281275
3313,0.103525,0.0962956,0.140653,0.28121
3314,0.103556,0.0962844,0.140629,0.281144
3315,0.103587,0.0962733,0.140604,0.281079
3316,0.103619,0.0962621,0.14058,0.281014
3317,0.10365,0.096251,0.140555,0.280949
3318,0.103681,0.0962398,0.140531,0.280884
3319,0.103712,0.0962287,0.140507,0.280819
3320,0.103744,0.0962175,0.140482,0.280753
3321,0.103775,0.0962064,0.140458,0.280688
3322,0.103806,0.0961952,0.140433,0.280623
3323,0.103837,0.0961841,0.140409,0.280558
3324,0.103869,0.096173,0.140385,0.280493
3325,0.1039,0.0961619,0.14036,0.280428
3326,0.103931,0.0961508,0.140336,0.280363
3327,0.103962,0.0961396,0.140312,0.280298
3328,0.103994,0.0961285,0.140287,0.280233
3329,0.104025,0.0961174,0.140263,0.280169
3330,0.104056,0.0961063,0.140239,0.280104
3331,0.104087,0.0960952,0.140215,0.280039
3332,0.104118,0.0960841,0.14019,0.279974
3333,0.10415,0.096073,0.140166,0.279909
3334,0.104181,0.0960619,0.140142,0.279844
3335,0.104212,0.0960509,0.140118,0.27978
3336,0.104243,0.0960398,0.140093,0.279715
3337,0.104275,0.0960287,0.140069,0.27965
3338,0.104306,0.0960176,0.140045,0.279585
3339,0.104337,0.0960066,0.140021,0.279521
3340,0.104368,0.0959955,0.139997,0.279456
3341,0.1044,0.0959844,0.139972,0.279392
3342,0.104431,0.0959734,0.139948,0.279327
3343,0.104462,0.0959623,0.139924,0.279262
3344,0.104493,0.0959513,0.1399,0.279198
3345,0.104525,0.0959402,0.139876,0.279133
3346,0.104556,0.0959292,0.139852,0.279069
3347,0.104587,0.0959182,0.139827,0.279004
3348,0.104618,0.0959071,0.139803,0.27894
3349,0.10465,0.0958961,0.139779,0.278875
3350,0.104681,0.0958851,0.139755,0.278811
3351,0.104712,0.095874,0.139731,0.278747
3352,0.104743,0.095863,0.139707,0.278682
3353,0.104775,0.095852,0.139683,0.278618
3354,0.104806,0.095841,0.139659,0.278553
3355,0.104837,0.09583,0.139635,0.278489
3356,0.104868,0.095819,0.139611,0.278425
3357,0.1049,0.095808,0.139587,0.278361
3358,0.104931,0.095797,0.139563,0.278296
3359,0.104962,0.095786,0.139539,0.278232
3360,0.104993,0.095775,0.139515,0.278168
3361,0.105025,0.095764,0.139491,0.278104
3362,0.105056,0.095753,0.139467,0.27804
3363,0.105087,0.0957421,0.139443,0.277975
3364,0.105118,0.0957311,0.139419,0.277911
3365,0.10515,0.0957201,0.139395,0.277847
3366,0.105181,0.0957092,0.139371,0.277783
3367,0.105212,0.0956982,0.139347,0.277719
3368,0.105243,0.0956872,0.139323,0.277655
3369,0.105275,0.0956763,0.139299,0.277591
3370,0.105306,0.0956653,0.139275,0.277527
3371,0.105337,0.0956544,0.139251,0.277463
3372,0.105368,0.0956434,0.139227,0.277399
3373,0.1054,0.0956325,0.139204,0.277335
3374,0.105431,0.0956216,0.13918,0.277271
3375,0.105462,0.0956106,0.139156,0.277208
3376,0.105493,0.0955997,0.139132,0.277144
3377,0.105525,0.0955888,0.139108,0.27708
3378,0.105556,0.0955779,0.139084,0.277016
3379,0.105587,0.0955669,0.139061,0.276952
3380,0.105618,0.095556,0.139037,0.276889
3381,0.10565,0.0955451,0.139013,0.276825
3382,0.105681,0.0955342,0.138989,0.276761
3383,0.105712,0.0955233,0.138965,0.276697
3384,0.105743,0.0955124,0.138942,0.276634
3385,0.105775,0.0955015,0.138918,0.27657
3386,0.105806,0.0954906,0.138894,0.276506
3387,0.105837,0.0954797,0.13887,0.276443
3388,0.105868,0.0954688,0.138847,0.276379
3389,0.1059,0.095458,0.138823,0.276316
3390,0.105931,0.0954471,0.138799,0.276252
3391,0.105962,0.0954362,0.138776,0.276189
3392,0.105993,0.0954254,0.138752,0.276125
3393,0.106025,0.0954145,0.138728,0.276062
3394,0.106056,0.0954036,0.138704,0.275998
3395,0.106087,0.0953928,0.138681,0.275935
3396,0.106118,0.0953819,0.138657,0.275871
3397,0.10615,0.0953711,0.138633,0.275808
3398,0.106181,0.0953602,0.13861,0.275745
3399,0.106212,0.0953494,0.138586,0.275681
3400,0.106243,0.0953385,0.138563,0.275618
3401,0.106275,0.0953277,0.138539,0.275555
3402,0.106306,0.0953169,0.138515,0.275491
3403,0.106337,0.095306,0.138492,0.275428
3404,0.106368,0.0952952,0.138468,0.275365
3405,0.1064,0.0952844,0.138445,0.275302
3406,0.106431,0.0952736,0.138421,0.275239
3407,0.106462,0.0952628,0.138398,0.275175
3408,0.106493,0.0952519,0.138374,0.275112
3409,0.106525,0.0952411,0.13835,0.275049
3410,0.106556,0.0952303,0.138327,0.274988
3411,0.106587,0.0952195,0.138303,0.274926
3412,0.106618,0.0952087,0.13828,0.274865
3413,0.10665,0.0951979,0.138256,0.274803
3414,0.106681,0.0951872,0.138233,0.274741
3415,0.106712,0.0951764,0.138209,0.27468
3416,0.106743,0.0951656,0.138186,0.274618
3417,0.106775,0.0951548,0.138163,0.274557
3418,0.106806,0.095144,0.138139,0.274496
3419,0.106837,0.0951333,0.138116,0.274434
3420,0.106868,0.0951225,0.138092,0.274373
3421,0.1069,0.0951117,0.138069,0.274311
3422,0.106931,0.095101,0.138045,0.27425
3423,0.106962,0.0950902,0.138022,0.274189
3424,0.106993,0.0950795,0.137999,0.274127
3425,0.107025,0.0950687,0.137975,0.274066
3426,0.107056,0.095058,0.137952,0.274005
3427,0.107087,0.0950472,0.137928,0.273943
3428,0.107118,0.0950365,0.137905,0.273882
3429,0.10715,0.0950258,0.137882,0.273821
3430,0.107181,0.095015,0.137858,0.27376
3431,0.107212,0.0950043,0.137835,0.273699
3432,0.107243,0.0949936,0.137812,0.273637
3433,0.107275,0.0949829,0.137788,0.273576
3434,0.107306,0.0949722,0.137765,0.273515
3435,0.107337,0.0949614,0.137742,0.273454
3436,0.107368,0.0949507,0.137719,0.273393
3437,0.1074,0.09494,0.137695,0.273332
3438,0.107431,0.0949293,0.137672,0.273271
3439,0.107462,0.0949186,0.137649,0.27321
3440,0.107493,0.0949079,0.137626,0.273149
3441,0.107525,0.0948973,0.137602,0.273088
3442,0.107556,0.0948866,0.137579,0.273027
3443,0.107587,0.0948759,0.137556,0.272966
3444,0.107618,0.0948652,0.137533,0.272905
3445,0.10765,0.0948545,0.137509,0.272844
3446,0.107681,0.0948439,0.137486,0.272783
3447,0.107712,0.0948332,0.137463,0.272722
3448,0.107743,0.0948225,0.13744,0.272662
3449,0.107775,0.0948119,0.137417,0.272601
3450,0.107806,0.0948012,0.137394,0.27254
3451,0.107837,0.0947905,0.13737,0.272479
3452,0.107868,0.0947799,0.137347,0.272418
3453,0.1079,0.0947692,0.137324,0.272358
3454,0.107931,0.0947586,0.137301,0.272297
3455,0.107962,0.094748,0.137278,0.272236
3456,0.107993,0.0947373,0.137255,0.272176
3457,0.108024,0.0947267,0.137232,0.272115
3458,0.108056,0.0947161,0.137209,0.272054
3459,0.108087,0.0947054,0.137186,0.271994
3460,0.108118,0.0946948,0.137162,0.271933
3461,0.108149,0.0946842,0.137139,0.271873
3462,0.108181,0.0946736,0.137116,0.271812
3463,0.108212,0.094663,0.137093,0.271751
3464,0.108243,0.0946524,0.13707,0.271691
3465,0.108274,0.0946418,0.137047,0.27163
3466,0.108306,0.0946312,0.137024,0.27157
3467,0.108337,0.0946206,0.137001,0.27151
3468,0.108368,0.09461,0.136978,0.271449
3469,0.108399,0.0945994,0.136955,0.271389
3470,0.108431,0.0945888,0.136932,0.271328
3471,0.108462,0.0945782,0.136909,0.271268
3472,0.108493,0.0945676,0.136886,0.271208
3473,0.108524,0.094557,0.136863,0.271147
3474,0.108556,0.0945465,0.136841,0.271087
3475,0.108587,0.0945359,0.136818,0.271027
3476,0.108618,0.0945253,0.136795,0.270966
3477,0.108649,0.0945148,0.136772,0.270906
3478,0.108681,0.0945042,0.136749,0.270846
3479,0.108712,0.0944937,0.136726,0.270786
3480,0.108743,0.0944831,0.136703,0.270725
3481,0.108774,0.0944726,0.13668,0.270665
3482,0.108806,0.094462,0.136657,0.270605
3483,0.108837,0.0944515,0.136634,0.270545
3484,0.108868,0.0944409,0.136612,0.270485
3485,0.108899,0.0944304,0.136589,0.270425
3486,0.108931,0.0944199,0.136566,0.270365
3487,0.108962,0.0944093,0.136543,0.270305
3488,0.108993,0.0943988,0.13652,0.270245
3489,0.109024,0.0943883,0.136498,0.270185
3490,0.109056,0.0943778,0.136475,0.270125
3491,0.109087,0.0943673,0.136452,0.270065
3492,0.109118,0.0943568,0.136429,0.270005
3493,0.109149,0.0943463,0.136406,0.269945
3494,0.109181,0.0943358,0.136384,0.269885
3495,0.109212,0.0943253,0.136361,0.269825
3496,0.109243,0.0943148,0.136338,0.269765
3497,0.109274,0.0943043,0.136315,0.269705
3498,0.109306,0.0942938,0.136293,0.269645
3499,0.109337,0.0942833,0.13627,0.269586
3500,0.109368,0.0942728,0.136247,0.269526
3501,0.109399,0.0942623,0.136225,0.269466
3502,0.109431,0.0942519,0.136202,0.269406
3503,0.109462,0.0942414,0.136179,0.269347
3504,0.109493,0.0942309,0.136157,0.269287
3505,0.109524,0.0942205,0.136134,0.269227
3506,0.109556,0.09421,0.136111,0.269167
3507,0.109587,0.0941995,0.136089,0.269108
3508,0.109618,0.0941891,0.136066,0.269048
3509,0.109649,0.0941786,0.136043,0.268989
3510,0.109681,0.0941682,0.136021,0.268929
3511,0.109712,0.0941577,0.135998,0.268869
3512,0.109743,0.0941473,0.135975,0.26881
3513,0.109774,0.0941369,0.135953,0.26875
3514,0.109806,0.0941264,0.13593,0.268691
3515,0.109837,0.094116,0.135908,0.268631
3516,0.109868,0.0941056,0.135885,0.268572
3517,0.109899,0.0940952,0.135863,0.268512
3518,0.109931,0.0940847,0.13584,0.268453
3519,0.109962,0.0940743,0.135817,0.268394
3520,0.109993,0.0940639,0.135795,0.268334
3521,0.110024,0.0940535,0.135772,0.268275
3522,0.110056,0.0940431,0.13575,0.268215
3523,0.110087,0.0940327,0.135727,0.268156
3524,0.110118,0.0940223,0.135705,0.268097
3525,0.110149,0.0940119,0.135682,0.268037
3526,0.110181,0.0940015,0.13566,0.267978
3527,0.110212,0.0939911,0.135637,0.267919
3528,0.110243,0.0939807,0.135615,0.26786
3529,0.110274,0.0939703,0.135593,0.2678
3530,0.110306,0.09396,0.13557,0.267741
3531,0.110337,0.0939496,0.135548,0.267682
3532,0.110368,0.0939392,0.135525,0.267623
3533,0.110399,0.0939289,0.135503,0.267564
3534,0.110431,0.0939185,0.13548,0.267505
3535,0.110462,0.0939081,0.135458,0.267446
3536,0.110493,0.0938978,0.135436,0.267386
3537,0.110524,0.0938874,0.135413,0.267327
3538,0.110556,0.0938771,0.135391,0.267268
3539,0.110587,0.0938667,0.135368,0.267209
3540,0.110618,0.0938564,0.135346,0.26715
3541,0.110649,0.093846,0.135324,0.267091
3542,0.110681,0.0938357,0.135301,0.267032
3543,0.110712,0.0938254,0.135279,0.266973
3544,0.110743,0.093815,0.135257,0.266914
3545,0.110774,0.0938047,0.135234,0.266856
3546,0.110806,0.0937944,0.135212,0.266797
3547,0.110837,0.0937841,0.13519,0.266738
3548,0.110868,0.0937737,0.135168,0.266679
3549,0.110899,0.0937634,0.135145,0.26662
3550,0.110931,0.0937531,0.135123,0.266561
3551,0.110962,0.0937428,0.135101,0.266503
3552,0.110993,0.0937325,0.135078,0.266444
3553,0.111024,0.0937222,0.135056,0.266385
3554,0.111056,0.0937119,0.135034,0.266326
3555,0.111087,0.0937016,0.135012,0.266268
3556,0.111118,0.0936913,0.13499,0.266209
3557,0.111149,0.093681,0.134967,0.26615
3558,0.111181,0.0936708,0.134945,0.266092
3559,0.111212,0.0936605,0.134923,0.266033
3560,0.111243,0.0936502,0.134901,0.265974
3561,0.111274,0.0936399,0.134879,0.265916
3562,0.111306,0.0936297,0.134856,0.265857
3563,0.111337,0.0936194,0.134834,0.265799
3564,0.111368,0.0936091,0.134812,0.26574
3565,0.111399,0.0935989,0.13479,0.265682
3566,0.111431,0.0935886,0.134768,0.265623
3567,0.111462,0.0935784,0.134746,0.265565
3568,0.111493,0.0935681,0.134724,0.265506
3569,0.111524,0.0935579,0.134701,0.265448
3570,0.111556,0.0935476,0.134679,0.265389
3571,0.111587,0.0935374,0.134657,0.265331
3572,0.111618,0.0935272,0.134635,0.265272
3573,0.111649,0.0935169,0.134613,0.265214
3574,0.111681,0.0935067,0.134591,0.265156
3575,0.111712,0.0934965,0.134569,0.265097
3576,0.111743,0.0934862,0.134547,0.265039
3577,0.111774,0.093476,0.134525,0.264981
3578,0.111806,0.0934658,0.134503,0.264923
3579,0.111837,0.0934556,0.134481,0.264864
3580,0.111868,0.0934454,0.134459,0.264806
3581,0.111899,0.0934352,0.134437,0.264748
3582,0.111931,0.093425,0.134415,0.26469
3583,0.111962,0.0934148,0.134393,0.264632
3584,0.111993,0.0934046,0.134371,0.264573
3585,0.112024,0.0933944,0.134349,0.264515
3586,0.112055,0.0933842,0.134327,0.264457
3587,0.112087,0.093374,0.134305,0.264399
3588,0.112118,0.0933638,0.134283,0.264341
3589,0.112149,0.0933536,0.134261,0.264283
3590,0.11218,0.0933435,0.134239,0.264225
3591,0.112212,0.0933333,0.134217,0.264167
3592,0.112243,0.0933231,0.134195,0.264109
3593,0.112274,0.093313,0.134173,0.264051
3594,0.112305,0.0933028,0.134151,0.263993
3595,0.112337,0.0932926,0.13413,0.263935
3596,0.112368,0.0932825,0.134108,0.263877
3597,0.112399,0.0932723,0.134086,0.263819
3598,0.11243,0.0932622,0.134064,0.263761
3599,0.112462,0.093252,0.134042,0.263703
3600,0.112493,0.0932419,0.13402,0.263646
3601,0.112524,0.0932317,0.133998,0.263588
3602,0.112555,0.0932216,0.133977,0.26353
3603,0.112587,0.0932115,0.133955,0.263472
3604,0.112618,0.0932013,0.133933,0.263414
3605,0.112649,0.0931912,0.133911,0.263357
3606,0.11268,0.0931811,0.133889,0.263299
3607,0.112712,0.093171,0.133867,0.263241
3608,0.112743,0.0931609,0.133846,0.263184
3609,0.112774,0.0931507,0.133824,0.263126
3610,0.112805,0.0931406,0.133802,0.263068
3611,0.112837,0.0931305,0.13378,0.263011
3612,0.112868,0.0931204,0.133759,0.262953
3613,0.112899,0.0931103,0.133737,0.262895
3614,0.11293,0.0931002,0.133715,0.262838
3615,0.112962,0.0930901,0.133693,0.26278
3616,0.112993,0.09308,0.133672,0.262723
3617,0.113024,0.09307,0.13365,0.262665
3618,0.113055,0.0930599,0.133628,0.262608
3619,0.113087,0.0930498,0.133607,0.26255
3620,0.113118,0.0930397,0.133585,0.262493
3621,0.113149,0.0930296,0.133563,0.262435
3622,0.11318,0.0930196,0.133542,0.262379
3623,0.113212,0.0930095,0.13352,0.262323
3624,0.113243,0.0929994,0.133498,0.262266
3625,0.113274,0.0929894,0.133477,0.26221
3626,0.113305,0.0929793,0.133455,0.262154
3627,0.113337,0.0929693,0.133433,0.262098
3628,0.113368,0.0929592,0.133412,0.262042
3629,0.113399,0.0929492,0.13339,0.261986
3630,0.11343,0.0929391,0.133369,0.26193
3631,0.113462,0.0929291,0.133347,0.261875
3632,0.113493,0.092919,0.133325,0.261819
3633,0.113524,0.092909,0.133304,0.261763
3634,0.113555,0.092899,0.133282,0.261707
3635,0.113587,0.0928889,0.133261,0.261651
3636,0.113618,0.0928789,0.133239,0.261595
3637,0.113649,0.0928689,0.133218,0.261539
3638,0.11368,0.0928589,0.133196,0.261483
3639,0.113712,0.0928488,0.133174,0.261428
3640,0.113743,0.0928388,0.133153,0.261372
3641,0.113774,0.0928288,0.133131,0.261316
3642,0.113805,0.0928188,0.13311,0.26126
3643,0.113837,0.0928088,0.133088,0.261205
3644,0.113868,0.0927988,0.133067,0.261149
3645,0.113899,0.0927888,0.133045,0.261093
3646,0.11393,0.0927788,0.133024,0.261038
3647,0.113962,0.0927688,0.133002,0.260982
3648,0.113993,0.0927588,0.132981,0.260926
3649,0.114024,0.0927489,0.13296,0.260871
3650,0.114055,0.0927389,0.132938,0.260815
3651,0.114087,0.0927289,0.132917,0.260759
3652,0.114118,0.0927189,0.132895,0.260704
3653,0.114149,0.092709,0.132874,0.260648
3654,0.11418,0.092699,0.132852,0.260593
3655,0.114212,0.092689,0.132831,0.260537
3656,0.114243,0.0926791,0.13281,0.260482
3657,0.114274,0.0926691,0.132788,0.260426
3658,0.114305,0.0926591,0.132767,0.260371
3659,0.114337,0.0926492,0.132746,0.260315
3660,0.114368,0.0926392,0.132724,0.26026
3661,0.114399,0.0926293,0.132703,0.260204
3662,0.11443,0.0926194,0.132681,0.260149
3663,0.114462,0.0926094,0.13266,0.260094
3664,0.114493,0.0925995,0.132639,0.260038
3665,0.114524,0.0925895,0.132617,0.259983
3666,0.114555,0.0925796,0.132596,0.259928
3667,0.114587,0.0925697,0.132575,0.259872
3668,0.114618,0.0925598,0.132554,0.259817
3669,0.114649,0.0925498,0.132532,0.259762
3670,0.11468,0.0925399,0.132511,0.259707
3671,0.114712,0.09253,0.13249,0.259651
3672,0.114743,0.0925201,0.132468,0.259596
3673,0.114774,0.0925102,0.132447,0.259541
3674,0.114805,0.0925003,0.132426,0.259486
3675,0.114837,0.0924904,0.132405,0.259431
3676,0.114868,0.0924805,0.132383,0.259375
3677,0.114899,0.0924706,0.132362,0.25932
3678,0.11493,0.0924607,0.132341,0.259265
3679,0.114962,0.0924508,0.13232,0.25921
3680,0.114993,0.0924409,0.132299,0.259155
3681,0.115024,0.092431,0.132277,0.2591
3682,0.115055,0.0924212,0.132256,0.259045
3683,0.115087,0.0924113,0.132235,0.25899
3684,0.115118,0.0924014,0.132214,0.258935
3685,0.115149,0.0923915,0.132193,0.25888
3686,0.11518,0.0923817,0.132172,0.258825
3687,0.115212,0.0923718,0.13215,0.25877
3688,0.115243,0.092362,0.132129,0.258715
3689,0.115274,0.0923521,0.132108,0.25866
3690,0.115305,0.0923422,0.132087,0.258605
3691,0.115337,0.0923324,0.132066,0.25855
3692,0.115368,0.0923225,0.132045,0.258495
3693,0.115399,0.0923127,0.132024,0.258441
3694,0.11543,0.0923029,0.132003,0.258386
3695,0.115462,0.092293,0.131982,0.258331
3696,0.115493,0.0922832,0.13196,0.258276
3697,0.115524,0.0922733,0.131939,0.258221
3698,0.115555,0.0922635,0.131918,0.258167
3699,0.115587,0.0922537,0.131897,0.258112
3700,0.115618,0.0922439,0.131876,0.258057
3701,0.115649,0.092234,0.131855,0.258002
3702,0.11568,0.0922242,0.131834,0.257948
3703,0.115712,0.0922144,0.131813,0.257893
3704,0.115743,0.0922046,0.131792,0.257838
3705,0.115774,0.0921948,0.131771,0.257784
3706,0.115805,0.092185,0.13175,0.257729
3707,0.115837,0.0921752,0.131729,0.257674
3708,0.115868,0.0921654,0.131708,0.25762
3709,0.115899,0.0921556,0.131687,0.257565
3710,0.11593,0.0921458,0.131666,0.257511
3711,0.115962,0.092136,0.131645,0.257456
3712,0.115993,0.0921262,0.131624,0.257402
3713,0.116024,0.0921164,0.131603,0.257347
3714,0.116055,0.0921067,0.131582,0.257293
3715,0.116086,0.0920969,0.131562,0.257238
3716,0.116118,0.0920871,0.131541,0.257184
3717,0.116149,0.0920773,0.13152,0.257129
3718,0.11618,0.0920676,0.131499,0.257075
3719,0.116211,0.0920578,0.131478,0.257021
3720,0.116243,0.0920481,0.131457,0.256966
3721,0.116274,0.0920383,0.131436,0.256912
3722,0.116305,0.0920285,0.131415,0.256857
3723,0.116336,0.0920188,0.131394,0.256803
3724,0.116368,0.092009,0.131374,0.256749
3725,0.116399,0.0919993,0.131353,0.256695
3726,0.11643,0.0919896,0.131332,0.25664
3727,0.116461,0.0919798,0.131311,0.256586
3728,0.116493,0.0919701,0.13129,0.256532
3729,0.116524,0.0919603,0.131269,0.256477
3730,0.116555,0.0919506,0.131249,0.256423
3731,0.116586,0.0919409,0.131228,0.256369
3732,0.116618,0.0919312,0.131207,0.256315
3733,0.116649,0.0919214,0.131186,0.256261
3734,0.11668,0.0919117,0.131165,0.256207
3735,0.116711,0.091902,0.131145,0.256152
3736,0.116743,0.0918923,0.131124,0.256098
3737,0.116774,0.0918826,0.131103,0.256044
3738,0.116805,0.0918729,0.131082,0.25599
3739,0.116836,0.0918632,0.131062,0.255936
3740,0.116868,0.0918535,0.131041,0.255882
3741,0.116899,0.0918438,0.13102,0.255828
3742,0.11693,0.0918341,0.130999,0.255774
3743,0.116961,0.0918244,0.130979,0.25572
3744,0.116993,0.0918147,0.130958,0.255666
3745,0.117024,0.091805,0.130937,0.255612
3746,0.117055,0.0917953,0.130917,0.255558
3747,0.117086,0.0917857,0.130896,0.255504
3748,0.117118,0.091776,0.130875,0.25545
3749,0.117149,0.0917663,0.130855,0.255397
3750,0.11718,0.0917566,0.130834,0.255343
3751,0.117211,0.091747,0.130813,0.255289
3752,0.117243,0.0917373,0.130793,0.255235
3753,0.117274,0.0917277,0.130772,0.255181
3754,0.117305,0.091718,0.130751,0.255127
3755,0.117336,0.0917083,0.130731,0.255074
3756,0.117368,0.0916987,0.13071,0.25502
3757,0.117399,0.091689,0.13069,0.254966
3758,0.11743,0.0916794,0.130669,0.254912
3759,0.117461,0.0916698,0.130648,0.254859
3760,0.117493,0.0916601,0.130628,0.254805
3761,0.117524,0.0916505,0.130607,0.254751
3762,0.117555,0.0916408,0.130587,0.254698
3763,0.117586,0.0916312,0.130566,0.254644
3764,0.117618,0.0916216,0.130546,0.25459
3765,0.117649,0.091612,0.130525,0.254537
3766,0.11768,0.0916023,0.130504,0.254483
3767,0.117711,0.0915927,0.130484,0.25443
3768,0.117743,0.0915831,0.130463,0.254376
3769,0.117774,0.0915735,0.130443,0.254322
3770,0.117805,0.0915639,0.130422,0.254269
3771,0.117836,0.0915543,0.130402,0.254215
3772,0.117868,0.0915447,0.130381,0.254162
3773,0.117899,0.0915351,0.130361,0.254108
3774,0.11793,0.0915255,0.13034,0.254055
3775,0.117961,0.0915159,0.13032,0.254001
3776,0.117993,0.0915063,0.1303,0.253948
3777,0.118024,0.0914967,0.130279,0.253895
3778,0.118055,0.0914871,0.130259,0.253841
3779,0.118086,0.0914775,0.130238,0.253788
3780,0.118118,0.091468,0.130218,0.253735
3781,0.118149,0.0914584,0.130197,0.253681
3782,0.11818,0.0914488,0.130177,0.253628
3783,0.118211,0.0914392,0.130157,0.253575
3784,0.118243,0.0914297,0.130136,0.253521
3785,0.118274,0.0914201,0.130116,0.253468
3786,0.118305,0.0914106,0.130095,0.253415
3787,0.118336,0.091401,0.130075,0.253361
3788,0.118368,0.0913914,0.130055,0.253308
3789,0.118399,0.0913819,0.130034,0.253255
3790,0.11843,0.0913723,0.130014,0.253202
3791,0.118461,0.0913628,0.129994,0.253149
3792,0.118493,0.0913532,0.129973,0.253096
3793,0.118524,0.0913437,0.129953,0.253042
3794,0.118555,0.0913342,0.129933,0.252989
3795,0.118586,0.0913246,0.129912,0.252936
3796,0.118618,0.0913151,0.129892,0.252883
3797,0.118649,0.0913056,0.129872,0.25283
3798,0.11868,0.091296,0.129851,0.252777
3799,0.118711,0.0912865,0.129831,0.252724
3800,0.118743,0.091277,0.129811,0.252671
3801,0.118774,0.0912675,0.12979,0.252618
3802,0.118805,0.091258,0.12977,0.252565
3803,0.118836,0.0912485,0.12975,0.252512
3804,0.118868,0.091239,0.12973,0.252459
3805,0.118899,0.0912294,0.129709,0.252406
3806,0.11893,0.0912199,0.129689,0.252353
3807,0.118961,0.0912104,0.129669,0.2523
3808,0.118993,0.091201,0.129649,0.252247
3809,0.119024,0.0911915,0.129628,0.252194
3810,0.119055,0.091182,0.129608,0.252142
3811,0.119086,0.0911725,0.129588,0.252089
3812,0.119118,0.091163,0.129568,0.252036
3813,0.119149,0.0911535,0.129548,0.251983
3814,0.11918,0.091144,0.129528,0.25193
3815,0.119211,0.0911346,0.129507,0.251878
3816,0.119243,0.0911251,0.129487,0.251825
3817,0.119274,0.0911156,0.129467,0.251772
3818,0.119305,0.0911062,0.129447,0.251719
3819,0.119336,0.0910967,0.129427,0.251667
3820,0.119368,0.0910872,0.129407,0.251614
3821,0.119399,0.0910778,0.129386,0.251561
3822,0.11943,0.0910683,0.129366,0.251509
3823,0.119461,0.0910589,0.129346,0.251456
3824,0.119493,0.0910494,0.129326,0.251403
3825,0.119524,0.09104,0.129306,0.251351
3826,0.119555,0.0910305,0.129286,0.251298
3827,0.119586,0.0910211,0.129266,0.251246
3828,0.119618,0.0910116,0.129246,0.251193
3829,0.119649,0.0910022,0.129226,0.25114
3830,0.11968,0.0909928,0.129206,0.251088
3831,0.119711,0.0909833,0.129186,0.251035
3832,0.119743,0.0909739,0.129166,0.250983
3833,0.119774,0.0909645,0.129145,0.250931
3834,0.119805,0.0909551,0.129125,0.250878
3835,0.119836,0.0909457,0.129105,0.250826
3836,0.119868,0.0909362,0.129085,0.250773
3837,0.119899,0.0909268,0.129065,0.250721
3838,0.11993,0.0909174,0.129045,0.250668
3839,0.119961,0.090908,0.129025,0.250616
3840,0.119993,0.0908986,0.129005,0.250565
3841,0.120024,0.0908892,0.128985,0.250514
3842,0.120055,0.0908798,0.128965,0.250463
3843,0.120086,0.0908704,0.128945,0.250411
3844,0.120117,0.090861,0.128926,0.25036
3845,0.120149,0.0908516,0.128906,0.250309
3846,0.12018,0.0908423,0.128886,0.250258
3847,0.120211,0.0908329,0.128866,0.250207
3848,0.120242,0.0908235,0.128846,0.250156
3849,0.120274,0.0908141,0.128826,0.250105
3850,0.120305,0.0908047,0.128806,0.250054
3851,0.120336,0.0907954,0.128786,0.250003
3852,0.120367,0.090786,0.128766,0.249952
3853,0.120399,0.0907766,0.128746,0.249901
3854,0.12043,0.0907673,0.128726,0.24985
3855,0.120461,0.0907579,0.128706,0.249799
3856,0.120492,0.0907486,0.128687,0.249748
3857,0.120524,0.0907392,0.128667,0.249697
3858,0.120555,0.0907299,0.128647,0.249646
3859,0.120586,0.0907205,0.128627,0.249595
3860,0.120617,0.0907112,0.128607,0.249545
3861,0.120649,0.0907018,0.128587,0.249494
3862,0.12068,0.0906925,0.128567,0.249443
3863,0.120711,0.0906831,0.128548,0.249392
3864,0.120742,0.0906738,0.128528,0.249341
3865,0.120774,0.0906645,0.128508,0.24929
3866,0.120805,0.0906551,0.128488,0.24924
3867,0.120836,0.0906458,0.128468,0.249189
3868,0.120867,0.0906365,0.128449,0.249138
3869,0.120899,0.0906272,0.128429,0.249087
3870,0.12093,0.0906179,0.128409,0.249037
3871,0.120961,0.0906085,0.128389,0.248986
3872,0.120992,0.0905992,0.12837,0.248935
3873,0.121024,0.0905899,0.12835,0.248885
3874,0.121055,0.0905806,0.12833,0.248834
3875,0.121086,0.0905713,0.12831,0.248783
3876,0.121117,0.090562,0.128291,0.248733
3877,0.121149,0.0905527,0.128271,0.248682
3878,0.12118,0.0905434,0.128251,0.248632
3879,0.121211,0.0905341,0.128231,0.248581
3880,0.121242,0.0905248,0.128212,0.24853
3881,0.121274,0.0905156,0.128192,0.24848
3882,0.121305,0.0905063,0.128172,0.248429
3883,0.121336,0.090497,0.128153,0.248379
3884,0.121367,0.0904877,0.128133,0.248328
3885,0.121399,0.0904784,0.128113,0.248278
3886,0.12143,0.0904692,0.128094,0.248227
3887,0.121461,0.0904599,0.128074,0.248177
3888,0.121492,0.0904506,0.128054,0.248126
3889,0.121524,0.0904414,0.128035,0.248076
3890,0.121555,0.0904321,0.128015,0.248026
3891,0.121586,0.0904229,0.127995,0.247975
3892,0.121617,0.0904136,0.127976,0.247925
3893,0.121649,0.0904044,0.127956,0.247874
3894,0.12168,0.0903951,0.127937,0.247824
3895,0.121711,0.0903859,0.127917,0.247774
3896,0.121742,0.0903766,0.127897,0.247724
3897,0.121774,0.0903674,0.127878,0.247673
3898,0.121805,0.0903581,0.127858,0.247623
3899,0.121836,0.0903489,0.127839,0.247573
3900,0.121867,0.0903397,0.127819,0.247522
3901,0.121899,0.0903304,0.1278,0.247472
3902,0.12193,0.0903212,0.12778,0.247422
3903,0.121961,0.090312,0.12776,0.247372
3904,0.121992,0.0903028,0.127741,0.247322
3905,0.122024,0.0902936,0.127721,0.247271
3906,0.122055,0.0902843,0.127702,0.247221
3907,0.122086,0.0902751,0.127682,0.247171
3908,0.122117,0.0902659,0.127663,0.247121
3909,0.122149,0.0902567,0.127643,0.247071
3910,0.12218,0.0902475,0.127624,0.247021
3911,0.122211,0.0902383,0.127604,0.246971
3912,0.122242,0.0902291,0.127585,0.246921
3913,0.122274,0.0902199,0.127565,0.24687
3914,0.122305,0.0902107,0.127546,0.24682
3915,0.122336,0.0902015,0.127526,0.24677
3916,0.122367,0.0901923,0.127507,0.24672
3917,0.122399,0.0901832,0.127488,0.24667
3918,0.12243,0.090174,0.127468,0.24662
3919,0.122461,0.0901648,0.127449,0.24657
3920,0.122492,0.0901556,0.127429,0.24652
3921,0.122524,0.0901464,0.12741,0.246471
3922,0.122555,0.0901373,0.12739,0.246421
3923,0.122586,0.0901281,0.127371,0.246371
3924,0.122617,0.0901189,0.127352,0.246321
3925,0.122649,0.0901098,0.127332,0.246271
3926,0.12268,0.0901006,0.127313,0.246221
3927,0.122711,0.0900915,0.127293,0.246171
3928,0.122742,0.0900823,0.127274,0.246121
3929,0.122774,0.0900731,0.127255,0.246072
3930,0.122805,0.090064,0.127235,0.246022
3931,0.122836,0.0900549,0.127216,0.245972
3932,0.122867,0.0900457,0.127197,0.245922
3933,0.122899,0.0900366,0.127177,0.245872
3934,0.12293,0.0900274,0.127158,0.245823
3935,0.122961,0.0900183,0.127139,0.245773
3936,0.122992,0.0900092,0.127119,0.245723
3937,0.123024,0.09,0.1271,0.245674
3938,0.123055,0.0899909,0.127081,0.245624
3939,0.123086,0.0899818,0.127061,0.245574
3940,0.123117,0.0899727,0.127042,0.245525
3941,0.123149,0.0899635,0.127023,0.245475
3942,0.12318,0.0899544,0.127004,0.245425
3943,0.123211,0.0899453,0.126984,0.245376
3944,0.123242,0.0899362,0.126965,0.245326
3945,0.123274,0.0899271,0.126946,0.245277
3946,0.123305,0.089918,0.126927,0.245227
3947,0.123336,0.0899089,0.126907,0.245177
3948,0.123367,0.0898998,0.126888,0.245128
3949,0.123399,0.0898907,0.126869,0.245078
3950,0.12343,0.0898816,0.12685,0.245029
3951,0.123461,0.0898725,0.12683,0.244979
3952,0.123492,0.0898634,0.126811,0.24493
3953,0.123524,0.0898543,0.126792,0.244881
3954,0.123555,0.0898453,0.126773,0.244831
3955,0.123586,0.0898362,0.126754,0.244782
3956,0.123617,0.0898271,0.126735,0.244732
3957,0.123649,0.089818,0.126715,0.244683
3958,0.12368,0.0898089,0.126696,0.244633
3959,0.123711,0.0897999,0.126677,0.244584
3960,0.123742,0.0897908,0.126658,0.244535
3961,0.123774,0.0897817,0.126639,0.244485
3962,0.123805,0.0897727,0.12662,0.244436
3963,0.123836,0.0897636,0.1266,0.244387
3964,0.123867,0.0897546,0.126581,0.244338
3965,0.123899,0.0897455,0.126562,0.244288
3966,0.12393,0.0897365,0.126543,0.244239
3967,0.123961,0.0897274,0.126524,0.24419
3968,0.123992,0.0897184,0.126505,0.24414
3969,0.124023,0.0897093,0.126486,0.244091
3970,0.124055,0.0897003,0.126467,0.244042
3971,0.124086,0.0896913,0.126448,0.243993
3972,0.124117,0.0896822,0.126429,0.243944
3973,0.124148,0.0896732,0.12641,0.243895
3974,0.12418,0.0896642,0.12639,0.243845
3975,0.124211,0.0896551,0.126371,0.243796
3976,0.124242,0.0896461,0.126352,0.243747
3977,0.124273,0.0896371,0.126333,0.243698
3978,0.124305,0.0896281,0.126314,0.243649
3979,0.124336,0.0896191,0.126295,0.2436
3980,0.124367,0.08961,0.126276,0.243551
3981,0.124398,0.089601,0.126257,0.243502
3982,0.12443,0.089592,0.126238,0.243453
3983,0.124461,0.089583,0.126219,0.243404
3984,0.124492,0.089574,0.1262,0.243355
3985,0.124523,0.089565,0.126181,0.243306
3986,0.124555,0.089556,0.126162,0.243257
3987,0.124586,0.089547,0.126143,0.243208
3988,0.124617,0.089538,0.126124,0.243159
3989,0.124648,0.089529,0.126105,0.24311
3990,0.12468,0.0895201,0.126086,0.243061
3991,0.124711,0.0895111,0.126068,0.243012
3992,0.124742,0.0895021,0.126049,0.242963
3993,0.124773,0.0894931,0.12603,0.242915
3994,0.124805,0.0894841,0.126011,0.242866
3995,0.124836,0.0894752,0.125992,0.242817
3996,0.124867,0.0894662,0.125973,0.242768
3997,0.124898,0.0894572,0.125954,0.242719
3998,0.12493,0.0894483,0.125935,0.24267
3999,0.124961,0.0894393,0.125916,0.242622
4000,0.124992,0.0894304,0.125897,0.242573
4001,0.125023,0.0894214,0.125878,0.242524
4002,0.125055,0.0894124,0.12586,0.242475
4003,0.125086,0.0894035,0.125841,0.242427
4004,0.125117,0.0893945,0.125822,0.242378
4005,0.125148,0.0893856,0.125803,0.242329
4006,0.12518,0.0893767,0.125784,0.242281
4007,0.125211,0.0893677,0.125765,0.242232
4008,0.125242,0.0893588,0.125746,0.242183
4009,0.125273,0.0893498,0.125728,0.242135
4010,0.125305,0.0893409,0.125709,0.242086
4011,0.125336,0.089332,0.12569,0.242038
4012,0.125367,0.089323,0.125671,0.241989
4013,0.125398,0.0893141,0.125652,0.24194
4014,0.12543,0.0893052,0.125634,0.241892
4015,0.125461,0.0892963,0.125615,0.241843
4016,0.125492,0.0892874,0.125596,0.241795
4017,0.125523,0.0892785,0.125577,0.241746
4018,0.125555,0.0892695,0.125559,0.241698
4019,0.125586,0.0892606,0.12554,0.241649
4020,0.125617,0.0892517,0.125521,0.241601
4021,0.125648,0.0892428,0.125502,0.241552
4022,0.12568,0.0892339,0.125484,0.241504
4023,0.125711,0.089225,0.125465,0.241456
4024,0.125742,0.0892161,0.125446,0.241407
4025,0.125773,0.0892072,0.125427,0.241359
4026,0.125805,0.0891983,0.125409,0.24131
4027,0.125836,0.0891895,0.12539,0.241262
4028,0.125867,0.0891806,0.125371,0.241214
4029,0.125898,0.0891717,0.125353,0.241165
4030,0.12593,0.0891628,0.125334,0.241117
4031,0.125961,0.0891539,0.125315,0.241069
4032,0.125992,0.0891451,0.125296,0.241021
4033,0.126023,0.0891362,0.125278,0.240972
4034,0.126055,0.0891273,0.125259,0.240924
4035,0.126086,0.0891184,0.125241,0.240876
4036,0.126117,0.0891096,0.125222,0.240828
4037,0.126148,0.0891007,0.125203,0.240779
4038,0.12618,0.0890919,0.125185,0.240731
4039,0.126211,0.089083,0.125166,0.240683
4040,0.126242,0.0890741,0.125147,0.240635
4041,0.126273,0.0890653,0.125129,0.240587
4042,0.126305,0.0890564,0.12511,0.240538
4043,0.126336,0.0890476,0.125092,0.24049
4044,0.126367,0.0890388,0.125073,0.240442
4045,0.126398,0.0890299,0.125054,0.240394
4046,0.12643,0.0890211,0.125036,0.240346
4047,0.126461,0.0890122,0.125017,0.240298
4048,0.126492,0.0890034,0.124999,0.24025
4049,0.126523,0.0889946,0.12498,0.240202
4050,0.126555,0.0889858,0.124961,0.240154
4051,0.126586,0.0889769,0.124943,0.240106
4052,0.126617,0.0889681,0.124924,0.240058
4053,0.126648,0.0889593,0.124906,0.24001
4054,0.12668,0.0889505,0.124887,0.239962
4055,0.126711,0.0889417,0.124869,0.239914
4056,0.126742,0.0889328,0.12485,0.239866
4057,0.126773,0.088924,0.124832,0.239818
4058,0.126805,0.0889152,0.124813,0.23977
4059,0.126836,0.0889064,0.124795,0.239722
4060,0.126867,0.0888976,0.124776,0.239674
4061,0.126898,0.0888888,0.124758,0.239627
4062,0.12693,0.08888,0.124739,0.239579
4063,0.126961,0.0888712,0.124721,0.239532
4064,0.126992,0.0888624,0.124702,0.239486
4065,0.127023,0.0888536,0.124684,0.239439
4066,0.127055,0.0888449,0.124665,0.239392
4067,0.127086,0.0888361,0.124647,0.239345
4068,0.127117,0.0888273,0.124629,0.239299
4069,0.127148,0.0888185,0.12461,0.239252
4070,0.12718,0.0888097,0.124592,0.239205
4071,0.127211,0.088801,0.124573,0.239159
4072,0.127242,0.0887922,0.124555,0.239112
4073,0.127273,0.0887834,0.124536,0.239065
4074,0.127305,0.0887747,0.124518,0.239019
4075,0.127336,0.0887659,0.1245,0.238972
4076,0.127367,0.0887571,0.124481,0.238925
4077,0.127398,0.0887484,0.124463,0.238879
4078,0.12743,0.0887396,0.124444,0.238832
4079,0.127461,0.0887309,0.124426,0.238786
4080,0.127492,0.0887221,0.124408,0.238739
4081,0.127523,0.0887134,0.124389,0.238693
4082,0.127555,0.0887046,0.124371,0.238646
4083,0.127586,0.0886959,0.124353,0.2386
4084,0.127617,0.0886871,0.124334,0.238553
4085,0.127648,0.0886784,0.124316,0.238507
4086,0.12768,0.0886697,0.124298,0.23846
4087,0.127711,0.0886609,0.124279,0.238414
4088,0.127742,0.0886522,0.124261,0.238367
4089,0.127773,0.0886435,0.124243,0.238321
4090,0.127805,0.0886347,0.124224,0.238274
4091,0.127836,0.088626,0.124206,0.238228
4092,0.127867,0.0886173,0.124188,0.238182
4093,0.127898,0.0886086,0.124169,0.238135
4094,0.12793,0.0885999,0.124151,0.238089
4095,0.127961,0.0885912,0.124133,0.238042
4096,0.127992,0.0885824,0.124115,0.237996
4097,0.128023,0.0885737,0.124096,0.23795
4098,0.128054,0.088565,0.124078,0.237903
4099,0.128086,0.0885563,0.12406,0.237857
4100,0.128117,0.0885476,0.124042,0.237811
4101,0.128148,0.0885389,0.124023,0.237765
4102,0.128179,0.0885302,0.124005,0.237718
4103,0.128211,0.0885215,0.123987,0.237672
4104,0.128242,0.0885129,0.123969,0.237626
4105,0.128273,0.0885042,0.123951,0.23758
4106,0.128304,0.0884955,0.123932,0.237533
4107,0.128336,0.0884868,0.123914,0.237487
4108,0.128367,0.0884781,0.123896,0.237441
4109,0.128398,0.0884694,0.123878,0.237395
4110,0.128429,0.0884608,0.12386,0.237349
4111,0.128461,0.0884521,0.123841,0.237303
4112,0.128492,0.0884434,0.123823,0.237257
4113,0.128523,0.0884348,0.123805,0.23721
4114,0.128554,0.0884261,0.123787,0.237164
4115,0.128586,0.0884174,0.123769,0.237118
4116,0.128617,0.0884088,0.123751,0.237072
4117,0.128648,0.0884001,0.123733,0.237026
4118,0.128679,0.0883915,0.123714,0.23698
4119,0.128711,0.0883828,0.123696,0.236934
4120,0.128742,0.0883742,0.123678,0.236888
4121,0.128773,0.0883655,0.12366,0.236842
4122,0.128804,0.0883569,0.123642,0.236796
4123,0.128836,0.0883482,0.123624,0.23675
4124,0.128867,0.0883396,0.123606,0.236704
4125,0.128898,0.088331,0.123588,0.236658
4126,0.128929,0.0883223,0.12357,0.236612
4127,0.128961,0.0883137,0.123552,0.236566
4128,0.128992,0.0883051,0.123533,0.23652
4129,0.129023,0.0882964,0.123515,0.236474
4130,0.129054,0.0882878,0.123497,0.236429
4131,0.129086,0.0882792,0.123479,0.236383
4132,0.129117,0.0882706,0.123461,0.236337
4133,0.129148,0.0882619,0.123443,0.236291
4134,0.129179,0.0882533,0.123425,0.236245
4135,0.129211,0.0882447,0.123407,0.236199
4136,0.129242,0.0882361,0.123389,0.236154
4137,0.129273,0.0882275,0.123371,0.236108
4138,0.129304,0.0882189,0.123353,0.236062
4139,0.129336,0.0882103,0.123335,0.236016
4140,0.129367,0.0882017,0.123317,0.23597
4141,0.129398,0.0881931,0.123299,0.235925
4142,0.129429,0.0881845,0.123281,0.235879
4143,0.129461,0.0881759,0.123263,0.235833
4144,0.129492,0.0881673,0.123245,0.235788
4145,0.129523,0.0881587,0.123227,0.235742
4146,0.129554,0.0881501,0.123209,0.235696
4147,0.129586,0.0881416,0.123191,0.235651
4148,0.129617,0.088133,0.123173,0.235605
4149,0.129648,0.0881244,0.123155,0.235559
4150,0.129679,0.0881158,0.123138,0.235514
4151,0.129711,0.0881073,0.12312,0.235468
4152,0.129742,0.0880987,0.123102,0.235422
4153,0.129773,0.0880901,0.123084,0.235377
4154,0.129804,0.0880816,0.123066,0.235331
4155,0.129836,0.088073,0.123048,0.235286
4156,0.129867,0.0880644,0.12303,0.23524
4157,0.129898,0.0880559,0.123012,0.235195
4158,0.129929,0.0880473,0.122994,0.235149
4159,0.129961,0.0880388,0.122976,0.235104
4160,0.129992,0.0880302,0.122959,0.235058
4161,0.130023,0.0880217,0.122941,0.235013
4162,0.130054,0.0880131,0.122923,0.234967
4163,0.130086,0.0880046,0.122905,0.234922
4164,0.130117,0.087996,0.122887,0.234876
4165,0.130148,0.0879875,0.122869,0.234831
4166,0.130179,0.087979,0.122851,0.234786
4167,0.130211,0.0879704,0.122834,0.23474
4168,0.130242,0.0879619,0.122816,0.234695
4169,0.130273,0.0879534,0.122798,0.234649
4170,0.130304,0.0879448,0.12278,0.234604
4171,0.130336,0.0879363,0.122762,0.234559
4172,0.130367,0.0879278,0.122745,0.234513
4173,0.130398,0.0879193,0.122727,0.234468
4174,0.130429,0.0879108,0.122709,0.234423
4175,0.130461,0.0879023,0.122691,0.234377
4176,0.130492,0.0878937,0.122673,0.234332
4177,0.130523,0.0878852,0.122656,0.234287
4178,0.130554,0.0878767,0.122638,0.234242
4179,0.130586,0.0878682,0.12262,0.234196
4180,0.130617,0.0878597,0.122602,0.234151
4181,0.130648,0.0878512,0.122585,0.234106
4182,0.130679,0.0878427,0.122567,0.234061
4183,0.130711,0.0878342,0.122549,0.234016
4184,0.130742,0.0878257,0.122531,0.23397
4185,0.130773,0.0878173,0.122514,0.233925
4186,0.130804,0.0878088,0.122496,0.23388
4187,0.130836,0.0878003,0.122478,0.233835
4188,0.130867,0.0877918,0.122461,0.23379
4189,0.130898,0.0877833,0.122443,0.233745
4190,0.130929,0.0877748,0.122425,0.2337
4191,0.130961,0.0877664,0.122407,0.233655
4192,0.130992,0.0877579,0.12239,0.23361
4193,0.131023,0.0877494,0.122372,0.233565
4194,0.131054,0.087741,0.122354,0.233519
4195,0.131086,0.0877325,0.122337,0.233474
4196,0.131117,0.087724,0.122319,0.233429
4197,0.131148,0.0877156,0.122302,0.233384
4198,0.131179,0.0877071,0.122284,0.233339
4199,0.131211,0.0876987,0.122266,0.233294
4200,0.131242,0.0876902,0.122249,0.23325
4201,0.131273,0.0876817,0.122231,0.233205
4202,0.131304,0.0876733,0.122213,0.23316
4203,0.131336,0.0876649,0.122196,0.233115
4204,0.131367,0.0876564,0.122178,0.23307
4205,0.131398,0.087648,0.122161,0.233025
4206,0.131429,0.0876395,0.122143,0.23298
4207,0.131461,0.0876311,0.122125,0.232935
4208,0.131492,0.0876227,0.122108,0.23289
4209,0.131523,0.0876142,0.12209,0.232845
4210,0.131554,0.0876058,0.122073,0.232801
4211,0.131586,0.0875974,0.122055,0.232756
4212,0.131617,0.0875889,0.122037,0.232711
4213,0.131648,0.0875805,0.12202,0.232666
4214,0.131679,0.0875721,0.122002,0.232621
4215,0.131711,0.0875637,0.121985,0.232577
4216,0.131742,0.0875553,0.121967,0.232532
4217,0.131773,0.0875469,0.12195,0.232487
4218,0.131804,0.0875384,0.121932,0.232442
4219,0.131836,0.08753,0.121915,0.232398
4220,0.131867,0.0875216,0.121897,0.232353
4221,0.131898,0.0875132,0.12188,0.232308
4222,0.131929,0.0875048,0.121862,0.232264
4223,0.131961,0.0874964,0.121845,0.232219
4224,0.131992,0.087488,0.121827,0.232174
4225,0.132023,0.0874796,0.12181,0.23213
4226,0.132054,0.0874713,0.121792,0.232085
4227,0.132085,0.0874629,0.121775,0.23204
4228,0.132117,0.0874545,0.121757,0.231996
4229,0.132148,0.0874461,0.12174,0.231951
4230,0.132179,0.0874377,0.121722,0.231907
4231,0.13221,0.0874293,0.121705,0.231862
4232,0.132242,0.087421,0.121687,0.231818
4233,0.132273,0.0874126,0.12167,0.231773
4234,0.132304,0.0874042,0.121653,0.231729
4235,0.132335,0.0873958,0.121635,0.231684
4236,0.132367,0.0873875,0.121618,0.23164
4237,0.132398,0.0873791,0.1216,0.231595
4238,0.132429,0.0873707,0.121583,0.231551
4239,0.13246,0.0873624,0.121566,0.231506
4240,0.132492,0.087354,0.121548,0.231462
4241,0.132523,0.0873457,0.121531,0.231417
4242,0.132554,0.0873373,0.121513,0.231373
4243,0.132585,0.087329,0.121496,0.231328
4244,0.132617,0.0873206,0.121479,0.231284
4245,0.132648,0.0873123,0.121461,0.23124
4246,0.132679,0.0873039,0.121444,0.231195
4247,0.13271,0.0872956,0.121427,0.231151
4248,0.132742,0.0872872,0.121409,0.231107
4249,0.132773,0.0872789,0.121392,0.231062
4250,0.132804,0.0872706,0.121374,0.231018
4251,0.132835,0.0872622,0.121357,0.230974
4252,0.132867,0.0872539,0.12134,0.230929
4253,0.132898,0.0872456,0.121323,0.230885
4254,0.132929,0.0872373,0.121305,0.230841
4255,0.13296,0.0872289,0.121288,0.230797
4256,0.132992,0.0872206,0.121271,0.230752
4257,0.133023,0.0872123,0.121253,0.230708
4258,0.133054,0.087204,0.121236,0.230664
4259,0.133085,0.0871957,0.121219,0.23062
4260,0.133117,0.0871874,0.121201,0.230575
4261,0.133148,0.087179,0.121184,0.230531
4262,0.133179,0.0871707,0.121167,0.230487
4263,0.13321,0.0871624,0.12115,0.230443
4264,0.133242,0.0871541,0.121132,0.230399
4265,0.133273,0.0871458,0.121115,0.230355
4266,0.133304,0.0871375,0.121098,0.230311
4267,0.133335,0.0871292,0.121081,0.230266
4268,0.133367,0.0871209,0.121063,0.230222
4269,0.133398,0.0871127,0.121046,0.230178
4270,0.133429,0.0871044,0.121029,0.230134
4271,0.13346,0.0870961,0.121012,0.23009
4272,0.133492,0.0870878,0.120994,0.230046
4273,0.133523,0.0870795,0.120977,0.230002
4274,0.133554,0.0870712,0.12096,0.229958
4275,0.133585,0.087063,0.120943,0.229914
4276,0.133617,0.0870547,0.120926,0.22987
4277,0.133648,0.0870464,0.120909,0.229826
4278,0.133679,0.0870381,0.120891,0.229782
4279,0.13371,0.0870299,0.120874,0.229738
4280,0.133742,0.0870216,0.120857,0.229694
4281,0.133773,0.0870134,0.12084,0.22965
4282,0.133804,0.0870051,0.120823,0.229607
4283,0.133835,0.0869968,0.120806,0.229563
4284,0.133867,0.0869886,0.120788,0.229519
4285,0.133898,0.0869803,0.120771,0.229475
4286,0.133929,0.0869721,0.120754,0.229431
4287,0.13396,0.0869638,0.120737,0.229387
4288,0.133992,0.0869556,0.12072,0.229343
4289,0.134023,0.0869473,0.120703,0.2293
4290,0.134054,0.0869391,0.120686,0.229257
4291,0.134085,0.0869309,0.120669,0.229214
4292,0.134117,0.0869226,0.120651,0.229171
4293,0.134148,0.0869144,0.120634,0.229128
4294,0.134179,0.0869062,0.120617,0.229085
4295,0.13421,0.0868979,0.1206,0.229043
4296,0.134242,0.0868897,0.120583,0.229
4297,0.134273,0.0868815,0.120566,0.228957
4298,0.134304,0.0868732,0.120549,0.228914
4299,0.134335,0.086865,0.120532,0.228871
4300,0.134367,0.0868568,0.120515,0.228829
4301,0.134398,0.0868486,0.120498,0.228786
4302,0.134429,0.0868404,0.120481,0.228743
4303,0.13446,0.0868322,0.120464,0.228701
4304,0.134492,0.086824,0.120447,0.228658
4305,0.134523,0.0868157,0.12043,0.228615
4306,0.134554,0.0868075,0.120413,0.228572
4307,0.134585,0.0867993,0.120396,0.22853
4308,0.134617,0.0867911,0.120379,0.228487
4309,0.134648,0.0867829,0.120362,0.228444
4310,0.134679,0.0867747,0.120345,0.228402
4311,0.13471,0.0867666,0.120328,0.228359
4312,0.134742,0.0867584,0.120311,0.228317
4313,0.134773,0.0867502,0.120294,0.228274
4314,0.134804,0.086742,0.120277,0.228231
4315,0.134835,0.0867338,0.12026,0.228189
4316,0.134867,0.0867256,0.120243,0.228146
4317,0.134898,0.0867174,0.120226,0.228104
4318,0.134929,0.0867093,0.120209,0.228061
4319,0.13496,0.0867011,0.120192,0.228019
4320,0.134992,0.0866929,0.120175,0.227976
4321,0.135023,0.0866847,0.120158,0.227934
4322,0.135054,0.0866766,0.120141,0.227891
4323,0.135085,0.0866684,0.120124,0.227849
4324,0.135117,0.0866602,0.120107,0.227806
4325,0.135148,0.0866521,0.12009,0.227764
4326,0.135179,0.0866439,0.120073,0.227721
4327,0.13521,0.0866358,0.120057,0.227679
4328,0.135242,0.0866276,0.12004,0.227637
4329,0.135273,0.0866195,0.120023,0.227594
4330,0.135304,0.0866113,0.120006,0.227552
4331,0.135335,0.0866032,0.119989,0.227509
4332,0.135367,0.086595,0.119972,0.227467
4333,0.135398,0.0865869,0.119955,0.227425
4334,0.135429,0.0865787,0.119938,0.227382
4335,0.13546,0.0865706,0.119921,0.22734
4336,0.135492,0.0865624,0.119905,0.227298
4337,0.135523,0.0865543,0.119888,0.227255
4338,0.135554,0.0865462,0.119871,0.227213
4339,0.135585,0.0865381,0.119854,0.227171
4340,0.135617,0.0865299,0.119837,0.227129
4341,0.135648,0.0865218,0.11982,0.227086
4342,0.135679,0.0865137,0.119804,0.227044
4343,0.13571,0.0865056,0.119787,0.227002
4344,0.135742,0.0864974,0.11977,0.22696
4345,0.135773,0.0864893,0.119753,0.226917
4346,0.135804,0.0864812,0.119736,0.226875
4347,0.135835,0.0864731,0.11972,0.226833
4348,0.135867,0.086465,0.119703,0.226791
4349,0.135898,0.0864569,0.119686,0.226749
4350,0.135929,0.0864488,0.119669,0.226706
4351,0.13596,0.0864407,0.119653,0.226664
4352,0.135992,0.0864326,0.119636,0.226622
4353,0.136023,0.0864245,0.119619,0.22658
4354,0.136054,0.0864164,0.119602,0.226538
4355,0.136085,0.0864083,0.119585,0.226496
4356,0.136116,0.0864002,0.119569,0.226454
4357,0.136148,0.0863921,0.119552,0.226412
4358,0.136179,0.086384,0.119535,0.22637
4359,0.13621,0.0863759,0.119519,0.226328
4360,0.136241,0.0863678,0.119502,0.226286
4361,0.136273,0.0863598,0.119485,0.226243
4362,0.136304,0.0863517,0.119468,0.226201
4363,0.136335,0.0863436,0.119452,0.226159
4364,0.136366,0.0863355,0.119435,0.226117
4365,0.136398,0.0863274,0.119418,0.226075
4366,0.136429,0.0863194,0.119402,0.226034
4367,0.13646,0.0863113,0.119385,0.225992
4368,0.136491,0.0863032,0.119368,0.22595
4369,0.136523,0.0862952,0.119352,0.225908
4370,0.136554,0.0862871,0.119335,0.225866
4371,0.136585,0.0862791,0.119318,0.225824
4372,0.136616,0.086271,0.119302,0.225782
4373,0.136648,0.0862629,0.119285,0.22574
4374,0.136679,0.0862549,0.119268,0.225698
4375,0.13671,0.0862468,0.119252,0.225656
4376,0.136741,0.0862388,0.119235,0.225614
4377,0.136773,0.0862308,0.119218,0.225573
4378,0.136804,0.0862227,0.119202,0.225531
4379,0.136835,0.0862147,0.119185,0.225489
4380,0.136866,0.0862066,0.119169,0.225447
4381,0.136898,0.0861986,0.119152,0.225405
4382,0.136929,0.0861906,0.119135,0.225364
4383,0.13696,0.0861825,0.119119,0.225322
4384,0.136991,0.0861745,0.119102,0.22528
4385,0.137023,0.0861665,0.119086,0.225238
4386,0.137054,0.0861584,0.119069,0.225197
4387,0.137085,0.0861504,0.119052,0.225155
4388,0.137116,0.0861424,0.119036,0.225113
4389,0.137148,0.0861344,0.119019,0.225071
4390,0.137179,0.0861264,0.119003,0.22503
4391,0.13721,0.0861183,0.118986,0.224988
4392,0.137241,0.0861103,0.11897,0.224946
4393,0.137273,0.0861023,0.118953,0.224905
4394,0.137304,0.0860943,0.118937,0.224863
4395,0.137335,0.0860863,0.11892,0.224821
4396,0.137366,0.0860783,0.118903,0.22478
4397,0.137398,0.0860703,0.118887,0.224738
4398,0.137429,0.0860623,0.11887,0.224697
4399,0.13746,0.0860543,0.118854,0.224655
4400,0.137491,0.0860463,0.118837,0.224613
4401,0.137523,0.0860383,0.118821,0.224572
4402,0.137554,0.0860303,0.118804,0.22453
4403,0.137585,0.0860223,0.118788,0.224489
4404,0.137616,0.0860143,0.118771,0.224447
4405,0.137648,0.0860064,0.118755,0.224406
4406,0.137679,0.0859984,0.118739,0.224364
4407,0.13771,0.0859904,0.118722,0.224323
4408,0.137741,0.0859824,0.118706,0.224281
4409,0.137773,0.0859744,0.118689,0.22424
4410,0.137804,0.0859665,0.118673,0.224198
4411,0.137835,0.0859585,0.118656,0.224157
4412,0.137866,0.0859505,0.11864,0.224115
4413,0.137898,0.0859426,0.118623,0.224074
4414,0.137929,0.0859346,0.118607,0.224033
4415,0.13796,0.0859266,0.11859,0.223991
4416,0.137991,0.0859187,0.118574,0.22395
4417,0.138023,0.0859107,0.118558,0.223908
4418,0.138054,0.0859028,0.118541,0.223867
4419,0.138085,0.0858948,0.118525,0.223826
4420,0.138116,0.0858869,0.118508,0.223784
4421,0.138148,0.0858789,0.118492,0.223743
4422,0.138179,0.085871,0.118476,0.223702
4423,0.13821,0.085863,0.118459,0.22366
4424,0.138241,0.0858551,0.118443,0.223619
4425,0.138273,0.0858471,0.118427,0.223578
4426,0.138304,0.0858392,0.11841,0.223537
4427,0.138335,0.0858313,0.118394,0.223495
4428,0.138366,0.0858233,0.118377,0.223454
4429,0.138398,0.0858154,0.118361,0.223413
4430,0.138429,0.0858075,0.118345,0.223372
4431,0.13846,0.0857995,0.118328,0.22333
4432,0.138491,0.0857916,0.118312,0.223289
4433,0.138523,0.0857837,0.118296,0.223248
4434,0.138554,0.0857758,0.118279,0.223207
4435,0.138585,0.0857678,0.118263,0.223166
4436,0.138616,0.0857599,0.118247,0.223124
4437,0.138648,0.085752,0.11823,0.223083
4438,0.138679,0.0857441,0.118214,0.223042
4439,0.13871,0.0857362,0.118198,0.223001
4440,0.138741,0.0857283,0.118182,0.22296
4441,0.138773,0.0857204,0.118165,0.222919
4442,0.138804,0.0857125,0.118149,0.222878
4443,0.138835,0.0857046,0.118133,0.222837
4444,0.138866,0.0856967,0.118116,0.222796
4445,0.138898,0.0856888,0.1181,0.222754
4446,0.138929,0.0856809,0.118084,0.222713
4447,0.13896,0.085673,0.118068,0.222672
4448,0.138991,0.0856651,0.118051,0.222631
4449,0.139023,0.0856572,0.118035,0.22259
4450,0.139054,0.0856493,0.118019,0.222549
4451,0.139085,0.0856414,0.118003,0.222508
4452,0.139116,0.0856335,0.117986,0.222467
4453,0.139148,0.0856256,0.11797,0.222426
4454,0.139179,0.0856178,0.117954,0.222385
4455,0.13921,0.0856099,0.117938,0.222345
4456,0.139241,0.085602,0.117922,0.222304
4457,0.139273,0.0855941,0.117905,0.222263
4458,0.139304,0.0855863,0.117889,0.222222
4459,0.139335,0.0855784,0.117873,0.222181
4460,0.139366,0.0855705,0.117857,0.22214
4461,0.139398,0.0855627,0.117841,0.222099
4462,0.139429,0.0855548,0.117824,0.222058
4463,0.13946,0.085547,0.117808,0.222017
4464,0.139491,0.0855391,0.117792,0.221977
4465,0.139523,0.0855312,0.117776,0.221936
4466,0.139554,0.0855234,0.11776,0.221895
4467,0.139585,0.0855155,0.117744,0.221854
4468,0.139616,0.0855077,0.117727,0.221813
4469,0.139648,0.0854998,0.117711,0.221772
4470,0.139679,0.085492,0.117695,0.221732
4471,0.13971,0.0854842,0.117679,0.221691
4472,0.139741,0.0854763,0.117663,0.22165
4473,0.139773,0.0854685,0.117647,0.221609
4474,0.139804,0.0854606,0.117631,0.221569
4475,0.139835,0.0854528,0.117615,0.221528
4476,0.139866,0.085445,0.117598,0.221487
4477,0.139898,0.0854371,0.117582,0.221447
4478,0.139929,0.0854293,0.117566,0.221406
4479,0.13996,0.0854215,0.11755,0.221365
4480,0.139991,0.0854137,0.117534,0.221325
4481,0.140022,0.0854058,0.117518,0.221284
4482,0.140054,0.085398,0.117502,0.221243
4483,0.140085,0.0853902,0.117486,0.221203
4484,0.140116,0.0853824,0.11747,0.221162
4485,0.140147,0.0853746,0.117454,0.221121
4486,0.140179,0.0853668,0.117438,0.221081
4487,0.14021,0.0853589,0.117422,0.22104
4488,0.140241,0.0853511,0.117406,0.221
4489,0.140272,0.0853433,0.11739,0.220959
4490,0.140304,0.0853355,0.117374,0.220919
4491,0.140335,0.0853277,0.117358,0.220878
4492,0.140366,0.0853199,0.117341,0.220837
4493,0.140397,0.0853121,0.117325,0.220797
4494,0.140429,0.0853043,0.117309,0.220756
4495,0.14046,0.0852965,0.117293,0.220716
4496,0.140491,0.0852888,0.117277,0.220675
4497,0.140522,0.085281,0.117261,0.220635
4498,0.140554,0.0852732,0.117245,0.220595
4499,0.140585,0.0852654,0.117229,0.220554
4500,0.140616,0.0852576,0.117213,0.220514
4501,0.140647,0.0852498,0.117197,0.220473
4502,0.140679,0.0852421,0.117182,0.220433
4503,0.14071,0.0852343,0.117166,0.220392
4504,0.140741,0.0852265,0.11715,0.220352
4505,0.140772,0.0852187,0.117134,0.220312
4506,0.140804,0.085211,0.117118,0.220271
4507,0.140835,0.0852032,0.117102,0.220231
4508,0.140866,0.0851954,0.117086,0.220191
4509,0.140897,0.0851877,0.11707,0.22015
4510,0.140929,0.0851799,0.117054,0.22011
4511,0.14096,0.0851721,0.117038,0.22007
4512,0.140991,0.0851644,0.117022,0.220029
4513,0.141022,0.0851566,0.117006,0.219989
4514,0.141054,0.0851489,0.11699,0.219949
4515,0.141085,0.0851411,0.116974,0.219908
4516,0.141116,0.0851334,0.116958,0.219868
4517,0.141147,0.0851256,0.116943,0.219828
4518,0.141179,0.0851179,0.116927,0.219788
4519,0.14121,0.0851101,0.116911,0.219747
4520,0.141241,0.0851024,0.116895,0.219707
4521,0.141272,0.0850947,0.116879,0.219667
4522,0.141304,0.0850869,0.116863,0.219627
4523,0.141335,0.0850792,0.116847,0.219588
4524,0.141366,0.0850715,0.116831,0.219549
4525,0.141397,0.0850637,0.116816,0.219509
4526,0.141429,0.085056,0.1168,0.21947
4527,0.14146,0.0850483,0.116784,0.219431
4528,0.141491,0.0850405,0.116768,0.219391
4529,0.141522,0.0850328,0.116752,0.219352
4530,0.141554,0.0850251,0.116736,0.219313
4531,0.141585,0.0850174,0.11672,0.219274
4532,0.141616,0.0850097,0.116705,0.219234
4533,0.141647,0.085002,0.116689,0.219195
4534,0.141679,0.0849942,0.116673,0.219156
4535,0.14171,0.0849865,0.116657,0.219117
4536,0.141741,0.0849788,0.116641,0.219078
4537,0.141772,0.0849711,0.116626,0.219038
4538,0.141804,0.0849634,0.11661,0.218999
4539,0.141835,0.0849557,0.116594,0.21896
4540,0.141866,0.084948,0.116578,0.218921
4541,0.141897,0.0849403,0.116562,0.218882
4542,0.141929,0.0849326,0.116547,0.218843
4543,0.14196,0.0849249,0.116531,0.218803
4544,0.141991,0.0849172,0.116515,0.218764
4545,0.142022,0.0849095,0.116499,0.218725
4546,0.142054,0.0849019,0.116484,0.218686
4547,0.142085,0.0848942,0.116468,0.218647
4548,0.142116,0.0848865,0.116452,0.218608
4549,0.142147,0.0848788,0.116436,0.218569
4550,0.142179,0.0848711,0.116421,0.21853
4551,0.14221,0.0848634,0.116405,0.218491
4552,0.142241,0.0848558,0.116389,0.218452
4553,0.142272,0.0848481,0.116374,0.218413
4554,0.142304,0.0848404,0.116358,0.218374
4555,0.142335,0.0848328,0.116342,0.218335
4556,0.142366,0.0848251,0.116326,0.218296
4557,0.142397,0.0848174,0.116311,0.218257
4558,0.142429,0.0848098,0.116295,0.218218
4559,0.14246,0.0848021,0.116279,0.218179
4560,0.142491,0.0847944,0.116264,0.21814
4561,0.142522,0.0847868,0.116248,0.218101
4562,0.142554,0.0847791,0.116232,0.218062
4563,0.142585,0.0847715,0.116217,0.218023
4564,0.142616,0.0847638,0.116201,0.217984
4565,0.142647,0.0847562,0.116185,0.217945
4566,0.142679,0.0847485,0.11617,0.217906
4567,0.14271,0.0847409,0.116154,0.217867
4568,0.142741,0.0847332,0.116138,0.217829
4569,0.142772,0.0847256,0.116123,0.21779
4570,0.142804,0.084718,0.116107,0.217751
4571,0.142835,0.0847103,0.116091,0.217712
4572,0.142866,0.0847027,0.116076,0.217673
4573,0.142897,0.084695,0.11606,0.217634
4574,0.142929,0.0846874,0.116045,0.217596
4575,0.14296,0.0846798,0.116029,0.217557
4576,0.142991,0.0846722,0.116013,0.217518
4577,0.143022,0.0846645,0.115998,0.217479
4578,0.143054,0.0846569,0.115982,0.21744
4579,0.143085,0.0846493,0.115967,0.217402
4580,0.143116,0.0846417,0.115951,0.217363
4581,0.143147,0.0846341,0.115935,0.217324
4582,0.143179,0.0846264,0.11592,0.217286
4583,0.14321,0.0846188,0.115904,0.217247
4584,0.143241,0.0846112,0.115889,0.217208
4585,0.143272,0.0846036,0.115873,0.217169
4586,0.143304,0.084596,0.115858,0.217131
4587,0.143335,0.0845884,0.115842,0.217092
4588,0.143366,0.0845808,0.115827,0.217053
4589,0.143397,0.0845732,0.115811,0.217015
4590,0.143429,0.0845656,0.115795,0.216976
4591,0.14346,0.084558,0.11578,0.216937
4592,0.143491,0.0845504,0.115764,0.216899
4593,0.143522,0.0845428,0.115749,0.21686
4594,0.143554,0.0845352,0.115733,0.216822
4595,0.143585,0.0845276,0.115718,0.216783
4596,0.143616,0.08452,0.115702,0.216745
4597,0.143647,0.0845124,0.115687,0.216706
4598,0.143679,0.0845049,0.115671,0.216667
4599,0.14371,0.0844973,0.115656,0.216629
4600,0.143741,0.0844897,0.11564,0.21659
4601,0.143772,0.0844821,0.115625,0.216552
4602,0.143804,0.0844746,0.115609,0.216513
4603,0.143835,0.084467,0.115594,0.216475
4604,0.143866,0.0844594,0.115578,0.216436
4605,0.143897,0.0844518,0.115563,0.216398
4606,0.143929,0.0844443,0.115548,0.216359
4607,0.14396,0.0844367,0.115532,0.216321
4608,0.143991,0.0844291,0.115517,0.216282
4609,0.144022,0.0844216,0.115501,0.216244
4610,0.144053,0.084414,0.115486,0.216205
4611,0.144085,0.0844065,0.11547,0.216167
4612,0.144116,0.0843989,0.115455,0.216129
4613,0.144147,0.0843914,0.115439,0.21609
4614,0.144178,0.0843838,0.115424,0.216052
4615,0.14421,0.0843762,0.115409,0.216013
4616,0.144241,0.0843687,0.115393,0.215975
4617,0.144272,0.0843612,0.115378,0.215937
4618,0.144303,0.0843536,0.115362,0.215898
4619,0.144335,0.0843461,0.115347,0.21586
4620,0.144366,0.0843385,0.115332,0.215822
4621,0.144397,0.084331,0.115316,0.215783
4622,0.144428,0.0843235,0.115301,0.215745
4623,0.14446,0.0843159,0.115285,0.215707
4624,0.144491,0.0843084,0.11527,0.215668
4625,0.144522,0.0843009,0.115255,0.21563
4626,0.144553,0.0842933,0.115239,0.215592
4627,0.144585,0.0842858,0.115224,0.215554
4628,0.144616,0.0842783,0.115209,0.215515
4629,0.144647,0.0842708,0.115193,0.215477
4630,0.144678,0.0842632,0.115178,0.215439
4631,0.14471,0.0842557,0.115163,0.215401
4632,0.144741,0.0842482,0.115147,0.215362
4633,0.144772,0.0842407,0.115132,0.215324
4634,0.144803,0.0842332,0.115117,0.215286
4635,0.144835,0.0842257,0.115101,0.215248
4636,0.144866,0.0842182,0.115086,0.21521
4637,0.144897,0.0842107,0.115071,0.215172
4638,0.144928,0.0842031,0.115055,0.215133
4639,0.14496,0.0841956,0.11504,0.215095
4640,0.144991,0.0841881,0.115025,0.215057
4641,0.145022,0.0841806,0.11501,0.215019
4642,0.145053,0.0841731,0.114994,0.214981
4643,0.145085,0.0841657,0.114979,0.214943
4644,0.145116,0.0841582,0.114964,0.214905
4645,0.145147,0.0841507,0.114948,0.214867
4646,0.145178,0.0841432,0.114933,0.214829
4647,0.14521,0.0841357,0.114918,0.214791
4648,0.145241,0.0841282,0.114903,0.214752
4649,0.145272,0.0841207,0.114887,0.214714
4650,0.145303,0.0841132,0.114872,0.214676
4651,0.145335,0.0841058,0.114857,0.214638
4652,0.145366,0.0840983,0.114842,0.2146
4653,0.145397,0.0840908,0.114826,0.214562
4654,0.145428,0.0840833,0.114811,0.214524
4655,0.14546,0.0840759,0.114796,0.214486
4656,0.145491,0.0840684,0.114781,0.214448
4657,0.145522,0.0840609,0.114766,0.21441
4658,0.145553,0.0840535,0.11475,0.214373
4659,0.145585,0.084046,0.114735,0.214335
4660,0.145616,0.0840385,0.11472,0.214297
4661,0.145647,0.0840311,0.114705,0.214259
4662,0.145678,0.0840236,0.114689,0.214221
4663,0.14571,0.0840162,0.114674,0.214183
4664,0.145741,0.0840087,0.114659,0.214145
4665,0.145772,0.0840013,0.114644,0.214107
4666,0.145803,0.0839938,0.114629,0.214069
4667,0.145835,0.0839864,0.114614,0.214031
4668,0.145866,0.0839789,0.114598,0.213994
4669,0.145897,0.0839715,0.114583,0.213956
4670,0.145928,0.083964,0.114568,0.213918
4671,0.14596,0.0839566,0.114553,0.21388
4672,0.145991,0.0839491,0.114538,0.213842
4673,0.146022,0.0839417,0.114523,0.213805
4674,0.146053,0.0839343,0.114508,0.213767
4675,0.146085,0.0839268,0.114492,0.213729
4676,0.146116,0.0839194,0.114477,0.213691
4677,0.146147,0.083912,0.114462,0.213653
4678,0.146178,0.0839045,0.114447,0.213616
4679,0.14621,0.0838971,0.114432,0.213578
4680,0.146241,0.0838897,0.114417,0.21354
4681,0.146272,0.0838823,0.114402,0.213503
4682,0.146303,0.0838749,0.114387,0.213465
4683,0.146335,0.0838674,0.114372,0.213427
4684,0.146366,0.08386,0.114356,0.213389
4685,0.146397,0.0838526,0.114341,0.213352
4686,0.146428,0.0838452,0.114326,0.213314
4687,0.14646,0.0838378,0.114311,0.213276
4688,0.146491,0.0838304,0.114296,0.213239
4689,0.146522,0.083823,0.114281,0.213201
4690,0.146553,0.0838156,0.114266,0.213164
4691,0.146585,0.0838082,0.114251,0.213126
4692,0.146616,0.0838008,0.114236,0.213088
4693,0.146647,0.0837934,0.114221,0.213051
4694,0.146678,0.083786,0.114206,0.213013
4695,0.14671,0.0837786,0.114191,0.212976
4696,0.146741,0.0837712,0.114176,0.212938
4697,0.146772,0.0837638,0.114161,0.2129
4698,0.146803,0.0837564,0.114146,0.212863
4699,0.146835,0.083749,0.114131,0.212825
4700,0.146866,0.0837416,0.114116,0.212788
4701,0.146897,0.0837342,0.114101,0.21275
4702,0.146928,0.0837269,0.114086,0.212713
4703,0.14696,0.0837195,0.114071,0.212675
4704,0.146991,0.0837121,0.114056,0.212638
4705,0.147022,0.0837047,0.114041,0.2126
4706,0.147053,0.0836973,0.114026,0.212563
4707,0.147085,0.08369,0.114011,0.212525
4708,0.147116,0.0836826,0.113996,0.212488
4709,0.147147,0.0836752,0.113981,0.212451
4710,0.147178,0.0836679,0.113966,0.212413
4711,0.14721,0.0836605,0.113951,0.212376
4712,0.147241,0.0836531,0.113936,0.212338
4713,0.147272,0.0836458,0.113921,0.212301
4714,0.147303,0.0836384,0.113906,0.212263
4715,0.147335,0.0836311,0.113891,0.212226
4716,0.147366,0.0836237,0.113876,0.212189
4717,0.147397,0.0836164,0.113861,0.212151
4718,0.147428,0.083609,0.113846,0.212114
4719,0.14746,0.0836017,0.113831,0.212077
4720,0.147491,0.0835943,0.113816,0.212039
4721,0.147522,0.083587,0.113801,0.212002
4722,0.147553,0.0835796,0.113786,0.211965
4723,0.147585,0.0835723,0.113772,0.211927
4724,0.147616,0.0835649,0.113757,0.21189
4725,0.147647,0.0835576,0.113742,0.211853
4726,0.147678,0.0835503,0.113727,0.211816
4727,0.14771,0.0835429,0.113712,0.211778
4728,0.147741,0.0835356,0.113697,0.211741
4729,0.147772,0.0835283,0.113682,0.211704
4730,0.147803,0.0835209,0.113667,0.211667
4731,0.147835,0.0835136,0.113652,0.211629
4732,0.147866,0.0835063,0.113638,0.211592
4733,0.147897,0.0834989,0.113623,0.211555
4734,0.147928,0.0834916,0.113608,0.211518
4735,0.14796,0.0834843,0.113593,0.211481
4736,0.147991,0.083477,0.113578,0.211443
4737,0.148022,0.0834697,0.113563,0.211406
4738,0.148053,0.0834624,0.113548,0.211369
4739,0.148084,0.083455,0.113534,0.211332
4740,0.148116,0.0834477,0.113519,0.211295
4741,0.148147,0.0834404,0.113504,0.211258
4742,0.148178,0.0834331,0.113489,0.211221
4743,0.148209,0.0834258,0.113474,0.211184
4744,0.148241,0.0834185,0.11346,0.211146
4745,0.148272,0.0834112,0.113445,0.211109
4746,0.148303,0.0834039,0.11343,0.211072
4747,0.148334,0.0833966,0.113415,0.211035
4748,0.148366,0.0833893,0.1134,0.210998
4749,0.148397,0.083382,0.113386,0.210961
4750,0.148428,0.0833747,0.113371,0.210924
4751,0.148459,0.0833674,0.113356,0.210887
4752,0.148491,0.0833602,0.113341,0.21085
4753,0.148522,0.0833529,0.113326,0.210813
4754,0.148553,0.0833456,0.113312,0.210776
4755,0.148584,0.0833383,0.113297,0.210739
4756,0.148616,0.083331,0.113282,0.210702
4757,0.148647,0.0833237,0.113267,0.210665
4758,0.148678,0.0833165,0.113253,0.210628
4759,0.148709,0.0833092,0.113238,0.210591
4760,0.148741,0.0833019,0.113223,0.210555
4761,0.148772,0.0832946,0.113208,0.210519
4762,0.148803,0.0832874,0.113194,0.210483
4763,0.148834,0.0832801,0.113179,0.210447
4764,0.148866,0.0832728,0.113164,0.21041
4765,0.148897,0.0832656,0.113149,0.210374
4766,0.148928,0.0832583,0.113135,0.210338
4767,0.148959,0.083251,0.11312,0.210302
4768,0.148991,0.0832438,0.113105,0.210266
4769,0.149022,0.0832365,0.113091,0.21023
4770,0.149053,0.0832293,0.113076,0.210194
4771,0.149084,0.083222,0.113061,0.210158
4772,0.149116,0.0832148,0.113047,0.210122
4773,0.149147,0.0832075,0.113032,0.210086
4774,0.149178,0.0832003,0.113017,0.21005
4775,0.149209,0.083193,0.113002,0.210014
4776,0.149241,0.0831858,0.112988,0.209978
4777,0.149272,0.0831785,0.112973,0.209942
4778,0.149303,0.0831713,0.112958,0.209906
4779,0.149334,0.0831641,0.112944,0.20987
4780,0.149366,0.0831568,0.112929,0.209834
4781,0.149397,0.0831496,0.112915,0.209798
4782,0.149428,0.0831424,0.1129,0.209762
4783,0.149459,0.0831351,0.112885,0.209726
4784,0.149491,0.0831279,0.112871,0.20969
4785,0.149522,0.0831207,0.112856,0.209654
4786,0.149553,0.0831134,0.112841,0.209618
4787,0.149584,0.0831062,0.112827,0.209582
4788,0.149616,0.083099,0.112812,0.209546
4789,0.149647,0.0830918,0.112797,0.20951
4790,0.149678,0.0830846,0.112783,0.209474
4791,0.149709,0.0830773,0.112768,0.209438
4792,0.149741,0.0830701,0.112754,0.209402
4793,0.149772,0.0830629,0.112739,0.209367
4794,0.149803,0.0830557,0.112724,0.209331
4795,0.149834,0.0830485,0.11271,0.209295
4796,0.149866,0.0830413,0.112695,0.209259
4797,0.149897,0.0830341,0.112681,0.209223
4798,0.149928,0.0830269,0.112666,0.209187
4799,0.149959,0.0830197,0.112652,0.209152
4800,0.149991,0.0830125,0.112637,0.209116
4801,0.150022,0.0830053,0.112622,0.20908
4802,0.150053,0.0829981,0.112608,0.209044
4803,0.150084,0.0829909,0.112593,0.209008
4804,0.150116,0.0829837,0.112579,0.208973
4805,0.150147,0.0829765,0.112564,0.208937
4806,0.150178,0.0829693,0.11255,0.208901
4807,0.150209,0.0829621,0.112535,0.208865
4808,0.150241,0.0829549,0.112521,0.20883
4809,0.150272,0.0829477,0.112506,0.208794
4810,0.150303,0.0829406,0.112492,0.208758
4811,0.150334,0.0829334,0.112477,0.208722
4812,0.150366,0.0829262,0.112463,0.208687
4813,0.150397,0.082919,0.112448,0.208651
4814,0.150428,0.0829118,0.112434,0.208615
4815,0.150459,0.0829047,0.112419,0.20858
4816,0.150491,0.0828975,0.112405,0.208544
4817,0.150522,0.0828903,0.11239,0.208508
4818,0.150553,0.0828832,0.112376,0.208473
4819,0.150584,0.082876,0.112361,0.208437
4820,0.150616,0.0828688,0.112347,0.208402
4821,0.150647,0.0828617,0.112332,0.208366
4822,0.150678,0.0828545,0.112318,0.20833
4823,0.150709,0.0828473,0.112303,0.208295
4824,0.150741,0.0828402,0.112289,0.208259
4825,0.150772,0.082833,0.112274,0.208224
4826,0.150803,0.0828259,0.11226,0.208188
4827,0.150834,0.0828187,0.112245,0.208152
4828,0.150866,0.0828116,0.112231,0.208117
4829,0.150897,0.0828044,0.112217,0.208081
4830,0.150928,0.0827973,0.112202,0.208046
4831,0.150959,0.0827901,0.112188,0.20801
4832,0.150991,0.082783,0.112173,0.207975
4833,0.151022,0.0827758,0.112159,0.207939
4834,0.151053,0.0827687,0.112144,0.207904
4835,0.151084,0.0827616,0.11213,0.207868
4836,0.151116,0.0827544,0.112116,0.207833
4837,0.151147,0.0827473,0.112101,0.207797
4838,0.151178,0.0827402,0.112087,0.207762
4839,0.151209,0.082733,0.112072,0.207726
4840,0.151241,0.0827259,0.112058,0.207691
4841,0.151272,0.0827188,0.112044,0.207656
4842,0.151303,0.0827117,0.112029,0.20762
4843,0.151334,0.0827045,0.112015,0.207585
4844,0.151366,0.0826974,0.112,0.207549
4845,0.151397,0.0826903,0.111986,0.207514
4846,0.151428,0.0826832,0.111972,0.207479
4847,0.151459,0.0826761,0.111957,0.207443
4848,0.151491,0.0826689,0.111943,0.207408
4849,0.151522,0.0826618,0.111929,0.207372
4850,0.151553,0.0826547,0.111914,0.207337
4851,0.151584,0.0826476,0.1119,0.207302
4852,0.151616,0.0826405,0.111886,0.207266
4853,0.151647,0.0826334,0.111871,0.207231
4854,0.151678,0.0826263,0.111857,0.207196
4855,0.151709,0.0826192,0.111843,0.20716
4856,0.151741,0.0826121,0.111828,0.207125
4857,0.151772,0.082605,0.111814,0.20709
4858,0.151803,0.0825979,0.1118,0.207055
4859,0.151834,0.0825908,0.111785,0.207019
4860,0.151866,0.0825837,0.111771,0.206984
4861,0.151897,0.0825766,0.111757,0.206949
4862,0.151928,0.0825695,0.111742,0.206914
4863,0.151959,0.0825624,0.111728,0.206878
4864,0.151991,0.0825553,0.111714,0.206843
4865,0.152022,0.0825483,0.1117,0.206808
4866,0.152053,0.0825412,0.111685,0.206773
4867,0.152084,0.0825341,0.111671,0.206738
4868,0.152115,0.082527,0.111657,0.206702
4869,0.152147,0.0825199,0.111643,0.206667
4870,0.152178,0.0825129,0.111628,0.206632
4871,0.152209,0.0825058,0.111614,0.206597
4872,0.15224,0.0824987,0.1116,0.206562
4873,0.152272,0.0824916,0.111586,0.206527
4874,0.152303,0.0824846,0.111571,0.206491
4875,0.152334,0.0824775,0.111557,0.206456
4876,0.152365,0.0824704,0.111543,0.206421
4877,0.152397,0.0824634,0.111529,0.206386
4878,0.152428,0.0824563,0.111514,0.206351
4879,0.152459,0.0824493,0.1115,0.206316
4880,0.15249,0.0824422,0.111486,0.206281
4881,0.152522,0.0824351,0.111472,0.206246
4882,0.152553,0.0824281,0.111457,0.206211
4883,0.152584,0.082421,0.111443,0.206176
4884,0.152615,0.082414,0.111429,0.206141
4885,0.152647,0.0824069,0.111415,0.206106
4886,0.152678,0.0823999,0.111401,0.20607
4887,0.152709,0.0823928,0.111386,0.206035
4888,0.15274,0.0823858,0.111372,0.206
4889,0.152772,0.0823787,0.111358,0.205965
4890,0.152803,0.0823717,0.111344,0.20593
4891,0.152834,0.0823647,0.11133,0.205895
4892,0.152865,0.0823576,0.111316,0.20586
4893,0.152897,0.0823506,0.111301,0.205826
4894,0.152928,0.0823436,0.111287,0.205791
4895,0.152959,0.0823365,0.111273,0.205756
4896,0.15299,0.0823295,0.111259,0.205721
4897,0.153022,0.0823225,0.111245,0.205686
4898,0.153053,0.0823154,0.111231,0.205651
4899,0.153084,0.0823084,0.111216,0.205616
4900,0.153115,0.0823014,0.111202,0.205581
4901,0.153147,0.0822944,0.111188,0.205546
4902,0.153178,0.0822873,0.111174,0.205511
4903,0.153209,0.0822803,0.11116,0.205476
4904,0.15324,0.0822733,0.111146,0.205442
4905,0.153272,0.0822663,0.111132,0.205407
4906,0.153303,0.0822593,0.111118,0.205372
4907,0.153334,0.0822523,0.111104,0.205337
4908,0.153365,0.0822453,0.111089,0.205302
4909,0.153397,0.0822382,0.111075,0.205267
4910,0.153428,0.0822312,0.111061,0.205232
4911,0.153459,0.0822242,0.111047,0.205198
4912,0.15349,0.0822172,0.111033,0.205163
4913,0.153522,0.0822102,0.111019,0.205128
4914,0.153553,0.0822032,0.111005,0.205093
4915,0.153584,0.0821962,0.110991,0.205059
4916,0.153615,0.0821892,0.110977,0.205024
4917,0.153647,0.0821822,0.110963,0.204989
4918,0.153678,0.0821752,0.110949,0.204954
4919,0.153709,0.0821683,0.110935,0.20492
4920,0.15374,0.0821613,0.110921,0.204885
4921,0.153772,0.0821543,0.110906,0.20485
4922,0.153803,0.0821473,0.110892,0.204815
4923,0.153834,0.0821403,0.110878,0.204781
4924,0.153865,0.0821333,0.110864,0.204746
4925,0.153897,0.0821263,0.11085,0.204711
4926,0.153928,0.0821194,0.110836,0.204677
4927,0.153959,0.0821124,0.110822,0.204642
4928,0.15399,0.0821054,0.110808,0.204607
4929,0.154022,0.0820984,0.110794,0.204573
4930,0.154053,0.0820915,0.11078,0.204538
4931,0.154084,0.0820845,0.110766,0.204503
4932,0.154115,0.0820775,0.110752,0.204469
4933,0.154147,0.0820706,0.110738,0.204434
4934,0.154178,0.0820636,0.110724,0.2044
4935,0.154209,0.0820566,0.11071,0.204365
4936,0.15424,0.0820497,0.110696,0.20433
4937,0.154272,0.0820427,0.110682,0.204296
4938,0.154303,0.0820357,0.110668,0.204261
4939,0.154334,0.0820288,0.110654,0.204227
4940,0.154365,0.0820218,0.11064,0.204192
4941,0.154397,0.0820149,0.110626,0.204158
4942,0.154428,0.0820079,0.110612,0.204123
4943,0.154459,0.082001,0.110598,0.204089
4944,0.15449,0.081994,0.110584,0.204054
4945,0.154522,0.0819871,0.110571,0.20402
4946,0.154553,0.0819801,0.110557,0.203985
4947,0.154584,0.0819732,0.110543,0.203951
4948,0.154615,0.0819662,0.110529,0.203916
4949,0.154647,0.0819593,0.110515,0.203882
4950,0.154678,0.0819524,0.110501,0.203847
4951,0.154709,0.0819454,0.110487,0.203813
4952,0.15474,0.0819385,0.110473,0.203778
4953,0.154772,0.0819316,0.110459,0.203744
4954,0.154803,0.0819246,0.110445,0.203709
4955,0.154834,0.0819177,0.110431,0.203675
4956,0.154865,0.0819108,0.110417,0.203641
4957,0.154897,0.0819038,0.110403,0.203606
4958,0.154928,0.0818969,0.11039,0.203572
4959,0.154959,0.08189,0.110376,0.203537
4960,0.15499,0.0818831,0.110362,0.203503
4961,0.155022,0.0818762,0.110348,0.203469
4962,0.155053,0.0818692,0.110334,0.203434
4963,0.155084,0.0818623,0.11032,0.2034
4964,0.155115,0.0818554,0.110306,0.203366
4965,0.155147,0.0818485,0.110292,0.203331
4966,0.155178,0.0818416,0.110279,0.203297
4967,0.155209,0.0818347,0.110265,0.203263
4968,0.15524,0.0818278,0.110251,0.203228
4969,0.155272,0.0818209,0.110237,0.203194
4970,0.155303,0.081814,0.110223,0.20316
4971,0.155334,0.081807,0.110209,0.203126
4972,0.155365,0.0818001,0.110195,0.203091
4973,0.155397,0.0817932,0.110182,0.203057
4974,0.155428,0.0817863,0.110168,0.203023
4975,0.155459,0.0817795,0.110154,0.202989
4976,0.15549,0.0817726,0.11014,0.202954
4977,0.155522,0.0817657,0.110126,0.20292
4978,0.155553,0.0817588,0.110112,0.202886
4979,0.155584,0.0817519,0.110099,0.202852
4980,0.155615,0.081745,0.110085,0.202817
4981,0.155647,0.0817381,0.110071,0.202783
4982,0.155678,0.0817312,0.110057,0.202749
4983,0.155709,0.0817243,0.110043,0.202715
4984,0.15574,0.0817175,0.11003,0.202681
4985,0.155772,0.0817106,0.110016,0.202647
4986,0.155803,0.0817037,0.110002,0.202612
4987,0.155834,0.0816968,0.109988,0.202578
4988,0.155865,0.0816899,0.109975,0.202544
4989,0.155897,0.0816831,0.109961,0.20251
4990,0.155928,0.0816762,0.109947,0.202476
4991,0.155959,0.0816693,0.109933,0.202442
4992,0.15599,0.0816625,0.10992,0.202408
4993,0.156021,0.0816556,0.109906,0.202374
4994,0.156053,0.0816487,0.109892,0.20234
4995,0.156084,0.0816419,0.109878,0.202305
4996,0.156115,0.081635,0.109865,0.202271
4997,0.156146,0.0816281,0.109851,0.202237
4998,0.156178,0.0816213,0.109837,0.202203
4999,0.156209,0.0816144,0.109823,0.202169
5000,0.15624,0.0816076,0.10981,0.202135
5001,0.156271,0.0816007,0.109796,0.202101
5002,0.156303,0.0815939,0.109782,0.202068
5003,0.156334,0.081587,0.109768,0.202034
5004,0.156365,0.0815802,0.109755,0.202001
5005,0.156396,0.0815733,0.109741,0.201968
5006,0.156428,0.0815665,0.109727,0.201934
5007,0.156459,0.0815596,0.109714,0.201901
5008,0.15649,0.0815528,0.1097,0.201868
5009,0.156521,0.081546,0.109686,0.201835
5010,0.156553,0.0815391,0.109673,0.201801
5011,0.156584,0.0815323,0.109659,0.201768
5012,0.156615,0.0815254,0.109645,0.201735
5013,0.156646,0.0815186,0.109631,0.201702
5014,0.156678,0.0815118,0.109618,0.201668
5015,0.156709,0.0815049,0.109604,0.201635
5016,0.15674,0.0814981,0.10959,0.201602
5017,0.156771,0.0814913,0.109577,0.201569
5018,0.156803,0.0814845,0.109563,0.201536
5019,0.156834,0.0814776,0.10955,0.201502
5020,0.156865,0.0814708,0.109536,0.201469
5021,0.156896,0.081464,0.109522,0.201436
5022,0.156928,0.0814572,0.109509,0.201403
5023,0.156959,0.0814504,0.109495,0.20137
5024,0.15699,0.0814435,0.109481,0.201337
5025,0.157021,0.0814367,0.109468,0.201303
5026,0.157053,0.0814299,0.109454,0.20127
5027,0.157084,0.0814231,0.10944,0.201237
5028,0.157115,0.0814163,0.109427,0.201204
5029,0.157146,0.0814095,0.109413,0.201171
5030,0.157178,0.0814027,0.1094,0.201138
5031,0.157209,0.0813959,0.109386,0.201105
5032,0.15724,0.0813891,0.109372,0.201072
5033,0.157271,0.0813823,0.109359,0.201039
5034,0.157303,0.0813755,0.109345,0.201006
5035,0.157334,0.0813687,0.109332,0.200973
5036,0.157365,0.0813619,0.109318,0.20094
5037,0.157396,0.0813551,0.109304,0.200907
5038,0.157428,0.0813483,0.109291,0.200873
5039,0.157459,0.0813415,0.109277,0.20084
5040,0.15749,0.0813347,0.109264,0.200807
5041,0.157521,0.0813279,0.10925,0.200774
5042,0.157553,0.0813211,0.109237,0.200741
5043,0.157584,0.0813144,0.109223,0.200708
5044,0.157615,0.0813076,0.10921,0.200675
5045,0.157646,0.0813008,0.109196,0.200643
5046,0.157678,0.081294,0.109182,0.20061
5047,0.157709,0.0812872,0.109169,0.200577
5048,0.15774,0.0812805,0.109155,0.200544
5049,0.157771,0.0812737,0.109142,0.200511
5050,0.157803,0.0812669,0.109128,0.200478
5051,0.157834,0.0812601,0.109115,0.200445
5052,0.157865,0.0812534,0.109101,0.200412
5053,0.157896,0.0812466,0.109088,0.200379
5054,0.157928,0.0812398,0.109074,0.200346
5055,0.157959,0.0812331,0.109061,0.200313
5056,0.15799,0.0812263,0.109047,0.20028
5057,0.158021,0.0812195,0.109034,0.200247
5058,0.158053,0.0812128,0.10902,0.200215
5059,0.158084,0.081206,0.109007,0.200182
5060,0.158115,0.0811993,0.108993,0.200149
5061,0.158146,0.0811925,0.10898,0.200116
5062,0.158178,0.0811858,0.108966,0.200083
5063,0.158209,0.081179,0.108953,0.20005
5064,0.15824,0.0811723,0.108939,0.200018
5065,0.158271,0.0811655,0.108926,0.199985
5066,0.158303,0.0811588,0.108912,0.199952
5067,0.158334,0.081152,0.108899,0.199919
5068,0.158365,0.0811453,0.108885,0.199886
5069,0.158396,0.0811385,0.108872,0.199854
5070,0.158428,0.0811318,0.108859,0.199821
5071,0.158459,0.081125,0.108845,0.199788
5072,0.15849,0.0811183,0.108832,0.199755
5073,0.158521,0.0811116,0.108818,0.199723
5074,0.158553,0.0811048,0.108805,0.19969
5075,0.158584,0.0810981,0.108791,0.199657
5076,0.158615,0.0810914,0.108778,0.199624
5077,0.158646,0.0810846,0.108765,0.199592
5078,0.158678,0.0810779,0.108751,0.199559
5079,0.158709,0.0810712,0.108738,0.199526
5080,0.15874,0.0810645,0.108724,0.199494
5081,0.158771,0.0810577,0.108711,0.199461
5082,0.158803,0.081051,0.108697,0.199428
5083,0.158834,0.0810443,0.108684,0.199396
5084,0.158865,0.0810376,0.108671,0.199363
5085,0.158896,0.0810309,0.108657,0.19933
5086,0.158928,0.0810241,0.108644,0.199298
5087,0.158959,0.0810174,0.10863,0.199265
5088,0.15899,0.0810107,0.108617,0.199232
5089,0.159021,0.081004,0.108604,0.1992
5090,0.159053,0.0809973,0.10859,0.199167
5091,0.159084,0.0809906,0.108577,0.199135
5092,0.159115,0.0809839,0.108564,0.199102
5093,0.159146,0.0809772,0.10855,0.199069
5094,0.159178,0.0809705,0.108537,0.199037
5095,0.159209,0.0809638,0.108524,0.199004
5096,0.15924,0.0809571,0.10851,0.198972
5097,0.159271,0.0809504,0.108497,0.198939
5098,0.159303,0.0809437,0.108484,0.198907
5099,0.159334,0.080937,0.10847,0.198874
5100,0.159365,0.0809303,0.108457,0.198842
5101,0.159396,0.0809236,0.108444,0.198809
5102,0.159428,0.0809169,0.10843,0.198776
5103,0.159459,0.0809102,0.108417,0.198744
5104,0.15949,0.0809035,0.108404,0.198711
5105,0.159521,0.0808968,0.10839,0.198679
5106,0.159553,0.0808902,0.108377,0.198647
5107,0.159584,0.0808835,0.108364,0.198614
5108,0.159615,0.0808768,0.10835,0.198582
5109,0.159646,0.0808701,0.108337,0.198549
5110,0.159678,0.0808634,0.108324,0.198517
5111,0.159709,0.0808568,0.10831,0.198484
5112,0.15974,0.0808501,0.108297,0.198452
5113,0.159771,0.0808434,0.108284,0.198419
5114,0.159803,0.0808367,0.108271,0.198387
5115,0.159834,0.0808301,0.108257,0.198355
5116,0.159865,0.0808234,0.108244,0.198322
5117,0.159896,0.0808167,0.108231,0.19829
5118,0.159928,0.0808101,0.108217,0.198257
5119,0.159959,0.0808034,0.108204,0.198225
5120,0.15999,0.0807967,0.108191,0.198193
5121,0.160021,0.0807901,0.108178,0.19816
5122,0.160052,0.0807834,0.108164,0.198128
5123,0.160084,0.0807768,0.108151,0.198096
5124,0.160115,0.0807701,0.108138,0.198063
5125,0.160146,0.0807635,0.108125,0.198031
5126,0.160177,0.0807568,0.108111,0.197999
5127,0.160209,0.0807502,0.108098,0.197966
5128,0.16024,0.0807435,0.108085,0.197934
5129,0.160271,0.0807369,0.108072,0.197902
5130,0.160302,0.0807302,0.108059,0.197869
5131,0.160334,0.0807236,0.108045,0.197837
5132,0.160365,0.0807169,0.108032,0.197805
5133,0.160396,0.0807103,0.108019,0.197772
5134,0.160427,0.0807036,0.108006,0.19774
5135,0.160459,0.080697,0.107992,0.197708
5136,0.16049,0.0806904,0.107979,0.197676
5137,0.160521,0.0806837,0.107966,0.197644
5138,0.160552,0.0806771,0.107953,0.197611
5139,0.160584,0.0806705,0.10794,0.197579
5140,0.160615,0.0806638,0.107927,0.197547
5141,0.160646,0.0806572,0.107913,0.197515
5142,0.160677,0.0806506,0.1079,0.197482
5143,0.160709,0.0806439,0.107887,0.19745
5144,0.16074,0.0806373,0.107874,0.197418
5145,0.160771,0.0806307,0.107861,0.197386
5146,0.160802,0.0806241,0.107848,0.197354
5147,0.160834,0.0806175,0.107834,0.197322
5148,0.160865,0.0806108,0.107821,0.197289
5149,0.160896,0.0806042,0.107808,0.197257
5150,0.160927,0.0805976,0.107795,0.197225
5151,0.160959,0.080591,0.107782,0.197193
5152,0.16099,0.0805844,0.107769,0.197161
5153,0.161021,0.0805778,0.107755,0.197129
5154,0.161052,0.0805712,0.107742,0.197097
5155,0.161084,0.0805646,0.107729,0.197065
5156,0.161115,0.0805579,0.107716,0.197033
5157,0.161146,0.0805513,0.107703,0.197
5158,0.161177,0.0805447,0.10769,0.196968
5159,0.161209,0.0805381,0.107677,0.196936
5160,0.16124,0.0805315,0.107664,0.196904
5161,0.161271,0.0805249,0.107651,0.196872
5162,0.161302,0.0805183,0.107637,0.19684
5163,0.161334,0.0805117,0.107624,0.196808
5164,0.161365,0.0805052,0.107611,0.196776
5165,0.161396,0.0804986,0.107598,0.196744
5166,0.161427,0.080492,0.107585,0.196712
5167,0.161459,0.0804854,0.107572,0.19668
5168,0.16149,0.0804788,0.107559,0.196648
5169,0.161521,0.0804722,0.107546,0.196616
5170,0.161552,0.0804656,0.107533,0.196584
5171,0.161584,0.080459,0.10752,0.196552
5172,0.161615,0.0804525,0.107507,0.19652
5173,0.161646,0.0804459,0.107494,0.196488
5174,0.161677,0.0804393,0.107481,0.196456
5175,0.161709,0.0804327,0.107467,0.196424
5176,0.16174,0.0804261,0.107454,0.196392
5177,0.161771,0.0804196,0.107441,0.196361
5178,0.161802,0.080413,0.107428,0.196329
5179,0.161834,0.0804064,0.107415,0.196297
5180,0.161865,0.0803999,0.107402,0.196265
5181,0.161896,0.0803933,0.107389,0.196233
5182,0.161927,0.0803867,0.107376,0.196201
5183,0.161959,0.0803802,0.107363,0.196169
5184,0.16199,0.0803736,0.10735,0.196137
5185,0.162021,0.080367,0.107337,0.196105
5186,0.162052,0.0803605,0.107324,0.196074
5187,0.162084,0.0803539,0.107311,0.196042
5188,0.162115,0.0803474,0.107298,0.19601
5189,0.162146,0.0803408,0.107285,0.195978
5190,0.162177,0.0803343,0.107272,0.195946
5191,0.162209,0.0803277,0.107259,0.195914
5192,0.16224,0.0803211,0.107246,0.195883
5193,0.162271,0.0803146,0.107233,0.195851
5194,0.162302,0.080308,0.10722,0.195819
5195,0.162334,0.0803015,0.107207,0.195787
5196,0.162365,0.080295,0.107194,0.195755
5197,0.162396,0.0802884,0.107181,0.195724
5198,0.162427,0.0802819,0.107168,0.195692
5199,0.162459,0.0802753,0.107155,0.19566
5200,0.16249,0.0802688,0.107142,0.195628
5201,0.162521,0.0802623,0.107129,0.195597
5202,0.162552,0.0802557,0.107116,0.195565
5203,0.162584,0.0802492,0.107103,0.195533
5204,0.162615,0.0802427,0.107091,0.195502
5205,0.162646,0.0802361,0.107078,0.19547
5206,0.162677,0.0802296,0.107065,0.195438
5207,0.162709,0.0802231,0.107052,0.195406
5208,0.16274,0.0802165,0.107039,0.195375
5209,0.162771,0.08021,0.107026,0.195343
5210,0.162802,0.0802035,0.107013,0.195311
5211,0.162834,0.080197,0.107,0.19528
5212,0.162865,0.0801904,0.106987,0.195248
5213,0.162896,0.0801839,0.106974,0.195217
5214,0.162927,0.0801774,0.106961,0.195185
5215,0.162959,0.0801709,0.106948,0.195153
5216,0.16299,0.0801644,0.106935,0.195122
5217,0.163021,0.0801579,0.106923,0.19509
5218,0.163052,0.0801513,0.10691,0.195058
5219,0.163084,0.0801448,0.106897,0.195027
5220,0.163115,0.0801383,0.106884,0.194995
5221,0.163146,0.0801318,0.106871,0.194964
5222,0.163177,0.0801253,0.106858,0.194932
5223,0.163209,0.0801188,0.106845,0.194901
5224,0.16324,0.0801123,0.106832,0.194869
5225,0.163271,0.0801058,0.106819,0.194837
5226,0.163302,0.0800993,0.106807,0.194806
5227,0.163334,0.0800928,0.106794,0.194774
5228,0.163365,0.0800863,0.106781,0.194743
5229,0.163396,0.0800798,0.106768,0.194711
5230,0.163427,0.0800733,0.106755,0.19468
5231,0.163459,0.0800668,0.106742,0.194648
5232,0.16349,0.0800603,0.106729,0.194617
5233,0.163521,0.0800539,0.106717,0.194585
5234,0.163552,0.0800474,0.106704,0.194554
5235,0.163584,0.0800409,0.106691,0.194522
5236,0.163615,0.0800344,0.106678,0.194491
5237,0.163646,0.0800279,0.106665,0.194459
5238,0.163677,0.0800214,0.106652,0.194428
5239,0.163709,0.0800149,0.10664,0.194397
5240,0.16374,0.0800085,0.106627,0.194365
5241,0.163771,0.080002,0.106614,0.194334
5242,0.163802,0.0799955,0.106601,0.194302
5243,0.163834,0.079989,0.106588,0.194271
5244,0.163865,0.0799826,0.106576,0.194239
5245,0.163896,0.0799761,0.106563,0.194208
5246,0.163927,0.0799696,0.10655,0.194177
5247,0.163959,0.0799632,0.106537,0.194145
5248,0.16399,0.0799567,0.106524,0.194114
5249,0.164021,0.0799502,0.106512,0.194083
5250,0.164052,0.0799438,0.106499,0.194052
5251,0.164083,0.0799373,0.106486,0.194021
5252,0.164115,0.0799308,0.106473,0.19399
5253,0.164146,0.0799244,0.106461,0.19396
5254,0.164177,0.0799179,0.106448,0.193929
5255,0.164208,0.0799115,0.106435,0.193898
5256,0.16424,0.079905,0.106422,0.193867
5257,0.164271,0.0798986,0.10641,0.193837
5258,0.164302,0.0798921,0.106397,0.193806
5259,0.164333,0.0798856,0.106384,0.193775
5260,0.164365,0.0798792,0.106371,0.193745
5261,0.164396,0.0798728,0.106359,0.193714
5262,0.164427,0.0798663,0.106346,0.193683
5263,0.164458,0.0798599,0.106333,0.193653
5264,0.16449,0.0798534,0.10632,0.193622
5265,0.164521,0.079847,0.106308,0.193592
5266,0.164552,0.0798405,0.106295,0.193561
5267,0.164583,0.0798341,0.106282,0.19353
5268,0.164615,0.0798277,0.106269,0.1935
5269,0.164646,0.0798212,0.106257,0.193469
5270,0.164677,0.0798148,0.106244,0.193439
5271,0.164708,0.0798084,0.106231,0.193408
5272,0.16474,0.0798019,0.106219,0.193377
5273,0.164771,0.0797955,0.106206,0.193347
5274,0.164802,0.0797891,0.106193,0.193316
5275,0.164833,0.0797826,0.106181,0.193286
5276,0.164865,0.0797762,0.106168,0.193255
5277,0.164896,0.0797698,0.106155,0.193225
5278,0.164927,0.0797634,0.106142,0.193194
5279,0.164958,0.0797569,0.10613,0.193164
5280,0.16499,0.0797505,0.106117,0.193133
5281,0.165021,0.0797441,0.106104,0.193103
5282,0.165052,0.0797377,0.106092,0.193072
5283,0.165083,0.0797313,0.106079,0.193042
5284,0.165115,0.0797249,0.106066,0.193011
5285,0.165146,0.0797184,0.106054,0.192981
5286,0.165177,0.079712,0.106041,0.19295
5287,0.165208,0.0797056,0.106029,0.19292
5288,0.16524,0.0796992,0.106016,0.192889
5289,0.165271,0.0796928,0.106003,0.192859
5290,0.165302,0.0796864,0.105991,0.192828
5291,0.165333,0.07968,0.105978,0.192798
5292,0.165365,0.0796736,0.105965,0.192767
5293,0.165396,0.0796672,0.105953,0.192737
5294,0.165427,0.0796608,0.10594,0.192706
5295,0.165458,0.0796544,0.105927,0.192676
5296,0.16549,0.079648,0.105915,0.192646
5297,0.165521,0.0796416,0.105902,0.192615
5298,0.165552,0.0796352,0.10589,0.192585
5299,0.165583,0.0796288,0.105877,0.192554
5300,0.165615,0.0796224,0.105864,0.192524
5301,0.165646,0.079616,0.105852,0.192494
5302,0.165677,0.0796096,0.105839,0.192463
5303,0.165708,0.0796033,0.105827,0.192433
5304,0.16574,0.0795969,0.105814,0.192403
5305,0.165771,0.0795905,0.105801,0.192372
5306,0.165802,0.0795841,0.105789,0.192342
5307,0.165833,0.0795777,0.105776,0.192312
5308,0.165865,0.0795713,0.105764,0.192281
5309,0.165896,0.079565,0.105751,0.192251
5310,0.165927,0.0795586,0.105739,0.192221
5311,0.165958,0.0795522,0.105726,0.19219
5312,0.16599,0.0795458,0.105713,0.19216
5313,0.166021,0.0795395,0.105701,0.19213
5314,0.166052,0.0795331,0.105688,0.1921
5315,0.166083,0.0795267,0.105676,0.192069
5316,0.166115,0.0795204,0.105663,0.192039
5317,0.166146,0.079514,0.105651,0.192009
5318,0.166177,0.0795076,0.105638,0.191979
5319,0.166208,0.0795013,0.105626,0.191948
5320,0.16624,0.0794949,0.105613,0.191918
5321,0.166271,0.0794885,0.105601,0.191888
5322,0.166302,0.0794822,0.105588,0.191858
5323,0.166333,0.0794758,0.105575,0.191827
5324,0.166365,0.0794695,0.105563,0.191797
5325,0.166396,0.0794631,0.10555,0.191767
5326,0.166427,0.0794568,0.105538,0.191737
5327,0.166458,0.0794504,0.105525,0.191707
5328,0.16649,0.0794441,0.105513,0.191676
5329,0.166521,0.0794377,0.1055,0.191646
5330,0.166552,0.0794314,0.105488,0.191616
5331,0.166583,0.079425,0.105475,0.191586
5332,0.166615,0.0794187,0.105463,0.191556
5333,0.166646,0.0794123,0.10545,0.191526
5334,0.166677,0.079406,0.105438,0.191496
5335,0.166708,0.0793997,0.105425,0.191465
5336,0.16674,0.0793933,0.105413,0.191435
5337,0.166771,0.079387,0.1054,0.191405
5338,0.166802,0.0793806,0.105388,0.191375
5339,0.166833,0.0793743,0.105376,0.191345
5340,0.166865,0.079368,0.105363,0.191315
5341,0.166896,0.0793616,0.105351,0.191285
5342,0.166927,0.0793553,0.105338,0.191255
5343,0.166958,0.079349,0.105326,0.191225
5344,0.16699,0.0793426,0.105313,0.191195
5345,0.167021,0.0793363,0.105301,0.191165
5346,0.167052,0.07933,0.105288,0.191134
5347,0.167083,0.0793237,0.105276,0.191104
5348,0.167115,0.0793174,0.105263,0.191074
5349,0.167146,0.079311,0.105251,0.191044
5350,0.167177,0.0793047,0.105239,0.191014
5351,0.167208,0.0792984,0.105226,0.190984
5352,0.16724,0.0792921,0.105214,0.190954
5353,0.167271,0.0792858,0.105201,0.190924
5354,0.167302,0.0792794,0.105189,0.190894
5355,0.167333,0.0792731,0.105177,0.190864
5356,0.167365,0.0792668,0.105164,0.190834
5357,0.167396,0.0792605,0.105152,0.190804
5358,0.167427,0.0792542,0.105139,0.190774
5359,0.167458,0.0792479,0.105127,0.190745
5360,0.16749,0.0792416,0.105115,0.190715
5361,0.167521,0.0792353,0.105102,0.190685
5362,0.167552,0.079229,0.10509,0.190655
5363,0.167583,0.0792227,0.105077,0.190625
5364,0.167615,0.0792164,0.105065,0.190595
5365,0.167646,0.0792101,0.105053,0.190565
5366,0.167677,0.0792038,0.10504,0.190535
5367,0.167708,0.0791975,0.105028,0.190505
5368,0.16774,0.0791912,0.105015,0.190475
5369,0.167771,0.0791849,0.105003,0.190445
5370,0.167802,0.0791786,0.104991,0.190415
5371,0.167833,0.0791723,0.104978,0.190386
5372,0.167865,0.079166,0.104966,0.190356
5373,0.167896,0.0791598,0.104954,0.190326
5374,0.167927,0.0791535,0.104941,0.190296
5375,0.167958,0.0791472,0.104929,0.190266
5376,0.16799,0.0791409,0.104917,0.190236
5377,0.168021,0.0791346,0.104904,0.190206
5378,0.168052,0.0791283,0.104892,0.190177
5379,0.168083,0.0791221,0.10488,0.190147
5380,0.168114,0.0791158,0.104867,0.190117
5381,0.168146,0.0791095,0.104855,0.190087
5382,0.168177,0.0791032,0.104843,0.190057
5383,0.168208,0.079097,0.10483,0.190028
5384,0.168239,0.0790907,0.104818,0.189998
5385,0.168271,0.0790844,0.104806,0.189968
5386,0.168302,0.0790782,0.104793,0.189938
5387,0.168333,0.0790719,0.104781,0.189909
5388,0.168364,0.0790656,0.104769,0.189879
5389,0.168396,0.0790594,0.104756,0.189849
5390,0.168427,0.0790531,0.104744,0.189819
5391,0.168458,0.0790468,0.104732,0.18979
5392,0.168489,0.0790406,0.10472,0.18976
5393,0.168521,0.0790343,0.104707,0.18973
5394,0.168552,0.0790281,0.104695,0.1897
5395,0.168583,0.0790218,0.104683,0.189671
5396,0.168614,0.0790155,0.10467,0.189641
5397,0.168646,0.0790093,0.104658,0.189611
5398,0.168677,0.079003,0.104646,0.189582
5399,0.168708,0.0789968,0.104634,0.189552
5400,0.168739,0.0789905,0.104621,0.189522
5401,0.168771,0.0789843,0.104609,0.189493
5402,0.168802,0.078978,0.104597,0.189463
5403,0.168833,0.0789718,0.104585,0.189433
5404,0.168864,0.0789656,0.104572,0.189404
5405,0.168896,0.0789593,0.10456,0.189374
5406,0.168927,0.0789531,0.104548,0.189344
5407,0.168958,0.0789468,0.104536,0.189315
5408,0.168989,0.0789406,0.104523,0.189285
5409,0.169021,0.0789344,0.104511,0.189256
5410,0.169052,0.0789281,0.104499,0.189226
5411,0.169083,0.0789219,0.104487,0.189196
5412,0.169114,0.0789157,0.104475,0.189167
5413,0.169146,0.0789094,0.104462,0.189137
5414,0.169177,0.0789032,0.10445,0.189108
5415,0.169208,0.078897,0.104438,0.189078
5416,0.169239,0.0788907,0.104426,0.189049
5417,0.169271,0.0788845,0.104413,0.189019
5418,0.169302,0.0788783,0.104401,0.188989
5419,0.169333,0.0788721,0.104389,0.18896
5420,0.169364,0.0788658,0.104377,0.18893
5421,0.169396,0.0788596,0.104365,0.188901
5422,0.169427,0.0788534,0.104353,0.188871
5423,0.169458,0.0788472,0.10434,0.188842
5424,0.169489,0.078841,0.104328,0.188812
5425,0.169521,0.0788348,0.104316,0.188783
5426,0.169552,0.0788285,0.104304,0.188753
5427,0.169583,0.0788223,0.104292,0.188724
5428,0.169614,0.0788161,0.104279,0.188694
5429,0.169646,0.0788099,0.104267,0.188665
5430,0.169677,0.0788037,0.104255,0.188635
5431,0.169708,0.0787975,0.104243,0.188606
5432,0.169739,0.0787913,0.104231,0.188577
5433,0.169771,0.0787851,0.104219,0.188547
5434,0.169802,0.0787789,0.104207,0.188518
5435,0.169833,0.0787727,0.104194,0.188488
5436,0.169864,0.0787665,0.104182,0.188459
5437,0.169896,0.0787603,0.10417,0.188429
5438,0.169927,0.0787541,0.104158,0.1884
5439,0.169958,0.0787479,0.104146,0.188371
5440,0.169989,0.0787417,0.104134,0.188341
5441,0.170021,0.0787355,0.104122,0.188312
5442,0.170052,0.0787293,0.104109,0.188282
5443,0.170083,0.0787231,0.104097,0.188253
5444,0.170114,0.0787169,0.104085,0.188224
5445,0.170146,0.0787108,0.104073,0.188194
5446,0.170177,0.0787046,0.104061,0.188165
5447,0.170208,0.0786984,0.104049,0.188136
5448,0.170239,0.0786922,0.104037,0.188106
5449,0.170271,0.078686,0.104025,0.188077
5450,0.170302,0.0786798,0.104013,0.188048
5451,0.170333,0.0786737,0.104001,0.188018
5452,0.170364,0.0786675,0.103988,0.187989
5453,0.170396,0.0786613,0.103976,0.18796
5454,0.170427,0.0786551,0.103964,0.18793
5455,0.170458,0.078649,0.103952,0.187901
5456,0.170489,0.0786428,0.10394,0.187872
5457,0.170521,0.0786366,0.103928,0.187843
5458,0.170552,0.0786304,0.103916,0.187813
5459,0.170583,0.0786243,0.103904,0.187784
5460,0.170614,0.0786181,0.103892,0.187755
5461,0.170646,0.0786119,0.10388,0.187726
5462,0.170677,0.0786058,0.103868,0.187696
5463,0.170708,0.0785996,0.103856,0.187667
5464,0.170739,0.0785935,0.103844,0.187638
5465,0.170771,0.0785873,0.103832,0.187609
5466,0.170802,0.0785811,0.10382,0.187579
5467,0.170833,0.078575,0.103807,0.18755
5468,0.170864,0.0785688,0.103795,0.187521
5469,0.170896,0.0785627,0.103783,0.187492
5470,0.170927,0.0785565,0.103771,0.187463
5471,0.170958,0.0785504,0.103759,0.187433
5472,0.170989,0.0785442,0.103747,0.187404
5473,0.171021,0.0785381,0.103735,0.187375
5474,0.171052,0.0785319,0.103723,0.187346
5475,0.171083,0.0785258,0.103711,0.187317
5476,0.171114,0.0785196,0.103699,0.187288
5477,0.171146,0.0785135,0.103687,0.187259
5478,0.171177,0.0785073,0.103675,0.187229
5479,0.171208,0.0785012,0.103663,0.1872
5480,0.171239,0.0784951,0.103651,0.187171
5481,0.171271,0.0784889,0.103639,0.187142
5482,0.171302,0.0784828,0.103627,0.187113
5483,0.171333,0.0784766,0.103615,0.187084
5484,0.171364,0.0784705,0.103603,0.187055
5485,0.171396,0.0784644,0.103591,0.187026
5486,0.171427,0.0784582,0.103579,0.186997
5487,0.171458,0.0784521,0.103567,0.186968
5488,0.171489,0.078446,0.103555,0.186938
5489,0.171521,0.0784399,0.103543,0.186909
5490,0.171552,0.0784337,0.103531,0.18688
5491,0.171583,0.0784276,0.103519,0.186851
5492,0.171614,0.0784215,0.103508,0.186822
5493,0.171646,0.0784154,0.103496,0.186793
5494,0.171677,0.0784092,0.103484,0.186764
5495,0.171708,0.0784031,0.103472,0.186735
5496,0.171739,0.078397,0.10346,0.186706
5497,0.171771,0.0783909,0.103448,0.186677
5498,0.171802,0.0783848,0.103436,0.186648
5499,0.171833,0.0783786,0.103424,0.186619
5500,0.171864,0.0783725,0.103412,0.18659
5501,0.171896,0.0783664,0.1034,0.186561
5502,0.171927,0.0783603,0.103388,0.186533
5503,0.171958,0.0783542,0.103376,0.186504
5504,0.171989,0.0783481,0.103364,0.186476
5505,0.17202,0.078342,0.103352,0.186447
5506,0.172052,0.0783359,0.10334,0.186419
5507,0.172083,0.0783298,0.103329,0.186391
5508,0.172114,0.0783237,0.103317,0.186362
5509,0.172145,0.0783176,0.103305,0.186334
5510,0.172177,0.0783115,0.103293,0.186306
5511,0.172208,0.0783054,0.103281,0.186277
5512,0.172239,0.0782993,0.103269,0.186249
5513,0.17227,0.0782932,0.103257,0.186221
5514,0.172302,0.0782871,0.103245,0.186192
5515,0.172333,0.078281,0.103233,0.186164
5516,0.172364,0.0782749,0.103221,0.186136
5517,0.172395,0.0782688,0.10321,0.186107
5518,0.172427,0.0782627,0.103198,0.186079
5519,0.172458,0.0782566,0.103186,0.186051
5520,0.172489,0.0782505,0.103174,0.186022
5521,0.17252,0.0782445,0.103162,0.185994
5522,0.172552,0.0782384,0.10315,0.185966
5523,0.172583,0.0782323,0.103138,0.185938
5524,0.172614,0.0782262,0.103127,0.185909
5525,0.172645,0.0782201,0.103115,0.185881
5526,0.172677,0.078214,0.103103,0.185853
5527,0.172708,0.078208,0.103091,0.185824
5528,0.172739,0.0782019,0.103079,0.185796
5529,0.17277,0.0781958,0.103067,0.185768
5530,0.172802,0.0781897,0.103055,0.18574
5531,0.172833,0.0781837,0.103044,0.185712
5532,0.172864,0.0781776,0.103032,0.185683
5533,0.172895,0.0781715,0.10302,0.185655
5534,0.172927,0.0781655,0.103008,0.185627
5535,0.172958,0.0781594,0.102996,0.185599
5536,0.172989,0.0781533,0.102984,0.185571
5537,0.17302,0.0781473,0.102973,0.185542
5538,0.173052,0.0781412,0.102961,0.185514
5539,0.173083,0.0781351,0.102949,0.185486
5540,0.173114,0.0781291,0.102937,0.185458
5541,0.173145,0.078123,0.102925,0.18543
5542,0.173177,0.078117,0.102914,0.185402
5543,0.173208,0.0781109,0.102902,0.185373
5544,0.173239,0.0781049,0.10289,0.185345
5545,0.17327,0.0780988,0.102878,0.185317
5546,0.173302,0.0780927,0.102866,0.185289
5547,0.173333,0.0780867,0.102855,0.185261
5548,0.173364,0.0780806,0.102843,0.185233
5549,0.173395,0.0780746,0.102831,0.185205
5550,0.173427,0.0780685,0.102819,0.185177
5551,0.173458,0.0780625,0.102808,0.185149
5552,0.173489,0.0780565,0.102796,0.18512
5553,0.17352,0.0780504,0.102784,0.185092
5554,0.173552,0.0780444,0.102772,0.185064
5555,0.173583,0.0780383,0.102761,0.185036
5556,0.173614,0.0780323,0.102749,0.185008
5557,0.173645,0.0780263,0.102737,0.18498
5558,0.173677,0.0780202,0.102725,0.184952
5559,0.173708,0.0780142,0.102714,0.184924
5560,0.173739,0.0780081,0.102702,0.184896
5561,0.17377,0.0780021,0.10269,0.184868
5562,0.173802,0.0779961,0.102678,0.18484
5563,0.173833,0.07799,0.102667,0.184812
5564,0.173864,0.077984,0.102655,0.184784
5565,0.173895,0.077978,0.102643,0.184756
5566,0.173927,0.077972,0.102631,0.184728
5567,0.173958,0.0779659,0.10262,0.1847
5568,0.173989,0.0779599,0.102608,0.184672
5569,0.17402,0.0779539,0.102596,0.184644
5570,0.174052,0.0779479,0.102585,0.184616
5571,0.174083,0.0779419,0.102573,0.184588
5572,0.174114,0.0779358,0.102561,0.18456
5573,0.174145,0.0779298,0.102549,0.184532
5574,0.174177,0.0779238,0.102538,0.184504
5575,0.174208,0.0779178,0.102526,0.184476
5576,0.174239,0.0779118,0.102514,0.184448
5577,0.17427,0.0779058,0.102503,0.18442
5578,0.174302,0.0778997,0.102491,0.184392
5579,0.174333,0.0778937,0.102479,0.184365
5580,0.174364,0.0778877,0.102468,0.184337
5581,0.174395,0.0778817,0.102456,0.184309
5582,0.174427,0.0778757,0.102444,0.184281
5583,0.174458,0.0778697,0.102433,0.184253
5584,0.174489,0.0778637,0.102421,0.184225
5585,0.17452,0.0778577,0.102409,0.184197
5586,0.174552,0.0778517,0.102398,0.184169
5587,0.174583,0.0778457,0.102386,0.184141
5588,0.174614,0.0778397,0.102374,0.184114
5589,0.174645,0.0778337,0.102363,0.184086
5590,0.174677,0.0778277,0.102351,0.184058
5591,0.174708,0.0778217,0.102339,0.18403
5592,0.174739,0.0778157,0.102328,0.184002
5593,0.17477,0.0778097,0.102316,0.183974
5594,0.174802,0.0778037,0.102304,0.183947
5595,0.174833,0.0777977,0.102293,0.183919
5596,0.174864,0.0777918,0.102281,0.183891
5597,0.174895,0.0777858,0.102269,0.183863
5598,0.174927,0.0777798,0.102258,0.183835
5599,0.174958,0.0777738,0.102246,0.183808
5600,0.174989,0.0777678,0.102235,0.18378
5601,0.17502,0.0777618,0.102223,0.183752
5602,0.175052,0.0777559,0.102211,0.183724
5603,0.175083,0.0777499,0.1022,0.183697
5604,0.175114,0.0777439,0.102188,0.183669
5605,0.175145,0.0777379,0.102177,0.183641
5606,0.175177,0.0777319,0.102165,0.183613
5607,0.175208,0.077726,0.102153,0.183586
5608,0.175239,0.07772,0.102142,0.183558
5609,0.17527,0.077714,0.10213,0.18353
5610,0.175302,0.0777081,0.102119,0.183502
5611,0.175333,0.0777021,0.102107,0.183475
5612,0.175364,0.0776961,0.102095,0.183447
5613,0.175395,0.0776902,0.102084,0.183419
5614,0.175427,0.0776842,0.102072,0.183392
5615,0.175458,0.0776782,0.102061,0.183364
5616,0.175489,0.0776723,0.102049,0.183336
5617,0.17552,0.0776663,0.102038,0.183308
5618,0.175552,0.0776603,0.102026,0.183281
5619,0.175583,0.0776544,0.102014,0.183253
5620,0.175614,0.0776484,0.102003,0.183226
5621,0.175645,0.0776425,0.101991,0.183198
5622,0.175677,0.0776365,0.10198,0.18317
5623,0.175708,0.0776306,0.101968,0.183143
5624,0.175739,0.0776246,0.101957,0.183115
5625,0.17577,0.0776187,0.101945,0.183087
5626,0.175802,0.0776127,0.101934,0.18306
5627,0.175833,0.0776068,0.101922,0.183032
5628,0.175864,0.0776008,0.101911,0.183004
5629,0.175895,0.0775949,0.101899,0.182977
5630,0.175927,0.0775889,0.101887,0.182949
5631,0.175958,0.077583,0.101876,0.182922
5632,0.175989,0.077577,0.101864,0.182894
5633,0.17602,0.0775711,0.101853,0.182867
5634,0.176051,0.0775652,0.101841,0.182839
5635,0.176083,0.0775592,0.10183,0.182811
5636,0.176114,0.0775533,0.101818,0.182784
5637,0.176145,0.0775473,0.101807,0.182756
5638,0.176176,0.0775414,0.101795,0.182729
5639,0.176208,0.0775355,0.101784,0.182701
5640,0.176239,0.0775295,0.101772,0.182674
5641,0.17627,0.0775236,0.101761,0.182646
5642,0.176301,0.0775177,0.101749,0.182619
5643,0.176333,0.0775117,0.101738,0.182591
5644,0.176364,0.0775058,0.101726,0.182564
5645,0.176395,0.0774999,0.101715,0.182536
5646,0.176426,0.077494,0.101703,0.182509
5647,0.176458,0.077488,0.101692,0.182481
5648,0.176489,0.0774821,0.10168,0.182454
5649,0.17652,0.0774762,0.101669,0.182426
5650,0.176551,0.0774703,0.101658,0.182399
5651,0.176583,0.0774644,0.101646,0.182371
5652,0.176614,0.0774584,0.101635,0.182344
5653,0.176645,0.0774525,0.101623,0.182316
5654,0.176676,0.0774466,0.101612,0.182289
5655,0.176708,0.0774407,0.1016,0.182261
5656,0.176739,0.0774348,0.101589,0.182234
5657,0.17677,0.0774289,0.101577,0.182207
5658,0.176801,0.077423,0.101566,0.182179
5659,0.176833,0.0774171,0.101554,0.182152
5660,0.176864,0.0774112,0.101543,0.182124
5661,0.176895,0.0774052,0.101532,0.182097
5662,0.176926,0.0773993,0.10152,0.18207
5663,0.176958,0.0773934,0.101509,0.182042
5664,0.176989,0.0773875,0.101497,0.182015
5665,0.17702,0.0773816,0.101486,0.181987
5666,0.177051,0.0773757,0.101474,0.18196
5667,0.177083,0.0773698,0.101463,0.181933
5668,0.177114,0.0773639,0.101452,0.181905
5669,0.177145,0.077358,0.10144,0.181878
5670,0.177176,0.0773521,0.101429,0.181851
5671,0.177208,0.0773463,0.101417,0.181823
5672,0.177239,0.0773404,0.101406,0.181796
5673,0.17727,0.0773345,0.101395,0.181769
5674,0.177301,0.0773286,0.101383,0.181741
5675,0.177333,0.0773227,0.101372,0.181714
5676,0.177364,0.0773168,0.10136,0.181687
5677,0.177395,0.0773109,0.101349,0.181659
5678,0.177426,0.077305,0.101338,0.181632
5679,0.177458,0.0772991,0.101326,0.181605
5680,0.177489,0.0772933,0.101315,0.181578
5681,0.17752,0.0772874,0.101304,0.18155
5682,0.177551,0.0772815,0.101292,0.181523
5683,0.177583,0.0772756,0.101281,0.181496
5684,0.177614,0.0772697,0.101269,0.181468
5685,0.177645,0.0772639,0.101258,0.181441
5686,0.177676,0.077258,0.101247,0.181414
5687,0.177708,0.0772521,0.101235,0.181387
5688,0.177739,0.0772462,0.101224,0.181359
5689,0.17777,0.0772404,0.101213,0.181332
5690,0.177801,0.0772345,0.101201,0.181305
5691,0.177833,0.0772286,0.10119,0.181278
5692,0.177864,0.0772228,0.101179,0.181251
5693,0.177895,0.0772169,0.101167,0.181223
5694,0.177926,0.077211,0.101156,0.181196
5695,0.177958,0.0772052,0.101145,0.181169
5696,0.177989,0.0771993,0.101133,0.181142
5697,0.17802,0.0771934,0.101122,0.181115
5698,0.178051,0.0771876,0.101111,0.181087
5699,0.178083,0.0771817,0.101099,0.18106
5700,0.178114,0.0771759,0.101088,0.181033
5701,0.178145,0.07717,0.101077,0.181006
5702,0.178176,0.0771642,0.101065,0.180979
5703,0.178208,0.0771583,0.101054,0.180952
5704,0.178239,0.0771524,0.101043,0.180925
5705,0.17827,0.0771466,0.101031,0.180897
5706,0.178301,0.0771407,0.10102,0.18087
5707,0.178333,0.0771349,0.101009,0.180843
5708,0.178364,0.077129,0.100998,0.180816
5709,0.178395,0.0771232,0.100986,0.180789
5710,0.178426,0.0771174,0.100975,0.180762
5711,0.178458,0.0771115,0.100964,0.180735
5712,0.178489,0.0771057,0.100952,0.180708
5713,0.17852,0.0770998,0.100941,0.180681
5714,0.178551,0.077094,0.10093,0.180654
5715,0.178583,0.0770881,0.100919,0.180626
5716,0.178614,0.0770823,0.100907,0.180599
5717,0.178645,0.0770765,0.100896,0.180572
5718,0.178676,0.0770706,0.100885,0.180545
5719,0.178708,0.0770648,0.100874,0.180518
5720,0.178739,0.077059,0.100862,0.180491
5721,0.17877,0.0770531,0.100851,0.180464
5722,0.178801,0.0770473,0.10084,0.180437
5723,0.178833,0.0770415,0.100829,0.18041
5724,0.178864,0.0770356,0.100817,0.180383
5725,0.178895,0.0770298,0.100806,0.180356
5726,0.178926,0.077024,0.100795,0.180329
5727,0.178958,0.0770182,0.100784,0.180302
5728,0.178989,0.0770123,0.100772,0.180275
5729,0.17902,0.0770065,0.100761,0.180248
5730,0.179051,0.0770007,0.10075,0.180221
5731,0.179083,0.0769949,0.100739,0.180194
5732,0.179114,0.076989,0.100727,0.180167
5733,0.179145,0.0769832,0.100716,0.18014
5734,0.179176,0.0769774,0.100705,0.180113
5735,0.179208,0.0769716,0.100694,0.180086
5736,0.179239,0.0769658,0.100683,0.180059
5737,0.17927,0.07696,0.100671,0.180033
5738,0.179301,0.0769542,0.10066,0.180006
5739,0.179333,0.0769483,0.100649,0.179979
5740,0.179364,0.0769425,0.100638,0.179952
5741,0.179395,0.0769367,0.100627,0.179925
5742,0.179426,0.0769309,0.100615,0.179898
5743,0.179458,0.0769251,0.100604,0.179871
5744,0.179489,0.0769193,0.100593,0.179844
5745,0.17952,0.0769135,0.100582,0.179817
5746,0.179551,0.0769077,0.100571,0.17979
5747,0.179583,0.0769019,0.100559,0.179764
5748,0.179614,0.0768961,0.100548,0.179737
5749,0.179645,0.0768903,0.100537,0.17971
5750,0.179676,0.0768845,0.100526,0.179683
5751,0.179708,0.0768787,0.100515,0.179656
5752,0.179739,0.0768729,0.100504,0.179629
5753,0.17977,0.0768671,0.100492,0.179602
5754,0.179801,0.0768613,0.100481,0.179576
5755,0.179833,0.0768555,0.10047,0.179549
5756,0.179864,0.0768497,0.100459,0.179522
5757,0.179895,0.076844,0.100448,0.179495
5758,0.179926,0.0768382,0.100437,0.179468
5759,0.179958,0.0768324,0.100425,0.179442
5760,0.179989,0.0768266,0.100414,0.179415
5761,0.18002,0.0768208,0.100403,0.179389
5762,0.180051,0.076815,0.100392,0.179363
5763,0.180082,0.0768092,0.100381,0.179336
5764,0.180114,0.0768035,0.10037,0.17931
5765,0.180145,0.0767977,0.100359,0.179284
5766,0.180176,0.0767919,0.100348,0.179258
5767,0.180207,0.0767861,0.100336,0.179231
5768,0.180239,0.0767804,0.100325,0.179205
5769,0.18027,0.0767746,0.100314,0.179179
5770,0.180301,0.0767688,0.100303,0.179153
5771,0.180332,0.076763,0.100292,0.179126
5772,0.180364,0.0767573,0.100281,0.1791
5773,0.180395,0.0767515,0.10027,0.179074
5774,0.180426,0.0767457,0.100259,0.179048
5775,0.180457,0.07674,0.100248,0.179022
5776,0.180489,0.0767342,0.100236,0.178995
5777,0.18052,0.0767284,0.100225,0.178969
5778,0.180551,0.0767227,0.100214,0.178943
5779,0.180582,0.0767169,0.100203,0.178917
5780,0.180614,0.0767111,0.100192,0.178891
5781,0.180645,0.0767054,0.100181,0.178865
5782,0.180676,0.0766996,0.10017,0.178838
5783,0.180707,0.0766939,0.100159,0.178812
5784,0.180739,0.0766881,0.100148,0.178786
5785,0.18077,0.0766823,0.100137,0.17876
5786,0.180801,0.0766766,0.100126,0.178734
5787,0.180832,0.0766708,0.100115,0.178708
5788,0.180864,0.0766651,0.100103,0.178682
5789,0.180895,0.0766593,0.100092,0.178655
5790,0.180926,0.0766536,0.100081,0.178629
5791,0.180957,0.0766478,0.10007,0.178603
5792,0.180989,0.0766421,0.100059,0.178577
5793,0.18102,0.0766363,0.100048,0.178551
5794,0.181051,0.0766306,0.100037,0.178525
5795,0.181082,0.0766248,0.100026,0.178499
5796,0.181114,0.0766191,0.100015,0.178473
5797,0.181145,0.0766134,0.100004,0.178447
5798,0.181176,0.0766076,0.099993,0.178421
5799,0.181207,0.0766019,0.099982,0.178395
5800,0.181239,0.0765961,0.099971,0.178369
5801,0.18127,0.0765904,0.0999599,0.178342
5802,0.181301,0.0765847,0.0999489,0.178316
5803,0.181332,0.0765789,0.0999379,0.17829
5804,0.181364,0.0765732,0.0999269,0.178264
5805,0.181395,0.0765675,0.0999159,0.178238
5806,0.181426,0.0765617,0.0999049,0.178212
5807,0.181457,0.076556,0.0998939,0.178186
5808,0.181489,0.0765503,0.0998828,0.17816
5809,0.18152,0.0765446,0.0998718,0.178134
5810,0.181551,0.0765388,0.0998608,0.178108
5811,0.181582,0.0765331,0.0998498,0.178082
5812,0.181614,0.0765274,0.0998389,0.178056
5813,0.181645,0.0765217,0.0998279,0.17803
5814,0.181676,0.0765159,0.0998169,0.178004
5815,0.181707,0.0765102,0.0998059,0.177978
5816,0.181739,0.0765045,0.0997949,0.177952
5817,0.18177,0.0764988,0.0997839,0.177926
5818,0.181801,0.0764931,0.0997729,0.1779
5819,0.181832,0.0764873,0.099762,0.177875
5820,0.181864,0.0764816,0.099751,0.177849
5821,0.181895,0.0764759,0.09974,0.177823
5822,0.181926,0.0764702,0.0997291,0.177797
5823,0.181957,0.0764645,0.0997181,0.177771
5824,0.181989,0.0764588,0.0997071,0.177745
5825,0.18202,0.0764531,0.0996962,0.177719
5826,0.182051,0.0764474,0.0996852,0.177693
5827,0.182082,0.0764417,0.0996743,0.177667
5828,0.182114,0.0764359,0.0996633,0.177641
5829,0.182145,0.0764302,0.0996524,0.177615
5830,0.182176,0.0764245,0.0996414,0.177589
5831,0.182207,0.0764188,0.0996305,0.177564
5832,0.182239,0.0764131,0.0996196,0.177538
5833,0.18227,0.0764074,0.0996086,0.177512
5834,0.182301,0.0764017,0.0995977,0.177486
5835,0.182332,0.076396,0.0995868,0.17746
5836,0.182364,0.0763903,0.0995758,0.177434
5837,0.182395,0.0763847,0.0995649,0.177408
5838,0.182426,0.076379,0.099554,0.177383
5839,0.182457,0.0763733,0.0995431,0.177357
5840,0.182489,0.0763676,0.0995321,0.177331
5841,0.18252,0.0763619,0.0995212,0.177305
5842,0.182551,0.0763562,0.0995103,0.177279
5843,0.182582,0.0763505,0.0994994,0.177253
5844,0.182614,0.0763448,0.0994885,0.177228
5845,0.182645,0.0763391,0.0994776,0.177202
5846,0.182676,0.0763334,0.0994667,0.177176
5847,0.182707,0.0763278,0.0994558,0.17715
5848,0.182739,0.0763221,0.0994449,0.177124
5849,0.18277,0.0763164,0.099434,0.177099
5850,0.182801,0.0763107,0.0994231,0.177073
5851,0.182832,0.076305,0.0994123,0.177047
5852,0.182864,0.0762994,0.0994014,0.177021
5853,0.182895,0.0762937,0.0993905,0.176996
5854,0.182926,0.076288,0.0993796,0.17697
5855,0.182957,0.0762823,0.0993687,0.176944
5856,0.182989,0.0762767,0.0993579,0.176918
5857,0.18302,0.076271,0.099347,0.176893
5858,0.183051,0.0762653,0.0993361,0.176867
5859,0.183082,0.0762596,0.0993253,0.176841
5860,0.183114,0.076254,0.0993144,0.176815
5861,0.183145,0.0762483,0.0993036,0.17679
5862,0.183176,0.0762426,0.0992927,0.176764
5863,0.183207,0.076237,0.0992818,0.176738
5864,0.183239,0.0762313,0.099271,0.176713
5865,0.18327,0.0762257,0.0992602,0.176687
5866,0.183301,0.07622,0.0992493,0.176661
5867,0.183332,0.0762143,0.0992385,0.176636
5868,0.183364,0.0762087,0.0992276,0.17661
5869,0.183395,0.076203,0.0992168,0.176584
5870,0.183426,0.0761974,0.099206,0.176559
5871,0.183457,0.0761917,0.0991951,0.176533
5872,0.183489,0.076186,0.0991843,0.176507
5873,0.18352,0.0761804,0.0991735,0.176482
5874,0.183551,0.0761747,0.0991627,0.176456
5875,0.183582,0.0761691,0.0991518,0.17643
5876,0.183614,0.0761634,0.099141,0.176405
5877,0.183645,0.0761578,0.0991302,0.176379
5878,0.183676,0.0761521,0.0991194,0.176354
5879,0.183707,0.0761465,0.0991086,0.176328
5880,0.183739,0.0761408,0.0990978,0.176302
5881,0.18377,0.0761352,0.099087,0.176277
5882,0.183801,0.0761296,0.0990762,0.176251
5883,0.183832,0.0761239,0.0990654,0.176226
5884,0.183864,0.0761183,0.0990546,0.1762
5885,0.183895,0.0761126,0.0990438,0.176174
5886,0.183926,0.076107,0.099033,0.176149
5887,0.183957,0.0761014,0.0990222,0.176123
5888,0.183989,0.0760957,0.0990114,0.176098
5889,0.18402,0.0760901,0.0990007,0.176072
5890,0.184051,0.0760845,0.0989899,0.176047
5891,0.184082,0.0760788,0.0989791,0.176021
5892,0.184113,0.0760732,0.0989683,0.175995
5893,0.184145,0.0760676,0.0989576,0.17597
5894,0.184176,0.0760619,0.0989468,0.175944
5895,0.184207,0.0760563,0.098936,0.175919
5896,0.184238,0.0760507,0.0989253,0.175893
5897,0.18427,0.076045,0.0989145,0.175868
5898,0.184301,0.0760394,0.0989038,0.175842
5899,0.184332,0.0760338,0.098893,0.175817
5900,0.184363,0.0760282,0.0988822,0.175791
5901,0.184395,0.0760225,0.0988715,0.175766
5902,0.184426,0.0760169,0.0988608,0.17574
5903,0.184457,0.0760113,0.09885,0.175715
5904,0.184488,0.0760057,0.0988393,0.175689
5905,0.18452,0.0760001,0.0988285,0.175664
5906,0.184551,0.0759945,0.0988178,0.175638
5907,0.184582,0.0759888,0.0988071,0.175613
5908,0.184613,0.0759832,0.0987963,0.175588
5909,0.184645,0.0759776,0.0987856,0.175562
5910,0.184676,0.075972,0.0987749,0.175537
5911,0.184707,0.0759664,0.0987642,0.175511
5912,0.184738,0.0759608,0.0987535,0.175486
5913,0.18477,0.0759552,0.0987427,0.17546
5914,0.184801,0.0759496,0.098732,0.175435
5915,0.184832,0.075944,0.0987213,0.17541
5916,0.184863,0.0759383,0.0987106,0.175384
5917,0.184895,0.0759327,0.0986999,0.175359
5918,0.184926,0.0759271,0.0986892,0.175333
5919,0.184957,0.0759215,0.0986785,0.175308
5920,0.184988,0.0759159,0.0986678,0.175283
5921,0.18502,0.0759103,0.0986571,0.175257
5922,0.185051,0.0759047,0.0986464,0.175232
5923,0.185082,0.0758991,0.0986357,0.175206
5924,0.185113,0.0758935,0.098625,0.175181
5925,0.185145,0.075888,0.0986144,0.175156
5926,0.185176,0.0758824,0.0986037,0.17513
5927,0.185207,0.0758768,0.098593,0.175105
5928,0.185238,0.0758712,0.0985823,0.17508
5929,0.18527,0.0758656,0.0985717,0.175054
5930,0.185301,0.07586,0.098561,0.175029
5931,0.185332,0.0758544,0.0985503,0.175004
5932,0.185363,0.0758488,0.0985397,0.174978
5933,0.185395,0.0758432,0.098529,0.174953
5934,0.185426,0.0758376,0.0985183,0.174928
5935,0.185457,0.0758321,0.0985077,0.174903
5936,0.185488,0.0758265,0.098497,0.174877
5937,0.18552,0.0758209,0.0984864,0.174852
5938,0.185551,0.0758153,0.0984757,0.174827
5939,0.185582,0.0758097,0.0984651,0.174801
5940,0.185613,0.0758042,0.0984544,0.174776
5941,0.185645,0.0757986,0.0984438,0.174751
5942,0.185676,0.075793,0.0984332,0.174726
5943,0.185707,0.0757874,0.0984225,0.1747
5944,0.185738,0.0757819,0.0984119,0.174675
5945,0.18577,0.0757763,0.0984013,0.17465
5946,0.185801,0.0757707,0.0983906,0.174625
5947,0.185832,0.0757651,0.09838,0.174599
5948,0.185863,0.0757596,0.0983694,0.174574
5949,0.185895,0.075754,0.0983588,0.174549
5950,0.185926,0.0757484,0.0983482,0.174524
5951,0.185957,0.0757429,0.0983376,0.174498
5952,0.185988,0.0757373,0.0983269,0.174473
5953,0.18602,0.0757317,0.0983163,0.174448
5954,0.186051,0.0757262,0.0983057,0.174423
5955,0.186082,0.0757206,0.0982951,0.174398
5956,0.186113,0.0757151,0.0982845,0.174372
5957,0.186145,0.0757095,0.0982739,0.174347
5958,0.186176,0.0757039,0.0982633,0.174322
5959,0.186207,0.0756984,0.0982527,0.174297
5960,0.186238,0.0756928,0.0982422,0.174272
5961,0.18627,0.0756873,0.0982316,0.174247
5962,0.186301,0.0756817,0.098221,0.174221
5963,0.186332,0.0756762,0.0982104,0.174196
5964,0.186363,0.0756706,0.0981998,0.174171
5965,0.186395,0.0756651,0.0981892,0.174146
5966,0.186426,0.0756595,0.0981787,0.174121
5967,0.186457,0.075654,0.0981681,0.174096
5968,0.186488,0.0756484,0.0981575,0.174071
5969,0.18652,0.0756429,0.098147,0.174046
5970,0.186551,0.0756373,0.0981364,0.17402
5971,0.186582,0.0756318,0.0981258,0.173995
5972,0.186613,0.0756262,0.0981153,0.17397
5973,0.186645,0.0756207,0.0981047,0.173945
5974,0.186676,0.0756151,0.0980942,0.17392
5975,0.186707,0.0756096,0.0980836,0.173895
5976,0.186738,0.0756041,0.0980731,0.17387
5977,0.18677,0.0755985,0.0980625,0.173845
5978,0.186801,0.075593,0.098052,0.17382
5979,0.186832,0.0755875,0.0980415,0.173795
5980,0.186863,0.0755819,0.0980309,0.17377
5981,0.186895,0.0755764,0.0980204,0.173745
5982,0.186926,0.0755709,0.0980099,0.17372
5983,0.186957,0.0755653,0.0979993,0.173694
5984,0.186988,0.0755598,0.0979888,0.173669
5985,0.18702,0.0755543,0.0979783,0.173644
5986,0.187051,0.0755487,0.0979678,0.173619
5987,0.187082,0.0755432,0.0979572,0.173594
5988,0.187113,0.0755377,0.0979467,0.173569
5989,0.187145,0.0755322,0.0979362,0.173544
5990,0.187176,0.0755266,0.0979257,0.173519
5991,0.187207,0.0755211,0.0979152,0.173494
5992,0.187238,0.0755156,0.0979047,0.173469
5993,0.18727,0.0755101,0.0978942,0.173444
5994,0.187301,0.0755046,0.0978837,0.173419
5995,0.187332,0.075499,0.0978732,0.173394
5996,0.187363,0.0754935,0.0978627,0.173369
5997,0.187395,0.075488,0.0978522,0.173345
5998,0.187426,0.0754825,0.0978417,0.17332
5999,0.187457,0.075477,0.0978312,0.173295
6000,0.187488,0.0754715,0.0978207,0.17327
6001,0.18752,0.075466,0.0978103,0.173245
6002,0.187551,0.0754604,0.0977998,0.17322
6003,0.187582,0.0754549,0.0977893,0.173195
6004,0.187613,0.0754494,0.0977788,0.17317
6005,0.187645,0.0754439,0.0977684,0.173145
6006,0.187676,0.0754384,0.0977579,0.17312
6007,0.187707,0.0754329,0.0977474,0.173095
6008,0.187738,0.0754274,0.097737,0.17307
6009,0.18777,0.0754219,0.0977265,0.173045
6010,0.187801,0.0754164,0.0977161,0.17302
6011,0.187832,0.0754109,0.0977056,0.172996
6012,0.187863,0.0754054,0.0976951,0.172971
6013,0.187895,0.0753999,0.0976847,0.172946
6014,0.187926,0.0753944,0.0976742,0.172921
6015,0.187957,0.0753889,0.0976638,0.172896
6016,0.187988,0.0753834,0.0976534,0.172871
6017,0.188019,0.0753779,0.0976429,0.172846
6018,0.188051,0.0753724,0.0976325,0.172822
6019,0.188082,0.0753669,0.097622,0.172797
6020,0.188113,0.0753614,0.0976116,0.172772
6021,0.188144,0.0753559,0.0976012,0.172747
6022,0.188176,0.0753505,0.0975908,0.172722
6023,0.188207,0.075345,0.0975803,0.172698
6024,0.188238,0.0753395,0.0975699,0.172674
6025,0.188269,0.075334,0.0975595,0.172649
6026,0.188301,0.0753285,0.0975491,0.172625
6027,0.188332,0.075323,0.0975387,0.172601
6028,0.188363,0.0753175,0.0975283,0.172576
6029,0.188394,0.0753121,0.0975178,0.172552
6030,0.188426,0.0753066,0.0975074,0.172528
6031,0.188457,0.0753011,0.097497,0.172503
6032,0.188488,0.0752956,0.0974866,0.172479
6033,0.188519,0.0752901,0.0974762,0.172455
6034,0.188551,0.0752847,0.0974658,0.17243
6035,0.188582,0.0752792,0.0974555,0.172406
6036,0.188613,0.0752737,0.0974451,0.172382
6037,0.188644,0.0752683,0.0974347,0.172358
6038,0.188676,0.0752628,0.0974243,0.172333
6039,0.188707,0.0752573,0.0974139,0.172309
6040,0.188738,0.0752518,0.0974035,0.172285
6041,0.188769,0.0752464,0.0973931,0.17226
6042,0.188801,0.0752409,0.0973828,0.172236
6043,0.188832,0.0752354,0.0973724,0.172212
6044,0.188863,0.07523,0.097362,0.172188
6045,0.188894,0.0752245,0.0973517,0.172163
6046,0.188926,0.075219,0.0973413,0.172139
6047,0.188957,0.0752136,0.0973309,0.172115
6048,0.188988,0.0752081,0.0973206,0.172091
6049,0.189019,0.0752027,0.0973102,0.172067
6050,0.189051,0.0751972,0.0972999,0.172042
6051,0.189082,0.0751917,0.0972895,0.172018
6052,0.189113,0.0751863,0.0972792,0.171994
6053,0.189144,0.0751808,0.0972688,0.17197
6054,0.189176,0.0751754,0.0972585,0.171945
6055,0.189207,0.0751699,0.0972481,0.171921
6056,0.189238,0.0751645,0.0972378,0.171897
6057,0.189269,0.075159,0.0972275,0.171873
6058,0.189301,0.0751536,0.0972171,0.171849
6059,0.189332,0.0751481,0.0972068,0.171825
6060,0.189363,0.0751427,0.0971965,0.1718
6061,0.189394,0.0751372,0.0971861,0.171776
6062,0.189426,0.0751318,0.0971758,0.171752
6063,0.189457,0.0751263,0.0971655,0.171728
6064,0.189488,0.0751209,0.0971552,0.171704
6065,0.189519,0.0751154,0.0971449,0.17168
6066,0.189551,0.07511,0.0971345,0.171655
6067,0.189582,0.0751046,0.0971242,0.171631
6068,0.189613,0.0750991,0.0971139,0.171607
6069,0.189644,0.0750937,0.0971036,0.171583
6070,0.189676,0.0750882,0.0970933,0.171559
6071,0.189707,0.0750828,0.097083,0.171535
6072,0.189738,0.0750774,0.0970727,0.171511
6073,0.189769,0.0750719,0.0970624,0.171487
6074,0.189801,0.0750665,0.0970521,0.171463
6075,0.189832,0.0750611,0.0970418,0.171438
6076,0.189863,0.0750556,0.0970316,0.171414
6077,0.189894,0.0750502,0.0970213,0.17139
6078,0.189926,0.0750448,0.097011,0.171366
6079,0.189957,0.0750393,0.0970007,0.171342
6080,0.189988,0.0750339,0.0969904,0.171318
6081,0.190019,0.0750285,0.0969801,0.171294
6082,0.190051,0.0750231,0.0969699,0.17127
6083,0.190082,0.0750176,0.0969596,0.171246
6084,0.190113,0.0750122,0.0969493,0.171222
6085,0.190144,0.0750068,0.0969391,0.171198
6086,0.190176,0.0750014,0.0969288,0.171174
6087,0.190207,0.074996,0.0969186,0.17115
6088,0.190238,0.0749905,0.0969083,0.171126
6089,0.190269,0.0749851,0.096898,0.171102
6090,0.190301,0.0749797,0.0968878,0.171078
6091,0.190332,0.0749743,0.0968775,0.171054
6092,0.190363,0.0749689,0.0968673,0.17103
6093,0.190394,0.0749635,0.096857,0.171006
6094,0.190426,0.074958,0.0968468,0.170982
6095,0.190457,0.0749526,0.0968366,0.170958
6096,0.190488,0.0749472,0.0968263,0.170934
6097,0.190519,0.0749418,0.0968161,0.17091
6098,0.190551,0.0749364,0.0968059,0.170886
6099,0.190582,0.074931,0.0967956,0.170862
6100,0.190613,0.0749256,0.0967854,0.170838
6101,0.190644,0.0749202,0.0967752,0.170814
6102,0.190676,0.0749148,0.096765,0.17079
6103,0.190707,0.0749094,0.0967547,0.170766
6104,0.190738,0.074904,0.0967445,0.170742
6105,0.190769,0.0748986,0.0967343,0.170718
6106,0.190801,0.0748932,0.0967241,0.170694
6107,0.190832,0.0748878,0.0967139,0.17067
6108,0.190863,0.0748824,0.0967037,0.170646
6109,0.190894,0.074877,0.0966935,0.170622
6110,0.190926,0.0748716,0.0966833,0.170598
6111,0.190957,0.0748662,0.0966731,0.170574
6112,0.190988,0.0748608,0.0966629,0.17055
6113,0.191019,0.0748554,0.0966527,0.170527
6114,0.191051,0.07485,0.0966425,0.170503
6115,0.191082,0.0748446,0.0966323,0.170479
6116,0.191113,0.0748392,0.0966221,0.170455
6117,0.191144,0.0748338,0.0966119,0.170431
6118,0.191176,0.0748284,0.0966017,0.170407
6119,0.191207,0.0748231,0.0965916,0.170383
6120,0.191238,0.0748177,0.0965814,0.170359
6121,0.191269,0.0748123,0.0965712,0.170336
6122,0.191301,0.0748069,0.096561,0.170312
6123,0.191332,0.0748015,0.0965509,0.170288
6124,0.191363,0.0747961,0.0965407,0.170264
6125,0.191394,0.0747908,0.0965305,0.17024
6126,0.191426,0.0747854,0.0965204,0.170216
6127,0.191457,0.07478,0.0965102,0.170192
6128,0.191488,0.0747746,0.0965,0.170169
6129,0.191519,0.0747693,0.0964899,0.170145
6130,0.191551,0.0747639,0.0964797,0.170121
6131,0.191582,0.0747585,0.0964696,0.170097
6132,0.191613,0.0747531,0.0964594,0.170073
6133,0.191644,0.0747478,0.0964493,0.17005
6134,0.191676,0.0747424,0.0964392,0.170026
6135,0.191707,0.074737,0.096429,0.170002
6136,0.191738,0.0747316,0.0964189,0.169978
6137,0.191769,0.0747263,0.0964087,0.169954
6138,0.191801,0.0747209,0.0963986,0.169931
6139,0.191832,0.0747155,0.0963885,0.169907
6140,0.191863,0.0747102,0.0963784,0.169883
6141,0.191894,0.0747048,0.0963682,0.169859
6142,0.191926,0.0746994,0.0963581,0.169836
6143,0.191957,0.0746941,0.096348,0.169812
6144,0.191988,0.0746887,0.0963379,0.169788
6145,0.192019,0.0746834,0.0963278,0.169764
6146,0.19205,0.074678,0.0963176,0.169741
6147,0.192082,0.0746726,0.0963075,0.169717
6148,0.192113,0.0746673,0.0962974,0.169693
6149,0.192144,0.0746619,0.0962873,0.169669
6150,0.192175,0.0746566,0.0962772,0.169646
6151,0.192207,0.0746512,0.0962671,0.169622
6152,0.192238,0.0746459,0.096257,0.169598
6153,0.192269,0.0746405,0.0962469,0.169575
6154,0.1923,0.0746352,0.0962368,0.169551
6155,0.192332,0.0746298,0.0962267,0.169527
6156,0.192363,0.0746245,0.0962167,0.169503
6157,0.192394,0.0746191,0.0962066,0.16948
6158,0.192425,0.0746138,0.0961965,0.169456
6159,0.192457,0.0746084,0.0961864,0.169432
6160,0.192488,0.0746031,0.0961763,0.169409
6161,0.192519,0.0745977,0.0961662,0.169385
6162,0.19255,0.0745924,0.0961562,0.169361
6163,0.192582,0.0745871,0.0961461,0.169338
6164,0.192613,0.0745817,0.096136,0.169314
6165,0.192644,0.0745764,0.096126,0.169291
6166,0.192675,0.074571,0.0961159,0.169267
6167,0.192707,0.0745657,0.0961058,0.169243
6168,0.192738,0.0745604,0.0960958,0.16922
6169,0.192769,0.074555,0.0960857,0.169196
6170,0.1928,0.0745497,0.0960757,0.169172
6171,0.192832,0.0745444,0.0960656,0.169149
6172,0.192863,0.074539,0.0960556,0.169125
6173,0.192894,0.0745337,0.0960455,0.169102
6174,0.192925,0.0745284,0.0960355,0.169078
6175,0.192957,0.074523,0.0960254,0.169054
6176,0.192988,0.0745177,0.0960154,0.169031
6177,0.193019,0.0745124,0.0960054,0.169007
6178,0.19305,0.0745071,0.0959953,0.168984
6179,0.193082,0.0745017,0.0959853,0.16896
6180,0.193113,0.0744964,0.0959753,0.168936
6181,0.193144,0.0744911,0.0959652,0.168913
6182,0.193175,0.0744858,0.0959552,0.168889
6183,0.193207,0.0744804,0.0959452,0.168866
6184,0.193238,0.0744751,0.0959352,0.168842
6185,0.193269,0.0744698,0.0959252,0.168819
6186,0.1933,0.0744645,0.0959151,0.168795
6187,0.193332,0.0744592,0.0959051,0.168772
6188,0.193363,0.0744538,0.0958951,0.168748
6189,0.193394,0.0744485,0.0958851,0.168725
6190,0.193425,0.0744432,0.0958751,0.168701
6191,0.193457,0.0744379,0.0958651,0.168678
6192,0.193488,0.0744326,0.0958551,0.168654
6193,0.193519,0.0744273,0.0958451,0.168631
6194,0.19355,0.074422,0.0958351,0.168607
6195,0.193582,0.0744167,0.0958251,0.168584
6196,0.193613,0.0744113,0.0958151,0.16856
6197,0.193644,0.074406,0.0958051,0.168537
6198,0.193675,0.0744007,0.0957952,0.168513
6199,0.193707,0.0743954,0.0957852,0.16849
6200,0.193738,0.0743901,0.0957752,0.168466
6201,0.193769,0.0743848,0.0957652,0.168443
6202,0.1938,0.0743795,0.0957552,0.168419
6203,0.193832,0.0743742,0.0957453,0.168396
6204,0.193863,0.0743689,0.0957353,0.168372
6205,0.193894,0.0743636,0.0957253,0.168349
6206,0.193925,0.0743583,0.0957154,0.168325
6207,0.193957,0.074353,0.0957054,0.168302
6208,0.193988,0.0743477,0.0956954,0.168279
6209,0.194019,0.0743424,0.0956855,0.168255
6210,0.19405,0.0743371,0.0956755,0.168232
6211,0.194082,0.0743318,0.0956656,0.168208
6212,0.194113,0.0743265,0.0956556,0.168185
6213,0.194144,0.0743213,0.0956457,0.168161
6214,0.194175,0.074316,0.0956357,0.168138
6215,0.194207,0.0743107,0.0956258,0.168115
6216,0.194238,0.0743054,0.0956158,0.168091
6217,0.194269,0.0743001,0.0956059,0.168068
6218,0.1943,0.0742948,0.095596,0.168044
6219,0.194332,0.0742895,0.095586,0.168021
6220,0.194363,0.0742842,0.0955761,0.167998
6221,0.194394,0.074279,0.0955662,0.167974
6222,0.194425,0.0742737,0.0955562,0.167951
6223,0.194457,0.0742684,0.0955463,0.167928
6224,0.194488,0.0742631,0.0955364,0.167904
6225,0.194519,0.0742578,0.0955265,0.167881
6226,0.19455,0.0742526,0.0955165,0.167858
6227,0.194582,0.0742473,0.0955066,0.167834
6228,0.194613,0.074242,0.0954967,0.167811
6229,0.194644,0.0742367,0.0954868,0.167788
6230,0.194675,0.0742314,0.0954769,0.167764
6231,0.194707,0.0742262,0.095467,0.167741
6232,0.194738,0.0742209,0.0954571,0.167718
6233,0.194769,0.0742156,0.0954472,0.167694
6234,0.1948,0.0742104,0.0954373,0.167671
6235,0.194832,0.0742051,0.0954274,0.167648
6236,0.194863,0.0741998,0.0954175,0.167624
6237,0.194894,0.0741946,0.0954076,0.167601
6238,0.194925,0.0741893,0.0953977,0.167578
6239,0.194957,0.074184,0.0953878,0.167555
6240,0.194988,0.0741788,0.0953779,0.167531
6241,0.195019,0.0741735,0.0953681,0.167508
6242,0.19505,0.0741682,0.0953582,0.167485
6243,0.195082,0.074163,0.0953483,0.167462
6244,0.195113,0.0741577,0.0953384,0.167438
6245,0.195144,0.0741524,0.0953286,0.167415
6246,0.195175,0.0741472,0.0953187,0.167392
6247,0.195207,0.0741419,0.0953088,0.167369
6248,0.195238,0.0741367,0.095299,0.167345
6249,0.195269,0.0741314,0.0952891,0.167322
6250,0.1953,0.0741262,0.0952792,0.167299
6251,0.195332,0.0741209,0.0952694,0.167276
6252,0.195363,0.0741157,0.0952595,0.167252
6253,0.195394,0.0741104,0.0952497,0.167229
6254,0.195425,0.0741052,0.0952398,0.167206
6255,0.195457,0.0740999,0.09523,0.167183
6256,0.195488,0.0740947,0.0952201,0.16716
6257,0.195519,0.0740894,0.0952103,0.167136
6258,0.19555,0.0740842,0.0952004,0.167113
6259,0.195582,0.0740789,0.0951906,0.16709
6260,0.195613,0.0740737,0.0951807,0.167067
6261,0.195644,0.0740684,0.0951709,0.167044
6262,0.195675,0.0740632,0.0951611,0.167021
6263,0.195707,0.0740579,0.0951513,0.166997
6264,0.195738,0.0740527,0.0951414,0.166974
6265,0.195769,0.0740475,0.0951316,0.166951
6266,0.1958,0.0740422,0.0951218,0.166928
6267,0.195832,0.074037,0.095112,0.166905
6268,0.195863,0.0740317,0.0951021,0.166882
6269,0.195894,0.0740265,0.0950923,0.166858
6270,0.195925,0.0740213,0.0950825,0.166835
6271,0.195957,0.074016,0.0950727,0.166812
6272,0.195988,0.0740108,0.0950629,0.166789
6273,0.196019,0.0740056,0.0950531,0.166766
6274,0.19605,0.0740003,0.0950433,0.166743
6275,0.196081,0.0739951,0.0950335,0.16672
6276,0.196113,0.0739899,0.0950237,0.166697
6277,0.196144,0.0739846,0.0950139,0.166674
6278,0.196175,0.0739794,0.0950041,0.16665
6279,0.196206,0.0739742,0.0949943,0.166627
6280,0.196238,0.073969,0.0949845,0.166604
6281,0.196269,0.0739637,0.0949747,0.166581
6282,0.1963,0.0739585,0.0949649,0.166558
6283,0.196331,0.0739533,0.0949551,0.166535
6284,0.196363,0.0739481,0.0949454,0.166512
6285,0.196394,0.0739429,0.0949356,0.166489
6286,0.196425,0.0739376,0.0949258,0.166466
6287,0.196456,0.0739324,0.094916,0.166443
6288,0.196488,0.0739272,0.0949063,0.16642
6289,0.196519,0.073922,0.0948965,0.166397
6290,0.19655,0.0739168,0.0948867,0.166374
6291,0.196581,0.0739115,0.094877,0.166352
6292,0.196613,0.0739063,0.0948672,0.166329
6293,0.196644,0.0739011,0.0948574,0.166306
6294,0.196675,0.0738959,0.0948477,0.166284
6295,0.196706,0.0738907,0.0948379,0.166261
6296,0.196738,0.0738855,0.0948282,0.166239
6297,0.196769,0.0738803,0.0948184,0.166216
6298,0.1968,0.0738751,0.0948087,0.166193
6299,0.196831,0.0738699,0.0947989,0.166171
6300,0.196863,0.0738647,0.0947892,0.166148
6301,0.196894,0.0738595,0.0947794,0.166126
6302,0.196925,0.0738542,0.0947697,0.166103
6303,0.196956,0.073849,0.09476,0.166081
6304,0.196988,0.0738438,0.0947502,0.166058
6305,0.197019,0.0738386,0.0947405,0.166036
6306,0.19705,0.0738334,0.0947308,0.166013
6307,0.197081,0.0738282,0.0947211,0.16599
6308,0.197113,0.073823,0.0947113,0.165968
6309,0.197144,0.0738178,0.0947016,0.165945
6310,0.197175,0.0738126,0.0946919,0.165923
6311,0.197206,0.0738074,0.0946822,0.1659
6312,0.197238,0.0738023,0.0946725,0.165878
6313,0.197269,0.0737971,0.0946627,0.165855
6314,0.1973,0.0737919,0.094653,0.165833
6315,0.197331,0.0737867,0.0946433,0.16581
6316,0.197363,0.0737815,0.0946336,0.165788
6317,0.197394,0.0737763,0.0946239,0.165765
6318,0.197425,0.0737711,0.0946142,0.165743
6319,0.197456,0.0737659,0.0946045,0.16572
6320,0.197488,0.0737607,0.0945948,0.165698
6321,0.197519,0.0737555,0.0945851,0.165675
6322,0.19755,0.0737504,0.0945754,0.165653
6323,0.197581,0.0737452,0.0945657,0.165631
6324,0.197613,0.07374,0.094556,0.165608
6325,0.197644,0.0737348,0.0945464,0.165586
6326,0.197675,0.0737296,0.0945367,0.165563
6327,0.197706,0.0737244,0.094527,0.165541
6328,0.197738,0.0737193,0.0945173,0.165518
6329,0.197769,0.0737141,0.0945076,0.165496
6330,0.1978,0.0737089,0.094498,0.165473
6331,0.197831,0.0737037,0.0944883,0.165451
6332,0.197863,0.0736986,0.0944786,0.165429
6333,0.197894,0.0736934,0.094469,0.165406
6334,0.197925,0.0736882,0.0944593,0.165384
6335,0.197956,0.073683,0.0944496,0.165361
6336,0.197988,0.0736779,0.09444,0.165339
6337,0.198019,0.0736727,0.0944303,0.165317
6338,0.19805,0.0736675,0.0944207,0.165294
6339,0.198081,0.0736624,0.094411,0.165272
6340,0.198113,0.0736572,0.0944014,0.165249
6341,0.198144,0.073652,0.0943917,0.165227
6342,0.198175,0.0736468,0.0943821,0.165205
6343,0.198206,0.0736417,0.0943724,0.165182
6344,0.198238,0.0736365,0.0943628,0.16516
6345,0.198269,0.0736314,0.0943531,0.165138
6346,0.1983,0.0736262,0.0943435,0.165115
6347,0.198331,0.073621,0.0943339,0.165093
6348,0.198363,0.0736159,0.0943242,0.165071
6349,0.198394,0.0736107,0.0943146,0.165048
6350,0.198425,0.0736056,0.094305,0.165026
6351,0.198456,0.0736004,0.0942953,0.165004
6352,0.198488,0.0735952,0.0942857,0.164981
6353,0.198519,0.0735901,0.0942761,0.164959
6354,0.19855,0.0735849,0.0942665,0.164937
6355,0.198581,0.0735798,0.0942569,0.164914
6356,0.198613,0.0735746,0.0942473,0.164892
6357,0.198644,0.0735695,0.0942376,0.16487
6358,0.198675,0.0735643,0.094228,0.164847
6359,0.198706,0.0735592,0.0942184,0.164825
6360,0.198738,0.073554,0.0942088,0.164803
6361,0.198769,0.0735489,0.0941992,0.16478
6362,0.1988,0.0735437,0.0941896,0.164758
6363,0.198831,0.0735386,0.09418,0.164736
6364,0.198863,0.0735334,0.0941704,0.164714
6365,0.198894,0.0735283,0.0941608,0.164691
6366,0.198925,0.0735231,0.0941512,0.164669
6367,0.198956,0.073518,0.0941416,0.164647
6368,0.198988,0.0735129,0.0941321,0.164625
6369,0.199019,0.0735077,0.0941225,0.164602
6370,0.19905,0.0735026,0.0941129,0.16458
6371,0.199081,0.0734974,0.0941033,0.164558
6372,0.199113,0.0734923,0.0940937,0.164536
6373,0.199144,0.0734872,0.0940842,0.164513
6374,0.199175,0.073482,0.0940746,0.164491
6375,0.199206,0.0734769,0.094065,0.164469
6376,0.199238,0.0734718,0.0940554,0.164447
6377,0.199269,0.0734666,0.0940459,0.164424
6378,0.1993,0.0734615,0.0940363,0.164402
6379,0.199331,0.0734564,0.0940267,0.16438
6380,0.199363,0.0734512,0.0940172,0.164358
6381,0.199394,0.0734461,0.0940076,0.164336
6382,0.199425,0.073441,0.0939981,0.164313
6383,0.199456,0.0734358,0.0939885,0.164291
6384,0.199488,0.0734307,0.093979,0.164269
6385,0.199519,0.0734256,0.0939694,0.164247
6386,0.19955,0.0734205,0.0939599,0.164225
6387,0.199581,0.0734153,0.0939503,0.164203
6388,0.199613,0.0734102,0.0939408,0.16418
6389,0.199644,0.0734051,0.0939313,0.164158
6390,0.199675,0.0734,0.0939217,0.164136
6391,0.199706,0.0733949,0.0939122,0.164114
6392,0.199738,0.0733897,0.0939026,0.164092
6393,0.199769,0.0733846,0.0938931,0.16407
6394,0.1998,0.0733795,0.0938836,0.164047
6395,0.199831,0.0733744,0.0938741,0.164025
6396,0.199863,0.0733693,0.0938645,0.164003
6397,0.199894,0.0733641,0.093855,0.163981
6398,0.199925,0.073359,0.0938455,0.163959
6399,0.199956,0.0733539,0.093836,0.163937
6400,0.199988,0.0733488,0.0938265,0.163915
6401,0.200019,0.0733437,0.093817,0.163893
6402,0.20005,0.0733386,0.0938074,0.163871
6403,0.200081,0.0733335,0.0937979,0.163848
6404,0.200112,0.0733284,0.0937884,0.163826
6405,0.200144,0.0733233,0.0937789,0.163804
6406,0.200175,0.0733182,0.0937694,0.163782
6407,0.200206,0.073313,0.0937599,0.16376
6408,0.200237,0.0733079,0.0937504,0.163738
6409,0.200269,0.0733028,0.0937409,0.163716
6410,0.2003,0.0732977,0.0937314,0.163694
6411,0.200331,0.0732926,0.0937219,0.163672
6412,0.200362,0.0732875,0.0937125,0.16365
6413,0.200394,0.0732824,0.093703,0.163628
6414,0.200425,0.0732773,0.0936935,0.163606
6415,0.200456,0.0732722,0.093684,0.163584
6416,0.200487,0.0732671,0.0936745,0.163562
6417,0.200519,0.073262,0.0936651,0.16354
6418,0.20055,0.0732569,0.0936556,0.163517
6419,0.200581,0.0732519,0.0936461,0.163495
6420,0.200612,0.0732468,0.0936366,0.163473
6421,0.200644,0.0732417,0.0936272,0.163451
6422,0.200675,0.0732366,0.0936177,0.163429
6423,0.200706,0.0732315,0.0936082,0.163407
6424,0.200737,0.0732264,0.0935988,0.163385
6425,0.200769,0.0732213,0.0935893,0.163363
6426,0.2008,0.0732162,0.0935799,0.163341
6427,0.200831,0.0732111,0.0935704,0.163319
6428,0.200862,0.073206,0.093561,0.163297
6429,0.200894,0.073201,0.0935515,0.163275
6430,0.200925,0.0731959,0.0935421,0.163253
6431,0.200956,0.0731908,0.0935326,0.163231
6432,0.200987,0.0731857,0.0935232,0.163209
6433,0.201019,0.0731806,0.0935137,0.163188
6434,0.20105,0.0731755,0.0935043,0.163166
6435,0.201081,0.0731705,0.0934948,0.163144
6436,0.201112,0.0731654,0.0934854,0.163122
6437,0.201144,0.0731603,0.093476,0.1631
6438,0.201175,0.0731552,0.0934666,0.163078
6439,0.201206,0.0731502,0.0934571,0.163056
6440,0.201237,0.0731451,0.0934477,0.163034
6441,0.201269,0.07314,0.0934383,0.163012
6442,0.2013,0.0731349,0.0934289,0.16299
6443,0.201331,0.0731299,0.0934194,0.162968
6444,0.201362,0.0731248,0.09341,0.162946
6445,0.201394,0.0731197,0.0934006,0.162924
6446,0.201425,0.0731146,0.0933912,0.162902
6447,0.201456,0.0731096,0.0933818,0.16288
6448,0.201487,0.0731045,0.0933724,0.162859
6449,0.201519,0.0730994,0.093363,0.162837
6450,0.20155,0.0730944,0.0933536,0.162815
6451,0.201581,0.0730893,0.0933442,0.162793
6452,0.201612,0.0730842,0.0933348,0.162771
6453,0.201644,0.0730792,0.0933254,0.162749
6454,0.201675,0.0730741,0.093316,0.162727
6455,0.201706,0.0730691,0.0933066,0.162705
6456,0.201737,0.073064,0.0932972,0.162684
6457,0.201769,0.0730589,0.0932878,0.162662
6458,0.2018,0.0730539,0.0932784,0.16264
6459,0.201831,0.0730488,0.093269,0.162618
6460,0.201862,0.0730438,0.0932596,0.162596
6461,0.201894,0.0730387,0.0932503,0.162574
6462,0.201925,0.0730337,0.0932409,0.162552
6463,0.201956,0.0730286,0.0932315,0.162531
6464,0.201987,0.0730235,0.0932221,0.162509
6465,0.202019,0.0730185,0.0932128,0.162487
6466,0.20205,0.0730134,0.0932034,0.162465
6467,0.202081,0.0730084,0.093194,0.162443
6468,0.202112,0.0730033,0.0931847,0.162422
6469,0.202144,0.0729983,0.0931753,0.1624
6470,0.202175,0.0729932,0.0931659,0.162378
6471,0.202206,0.0729882,0.0931566,0.162356
6472,0.202237,0.0729831,0.0931472,0.162334
6473,0.202269,0.0729781,0.0931379,0.162313
6474,0.2023,0.0729731,0.0931285,0.162291
6475,0.202331,0.072968,0.0931192,0.162269
6476,0.202362,0.072963,0.0931098,0.162247
6477,0.202394,0.0729579,0.0931005,0.162225
6478,0.202425,0.0729529,0.0930911,0.162204
6479,0.202456,0.0729478,0.0930818,0.162182
6480,0.202487,0.0729428,0.0930725,0.16216
6481,0.202519,0.0729378,0.0930631,0.162138
6482,0.20255,0.0729327,0.0930538,0.162117
6483,0.202581,0.0729277,0.0930445,0.162095
6484,0.202612,0.0729227,0.0930351,0.162073
6485,0.202644,0.0729176,0.0930258,0.162051
6486,0.202675,0.0729126,0.0930165,0.16203
6487,0.202706,0.0729076,0.0930072,0.162008
6488,0.202737,0.0729025,0.0929978,0.161986
6489,0.202769,0.0728975,0.0929885,0.161964
6490,0.2028,0.0728925,0.0929792,0.161943
6491,0.202831,0.0728874,0.0929699,0.161921
6492,0.202862,0.0728824,0.0929606,0.161899
6493,0.202894,0.0728774,0.0929513,0.161878
6494,0.202925,0.0728724,0.092942,0.161856
6495,0.202956,0.0728673,0.0929327,0.161834
6496,0.202987,0.0728623,0.0929233,0.161813
6497,0.203019,0.0728573,0.092914,0.161791
6498,0.20305,0.0728523,0.0929047,0.161769
6499,0.203081,0.0728472,0.0928955,0.161748
6500,0.203112,0.0728422,0.0928862,0.161726
6501,0.203144,0.0728372,0.0928769,0.161704
6502,0.203175,0.0728322,0.0928676,0.161683
6503,0.203206,0.0728272,0.0928583,0.161661
6504,0.203237,0.0728221,0.092849,0.161639
6505,0.203269,0.0728171,0.0928397,0.161618
6506,0.2033,0.0728121,0.0928304,0.161596
6507,0.203331,0.0728071,0.0928212,0.161574
6508,0.203362,0.0728021,0.0928119,0.161553
6509,0.203394,0.0727971,0.0928026,0.161531
6510,0.203425,0.072792,0.0927933,0.161509
6511,0.203456,0.072787,0.0927841,0.161488
6512,0.203487,0.072782,0.0927748,0.161466
6513,0.203519,0.072777,0.0927655,0.161445
6514,0.20355,0.072772,0.0927563,0.161423
6515,0.203581,0.072767,0.092747,0.161401
6516,0.203612,0.072762,0.0927377,0.16138
6517,0.203644,0.072757,0.0927285,0.161358
6518,0.203675,0.072752,0.0927192,0.161337
6519,0.203706,0.072747,0.09271,0.161315
6520,0.203737,0.072742,0.0927007,0.161293
6521,0.203769,0.072737,0.0926915,0.161272
6522,0.2038,0.072732,0.0926822,0.16125
6523,0.203831,0.072727,0.092673,0.161229
6524,0.203862,0.072722,0.0926637,0.161207
6525,0.203894,0.072717,0.0926545,0.161186
6526,0.203925,0.072712,0.0926452,0.161164
6527,0.203956,0.072707,0.092636,0.161142
6528,0.203987,0.072702,0.0926268,0.161121
6529,0.204018,0.072697,0.0926175,0.161099
6530,0.20405,0.072692,0.0926083,0.161078
6531,0.204081,0.072687,0.0925991,0.161056
6532,0.204112,0.072682,0.0925899,0.161035
6533,0.204143,0.072677,0.0925806,0.161013
6534,0.204175,0.072672,0.0925714,0.160992
6535,0.204206,0.072667,0.0925622,0.16097
6536,0.204237,0.072662,0.092553,0.160949
6537,0.204268,0.072657,0.0925438,0.160927
6538,0.2043,0.0726521,0.0925345,0.160906
6539,0.204331,0.0726471,0.0925253,0.160884
6540,0.204362,0.0726421,0.0925161,0.160863
6541,0.204393,0.0726371,0.0925069,0.160841
6542,0.204425,0.0726321,0.0924977,0.16082
6543,0.204456,0.0726271,0.0924885,0.160798
6544,0.204487,0.0726222,0.0924793,0.160777
6545,0.204518,0.0726172,0.0924701,0.160755
6546,0.20455,0.0726122,0.0924609,0.160734
6547,0.204581,0.0726072,0.0924517,0.160712
6548,0.204612,0.0726022,0.0924425,0.160691
6549,0.204643,0.0725973,0.0924333,0.160669
6550,0.204675,0.0725923,0.0924242,0.160648
6551,0.204706,0.0725873,0.092415,0.160626
6552,0.204737,0.0725823,0.0924058,0.160605
6553,0.204768,0.0725773,0.0923966,0.160584
6554,0.2048,0.0725724,0.0923874,0.160562
6555,0.204831,0.0725674,0.0923782,0.160541
6556,0.204862,0.0725624,0.0923691,0.160519
6557,0.204893,0.0725575,0.0923599,0.160498
6558,0.204925,0.0725525,0.0923507,0.160476
6559,0.204956,0.0725475,0.0923416,0.160455
6560,0.204987,0.0725426,0.0923324,0.160434
6561,0.205018,0.0725376,0.0923232,0.160412
6562,0.20505,0.0725326,0.0923141,0.160391
6563,0.205081,0.0725277,0.0923049,0.16037
6564,0.205112,0.0725227,0.0922957,0.160349
6565,0.205143,0.0725177,0.0922866,0.160328
6566,0.205175,0.0725128,0.0922774,0.160307
6567,0.205206,0.0725078,0.0922683,0.160286
6568,0.205237,0.0725028,0.0922591,0.160265
6569,0.205268,0.0724979,0.09225,0.160244
6570,0.2053,0.0724929,0.0922408,0.160223
6571,0.205331,0.072488,0.0922317,0.160202
6572,0.205362,0.072483,0.0922226,0.160181
6573,0.205393,0.072478,0.0922134,0.16016
6574,0.205425,0.0724731,0.0922043,0.160139
6575,0.205456,0.0724681,0.0921951,0.160118
6576,0.205487,0.0724632,0.092186,0.160097
6577,0.205518,0.0724582,0.0921769,0.160076
6578,0.20555,0.0724533,0.0921678,0.160055
6579,0.205581,0.0724483,0.0921586,0.160034
6580,0.205612,0.0724434,0.0921495,0.160013
6581,0.205643,0.0724384,0.0921404,0.159992
6582,0.205675,0.0724335,0.0921313,0.159971
6583,0.205706,0.0724285,0.0921221,0.159951
6584,0.205737,0.0724236,0.092113,0.15993
6585,0.205768,0.0724186,0.0921039,0.159909
6586,0.2058,0.0724137,0.0920948,0.159888
6587,0.205831,0.0724087,0.0920857,0.159867
6588,0.205862,0.0724038,0.0920766,0.159846
6589,0.205893,0.0723988,0.0920675,0.159825
6590,0.205925,0.0723939,0.0920584,0.159804
6591,0.205956,0.072389,0.0920493,0.159783
6592,0.205987,0.072384,0.0920402,0.159762
6593,0.206018,0.0723791,0.0920311,0.159741
6594,0.20605,0.0723741,0.092022,0.159721
6595,0.206081,0.0723692,0.0920129,0.1597
6596,0.206112,0.0723643,0.0920038,0.159679
6597,0.206143,0.0723593,0.0919947,0.159658
6598,0.206175,0.0723544,0.0919856,0.159637
6599,0.206206,0.0723495,0.0919765,0.159616
6600,0.206237,0.0723445,0.0919674,0.159595
6601,0.206268,0.0723396,0.0919584,0.159575
6602,0.2063,0.0723347,0.0919493,0.159554
6603,0.206331,0.0723297,0.0919402,0.159533
6604,0.206362,0.0723248,0.0919311,0.159512
6605,0.206393,0.0723199,0.0919221,0.159491
6606,0.206425,0.0723149,0.091913,0.15947
6607,0.206456,0.07231,0.0919039,0.159449
6608,0.206487,0.0723051,0.0918949,0.159429
6609,0.206518,0.0723002,0.0918858,0.159408
6610,0.20655,0.0722952,0.0918767,0.159387
6611,0.206581,0.0722903,0.0918677,0.159366
6612,0.206612,0.0722854,0.0918586,0.159345
6613,0.206643,0.0722805,0.0918496,0.159325
6614,0.206675,0.0722755,0.0918405,0.159304
6615,0.206706,0.0722706,0.0918315,0.159283
6616,0.206737,0.0722657,0.0918224,0.159262
6617,0.206768,0.0722608,0.0918134,0.159241
6618,0.2068,0.0722559,0.0918043,0.159221
6619,0.206831,0.0722509,0.0917953,0.1592
6620,0.206862,0.072246,0.0917862,0.159179
6621,0.206893,0.0722411,0.0917772,0.159158
6622,0.206925,0.0722362,0.0917682,0.159137
6623,0.206956,0.0722313,0.0917591,0.159117
6624,0.206987,0.0722264,0.0917501,0.159096
6625,0.207018,0.0722215,0.0917411,0.159075
6626,0.20705,0.0722165,0.091732,0.159054
6627,0.207081,0.0722116,0.091723,0.159034
6628,0.207112,0.0722067,0.091714,0.159013
6629,0.207143,0.0722018,0.0917049,0.158992
6630,0.207175,0.0721969,0.0916959,0.158971
6631,0.207206,0.072192,0.0916869,0.158951
6632,0.207237,0.0721871,0.0916779,0.15893
6633,0.207268,0.0721822,0.0916689,0.158909
6634,0.2073,0.0721773,0.0916599,0.158889
6635,0.207331,0.0721724,0.0916509,0.158868
6636,0.207362,0.0721675,0.0916418,0.158847
6637,0.207393,0.0721626,0.0916328,0.158826
6638,0.207425,0.0721577,0.0916238,0.158806
6639,0.207456,0.0721528,0.0916148,0.158785
6640,0.207487,0.0721479,0.0916058,0.158764
6641,0.207518,0.072143,0.0915968,0.158744
6642,0.20755,0.0721381,0.0915878,0.158723
6643,0.207581,0.0721332,0.0915788,0.158702
6644,0.207612,0.0721283,0.0915699,0.158682
6645,0.207643,0.0721234,0.0915609,0.158661
6646,0.207675,0.0721185,0.0915519,0.15864
6647,0.207706,0.0721136,0.0915429,0.158619
6648,0.207737,0.0721087,0.0915339,0.158599
6649,0.207768,0.0721038,0.0915249,0.158578
6650,0.2078,0.0720989,0.0915159,0.158558
6651,0.207831,0.072094,0.091507,0.158537
6652,0.207862,0.0720891,0.091498,0.158516
6653,0.207893,0.0720842,0.091489,0.158496
6654,0.207925,0.0720794,0.09148,0.158475
6655,0.207956,0.0720745,0.0914711,0.158454
6656,0.207987,0.0720696,0.0914621,0.158434
6657,0.208018,0.0720647,0.0914531,0.158413
6658,0.208049,0.0720598,0.0914442,0.158392
6659,0.208081,0.0720549,0.0914352,0.158372
6660,0.208112,0.07205,0.0914263,0.158351
6661,0.208143,0.0720452,0.0914173,0.158331
6662,0.208174,0.0720403,0.0914083,0.15831
6663,0.208206,0.0720354,0.0913994,0.158289
6664,0.208237,0.0720305,0.0913904,0.158269
6665,0.208268,0.0720256,0.0913815,0.158248
6666,0.208299,0.0720208,0.0913725,0.158228
6667,0.208331,0.0720159,0.0913636,0.158207
6668,0.208362,0.072011,0.0913547,0.158186
6669,0.208393,0.0720061,0.0913457,0.158166
6670,0.208424,0.0720013,0.0913368,0.158145
6671,0.208456,0.0719964,0.0913278,0.158125
6672,0.208487,0.0719915,0.0913189,0.158104
6673,0.208518,0.0719866,0.09131,0.158083
6674,0.208549,0.0719818,0.091301,0.158063
6675,0.208581,0.0719769,0.0912921,0.158042
6676,0.208612,0.071972,0.0912832,0.158022
6677,0.208643,0.0719672,0.0912743,0.158001
6678,0.208674,0.0719623,0.0912653,0.157981
6679,0.208706,0.0719574,0.0912564,0.15796
6680,0.208737,0.0719526,0.0912475,0.15794
6681,0.208768,0.0719477,0.0912386,0.157919
6682,0.208799,0.0719428,0.0912297,0.157899
6683,0.208831,0.071938,0.0912208,0.157878
6684,0.208862,0.0719331,0.0912118,0.157858
6685,0.208893,0.0719282,0.0912029,0.157837
6686,0.208924,0.0719234,0.091194,0.157816
6687,0.208956,0.0719185,0.0911851,0.157796
6688,0.208987,0.0719137,0.0911762,0.157775
6689,0.209018,0.0719088,0.0911673,0.157755
6690,0.209049,0.0719039,0.0911584,0.157734
6691,0.209081,0.0718991,0.0911495,0.157714
6692,0.209112,0.0718942,0.0911406,0.157693
6693,0.209143,0.0718894,0.0911317,0.157673
6694,0.209174,0.0718845,0.0911229,0.157653
6695,0.209206,0.0718797,0.091114,0.157632
6696,0.209237,0.0718748,0.0911051,0.157612
6697,0.209268,0.07187,0.0910962,0.157591
6698,0.209299,0.0718651,0.0910873,0.157571
6699,0.209331,0.0718603,0.0910784,0.15755
6700,0.209362,0.0718554,0.0910696,0.15753
6701,0.209393,0.0718506,0.0910607,0.157509
6702,0.209424,0.0718457,0.0910518,0.157489
6703,0.209456,0.0718409,0.0910429,0.157468
6704,0.209487,0.071836,0.0910341,0.157448
6705,0.209518,0.0718312,0.0910252,0.157427
6706,0.209549,0.0718263,0.0910163,0.157407
6707,0.209581,0.0718215,0.0910075,0.157387
6708,0.209612,0.0718166,0.0909986,0.157366
6709,0.209643,0.0718118,0.0909897,0.157346
6710,0.209674,0.071807,0.0909809,0.157325
6711,0.209706,0.0718021,0.090972,0.157305
6712,0.209737,0.0717973,0.0909632,0.157285
6713,0.209768,0.0717924,0.0909543,0.157264
6714,0.209799,0.0717876,0.0909455,0.157244
6715,0.209831,0.0717828,0.0909366,0.157223
6716,0.209862,0.0717779,0.0909278,0.157203
6717,0.209893,0.0717731,0.0909189,0.157183
6718,0.209924,0.0717682,0.0909101,0.157162
6719,0.209956,0.0717634,0.0909012,0.157142
6720,0.209987,0.0717586,0.0908924,0.157121
6721,0.210018,0.0717537,0.0908836,0.157101
6722,0.210049,0.0717489,0.0908747,0.157081
6723,0.210081,0.0717441,0.0908659,0.15706
6724,0.210112,0.0717393,0.0908571,0.15704
6725,0.210143,0.0717344,0.0908482,0.15702
6726,0.210174,0.0717296,0.0908394,0.156999
6727,0.210206,0.0717248,0.0908306,0.156979
6728,0.210237,0.0717199,0.0908218,0.156959
6729,0.210268,0.0717151,0.090813,0.156938
6730,0.210299,0.0717103,0.0908041,0.156918
6731,0.210331,0.0717055,0.0907953,0.156897
6732,0.210362,0.0717006,0.0907865,0.156877
6733,0.210393,0.0716958,0.0907777,0.156857
6734,0.210424,0.071691,0.0907689,0.156837
6735,0.210456,0.0716862,0.0907601,0.156816
6736,0.210487,0.0716814,0.0907513,0.156796
6737,0.210518,0.0716765,0.0907425,0.156776
6738,0.210549,0.0716717,0.0907337,0.156755
6739,0.210581,0.0716669,0.0907249,0.156735
6740,0.210612,0.0716621,0.0907161,0.156715
6741,0.210643,0.0716573,0.0907073,0.156694
6742,0.210674,0.0716525,0.0906985,0.156674
6743,0.210706,0.0716476,0.0906897,0.156654
6744,0.210737,0.0716428,0.0906809,0.156634
6745,0.210768,0.071638,0.0906721,0.156613
6746,0.210799,0.0716332,0.0906633,0.156593
6747,0.210831,0.0716284,0.0906545,0.156573
6748,0.210862,0.0716236,0.0906457,0.156552
6749,0.210893,0.0716188,0.090637,0.156532
6750,0.210924,0.071614,0.0906282,0.156512
6751,0.210956,0.0716092,0.0906194,0.156492
6752,0.210987,0.0716043,0.0906106,0.156471
6753,0.211018,0.0715995,0.0906019,0.156451
6754,0.211049,0.0715947,0.0905931,0.156431
6755,0.211081,0.0715899,0.0905843,0.156411
6756,0.211112,0.0715851,0.0905755,0.15639
6757,0.211143,0.0715803,0.0905668,0.15637
6758,0.211174,0.0715755,0.090558,0.15635
6759,0.211206,0.0715707,0.0905493,0.15633
6760,0.211237,0.0715659,0.0905405,0.15631
6761,0.211268,0.0715611,0.0905317,0.156289
6762,0.211299,0.0715563,0.090523,0.156269
6763,0.211331,0.0715515,0.0905142,0.156249
6764,0.211362,0.0715467,0.0905055,0.156229
6765,0.211393,0.0715419,0.0904967,0.156208
6766,0.211424,0.0715371,0.090488,0.156188
6767,0.211456,0.0715323,0.0904792,0.156168
6768,0.211487,0.0715275,0.0904705,0.156148
6769,0.211518,0.0715227,0.0904618,0.156128
6770,0.211549,0.0715179,0.090453,0.156108
6771,0.211581,0.0715132,0.0904443,0.156087
6772,0.211612,0.0715084,0.0904355,0.156067
6773,0.211643,0.0715036,0.0904268,0.156047
6774,0.211674,0.0714988,0.0904181,0.156027
6775,0.211706,0.071494,0.0904093,0.156007
6776,0.211737,0.0714892,0.0904006,0.155987
6777,0.211768,0.0714844,0.0903919,0.155966
6778,0.211799,0.0714796,0.0903832,0.155946
6779,0.211831,0.0714749,0.0903744,0.155926
6780,0.211862,0.0714701,0.0903657,0.155906
6781,0.211893,0.0714653,0.090357,0.155886
6782,0.211924,0.0714605,0.0903483,0.155866
6783,0.211956,0.0714557,0.0903396,0.155846
6784,0.211987,0.0714509,0.0903309,0.155825
6785,0.212018,0.0714462,0.0903222,0.155805
6786,0.212049,0.0714414,0.0903134,0.155785
6787,0.21208,0.0714366,0.0903047,0.155765
6788,0.212112,0.0714318,0.090296,0.155745
6789,0.212143,0.071427,0.0902873,0.155725
6790,0.212174,0.0714223,0.0902786,0.155705
6791,0.212205,0.0714175,0.0902699,0.155685
6792,0.212237,0.0714127,0.0902612,0.155665
6793,0.212268,0.0714079,0.0902525,0.155644
6794,0.212299,0.0714032,0.0902438,0.155624
6795,0.21233,0.0713984,0.0902352,0.155604
6796,0.212362,0.0713936,0.0902265,0.155584
6797,0.212393,0.0713888,0.0902178,0.155564
6798,0.212424,0.0713841,0.0902091,0.155544
6799,0.212455,0.0713793,0.0902004,0.155524
6800,0.212487,0.0713745,0.0901917,0.155504
6801,0.212518,0.0713698,0.0901831,0.155484
6802,0.212549,0.071365,0.0901744,0.155464
6803,0.21258,0.0713602,0.0901657,0.155444
6804,0.212612,0.0713555,0.090157,0.155424
6805,0.212643,0.0713507,0.0901484,0.155404
6806,0.212674,0.0713459,0.0901397,0.155384
6807,0.212705,0.0713412,0.090131,0.155364
6808,0.212737,0.0713364,0.0901224,0.155344
6809,0.212768,0.0713317,0.0901137,0.155324
6810,0.212799,0.0713269,0.090105,0.155303
6811,0.21283,0.0713221,0.0900964,0.155283
6812,0.212862,0.0713174,0.0900877,0.155263
6813,0.212893,0.0713126,0.0900791,0.155243
6814,0.212924,0.0713079,0.0900704,0.155223
6815,0.212955,0.0713031,0.0900617,0.155203
6816,0.212987,0.0712983,0.0900531,0.155183
6817,0.213018,0.0712936,0.0900444,0.155163
6818,0.213049,0.0712888,0.0900358,0.155143
6819,0.21308,0.0712841,0.0900272,0.155123
6820,0.213112,0.0712793,0.0900185,0.155103
6821,0.213143,0.0712746,0.0900099,0.155083
6822,0.213174,0.0712698,0.0900012,0.155063
6823,0.213205,0.0712651,0.0899926,0.155044
6824,0.213237,0.0712603,0.089984,0.155024
6825,0.213268,0.0712556,0.0899753,0.155004
6826,0.213299,0.0712508,0.0899667,0.154984
6827,0.21333,0.0712461,0.0899581,0.154964
6828,0.213362,0.0712413,0.0899494,0.154944
6829,0.213393,0.0712366,0.0899408,0.154924
6830,0.213424,0.0712318,0.0899322,0.154904
6831,0.213455,0.0712271,0.0899236,0.154884
6832,0.213487,0.0712224,0.0899149,0.154864
6833,0.213518,0.0712176,0.0899063,0.154844
6834,0.213549,0.0712129,0.0898977,0.154824
6835,0.21358,0.0712081,0.0898891,0.154804
6836,0.213612,0.0712034,0.0898805,0.154784
6837,0.213643,0.0711986,0.0898719,0.154764
6838,0.213674,0.0711939,0.0898633,0.154744
6839,0.213705,0.0711892,0.0898547,0.154724
6840,0.213737,0.0711844,0.0898461,0.154705
6841,0.213768,0.0711797,0.0898375,0.154685
6842,0.213799,0.071175,0.0898289,0.154666
6843,0.21383,0.0711702,0.0898203,0.154646
6844,0.213862,0.0711655,0.0898117,0.154627
6845,0.213893,0.0711608,0.0898031,0.154607
6846,0.213924,0.071156,0.0897945,0.154588
6847,0.213955,0.0711513,0.0897859,0.154568
6848,0.213987,0.0711466,0.0897773,0.154549
6849,0.214018,0.0711418,0.0897687,0.154529
6850,0.214049,0.0711371,0.0897601,0.15451
6851,0.21408,0.0711324,0.0897515,0.15449
6852,0.214112,0.0711276,0.089743,0.15447
6853,0.214143,0.0711229,0.0897344,0.154451
6854,0.214174,0.0711182,0.0897258,0.154431
6855,0.214205,0.0711135,0.0897172,0.154412
6856,0.214237,0.0711087,0.0897086,0.154392
6857,0.214268,0.071104,0.0897001,0.154373
6858,0.214299,0.0710993,0.0896915,0.154353
6859,0.21433,0.0710946,0.0896829,0.154334
6860,0.214362,0.0710899,0.0896744,0.154315
6861,0.214393,0.0710851,0.0896658,0.154295
6862,0.214424,0.0710804,0.0896572,0.154276
6863,0.214455,0.0710757,0.0896487,0.154256
6864,0.214487,0.071071,0.0896401,0.154237
6865,0.214518,0.0710663,0.0896316,0.154217
6866,0.214549,0.0710615,0.089623,0.154198
6867,0.21458,0.0710568,0.0896145,0.154178
6868,0.214612,0.0710521,0.0896059,0.154159
6869,0.214643,0.0710474,0.0895974,0.154139
6870,0.214674,0.0710427,0.0895888,0.15412
6871,0.214705,0.071038,0.0895803,0.1541
6872,0.214737,0.0710333,0.0895717,0.154081
6873,0.214768,0.0710285,0.0895632,0.154062
6874,0.214799,0.0710238,0.0895546,0.154042
6875,0.21483,0.0710191,0.0895461,0.154023
6876,0.214862,0.0710144,0.0895376,0.154003
6877,0.214893,0.0710097,0.089529,0.153984
6878,0.214924,0.071005,0.0895205,0.153964
6879,0.214955,0.0710003,0.089512,0.153945
6880,0.214987,0.0709956,0.0895034,0.153926
6881,0.215018,0.0709909,0.0894949,0.153906
6882,0.215049,0.0709862,0.0894864,0.153887
6883,0.21508,0.0709815,0.0894779,0.153867
6884,0.215112,0.0709768,0.0894693,0.153848
6885,0.215143,0.0709721,0.0894608,0.153829
6886,0.215174,0.0709674,0.0894523,0.153809
6887,0.215205,0.0709627,0.0894438,0.15379
6888,0.215237,0.070958,0.0894353,0.15377
6889,0.215268,0.0709533,0.0894268,0.153751
6890,0.215299,0.0709486,0.0894183,0.153732
6891,0.21533,0.0709439,0.0894098,0.153712
6892,0.215362,0.0709392,0.0894012,0.153693
6893,0.215393,0.0709345,0.0893927,0.153674
6894,0.215424,0.0709298,0.0893842,0.153654
6895,0.215455,0.0709251,0.0893757,0.153635
6896,0.215487,0.0709204,0.0893672,0.153616
6897,0.215518,0.0709157,0.0893587,0.153596
6898,0.215549,0.070911,0.0893503,0.153577
6899,0.21558,0.0709063,0.0893418,0.153558
6900,0.215612,0.0709016,0.0893333,0.153538
6901,0.215643,0.0708969,0.0893248,0.153519
6902,0.215674,0.0708922,0.0893163,0.1535
6903,0.215705,0.0708876,0.0893078,0.15348
6904,0.215737,0.0708829,0.0892993,0.153461
6905,0.215768,0.0708782,0.0892908,0.153442
6906,0.215799,0.0708735,0.0892824,0.153422
6907,0.21583,0.0708688,0.0892739,0.153403
6908,0.215862,0.0708641,0.0892654,0.153384
6909,0.215893,0.0708594,0.0892569,0.153364
6910,0.215924,0.0708548,0.0892485,0.153345
6911,0.215955,0.0708501,0.08924,0.153326
6912,0.215987,0.0708454,0.0892315,0.153306
6913,0.216018,0.0708407,0.0892231,0.153287
6914,0.216049,0.070836,0.0892146,0.153268
6915,0.21608,0.0708314,0.0892061,0.153249
6916,0.216111,0.0708267,0.0891977,0.153229
6917,0.216143,0.070822,0.0891892,0.15321
6918,0.216174,0.0708173,0.0891807,0.153191
6919,0.216205,0.0708126,0.0891723,0.153172
6920,0.216236,0.070808,0.0891638,0.153152
6921,0.216268,0.0708033,0.0891554,0.153133
6922,0.216299,0.0707986,0.0891469,0.153114
6923,0.21633,0.0707939,0.0891385,0.153094
6924,0.216361,0.0707893,0.08913,0.153075
6925,0.216393,0.0707846,0.0891216,0.153056
6926,0.216424,0.0707799,0.0891132,0.153037
6927,0.216455,0.0707753,0.0891047,0.153018
6928,0.216486,0.0707706,0.0890963,0.152998
6929,0.216518,0.0707659,0.0890878,0.152979
6930,0.216549,0.0707613,0.0890794,0.15296
6931,0.21658,0.0707566,0.089071,0.152941
6932,0.216611,0.0707519,0.0890625,0.152921
6933,0.216643,0.0707473,0.0890541,0.152902
6934,0.216674,0.0707426,0.0890457,0.152883
6935,0.216705,0.0707379,0.0890373,0.152864
6936,0.216736,0.0707333,0.0890288,0.152845
6937,0.216768,0.0707286,0.0890204,0.152825
6938,0.216799,0.0707239,0.089012,0.152806
6939,0.21683,0.0707193,0.0890036,0.152787
6940,0.216861,0.0707146,0.0889951,0.152768
6941,0.216893,0.07071,0.0889867,0.152749
6942,0.216924,0.0707053,0.0889783,0.152729
6943,0.216955,0.0707006,0.0889699,0.15271
6944,0.216986,0.070696,0.0889615,0.152691
6945,0.217018,0.0706913,0.0889531,0.152672
6946,0.217049,0.0706867,0.0889447,0.152653
6947,0.21708,0.070682,0.0889363,0.152633
6948,0.217111,0.0706774,0.0889279,0.152614
6949,0.217143,0.0706727,0.0889195,0.152595
6950,0.217174,0.0706681,0.0889111,0.152576
6951,0.217205,0.0706634,0.0889027,0.152557
6952,0.217236,0.0706588,0.0888943,0.152538
6953,0.217268,0.0706541,0.0888859,0.152519
6954,0.217299,0.0706495,0.0888775,0.152499
6955,0.21733,0.0706448,0.0888691,0.15248
6956,0.217361,0.0706402,0.0888607,0.152461
6957,0.217393,0.0706355,0.0888523,0.152442
6958,0.217424,0.0706309,0.088844,0.152423
6959,0.217455,0.0706262,0.0888356,0.152404
6960,0.217486,0.0706216,0.0888272,0.152385
6961,0.217518,0.0706169,0.0888188,0.152366
6962,0.217549,0.0706123,0.0888104,0.152346
6963,0.21758,0.0706076,0.0888021,0.152327
6964,0.217611,0.070603,0.0887937,0.152308
6965,0.217643,0.0705984,0.0887853,0.152289
6966,0.217674,0.0705937,0.088777,0.15227
6967,0.217705,0.0705891,0.0887686,0.152251
6968,0.217736,0.0705844,0.0887602,0.152232
6969,0.217768,0.0705798,0.0887519,0.152213
6970,0.217799,0.0705752,0.0887435,0.152194
6971,0.21783,0.0705705,0.0887351,0.152175
6972,0.217861,0.0705659,0.0887268,0.152156
6973,0.217893,0.0705613,0.0887184,0.152136
6974,0.217924,0.0705566,0.0887101,0.152117
6975,0.217955,0.070552,0.0887017,0.152098
6976,0.217986,0.0705474,0.0886934,0.152079
6977,0.218018,0.0705427,0.088685,0.15206
6978,0.218049,0.0705381,0.0886767,0.152041
6979,0.21808,0.0705335,0.0886683,0.152022
6980,0.218111,0.0705288,0.08866,0.152003
6981,0.218143,0.0705242,0.0886516,0.151984
6982,0.218174,0.0705196,0.0886433,0.151965
6983,0.218205,0.0705149,0.088635,0.151946
6984,0.218236,0.0705103,0.0886266,0.151927
6985,0.218268,0.0705057,0.0886183,0.151908
6986,0.218299,0.0705011,0.08861,0.151889
6987,0.21833,0.0704964,0.0886016,0.15187
6988,0.218361,0.0704918,0.0885933,0.151851
6989,0.218393,0.0704872,0.088585,0.151832
6990,0.218424,0.0704826,0.0885766,0.151813
6991,0.218455,0.0704779,0.0885683,0.151794
6992,0.218486,0.0704733,0.08856,0.151775
6993,0.218518,0.0704687,0.0885517,0.151756
6994,0.218549,0.0704641,0.0885434,0.151737
6995,0.21858,0.0704595,0.088535,0.151718
6996,0.218611,0.0704548,0.0885267,0.151699
6997,0.218643,0.0704502,0.0885184,0.15168
6998,0.218674,0.0704456,0.0885101,0.151661
6999,0.218705,0.070441,0.0885018,0.151642
7000,0.218736,0.0704364,0.0884935,0.151623
7001,0.218768,0.0704318,0.0884852,0.151604
7002,0.218799,0.0704271,0.0884769,0.151585
7003,0.21883,0.0704225,0.0884686,0.151566
7004,0.218861,0.0704179,0.0884603,0.151547
7005,0.218893,0.0704133,0.088452,0.151528
7006,0.218924,0.0704087,0.0884437,0.151509
7007,0.218955,0.0704041,0.0884354,0.15149
7008,0.218986,0.0703995,0.0884271,0.151471
7009,0.219018,0.0703949,0.0884188,0.151452
7010,0.219049,0.0703903,0.0884105,0.151433
7011,0.21908,0.0703857,0.0884022,0.151414
7012,0.219111,0.070381,0.0883939,0.151395
7013,0.219143,0.0703764,0.0883857,0.151376
7014,0.219174,0.0703718,0.0883774,0.151358
7015,0.219205,0.0703672,0.0883691,0.151339
7016,0.219236,0.0703626,0.0883608,0.15132
7017,0.219268,0.070358,0.0883525,0.151301
7018,0.219299,0.0703534,0.0883443,0.151282
7019,0.21933,0.0703488,0.088336,0.151263
7020,0.219361,0.0703442,0.0883277,0.151244
7021,0.219393,0.0703396,0.0883194,0.151225
7022,0.219424,0.070335,0.0883112,0.151206
7023,0.219455,0.0703304,0.0883029,0.151187
7024,0.219486,0.0703258,0.0882946,0.151168
7025,0.219518,0.0703212,0.0882864,0.15115
7026,0.219549,0.0703166,0.0882781,0.151131
7027,0.21958,0.070312,0.0882699,0.151112
7028,0.219611,0.0703074,0.0882616,0.151093
7029,0.219643,0.0703028,0.0882533,0.151074
7030,0.219674,0.0702983,0.0882451,0.151055
7031,0.219705,0.0702937,0.0882368,0.151036
7032,0.219736,0.0702891,0.0882286,0.151017
7033,0.219768,0.0702845,0.0882203,0.150999
7034,0.219799,0.0702799,0.0882121,0.15098
7035,0.21983,0.0702753,0.0882039,0.150961
7036,0.219861,0.0702707,0.0881956,0.150942
7037,0.219893,0.0702661,0.0881874,0.150923
7038,0.219924,0.0702615,0.0881791,0.150904
7039,0.219955,0.0702569,0.0881709,0.150886
7040,0.219986,0.0702524,0.0881627,0.150867
7041,0.220017,0.0702478,0.0881544,0.150848
7042,0.220049,0.0702432,0.0881462,0.150829
7043,0.22008,0.0702386,0.088138,0.15081
7044,0.220111,0.070234,0.0881297,0.150791
7045,0.220142,0.0702294,0.0881215,0.150773
7046,0.220174,0.0702249,0.0881133,0.150754
7047,0.220205,0.0702203,0.0881051,0.150735
7048,0.220236,0.0702157,0.0880968,0.150716
7049,0.220267,0.0702111,0.0880886,0.150697
7050,0.220299,0.0702065,0.0880804,0.150679
7051,0.22033,0.070202,0.0880722,0.15066
7052,0.220361,0.0701974,0.088064,0.150641
7053,0.220392,0.0701928,0.0880558,0.150622
7054,0.220424,0.0701882,0.0880475,0.150603
7055,0.220455,0.0701837,0.0880393,0.150585
7056,0.220486,0.0701791,0.0880311,0.150566
7057,0.220517,0.0701745,0.0880229,0.150547
7058,0.220549,0.0701699,0.0880147,0.150528
7059,0.22058,0.0701654,0.0880065,0.15051
7060,0.220611,0.0701608,0.0879983,0.150491
7061,0.220642,0.0701562,0.0879901,0.150472
7062,0.220674,0.0701516,0.0879819,0.150453
7063,0.220705,0.0701471,0.0879737,0.150434
7064,0.220736,0.0701425,0.0879655,0.150416
7065,0.220767,0.0701379,0.0879573,0.150397
7066,0.220799,0.0701334,0.0879491,0.150378
7067,0.22083,0.0701288,0.087941,0.15036
7068,0.220861,0.0701242,0.0879328,0.150341
7069,0.220892,0.0701197,0.0879246,0.150322
7070,0.220924,0.0701151,0.0879164,0.150303
7071,0.220955,0.0701105,0.0879082,0.150285
7072,0.220986,0.070106,0.0879,0.150266
7073,0.221017,0.0701014,0.0878919,0.150247
7074,0.221049,0.0700969,0.0878837,0.150228
7075,0.22108,0.0700923,0.0878755,0.15021
7076,0.221111,0.0700877,0.0878673,0.150191
7077,0.221142,0.0700832,0.0878592,0.150172
7078,0.221174,0.0700786,0.087851,0.150154
7079,0.221205,0.0700741,0.0878428,0.150135
7080,0.221236,0.0700695,0.0878347,0.150116
7081,0.221267,0.0700649,0.0878265,0.150098
7082,0.221299,0.0700604,0.0878183,0.150079
7083,0.22133,0.0700558,0.0878102,0.15006
7084,0.221361,0.0700513,0.087802,0.150041
7085,0.221392,0.0700467,0.0877939,0.150023
7086,0.221424,0.0700422,0.0877857,0.150004
7087,0.221455,0.0700376,0.0877776,0.149985
7088,0.221486,0.0700331,0.0877694,0.149967
7089,0.221517,0.0700285,0.0877613,0.149948
7090,0.221549,0.070024,0.0877531,0.149929
7091,0.22158,0.0700194,0.087745,0.149911
7092,0.221611,0.0700149,0.0877368,0.149892
7093,0.221642,0.0700103,0.0877287,0.149874
7094,0.221674,0.0700058,0.0877205,0.149855
7095,0.221705,0.0700012,0.0877124,0.149836
7096,0.221736,0.0699967,0.0877043,0.149818
7097,0.221767,0.0699921,0.0876961,0.149799
7098,0.221799,0.0699876,0.087688,0.14978
7099,0.22183,0.0699831,0.0876799,0.149762
7100,0.221861,0.0699785,0.0876717,0.149743
7101,0.221892,0.069974,0.0876636,0.149724
7102,0.221924,0.0699694,0.0876555,0.149706
7103,0.221955,0.0699649,0.0876474,0.149687
7104,0.221986,0.0699603,0.0876392,0.149669
7105,0.222017,0.0699558,0.0876311,0.14965
7106,0.222049,0.0699513,0.087623,0.149631
7107,0.22208,0.0699467,0.0876149,0.149613
7108,0.222111,0.0699422,0.0876068,0.149594
7109,0.222142,0.0699377,0.0875986,0.149576
7110,0.222174,0.0699331,0.0875905,0.149557
7111,0.222205,0.0699286,0.0875824,0.149538
7112,0.222236,0.0699241,0.0875743,0.14952
7113,0.222267,0.0699195,0.0875662,0.149501
7114,0.222299,0.069915,0.0875581,0.149483
7115,0.22233,0.0699105,0.08755,0.149464
7116,0.222361,0.0699059,0.0875419,0.149446
7117,0.222392,0.0699014,0.0875338,0.149427
7118,0.222424,0.0698969,0.0875257,0.149408
7119,0.222455,0.0698923,0.0875176,0.14939
7120,0.222486,0.0698878,0.0875095,0.149371
7121,0.222517,0.0698833,0.0875014,0.149353
7122,0.222549,0.0698787,0.0874933,0.149334
7123,0.22258,0.0698742,0.0874852,0.149316
7124,0.222611,0.0698697,0.0874771,0.149298
7125,0.222642,0.0698652,0.087469,0.14928
7126,0.222674,0.0698606,0.087461,0.149262
7127,0.222705,0.0698561,0.0874529,0.149243
7128,0.222736,0.0698516,0.0874448,0.149225
7129,0.222767,0.0698471,0.0874367,0.149207
7130,0.222799,0.0698426,0.0874286,0.149189
7131,0.22283,0.069838,0.0874206,0.149171
7132,0.222861,0.0698335,0.0874125,0.149152
7133,0.222892,0.069829,0.0874044,0.149134
7134,0.222924,0.0698245,0.0873963,0.149116
7135,0.222955,0.06982,0.0873883,0.149098
7136,0.222986,0.0698154,0.0873802,0.14908
7137,0.223017,0.0698109,0.0873721,0.149061
7138,0.223049,0.0698064,0.0873641,0.149043
7139,0.22308,0.0698019,0.087356,0.149025
7140,0.223111,0.0697974,0.0873479,0.149007
7141,0.223142,0.0697929,0.0873399,0.148989
7142,0.223174,0.0697883,0.0873318,0.148971
7143,0.223205,0.0697838,0.0873238,0.148952
7144,0.223236,0.0697793,0.0873157,0.148934
7145,0.223267,0.0697748,0.0873077,0.148916
7146,0.223299,0.0697703,0.0872996,0.148898
7147,0.22333,0.0697658,0.0872916,0.14888
7148,0.223361,0.0697613,0.0872835,0.148862
7149,0.223392,0.0697568,0.0872755,0.148844
7150,0.223424,0.0697523,0.0872674,0.148825
7151,0.223455,0.0697478,0.0872594,0.148807
7152,0.223486,0.0697433,0.0872513,0.148789
7153,0.223517,0.0697387,0.0872433,0.148771
7154,0.223549,0.0697342,0.0872353,0.148753
7155,0.22358,0.0697297,0.0872272,0.148735
7156,0.223611,0.0697252,0.0872192,0.148717
7157,0.223642,0.0697207,0.0872112,0.148699
7158,0.223674,0.0697162,0.0872031,0.148681
7159,0.223705,0.0697117,0.0871951,0.148662
7160,0.223736,0.0697072,0.0871871,0.148644
7161,0.223767,0.0697027,0.0871791,0.148626
7162,0.223799,0.0696982,0.087171,0.148608
7163,0.22383,0.0696937,0.087163,0.14859
7164,0.223861,0.0696892,0.087155,0.148572
7165,0.223892,0.0696847,0.087147,0.148554
7166,0.223924,0.0696802,0.087139,0.148536
7167,0.223955,0.0696757,0.0871309,0.148518
7168,0.223986,0.0696712,0.0871229,0.1485
7169,0.224017,0.0696668,0.0871149,0.148482
7170,0.224048,0.0696623,0.0871069,0.148464
7171,0.22408,0.0696578,0.0870989,0.148445
7172,0.224111,0.0696533,0.0870909,0.148427
7173,0.224142,0.0696488,0.0870829,0.148409
7174,0.224173,0.0696443,0.0870749,0.148391
7175,0.224205,0.0696398,0.0870669,0.148373
7176,0.224236,0.0696353,0.0870589,0.148355
7177,0.224267,0.0696308,0.0870509,0.148337
7178,0.224298,0.0696263,0.0870429,0.148319
7179,0.22433,0.0696218,0.0870349,0.148301
7180,0.224361,0.0696174,0.0870269,0.148283
7181,0.224392,0.0696129,0.0870189,0.148265
7182,0.224423,0.0696084,0.0870109,0.148247
7183,0.224455,0.0696039,0.0870029,0.148229
7184,0.224486,0.0695994,0.086995,0.148211
7185,0.224517,0.0695949,0.086987,0.148193
7186,0.224548,0.0695905,0.086979,0.148175
7187,0.22458,0.069586,0.086971,0.148157
7188,0.224611,0.0695815,0.086963,0.148139
7189,0.224642,0.069577,0.086955,0.148121
7190,0.224673,0.0695725,0.0869471,0.148103
7191,0.224705,0.0695681,0.0869391,0.148085
7192,0.224736,0.0695636,0.0869311,0.148067
7193,0.224767,0.0695591,0.0869232,0.148049
7194,0.224798,0.0695546,0.0869152,0.148031
7195,0.22483,0.0695501,0.0869072,0.148013
7196,0.224861,0.0695457,0.0868993,0.147995
7197,0.224892,0.0695412,0.0868913,0.147977
7198,0.224923,0.0695367,0.0868833,0.147959
7199,0.224955,0.0695322,0.0868754,0.147941
7200,0.224986,0.0695278,0.0868674,0.147923
7201,0.225017,0.0695233,0.0868594,0.147905
7202,0.225048,0.0695188,0.0868515,0.147887
7203,0.22508,0.0695144,0.0868435,0.147869
7204,0.225111,0.0695099,0.0868356,0.147851
7205,0.225142,0.0695054,0.0868276,0.147833
7206,0.225173,0.0695009,0.0868197,0.147815
7207,0.225205,0.0694965,0.0868117,0.147797
7208,0.225236,0.069492,0.0868038,0.147779
7209,0.225267,0.0694875,0.0867958,0.147762
7210,0.225298,0.0694831,0.0867879,0.147744
7211,0.22533,0.0694786,0.08678,0.147726
7212,0.225361,0.0694741,0.086772,0.147708
7213,0.225392,0.0694697,0.0867641,0.14769
7214,0.225423,0.0694652,0.0867562,0.147672
7215,0.225455,0.0694608,0.0867482,0.147654
7216,0.225486,0.0694563,0.0867403,0.147636
7217,0.225517,0.0694518,0.0867324,0.147618
7218,0.225548,0.0694474,0.0867244,0.1476
7219,0.22558,0.0694429,0.0867165,0.147582
7220,0.225611,0.0694385,0.0867086,0.147564
7221,0.225642,0.069434,0.0867007,0.147547
7222,0.225673,0.0694295,0.0866927,0.147529
7223,0.225705,0.0694251,0.0866848,0.147511
7224,0.225736,0.0694206,0.0866769,0.147493
7225,0.225767,0.0694162,0.086669,0.147475
7226,0.225798,0.0694117,0.0866611,0.147457
7227,0.22583,0.0694073,0.0866531,0.147439
7228,0.225861,0.0694028,0.0866452,0.147421
7229,0.225892,0.0693984,0.0866373,0.147403
7230,0.225923,0.0693939,0.0866294,0.147386
7231,0.225955,0.0693894,0.0866215,0.147368
7232,0.225986,0.069385,0.0866136,0.14735
7233,0.226017,0.0693805,0.0866057,0.147332
7234,0.226048,0.0693761,0.0865978,0.147314
7235,0.22608,0.0693716,0.0865899,0.147296
7236,0.226111,0.0693672,0.086582,0.147278
7237,0.226142,0.0693628,0.0865741,0.147261
7238,0.226173,0.0693583,0.0865662,0.147243
7239,0.226205,0.0693539,0.0865583,0.147225
7240,0.226236,0.0693494,0.0865504,0.147207
7241,0.226267,0.069345,0.0865425,0.147189
7242,0.226298,0.0693405,0.0865346,0.147171
7243,0.22633,0.0693361,0.0865267,0.147154
7244,0.226361,0.0693316,0.0865189,0.147136
7245,0.226392,0.0693272,0.086511,0.147118
7246,0.226423,0.0693228,0.0865031,0.1471
7247,0.226455,0.0693183,0.0864952,0.147082
7248,0.226486,0.0693139,0.0864873,0.147064
7249,0.226517,0.0693094,0.0864795,0.147047
7250,0.226548,0.069305,0.0864716,0.147029
7251,0.22658,0.0693006,0.0864637,0.147011
7252,0.226611,0.0692961,0.0864558,0.146993
7253,0.226642,0.0692917,0.086448,0.146975
7254,0.226673,0.0692872,0.0864401,0.146958
7255,0.226705,0.0692828,0.0864322,0.14694
7256,0.226736,0.0692784,0.0864244,0.146922
7257,0.226767,0.0692739,0.0864165,0.146904
7258,0.226798,0.0692695,0.0864086,0.146887
7259,0.22683,0.0692651,0.0864008,0.146869
7260,0.226861,0.0692606,0.0863929,0.146851
7261,0.226892,0.0692562,0.0863851,0.146833
7262,0.226923,0.0692518,0.0863772,0.146815
7263,0.226955,0.0692474,0.0863694,0.146798
7264,0.226986,0.0692429,0.0863615,0.14678
7265,0.227017,0.0692385,0.0863536,0.146762
7266,0.227048,0.0692341,0.0863458,0.146744
7267,0.22708,0.0692296,0.086338,0.146727
7268,0.227111,0.0692252,0.0863301,0.146709
7269,0.227142,0.0692208,0.0863223,0.146691
7270,0.227173,0.0692164,0.0863144,0.146673
7271,0.227205,0.0692119,0.0863066,0.146656
7272,0.227236,0.0692075,0.0862987,0.146638
7273,0.227267,0.0692031,0.0862909,0.14662
7274,0.227298,0.0691987,0.0862831,0.146603
7275,0.22733,0.0691942,0.0862752,0.146585
7276,0.227361,0.0691898,0.0862674,0.146567
7277,0.227392,0.0691854,0.0862596,0.146549
7278,0.227423,0.069181,0.0862517,0.146532
7279,0.227455,0.0691766,0.0862439,0.146514
7280,0.227486,0.0691721,0.0862361,0.146496
7281,0.227517,0.0691677,0.0862283,0.146478
7282,0.227548,0.0691633,0.0862204,0.146461
7283,0.22758,0.0691589,0.0862126,0.146443
7284,0.227611,0.0691545,0.0862048,0.146425
7285,0.227642,0.0691501,0.086197,0.146408
7286,0.227673,0.0691456,0.0861892,0.14639
7287,0.227705,0.0691412,0.0861813,0.146372
7288,0.227736,0.0691368,0.0861735,0.146355
7289,0.227767,0.0691324,0.0861657,0.146337
7290,0.227798,0.069128,0.0861579,0.146319
7291,0.22783,0.0691236,0.0861501,0.146302
7292,0.227861,0.0691192,0.0861423,0.146284
7293,0.227892,0.0691148,0.0861345,0.146266
7294,0.227923,0.0691103,0.0861267,0.146249
7295,0.227955,0.0691059,0.0861189,0.146231
7296,0.227986,0.0691015,0.0861111,0.146213
7297,0.228017,0.0690971,0.0861033,0.146196
7298,0.228048,0.0690927,0.0860955,0.146178
7299,0.228079,0.0690883,0.0860877,0.14616
7300,0.228111,0.0690839,0.0860799,0.146143
7301,0.228142,0.0690795,0.0860721,0.146125
7302,0.228173,0.0690751,0.0860643,0.146107
7303,0.228204,0.0690707,0.0860565,0.14609
7304,0.228236,0.0690663,0.0860487,0.146072
7305,0.228267,0.0690619,0.086041,0.146055
7306,0.228298,0.0690575,0.0860332,0.146037
7307,0.228329,0.0690531,0.0860254,0.146019
7308,0.228361,0.0690487,0.0860176,0.146002
7309,0.228392,0.0690443,0.0860098,0.145984
7310,0.228423,0.0690399,0.0860021,0.145966
7311,0.228454,0.0690355,0.0859943,0.145949
7312,0.228486,0.0690311,0.0859865,0.145931
7313,0.228517,0.0690267,0.0859787,0.145914
7314,0.228548,0.0690223,0.085971,0.145896
7315,0.228579,0.0690179,0.0859632,0.145878
7316,0.228611,0.0690135,0.0859554,0.145861
7317,0.228642,0.0690091,0.0859477,0.145843
7318,0.228673,0.0690047,0.0859399,0.145826
7319,0.228704,0.0690003,0.0859321,0.145808
7320,0.228736,0.0689959,0.0859244,0.14579
7321,0.228767,0.0689915,0.0859166,0.145773
7322,0.228798,0.0689872,0.0859089,0.145755
7323,0.228829,0.0689828,0.0859011,0.145738
7324,0.228861,0.0689784,0.0858933,0.14572
7325,0.228892,0.068974,0.0858856,0.145703
7326,0.228923,0.0689696,0.0858778,0.145685
7327,0.228954,0.0689652,0.0858701,0.145668
7328,0.228986,0.0689608,0.0858623,0.14565
7329,0.229017,0.0689564,0.0858546,0.145632
7330,0.229048,0.068952,0.0858468,0.145615
7331,0.229079,0.0689477,0.0858391,0.145597
7332,0.229111,0.0689433,0.0858314,0.14558
7333,0.229142,0.0689389,0.0858236,0.145562
7334,0.229173,0.0689345,0.0858159,0.145545
7335,0.229204,0.0689301,0.0858081,0.145527
7336,0.229236,0.0689257,0.0858004,0.14551
7337,0.229267,0.0689214,0.0857927,0.145492
7338,0.229298,0.068917,0.0857849,0.145475
7339,0.229329,0.0689126,0.0857772,0.145457
7340,0.229361,0.0689082,0.0857695,0.14544
7341,0.229392,0.0689039,0.0857618,0.145422
7342,0.229423,0.0688995,0.085754,0.145405
7343,0.229454,0.0688951,0.0857463,0.145387
7344,0.229486,0.0688907,0.0857386,0.14537
7345,0.229517,0.0688863,0.0857309,0.145352
7346,0.229548,0.068882,0.0857231,0.145335
7347,0.229579,0.0688776,0.0857154,0.145317
7348,0.229611,0.0688732,0.0857077,0.1453
7349,0.229642,0.0688688,0.0857,0.145282
7350,0.229673,0.0688645,0.0856923,0.145265
7351,0.229704,0.0688601,0.0856846,0.145247
7352,0.229736,0.0688557,0.0856769,0.14523
7353,0.229767,0.0688514,0.0856691,0.145212
7354,0.229798,0.068847,0.0856614,0.145195
7355,0.229829,0.0688426,0.0856537,0.145177
7356,0.229861,0.0688383,0.085646,0.14516
7357,0.229892,0.0688339,0.0856383,0.145142
7358,0.229923,0.0688295,0.0856306,0.145125
7359,0.229954,0.0688251,0.0856229,0.145107
7360,0.229986,0.0688208,0.0856152,0.14509
7361,0.230017,0.0688164,0.0856075,0.145072
7362,0.230048,0.0688121,0.0855998,0.145055
7363,0.230079,0.0688077,0.0855922,0.145038
7364,0.230111,0.0688033,0.0855845,0.14502
7365,0.230142,0.068799,0.0855768,0.145003
7366,0.230173,0.0687946,0.0855691,0.144985
7367,0.230204,0.0687902,0.0855614,0.144968
7368,0.230236,0.0687859,0.0855537,0.14495
7369,0.230267,0.0687815,0.085546,0.144933
7370,0.230298,0.0687772,0.0855384,0.144916
7371,0.230329,0.0687728,0.0855307,0.144898
7372,0.230361,0.0687684,0.085523,0.144881
7373,0.230392,0.0687641,0.0855153,0.144863
7374,0.230423,0.0687597,0.0855076,0.144846
7375,0.230454,0.0687554,0.0855,0.144828
7376,0.230486,0.068751,0.0854923,0.144811
7377,0.230517,0.0687467,0.0854846,0.144794
7378,0.230548,0.0687423,0.085477,0.144776
7379,0.230579,0.068738,0.0854693,0.144759
7380,0.230611,0.0687336,0.0854616,0.144741
7381,0.230642,0.0687292,0.085454,0.144724
7382,0.230673,0.0687249,0.0854463,0.144707
7383,0.230704,0.0687205,0.0854386,0.144689
7384,0.230736,0.0687162,0.085431,0.144672
7385,0.230767,0.0687118,0.0854233,0.144655
7386,0.230798,0.0687075,0.0854157,0.144637
7387,0.230829,0.0687031,0.085408,0.14462
7388,0.230861,0.0686988,0.0854004,0.144602
7389,0.230892,0.0686944,0.0853927,0.144585
7390,0.230923,0.0686901,0.0853851,0.144568
7391,0.230954,0.0686858,0.0853774,0.14455
7392,0.230986,0.0686814,0.0853698,0.144533
7393,0.231017,0.0686771,0.0853621,0.144516
7394,0.231048,0.0686727,0.0853545,0.144498
7395,0.231079,0.0686684,0.0853468,0.144481
7396,0.231111,0.068664,0.0853392,0.144464
7397,0.231142,0.0686597,0.0853316,0.144446
7398,0.231173,0.0686554,0.0853239,0.144429
7399,0.231204,0.068651,0.0853163,0.144412
7400,0.231236,0.0686467,0.0853087,0.144394
7401,0.231267,0.0686423,0.085301,0.144377
7402,0.231298,0.068638,0.0852934,0.14436
7403,0.231329,0.0686337,0.0852858,0.144342
7404,0.231361,0.0686293,0.0852781,0.144325
7405,0.231392,0.068625,0.0852705,0.144308
7406,0.231423,0.0686206,0.0852629,0.14429
7407,0.231454,0.0686163,0.0852553,0.144273
7408,0.231486,0.068612,0.0852476,0.144256
7409,0.231517,0.0686076,0.08524,0.144239
7410,0.231548,0.0686033,0.0852324,0.144221
7411,0.231579,0.068599,0.0852248,0.144204
7412,0.231611,0.0685946,0.0852172,0.144187
7413,0.231642,0.0685903,0.0852096,0.14417
7414,0.231673,0.068586,0.0852019,0.144154
7415,0.231704,0.0685816,0.0851943,0.144137
7416,0.231736,0.0685773,0.0851867,0.14412
7417,0.231767,0.068573,0.0851791,0.144103
7418,0.231798,0.0685687,0.0851715,0.144086
7419,0.231829,0.0685643,0.0851639,0.144069
7420,0.231861,0.06856,0.0851563,0.144052
7421,0.231892,0.0685557,0.0851487,0.144035
7422,0.231923,0.0685513,0.0851411,0.144018
7423,0.231954,0.068547,0.0851335,0.144001
7424,0.231986,0.0685427,0.0851259,0.143984
7425,0.232017,0.0685384,0.0851183,0.143967
7426,0.232048,0.068534,0.0851107,0.14395
7427,0.232079,0.0685297,0.0851031,0.143933
7428,0.23211,0.0685254,0.0850955,0.143916
7429,0.232142,0.0685211,0.085088,0.143899
7430,0.232173,0.0685168,0.0850804,0.143882
7431,0.232204,0.0685124,0.0850728,0.143865
7432,0.232235,0.0685081,0.0850652,0.143848
7433,0.232267,0.0685038,0.0850576,0.143831
7434,0.232298,0.0684995,0.08505,0.143814
7435,0.232329,0.0684952,0.0850425,0.143797
7436,0.23236,0.0684908,0.0850349,0.143781
7437,0.232392,0.0684865,0.0850273,0.143764
7438,0.232423,0.0684822,0.0850197,0.143747
7439,0.232454,0.0684779,0.0850122,0.14373
7440,0.232485,0.0684736,0.0850046,0.143713
7441,0.232517,0.0684693,0.084997,0.143696
7442,0.232548,0.068465,0.0849895,0.143679
7443,0.232579,0.0684606,0.0849819,0.143662
7444,0.23261,0.0684563,0.0849743,0.143645
7445,0.232642,0.068452,0.0849668,0.143628
7446,0.232673,0.0684477,0.0849592,0.143611
7447,0.232704,0.0684434,0.0849516,0.143595
7448,0.232735,0.0684391,0.0849441,0.143578
7449,0.232767,0.0684348,0.0849365,0.143561
7450,0.232798,0.0684305,0.084929,0.143544
7451,0.232829,0.0684262,0.0849214,0.143527
7452,0.23286,0.0684219,0.0849139,0.14351
7453,0.232892,0.0684175,0.0849063,0.143493
7454,0.232923,0.0684132,0.0848988,0.143476
7455,0.232954,0.0684089,0.0848912,0.14346
7456,0.232985,0.0684046,0.0848837,0.143443
7457,0.233017,0.0684003,0.0848761,0.143426
7458,0.233048,0.068396,0.0848686,0.143409
7459,0.233079,0.0683917,0.084861,0.143392
7460,0.23311,0.0683874,0.0848535,0.143375
7461,0.233142,0.0683831,0.0848459,0.143358
7462,0.233173,0.0683788,0.0848384,0.143342
7463,0.233204,0.0683745,0.0848309,0.143325
7464,0.233235,0.0683702,0.0848233,0.143308
7465,0.233267,0.0683659,0.0848158,0.143291
7466,0.233298,0.0683616,0.0848083,0.143274
7467,0.233329,0.0683573,0.0848007,0.143257
7468,0.23336,0.068353,0.0847932,0.143241
7469,0.233392,0.0683487,0.0847857,0.143224
7470,0.233423,0.0683444,0.0847782,0.143207
7471,0.233454,0.0683401,0.0847706,0.14319
7472,0.233485,0.0683358,0.0847631,0.143173
7473,0.233517,0.0683315,0.0847556,0.143156
7474,0.233548,0.0683273,0.0847481,0.14314
7475,0.233579,0.068323,0.0847406,0.143123
7476,0.23361,0.0683187,0.0847331,0.143106
7477,0.233642,0.0683144,0.0847255,0.143089
7478,0.233673,0.0683101,0.084718,0.143072
7479,0.233704,0.0683058,0.0847105,0.143056
7480,0.233735,0.0683015,0.084703,0.143039
7481,0.233767,0.0682972,0.0846955,0.143022
7482,0.233798,0.0682929,0.084688,0.143005
7483,0.233829,0.0682886,0.0846805,0.142988
7484,0.23386,0.0682844,0.084673,0.142972
7485,0.233892,0.0682801,0.0846655,0.142955
7486,0.233923,0.0682758,0.084658,0.142938
7487,0.233954,0.0682715,0.0846505,0.142921
7488,0.233985,0.0682672,0.084643,0.142905
7489,0.234017,0.0682629,0.0846355,0.142888
7490,0.234048,0.0682586,0.084628,0.142871
7491,0.234079,0.0682544,0.0846205,0.142854
7492,0.23411,0.0682501,0.084613,0.142838
7493,0.234142,0.0682458,0.0846055,0.142821
7494,0.234173,0.0682415,0.084598,0.142804
7495,0.234204,0.0682372,0.0845905,0.142787
7496,0.234235,0.068233,0.0845831,0.142771
7497,0.234267,0.0682287,0.0845756,0.142754
7498,0.234298,0.0682244,0.0845681,0.142737
7499,0.234329,0.0682201,0.0845606,0.14272
7500,0.23436,0.0682158,0.0845531,0.142704
7501,0.234392,0.0682116,0.0845457,0.142687
7502,0.234423,0.0682073,0.0845382,0.14267
7503,0.234454,0.068203,0.0845307,0.142653
7504,0.234485,0.0681987,0.0845232,0.142637
7505,0.234517,0.0681945,0.0845158,0.14262
7506,0.234548,0.0681902,0.0845083,0.142603
7507,0.234579,0.0681859,0.0845008,0.142587
7508,0.23461,0.0681816,0.0844934,0.14257
7509,0.234642,0.0681774,0.0844859,0.142553
7510,0.234673,0.0681731,0.0844784,0.142536
7511,0.234704,0.0681688,0.084471,0.14252
7512,0.234735,0.0681646,0.0844635,0.142503
7513,0.234767,0.0681603,0.084456,0.142486
7514,0.234798,0.068156,0.0844486,0.14247
7515,0.234829,0.0681518,0.0844411,0.142453
7516,0.23486,0.0681475,0.0844337,0.142436
7517,0.234892,0.0681432,0.0844262,0.14242
7518,0.234923,0.068139,0.0844188,0.142403
7519,0.234954,0.0681347,0.0844113,0.142386
7520,0.234985,0.0681304,0.0844039,0.14237
7521,0.235017,0.0681262,0.0843964,0.142353
7522,0.235048,0.0681219,0.084389,0.142336
7523,0.235079,0.0681176,0.0843815,0.14232
7524,0.23511,0.0681134,0.0843741,0.142303
7525,0.235142,0.0681091,0.0843666,0.142286
7526,0.235173,0.0681048,0.0843592,0.14227
7527,0.235204,0.0681006,0.0843518,0.142253
7528,0.235235,0.0680963,0.0843443,0.142236
7529,0.235267,0.0680921,0.0843369,0.14222
7530,0.235298,0.0680878,0.0843295,0.142203
7531,0.235329,0.0680835,0.084322,0.142186
7532,0.23536,0.0680793,0.0843146,0.14217
7533,0.235392,0.068075,0.0843072,0.142153
7534,0.235423,0.0680708,0.0842997,0.142136
7535,0.235454,0.0680665,0.0842923,0.14212
7536,0.235485,0.0680623,0.0842849,0.142103
7537,0.235517,0.068058,0.0842775,0.142086
7538,0.235548,0.0680538,0.08427,0.14207
7539,0.235579,0.0680495,0.0842626,0.142053
7540,0.23561,0.0680452,0.0842552,0.142037
7541,0.235642,0.068041,0.0842478,0.14202
7542,0.235673,0.0680367,0.0842404,0.142003
7543,0.235704,0.0680325,0.084233,0.141987
7544,0.235735,0.0680282,0.0842255,0.14197
7545,0.235767,0.068024,0.0842181,0.141954
7546,0.235798,0.0680197,0.0842107,0.141937
7547,0.235829,0.0680155,0.0842033,0.14192
7548,0.23586,0.0680112,0.0841959,0.141904
7549,0.235892,0.068007,0.0841885,0.141887
7550,0.235923,0.0680028,0.0841811,0.141871
7551,0.235954,0.0679985,0.0841737,0.141854
7552,0.235985,0.0679943,0.0841663,0.141837
7553,0.236016,0.06799,0.0841589,0.141821
7554,0.236048,0.0679858,0.0841515,0.141804
7555,0.236079,0.0679815,0.0841441,0.141788
7556,0.23611,0.0679773,0.0841367,0.141771
7557,0.236141,0.067973,0.0841293,0.141755
7558,0.236173,0.0679688,0.0841219,0.141738
7559,0.236204,0.0679646,0.0841145,0.141721
7560,0.236235,0.0679603,0.0841071,0.141705
7561,0.236266,0.0679561,0.0840998,0.141688
7562,0.236298,0.0679518,0.0840924,0.141672
7563,0.236329,0.0679476,0.084085,0.141655
7564,0.23636,0.0679434,0.0840776,0.141639
7565,0.236391,0.0679391,0.0840702,0.141622
7566,0.236423,0.0679349,0.0840628,0.141606
7567,0.236454,0.0679307,0.0840555,0.141589
7568,0.236485,0.0679264,0.0840481,0.141573
7569,0.236516,0.0679222,0.0840407,0.141556
7570,0.236548,0.0679179,0.0840333,0.141539
7571,0.236579,0.0679137,0.084026,0.141523
7572,0.23661,0.0679095,0.0840186,0.141506
7573,0.236641,0.0679052,0.0840112,0.14149
7574,0.236673,0.067901,0.0840039,0.141473
7575,0.236704,0.0678968,0.0839965,0.141457
7576,0.236735,0.0678926,0.0839891,0.14144
7577,0.236766,0.0678883,0.0839818,0.141424
7578,0.236798,0.0678841,0.0839744,0.141407
7579,0.236829,0.0678799,0.083967,0.141391
7580,0.23686,0.0678756,0.0839597,0.141374
7581,0.236891,0.0678714,0.0839523,0.141358
7582,0.236923,0.0678672,0.083945,0.141341
7583,0.236954,0.067863,0.0839376,0.141325
7584,0.236985,0.0678587,0.0839303,0.141308
7585,0.237016,0.0678545,0.0839229,0.141292
7586,0.237048,0.0678503,0.0839156,0.141275
7587,0.237079,0.0678461,0.0839082,0.141259
7588,0.23711,0.0678418,0.0839009,0.141242
7589,0.237141,0.0678376,0.0838935,0.141226
7590,0.237173,0.0678334,0.0838862,0.141209
7591,0.237204,0.0678292,0.0838788,0.141193
7592,0.237235,0.0678249,0.0838715,0.141177
7593,0.237266,0.0678207,0.0838641,0.14116
7594,0.237298,0.0678165,0.0838568,0.141144
7595,0.237329,0.0678123,0.0838495,0.141127
7596,0.23736,0.0678081,0.0838421,0.141111
7597,0.237391,0.0678038,0.0838348,0.141094
7598,0.237423,0.0677996,0.0838275,0.141078
7599,0.237454,0.0677954,0.0838201,0.141061
7600,0.237485,0.0677912,0.0838128,0.141045
7601,0.237516,0.067787,0.0838055,0.141028
7602,0.237548,0.0677828,0.0837982,0.141012
7603,0.237579,0.0677785,0.0837908,0.140996
7604,0.23761,0.0677743,0.0837835,0.140979
7605,0.237641,0.0677701,0.0837762,0.140963
7606,0.237673,0.0677659,0.0837689,0.140946
7607,0.237704,0.0677617,0.0837615,0.14093
7608,0.237735,0.0677575,0.0837542,0.140913
7609,0.237766,0.0677533,0.0837469,0.140897
7610,0.237798,0.0677491,0.0837396,0.140881
7611,0.237829,0.0677448,0.0837323,0.140864
7612,0.23786,0.0677406,0.083725,0.140848
7613,0.237891,0.0677364,0.0837177,0.140831
7614,0.237923,0.0677322,0.0837103,0.140815
7615,0.237954,0.067728,0.083703,0.140799
7616,0.237985,0.0677238,0.0836957,0.140782
7617,0.238016,0.0677196,0.0836884,0.140766
7618,0.238048,0.0677154,0.0836811,0.140749
7619,0.238079,0.0677112,0.0836738,0.140733
7620,0.23811,0.067707,0.0836665,0.140717
7621,0.238141,0.0677028,0.0836592,0.1407
7622,0.238173,0.0676986,0.0836519,0.140684
7623,0.238204,0.0676944,0.0836446,0.140668
7624,0.238235,0.0676902,0.0836373,0.140651
7625,0.238266,0.067686,0.08363,0.140635
7626,0.238298,0.0676818,0.0836228,0.140618
7627,0.238329,0.0676776,0.0836155,0.140602
7628,0.23836,0.0676734,0.0836082,0.140586
7629,0.238391,0.0676692,0.0836009,0.140569
7630,0.238423,0.067665,0.0835936,0.140553
7631,0.238454,0.0676608,0.0835863,0.140537
7632,0.238485,0.0676566,0.083579,0.14052
7633,0.238516,0.0676524,0.0835718,0.140504
7634,0.238548,0.0676482,0.0835645,0.140488
7635,0.238579,0.067644,0.0835572,0.140471
7636,0.23861,0.0676398,0.0835499,0.140455
7637,0.238641,0.0676356,0.0835426,0.140439
7638,0.238673,0.0676314,0.0835354,0.140422
7639,0.238704,0.0676272,0.0835281,0.140406
7640,0.238735,0.067623,0.0835208,0.14039
7641,0.238766,0.0676188,0.0835136,0.140373
7642,0.238798,0.0676146,0.0835063,0.140357
7643,0.238829,0.0676104,0.083499,0.140341
7644,0.23886,0.0676062,0.0834918,0.140324
7645,0.238891,0.0676021,0.0834845,0.140308
7646,0.238923,0.0675979,0.0834772,0.140292
7647,0.238954,0.0675937,0.08347,0.140275
7648,0.238985,0.0675895,0.0834627,0.140259
7649,0.239016,0.0675853,0.0834554,0.140243
7650,0.239048,0.0675811,0.0834482,0.140226
7651,0.239079,0.0675769,0.0834409,0.14021
7652,0.23911,0.0675727,0.0834337,0.140194
7653,0.239141,0.0675686,0.0834264,0.140178
7654,0.239173,0.0675644,0.0834192,0.140161
7655,0.239204,0.0675602,0.0834119,0.140145
7656,0.239235,0.067556,0.0834047,0.140129
7657,0.239266,0.0675518,0.0833974,0.140112
7658,0.239298,0.0675476,0.0833902,0.140096
7659,0.239329,0.0675435,0.0833829,0.14008
7660,0.23936,0.0675393,0.0833757,0.140064
7661,0.239391,0.0675351,0.0833685,0.140047
7662,0.239423,0.0675309,0.0833612,0.140031
7663,0.239454,0.0675267,0.083354,0.140015
7664,0.239485,0.0675226,0.0833467,0.139999
7665,0.239516,0.0675184,0.0833395,0.139982
7666,0.239548,0.0675142,0.0833323,0.139966
7667,0.239579,0.06751,0.083325,0.13995
7668,0.23961,0.0675059,0.0833178,0.139934
7669,0.239641,0.0675017,0.0833106,0.139917
7670,0.239673,0.0674975,0.0833034,0.139901
7671,0.239704,0.0674933,0.0832961,0.139885
7672,0.239735,0.0674892,0.0832889,0.139869
7673,0.239766,0.067485,0.0832817,0.139852
7674,0.239798,0.0674808,0.0832745,0.139836
7675,0.239829,0.0674766,0.0832672,0.13982
7676,0.23986,0.0674725,0.08326,0.139804
7677,0.239891,0.0674683,0.0832528,0.139787
7678,0.239923,0.0674641,0.0832456,0.139771
7679,0.239954,0.06746,0.0832384,0.139755
7680,0.239985,0.0674558,0.0832312,0.139739
7681,0.240016,0.0674516,0.0832239,0.139723
7682,0.240047,0.0674474,0.0832167,0.139706
7683,0.240079,0.0674433,0.0832095,0.13969
7684,0.24011,0.0674391,0.0832023,0.139674
7685,0.240141,0.0674349,0.0831951,0.139658
7686,0.240172,0.0674308,0.0831879,0.139642
7687,0.240204,0.0674266,0.0831807,0.139625
7688,0.240235,0.0674224,0.0831735,0.139609
7689,0.240266,0.0674183,0.0831663,0.139593
7690,0.240297,0.0674141,0.0831591,0.139577
7691,0.240329,0.06741,0.0831519,0.139561
7692,0.24036,0.0674058,0.0831447,0.139544
7693,0.240391,0.0674016,0.0831375,0.139528
7694,0.240422,0.0673975,0.0831303,0.139512
7695,0.240454,0.0673933,0.0831231,0.139496
7696,0.240485,0.0673891,0.0831159,0.13948
7697,0.240516,0.067385,0.0831087,0.139464
7698,0.240547,0.0673808,0.0831016,0.139447
7699,0.240579,0.0673767,0.0830944,0.139431
7700,0.24061,0.0673725,0.0830872,0.139415
7701,0.240641,0.0673684,0.08308,0.139399
7702,0.240672,0.0673642,0.0830728,0.139383
7703,0.240704,0.06736,0.0830656,0.139367
7704,0.240735,0.0673559,0.0830585,0.139351
7705,0.240766,0.0673517,0.0830513,0.139335
7706,0.240797,0.0673476,0.0830441,0.139319
7707,0.240829,0.0673434,0.0830369,0.139303
7708,0.24086,0.0673393,0.0830298,0.139288
7709,0.240891,0.0673351,0.0830226,0.139272
7710,0.240922,0.067331,0.0830154,0.139256
7711,0.240954,0.0673268,0.0830082,0.13924
7712,0.240985,0.0673227,0.0830011,0.139224
7713,0.241016,0.0673185,0.0829939,0.139208
7714,0.241047,0.0673144,0.0829867,0.139192
7715,0.241079,0.0673102,0.0829796,0.139177
7716,0.24111,0.0673061,0.0829724,0.139161
7717,0.241141,0.0673019,0.0829653,0.139145
7718,0.241172,0.0672978,0.0829581,0.139129
7719,0.241204,0.0672936,0.0829509,0.139113
7720,0.241235,0.0672895,0.0829438,0.139097
7721,0.241266,0.0672853,0.0829366,0.139082
7722,0.241297,0.0672812,0.0829295,0.139066
7723,0.241329,0.067277,0.0829223,0.13905
7724,0.24136,0.0672729,0.0829152,0.139034
7725,0.241391,0.0672688,0.082908,0.139018
7726,0.241422,0.0672646,0.0829009,0.139003
7727,0.241454,0.0672605,0.0828937,0.138987
7728,0.241485,0.0672563,0.0828866,0.138971
7729,0.241516,0.0672522,0.0828794,0.138955
7730,0.241547,0.067248,0.0828723,0.138939
7731,0.241579,0.0672439,0.0828652,0.138923
7732,0.24161,0.0672398,0.082858,0.138908
7733,0.241641,0.0672356,0.0828509,0.138892
7734,0.241672,0.0672315,0.0828437,0.138876
7735,0.241704,0.0672274,0.0828366,0.13886
7736,0.241735,0.0672232,0.0828295,0.138844
7737,0.241766,0.0672191,0.0828223,0.138829
7738,0.241797,0.0672149,0.0828152,0.138813
7739,0.241829,0.0672108,0.0828081,0.138797
7740,0.24186,0.0672067,0.082801,0.138781
7741,0.241891,0.0672025,0.0827938,0.138766
7742,0.241922,0.0671984,0.0827867,0.13875
7743,0.241954,0.0671943,0.0827796,0.138734
7744,0.241985,0.0671901,0.0827725,0.138718
7745,0.242016,0.067186,0.0827653,0.138703
7746,0.242047,0.0671819,0.0827582,0.138687
7747,0.242079,0.0671777,0.0827511,0.138671
7748,0.24211,0.0671736,0.082744,0.138655
7749,0.242141,0.0671695,0.0827369,0.138639
7750,0.242172,0.0671654,0.0827297,0.138624
7751,0.242204,0.0671612,0.0827226,0.138608
7752,0.242235,0.0671571,0.0827155,0.138592
7753,0.242266,0.067153,0.0827084,0.138576
7754,0.242297,0.0671488,0.0827013,0.138561
7755,0.242329,0.0671447,0.0826942,0.138545
7756,0.24236,0.0671406,0.0826871,0.138529
7757,0.242391,0.0671365,0.08268,0.138514
7758,0.242422,0.0671323,0.0826729,0.138498
7759,0.242454,0.0671282,0.0826658,0.138482
7760,0.242485,0.0671241,0.0826587,0.138466
7761,0.242516,0.06712,0.0826516,0.138451
7762,0.242547,0.0671158,0.0826445,0.138435
7763,0.242579,0.0671117,0.0826374,0.138419
7764,0.24261,0.0671076,0.0826303,0.138403
7765,0.242641,0.0671035,0.0826232,0.138388
7766,0.242672,0.0670994,0.0826161,0.138372
7767,0.242704,0.0670952,0.082609,0.138356
7768,0.242735,0.0670911,0.0826019,0.138341
7769,0.242766,0.067087,0.0825948,0.138325
7770,0.242797,0.0670829,0.0825877,0.138309
7771,0.242829,0.0670788,0.0825807,0.138294
7772,0.24286,0.0670747,0.0825736,0.138278
7773,0.242891,0.0670705,0.0825665,0.138262
7774,0.242922,0.0670664,0.0825594,0.138246
7775,0.242954,0.0670623,0.0825523,0.138231
7776,0.242985,0.0670582,0.0825453,0.138215
7777,0.243016,0.0670541,0.0825382,0.138199
7778,0.243047,0.06705,0.0825311,0.138184
7779,0.243079,0.0670459,0.082524,0.138168
7780,0.24311,0.0670417,0.082517,0.138152
7781,0.243141,0.0670376,0.0825099,0.138137
7782,0.243172,0.0670335,0.0825028,0.138121
7783,0.243204,0.0670294,0.0824958,0.138105
7784,0.243235,0.0670253,0.0824887,0.13809
7785,0.243266,0.0670212,0.0824816,0.138074
7786,0.243297,0.0670171,0.0824746,0.138058
7787,0.243329,0.067013,0.0824675,0.138043
7788,0.24336,0.0670089,0.0824604,0.138027
7789,0.243391,0.0670048,0.0824534,0.138011
7790,0.243422,0.0670006,0.0824463,0.137996
7791,0.243454,0.0669965,0.0824393,0.13798
7792,0.243485,0.0669924,0.0824322,0.137965
7793,0.243516,0.0669883,0.0824251,0.137949
7794,0.243547,0.0669842,0.0824181,0.137933
7795,0.243579,0.0669801,0.082411,0.137918
7796,0.24361,0.066976,0.082404,0.137902
7797,0.243641,0.0669719,0.0823969,0.137886
7798,0.243672,0.0669678,0.0823899,0.137871
7799,0.243704,0.0669637,0.0823828,0.137855
7800,0.243735,0.0669596,0.0823758,0.13784
7801,0.243766,0.0669555,0.0823688,0.137824
7802,0.243797,0.0669514,0.0823617,0.137808
7803,0.243829,0.0669473,0.0823547,0.137793
7804,0.24386,0.0669432,0.0823476,0.137777
7805,0.243891,0.0669391,0.0823406,0.137761
7806,0.243922,0.066935,0.0823336,0.137746
7807,0.243954,0.0669309,0.0823265,0.13773
7808,0.243985,0.0669268,0.0823195,0.137715
7809,0.244016,0.0669227,0.0823125,0.137699
7810,0.244047,0.0669186,0.0823054,0.137683
7811,0.244078,0.0669145,0.0822984,0.137668
7812,0.24411,0.0669104,0.0822914,0.137652
7813,0.244141,0.0669063,0.0822843,0.137637
7814,0.244172,0.0669023,0.0822773,0.137621
7815,0.244203,0.0668982,0.0822703,0.137606
7816,0.244235,0.0668941,0.0822633,0.13759
7817,0.244266,0.06689,0.0822562,0.137574
7818,0.244297,0.0668859,0.0822492,0.137559
7819,0.244328,0.0668818,0.0822422,0.137543
7820,0.24436,0.0668777,0.0822352,0.137528
7821,0.244391,0.0668736,0.0822282,0.137512
7822,0.244422,0.0668695,0.0822212,0.137497
7823,0.244453,0.0668654,0.0822141,0.137481
7824,0.244485,0.0668614,0.0822071,0.137465
7825,0.244516,0.0668573,0.0822001,0.13745
7826,0.244547,0.0668532,0.0821931,0.137434
7827,0.244578,0.0668491,0.0821861,0.137419
7828,0.24461,0.066845,0.0821791,0.137403
7829,0.244641,0.0668409,0.0821721,0.137388
7830,0.244672,0.0668368,0.0821651,0.137372
7831,0.244703,0.0668328,0.0821581,0.137357
7832,0.244735,0.0668287,0.0821511,0.137341
7833,0.244766,0.0668246,0.0821441,0.137326
7834,0.244797,0.0668205,0.0821371,0.13731
7835,0.244828,0.0668164,0.0821301,0.137295
7836,0.24486,0.0668123,0.0821231,0.137279
7837,0.244891,0.0668083,0.0821161,0.137263
7838,0.244922,0.0668042,0.0821091,0.137248
7839,0.244953,0.0668001,0.0821021,0.137232
7840,0.244985,0.066796,0.0820951,0.137217
7841,0.245016,0.0667919,0.0820881,0.137201
7842,0.245047,0.0667879,0.0820812,0.137186
7843,0.245078,0.0667838,0.0820742,0.13717
7844,0.24511,0.0667797,0.0820672,0.137155
7845,0.245141,0.0667756,0.0820602,0.137139
7846,0.245172,0.0667716,0.0820532,0.137124
7847,0.245203,0.0667675,0.0820462,0.137108
7848,0.245235,0.0667634,0.0820393,0.137093
7849,0.245266,0.0667593,0.0820323,0.137077
7850,0.245297,0.0667553,0.0820253,0.137062
7851,0.245328,0.0667512,0.0820183,0.137046
7852,0.24536,0.0667471,0.0820113,0.137031
7853,0.245391,0.066743,0.0820044,0.137016
7854,0.245422,0.066739,0.0819974,0.137
7855,0.245453,0.0667349,0.0819904,0.136985
7856,0.245485,0.0667308,0.0819835,0.136969
7857,0.245516,0.0667268,0.0819765,0.136954
7858,0.245547,0.0667227,0.0819695,0.136938
7859,0.245578,0.0667186,0.0819626,0.136923
7860,0.24561,0.0667146,0.0819556,0.136907
7861,0.245641,0.0667105,0.0819486,0.136892
7862,0.245672,0.0667064,0.0819417,0.136876
7863,0.245703,0.0667024,0.0819347,0.136861
7864,0.245735,0.0666983,0.0819278,0.136845
7865,0.245766,0.0666942,0.0819208,0.13683
7866,0.245797,0.0666902,0.0819139,0.136815
7867,0.245828,0.0666861,0.0819069,0.136799
7868,0.24586,0.066682,0.0819,0.136784
7869,0.245891,0.066678,0.081893,0.136768
7870,0.245922,0.0666739,0.0818861,0.136753
7871,0.245953,0.0666698,0.0818791,0.136737
7872,0.245985,0.0666658,0.0818722,0.136722
7873,0.246016,0.0666617,0.0818652,0.136706
7874,0.246047,0.0666577,0.0818583,0.136691
7875,0.246078,0.0666536,0.0818513,0.136676
7876,0.24611,0.0666495,0.0818444,0.13666
7877,0.246141,0.0666455,0.0818374,0.136645
7878,0.246172,0.0666414,0.0818305,0.136629
7879,0.246203,0.0666374,0.0818236,0.136614
7880,0.246235,0.0666333,0.0818166,0.136599
7881,0.246266,0.0666293,0.0818097,0.136583
7882,0.246297,0.0666252,0.0818028,0.136568
7883,0.246328,0.0666211,0.0817958,0.136552
7884,0.24636,0.0666171,0.0817889,0.136537
7885,0.246391,0.066613,0.081782,0.136522
7886,0.246422,0.066609,0.081775,0.136506
7887,0.246453,0.0666049,0.0817681,0.136491
7888,0.246485,0.0666009,0.0817612,0.136475
7889,0.246516,0.0665968,0.0817543,0.13646
7890,0.246547,0.0665928,0.0817473,0.136445
7891,0.246578,0.0665887,0.0817404,0.136429
7892,0.24661,0.0665847,0.0817335,0.136414
7893,0.246641,0.0665806,0.0817266,0.136398
7894,0.246672,0.0665766,0.0817197,0.136383
7895,0.246703,0.0665725,0.0817127,0.136368
7896,0.246735,0.0665685,0.0817058,0.136352
7897,0.246766,0.0665644,0.0816989,0.136337
7898,0.246797,0.0665604,0.081692,0.136322
7899,0.246828,0.0665563,0.0816851,0.136306
7900,0.24686,0.0665523,0.0816782,0.136291
7901,0.246891,0.0665482,0.0816713,0.136276
7902,0.246922,0.0665442,0.0816644,0.13626
7903,0.246953,0.0665402,0.0816575,0.136245
7904,0.246985,0.0665361,0.0816506,0.13623
7905,0.247016,0.0665321,0.0816437,0.136214
7906,0.247047,0.066528,0.0816368,0.136199
7907,0.247078,0.066524,0.0816299,0.136184
7908,0.24711,0.0665199,0.081623,0.136168
7909,0.247141,0.0665159,0.0816161,0.136153
7910,0.247172,0.0665119,0.0816092,0.136138
7911,0.247203,0.0665078,0.0816023,0.136122
7912,0.247235,0.0665038,0.0815954,0.136107
7913,0.247266,0.0664997,0.0815885,0.136092
7914,0.247297,0.0664957,0.0815816,0.136076
7915,0.247328,0.0664917,0.0815747,0.136061
7916,0.24736,0.0664876,0.0815678,0.136046
7917,0.247391,0.0664836,0.0815609,0.13603
7918,0.247422,0.0664795,0.081554,0.136015
7919,0.247453,0.0664755,0.0815472,0.136
7920,0.247485,0.0664715,0.0815403,0.135984
7921,0.247516,0.0664674,0.0815334,0.135969
7922,0.247547,0.0664634,0.0815265,0.135954
7923,0.247578,0.0664594,0.0815196,0.135938
7924,0.24761,0.0664553,0.0815128,0.135923
7925,0.247641,0.0664513,0.0815059,0.135908
7926,0.247672,0.0664473,0.081499,0.135893
7927,0.247703,0.0664432,0.0814921,0.135877
7928,0.247735,0.0664392,0.0814853,0.135862
7929,0.247766,0.0664352,0.0814784,0.135847
7930,0.247797,0.0664312,0.0814715,0.135831
7931,0.247828,0.0664271,0.0814647,0.135816
7932,0.24786,0.0664231,0.0814578,0.135801
7933,0.247891,0.0664191,0.0814509,0.135786
7934,0.247922,0.066415,0.0814441,0.13577
7935,0.247953,0.066411,0.0814372,0.135755
7936,0.247985,0.066407,0.0814303,0.13574
7937,0.248016,0.066403,0.0814235,0.135725
7938,0.248047,0.0663989,0.0814166,0.135709
7939,0.248078,0.0663949,0.0814098,0.135694
7940,0.248109,0.0663909,0.0814029,0.135679
7941,0.248141,0.0663869,0.081396,0.135664
7942,0.248172,0.0663828,0.0813892,0.135648
7943,0.248203,0.0663788,0.0813823,0.135633
7944,0.248234,0.0663748,0.0813755,0.135618
7945,0.248266,0.0663708,0.0813686,0.135603
7946,0.248297,0.0663667,0.0813618,0.135587
7947,0.248328,0.0663627,0.0813549,0.135572
7948,0.248359,0.0663587,0.0813481,0.135557
7949,0.248391,0.0663547,0.0813413,0.135542
7950,0.248422,0.0663507,0.0813344,0.135526
7951,0.248453,0.0663466,0.0813276,0.135511
7952,0.248484,0.0663426,0.0813207,0.135496
7953,0.248516,0.0663386,0.0813139,0.135481
7954,0.248547,0.0663346,0.081307,0.135466
7955,0.248578,0.0663306,0.0813002,0.13545
7956,0.248609,0.0663266,0.0812934,0.135435
7957,0.248641,0.0663225,0.0812865,0.13542
7958,0.248672,0.0663185,0.0812797,0.135405
7959,0.248703,0.0663145,0.0812729,0.135389
7960,0.248734,0.0663105,0.081266,0.135374
7961,0.248766,0.0663065,0.0812592,0.135359
7962,0.248797,0.0663025,0.0812524,0.135344
7963,0.248828,0.0662985,0.0812456,0.135329
7964,0.248859,0.0662944,0.0812387,0.135314
7965,0.248891,0.0662904,0.0812319,0.135298
7966,0.248922,0.0662864,0.0812251,0.135283
7967,0.248953,0.0662824,0.0812183,0.135268
7968,0.248984,0.0662784,0.0812115,0.135253
7969,0.249016,0.0662744,0.0812046,0.135238
7970,0.249047,0.0662704,0.0811978,0.135222
7971,0.249078,0.0662664,0.081191,0.135207
7972,0.249109,0.0662624,0.0811842,0.135192
7973,0.249141,0.0662584,0.0811774,0.135177
7974,0.249172,0.0662544,0.0811706,0.135162
7975,0.249203,0.0662503,0.0811638,0.135147
7976,0.249234,0.0662463,0.0811569,0.135131
7977,0.249266,0.0662423,0.0811501,0.135116
7978,0.249297,0.0662383,0.0811433,0.135101
7979,0.249328,0.0662343,0.0811365,0.135086
7980,0.249359,0.0662303,0.0811297,0.135071
7981,0.249391,0.0662263,0.0811229,0.135056
7982,0.249422,0.0662223,0.0811161,0.135041
7983,0.249453,0.0662183,0.0811093,0.135025
7984,0.249484,0.0662143,0.0811025,0.13501
7985,0.249516,0.0662103,0.0810957,0.134995
7986,0.249547,0.0662063,0.0810889,0.13498
7987,0.249578,0.0662023,0.0810821,0.134965
7988,0.249609,0.0661983,0.0810753,0.13495
7989,0.249641,0.0661943,0.0810685,0.134935
7990,0.249672,0.0661903,0.0810617,0.134919
7991,0.249703,0.0661863,0.081055,0.134904
7992,0.249734,0.0661823,0.0810482,0.134889
7993,0.249766,0.0661783,0.0810414,0.134874
7994,0.249797,0.0661743,0.0810346,0.134859
7995,0.249828,0.0661703,0.0810278,0.134844
7996,0.249859,0.0661663,0.081021,0.134829
7997,0.249891,0.0661623,0.0810142,0.134814
7998,0.249922,0.0661584,0.0810075,0.134799
7999,0.249953,0.0661544,0.0810007,0.134783
8000,0.249984,0.0661504,0.0809939,0.134769
8001,0.250016,0.0661464,0.0809871,0.134754
8002,0.250047,0.0661424,0.0809804,0.134739
8003,0.250078,0.0661384,0.0809736,0.134724
8004,0.250109,0.0661344,0.0809668,0.134709
8005,0.250141,0.0661304,0.08096,0.134694
8006,0.250172,0.0661264,0.0809533,0.134679
8007,0.250203,0.0661224,0.0809465,0.134665
8008,0.250234,0.0661184,0.0809397,0.13465
8009,0.250266,0.0661144,0.080933,0.134635
8010,0.250297,0.0661105,0.0809262,0.13462
8011,0.250328,0.0661065,0.0809194,0.134605
8012,0.250359,0.0661025,0.0809127,0.134591
8013,0.250391,0.0660985,0.0809059,0.134576
8014,0.250422,0.0660945,0.0808991,0.134561
8015,0.250453,0.0660905,0.0808924,0.134546
8016,0.250484,0.0660865,0.0808856,0.134531
8017,0.250516,0.0660826,0.0808789,0.134516
8018,0.250547,0.0660786,0.0808721,0.134502
8019,0.250578,0.0660746,0.0808654,0.134487
8020,0.250609,0.0660706,0.0808586,0.134472
8021,0.250641,0.0660666,0.0808519,0.134457
8022,0.250672,0.0660626,0.0808451,0.134442
8023,0.250703,0.0660587,0.0808384,0.134428
8024,0.250734,0.0660547,0.0808316,0.134413
8025,0.250766,0.0660507,0.0808249,0.134398
8026,0.250797,0.0660467,0.0808181,0.134383
8027,0.250828,0.0660427,0.0808114,0.134369
8028,0.250859,0.0660388,0.0808046,0.134354
8029,0.250891,0.0660348,0.0807979,0.134339
8030,0.250922,0.0660308,0.0807912,0.134324
8031,0.250953,0.0660268,0.0807844,0.134309
8032,0.250984,0.0660229,0.0807777,0.134295
8033,0.251016,0.0660189,0.080771,0.13428
8034,0.251047,0.0660149,0.0807642,0.134265
8035,0.251078,0.0660109,0.0807575,0.13425
8036,0.251109,0.066007,0.0807508,0.134236
8037,0.251141,0.066003,0.080744,0.134221
8038,0.251172,0.065999,0.0807373,0.134206
8039,0.251203,0.065995,0.0807306,0.134191
8040,0.251234,0.0659911,0.0807238,0.134177
8041,0.251266,0.0659871,0.0807171,0.134162
8042,0.251297,0.0659831,0.0807104,0.134147
8043,0.251328,0.0659792,0.0807037,0.134132
8044,0.251359,0.0659752,0.0806969,0.134118
8045,0.251391,0.0659712,0.0806902,0.134103
8046,0.251422,0.0659672,0.0806835,0.134088
8047,0.251453,0.0659633,0.0806768,0.134073
8048,0.251484,0.0659593,0.0806701,0.134059
8049,0.251516,0.0659553,0.0806634,0.134044
8050,0.251547,0.0659514,0.0806566,0.134029
8051,0.251578,0.0659474,0.0806499,0.134014
8052,0.251609,0.0659434,0.0806432,0.134
8053,0.251641,0.0659395,0.0806365,0.133985
8054,0.251672,0.0659355,0.0806298,0.13397
8055,0.251703,0.0659315,0.0806231,0.133956
8056,0.251734,0.0659276,0.0806164,0.133941
8057,0.251766,0.0659236,0.0806097,0.133926
8058,0.251797,0.0659196,0.080603,0.133911
8059,0.251828,0.0659157,0.0805963,0.133897
8060,0.251859,0.0659117,0.0805896,0.133882
8061,0.251891,0.0659078,0.0805829,0.133867
8062,0.251922,0.0659038,0.0805762,0.133853
8063,0.251953,0.0658998,0.0805695,0.133838
8064,0.251984,0.0658959,0.0805628,0.133823
8065,0.252015,0.0658919,0.0805561,0.133809
8066,0.252047,0.065888,0.0805494,0.133794
8067,0.252078,0.065884,0.0805427,0.133779
8068,0.252109,0.06588,0.080536,0.133764
8069,0.25214,0.0658761,0.0805293,0.13375
8070,0.252172,0.0658721,0.0805226,0.133735
8071,0.252203,0.0658682,0.0805159,0.13372
8072,0.252234,0.0658642,0.0805093,0.133706
8073,0.252265,0.0658603,0.0805026,0.133691
8074,0.252297,0.0658563,0.0804959,0.133676
8075,0.252328,0.0658524,0.0804892,0.133662
8076,0.252359,0.0658484,0.0804825,0.133647
8077,0.25239,0.0658444,0.0804758,0.133632
8078,0.252422,0.0658405,0.0804692,0.133618
8079,0.252453,0.0658365,0.0804625,0.133603
8080,0.252484,0.0658326,0.0804558,0.133588
8081,0.252515,0.0658286,0.0804491,0.133574
8082,0.252547,0.0658247,0.0804425,0.133559
8083,0.252578,0.0658207,0.0804358,0.133545
8084,0.252609,0.0658168,0.0804291,0.13353
8085,0.25264,0.0658128,0.0804224,0.133515
8086,0.252672,0.0658089,0.0804158,0.133501
8087,0.252703,0.0658049,0.0804091,0.133486
8088,0.252734,0.065801,0.0804024,0.133471
8089,0.252765,0.065797,0.0803958,0.133457
8090,0.252797,0.0657931,0.0803891,0.133442
8091,0.252828,0.0657892,0.0803825,0.133427
8092,0.252859,0.0657852,0.0803758,0.133413
8093,0.25289,0.0657813,0.0803691,0.133398
8094,0.252922,0.0657773,0.0803625,0.133384
8095,0.252953,0.0657734,0.0803558,0.133369
8096,0.252984,0.0657694,0.0803492,0.133354
8097,0.253015,0.0657655,0.0803425,0.13334
8098,0.253047,0.0657615,0.0803359,0.133325
8099,0.253078,0.0657576,0.0803292,0.13331
8100,0.253109,0.0657537,0.0803225,0.133296
8101,0.25314,0.0657497,0.0803159,0.133281
8102,0.253172,0.0657458,0.0803092,0.133267
8103,0.253203,0.0657418,0.0803026,0.133252
8104,0.253234,0.0657379,0.080296,0.133237
8105,0.253265,0.065734,0.0802893,0.133223
8106,0.253297,0.06573,0.0802827,0.133208
8107,0.253328,0.0657261,0.080276,0.133194
8108,0.253359,0.0657221,0.0802694,0.133179
8109,0.25339,0.0657182,0.0802627,0.133164
8110,0.253422,0.0657143,0.0802561,0.13315
8111,0.253453,0.0657103,0.0802495,0.133135
8112,0.253484,0.0657064,0.0802428,0.133121
8113,0.253515,0.0657025,0.0802362,0.133106
8114,0.253547,0.0656985,0.0802296,0.133092
8115,0.253578,0.0656946,0.0802229,0.133077
8116,0.253609,0.0656907,0.0802163,0.133062
8117,0.25364,0.0656867,0.0802097,0.133048
8118,0.253672,0.0656828,0.080203,0.133033
8119,0.253703,0.0656789,0.0801964,0.133019
8120,0.253734,0.0656749,0.0801898,0.133004
8121,0.253765,0.065671,0.0801832,0.13299
8122,0.253797,0.0656671,0.0801765,0.132975
8123,0.253828,0.0656631,0.0801699,0.132961
8124,0.253859,0.0656592,0.0801633,0.132946
8125,0.25389,0.0656553,0.0801567,0.132931
8126,0.253922,0.0656514,0.0801501,0.132917
8127,0.253953,0.0656474,0.0801434,0.132902
8128,0.253984,0.0656435,0.0801368,0.132888
8129,0.254015,0.0656396,0.0801302,0.132873
8130,0.254047,0.0656356,0.0801236,0.132859
8131,0.254078,0.0656317,0.080117,0.132844
8132,0.254109,0.0656278,0.0801104,0.13283
8133,0.25414,0.0656239,0.0801038,0.132815
8134,0.254172,0.0656199,0.0800972,0.132801
8135,0.254203,0.065616,0.0800905,0.132786
8136,0.254234,0.0656121,0.0800839,0.132772
8137,0.254265,0.0656082,0.0800773,0.132757
8138,0.254297,0.0656042,0.0800707,0.132743
8139,0.254328,0.0656003,0.0800641,0.132728
8140,0.254359,0.0655964,0.0800575,0.132714
8141,0.25439,0.0655925,0.0800509,0.132699
8142,0.254422,0.0655886,0.0800443,0.132684
8143,0.254453,0.0655846,0.0800377,0.13267
8144,0.254484,0.0655807,0.0800311,0.132655
8145,0.254515,0.0655768,0.0800245,0.132641
8146,0.254547,0.0655729,0.0800179,0.132626
8147,0.254578,0.065569,0.0800114,0.132612
8148,0.254609,0.065565,0.0800048,0.132598
8149,0.25464,0.0655611,0.0799982,0.132583
8150,0.254672,0.0655572,0.0799916,0.132569
8151,0.254703,0.0655533,0.079985,0.132554
8152,0.254734,0.0655494,0.0799784,0.13254
8153,0.254765,0.0655455,0.0799718,0.132525
8154,0.254797,0.0655416,0.0799652,0.132511
8155,0.254828,0.0655376,0.0799587,0.132496
8156,0.254859,0.0655337,0.0799521,0.132482
8157,0.25489,0.0655298,0.0799455,0.132467
8158,0.254922,0.0655259,0.0799389,0.132453
8159,0.254953,0.065522,0.0799323,0.132438
8160,0.254984,0.0655181,0.0799258,0.132424
8161,0.255015,0.0655142,0.0799192,0.132409
8162,0.255047,0.0655103,0.0799126,0.132395
8163,0.255078,0.0655063,0.079906,0.13238
8164,0.255109,0.0655024,0.0798995,0.132366
8165,0.25514,0.0654985,0.0798929,0.132351
8166,0.255172,0.0654946,0.0798863,0.132337
8167,0.255203,0.0654907,0.0798798,0.132323
8168,0.255234,0.0654868,0.0798732,0.132308
8169,0.255265,0.0654829,0.0798666,0.132294
8170,0.255297,0.065479,0.0798601,0.132279
8171,0.255328,0.0654751,0.0798535,0.132265
8172,0.255359,0.0654712,0.0798469,0.13225
8173,0.25539,0.0654673,0.0798404,0.132236
8174,0.255422,0.0654634,0.0798338,0.132222
8175,0.255453,0.0654595,0.0798273,0.132207
8176,0.255484,0.0654556,0.0798207,0.132193
8177,0.255515,0.0654516,0.0798141,0.132178
8178,0.255547,0.0654477,0.0798076,0.132164
8179,0.255578,0.0654438,0.079801,0.132149
8180,0.255609,0.0654399,0.0797945,0.132135
8181,0.25564,0.065436,0.0797879,0.132121
8182,0.255672,0.0654321,0.0797814,0.132106
8183,0.255703,0.0654282,0.0797748,0.132092
8184,0.255734,0.0654243,0.0797683,0.132077
8185,0.255765,0.0654204,0.0797617,0.132063
8186,0.255797,0.0654165,0.0797552,0.132049
8187,0.255828,0.0654126,0.0797487,0.132034
8188,0.255859,0.0654087,0.0797421,0.13202
8189,0.25589,0.0654048,0.0797356,0.132005
8190,0.255922,0.0654009,0.079729,0.131991
8191,0.255953,0.0653971,0.0797225,0.131977
8192,0.255984,0.0653932,0.079716,0.131962
8193,0.256015,0.0653893,0.0797094,0.131948
8194,0.256046,0.0653854,0.0797029,0.131933
8195,0.256078,0.0653815,0.0796964,0.131919
8196,0.256109,0.0653776,0.0796898,0.131905
8197,0.25614,0.0653737,0.0796833,0.13189
8198,0.256171,0.0653698,0.0796768,0.131876
8199,0.256203,0.0653659,0.0796702,0.131861
8200,0.256234,0.065362,0.0796637,0.131847
8201,0.256265,0.0653581,0.0796572,0.131833
8202,0.256296,0.0653542,0.0796506,0.131818
8203,0.256328,0.0653503,0.0796441,0.131804
8204,0.256359,0.0653464,0.0796376,0.13179
8205,0.25639,0.0653426,0.0796311,0.131775
8206,0.256421,0.0653387,0.0796246,0.131761
8207,0.256453,0.0653348,0.079618,0.131747
8208,0.256484,0.0653309,0.0796115,0.131732
8209,0.256515,0.065327,0.079605,0.131718
8210,0.256546,0.0653231,0.0795985,0.131704
8211,0.256578,0.0653192,0.079592,0.131689
8212,0.256609,0.0653153,0.0795855,0.131675
8213,0.25664,0.0653115,0.0795789,0.131661
8214,0.256671,0.0653076,0.0795724,0.131646
8215,0.256703,0.0653037,0.0795659,0.131632
8216,0.256734,0.0652998,0.0795594,0.131618
8217,0.256765,0.0652959,0.0795529,0.131603
8218,0.256796,0.065292,0.0795464,0.131589
8219,0.256828,0.0652882,0.0795399,0.131575
8220,0.256859,0.0652843,0.0795334,0.13156
8221,0.25689,0.0652804,0.0795269,0.131546
8222,0.256921,0.0652765,0.0795204,0.131532
8223,0.256953,0.0652726,0.0795139,0.131517
8224,0.256984,0.0652687,0.0795074,0.131503
8225,0.257015,0.0652649,0.0795009,0.131489
8226,0.257046,0.065261,0.0794944,0.131474
8227,0.257078,0.0652571,0.0794879,0.13146
8228,0.257109,0.0652532,0.0794814,0.131446
8229,0.25714,0.0652494,0.0794749,0.131431
8230,0.257171,0.0652455,0.0794684,0.131417
8231,0.257203,0.0652416,0.0794619,0.131403
8232,0.257234,0.0652377,0.0794554,0.131389
8233,0.257265,0.0652338,0.079449,0.131374
8234,0.257296,0.06523,0.0794425,0.13136
8235,0.257328,0.0652261,0.079436,0.131346
8236,0.257359,0.0652222,0.0794295,0.131331
8237,0.25739,0.0652183,0.079423,0.131317
8238,0.257421,0.0652145,0.0794165,0.131303
8239,0.257453,0.0652106,0.0794101,0.131289
8240,0.257484,0.0652067,0.0794036,0.131274
8241,0.257515,0.0652029,0.0793971,0.13126
8242,0.257546,0.065199,0.0793906,0.131246
8243,0.257578,0.0651951,0.0793841,0.131231
8244,0.257609,0.0651912,0.0793777,0.131217
8245,0.25764,0.0651874,0.0793712,0.131203
8246,0.257671,0.0651835,0.0793647,0.131189
8247,0.257703,0.0651796,0.0793583,0.131174
8248,0.257734,0.0651758,0.0793518,0.13116
8249,0.257765,0.0651719,0.0793453,0.131146
8250,0.257796,0.065168,0.0793388,0.131132
8251,0.257828,0.0651642,0.0793324,0.131117
8252,0.257859,0.0651603,0.0793259,0.131103
8253,0.25789,0.0651564,0.0793194,0.131089
8254,0.257921,0.0651526,0.079313,0.131075
8255,0.257953,0.0651487,0.0793065,0.13106
8256,0.257984,0.0651448,0.0793001,0.131046
8257,0.258015,0.065141,0.0792936,0.131032
8258,0.258046,0.0651371,0.0792871,0.131018
8259,0.258078,0.0651332,0.0792807,0.131003
8260,0.258109,0.0651294,0.0792742,0.130989
8261,0.25814,0.0651255,0.0792678,0.130975
8262,0.258171,0.0651217,0.0792613,0.130961
8263,0.258203,0.0651178,0.0792549,0.130947
8264,0.258234,0.0651139,0.0792484,0.130932
8265,0.258265,0.0651101,0.079242,0.130918
8266,0.258296,0.0651062,0.0792355,0.130904
8267,0.258328,0.0651023,0.0792291,0.13089
8268,0.258359,0.0650985,0.0792226,0.130875
8269,0.25839,0.0650946,0.0792162,0.130861
8270,0.258421,0.0650908,0.0792097,0.130847
8271,0.258453,0.0650869,0.0792033,0.130833
8272,0.258484,0.0650831,0.0791969,0.130819
8273,0.258515,0.0650792,0.0791904,0.130804
8274,0.258546,0.0650753,0.079184,0.13079
8275,0.258578,0.0650715,0.0791775,0.130776
8276,0.258609,0.0650676,0.0791711,0.130762
8277,0.25864,0.0650638,0.0791647,0.130748
8278,0.258671,0.0650599,0.0791582,0.130733
8279,0.258703,0.0650561,0.0791518,0.130719
8280,0.258734,0.0650522,0.0791454,0.130705
8281,0.258765,0.0650484,0.0791389,0.130691
8282,0.258796,0.0650445,0.0791325,0.130677
8283,0.258828,0.0650407,0.0791261,0.130663
8284,0.258859,0.0650368,0.0791197,0.130648
8285,0.25889,0.065033,0.0791132,0.130634
8286,0.258921,0.0650291,0.0791068,0.13062
8287,0.258953,0.0650253,0.0791004,0.130606
8288,0.258984,0.0650214,0.079094,0.130592
8289,0.259015,0.0650176,0.0790875,0.130578
8290,0.259046,0.0650137,0.0790811,0.130563
8291,0.259078,0.0650099,0.0790747,0.130549
8292,0.259109,0.065006,0.0790683,0.130535
8293,0.25914,0.0650022,0.0790619,0.130521
8294,0.259171,0.0649983,0.0790554,0.130507
8295,0.259203,0.0649945,0.079049,0.130493
8296,0.259234,0.0649906,0.0790426,0.130478
8297,0.259265,0.0649868,0.0790362,0.130464
8298,0.259296,0.0649829,0.0790298,0.13045
8299,0.259328,0.0649791,0.0790234,0.130436
8300,0.259359,0.0649752,0.079017,0.130422
8301,0.25939,0.0649714,0.0790106,0.130408
8302,0.259421,0.0649676,0.0790042,0.130394
8303,0.259453,0.0649637,0.0789978,0.13038
8304,0.259484,0.0649599,0.0789914,0.130366
8305,0.259515,0.064956,0.078985,0.130352
8306,0.259546,0.0649522,0.0789785,0.130338
8307,0.259578,0.0649484,0.0789721,0.130324
8308,0.259609,0.0649445,0.0789658,0.13031
8309,0.25964,0.0649407,0.0789594,0.130296
8310,0.259671,0.0649368,0.078953,0.130283
8311,0.259703,0.064933,0.0789466,0.130269
8312,0.259734,0.0649292,0.0789402,0.130255
8313,0.259765,0.0649253,0.0789338,0.130241
8314,0.259796,0.0649215,0.0789274,0.130227
8315,0.259828,0.0649176,0.078921,0.130213
8316,0.259859,0.0649138,0.0789146,0.130199
8317,0.25989,0.06491,0.0789082,0.130185
8318,0.259921,0.0649061,0.0789018,0.130172
8319,0.259953,0.0649023,0.0788954,0.130158
8320,0.259984,0.0648985,0.0788891,0.130144
8321,0.260015,0.0648946,0.0788827,0.13013
8322,0.260046,0.0648908,0.0788763,0.130116
8323,0.260077,0.064887,0.0788699,0.130102
8324,0.260109,0.0648831,0.0788635,0.130088
8325,0.26014,0.0648793,0.0788571,0.130075
8326,0.260171,0.0648755,0.0788508,0.130061
8327,0.260202,0.0648716,0.0788444,0.130047
8328,0.260234,0.0648678,0.078838,0.130033
8329,0.260265,0.064864,0.0788316,0.130019
8330,0.260296,0.0648602,0.0788253,0.130005
8331,0.260327,0.0648563,0.0788189,0.129992
8332,0.260359,0.0648525,0.0788125,0.129978
8333,0.26039,0.0648487,0.0788062,0.129964
8334,0.260421,0.0648448,0.0787998,0.12995
8335,0.260452,0.064841,0.0787934,0.129936
8336,0.260484,0.0648372,0.0787871,0.129922
8337,0.260515,0.0648334,0.0787807,0.129909
8338,0.260546,0.0648295,0.0787743,0.129895
8339,0.260577,0.0648257,0.078768,0.129881
8340,0.260609,0.0648219,0.0787616,0.129867
8341,0.26064,0.0648181,0.0787552,0.129853
8342,0.260671,0.0648142,0.0787489,0.129839
8343,0.260702,0.0648104,0.0787425,0.129826
8344,0.260734,0.0648066,0.0787362,0.129812
8345,0.260765,0.0648028,0.0787298,0.129798
8346,0.260796,0.0647989,0.0787235,0.129784
8347,0.260827,0.0647951,0.0787171,0.12977
8348,0.260859,0.0647913,0.0787107,0.129757
8349,0.26089,0.0647875,0.0787044,0.129743
8350,0.260921,0.0647837,0.078698,0.129729
8351,0.260952,0.0647798,0.0786917,0.129715
8352,0.260984,0.064776,0.0786853,0.129701
8353,0.261015,0.0647722,0.078679,0.129688
8354,0.261046,0.0647684,0.0786727,0.129674
8355,0.261077,0.0647646,0.0786663,0.12966
8356,0.261109,0.0647607,0.07866,0.129646
8357,0.26114,0.0647569,0.0786536,0.129632
8358,0.261171,0.0647531,0.0786473,0.129619
8359,0.261202,0.0647493,0.0786409,0.129605
8360,0.261234,0.0647455,0.0786346,0.129591
8361,0.261265,0.0647417,0.0786283,0.129577
8362,0.261296,0.0647378,0.0786219,0.129564
8363,0.261327,0.064734,0.0786156,0.12955
8364,0.261359,0.0647302,0.0786093,0.129536
8365,0.26139,0.0647264,0.0786029,0.129522
8366,0.261421,0.0647226,0.0785966,0.129509
8367,0.261452,0.0647188,0.0785903,0.129495
8368,0.261484,0.064715,0.0785839,0.129481
8369,0.261515,0.0647112,0.0785776,0.129467
8370,0.261546,0.0647073,0.0785713,0.129454
8371,0.261577,0.0647035,0.078565,0.12944
8372,0.261609,0.0646997,0.0785586,0.129426
8373,0.26164,0.0646959,0.0785523,0.129412
8374,0.261671,0.0646921,0.078546,0.129399
8375,0.261702,0.0646883,0.0785397,0.129385
8376,0.261734,0.0646845,0.0785333,0.129371
8377,0.261765,0.0646807,0.078527,0.129357
8378,0.261796,0.0646769,0.0785207,0.129344
8379,0.261827,0.0646731,0.0785144,0.12933
8380,0.261859,0.0646693,0.0785081,0.129316
8381,0.26189,0.0646655,0.0785018,0.129302
8382,0.261921,0.0646616,0.0784954,0.129289
8383,0.261952,0.0646578,0.0784891,0.129275
8384,0.261984,0.064654,0.0784828,0.129261
8385,0.262015,0.0646502,0.0784765,0.129247
8386,0.262046,0.0646464,0.0784702,0.129234
8387,0.262077,0.0646426,0.0784639,0.12922
8388,0.262109,0.0646388,0.0784576,0.129206
8389,0.26214,0.064635,0.0784513,0.129193
8390,0.262171,0.0646312,0.078445,0.129179
8391,0.262202,0.0646274,0.0784387,0.129165
8392,0.262234,0.0646236,0.0784324,0.129151
8393,0.262265,0.0646198,0.0784261,0.129138
8394,0.262296,0.064616,0.0784198,0.129124
8395,0.262327,0.0646122,0.0784135,0.12911
8396,0.262359,0.0646084,0.0784072,0.129097
8397,0.26239,0.0646046,0.0784009,0.129083
8398,0.262421,0.0646008,0.0783946,0.129069
8399,0.262452,0.064597,0.0783883,0.129056
8400,0.262484,0.0645932,0.078382,0.129042
8401,0.262515,0.0645894,0.0783757,0.129028
8402,0.262546,0.0645856,0.0783694,0.129015
8403,0.262577,0.0645818,0.0783631,0.129001
8404,0.262609,0.064578,0.0783568,0.128987
8405,0.26264,0.0645742,0.0783506,0.128974
8406,0.262671,0.0645705,0.0783443,0.12896
8407,0.262702,0.0645667,0.078338,0.128946
8408,0.262734,0.0645629,0.0783317,0.128933
8409,0.262765,0.0645591,0.0783254,0.128919
8410,0.262796,0.0645553,0.0783191,0.128905
8411,0.262827,0.0645515,0.0783129,0.128892
8412,0.262859,0.0645477,0.0783066,0.128878
8413,0.26289,0.0645439,0.0783003,0.128864
8414,0.262921,0.0645401,0.078294,0.128851
8415,0.262952,0.0645363,0.0782878,0.128837
8416,0.262984,0.0645325,0.0782815,0.128823
8417,0.263015,0.0645287,0.0782752,0.12881
8418,0.263046,0.064525,0.0782689,0.128796
8419,0.263077,0.0645212,0.0782627,0.128782
8420,0.263109,0.0645174,0.0782564,0.128769
8421,0.26314,0.0645136,0.0782501,0.128755
8422,0.263171,0.0645098,0.0782439,0.128741
8423,0.263202,0.064506,0.0782376,0.128728
8424,0.263234,0.0645022,0.0782313,0.128714
8425,0.263265,0.0644984,0.0782251,0.1287
8426,0.263296,0.0644947,0.0782188,0.128687
8427,0.263327,0.0644909,0.0782125,0.128673
8428,0.263359,0.0644871,0.0782063,0.12866
8429,0.26339,0.0644833,0.0782,0.128646
8430,0.263421,0.0644795,0.0781938,0.128632
8431,0.263452,0.0644757,0.0781875,0.128619
8432,0.263484,0.064472,0.0781812,0.128605
8433,0.263515,0.0644682,0.078175,0.128591
8434,0.263546,0.0644644,0.0781687,0.128578
8435,0.263577,0.0644606,0.0781625,0.128564
8436,0.263609,0.0644568,0.0781562,0.128551
8437,0.26364,0.064453,0.07815,0.128537
8438,0.263671,0.0644493,0.0781437,0.128523
8439,0.263702,0.0644455,0.0781375,0.12851
8440,0.263734,0.0644417,0.0781312,0.128496
8441,0.263765,0.0644379,0.078125,0.128483
8442,0.263796,0.0644342,0.0781187,0.128469
8443,0.263827,0.0644304,0.0781125,0.128455
8444,0.263859,0.0644266,0.0781062,0.128442
8445,0.26389,0.0644228,0.0781,0.128428
8446,0.263921,0.064419,0.0780938,0.128415
8447,0.263952,0.0644153,0.0780875,0.128401
8448,0.263984,0.0644115,0.0780813,0.128387
8449,0.264015,0.0644077,0.0780751,0.128374
8450,0.264046,0.0644039,0.0780688,0.12836
8451,0.264077,0.0644002,0.0780626,0.128347
8452,0.264108,0.0643964,0.0780563,0.128333
8453,0.26414,0.0643926,0.0780501,0.12832
8454,0.264171,0.0643889,0.0780439,0.128306
8455,0.264202,0.0643851,0.0780377,0.128292
8456,0.264233,0.0643813,0.0780314,0.128279
8457,0.264265,0.0643775,0.0780252,0.128265
8458,0.264296,0.0643738,0.078019,0.128252
8459,0.264327,0.06437,0.0780127,0.128238
8460,0.264358,0.0643662,0.0780065,0.128225
8461,0.26439,0.0643625,0.0780003,0.128211
8462,0.264421,0.0643587,0.0779941,0.128198
8463,0.264452,0.0643549,0.0779878,0.128184
8464,0.264483,0.0643512,0.0779816,0.12817
8465,0.264515,0.0643474,0.0779754,0.128157
8466,0.264546,0.0643436,0.0779692,0.128143
8467,0.264577,0.0643398,0.077963,0.12813
8468,0.264608,0.0643361,0.0779568,0.128116
8469,0.26464,0.0643323,0.0779505,0.128103
8470,0.264671,0.0643286,0.0779443,0.128089
8471,0.264702,0.0643248,0.0779381,0.128076
8472,0.264733,0.064321,0.0779319,0.128062
8473,0.264765,0.0643173,0.0779257,0.128049
8474,0.264796,0.0643135,0.0779195,0.128035
8475,0.264827,0.0643097,0.0779133,0.128022
8476,0.264858,0.064306,0.0779071,0.128008
8477,0.26489,0.0643022,0.0779009,0.127994
8478,0.264921,0.0642984,0.0778947,0.127981
8479,0.264952,0.0642947,0.0778885,0.127967
8480,0.264983,0.0642909,0.0778822,0.127954
8481,0.265015,0.0642872,0.077876,0.12794
8482,0.265046,0.0642834,0.0778698,0.127927
8483,0.265077,0.0642796,0.0778636,0.127913
8484,0.265108,0.0642759,0.0778574,0.1279
8485,0.26514,0.0642721,0.0778513,0.127886
8486,0.265171,0.0642684,0.0778451,0.127873
8487,0.265202,0.0642646,0.0778389,0.127859
8488,0.265233,0.0642608,0.0778327,0.127846
8489,0.265265,0.0642571,0.0778265,0.127832
8490,0.265296,0.0642533,0.0778203,0.127819
8491,0.265327,0.0642496,0.0778141,0.127805
8492,0.265358,0.0642458,0.0778079,0.127792
8493,0.26539,0.0642421,0.0778017,0.127778
8494,0.265421,0.0642383,0.0777955,0.127765
8495,0.265452,0.0642346,0.0777893,0.127751
8496,0.265483,0.0642308,0.0777832,0.127738
8497,0.265515,0.0642271,0.077777,0.127724
8498,0.265546,0.0642233,0.0777708,0.127711
8499,0.265577,0.0642195,0.0777646,0.127698
8500,0.265608,0.0642158,0.0777584,0.127684
8501,0.26564,0.064212,0.0777522,0.127671
8502,0.265671,0.0642083,0.0777461,0.127657
8503,0.265702,0.0642045,0.0777399,0.127644
8504,0.265733,0.0642008,0.0777337,0.12763
8505,0.265765,0.064197,0.0777275,0.127617
8506,0.265796,0.0641933,0.0777214,0.127603
8507,0.265827,0.0641895,0.0777152,0.12759
8508,0.265858,0.0641858,0.077709,0.127576
8509,0.26589,0.064182,0.0777029,0.127563
8510,0.265921,0.0641783,0.0776967,0.127549
8511,0.265952,0.0641746,0.0776905,0.127536
8512,0.265983,0.0641708,0.0776843,0.127523
8513,0.266015,0.0641671,0.0776782,0.127509
8514,0.266046,0.0641633,0.077672,0.127496
8515,0.266077,0.0641596,0.0776659,0.127482
8516,0.266108,0.0641558,0.0776597,0.127469
8517,0.26614,0.0641521,0.0776535,0.127455
8518,0.266171,0.0641483,0.0776474,0.127442
8519,0.266202,0.0641446,0.0776412,0.127428
8520,0.266233,0.0641408,0.077635,0.127415
8521,0.266265,0.0641371,0.0776289,0.127402
8522,0.266296,0.0641334,0.0776227,0.127388
8523,0.266327,0.0641296,0.0776166,0.127375
8524,0.266358,0.0641259,0.0776104,0.127361
8525,0.26639,0.0641221,0.0776043,0.127348
8526,0.266421,0.0641184,0.0775981,0.127335
8527,0.266452,0.0641147,0.077592,0.127321
8528,0.266483,0.0641109,0.0775858,0.127308
8529,0.266515,0.0641072,0.0775797,0.127294
8530,0.266546,0.0641034,0.0775735,0.127281
8531,0.266577,0.0640997,0.0775674,0.127267
8532,0.266608,0.064096,0.0775612,0.127254
8533,0.26664,0.0640922,0.0775551,0.127241
8534,0.266671,0.0640885,0.0775489,0.127227
8535,0.266702,0.0640848,0.0775428,0.127214
8536,0.266733,0.064081,0.0775367,0.1272
8537,0.266765,0.0640773,0.0775305,0.127187
8538,0.266796,0.0640735,0.0775244,0.127174
8539,0.266827,0.0640698,0.0775182,0.12716
8540,0.266858,0.0640661,0.0775121,0.127147
8541,0.26689,0.0640623,0.077506,0.127134
8542,0.266921,0.0640586,0.0774998,0.12712
8543,0.266952,0.0640549,0.0774937,0.127107
8544,0.266983,0.0640511,0.0774876,0.127093
8545,0.267015,0.0640474,0.0774814,0.12708
8546,0.267046,0.0640437,0.0774753,0.127067
8547,0.267077,0.0640399,0.0774692,0.127053
8548,0.267108,0.0640362,0.0774631,0.12704
8549,0.26714,0.0640325,0.0774569,0.127027
8550,0.267171,0.0640288,0.0774508,0.127013
8551,0.267202,0.064025,0.0774447,0.127
8552,0.267233,0.0640213,0.0774386,0.126986
8553,0.267265,0.0640176,0.0774324,0.126973
8554,0.267296,0.0640138,0.0774263,0.12696
8555,0.267327,0.0640101,0.0774202,0.126946
8556,0.267358,0.0640064,0.0774141,0.126933
8557,0.26739,0.0640027,0.077408,0.12692
8558,0.267421,0.0639989,0.0774018,0.126906
8559,0.267452,0.0639952,0.0773957,0.126893
8560,0.267483,0.0639915,0.0773896,0.12688
8561,0.267515,0.0639878,0.0773835,0.126866
8562,0.267546,0.063984,0.0773774,0.126853
8563,0.267577,0.0639803,0.0773713,0.12684
8564,0.267608,0.0639766,0.0773652,0.126826
8565,0.26764,0.0639729,0.077359,0.126813
8566,0.267671,0.0639691,0.0773529,0.1268
8567,0.267702,0.0639654,0.0773468,0.126786
8568,0.267733,0.0639617,0.0773407,0.126773
8569,0.267765,0.063958,0.0773346,0.12676
8570,0.267796,0.0639542,0.0773285,0.126746
8571,0.267827,0.0639505,0.0773224,0.126733
8572,0.267858,0.0639468,0.0773163,0.12672
8573,0.26789,0.0639431,0.0773102,0.126706
8574,0.267921,0.0639394,0.0773041,0.126693
8575,0.267952,0.0639356,0.077298,0.12668
8576,0.267983,0.0639319,0.0772919,0.126666
8577,0.268014,0.0639282,0.0772858,0.126653
8578,0.268046,0.0639245,0.0772797,0.12664
8579,0.268077,0.0639208,0.0772736,0.126626
8580,0.268108,0.0639171,0.0772675,0.126613
8581,0.268139,0.0639133,0.0772614,0.1266
8582,0.268171,0.0639096,0.0772554,0.126587
8583,0.268202,0.0639059,0.0772493,0.126573
8584,0.268233,0.0639022,0.0772432,0.12656
8585,0.268264,0.0638985,0.0772371,0.126547
8586,0.268296,0.0638948,0.077231,0.126533
8587,0.268327,0.0638911,0.0772249,0.12652
8588,0.268358,0.0638873,0.0772188,0.126507
8589,0.268389,0.0638836,0.0772127,0.126494
8590,0.268421,0.0638799,0.0772067,0.12648
8591,0.268452,0.0638762,0.0772006,0.126467
8592,0.268483,0.0638725,0.0771945,0.126454
8593,0.268514,0.0638688,0.0771884,0.12644
8594,0.268546,0.0638651,0.0771823,0.126427
8595,0.268577,0.0638614,0.0771763,0.126414
8596,0.268608,0.0638576,0.0771702,0.126401
8597,0.268639,0.0638539,0.0771641,0.126387
8598,0.268671,0.0638502,0.077158,0.126374
8599,0.268702,0.0638465,0.077152,0.126361
8600,0.268733,0.0638428,0.0771459,0.126348
8601,0.268764,0.0638391,0.0771398,0.126334
8602,0.268796,0.0638354,0.0771338,0.126321
8603,0.268827,0.0638317,0.0771277,0.126308
8604,0.268858,0.063828,0.0771216,0.126295
8605,0.268889,0.0638243,0.0771156,0.126281
8606,0.268921,0.0638206,0.0771095,0.126268
8607,0.268952,0.0638169,0.0771034,0.126255
8608,0.268983,0.0638132,0.0770974,0.126242
8609,0.269014,0.0638095,0.0770913,0.126228
8610,0.269046,0.0638058,0.0770852,0.126215
8611,0.269077,0.0638021,0.0770792,0.126202
8612,0.269108,0.0637983,0.0770731,0.126189
8613,0.269139,0.0637946,0.0770671,0.126176
8614,0.269171,0.0637909,0.077061,0.126163
8615,0.269202,0.0637872,0.077055,0.12615
8616,0.269233,0.0637835,0.0770489,0.126137
8617,0.269264,0.0637798,0.0770428,0.126124
8618,0.269296,0.0637761,0.0770368,0.126111
8619,0.269327,0.0637724,0.0770307,0.126098
8620,0.269358,0.0637687,0.0770247,0.126085
8621,0.269389,0.063765,0.0770186,0.126072
8622,0.269421,0.0637613,0.0770126,0.126059
8623,0.269452,0.0637576,0.0770065,0.126046
8624,0.269483,0.0637539,0.0770005,0.126033
8625,0.269514,0.0637502,0.0769945,0.12602
8626,0.269546,0.0637466,0.0769884,0.126007
8627,0.269577,0.0637429,0.0769824,0.125994
8628,0.269608,0.0637392,0.0769763,0.125981
8629,0.269639,0.0637355,0.0769703,0.125968
8630,0.269671,0.0637318,0.0769642,0.125955
8631,0.269702,0.0637281,0.0769582,0.125942
8632,0.269733,0.0637244,0.0769522,0.125929
8633,0.269764,0.0637207,0.0769461,0.125916
8634,0.269796,0.063717,0.0769401,0.125903
8635,0.269827,0.0637133,0.0769341,0.12589
8636,0.269858,0.0637096,0.076928,0.125877
8637,0.269889,0.0637059,0.076922,0.125864
8638,0.269921,0.0637022,0.076916,0.125851
8639,0.269952,0.0636985,0.0769099,0.125838
8640,0.269983,0.0636948,0.0769039,0.125825
8641,0.270014,0.0636911,0.0768979,0.125812
8642,0.270046,0.0636875,0.0768919,0.125799
8643,0.270077,0.0636838,0.0768858,0.125786
8644,0.270108,0.0636801,0.0768798,0.125773
8645,0.270139,0.0636764,0.0768738,0.12576
8646,0.270171,0.0636727,0.0768678,0.125747
8647,0.270202,0.063669,0.0768617,0.125735
8648,0.270233,0.0636653,0.0768557,0.125722
8649,0.270264,0.0636616,0.0768497,0.125709
8650,0.270296,0.0636579,0.0768437,0.125696
8651,0.270327,0.0636543,0.0768377,0.125683
8652,0.270358,0.0636506,0.0768316,0.12567
8653,0.270389,0.0636469,0.0768256,0.125657
8654,0.270421,0.0636432,0.0768196,0.125644
8655,0.270452,0.0636395,0.0768136,0.125631
8656,0.270483,0.0636358,0.0768076,0.125618
8657,0.270514,0.0636322,0.0768016,0.125605
8658,0.270546,0.0636285,0.0767956,0.125592
8659,0.270577,0.0636248,0.0767896,0.125579
8660,0.270608,0.0636211,0.0767835,0.125566
8661,0.270639,0.0636174,0.0767775,0.125553
8662,0.270671,0.0636137,0.0767715,0.12554
8663,0.270702,0.0636101,0.0767655,0.125528
8664,0.270733,0.0636064,0.0767595,0.125515
8665,0.270764,0.0636027,0.0767535,0.125502
8666,0.270796,0.063599,0.0767475,0.125489
8667,0.270827,0.0635953,0.0767415,0.125476
8668,0.270858,0.0635917,0.0767355,0.125463
8669,0.270889,0.063588,0.0767295,0.12545
8670,0.270921,0.0635843,0.0767235,0.125437
8671,0.270952,0.0635806,0.0767175,0.125424
8672,0.270983,0.0635769,0.0767115,0.125411
8673,0.271014,0.0635733,0.0767055,0.125398
8674,0.271046,0.0635696,0.0766995,0.125386
8675,0.271077,0.0635659,0.0766936,0.125373
8676,0.271108,0.0635622,0.0766876,0.12536
8677,0.271139,0.0635586,0.0766816,0.125347
8678,0.271171,0.0635549,0.0766756,0.125334
8679,0.271202,0.0635512,0.0766696,0.125321
8680,0.271233,0.0635475,0.0766636,0.125308
8681,0.271264,0.0635439,0.0766576,0.125295
8682,0.271296,0.0635402,0.0766516,0.125282
8683,0.271327,0.0635365,0.0766457,0.12527
8684,0.271358,0.0635328,0.0766397,0.125257
8685,0.271389,0.0635292,0.0766337,0.125244
8686,0.271421,0.0635255,0.0766277,0.125231
8687,0.271452,0.0635218,0.0766217,0.125218
8688,0.271483,0.0635182,0.0766158,0.125205
8689,0.271514,0.0635145,0.0766098,0.125192
8690,0.271546,0.0635108,0.0766038,0.125179
8691,0.271577,0.0635072,0.0765978,0.125167
8692,0.271608,0.0635035,0.0765918,0.125154
8693,0.271639,0.0634998,0.0765859,0.125141
8694,0.271671,0.0634961,0.0765799,0.125128
8695,0.271702,0.0634925,0.0765739,0.125115
8696,0.271733,0.0634888,0.076568,0.125102
8697,0.271764,0.0634851,0.076562,0.125089
8698,0.271796,0.0634815,0.076556,0.125077
8699,0.271827,0.0634778,0.0765501,0.125064
8700,0.271858,0.0634741,0.0765441,0.125051
8701,0.271889,0.0634705,0.0765381,0.125038
8702,0.271921,0.0634668,0.0765322,0.125025
8703,0.271952,0.0634632,0.0765262,0.125012
8704,0.271983,0.0634595,0.0765202,0.124999
8705,0.272014,0.0634558,0.0765143,0.124987
8706,0.272045,0.0634522,0.0765083,0.124974
8707,0.272077,0.0634485,0.0765024,0.124961
8708,0.272108,0.0634448,0.0764964,0.124948
8709,0.272139,0.0634412,0.0764904,0.124935
8710,0.27217,0.0634375,0.0764845,0.124922
8711,0.272202,0.0634338,0.0764785,0.12491
8712,0.272233,0.0634302,0.0764726,0.124897
8713,0.272264,0.0634265,0.0764666,0.124884
8714,0.272295,0.0634229,0.0764607,0.124871
8715,0.272327,0.0634192,0.0764547,0.124858
8716,0.272358,0.0634156,0.0764488,0.124846
8717,0.272389,0.0634119,0.0764428,0.124833
8718,0.27242,0.0634082,0.0764369,0.12482
8719,0.272452,0.0634046,0.0764309,0.124807
8720,0.272483,0.0634009,0.076425,0.124794
8721,0.272514,0.0633973,0.076419,0.124781
8722,0.272545,0.0633936,0.0764131,0.124769
8723,0.272577,0.0633899,0.0764072,0.124756
8724,0.272608,0.0633863,0.0764012,0.124743
8725,0.272639,0.0633826,0.0763953,0.12473
8726,0.27267,0.063379,0.0763893,0.124717
8727,0.272702,0.0633753,0.0763834,0.124705
8728,0.272733,0.0633717,0.0763775,0.124692
8729,0.272764,0.063368,0.0763715,0.124679
8730,0.272795,0.0633644,0.0763656,0.124666
8731,0.272827,0.0633607,0.0763597,0.124653
8732,0.272858,0.0633571,0.0763537,0.124641
8733,0.272889,0.0633534,0.0763478,0.124628
8734,0.27292,0.0633498,0.0763419,0.124615
8735,0.272952,0.0633461,0.0763359,0.124602
8736,0.272983,0.0633425,0.07633,0.12459
8737,0.273014,0.0633388,0.0763241,0.124577
8738,0.273045,0.0633352,0.0763181,0.124564
8739,0.273077,0.0633315,0.0763122,0.124551
8740,0.273108,0.0633279,0.0763063,0.124538
8741,0.273139,0.0633242,0.0763004,0.124526
8742,0.27317,0.0633206,0.0762944,0.124513
8743,0.273202,0.0633169,0.0762885,0.1245
8744,0.273233,0.0633133,0.0762826,0.124487
8745,0.273264,0.0633096,0.0762767,0.124475
8746,0.273295,0.063306,0.0762708,0.124462
8747,0.273327,0.0633023,0.0762649,0.124449
8748,0.273358,0.0632987,0.0762589,0.124436
8749,0.273389,0.063295,0.076253,0.124424
8750,0.27342,0.0632914,0.0762471,0.124411
8751,0.273452,0.0632877,0.0762412,0.124398
8752,0.273483,0.0632841,0.0762353,0.124385
8753,0.273514,0.0632805,0.0762294,0.124373
8754,0.273545,0.0632768,0.0762235,0.12436
8755,0.273577,0.0632732,0.0762175,0.124347
8756,0.273608,0.0632695,0.0762116,0.124334
8757,0.273639,0.0632659,0.0762057,0.124322
8758,0.27367,0.0632622,0.0761998,0.124309
8759,0.273702,0.0632586,0.0761939,0.124296
8760,0.273733,0.063255,0.076188,0.124283
8761,0.273764,0.0632513,0.0761821,0.124271
8762,0.273795,0.0632477,0.0761762,0.124258
8763,0.273827,0.063244,0.0761703,0.124245
8764,0.273858,0.0632404,0.0761644,0.124233
8765,0.273889,0.0632368,0.0761585,0.12422
8766,0.27392,0.0632331,0.0761526,0.124207
8767,0.273952,0.0632295,0.0761467,0.124194
8768,0.273983,0.0632258,0.0761408,0.124182
8769,0.274014,0.0632222,0.0761349,0.124169
8770,0.274045,0.0632186,0.076129,0.124156
8771,0.274077,0.0632149,0.0761231,0.124144
8772,0.274108,0.0632113,0.0761172,0.124131
8773,0.274139,0.0632077,0.0761114,0.124118
8774,0.27417,0.063204,0.0761055,0.124105
8775,0.274202,0.0632004,0.0760996,0.124093
8776,0.274233,0.0631968,0.0760937,0.12408
8777,0.274264,0.0631931,0.0760878,0.124067
8778,0.274295,0.0631895,0.0760819,0.124055
8779,0.274327,0.0631859,0.076076,0.124042
8780,0.274358,0.0631822,0.0760701,0.124029
8781,0.274389,0.0631786,0.0760643,0.124017
8782,0.27442,0.063175,0.0760584,0.124004
8783,0.274452,0.0631713,0.0760525,0.123991
8784,0.274483,0.0631677,0.0760466,0.123979
8785,0.274514,0.0631641,0.0760407,0.123966
8786,0.274545,0.0631604,0.0760349,0.123953
8787,0.274577,0.0631568,0.076029,0.12394
8788,0.274608,0.0631532,0.0760231,0.123928
8789,0.274639,0.0631496,0.0760172,0.123915
8790,0.27467,0.0631459,0.0760114,0.123902
8791,0.274702,0.0631423,0.0760055,0.12389
8792,0.274733,0.0631387,0.0759996,0.123877
8793,0.274764,0.063135,0.0759937,0.123864
8794,0.274795,0.0631314,0.0759879,0.123852
8795,0.274827,0.0631278,0.075982,0.123839
8796,0.274858,0.0631242,0.0759761,0.123826
8797,0.274889,0.0631205,0.0759703,0.123814
8798,0.27492,0.0631169,0.0759644,0.123801
8799,0.274952,0.0631133,0.0759585,0.123788
8800,0.274983,0.0631097,0.0759527,0.123776
8801,0.275014,0.063106,0.0759468,0.123763
8802,0.275045,0.0631024,0.075941,0.123751
8803,0.275077,0.0630988,0.0759351,0.123738
8804,0.275108,0.0630952,0.0759292,0.123725
8805,0.275139,0.0630915,0.0759234,0.123713
8806,0.27517,0.0630879,0.0759175,0.1237
8807,0.275202,0.0630843,0.0759117,0.123687
8808,0.275233,0.0630807,0.0759058,0.123675
8809,0.275264,0.0630771,0.0759,0.123662
8810,0.275295,0.0630734,0.0758941,0.123649
8811,0.275327,0.0630698,0.0758882,0.123637
8812,0.275358,0.0630662,0.0758824,0.123624
8813,0.275389,0.0630626,0.0758765,0.123612
8814,0.27542,0.063059,0.0758707,0.123599
8815,0.275452,0.0630553,0.0758648,0.123586
8816,0.275483,0.0630517,0.075859,0.123574
8817,0.275514,0.0630481,0.0758532,0.123561
8818,0.275545,0.0630445,0.0758473,0.123548
8819,0.275577,0.0630409,0.0758415,0.123536
8820,0.275608,0.0630373,0.0758356,0.123523
8821,0.275639,0.0630336,0.0758298,0.123511
8822,0.27567,0.06303,0.0758239,0.123498
8823,0.275702,0.0630264,0.0758181,0.123485
8824,0.275733,0.0630228,0.0758123,0.123473
8825,0.275764,0.0630192,0.0758064,0.12346
8826,0.275795,0.0630156,0.0758006,0.123448
8827,0.275827,0.063012,0.0757947,0.123435
8828,0.275858,0.0630083,0.0757889,0.123422
8829,0.275889,0.0630047,0.0757831,0.12341
8830,0.27592,0.0630011,0.0757772,0.123397
8831,0.275952,0.0629975,0.0757714,0.123385
8832,0.275983,0.0629939,0.0757656,0.123372
8833,0.276014,0.0629903,0.0757597,0.123359
8834,0.276045,0.0629867,0.0757539,0.123347
8835,0.276076,0.0629831,0.0757481,0.123334
8836,0.276108,0.0629794,0.0757423,0.123322
8837,0.276139,0.0629758,0.0757364,0.123309
8838,0.27617,0.0629722,0.0757306,0.123296
8839,0.276201,0.0629686,0.0757248,0.123284
8840,0.276233,0.062965,0.075719,0.123271
8841,0.276264,0.0629614,0.0757131,0.123259
8842,0.276295,0.0629578,0.0757073,0.123246
8843,0.276326,0.0629542,0.0757015,0.123234
8844,0.276358,0.0629506,0.0756957,0.123221
8845,0.276389,0.062947,0.0756899,0.123208
8846,0.27642,0.0629434,0.075684,0.123196
8847,0.276451,0.0629398,0.0756782,0.123183
8848,0.276483,0.0629362,0.0756724,0.123171
8849,0.276514,0.0629326,0.0756666,0.123158
8850,0.276545,0.0629289,0.0756608,0.123146
8851,0.276576,0.0629253,0.075655,0.123133
8852,0.276608,0.0629217,0.0756492,0.123121
8853,0.276639,0.0629181,0.0756433,0.123108
8854,0.27667,0.0629145,0.0756375,0.123095
8855,0.276701,0.0629109,0.0756317,0.123083
8856,0.276733,0.0629073,0.0756259,0.12307
8857,0.276764,0.0629037,0.0756201,0.123058
8858,0.276795,0.0629001,0.0756143,0.123045
8859,0.276826,0.0628965,0.0756085,0.123033
8860,0.276858,0.0628929,0.0756027,0.12302
8861,0.276889,0.0628893,0.0755969,0.123008
8862,0.27692,0.0628857,0.0755911,0.122995
8863,0.276951,0.0628821,0.0755853,0.122983
8864,0.276983,0.0628785,0.0755795,0.12297
8865,0.277014,0.0628749,0.0755737,0.122958
8866,0.277045,0.0628713,0.0755679,0.122945
8867,0.277076,0.0628677,0.0755621,0.122932
8868,0.277108,0.0628641,0.0755563,0.12292
8869,0.277139,0.0628605,0.0755505,0.122907
8870,0.27717,0.0628569,0.0755447,0.122895
8871,0.277201,0.0628533,0.0755389,0.122882
8872,0.277233,0.0628498,0.0755331,0.12287
8873,0.277264,0.0628462,0.0755273,0.122857
8874,0.277295,0.0628426,0.0755215,0.122845
8875,0.277326,0.062839,0.0755158,0.122832
8876,0.277358,0.0628354,0.07551,0.12282
8877,0.277389,0.0628318,0.0755042,0.122807
8878,0.27742,0.0628282,0.0754984,0.122795
8879,0.277451,0.0628246,0.0754926,0.122782
8880,0.277483,0.062821,0.0754868,0.12277
8881,0.277514,0.0628174,0.075481,0.122757
8882,0.277545,0.0628138,0.0754753,0.122745
8883,0.277576,0.0628102,0.0754695,0.122732
8884,0.277608,0.0628066,0.0754637,0.12272
8885,0.277639,0.062803,0.0754579,0.122707
8886,0.27767,0.0627995,0.0754521,0.122695
8887,0.277701,0.0627959,0.0754464,0.122682
8888,0.277733,0.0627923,0.0754406,0.12267
8889,0.277764,0.0627887,0.0754348,0.122657
8890,0.277795,0.0627851,0.075429,0.122645
8891,0.277826,0.0627815,0.0754233,0.122632
8892,0.277858,0.0627779,0.0754175,0.12262
8893,0.277889,0.0627743,0.0754117,0.122608
8894,0.27792,0.0627708,0.075406,0.122595
8895,0.277951,0.0627672,0.0754002,0.122583
8896,0.277983,0.0627636,0.0753944,0.12257
8897,0.278014,0.06276,0.0753887,0.122558
8898,0.278045,0.0627564,0.0753829,0.122545
8899,0.278076,0.0627528,0.0753771,0.122533
8900,0.278108,0.0627492,0.0753714,0.12252
8901,0.278139,0.0627457,0.0753656,0.122508
8902,0.27817,0.0627421,0.0753598,0.122495
8903,0.278201,0.0627385,0.0753541,0.122483
8904,0.278233,0.0627349,0.0753483,0.12247
8905,0.278264,0.0627313,0.0753426,0.122458
8906,0.278295,0.0627277,0.0753368,0.122446
8907,0.278326,0.0627242,0.075331,0.122433
8908,0.278358,0.0627206,0.0753253,0.122421
8909,0.278389,0.062717,0.0753195,0.122408
8910,0.27842,0.0627134,0.0753138,0.122396
8911,0.278451,0.0627098,0.075308,0.122383
8912,0.278483,0.0627063,0.0753023,0.122371
8913,0.278514,0.0627027,0.0752965,0.122358
8914,0.278545,0.0626991,0.0752908,0.122346
8915,0.278576,0.0626955,0.075285,0.122334
8916,0.278608,0.0626919,0.0752793,0.122321
8917,0.278639,0.0626884,0.0752735,0.122309
8918,0.27867,0.0626848,0.0752678,0.122296
8919,0.278701,0.0626812,0.075262,0.122284
8920,0.278733,0.0626776,0.0752563,0.122271
8921,0.278764,0.0626741,0.0752505,0.122259
8922,0.278795,0.0626705,0.0752448,0.122247
8923,0.278826,0.0626669,0.075239,0.122234
8924,0.278858,0.0626633,0.0752333,0.122222
8925,0.278889,0.0626598,0.0752276,0.12221
8926,0.27892,0.0626562,0.0752218,0.122198
8927,0.278951,0.0626526,0.0752161,0.122186
8928,0.278983,0.062649,0.0752104,0.122173
8929,0.279014,0.0626455,0.0752046,0.122161
8930,0.279045,0.0626419,0.0751989,0.122149
8931,0.279076,0.0626383,0.0751931,0.122137
8932,0.279108,0.0626347,0.0751874,0.122124
8933,0.279139,0.0626312,0.0751817,0.122112
8934,0.27917,0.0626276,0.075176,0.1221
8935,0.279201,0.062624,0.0751702,0.122088
8936,0.279233,0.0626205,0.0751645,0.122076
8937,0.279264,0.0626169,0.0751588,0.122063
8938,0.279295,0.0626133,0.075153,0.122051
8939,0.279326,0.0626097,0.0751473,0.122039
8940,0.279358,0.0626062,0.0751416,0.122027
8941,0.279389,0.0626026,0.0751359,0.122015
8942,0.27942,0.062599,0.0751301,0.122003
8943,0.279451,0.0625955,0.0751244,0.12199
8944,0.279483,0.0625919,0.0751187,0.121978
8945,0.279514,0.0625883,0.075113,0.121966
8946,0.279545,0.0625848,0.0751073,0.121954
8947,0.279576,0.0625812,0.0751015,0.121942
8948,0.279608,0.0625776,0.0750958,0.121929
8949,0.279639,0.0625741,0.0750901,0.121917
8950,0.27967,0.0625705,0.0750844,0.121905
8951,0.279701,0.0625669,0.0750787,0.121893
8952,0.279733,0.0625634,0.075073,0.121881
8953,0.279764,0.0625598,0.0750672,0.121869
8954,0.279795,0.0625563,0.0750615,0.121856
8955,0.279826,0.0625527,0.0750558,0.121844
8956,0.279858,0.0625491,0.0750501,0.121832
8957,0.279889,0.0625456,0.0750444,0.12182
8958,0.27992,0.062542,0.0750387,0.121808
8959,0.279951,0.0625384,0.075033,0.121796
8960,0.279983,0.0625349,0.0750273,0.121783
8961,0.280014,0.0625313,0.0750216,0.121771
8962,0.280045,0.0625278,0.0750159,0.121759
8963,0.280076,0.0625242,0.0750102,0.121747
8964,0.280107,0.0625206,0.0750045,0.121735
8965,0.280139,0.0625171,0.0749988,0.121723
8966,0.28017,0.0625135,0.0749931,0.121711
8967,0.280201,0.06251,0.0749874,0.121698
8968,0.280232,0.0625064,0.0749817,0.121686
8969,0.280264,0.0625028,0.074976,0.121674
8970,0.280295,0.0624993,0.0749703,0.121662
8971,0.280326,0.0624957,0.0749646,0.12165
8972,0.280357,0.0624922,0.0749589,0.121638
8973,0.280389,0.0624886,0.0749532,0.121626
8974,0.28042,0.0624851,0.0749475,0.121614
8975,0.280451,0.0624815,0.0749418,0.121601
8976,0.280482,0.062478,0.0749361,0.121589
8977,0.280514,0.0624744,0.0749304,0.121577
8978,0.280545,0.0624708,0.0749247,0.121565
8979,0.280576,0.0624673,0.0749191,0.121553
8980,0.280607,0.0624637,0.0749134,0.121541
8981,0.280639,0.0624602,0.0749077,0.121529
8982,0.28067,0.0624566,0.074902,0.121517
8983,0.280701,0.0624531,0.0748963,0.121504
8984,0.280732,0.0624495,0.0748906,0.121492
8985,0.280764,0.062446,0.0748849,0.12148
8986,0.280795,0.0624424,0.0748793,0.121468
8987,0.280826,0.0624389,0.0748736,0.121456
8988,0.280857,0.0624353,0.0748679,0.121444
8989,0.280889,0.0624318,0.0748622,0.121432
8990,0.28092,0.0624282,0.0748565,0.12142
8991,0.280951,0.0624247,0.0748509,0.121408
8992,0.280982,0.0624211,0.0748452,0.121395
8993,0.281014,0.0624176,0.0748395,0.121383
8994,0.281045,0.062414,0.0748338,0.121371
8995,0.281076,0.0624105,0.0748282,0.121359
8996,0.281107,0.0624069,0.0748225,0.121347
8997,0.281139,0.0624034,0.0748168,0.121335
8998,0.28117,0.0623998,0.0748112,0.121323
8999,0.281201,0.0623963,0.0748055,0.121311
9000,0.281232,0.0623928,0.0747998,0.121299
9001,0.281264,0.0623892,0.0747942,0.121287
9002,0.281295,0.0623857,0.0747885,0.121275
9003,0.281326,0.0623821,0.0747828,0.121263
9004,0.281357,0.0623786,0.0747772,0.12125
9005,0.281389,0.062375,0.0747715,0.121238
9006,0.28142,0.0623715,0.0747658,0.121226
9007,0.281451,0.0623679,0.0747602,0.121214
9008,0.281482,0.0623644,0.0747545,0.121202
9009,0.281514,0.0623609,0.0747489,0.12119
9010,0.281545,0.0623573,0.0747432,0.121178
9011,0.281576,0.0623538,0.0747375,0.121166
9012,0.281607,0.0623502,0.0747319,0.121154
9013,0.281639,0.0623467,0.0747262,0.121142
9014,0.28167,0.0623432,0.0747206,0.12113
9015,0.281701,0.0623396,0.0747149,0.121118
9016,0.281732,0.0623361,0.0747093,0.121106
9017,0.281764,0.0623325,0.0747036,0.121094
9018,0.281795,0.062329,0.074698,0.121082
9019,0.281826,0.0623255,0.0746923,0.12107
9020,0.281857,0.0623219,0.0746867,0.121058
9021,0.281889,0.0623184,0.074681,0.121045
9022,0.28192,0.0623148,0.0746754,0.121033
9023,0.281951,0.0623113,0.0746697,0.121021
9024,0.281982,0.0623078,0.0746641,0.121009
9025,0.282014,0.0623042,0.0746584,0.120997
9026,0.282045,0.0623007,0.0746528,0.120985
9027,0.282076,0.0622972,0.0746472,0.120973
9028,0.282107,0.0622936,0.0746415,0.120961
9029,0.282139,0.0622901,0.0746359,0.120949
9030,0.28217,0.0622866,0.0746302,0.120937
9031,0.282201,0.062283,0.0746246,0.120925
9032,0.282232,0.0622795,0.074619,0.120913
9033,0.282264,0.062276,0.0746133,0.120901
9034,0.282295,0.0622724,0.0746077,0.120889
9035,0.282326,0.0622689,0.0746021,0.120877
9036,0.282357,0.0622654,0.0745964,0.120865
9037,0.282389,0.0622618,0.0745908,0.120853
9038,0.28242,0.0622583,0.0745852,0.120841
9039,0.282451,0.0622548,0.0745795,0.120829
9040,0.282482,0.0622512,0.0745739,0.120817
9041,0.282514,0.0622477,0.0745683,0.120805
9042,0.282545,0.0622442,0.0745626,0.120793
9043,0.282576,0.0622406,0.074557,0.120781
9044,0.282607,0.0622371,0.0745514,0.120769
9045,0.282639,0.0622336,0.0745458,0.120757
9046,0.28267,0.0622301,0.0745401,0.120745
9047,0.282701,0.0622265,0.0745345,0.120733
9048,0.282732,0.062223,0.0745289,0.120721
9049,0.282764,0.0622195,0.0745233,0.120709
9050,0.282795,0.062216,0.0745176,0.120697
9051,0.282826,0.0622124,0.074512,0.120685
9052,0.282857,0.0622089,0.0745064,0.120673
9053,0.282889,0.0622054,0.0745008,0.120661
9054,0.28292,0.0622019,0.0744952,0.120649
9055,0.282951,0.0621983,0.0744896,0.120637
9056,0.282982,0.0621948,0.0744839,0.120625
9057,0.283014,0.0621913,0.0744783,0.120613
9058,0.283045,0.0621878,0.0744727,0.120601
9059,0.283076,0.0621842,0.0744671,0.120589
9060,0.283107,0.0621807,0.0744615,0.120577
9061,0.283139,0.0621772,0.0744559,0.120565
9062,0.28317,0.0621737,0.0744503,0.120553
9063,0.283201,0.0621701,0.0744447,0.120541
9064,0.283232,0.0621666,0.0744391,0.120529
9065,0.283264,0.0621631,0.0744335,0.120517
9066,0.283295,0.0621596,0.0744278,0.120505
9067,0.283326,0.0621561,0.0744222,0.120493
9068,0.283357,0.0621525,0.0744166,0.120481
9069,0.283389,0.062149,0.074411,0.120469
9070,0.28342,0.0621455,0.0744054,0.120457
9071,0.283451,0.062142,0.0743998,0.120446
9072,0.283482,0.0621385,0.0743942,0.120434
9073,0.283514,0.0621349,0.0743886,0.120422
9074,0.283545,0.0621314,0.074383,0.12041
9075,0.283576,0.0621279,0.0743774,0.120398
9076,0.283607,0.0621244,0.0743718,0.120386
9077,0.283639,0.0621209,0.0743662,0.120374
9078,0.28367,0.0621174,0.0743607,0.120362
9079,0.283701,0.0621138,0.0743551,0.12035
9080,0.283732,0.0621103,0.0743495,0.120338
9081,0.283764,0.0621068,0.0743439,0.120326
9082,0.283795,0.0621033,0.0743383,0.120314
9083,0.283826,0.0620998,0.0743327,0.120302
9084,0.283857,0.0620963,0.0743271,0.12029
9085,0.283889,0.0620928,0.0743215,0.120278
9086,0.28392,0.0620892,0.0743159,0.120266
9087,0.283951,0.0620857,0.0743103,0.120255
9088,0.283982,0.0620822,0.0743048,0.120243
9089,0.284013,0.0620787,0.0742992,0.120231
9090,0.284045,0.0620752,0.0742936,0.120219
9091,0.284076,0.0620717,0.074288,0.120207
9092,0.284107,0.0620682,0.0742824,0.120195
9093,0.284138,0.0620647,0.0742768,0.120183
9094,0.28417,0.0620612,0.0742713,0.120171
9095,0.284201,0.0620576,0.0742657,0.120159
9096,0.284232,0.0620541,0.0742601,0.120147
9097,0.284263,0.0620506,0.0742545,0.120135
9098,0.284295,0.0620471,0.074249,0.120123
9099,0.284326,0.0620436,0.0742434,0.120112
9100,0.284357,0.0620401,0.0742378,0.1201
9101,0.284388,0.0620366,0.0742322,0.120088
9102,0.28442,0.0620331,0.0742267,0.120076
9103,0.284451,0.0620296,0.0742211,0.120064
9104,0.284482,0.0620261,0.0742155,0.120052
9105,0.284513,0.0620226,0.07421,0.12004
9106,0.284545,0.0620191,0.0742044,0.120028
9107,0.284576,0.0620156,0.0741988,0.120016
9108,0.284607,0.062012,0.0741932,0.120004
9109,0.284638,0.0620085,0.0741877,0.119993
9110,0.28467,0.062005,0.0741821,0.119981
9111,0.284701,0.0620015,0.0741766,0.119969
9112,0.284732,0.061998,0.074171,0.119957
9113,0.284763,0.0619945,0.0741654,0.119945
9114,0.284795,0.061991,0.0741599,0.119933
9115,0.284826,0.0619875,0.0741543,0.119921
9116,0.284857,0.061984,0.0741487,0.119909
9117,0.284888,0.0619805,0.0741432,0.119898
9118,0.28492,0.061977,0.0741376,0.119886
9119,0.284951,0.0619735,0.0741321,0.119874
9120,0.284982,0.06197,0.0741265,0.119862
9121,0.285013,0.0619665,0.074121,0.11985
9122,0.285045,0.061963,0.0741154,0.119838
9123,0.285076,0.0619595,0.0741099,0.119826
9124,0.285107,0.061956,0.0741043,0.119814
9125,0.285138,0.0619525,0.0740988,0.119803
9126,0.28517,0.061949,0.0740932,0.119791
9127,0.285201,0.0619455,0.0740877,0.119779
9128,0.285232,0.061942,0.0740821,0.119767
9129,0.285263,0.0619385,0.0740766,0.119755
9130,0.285295,0.061935,0.074071,0.119743
9131,0.285326,0.0619315,0.0740655,0.119731
9132,0.285357,0.061928,0.0740599,0.11972
9133,0.285388,0.0619245,0.0740544,0.119708
9134,0.28542,0.061921,0.0740488,0.119696
9135,0.285451,0.0619176,0.0740433,0.119684
9136,0.285482,0.0619141,0.0740378,0.119672
9137,0.285513,0.0619106,0.0740322,0.11966
9138,0.285545,0.0619071,0.0740267,0.119649
9139,0.285576,0.0619036,0.0740211,0.119637
9140,0.285607,0.0619001,0.0740156,0.119625
9141,0.285638,0.0618966,0.0740101,0.119613
9142,0.28567,0.0618931,0.0740045,0.119601
9143,0.285701,0.0618896,0.073999,0.119589
9144,0.285732,0.0618861,0.0739935,0.119578
9145,0.285763,0.0618826,0.0739879,0.119566
9146,0.285795,0.0618791,0.0739824,0.119554
9147,0.285826,0.0618756,0.0739769,0.119542
9148,0.285857,0.0618722,0.0739713,0.11953
9149,0.285888,0.0618687,0.0739658,0.119519
9150,0.28592,0.0618652,0.0739603,0.119507
9151,0.285951,0.0618617,0.0739548,0.119495
9152,0.285982,0.0618582,0.0739492,0.119483
9153,0.286013,0.0618547,0.0739437,0.119471
9154,0.286045,0.0618512,0.0739382,0.119459
9155,0.286076,0.0618477,0.0739327,0.119448
9156,0.286107,0.0618442,0.0739271,0.119436
9157,0.286138,0.0618408,0.0739216,0.119424
9158,0.28617,0.0618373,0.0739161,0.119412
9159,0.286201,0.0618338,0.0739106,0.1194
9160,0.286232,0.0618303,0.073905,0.119389
9161,0.286263,0.0618268,0.0738995,0.119377
9162,0.286295,0.0618233,0.073894,0.119365
9163,0.286326,0.0618198,0.0738885,0.119353
9164,0.286357,0.0618164,0.073883,0.119341
9165,0.286388,0.0618129,0.0738775,0.11933
9166,0.28642,0.0618094,0.073872,0.119318
9167,0.286451,0.0618059,0.0738664,0.119306
9168,0.286482,0.0618024,0.0738609,0.119294
9169,0.286513,0.0617989,0.0738554,0.119283
9170,0.286545,0.0617955,0.0738499,0.119271
9171,0.286576,0.061792,0.0738444,0.119259
9172,0.286607,0.0617885,0.0738389,0.119247
9173,0.286638,0.061785,0.0738334,0.119235
9174,0.28667,0.0617815,0.0738279,0.119224
9175,0.286701,0.0617781,0.0738224,0.119212
9176,0.286732,0.0617746,0.0738169,0.1192
9177,0.286763,0.0617711,0.0738114,0.119188
9178,0.286795,0.0617676,0.0738059,0.119177
9179,0.286826,0.0617641,0.0738004,0.119165
9180,0.286857,0.0617607,0.0737949,0.119153
9181,0.286888,0.0617572,0.0737894,0.119141
9182,0.28692,0.0617537,0.0737839,0.11913
9183,0.286951,0.0617502,0.0737784,0.119118
9184,0.286982,0.0617467,0.0737729,0.119106
9185,0.287013,0.0617433,0.0737674,0.119094
9186,0.287045,0.0617398,0.0737619,0.119082
9187,0.287076,0.0617363,0.0737564,0.119071
9188,0.287107,0.0617328,0.0737509,0.119059
9189,0.287138,0.0617294,0.0737454,0.119047
9190,0.28717,0.0617259,0.0737399,0.119036
9191,0.287201,0.0617224,0.0737344,0.119024
9192,0.287232,0.0617189,0.0737289,0.119012
9193,0.287263,0.0617155,0.0737234,0.119
9194,0.287295,0.061712,0.0737179,0.118989
9195,0.287326,0.0617085,0.0737124,0.118977
9196,0.287357,0.061705,0.073707,0.118965
9197,0.287388,0.0617016,0.0737015,0.118953
9198,0.28742,0.0616981,0.073696,0.118942
9199,0.287451,0.0616946,0.0736905,0.11893
9200,0.287482,0.0616912,0.073685,0.118918
9201,0.287513,0.0616877,0.0736795,0.118906
9202,0.287545,0.0616842,0.0736741,0.118895
9203,0.287576,0.0616807,0.0736686,0.118883
9204,0.287607,0.0616773,0.0736631,0.118871
9205,0.287638,0.0616738,0.0736576,0.11886
9206,0.28767,0.0616703,0.0736521,0.118848
9207,0.287701,0.0616669,0.0736467,0.118836
9208,0.287732,0.0616634,0.0736412,0.118824
9209,0.287763,0.0616599,0.0736357,0.118813
9210,0.287795,0.0616565,0.0736302,0.118801
9211,0.287826,0.061653,0.0736248,0.118789
9212,0.287857,0.0616495,0.0736193,0.118778
9213,0.287888,0.0616461,0.0736138,0.118766
9214,0.28792,0.0616426,0.0736084,0.118754
9215,0.287951,0.0616391,0.0736029,0.118742
9216,0.287982,0.0616357,0.0735974,0.118731
9217,0.288013,0.0616322,0.0735919,0.118719
9218,0.288044,0.0616287,0.0735865,0.118707
9219,0.288076,0.0616253,0.073581,0.118696
9220,0.288107,0.0616218,0.0735755,0.118684
9221,0.288138,0.0616183,0.0735701,0.118672
9222,0.288169,0.0616149,0.0735646,0.118661
9223,0.288201,0.0616114,0.0735592,0.118649
9224,0.288232,0.061608,0.0735537,0.118637
9225,0.288263,0.0616045,0.0735482,0.118626
9226,0.288294,0.061601,0.0735428,0.118614
9227,0.288326,0.0615976,0.0735373,0.118602
9228,0.288357,0.0615941,0.0735319,0.11859
9229,0.288388,0.0615906,0.0735264,0.118579
9230,0.288419,0.0615872,0.0735209,0.118567
9231,0.288451,0.0615837,0.0735155,0.118555
9232,0.288482,0.0615803,0.07351,0.118544
9233,0.288513,0.0615768,0.0735046,0.118532
9234,0.288544,0.0615733,0.0734991,0.11852
9235,0.288576,0.0615699,0.0734937,0.118509
9236,0.288607,0.0615664,0.0734882,0.118497
9237,0.288638,0.061563,0.0734828,0.118485
9238,0.288669,0.0615595,0.0734773,0.118474
9239,0.288701,0.0615561,0.0734719,0.118462
9240,0.288732,0.0615526,0.0734664,0.11845
9241,0.288763,0.0615491,0.073461,0.118439
9242,0.288794,0.0615457,0.0734555,0.118428
9243,0.288826,0.0615422,0.0734501,0.118416
9244,0.288857,0.0615388,0.0734447,0.118405
9245,0.288888,0.0615353,0.0734392,0.118393
9246,0.288919,0.0615319,0.0734338,0.118382
9247,0.288951,0.0615284,0.0734283,0.11837
9248,0.288982,0.061525,0.0734229,0.118359
9249,0.289013,0.0615215,0.0734174,0.118347
9250,0.289044,0.0615181,0.073412,0.118336
9251,0.289076,0.0615146,0.0734066,0.118324
9252,0.289107,0.0615111,0.0734011,0.118313
9253,0.289138,0.0615077,0.0733957,0.118301
9254,0.289169,0.0615042,0.0733903,0.11829
9255,0.289201,0.0615008,0.0733848,0.118279
9256,0.289232,0.0614973,0.0733794,0.118267
9257,0.289263,0.0614939,0.073374,0.118256
9258,0.289294,0.0614904,0.0733685,0.118244
9259,0.289326,0.061487,0.0733631,0.118233
9260,0.289357,0.0614835,0.0733577,0.118221
9261,0.289388,0.0614801,0.0733522,0.11821
9262,0.289419,0.0614766,0.0733468,0.118198
9263,0.289451,0.0614732,0.0733414,0.118187
9264,0.289482,0.0614697,0.073336,0.118176
9265,0.289513,0.0614663,0.0733305,0.118164
9266,0.289544,0.0614628,0.0733251,0.118153
9267,0.289576,0.0614594,0.0733197,0.118141
9268,0.289607,0.061456,0.0733143,0.11813
9269,0.289638,0.0614525,0.0733088,0.118118
9270,0.289669,0.0614491,0.0733034,0.118107
9271,0.289701,0.0614456,0.073298,0.118095
9272,0.289732,0.0614422,0.0732926,0.118084
9273,0.289763,0.0614387,0.0732872,0.118073
9274,0.289794,0.0614353,0.0732817,0.118061
9275,0.289826,0.0614318,0.0732763,0.11805
9276,0.289857,0.0614284,0.0732709,0.118038
9277,0.289888,0.0614249,0.0732655,0.118027
9278,0.289919,0.0614215,0.0732601,0.118016
9279,0.289951,0.0614181,0.0732547,0.118004
9280,0.289982,0.0614146,0.0732493,0.117993
9281,0.290013,0.0614112,0.0732438,0.117981
9282,0.290044,0.0614077,0.0732384,0.11797
9283,0.290076,0.0614043,0.073233,0.117958
9284,0.290107,0.0614008,0.0732276,0.117947
9285,0.290138,0.0613974,0.0732222,0.117936
9286,0.290169,0.061394,0.0732168,0.117924
9287,0.290201,0.0613905,0.0732114,0.117913
9288,0.290232,0.0613871,0.073206,0.117901
9289,0.290263,0.0613836,0.0732006,0.11789
9290,0.290294,0.0613802,0.0731952,0.117879
9291,0.290326,0.0613768,0.0731898,0.117867
9292,0.290357,0.0613733,0.0731844,0.117856
9293,0.290388,0.0613699,0.073179,0.117845
9294,0.290419,0.0613665,0.0731736,0.117833
9295,0.290451,0.061363,0.0731682,0.117822
9296,0.290482,0.0613596,0.0731628,0.11781
9297,0.290513,0.0613561,0.0731574,0.117799
9298,0.290544,0.0613527,0.073152,0.117788
9299,0.290576,0.0613493,0.0731466,0.117776
9300,0.290607,0.0613458,0.0731412,0.117765
9301,0.290638,0.0613424,0.0731358,0.117753
9302,0.290669,0.061339,0.0731304,0.117742
9303,0.290701,0.0613355,0.073125,0.117731
9304,0.290732,0.0613321,0.0731196,0.117719
9305,0.290763,0.0613287,0.0731142,0.117708
9306,0.290794,0.0613252,0.0731089,0.117697
9307,0.290826,0.0613218,0.0731035,0.117685
9308,0.290857,0.0613184,0.0730981,0.117674
9309,0.290888,0.0613149,0.0730927,0.117662
9310,0.290919,0.0613115,0.0730873,0.117651
9311,0.290951,0.0613081,0.0730819,0.11764
9312,0.290982,0.0613046,0.0730765,0.117628
9313,0.291013,0.0613012,0.0730712,0.117617
9314,0.291044,0.0612978,0.0730658,0.117606
9315,0.291076,0.0612943,0.0730604,0.117594
9316,0.291107,0.0612909,0.073055,0.117583
9317,0.291138,0.0612875,0.0730496,0.117572
9318,0.291169,0.0612841,0.0730442,0.11756
9319,0.291201,0.0612806,0.0730389,0.117549
9320,0.291232,0.0612772,0.0730335,0.117538
9321,0.291263,0.0612738,0.0730281,0.117526
9322,0.291294,0.0612703,0.0730227,0.117515
9323,0.291326,0.0612669,0.0730174,0.117504
9324,0.291357,0.0612635,0.073012,0.117492
9325,0.291388,0.0612601,0.0730066,0.117481
9326,0.291419,0.0612566,0.0730012,0.11747
9327,0.291451,0.0612532,0.0729959,0.117458
9328,0.291482,0.0612498,0.0729905,0.117447
9329,0.291513,0.0612464,0.0729851,0.117436
9330,0.291544,0.0612429,0.0729798,0.117424
9331,0.291576,0.0612395,0.0729744,0.117413
9332,0.291607,0.0612361,0.072969,0.117402
9333,0.291638,0.0612327,0.0729637,0.11739
9334,0.291669,0.0612292,0.0729583,0.117379
9335,0.291701,0.0612258,0.0729529,0.117368
9336,0.291732,0.0612224,0.0729476,0.117356
9337,0.291763,0.061219,0.0729422,0.117345
9338,0.291794,0.0612155,0.0729368,0.117334
9339,0.291826,0.0612121,0.0729315,0.117322
9340,0.291857,0.0612087,0.0729261,0.117311
9341,0.291888,0.0612053,0.0729208,0.1173
9342,0.291919,0.0612018,0.0729154,0.117288
9343,0.291951,0.0611984,0.0729101,0.117277
9344,0.291982,0.061195,0.0729047,0.117266
9345,0.292013,0.0611916,0.0728993,0.117254
9346,0.292044,0.0611882,0.072894,0.117243
9347,0.292075,0.0611847,0.0728886,0.117232
9348,0.292107,0.0611813,0.0728833,0.117221
9349,0.292138,0.0611779,0.0728779,0.117209
9350,0.292169,0.0611745,0.0728726,0.117198
9351,0.2922,0.0611711,0.0728672,0.117187
9352,0.292232,0.0611677,0.0728619,0.117175
9353,0.292263,0.0611642,0.0728565,0.117164
9354,0.292294,0.0611608,0.0728512,0.117153
9355,0.292325,0.0611574,0.0728458,0.117141
9356,0.292357,0.061154,0.0728405,0.11713
9357,0.292388,0.0611506,0.0728351,0.117119
9358,0.292419,0.0611472,0.0728298,0.117108
9359,0.29245,0.0611437,0.0728244,0.117096
9360,0.292482,0.0611403,0.0728191,0.117085
9361,0.292513,0.0611369,0.0728138,0.117074
9362,0.292544,0.0611335,0.0728084,0.117063
9363,0.292575,0.0611301,0.0728031,0.117051
9364,0.292607,0.0611267,0.0727977,0.11704
9365,0.292638,0.0611233,0.0727924,0.117029
9366,0.292669,0.0611198,0.0727871,0.117017
9367,0.2927,0.0611164,0.0727817,0.117006
9368,0.292732,0.061113,0.0727764,0.116995
9369,0.292763,0.0611096,0.0727711,0.116984
9370,0.292794,0.0611062,0.0727657,0.116972
9371,0.292825,0.0611028,0.0727604,0.116961
9372,0.292857,0.0610994,0.0727551,0.11695
9373,0.292888,0.061096,0.0727497,0.116939
9374,0.292919,0.0610926,0.0727444,0.116927
9375,0.29295,0.0610891,0.0727391,0.116916
9376,0.292982,0.0610857,0.0727337,0.116905
9377,0.293013,0.0610823,0.0727284,0.116894
9378,0.293044,0.0610789,0.0727231,0.116882
9379,0.293075,0.0610755,0.0727178,0.116871
9380,0.293107,0.0610721,0.0727124,0.11686
9381,0.293138,0.0610687,0.0727071,0.116849
9382,0.293169,0.0610653,0.0727018,0.116837
9383,0.2932,0.0610619,0.0726965,0.116826
9384,0.293232,0.0610585,0.0726911,0.116815
9385,0.293263,0.0610551,0.0726858,0.116804
9386,0.293294,0.0610517,0.0726805,0.116792
9387,0.293325,0.0610483,0.0726752,0.116781
9388,0.293357,0.0610449,0.0726699,0.11677
9389,0.293388,0.0610415,0.0726645,0.116759
9390,0.293419,0.061038,0.0726592,0.116747
9391,0.29345,0.0610346,0.0726539,0.116736
9392,0.293482,0.0610312,0.0726486,0.116725
9393,0.293513,0.0610278,0.0726433,0.116714
9394,0.293544,0.0610244,0.072638,0.116702
9395,0.293575,0.061021,0.0726326,0.116691
9396,0.293607,0.0610176,0.0726273,0.11668
9397,0.293638,0.0610142,0.072622,0.116669
9398,0.293669,0.0610108,0.0726167,0.116658
9399,0.2937,0.0610074,0.0726114,0.116646
9400,0.293732,0.061004,0.0726061,0.116635
9401,0.293763,0.0610006,0.0726008,0.116624
9402,0.293794,0.0609972,0.0725955,0.116613
9403,0.293825,0.0609938,0.0725902,0.116602
9404,0.293857,0.0609904,0.0725849,0.11659
9405,0.293888,0.060987,0.0725796,0.116579
9406,0.293919,0.0609836,0.0725743,0.116568
9407,0.29395,0.0609802,0.072569,0.116557
9408,0.293982,0.0609768,0.0725637,0.116545
9409,0.294013,0.0609734,0.0725584,0.116534
9410,0.294044,0.06097,0.0725531,0.116523
9411,0.294075,0.0609666,0.0725478,0.116512
9412,0.294107,0.0609632,0.0725425,0.116501
9413,0.294138,0.0609598,0.0725372,0.116489
9414,0.294169,0.0609564,0.0725319,0.116478
9415,0.2942,0.060953,0.0725266,0.116467
9416,0.294232,0.0609496,0.0725213,0.116456
9417,0.294263,0.0609463,0.072516,0.116445
9418,0.294294,0.0609429,0.0725107,0.116434
9419,0.294325,0.0609395,0.0725054,0.116422
9420,0.294357,0.0609361,0.0725001,0.116411
9421,0.294388,0.0609327,0.0724948,0.1164
9422,0.294419,0.0609293,0.0724895,0.116389
9423,0.29445,0.0609259,0.0724842,0.116378
9424,0.294482,0.0609225,0.0724789,0.116366
9425,0.294513,0.0609191,0.0724736,0.116355
9426,0.294544,0.0609157,0.0724684,0.116344
9427,0.294575,0.0609123,0.0724631,0.116333
9428,0.294607,0.0609089,0.0724578,0.116322
9429,0.294638,0.0609055,0.0724525,0.116311
9430,0.294669,0.0609021,0.0724472,0.116299
9431,0.2947,0.0608988,0.0724419,0.116288
9432,0.294732,0.0608954,0.0724367,0.116277
9433,0.294763,0.060892,0.0724314,0.116266
9434,0.294794,0.0608886,0.0724261,0.116255
9435,0.294825,0.0608852,0.0724208,0.116244
9436,0.294857,0.0608818,0.0724155,0.116232
9437,0.294888,0.0608784,0.0724103,0.116221
9438,0.294919,0.060875,0.072405,0.11621
9439,0.29495,0.0608716,0.0723997,0.116199
9440,0.294982,0.0608683,0.0723944,0.116188
9441,0.295013,0.0608649,0.0723892,0.116177
9442,0.295044,0.0608615,0.0723839,0.116166
9443,0.295075,0.0608581,0.0723786,0.116154
9444,0.295107,0.0608547,0.0723733,0.116143
9445,0.295138,0.0608513,0.0723681,0.116132
9446,0.295169,0.0608479,0.0723628,0.116121
9447,0.2952,0.0608446,0.0723575,0.11611
9448,0.295232,0.0608412,0.0723523,0.116099
9449,0.295263,0.0608378,0.072347,0.116088
9450,0.295294,0.0608344,0.0723417,0.116076
9451,0.295325,0.060831,0.0723365,0.116065
9452,0.295357,0.0608276,0.0723312,0.116054
9453,0.295388,0.0608242,0.0723259,0.116043
9454,0.295419,0.0608209,0.0723207,0.116032
9455,0.29545,0.0608175,0.0723154,0.116021
9456,0.295482,0.0608141,0.0723101,0.11601
9457,0.295513,0.0608107,0.0723049,0.115998
9458,0.295544,0.0608073,0.0722996,0.115987
9459,0.295575,0.060804,0.0722944,0.115976
9460,0.295607,0.0608006,0.0722891,0.115965
9461,0.295638,0.0607972,0.0722838,0.115954
9462,0.295669,0.0607938,0.0722786,0.115943
9463,0.2957,0.0607904,0.0722733,0.115932
9464,0.295732,0.0607871,0.0722681,0.115921
9465,0.295763,0.0607837,0.0722628,0.11591
9466,0.295794,0.0607803,0.0722576,0.115898
9467,0.295825,0.0607769,0.0722523,0.115887
9468,0.295857,0.0607735,0.0722471,0.115876
9469,0.295888,0.0607702,0.0722418,0.115865
9470,0.295919,0.0607668,0.0722366,0.115854
9471,0.29595,0.0607634,0.0722313,0.115843
9472,0.295982,0.06076,0.0722261,0.115832
9473,0.296013,0.0607567,0.0722208,0.115821
9474,0.296044,0.0607533,0.0722156,0.11581
9475,0.296075,0.0607499,0.0722103,0.115799
9476,0.296106,0.0607465,0.0722051,0.115787
9477,0.296138,0.0607432,0.0721998,0.115776
9478,0.296169,0.0607398,0.0721946,0.115765
9479,0.2962,0.0607364,0.0721894,0.115754
9480,0.296231,0.060733,0.0721841,0.115743
9481,0.296263,0.0607297,0.0721789,0.115732
9482,0.296294,0.0607263,0.0721736,0.115721
9483,0.296325,0.0607229,0.0721684,0.11571
9484,0.296356,0.0607195,0.0721632,0.115699
9485,0.296388,0.0607162,0.0721579,0.115688
9486,0.296419,0.0607128,0.0721527,0.115677
9487,0.29645,0.0607094,0.0721474,0.115665
9488,0.296481,0.0607061,0.0721422,0.115654
9489,0.296513,0.0607027,0.072137,0.115643
9490,0.296544,0.0606993,0.0721317,0.115632
9491,0.296575,0.0606959,0.0721265,0.115621
9492,0.296606,0.0606926,0.0721213,0.11561
9493,0.296638,0.0606892,0.072116,0.115599
9494,0.296669,0.0606858,0.0721108,0.115588
9495,0.2967,0.0606825,0.0721056,0.115577
9496,0.296731,0.0606791,0.0721004,0.115566
9497,0.296763,0.0606757,0.0720951,0.115555
9498,0.296794,0.0606724,0.0720899,0.115544
9499,0.296825,0.060669,0.0720847,0.115533
9500,0.296856,0.0606656,0.0720794,0.115522
9501,0.296888,0.0606623,0.0720742,0.115511
9502,0.296919,0.0606589,0.072069,0.1155
9503,0.29695,0.0606555,0.0720638,0.115488
9504,0.296981,0.0606522,0.0720586,0.115477
9505,0.297013,0.0606488,0.0720533,0.115466
9506,0.297044,0.0606454,0.0720481,0.115455
9507,0.297075,0.0606421,0.0720429,0.115444
9508,0.297106,0.0606387,0.0720377,0.115433
9509,0.297138,0.0606353,0.0720325,0.115422
9510,0.297169,0.060632,0.0720272,0.115411
9511,0.2972,0.0606286,0.072022,0.1154
9512,0.297231,0.0606252,0.0720168,0.115389
9513,0.297263,0.0606219,0.0720116,0.115378
9514,0.297294,0.0606185,0.0720064,0.115367
9515,0.297325,0.0606152,0.0720012,0.115356
9516,0.297356,0.0606118,0.071996,0.115345
9517,0.297388,0.0606084,0.0719907,0.115334
9518,0.297419,0.0606051,0.0719855,0.115323
9519,0.29745,0.0606017,0.0719803,0.115312
9520,0.297481,0.0605983,0.0719751,0.115301
9521,0.297513,0.060595,0.0719699,0.11529
9522,0.297544,0.0605916,0.0719647,0.115279
9523,0.297575,0.0605883,0.0719595,0.115268
9524,0.297606,0.0605849,0.0719543,0.115257
9525,0.297638,0.0605815,0.0719491,0.115246
9526,0.297669,0.0605782,0.0719439,0.115235
9527,0.2977,0.0605748,0.0719387,0.115224
9528,0.297731,0.0605715,0.0719335,0.115213
9529,0.297763,0.0605681,0.0719283,0.115202
9530,0.297794,0.0605648,0.0719231,0.115191
9531,0.297825,0.0605614,0.0719179,0.11518
9532,0.297856,0.060558,0.0719127,0.115169
9533,0.297888,0.0605547,0.0719075,0.115158
9534,0.297919,0.0605513,0.0719023,0.115147
9535,0.29795,0.060548,0.0718971,0.115136
9536,0.297981,0.0605446,0.0718919,0.115125
9537,0.298013,0.0605413,0.0718867,0.115114
9538,0.298044,0.0605379,0.0718815,0.115103
9539,0.298075,0.0605346,0.0718763,0.115092
9540,0.298106,0.0605312,0.0718711,0.115081
9541,0.298138,0.0605278,0.0718659,0.11507
9542,0.298169,0.0605245,0.0718607,0.115059
9543,0.2982,0.0605211,0.0718555,0.115048
9544,0.298231,0.0605178,0.0718503,0.115037
9545,0.298263,0.0605144,0.0718452,0.115026
9546,0.298294,0.0605111,0.07184,0.115015
9547,0.298325,0.0605077,0.0718348,0.115004
9548,0.298356,0.0605044,0.0718296,0.114993
9549,0.298388,0.060501,0.0718244,0.114982
9550,0.298419,0.0604977,0.0718192,0.114971
9551,0.29845,0.0604943,0.071814,0.11496
9552,0.298481,0.060491,0.0718089,0.114949
9553,0.298513,0.0604876,0.0718037,0.114938
9554,0.298544,0.0604843,0.0717985,0.114927
9555,0.298575,0.0604809,0.0717933,0.114916
9556,0.298606,0.0604776,0.0717881,0.114905
9557,0.298638,0.0604742,0.071783,0.114894
9558,0.298669,0.0604709,0.0717778,0.114883
9559,0.2987,0.0604675,0.0717726,0.114872
9560,0.298731,0.0604642,0.0717674,0.114861
9561,0.298763,0.0604608,0.0717622,0.11485
9562,0.298794,0.0604575,0.0717571,0.114839
9563,0.298825,0.0604541,0.0717519,0.114828
9564,0.298856,0.0604508,0.0717467,0.114818
9565,0.298888,0.0604475,0.0717416,0.114807
9566,0.298919,0.0604441,0.0717364,0.114796
9567,0.29895,0.0604408,0.0717312,0.114785
9568,0.298981,0.0604374,0.071726,0.114774
9569,0.299013,0.0604341,0.0717209,0.114764
9570,0.299044,0.0604307,0.0717157,0.114753
9571,0.299075,0.0604274,0.0717105,0.114742
9572,0.299106,0.060424,0.0717054,0.114731
9573,0.299138,0.0604207,0.0717002,0.114721
9574,0.299169,0.0604174,0.071695,0.11471
9575,0.2992,0.060414,0.0716899,0.114699
9576,0.299231,0.0604107,0.0716847,0.114688
9577,0.299263,0.0604073,0.0716795,0.114678
9578,0.299294,0.060404,0.0716744,0.114667
9579,0.299325,0.0604006,0.0716692,0.114656
9580,0.299356,0.0603973,0.0716641,0.114645
9581,0.299388,0.060394,0.0716589,0.114634
9582,0.299419,0.0603906,0.0716537,0.114624
9583,0.29945,0.0603873,0.0716486,0.114613
9584,0.299481,0.0603839,0.0716434,0.114602
9585,0.299513,0.0603806,0.0716383,0.114591
9586,0.299544,0.0603773,0.0716331,0.114581
9587,0.299575,0.0603739,0.071628,0.11457
9588,0.299606,0.0603706,0.0716228,0.114559
9589,0.299638,0.0603672,0.0716177,0.114548
9590,0.299669,0.0603639,0.0716125,0.114538
9591,0.2997,0.0603606,0.0716074,0.114527
9592,0.299731,0.0603572,0.0716022,0.114516
9593,0.299763,0.0603539,0.0715971,0.114505
9594,0.299794,0.0603506,0.0715919,0.114495
9595,0.299825,0.0603472,0.0715868,0.114484
9596,0.299856,0.0603439,0.0715816,0.114473
9597,0.299888,0.0603406,0.0715765,0.114462
9598,0.299919,0.0603372,0.0715713,0.114452
9599,0.29995,0.0603339,0.0715662,0.114441
9600,0.299981,0.0603305,0.071561,0.11443
9601,0.300012,0.0603272,0.0715559,0.11442
9602,0.300044,0.0603239,0.0715507,0.114409
9603,0.300075,0.0603205,0.0715456,0.114398
9604,0.300106,0.0603172,0.0715405,0.114387
9605,0.300137,0.0603139,0.0715353,0.114377
9606,0.300169,0.0603105,0.0715302,0.114366
9607,0.3002,0.0603072,0.071525,0.114355
9608,0.300231,0.0603039,0.0715199,0.114344
9609,0.300262,0.0603006,0.0715148,0.114334
9610,0.300294,0.0602972,0.0715096,0.114323
9611,0.300325,0.0602939,0.0715045,0.114312
9612,0.300356,0.0602906,0.0714994,0.114302
9613,0.300387,0.0602872,0.0714942,0.114291
9614,0.300419,0.0602839,0.0714891,0.11428
9615,0.30045,0.0602806,0.071484,0.114269
9616,0.300481,0.0602772,0.0714788,0.114259
9617,0.300512,0.0602739,0.0714737,0.114248
9618,0.300544,0.0602706,0.0714686,0.114237
9619,0.300575,0.0602673,0.0714634,0.114227
9620,0.300606,0.0602639,0.0714583,0.114216
9621,0.300637,0.0602606,0.0714532,0.114205
9622,0.300669,0.0602573,0.0714481,0.114194
9623,0.3007,0.0602539,0.0714429,0.114184
9624,0.300731,0.0602506,0.0714378,0.114173
9625,0.300762,0.0602473,0.0714327,0.114162
9626,0.300794,0.060244,0.0714276,0.114152
9627,0.300825,0.0602406,0.0714224,0.114141
9628,0.300856,0.0602373,0.0714173,0.11413
9629,0.300887,0.060234,0.0714122,0.11412
9630,0.300919,0.0602307,0.0714071,0.114109
9631,0.30095,0.0602273,0.0714019,0.114098
9632,0.300981,0.060224,0.0713968,0.114088
9633,0.301012,0.0602207,0.0713917,0.114077
9634,0.301044,0.0602174,0.0713866,0.114066
9635,0.301075,0.060214,0.0713815,0.114056
9636,0.301106,0.0602107,0.0713764,0.114045
9637,0.301137,0.0602074,0.0713712,0.114034
9638,0.301169,0.0602041,0.0713661,0.114023
9639,0.3012,0.0602008,0.071361,0.114013
9640,0.301231,0.0601974,0.0713559,0.114002
9641,0.301262,0.0601941,0.0713508,0.113991
9642,0.301294,0.0601908,0.0713457,0.113981
9643,0.301325,0.0601875,0.0713406,0.11397
9644,0.301356,0.0601841,0.0713355,0.113959
9645,0.301387,0.0601808,0.0713304,0.113949
9646,0.301419,0.0601775,0.0713253,0.113938
9647,0.30145,0.0601742,0.0713201,0.113927
9648,0.301481,0.0601709,0.071315,0.113917
9649,0.301512,0.0601675,0.0713099,0.113906
9650,0.301544,0.0601642,0.0713048,0.113895
9651,0.301575,0.0601609,0.0712997,0.113885
9652,0.301606,0.0601576,0.0712946,0.113874
9653,0.301637,0.0601543,0.0712895,0.113864
9654,0.301669,0.060151,0.0712844,0.113853
9655,0.3017,0.0601476,0.0712793,0.113842
9656,0.301731,0.0601443,0.0712742,0.113832
9657,0.301762,0.060141,0.0712691,0.113821
9658,0.301794,0.0601377,0.071264,0.11381
9659,0.301825,0.0601344,0.0712589,0.1138
9660,0.301856,0.0601311,0.0712538,0.113789
9661,0.301887,0.0601277,0.0712487,0.113778
9662,0.301919,0.0601244,0.0712436,0.113768
9663,0.30195,0.0601211,0.0712385,0.113757
9664,0.301981,0.0601178,0.0712334,0.113746
9665,0.302012,0.0601145,0.0712284,0.113736
9666,0.302044,0.0601112,0.0712233,0.113725
9667,0.302075,0.0601079,0.0712182,0.113715
9668,0.302106,0.0601046,0.0712131,0.113704
9669,0.302137,0.0601012,0.071208,0.113693
9670,0.302169,0.0600979,0.0712029,0.113683
9671,0.3022,0.0600946,0.0711978,0.113672
9672,0.302231,0.0600913,0.0711927,0.113661
9673,0.302262,0.060088,0.0711876,0.113651
9674,0.302294,0.0600847,0.0711826,0.11364
9675,0.302325,0.0600814,0.0711775,0.11363
9676,0.302356,0.0600781,0.0711724,0.113619
9677,0.302387,0.0600748,0.0711673,0.113608
9678,0.302419,0.0600714,0.0711622,0.113598
9679,0.30245,0.0600681,0.0711571,0.113587
9680,0.302481,0.0600648,0.0711521,0.113576
9681,0.302512,0.0600615,0.071147,0.113566
9682,0.302544,0.0600582,0.0711419,0.113555
9683,0.302575,0.0600549,0.0711368,0.113545
9684,0.302606,0.0600516,0.0711317,0.113534
9685,0.302637,0.0600483,0.0711267,0.113523
9686,0.302669,0.060045,0.0711216,0.113513
9687,0.3027,0.0600417,0.0711165,0.113502
9688,0.302731,0.0600384,0.0711114,0.113492
9689,0.302762,0.0600351,0.0711064,0.113481
9690,0.302794,0.0600318,0.0711013,0.11347
9691,0.302825,0.0600284,0.0710962,0.11346
9692,0.302856,0.0600251,0.0710911,0.113449
9693,0.302887,0.0600218,0.0710861,0.113439
9694,0.302919,0.0600185,0.071081,0.113428
9695,0.30295,0.0600152,0.0710759,0.113417
9696,0.302981,0.0600119,0.0710709,0.113407
9697,0.303012,0.0600086,0.0710658,0.113396
9698,0.303044,0.0600053,0.0710607,0.113386
9699,0.303075,0.060002,0.0710557,0.113375
9700,0.303106,0.0599987,0.0710506,0.113364
9701,0.303137,0.0599954,0.0710455,0.113354
9702,0.303169,0.0599921,0.0710405,0.113343
9703,0.3032,0.0599888,0.0710354,0.113333
9704,0.303231,0.0599855,0.0710303,0.113322
9705,0.303262,0.0599822,0.0710253,0.113312
9706,0.303294,0.0599789,0.0710202,0.113301
9707,0.303325,0.0599756,0.0710152,0.11329
9708,0.303356,0.0599723,0.0710101,0.11328
9709,0.303387,0.059969,0.071005,0.113269
9710,0.303419,0.0599657,0.071,0.113259
9711,0.30345,0.0599624,0.0709949,0.113248
9712,0.303481,0.0599591,0.0709899,0.113238
9713,0.303512,0.0599558,0.0709848,0.113227
9714,0.303544,0.0599525,0.0709798,0.113216
9715,0.303575,0.0599492,0.0709747,0.113206
9716,0.303606,0.0599459,0.0709697,0.113195
9717,0.303637,0.0599426,0.0709646,0.113185
9718,0.303669,0.0599393,0.0709596,0.113174
9719,0.3037,0.059936,0.0709545,0.113164
9720,0.303731,0.0599327,0.0709495,0.113153
9721,0.303762,0.0599294,0.0709444,0.113143
9722,0.303794,0.0599261,0.0709394,0.113132
9723,0.303825,0.0599228,0.0709343,0.113121
9724,0.303856,0.0599195,0.0709293,0.113111
9725,0.303887,0.0599162,0.0709242,0.1131
9726,0.303919,0.059913,0.0709192,0.11309
9727,0.30395,0.0599097,0.0709141,0.113079
9728,0.303981,0.0599064,0.0709091,0.113069
9729,0.304012,0.0599031,0.070904,0.113058
9730,0.304043,0.0598998,0.070899,0.113048
9731,0.304075,0.0598965,0.070894,0.113037
9732,0.304106,0.0598932,0.0708889,0.113027
9733,0.304137,0.0598899,0.0708839,0.113016
9734,0.304168,0.0598866,0.0708788,0.113005
9735,0.3042,0.0598833,0.0708738,0.112995
9736,0.304231,0.05988,0.0708688,0.112984
9737,0.304262,0.0598767,0.0708637,0.112974
9738,0.304293,0.0598734,0.0708587,0.112963
9739,0.304325,0.0598702,0.0708537,0.112953
9740,0.304356,0.0598669,0.0708486,0.112942
9741,0.304387,0.0598636,0.0708436,0.112932
9742,0.304418,0.0598603,0.0708386,0.112921
9743,0.30445,0.059857,0.0708335,0.112911
9744,0.304481,0.0598537,0.0708285,0.1129
9745,0.304512,0.0598504,0.0708235,0.11289
9746,0.304543,0.0598471,0.0708184,0.112879
9747,0.304575,0.0598438,0.0708134,0.112869
9748,0.304606,0.0598406,0.0708084,0.112858
9749,0.304637,0.0598373,0.0708033,0.112848
9750,0.304668,0.059834,0.0707983,0.112837
9751,0.3047,0.0598307,0.0707933,0.112827
9752,0.304731,0.0598274,0.0707883,0.112816
9753,0.304762,0.0598241,0.0707832,0.112806
9754,0.304793,0.0598208,0.0707782,0.112795
9755,0.304825,0.0598175,0.0707732,0.112785
9756,0.304856,0.0598143,0.0707682,0.112774
9757,0.304887,0.059811,0.0707631,0.112764
9758,0.304918,0.0598077,0.0707581,0.112753
9759,0.30495,0.0598044,0.0707531,0.112743
9760,0.304981,0.0598011,0.0707481,0.112732
9761,0.305012,0.0597978,0.0707431,0.112722
9762,0.305043,0.0597946,0.0707381,0.112711
9763,0.305075,0.0597913,0.070733,0.112701
9764,0.305106,0.059788,0.070728,0.11269
9765,0.305137,0.0597847,0.070723,0.11268
9766,0.305168,0.0597814,0.070718,0.112669
9767,0.3052,0.0597781,0.070713,0.112659
9768,0.305231,0.0597749,0.070708,0.112648
9769,0.305262,0.0597716,0.070703,0.112638
9770,0.305293,0.0597683,0.0706979,0.112627
9771,0.305325,0.059765,0.0706929,0.112617
9772,0.305356,0.0597617,0.0706879,0.112606
9773,0.305387,0.0597585,0.0706829,0.112596
9774,0.305418,0.0597552,0.0706779,0.112585
9775,0.30545,0.0597519,0.0706729,0.112575
9776,0.305481,0.0597486,0.0706679,0.112564
9777,0.305512,0.0597453,0.0706629,0.112554
9778,0.305543,0.0597421,0.0706579,0.112543
9779,0.305575,0.0597388,0.0706529,0.112533
9780,0.305606,0.0597355,0.0706479,0.112522
9781,0.305637,0.0597322,0.0706429,0.112512
9782,0.305668,0.059729,0.0706379,0.112502
9783,0.3057,0.0597257,0.0706329,0.112491
9784,0.305731,0.0597224,0.0706279,0.112481
9785,0.305762,0.0597191,0.0706229,0.11247
9786,0.305793,0.0597159,0.0706179,0.11246
9787,0.305825,0.0597126,0.0706129,0.112449
9788,0.305856,0.0597093,0.0706079,0.112439
9789,0.305887,0.059706,0.0706029,0.112428
9790,0.305918,0.0597027,0.0705979,0.112418
9791,0.30595,0.0596995,0.0705929,0.112407
9792,0.305981,0.0596962,0.0705879,0.112397
9793,0.306012,0.0596929,0.0705829,0.112387
9794,0.306043,0.0596897,0.0705779,0.112376
9795,0.306075,0.0596864,0.0705729,0.112366
9796,0.306106,0.0596831,0.0705679,0.112355
9797,0.306137,0.0596798,0.0705629,0.112345
9798,0.306168,0.0596766,0.0705579,0.112334
9799,0.3062,0.0596733,0.0705529,0.112324
9800,0.306231,0.05967,0.0705479,0.112313
9801,0.306262,0.0596667,0.070543,0.112303
9802,0.306293,0.0596635,0.070538,0.112293
9803,0.306325,0.0596602,0.070533,0.112282
9804,0.306356,0.0596569,0.070528,0.112272
9805,0.306387,0.0596537,0.070523,0.112261
9806,0.306418,0.0596504,0.070518,0.112251
9807,0.30645,0.0596471,0.070513,0.11224
9808,0.306481,0.0596439,0.0705081,0.11223
9809,0.306512,0.0596406,0.0705031,0.11222
9810,0.306543,0.0596373,0.0704981,0.112209
9811,0.306575,0.0596341,0.0704931,0.112199
9812,0.306606,0.0596308,0.0704881,0.112188
9813,0.306637,0.0596275,0.0704832,0.112178
9814,0.306668,0.0596243,0.0704782,0.112167
9815,0.3067,0.059621,0.0704732,0.112157
9816,0.306731,0.0596177,0.0704682,0.112147
9817,0.306762,0.0596145,0.0704633,0.112136
9818,0.306793,0.0596112,0.0704583,0.112126
9819,0.306825,0.0596079,0.0704533,0.112115
9820,0.306856,0.0596047,0.0704483,0.112105
9821,0.306887,0.0596014,0.0704434,0.112095
9822,0.306918,0.0595981,0.0704384,0.112084
9823,0.30695,0.0595949,0.0704334,0.112074
9824,0.306981,0.0595916,0.0704284,0.112063
9825,0.307012,0.0595883,0.0704235,0.112053
9826,0.307043,0.0595851,0.0704185,0.112043
9827,0.307075,0.0595818,0.0704135,0.112032
9828,0.307106,0.0595785,0.0704086,0.112022
9829,0.307137,0.0595753,0.0704036,0.112011
9830,0.307168,0.059572,0.0703986,0.112001
9831,0.3072,0.0595688,0.0703937,0.111991
9832,0.307231,0.0595655,0.0703887,0.11198
9833,0.307262,0.0595622,0.0703837,0.11197
9834,0.307293,0.059559,0.0703788,0.111959
9835,0.307325,0.0595557,0.0703738,0.111949
9836,0.307356,0.0595524,0.0703689,0.111939
9837,0.307387,0.0595492,0.0703639,0.111928
9838,0.307418,0.0595459,0.0703589,0.111918
9839,0.30745,0.0595427,0.070354,0.111907
9840,0.307481,0.0595394,0.070349,0.111897
9841,0.307512,0.0595361,0.0703441,0.111887
9842,0.307543,0.0595329,0.0703391,0.111876
9843,0.307575,0.0595296,0.0703341,0.111866
9844,0.307606,0.0595264,0.0703292,0.111856
9845,0.307637,0.0595231,0.0703242,0.111845
9846,0.307668,0.0595199,0.0703193,0.111835
9847,0.3077,0.0595166,0.0703143,0.111824
9848,0.307731,0.0595133,0.0703094,0.111814
9849,0.307762,0.0595101,0.0703044,0.111804
9850,0.307793,0.0595068,0.0702995,0.111793
9851,0.307825,0.0595036,0.0702945,0.111783
9852,0.307856,0.0595003,0.0702896,0.111773
9853,0.307887,0.0594971,0.0702846,0.111762
9854,0.307918,0.0594938,0.0702797,0.111752
9855,0.30795,0.0594906,0.0702747,0.111742
9856,0.307981,0.0594873,0.0702698,0.111731
9857,0.308012,0.059484,0.0702648,0.111721
9858,0.308043,0.0594808,0.0702599,0.111711
9859,0.308074,0.0594775,0.0702549,0.1117
9860,0.308106,0.0594743,0.07025,0.11169
9861,0.308137,0.059471,0.0702451,0.111679
9862,0.308168,0.0594678,0.0702401,0.111669
9863,0.308199,0.0594645,0.0702352,0.111659
9864,0.308231,0.0594613,0.0702302,0.111648
9865,0.308262,0.059458,0.0702253,0.111638
9866,0.308293,0.0594548,0.0702203,0.111628
9867,0.308324,0.0594515,0.0702154,0.111617
9868,0.308356,0.0594483,0.0702105,0.111607
9869,0.308387,0.059445,0.0702055,0.111597
9870,0.308418,0.0594418,0.0702006,0.111586
9871,0.308449,0.0594385,0.0701957,0.111576
9872,0.308481,0.0594353,0.0701907,0.111566
9873,0.308512,0.059432,0.0701858,0.111555
9874,0.308543,0.0594288,0.0701809,0.111545
9875,0.308574,0.0594255,0.0701759,0.111535
9876,0.308606,0.0594223,0.070171,0.111524
9877,0.308637,0.059419,0.0701661,0.111514
9878,0.308668,0.0594158,0.0701611,0.111504
9879,0.308699,0.0594125,0.0701562,0.111493
9880,0.308731,0.0594093,0.0701513,0.111483
9881,0.308762,0.059406,0.0701463,0.111473
9882,0.308793,0.0594028,0.0701414,0.111462
9883,0.308824,0.0593995,0.0701365,0.111452
9884,0.308856,0.0593963,0.0701316,0.111442
9885,0.308887,0.059393,0.0701266,0.111432
9886,0.308918,0.0593898,0.0701217,0.111421
9887,0.308949,0.0593866,0.0701168,0.111411
9888,0.308981,0.0593833,0.0701119,0.111401
9889,0.309012,0.0593801,0.0701069,0.11139
9890,0.309043,0.0593768,0.070102,0.11138
9891,0.309074,0.0593736,0.0700971,0.11137
9892,0.309106,0.0593703,0.0700922,0.11136
9893,0.309137,0.0593671,0.0700873,0.111349
9894,0.309168,0.0593639,0.0700823,0.111339
9895,0.309199,0.0593606,0.0700774,0.111329
9896,0.309231,0.0593574,0.0700725,0.111319
9897,0.309262,0.0593541,0.0700676,0.111309
9898,0.309293,0.0593509,0.0700627,0.111299
9899,0.309324,0.0593476,0.0700578,0.111289
9900,0.309356,0.0593444,0.0700528,0.111278
9901,0.309387,0.0593412,0.0700479,0.111268
9902,0.309418,0.0593379,0.070043,0.111258
9903,0.309449,0.0593347,0.0700381,0.111248
9904,0.309481,0.0593314,0.0700332,0.111238
9905,0.309512,0.0593282,0.0700283,0.111228
9906,0.309543,0.059325,0.0700234,0.111218
9907,0.309574,0.0593217,0.0700185,0.111207
9908,0.309606,0.0593185,0.0700136,0.111197
9909,0.309637,0.0593152,0.0700087,0.111187
9910,0.309668,0.059312,0.0700037,0.111177
9911,0.309699,0.0593088,0.0699988,0.111167
9912,0.309731,0.0593055,0.0699939,0.111157
9913,0.309762,0.0593023,0.069989,0.111147
9914,0.309793,0.0592991,0.0699841,0.111137
9915,0.309824,0.0592958,0.0699792,0.111127
9916,0.309856,0.0592926,0.0699743,0.111116
9917,0.309887,0.0592893,0.0699694,0.111106
9918,0.309918,0.0592861,0.0699645,0.111096
9919,0.309949,0.0592829,0.0699596,0.111086
9920,0.309981,0.0592796,0.0699547,0.111076
9921,0.310012,0.0592764,0.0699498,0.111066
9922,0.310043,0.0592732,0.0699449,0.111056
9923,0.310074,0.0592699,0.06994,0.111046
9924,0.310106,0.0592667,0.0699351,0.111035
9925,0.310137,0.0592635,0.0699302,0.111025
9926,0.310168,0.0592602,0.0699253,0.111015
9927,0.310199,0.059257,0.0699204,0.111005
9928,0.310231,0.0592538,0.0699155,0.110995
9929,0.310262,0.0592505,0.0699107,0.110985
9930,0.310293,0.0592473,0.0699058,0.110975
9931,0.310324,0.0592441,0.0699009,0.110965
9932,0.310356,0.0592408,0.069896,0.110955
9933,0.310387,0.0592376,0.0698911,0.110945
9934,0.310418,0.0592344,0.0698862,0.110935
9935,0.310449,0.0592311,0.0698813,0.110924
9936,0.310481,0.0592279,0.0698764,0.110914
9937,0.310512,0.0592247,0.0698715,0.110904
9938,0.310543,0.0592215,0.0698667,0.110894
9939,0.310574,0.0592182,0.0698618,0.110884
9940,0.310606,0.059215,0.0698569,0.110874
9941,0.310637,0.0592118,0.069852,0.110864
9942,0.310668,0.0592085,0.0698471,0.110854
9943,0.310699,0.0592053,0.0698422,0.110844
9944,0.310731,0.0592021,0.0698373,0.110834
9945,0.310762,0.0591989,0.0698325,0.110824
9946,0.310793,0.0591956,0.0698276,0.110814
9947,0.310824,0.0591924,0.0698227,0.110803
9948,0.310856,0.0591892,0.0698178,0.110793
9949,0.310887,0.0591859,0.0698129,0.110783
9950,0.310918,0.0591827,0.0698081,0.110773
9951,0.310949,0.0591795,0.0698032,0.110763
9952,0.310981,0.0591763,0.0697983,0.110753
9953,0.311012,0.059173,0.0697934,0.110743
9954,0.311043,0.0591698,0.0697886,0.110733
9955,0.311074,0.0591666,0.0697837,0.110723
9956,0.311106,0.0591634,0.0697788,0.110713
9957,0.311137,0.0591601,0.0697739,0.110703
9958,0.311168,0.0591569,0.0697691,0.110693
9959,0.311199,0.0591537,0.0697642,0.110683
9960,0.311231,0.0591505,0.0697593,0.110673
9961,0.311262,0.0591472,0.0697545,0.110663
9962,0.311293,0.059144,0.0697496,0.110652
9963,0.311324,0.0591408,0.0697447,0.110642
9964,0.311356,0.0591376,0.0697399,0.110632
9965,0.311387,0.0591344,0.069735,0.110622
9966,0.311418,0.0591311,0.0697301,0.110612
9967,0.311449,0.0591279,0.0697253,0.110602
9968,0.311481,0.0591247,0.0697204,0.110592
9969,0.311512,0.0591215,0.0697155,0.110582
9970,0.311543,0.0591182,0.0697107,0.110572
9971,0.311574,0.059115,0.0697058,0.110562
9972,0.311606,0.0591118,0.0697009,0.110552
9973,0.311637,0.0591086,0.0696961,0.110542
9974,0.311668,0.0591054,0.0696912,0.110532
9975,0.311699,0.0591022,0.0696864,0.110522
9976,0.311731,0.0590989,0.0696815,0.110512
9977,0.311762,0.0590957,0.0696766,0.110502
9978,0.311793,0.0590925,0.0696718,0.110492
9979,0.311824,0.0590893,0.0696669,0.110482
9980,0.311856,0.0590861,0.0696621,0.110472
9981,0.311887,0.0590828,0.0696572,0.110462
9982,0.311918,0.0590796,0.0696524,0.110452
9983,0.311949,0.0590764,0.0696475,0.110442
9984,0.311981,0.0590732,0.0696427,0.110432
9985,0.312012,0.05907,0.0696378,0.110422
9986,0.312043,0.0590668,0.069633,0.110412
9987,0.312074,0.0590635,0.0696281,0.110402
9988,0.312105,0.0590603,0.0696233,0.110392
9989,0.312137,0.0590571,0.0696184,0.110382
9990,0.312168,0.0590539,0.0696136,0.110372
9991,0.312199,0.0590507,0.0696087,0.110361
9992,0.31223,0.0590475,0.0696039,0.110351
9993,0.312262,0.0590443,0.069599,0.110341
9994,0.312293,0.059041,0.0695942,0.110331
9995,0.312324,0.0590378,0.0695893,0.110321
9996,0.312355,0.0590346,0.0695845,0.110311
9997,0.312387,0.0590314,0.0695796,0.110301
9998,0.312418,0.0590282,0.0695748,0.110291
9999,0.312449,0.059025,0.0695699,0.110281
10000,0.31248,0.0590218,0.0695651,0.110271
10001,0.312512,0.0590186,0.0695603,0.110261
10002,0.312543,0.0590153,0.0695554,0.110251
10003,0.312574,0.0590121,0.0695506,0.110241
10004,0.312605,0.0590089,0.0695457,0.110231
10005,0.312637,0.0590057,0.0695409,0.110221
10006,0.312668,0.0590025,0.0695361,0.110211
10007,0.312699,0.0589993,0.0695312,0.110201
10008,0.31273,0.0589961,0.0695264,0.110191
10009,0.312762,0.0589929,0.0695216,0.110181
10010,0.312793,0.0589897,0.0695167,0.110171
10011,0.312824,0.0589865,0.0695119,0.110161
10012,0.312855,0.0589833,0.0695071,0.110151
10013,0.312887,0.05898,0.0695022,0.110142
10014,0.312918,0.0589768,0.0694974,0.110132
10015,0.312949,0.0589736,0.0694926,0.110122
10016,0.31298,0.0589704,0.0694877,0.110112
10017,0.313012,0.0589672,0.0694829,0.110102
10018,0.313043,0.058964,0.0694781,0.110092
10019,0.313074,0.0589608,0.0694732,0.110082
10020,0.313105,0.0589576,0.0694684,0.110072
10021,0.313137,0.0589544,0.0694636,0.110062
10022,0.313168,0.0589512,0.0694588,0.110052
10023,0.313199,0.058948,0.0694539,0.110042
10024,0.31323,0.0589448,0.0694491,0.110032
10025,0.313262,0.0589416,0.0694443,0.110022
10026,0.313293,0.0589384,0.0694395,0.110012
10027,0.313324,0.0589352,0.0694346,0.110002
10028,0.313355,0.058932,0.0694298,0.109992
10029,0.313387,0.0589288,0.069425,0.109982
10030,0.313418,0.0589256,0.0694202,0.109972
10031,0.313449,0.0589223,0.0694154,0.109962
10032,0.31348,0.0589191,0.0694105,0.109952
10033,0.313512,0.0589159,0.0694057,0.109942
10034,0.313543,0.0589127,0.0694009,0.109932
10035,0.313574,0.0589095,0.0693961,0.109922
10036,0.313605,0.0589063,0.0693913,0.109912
10037,0.313637,0.0589031,0.0693865,0.109902
10038,0.313668,0.0588999,0.0693816,0.109892
10039,0.313699,0.0588967,0.0693768,0.109882
10040,0.31373,0.0588935,0.069372,0.109872
10041,0.313762,0.0588903,0.0693672,0.109862
10042,0.313793,0.0588871,0.0693624,0.109853
10043,0.313824,0.0588839,0.0693576,0.109843
10044,0.313855,0.0588807,0.0693528,0.109833
10045,0.313887,0.0588775,0.069348,0.109823
10046,0.313918,0.0588743,0.0693432,0.109813
10047,0.313949,0.0588711,0.0693383,0.109803
10048,0.31398,0.0588679,0.0693335,0.109793
10049,0.314012,0.0588647,0.0693287,0.109783
10050,0.314043,0.0588616,0.0693239,0.109773
10051,0.314074,0.0588584,0.0693191,0.109763
10052,0.314105,0.0588552,0.0693143,0.109753
10053,0.314137,0.058852,0.0693095,0.109743
10054,0.314168,0.0588488,0.0693047,0.109733
10055,0.314199,0.0588456,0.0692999,0.109723
10056,0.31423,0.0588424,0.0692951,0.109713
10057,0.314262,0.0588392,0.0692903,0.109704
10058,0.314293,0.058836,0.0692855,0.109694
10059,0.314324,0.0588328,0.0692807,0.109684
10060,0.314355,0.0588296,0.0692759,0.109674
10061,0.314387,0.0588264,0.0692711,0.109664
10062,0.314418,0.0588232,0.0692663,0.109654
10063,0.314449,0.05882,0.0692615,0.109644
10064,0.31448,0.0588168,0.0692567,0.109634
10065,0.314512,0.0588136,0.0692519,0.109624
10066,0.314543,0.0588104,0.0692471,0.109614
10067,0.314574,0.0588072,0.0692423,0.109604
10068,0.314605,0.058804,0.0692375,0.109594
10069,0.314637,0.0588009,0.0692327,0.109585
10070,0.314668,0.0587977,0.0692279,0.109575
10071,0.314699,0.0587945,0.0692232,0.109565
10072,0.31473,0.0587913,0.0692184,0.109555
10073,0.314762,0.0587881,0.0692136,0.109545
10074,0.314793,0.0587849,0.0692088,0.109535
10075,0.314824,0.0587817,0.069204,0.109525
10076,0.314855,0.0587785,0.0691992,0.109515
10077,0.314887,0.0587753,0.0691944,0.109505
10078,0.314918,0.0587721,0.0691896,0.109495
10079,0.314949,0.058769,0.0691848,0.109485
10080,0.31498,0.0587658,0.0691801,0.109476
10081,0.315012,0.0587626,0.0691753,0.109466
10082,0.315043,0.0587594,0.0691705,0.109456
10083,0.315074,0.0587562,0.0691657,0.109446
10084,0.315105,0.058753,0.0691609,0.109436
10085,0.315137,0.0587498,0.0691561,0.109426
10086,0.315168,0.0587466,0.0691514,0.109416
10087,0.315199,0.0587435,0.0691466,0.109406
10088,0.31523,0.0587403,0.0691418,0.109396
10089,0.315262,0.0587371,0.069137,0.109387
10090,0.315293,0.0587339,0.0691322,0.109377
10091,0.315324,0.0587307,0.0691275,0.109367
10092,0.315355,0.0587275,0.0691227,0.109357
10093,0.315387,0.0587243,0.0691179,0.109347
10094,0.315418,0.0587212,0.0691131,0.109337
10095,0.315449,0.058718,0.0691084,0.109327
10096,0.31548,0.0587148,0.0691036,0.109317
10097,0.315512,0.0587116,0.0690988,0.109308
10098,0.315543,0.0587084,0.069094,0.109298
10099,0.315574,0.0587052,0.0690893,0.109288
10100,0.315605,0.0587021,0.0690845,0.109278
10101,0.315637,0.0586989,0.0690797,0.109268
10102,0.315668,0.0586957,0.069075,0.109258
10103,0.315699,0.0586925,0.0690702,0.109248
10104,0.31573,0.0586893,0.0690654,0.109239
10105,0.315762,0.0586861,0.0690607,0.109229
10106,0.315793,0.058683,0.0690559,0.109219
10107,0.315824,0.0586798,0.0690511,0.109209
10108,0.315855,0.0586766,0.0690464,0.109199
10109,0.315887,0.0586734,0.0690416,0.109189
10110,0.315918,0.0586702,0.0690368,0.109179
10111,0.315949,0.0586671,0.0690321,0.10917
10112,0.31598,0.0586639,0.0690273,0.10916
10113,0.316011,0.0586607,0.0690225,0.10915
10114,0.316043,0.0586575,0.0690178,0.10914
10115,0.316074,0.0586543,0.069013,0.10913
10116,0.316105,0.0586512,0.0690083,0.10912
10117,0.316136,0.058648,0.0690035,0.10911
10118,0.316168,0.0586448,0.0689987,0.109101
10119,0.316199,0.0586416,0.068994,0.109091
10120,0.31623,0.0586385,0.0689892,0.109081
10121,0.316261,0.0586353,0.0689845,0.109071
10122,0.316293,0.0586321,0.0689797,0.109061
10123,0.316324,0.0586289,0.068975,0.109051
10124,0.316355,0.0586257,0.0689702,0.109042
10125,0.316386,0.0586226,0.0689655,0.109032
10126,0.316418,0.0586194,0.0689607,0.109022
10127,0.316449,0.0586162,0.0689559,0.109012
10128,0.31648,0.058613,0.0689512,0.109002
10129,0.316511,0.0586099,0.0689464,0.108992
10130,0.316543,0.0586067,0.0689417,0.108983
10131,0.316574,0.0586035,0.0689369,0.108973
10132,0.316605,0.0586003,0.0689322,0.108963
10133,0.316636,0.0585972,0.0689274,0.108953
10134,0.316668,0.058594,0.0689227,0.108943
10135,0.316699,0.0585908,0.0689179,0.108933
10136,0.31673,0.0585877,0.0689132,0.108924
10137,0.316761,0.0585845,0.0689085,0.108914
10138,0.316793,0.0585813,0.0689037,0.108904
10139,0.316824,0.0585781,0.068899,0.108894
10140,0.316855,0.058575,0.0688942,0.108884
10141,0.316886,0.0585718,0.0688895,0.108875
10142,0.316918,0.0585686,0.0688847,0.108865
10143,0.316949,0.0585655,0.06888,0.108855
10144,0.31698,0.0585623,0.0688753,0.108845
10145,0.317011,0.0585591,0.0688705,0.108835
10146,0.317043,0.0585559,0.0688658,0.108825
10147,0.317074,0.0585528,0.068861,0.108816
10148,0.317105,0.0585496,0.0688563,0.108806
10149,0.317136,0.0585464,0.0688516,0.108796
10150,0.317168,0.0585433,0.0688468,0.108786
10151,0.317199,0.0585401,0.0688421,0.108776
10152,0.31723,0.0585369,0.0688374,0.108767
10153,0.317261,0.0585338,0.0688326,0.108757
10154,0.317293,0.0585306,0.0688279,0.108747
10155,0.317324,0.0585274,0.0688232,0.108737
10156,0.317355,0.0585243,0.0688184,0.108727
10157,0.317386,0.0585211,0.0688137,0.108718
10158,0.317418,0.0585179,0.068809,0.108708
10159,0.317449,0.0585148,0.0688042,0.108698
10160,0.31748,0.0585116,0.0687995,0.108688
10161,0.317511,0.0585084,0.0687948,0.108679
10162,0.317543,0.0585053,0.06879,0.108669
10163,0.317574,0.0585021,0.0687853,0.108659
10164,0.317605,0.0584989,0.0687806,0.108649
10165,0.317636,0.0584958,0.0687759,0.108639
10166,0.317668,0.0584926,0.0687711,0.10863
10167,0.317699,0.0584894,0.0687664,0.10862
10168,0.31773,0.0584863,0.0687617,0.10861
10169,0.317761,0.0584831,0.068757,0.1086
10170,0.317793,0.0584799,0.0687522,0.108591
10171,0.317824,0.0584768,0.0687475,0.108581
10172,0.317855,0.0584736,0.0687428,0.108571
10173,0.317886,0.0584705,0.0687381,0.108561
10174,0.317918,0.0584673,0.0687334,0.108551
10175,0.317949,0.0584641,0.0687286,0.108542
10176,0.31798,0.058461,0.0687239,0.108532
10177,0.318011,0.0584578,0.0687192,0.108522
10178,0.318043,0.0584547,0.0687145,0.108512
10179,0.318074,0.0584515,0.0687098,0.108503
10180,0.318105,0.0584483,0.068705,0.108493
10181,0.318136,0.0584452,0.0687003,0.108483
10182,0.318168,0.058442,0.0686956,0.108473
10183,0.318199,0.0584389,0.0686909,0.108464
10184,0.31823,0.0584357,0.0686862,0.108454
10185,0.318261,0.0584325,0.0686815,0.108444
10186,0.318293,0.0584294,0.0686768,0.108434
10187,0.318324,0.0584262,0.0686721,0.108425
10188,0.318355,0.0584231,0.0686673,0.108415
10189,0.318386,0.0584199,0.0686626,0.108405
10190,0.318418,0.0584167,0.0686579,0.108395
10191,0.318449,0.0584136,0.0686532,0.108386
10192,0.31848,0.0584104,0.0686485,0.108376
10193,0.318511,0.0584073,0.0686438,0.108366
10194,0.318543,0.0584041,0.0686391,0.108356
10195,0.318574,0.058401,0.0686344,0.108347
10196,0.318605,0.0583978,0.0686297,0.108337
10197,0.318636,0.0583946,0.068625,0.108327
10198,0.318668,0.0583915,0.0686203,0.108317
10199,0.318699,0.0583883,0.0686156,0.108308
10200,0.31873,0.0583852,0.0686109,0.108298
10201,0.318761,0.058382,0.0686062,0.108288
10202,0.318793,0.0583789,0.0686015,0.108278
10203,0.318824,0.0583757,0.0685968,0.108269
10204,0.318855,0.0583726,0.0685921,0.108259
10205,0.318886,0.0583694,0.0685874,0.108249
10206,0.318918,0.0583663,0.0685827,0.108239
10207,0.318949,0.0583631,0.068578,0.10823
10208,0.31898,0.05836,0.0685733,0.10822
10209,0.319011,0.0583568,0.0685686,0.10821
10210,0.319043,0.0583536,0.0685639,0.108201
10211,0.319074,0.0583505,0.0685592,0.108191
10212,0.319105,0.0583473,0.0685545,0.108181
10213,0.319136,0.0583442,0.0685498,0.108171
10214,0.319168,0.058341,0.0685451,0.108162
10215,0.319199,0.0583379,0.0685404,0.108152
10216,0.31923,0.0583347,0.0685357,0.108142
10217,0.319261,0.0583316,0.068531,0.108133
10218,0.319293,0.0583284,0.0685263,0.108123
10219,0.319324,0.0583253,0.0685216,0.108113
10220,0.319355,0.0583221,0.068517,0.108103
10221,0.319386,0.058319,0.0685123,0.108094
10222,0.319418,0.0583158,0.0685076,0.108084
10223,0.319449,0.0583127,0.0685029,0.108074
10224,0.31948,0.0583095,0.0684982,0.108065
10225,0.319511,0.0583064,0.0684935,0.108055
10226,0.319543,0.0583032,0.0684888,0.108046
10227,0.319574,0.0583001,0.0684841,0.108036
10228,0.319605,0.058297,0.0684795,0.108026
10229,0.319636,0.0582938,0.0684748,0.108017
10230,0.319668,0.0582907,0.0684701,0.108007
10231,0.319699,0.0582875,0.0684654,0.107998
10232,0.31973,0.0582844,0.0684607,0.107988
10233,0.319761,0.0582812,0.0684561,0.107979
10234,0.319793,0.0582781,0.0684514,0.107969
10235,0.319824,0.0582749,0.0684467,0.10796
10236,0.319855,0.0582718,0.068442,0.10795
10237,0.319886,0.0582686,0.0684373,0.10794
10238,0.319918,0.0582655,0.0684327,0.107931
10239,0.319949,0.0582624,0.068428,0.107921
10240,0.31998,0.0582592,0.0684233,0.107912
10241,0.320011,0.0582561,0.0684186,0.107902
10242,0.320042,0.0582529,0.068414,0.107893
10243,0.320074,0.0582498,0.0684093,0.107883
10244,0.320105,0.0582466,0.0684046,0.107874
10245,0.320136,0.0582435,0.0683999,0.107864
10246,0.320167,0.0582404,0.0683953,0.107855
10247,0.320199,0.0582372,0.0683906,0.107845
10248,0.32023,0.0582341,0.0683859,0.107836
10249,0.320261,0.0582309,0.0683813,0.107826
10250,0.320292,0.0582278,0.0683766,0.107817
10251,0.320324,0.0582246,0.0683719,0.107807
10252,0.320355,0.0582215,0.0683673,0.107797
10253,0.320386,0.0582184,0.0683626,0.107788
10254,0.320417,0.0582152,0.0683579,0.107778
10255,0.320449,0.0582121,0.0683533,0.107769
10256,0.32048,0.0582089,0.0683486,0.107759
10257,0.320511,0.0582058,0.0683439,0.10775
10258,0.320542,0.0582027,0.0683393,0.10774
10259,0.320574,0.0581995,0.0683346,0.107731
10260,0.320605,0.0581964,0.0683299,0.107721
10261,0.320636,0.0581933,0.0683253,0.107712
10262,0.320667,0.0581901,0.0683206,0.107702
10263,0.320699,0.058187,0.068316,0.107693
10264,0.32073,0.0581838,0.0683113,0.107683
10265,0.320761,0.0581807,0.0683066,0.107674
10266,0.320792,0.0581776,0.068302,0.107664
10267,0.320824,0.0581744,0.0682973,0.107655
10268,0.320855,0.0581713,0.0682927,0.107645
10269,0.320886,0.0581682,0.068288,0.107636
10270,0.320917,0.058165,0.0682834,0.107626
10271,0.320949,0.0581619,0.0682787,0.107617
10272,0.32098,0.0581588,0.068274,0.107607
10273,0.321011,0.0581556,0.0682694,0.107598
10274,0.321042,0.0581525,0.0682647,0.107588
10275,0.321074,0.0581493,0.0682601,0.107579
10276,0.321105,0.0581462,0.0682554,0.107569
10277,0.321136,0.0581431,0.0682508,0.10756
10278,0.321167,0.0581399,0.0682461,0.10755
10279,0.321199,0.0581368,0.0682415,0.107541
10280,0.32123,0.0581337,0.0682368,0.107531
10281,0.321261,0.0581305,0.0682322,0.107522
10282,0.321292,0.0581274,0.0682275,0.107512
10283,0.321324,0.0581243,0.0682229,0.107503
10284,0.321355,0.0581212,0.0682182,0.107493
10285,0.321386,0.058118,0.0682136,0.107484
10286,0.321417,0.0581149,0.068209,0.107474
10287,0.321449,0.0581118,0.0682043,0.107465
10288,0.32148,0.0581086,0.0681997,0.107455
10289,0.321511,0.0581055,0.068195,0.107446
10290,0.321542,0.0581024,0.0681904,0.107436
10291,0.321574,0.0580992,0.0681857,0.107427
10292,0.321605,0.0580961,0.0681811,0.107417
10293,0.321636,0.058093,0.0681765,0.107408
10294,0.321667,0.0580898,0.0681718,0.107399
10295,0.321699,0.0580867,0.0681672,0.107389
10296,0.32173,0.0580836,0.0681625,0.10738
10297,0.321761,0.0580805,0.0681579,0.10737
10298,0.321792,0.0580773,0.0681533,0.107361
10299,0.321824,0.0580742,0.0681486,0.107351
10300,0.321855,0.0580711,0.068144,0.107342
10301,0.321886,0.058068,0.0681394,0.107332
10302,0.321917,0.0580648,0.0681347,0.107323
10303,0.321949,0.0580617,0.0681301,0.107313
10304,0.32198,0.0580586,0.0681255,0.107304
10305,0.322011,0.0580554,0.0681208,0.107294
10306,0.322042,0.0580523,0.0681162,0.107285
10307,0.322074,0.0580492,0.0681116,0.107275
10308,0.322105,0.0580461,0.0681069,0.107266
10309,0.322136,0.0580429,0.0681023,0.107257
10310,0.322167,0.0580398,0.0680977,0.107247
10311,0.322199,0.0580367,0.068093,0.107238
10312,0.32223,0.0580336,0.0680884,0.107228
10313,0.322261,0.0580304,0.0680838,0.107219
10314,0.322292,0.0580273,0.0680792,0.107209
10315,0.322324,0.0580242,0.0680745,0.1072
10316,0.322355,0.0580211,0.0680699,0.10719
10317,0.322386,0.058018,0.0680653,0.107181
10318,0.322417,0.0580148,0.0680607,0.107172
10319,0.322449,0.0580117,0.068056,0.107162
10320,0.32248,0.0580086,0.0680514,0.107153
10321,0.322511,0.0580055,0.0680468,0.107143
10322,0.322542,0.0580023,0.0680422,0.107134
10323,0.322574,0.0579992,0.0680375,0.107124
10324,0.322605,0.0579961,0.0680329,0.107115
10325,0.322636,0.057993,0.0680283,0.107105
10326,0.322667,0.0579899,0.0680237,0.107096
10327,0.322699,0.0579867,0.0680191,0.107087
10328,0.32273,0.0579836,0.0680145,0.107077
10329,0.322761,0.0579805,0.0680098,0.107068
10330,0.322792,0.0579774,0.0680052,0.107058
10331,0.322824,0.0579743,0.0680006,0.107049
10332,0.322855,0.0579711,0.067996,0.107039
10333,0.322886,0.057968,0.0679914,0.10703
10334,0.322917,0.0579649,0.0679868,0.107021
10335,0.322949,0.0579618,0.0679821,0.107011
10336,0.32298,0.0579587,0.0679775,0.107002
10337,0.323011,0.0579556,0.0679729,0.106992
10338,0.323042,0.0579524,0.0679683,0.106983
10339,0.323074,0.0579493,0.0679637,0.106974
10340,0.323105,0.0579462,0.0679591,0.106964
10341,0.323136,0.0579431,0.0679545,0.106955
10342,0.323167,0.05794,0.0679499,0.106945
10343,0.323199,0.0579369,0.0679453,0.106936
10344,0.32323,0.0579337,0.0679407,0.106926
10345,0.323261,0.0579306,0.0679361,0.106917
10346,0.323292,0.0579275,0.0679315,0.106908
10347,0.323324,0.0579244,0.0679268,0.106898
10348,0.323355,0.0579213,0.0679222,0.106889
10349,0.323386,0.0579182,0.0679176,0.106879
10350,0.323417,0.057915,0.067913,0.10687
10351,0.323449,0.0579119,0.0679084,0.106861
10352,0.32348,0.0579088,0.0679038,0.106851
10353,0.323511,0.0579057,0.0678992,0.106842
10354,0.323542,0.0579026,0.0678946,0.106832
10355,0.323574,0.0578995,0.06789,0.106823
10356,0.323605,0.0578964,0.0678854,0.106814
10357,0.323636,0.0578933,0.0678808,0.106804
10358,0.323667,0.0578901,0.0678762,0.106795
10359,0.323699,0.057887,0.0678716,0.106785
10360,0.32373,0.0578839,0.067867,0.106776
10361,0.323761,0.0578808,0.0678624,0.106767
10362,0.323792,0.0578777,0.0678578,0.106757
10363,0.323824,0.0578746,0.0678533,0.106748
10364,0.323855,0.0578715,0.0678487,0.106738
10365,0.323886,0.0578684,0.0678441,0.106729
10366,0.323917,0.0578653,0.0678395,0.10672
10367,0.323949,0.0578622,0.0678349,0.10671
10368,0.32398,0.057859,0.0678303,0.106701
10369,0.324011,0.0578559,0.0678257,0.106692
10370,0.324042,0.0578528,0.0678211,0.106682
10371,0.324073,0.0578497,0.0678165,0.106673
10372,0.324105,0.0578466,0.0678119,0.106663
10373,0.324136,0.0578435,0.0678073,0.106654
10374,0.324167,0.0578404,0.0678028,0.106645
10375,0.324198,0.0578373,0.0677982,0.106635
10376,0.32423,0.0578342,0.0677936,0.106626
10377,0.324261,0.0578311,0.067789,0.106617
10378,0.324292,0.057828,0.0677844,0.106607
10379,0.324323,0.0578249,0.0677798,0.106598
10380,0.324355,0.0578218,0.0677752,0.106588
10381,0.324386,0.0578186,0.0677707,0.106579
10382,0.324417,0.0578155,0.0677661,0.10657
10383,0.324448,0.0578124,0.0677615,0.10656
10384,0.32448,0.0578093,0.0677569,0.106551
10385,0.324511,0.0578062,0.0677523,0.106542
10386,0.324542,0.0578031,0.0677478,0.106532
10387,0.324573,0.0578,0.0677432,0.106523
10388,0.324605,0.0577969,0.0677386,0.106514
10389,0.324636,0.0577938,0.067734,0.106504
10390,0.324667,0.0577907,0.0677294,0.106495
10391,0.324698,0.0577876,0.0677249,0.106486
10392,0.32473,0.0577845,0.0677203,0.106476
10393,0.324761,0.0577814,0.0677157,0.106467
10394,0.324792,0.0577783,0.0677111,0.106457
10395,0.324823,0.0577752,0.0677066,0.106448
10396,0.324855,0.0577721,0.067702,0.106439
10397,0.324886,0.057769,0.0676974,0.106429
10398,0.324917,0.0577659,0.0676928,0.10642
10399,0.324948,0.0577628,0.0676883,0.106411
10400,0.32498,0.0577597,0.0676837,0.106401
10401,0.325011,0.0577566,0.0676791,0.106392
10402,0.325042,0.0577535,0.0676746,0.106383
10403,0.325073,0.0577504,0.06767,0.106373
10404,0.325105,0.0577473,0.0676654,0.106364
10405,0.325136,0.0577442,0.0676609,0.106355
10406,0.325167,0.0577411,0.0676563,0.106345
10407,0.325198,0.057738,0.0676517,0.106336
10408,0.32523,0.0577349,0.0676472,0.106327
10409,0.325261,0.0577318,0.0676426,0.106317
10410,0.325292,0.0577287,0.067638,0.106308
10411,0.325323,0.0577256,0.0676335,0.106299
10412,0.325355,0.0577225,0.0676289,0.106289
10413,0.325386,0.0577194,0.0676243,0.10628
10414,0.325417,0.0577163,0.0676198,0.106271
10415,0.325448,0.0577132,0.0676152,0.106261
10416,0.32548,0.0577101,0.0676107,0.106252
10417,0.325511,0.057707,0.0676061,0.106243
10418,0.325542,0.0577039,0.0676015,0.106233
10419,0.325573,0.0577008,0.067597,0.106224
10420,0.325605,0.0576977,0.0675924,0.106215
10421,0.325636,0.0576946,0.0675879,0.106205
10422,0.325667,0.0576915,0.0675833,0.106196
10423,0.325698,0.0576884,0.0675788,0.106187
10424,0.32573,0.0576853,0.0675742,0.106178
10425,0.325761,0.0576823,0.0675696,0.106168
10426,0.325792,0.0576792,0.0675651,0.106159
10427,0.325823,0.0576761,0.0675605,0.10615
10428,0.325855,0.057673,0.067556,0.10614
10429,0.325886,0.0576699,0.0675514,0.106131
10430,0.325917,0.0576668,0.0675469,0.106122
10431,0.325948,0.0576637,0.0675423,0.106112
10432,0.32598,0.0576606,0.0675378,0.106103
10433,0.326011,0.0576575,0.0675332,0.106094
10434,0.326042,0.0576544,0.0675287,0.106084
10435,0.326073,0.0576513,0.0675241,0.106075
10436,0.326105,0.0576482,0.0675196,0.106066
10437,0.326136,0.0576451,0.067515,0.106057
10438,0.326167,0.0576421,0.0675105,0.106047
10439,0.326198,0.057639,0.0675059,0.106038
10440,0.32623,0.0576359,0.0675014,0.106029
10441,0.326261,0.0576328,0.0674968,0.106019
10442,0.326292,0.0576297,0.0674923,0.10601
10443,0.326323,0.0576266,0.0674878,0.106001
10444,0.326355,0.0576235,0.0674832,0.105992
10445,0.326386,0.0576204,0.0674787,0.105982
10446,0.326417,0.0576173,0.0674741,0.105973
10447,0.326448,0.0576142,0.0674696,0.105964
10448,0.32648,0.0576112,0.0674651,0.105954
10449,0.326511,0.0576081,0.0674605,0.105945
10450,0.326542,0.057605,0.067456,0.105936
10451,0.326573,0.0576019,0.0674514,0.105927
10452,0.326605,0.0575988,0.0674469,0.105917
10453,0.326636,0.0575957,0.0674424,0.105908
10454,0.326667,0.0575926,0.0674378,0.105899
10455,0.326698,0.0575896,0.0674333,0.105889
10456,0.32673,0.0575865,0.0674288,0.10588
10457,0.326761,0.0575834,0.0674242,0.105871
10458,0.326792,0.0575803,0.0674197,0.105862
10459,0.326823,0.0575772,0.0674152,0.105852
10460,0.326855,0.0575741,0.0674106,0.105843
10461,0.326886,0.057571,0.0674061,0.105834
10462,0.326917,0.057568,0.0674016,0.105825
10463,0.326948,0.0575649,0.067397,0.105815
10464,0.32698,0.0575618,0.0673925,0.105806
10465,0.327011,0.0575587,0.067388,0.105797
10466,0.327042,0.0575556,0.0673834,0.105788
10467,0.327073,0.0575525,0.0673789,0.105778
10468,0.327105,0.0575495,0.0673744,0.105769
10469,0.327136,0.0575464,0.0673699,0.10576
10470,0.327167,0.0575433,0.0673653,0.10575
10471,0.327198,0.0575402,0.0673608,0.105741
10472,0.32723,0.0575371,0.0673563,0.105732
10473,0.327261,0.057534,0.0673518,0.105723
10474,0.327292,0.057531,0.0673472,0.105713
10475,0.327323,0.0575279,0.0673427,0.105704
10476,0.327355,0.0575248,0.0673382,0.105695
10477,0.327386,0.0575217,0.0673337,0.105686
10478,0.327417,0.0575186,0.0673291,0.105676
10479,0.327448,0.0575156,0.0673246,0.105667
10480,0.32748,0.0575125,0.0673201,0.105658
10481,0.327511,0.0575094,0.0673156,0.105649
10482,0.327542,0.0575063,0.0673111,0.10564
10483,0.327573,0.0575032,0.0673065,0.10563
10484,0.327605,0.0575002,0.067302,0.105621
10485,0.327636,0.0574971,0.0672975,0.105612
10486,0.327667,0.057494,0.067293,0.105603
10487,0.327698,0.0574909,0.0672885,0.105593
10488,0.32773,0.0574879,0.067284,0.105584
10489,0.327761,0.0574848,0.0672794,0.105575
10490,0.327792,0.0574817,0.0672749,0.105566
10491,0.327823,0.0574786,0.0672704,0.105556
10492,0.327855,0.0574755,0.0672659,0.105547
10493,0.327886,0.0574725,0.0672614,0.105538
10494,0.327917,0.0574694,0.0672569,0.105529
10495,0.327948,0.0574663,0.0672524,0.105519
10496,0.32798,0.0574632,0.0672479,0.10551
10497,0.328011,0.0574602,0.0672434,0.105501
10498,0.328042,0.0574571,0.0672388,0.105492
10499,0.328073,0.057454,0.0672343,0.105483
10500,0.328104,0.0574509,0.0672298,0.105473
10501,0.328136,0.0574479,0.0672253,0.105464
10502,0.328167,0.0574448,0.0672208,0.105455
10503,0.328198,0.0574417,0.0672163,0.105446
10504,0.328229,0.0574386,0.0672118,0.105436
10505,0.328261,0.0574356,0.0672073,0.105427
10506,0.328292,0.0574325,0.0672028,0.105418
10507,0.328323,0.0574294,0.0671983,0.105409
10508,0.328354,0.0574264,0.0671938,0.1054
10509,0.328386,0.0574233,0.0671893,0.10539
10510,0.328417,0.0574202,0.0671848,0.105381
10511,0.328448,0.0574171,0.0671803,0.105372
10512,0.328479,0.0574141,0.0671758,0.105363
10513,0.328511,0.057411,0.0671713,0.105354
10514,0.328542,0.0574079,0.0671668,0.105344
10515,0.328573,0.0574048,0.0671623,0.105335
10516,0.328604,0.0574018,0.0671578,0.105326
10517,0.328636,0.0573987,0.0671533,0.105317
10518,0.328667,0.0573956,0.0671488,0.105308
10519,0.328698,0.0573926,0.0671443,0.105298
10520,0.328729,0.0573895,0.0671398,0.105289
10521,0.328761,0.0573864,0.0671353,0.10528
10522,0.328792,0.0573834,0.0671308,0.105271
10523,0.328823,0.0573803,0.0671263,0.105262
10524,0.328854,0.0573772,0.0671218,0.105252
10525,0.328886,0.0573742,0.0671173,0.105243
10526,0.328917,0.0573711,0.0671128,0.105234
10527,0.328948,0.057368,0.0671084,0.105225
10528,0.328979,0.057365,0.0671039,0.105216
10529,0.329011,0.0573619,0.0670994,0.105206
10530,0.329042,0.0573588,0.0670949,0.105197
10531,0.329073,0.0573558,0.0670904,0.105188
10532,0.329104,0.0573527,0.0670859,0.105179
10533,0.329136,0.0573496,0.0670814,0.10517
10534,0.329167,0.0573466,0.0670769,0.105161
10535,0.329198,0.0573435,0.0670725,0.105151
10536,0.329229,0.0573404,0.067068,0.105142
10537,0.329261,0.0573374,0.0670635,0.105133
10538,0.329292,0.0573343,0.067059,0.105124
10539,0.329323,0.0573312,0.0670545,0.105115
10540,0.329354,0.0573282,0.06705,0.105106
10541,0.329386,0.0573251,0.0670456,0.105096
10542,0.329417,0.057322,0.0670411,0.105087
10543,0.329448,0.057319,0.0670366,0.105078
10544,0.329479,0.0573159,0.0670321,0.105069
10545,0.329511,0.0573128,0.0670276,0.10506
10546,0.329542,0.0573098,0.0670232,0.105051
10547,0.329573,0.0573067,0.0670187,0.105041
10548,0.329604,0.0573037,0.0670142,0.105032
10549,0.329636,0.0573006,0.0670097,0.105023
10550,0.329667,0.0572975,0.0670052,0.105014
10551,0.329698,0.0572945,0.0670008,0.105005
10552,0.329729,0.0572914,0.0669963,0.104996
10553,0.329761,0.0572884,0.0669918,0.104986
10554,0.329792,0.0572853,0.0669873,0.104977
10555,0.329823,0.0572822,0.0669829,0.104968
10556,0.329854,0.0572792,0.0669784,0.104959
10557,0.329886,0.0572761,0.0669739,0.10495
10558,0.329917,0.0572731,0.0669695,0.104941
10559,0.329948,0.05727,0.066965,0.104931
10560,0.329979,0.0572669,0.0669605,0.104922
10561,0.330011,0.0572639,0.066956,0.104913
10562,0.330042,0.0572608,0.0669516,0.104904
10563,0.330073,0.0572578,0.0669471,0.104895
10564,0.330104,0.0572547,0.0669426,0.104886
10565,0.330136,0.0572516,0.0669382,0.104877
10566,0.330167,0.0572486,0.0669337,0.104868
10567,0.330198,0.0572455,0.0669292,0.104859
10568,0.330229,0.0572425,0.0669248,0.10485
10569,0.330261,0.0572394,0.0669203,0.104841
10570,0.330292,0.0572364,0.0669158,0.104832
10571,0.330323,0.0572333,0.0669114,0.104823
10572,0.330354,0.0572302,0.0669069,0.104814
10573,0.330386,0.0572272,0.0669025,0.104805
10574,0.330417,0.0572241,0.066898,0.104796
10575,0.330448,0.0572211,0.0668935,0.104787
10576,0.330479,0.057218,0.0668891,0.104778
10577,0.330511,0.057215,0.0668846,0.104769
10578,0.330542,0.0572119,0.0668801,0.10476
10579,0.330573,0.0572089,0.0668757,0.104751
10580,0.330604,0.0572058,0.0668712,0.104742
10581,0.330636,0.0572027,0.0668668,0.104733
10582,0.330667,0.0571997,0.0668623,0.104724
10583,0.330698,0.0571966,0.0668579,0.104715
10584,0.330729,0.0571936,0.0668534,0.104706
10585,0.330761,0.0571905,0.0668489,0.104697
10586,0.330792,0.0571875,0.0668445,0.104688
10587,0.330823,0.0571844,0.06684,0.104679
10588,0.330854,0.0571814,0.0668356,0.10467
10589,0.330886,0.0571783,0.0668311,0.104661
10590,0.330917,0.0571753,0.0668267,0.104652
10591,0.330948,0.0571722,0.0668222,0.104643
10592,0.330979,0.0571692,0.0668178,0.104634
10593,0.331011,0.0571661,0.0668133,0.104625
10594,0.331042,0.0571631,0.0668089,0.104616
10595,0.331073,0.05716,0.0668044,0.104607
10596,0.331104,0.057157,0.0668,0.104598
10597,0.331136,0.0571539,0.0667955,0.104589
10598,0.331167,0.0571509,0.0667911,0.10458
10599,0.331198,0.0571478,0.0667866,0.104571
10600,0.331229,0.0571448,0.0667822,0.104562
10601,0.331261,0.0571417,0.0667778,0.104553
10602,0.331292,0.0571387,0.0667733,0.104544
10603,0.331323,0.0571356,0.0667689,0.104535
10604,0.331354,0.0571326,0.0667644,0.104527
10605,0.331386,0.0571295,0.06676,0.104518
10606,0.331417,0.0571265,0.0667555,0.104509
10607,0.331448,0.0571234,0.0667511,0.1045
10608,0.331479,0.0571204,0.0667466,0.104491
10609,0.331511,0.0571173,0.0667422,0.104482
10610,0.331542,0.0571143,0.0667378,0.104473
10611,0.331573,0.0571112,0.0667333,0.104464
10612,0.331604,0.0571082,0.0667289,0.104455
10613,0.331636,0.0571052,0.0667245,0.104446
10614,0.331667,0.0571021,0.06672,0.104437
10615,0.331698,0.0570991,0.0667156,0.104428
10616,0.331729,0.057096,0.0667111,0.104419
10617,0.331761,0.057093,0.0667067,0.10441
10618,0.331792,0.0570899,0.0667023,0.104401
10619,0.331823,0.0570869,0.0666978,0.104392
10620,0.331854,0.0570838,0.0666934,0.104383
10621,0.331886,0.0570808,0.066689,0.104374
10622,0.331917,0.0570778,0.0666845,0.104365
10623,0.331948,0.0570747,0.0666801,0.104356
10624,0.331979,0.0570717,0.0666757,0.104347
10625,0.33201,0.0570686,0.0666712,0.104339
10626,0.332042,0.0570656,0.0666668,0.10433
10627,0.332073,0.0570625,0.0666624,0.104321
10628,0.332104,0.0570595,0.066658,0.104312
10629,0.332135,0.0570565,0.0666535,0.104303
10630,0.332167,0.0570534,0.0666491,0.104294
10631,0.332198,0.0570504,0.0666447,0.104285
10632,0.332229,0.0570473,0.0666402,0.104276
10633,0.33226,0.0570443,0.0666358,0.104267
10634,0.332292,0.0570413,0.0666314,0.104258
10635,0.332323,0.0570382,0.066627,0.104249
10636,0.332354,0.0570352,0.0666225,0.10424
10637,0.332385,0.0570321,0.0666181,0.104231
10638,0.332417,0.0570291,0.0666137,0.104222
10639,0.332448,0.0570261,0.0666093,0.104213
10640,0.332479,0.057023,0.0666049,0.104205
10641,0.33251,0.05702,0.0666004,0.104196
10642,0.332542,0.0570169,0.066596,0.104187
10643,0.332573,0.0570139,0.0665916,0.104178
10644,0.332604,0.0570109,0.0665872,0.104169
10645,0.332635,0.0570078,0.0665828,0.10416
10646,0.332667,0.0570048,0.0665783,0.104151
10647,0.332698,0.0570017,0.0665739,0.104142
10648,0.332729,0.0569987,0.0665695,0.104133
10649,0.33276,0.0569957,0.0665651,0.104124
10650,0.332792,0.0569926,0.0665607,0.104115
10651,0.332823,0.0569896,0.0665563,0.104106
10652,0.332854,0.0569866,0.0665518,0.104098
10653,0.332885,0.0569835,0.0665474,0.104089
10654,0.332917,0.0569805,0.066543,0.10408
10655,0.332948,0.0569775,0.0665386,0.104071
10656,0.332979,0.0569744,0.0665342,0.104062
10657,0.33301,0.0569714,0.0665298,0.104053
10658,0.333042,0.0569684,0.0665254,0.104044
10659,0.333073,0.0569653,0.066521,0.104035
10660,0.333104,0.0569623,0.0665165,0.104026
10661,0.333135,0.0569593,0.0665121,0.104017
10662,0.333167,0.0569562,0.0665077,0.104009
10663,0.333198,0.0569532,0.0665033,0.104
10664,0.333229,0.0569502,0.0664989,0.103991
10665,0.33326,0.0569471,0.0664945,0.103982
10666,0.333292,0.0569441,0.0664901,0.103973
10667,0.333323,0.0569411,0.0664857,0.103964
10668,0.333354,0.056938,0.0664813,0.103955
10669,0.333385,0.056935,0.0664769,0.103946
10670,0.333417,0.056932,0.0664725,0.103937
10671,0.333448,0.0569289,0.0664681,0.103928
10672,0.333479,0.0569259,0.0664637,0.10392
10673,0.33351,0.0569229,0.0664593,0.103911
10674,0.333542,0.0569198,0.0664549,0.103902
10675,0.333573,0.0569168,0.0664505,0.103893
10676,0.333604,0.0569138,0.0664461,0.103884
10677,0.333635,0.0569107,0.0664417,0.103875
10678,0.333667,0.0569077,0.0664373,0.103866
10679,0.333698,0.0569047,0.0664329,0.103857
10680,0.333729,0.0569017,0.0664285,0.103849
10681,0.33376,0.0568986,0.0664241,0.10384
10682,0.333792,0.0568956,0.0664197,0.103831
10683,0.333823,0.0568926,0.0664153,0.103822
10684,0.333854,0.0568895,0.0664109,0.103813
10685,0.333885,0.0568865,0.0664065,0.103804
10686,0.333917,0.0568835,0.0664021,0.103795
10687,0.333948,0.0568805,0.0663977,0.103786
10688,0.333979,0.0568774,0.0663933,0.103778
10689,0.33401,0.0568744,0.0663889,0.103769
10690,0.334042,0.0568714,0.0663845,0.10376
10691,0.334073,0.0568684,0.0663801,0.103751
10692,0.334104,0.0568653,0.0663757,0.103742
10693,0.334135,0.0568623,0.0663714,0.103733
10694,0.334167,0.0568593,0.066367,0.103724
10695,0.334198,0.0568562,0.0663626,0.103716
10696,0.334229,0.0568532,0.0663582,0.103707
10697,0.33426,0.0568502,0.0663538,0.103698
10698,0.334292,0.0568472,0.0663494,0.103689
10699,0.334323,0.0568442,0.066345,0.10368
10700,0.334354,0.0568411,0.0663406,0.103671
10701,0.334385,0.0568381,0.0663363,0.103662
10702,0.334417,0.0568351,0.0663319,0.103654
10703,0.334448,0.0568321,0.0663275,0.103645
10704,0.334479,0.056829,0.0663231,0.103636
10705,0.33451,0.056826,0.0663187,0.103627
10706,0.334542,0.056823,0.0663143,0.103618
10707,0.334573,0.05682,0.06631,0.103609
10708,0.334604,0.0568169,0.0663056,0.1036
10709,0.334635,0.0568139,0.0663012,0.103592
10710,0.334667,0.0568109,0.0662968,0.103583
10711,0.334698,0.0568079,0.0662924,0.103574
10712,0.334729,0.0568049,0.0662881,0.103565
10713,0.33476,0.0568018,0.0662837,0.103556
10714,0.334792,0.0567988,0.0662793,0.103547
10715,0.334823,0.0567958,0.0662749,0.103539
10716,0.334854,0.0567928,0.0662705,0.10353
10717,0.334885,0.0567898,0.0662662,0.103521
10718,0.334917,0.0567867,0.0662618,0.103512
10719,0.334948,0.0567837,0.0662574,0.103503
10720,0.334979,0.0567807,0.066253,0.103494
10721,0.33501,0.0567777,0.0662487,0.103486
10722,0.335042,0.0567747,0.0662443,0.103477
10723,0.335073,0.0567716,0.0662399,0.103468
10724,0.335104,0.0567686,0.0662356,0.103459
10725,0.335135,0.0567656,0.0662312,0.10345
10726,0.335167,0.0567626,0.0662268,0.103441
10727,0.335198,0.0567596,0.0662224,0.103433
10728,0.335229,0.0567566,0.0662181,0.103424
10729,0.33526,0.0567535,0.0662137,0.103415
10730,0.335292,0.0567505,0.0662093,0.103406
10731,0.335323,0.0567475,0.066205,0.103397
10732,0.335354,0.0567445,0.0662006,0.103388
10733,0.335385,0.0567415,0.0661962,0.10338
10734,0.335417,0.0567385,0.0661919,0.103371
10735,0.335448,0.0567354,0.0661875,0.103362
10736,0.335479,0.0567324,0.0661831,0.103353
10737,0.33551,0.0567294,0.0661788,0.103344
10738,0.335542,0.0567264,0.0661744,0.103336
10739,0.335573,0.0567234,0.06617,0.103327
10740,0.335604,0.0567204,0.0661657,0.103318
10741,0.335635,0.0567173,0.0661613,0.103309
10742,0.335667,0.0567143,0.066157,0.1033
10743,0.335698,0.0567113,0.0661526,0.103291
10744,0.335729,0.0567083,0.0661482,0.103283
10745,0.33576,0.0567053,0.0661439,0.103274
10746,0.335792,0.0567023,0.0661395,0.103265
10747,0.335823,0.0566993,0.0661352,0.103256
10748,0.335854,0.0566963,0.0661308,0.103247
10749,0.335885,0.0566932,0.0661265,0.103239
10750,0.335917,0.0566902,0.0661221,0.10323
10751,0.335948,0.0566872,0.0661177,0.103221
10752,0.335979,0.0566842,0.0661134,0.103212
10753,0.33601,0.0566812,0.066109,0.103203
10754,0.336041,0.0566782,0.0661047,0.103195
10755,0.336073,0.0566752,0.0661003,0.103186
10756,0.336104,0.0566722,0.066096,0.103177
10757,0.336135,0.0566692,0.0660916,0.103168
10758,0.336166,0.0566661,0.0660873,0.10316
10759,0.336198,0.0566631,0.0660829,0.103151
10760,0.336229,0.0566601,0.0660786,0.103142
10761,0.33626,0.0566571,0.0660742,0.103133
10762,0.336291,0.0566541,0.0660699,0.103124
10763,0.336323,0.0566511,0.0660655,0.103116
10764,0.336354,0.0566481,0.0660612,0.103107
10765,0.336385,0.0566451,0.0660568,0.103098
10766,0.336416,0.0566421,0.0660525,0.103089
10767,0.336448,0.0566391,0.0660481,0.10308
10768,0.336479,0.0566361,0.0660438,0.103072
10769,0.33651,0.0566331,0.0660394,0.103063
10770,0.336541,0.05663,0.0660351,0.103054
10771,0.336573,0.056627,0.0660307,0.103045
10772,0.336604,0.056624,0.0660264,0.103037
10773,0.336635,0.056621,0.0660221,0.103028
10774,0.336666,0.056618,0.0660177,0.103019
10775,0.336698,0.056615,0.0660134,0.10301
10776,0.336729,0.056612,0.066009,0.103001
10777,0.33676,0.056609,0.0660047,0.102993
10778,0.336791,0.056606,0.0660003,0.102984
10779,0.336823,0.056603,0.065996,0.102975
10780,0.336854,0.0566,0.0659917,0.102966
10781,0.336885,0.056597,0.0659873,0.102958
10782,0.336916,0.056594,0.065983,0.102949
10783,0.336948,0.056591,0.0659787,0.10294
10784,0.336979,0.056588,0.0659743,0.102931
10785,0.33701,0.056585,0.06597,0.102923
10786,0.337041,0.056582,0.0659656,0.102914
10787,0.337073,0.056579,0.0659613,0.102905
10788,0.337104,0.056576,0.065957,0.102896
10789,0.337135,0.056573,0.0659526,0.102888
10790,0.337166,0.05657,0.0659483,0.102879
10791,0.337198,0.056567,0.065944,0.10287
10792,0.337229,0.056564,0.0659396,0.102861
10793,0.33726,0.056561,0.0659353,0.102853
10794,0.337291,0.056558,0.065931,0.102844
10795,0.337323,0.0565549,0.0659267,0.102835
10796,0.337354,0.0565519,0.0659223,0.102826
10797,0.337385,0.0565489,0.065918,0.102818
10798,0.337416,0.0565459,0.0659137,0.102809
10799,0.337448,0.0565429,0.0659093,0.1028
10800,0.337479,0.0565399,0.065905,0.102791
10801,0.33751,0.0565369,0.0659007,0.102783
10802,0.337541,0.0565339,0.0658964,0.102774
10803,0.337573,0.056531,0.065892,0.102765
10804,0.337604,0.056528,0.0658877,0.102756
10805,0.337635,0.056525,0.0658834,0.102748
10806,0.337666,0.056522,0.0658791,0.102739
10807,0.337698,0.056519,0.0658747,0.10273
10808,0.337729,0.056516,0.0658704,0.102721
10809,0.33776,0.056513,0.0658661,0.102713
10810,0.337791,0.05651,0.0658618,0.102704
10811,0.337823,0.056507,0.0658574,0.102695
10812,0.337854,0.056504,0.0658531,0.102687
10813,0.337885,0.056501,0.0658488,0.102678
10814,0.337916,0.056498,0.0658445,0.102669
10815,0.337948,0.056495,0.0658402,0.10266
10816,0.337979,0.056492,0.0658358,0.102652
10817,0.33801,0.056489,0.0658315,0.102643
10818,0.338041,0.056486,0.0658272,0.102634
10819,0.338073,0.056483,0.0658229,0.102625
10820,0.338104,0.05648,0.0658186,0.102617
10821,0.338135,0.056477,0.0658143,0.102608
10822,0.338166,0.056474,0.0658099,0.102599
10823,0.338198,0.056471,0.0658056,0.102591
10824,0.338229,0.056468,0.0658013,0.102582
10825,0.33826,0.056465,0.065797,0.102573
10826,0.338291,0.056462,0.0657927,0.102564
10827,0.338323,0.056459,0.0657884,0.102556
10828,0.338354,0.0564561,0.0657841,0.102547
10829,0.338385,0.0564531,0.0657798,0.102538
10830,0.338416,0.0564501,0.0657754,0.10253
10831,0.338448,0.0564471,0.0657711,0.102521
10832,0.338479,0.0564441,0.0657668,0.102512
10833,0.33851,0.0564411,0.0657625,0.102503
10834,0.338541,0.0564381,0.0657582,0.102495
10835,0.338573,0.0564351,0.0657539,0.102486
10836,0.338604,0.0564321,0.0657496,0.102477
10837,0.338635,0.0564291,0.0657453,0.102469
10838,0.338666,0.0564261,0.065741,0.10246
10839,0.338698,0.0564231,0.0657367,0.102451
10840,0.338729,0.0564202,0.0657324,0.102443
10841,0.33876,0.0564172,0.0657281,0.102434
10842,0.338791,0.0564142,0.0657238,0.102425
10843,0.338823,0.0564112,0.0657195,0.102416
10844,0.338854,0.0564082,0.0657152,0.102408
10845,0.338885,0.0564052,0.0657109,0.102399
10846,0.338916,0.0564022,0.0657066,0.10239
10847,0.338948,0.0563992,0.0657023,0.102382
10848,0.338979,0.0563962,0.065698,0.102373
10849,0.33901,0.0563933,0.0656937,0.102364
10850,0.339041,0.0563903,0.0656894,0.102356
10851,0.339073,0.0563873,0.0656851,0.102347
10852,0.339104,0.0563843,0.0656808,0.102338
10853,0.339135,0.0563813,0.0656765,0.10233
10854,0.339166,0.0563783,0.0656722,0.102321
10855,0.339198,0.0563753,0.0656679,0.102312
10856,0.339229,0.0563723,0.0656636,0.102303
10857,0.33926,0.0563694,0.0656593,0.102295
10858,0.339291,0.0563664,0.065655,0.102286
10859,0.339323,0.0563634,0.0656507,0.102277
10860,0.339354,0.0563604,0.0656464,0.102269
10861,0.339385,0.0563574,0.0656421,0.10226
10862,0.339416,0.0563544,0.0656378,0.102251
10863,0.339448,0.0563514,0.0656335,0.102243
10864,0.339479,0.0563485,0.0656292,0.102234
10865,0.33951,0.0563455,0.0656249,0.102225
10866,0.339541,0.0563425,0.0656207,0.102217
10867,0.339573,0.0563395,0.0656164,0.102208
10868,0.339604,0.0563365,0.0656121,0.102199
10869,0.339635,0.0563335,0.0656078,0.102191
10870,0.339666,0.0563306,0.0656035,0.102182
10871,0.339698,0.0563276,0.0655992,0.102173
10872,0.339729,0.0563246,0.0655949,0.102165
10873,0.33976,0.0563216,0.0655906,0.102156
10874,0.339791,0.0563186,0.0655864,0.102147
10875,0.339823,0.0563157,0.0655821,0.102139
10876,0.339854,0.0563127,0.0655778,0.10213
10877,0.339885,0.0563097,0.0655735,0.102121
10878,0.339916,0.0563067,0.0655692,0.102113
10879,0.339948,0.0563037,0.0655649,0.102104
10880,0.339979,0.0563007,0.0655607,0.102095
10881,0.34001,0.0562978,0.0655564,0.102087
10882,0.340041,0.0562948,0.0655521,0.102078
10883,0.340072,0.0562918,0.0655478,0.102069
10884,0.340104,0.0562888,0.0655435,0.102061
10885,0.340135,0.0562858,0.0655393,0.102052
10886,0.340166,0.0562829,0.065535,0.102044
10887,0.340197,0.0562799,0.0655307,0.102035
10888,0.340229,0.0562769,0.0655264,0.102026
10889,0.34026,0.0562739,0.0655221,0.102018
10890,0.340291,0.056271,0.0655179,0.102009
10891,0.340322,0.056268,0.0655136,0.102
10892,0.340354,0.056265,0.0655093,0.101992
10893,0.340385,0.056262,0.065505,0.101983
10894,0.340416,0.056259,0.0655008,0.101974
10895,0.340447,0.0562561,0.0654965,0.101966
10896,0.340479,0.0562531,0.0654922,0.101957
10897,0.34051,0.0562501,0.065488,0.101948
10898,0.340541,0.0562471,0.0654837,0.10194
10899,0.340572,0.0562442,0.0654794,0.101931
10900,0.340604,0.0562412,0.0654751,0.101923
10901,0.340635,0.0562382,0.0654709,0.101914
10902,0.340666,0.0562352,0.0654666,0.101905
10903,0.340697,0.0562323,0.0654623,0.101897
10904,0.340729,0.0562293,0.0654581,0.101888
10905,0.34076,0.0562263,0.0654538,0.101879
10906,0.340791,0.0562233,0.0654495,0.101871
10907,0.340822,0.0562204,0.0654453,0.101862
10908,0.340854,0.0562174,0.065441,0.101854
10909,0.340885,0.0562144,0.0654367,0.101845
10910,0.340916,0.0562114,0.0654325,0.101837
10911,0.340947,0.0562085,0.0654282,0.101828
10912,0.340979,0.0562055,0.0654239,0.10182
10913,0.34101,0.0562025,0.0654197,0.101811
10914,0.341041,0.0561995,0.0654154,0.101803
10915,0.341072,0.0561966,0.0654112,0.101794
10916,0.341104,0.0561936,0.0654069,0.101786
10917,0.341135,0.0561906,0.0654026,0.101777
10918,0.341166,0.0561877,0.0653984,0.101769
10919,0.341197,0.0561847,0.0653941,0.10176
10920,0.341229,0.0561817,0.0653898,0.101752
10921,0.34126,0.0561787,0.0653856,0.101743
10922,0.341291,0.0561758,0.0653813,0.101735
10923,0.341322,0.0561728,0.0653771,0.101726
10924,0.341354,0.0561698,0.0653728,0.101718
10925,0.341385,0.0561669,0.0653686,0.101709
10926,0.341416,0.0561639,0.0653643,0.101701
10927,0.341447,0.0561609,0.06536,0.101692
10928,0.341479,0.056158,0.0653558,0.101684
10929,0.34151,0.056155,0.0653515,0.101675
10930,0.341541,0.056152,0.0653473,0.101667
10931,0.341572,0.056149,0.065343,0.101659
10932,0.341604,0.0561461,0.0653388,0.10165
10933,0.341635,0.0561431,0.0653345,0.101642
10934,0.341666,0.0561401,0.0653303,0.101633
10935,0.341697,0.0561372,0.065326,0.101625
10936,0.341729,0.0561342,0.0653218,0.101616
10937,0.34176,0.0561312,0.0653175,0.101608
10938,0.341791,0.0561283,0.0653133,0.101599
10939,0.341822,0.0561253,0.065309,0.101591
10940,0.341854,0.0561223,0.0653048,0.101582
10941,0.341885,0.0561194,0.0653005,0.101574
10942,0.341916,0.0561164,0.0652963,0.101565
10943,0.341947,0.0561134,0.065292,0.101557
10944,0.341979,0.0561105,0.0652878,0.101548
10945,0.34201,0.0561075,0.0652835,0.10154
10946,0.342041,0.0561045,0.0652793,0.101532
10947,0.342072,0.0561016,0.0652751,0.101523
10948,0.342104,0.0560986,0.0652708,0.101515
10949,0.342135,0.0560957,0.0652666,0.101506
10950,0.342166,0.0560927,0.0652623,0.101498
10951,0.342197,0.0560897,0.0652581,0.101489
10952,0.342229,0.0560868,0.0652538,0.101481
10953,0.34226,0.0560838,0.0652496,0.101472
10954,0.342291,0.0560808,0.0652454,0.101464
10955,0.342322,0.0560779,0.0652411,0.101455
10956,0.342354,0.0560749,0.0652369,0.101447
10957,0.342385,0.0560719,0.0652326,0.101439
10958,0.342416,0.056069,0.0652284,0.10143
10959,0.342447,0.056066,0.0652242,0.101422
10960,0.342479,0.0560631,0.0652199,0.101413
10961,0.34251,0.0560601,0.0652157,0.101405
10962,0.342541,0.0560571,0.0652115,0.101396
10963,0.342572,0.0560542,0.0652072,0.101388
10964,0.342604,0.0560512,0.065203,0.101379
10965,0.342635,0.0560483,0.0651988,0.101371
10966,0.342666,0.0560453,0.0651945,0.101363
10967,0.342697,0.0560423,0.0651903,0.101354
10968,0.342729,0.0560394,0.0651861,0.101346
10969,0.34276,0.0560364,0.0651818,0.101337
10970,0.342791,0.0560335,0.0651776,0.101329
10971,0.342822,0.0560305,0.0651734,0.10132
10972,0.342854,0.0560275,0.0651691,0.101312
10973,0.342885,0.0560246,0.0651649,0.101303
10974,0.342916,0.0560216,0.0651607,0.101295
10975,0.342947,0.0560187,0.0651564,0.101287
10976,0.342979,0.0560157,0.0651522,0.101278
10977,0.34301,0.0560127,0.065148,0.10127
10978,0.343041,0.0560098,0.0651438,0.101261
10979,0.343072,0.0560068,0.0651395,0.101253
10980,0.343104,0.0560039,0.0651353,0.101244
10981,0.343135,0.0560009,0.0651311,0.101236
10982,0.343166,0.055998,0.0651269,0.101228
10983,0.343197,0.055995,0.0651226,0.101219
10984,0.343229,0.055992,0.0651184,0.101211
10985,0.34326,0.0559891,0.0651142,0.101202
10986,0.343291,0.0559861,0.06511,0.101194
10987,0.343322,0.0559832,0.0651057,0.101186
10988,0.343354,0.0559802,0.0651015,0.101177
10989,0.343385,0.0559773,0.0650973,0.101169
10990,0.343416,0.0559743,0.0650931,0.10116
10991,0.343447,0.0559714,0.0650888,0.101152
10992,0.343479,0.0559684,0.0650846,0.101143
10993,0.34351,0.0559654,0.0650804,0.101135
10994,0.343541,0.0559625,0.0650762,0.101127
10995,0.343572,0.0559595,0.065072,0.101118
10996,0.343604,0.0559566,0.0650678,0.10111
10997,0.343635,0.0559536,0.0650635,0.101101
10998,0.343666,0.0559507,0.0650593,0.101093
10999,0.343697,0.0559477,0.0650551,0.101085
11000,0.343729,0.0559448,0.0650509,0.101076
11001,0.34376,0.0559418,0.0650467,0.101068
11002,0.343791,0.0559389,0.0650425,0.101059
11003,0.343822,0.0559359,0.0650383,0.101051
11004,0.343854,0.055933,0.065034,0.101043
11005,0.343885,0.05593,0.0650298,0.101034
11006,0.343916,0.0559271,0.0650256,0.101026
11007,0.343947,0.0559241,0.0650214,0.101017
11008,0.343979,0.0559212,0.0650172,0.101009
11009,0.34401,0.0559182,0.065013,0.101001
11010,0.344041,0.0559153,0.0650088,0.100992
11011,0.344072,0.0559123,0.0650046,0.100984
11012,0.344103,0.0559094,0.0650004,0.100975
11013,0.344135,0.0559064,0.0649961,0.100967
11014,0.344166,0.0559035,0.0649919,0.100959
11015,0.344197,0.0559005,0.0649877,0.10095
11016,0.344228,0.0558976,0.0649835,0.100942
11017,0.34426,0.0558946,0.0649793,0.100933
11018,0.344291,0.0558917,0.0649751,0.100925
11019,0.344322,0.0558887,0.0649709,0.100917
11020,0.344353,0.0558858,0.0649667,0.100908
11021,0.344385,0.0558828,0.0649625,0.1009
11022,0.344416,0.0558799,0.0649583,0.100892
11023,0.344447,0.0558769,0.0649541,0.100883
11024,0.344478,0.055874,0.0649499,0.100875
11025,0.34451,0.055871,0.0649457,0.100866
11026,0.344541,0.0558681,0.0649415,0.100858
11027,0.344572,0.0558651,0.0649373,0.10085
11028,0.344603,0.0558622,0.0649331,0.100841
11029,0.344635,0.0558593,0.0649289,0.100833
11030,0.344666,0.0558563,0.0649247,0.100825
11031,0.344697,0.0558534,0.0649205,0.100816
11032,0.344728,0.0558504,0.0649163,0.100808
11033,0.34476,0.0558475,0.0649121,0.100799
11034,0.344791,0.0558445,0.0649079,0.100791
11035,0.344822,0.0558416,0.0649037,0.100783
11036,0.344853,0.0558386,0.0648995,0.100774
11037,0.344885,0.0558357,0.0648953,0.100766
11038,0.344916,0.0558327,0.0648911,0.100758
11039,0.344947,0.0558298,0.0648869,0.100749
11040,0.344978,0.0558269,0.0648827,0.100741
11041,0.34501,0.0558239,0.0648785,0.100732
11042,0.345041,0.055821,0.0648744,0.100724
11043,0.345072,0.055818,0.0648702,0.100716
11044,0.345103,0.0558151,0.064866,0.100707
11045,0.345135,0.0558121,0.0648618,0.100699
11046,0.345166,0.0558092,0.0648576,0.100691
11047,0.345197,0.0558063,0.0648534,0.100682
11048,0.345228,0.0558033,0.0648492,0.100674
11049,0.34526,0.0558004,0.064845,0.100666
11050,0.345291,0.0557974,0.0648408,0.100657
11051,0.345322,0.0557945,0.0648366,0.100649
11052,0.345353,0.0557916,0.0648325,0.100641
11053,0.345385,0.0557886,0.0648283,0.100632
11054,0.345416,0.0557857,0.0648241,0.100624
11055,0.345447,0.0557827,0.0648199,0.100616
11056,0.345478,0.0557798,0.0648157,0.100607
11057,0.34551,0.0557769,0.0648115,0.100599
11058,0.345541,0.0557739,0.0648073,0.10059
11059,0.345572,0.055771,0.0648032,0.100582
11060,0.345603,0.055768,0.064799,0.100574
11061,0.345635,0.0557651,0.0647948,0.100565
11062,0.345666,0.0557622,0.0647906,0.100557
11063,0.345697,0.0557592,0.0647864,0.100549
11064,0.345728,0.0557563,0.0647823,0.10054
11065,0.34576,0.0557534,0.0647781,0.100532
11066,0.345791,0.0557504,0.0647739,0.100524
11067,0.345822,0.0557475,0.0647697,0.100515
11068,0.345853,0.0557445,0.0647655,0.100507
11069,0.345885,0.0557416,0.0647614,0.100499
11070,0.345916,0.0557387,0.0647572,0.10049
11071,0.345947,0.0557357,0.064753,0.100482
11072,0.345978,0.0557328,0.0647488,0.100474
11073,0.34601,0.0557299,0.0647447,0.100465
11074,0.346041,0.0557269,0.0647405,0.100457
11075,0.346072,0.055724,0.0647363,0.100449
11076,0.346103,0.0557211,0.0647321,0.10044
11077,0.346135,0.0557181,0.064728,0.100432
11078,0.346166,0.0557152,0.0647238,0.100424
11079,0.346197,0.0557122,0.0647196,0.100415
11080,0.346228,0.0557093,0.0647154,0.100407
11081,0.34626,0.0557064,0.0647113,0.100399
11082,0.346291,0.0557034,0.0647071,0.100391
11083,0.346322,0.0557005,0.0647029,0.100382
11084,0.346353,0.0556976,0.0646988,0.100374
11085,0.346385,0.0556946,0.0646946,0.100366
11086,0.346416,0.0556917,0.0646904,0.100357
11087,0.346447,0.0556888,0.0646863,0.100349
11088,0.346478,0.0556858,0.0646821,0.100341
11089,0.34651,0.0556829,0.0646779,0.100332
11090,0.346541,0.05568,0.0646738,0.100324
11091,0.346572,0.0556771,0.0646696,0.100316
11092,0.346603,0.0556741,0.0646654,0.100307
11093,0.346635,0.0556712,0.0646613,0.100299
11094,0.346666,0.0556683,0.0646571,0.100291
11095,0.346697,0.0556653,0.0646529,0.100282
11096,0.346728,0.0556624,0.0646488,0.100274
11097,0.34676,0.0556595,0.0646446,0.100266
11098,0.346791,0.0556565,0.0646404,0.100258
11099,0.346822,0.0556536,0.0646363,0.100249
11100,0.346853,0.0556507,0.0646321,0.100241
11101,0.346885,0.0556477,0.064628,0.100233
11102,0.346916,0.0556448,0.0646238,0.100224
11103,0.346947,0.0556419,0.0646196,0.100216
11104,0.346978,0.055639,0.0646155,0.100208
11105,0.34701,0.055636,0.0646113,0.100199
11106,0.347041,0.0556331,0.0646072,0.100191
11107,0.347072,0.0556302,0.064603,0.100183
11108,0.347103,0.0556272,0.0645989,0.100175
11109,0.347135,0.0556243,0.0645947,0.100166
11110,0.347166,0.0556214,0.0645905,0.100158
11111,0.347197,0.0556185,0.0645864,0.10015
11112,0.347228,0.0556155,0.0645822,0.100141
11113,0.34726,0.0556126,0.0645781,0.100133
11114,0.347291,0.0556097,0.0645739,0.100125
11115,0.347322,0.0556068,0.0645698,0.100117
11116,0.347353,0.0556038,0.0645656,0.100108
11117,0.347385,0.0556009,0.0645615,0.1001
11118,0.347416,0.055598,0.0645573,0.100092
11119,0.347447,0.0555951,0.0645532,0.100083
11120,0.347478,0.0555921,0.064549,0.100075
11121,0.34751,0.0555892,0.0645449,0.100067
11122,0.347541,0.0555863,0.0645407,0.100059
11123,0.347572,0.0555834,0.0645366,0.10005
11124,0.347603,0.0555804,0.0645324,0.100042
11125,0.347635,0.0555775,0.0645283,0.100034
11126,0.347666,0.0555746,0.0645241,0.100025
11127,0.347697,0.0555717,0.06452,0.100017
11128,0.347728,0.0555687,0.0645158,0.100009
11129,0.34776,0.0555658,0.0645117,0.100001
11130,0.347791,0.0555629,0.0645075,0.0999924
11131,0.347822,0.05556,0.0645034,0.0999841
11132,0.347853,0.055557,0.0644992,0.0999758
11133,0.347885,0.0555541,0.0644951,0.0999675
11134,0.347916,0.0555512,0.064491,0.0999593
11135,0.347947,0.0555483,0.0644868,0.099951
11136,0.347978,0.0555454,0.0644827,0.0999427
11137,0.348009,0.0555424,0.0644785,0.0999345
11138,0.348041,0.0555395,0.0644744,0.0999262
11139,0.348072,0.0555366,0.0644703,0.099918
11140,0.348103,0.0555337,0.0644661,0.0999097
11141,0.348134,0.0555308,0.064462,0.0999014
11142,0.348166,0.0555278,0.0644578,0.0998932
11143,0.348197,0.0555249,0.0644537,0.0998849
11144,0.348228,0.055522,0.0644496,0.0998767
11145,0.348259,0.0555191,0.0644454,0.0998684
11146,0.348291,0.0555162,0.0644413,0.0998602
11147,0.348322,0.0555132,0.0644371,0.0998519
11148,0.348353,0.0555103,0.064433,0.0998437
11149,0.348384,0.0555074,0.0644289,0.0998354
11150,0.348416,0.0555045,0.0644247,0.0998272
11151,0.348447,0.0555016,0.0644206,0.0998189
11152,0.348478,0.0554986,0.0644165,0.0998107
11153,0.348509,0.0554957,0.0644123,0.0998024
11154,0.348541,0.0554928,0.0644082,0.0997942
11155,0.348572,0.0554899,0.0644041,0.0997859
11156,0.348603,0.055487,0.0643999,0.0997777
11157,0.348634,0.0554841,0.0643958,0.0997694
11158,0.348666,0.0554811,0.0643917,0.0997612
11159,0.348697,0.0554782,0.0643876,0.0997529
11160,0.348728,0.0554753,0.0643834,0.0997447
11161,0.348759,0.0554724,0.0643793,0.0997365
11162,0.348791,0.0554695,0.0643752,0.0997282
11163,0.348822,0.0554666,0.064371,0.09972
11164,0.348853,0.0554636,0.0643669,0.0997118
11165,0.348884,0.0554607,0.0643628,0.0997035
11166,0.348916,0.0554578,0.0643587,0.0996953
11167,0.348947,0.0554549,0.0643545,0.099687
11168,0.348978,0.055452,0.0643504,0.0996788
11169,0.349009,0.0554491,0.0643463,0.0996706
11170,0.349041,0.0554462,0.0643422,0.0996624
11171,0.349072,0.0554432,0.064338,0.0996541
11172,0.349103,0.0554403,0.0643339,0.0996459
11173,0.349134,0.0554374,0.0643298,0.0996377
11174,0.349166,0.0554345,0.0643257,0.0996294
11175,0.349197,0.0554316,0.0643215,0.0996212
11176,0.349228,0.0554287,0.0643174,0.099613
11177,0.349259,0.0554258,0.0643133,0.0996048
11178,0.349291,0.0554229,0.0643092,0.0995966
11179,0.349322,0.0554199,0.0643051,0.0995883
11180,0.349353,0.055417,0.0643009,0.0995801
11181,0.349384,0.0554141,0.0642968,0.0995719
11182,0.349416,0.0554112,0.0642927,0.0995637
11183,0.349447,0.0554083,0.0642886,0.0995555
11184,0.349478,0.0554054,0.0642845,0.0995472
11185,0.349509,0.0554025,0.0642804,0.099539
11186,0.349541,0.0553996,0.0642762,0.0995308
11187,0.349572,0.0553967,0.0642721,0.0995226
11188,0.349603,0.0553937,0.064268,0.0995144
11189,0.349634,0.0553908,0.0642639,0.0995062
11190,0.349666,0.0553879,0.0642598,0.099498
11191,0.349697,0.055385,0.0642557,0.0994898
11192,0.349728,0.0553821,0.0642516,0.0994815
11193,0.349759,0.0553792,0.0642475,0.0994733
11194,0.349791,0.0553763,0.0642433,0.0994651
11195,0.349822,0.0553734,0.0642392,0.0994569
11196,0.349853,0.0553705,0.0642351,0.0994487
11197,0.349884,0.0553676,0.064231,0.0994405
11198,0.349916,0.0553647,0.0642269,0.0994323
11199,0.349947,0.0553617,0.0642228,0.0994241
11200,0.349978,0.0553588,0.0642187,0.0994159
11201,0.350009,0.0553559,0.0642146,0.0994077
11202,0.350041,0.055353,0.0642105,0.0993995
11203,0.350072,0.0553501,0.0642064,0.0993913
11204,0.350103,0.0553472,0.0642023,0.0993831
11205,0.350134,0.0553443,0.0641981,0.0993749
11206,0.350166,0.0553414,0.064194,0.0993667
11207,0.350197,0.0553385,0.0641899,0.0993586
11208,0.350228,0.0553356,0.0641858,0.0993504
11209,0.350259,0.0553327,0.0641817,0.0993422
11210,0.350291,0.0553298,0.0641776,0.099334
11211,0.350322,0.0553269,0.0641735,0.0993258
11212,0.350353,0.055324,0.0641694,0.0993176
11213,0.350384,0.0553211,0.0641653,0.0993094
11214,0.350416,0.0553182,0.0641612,0.0993012
11215,0.350447,0.0553153,0.0641571,0.099293
11216,0.350478,0.0553124,0.064153,0.0992849
11217,0.350509,0.0553095,0.0641489,0.0992767
11218,0.350541,0.0553065,0.0641448,0.0992685
11219,0.350572,0.0553036,0.0641407,0.0992603
11220,0.350603,0.0553007,0.0641366,0.0992521
11221,0.350634,0.0552978,0.0641325,0.099244
11222,0.350666,0.0552949,0.0641284,0.0992358
11223,0.350697,0.055292,0.0641243,0.0992276
11224,0.350728,0.0552891,0.0641202,0.0992194
11225,0.350759,0.0552862,0.0641161,0.0992113
11226,0.350791,0.0552833,0.064112,0.0992031
11227,0.350822,0.0552804,0.064108,0.0991949
11228,0.350853,0.0552775,0.0641039,0.0991867
11229,0.350884,0.0552746,0.0640998,0.0991786
11230,0.350916,0.0552717,0.0640957,0.0991704
11231,0.350947,0.0552688,0.0640916,0.0991622
11232,0.350978,0.0552659,0.0640875,0.0991541
11233,0.351009,0.055263,0.0640834,0.0991459
11234,0.351041,0.0552601,0.0640793,0.0991377
11235,0.351072,0.0552572,0.0640752,0.0991296
11236,0.351103,0.0552543,0.0640711,0.0991214
11237,0.351134,0.0552514,0.064067,0.0991132
11238,0.351166,0.0552485,0.0640629,0.0991051
11239,0.351197,0.0552456,0.0640589,0.0990969
11240,0.351228,0.0552427,0.0640548,0.0990888
11241,0.351259,0.0552398,0.0640507,0.0990806
11242,0.351291,0.0552369,0.0640466,0.0990724
11243,0.351322,0.055234,0.0640425,0.0990643
11244,0.351353,0.0552311,0.0640384,0.0990561
11245,0.351384,0.0552282,0.0640343,0.099048
11246,0.351416,0.0552253,0.0640303,0.0990398
11247,0.351447,0.0552224,0.0640262,0.0990317
11248,0.351478,0.0552196,0.0640221,0.0990235
11249,0.351509,0.0552167,0.064018,0.0990154
11250,0.351541,0.0552138,0.0640139,0.0990072
11251,0.351572,0.0552109,0.0640098,0.0989991
11252,0.351603,0.055208,0.0640058,0.0989909
11253,0.351634,0.0552051,0.0640017,0.0989828
11254,0.351666,0.0552022,0.0639976,0.0989746
11255,0.351697,0.0551993,0.0639935,0.0989665
11256,0.351728,0.0551964,0.0639894,0.0989584
11257,0.351759,0.0551935,0.0639854,0.0989503
11258,0.351791,0.0551906,0.0639813,0.0989423
11259,0.351822,0.0551877,0.0639772,0.0989343
11260,0.351853,0.0551848,0.0639731,0.0989263
11261,0.351884,0.0551819,0.063969,0.0989182
11262,0.351916,0.055179,0.063965,0.0989102
11263,0.351947,0.0551761,0.0639609,0.0989022
11264,0.351978,0.0551732,0.0639568,0.0988942
11265,0.352009,0.0551703,0.0639527,0.0988862
11266,0.35204,0.0551674,0.0639487,0.0988781
11267,0.352072,0.0551646,0.0639446,0.0988701
11268,0.352103,0.0551617,0.0639405,0.0988621
11269,0.352134,0.0551588,0.0639365,0.0988541
11270,0.352165,0.0551559,0.0639324,0.0988461
11271,0.352197,0.055153,0.0639283,0.0988381
11272,0.352228,0.0551501,0.0639242,0.09883
11273,0.352259,0.0551472,0.0639202,0.098822
11274,0.35229,0.0551443,0.0639161,0.098814
11275,0.352322,0.0551414,0.063912,0.098806
11276,0.352353,0.0551385,0.063908,0.098798
11277,0.352384,0.0551356,0.0639039,0.09879
11278,0.352415,0.0551327,0.0638998,0.098782
11279,0.352447,0.0551299,0.0638958,0.098774
11280,0.352478,0.055127,0.0638917,0.098766
11281,0.352509,0.0551241,0.0638876,0.098758
11282,0.35254,0.0551212,0.0638836,0.09875
11283,0.352572,0.0551183,0.0638795,0.098742
11284,0.352603,0.0551154,0.0638754,0.098734
11285,0.352634,0.0551125,0.0638714,0.098726
11286,0.352665,0.0551096,0.0638673,0.098718
11287,0.352697,0.0551067,0.0638632,0.09871
11288,0.352728,0.0551039,0.0638592,0.098702
11289,0.352759,0.055101,0.0638551,0.098694
11290,0.35279,0.0550981,0.063851,0.098686
11291,0.352822,0.0550952,0.063847,0.098678
11292,0.352853,0.0550923,0.0638429,0.09867
11293,0.352884,0.0550894,0.0638389,0.098662
11294,0.352915,0.0550865,0.0638348,0.098654
11295,0.352947,0.0550836,0.0638307,0.098646
11296,0.352978,0.0550808,0.0638267,0.098638
11297,0.353009,0.0550779,0.0638226,0.09863
11298,0.35304,0.055075,0.0638186,0.098622
11299,0.353072,0.0550721,0.0638145,0.098614
11300,0.353103,0.0550692,0.0638104,0.0986061
11301,0.353134,0.0550663,0.0638064,0.0985981
11302,0.353165,0.0550635,0.0638023,0.0985901
11303,0.353197,0.0550606,0.0637983,0.0985821
11304,0.353228,0.0550577,0.0637942,0.0985741
11305,0.353259,0.0550548,0.0637902,0.0985661
11306,0.35329,0.0550519,0.0637861,0.0985582
11307,0.353322,0.055049,0.0637821,0.0985502
11308,0.353353,0.0550461,0.063778,0.0985422
11309,0.353384,0.0550433,0.063774,0.0985342
11310,0.353415,0.0550404,0.0637699,0.0985263
11311,0.353447,0.0550375,0.0637659,0.0985183
11312,0.353478,0.0550346,0.0637618,0.0985103
11313,0.353509,0.0550317,0.0637578,0.0985023
11314,0.35354,0.0550288,0.0637537,0.0984944
11315,0.353572,0.055026,0.0637497,0.0984864
11316,0.353603,0.0550231,0.0637456,0.0984784
11317,0.353634,0.0550202,0.0637416,0.0984704
11318,0.353665,0.0550173,0.0637375,0.0984625
11319,0.353697,0.0550144,0.0637335,0.0984545
11320,0.353728,0.0550116,0.0637294,0.0984465
11321,0.353759,0.0550087,0.0637254,0.0984386
11322,0.35379,0.0550058,0.0637213,0.0984306
11323,0.353822,0.0550029,0.0637173,0.0984226
11324,0.353853,0.055,0.0637132,0.0984147
11325,0.353884,0.0549972,0.0637092,0.0984067
11326,0.353915,0.0549943,0.0637051,0.0983988
11327,0.353947,0.0549914,0.0637011,0.0983908
11328,0.353978,0.0549885,0.0636971,0.0983828
11329,0.354009,0.0549856,0.063693,0.0983749
11330,0.35404,0.0549828,0.063689,0.0983669
11331,0.354072,0.0549799,0.0636849,0.098359
11332,0.354103,0.054977,0.0636809,0.098351
11333,0.354134,0.0549741,0.0636768,0.0983431
11334,0.354165,0.0549712,0.0636728,0.0983351
11335,0.354197,0.0549684,0.0636688,0.0983271
11336,0.354228,0.0549655,0.0636647,0.0983192
11337,0.354259,0.0549626,0.0636607,0.0983112
11338,0.35429,0.0549597,0.0636567,0.0983033
11339,0.354322,0.0549569,0.0636526,0.0982953
11340,0.354353,0.054954,0.0636486,0.0982874
11341,0.354384,0.0549511,0.0636445,0.0982794
11342,0.354415,0.0549482,0.0636405,0.0982715
11343,0.354447,0.0549454,0.0636365,0.0982636
11344,0.354478,0.0549425,0.0636324,0.0982556
11345,0.354509,0.0549396,0.0636284,0.0982477
11346,0.35454,0.0549367,0.0636244,0.0982397
11347,0.354572,0.0549339,0.0636203,0.0982318
11348,0.354603,0.054931,0.0636163,0.0982238
11349,0.354634,0.0549281,0.0636123,0.0982159
11350,0.354665,0.0549252,0.0636082,0.098208
11351,0.354697,0.0549224,0.0636042,0.0982
11352,0.354728,0.0549195,0.0636002,0.0981921
11353,0.354759,0.0549166,0.0635961,0.0981842
11354,0.35479,0.0549137,0.0635921,0.0981762
11355,0.354822,0.0549109,0.0635881,0.0981683
11356,0.354853,0.054908,0.0635841,0.0981604
11357,0.354884,0.0549051,0.06358,0.0981524
11358,0.354915,0.0549022,0.063576,0.0981445
11359,0.354947,0.0548994,0.063572,0.0981366
11360,0.354978,0.0548965,0.0635679,0.0981286
11361,0.355009,0.0548936,0.0635639,0.0981207
11362,0.35504,0.0548907,0.0635599,0.0981128
11363,0.355072,0.0548879,0.0635559,0.0981049
11364,0.355103,0.054885,0.0635518,0.0980969
11365,0.355134,0.0548821,0.0635478,0.098089
11366,0.355165,0.0548793,0.0635438,0.0980811
11367,0.355197,0.0548764,0.0635398,0.0980732
11368,0.355228,0.0548735,0.0635357,0.0980652
11369,0.355259,0.0548706,0.0635317,0.0980573
11370,0.35529,0.0548678,0.0635277,0.0980494
11371,0.355322,0.0548649,0.0635237,0.0980415
11372,0.355353,0.054862,0.0635197,0.0980336
11373,0.355384,0.0548592,0.0635156,0.0980256
11374,0.355415,0.0548563,0.0635116,0.0980177
11375,0.355447,0.0548534,0.0635076,0.0980098
11376,0.355478,0.0548506,0.0635036,0.0980019
11377,0.355509,0.0548477,0.0634996,0.097994
11378,0.35554,0.0548448,0.0634955,0.0979861
11379,0.355572,0.054842,0.0634915,0.0979782
11380,0.355603,0.0548391,0.0634875,0.0979703
11381,0.355634,0.0548362,0.0634835,0.0979623
11382,0.355665,0.0548334,0.0634795,0.0979544
11383,0.355697,0.0548305,0.0634755,0.0979465
11384,0.355728,0.0548276,0.0634715,0.0979386
11385,0.355759,0.0548248,0.0634674,0.0979307
11386,0.35579,0.0548219,0.0634634,0.0979228
11387,0.355822,0.054819,0.0634594,0.0979149
11388,0.355853,0.0548161,0.0634554,0.097907
11389,0.355884,0.0548133,0.0634514,0.0978991
11390,0.355915,0.0548104,0.0634474,0.0978912
11391,0.355947,0.0548076,0.0634434,0.0978833
11392,0.355978,0.0548047,0.0634394,0.0978754
11393,0.356009,0.0548018,0.0634353,0.0978675
11394,0.35604,0.054799,0.0634313,0.0978596
11395,0.356071,0.0547961,0.0634273,0.0978517
11396,0.356103,0.0547932,0.0634233,0.0978438
11397,0.356134,0.0547904,0.0634193,0.0978359
11398,0.356165,0.0547875,0.0634153,0.097828
11399,0.356196,0.0547846,0.0634113,0.0978201
11400,0.356228,0.0547818,0.0634073,0.0978122
11401,0.356259,0.0547789,0.0634033,0.0978044
11402,0.35629,0.054776,0.0633993,0.0977965
11403,0.356321,0.0547732,0.0633953,0.0977886
11404,0.356353,0.0547703,0.0633913,0.0977807
11405,0.356384,0.0547675,0.0633873,0.0977728
11406,0.356415,0.0547646,0.0633832,0.0977649
11407,0.356446,0.0547617,0.0633792,0.097757
11408,0.356478,0.0547589,0.0633752,0.0977492
11409,0.356509,0.054756,0.0633712,0.0977413
11410,0.35654,0.0547531,0.0633672,0.0977334
11411,0.356571,0.0547503,0.0633632,0.0977255
11412,0.356603,0.0547474,0.0633592,0.0977176
11413,0.356634,0.0547446,0.0633552,0.0977097
11414,0.356665,0.0547417,0.0633512,0.0977019
11415,0.356696,0.0547388,0.0633472,0.097694
11416,0.356728,0.054736,0.0633432,0.0976861
11417,0.356759,0.0547331,0.0633392,0.0976782
11418,0.35679,0.0547303,0.0633352,0.0976704
11419,0.356821,0.0547274,0.0633312,0.0976625
11420,0.356853,0.0547245,0.0633272,0.0976546
11421,0.356884,0.0547217,0.0633232,0.0976468
11422,0.356915,0.0547188,0.0633193,0.0976389
11423,0.356946,0.054716,0.0633153,0.097631
11424,0.356978,0.0547131,0.0633113,0.0976231
11425,0.357009,0.0547102,0.0633073,0.0976153
11426,0.35704,0.0547074,0.0633033,0.0976074
11427,0.357071,0.0547045,0.0632993,0.0975995
11428,0.357103,0.0547017,0.0632953,0.0975917
11429,0.357134,0.0546988,0.0632913,0.0975838
11430,0.357165,0.0546959,0.0632873,0.097576
11431,0.357196,0.0546931,0.0632833,0.0975681
11432,0.357228,0.0546902,0.0632793,0.0975602
11433,0.357259,0.0546874,0.0632753,0.0975524
11434,0.35729,0.0546845,0.0632713,0.0975445
11435,0.357321,0.0546817,0.0632673,0.0975367
11436,0.357353,0.0546788,0.0632634,0.0975288
11437,0.357384,0.054676,0.0632594,0.0975209
11438,0.357415,0.0546731,0.0632554,0.0975131
11439,0.357446,0.0546702,0.0632514,0.0975052
11440,0.357478,0.0546674,0.0632474,0.0974974
11441,0.357509,0.0546645,0.0632434,0.0974895
11442,0.35754,0.0546617,0.0632394,0.0974817
11443,0.357571,0.0546588,0.0632354,0.0974738
11444,0.357603,0.054656,0.0632315,0.097466
11445,0.357634,0.0546531,0.0632275,0.0974581
11446,0.357665,0.0546503,0.0632235,0.0974503
11447,0.357696,0.0546474,0.0632195,0.0974424
11448,0.357728,0.0546446,0.0632155,0.0974346
11449,0.357759,0.0546417,0.0632115,0.0974267
11450,0.35779,0.0546388,0.0632076,0.0974189
11451,0.357821,0.054636,0.0632036,0.0974111
11452,0.357853,0.0546331,0.0631996,0.0974032
11453,0.357884,0.0546303,0.0631956,0.0973954
11454,0.357915,0.0546274,0.0631916,0.0973875
11455,0.357946,0.0546246,0.0631877,0.0973797
11456,0.357978,0.0546217,0.0631837,0.0973719
11457,0.358009,0.0546189,0.0631797,0.097364
11458,0.35804,0.054616,0.0631757,0.0973562
11459,0.358071,0.0546132,0.0631717,0.0973483
11460,0.358103,0.0546103,0.0631678,0.0973405
11461,0.358134,0.0546075,0.0631638,0.0973327
11462,0.358165,0.0546046,0.0631598,0.0973248
11463,0.358196,0.0546018,0.0631558,0.097317
11464,0.358228,0.0545989,0.0631519,0.0973092
11465,0.358259,0.0545961,0.0631479,0.0973013
11466,0.35829,0.0545932,0.0631439,0.0972935
11467,0.358321,0.0545904,0.0631399,0.0972857
11468,0.358353,0.0545875,0.063136,0.0972779
11469,0.358384,0.0545847,0.063132,0.09727
11470,0.358415,0.0545818,0.063128,0.0972622
11471,0.358446,0.054579,0.063124,0.0972544
11472,0.358478,0.0545761,0.0631201,0.0972466
11473,0.358509,0.0545733,0.0631161,0.0972387
11474,0.35854,0.0545704,0.0631121,0.0972309
11475,0.358571,0.0545676,0.0631082,0.0972231
11476,0.358603,0.0545647,0.0631042,0.0972153
11477,0.358634,0.0545619,0.0631002,0.0972075
11478,0.358665,0.054559,0.0630963,0.0971996
11479,0.358696,0.0545562,0.0630923,0.0971918
11480,0.358728,0.0545533,0.0630883,0.097184
11481,0.358759,0.0545505,0.0630843,0.0971762
11482,0.35879,0.0545476,0.0630804,0.0971684
11483,0.358821,0.0545448,0.0630764,0.0971606
11484,0.358853,0.054542,0.0630724,0.0971528
11485,0.358884,0.0545391,0.0630685,0.0971449
11486,0.358915,0.0545363,0.0630645,0.0971371
11487,0.358946,0.0545334,0.0630606,0.0971293
11488,0.358978,0.0545306,0.0630566,0.0971215
11489,0.359009,0.0545277,0.0630526,0.0971137
11490,0.35904,0.0545249,0.0630487,0.0971059
11491,0.359071,0.054522,0.0630447,0.0970981
11492,0.359103,0.0545192,0.0630407,0.0970903
11493,0.359134,0.0545163,0.0630368,0.0970825
11494,0.359165,0.0545135,0.0630328,0.0970747
11495,0.359196,0.0545107,0.0630289,0.0970669
11496,0.359228,0.0545078,0.0630249,0.0970591
11497,0.359259,0.054505,0.0630209,0.0970513
11498,0.35929,0.0545021,0.063017,0.0970435
11499,0.359321,0.0544993,0.063013,0.0970357
11500,0.359353,0.0544964,0.0630091,0.0970279
11501,0.359384,0.0544936,0.0630051,0.0970201
11502,0.359415,0.0544908,0.0630011,0.0970123
11503,0.359446,0.0544879,0.0629972,0.0970045
11504,0.359478,0.0544851,0.0629932,0.0969967
11505,0.359509,0.0544822,0.0629893,0.0969889
11506,0.35954,0.0544794,0.0629853,0.0969811
11507,0.359571,0.0544765,0.0629814,0.0969733
11508,0.359603,0.0544737,0.0629774,0.0969655
11509,0.359634,0.0544709,0.0629735,0.0969578
11510,0.359665,0.054468,0.0629695,0.09695
11511,0.359696,0.0544652,0.0629656,0.0969422
11512,0.359728,0.0544623,0.0629616,0.0969344
11513,0.359759,0.0544595,0.0629576,0.0969266
11514,0.35979,0.0544567,0.0629537,0.0969188
11515,0.359821,0.0544538,0.0629497,0.096911
11516,0.359853,0.054451,0.0629458,0.0969033
11517,0.359884,0.0544481,0.0629418,0.0968955
11518,0.359915,0.0544453,0.0629379,0.0968877
11519,0.359946,0.0544425,0.0629339,0.0968799
11520,0.359978,0.0544396,0.06293,0.0968721
11521,0.360009,0.0544368,0.0629261,0.0968644
11522,0.36004,0.054434,0.0629221,0.0968566
11523,0.360071,0.0544311,0.0629182,0.0968488
11524,0.360102,0.0544283,0.0629142,0.096841
11525,0.360134,0.0544254,0.0629103,0.0968333
11526,0.360165,0.0544226,0.0629063,0.0968255
11527,0.360196,0.0544198,0.0629024,0.0968177
11528,0.360227,0.0544169,0.0628984,0.0968099
11529,0.360259,0.0544141,0.0628945,0.0968022
11530,0.36029,0.0544113,0.0628905,0.0967944
11531,0.360321,0.0544084,0.0628866,0.0967866
11532,0.360352,0.0544056,0.0628827,0.0967789
11533,0.360384,0.0544027,0.0628787,0.0967711
11534,0.360415,0.0543999,0.0628748,0.0967633
11535,0.360446,0.0543971,0.0628708,0.0967556
11536,0.360477,0.0543942,0.0628669,0.0967478
11537,0.360509,0.0543914,0.0628629,0.09674
11538,0.36054,0.0543886,0.062859,0.0967323
11539,0.360571,0.0543857,0.0628551,0.0967245
11540,0.360602,0.0543829,0.0628511,0.0967168
11541,0.360634,0.0543801,0.0628472,0.096709
11542,0.360665,0.0543772,0.0628433,0.0967012
11543,0.360696,0.0543744,0.0628393,0.0966935
11544,0.360727,0.0543716,0.0628354,0.0966857
11545,0.360759,0.0543687,0.0628314,0.096678
11546,0.36079,0.0543659,0.0628275,0.0966702
11547,0.360821,0.0543631,0.0628236,0.0966625
11548,0.360852,0.0543602,0.0628196,0.0966547
11549,0.360884,0.0543574,0.0628157,0.096647
11550,0.360915,0.0543546,0.0628118,0.0966392
11551,0.360946,0.0543517,0.0628078,0.0966315
11552,0.360977,0.0543489,0.0628039,0.0966237
11553,0.361009,0.0543461,0.0628,0.096616
11554,0.36104,0.0543432,0.062796,0.0966082
11555,0.361071,0.0543404,0.0627921,0.0966005
11556,0.361102,0.0543376,0.0627882,0.0965927
11557,0.361134,0.0543347,0.0627842,0.096585
11558,0.361165,0.0543319,0.0627803,0.0965772
11559,0.361196,0.0543291,0.0627764,0.0965695
11560,0.361227,0.0543263,0.0627725,0.0965618
11561,0.361259,0.0543234,0.0627685,0.096554
11562,0.36129,0.0543206,0.0627646,0.0965463
11563,0.361321,0.0543178,0.0627607,0.0965385
11564,0.361352,0.0543149,0.0627567,0.0965308
11565,0.361384,0.0543121,0.0627528,0.0965231
11566,0.361415,0.0543093,0.0627489,0.0965153
11567,0.361446,0.0543064,0.062745,0.0965076
11568,0.361477,0.0543036,0.062741,0.0964999
11569,0.361509,0.0543008,0.0627371,0.0964921
11570,0.36154,0.054298,0.0627332,0.0964844
11571,0.361571,0.0542951,0.0627293,0.0964767
11572,0.361602,0.0542923,0.0627253,0.0964689
11573,0.361634,0.0542895,0.0627214,0.0964612
11574,0.361665,0.0542866,0.0627175,0.0964535
11575,0.361696,0.0542838,0.0627136,0.0964457
11576,0.361727,0.054281,0.0627096,0.096438
11577,0.361759,0.0542782,0.0627057,0.0964303
11578,0.36179,0.0542753,0.0627018,0.0964226
11579,0.361821,0.0542725,0.0626979,0.0964148
11580,0.361852,0.0542697,0.062694,0.0964071
11581,0.361884,0.0542669,0.06269,0.0963994
11582,0.361915,0.054264,0.0626861,0.0963917
11583,0.361946,0.0542612,0.0626822,0.096384
11584,0.361977,0.0542584,0.0626783,0.0963762
11585,0.362009,0.0542556,0.0626744,0.0963685
11586,0.36204,0.0542527,0.0626705,0.0963608
11587,0.362071,0.0542499,0.0626665,0.0963531
11588,0.362102,0.0542471,0.0626626,0.0963454
11589,0.362134,0.0542443,0.0626587,0.0963377
11590,0.362165,0.0542414,0.0626548,0.0963299
11591,0.362196,0.0542386,0.0626509,0.0963222
11592,0.362227,0.0542358,0.062647,0.0963145
11593,0.362259,0.054233,0.062643,0.0963068
11594,0.36229,0.0542301,0.0626391,0.0962991
11595,0.362321,0.0542273,0.0626352,0.0962914
11596,0.362352,0.0542245,0.0626313,0.0962837
11597,0.362384,0.0542217,0.0626274,0.096276
11598,0.362415,0.0542188,0.0626235,0.0962683
11599,0.362446,0.054216,0.0626196,0.0962606
11600,0.362477,0.0542132,0.0626157,0.0962529
11601,0.362509,0.0542104,0.0626118,0.0962452
11602,0.36254,0.0542076,0.0626078,0.0962375
11603,0.362571,0.0542047,0.0626039,0.0962298
11604,0.362602,0.0542019,0.0626,0.096222
11605,0.362634,0.0541991,0.0625961,0.0962143
11606,0.362665,0.0541963,0.0625922,0.0962067
11607,0.362696,0.0541935,0.0625883,0.096199
11608,0.362727,0.0541906,0.0625844,0.0961913
11609,0.362759,0.0541878,0.0625805,0.0961836
11610,0.36279,0.054185,0.0625766,0.0961759
11611,0.362821,0.0541822,0.0625727,0.0961682
11612,0.362852,0.0541794,0.0625688,0.0961606
11613,0.362884,0.0541765,0.0625649,0.096153
11614,0.362915,0.0541737,0.062561,0.0961454
11615,0.362946,0.0541709,0.0625571,0.0961378
11616,0.362977,0.0541681,0.0625532,0.0961302
11617,0.363009,0.0541653,0.0625493,0.0961226
11618,0.36304,0.0541624,0.0625454,0.0961151
11619,0.363071,0.0541596,0.0625415,0.0961075
11620,0.363102,0.0541568,0.0625376,0.0960999
11621,0.363134,0.054154,0.0625337,0.0960923
11622,0.363165,0.0541512,0.0625298,0.0960847
11623,0.363196,0.0541483,0.0625259,0.0960772
11624,0.363227,0.0541455,0.062522,0.0960696
11625,0.363259,0.0541427,0.0625181,0.096062
11626,0.36329,0.0541399,0.0625142,0.0960544
11627,0.363321,0.0541371,0.0625103,0.0960469
11628,0.363352,0.0541343,0.0625064,0.0960393
11629,0.363384,0.0541314,0.0625025,0.0960317
11630,0.363415,0.0541286,0.0624986,0.0960241
11631,0.363446,0.0541258,0.0624947,0.0960166
11632,0.363477,0.054123,0.0624908,0.096009
11633,0.363509,0.0541202,0.0624869,0.0960014
11634,0.36354,0.0541174,0.062483,0.0959939
11635,0.363571,0.0541146,0.0624791,0.0959863
11636,0.363602,0.0541117,0.0624752,0.0959787
11637,0.363634,0.0541089,0.0624713,0.0959712
11638,0.363665,0.0541061,0.0624674,0.0959636
11639,0.363696,0.0541033,0.0624635,0.095956
11640,0.363727,0.0541005,0.0624596,0.0959485
11641,0.363759,0.0540977,0.0624557,0.0959409
11642,0.36379,0.0540949,0.0624518,0.0959334
11643,0.363821,0.054092,0.062448,0.0959258
11644,0.363852,0.0540892,0.0624441,0.0959182
11645,0.363884,0.0540864,0.0624402,0.0959107
11646,0.363915,0.0540836,0.0624363,0.0959031
11647,0.363946,0.0540808,0.0624324,0.0958956
11648,0.363977,0.054078,0.0624285,0.095888
11649,0.364008,0.0540752,0.0624246,0.0958805
11650,0.36404,0.0540724,0.0624207,0.0958729
11651,0.364071,0.0540695,0.0624168,0.0958654
11652,0.364102,0.0540667,0.062413,0.0958578
11653,0.364133,0.0540639,0.0624091,0.0958503
11654,0.364165,0.0540611,0.0624052,0.0958427
11655,0.364196,0.0540583,0.0624013,0.0958352
11656,0.364227,0.0540555,0.0623974,0.0958276
11657,0.364258,0.0540527,0.0623935,0.0958201
11658,0.36429,0.0540499,0.0623897,0.0958125
11659,0.364321,0.0540471,0.0623858,0.095805
11660,0.364352,0.0540442,0.0623819,0.0957974
11661,0.364383,0.0540414,0.062378,0.0957899
11662,0.364415,0.0540386,0.0623741,0.0957823
11663,0.364446,0.0540358,0.0623702,0.0957748
11664,0.364477,0.054033,0.0623664,0.0957673
11665,0.364508,0.0540302,0.0623625,0.0957597
11666,0.36454,0.0540274,0.0623586,0.0957522
11667,0.364571,0.0540246,0.0623547,0.0957446
11668,0.364602,0.0540218,0.0623508,0.0957371
11669,0.364633,0.054019,0.062347,0.0957296
11670,0.364665,0.0540162,0.0623431,0.095722
11671,0.364696,0.0540133,0.0623392,0.0957145
11672,0.364727,0.0540105,0.0623353,0.095707
11673,0.364758,0.0540077,0.0623315,0.0956994
11674,0.36479,0.0540049,0.0623276,0.0956919
11675,0.364821,0.0540021,0.0623237,0.0956844
11676,0.364852,0.0539993,0.0623198,0.0956768
11677,0.364883,0.0539965,0.062316,0.0956693
11678,0.364915,0.0539937,0.0623121,0.0956618
11679,0.364946,0.0539909,0.0623082,0.0956542
11680,0.364977,0.0539881,0.0623043,0.0956467
11681,0.365008,0.0539853,0.0623005,0.0956392
11682,0.36504,0.0539825,0.0622966,0.0956317
11683,0.365071,0.0539797,0.0622927,0.0956241
11684,0.365102,0.0539769,0.0622888,0.0956166
11685,0.365133,0.0539741,0.062285,0.0956091
11686,0.365165,0.0539713,0.0622811,0.0956016
11687,0.365196,0.0539685,0.0622772,0.0955941
11688,0.365227,0.0539656,0.0622734,0.0955865
11689,0.365258,0.0539628,0.0622695,0.095579
11690,0.36529,0.05396,0.0622656,0.0955715
11691,0.365321,0.0539572,0.0622618,0.095564
11692,0.365352,0.0539544,0.0622579,0.0955565
11693,0.365383,0.0539516,0.062254,0.0955489
11694,0.365415,0.0539488,0.0622502,0.0955414
11695,0.365446,0.053946,0.0622463,0.0955339
11696,0.365477,0.0539432,0.0622424,0.0955264
11697,0.365508,0.0539404,0.0622386,0.0955189
11698,0.36554,0.0539376,0.0622347,0.0955114
11699,0.365571,0.0539348,0.0622308,0.0955039
11700,0.365602,0.053932,0.062227,0.0954964
11701,0.365633,0.0539292,0.0622231,0.0954889
11702,0.365665,0.0539264,0.0622192,0.0954813
11703,0.365696,0.0539236,0.0622154,0.0954738
11704,0.365727,0.0539208,0.0622115,0.0954663
11705,0.365758,0.053918,0.0622077,0.0954588
11706,0.36579,0.0539152,0.0622038,0.0954513
11707,0.365821,0.0539124,0.0621999,0.0954438
11708,0.365852,0.0539096,0.0621961,0.0954363
11709,0.365883,0.0539068,0.0621922,0.0954288
11710,0.365915,0.053904,0.0621884,0.0954213
11711,0.365946,0.0539012,0.0621845,0.0954138
11712,0.365977,0.0538984,0.0621806,0.0954063
11713,0.366008,0.0538956,0.0621768,0.0953988
11714,0.36604,0.0538928,0.0621729,0.0953913
11715,0.366071,0.05389,0.0621691,0.0953838
11716,0.366102,0.0538872,0.0621652,0.0953763
11717,0.366133,0.0538844,0.0621614,0.0953688
11718,0.366165,0.0538816,0.0621575,0.0953613
11719,0.366196,0.0538788,0.0621536,0.0953538
11720,0.366227,0.053876,0.0621498,0.0953464
11721,0.366258,0.0538732,0.0621459,0.0953389
11722,0.36629,0.0538704,0.0621421,0.0953314
11723,0.366321,0.0538676,0.0621382,0.0953239
11724,0.366352,0.0538648,0.0621344,0.0953164
11725,0.366383,0.053862,0.0621305,0.0953089
11726,0.366415,0.0538592,0.0621267,0.0953014
11727,0.366446,0.0538564,0.0621228,0.0952939
11728,0.366477,0.0538536,0.062119,0.0952864
11729,0.366508,0.0538508,0.0621151,0.095279
11730,0.36654,0.053848,0.0621113,0.0952715
11731,0.366571,0.0538452,0.0621074,0.095264
11732,0.366602,0.0538425,0.0621036,0.0952565
11733,0.366633,0.0538397,0.0620997,0.095249
11734,0.366665,0.0538369,0.0620959,0.0952416
11735,0.366696,0.0538341,0.062092,0.0952341
11736,0.366727,0.0538313,0.0620882,0.0952266
11737,0.366758,0.0538285,0.0620843,0.0952191
11738,0.36679,0.0538257,0.0620805,0.0952116
11739,0.366821,0.0538229,0.0620766,0.0952042
11740,0.366852,0.0538201,0.0620728,0.0951967
11741,0.366883,0.0538173,0.0620689,0.0951892
11742,0.366915,0.0538145,0.0620651,0.0951817
11743,0.366946,0.0538117,0.0620612,0.0951743
11744,0.366977,0.0538089,0.0620574,0.0951668
11745,0.367008,0.0538061,0.0620536,0.0951593
11746,0.36704,0.0538033,0.0620497,0.0951519
11747,0.367071,0.0538005,0.0620459,0.0951444
11748,0.367102,0.0537978,0.062042,0.0951369
11749,0.367133,0.053795,0.0620382,0.0951295
11750,0.367165,0.0537922,0.0620344,0.095122
11751,0.367196,0.0537894,0.0620305,0.0951145
11752,0.367227,0.0537866,0.0620267,0.0951071
11753,0.367258,0.0537838,0.0620228,0.0950996
11754,0.36729,0.053781,0.062019,0.0950921
11755,0.367321,0.0537782,0.0620152,0.0950847
11756,0.367352,0.0537754,0.0620113,0.0950772
11757,0.367383,0.0537726,0.0620075,0.0950698
11758,0.367415,0.0537698,0.0620036,0.0950623
11759,0.367446,0.053767,0.0619998,0.0950548
11760,0.367477,0.0537643,0.061996,0.0950474
11761,0.367508,0.0537615,0.0619921,0.0950399
11762,0.36754,0.0537587,0.0619883,0.0950325
11763,0.367571,0.0537559,0.0619845,0.095025
11764,0.367602,0.0537531,0.0619806,0.0950176
11765,0.367633,0.0537503,0.0619768,0.0950101
11766,0.367665,0.0537475,0.061973,0.0950027
11767,0.367696,0.0537447,0.0619691,0.0949952
11768,0.367727,0.0537419,0.0619653,0.0949877
11769,0.367758,0.0537392,0.0619615,0.0949803
11770,0.36779,0.0537364,0.0619576,0.0949729
11771,0.367821,0.0537336,0.0619538,0.0949654
11772,0.367852,0.0537308,0.06195,0.094958
11773,0.367883,0.053728,0.0619461,0.0949505
11774,0.367915,0.0537252,0.0619423,0.0949431
11775,0.367946,0.0537224,0.0619385,0.0949356
11776,0.367977,0.0537196,0.0619346,0.0949282
11777,0.368008,0.0537169,0.0619308,0.0949207
11778,0.368039,0.0537141,0.061927,0.0949133
11779,0.368071,0.0537113,0.0619232,0.0949059
11780,0.368102,0.0537085,0.0619193,0.0948984
11781,0.368133,0.0537057,0.0619155,0.094891
11782,0.368164,0.0537029,0.0619117,0.0948835
11783,0.368196,0.0537001,0.0619078,0.0948761
11784,0.368227,0.0536974,0.061904,0.0948687
11785,0.368258,0.0536946,0.0619002,0.0948612
11786,0.368289,0.0536918,0.0618964,0.0948538
11787,0.368321,0.053689,0.0618925,0.0948464
11788,0.368352,0.0536862,0.0618887,0.0948389
11789,0.368383,0.0536834,0.0618849,0.0948315
11790,0.368414,0.0536807,0.0618811,0.0948241
11791,0.368446,0.0536779,0.0618772,0.0948166
11792,0.368477,0.0536751,0.0618734,0.0948092
11793,0.368508,0.0536723,0.0618696,0.0948018
11794,0.368539,0.0536695,0.0618658,0.0947943
11795,0.368571,0.0536667,0.061862,0.0947869
11796,0.368602,0.053664,0.0618581,0.0947795
11797,0.368633,0.0536612,0.0618543,0.0947721
11798,0.368664,0.0536584,0.0618505,0.0947646
11799,0.368696,0.0536556,0.0618467,0.0947572
11800,0.368727,0.0536528,0.0618429,0.0947498
11801,0.368758,0.05365,0.061839,0.0947424
11802,0.368789,0.0536473,0.0618352,0.0947349
11803,0.368821,0.0536445,0.0618314,0.0947275
11804,0.368852,0.0536417,0.0618276,0.0947201
11805,0.368883,0.0536389,0.0618238,0.0947127
11806,0.368914,0.0536361,0.06182,0.0947053
11807,0.368946,0.0536334,0.0618161,0.0946979
11808,0.368977,0.0536306,0.0618123,0.0946904
11809,0.369008,0.0536278,0.0618085,0.094683
11810,0.369039,0.053625,0.0618047,0.0946756
11811,0.369071,0.0536222,0.0618009,0.0946682
11812,0.369102,0.0536195,0.0617971,0.0946608
11813,0.369133,0.0536167,0.0617933,0.0946534
11814,0.369164,0.0536139,0.0617895,0.094646
11815,0.369196,0.0536111,0.0617856,0.0946386
11816,0.369227,0.0536083,0.0617818,0.0946311
11817,0.369258,0.0536056,0.061778,0.0946237
11818,0.369289,0.0536028,0.0617742,0.0946163
11819,0.369321,0.0536,0.0617704,0.0946089
11820,0.369352,0.0535972,0.0617666,0.0946015
11821,0.369383,0.0535944,0.0617628,0.0945941
11822,0.369414,0.0535917,0.061759,0.0945867
11823,0.369446,0.0535889,0.0617552,0.0945793
11824,0.369477,0.0535861,0.0617514,0.0945719
11825,0.369508,0.0535833,0.0617475,0.0945645
11826,0.369539,0.0535806,0.0617437,0.0945571
11827,0.369571,0.0535778,0.0617399,0.0945497
11828,0.369602,0.053575,0.0617361,0.0945423
11829,0.369633,0.0535722,0.0617323,0.0945349
11830,0.369664,0.0535695,0.0617285,0.0945275
11831,0.369696,0.0535667,0.0617247,0.0945201
11832,0.369727,0.0535639,0.0617209,0.0945127
11833,0.369758,0.0535611,0.0617171,0.0945053
11834,0.369789,0.0535583,0.0617133,0.0944979
11835,0.369821,0.0535556,0.0617095,0.0944905
11836,0.369852,0.0535528,0.0617057,0.0944831
11837,0.369883,0.05355,0.0617019,0.0944758
11838,0.369914,0.0535473,0.0616981,0.0944684
11839,0.369946,0.0535445,0.0616943,0.094461
11840,0.369977,0.0535417,0.0616905,0.0944536
11841,0.370008,0.0535389,0.0616867,0.0944462
11842,0.370039,0.0535362,0.0616829,0.0944388
11843,0.370071,0.0535334,0.0616791,0.0944314
11844,0.370102,0.0535306,0.0616753,0.094424
11845,0.370133,0.0535278,0.0616715,0.0944167
11846,0.370164,0.0535251,0.0616677,0.0944093
11847,0.370196,0.0535223,0.0616639,0.0944019
11848,0.370227,0.0535195,0.0616601,0.0943945
11849,0.370258,0.0535167,0.0616563,0.0943871
11850,0.370289,0.053514,0.0616525,0.0943797
11851,0.370321,0.0535112,0.0616487,0.0943724
11852,0.370352,0.0535084,0.0616449,0.094365
11853,0.370383,0.0535057,0.0616411,0.0943576
11854,0.370414,0.0535029,0.0616373,0.0943502
11855,0.370446,0.0535001,0.0616335,0.0943429
11856,0.370477,0.0534973,0.0616297,0.0943355
11857,0.370508,0.0534946,0.0616259,0.0943281
11858,0.370539,0.0534918,0.0616221,0.0943207
11859,0.370571,0.053489,0.0616184,0.0943134
11860,0.370602,0.0534863,0.0616146,0.094306
11861,0.370633,0.0534835,0.0616108,0.0942986
11862,0.370664,0.0534807,0.061607,0.0942913
11863,0.370696,0.0534779,0.0616032,0.0942839
11864,0.370727,0.0534752,0.0615994,0.0942765
11865,0.370758,0.0534724,0.0615956,0.0942692
11866,0.370789,0.0534696,0.0615918,0.0942618
11867,0.370821,0.0534669,0.061588,0.0942544
11868,0.370852,0.0534641,0.0615842,0.0942471
11869,0.370883,0.0534613,0.0615805,0.0942397
11870,0.370914,0.0534586,0.0615767,0.0942323
11871,0.370946,0.0534558,0.0615729,0.094225
11872,0.370977,0.053453,0.0615691,0.0942176
11873,0.371008,0.0534503,0.0615653,0.0942102
11874,0.371039,0.0534475,0.0615615,0.0942029
11875,0.371071,0.0534447,0.0615577,0.0941955
11876,0.371102,0.053442,0.0615539,0.0941882
11877,0.371133,0.0534392,0.0615502,0.0941808
11878,0.371164,0.0534364,0.0615464,0.0941735
11879,0.371196,0.0534337,0.0615426,0.0941661
11880,0.371227,0.0534309,0.0615388,0.0941588
11881,0.371258,0.0534281,0.061535,0.0941514
11882,0.371289,0.0534254,0.0615312,0.094144
11883,0.371321,0.0534226,0.0615275,0.0941367
11884,0.371352,0.0534198,0.0615237,0.0941293
11885,0.371383,0.0534171,0.0615199,0.094122
11886,0.371414,0.0534143,0.0615161,0.0941146
11887,0.371446,0.0534115,0.0615123,0.0941073
11888,0.371477,0.0534088,0.0615086,0.0940999
11889,0.371508,0.053406,0.0615048,0.0940926
11890,0.371539,0.0534032,0.061501,0.0940853
11891,0.371571,0.0534005,0.0614972,0.0940779
11892,0.371602,0.0533977,0.0614934,0.0940706
11893,0.371633,0.0533949,0.0614897,0.0940632
11894,0.371664,0.0533922,0.0614859,0.0940559
11895,0.371696,0.0533894,0.0614821,0.0940485
11896,0.371727,0.0533867,0.0614783,0.0940412
11897,0.371758,0.0533839,0.0614746,0.0940339
11898,0.371789,0.0533811,0.0614708,0.0940265
11899,0.371821,0.0533784,0.061467,0.0940192
11900,0.371852,0.0533756,0.0614632,0.0940118
11901,0.371883,0.0533728,0.0614595,0.0940045
11902,0.371914,0.0533701,0.0614557,0.0939972
11903,0.371946,0.0533673,0.0614519,0.0939898
11904,0.371977,0.0533646,0.0614481,0.0939825
11905,0.372008,0.0533618,0.0614444,0.0939752
11906,0.372039,0.053359,0.0614406,0.0939678
11907,0.37207,0.0533563,0.0614368,0.0939605
11908,0.372102,0.0533535,0.0614331,0.0939532
11909,0.372133,0.0533508,0.0614293,0.0939458
11910,0.372164,0.053348,0.0614255,0.0939385
11911,0.372195,0.0533452,0.0614218,0.0939312
11912,0.372227,0.0533425,0.061418,0.0939239
11913,0.372258,0.0533397,0.0614142,0.0939165
11914,0.372289,0.053337,0.0614104,0.0939092
11915,0.37232,0.0533342,0.0614067,0.0939019
11916,0.372352,0.0533314,0.0614029,0.0938946
11917,0.372383,0.0533287,0.0613991,0.0938872
11918,0.372414,0.0533259,0.0613954,0.0938799
11919,0.372445,0.0533232,0.0613916,0.0938726
11920,0.372477,0.0533204,0.0613878,0.0938653
11921,0.372508,0.0533176,0.0613841,0.093858
11922,0.372539,0.0533149,0.0613803,0.0938506
11923,0.37257,0.0533121,0.0613765,0.0938433
11924,0.372602,0.0533094,0.0613728,0.093836
11925,0.372633,0.0533066,0.061369,0.0938287
11926,0.372664,0.0533038,0.0613653,0.0938214
11927,0.372695,0.0533011,0.0613615,0.0938141
11928,0.372727,0.0532983,0.0613577,0.0938068
11929,0.372758,0.0532956,0.061354,0.0937994
11930,0.372789,0.0532928,0.0613502,0.0937921
11931,0.37282,0.0532901,0.0613464,0.0937848
11932,0.372852,0.0532873,0.0613427,0.0937775
11933,0.372883,0.0532846,0.0613389,0.0937702
11934,0.372914,0.0532818,0.0613352,0.0937629
11935,0.372945,0.053279,0.0613314,0.0937556
11936,0.372977,0.0532763,0.0613277,0.0937483
11937,0.373008,0.0532735,0.0613239,0.093741
11938,0.373039,0.0532708,0.0613201,0.0937337
11939,0.37307,0.053268,0.0613164,0.0937264
11940,0.373102,0.0532653,0.0613126,0.0937191
11941,0.373133,0.0532625,0.0613089,0.0937118
11942,0.373164,0.0532598,0.0613051,0.0937045
11943,0.373195,0.053257,0.0613014,0.0936972
11944,0.373227,0.0532542,0.0612976,0.0936899
11945,0.373258,0.0532515,0.0612938,0.0936826
11946,0.373289,0.0532487,0.0612901,0.0936753
11947,0.37332,0.053246,0.0612863,0.093668
11948,0.373352,0.0532432,0.0612826,0.0936607
11949,0.373383,0.0532405,0.0612788,0.0936534
11950,0.373414,0.0532377,0.0612751,0.0936461
11951,0.373445,0.053235,0.0612713,0.0936388
11952,0.373477,0.0532322,0.0612676,0.0936315
11953,0.373508,0.0532295,0.0612638,0.0936242
11954,0.373539,0.0532267,0.0612601,0.0936169
11955,0.37357,0.053224,0.0612563,0.0936096
11956,0.373602,0.0532212,0.0612526,0.0936023
11957,0.373633,0.0532185,0.0612488,0.093595
11958,0.373664,0.0532157,0.0612451,0.0935877
11959,0.373695,0.053213,0.0612413,0.0935805
11960,0.373727,0.0532102,0.0612376,0.0935732
11961,0.373758,0.0532075,0.0612338,0.0935659
11962,0.373789,0.0532047,0.0612301,0.0935586
11963,0.37382,0.053202,0.0612263,0.0935513
11964,0.373852,0.0531992,0.0612226,0.093544
11965,0.373883,0.0531965,0.0612188,0.0935367
11966,0.373914,0.0531937,0.0612151,0.0935295
11967,0.373945,0.053191,0.0612113,0.0935222
11968,0.373977,0.0531882,0.0612076,0.0935149
11969,0.374008,0.0531855,0.0612039,0.0935076
11970,0.374039,0.0531827,0.0612001,0.0935004
11971,0.37407,0.05318,0.0611964,0.0934931
11972,0.374102,0.0531772,0.0611926,0.0934858
11973,0.374133,0.0531745,0.0611889,0.0934786
11974,0.374164,0.0531717,0.0611851,0.0934714
11975,0.374195,0.053169,0.0611814,0.0934642
11976,0.374227,0.0531662,0.0611777,0.093457
11977,0.374258,0.0531635,0.0611739,0.0934499
11978,0.374289,0.0531607,0.0611702,0.0934427
11979,0.37432,0.053158,0.0611664,0.0934355
11980,0.374352,0.0531552,0.0611627,0.0934283
11981,0.374383,0.0531525,0.061159,0.0934212
11982,0.374414,0.0531497,0.0611552,0.093414
11983,0.374445,0.053147,0.0611515,0.0934068
11984,0.374477,0.0531442,0.0611477,0.0933997
11985,0.374508,0.0531415,0.061144,0.0933925
11986,0.374539,0.0531387,0.0611403,0.0933853
11987,0.37457,0.053136,0.0611365,0.0933782
11988,0.374602,0.0531333,0.0611328,0.093371
11989,0.374633,0.0531305,0.0611291,0.0933638
11990,0.374664,0.0531278,0.0611253,0.0933567
11991,0.374695,0.053125,0.0611216,0.0933495
11992,0.374727,0.0531223,0.0611178,0.0933424
11993,0.374758,0.0531195,0.0611141,0.0933352
11994,0.374789,0.0531168,0.0611104,0.093328
11995,0.37482,0.053114,0.0611066,0.0933209
11996,0.374852,0.0531113,0.0611029,0.0933137
11997,0.374883,0.0531086,0.0610992,0.0933066
11998,0.374914,0.0531058,0.0610954,0.0932994
11999,0.374945,0.0531031,0.0610917,0.0932923
12000,0.374977,0.0531003,0.061088,0.0932851
12001,0.375008,0.0530976,0.0610843,0.0932779
12002,0.375039,0.0530948,0.0610805,0.0932708
12003,0.37507,0.0530921,0.0610768,0.0932636
12004,0.375102,0.0530894,0.0610731,0.0932565
12005,0.375133,0.0530866,0.0610693,0.0932493
12006,0.375164,0.0530839,0.0610656,0.0932422
12007,0.375195,0.0530811,0.0610619,0.093235
12008,0.375227,0.0530784,0.0610582,0.0932279
12009,0.375258,0.0530756,0.0610544,0.0932207
12010,0.375289,0.0530729,0.0610507,0.0932136
12011,0.37532,0.0530702,0.061047,0.0932065
12012,0.375352,0.0530674,0.0610432,0.0931993
12013,0.375383,0.0530647,0.0610395,0.0931922
12014,0.375414,0.0530619,0.0610358,0.093185
12015,0.375445,0.0530592,0.0610321,0.0931779
12016,0.375477,0.0530565,0.0610283,0.0931707
12017,0.375508,0.0530537,0.0610246,0.0931636
12018,0.375539,0.053051,0.0610209,0.0931565
12019,0.37557,0.0530482,0.0610172,0.0931493
12020,0.375602,0.0530455,0.0610135,0.0931422
12021,0.375633,0.0530428,0.0610097,0.093135
12022,0.375664,0.05304,0.061006,0.0931279
12023,0.375695,0.0530373,0.0610023,0.0931208
12024,0.375727,0.0530345,0.0609986,0.0931136
12025,0.375758,0.0530318,0.0609948,0.0931065
12026,0.375789,0.0530291,0.0609911,0.0930994
12027,0.37582,0.0530263,0.0609874,0.0930922
12028,0.375852,0.0530236,0.0609837,0.0930851
12029,0.375883,0.0530208,0.06098,0.093078
12030,0.375914,0.0530181,0.0609762,0.0930708
12031,0.375945,0.0530154,0.0609725,0.0930637
12032,0.375977,0.0530126,0.0609688,0.0930566
12033,0.376008,0.0530099,0.0609651,0.0930495
12034,0.376039,0.0530072,0.0609614,0.0930423
12035,0.37607,0.0530044,0.0609577,0.0930352
12036,0.376101,0.0530017,0.0609539,0.0930281
12037,0.376133,0.052999,0.0609502,0.093021
12038,0.376164,0.0529962,0.0609465,0.0930138
12039,0.376195,0.0529935,0.0609428,0.0930067
12040,0.376226,0.0529907,0.0609391,0.0929996
12041,0.376258,0.052988,0.0609354,0.0929925
12042,0.376289,0.0529853,0.0609317,0.0929853
12043,0.37632,0.0529825,0.0609279,0.0929782
12044,0.376351,0.0529798,0.0609242,0.0929711
12045,0.376383,0.0529771,0.0609205,0.092964
12046,0.376414,0.0529743,0.0609168,0.0929569
12047,0.376445,0.0529716,0.0609131,0.0929498
12048,0.376476,0.0529689,0.0609094,0.0929426
12049,0.376508,0.0529661,0.0609057,0.0929355
12050,0.376539,0.0529634,0.060902,0.0929284
12051,0.37657,0.0529607,0.0608983,0.0929213
12052,0.376601,0.0529579,0.0608945,0.0929142
12053,0.376633,0.0529552,0.0608908,0.0929071
12054,0.376664,0.0529525,0.0608871,0.0929
12055,0.376695,0.0529497,0.0608834,0.0928928
12056,0.376726,0.052947,0.0608797,0.0928857
12057,0.376758,0.0529443,0.060876,0.0928786
12058,0.376789,0.0529415,0.0608723,0.0928715
12059,0.37682,0.0529388,0.0608686,0.0928644
12060,0.376851,0.0529361,0.0608649,0.0928573
12061,0.376883,0.0529333,0.0608612,0.0928502
12062,0.376914,0.0529306,0.0608575,0.0928431
12063,0.376945,0.0529279,0.0608538,0.092836
12064,0.376976,0.0529251,0.0608501,0.0928289
12065,0.377008,0.0529224,0.0608464,0.0928218
12066,0.377039,0.0529197,0.0608427,0.0928147
12067,0.37707,0.0529169,0.060839,0.0928076
12068,0.377101,0.0529142,0.0608353,0.0928005
12069,0.377133,0.0529115,0.0608316,0.0927934
12070,0.377164,0.0529088,0.0608279,0.0927863
12071,0.377195,0.052906,0.0608242,0.0927792
12072,0.377226,0.0529033,0.0608205,0.0927721
12073,0.377258,0.0529006,0.0608168,0.092765
12074,0.377289,0.0528978,0.0608131,0.0927579
12075,0.37732,0.0528951,0.0608094,0.0927508
12076,0.377351,0.0528924,0.0608057,0.0927437
12077,0.377383,0.0528897,0.060802,0.0927366
12078,0.377414,0.0528869,0.0607983,0.0927295
12079,0.377445,0.0528842,0.0607946,0.0927224
12080,0.377476,0.0528815,0.0607909,0.0927154
12081,0.377508,0.0528787,0.0607872,0.0927083
12082,0.377539,0.052876,0.0607835,0.0927012
12083,0.37757,0.0528733,0.0607798,0.0926941
12084,0.377601,0.0528706,0.0607761,0.092687
12085,0.377633,0.0528678,0.0607724,0.0926799
12086,0.377664,0.0528651,0.0607687,0.0926728
12087,0.377695,0.0528624,0.060765,0.0926657
12088,0.377726,0.0528596,0.0607613,0.0926587
12089,0.377758,0.0528569,0.0607576,0.0926516
12090,0.377789,0.0528542,0.0607539,0.0926445
12091,0.37782,0.0528515,0.0607502,0.0926374
12092,0.377851,0.0528487,0.0607465,0.0926303
12093,0.377883,0.052846,0.0607428,0.0926233
12094,0.377914,0.0528433,0.0607391,0.0926162
12095,0.377945,0.0528406,0.0607354,0.0926091
12096,0.377976,0.0528378,0.0607318,0.092602
12097,0.378008,0.0528351,0.0607281,0.0925949
12098,0.378039,0.0528324,0.0607244,0.0925879
12099,0.37807,0.0528297,0.0607207,0.0925808
12100,0.378101,0.0528269,0.060717,0.0925737
12101,0.378133,0.0528242,0.0607133,0.0925666
12102,0.378164,0.0528215,0.0607096,0.0925596
12103,0.378195,0.0528188,0.0607059,0.0925525
12104,0.378226,0.052816,0.0607022,0.0925454
12105,0.378258,0.0528133,0.0606986,0.0925384
12106,0.378289,0.0528106,0.0606949,0.0925313
12107,0.37832,0.0528079,0.0606912,0.0925242
12108,0.378351,0.0528052,0.0606875,0.0925172
12109,0.378383,0.0528024,0.0606838,0.0925101
12110,0.378414,0.0527997,0.0606801,0.092503
12111,0.378445,0.052797,0.0606764,0.092496
12112,0.378476,0.0527943,0.0606728,0.0924889
12113,0.378508,0.0527915,0.0606691,0.0924818
12114,0.378539,0.0527888,0.0606654,0.0924748
12115,0.37857,0.0527861,0.0606617,0.0924677
12116,0.378601,0.0527834,0.060658,0.0924606
12117,0.378633,0.0527807,0.0606543,0.0924536
12118,0.378664,0.0527779,0.0606507,0.0924465
12119,0.378695,0.0527752,0.060647,0.0924395
12120,0.378726,0.0527725,0.0606433,0.0924324
12121,0.378758,0.0527698,0.0606396,0.0924253
12122,0.378789,0.052767,0.0606359,0.0924183
12123,0.37882,0.0527643,0.0606323,0.0924112
12124,0.378851,0.0527616,0.0606286,0.0924042
12125,0.378883,0.0527589,0.0606249,0.0923971
12126,0.378914,0.0527562,0.0606212,0.0923901
12127,0.378945,0.0527534,0.0606176,0.092383
12128,0.378976,0.0527507,0.0606139,0.092376
12129,0.379008,0.052748,0.0606102,0.0923689
12130,0.379039,0.0527453,0.0606065,0.0923619
12131,0.37907,0.0527426,0.0606028,0.0923548
12132,0.379101,0.0527399,0.0605992,0.0923478
12133,0.379133,0.0527371,0.0605955,0.0923407
12134,0.379164,0.0527344,0.0605918,0.0923337
12135,0.379195,0.0527317,0.0605881,0.0923266
12136,0.379226,0.052729,0.0605845,0.0923196
12137,0.379258,0.0527263,0.0605808,0.0923125
12138,0.379289,0.0527235,0.0605771,0.0923055
12139,0.37932,0.0527208,0.0605734,0.0922985
12140,0.379351,0.0527181,0.0605698,0.0922914
12141,0.379383,0.0527154,0.0605661,0.0922844
12142,0.379414,0.0527127,0.0605624,0.0922773
12143,0.379445,0.05271,0.0605588,0.0922703
12144,0.379476,0.0527072,0.0605551,0.0922632
12145,0.379508,0.0527045,0.0605514,0.0922562
12146,0.379539,0.0527018,0.0605478,0.0922492
12147,0.37957,0.0526991,0.0605441,0.0922421
12148,0.379601,0.0526964,0.0605404,0.0922351
12149,0.379633,0.0526937,0.0605367,0.0922281
12150,0.379664,0.052691,0.0605331,0.092221
12151,0.379695,0.0526882,0.0605294,0.092214
12152,0.379726,0.0526855,0.0605257,0.092207
12153,0.379758,0.0526828,0.0605221,0.0921999
12154,0.379789,0.0526801,0.0605184,0.0921929
12155,0.37982,0.0526774,0.0605147,0.0921859
12156,0.379851,0.0526747,0.0605111,0.0921788
12157,0.379883,0.052672,0.0605074,0.0921718
12158,0.379914,0.0526692,0.0605037,0.0921648
12159,0.379945,0.0526665,0.0605001,0.0921578
12160,0.379976,0.0526638,0.0604964,0.0921507
12161,0.380007,0.0526611,0.0604928,0.0921437
12162,0.380039,0.0526584,0.0604891,0.0921367
12163,0.38007,0.0526557,0.0604854,0.0921297
12164,0.380101,0.052653,0.0604818,0.0921226
12165,0.380132,0.0526502,0.0604781,0.0921156
12166,0.380164,0.0526475,0.0604744,0.0921086
12167,0.380195,0.0526448,0.0604708,0.0921016
12168,0.380226,0.0526421,0.0604671,0.0920945
12169,0.380257,0.0526394,0.0604635,0.0920875
12170,0.380289,0.0526367,0.0604598,0.0920805
12171,0.38032,0.052634,0.0604561,0.0920735
12172,0.380351,0.0526313,0.0604525,0.0920665
12173,0.380382,0.0526286,0.0604488,0.0920595
12174,0.380414,0.0526258,0.0604452,0.0920524
12175,0.380445,0.0526231,0.0604415,0.0920454
12176,0.380476,0.0526204,0.0604378,0.0920384
12177,0.380507,0.0526177,0.0604342,0.0920314
12178,0.380539,0.052615,0.0604305,0.0920244
12179,0.38057,0.0526123,0.0604269,0.0920174
12180,0.380601,0.0526096,0.0604232,0.0920104
12181,0.380632,0.0526069,0.0604196,0.0920034
12182,0.380664,0.0526042,0.0604159,0.0919963
12183,0.380695,0.0526015,0.0604122,0.0919893
12184,0.380726,0.0525987,0.0604086,0.0919823
12185,0.380757,0.052596,0.0604049,0.0919753
12186,0.380789,0.0525933,0.0604013,0.0919683
12187,0.38082,0.0525906,0.0603976,0.0919613
12188,0.380851,0.0525879,0.060394,0.0919543
12189,0.380882,0.0525852,0.0603903,0.0919473
12190,0.380914,0.0525825,0.0603867,0.0919403
12191,0.380945,0.0525798,0.060383,0.0919333
12192,0.380976,0.0525771,0.0603794,0.0919263
12193,0.381007,0.0525744,0.0603757,0.0919193
12194,0.381039,0.0525717,0.0603721,0.0919123
12195,0.38107,0.052569,0.0603684,0.0919053
12196,0.381101,0.0525663,0.0603648,0.0918983
12197,0.381132,0.0525635,0.0603611,0.0918913
12198,0.381164,0.0525608,0.0603575,0.0918843
12199,0.381195,0.0525581,0.0603538,0.0918773
12200,0.381226,0.0525554,0.0603502,0.0918703
12201,0.381257,0.0525527,0.0603465,0.0918633
12202,0.381289,0.05255,0.0603429,0.0918563
12203,0.38132,0.0525473,0.0603392,0.0918493
12204,0.381351,0.0525446,0.0603356,0.0918423
12205,0.381382,0.0525419,0.0603319,0.0918354
12206,0.381414,0.0525392,0.0603283,0.0918284
12207,0.381445,0.0525365,0.0603247,0.0918214
12208,0.381476,0.0525338,0.060321,0.0918144
12209,0.381507,0.0525311,0.0603174,0.0918074
12210,0.381539,0.0525284,0.0603137,0.0918004
12211,0.38157,0.0525257,0.0603101,0.0917934
12212,0.381601,0.052523,0.0603064,0.0917864
12213,0.381632,0.0525203,0.0603028,0.0917795
12214,0.381664,0.0525176,0.0602992,0.0917725
12215,0.381695,0.0525149,0.0602955,0.0917655
12216,0.381726,0.0525122,0.0602919,0.0917585
12217,0.381757,0.0525095,0.0602882,0.0917515
12218,0.381789,0.0525067,0.0602846,0.0917445
12219,0.38182,0.052504,0.0602809,0.0917376
12220,0.381851,0.0525013,0.0602773,0.0917306
12221,0.381882,0.0524986,0.0602737,0.0917236
12222,0.381914,0.0524959,0.06027,0.0917166
12223,0.381945,0.0524932,0.0602664,0.0917097
12224,0.381976,0.0524905,0.0602628,0.0917027
12225,0.382007,0.0524878,0.0602591,0.0916957
12226,0.382039,0.0524851,0.0602555,0.0916887
12227,0.38207,0.0524824,0.0602518,0.0916818
12228,0.382101,0.0524797,0.0602482,0.0916748
12229,0.382132,0.052477,0.0602446,0.0916678
12230,0.382164,0.0524743,0.0602409,0.0916608
12231,0.382195,0.0524716,0.0602373,0.0916539
12232,0.382226,0.0524689,0.0602337,0.0916469
12233,0.382257,0.0524662,0.06023,0.0916399
12234,0.382289,0.0524635,0.0602264,0.091633
12235,0.38232,0.0524608,0.0602228,0.091626
12236,0.382351,0.0524581,0.0602191,0.091619
12237,0.382382,0.0524554,0.0602155,0.0916121
12238,0.382414,0.0524527,0.0602119,0.0916051
12239,0.382445,0.05245,0.0602082,0.0915981
12240,0.382476,0.0524473,0.0602046,0.0915912
12241,0.382507,0.0524446,0.060201,0.0915842
12242,0.382539,0.0524419,0.0601973,0.0915772
12243,0.38257,0.0524392,0.0601937,0.0915703
12244,0.382601,0.0524365,0.0601901,0.0915633
12245,0.382632,0.0524338,0.0601864,0.0915564
12246,0.382664,0.0524311,0.0601828,0.0915494
12247,0.382695,0.0524285,0.0601792,0.0915424
12248,0.382726,0.0524258,0.0601756,0.0915355
12249,0.382757,0.0524231,0.0601719,0.0915285
12250,0.382789,0.0524204,0.0601683,0.0915216
12251,0.38282,0.0524177,0.0601647,0.0915146
12252,0.382851,0.052415,0.060161,0.0915077
12253,0.382882,0.0524123,0.0601574,0.0915007
12254,0.382914,0.0524096,0.0601538,0.0914938
12255,0.382945,0.0524069,0.0601502,0.0914868
12256,0.382976,0.0524042,0.0601465,0.0914799
12257,0.383007,0.0524015,0.0601429,0.0914729
12258,0.383039,0.0523988,0.0601393,0.091466
12259,0.38307,0.0523961,0.0601357,0.091459
12260,0.383101,0.0523934,0.060132,0.0914521
12261,0.383132,0.0523907,0.0601284,0.0914451
12262,0.383164,0.052388,0.0601248,0.0914382
12263,0.383195,0.0523853,0.0601212,0.0914312
12264,0.383226,0.0523826,0.0601176,0.0914243
12265,0.383257,0.0523799,0.0601139,0.0914173
12266,0.383289,0.0523772,0.0601103,0.0914104
12267,0.38332,0.0523745,0.0601067,0.0914035
12268,0.383351,0.0523718,0.0601031,0.0913965
12269,0.383382,0.0523692,0.0600995,0.0913896
12270,0.383414,0.0523665,0.0600958,0.0913826
12271,0.383445,0.0523638,0.0600922,0.0913757
12272,0.383476,0.0523611,0.0600886,0.0913688
12273,0.383507,0.0523584,0.060085,0.0913618
12274,0.383539,0.0523557,0.0600814,0.0913549
12275,0.38357,0.052353,0.0600777,0.0913479
12276,0.383601,0.0523503,0.0600741,0.091341
12277,0.383632,0.0523476,0.0600705,0.0913341
12278,0.383664,0.0523449,0.0600669,0.0913271
12279,0.383695,0.0523422,0.0600633,0.0913202
12280,0.383726,0.0523395,0.0600597,0.0913133
12281,0.383757,0.0523368,0.060056,0.0913063
12282,0.383789,0.0523342,0.0600524,0.0912994
12283,0.38382,0.0523315,0.0600488,0.0912925
12284,0.383851,0.0523288,0.0600452,0.0912856
12285,0.383882,0.0523261,0.0600416,0.0912786
12286,0.383914,0.0523234,0.060038,0.0912717
12287,0.383945,0.0523207,0.0600344,0.0912648
12288,0.383976,0.052318,0.0600307,0.0912578
12289,0.384007,0.0523153,0.0600271,0.0912509
12290,0.384038,0.0523126,0.0600235,0.091244
12291,0.38407,0.0523099,0.0600199,0.0912371
12292,0.384101,0.0523073,0.0600163,0.0912301
12293,0.384132,0.0523046,0.0600127,0.0912232
12294,0.384163,0.0523019,0.0600091,0.0912163
12295,0.384195,0.0522992,0.0600055,0.0912094
12296,0.384226,0.0522965,0.0600019,0.0912025
12297,0.384257,0.0522938,0.0599983,0.0911955
12298,0.384288,0.0522911,0.0599946,0.0911886
12299,0.38432,0.0522884,0.059991,0.0911817
12300,0.384351,0.0522857,0.0599874,0.0911748
12301,0.384382,0.0522831,0.0599838,0.0911679
12302,0.384413,0.0522804,0.0599802,0.091161
12303,0.384445,0.0522777,0.0599766,0.091154
12304,0.384476,0.052275,0.059973,0.0911471
12305,0.384507,0.0522723,0.0599694,0.0911402
12306,0.384538,0.0522696,0.0599658,0.0911333
12307,0.38457,0.0522669,0.0599622,0.0911264
12308,0.384601,0.0522643,0.0599586,0.0911195
12309,0.384632,0.0522616,0.059955,0.0911126
12310,0.384663,0.0522589,0.0599514,0.0911057
12311,0.384695,0.0522562,0.0599478,0.0910988
12312,0.384726,0.0522535,0.0599442,0.0910919
12313,0.384757,0.0522508,0.0599406,0.0910849
12314,0.384788,0.0522481,0.059937,0.091078
12315,0.38482,0.0522455,0.0599334,0.0910711
12316,0.384851,0.0522428,0.0599298,0.0910642
12317,0.384882,0.0522401,0.0599262,0.0910573
12318,0.384913,0.0522374,0.0599226,0.0910504
12319,0.384945,0.0522347,0.059919,0.0910435
12320,0.384976,0.052232,0.0599154,0.0910366
12321,0.385007,0.0522293,0.0599118,0.0910297
12322,0.385038,0.0522267,0.0599082,0.0910228
12323,0.38507,0.052224,0.0599046,0.0910159
12324,0.385101,0.0522213,0.059901,0.091009
12325,0.385132,0.0522186,0.0598974,0.0910021
12326,0.385163,0.0522159,0.0598938,0.0909952
12327,0.385195,0.0522132,0.0598902,0.0909883
12328,0.385226,0.0522106,0.0598866,0.0909814
12329,0.385257,0.0522079,0.059883,0.0909745
12330,0.385288,0.0522052,0.0598794,0.0909677
12331,0.38532,0.0522025,0.0598758,0.0909608
12332,0.385351,0.0521998,0.0598722,0.0909539
12333,0.385382,0.0521971,0.0598686,0.090947
12334,0.385413,0.0521945,0.059865,0.0909401
12335,0.385445,0.0521918,0.0598614,0.0909332
12336,0.385476,0.0521891,0.0598578,0.0909263
12337,0.385507,0.0521864,0.0598542,0.0909194
12338,0.385538,0.0521837,0.0598506,0.0909125
12339,0.38557,0.0521811,0.059847,0.0909056
12340,0.385601,0.0521784,0.0598434,0.0908988
12341,0.385632,0.0521757,0.0598399,0.0908919
12342,0.385663,0.052173,0.0598363,0.0908851
12343,0.385695,0.0521703,0.0598327,0.0908783
12344,0.385726,0.0521677,0.0598291,0.0908715
12345,0.385757,0.052165,0.0598255,0.0908648
12346,0.385788,0.0521623,0.0598219,0.090858
12347,0.38582,0.0521596,0.0598183,0.0908512
12348,0.385851,0.0521569,0.0598147,0.0908444
12349,0.385882,0.0521543,0.0598111,0.0908376
12350,0.385913,0.0521516,0.0598075,0.0908308
12351,0.385945,0.0521489,0.059804,0.090824
12352,0.385976,0.0521462,0.0598004,0.0908172
12353,0.386007,0.0521435,0.0597968,0.0908105
12354,0.386038,0.0521409,0.0597932,0.0908037
12355,0.38607,0.0521382,0.0597896,0.0907969
12356,0.386101,0.0521355,0.059786,0.0907901
12357,0.386132,0.0521328,0.0597824,0.0907833
12358,0.386163,0.0521302,0.0597789,0.0907766
12359,0.386195,0.0521275,0.0597753,0.0907698
12360,0.386226,0.0521248,0.0597717,0.090763
12361,0.386257,0.0521221,0.0597681,0.0907562
12362,0.386288,0.0521195,0.0597645,0.0907494
12363,0.38632,0.0521168,0.0597609,0.0907427
12364,0.386351,0.0521141,0.0597574,0.0907359
12365,0.386382,0.0521114,0.0597538,0.0907291
12366,0.386413,0.0521087,0.0597502,0.0907223
12367,0.386445,0.0521061,0.0597466,0.0907156
12368,0.386476,0.0521034,0.059743,0.0907088
12369,0.386507,0.0521007,0.0597395,0.090702
12370,0.386538,0.052098,0.0597359,0.0906952
12371,0.38657,0.0520954,0.0597323,0.0906885
12372,0.386601,0.0520927,0.0597287,0.0906817
12373,0.386632,0.05209,0.0597251,0.0906749
12374,0.386663,0.0520873,0.0597216,0.0906682
12375,0.386695,0.0520847,0.059718,0.0906614
12376,0.386726,0.052082,0.0597144,0.0906546
12377,0.386757,0.0520793,0.0597108,0.0906479
12378,0.386788,0.0520767,0.0597072,0.0906411
12379,0.38682,0.052074,0.0597037,0.0906343
12380,0.386851,0.0520713,0.0597001,0.0906276
12381,0.386882,0.0520686,0.0596965,0.0906208
12382,0.386913,0.052066,0.0596929,0.0906141
12383,0.386945,0.0520633,0.0596894,0.0906073
12384,0.386976,0.0520606,0.0596858,0.0906005
12385,0.387007,0.0520579,0.0596822,0.0905938
12386,0.387038,0.0520553,0.0596786,0.090587
12387,0.38707,0.0520526,0.0596751,0.0905803
12388,0.387101,0.0520499,0.0596715,0.0905735
12389,0.387132,0.0520473,0.0596679,0.0905667
12390,0.387163,0.0520446,0.0596644,0.09056
12391,0.387195,0.0520419,0.0596608,0.0905532
12392,0.387226,0.0520392,0.0596572,0.0905465
12393,0.387257,0.0520366,0.0596536,0.0905397
12394,0.387288,0.0520339,0.0596501,0.090533
12395,0.38732,0.0520312,0.0596465,0.0905262
12396,0.387351,0.0520286,0.0596429,0.0905195
12397,0.387382,0.0520259,0.0596394,0.0905127
12398,0.387413,0.0520232,0.0596358,0.090506
12399,0.387445,0.0520205,0.0596322,0.0904992
12400,0.387476,0.0520179,0.0596286,0.0904925
12401,0.387507,0.0520152,0.0596251,0.0904857
12402,0.387538,0.0520125,0.0596215,0.090479
12403,0.38757,0.0520099,0.0596179,0.0904722
12404,0.387601,0.0520072,0.0596144,0.0904655
12405,0.387632,0.0520045,0.0596108,0.0904587
12406,0.387663,0.0520019,0.0596072,0.090452
12407,0.387695,0.0519992,0.0596037,0.0904452
12408,0.387726,0.0519965,0.0596001,0.0904385
12409,0.387757,0.0519939,0.0595966,0.0904317
12410,0.387788,0.0519912,0.059593,0.090425
12411,0.38782,0.0519885,0.0595894,0.0904183
12412,0.387851,0.0519858,0.0595859,0.0904115
12413,0.387882,0.0519832,0.0595823,0.0904048
12414,0.387913,0.0519805,0.0595787,0.090398
12415,0.387945,0.0519778,0.0595752,0.0903913
12416,0.387976,0.0519752,0.0595716,0.0903846
12417,0.388007,0.0519725,0.059568,0.0903778
12418,0.388038,0.0519698,0.0595645,0.0903711
12419,0.388069,0.0519672,0.0595609,0.0903644
12420,0.388101,0.0519645,0.0595574,0.0903576
12421,0.388132,0.0519618,0.0595538,0.0903509
12422,0.388163,0.0519592,0.0595502,0.0903442
12423,0.388194,0.0519565,0.0595467,0.0903374
12424,0.388226,0.0519538,0.0595431,0.0903307
12425,0.388257,0.0519512,0.0595396,0.090324
12426,0.388288,0.0519485,0.059536,0.0903172
12427,0.388319,0.0519459,0.0595324,0.0903105
12428,0.388351,0.0519432,0.0595289,0.0903038
12429,0.388382,0.0519405,0.0595253,0.0902971
12430,0.388413,0.0519379,0.0595218,0.0902903
12431,0.388444,0.0519352,0.0595182,0.0902836
12432,0.388476,0.0519325,0.0595147,0.0902769
12433,0.388507,0.0519299,0.0595111,0.0902702
12434,0.388538,0.0519272,0.0595076,0.0902634
12435,0.388569,0.0519245,0.059504,0.0902567
12436,0.388601,0.0519219,0.0595004,0.09025
12437,0.388632,0.0519192,0.0594969,0.0902433
12438,0.388663,0.0519165,0.0594933,0.0902365
12439,0.388694,0.0519139,0.0594898,0.0902298
12440,0.388726,0.0519112,0.0594862,0.0902231
12441,0.388757,0.0519086,0.0594827,0.0902164
12442,0.388788,0.0519059,0.0594791,0.0902097
12443,0.388819,0.0519032,0.0594756,0.0902029
12444,0.388851,0.0519006,0.059472,0.0901962
12445,0.388882,0.0518979,0.0594685,0.0901895
12446,0.388913,0.0518952,0.0594649,0.0901828
12447,0.388944,0.0518926,0.0594614,0.0901761
12448,0.388976,0.0518899,0.0594578,0.0901694
12449,0.389007,0.0518873,0.0594543,0.0901627
12450,0.389038,0.0518846,0.0594507,0.0901559
12451,0.389069,0.0518819,0.0594472,0.0901492
12452,0.389101,0.0518793,0.0594436,0.0901425
12453,0.389132,0.0518766,0.0594401,0.0901358
12454,0.389163,0.051874,0.0594365,0.0901291
12455,0.389194,0.0518713,0.059433,0.0901224
12456,0.389226,0.0518686,0.0594294,0.0901157
12457,0.389257,0.051866,0.0594259,0.090109
12458,0.389288,0.0518633,0.0594223,0.0901023
12459,0.389319,0.0518607,0.0594188,0.0900956
12460,0.389351,0.051858,0.0594153,0.0900889
12461,0.389382,0.0518553,0.0594117,0.0900822
12462,0.389413,0.0518527,0.0594082,0.0900755
12463,0.389444,0.05185,0.0594046,0.0900688
12464,0.389476,0.0518474,0.0594011,0.0900621
12465,0.389507,0.0518447,0.0593975,0.0900554
12466,0.389538,0.051842,0.059394,0.0900487
12467,0.389569,0.0518394,0.0593904,0.090042
12468,0.389601,0.0518367,0.0593869,0.0900353
12469,0.389632,0.0518341,0.0593834,0.0900286
12470,0.389663,0.0518314,0.0593798,0.0900219
12471,0.389694,0.0518288,0.0593763,0.0900152
12472,0.389726,0.0518261,0.0593727,0.0900085
12473,0.389757,0.0518234,0.0593692,0.0900018
12474,0.389788,0.0518208,0.0593657,0.0899951
12475,0.389819,0.0518181,0.0593621,0.0899884
12476,0.389851,0.0518155,0.0593586,0.0899817
12477,0.389882,0.0518128,0.059355,0.089975
12478,0.389913,0.0518102,0.0593515,0.0899683
12479,0.389944,0.0518075,0.059348,0.0899616
12480,0.389976,0.0518049,0.0593444,0.0899549
12481,0.390007,0.0518022,0.0593409,0.0899482
12482,0.390038,0.0517995,0.0593374,0.0899415
12483,0.390069,0.0517969,0.0593338,0.0899349
12484,0.390101,0.0517942,0.0593303,0.0899282
12485,0.390132,0.0517916,0.0593267,0.0899215
12486,0.390163,0.0517889,0.0593232,0.0899148
12487,0.390194,0.0517863,0.0593197,0.0899081
12488,0.390226,0.0517836,0.0593161,0.0899014
12489,0.390257,0.051781,0.0593126,0.0898947
12490,0.390288,0.0517783,0.0593091,0.0898881
12491,0.390319,0.0517756,0.0593055,0.0898814
12492,0.390351,0.051773,0.059302,0.0898747
12493,0.390382,0.0517703,0.0592985,0.089868
12494,0.390413,0.0517677,0.0592949,0.0898613
12495,0.390444,0.051765,0.0592914,0.0898547
12496,0.390476,0.0517624,0.0592879,0.089848
12497,0.390507,0.0517597,0.0592843,0.0898413
12498,0.390538,0.0517571,0.0592808,0.0898346
12499,0.390569,0.0517544,0.0592773,0.0898279
12500,0.390601,0.0517518,0.0592738,0.0898213
12501,0.390632,0.0517491,0.0592702,0.0898146
12502,0.390663,0.0517465,0.0592667,0.0898079
12503,0.390694,0.0517438,0.0592632,0.0898012
12504,0.390726,0.0517412,0.0592596,0.0897946
12505,0.390757,0.0517385,0.0592561,0.0897879
12506,0.390788,0.0517359,0.0592526,0.0897812
12507,0.390819,0.0517332,0.0592491,0.0897746
12508,0.390851,0.0517306,0.0592455,0.0897679
12509,0.390882,0.0517279,0.059242,0.0897612
12510,0.390913,0.0517253,0.0592385,0.0897546
12511,0.390944,0.0517226,0.0592349,0.0897479
12512,0.390976,0.05172,0.0592314,0.0897412
12513,0.391007,0.0517173,0.0592279,0.0897346
12514,0.391038,0.0517147,0.0592244,0.0897279
12515,0.391069,0.051712,0.0592208,0.0897212
12516,0.391101,0.0517094,0.0592173,0.0897146
12517,0.391132,0.0517067,0.0592138,0.0897079
12518,0.391163,0.0517041,0.0592103,0.0897012
12519,0.391194,0.0517014,0.0592068,0.0896946
12520,0.391226,0.0516988,0.0592032,0.0896879
12521,0.391257,0.0516961,0.0591997,0.0896813
12522,0.391288,0.0516935,0.0591962,0.0896746
12523,0.391319,0.0516908,0.0591927,0.0896679
12524,0.391351,0.0516882,0.0591891,0.0896613
12525,0.391382,0.0516855,0.0591856,0.0896546
12526,0.391413,0.0516829,0.0591821,0.089648
12527,0.391444,0.0516802,0.0591786,0.0896413
12528,0.391476,0.0516776,0.0591751,0.0896346
12529,0.391507,0.0516749,0.0591715,0.089628
12530,0.391538,0.0516723,0.059168,0.0896213
12531,0.391569,0.0516696,0.0591645,0.0896147
12532,0.391601,0.051667,0.059161,0.089608
12533,0.391632,0.0516643,0.0591575,0.0896014
12534,0.391663,0.0516617,0.059154,0.0895947
12535,0.391694,0.0516591,0.0591504,0.0895881
12536,0.391726,0.0516564,0.0591469,0.0895814
12537,0.391757,0.0516538,0.0591434,0.0895748
12538,0.391788,0.0516511,0.0591399,0.0895681
12539,0.391819,0.0516485,0.0591364,0.0895615
12540,0.391851,0.0516458,0.0591329,0.0895548
12541,0.391882,0.0516432,0.0591293,0.0895482
12542,0.391913,0.0516405,0.0591258,0.0895416
12543,0.391944,0.0516379,0.0591223,0.0895349
12544,0.391976,0.0516352,0.0591188,0.0895283
12545,0.392007,0.0516326,0.0591153,0.0895216
12546,0.392038,0.05163,0.0591118,0.089515
12547,0.392069,0.0516273,0.0591083,0.0895083
12548,0.3921,0.0516247,0.0591048,0.0895017
12549,0.392132,0.051622,0.0591012,0.0894951
12550,0.392163,0.0516194,0.0590977,0.0894884
12551,0.392194,0.0516167,0.0590942,0.0894818
12552,0.392225,0.0516141,0.0590907,0.0894751
12553,0.392257,0.0516114,0.0590872,0.0894685
12554,0.392288,0.0516088,0.0590837,0.0894619
12555,0.392319,0.0516062,0.0590802,0.0894552
12556,0.39235,0.0516035,0.0590767,0.0894486
12557,0.392382,0.0516009,0.0590732,0.089442
12558,0.392413,0.0515982,0.0590697,0.0894353
12559,0.392444,0.0515956,0.0590661,0.0894287
12560,0.392475,0.051593,0.0590626,0.0894221
12561,0.392507,0.0515903,0.0590591,0.0894154
12562,0.392538,0.0515877,0.0590556,0.0894088
12563,0.392569,0.051585,0.0590521,0.0894022
12564,0.3926,0.0515824,0.0590486,0.0893955
12565,0.392632,0.0515797,0.0590451,0.0893889
12566,0.392663,0.0515771,0.0590416,0.0893823
12567,0.392694,0.0515745,0.0590381,0.0893757
12568,0.392725,0.0515718,0.0590346,0.089369
12569,0.392757,0.0515692,0.0590311,0.0893624
12570,0.392788,0.0515665,0.0590276,0.0893558
12571,0.392819,0.0515639,0.0590241,0.0893492
12572,0.39285,0.0515613,0.0590206,0.0893425
12573,0.392882,0.0515586,0.0590171,0.0893359
12574,0.392913,0.051556,0.0590136,0.0893293
12575,0.392944,0.0515533,0.0590101,0.0893227
12576,0.392975,0.0515507,0.0590066,0.0893161
12577,0.393007,0.0515481,0.0590031,0.0893094
12578,0.393038,0.0515454,0.0589996,0.0893028
12579,0.393069,0.0515428,0.0589961,0.0892962
12580,0.3931,0.0515402,0.0589926,0.0892896
12581,0.393132,0.0515375,0.0589891,0.089283
12582,0.393163,0.0515349,0.0589856,0.0892763
12583,0.393194,0.0515322,0.0589821,0.0892697
12584,0.393225,0.0515296,0.0589786,0.0892631
12585,0.393257,0.051527,0.0589751,0.0892565
12586,0.393288,0.0515243,0.0589716,0.0892499
12587,0.393319,0.0515217,0.0589681,0.0892433
12588,0.39335,0.051519,0.0589646,0.0892367
12589,0.393382,0.0515164,0.0589611,0.0892301
12590,0.393413,0.0515138,0.0589576,0.0892234
12591,0.393444,0.0515111,0.0589541,0.0892168
12592,0.393475,0.0515085,0.0589506,0.0892102
12593,0.393507,0.0515059,0.0589471,0.0892036
12594,0.393538,0.0515032,0.0589436,0.089197
12595,0.393569,0.0515006,0.0589401,0.0891904
12596,0.3936,0.051498,0.0589366,0.0891838
12597,0.393632,0.0514953,0.0589331,0.0891772
12598,0.393663,0.0514927,0.0589296,0.0891706
12599,0.393694,0.0514901,0.0589261,0.089164
12600,0.393725,0.0514874,0.0589226,0.0891574
12601,0.393757,0.0514848,0.0589192,0.0891508
12602,0.393788,0.0514821,0.0589157,0.0891442
12603,0.393819,0.0514795,0.0589122,0.0891376
12604,0.39385,0.0514769,0.0589087,0.089131
12605,0.393882,0.0514742,0.0589052,0.0891244
12606,0.393913,0.0514716,0.0589017,0.0891178
12607,0.393944,0.051469,0.0588982,0.0891112
12608,0.393975,0.0514663,0.0588947,0.0891046
12609,0.394007,0.0514637,0.0588912,0.089098
12610,0.394038,0.0514611,0.0588877,0.0890914
12611,0.394069,0.0514584,0.0588843,0.0890848
12612,0.3941,0.0514558,0.0588808,0.0890782
12613,0.394132,0.0514532,0.0588773,0.0890716
12614,0.394163,0.0514505,0.0588738,0.089065
12615,0.394194,0.0514479,0.0588703,0.0890584
12616,0.394225,0.0514453,0.0588668,0.0890518
12617,0.394257,0.0514426,0.0588633,0.0890452
12618,0.394288,0.05144,0.0588598,0.0890386
12619,0.394319,0.0514374,0.0588564,0.0890321
12620,0.39435,0.0514348,0.0588529,0.0890255
12621,0.394382,0.0514321,0.0588494,0.0890189
12622,0.394413,0.0514295,0.0588459,0.0890123
12623,0.394444,0.0514269,0.0588424,0.0890057
12624,0.394475,0.0514242,0.0588389,0.0889991
12625,0.394507,0.0514216,0.0588355,0.0889925
12626,0.394538,0.051419,0.058832,0.0889859
12627,0.394569,0.0514163,0.0588285,0.0889794
12628,0.3946,0.0514137,0.058825,0.0889728
12629,0.394632,0.0514111,0.0588215,0.0889662
12630,0.394663,0.0514084,0.058818,0.0889596
12631,0.394694,0.0514058,0.0588146,0.088953
12632,0.394725,0.0514032,0.0588111,0.0889465
12633,0.394757,0.0514006,0.0588076,0.0889399
12634,0.394788,0.0513979,0.0588041,0.0889333
12635,0.394819,0.0513953,0.0588006,0.0889267
12636,0.39485,0.0513927,0.0587972,0.0889201
12637,0.394882,0.05139,0.0587937,0.0889136
12638,0.394913,0.0513874,0.0587902,0.088907
12639,0.394944,0.0513848,0.0587867,0.0889004
12640,0.394975,0.0513822,0.0587832,0.0888938
12641,0.395007,0.0513795,0.0587798,0.0888873
12642,0.395038,0.0513769,0.0587763,0.0888807
12643,0.395069,0.0513743,0.0587728,0.0888741
12644,0.3951,0.0513716,0.0587693,0.0888676
12645,0.395132,0.051369,0.0587659,0.088861
12646,0.395163,0.0513664,0.0587624,0.0888544
12647,0.395194,0.0513638,0.0587589,0.0888478
12648,0.395225,0.0513611,0.0587554,0.0888413
12649,0.395257,0.0513585,0.058752,0.0888347
12650,0.395288,0.0513559,0.0587485,0.0888281
12651,0.395319,0.0513533,0.058745,0.0888216
12652,0.39535,0.0513506,0.0587415,0.088815
12653,0.395382,0.051348,0.0587381,0.0888084
12654,0.395413,0.0513454,0.0587346,0.0888019
12655,0.395444,0.0513428,0.0587311,0.0887953
12656,0.395475,0.0513401,0.0587277,0.0887887
12657,0.395507,0.0513375,0.0587242,0.0887822
12658,0.395538,0.0513349,0.0587207,0.0887756
12659,0.395569,0.0513323,0.0587172,0.0887691
12660,0.3956,0.0513296,0.0587138,0.0887625
12661,0.395632,0.051327,0.0587103,0.0887559
12662,0.395663,0.0513244,0.0587068,0.0887494
12663,0.395694,0.0513218,0.0587034,0.0887428
12664,0.395725,0.0513191,0.0586999,0.0887363
12665,0.395757,0.0513165,0.0586964,0.0887297
12666,0.395788,0.0513139,0.058693,0.0887232
12667,0.395819,0.0513113,0.0586895,0.0887166
12668,0.39585,0.0513086,0.058686,0.08871
12669,0.395882,0.051306,0.0586826,0.0887035
12670,0.395913,0.0513034,0.0586791,0.0886969
12671,0.395944,0.0513008,0.0586756,0.0886904
12672,0.395975,0.0512981,0.0586722,0.0886838
12673,0.396006,0.0512955,0.0586687,0.0886773
12674,0.396038,0.0512929,0.0586652,0.0886707
12675,0.396069,0.0512903,0.0586618,0.0886642
12676,0.3961,0.0512877,0.0586583,0.0886576
12677,0.396131,0.051285,0.0586548,0.0886511
12678,0.396163,0.0512824,0.0586514,0.0886445
12679,0.396194,0.0512798,0.0586479,0.088638
12680,0.396225,0.0512772,0.0586444,0.0886315
12681,0.396256,0.0512746,0.058641,0.0886249
12682,0.396288,0.0512719,0.0586375,0.0886184
12683,0.396319,0.0512693,0.0586341,0.0886118
12684,0.39635,0.0512667,0.0586306,0.0886053
12685,0.396381,0.0512641,0.0586271,0.0885987
12686,0.396413,0.0512614,0.0586237,0.0885922
12687,0.396444,0.0512588,0.0586202,0.0885857
12688,0.396475,0.0512562,0.0586167,0.0885791
12689,0.396506,0.0512536,0.0586133,0.0885726
12690,0.396538,0.051251,0.0586098,0.088566
12691,0.396569,0.0512484,0.0586064,0.0885595
12692,0.3966,0.0512457,0.0586029,0.088553
12693,0.396631,0.0512431,0.0585994,0.0885464
12694,0.396663,0.0512405,0.058596,0.0885399
12695,0.396694,0.0512379,0.0585925,0.0885334
12696,0.396725,0.0512353,0.0585891,0.0885268
12697,0.396756,0.0512326,0.0585856,0.0885203
12698,0.396788,0.05123,0.0585822,0.0885137
12699,0.396819,0.0512274,0.0585787,0.0885072
12700,0.39685,0.0512248,0.0585753,0.0885007
12701,0.396881,0.0512222,0.0585718,0.0884942
12702,0.396913,0.0512195,0.0585683,0.0884876
12703,0.396944,0.0512169,0.0585649,0.0884811
12704,0.396975,0.0512143,0.0585614,0.0884746
12705,0.397006,0.0512117,0.058558,0.088468
12706,0.397038,0.0512091,0.0585545,0.0884615
12707,0.397069,0.0512065,0.0585511,0.088455
12708,0.3971,0.0512038,0.0585476,0.0884485
12709,0.397131,0.0512012,0.0585442,0.0884419
12710,0.397163,0.0511986,0.0585407,0.0884354
12711,0.397194,0.051196,0.0585373,0.0884289
12712,0.397225,0.0511934,0.0585338,0.0884224
12713,0.397256,0.0511908,0.0585304,0.0884158
12714,0.397288,0.0511882,0.0585269,0.0884093
12715,0.397319,0.0511855,0.0585235,0.0884028
12716,0.39735,0.0511829,0.05852,0.0883963
12717,0.397381,0.0511803,0.0585166,0.0883899
12718,0.397413,0.0511777,0.0585131,0.0883835
12719,0.397444,0.0511751,0.0585097,0.088377
12720,0.397475,0.0511725,0.0585062,0.0883706
12721,0.397506,0.0511698,0.0585028,0.0883642
12722,0.397538,0.0511672,0.0584993,0.0883577
12723,0.397569,0.0511646,0.0584959,0.0883513
12724,0.3976,0.051162,0.0584924,0.0883449
12725,0.397631,0.0511594,0.058489,0.0883385
12726,0.397663,0.0511568,0.0584855,0.088332
12727,0.397694,0.0511542,0.0584821,0.0883256
12728,0.397725,0.0511515,0.0584786,0.0883192
12729,0.397756,0.0511489,0.0584752,0.0883128
12730,0.397788,0.0511463,0.0584717,0.0883063
12731,0.397819,0.0511437,0.0584683,0.0882999
12732,0.39785,0.0511411,0.0584649,0.0882935
12733,0.397881,0.0511385,0.0584614,0.0882871
12734,0.397913,0.0511359,0.058458,0.0882806
12735,0.397944,0.0511333,0.0584545,0.0882742
12736,0.397975,0.0511307,0.0584511,0.0882678
12737,0.398006,0.051128,0.0584476,0.0882614
12738,0.398038,0.0511254,0.0584442,0.088255
12739,0.398069,0.0511228,0.0584408,0.0882485
12740,0.3981,0.0511202,0.0584373,0.0882421
12741,0.398131,0.0511176,0.0584339,0.0882357
12742,0.398163,0.051115,0.0584304,0.0882293
12743,0.398194,0.0511124,0.058427,0.0882229
12744,0.398225,0.0511098,0.0584235,0.0882165
12745,0.398256,0.0511072,0.0584201,0.08821
12746,0.398288,0.0511045,0.0584167,0.0882036
12747,0.398319,0.0511019,0.0584132,0.0881972
12748,0.39835,0.0510993,0.0584098,0.0881908
12749,0.398381,0.0510967,0.0584064,0.0881844
12750,0.398413,0.0510941,0.0584029,0.088178
12751,0.398444,0.0510915,0.0583995,0.0881716
12752,0.398475,0.0510889,0.058396,0.0881652
12753,0.398506,0.0510863,0.0583926,0.0881587
12754,0.398538,0.0510837,0.0583892,0.0881523
12755,0.398569,0.0510811,0.0583857,0.0881459
12756,0.3986,0.0510784,0.0583823,0.0881395
12757,0.398631,0.0510758,0.0583789,0.0881331
12758,0.398663,0.0510732,0.0583754,0.0881267
12759,0.398694,0.0510706,0.058372,0.0881203
12760,0.398725,0.051068,0.0583686,0.0881139
12761,0.398756,0.0510654,0.0583651,0.0881075
12762,0.398788,0.0510628,0.0583617,0.0881011
12763,0.398819,0.0510602,0.0583583,0.0880947
12764,0.39885,0.0510576,0.0583548,0.0880883
12765,0.398881,0.051055,0.0583514,0.0880819
12766,0.398913,0.0510524,0.058348,0.0880755
12767,0.398944,0.0510498,0.0583445,0.0880691
12768,0.398975,0.0510472,0.0583411,0.0880627
12769,0.399006,0.0510446,0.0583377,0.0880563
12770,0.399038,0.0510419,0.0583342,0.0880499
12771,0.399069,0.0510393,0.0583308,0.0880435
12772,0.3991,0.0510367,0.0583274,0.0880371
12773,0.399131,0.0510341,0.0583239,0.0880307
12774,0.399163,0.0510315,0.0583205,0.0880243
12775,0.399194,0.0510289,0.0583171,0.0880179
12776,0.399225,0.0510263,0.0583137,0.0880115
12777,0.399256,0.0510237,0.0583102,0.0880051
12778,0.399288,0.0510211,0.0583068,0.0879987
12779,0.399319,0.0510185,0.0583034,0.0879923
12780,0.39935,0.0510159,0.0582999,0.0879859
12781,0.399381,0.0510133,0.0582965,0.0879796
12782,0.399413,0.0510107,0.0582931,0.0879732
12783,0.399444,0.0510081,0.0582897,0.0879668
12784,0.399475,0.0510055,0.0582862,0.0879604
12785,0.399506,0.0510029,0.0582828,0.087954
12786,0.399538,0.0510003,0.0582794,0.0879476
12787,0.399569,0.0509977,0.058276,0.0879412
12788,0.3996,0.0509951,0.0582725,0.0879348
12789,0.399631,0.0509925,0.0582691,0.0879285
12790,0.399663,0.0509899,0.0582657,0.0879221
12791,0.399694,0.0509873,0.0582623,0.0879157
12792,0.399725,0.0509847,0.0582588,0.0879093
12793,0.399756,0.0509821,0.0582554,0.0879029
12794,0.399788,0.0509795,0.058252,0.0878965
12795,0.399819,0.0509768,0.0582486,0.0878902
12796,0.39985,0.0509742,0.0582452,0.0878838
12797,0.399881,0.0509716,0.0582417,0.0878774
12798,0.399913,0.050969,0.0582383,0.087871
12799,0.399944,0.0509664,0.0582349,0.0878646
12800,0.399975,0.0509638,0.0582315,0.0878583
12801,0.400006,0.0509612,0.0582281,0.0878519
12802,0.400037,0.0509586,0.0582246,0.0878455
12803,0.400069,0.050956,0.0582212,0.0878391
12804,0.4001,0.0509534,0.0582178,0.0878328
12805,0.400131,0.0509508,0.0582144,0.0878264
12806,0.400162,0.0509482,0.058211,0.08782
12807,0.400194,0.0509456,0.0582075,0.0878136
12808,0.400225,0.050943,0.0582041,0.0878073
12809,0.400256,0.0509404,0.0582007,0.0878009
12810,0.400287,0.0509378,0.0581973,0.0877945
12811,0.400319,0.0509352,0.0581939,0.0877882
12812,0.40035,0.0509326,0.0581905,0.0877818
12813,0.400381,0.05093,0.058187,0.0877754
12814,0.400412,0.0509274,0.0581836,0.0877691
12815,0.400444,0.0509248,0.0581802,0.0877627
12816,0.400475,0.0509222,0.0581768,0.0877563
12817,0.400506,0.0509196,0.0581734,0.08775
12818,0.400537,0.050917,0.05817,0.0877436
12819,0.400569,0.0509145,0.0581666,0.0877372
12820,0.4006,0.0509119,0.0581631,0.0877309
12821,0.400631,0.0509093,0.0581597,0.0877245
12822,0.400662,0.0509067,0.0581563,0.0877181
12823,0.400694,0.0509041,0.0581529,0.0877118
12824,0.400725,0.0509015,0.0581495,0.0877054
12825,0.400756,0.0508989,0.0581461,0.0876991
12826,0.400787,0.0508963,0.0581427,0.0876927
12827,0.400819,0.0508937,0.0581393,0.0876863
12828,0.40085,0.0508911,0.0581359,0.08768
12829,0.400881,0.0508885,0.0581324,0.0876736
12830,0.400912,0.0508859,0.058129,0.0876673
12831,0.400944,0.0508833,0.0581256,0.0876609
12832,0.400975,0.0508807,0.0581222,0.0876545
12833,0.401006,0.0508781,0.0581188,0.0876482
12834,0.401037,0.0508755,0.0581154,0.0876418
12835,0.401069,0.0508729,0.058112,0.0876355
12836,0.4011,0.0508703,0.0581086,0.0876291
12837,0.401131,0.0508677,0.0581052,0.0876228
12838,0.401162,0.0508651,0.0581018,0.0876164
12839,0.401194,0.0508625,0.0580984,0.0876101
12840,0.401225,0.0508599,0.058095,0.0876037
12841,0.401256,0.0508573,0.0580916,0.0875974
12842,0.401287,0.0508547,0.0580882,0.087591
12843,0.401319,0.0508521,0.0580847,0.0875847
12844,0.40135,0.0508496,0.0580813,0.0875783
12845,0.401381,0.050847,0.0580779,0.087572
12846,0.401412,0.0508444,0.0580745,0.0875656
12847,0.401444,0.0508418,0.0580711,0.0875593
12848,0.401475,0.0508392,0.0580677,0.0875529
12849,0.401506,0.0508366,0.0580643,0.0875466
12850,0.401537,0.050834,0.0580609,0.0875403
12851,0.401569,0.0508314,0.0580575,0.0875339
12852,0.4016,0.0508288,0.0580541,0.0875276
12853,0.401631,0.0508262,0.0580507,0.0875212
12854,0.401662,0.0508236,0.0580473,0.0875149
12855,0.401694,0.050821,0.0580439,0.0875085
12856,0.401725,0.0508184,0.0580405,0.0875022
12857,0.401756,0.0508159,0.0580371,0.0874959
12858,0.401787,0.0508133,0.0580337,0.0874895
12859,0.401819,0.0508107,0.0580303,0.0874832
12860,0.40185,0.0508081,0.0580269,0.0874769
12861,0.401881,0.0508055,0.0580235,0.0874705
12862,0.401912,0.0508029,0.0580201,0.0874642
12863,0.401944,0.0508003,0.0580167,0.0874578
12864,0.401975,0.0507977,0.0580133,0.0874515
12865,0.402006,0.0507951,0.0580099,0.0874452
12866,0.402037,0.0507925,0.0580065,0.0874388
12867,0.402069,0.0507899,0.0580031,0.0874325
12868,0.4021,0.0507874,0.0579997,0.0874262
12869,0.402131,0.0507848,0.0579963,0.0874199
12870,0.402162,0.0507822,0.0579929,0.0874135
12871,0.402194,0.0507796,0.0579896,0.0874072
12872,0.402225,0.050777,0.0579862,0.0874009
12873,0.402256,0.0507744,0.0579828,0.0873945
12874,0.402287,0.0507718,0.0579794,0.0873882
12875,0.402319,0.0507692,0.057976,0.0873819
12876,0.40235,0.0507666,0.0579726,0.0873756
12877,0.402381,0.0507641,0.0579692,0.0873692
12878,0.402412,0.0507615,0.0579658,0.0873629
12879,0.402444,0.0507589,0.0579624,0.0873566
12880,0.402475,0.0507563,0.057959,0.0873503
12881,0.402506,0.0507537,0.0579556,0.0873439
12882,0.402537,0.0507511,0.0579522,0.0873376
12883,0.402569,0.0507485,0.0579488,0.0873313
12884,0.4026,0.0507459,0.0579454,0.087325
12885,0.402631,0.0507434,0.0579421,0.0873186
12886,0.402662,0.0507408,0.0579387,0.0873123
12887,0.402694,0.0507382,0.0579353,0.087306
12888,0.402725,0.0507356,0.0579319,0.0872997
12889,0.402756,0.050733,0.0579285,0.0872934
12890,0.402787,0.0507304,0.0579251,0.0872871
12891,0.402819,0.0507278,0.0579217,0.0872807
12892,0.40285,0.0507252,0.0579183,0.0872744
12893,0.402881,0.0507227,0.0579149,0.0872681
12894,0.402912,0.0507201,0.0579116,0.0872618
12895,0.402944,0.0507175,0.0579082,0.0872555
12896,0.402975,0.0507149,0.0579048,0.0872492
12897,0.403006,0.0507123,0.0579014,0.0872429
12898,0.403037,0.0507097,0.057898,0.0872365
12899,0.403069,0.0507071,0.0578946,0.0872302
12900,0.4031,0.0507046,0.0578912,0.0872239
12901,0.403131,0.050702,0.0578879,0.0872176
12902,0.403162,0.0506994,0.0578845,0.0872113
12903,0.403194,0.0506968,0.0578811,0.087205
12904,0.403225,0.0506942,0.0578777,0.0871987
12905,0.403256,0.0506916,0.0578743,0.0871924
12906,0.403287,0.0506891,0.0578709,0.0871861
12907,0.403319,0.0506865,0.0578676,0.0871798
12908,0.40335,0.0506839,0.0578642,0.0871735
12909,0.403381,0.0506813,0.0578608,0.0871672
12910,0.403412,0.0506787,0.0578574,0.0871609
12911,0.403444,0.0506761,0.057854,0.0871546
12912,0.403475,0.0506736,0.0578506,0.0871483
12913,0.403506,0.050671,0.0578473,0.087142
12914,0.403537,0.0506684,0.0578439,0.0871356
12915,0.403569,0.0506658,0.0578405,0.0871293
12916,0.4036,0.0506632,0.0578371,0.087123
12917,0.403631,0.0506607,0.0578338,0.0871168
12918,0.403662,0.0506581,0.0578304,0.0871105
12919,0.403694,0.0506555,0.057827,0.0871042
12920,0.403725,0.0506529,0.0578236,0.0870979
12921,0.403756,0.0506503,0.0578202,0.0870916
12922,0.403787,0.0506477,0.0578169,0.0870853
12923,0.403819,0.0506452,0.0578135,0.087079
12924,0.40385,0.0506426,0.0578101,0.0870727
12925,0.403881,0.05064,0.0578067,0.0870664
12926,0.403912,0.0506374,0.0578034,0.0870601
12927,0.403944,0.0506348,0.0578,0.0870538
12928,0.403975,0.0506323,0.0577966,0.0870475
12929,0.404006,0.0506297,0.0577932,0.0870412
12930,0.404037,0.0506271,0.0577899,0.0870349
12931,0.404068,0.0506245,0.0577865,0.0870286
12932,0.4041,0.0506219,0.0577831,0.0870223
12933,0.404131,0.0506194,0.0577797,0.0870161
12934,0.404162,0.0506168,0.0577764,0.0870098
12935,0.404193,0.0506142,0.057773,0.0870035
12936,0.404225,0.0506116,0.0577696,0.0869972
12937,0.404256,0.0506091,0.0577662,0.0869909
12938,0.404287,0.0506065,0.0577629,0.0869846
12939,0.404318,0.0506039,0.0577595,0.0869783
12940,0.40435,0.0506013,0.0577561,0.0869721
12941,0.404381,0.0505987,0.0577528,0.0869658
12942,0.404412,0.0505962,0.0577494,0.0869595
12943,0.404443,0.0505936,0.057746,0.0869532
12944,0.404475,0.050591,0.0577426,0.0869469
12945,0.404506,0.0505884,0.0577393,0.0869407
12946,0.404537,0.0505859,0.0577359,0.0869344
12947,0.404568,0.0505833,0.0577325,0.0869281
12948,0.4046,0.0505807,0.0577292,0.0869218
12949,0.404631,0.0505781,0.0577258,0.0869155
12950,0.404662,0.0505755,0.0577224,0.0869093
12951,0.404693,0.050573,0.0577191,0.086903
12952,0.404725,0.0505704,0.0577157,0.0868967
12953,0.404756,0.0505678,0.0577123,0.0868904
12954,0.404787,0.0505652,0.057709,0.0868842
12955,0.404818,0.0505627,0.0577056,0.0868779
12956,0.40485,0.0505601,0.0577022,0.0868716
12957,0.404881,0.0505575,0.0576989,0.0868653
12958,0.404912,0.0505549,0.0576955,0.0868591
12959,0.404943,0.0505524,0.0576921,0.0868528
12960,0.404975,0.0505498,0.0576888,0.0868465
12961,0.405006,0.0505472,0.0576854,0.0868403
12962,0.405037,0.0505446,0.057682,0.086834
12963,0.405068,0.0505421,0.0576787,0.0868277
12964,0.4051,0.0505395,0.0576753,0.0868215
12965,0.405131,0.0505369,0.057672,0.0868152
12966,0.405162,0.0505343,0.0576686,0.0868089
12967,0.405193,0.0505318,0.0576652,0.0868027
12968,0.405225,0.0505292,0.0576619,0.0867964
12969,0.405256,0.0505266,0.0576585,0.0867901
12970,0.405287,0.0505241,0.0576551,0.0867839
12971,0.405318,0.0505215,0.0576518,0.0867776
12972,0.40535,0.0505189,0.0576484,0.0867713
12973,0.405381,0.0505163,0.0576451,0.0867651
12974,0.405412,0.0505138,0.0576417,0.0867588
12975,0.405443,0.0505112,0.0576383,0.0867526
12976,0.405475,0.0505086,0.057635,0.0867463
12977,0.405506,0.050506,0.0576316,0.08674
12978,0.405537,0.0505035,0.0576283,0.0867338
12979,0.405568,0.0505009,0.0576249,0.0867275
12980,0.4056,0.0504983,0.0576216,0.0867213
12981,0.405631,0.0504958,0.0576182,0.086715
12982,0.405662,0.0504932,0.0576148,0.0867087
12983,0.405693,0.0504906,0.0576115,0.0867025
12984,0.405725,0.050488,0.0576081,0.0866962
12985,0.405756,0.0504855,0.0576048,0.08669
12986,0.405787,0.0504829,0.0576014,0.0866837
12987,0.405818,0.0504803,0.0575981,0.0866775
12988,0.40585,0.0504778,0.0575947,0.0866712
12989,0.405881,0.0504752,0.0575914,0.086665
12990,0.405912,0.0504726,0.057588,0.0866587
12991,0.405943,0.0504701,0.0575846,0.0866525
12992,0.405975,0.0504675,0.0575813,0.0866462
12993,0.406006,0.0504649,0.0575779,0.08664
12994,0.406037,0.0504623,0.0575746,0.0866337
12995,0.406068,0.0504598,0.0575712,0.0866275
12996,0.4061,0.0504572,0.0575679,0.0866212
12997,0.406131,0.0504546,0.0575645,0.086615
12998,0.406162,0.0504521,0.0575612,0.0866087
12999,0.406193,0.0504495,0.0575578,0.0866025
13000,0.406225,0.0504469,0.0575545,0.0865963
13001,0.406256,0.0504444,0.0575511,0.08659
13002,0.406287,0.0504418,0.0575478,0.0865838
13003,0.406318,0.0504392,0.0575444,0.0865775
13004,0.40635,0.0504367,0.0575411,0.0865713
13005,0.406381,0.0504341,0.0575377,0.086565
13006,0.406412,0.0504315,0.0575344,0.0865588
13007,0.406443,0.050429,0.057531,0.0865526
13008,0.406475,0.0504264,0.0575277,0.0865463
13009,0.406506,0.0504238,0.0575243,0.0865401
13010,0.406537,0.0504213,0.057521,0.0865339
13011,0.406568,0.0504187,0.0575176,0.0865276
13012,0.4066,0.0504161,0.0575143,0.0865214
13013,0.406631,0.0504136,0.0575109,0.0865151
13014,0.406662,0.050411,0.0575076,0.0865089
13015,0.406693,0.0504084,0.0575043,0.0865027
13016,0.406725,0.0504059,0.0575009,0.0864964
13017,0.406756,0.0504033,0.0574976,0.0864902
13018,0.406787,0.0504007,0.0574942,0.086484
13019,0.406818,0.0503982,0.0574909,0.0864777
13020,0.40685,0.0503956,0.0574875,0.0864715
13021,0.406881,0.050393,0.0574842,0.0864653
13022,0.406912,0.0503905,0.0574808,0.0864591
13023,0.406943,0.0503879,0.0574775,0.0864528
13024,0.406975,0.0503853,0.0574742,0.0864466
13025,0.407006,0.0503828,0.0574708,0.0864404
13026,0.407037,0.0503802,0.0574675,0.0864341
13027,0.407068,0.0503776,0.0574641,0.0864279
13028,0.4071,0.0503751,0.0574608,0.0864217
13029,0.407131,0.0503725,0.0574574,0.0864155
13030,0.407162,0.05037,0.0574541,0.0864092
13031,0.407193,0.0503674,0.0574508,0.086403
13032,0.407225,0.0503648,0.0574474,0.0863968
13033,0.407256,0.0503623,0.0574441,0.0863906
13034,0.407287,0.0503597,0.0574407,0.0863844
13035,0.407318,0.0503571,0.0574374,0.0863781
13036,0.40735,0.0503546,0.0574341,0.0863719
13037,0.407381,0.050352,0.0574307,0.0863657
13038,0.407412,0.0503495,0.0574274,0.0863595
13039,0.407443,0.0503469,0.0574241,0.0863533
13040,0.407475,0.0503443,0.0574207,0.086347
13041,0.407506,0.0503418,0.0574174,0.0863408
13042,0.407537,0.0503392,0.057414,0.0863346
13043,0.407568,0.0503366,0.0574107,0.0863284
13044,0.4076,0.0503341,0.0574074,0.0863222
13045,0.407631,0.0503315,0.057404,0.086316
13046,0.407662,0.050329,0.0574007,0.0863098
13047,0.407693,0.0503264,0.0573974,0.0863035
13048,0.407725,0.0503238,0.057394,0.0862973
13049,0.407756,0.0503213,0.0573907,0.0862911
13050,0.407787,0.0503187,0.0573874,0.0862849
13051,0.407818,0.0503162,0.057384,0.0862787
13052,0.40785,0.0503136,0.0573807,0.0862725
13053,0.407881,0.050311,0.0573774,0.0862663
13054,0.407912,0.0503085,0.057374,0.0862601
13055,0.407943,0.0503059,0.0573707,0.0862539
13056,0.407975,0.0503034,0.0573674,0.0862477
13057,0.408006,0.0503008,0.057364,0.0862414
13058,0.408037,0.0502982,0.0573607,0.0862352
13059,0.408068,0.0502957,0.0573574,0.086229
13060,0.408099,0.0502931,0.057354,0.0862228
13061,0.408131,0.0502906,0.0573507,0.0862166
13062,0.408162,0.050288,0.0573474,0.0862104
13063,0.408193,0.0502855,0.0573441,0.0862042
13064,0.408224,0.0502829,0.0573407,0.086198
13065,0.408256,0.0502803,0.0573374,0.0861918
13066,0.408287,0.0502778,0.0573341,0.0861856
13067,0.408318,0.0502752,0.0573307,0.0861794
13068,0.408349,0.0502727,0.0573274,0.0861732
13069,0.408381,0.0502701,0.0573241,0.086167
13070,0.408412,0.0502676,0.0573208,0.0861608
13071,0.408443,0.050265,0.0573174,0.0861546
13072,0.408474,0.0502624,0.0573141,0.0861484
13073,0.408506,0.0502599,0.0573108,0.0861422
13074,0.408537,0.0502573,0.0573074,0.086136
13075,0.408568,0.0502548,0.0573041,0.0861298
13076,0.408599,0.0502522,0.0573008,0.0861236
13077,0.408631,0.0502497,0.0572975,0.0861175
13078,0.408662,0.0502471,0.0572941,0.0861113
13079,0.408693,0.0502445,0.0572908,0.0861051
13080,0.408724,0.050242,0.0572875,0.0860989
13081,0.408756,0.0502394,0.0572842,0.0860927
13082,0.408787,0.0502369,0.0572809,0.0860865
13083,0.408818,0.0502343,0.0572775,0.0860803
13084,0.408849,0.0502318,0.0572742,0.0860741
13085,0.408881,0.0502292,0.0572709,0.0860679
13086,0.408912,0.0502267,0.0572676,0.0860617
13087,0.408943,0.0502241,0.0572642,0.0860556
13088,0.408974,0.0502216,0.0572609,0.0860494
13089,0.409006,0.050219,0.0572576,0.0860432
13090,0.409037,0.0502164,0.0572543,0.086037
13091,0.409068,0.0502139,0.057251,0.0860308
13092,0.409099,0.0502113,0.0572476,0.0860246
13093,0.409131,0.0502088,0.0572443,0.0860184
13094,0.409162,0.0502062,0.057241,0.0860123
13095,0.409193,0.0502037,0.0572377,0.0860061
13096,0.409224,0.0502011,0.0572344,0.0859999
13097,0.409256,0.0501986,0.057231,0.0859937
13098,0.409287,0.050196,0.0572277,0.0859876
13099,0.409318,0.0501935,0.0572244,0.0859815
13100,0.409349,0.0501909,0.0572211,0.0859754
13101,0.409381,0.0501884,0.0572178,0.0859693
13102,0.409412,0.0501858,0.0572145,0.0859632
13103,0.409443,0.0501833,0.0572111,0.0859571
13104,0.409474,0.0501807,0.0572078,0.085951
13105,0.409506,0.0501782,0.0572045,0.0859449
13106,0.409537,0.0501756,0.0572012,0.0859388
13107,0.409568,0.0501731,0.0571979,0.0859327
13108,0.409599,0.0501705,0.0571946,0.0859266
13109,0.409631,0.050168,0.0571913,0.0859205
13110,0.409662,0.0501654,0.0571879,0.0859145
13111,0.409693,0.0501629,0.0571846,0.0859084
13112,0.409724,0.0501603,0.0571813,0.0859023
13113,0.409756,0.0501578,0.057178,0.0858962
13114,0.409787,0.0501552,0.0571747,0.0858901
13115,0.409818,0.0501527,0.0571714,0.085884
13116,0.409849,0.0501501,0.0571681,0.0858779
13117,0.409881,0.0501476,0.0571647,0.0858718
13118,0.409912,0.050145,0.0571614,0.0858657
13119,0.409943,0.0501425,0.0571581,0.0858597
13120,0.409974,0.0501399,0.0571548,0.0858536
13121,0.410006,0.0501374,0.0571515,0.0858475
13122,0.410037,0.0501348,0.0571482,0.0858414
13123,0.410068,0.0501323,0.0571449,0.0858353
13124,0.410099,0.0501297,0.0571416,0.0858292
13125,0.410131,0.0501272,0.0571383,0.0858231
13126,0.410162,0.0501246,0.057135,0.0858171
13127,0.410193,0.0501221,0.0571316,0.085811
13128,0.410224,0.0501195,0.0571283,0.0858049
13129,0.410256,0.050117,0.057125,0.0857988
13130,0.410287,0.0501144,0.0571217,0.0857927
13131,0.410318,0.0501119,0.0571184,0.0857867
13132,0.410349,0.0501093,0.0571151,0.0857806
13133,0.410381,0.0501068,0.0571118,0.0857745
13134,0.410412,0.0501042,0.0571085,0.0857684
13135,0.410443,0.0501017,0.0571052,0.0857623
13136,0.410474,0.0500991,0.0571019,0.0857563
13137,0.410506,0.0500966,0.0570986,0.0857502
13138,0.410537,0.050094,0.0570953,0.0857441
13139,0.410568,0.0500915,0.057092,0.085738
13140,0.410599,0.050089,0.0570887,0.085732
13141,0.410631,0.0500864,0.0570854,0.0857259
13142,0.410662,0.0500839,0.0570821,0.0857198
13143,0.410693,0.0500813,0.0570788,0.0857138
13144,0.410724,0.0500788,0.0570755,0.0857077
13145,0.410756,0.0500762,0.0570722,0.0857016
13146,0.410787,0.0500737,0.0570689,0.0856955
13147,0.410818,0.0500711,0.0570656,0.0856895
13148,0.410849,0.0500686,0.0570622,0.0856834
13149,0.410881,0.0500661,0.0570589,0.0856773
13150,0.410912,0.0500635,0.0570556,0.0856713
13151,0.410943,0.050061,0.0570523,0.0856652
13152,0.410974,0.0500584,0.057049,0.0856591
13153,0.411006,0.0500559,0.0570457,0.0856531
13154,0.411037,0.0500533,0.0570424,0.085647
13155,0.411068,0.0500508,0.0570391,0.0856409
13156,0.411099,0.0500482,0.0570358,0.0856349
13157,0.411131,0.0500457,0.0570326,0.0856288
13158,0.411162,0.0500432,0.0570293,0.0856227
13159,0.411193,0.0500406,0.057026,0.0856167
13160,0.411224,0.0500381,0.0570227,0.0856106
13161,0.411256,0.0500355,0.0570194,0.0856046
13162,0.411287,0.050033,0.0570161,0.0855985
13163,0.411318,0.0500304,0.0570128,0.0855924
13164,0.411349,0.0500279,0.0570095,0.0855864
13165,0.411381,0.0500254,0.0570062,0.0855803
13166,0.411412,0.0500228,0.0570029,0.0855743
13167,0.411443,0.0500203,0.0569996,0.0855682
13168,0.411474,0.0500177,0.0569963,0.0855622
13169,0.411506,0.0500152,0.056993,0.0855561
13170,0.411537,0.0500127,0.0569897,0.08555
13171,0.411568,0.0500101,0.0569864,0.085544
13172,0.411599,0.0500076,0.0569831,0.0855379
13173,0.411631,0.050005,0.0569798,0.0855319
13174,0.411662,0.0500025,0.0569765,0.0855258
13175,0.411693,0.05,0.0569732,0.0855198
13176,0.411724,0.0499974,0.0569699,0.0855137
13177,0.411756,0.0499949,0.0569666,0.0855077
13178,0.411787,0.0499923,0.0569634,0.0855016
13179,0.411818,0.0499898,0.0569601,0.0854956
13180,0.411849,0.0499873,0.0569568,0.0854895
13181,0.411881,0.0499847,0.0569535,0.0854835
13182,0.411912,0.0499822,0.0569502,0.0854774
13183,0.411943,0.0499796,0.0569469,0.0854714
13184,0.411974,0.0499771,0.0569436,0.0854653
13185,0.412005,0.0499746,0.0569403,0.0854593
13186,0.412037,0.049972,0.056937,0.0854533
13187,0.412068,0.0499695,0.0569337,0.0854472
13188,0.412099,0.0499669,0.0569305,0.0854412
13189,0.41213,0.0499644,0.0569272,0.0854351
13190,0.412162,0.0499619,0.0569239,0.0854291
13191,0.412193,0.0499593,0.0569206,0.085423
13192,0.412224,0.0499568,0.0569173,0.085417
13193,0.412255,0.0499543,0.056914,0.085411
13194,0.412287,0.0499517,0.0569107,0.0854049
13195,0.412318,0.0499492,0.0569074,0.0853989
13196,0.412349,0.0499466,0.0569042,0.0853928
13197,0.41238,0.0499441,0.0569009,0.0853868
13198,0.412412,0.0499416,0.0568976,0.0853808
13199,0.412443,0.049939,0.0568943,0.0853747
13200,0.412474,0.0499365,0.056891,0.0853687
13201,0.412505,0.049934,0.0568877,0.0853627
13202,0.412537,0.0499314,0.0568845,0.0853566
13203,0.412568,0.0499289,0.0568812,0.0853506
13204,0.412599,0.0499263,0.0568779,0.0853445
13205,0.41263,0.0499238,0.0568746,0.0853385
13206,0.412662,0.0499213,0.0568713,0.0853325
13207,0.412693,0.0499187,0.056868,0.0853264
13208,0.412724,0.0499162,0.0568648,0.0853204
13209,0.412755,0.0499137,0.0568615,0.0853144
13210,0.412787,0.0499111,0.0568582,0.0853084
13211,0.412818,0.0499086,0.0568549,0.0853023
13212,0.412849,0.0499061,0.0568516,0.0852963
13213,0.41288,0.0499035,0.0568484,0.0852903
13214,0.412912,0.049901,0.0568451,0.0852842
13215,0.412943,0.0498985,0.0568418,0.0852782
13216,0.412974,0.0498959,0.0568385,0.0852722
13217,0.413005,0.0498934,0.0568352,0.0852662
13218,0.413037,0.0498909,0.056832,0.0852601
13219,0.413068,0.0498883,0.0568287,0.0852541
13220,0.413099,0.0498858,0.0568254,0.0852481
13221,0.41313,0.0498833,0.0568221,0.0852421
13222,0.413162,0.0498807,0.0568188,0.085236
13223,0.413193,0.0498782,0.0568156,0.08523
13224,0.413224,0.0498757,0.0568123,0.085224
13225,0.413255,0.0498731,0.056809,0.085218
13226,0.413287,0.0498706,0.0568057,0.085212
13227,0.413318,0.0498681,0.0568025,0.0852059
13228,0.413349,0.0498655,0.0567992,0.0851999
13229,0.41338,0.049863,0.0567959,0.0851939
13230,0.413412,0.0498605,0.0567926,0.0851879
13231,0.413443,0.0498579,0.0567894,0.0851819
13232,0.413474,0.0498554,0.0567861,0.0851758
13233,0.413505,0.0498529,0.0567828,0.0851698
13234,0.413537,0.0498503,0.0567795,0.0851638
13235,0.413568,0.0498478,0.0567763,0.0851578
13236,0.413599,0.0498453,0.056773,0.0851518
13237,0.41363,0.0498428,0.0567697,0.0851458
13238,0.413662,0.0498402,0.0567664,0.0851398
13239,0.413693,0.0498377,0.0567632,0.0851337
13240,0.413724,0.0498352,0.0567599,0.0851277
13241,0.413755,0.0498326,0.0567566,0.0851217
13242,0.413787,0.0498301,0.0567534,0.0851157
13243,0.413818,0.0498276,0.0567501,0.0851097
13244,0.413849,0.049825,0.0567468,0.0851037
13245,0.41388,0.0498225,0.0567436,0.0850977
13246,0.413912,0.04982,0.0567403,0.0850917
13247,0.413943,0.0498175,0.056737,0.0850857
13248,0.413974,0.0498149,0.0567337,0.0850797
13249,0.414005,0.0498124,0.0567305,0.0850737
13250,0.414037,0.0498099,0.0567272,0.0850677
13251,0.414068,0.0498073,0.0567239,0.0850617
13252,0.414099,0.0498048,0.0567207,0.0850556
13253,0.41413,0.0498023,0.0567174,0.0850496
13254,0.414162,0.0497998,0.0567141,0.0850436
13255,0.414193,0.0497972,0.0567109,0.0850376
13256,0.414224,0.0497947,0.0567076,0.0850316
13257,0.414255,0.0497922,0.0567043,0.0850256
13258,0.414287,0.0497897,0.0567011,0.0850196
13259,0.414318,0.0497871,0.0566978,0.0850136
13260,0.414349,0.0497846,0.0566945,0.0850076
13261,0.41438,0.0497821,0.0566913,0.0850016
13262,0.414412,0.0497795,0.056688,0.0849956
13263,0.414443,0.049777,0.0566847,0.0849896
13264,0.414474,0.0497745,0.0566815,0.0849836
13265,0.414505,0.049772,0.0566782,0.0849776
13266,0.414537,0.0497694,0.056675,0.0849717
13267,0.414568,0.0497669,0.0566717,0.0849657
13268,0.414599,0.0497644,0.0566684,0.0849597
13269,0.41463,0.0497619,0.0566652,0.0849537
13270,0.414662,0.0497593,0.0566619,0.0849477
13271,0.414693,0.0497568,0.0566586,0.0849417
13272,0.414724,0.0497543,0.0566554,0.0849357
13273,0.414755,0.0497518,0.0566521,0.0849297
13274,0.414787,0.0497492,0.0566489,0.0849237
13275,0.414818,0.0497467,0.0566456,0.0849177
13276,0.414849,0.0497442,0.0566423,0.0849117
13277,0.41488,0.0497417,0.0566391,0.0849057
13278,0.414912,0.0497391,0.0566358,0.0848998
13279,0.414943,0.0497366,0.0566326,0.0848938
13280,0.414974,0.0497341,0.0566293,0.0848878
13281,0.415005,0.0497316,0.056626,0.0848818
13282,0.415037,0.049729,0.0566228,0.0848758
13283,0.415068,0.0497265,0.0566195,0.0848698
13284,0.415099,0.049724,0.0566163,0.0848638
13285,0.41513,0.0497215,0.056613,0.0848579
13286,0.415162,0.0497189,0.0566098,0.0848519
13287,0.415193,0.0497164,0.0566065,0.0848459
13288,0.415224,0.0497139,0.0566032,0.0848399
13289,0.415255,0.0497114,0.0566,0.0848339
13290,0.415287,0.0497089,0.0565967,0.0848279
13291,0.415318,0.0497063,0.0565935,0.084822
13292,0.415349,0.0497038,0.0565902,0.084816
13293,0.41538,0.0497013,0.056587,0.08481
13294,0.415412,0.0496988,0.0565837,0.084804
13295,0.415443,0.0496962,0.0565805,0.084798
13296,0.415474,0.0496937,0.0565772,0.0847921
13297,0.415505,0.0496912,0.056574,0.0847861
13298,0.415537,0.0496887,0.0565707,0.0847801
13299,0.415568,0.0496862,0.0565674,0.0847741
13300,0.415599,0.0496836,0.0565642,0.0847682
13301,0.41563,0.0496811,0.0565609,0.0847622
13302,0.415662,0.0496786,0.0565577,0.0847562
13303,0.415693,0.0496761,0.0565544,0.0847502
13304,0.415724,0.0496736,0.0565512,0.0847443
13305,0.415755,0.049671,0.0565479,0.0847383
13306,0.415787,0.0496685,0.0565447,0.0847323
13307,0.415818,0.049666,0.0565414,0.0847264
13308,0.415849,0.0496635,0.0565382,0.0847204
13309,0.41588,0.049661,0.0565349,0.0847144
13310,0.415912,0.0496584,0.0565317,0.0847085
13311,0.415943,0.0496559,0.0565284,0.0847025
13312,0.415974,0.0496534,0.0565252,0.0846965
13313,0.416005,0.0496509,0.0565219,0.0846905
13314,0.416036,0.0496484,0.0565187,0.0846846
13315,0.416068,0.0496459,0.0565154,0.0846786
13316,0.416099,0.0496433,0.0565122,0.0846727
13317,0.41613,0.0496408,0.056509,0.0846667
13318,0.416161,0.0496383,0.0565057,0.0846607
13319,0.416193,0.0496358,0.0565025,0.0846548
13320,0.416224,0.0496333,0.0564992,0.0846488
13321,0.416255,0.0496307,0.056496,0.0846428
13322,0.416286,0.0496282,0.0564927,0.0846369
13323,0.416318,0.0496257,0.0564895,0.0846309
13324,0.416349,0.0496232,0.0564862,0.084625
13325,0.41638,0.0496207,0.056483,0.084619
13326,0.416411,0.0496182,0.0564797,0.084613
13327,0.416443,0.0496156,0.0564765,0.0846071
13328,0.416474,0.0496131,0.0564733,0.0846011
13329,0.416505,0.0496106,0.05647,0.0845952
13330,0.416536,0.0496081,0.0564668,0.0845892
13331,0.416568,0.0496056,0.0564635,0.0845833
13332,0.416599,0.0496031,0.0564603,0.0845773
13333,0.41663,0.0496005,0.056457,0.0845713
13334,0.416661,0.049598,0.0564538,0.0845654
13335,0.416693,0.0495955,0.0564506,0.0845594
13336,0.416724,0.049593,0.0564473,0.0845535
13337,0.416755,0.0495905,0.0564441,0.0845475
13338,0.416786,0.049588,0.0564408,0.0845416
13339,0.416818,0.0495855,0.0564376,0.0845356
13340,0.416849,0.0495829,0.0564344,0.0845297
13341,0.41688,0.0495804,0.0564311,0.0845237
13342,0.416911,0.0495779,0.0564279,0.0845178
13343,0.416943,0.0495754,0.0564246,0.0845118
13344,0.416974,0.0495729,0.0564214,0.0845059
13345,0.417005,0.0495704,0.0564182,0.0844999
13346,0.417036,0.0495679,0.0564149,0.084494
13347,0.417068,0.0495653,0.0564117,0.084488
13348,0.417099,0.0495628,0.0564084,0.0844821
13349,0.41713,0.0495603,0.0564052,0.0844761
13350,0.417161,0.0495578,0.056402,0.0844702
13351,0.417193,0.0495553,0.0563987,0.0844643
13352,0.417224,0.0495528,0.0563955,0.0844583
13353,0.417255,0.0495503,0.0563923,0.0844524
13354,0.417286,0.0495478,0.056389,0.0844464
13355,0.417318,0.0495452,0.0563858,0.0844405
13356,0.417349,0.0495427,0.0563826,0.0844346
13357,0.41738,0.0495402,0.0563793,0.0844286
13358,0.417411,0.0495377,0.0563761,0.0844227
13359,0.417443,0.0495352,0.0563729,0.0844167
13360,0.417474,0.0495327,0.0563696,0.0844108
13361,0.417505,0.0495302,0.0563664,0.0844049
13362,0.417536,0.0495277,0.0563632,0.0843989
13363,0.417568,0.0495251,0.0563599,0.084393
13364,0.417599,0.0495226,0.0563567,0.0843871
13365,0.41763,0.0495201,0.0563535,0.0843811
13366,0.417661,0.0495176,0.0563502,0.0843752
13367,0.417693,0.0495151,0.056347,0.0843692
13368,0.417724,0.0495126,0.0563438,0.0843633
13369,0.417755,0.0495101,0.0563405,0.0843574
13370,0.417786,0.0495076,0.0563373,0.0843514
13371,0.417818,0.0495051,0.0563341,0.0843455
13372,0.417849,0.0495026,0.0563308,0.0843396
13373,0.41788,0.0495,0.0563276,0.0843337
13374,0.417911,0.0494975,0.0563244,0.0843277
13375,0.417943,0.049495,0.0563212,0.0843218
13376,0.417974,0.0494925,0.0563179,0.0843159
13377,0.418005,0.04949,0.0563147,0.0843099
13378,0.418036,0.0494875,0.0563115,0.084304
13379,0.418068,0.049485,0.0563082,0.0842981
13380,0.418099,0.0494825,0.056305,0.0842922
13381,0.41813,0.04948,0.0563018,0.0842862
13382,0.418161,0.0494775,0.0562986,0.0842803
13383,0.418193,0.049475,0.0562953,0.0842744
13384,0.418224,0.0494724,0.0562921,0.0842685
13385,0.418255,0.0494699,0.0562889,0.0842625
13386,0.418286,0.0494674,0.0562857,0.0842566
13387,0.418318,0.0494649,0.0562824,0.0842507
13388,0.418349,0.0494624,0.0562792,0.0842448
13389,0.41838,0.0494599,0.056276,0.0842389
13390,0.418411,0.0494574,0.0562728,0.0842329
13391,0.418443,0.0494549,0.0562695,0.084227
13392,0.418474,0.0494524,0.0562663,0.0842211
13393,0.418505,0.0494499,0.0562631,0.0842152
13394,0.418536,0.0494474,0.0562599,0.0842093
13395,0.418568,0.0494449,0.0562566,0.0842033
13396,0.418599,0.0494424,0.0562534,0.0841974
13397,0.41863,0.0494399,0.0562502,0.0841915
13398,0.418661,0.0494374,0.056247,0.0841856
13399,0.418693,0.0494349,0.0562438,0.0841797
13400,0.418724,0.0494323,0.0562405,0.0841738
13401,0.418755,0.0494298,0.0562373,0.0841679
13402,0.418786,0.0494273,0.0562341,0.0841619
13403,0.418818,0.0494248,0.0562309,0.084156
13404,0.418849,0.0494223,0.0562277,0.0841501
13405,0.41888,0.0494198,0.0562244,0.0841442
13406,0.418911,0.0494173,0.0562212,0.0841383
13407,0.418943,0.0494148,0.056218,0.0841324
13408,0.418974,0.0494123,0.0562148,0.0841265
13409,0.419005,0.0494098,0.0562116,0.0841206
13410,0.419036,0.0494073,0.0562083,0.0841147
13411,0.419068,0.0494048,0.0562051,0.0841088
13412,0.419099,0.0494023,0.0562019,0.0841028
13413,0.41913,0.0493998,0.0561987,0.0840969
13414,0.419161,0.0493973,0.0561955,0.084091
13415,0.419193,0.0493948,0.0561923,0.0840851
13416,0.419224,0.0493923,0.056189,0.0840792
13417,0.419255,0.0493898,0.0561858,0.0840733
13418,0.419286,0.0493873,0.0561826,0.0840674
13419,0.419318,0.0493848,0.0561794,0.0840615
13420,0.419349,0.0493823,0.0561762,0.0840556
13421,0.41938,0.0493798,0.056173,0.0840497
13422,0.419411,0.0493773,0.0561698,0.0840438
13423,0.419443,0.0493748,0.0561665,0.0840379
13424,0.419474,0.0493723,0.0561633,0.084032
13425,0.419505,0.0493698,0.0561601,0.0840261
13426,0.419536,0.0493673,0.0561569,0.0840202
13427,0.419568,0.0493648,0.0561537,0.0840143
13428,0.419599,0.0493623,0.0561505,0.0840084
13429,0.41963,0.0493598,0.0561473,0.0840025
13430,0.419661,0.0493573,0.0561441,0.0839966
13431,0.419693,0.0493548,0.0561408,0.0839907
13432,0.419724,0.0493523,0.0561376,0.0839848
13433,0.419755,0.0493498,0.0561344,0.0839789
13434,0.419786,0.0493473,0.0561312,0.0839731
13435,0.419818,0.0493448,0.056128,0.0839672
13436,0.419849,0.0493423,0.0561248,0.0839613
13437,0.41988,0.0493398,0.0561216,0.0839554
13438,0.419911,0.0493373,0.0561184,0.0839495
13439,0.419943,0.0493348,0.0561152,0.0839436
13440,0.419974,0.0493323,0.0561119,0.0839377
13441,0.420005,0.0493298,0.0561087,0.0839318
13442,0.420036,0.0493273,0.0561055,0.0839259
13443,0.420067,0.0493248,0.0561023,0.08392
13444,0.420099,0.0493223,0.0560991,0.0839142
13445,0.42013,0.0493198,0.0560959,0.0839083
13446,0.420161,0.0493173,0.0560927,0.0839024
13447,0.420192,0.0493148,0.0560895,0.0838965
13448,0.420224,0.0493123,0.0560863,0.0838906
13449,0.420255,0.0493098,0.0560831,0.0838847
13450,0.420286,0.0493073,0.0560799,0.0838788
13451,0.420317,0.0493048,0.0560767,0.083873
13452,0.420349,0.0493023,0.0560735,0.0838671
13453,0.42038,0.0492998,0.0560703,0.0838612
13454,0.420411,0.0492973,0.0560671,0.0838553
13455,0.420442,0.0492948,0.0560639,0.0838494
13456,0.420474,0.0492923,0.0560607,0.0838436
13457,0.420505,0.0492898,0.0560574,0.0838377
13458,0.420536,0.0492873,0.0560542,0.0838318
13459,0.420567,0.0492848,0.056051,0.0838259
13460,0.420599,0.0492823,0.0560478,0.08382
13461,0.42063,0.0492798,0.0560446,0.0838142
13462,0.420661,0.0492773,0.0560414,0.0838083
13463,0.420692,0.0492748,0.0560382,0.0838024
13464,0.420724,0.0492723,0.056035,0.0837965
13465,0.420755,0.0492698,0.0560318,0.0837907
13466,0.420786,0.0492673,0.0560286,0.0837848
13467,0.420817,0.0492648,0.0560254,0.0837789
13468,0.420849,0.0492623,0.0560222,0.083773
13469,0.42088,0.0492598,0.056019,0.0837672
13470,0.420911,0.0492573,0.0560158,0.0837613
13471,0.420942,0.0492549,0.0560126,0.0837554
13472,0.420974,0.0492524,0.0560094,0.0837496
13473,0.421005,0.0492499,0.0560062,0.0837437
13474,0.421036,0.0492474,0.056003,0.0837378
13475,0.421067,0.0492449,0.0559998,0.0837319
13476,0.421099,0.0492424,0.0559966,0.0837261
13477,0.42113,0.0492399,0.0559934,0.0837202
13478,0.421161,0.0492374,0.0559902,0.0837143
13479,0.421192,0.0492349,0.055987,0.0837085
13480,0.421224,0.0492324,0.0559839,0.0837026
13481,0.421255,0.0492299,0.0559807,0.0836967
13482,0.421286,0.0492274,0.0559775,0.0836909
13483,0.421317,0.0492249,0.0559743,0.083685
13484,0.421349,0.0492224,0.0559711,0.0836792
13485,0.42138,0.0492199,0.0559679,0.0836733
13486,0.421411,0.0492175,0.0559647,0.0836674
13487,0.421442,0.049215,0.0559615,0.0836616
13488,0.421474,0.0492125,0.0559583,0.0836558
13489,0.421505,0.04921,0.0559551,0.08365
13490,0.421536,0.0492075,0.0559519,0.0836442
13491,0.421567,0.049205,0.0559487,0.0836384
13492,0.421599,0.0492025,0.0559455,0.0836326
13493,0.42163,0.0492,0.0559423,0.0836269
13494,0.421661,0.0491975,0.0559391,0.0836211
13495,0.421692,0.049195,0.0559359,0.0836153
13496,0.421724,0.0491925,0.0559328,0.0836095
13497,0.421755,0.04919,0.0559296,0.0836037
13498,0.421786,0.0491876,0.0559264,0.0835979
13499,0.421817,0.0491851,0.0559232,0.0835922
13500,0.421849,0.0491826,0.05592,0.0835864
13501,0.42188,0.0491801,0.0559168,0.0835806
13502,0.421911,0.0491776,0.0559136,0.0835748
13503,0.421942,0.0491751,0.0559104,0.083569
13504,0.421974,0.0491726,0.0559072,0.0835633
13505,0.422005,0.0491701,0.055904,0.0835575
13506,0.422036,0.0491676,0.0559009,0.0835517
13507,0.422067,0.0491651,0.0558977,0.0835459
13508,0.422099,0.0491627,0.0558945,0.0835402
13509,0.42213,0.0491602,0.0558913,0.0835344
13510,0.422161,0.0491577,0.0558881,0.0835286
13511,0.422192,0.0491552,0.0558849,0.0835228
13512,0.422224,0.0491527,0.0558817,0.0835171
13513,0.422255,0.0491502,0.0558785,0.0835113
13514,0.422286,0.0491477,0.0558754,0.0835055
13515,0.422317,0.0491452,0.0558722,0.0834997
13516,0.422349,0.0491428,0.055869,0.083494
13517,0.42238,0.0491403,0.0558658,0.0834882
13518,0.422411,0.0491378,0.0558626,0.0834824
13519,0.422442,0.0491353,0.0558594,0.0834767
13520,0.422474,0.0491328,0.0558562,0.0834709
13521,0.422505,0.0491303,0.0558531,0.0834651
13522,0.422536,0.0491278,0.0558499,0.0834594
13523,0.422567,0.0491253,0.0558467,0.0834536
13524,0.422599,0.0491229,0.0558435,0.0834478
13525,0.42263,0.0491204,0.0558403,0.0834421
13526,0.422661,0.0491179,0.0558371,0.0834363
13527,0.422692,0.0491154,0.055834,0.0834305
13528,0.422724,0.0491129,0.0558308,0.0834248
13529,0.422755,0.0491104,0.0558276,0.083419
13530,0.422786,0.0491079,0.0558244,0.0834132
13531,0.422817,0.0491055,0.0558212,0.0834075
13532,0.422849,0.049103,0.0558181,0.0834017
13533,0.42288,0.0491005,0.0558149,0.083396
13534,0.422911,0.049098,0.0558117,0.0833902
13535,0.422942,0.0490955,0.0558085,0.0833844
13536,0.422974,0.049093,0.0558053,0.0833787
13537,0.423005,0.0490905,0.0558022,0.0833729
13538,0.423036,0.0490881,0.055799,0.0833672
13539,0.423067,0.0490856,0.0557958,0.0833614
13540,0.423099,0.0490831,0.0557926,0.0833556
13541,0.42313,0.0490806,0.0557894,0.0833499
13542,0.423161,0.0490781,0.0557863,0.0833441
13543,0.423192,0.0490756,0.0557831,0.0833384
13544,0.423224,0.0490732,0.0557799,0.0833326
13545,0.423255,0.0490707,0.0557767,0.0833269
13546,0.423286,0.0490682,0.0557736,0.0833211
13547,0.423317,0.0490657,0.0557704,0.0833154
13548,0.423349,0.0490632,0.0557672,0.0833096
13549,0.42338,0.0490607,0.055764,0.0833039
13550,0.423411,0.0490583,0.0557609,0.0832981
13551,0.423442,0.0490558,0.0557577,0.0832924
13552,0.423474,0.0490533,0.0557545,0.0832866
13553,0.423505,0.0490508,0.0557513,0.0832809
13554,0.423536,0.0490483,0.0557482,0.0832751
13555,0.423567,0.0490458,0.055745,0.0832694
13556,0.423599,0.0490434,0.0557418,0.0832636
13557,0.42363,0.0490409,0.0557386,0.0832579
13558,0.423661,0.0490384,0.0557355,0.0832521
13559,0.423692,0.0490359,0.0557323,0.0832464
13560,0.423724,0.0490334,0.0557291,0.0832406
13561,0.423755,0.049031,0.0557259,0.0832349
13562,0.423786,0.0490285,0.0557228,0.0832291
13563,0.423817,0.049026,0.0557196,0.0832234
13564,0.423849,0.0490235,0.0557164,0.0832176
13565,0.42388,0.049021,0.0557133,0.0832119
13566,0.423911,0.0490186,0.0557101,0.0832062
13567,0.423942,0.0490161,0.0557069,0.0832004
13568,0.423974,0.0490136,0.0557038,0.0831947
13569,0.424005,0.0490111,0.0557006,0.0831889
13570,0.424036,0.0490086,0.0556974,0.0831832
13571,0.424067,0.0490062,0.0556942,0.0831775
13572,0.424098,0.0490037,0.0556911,0.0831717
13573,0.42413,0.0490012,0.0556879,0.083166
13574,0.424161,0.0489987,0.0556847,0.0831602
13575,0.424192,0.0489962,0.0556816,0.0831545
13576,0.424223,0.0489938,0.0556784,0.0831488
13577,0.424255,0.0489913,0.0556752,0.083143
13578,0.424286,0.0489888,0.0556721,0.0831373
13579,0.424317,0.0489863,0.0556689,0.0831316
13580,0.424348,0.0489838,0.0556657,0.0831258
13581,0.42438,0.0489814,0.0556626,0.0831201
13582,0.424411,0.0489789,0.0556594,0.0831144
13583,0.424442,0.0489764,0.0556562,0.0831086
13584,0.424473,0.0489739,0.0556531,0.0831029
13585,0.424505,0.0489715,0.0556499,0.0830972
13586,0.424536,0.048969,0.0556467,0.0830914
13587,0.424567,0.0489665,0.0556436,0.0830857
13588,0.424598,0.048964,0.0556404,0.08308
13589,0.42463,0.0489616,0.0556373,0.0830742
13590,0.424661,0.0489591,0.0556341,0.0830685
13591,0.424692,0.0489566,0.0556309,0.0830628
13592,0.424723,0.0489541,0.0556278,0.0830571
13593,0.424755,0.0489516,0.0556246,0.0830513
13594,0.424786,0.0489492,0.0556214,0.0830456
13595,0.424817,0.0489467,0.0556183,0.0830399
13596,0.424848,0.0489442,0.0556151,0.0830342
13597,0.42488,0.0489417,0.055612,0.0830284
13598,0.424911,0.0489393,0.0556088,0.0830227
13599,0.424942,0.0489368,0.0556056,0.083017
13600,0.424973,0.0489343,0.0556025,0.0830113
13601,0.425005,0.0489318,0.0555993,0.0830055
13602,0.425036,0.0489294,0.0555962,0.0829998
13603,0.425067,0.0489269,0.055593,0.0829941
13604,0.425098,0.0489244,0.0555898,0.0829884
13605,0.42513,0.0489219,0.0555867,0.0829827
13606,0.425161,0.0489195,0.0555835,0.0829769
13607,0.425192,0.048917,0.0555804,0.0829712
13608,0.425223,0.0489145,0.0555772,0.0829655
13609,0.425255,0.048912,0.055574,0.0829598
13610,0.425286,0.0489096,0.0555709,0.0829541
13611,0.425317,0.0489071,0.0555677,0.0829484
13612,0.425348,0.0489046,0.0555646,0.0829426
13613,0.42538,0.0489022,0.0555614,0.0829369
13614,0.425411,0.0488997,0.0555583,0.0829312
13615,0.425442,0.0488972,0.0555551,0.0829255
13616,0.425473,0.0488947,0.055552,0.0829198
13617,0.425505,0.0488923,0.0555488,0.0829141
13618,0.425536,0.0488898,0.0555456,0.0829084
13619,0.425567,0.0488873,0.0555425,0.0829026
13620,0.425598,0.0488848,0.0555393,0.0828969
13621,0.42563,0.0488824,0.0555362,0.0828912
13622,0.425661,0.0488799,0.055533,0.0828855
13623,0.425692,0.0488774,0.0555299,0.0828798
13624,0.425723,0.048875,0.0555267,0.0828741
13625,0.425755,0.0488725,0.0555236,0.0828684
13626,0.425786,0.04887,0.0555204,0.0828627
13627,0.425817,0.0488675,0.0555173,0.082857
13628,0.425848,0.0488651,0.0555141,0.0828513
13629,0.42588,0.0488626,0.055511,0.0828456
13630,0.425911,0.0488601,0.0555078,0.0828398
13631,0.425942,0.0488577,0.0555047,0.0828341
13632,0.425973,0.0488552,0.0555015,0.0828284
13633,0.426005,0.0488527,0.0554984,0.0828227
13634,0.426036,0.0488502,0.0554952,0.082817
13635,0.426067,0.0488478,0.0554921,0.0828113
13636,0.426098,0.0488453,0.0554889,0.0828056
13637,0.42613,0.0488428,0.0554858,0.0827999
13638,0.426161,0.0488404,0.0554826,0.0827942
13639,0.426192,0.0488379,0.0554795,0.0827885
13640,0.426223,0.0488354,0.0554763,0.0827828
13641,0.426255,0.048833,0.0554732,0.0827771
13642,0.426286,0.0488305,0.05547,0.0827714
13643,0.426317,0.048828,0.0554669,0.0827657
13644,0.426348,0.0488256,0.0554637,0.08276
13645,0.42638,0.0488231,0.0554606,0.0827543
13646,0.426411,0.0488206,0.0554574,0.0827486
13647,0.426442,0.0488182,0.0554543,0.0827429
13648,0.426473,0.0488157,0.0554511,0.0827372
13649,0.426505,0.0488132,0.055448,0.0827315
13650,0.426536,0.0488107,0.0554448,0.0827258
13651,0.426567,0.0488083,0.0554417,0.0827202
13652,0.426598,0.0488058,0.0554385,0.0827145
13653,0.42663,0.0488033,0.0554354,0.0827088
13654,0.426661,0.0488009,0.0554323,0.0827031
13655,0.426692,0.0487984,0.0554291,0.0826974
13656,0.426723,0.0487959,0.055426,0.0826917
13657,0.426755,0.0487935,0.0554228,0.082686
13658,0.426786,0.048791,0.0554197,0.0826803
13659,0.426817,0.0487885,0.0554165,0.0826746
13660,0.426848,0.0487861,0.0554134,0.0826689
13661,0.42688,0.0487836,0.0554103,0.0826632
13662,0.426911,0.0487811,0.0554071,0.0826576
13663,0.426942,0.0487787,0.055404,0.0826519
13664,0.426973,0.0487762,0.0554008,0.0826462
13665,0.427005,0.0487737,0.0553977,0.0826405
13666,0.427036,0.0487713,0.0553946,0.0826348
13667,0.427067,0.0487688,0.0553914,0.0826291
13668,0.427098,0.0487664,0.0553883,0.0826234
13669,0.42713,0.0487639,0.0553851,0.0826178
13670,0.427161,0.0487614,0.055382,0.0826121
13671,0.427192,0.048759,0.0553789,0.0826064
13672,0.427223,0.0487565,0.0553757,0.0826007
13673,0.427255,0.048754,0.0553726,0.082595
13674,0.427286,0.0487516,0.0553694,0.0825894
13675,0.427317,0.0487491,0.0553663,0.0825837
13676,0.427348,0.0487466,0.0553632,0.082578
13677,0.42738,0.0487442,0.05536,0.0825723
13678,0.427411,0.0487417,0.0553569,0.0825666
13679,0.427442,0.0487392,0.0553537,0.082561
13680,0.427473,0.0487368,0.0553506,0.0825553
13681,0.427505,0.0487343,0.0553475,0.0825496
13682,0.427536,0.0487319,0.0553443,0.0825439
13683,0.427567,0.0487294,0.0553412,0.0825382
13684,0.427598,0.0487269,0.0553381,0.0825326
13685,0.42763,0.0487245,0.0553349,0.0825269
13686,0.427661,0.048722,0.0553318,0.0825212
13687,0.427692,0.0487195,0.0553287,0.0825156
13688,0.427723,0.0487171,0.0553255,0.0825099
13689,0.427755,0.0487146,0.0553224,0.0825042
13690,0.427786,0.0487122,0.0553193,0.0824985
13691,0.427817,0.0487097,0.0553161,0.0824929
13692,0.427848,0.0487072,0.055313,0.0824872
13693,0.42788,0.0487048,0.0553099,0.0824815
13694,0.427911,0.0487023,0.0553067,0.0824759
13695,0.427942,0.0486999,0.0553036,0.0824702
13696,0.427973,0.0486974,0.0553005,0.0824645
13697,0.428004,0.0486949,0.0552973,0.0824588
13698,0.428036,0.0486925,0.0552942,0.0824532
13699,0.428067,0.04869,0.0552911,0.0824475
13700,0.428098,0.0486875,0.0552879,0.0824418
13701,0.428129,0.0486851,0.0552848,0.0824362
13702,0.428161,0.0486826,0.0552817,0.0824305
13703,0.428192,0.0486802,0.0552785,0.0824248
13704,0.428223,0.0486777,0.0552754,0.0824192
13705,0.428254,0.0486752,0.0552723,0.0824135
13706,0.428286,0.0486728,0.0552692,0.0824079
13707,0.428317,0.0486703,0.055266,0.0824022
13708,0.428348,0.0486679,0.0552629,0.0823965
13709,0.428379,0.0486654,0.0552598,0.0823909
13710,0.428411,0.048663,0.0552566,0.0823852
13711,0.428442,0.0486605,0.0552535,0.0823796
13712,0.428473,0.048658,0.0552504,0.0823739
13713,0.428504,0.0486556,0.0552473,0.0823682
13714,0.428536,0.0486531,0.0552441,0.0823626
13715,0.428567,0.0486507,0.055241,0.0823569
13716,0.428598,0.0486482,0.0552379,0.0823513
13717,0.428629,0.0486457,0.0552348,0.0823456
13718,0.428661,0.0486433,0.0552316,0.0823399
13719,0.428692,0.0486408,0.0552285,0.0823343
13720,0.428723,0.0486384,0.0552254,0.0823286
13721,0.428754,0.0486359,0.0552223,0.082323
13722,0.428786,0.0486335,0.0552191,0.0823173
13723,0.428817,0.048631,0.055216,0.0823117
13724,0.428848,0.0486285,0.0552129,0.082306
13725,0.428879,0.0486261,0.0552098,0.0823004
13726,0.428911,0.0486236,0.0552066,0.0822947
13727,0.428942,0.0486212,0.0552035,0.0822891
13728,0.428973,0.0486187,0.0552004,0.0822834
13729,0.429004,0.0486163,0.0551973,0.0822778
13730,0.429036,0.0486138,0.0551941,0.0822721
13731,0.429067,0.0486113,0.055191,0.0822665
13732,0.429098,0.0486089,0.0551879,0.0822608
13733,0.429129,0.0486064,0.0551848,0.0822552
13734,0.429161,0.048604,0.0551817,0.0822495
13735,0.429192,0.0486015,0.0551785,0.0822439
13736,0.429223,0.0485991,0.0551754,0.0822382
13737,0.429254,0.0485966,0.0551723,0.0822326
13738,0.429286,0.0485942,0.0551692,0.0822269
13739,0.429317,0.0485917,0.0551661,0.0822213
13740,0.429348,0.0485893,0.0551629,0.0822157
13741,0.429379,0.0485868,0.0551598,0.08221
13742,0.429411,0.0485843,0.0551567,0.0822044
13743,0.429442,0.0485819,0.0551536,0.0821987
13744,0.429473,0.0485794,0.0551505,0.0821931
13745,0.429504,0.048577,0.0551474,0.0821874
13746,0.429536,0.0485745,0.0551442,0.0821818
13747,0.429567,0.0485721,0.0551411,0.0821762
13748,0.429598,0.0485696,0.055138,0.0821705
13749,0.429629,0.0485672,0.0551349,0.0821649
13750,0.429661,0.0485647,0.0551318,0.0821592
13751,0.429692,0.0485623,0.0551287,0.0821536
13752,0.429723,0.0485598,0.0551255,0.082148
13753,0.429754,0.0485574,0.0551224,0.0821423
13754,0.429786,0.0485549,0.0551193,0.0821367
13755,0.429817,0.0485525,0.0551162,0.0821311
13756,0.429848,0.04855,0.0551131,0.0821254
13757,0.429879,0.0485475,0.05511,0.0821198
13758,0.429911,0.0485451,0.0551068,0.0821142
13759,0.429942,0.0485426,0.0551037,0.0821085
13760,0.429973,0.0485402,0.0551006,0.0821029
13761,0.430004,0.0485377,0.0550975,0.0820973
13762,0.430036,0.0485353,0.0550944,0.0820916
13763,0.430067,0.0485328,0.0550913,0.082086
13764,0.430098,0.0485304,0.0550882,0.0820804
13765,0.430129,0.0485279,0.0550851,0.0820747
13766,0.430161,0.0485255,0.0550819,0.0820691
13767,0.430192,0.048523,0.0550788,0.0820635
13768,0.430223,0.0485206,0.0550757,0.0820579
13769,0.430254,0.0485181,0.0550726,0.0820522
13770,0.430286,0.0485157,0.0550695,0.0820466
13771,0.430317,0.0485132,0.0550664,0.082041
13772,0.430348,0.0485108,0.0550633,0.0820353
13773,0.430379,0.0485083,0.0550602,0.0820297
13774,0.430411,0.0485059,0.0550571,0.0820241
13775,0.430442,0.0485034,0.055054,0.0820185
13776,0.430473,0.048501,0.0550508,0.0820129
13777,0.430504,0.0484985,0.0550477,0.0820072
13778,0.430536,0.0484961,0.0550446,0.0820016
13779,0.430567,0.0484936,0.0550415,0.081996
13780,0.430598,0.0484912,0.0550384,0.0819904
13781,0.430629,0.0484887,0.0550353,0.0819847
13782,0.430661,0.0484863,0.0550322,0.0819791
13783,0.430692,0.0484838,0.0550291,0.0819735
13784,0.430723,0.0484814,0.055026,0.0819679
13785,0.430754,0.0484789,0.0550229,0.0819623
13786,0.430786,0.0484765,0.0550198,0.0819566
13787,0.430817,0.0484741,0.0550167,0.081951
13788,0.430848,0.0484716,0.0550136,0.0819454
13789,0.430879,0.0484692,0.0550105,0.0819398
13790,0.430911,0.0484667,0.0550073,0.0819342
13791,0.430942,0.0484643,0.0550042,0.0819286
13792,0.430973,0.0484618,0.0550011,0.0819229
13793,0.431004,0.0484594,0.054998,0.0819173
13794,0.431036,0.0484569,0.0549949,0.0819117
13795,0.431067,0.0484545,0.0549918,0.0819061
13796,0.431098,0.048452,0.0549887,0.0819005
13797,0.431129,0.0484496,0.0549856,0.0818949
13798,0.431161,0.0484471,0.0549825,0.0818893
13799,0.431192,0.0484447,0.0549794,0.0818837
13800,0.431223,0.0484422,0.0549763,0.081878
13801,0.431254,0.0484398,0.0549732,0.0818724
13802,0.431286,0.0484374,0.0549701,0.0818668
13803,0.431317,0.0484349,0.054967,0.0818612
13804,0.431348,0.0484325,0.0549639,0.0818556
13805,0.431379,0.04843,0.0549608,0.08185
13806,0.431411,0.0484276,0.0549577,0.0818444
13807,0.431442,0.0484251,0.0549546,0.0818388
13808,0.431473,0.0484227,0.0549515,0.0818332
13809,0.431504,0.0484202,0.0549484,0.0818276
13810,0.431536,0.0484178,0.0549453,0.081822
13811,0.431567,0.0484154,0.0549422,0.0818164
13812,0.431598,0.0484129,0.0549391,0.0818108
13813,0.431629,0.0484105,0.054936,0.0818052
13814,0.431661,0.048408,0.0549329,0.0817996
13815,0.431692,0.0484056,0.0549298,0.081794
13816,0.431723,0.0484031,0.0549267,0.0817884
13817,0.431754,0.0484007,0.0549236,0.0817828
13818,0.431786,0.0483982,0.0549205,0.0817772
13819,0.431817,0.0483958,0.0549174,0.0817716
13820,0.431848,0.0483934,0.0549143,0.081766
13821,0.431879,0.0483909,0.0549112,0.0817604
13822,0.431911,0.0483885,0.0549081,0.0817548
13823,0.431942,0.048386,0.0549051,0.0817492
13824,0.431973,0.0483836,0.054902,0.0817436
13825,0.432004,0.0483812,0.0548989,0.081738
13826,0.432035,0.0483787,0.0548958,0.0817324
13827,0.432067,0.0483763,0.0548927,0.0817268
13828,0.432098,0.0483738,0.0548896,0.0817212
13829,0.432129,0.0483714,0.0548865,0.0817156
13830,0.43216,0.0483689,0.0548834,0.08171
13831,0.432192,0.0483665,0.0548803,0.0817044
13832,0.432223,0.0483641,0.0548772,0.0816988
13833,0.432254,0.0483616,0.0548741,0.0816932
13834,0.432285,0.0483592,0.054871,0.0816876
13835,0.432317,0.0483567,0.0548679,0.081682
13836,0.432348,0.0483543,0.0548648,0.0816764
13837,0.432379,0.0483519,0.0548617,0.0816709
13838,0.43241,0.0483494,0.0548587,0.0816653
13839,0.432442,0.048347,0.0548556,0.0816597
13840,0.432473,0.0483445,0.0548525,0.0816541
13841,0.432504,0.0483421,0.0548494,0.0816485
13842,0.432535,0.0483397,0.0548463,0.0816429
13843,0.432567,0.0483372,0.0548432,0.0816373
13844,0.432598,0.0483348,0.0548401,0.0816317
13845,0.432629,0.0483323,0.054837,0.0816262
13846,0.43266,0.0483299,0.0548339,0.0816206
13847,0.432692,0.0483275,0.0548308,0.081615
13848,0.432723,0.048325,0.0548278,0.0816094
13849,0.432754,0.0483226,0.0548247,0.0816038
13850,0.432785,0.0483201,0.0548216,0.0815982
13851,0.432817,0.0483177,0.0548185,0.0815927
13852,0.432848,0.0483153,0.0548154,0.0815871
13853,0.432879,0.0483128,0.0548123,0.0815815
13854,0.43291,0.0483104,0.0548092,0.0815759
13855,0.432942,0.048308,0.0548061,0.0815703
13856,0.432973,0.0483055,0.0548031,0.0815648
13857,0.433004,0.0483031,0.0548,0.0815592
13858,0.433035,0.0483006,0.0547969,0.0815536
13859,0.433067,0.0482982,0.0547938,0.081548
13860,0.433098,0.0482958,0.0547907,0.0815424
13861,0.433129,0.0482933,0.0547876,0.0815369
13862,0.43316,0.0482909,0.0547845,0.0815313
13863,0.433192,0.0482885,0.0547815,0.0815257
13864,0.433223,0.048286,0.0547784,0.0815201
13865,0.433254,0.0482836,0.0547753,0.0815146
13866,0.433285,0.0482811,0.0547722,0.081509
13867,0.433317,0.0482787,0.0547691,0.0815034
13868,0.433348,0.0482763,0.054766,0.0814978
13869,0.433379,0.0482738,0.054763,0.0814923
13870,0.43341,0.0482714,0.0547599,0.0814867
13871,0.433442,0.048269,0.0547568,0.0814811
13872,0.433473,0.0482665,0.0547537,0.0814756
13873,0.433504,0.0482641,0.0547506,0.08147
13874,0.433535,0.0482617,0.0547476,0.0814644
13875,0.433567,0.0482592,0.0547445,0.0814589
13876,0.433598,0.0482568,0.0547414,0.0814533
13877,0.433629,0.0482544,0.0547383,0.0814477
13878,0.43366,0.0482519,0.0547352,0.0814421
13879,0.433692,0.0482495,0.0547322,0.0814366
13880,0.433723,0.0482471,0.0547291,0.081431
13881,0.433754,0.0482446,0.054726,0.0814255
13882,0.433785,0.0482422,0.0547229,0.0814199
13883,0.433817,0.0482398,0.0547198,0.0814143
13884,0.433848,0.0482373,0.0547168,0.0814088
13885,0.433879,0.0482349,0.0547137,0.0814032
13886,0.43391,0.0482325,0.0547106,0.0813977
13887,0.433942,0.04823,0.0547075,0.0813922
13888,0.433973,0.0482276,0.0547045,0.0813867
13889,0.434004,0.0482252,0.0547014,0.0813812
13890,0.434035,0.0482227,0.0546983,0.0813757
13891,0.434067,0.0482203,0.0546952,0.0813702
13892,0.434098,0.0482179,0.0546921,0.0813647
13893,0.434129,0.0482154,0.0546891,0.0813592
13894,0.43416,0.048213,0.054686,0.0813537
13895,0.434192,0.0482106,0.0546829,0.0813482
13896,0.434223,0.0482081,0.0546798,0.0813428
13897,0.434254,0.0482057,0.0546768,0.0813373
13898,0.434285,0.0482033,0.0546737,0.0813318
13899,0.434317,0.0482008,0.0546706,0.0813263
13900,0.434348,0.0481984,0.0546676,0.0813208
13901,0.434379,0.048196,0.0546645,0.0813153
13902,0.43441,0.0481935,0.0546614,0.0813098
13903,0.434442,0.0481911,0.0546583,0.0813043
13904,0.434473,0.0481887,0.0546553,0.0812989
13905,0.434504,0.0481862,0.0546522,0.0812934
13906,0.434535,0.0481838,0.0546491,0.0812879
13907,0.434567,0.0481814,0.054646,0.0812824
13908,0.434598,0.048179,0.054643,0.0812769
13909,0.434629,0.0481765,0.0546399,0.0812714
13910,0.43466,0.0481741,0.0546368,0.081266
13911,0.434692,0.0481717,0.0546338,0.0812605
13912,0.434723,0.0481692,0.0546307,0.081255
13913,0.434754,0.0481668,0.0546276,0.0812495
13914,0.434785,0.0481644,0.0546245,0.081244
13915,0.434817,0.0481619,0.0546215,0.0812386
13916,0.434848,0.0481595,0.0546184,0.0812331
13917,0.434879,0.0481571,0.0546153,0.0812276
13918,0.43491,0.0481547,0.0546123,0.0812221
13919,0.434942,0.0481522,0.0546092,0.0812167
13920,0.434973,0.0481498,0.0546061,0.0812112
13921,0.435004,0.0481474,0.0546031,0.0812057
13922,0.435035,0.0481449,0.0546,0.0812002
13923,0.435067,0.0481425,0.0545969,0.0811948
13924,0.435098,0.0481401,0.0545939,0.0811893
13925,0.435129,0.0481377,0.0545908,0.0811838
13926,0.43516,0.0481352,0.0545877,0.0811783
13927,0.435192,0.0481328,0.0545847,0.0811729
13928,0.435223,0.0481304,0.0545816,0.0811674
13929,0.435254,0.048128,0.0545785,0.0811619
13930,0.435285,0.0481255,0.0545755,0.0811564
13931,0.435317,0.0481231,0.0545724,0.081151
13932,0.435348,0.0481207,0.0545693,0.0811455
13933,0.435379,0.0481182,0.0545663,0.08114
13934,0.43541,0.0481158,0.0545632,0.0811346
13935,0.435442,0.0481134,0.0545601,0.0811291
13936,0.435473,0.048111,0.0545571,0.0811236
13937,0.435504,0.0481085,0.054554,0.0811182
13938,0.435535,0.0481061,0.054551,0.0811127
13939,0.435567,0.0481037,0.0545479,0.0811072
13940,0.435598,0.0481013,0.0545448,0.0811018
13941,0.435629,0.0480988,0.0545418,0.0810963
13942,0.43566,0.0480964,0.0545387,0.0810908
13943,0.435692,0.048094,0.0545356,0.0810854
13944,0.435723,0.0480916,0.0545326,0.0810799
13945,0.435754,0.0480891,0.0545295,0.0810744
13946,0.435785,0.0480867,0.0545265,0.081069
13947,0.435817,0.0480843,0.0545234,0.0810635
13948,0.435848,0.0480819,0.0545203,0.0810581
13949,0.435879,0.0480794,0.0545173,0.0810526
13950,0.43591,0.048077,0.0545142,0.0810471
13951,0.435942,0.0480746,0.0545112,0.0810417
13952,0.435973,0.0480722,0.0545081,0.0810362
13953,0.436004,0.0480697,0.054505,0.0810308
13954,0.436035,0.0480673,0.054502,0.0810253
13955,0.436066,0.0480649,0.0544989,0.0810198
13956,0.436098,0.0480625,0.0544959,0.0810144
13957,0.436129,0.0480601,0.0544928,0.0810089
13958,0.43616,0.0480576,0.0544898,0.0810035
13959,0.436191,0.0480552,0.0544867,0.080998
13960,0.436223,0.0480528,0.0544836,0.0809926
13961,0.436254,0.0480504,0.0544806,0.0809871
13962,0.436285,0.0480479,0.0544775,0.0809817
13963,0.436316,0.0480455,0.0544745,0.0809762
13964,0.436348,0.0480431,0.0544714,0.0809708
13965,0.436379,0.0480407,0.0544684,0.0809653
13966,0.43641,0.0480382,0.0544653,0.0809598
13967,0.436441,0.0480358,0.0544622,0.0809544
13968,0.436473,0.0480334,0.0544592,0.0809489
13969,0.436504,0.048031,0.0544561,0.0809435
13970,0.436535,0.0480286,0.0544531,0.080938
13971,0.436566,0.0480261,0.05445,0.0809326
13972,0.436598,0.0480237,0.054447,0.0809271
13973,0.436629,0.0480213,0.0544439,0.0809217
13974,0.43666,0.0480189,0.0544409,0.0809163
13975,0.436691,0.0480165,0.0544378,0.0809108
13976,0.436723,0.048014,0.0544348,0.0809054
13977,0.436754,0.0480116,0.0544317,0.0808999
13978,0.436785,0.0480092,0.0544287,0.0808945
13979,0.436816,0.0480068,0.0544256,0.080889
13980,0.436848,0.0480044,0.0544226,0.0808836
13981,0.436879,0.0480019,0.0544195,0.0808781
13982,0.43691,0.0479995,0.0544165,0.0808727
13983,0.436941,0.0479971,0.0544134,0.0808672
13984,0.436973,0.0479947,0.0544103,0.0808618
13985,0.437004,0.0479923,0.0544073,0.0808564
13986,0.437035,0.0479898,0.0544042,0.0808509
13987,0.437066,0.0479874,0.0544012,0.0808455
13988,0.437098,0.047985,0.0543982,0.08084
13989,0.437129,0.0479826,0.0543951,0.0808346
13990,0.43716,0.0479802,0.0543921,0.0808292
13991,0.437191,0.0479777,0.054389,0.0808237
13992,0.437223,0.0479753,0.054386,0.0808183
13993,0.437254,0.0479729,0.0543829,0.0808128
13994,0.437285,0.0479705,0.0543799,0.0808074
13995,0.437316,0.0479681,0.0543768,0.080802
13996,0.437348,0.0479657,0.0543738,0.0807965
13997,0.437379,0.0479632,0.0543707,0.0807911
13998,0.43741,0.0479608,0.0543677,0.0807857
13999,0.437441,0.0479584,0.0543646,0.0807802
14000,0.437473,0.047956,0.0543616,0.0807748
14001,0.437504,0.0479536,0.0543585,0.0807694
14002,0.437535,0.0479512,0.0543555,0.0807639
14003,0.437566,0.0479487,0.0543524,0.0807585
14004,0.437598,0.0479463,0.0543494,0.0807531
14005,0.437629,0.0479439,0.0543464,0.0807476
14006,0.43766,0.0479415,0.0543433,0.0807422
14007,0.437691,0.0479391,0.0543403,0.0807368
14008,0.437723,0.0479367,0.0543372,0.0807313
14009,0.437754,0.0479342,0.0543342,0.0807259
14010,0.437785,0.0479318,0.0543311,0.0807205
14011,0.437816,0.0479294,0.0543281,0.0807151
14012,0.437848,0.047927,0.054325,0.0807096
14013,0.437879,0.0479246,0.054322,0.0807042
14014,0.43791,0.0479222,0.054319,0.0806988
14015,0.437941,0.0479198,0.0543159,0.0806933
14016,0.437973,0.0479173,0.0543129,0.0806879
14017,0.438004,0.0479149,0.0543098,0.0806825
14018,0.438035,0.0479125,0.0543068,0.0806771
14019,0.438066,0.0479101,0.0543038,0.0806716
14020,0.438098,0.0479077,0.0543007,0.0806662
14021,0.438129,0.0479053,0.0542977,0.0806608
14022,0.43816,0.0479029,0.0542946,0.0806554
14023,0.438191,0.0479004,0.0542916,0.08065
14024,0.438223,0.047898,0.0542886,0.0806445
14025,0.438254,0.0478956,0.0542855,0.0806391
14026,0.438285,0.0478932,0.0542825,0.0806337
14027,0.438316,0.0478908,0.0542794,0.0806283
14028,0.438348,0.0478884,0.0542764,0.0806228
14029,0.438379,0.047886,0.0542734,0.0806174
14030,0.43841,0.0478835,0.0542703,0.080612
14031,0.438441,0.0478811,0.0542673,0.0806066
14032,0.438473,0.0478787,0.0542643,0.0806012
14033,0.438504,0.0478763,0.0542612,0.0805958
14034,0.438535,0.0478739,0.0542582,0.0805903
14035,0.438566,0.0478715,0.0542551,0.0805849
14036,0.438598,0.0478691,0.0542521,0.0805795
14037,0.438629,0.0478667,0.0542491,0.0805741
14038,0.43866,0.0478642,0.054246,0.0805687
14039,0.438691,0.0478618,0.054243,0.0805633
14040,0.438723,0.0478594,0.05424,0.0805579
14041,0.438754,0.047857,0.0542369,0.0805524
14042,0.438785,0.0478546,0.0542339,0.080547
14043,0.438816,0.0478522,0.0542309,0.0805416
14044,0.438848,0.0478498,0.0542278,0.0805362
14045,0.438879,0.0478474,0.0542248,0.0805308
14046,0.43891,0.047845,0.0542218,0.0805254
14047,0.438941,0.0478425,0.0542187,0.08052
14048,0.438973,0.0478401,0.0542157,0.0805146
14049,0.439004,0.0478377,0.0542127,0.0805092
14050,0.439035,0.0478353,0.0542096,0.0805038
14051,0.439066,0.0478329,0.0542066,0.0804983
14052,0.439098,0.0478305,0.0542036,0.0804929
14053,0.439129,0.0478281,0.0542005,0.0804875
14054,0.43916,0.0478257,0.0541975,0.0804821
14055,0.439191,0.0478233,0.0541945,0.0804767
14056,0.439223,0.0478209,0.0541914,0.0804713
14057,0.439254,0.0478185,0.0541884,0.0804659
14058,0.439285,0.047816,0.0541854,0.0804605
14059,0.439316,0.0478136,0.0541823,0.0804551
14060,0.439348,0.0478112,0.0541793,0.0804497
14061,0.439379,0.0478088,0.0541763,0.0804443
14062,0.43941,0.0478064,0.0541733,0.0804389
14063,0.439441,0.047804,0.0541702,0.0804335
14064,0.439473,0.0478016,0.0541672,0.0804281
14065,0.439504,0.0477992,0.0541642,0.0804227
14066,0.439535,0.0477968,0.0541611,0.0804173
14067,0.439566,0.0477944,0.0541581,0.0804119
14068,0.439598,0.047792,0.0541551,0.0804065
14069,0.439629,0.0477896,0.0541521,0.0804011
14070,0.43966,0.0477871,0.054149,0.0803957
14071,0.439691,0.0477847,0.054146,0.0803903
14072,0.439723,0.0477823,0.054143,0.0803849
14073,0.439754,0.0477799,0.05414,0.0803795
14074,0.439785,0.0477775,0.0541369,0.0803741
14075,0.439816,0.0477751,0.0541339,0.0803687
14076,0.439848,0.0477727,0.0541309,0.0803633
14077,0.439879,0.0477703,0.0541279,0.0803579
14078,0.43991,0.0477679,0.0541248,0.0803525
14079,0.439941,0.0477655,0.0541218,0.0803471
14080,0.439973,0.0477631,0.0541188,0.0803418
14081,0.440004,0.0477607,0.0541158,0.0803364
14082,0.440035,0.0477583,0.0541127,0.080331
14083,0.440066,0.0477559,0.0541097,0.0803256
14084,0.440097,0.0477535,0.0541067,0.0803202
14085,0.440129,0.0477511,0.0541037,0.0803148
14086,0.44016,0.0477487,0.0541006,0.0803094
14087,0.440191,0.0477462,0.0540976,0.080304
14088,0.440222,0.0477438,0.0540946,0.0802986
14089,0.440254,0.0477414,0.0540916,0.0802932
14090,0.440285,0.047739,0.0540886,0.0802879
14091,0.440316,0.0477366,0.0540855,0.0802825
14092,0.440347,0.0477342,0.0540825,0.0802771
14093,0.440379,0.0477318,0.0540795,0.0802717
14094,0.44041,0.0477294,0.0540765,0.0802663
14095,0.440441,0.047727,0.0540734,0.0802609
14096,0.440472,0.0477246,0.0540704,0.0802555
14097,0.440504,0.0477222,0.0540674,0.0802502
14098,0.440535,0.0477198,0.0540644,0.0802448
14099,0.440566,0.0477174,0.0540614,0.0802394
14100,0.440597,0.047715,0.0540584,0.080234
14101,0.440629,0.0477126,0.0540553,0.0802286
14102,0.44066,0.0477102,0.0540523,0.0802232
14103,0.440691,0.0477078,0.0540493,0.0802179
14104,0.440722,0.0477054,0.0540463,0.0802125
14105,0.440754,0.047703,0.0540433,0.0802071
14106,0.440785,0.0477006,0.0540402,0.0802017
14107,0.440816,0.0476982,0.0540372,0.0801963
14108,0.440847,0.0476958,0.0540342,0.080191
14109,0.440879,0.0476934,0.0540312,0.0801856
14110,0.44091,0.047691,0.0540282,0.0801802
14111,0.440941,0.0476886,0.0540252,0.0801748
14112,0.440972,0.0476862,0.0540221,0.0801695
14113,0.441004,0.0476838,0.0540191,0.0801641
14114,0.441035,0.0476814,0.0540161,0.0801587
14115,0.441066,0.047679,0.0540131,0.0801533
14116,0.441097,0.0476766,0.0540101,0.080148
14117,0.441129,0.0476742,0.0540071,0.0801426
14118,0.44116,0.0476718,0.0540041,0.0801372
14119,0.441191,0.0476694,0.054001,0.0801318
14120,0.441222,0.047667,0.053998,0.0801265
14121,0.441254,0.0476646,0.053995,0.0801211
14122,0.441285,0.0476622,0.053992,0.0801157
14123,0.441316,0.0476598,0.053989,0.0801104
14124,0.441347,0.0476574,0.053986,0.080105
14125,0.441379,0.047655,0.053983,0.0800996
14126,0.44141,0.0476526,0.05398,0.0800943
14127,0.441441,0.0476502,0.0539769,0.0800889
14128,0.441472,0.0476478,0.0539739,0.0800835
14129,0.441504,0.0476454,0.0539709,0.0800782
14130,0.441535,0.047643,0.0539679,0.0800728
14131,0.441566,0.0476406,0.0539649,0.0800674
14132,0.441597,0.0476382,0.0539619,0.0800621
14133,0.441629,0.0476358,0.0539589,0.0800567
14134,0.44166,0.0476334,0.0539559,0.0800513
14135,0.441691,0.047631,0.0539529,0.080046
14136,0.441722,0.0476286,0.0539498,0.0800406
14137,0.441754,0.0476262,0.0539468,0.0800352
14138,0.441785,0.0476238,0.0539438,0.0800299
14139,0.441816,0.0476214,0.0539408,0.0800245
14140,0.441847,0.047619,0.0539378,0.0800191
14141,0.441879,0.0476166,0.0539348,0.0800138
14142,0.44191,0.0476142,0.0539318,0.0800084
14143,0.441941,0.0476118,0.0539288,0.0800031
14144,0.441972,0.0476094,0.0539258,0.0799977
14145,0.442004,0.047607,0.0539228,0.0799923
14146,0.442035,0.0476046,0.0539198,0.079987
14147,0.442066,0.0476022,0.0539168,0.0799816
14148,0.442097,0.0475998,0.0539138,0.0799763
14149,0.442129,0.0475974,0.0539108,0.0799709
14150,0.44216,0.047595,0.0539077,0.0799656
14151,0.442191,0.0475926,0.0539047,0.0799602
14152,0.442222,0.0475902,0.0539017,0.0799549
14153,0.442254,0.0475878,0.0538987,0.0799495
14154,0.442285,0.0475854,0.0538957,0.0799441
14155,0.442316,0.047583,0.0538927,0.0799388
14156,0.442347,0.0475807,0.0538897,0.0799334
14157,0.442379,0.0475783,0.0538867,0.0799281
14158,0.44241,0.0475759,0.0538837,0.0799227
14159,0.442441,0.0475735,0.0538807,0.0799174
14160,0.442472,0.0475711,0.0538777,0.079912
14161,0.442504,0.0475687,0.0538747,0.0799067
14162,0.442535,0.0475663,0.0538717,0.0799013
14163,0.442566,0.0475639,0.0538687,0.079896
14164,0.442597,0.0475615,0.0538657,0.0798906
14165,0.442629,0.0475591,0.0538627,0.0798853
14166,0.44266,0.0475567,0.0538597,0.0798799
14167,0.442691,0.0475543,0.0538567,0.0798746
14168,0.442722,0.0475519,0.0538537,0.0798692
14169,0.442754,0.0475495,0.0538507,0.0798639
14170,0.442785,0.0475471,0.0538477,0.0798585
14171,0.442816,0.0475447,0.0538447,0.0798532
14172,0.442847,0.0475423,0.0538417,0.0798479
14173,0.442879,0.04754,0.0538387,0.0798425
14174,0.44291,0.0475376,0.0538357,0.0798372
14175,0.442941,0.0475352,0.0538327,0.0798318
14176,0.442972,0.0475328,0.0538297,0.0798265
14177,0.443004,0.0475304,0.0538267,0.0798211
14178,0.443035,0.047528,0.0538237,0.0798158
14179,0.443066,0.0475256,0.0538207,0.0798105
14180,0.443097,0.0475232,0.0538177,0.0798051
14181,0.443129,0.0475208,0.0538147,0.0797998
14182,0.44316,0.0475184,0.0538117,0.0797944
14183,0.443191,0.047516,0.0538087,0.0797891
14184,0.443222,0.0475136,0.0538057,0.0797838
14185,0.443254,0.0475113,0.0538027,0.0797784
14186,0.443285,0.0475089,0.0537997,0.0797731
14187,0.443316,0.0475065,0.0537967,0.0797677
14188,0.443347,0.0475041,0.0537937,0.0797624
14189,0.443379,0.0475017,0.0537907,0.0797571
14190,0.44341,0.0474993,0.0537877,0.0797517
14191,0.443441,0.0474969,0.0537847,0.0797464
14192,0.443472,0.0474945,0.0537818,0.0797411
14193,0.443504,0.0474921,0.0537788,0.0797357
14194,0.443535,0.0474897,0.0537758,0.0797304
14195,0.443566,0.0474873,0.0537728,0.0797251
14196,0.443597,0.047485,0.0537698,0.0797197
14197,0.443629,0.0474826,0.0537668,0.0797144
14198,0.44366,0.0474802,0.0537638,0.0797091
14199,0.443691,0.0474778,0.0537608,0.0797037
14200,0.443722,0.0474754,0.0537578,0.0796984
14201,0.443754,0.047473,0.0537548,0.0796931
14202,0.443785,0.0474706,0.0537518,0.0796877
14203,0.443816,0.0474682,0.0537488,0.0796824
14204,0.443847,0.0474658,0.0537458,0.0796771
14205,0.443879,0.0474635,0.0537429,0.0796718
14206,0.44391,0.0474611,0.0537399,0.0796664
14207,0.443941,0.0474587,0.0537369,0.0796611
14208,0.443972,0.0474563,0.0537339,0.0796558
14209,0.444003,0.0474539,0.0537309,0.0796504
14210,0.444035,0.0474515,0.0537279,0.0796451
14211,0.444066,0.0474491,0.0537249,0.0796398
14212,0.444097,0.0474467,0.0537219,0.0796345
14213,0.444128,0.0474444,0.0537189,0.0796291
14214,0.44416,0.047442,0.0537159,0.0796238
14215,0.444191,0.0474396,0.053713,0.0796185
14216,0.444222,0.0474372,0.05371,0.0796132
14217,0.444253,0.0474348,0.053707,0.0796079
14218,0.444285,0.0474324,0.053704,0.0796025
14219,0.444316,0.04743,0.053701,0.0795972
14220,0.444347,0.0474277,0.053698,0.0795919
14221,0.444378,0.0474253,0.053695,0.0795866
14222,0.44441,0.0474229,0.053692,0.0795813
14223,0.444441,0.0474205,0.0536891,0.0795759
14224,0.444472,0.0474181,0.0536861,0.0795706
14225,0.444503,0.0474157,0.0536831,0.0795653
14226,0.444535,0.0474133,0.0536801,0.07956
14227,0.444566,0.047411,0.0536771,0.0795547
14228,0.444597,0.0474086,0.0536741,0.0795493
14229,0.444628,0.0474062,0.0536711,0.079544
14230,0.44466,0.0474038,0.0536682,0.0795387
14231,0.444691,0.0474014,0.0536652,0.0795334
14232,0.444722,0.047399,0.0536622,0.0795281
14233,0.444753,0.0473966,0.0536592,0.0795228
14234,0.444785,0.0473943,0.0536562,0.0795175
14235,0.444816,0.0473919,0.0536532,0.0795121
14236,0.444847,0.0473895,0.0536503,0.0795068
14237,0.444878,0.0473871,0.0536473,0.0795015
14238,0.44491,0.0473847,0.0536443,0.0794962
14239,0.444941,0.0473823,0.0536413,0.0794909
14240,0.444972,0.04738,0.0536383,0.0794856
14241,0.445003,0.0473776,0.0536353,0.0794803
14242,0.445035,0.0473752,0.0536324,0.079475
14243,0.445066,0.0473728,0.0536294,0.0794697
14244,0.445097,0.0473704,0.0536264,0.0794644
14245,0.445128,0.047368,0.0536234,0.079459
14246,0.44516,0.0473657,0.0536204,0.0794537
14247,0.445191,0.0473633,0.0536175,0.0794484
14248,0.445222,0.0473609,0.0536145,0.0794431
14249,0.445253,0.0473585,0.0536115,0.0794378
14250,0.445285,0.0473561,0.0536085,0.0794325
14251,0.445316,0.0473537,0.0536055,0.0794272
14252,0.445347,0.0473514,0.0536026,0.0794219
14253,0.445378,0.047349,0.0535996,0.0794166
14254,0.44541,0.0473466,0.0535966,0.0794113
14255,0.445441,0.0473442,0.0535936,0.079406
14256,0.445472,0.0473418,0.0535907,0.0794007
14257,0.445503,0.0473395,0.0535877,0.0793954
14258,0.445535,0.0473371,0.0535847,0.0793901
14259,0.445566,0.0473347,0.0535817,0.0793848
14260,0.445597,0.0473323,0.0535787,0.0793795
14261,0.445628,0.0473299,0.0535758,0.0793742
14262,0.44566,0.0473276,0.0535728,0.0793689
14263,0.445691,0.0473252,0.0535698,0.0793636
14264,0.445722,0.0473228,0.0535668,0.0793583
14265,0.445753,0.0473204,0.0535639,0.079353
14266,0.445785,0.047318,0.0535609,0.0793477
14267,0.445816,0.0473157,0.0535579,0.0793424
14268,0.445847,0.0473133,0.0535549,0.0793371
14269,0.445878,0.0473109,0.053552,0.0793318
14270,0.44591,0.0473085,0.053549,0.0793265
14271,0.445941,0.0473061,0.053546,0.0793212
14272,0.445972,0.0473038,0.0535431,0.0793159
14273,0.446003,0.0473014,0.0535401,0.0793106
14274,0.446035,0.047299,0.0535371,0.0793053
14275,0.446066,0.0472966,0.0535341,0.0793
14276,0.446097,0.0472942,0.0535312,0.0792948
14277,0.446128,0.0472919,0.0535282,0.0792895
14278,0.44616,0.0472895,0.0535252,0.0792842
14279,0.446191,0.0472871,0.0535222,0.0792789
14280,0.446222,0.0472847,0.0535193,0.0792736
14281,0.446253,0.0472823,0.0535163,0.0792683
14282,0.446285,0.04728,0.0535133,0.079263
14283,0.446316,0.0472776,0.0535104,0.0792577
14284,0.446347,0.0472752,0.0535074,0.0792524
14285,0.446378,0.0472728,0.0535044,0.0792471
14286,0.44641,0.0472705,0.0535014,0.0792419
14287,0.446441,0.0472681,0.0534985,0.0792366
14288,0.446472,0.0472657,0.0534955,0.0792313
14289,0.446503,0.0472633,0.0534925,0.079226
14290,0.446535,0.047261,0.0534896,0.0792207
14291,0.446566,0.0472586,0.0534866,0.0792154
14292,0.446597,0.0472562,0.0534836,0.0792101
14293,0.446628,0.0472538,0.0534807,0.0792049
14294,0.44666,0.0472514,0.0534777,0.0791996
14295,0.446691,0.0472491,0.0534747,0.0791944
14296,0.446722,0.0472467,0.0534718,0.0791892
14297,0.446753,0.0472443,0.0534688,0.079184
14298,0.446785,0.0472419,0.0534658,0.0791788
14299,0.446816,0.0472396,0.0534629,0.0791735
14300,0.446847,0.0472372,0.0534599,0.0791683
14301,0.446878,0.0472348,0.0534569,0.0791631
14302,0.44691,0.0472324,0.053454,0.0791579
14303,0.446941,0.0472301,0.053451,0.0791527
14304,0.446972,0.0472277,0.053448,0.0791475
14305,0.447003,0.0472253,0.0534451,0.0791423
14306,0.447035,0.0472229,0.0534421,0.079137
14307,0.447066,0.0472206,0.0534391,0.0791318
14308,0.447097,0.0472182,0.0534362,0.0791266
14309,0.447128,0.0472158,0.0534332,0.0791214
14310,0.44716,0.0472134,0.0534302,0.0791162
14311,0.447191,0.0472111,0.0534273,0.079111
14312,0.447222,0.0472087,0.0534243,0.0791058
14313,0.447253,0.0472063,0.0534214,0.0791006
14314,0.447285,0.047204,0.0534184,0.0790953
14315,0.447316,0.0472016,0.0534154,0.0790901
14316,0.447347,0.0471992,0.0534125,0.0790849
14317,0.447378,0.0471968,0.0534095,0.0790797
14318,0.44741,0.0471945,0.0534065,0.0790745
14319,0.447441,0.0471921,0.0534036,0.0790693
14320,0.447472,0.0471897,0.0534006,0.0790641
14321,0.447503,0.0471873,0.0533977,0.0790589
14322,0.447535,0.047185,0.0533947,0.0790537
14323,0.447566,0.0471826,0.0533917,0.0790485
14324,0.447597,0.0471802,0.0533888,0.0790433
14325,0.447628,0.0471779,0.0533858,0.0790381
14326,0.44766,0.0471755,0.0533829,0.0790329
14327,0.447691,0.0471731,0.0533799,0.0790277
14328,0.447722,0.0471707,0.0533769,0.0790225
14329,0.447753,0.0471684,0.053374,0.0790173
14330,0.447785,0.047166,0.053371,0.0790121
14331,0.447816,0.0471636,0.0533681,0.0790069
14332,0.447847,0.0471613,0.0533651,0.0790017
14333,0.447878,0.0471589,0.0533622,0.0789965
14334,0.44791,0.0471565,0.0533592,0.0789913
14335,0.447941,0.0471541,0.0533562,0.0789861
14336,0.447972,0.0471518,0.0533533,0.0789809
14337,0.448003,0.0471494,0.0533503,0.0789757
14338,0.448034,0.047147,0.0533474,0.0789705
14339,0.448066,0.0471447,0.0533444,0.0789653
14340,0.448097,0.0471423,0.0533415,0.0789601
14341,0.448128,0.0471399,0.0533385,0.0789549
14342,0.448159,0.0471376,0.0533355,0.0789497
14343,0.448191,0.0471352,0.0533326,0.0789445
14344,0.448222,0.0471328,0.0533296,0.0789393
14345,0.448253,0.0471304,0.0533267,0.0789341
14346,0.448284,0.0471281,0.0533237,0.0789289
14347,0.448316,0.0471257,0.0533208,0.0789237
14348,0.448347,0.0471233,0.0533178,0.0789185
14349,0.448378,0.047121,0.0533149,0.0789133
14350,0.448409,0.0471186,0.0533119,0.0789081
14351,0.448441,0.0471162,0.053309,0.0789029
14352,0.448472,0.0471139,0.053306,0.0788977
14353,0.448503,0.0471115,0.0533031,0.0788926
14354,0.448534,0.0471091,0.0533001,0.0788874
14355,0.448566,0.0471068,0.0532972,0.0788822
14356,0.448597,0.0471044,0.0532942,0.078877
14357,0.448628,0.047102,0.0532912,0.0788718
14358,0.448659,0.0470997,0.0532883,0.0788666
14359,0.448691,0.0470973,0.0532853,0.0788614
14360,0.448722,0.0470949,0.0532824,0.0788562
14361,0.448753,0.0470926,0.0532794,0.078851
14362,0.448784,0.0470902,0.0532765,0.0788459
14363,0.448816,0.0470878,0.0532735,0.0788407
14364,0.448847,0.0470855,0.0532706,0.0788355
14365,0.448878,0.0470831,0.0532676,0.0788303
14366,0.448909,0.0470807,0.0532647,0.0788251
14367,0.448941,0.0470784,0.0532617,0.0788199
14368,0.448972,0.047076,0.0532588,0.0788147
14369,0.449003,0.0470736,0.0532558,0.0788096
14370,0.449034,0.0470713,0.0532529,0.0788044
14371,0.449066,0.0470689,0.05325,0.0787992
14372,0.449097,0.0470665,0.053247,0.078794
14373,0.449128,0.0470642,0.0532441,0.0787888
14374,0.449159,0.0470618,0.0532411,0.0787837
14375,0.449191,0.0470594,0.0532382,0.0787785
14376,0.449222,0.0470571,0.0532352,0.0787733
14377,0.449253,0.0470547,0.0532323,0.0787681
14378,0.449284,0.0470523,0.0532293,0.0787629
14379,0.449316,0.04705,0.0532264,0.0787578
14380,0.449347,0.0470476,0.0532234,0.0787526
14381,0.449378,0.0470452,0.0532205,0.0787474
14382,0.449409,0.0470429,0.0532175,0.0787422
14383,0.449441,0.0470405,0.0532146,0.0787371
14384,0.449472,0.0470382,0.0532117,0.0787319
14385,0.449503,0.0470358,0.0532087,0.0787267
14386,0.449534,0.0470334,0.0532058,0.0787215
14387,0.449566,0.0470311,0.0532028,0.0787164
14388,0.449597,0.0470287,0.0531999,0.0787112
14389,0.449628,0.0470263,0.0531969,0.078706
14390,0.449659,0.047024,0.053194,0.0787008
14391,0.449691,0.0470216,0.053191,0.0786957
14392,0.449722,0.0470193,0.0531881,0.0786905
14393,0.449753,0.0470169,0.0531852,0.0786853
14394,0.449784,0.0470145,0.0531822,0.0786801
14395,0.449816,0.0470122,0.0531793,0.078675
14396,0.449847,0.0470098,0.0531763,0.0786698
14397,0.449878,0.0470074,0.0531734,0.0786646
14398,0.449909,0.0470051,0.0531705,0.0786595
14399,0.449941,0.0470027,0.0531675,0.0786543
14400,0.449972,0.0470004,0.0531646,0.0786491
14401,0.450003,0.046998,0.0531616,0.078644
14402,0.450034,0.0469956,0.0531587,0.0786388
14403,0.450066,0.0469933,0.0531557,0.0786336
14404,0.450097,0.0469909,0.0531528,0.0786285
14405,0.450128,0.0469885,0.0531499,0.0786233
14406,0.450159,0.0469862,0.0531469,0.0786181
14407,0.450191,0.0469838,0.053144,0.078613
14408,0.450222,0.0469815,0.0531411,0.0786078
14409,0.450253,0.0469791,0.0531381,0.0786026
14410,0.450284,0.0469767,0.0531352,0.0785975
14411,0.450316,0.0469744,0.0531322,0.0785923
14412,0.450347,0.046972,0.0531293,0.0785872
14413,0.450378,0.0469697,0.0531264,0.078582
14414,0.450409,0.0469673,0.0531234,0.0785768
14415,0.450441,0.0469649,0.0531205,0.0785717
14416,0.450472,0.0469626,0.0531176,0.0785665
14417,0.450503,0.0469602,0.0531146,0.0785614
14418,0.450534,0.0469579,0.0531117,0.0785562
14419,0.450566,0.0469555,0.0531087,0.078551
14420,0.450597,0.0469531,0.0531058,0.0785459
14421,0.450628,0.0469508,0.0531029,0.0785407
14422,0.450659,0.0469484,0.0530999,0.0785356
14423,0.450691,0.0469461,0.053097,0.0785304
14424,0.450722,0.0469437,0.0530941,0.0785252
14425,0.450753,0.0469414,0.0530911,0.0785201
14426,0.450784,0.046939,0.0530882,0.0785149
14427,0.450816,0.0469366,0.0530853,0.0785098
14428,0.450847,0.0469343,0.0530823,0.0785046
14429,0.450878,0.0469319,0.0530794,0.0784995
14430,0.450909,0.0469296,0.0530765,0.0784943
14431,0.450941,0.0469272,0.0530735,0.0784892
14432,0.450972,0.0469249,0.0530706,0.078484
14433,0.451003,0.0469225,0.0530677,0.0784789
14434,0.451034,0.0469201,0.0530647,0.0784737
14435,0.451066,0.0469178,0.0530618,0.0784686
14436,0.451097,0.0469154,0.0530589,0.0784634
14437,0.451128,0.0469131,0.0530559,0.0784583
14438,0.451159,0.0469107,0.053053,0.0784531
14439,0.451191,0.0469084,0.0530501,0.078448
14440,0.451222,0.046906,0.0530472,0.0784428
14441,0.451253,0.0469036,0.0530442,0.0784377
14442,0.451284,0.0469013,0.0530413,0.0784325
14443,0.451316,0.0468989,0.0530384,0.0784274
14444,0.451347,0.0468966,0.0530354,0.0784222
14445,0.451378,0.0468942,0.0530325,0.0784171
14446,0.451409,0.0468919,0.0530296,0.0784119
14447,0.451441,0.0468895,0.0530266,0.0784068
14448,0.451472,0.0468872,0.0530237,0.0784016
14449,0.451503,0.0468848,0.0530208,0.0783965
14450,0.451534,0.0468824,0.0530179,0.0783913
14451,0.451566,0.0468801,0.0530149,0.0783862
14452,0.451597,0.0468777,0.053012,0.0783811
14453,0.451628,0.0468754,0.0530091,0.0783759
14454,0.451659,0.046873,0.0530061,0.0783708
14455,0.451691,0.0468707,0.0530032,0.0783656
14456,0.451722,0.0468683,0.0530003,0.0783605
14457,0.451753,0.046866,0.0529974,0.0783554
14458,0.451784,0.0468636,0.0529944,0.0783502
14459,0.451816,0.0468613,0.0529915,0.0783451
14460,0.451847,0.0468589,0.0529886,0.0783399
14461,0.451878,0.0468565,0.0529857,0.0783348
14462,0.451909,0.0468542,0.0529827,0.0783297
14463,0.451941,0.0468518,0.0529798,0.0783245
14464,0.451972,0.0468495,0.0529769,0.0783194
14465,0.452003,0.0468471,0.052974,0.0783142
14466,0.452034,0.0468448,0.052971,0.0783091
14467,0.452065,0.0468424,0.0529681,0.078304
14468,0.452097,0.0468401,0.0529652,0.0782988
14469,0.452128,0.0468377,0.0529623,0.0782937
14470,0.452159,0.0468354,0.0529594,0.0782886
14471,0.45219,0.046833,0.0529564,0.0782834
14472,0.452222,0.0468307,0.0529535,0.0782783
14473,0.452253,0.0468283,0.0529506,0.0782732
14474,0.452284,0.046826,0.0529477,0.078268
14475,0.452315,0.0468236,0.0529447,0.0782629
14476,0.452347,0.0468213,0.0529418,0.0782578
14477,0.452378,0.0468189,0.0529389,0.0782526
14478,0.452409,0.0468166,0.052936,0.0782475
14479,0.45244,0.0468142,0.0529331,0.0782424
14480,0.452472,0.0468119,0.0529301,0.0782372
14481,0.452503,0.0468095,0.0529272,0.0782321
14482,0.452534,0.0468072,0.0529243,0.078227
14483,0.452565,0.0468048,0.0529214,0.0782219
14484,0.452597,0.0468025,0.0529185,0.0782167
14485,0.452628,0.0468001,0.0529155,0.0782116
14486,0.452659,0.0467978,0.0529126,0.0782065
14487,0.45269,0.0467954,0.0529097,0.0782014
14488,0.452722,0.0467931,0.0529068,0.0781962
14489,0.452753,0.0467907,0.0529039,0.0781911
14490,0.452784,0.0467884,0.0529009,0.078186
14491,0.452815,0.046786,0.052898,0.0781809
14492,0.452847,0.0467837,0.0528951,0.0781757
14493,0.452878,0.0467813,0.0528922,0.0781706
14494,0.452909,0.046779,0.0528893,0.0781655
14495,0.45294,0.0467766,0.0528864,0.0781604
14496,0.452972,0.0467743,0.0528834,0.0781552
14497,0.453003,0.0467719,0.0528805,0.0781501
14498,0.453034,0.0467696,0.0528776,0.078145
14499,0.453065,0.0467672,0.0528747,0.0781399
14500,0.453097,0.0467649,0.0528718,0.0781348
14501,0.453128,0.0467625,0.0528689,0.0781296
14502,0.453159,0.0467602,0.0528659,0.0781245
14503,0.45319,0.0467578,0.052863,0.0781194
14504,0.453222,0.0467555,0.0528601,0.0781143
14505,0.453253,0.0467531,0.0528572,0.0781092
14506,0.453284,0.0467508,0.0528543,0.078104
14507,0.453315,0.0467484,0.0528514,0.0780989
14508,0.453347,0.0467461,0.0528485,0.0780938
14509,0.453378,0.0467437,0.0528455,0.0780887
14510,0.453409,0.0467414,0.0528426,0.0780836
14511,0.45344,0.046739,0.0528397,0.0780785
14512,0.453472,0.0467367,0.0528368,0.0780734
14513,0.453503,0.0467344,0.0528339,0.0780682
14514,0.453534,0.046732,0.052831,0.0780631
14515,0.453565,0.0467297,0.0528281,0.078058
14516,0.453597,0.0467273,0.0528252,0.0780529
14517,0.453628,0.046725,0.0528222,0.0780478
14518,0.453659,0.0467226,0.0528193,0.0780427
14519,0.45369,0.0467203,0.0528164,0.0780376
14520,0.453722,0.0467179,0.0528135,0.0780325
14521,0.453753,0.0467156,0.0528106,0.0780273
14522,0.453784,0.0467132,0.0528077,0.0780222
14523,0.453815,0.0467109,0.0528048,0.0780171
14524,0.453847,0.0467086,0.0528019,0.078012
14525,0.453878,0.0467062,0.052799,0.0780069
14526,0.453909,0.0467039,0.0527961,0.0780018
14527,0.45394,0.0467015,0.0527931,0.0779967
14528,0.453972,0.0466992,0.0527902,0.0779916
14529,0.454003,0.0466968,0.0527873,0.0779865
14530,0.454034,0.0466945,0.0527844,0.0779814
14531,0.454065,0.0466921,0.0527815,0.0779763
14532,0.454097,0.0466898,0.0527786,0.0779712
14533,0.454128,0.0466875,0.0527757,0.0779661
14534,0.454159,0.0466851,0.0527728,0.077961
14535,0.45419,0.0466828,0.0527699,0.0779559
14536,0.454222,0.0466804,0.052767,0.0779507
14537,0.454253,0.0466781,0.0527641,0.0779456
14538,0.454284,0.0466757,0.0527612,0.0779405
14539,0.454315,0.0466734,0.0527583,0.0779354
14540,0.454347,0.046671,0.0527554,0.0779303
14541,0.454378,0.0466687,0.0527524,0.0779252
14542,0.454409,0.0466664,0.0527495,0.0779201
14543,0.45444,0.046664,0.0527466,0.077915
14544,0.454472,0.0466617,0.0527437,0.0779099
14545,0.454503,0.0466593,0.0527408,0.0779048
14546,0.454534,0.046657,0.0527379,0.0778997
14547,0.454565,0.0466547,0.052735,0.0778946
14548,0.454597,0.0466523,0.0527321,0.0778895
14549,0.454628,0.04665,0.0527292,0.0778845
14550,0.454659,0.0466476,0.0527263,0.0778794
14551,0.45469,0.0466453,0.0527234,0.0778743
14552,0.454722,0.0466429,0.0527205,0.0778692
14553,0.454753,0.0466406,0.0527176,0.0778641
14554,0.454784,0.0466383,0.0527147,0.077859
14555,0.454815,0.0466359,0.0527118,0.0778539
14556,0.454847,0.0466336,0.0527089,0.0778488
14557,0.454878,0.0466312,0.052706,0.0778437
14558,0.454909,0.0466289,0.0527031,0.0778386
14559,0.45494,0.0466266,0.0527002,0.0778335
14560,0.454972,0.0466242,0.0526973,0.0778284
14561,0.455003,0.0466219,0.0526944,0.0778233
14562,0.455034,0.0466195,0.0526915,0.0778182
14563,0.455065,0.0466172,0.0526886,0.0778131
14564,0.455097,0.0466149,0.0526857,0.0778081
14565,0.455128,0.0466125,0.0526828,0.077803
14566,0.455159,0.0466102,0.0526799,0.0777979
14567,0.45519,0.0466078,0.052677,0.0777928
14568,0.455222,0.0466055,0.0526741,0.0777877
14569,0.455253,0.0466032,0.0526712,0.0777826
14570,0.455284,0.0466008,0.0526683,0.0777775
14571,0.455315,0.0465985,0.0526654,0.0777724
14572,0.455347,0.0465961,0.0526625,0.0777674
14573,0.455378,0.0465938,0.0526596,0.0777623
14574,0.455409,0.0465915,0.0526567,0.0777572
14575,0.45544,0.0465891,0.0526538,0.0777521
14576,0.455472,0.0465868,0.0526509,0.077747
14577,0.455503,0.0465845,0.052648,0.0777419
14578,0.455534,0.0465821,0.0526451,0.0777368
14579,0.455565,0.0465798,0.0526422,0.0777318
14580,0.455597,0.0465774,0.0526393,0.0777267
14581,0.455628,0.0465751,0.0526364,0.0777216
14582,0.455659,0.0465728,0.0526335,0.0777165
14583,0.45569,0.0465704,0.0526306,0.0777114
14584,0.455722,0.0465681,0.0526277,0.0777064
14585,0.455753,0.0465658,0.0526249,0.0777013
14586,0.455784,0.0465634,0.052622,0.0776962
14587,0.455815,0.0465611,0.0526191,0.0776911
14588,0.455847,0.0465587,0.0526162,0.077686
14589,0.455878,0.0465564,0.0526133,0.077681
14590,0.455909,0.0465541,0.0526104,0.0776759
14591,0.45594,0.0465517,0.0526075,0.0776708
14592,0.455972,0.0465494,0.0526046,0.0776657
14593,0.456003,0.0465471,0.0526017,0.0776607
14594,0.456034,0.0465447,0.0525988,0.0776556
14595,0.456065,0.0465424,0.0525959,0.0776505
14596,0.456096,0.0465401,0.052593,0.0776454
14597,0.456128,0.0465377,0.0525901,0.0776404
14598,0.456159,0.0465354,0.0525872,0.0776353
14599,0.45619,0.0465331,0.0525844,0.0776302
14600,0.456221,0.0465307,0.0525815,0.0776251
14601,0.456253,0.0465284,0.0525786,0.0776201
14602,0.456284,0.046526,0.0525757,0.077615
14603,0.456315,0.0465237,0.0525728,0.0776099
14604,0.456346,0.0465214,0.0525699,0.0776049
14605,0.456378,0.046519,0.052567,0.0775998
14606,0.456409,0.0465167,0.0525641,0.0775947
14607,0.45644,0.0465144,0.0525612,0.0775896
14608,0.456471,0.046512,0.0525583,0.0775846
14609,0.456503,0.0465097,0.0525555,0.0775795
14610,0.456534,0.0465074,0.0525526,0.0775744
14611,0.456565,0.046505,0.0525497,0.0775694
14612,0.456596,0.0465027,0.0525468,0.0775643
14613,0.456628,0.0465004,0.0525439,0.0775592
14614,0.456659,0.046498,0.052541,0.0775542
14615,0.45669,0.0464957,0.0525381,0.0775491
14616,0.456721,0.0464934,0.0525352,0.077544
14617,0.456753,0.046491,0.0525324,0.077539
14618,0.456784,0.0464887,0.0525295,0.0775339
14619,0.456815,0.0464864,0.0525266,0.0775288
14620,0.456846,0.046484,0.0525237,0.0775238
14621,0.456878,0.0464817,0.0525208,0.0775187
14622,0.456909,0.0464794,0.0525179,0.0775137
14623,0.45694,0.0464771,0.052515,0.0775086
14624,0.456971,0.0464747,0.0525122,0.0775035
14625,0.457003,0.0464724,0.0525093,0.0774985
14626,0.457034,0.0464701,0.0525064,0.0774934
14627,0.457065,0.0464677,0.0525035,0.0774883
14628,0.457096,0.0464654,0.0525006,0.0774833
14629,0.457128,0.0464631,0.0524977,0.0774782
14630,0.457159,0.0464607,0.0524948,0.0774732
14631,0.45719,0.0464584,0.052492,0.0774681
14632,0.457221,0.0464561,0.0524891,0.0774631
14633,0.457253,0.0464537,0.0524862,0.077458
14634,0.457284,0.0464514,0.0524833,0.0774529
14635,0.457315,0.0464491,0.0524804,0.0774479
14636,0.457346,0.0464468,0.0524776,0.0774428
14637,0.457378,0.0464444,0.0524747,0.0774378
14638,0.457409,0.0464421,0.0524718,0.0774327
14639,0.45744,0.0464398,0.0524689,0.0774277
14640,0.457471,0.0464374,0.052466,0.0774226
14641,0.457503,0.0464351,0.0524631,0.0774176
14642,0.457534,0.0464328,0.0524603,0.0774125
14643,0.457565,0.0464304,0.0524574,0.0774075
14644,0.457596,0.0464281,0.0524545,0.0774024
14645,0.457628,0.0464258,0.0524516,0.0773973
14646,0.457659,0.0464235,0.0524487,0.0773923
14647,0.45769,0.0464211,0.0524459,0.0773872
14648,0.457721,0.0464188,0.052443,0.0773822
14649,0.457753,0.0464165,0.0524401,0.0773771
14650,0.457784,0.0464141,0.0524372,0.0773721
14651,0.457815,0.0464118,0.0524343,0.077367
14652,0.457846,0.0464095,0.0524315,0.077362
14653,0.457878,0.0464072,0.0524286,0.077357
14654,0.457909,0.0464048,0.0524257,0.0773519
14655,0.45794,0.0464025,0.0524228,0.0773469
14656,0.457971,0.0464002,0.05242,0.0773418
14657,0.458003,0.0463978,0.0524171,0.0773368
14658,0.458034,0.0463955,0.0524142,0.0773317
14659,0.458065,0.0463932,0.0524113,0.0773267
14660,0.458096,0.0463909,0.0524084,0.0773216
14661,0.458128,0.0463885,0.0524056,0.0773166
14662,0.458159,0.0463862,0.0524027,0.0773115
14663,0.45819,0.0463839,0.0523998,0.0773065
14664,0.458221,0.0463816,0.0523969,0.0773015
14665,0.458253,0.0463792,0.0523941,0.0772964
14666,0.458284,0.0463769,0.0523912,0.0772914
14667,0.458315,0.0463746,0.0523883,0.0772863
14668,0.458346,0.0463723,0.0523854,0.0772813
14669,0.458378,0.0463699,0.0523826,0.0772762
14670,0.458409,0.0463676,0.0523797,0.0772712
14671,0.45844,0.0463653,0.0523768,0.0772662
14672,0.458471,0.046363,0.052374,0.0772611
14673,0.458503,0.0463606,0.0523711,0.0772561
14674,0.458534,0.0463583,0.0523682,0.0772511
14675,0.458565,0.046356,0.0523653,0.077246
14676,0.458596,0.0463537,0.0523625,0.077241
14677,0.458628,0.0463513,0.0523596,0.0772359
14678,0.458659,0.046349,0.0523567,0.0772309
14679,0.45869,0.0463467,0.0523538,0.0772259
14680,0.458721,0.0463444,0.052351,0.0772208
14681,0.458753,0.046342,0.0523481,0.0772158
14682,0.458784,0.0463397,0.0523452,0.0772108
14683,0.458815,0.0463374,0.0523424,0.0772057
14684,0.458846,0.0463351,0.0523395,0.0772007
14685,0.458878,0.0463327,0.0523366,0.0771957
14686,0.458909,0.0463304,0.0523337,0.0771906
14687,0.45894,0.0463281,0.0523309,0.0771856
14688,0.458971,0.0463258,0.052328,0.0771806
14689,0.459003,0.0463234,0.0523251,0.0771755
14690,0.459034,0.0463211,0.0523223,0.0771705
14691,0.459065,0.0463188,0.0523194,0.0771655
14692,0.459096,0.0463165,0.0523165,0.0771604
14693,0.459128,0.0463142,0.0523137,0.0771554
14694,0.459159,0.0463118,0.0523108,0.0771504
14695,0.45919,0.0463095,0.0523079,0.0771454
14696,0.459221,0.0463072,0.0523051,0.0771403
14697,0.459253,0.0463049,0.0523022,0.0771353
14698,0.459284,0.0463025,0.0522993,0.0771303
14699,0.459315,0.0463002,0.0522965,0.0771252
14700,0.459346,0.0462979,0.0522936,0.0771202
14701,0.459378,0.0462956,0.0522907,0.0771152
14702,0.459409,0.0462933,0.0522879,0.0771102
14703,0.45944,0.0462909,0.052285,0.0771051
14704,0.459471,0.0462886,0.0522821,0.0771001
14705,0.459503,0.0462863,0.0522793,0.0770951
14706,0.459534,0.046284,0.0522764,0.0770901
14707,0.459565,0.0462816,0.0522735,0.0770851
14708,0.459596,0.0462793,0.0522707,0.07708
14709,0.459628,0.046277,0.0522678,0.077075
14710,0.459659,0.0462747,0.0522649,0.07707
14711,0.45969,0.0462724,0.0522621,0.077065
14712,0.459721,0.04627,0.0522592,0.07706
14713,0.459753,0.0462677,0.0522563,0.077055
14714,0.459784,0.0462654,0.0522535,0.0770501
14715,0.459815,0.0462631,0.0522506,0.0770451
14716,0.459846,0.0462608,0.0522478,0.0770401
14717,0.459878,0.0462584,0.0522449,0.0770352
14718,0.459909,0.0462561,0.052242,0.0770302
14719,0.45994,0.0462538,0.0522392,0.0770253
14720,0.459971,0.0462515,0.0522363,0.0770203
14721,0.460002,0.0462492,0.0522334,0.0770153
14722,0.460034,0.0462469,0.0522306,0.0770104
14723,0.460065,0.0462445,0.0522277,0.0770054
14724,0.460096,0.0462422,0.0522249,0.0770005
14725,0.460127,0.0462399,0.052222,0.0769955
14726,0.460159,0.0462376,0.0522191,0.0769906
14727,0.46019,0.0462353,0.0522163,0.0769856
14728,0.460221,0.0462329,0.0522134,0.0769807
14729,0.460252,0.0462306,0.0522106,0.0769757
14730,0.460284,0.0462283,0.0522077,0.0769707
14731,0.460315,0.046226,0.0522048,0.0769658
14732,0.460346,0.0462237,0.052202,0.0769608
14733,0.460377,0.0462214,0.0521991,0.0769559
14734,0.460409,0.046219,0.0521963,0.0769509
14735,0.46044,0.0462167,0.0521934,0.076946
14736,0.460471,0.0462144,0.0521905,0.076941
14737,0.460502,0.0462121,0.0521877,0.0769361
14738,0.460534,0.0462098,0.0521848,0.0769311
14739,0.460565,0.0462075,0.052182,0.0769262
14740,0.460596,0.0462051,0.0521791,0.0769212
14741,0.460627,0.0462028,0.0521763,0.0769163
14742,0.460659,0.0462005,0.0521734,0.0769113
14743,0.46069,0.0461982,0.0521705,0.0769064
14744,0.460721,0.0461959,0.0521677,0.0769014
14745,0.460752,0.0461936,0.0521648,0.0768965
14746,0.460784,0.0461912,0.052162,0.0768916
14747,0.460815,0.0461889,0.0521591,0.0768866
14748,0.460846,0.0461866,0.0521563,0.0768817
14749,0.460877,0.0461843,0.0521534,0.0768767
14750,0.460909,0.046182,0.0521506,0.0768718
14751,0.46094,0.0461797,0.0521477,0.0768668
14752,0.460971,0.0461773,0.0521448,0.0768619
14753,0.461002,0.046175,0.052142,0.0768569
14754,0.461034,0.0461727,0.0521391,0.076852
14755,0.461065,0.0461704,0.0521363,0.0768471
14756,0.461096,0.0461681,0.0521334,0.0768421
14757,0.461127,0.0461658,0.0521306,0.0768372
14758,0.461159,0.0461635,0.0521277,0.0768322
14759,0.46119,0.0461611,0.0521249,0.0768273
14760,0.461221,0.0461588,0.052122,0.0768224
14761,0.461252,0.0461565,0.0521192,0.0768174
14762,0.461284,0.0461542,0.0521163,0.0768125
14763,0.461315,0.0461519,0.0521135,0.0768075
14764,0.461346,0.0461496,0.0521106,0.0768026
14765,0.461377,0.0461473,0.0521078,0.0767977
14766,0.461409,0.046145,0.0521049,0.0767927
14767,0.46144,0.0461426,0.0521021,0.0767878
14768,0.461471,0.0461403,0.0520992,0.0767828
14769,0.461502,0.046138,0.0520964,0.0767779
14770,0.461534,0.0461357,0.0520935,0.076773
14771,0.461565,0.0461334,0.0520907,0.076768
14772,0.461596,0.0461311,0.0520878,0.0767631
14773,0.461627,0.0461288,0.052085,0.0767582
14774,0.461659,0.0461265,0.0520821,0.0767532
14775,0.46169,0.0461241,0.0520793,0.0767483
14776,0.461721,0.0461218,0.0520764,0.0767434
14777,0.461752,0.0461195,0.0520736,0.0767384
14778,0.461784,0.0461172,0.0520707,0.0767335
14779,0.461815,0.0461149,0.0520679,0.0767286
14780,0.461846,0.0461126,0.052065,0.0767236
14781,0.461877,0.0461103,0.0520622,0.0767187
14782,0.461909,0.046108,0.0520593,0.0767138
14783,0.46194,0.0461056,0.0520565,0.0767089
14784,0.461971,0.0461033,0.0520536,0.0767039
14785,0.462002,0.046101,0.0520508,0.076699
14786,0.462034,0.0460987,0.0520479,0.0766941
14787,0.462065,0.0460964,0.0520451,0.0766891
14788,0.462096,0.0460941,0.0520422,0.0766842
14789,0.462127,0.0460918,0.0520394,0.0766793
14790,0.462159,0.0460895,0.0520365,0.0766744
14791,0.46219,0.0460872,0.0520337,0.0766694
14792,0.462221,0.0460849,0.0520309,0.0766645
14793,0.462252,0.0460825,0.052028,0.0766596
14794,0.462284,0.0460802,0.0520252,0.0766547
14795,0.462315,0.0460779,0.0520223,0.0766497
14796,0.462346,0.0460756,0.0520195,0.0766448
14797,0.462377,0.0460733,0.0520166,0.0766399
14798,0.462409,0.046071,0.0520138,0.076635
14799,0.46244,0.0460687,0.0520109,0.07663
14800,0.462471,0.0460664,0.0520081,0.0766251
14801,0.462502,0.0460641,0.0520053,0.0766202
14802,0.462534,0.0460618,0.0520024,0.0766153
14803,0.462565,0.0460595,0.0519996,0.0766103
14804,0.462596,0.0460571,0.0519967,0.0766054
14805,0.462627,0.0460548,0.0519939,0.0766005
14806,0.462659,0.0460525,0.0519911,0.0765956
14807,0.46269,0.0460502,0.0519882,0.0765907
14808,0.462721,0.0460479,0.0519854,0.0765857
14809,0.462752,0.0460456,0.0519825,0.0765808
14810,0.462784,0.0460433,0.0519797,0.0765759
14811,0.462815,0.046041,0.0519768,0.076571
14812,0.462846,0.0460387,0.051974,0.0765661
14813,0.462877,0.0460364,0.0519712,0.0765612
14814,0.462909,0.0460341,0.0519683,0.0765562
14815,0.46294,0.0460318,0.0519655,0.0765513
14816,0.462971,0.0460295,0.0519626,0.0765464
14817,0.463002,0.0460272,0.0519598,0.0765415
14818,0.463034,0.0460248,0.051957,0.0765366
14819,0.463065,0.0460225,0.0519541,0.0765317
14820,0.463096,0.0460202,0.0519513,0.0765268
14821,0.463127,0.0460179,0.0519485,0.0765218
14822,0.463159,0.0460156,0.0519456,0.0765169
14823,0.46319,0.0460133,0.0519428,0.076512
14824,0.463221,0.046011,0.0519399,0.0765071
14825,0.463252,0.0460087,0.0519371,0.0765022
14826,0.463284,0.0460064,0.0519343,0.0764973
14827,0.463315,0.0460041,0.0519314,0.0764924
14828,0.463346,0.0460018,0.0519286,0.0764875
14829,0.463377,0.0459995,0.0519258,0.0764826
14830,0.463409,0.0459972,0.0519229,0.0764776
14831,0.46344,0.0459949,0.0519201,0.0764727
14832,0.463471,0.0459926,0.0519173,0.0764678
14833,0.463502,0.0459903,0.0519144,0.0764629
14834,0.463534,0.045988,0.0519116,0.076458
14835,0.463565,0.0459857,0.0519087,0.0764531
14836,0.463596,0.0459834,0.0519059,0.0764482
14837,0.463627,0.0459811,0.0519031,0.0764433
14838,0.463659,0.0459787,0.0519002,0.0764384
14839,0.46369,0.0459764,0.0518974,0.0764335
14840,0.463721,0.0459741,0.0518946,0.0764286
14841,0.463752,0.0459718,0.0518917,0.0764237
14842,0.463784,0.0459695,0.0518889,0.0764188
14843,0.463815,0.0459672,0.0518861,0.0764139
14844,0.463846,0.0459649,0.0518832,0.076409
14845,0.463877,0.0459626,0.0518804,0.0764041
14846,0.463909,0.0459603,0.0518776,0.0763992
14847,0.46394,0.045958,0.0518747,0.0763943
14848,0.463971,0.0459557,0.0518719,0.0763894
14849,0.464002,0.0459534,0.0518691,0.0763845
14850,0.464033,0.0459511,0.0518662,0.0763796
14851,0.464065,0.0459488,0.0518634,0.0763747
14852,0.464096,0.0459465,0.0518606,0.0763698
14853,0.464127,0.0459442,0.0518578,0.0763649
14854,0.464158,0.0459419,0.0518549,0.07636
14855,0.46419,0.0459396,0.0518521,0.0763551
14856,0.464221,0.0459373,0.0518493,0.0763502
14857,0.464252,0.045935,0.0518464,0.0763453
14858,0.464283,0.0459327,0.0518436,0.0763404
14859,0.464315,0.0459304,0.0518408,0.0763355
14860,0.464346,0.0459281,0.0518379,0.0763306
14861,0.464377,0.0459258,0.0518351,0.0763257
14862,0.464408,0.0459235,0.0518323,0.0763208
14863,0.46444,0.0459212,0.0518295,0.0763159
14864,0.464471,0.0459189,0.0518266,0.076311
14865,0.464502,0.0459166,0.0518238,0.0763061
14866,0.464533,0.0459143,0.051821,0.0763012
14867,0.464565,0.045912,0.0518181,0.0762963
14868,0.464596,0.0459097,0.0518153,0.0762914
14869,0.464627,0.0459074,0.0518125,0.0762865
14870,0.464658,0.0459051,0.0518097,0.0762816
14871,0.46469,0.0459028,0.0518068,0.0762768
14872,0.464721,0.0459005,0.051804,0.0762719
14873,0.464752,0.0458982,0.0518012,0.076267
14874,0.464783,0.0458959,0.0517984,0.0762621
14875,0.464815,0.0458936,0.0517955,0.0762572
14876,0.464846,0.0458913,0.0517927,0.0762523
14877,0.464877,0.045889,0.0517899,0.0762474
14878,0.464908,0.0458867,0.0517871,0.0762425
14879,0.46494,0.0458844,0.0517842,0.0762376
14880,0.464971,0.0458821,0.0517814,0.0762328
14881,0.465002,0.0458798,0.0517786,0.0762279
14882,0.465033,0.0458775,0.0517758,0.076223
14883,0.465065,0.0458752,0.0517729,0.0762181
14884,0.465096,0.0458729,0.0517701,0.0762132
14885,0.465127,0.0458706,0.0517673,0.0762083
14886,0.465158,0.0458683,0.0517645,0.0762034
14887,0.46519,0.045866,0.0517616,0.0761986
14888,0.465221,0.0458637,0.0517588,0.0761937
14889,0.465252,0.0458614,0.051756,0.0761888
14890,0.465283,0.0458591,0.0517532,0.0761839
14891,0.465315,0.0458568,0.0517504,0.076179
14892,0.465346,0.0458545,0.0517475,0.0761741
14893,0.465377,0.0458522,0.0517447,0.0761693
14894,0.465408,0.0458499,0.0517419,0.0761644
14895,0.46544,0.0458476,0.0517391,0.0761595
14896,0.465471,0.0458454,0.0517363,0.0761546
14897,0.465502,0.0458431,0.0517334,0.0761497
14898,0.465533,0.0458408,0.0517306,0.0761449
14899,0.465565,0.0458385,0.0517278,0.07614
14900,0.465596,0.0458362,0.051725,0.0761351
14901,0.465627,0.0458339,0.0517222,0.0761302
14902,0.465658,0.0458316,0.0517193,0.0761254
14903,0.46569,0.0458293,0.0517165,0.0761205
14904,0.465721,0.045827,0.0517137,0.0761156
14905,0.465752,0.0458247,0.0517109,0.0761107
14906,0.465783,0.0458224,0.0517081,0.0761058
14907,0.465815,0.0458201,0.0517052,0.076101
14908,0.465846,0.0458178,0.0517024,0.0760961
14909,0.465877,0.0458155,0.0516996,0.0760912
14910,0.465908,0.0458132,0.0516968,0.0760864
14911,0.46594,0.0458109,0.051694,0.0760815
14912,0.465971,0.0458086,0.0516912,0.0760766
14913,0.466002,0.0458063,0.0516883,0.0760717
14914,0.466033,0.045804,0.0516855,0.0760669
14915,0.466065,0.0458017,0.0516827,0.076062
14916,0.466096,0.0457995,0.0516799,0.0760571
14917,0.466127,0.0457972,0.0516771,0.0760522
14918,0.466158,0.0457949,0.0516743,0.0760474
14919,0.46619,0.0457926,0.0516714,0.0760425
14920,0.466221,0.0457903,0.0516686,0.0760376
14921,0.466252,0.045788,0.0516658,0.0760328
14922,0.466283,0.0457857,0.051663,0.0760279
14923,0.466315,0.0457834,0.0516602,0.076023
14924,0.466346,0.0457811,0.0516574,0.0760182
14925,0.466377,0.0457788,0.0516545,0.0760133
14926,0.466408,0.0457765,0.0516517,0.0760084
14927,0.46644,0.0457742,0.0516489,0.0760036
14928,0.466471,0.0457719,0.0516461,0.0759987
14929,0.466502,0.0457696,0.0516433,0.0759938
14930,0.466533,0.0457674,0.0516405,0.075989
14931,0.466565,0.0457651,0.0516377,0.0759841
14932,0.466596,0.0457628,0.0516349,0.0759792
14933,0.466627,0.0457605,0.051632,0.0759744
14934,0.466658,0.0457582,0.0516292,0.0759695
14935,0.46669,0.0457559,0.0516264,0.0759646
14936,0.466721,0.0457536,0.0516236,0.0759598
14937,0.466752,0.0457513,0.0516208,0.0759549
14938,0.466783,0.045749,0.051618,0.0759501
14939,0.466815,0.0457467,0.0516152,0.0759452
14940,0.466846,0.0457444,0.0516124,0.0759403
14941,0.466877,0.0457421,0.0516096,0.0759355
14942,0.466908,0.0457399,0.0516067,0.0759306
14943,0.46694,0.0457376,0.0516039,0.0759258
14944,0.466971,0.0457353,0.0516011,0.0759209
14945,0.467002,0.045733,0.0515983,0.075916
14946,0.467033,0.0457307,0.0515955,0.0759112
14947,0.467065,0.0457284,0.0515927,0.0759063
14948,0.467096,0.0457261,0.0515899,0.0759015
14949,0.467127,0.0457238,0.0515871,0.0758966
14950,0.467158,0.0457215,0.0515843,0.0758918
14951,0.46719,0.0457193,0.0515815,0.0758869
14952,0.467221,0.045717,0.0515787,0.075882
14953,0.467252,0.0457147,0.0515758,0.0758772
14954,0.467283,0.0457124,0.051573,0.0758723
14955,0.467315,0.0457101,0.0515702,0.0758675
14956,0.467346,0.0457078,0.0515674,0.0758626
14957,0.467377,0.0457055,0.0515646,0.0758578
14958,0.467408,0.0457032,0.0515618,0.0758529
14959,0.46744,0.0457009,0.051559,0.0758481
14960,0.467471,0.0456987,0.0515562,0.0758432
14961,0.467502,0.0456964,0.0515534,0.0758384
14962,0.467533,0.0456941,0.0515506,0.0758335
14963,0.467565,0.0456918,0.0515478,0.0758287
14964,0.467596,0.0456895,0.051545,0.0758238
14965,0.467627,0.0456872,0.0515422,0.075819
14966,0.467658,0.0456849,0.0515394,0.0758141
14967,0.46769,0.0456826,0.0515366,0.0758093
14968,0.467721,0.0456804,0.0515338,0.0758044
14969,0.467752,0.0456781,0.051531,0.0757996
14970,0.467783,0.0456758,0.0515282,0.0757947
14971,0.467815,0.0456735,0.0515253,0.0757899
14972,0.467846,0.0456712,0.0515225,0.075785
14973,0.467877,0.0456689,0.0515197,0.0757802
14974,0.467908,0.0456666,0.0515169,0.0757753
14975,0.46794,0.0456643,0.0515141,0.0757705
14976,0.467971,0.0456621,0.0515113,0.0757656
14977,0.468002,0.0456598,0.0515085,0.0757608
14978,0.468033,0.0456575,0.0515057,0.075756
14979,0.468064,0.0456552,0.0515029,0.0757511
14980,0.468096,0.0456529,0.0515001,0.0757463
14981,0.468127,0.0456506,0.0514973,0.0757414
14982,0.468158,0.0456483,0.0514945,0.0757366
14983,0.468189,0.0456461,0.0514917,0.0757317
14984,0.468221,0.0456438,0.0514889,0.0757269
14985,0.468252,0.0456415,0.0514861,0.0757221
14986,0.468283,0.0456392,0.0514833,0.0757172
14987,0.468314,0.0456369,0.0514805,0.0757124
14988,0.468346,0.0456346,0.0514777,0.0757075
14989,0.468377,0.0456324,0.0514749,0.0757027
14990,0.468408,0.0456301,0.0514721,0.0756979
14991,0.468439,0.0456278,0.0514693,0.075693
14992,0.468471,0.0456255,0.0514665,0.0756882
14993,0.468502,0.0456232,0.0514637,0.0756833
14994,0.468533,0.0456209,0.0514609,0.0756785
14995,0.468564,0.0456187,0.0514581,0.0756737
14996,0.468596,0.0456164,0.0514553,0.0756688
14997,0.468627,0.0456141,0.0514525,0.075664
14998,0.468658,0.0456118,0.0514497,0.0756592
14999,0.468689,0.0456095,0.0514469,0.0756543
15000,0.468721,0.0456072,0.0514441,0.0756495
15001,0.468752,0.045605,0.0514413,0.0756447
15002,0.468783,0.0456027,0.0514385,0.0756398
15003,0.468814,0.0456004,0.0514358,0.075635
15004,0.468846,0.0455981,0.051433,0.0756302
15005,0.468877,0.0455958,0.0514302,0.0756253
15006,0.468908,0.0455935,0.0514274,0.0756205
15007,0.468939,0.0455913,0.0514246,0.0756157
15008,0.468971,0.045589,0.0514218,0.0756108
15009,0.469002,0.0455867,0.051419,0.075606
15010,0.469033,0.0455844,0.0514162,0.0756012
15011,0.469064,0.0455821,0.0514134,0.0755963
15012,0.469096,0.0455798,0.0514106,0.0755915
15013,0.469127,0.0455776,0.0514078,0.0755867
15014,0.469158,0.0455753,0.051405,0.0755819
15015,0.469189,0.045573,0.0514022,0.075577
15016,0.469221,0.0455707,0.0513994,0.0755722
15017,0.469252,0.0455684,0.0513966,0.0755674
15018,0.469283,0.0455662,0.0513938,0.0755625
15019,0.469314,0.0455639,0.051391,0.0755577
15020,0.469346,0.0455616,0.0513882,0.0755529
15021,0.469377,0.0455593,0.0513855,0.0755481
15022,0.469408,0.045557,0.0513827,0.0755432
15023,0.469439,0.0455548,0.0513799,0.0755384
15024,0.469471,0.0455525,0.0513771,0.0755336
15025,0.469502,0.0455502,0.0513743,0.0755288
15026,0.469533,0.0455479,0.0513715,0.0755239
15027,0.469564,0.0455456,0.0513687,0.0755191
15028,0.469596,0.0455434,0.0513659,0.0755143
15029,0.469627,0.0455411,0.0513631,0.0755095
15030,0.469658,0.0455388,0.0513603,0.0755047
15031,0.469689,0.0455365,0.0513575,0.0754998
15032,0.469721,0.0455342,0.0513548,0.075495
15033,0.469752,0.045532,0.051352,0.0754902
15034,0.469783,0.0455297,0.0513492,0.0754854
15035,0.469814,0.0455274,0.0513464,0.0754806
15036,0.469846,0.0455251,0.0513436,0.0754757
15037,0.469877,0.0455229,0.0513408,0.0754709
15038,0.469908,0.0455206,0.051338,0.0754661
15039,0.469939,0.0455183,0.0513352,0.0754613
15040,0.469971,0.045516,0.0513324,0.0754565
15041,0.470002,0.0455137,0.0513297,0.0754516
15042,0.470033,0.0455115,0.0513269,0.0754468
15043,0.470064,0.0455092,0.0513241,0.075442
15044,0.470096,0.0455069,0.0513213,0.0754372
15045,0.470127,0.0455046,0.0513185,0.0754324
15046,0.470158,0.0455024,0.0513157,0.0754276
15047,0.470189,0.0455001,0.0513129,0.0754228
15048,0.470221,0.0454978,0.0513101,0.0754179
15049,0.470252,0.0454955,0.0513074,0.0754131
15050,0.470283,0.0454932,0.0513046,0.0754083
15051,0.470314,0.045491,0.0513018,0.0754035
15052,0.470346,0.0454887,0.051299,0.0753987
15053,0.470377,0.0454864,0.0512962,0.0753939
15054,0.470408,0.0454841,0.0512934,0.0753891
15055,0.470439,0.0454819,0.0512907,0.0753843
15056,0.470471,0.0454796,0.0512879,0.0753794
15057,0.470502,0.0454773,0.0512851,0.0753746
15058,0.470533,0.045475,0.0512823,0.0753698
15059,0.470564,0.0454728,0.0512795,0.075365
15060,0.470596,0.0454705,0.0512767,0.0753602
15061,0.470627,0.0454682,0.0512739,0.0753554
15062,0.470658,0.0454659,0.0512712,0.0753506
15063,0.470689,0.0454637,0.0512684,0.0753458
15064,0.470721,0.0454614,0.0512656,0.075341
15065,0.470752,0.0454591,0.0512628,0.0753362
15066,0.470783,0.0454568,0.05126,0.0753314
15067,0.470814,0.0454546,0.0512573,0.0753266
15068,0.470846,0.0454523,0.0512545,0.0753218
15069,0.470877,0.04545,0.0512517,0.075317
15070,0.470908,0.0454477,0.0512489,0.0753121
15071,0.470939,0.0454455,0.0512461,0.0753073
15072,0.470971,0.0454432,0.0512433,0.0753025
15073,0.471002,0.0454409,0.0512406,0.0752977
15074,0.471033,0.0454386,0.0512378,0.0752929
15075,0.471064,0.0454364,0.051235,0.0752881
15076,0.471096,0.0454341,0.0512322,0.0752833
15077,0.471127,0.0454318,0.0512294,0.0752785
15078,0.471158,0.0454295,0.0512267,0.0752737
15079,0.471189,0.0454273,0.0512239,0.0752689
15080,0.471221,0.045425,0.0512211,0.0752641
15081,0.471252,0.0454227,0.0512183,0.0752593
15082,0.471283,0.0454205,0.0512155,0.0752545
15083,0.471314,0.0454182,0.0512128,0.0752497
15084,0.471346,0.0454159,0.05121,0.0752449
15085,0.471377,0.0454136,0.0512072,0.0752401
15086,0.471408,0.0454114,0.0512044,0.0752353
15087,0.471439,0.0454091,0.0512017,0.0752305
15088,0.471471,0.0454068,0.0511989,0.0752257
15089,0.471502,0.0454046,0.0511961,0.0752209
15090,0.471533,0.0454023,0.0511933,0.0752162
15091,0.471564,0.0454,0.0511906,0.0752114
15092,0.471596,0.0453977,0.0511878,0.0752066
15093,0.471627,0.0453955,0.051185,0.0752018
15094,0.471658,0.0453932,0.0511822,0.075197
15095,0.471689,0.0453909,0.0511794,0.0751922
15096,0.471721,0.0453887,0.0511767,0.0751874
15097,0.471752,0.0453864,0.0511739,0.0751826
15098,0.471783,0.0453841,0.0511711,0.0751778
15099,0.471814,0.0453818,0.0511683,0.075173
15100,0.471846,0.0453796,0.0511656,0.0751682
15101,0.471877,0.0453773,0.0511628,0.0751634
15102,0.471908,0.045375,0.05116,0.0751586
15103,0.471939,0.0453728,0.0511572,0.0751538
15104,0.471971,0.0453705,0.0511545,0.0751491
15105,0.472002,0.0453682,0.0511517,0.0751443
15106,0.472033,0.045366,0.0511489,0.0751395
15107,0.472064,0.0453637,0.0511462,0.0751347
15108,0.472095,0.0453614,0.0511434,0.0751299
15109,0.472127,0.0453591,0.0511406,0.0751251
15110,0.472158,0.0453569,0.0511378,0.0751203
15111,0.472189,0.0453546,0.0511351,0.0751155
15112,0.47222,0.0453523,0.0511323,0.0751108
15113,0.472252,0.0453501,0.0511295,0.075106
15114,0.472283,0.0453478,0.0511268,0.0751012
15115,0.472314,0.0453455,0.051124,0.0750964
15116,0.472345,0.0453433,0.0511212,0.0750916
15117,0.472377,0.045341,0.0511184,0.0750868
15118,0.472408,0.0453387,0.0511157,0.075082
15119,0.472439,0.0453365,0.0511129,0.0750773
15120,0.47247,0.0453342,0.0511101,0.0750725
15121,0.472502,0.0453319,0.0511074,0.0750677
15122,0.472533,0.0453297,0.0511046,0.0750629
15123,0.472564,0.0453274,0.0511018,0.0750581
15124,0.472595,0.0453251,0.051099,0.0750534
15125,0.472627,0.0453229,0.0510963,0.0750486
15126,0.472658,0.0453206,0.0510935,0.0750438
15127,0.472689,0.0453183,0.0510907,0.075039
15128,0.47272,0.0453161,0.051088,0.0750342
15129,0.472752,0.0453138,0.0510852,0.0750295
15130,0.472783,0.0453115,0.0510824,0.0750247
15131,0.472814,0.0453093,0.0510797,0.0750199
15132,0.472845,0.045307,0.0510769,0.0750151
15133,0.472877,0.0453047,0.0510741,0.0750103
15134,0.472908,0.0453025,0.0510714,0.0750056
15135,0.472939,0.0453002,0.0510686,0.0750008
15136,0.47297,0.0452979,0.0510658,0.074996
15137,0.473002,0.0452957,0.0510631,0.0749912
15138,0.473033,0.0452934,0.0510603,0.0749865
15139,0.473064,0.0452911,0.0510575,0.0749817
15140,0.473095,0.0452889,0.0510548,0.0749769
15141,0.473127,0.0452866,0.051052,0.0749721
15142,0.473158,0.0452843,0.0510492,0.0749674
15143,0.473189,0.0452821,0.0510465,0.0749627
15144,0.47322,0.0452798,0.0510437,0.074958
15145,0.473252,0.0452775,0.0510409,0.0749532
15146,0.473283,0.0452753,0.0510382,0.0749485
15147,0.473314,0.045273,0.0510354,0.0749438
15148,0.473345,0.0452707,0.0510327,0.0749391
15149,0.473377,0.0452685,0.0510299,0.0749344
15150,0.473408,0.0452662,0.0510271,0.0749297
15151,0.473439,0.0452639,0.0510244,0.0749249
15152,0.47347,0.0452617,0.0510216,0.0749202
15153,0.473502,0.0452594,0.0510188,0.0749155
15154,0.473533,0.0452572,0.0510161,0.0749108
15155,0.473564,0.0452549,0.0510133,0.0749061
15156,0.473595,0.0452526,0.0510105,0.0749014
15157,0.473627,0.0452504,0.0510078,0.0748967
15158,0.473658,0.0452481,0.051005,0.074892
15159,0.473689,0.0452458,0.0510023,0.0748872
15160,0.47372,0.0452436,0.0509995,0.0748825
15161,0.473752,0.0452413,0.0509967,0.0748778
15162,0.473783,0.0452391,0.050994,0.0748731
15163,0.473814,0.0452368,0.0509912,0.0748684
15164,0.473845,0.0452345,0.0509885,0.0748637
15165,0.473877,0.0452323,0.0509857,0.074859
15166,0.473908,0.04523,0.0509829,0.0748543
15167,0.473939,0.0452277,0.0509802,0.0748496
15168,0.47397,0.0452255,0.0509774,0.0748448
15169,0.474002,0.0452232,0.0509747,0.0748401
15170,0.474033,0.045221,0.0509719,0.0748354
15171,0.474064,0.0452187,0.0509691,0.0748307
15172,0.474095,0.0452164,0.0509664,0.074826
15173,0.474127,0.0452142,0.0509636,0.0748213
15174,0.474158,0.0452119,0.0509609,0.0748166
15175,0.474189,0.0452097,0.0509581,0.0748119
15176,0.47422,0.0452074,0.0509553,0.0748072
15177,0.474252,0.0452051,0.0509526,0.0748025
15178,0.474283,0.0452029,0.0509498,0.0747978
15179,0.474314,0.0452006,0.0509471,0.0747931
15180,0.474345,0.0451983,0.0509443,0.0747884
15181,0.474377,0.0451961,0.0509416,0.0747837
15182,0.474408,0.0451938,0.0509388,0.074779
15183,0.474439,0.0451916,0.050936,0.0747743
15184,0.47447,0.0451893,0.0509333,0.0747696
15185,0.474502,0.045187,0.0509305,0.0747649
15186,0.474533,0.0451848,0.0509278,0.0747602
15187,0.474564,0.0451825,0.050925,0.0747555
15188,0.474595,0.0451803,0.0509223,0.0747508
15189,0.474627,0.045178,0.0509195,0.0747461
15190,0.474658,0.0451758,0.0509168,0.0747414
15191,0.474689,0.0451735,0.050914,0.0747367
15192,0.47472,0.0451712,0.0509113,0.074732
15193,0.474752,0.045169,0.0509085,0.0747273
15194,0.474783,0.0451667,0.0509057,0.0747226
15195,0.474814,0.0451645,0.050903,0.0747179
15196,0.474845,0.0451622,0.0509002,0.0747132
15197,0.474877,0.0451599,0.0508975,0.0747085
15198,0.474908,0.0451577,0.0508947,0.0747038
15199,0.474939,0.0451554,0.050892,0.0746991
15200,0.47497,0.0451532,0.0508892,0.0746944
15201,0.475002,0.0451509,0.0508865,0.0746897
15202,0.475033,0.0451487,0.0508837,0.074685
15203,0.475064,0.0451464,0.050881,0.0746803
15204,0.475095,0.0451441,0.0508782,0.0746756
15205,0.475127,0.0451419,0.0508755,0.0746709
15206,0.475158,0.0451396,0.0508727,0.0746662
15207,0.475189,0.0451374,0.05087,0.0746615
15208,0.47522,0.0451351,0.0508672,0.0746569
15209,0.475252,0.0451329,0.0508645,0.0746522
15210,0.475283,0.0451306,0.0508617,0.0746475
15211,0.475314,0.0451283,0.050859,0.0746428
15212,0.475345,0.0451261,0.0508562,0.0746381
15213,0.475377,0.0451238,0.0508535,0.0746334
15214,0.475408,0.0451216,0.0508507,0.0746287
15215,0.475439,0.0451193,0.050848,0.074624
15216,0.47547,0.0451171,0.0508452,0.0746193
15217,0.475502,0.0451148,0.0508425,0.0746146
15218,0.475533,0.0451125,0.0508397,0.07461
15219,0.475564,0.0451103,0.050837,0.0746053
15220,0.475595,0.045108,0.0508342,0.0746006
15221,0.475627,0.0451058,0.0508315,0.0745959
15222,0.475658,0.0451035,0.0508287,0.0745912
15223,0.475689,0.0451013,0.050826,0.0745865
15224,0.47572,0.045099,0.0508232,0.0745818
15225,0.475752,0.0450968,0.0508205,0.0745771
15226,0.475783,0.0450945,0.0508177,0.0745725
15227,0.475814,0.0450923,0.050815,0.0745678
15228,0.475845,0.04509,0.0508122,0.0745631
15229,0.475877,0.0450877,0.0508095,0.0745584
15230,0.475908,0.0450855,0.0508067,0.0745537
15231,0.475939,0.0450832,0.050804,0.074549
15232,0.47597,0.045081,0.0508013,0.0745444
15233,0.476001,0.0450787,0.0507985,0.0745397
15234,0.476033,0.0450765,0.0507958,0.074535
15235,0.476064,0.0450742,0.050793,0.0745303
15236,0.476095,0.045072,0.0507903,0.0745256
15237,0.476126,0.0450697,0.0507875,0.074521
15238,0.476158,0.0450675,0.0507848,0.0745163
15239,0.476189,0.0450652,0.050782,0.0745116
15240,0.47622,0.045063,0.0507793,0.0745069
15241,0.476251,0.0450607,0.0507766,0.0745022
15242,0.476283,0.0450585,0.0507738,0.0744976
15243,0.476314,0.0450562,0.0507711,0.0744929
15244,0.476345,0.0450539,0.0507683,0.0744882
15245,0.476376,0.0450517,0.0507656,0.0744835
15246,0.476408,0.0450494,0.0507628,0.0744789
15247,0.476439,0.0450472,0.0507601,0.0744742
15248,0.47647,0.0450449,0.0507574,0.0744695
15249,0.476501,0.0450427,0.0507546,0.0744648
15250,0.476533,0.0450404,0.0507519,0.0744602
15251,0.476564,0.0450382,0.0507491,0.0744555
15252,0.476595,0.0450359,0.0507464,0.0744508
15253,0.476626,0.0450337,0.0507436,0.0744461
15254,0.476658,0.0450314,0.0507409,0.0744415
15255,0.476689,0.0450292,0.0507382,0.0744368
15256,0.47672,0.0450269,0.0507354,0.0744321
15257,0.476751,0.0450247,0.0507327,0.0744274
15258,0.476783,0.0450224,0.0507299,0.0744228
15259,0.476814,0.0450202,0.0507272,0.0744181
15260,0.476845,0.0450179,0.0507245,0.0744134
15261,0.476876,0.0450157,0.0507217,0.0744088
15262,0.476908,0.0450134,0.050719,0.0744041
15263,0.476939,0.0450112,0.0507163,0.0743994
15264,0.47697,0.0450089,0.0507135,0.0743947
15265,0.477001,0.0450067,0.0507108,0.0743901
15266,0.477033,0.0450044,0.050708,0.0743854
15267,0.477064,0.0450022,0.0507053,0.0743807
15268,0.477095,0.0449999,0.0507026,0.0743761
15269,0.477126,0.0449977,0.0506998,0.0743714
15270,0.477158,0.0449954,0.0506971,0.0743667
15271,0.477189,0.0449932,0.0506943,0.0743621
15272,0.47722,0.0449909,0.0506916,0.0743574
15273,0.477251,0.0449887,0.0506889,0.0743527
15274,0.477283,0.0449864,0.0506861,0.0743481
15275,0.477314,0.0449842,0.0506834,0.0743434
15276,0.477345,0.0449819,0.0506807,0.0743388
15277,0.477376,0.0449797,0.0506779,0.0743341
15278,0.477408,0.0449774,0.0506752,0.0743294
15279,0.477439,0.0449752,0.0506725,0.0743248
15280,0.47747,0.0449729,0.0506697,0.0743201
15281,0.477501,0.0449707,0.050667,0.0743154
15282,0.477533,0.0449684,0.0506643,0.0743108
15283,0.477564,0.0449662,0.0506615,0.0743061
15284,0.477595,0.044964,0.0506588,0.0743015
15285,0.477626,0.0449617,0.050656,0.0742968
15286,0.477658,0.0449595,0.0506533,0.0742921
15287,0.477689,0.0449572,0.0506506,0.0742875
15288,0.47772,0.044955,0.0506478,0.0742828
15289,0.477751,0.0449527,0.0506451,0.0742782
15290,0.477783,0.0449505,0.0506424,0.0742735
15291,0.477814,0.0449482,0.0506396,0.0742688
15292,0.477845,0.044946,0.0506369,0.0742642
15293,0.477876,0.0449437,0.0506342,0.0742595
15294,0.477908,0.0449415,0.0506315,0.0742549
15295,0.477939,0.0449392,0.0506287,0.0742502
15296,0.47797,0.044937,0.050626,0.0742455
15297,0.478001,0.0449347,0.0506233,0.0742409
15298,0.478033,0.0449325,0.0506205,0.0742362
15299,0.478064,0.0449303,0.0506178,0.0742316
15300,0.478095,0.044928,0.0506151,0.0742269
15301,0.478126,0.0449258,0.0506123,0.0742223
15302,0.478158,0.0449235,0.0506096,0.0742176
15303,0.478189,0.0449213,0.0506069,0.074213
15304,0.47822,0.044919,0.0506041,0.0742083
15305,0.478251,0.0449168,0.0506014,0.0742037
15306,0.478283,0.0449145,0.0505987,0.074199
15307,0.478314,0.0449123,0.050596,0.0741944
15308,0.478345,0.0449101,0.0505932,0.0741897
15309,0.478376,0.0449078,0.0505905,0.0741851
15310,0.478408,0.0449056,0.0505878,0.0741804
15311,0.478439,0.0449033,0.050585,0.0741758
15312,0.47847,0.0449011,0.0505823,0.0741711
15313,0.478501,0.0448988,0.0505796,0.0741665
15314,0.478533,0.0448966,0.0505769,0.0741618
15315,0.478564,0.0448943,0.0505741,0.0741572
15316,0.478595,0.0448921,0.0505714,0.0741525
15317,0.478626,0.0448899,0.0505687,0.0741479
15318,0.478658,0.0448876,0.0505659,0.0741432
15319,0.478689,0.0448854,0.0505632,0.0741386
15320,0.47872,0.0448831,0.0505605,0.0741339
15321,0.478751,0.0448809,0.0505578,0.0741293
15322,0.478783,0.0448786,0.050555,0.0741246
15323,0.478814,0.0448764,0.0505523,0.07412
15324,0.478845,0.0448742,0.0505496,0.0741153
15325,0.478876,0.0448719,0.0505469,0.0741107
15326,0.478908,0.0448697,0.0505441,0.0741061
15327,0.478939,0.0448674,0.0505414,0.0741014
15328,0.47897,0.0448652,0.0505387,0.0740968
15329,0.479001,0.0448629,0.050536,0.0740921
15330,0.479033,0.0448607,0.0505332,0.0740875
15331,0.479064,0.0448585,0.0505305,0.0740828
15332,0.479095,0.0448562,0.0505278,0.0740782
15333,0.479126,0.044854,0.0505251,0.0740736
15334,0.479158,0.0448517,0.0505223,0.0740689
15335,0.479189,0.0448495,0.0505196,0.0740643
15336,0.47922,0.0448473,0.0505169,0.0740596
15337,0.479251,0.044845,0.0505142,0.074055
15338,0.479283,0.0448428,0.0505114,0.0740504
15339,0.479314,0.0448405,0.0505087,0.0740457
15340,0.479345,0.0448383,0.050506,0.0740411
15341,0.479376,0.0448361,0.0505033,0.0740364
15342,0.479408,0.0448338,0.0505006,0.0740318
15343,0.479439,0.0448316,0.0504978,0.0740272
15344,0.47947,0.0448293,0.0504951,0.0740225
15345,0.479501,0.0448271,0.0504924,0.0740179
15346,0.479533,0.0448249,0.0504897,0.0740133
15347,0.479564,0.0448226,0.0504869,0.0740086
15348,0.479595,0.0448204,0.0504842,0.074004
15349,0.479626,0.0448181,0.0504815,0.0739993
15350,0.479658,0.0448159,0.0504788,0.0739947
15351,0.479689,0.0448137,0.0504761,0.0739901
15352,0.47972,0.0448114,0.0504733,0.0739854
15353,0.479751,0.0448092,0.0504706,0.0739808
15354,0.479783,0.0448069,0.0504679,0.0739762
15355,0.479814,0.0448047,0.0504652,0.0739715
15356,0.479845,0.0448025,0.0504625,0.0739669
15357,0.479876,0.0448002,0.0504598,0.0739623
15358,0.479908,0.044798,0.050457,0.0739577
15359,0.479939,0.0447957,0.0504543,0.073953
15360,0.47997,0.0447935,0.0504516,0.0739484
15361,0.480001,0.0447913,0.0504489,0.0739438
15362,0.480032,0.044789,0.0504462,0.0739391
15363,0.480064,0.0447868,0.0504434,0.0739345
15364,0.480095,0.0447846,0.0504407,0.0739299
15365,0.480126,0.0447823,0.050438,0.0739252
15366,0.480157,0.0447801,0.0504353,0.0739206
15367,0.480189,0.0447778,0.0504326,0.073916
15368,0.48022,0.0447756,0.0504299,0.0739114
15369,0.480251,0.0447734,0.0504271,0.0739067
15370,0.480282,0.0447711,0.0504244,0.0739021
15371,0.480314,0.0447689,0.0504217,0.0738975
15372,0.480345,0.0447667,0.050419,0.0738929
15373,0.480376,0.0447644,0.0504163,0.0738882
15374,0.480407,0.0447622,0.0504136,0.0738836
15375,0.480439,0.04476,0.0504108,0.073879
15376,0.48047,0.0447577,0.0504081,0.0738744
15377,0.480501,0.0447555,0.0504054,0.0738697
15378,0.480532,0.0447532,0.0504027,0.0738651
15379,0.480564,0.044751,0.0504,0.0738605
15380,0.480595,0.0447488,0.0503973,0.0738559
15381,0.480626,0.0447465,0.0503946,0.0738512
15382,0.480657,0.0447443,0.0503919,0.0738466
15383,0.480689,0.0447421,0.0503891,0.073842
15384,0.48072,0.0447398,0.0503864,0.0738374
15385,0.480751,0.0447376,0.0503837,0.0738328
15386,0.480782,0.0447354,0.050381,0.0738281
15387,0.480814,0.0447331,0.0503783,0.0738235
15388,0.480845,0.0447309,0.0503756,0.0738189
15389,0.480876,0.0447287,0.0503729,0.0738143
15390,0.480907,0.0447264,0.0503702,0.0738097
15391,0.480939,0.0447242,0.0503674,0.0738051
15392,0.48097,0.044722,0.0503647,0.0738004
15393,0.481001,0.0447197,0.050362,0.0737958
15394,0.481032,0.0447175,0.0503593,0.0737912
15395,0.481064,0.0447153,0.0503566,0.0737866
15396,0.481095,0.044713,0.0503539,0.073782
15397,0.481126,0.0447108,0.0503512,0.0737774
15398,0.481157,0.0447086,0.0503485,0.0737727
15399,0.481189,0.0447063,0.0503458,0.0737681
15400,0.48122,0.0447041,0.050343,0.0737635
15401,0.481251,0.0447019,0.0503403,0.0737589
15402,0.481282,0.0446996,0.0503376,0.0737543
15403,0.481314,0.0446974,0.0503349,0.0737497
15404,0.481345,0.0446952,0.0503322,0.0737451
15405,0.481376,0.0446929,0.0503295,0.0737404
15406,0.481407,0.0446907,0.0503268,0.0737358
15407,0.481439,0.0446885,0.0503241,0.0737312
15408,0.48147,0.0446862,0.0503214,0.0737266
15409,0.481501,0.044684,0.0503187,0.073722
15410,0.481532,0.0446818,0.050316,0.0737174
15411,0.481564,0.0446795,0.0503133,0.0737128
15412,0.481595,0.0446773,0.0503105,0.0737082
15413,0.481626,0.0446751,0.0503078,0.0737036
15414,0.481657,0.0446728,0.0503051,0.0736989
15415,0.481689,0.0446706,0.0503024,0.0736943
15416,0.48172,0.0446684,0.0502997,0.0736897
15417,0.481751,0.0446661,0.050297,0.0736851
15418,0.481782,0.0446639,0.0502943,0.0736805
15419,0.481814,0.0446617,0.0502916,0.0736759
15420,0.481845,0.0446594,0.0502889,0.0736713
15421,0.481876,0.0446572,0.0502862,0.0736667
15422,0.481907,0.044655,0.0502835,0.0736621
15423,0.481939,0.0446528,0.0502808,0.0736575
15424,0.48197,0.0446505,0.0502781,0.0736529
15425,0.482001,0.0446483,0.0502754,0.0736483
15426,0.482032,0.0446461,0.0502727,0.0736437
15427,0.482064,0.0446438,0.05027,0.0736391
15428,0.482095,0.0446416,0.0502673,0.0736345
15429,0.482126,0.0446394,0.0502646,0.0736299
15430,0.482157,0.0446371,0.0502619,0.0736253
15431,0.482189,0.0446349,0.0502591,0.0736207
15432,0.48222,0.0446327,0.0502564,0.0736161
15433,0.482251,0.0446305,0.0502537,0.0736115
15434,0.482282,0.0446282,0.050251,0.0736069
15435,0.482314,0.044626,0.0502483,0.0736023
15436,0.482345,0.0446238,0.0502456,0.0735977
15437,0.482376,0.0446215,0.0502429,0.0735931
15438,0.482407,0.0446193,0.0502402,0.0735885
15439,0.482439,0.0446171,0.0502375,0.0735839
15440,0.48247,0.0446149,0.0502348,0.0735793
15441,0.482501,0.0446126,0.0502321,0.0735747
15442,0.482532,0.0446104,0.0502294,0.0735701
15443,0.482564,0.0446082,0.0502267,0.0735655
15444,0.482595,0.0446059,0.050224,0.0735609
15445,0.482626,0.0446037,0.0502213,0.0735563
15446,0.482657,0.0446015,0.0502186,0.0735517
15447,0.482689,0.0445993,0.0502159,0.0735471
15448,0.48272,0.044597,0.0502132,0.0735425
15449,0.482751,0.0445948,0.0502105,0.0735379
15450,0.482782,0.0445926,0.0502078,0.0735333
15451,0.482814,0.0445904,0.0502051,0.0735287
15452,0.482845,0.0445881,0.0502024,0.0735241
15453,0.482876,0.0445859,0.0501997,0.0735195
15454,0.482907,0.0445837,0.050197,0.0735149
15455,0.482939,0.0445815,0.0501943,0.0735103
15456,0.48297,0.0445792,0.0501916,0.0735057
15457,0.483001,0.044577,0.0501889,0.0735012
15458,0.483032,0.0445748,0.0501862,0.0734966
15459,0.483064,0.0445725,0.0501835,0.073492
15460,0.483095,0.0445703,0.0501808,0.0734874
15461,0.483126,0.0445681,0.0501782,0.0734828
15462,0.483157,0.0445659,0.0501755,0.0734782
15463,0.483189,0.0445636,0.0501728,0.0734736
15464,0.48322,0.0445614,0.0501701,0.073469
15465,0.483251,0.0445592,0.0501674,0.0734644
15466,0.483282,0.044557,0.0501647,0.0734598
15467,0.483314,0.0445547,0.050162,0.0734553
15468,0.483345,0.0445525,0.0501593,0.0734507
15469,0.483376,0.0445503,0.0501566,0.0734461
15470,0.483407,0.0445481,0.0501539,0.0734415
15471,0.483439,0.0445458,0.0501512,0.0734369
15472,0.48347,0.0445436,0.0501485,0.0734323
15473,0.483501,0.0445414,0.0501458,0.0734277
15474,0.483532,0.0445392,0.0501431,0.0734232
15475,0.483564,0.0445369,0.0501404,0.0734186
15476,0.483595,0.0445347,0.0501377,0.073414
15477,0.483626,0.0445325,0.050135,0.0734094
15478,0.483657,0.0445303,0.0501323,0.0734048
15479,0.483689,0.0445281,0.0501296,0.0734002
15480,0.48372,0.0445258,0.0501269,0.0733957
15481,0.483751,0.0445236,0.0501243,0.0733911
15482,0.483782,0.0445214,0.0501216,0.0733865
15483,0.483814,0.0445192,0.0501189,0.0733819
15484,0.483845,0.0445169,0.0501162,0.0733773
15485,0.483876,0.0445147,0.0501135,0.0733727
15486,0.483907,0.0445125,0.0501108,0.0733682
15487,0.483939,0.0445103,0.0501081,0.0733636
15488,0.48397,0.044508,0.0501054,0.073359
15489,0.484001,0.0445058,0.0501027,0.0733544
15490,0.484032,0.0445036,0.0501,0.0733499
15491,0.484063,0.0445014,0.0500973,0.0733453
15492,0.484095,0.0444992,0.0500946,0.0733407
15493,0.484126,0.0444969,0.050092,0.0733361
15494,0.484157,0.0444947,0.0500893,0.0733315
15495,0.484188,0.0444925,0.0500866,0.073327
15496,0.48422,0.0444903,0.0500839,0.0733224
15497,0.484251,0.044488,0.0500812,0.0733178
15498,0.484282,0.0444858,0.0500785,0.0733132
15499,0.484313,0.0444836,0.0500758,0.0733087
15500,0.484345,0.0444814,0.0500731,0.0733041
15501,0.484376,0.0444792,0.0500704,0.0732995
15502,0.484407,0.0444769,0.0500678,0.0732949
15503,0.484438,0.0444747,0.0500651,0.0732904
15504,0.48447,0.0444725,0.0500624,0.0732858
15505,0.484501,0.0444703,0.0500597,0.0732812
15506,0.484532,0.0444681,0.050057,0.0732766
15507,0.484563,0.0444658,0.0500543,0.0732721
15508,0.484595,0.0444636,0.0500516,0.0732675
15509,0.484626,0.0444614,0.0500489,0.0732629
15510,0.484657,0.0444592,0.0500463,0.0732584
15511,0.484688,0.044457,0.0500436,0.0732538
15512,0.48472,0.0444547,0.0500409,0.0732492
15513,0.484751,0.0444525,0.0500382,0.0732447
15514,0.484782,0.0444503,0.0500355,0.0732401
15515,0.484813,0.0444481,0.0500328,0.0732355
15516,0.484845,0.0444459,0.0500301,0.0732309
15517,0.484876,0.0444436,0.0500275,0.0732264
15518,0.484907,0.0444414,0.0500248,0.0732218
15519,0.484938,0.0444392,0.0500221,0.0732172
15520,0.48497,0.044437,0.0500194,0.0732127
15521,0.485001,0.0444348,0.0500167,0.0732081
15522,0.485032,0.0444326,0.050014,0.0732035
15523,0.485063,0.0444303,0.0500113,0.073199
15524,0.485095,0.0444281,0.0500087,0.0731944
15525,0.485126,0.0444259,0.050006,0.0731899
15526,0.485157,0.0444237,0.0500033,0.0731853
15527,0.485188,0.0444215,0.0500006,0.0731807
15528,0.48522,0.0444192,0.0499979,0.0731762
15529,0.485251,0.044417,0.0499952,0.0731716
15530,0.485282,0.0444148,0.0499926,0.073167
15531,0.485313,0.0444126,0.0499899,0.0731625
15532,0.485345,0.0444104,0.0499872,0.0731579
15533,0.485376,0.0444082,0.0499845,0.0731533
15534,0.485407,0.0444059,0.0499818,0.0731488
15535,0.485438,0.0444037,0.0499792,0.0731442
15536,0.48547,0.0444015,0.0499765,0.0731397
15537,0.485501,0.0443993,0.0499738,0.0731351
15538,0.485532,0.0443971,0.0499711,0.0731305
15539,0.485563,0.0443949,0.0499684,0.073126
15540,0.485595,0.0443926,0.0499658,0.0731214
15541,0.485626,0.0443904,0.0499631,0.0731169
15542,0.485657,0.0443882,0.0499604,0.0731123
15543,0.485688,0.044386,0.0499577,0.0731078
15544,0.48572,0.0443838,0.049955,0.0731032
15545,0.485751,0.0443816,0.0499524,0.0730986
15546,0.485782,0.0443794,0.0499497,0.0730941
15547,0.485813,0.0443771,0.049947,0.0730895
15548,0.485845,0.0443749,0.0499443,0.073085
15549,0.485876,0.0443727,0.0499416,0.0730804
15550,0.485907,0.0443705,0.049939,0.0730759
15551,0.485938,0.0443683,0.0499363,0.0730713
15552,0.48597,0.0443661,0.0499336,0.0730668
15553,0.486001,0.0443638,0.0499309,0.0730622
15554,0.486032,0.0443616,0.0499282,0.0730576
15555,0.486063,0.0443594,0.0499256,0.0730531
15556,0.486095,0.0443572,0.0499229,0.0730485
15557,0.486126,0.044355,0.0499202,0.073044
15558,0.486157,0.0443528,0.0499175,0.0730394
15559,0.486188,0.0443506,0.0499149,0.0730349
15560,0.48622,0.0443483,0.0499122,0.0730303
15561,0.486251,0.0443461,0.0499095,0.0730258
15562,0.486282,0.0443439,0.0499068,0.0730212
15563,0.486313,0.0443417,0.0499042,0.0730167
15564,0.486345,0.0443395,0.0499015,0.0730121
15565,0.486376,0.0443373,0.0498988,0.0730076
15566,0.486407,0.0443351,0.0498961,0.073003
15567,0.486438,0.0443329,0.0498935,0.0729985
15568,0.48647,0.0443306,0.0498908,0.0729939
15569,0.486501,0.0443284,0.0498881,0.0729894
15570,0.486532,0.0443262,0.0498854,0.0729849
15571,0.486563,0.044324,0.0498828,0.0729803
15572,0.486595,0.0443218,0.0498801,0.0729758
15573,0.486626,0.0443196,0.0498774,0.0729712
15574,0.486657,0.0443174,0.0498747,0.0729667
15575,0.486688,0.0443152,0.0498721,0.0729621
15576,0.48672,0.0443129,0.0498694,0.0729576
15577,0.486751,0.0443107,0.0498667,0.072953
15578,0.486782,0.0443085,0.049864,0.0729485
15579,0.486813,0.0443063,0.0498614,0.0729439
15580,0.486845,0.0443041,0.0498587,0.0729394
15581,0.486876,0.0443019,0.049856,0.0729349
15582,0.486907,0.0442997,0.0498534,0.0729303
15583,0.486938,0.0442975,0.0498507,0.0729258
15584,0.48697,0.0442953,0.049848,0.0729212
15585,0.487001,0.044293,0.0498453,0.0729167
15586,0.487032,0.0442908,0.0498427,0.0729122
15587,0.487063,0.0442886,0.04984,0.0729078
15588,0.487095,0.0442864,0.0498373,0.0729033
15589,0.487126,0.0442842,0.0498347,0.0728988
15590,0.487157,0.044282,0.049832,0.0728943
15591,0.487188,0.0442798,0.0498293,0.0728898
15592,0.48722,0.0442776,0.0498266,0.0728853
15593,0.487251,0.0442754,0.049824,0.0728808
15594,0.487282,0.0442732,0.0498213,0.0728763
15595,0.487313,0.0442709,0.0498186,0.0728719
15596,0.487345,0.0442687,0.049816,0.0728674
15597,0.487376,0.0442665,0.0498133,0.0728629
15598,0.487407,0.0442643,0.0498106,0.0728584
15599,0.487438,0.0442621,0.049808,0.0728539
15600,0.48747,0.0442599,0.0498053,0.0728494
15601,0.487501,0.0442577,0.0498026,0.0728449
15602,0.487532,0.0442555,0.0498,0.0728405
15603,0.487563,0.0442533,0.0497973,0.072836
15604,0.487595,0.0442511,0.0497946,0.0728315
15605,0.487626,0.0442489,0.049792,0.072827
15606,0.487657,0.0442466,0.0497893,0.0728225
15607,0.487688,0.0442444,0.0497866,0.072818
15608,0.48772,0.0442422,0.049784,0.0728136
15609,0.487751,0.04424,0.0497813,0.0728091
15610,0.487782,0.0442378,0.0497786,0.0728046
15611,0.487813,0.0442356,0.049776,0.0728001
15612,0.487845,0.0442334,0.0497733,0.0727956
15613,0.487876,0.0442312,0.0497706,0.0727911
15614,0.487907,0.044229,0.049768,0.0727867
15615,0.487938,0.0442268,0.0497653,0.0727822
15616,0.48797,0.0442246,0.0497626,0.0727777
15617,0.488001,0.0442224,0.04976,0.0727732
15618,0.488032,0.0442202,0.0497573,0.0727688
15619,0.488063,0.0442179,0.0497546,0.0727643
15620,0.488094,0.0442157,0.049752,0.0727598
15621,0.488126,0.0442135,0.0497493,0.0727553
15622,0.488157,0.0442113,0.0497466,0.0727508
15623,0.488188,0.0442091,0.049744,0.0727464
15624,0.488219,0.0442069,0.0497413,0.0727419
15625,0.488251,0.0442047,0.0497387,0.0727374
15626,0.488282,0.0442025,0.049736,0.0727329
15627,0.488313,0.0442003,0.0497333,0.0727285
15628,0.488344,0.0441981,0.0497307,0.072724
15629,0.488376,0.0441959,0.049728,0.0727195
15630,0.488407,0.0441937,0.0497253,0.072715
15631,0.488438,0.0441915,0.0497227,0.0727106
15632,0.488469,0.0441893,0.04972,0.0727061
15633,0.488501,0.0441871,0.0497174,0.0727016
15634,0.488532,0.0441849,0.0497147,0.0726972
15635,0.488563,0.0441827,0.049712,0.0726927
15636,0.488594,0.0441805,0.0497094,0.0726882
15637,0.488626,0.0441782,0.0497067,0.0726837
15638,0.488657,0.044176,0.0497041,0.0726793
15639,0.488688,0.0441738,0.0497014,0.0726748
15640,0.488719,0.0441716,0.0496987,0.0726703
15641,0.488751,0.0441694,0.0496961,0.0726659
15642,0.488782,0.0441672,0.0496934,0.0726614
15643,0.488813,0.044165,0.0496908,0.0726569
15644,0.488844,0.0441628,0.0496881,0.0726524
15645,0.488876,0.0441606,0.0496854,0.072648
15646,0.488907,0.0441584,0.0496828,0.0726435
15647,0.488938,0.0441562,0.0496801,0.072639
15648,0.488969,0.044154,0.0496775,0.0726346
15649,0.489001,0.0441518,0.0496748,0.0726301
15650,0.489032,0.0441496,0.0496721,0.0726256
15651,0.489063,0.0441474,0.0496695,0.0726212
15652,0.489094,0.0441452,0.0496668,0.0726167
15653,0.489126,0.044143,0.0496642,0.0726122
15654,0.489157,0.0441408,0.0496615,0.0726078
15655,0.489188,0.0441386,0.0496589,0.0726033
15656,0.489219,0.0441364,0.0496562,0.0725989
15657,0.489251,0.0441342,0.0496535,0.0725944
15658,0.489282,0.044132,0.0496509,0.0725899
15659,0.489313,0.0441298,0.0496482,0.0725855
15660,0.489344,0.0441276,0.0496456,0.072581
15661,0.489376,0.0441254,0.0496429,0.0725765
15662,0.489407,0.0441232,0.0496403,0.0725721
15663,0.489438,0.044121,0.0496376,0.0725676
15664,0.489469,0.0441188,0.0496349,0.0725632
15665,0.489501,0.0441166,0.0496323,0.0725587
15666,0.489532,0.0441144,0.0496296,0.0725542
15667,0.489563,0.0441122,0.049627,0.0725498
15668,0.489594,0.04411,0.0496243,0.0725453
15669,0.489626,0.0441078,0.0496217,0.0725409
15670,0.489657,0.0441056,0.049619,0.0725364
15671,0.489688,0.0441034,0.0496164,0.0725319
15672,0.489719,0.0441012,0.0496137,0.0725275
15673,0.489751,0.044099,0.0496111,0.072523
15674,0.489782,0.0440968,0.0496084,0.0725186
15675,0.489813,0.0440946,0.0496058,0.0725141
15676,0.489844,0.0440924,0.0496031,0.0725097
15677,0.489876,0.0440902,0.0496004,0.0725052
15678,0.489907,0.044088,0.0495978,0.0725007
15679,0.489938,0.0440858,0.0495951,0.0724963
15680,0.489969,0.0440836,0.0495925,0.0724918
15681,0.490001,0.0440814,0.0495898,0.0724874
15682,0.490032,0.0440792,0.0495872,0.0724829
15683,0.490063,0.044077,0.0495845,0.0724785
15684,0.490094,0.0440748,0.0495819,0.072474
15685,0.490126,0.0440726,0.0495792,0.0724696
15686,0.490157,0.0440704,0.0495766,0.0724651
15687,0.490188,0.0440682,0.0495739,0.0724607
15688,0.490219,0.044066,0.0495713,0.0724562
15689,0.490251,0.0440638,0.0495686,0.0724517
15690,0.490282,0.0440616,0.049566,0.0724473
15691,0.490313,0.0440594,0.0495633,0.0724428
15692,0.490344,0.0440572,0.0495607,0.0724384
15693,0.490376,0.044055,0.049558,0.0724339
15694,0.490407,0.0440528,0.0495554,0.0724295
15695,0.490438,0.0440506,0.0495527,0.072425
15696,0.490469,0.0440484,0.0495501,0.0724206
15697,0.490501,0.0440462,0.0495474,0.0724161
15698,0.490532,0.044044,0.0495448,0.0724117
15699,0.490563,0.0440418,0.0495421,0.0724073
15700,0.490594,0.0440396,0.0495395,0.0724028
15701,0.490626,0.0440374,0.0495368,0.0723984
15702,0.490657,0.0440352,0.0495342,0.0723939
15703,0.490688,0.044033,0.0495315,0.0723895
15704,0.490719,0.0440308,0.0495289,0.072385
15705,0.490751,0.0440286,0.0495263,0.0723806
15706,0.490782,0.0440264,0.0495236,0.0723761
15707,0.490813,0.0440242,0.049521,0.0723717
15708,0.490844,0.044022,0.0495183,0.0723672
15709,0.490876,0.0440198,0.0495157,0.0723628
15710,0.490907,0.0440176,0.049513,0.0723584
15711,0.490938,0.0440154,0.0495104,0.0723539
15712,0.490969,0.0440133,0.0495077,0.0723495
15713,0.491001,0.0440111,0.0495051,0.072345
15714,0.491032,0.0440089,0.0495024,0.0723406
15715,0.491063,0.0440067,0.0494998,0.0723361
15716,0.491094,0.0440045,0.0494972,0.0723317
15717,0.491126,0.0440023,0.0494945,0.0723273
15718,0.491157,0.0440001,0.0494919,0.0723228
15719,0.491188,0.0439979,0.0494892,0.0723184
15720,0.491219,0.0439957,0.0494866,0.0723139
15721,0.491251,0.0439935,0.0494839,0.0723095
15722,0.491282,0.0439913,0.0494813,0.0723051
15723,0.491313,0.0439891,0.0494786,0.0723006
15724,0.491344,0.0439869,0.049476,0.0722962
15725,0.491376,0.0439847,0.0494734,0.0722917
15726,0.491407,0.0439825,0.0494707,0.0722873
15727,0.491438,0.0439803,0.0494681,0.0722829
15728,0.491469,0.0439781,0.0494654,0.0722784
15729,0.491501,0.0439759,0.0494628,0.072274
15730,0.491532,0.0439738,0.0494601,0.0722696
15731,0.491563,0.0439716,0.0494575,0.0722651
15732,0.491594,0.0439694,0.0494549,0.0722607
15733,0.491626,0.0439672,0.0494522,0.0722562
15734,0.491657,0.043965,0.0494496,0.0722518
15735,0.491688,0.0439628,0.0494469,0.0722474
15736,0.491719,0.0439606,0.0494443,0.0722429
15737,0.491751,0.0439584,0.0494417,0.0722385
15738,0.491782,0.0439562,0.049439,0.0722341
15739,0.491813,0.043954,0.0494364,0.0722296
15740,0.491844,0.0439518,0.0494337,0.0722252
15741,0.491876,0.0439496,0.0494311,0.0722208
15742,0.491907,0.0439474,0.0494285,0.0722163
15743,0.491938,0.0439452,0.0494258,0.0722119
15744,0.491969,0.0439431,0.0494232,0.0722075
15745,0.492,0.0439409,0.0494205,0.0722031
15746,0.492032,0.0439387,0.0494179,0.0721986
15747,0.492063,0.0439365,0.0494153,0.0721942
15748,0.492094,0.0439343,0.0494126,0.0721898
15749,0.492125,0.0439321,0.04941,0.0721853
15750,0.492157,0.0439299,0.0494073,0.0721809
15751,0.492188,0.0439277,0.0494047,0.0721765
15752,0.492219,0.0439255,0.0494021,0.072172
15753,0.49225,0.0439233,0.0493994,0.0721676
15754,0.492282,0.0439211,0.0493968,0.0721632
15755,0.492313,0.043919,0.0493942,0.0721588
15756,0.492344,0.0439168,0.0493915,0.0721543
15757,0.492375,0.0439146,0.0493889,0.0721499
15758,0.492407,0.0439124,0.0493862,0.0721455
15759,0.492438,0.0439102,0.0493836,0.0721411
15760,0.492469,0.043908,0.049381,0.0721366
15761,0.4925,0.0439058,0.0493783,0.0721322
15762,0.492532,0.0439036,0.0493757,0.0721278
15763,0.492563,0.0439014,0.0493731,0.0721234
15764,0.492594,0.0438992,0.0493704,0.0721189
15765,0.492625,0.0438971,0.0493678,0.0721145
15766,0.492657,0.0438949,0.0493652,0.0721101
15767,0.492688,0.0438927,0.0493625,0.0721057
15768,0.492719,0.0438905,0.0493599,0.0721012
15769,0.49275,0.0438883,0.0493573,0.0720968
15770,0.492782,0.0438861,0.0493546,0.0720924
15771,0.492813,0.0438839,0.049352,0.072088
15772,0.492844,0.0438817,0.0493494,0.0720836
15773,0.492875,0.0438795,0.0493467,0.0720791
15774,0.492907,0.0438774,0.0493441,0.0720747
15775,0.492938,0.0438752,0.0493415,0.0720703
15776,0.492969,0.043873,0.0493388,0.0720659
15777,0.493,0.0438708,0.0493362,0.0720615
15778,0.493032,0.0438686,0.0493336,0.072057
15779,0.493063,0.0438664,0.0493309,0.0720526
15780,0.493094,0.0438642,0.0493283,0.0720482
15781,0.493125,0.043862,0.0493257,0.0720438
15782,0.493157,0.0438599,0.049323,0.0720394
15783,0.493188,0.0438577,0.0493204,0.072035
15784,0.493219,0.0438555,0.0493178,0.0720305
15785,0.49325,0.0438533,0.0493151,0.0720261
15786,0.493282,0.0438511,0.0493125,0.0720217
15787,0.493313,0.0438489,0.0493099,0.0720173
15788,0.493344,0.0438467,0.0493072,0.0720129
15789,0.493375,0.0438446,0.0493046,0.0720085
15790,0.493407,0.0438424,0.049302,0.072004
15791,0.493438,0.0438402,0.0492994,0.0719996
15792,0.493469,0.043838,0.0492967,0.0719952
15793,0.4935,0.0438358,0.0492941,0.0719908
15794,0.493532,0.0438336,0.0492915,0.0719864
15795,0.493563,0.0438314,0.0492888,0.071982
15796,0.493594,0.0438292,0.0492862,0.0719776
15797,0.493625,0.0438271,0.0492836,0.0719732
15798,0.493657,0.0438249,0.0492809,0.0719687
15799,0.493688,0.0438227,0.0492783,0.0719643
15800,0.493719,0.0438205,0.0492757,0.0719599
15801,0.49375,0.0438183,0.0492731,0.0719555
15802,0.493782,0.0438161,0.0492704,0.0719511
15803,0.493813,0.043814,0.0492678,0.0719467
15804,0.493844,0.0438118,0.0492652,0.0719423
15805,0.493875,0.0438096,0.0492626,0.0719379
15806,0.493907,0.0438074,0.0492599,0.0719335
15807,0.493938,0.0438052,0.0492573,0.0719291
15808,0.493969,0.043803,0.0492547,0.0719247
15809,0.494,0.0438008,0.049252,0.0719202
15810,0.494032,0.0437987,0.0492494,0.0719158
15811,0.494063,0.0437965,0.0492468,0.0719114
15812,0.494094,0.0437943,0.0492442,0.071907
15813,0.494125,0.0437921,0.0492415,0.0719026
15814,0.494157,0.0437899,0.0492389,0.0718982
15815,0.494188,0.0437877,0.0492363,0.0718938
15816,0.494219,0.0437856,0.0492337,0.0718894
15817,0.49425,0.0437834,0.049231,0.071885
15818,0.494282,0.0437812,0.0492284,0.0718806
15819,0.494313,0.043779,0.0492258,0.0718762
15820,0.494344,0.0437768,0.0492232,0.0718718
15821,0.494375,0.0437746,0.0492205,0.0718674
15822,0.494407,0.0437725,0.0492179,0.071863
15823,0.494438,0.0437703,0.0492153,0.0718586
15824,0.494469,0.0437681,0.0492127,0.0718542
15825,0.4945,0.0437659,0.0492101,0.0718498
15826,0.494532,0.0437637,0.0492074,0.0718454
15827,0.494563,0.0437616,0.0492048,0.071841
15828,0.494594,0.0437594,0.0492022,0.0718366
15829,0.494625,0.0437572,0.0491996,0.0718322
15830,0.494657,0.043755,0.0491969,0.0718278
15831,0.494688,0.0437528,0.0491943,0.0718234
15832,0.494719,0.0437506,0.0491917,0.071819
15833,0.49475,0.0437485,0.0491891,0.0718146
15834,0.494782,0.0437463,0.0491865,0.0718102
15835,0.494813,0.0437441,0.0491838,0.0718058
15836,0.494844,0.0437419,0.0491812,0.0718014
15837,0.494875,0.0437397,0.0491786,0.071797
15838,0.494907,0.0437376,0.049176,0.0717926
15839,0.494938,0.0437354,0.0491733,0.0717882
15840,0.494969,0.0437332,0.0491707,0.0717838
15841,0.495,0.043731,0.0491681,0.0717794
15842,0.495032,0.0437288,0.0491655,0.071775
15843,0.495063,0.0437267,0.0491629,0.0717706
15844,0.495094,0.0437245,0.0491602,0.0717662
15845,0.495125,0.0437223,0.0491576,0.0717618
15846,0.495157,0.0437201,0.049155,0.0717574
15847,0.495188,0.0437179,0.0491524,0.0717531
15848,0.495219,0.0437158,0.0491498,0.0717487
15849,0.49525,0.0437136,0.0491472,0.0717443
15850,0.495282,0.0437114,0.0491445,0.0717399
15851,0.495313,0.0437092,0.0491419,0.0717355
15852,0.495344,0.043707,0.0491393,0.0717311
15853,0.495375,0.0437049,0.0491367,0.0717267
15854,0.495407,0.0437027,0.0491341,0.0717223
15855,0.495438,0.0437005,0.0491314,0.0717179
15856,0.495469,0.0436983,0.0491288,0.0717135
15857,0.4955,0.0436961,0.0491262,0.0717091
15858,0.495532,0.043694,0.0491236,0.0717048
15859,0.495563,0.0436918,0.049121,0.0717004
15860,0.495594,0.0436896,0.0491184,0.071696
15861,0.495625,0.0436874,0.0491157,0.0716916
15862,0.495657,0.0436853,0.0491131,0.0716872
15863,0.495688,0.0436831,0.0491105,0.0716828
15864,0.495719,0.0436809,0.0491079,0.0716784
15865,0.49575,0.0436787,0.0491053,0.071674
15866,0.495782,0.0436765,0.0491027,0.0716697
15867,0.495813,0.0436744,0.0491,0.0716653
15868,0.495844,0.0436722,0.0490974,0.0716609
15869,0.495875,0.04367,0.0490948,0.0716565
15870,0.495907,0.0436678,0.0490922,0.0716521
15871,0.495938,0.0436657,0.0490896,0.0716477
15872,0.495969,0.0436635,0.049087,0.0716433
15873,0.496,0.0436613,0.0490844,0.071639
15874,0.496031,0.0436591,0.0490817,0.0716346
15875,0.496063,0.043657,0.0490791,0.0716302
15876,0.496094,0.0436548,0.0490765,0.0716258
15877,0.496125,0.0436526,0.0490739,0.0716214
15878,0.496156,0.0436504,0.0490713,0.0716171
15879,0.496188,0.0436483,0.0490687,0.0716127
15880,0.496219,0.0436461,0.0490661,0.0716083
15881,0.49625,0.0436439,0.0490635,0.0716039
15882,0.496281,0.0436417,0.0490608,0.0715995
15883,0.496313,0.0436396,0.0490582,0.0715951
15884,0.496344,0.0436374,0.0490556,0.0715908
15885,0.496375,0.0436352,0.049053,0.0715864
15886,0.496406,0.043633,0.0490504,0.071582
15887,0.496438,0.0436309,0.0490478,0.0715776
15888,0.496469,0.0436287,0.0490452,0.0715733
15889,0.4965,0.0436265,0.0490426,0.0715689
15890,0.496531,0.0436243,0.04904,0.0715645
15891,0.496563,0.0436222,0.0490373,0.0715601
15892,0.496594,0.04362,0.0490347,0.0715557
15893,0.496625,0.0436178,0.0490321,0.0715514
15894,0.496656,0.0436156,0.0490295,0.071547
15895,0.496688,0.0436135,0.0490269,0.0715426
15896,0.496719,0.0436113,0.0490243,0.0715382
15897,0.49675,0.0436091,0.0490217,0.0715339
15898,0.496781,0.0436069,0.0490191,0.0715295
15899,0.496813,0.0436048,0.0490165,0.0715251
15900,0.496844,0.0436026,0.0490139,0.0715207
15901,0.496875,0.0436004,0.0490113,0.0715164
15902,0.496906,0.0435982,0.0490086,0.071512
15903,0.496938,0.0435961,0.049006,0.0715076
15904,0.496969,0.0435939,0.0490034,0.0715033
15905,0.497,0.0435917,0.0490008,0.0714989
15906,0.497031,0.0435895,0.0489982,0.0714945
15907,0.497063,0.0435874,0.0489956,0.0714901
15908,0.497094,0.0435852,0.048993,0.0714858
15909,0.497125,0.043583,0.0489904,0.0714814
15910,0.497156,0.0435809,0.0489878,0.071477
15911,0.497188,0.0435787,0.0489852,0.0714727
15912,0.497219,0.0435765,0.0489826,0.0714683
15913,0.49725,0.0435743,0.04898,0.0714639
15914,0.497281,0.0435722,0.0489774,0.0714596
15915,0.497313,0.04357,0.0489748,0.0714552
15916,0.497344,0.0435678,0.0489721,0.0714508
15917,0.497375,0.0435657,0.0489695,0.0714465
15918,0.497406,0.0435635,0.0489669,0.0714421
15919,0.497438,0.0435613,0.0489643,0.0714377
15920,0.497469,0.0435591,0.0489617,0.0714334
15921,0.4975,0.043557,0.0489591,0.071429
15922,0.497531,0.0435548,0.0489565,0.0714246
15923,0.497563,0.0435526,0.0489539,0.0714203
15924,0.497594,0.0435505,0.0489513,0.0714159
15925,0.497625,0.0435483,0.0489487,0.0714115
15926,0.497656,0.0435461,0.0489461,0.0714072
15927,0.497688,0.0435439,0.0489435,0.0714028
15928,0.497719,0.0435418,0.0489409,0.0713984
15929,0.49775,0.0435396,0.0489383,0.0713941
15930,0.497781,0.0435374,0.0489357,0.0713897
15931,0.497813,0.0435353,0.0489331,0.0713853
15932,0.497844,0.0435331,0.0489305,0.071381
15933,0.497875,0.0435309,0.0489279,0.0713766
15934,0.497906,0.0435288,0.0489253,0.0713723
15935,0.497938,0.0435266,0.0489227,0.0713679
15936,0.497969,0.0435244,0.0489201,0.0713635
15937,0.498,0.0435223,0.0489175,0.0713592
15938,0.498031,0.0435201,0.0489149,0.0713548
15939,0.498063,0.0435179,0.0489123,0.0713505
15940,0.498094,0.0435157,0.0489097,0.0713461
15941,0.498125,0.0435136,0.0489071,0.0713417
15942,0.498156,0.0435114,0.0489045,0.0713374
15943,0.498188,0.0435092,0.0489019,0.071333
15944,0.498219,0.0435071,0.0488993,0.0713287
15945,0.49825,0.0435049,0.0488967,0.0713243
15946,0.498281,0.0435027,0.0488941,0.07132
15947,0.498313,0.0435006,0.0488915,0.0713156
15948,0.498344,0.0434984,0.0488889,0.0713112
15949,0.498375,0.0434962,0.0488863,0.0713069
15950,0.498406,0.0434941,0.0488837,0.0713025
15951,0.498438,0.0434919,0.0488811,0.0712982
15952,0.498469,0.0434897,0.0488785,0.0712938
15953,0.4985,0.0434876,0.0488759,0.0712895
15954,0.498531,0.0434854,0.0488733,0.0712851
15955,0.498563,0.0434832,0.0488707,0.0712808
15956,0.498594,0.0434811,0.0488681,0.0712764
15957,0.498625,0.0434789,0.0488655,0.0712721
15958,0.498656,0.0434767,0.0488629,0.0712677
15959,0.498688,0.0434746,0.0488603,0.0712633
15960,0.498719,0.0434724,0.0488577,0.071259
15961,0.49875,0.0434702,0.0488551,0.0712546
15962,0.498781,0.0434681,0.0488525,0.0712503
15963,0.498813,0.0434659,0.0488499,0.0712459
15964,0.498844,0.0434637,0.0488473,0.0712416
15965,0.498875,0.0434616,0.0488447,0.0712372
15966,0.498906,0.0434594,0.0488421,0.0712329
15967,0.498938,0.0434572,0.0488395,0.0712285
15968,0.498969,0.0434551,0.0488369,0.0712242
15969,0.499,0.0434529,0.0488343,0.0712198
15970,0.499031,0.0434507,0.0488317,0.0712155
15971,0.499063,0.0434486,0.0488291,0.0712112
15972,0.499094,0.0434464,0.0488265,0.0712068
15973,0.499125,0.0434442,0.048824,0.0712025
15974,0.499156,0.0434421,0.0488214,0.0711981
15975,0.499188,0.0434399,0.0488188,0.0711938
15976,0.499219,0.0434378,0.0488162,0.0711894
15977,0.49925,0.0434356,0.0488136,0.0711851
15978,0.499281,0.0434334,0.048811,0.0711807
15979,0.499313,0.0434313,0.0488084,0.0711764
15980,0.499344,0.0434291,0.0488058,0.071172
15981,0.499375,0.0434269,0.0488032,0.0711677
15982,0.499406,0.0434248,0.0488006,0.0711633
15983,0.499438,0.0434226,0.048798,0.071159
15984,0.499469,0.0434204,0.0487954,0.0711547
15985,0.4995,0.0434183,0.0487928,0.0711503
15986,0.499531,0.0434161,0.0487902,0.071146
15987,0.499563,0.0434139,0.0487876,0.0711416
15988,0.499594,0.0434118,0.0487851,0.0711373
15989,0.499625,0.0434096,0.0487825,0.071133
15990,0.499656,0.0434075,0.0487799,0.0711286
15991,0.499688,0.0434053,0.0487773,0.0711243
15992,0.499719,0.0434031,0.0487747,0.0711199
15993,0.49975,0.043401,0.0487721,0.0711156
15994,0.499781,0.0433988,0.0487695,0.0711113
15995,0.499813,0.0433966,0.0487669,0.0711069
15996,0.499844,0.0433945,0.0487643,0.0711026
15997,0.499875,0.0433923,0.0487617,0.0710982
15998,0.499906,0.0433902,0.0487591,0.0710939
15999,0.499938,0.043388,0.0487566,0.0710896
16000,0.499969,0.0433858,0.048754,0.0710852
16001,0.5,0.0433837,0.0487514,0.0710809
