step,time,dt,L1,L2,Linf,L1_norm,L2_norm,Linf_norm
0,0,0.000305064,0.0395825,0.139698,0.951866,0.000298826,0.00104551,0.00702527
1,0.000305064,0.000305064,0.039487,0.139025,0.945073,0.000298141,0.00104062,0.00697668
2,0.000610128,0.000305064,0.0393921,0.138359,0.93835,0.00029746,0.00103577,0.00692857
3,0.000915192,0.000305064,0.0392979,0.137699,0.931696,0.000296784,0.00103096,0.00688093
4,0.00122026,0.000305064,0.0392044,0.137045,0.925109,0.000296113,0.0010262,0.00683376
5,0.00152532,0.000305064,0.0391115,0.136397,0.918588,0.000295446,0.00102149,0.00678705
6,0.00183038,0.000305064,0.0390193,0.135756,0.912281,0.000294784,0.00101681,0.00674081
7,0.00213545,0.000305064,0.0389277,0.13512,0.906092,0.000294127,0.00101218,0.00669501
8,0.00244051,0.000305064,0.0388368,0.13449,0.899963,0.000293473,0.00100759,0.00664966
9,0.00274558,0.000305064,0.0387465,0.133866,0.893892,0.000292825,0.00100305,0.00660475
10,0.00305064,0.000305064,0.0386568,0.133248,0.88788,0.00029218,0.000998541,0.00656027
11,0.0033557,0.000305064,0.0385677,0.132636,0.881925,0.00029154,0.000994076,0.00651622
12,0.00366077,0.000305064,0.0384793,0.132029,0.876027,0.000290904,0.00098965,0.0064726
13,0.00396583,0.000305064,0.0383914,0.131427,0.870185,0.000290272,0.000985263,0.0064294
14,0.0042709,0.000305064,0.0383042,0.130831,0.864398,0.000289644,0.000980916,0.00638661
15,0.00457596,0.000305064,0.0382175,0.13024,0.858667,0.000289021,0.000976606,0.00634424
16,0.00488103,0.000305064,0.0381314,0.129655,0.852989,0.000288401,0.000972335,0.00630226
17,0.00518609,0.000305064,0.0380459,0.129075,0.847366,0.000287785,0.000968101,0.00626069
18,0.00549115,0.000305064,0.037961,0.1285,0.841795,0.000287174,0.000963903,0.00621951
19,0.00579622,0.000305064,0.0378766,0.12793,0.836276,0.000286566,0.000959742,0.00617872
20,0.00610128,0.000305064,0.0377928,0.127365,0.83081,0.000285962,0.000955617,0.00613832
21,0.00640635,0.000305064,0.0377095,0.126805,0.825394,0.000285362,0.000951527,0.0060983
22,0.00671141,0.000305064,0.0376268,0.12625,0.820029,0.000284766,0.000947472,0.00605865
23,0.00701647,0.000305064,0.0375446,0.125699,0.814714,0.000284174,0.000943452,0.00601938
24,0.00732154,0.000305064,0.0374629,0.125154,0.809448,0.000283585,0.000939465,0.00598047
25,0.0076266,0.000305064,0.0373818,0.124613,0.80423,0.000283,0.000935513,0.00594193
26,0.00793167,0.000305064,0.0373012,0.124077,0.799062,0.000282418,0.000931593,0.00590375
27,0.00823673,0.000305064,0.0372211,0.123545,0.79394,0.00028184,0.000927707,0.00586592
28,0.00854179,0.000305064,0.0371416,0.123018,0.788866,0.000281266,0.000923853,0.00582844
29,0.00884686,0.000305064,0.0370625,0.122495,0.783839,0.000280695,0.00092003,0.00579131
30,0.00915192,0.000305064,0.0369839,0.121977,0.778857,0.000280128,0.00091624,0.00575452
31,0.00945699,0.000305064,0.0369059,0.121463,0.773921,0.000279564,0.00091248,0.00571807
32,0.00976205,0.000305064,0.0368283,0.120953,0.76903,0.000279004,0.000908752,0.00568195
33,0.0100671,0.000305064,0.0367512,0.120448,0.764183,0.000278447,0.000905053,0.00564616
34,0.0103722,0.000305064,0.0366746,0.119947,0.75938,0.000277893,0.000901385,0.0056107
35,0.0106772,0.000305064,0.0365984,0.11945,0.754621,0.000277343,0.000897747,0.00557564
36,0.0109823,0.000305064,0.0365228,0.118957,0.749904,0.000276796,0.000894138,0.00554283
37,0.0112874,0.000305064,0.0364475,0.118468,0.745231,0.000276252,0.000890558,0.0055103
38,0.0115924,0.000305064,0.0363728,0.117983,0.740599,0.000275712,0.000887006,0.00547804
39,0.0118975,0.000305064,0.0362985,0.117502,0.736008,0.000275174,0.000883483,0.00544605
40,0.0122026,0.000305064,0.0362247,0.117025,0.731459,0.00027464,0.000879988,0.00541432
41,0.0125076,0.000305064,0.0361513,0.116551,0.72695,0.000274109,0.00087652,0.00538286
42,0.0128127,0.000305064,0.0360783,0.116082,0.722481,0.000273581,0.00087308,0.00535166
43,0.0131178,0.000305064,0.0360058,0.115616,0.718052,0.000273056,0.000869667,0.00532072
44,0.0134228,0.000305064,0.0359338,0.115154,0.713662,0.000272534,0.00086628,0.00529004
45,0.0137279,0.000305064,0.0358621,0.114696,0.709311,0.000272015,0.00086292,0.0052596
46,0.0140329,0.000305064,0.0357909,0.114241,0.704998,0.000271499,0.000859586,0.00522942
47,0.014338,0.000305064,0.0357201,0.11379,0.700723,0.000270986,0.000856277,0.00519949
48,0.0146431,0.000305064,0.0356497,0.113342,0.696486,0.000270476,0.000852994,0.0051698
49,0.0149481,0.000305064,0.0355797,0.112898,0.69247,0.000269969,0.000849737,0.00514035
50,0.0152532,0.000305064,0.0355102,0.112457,0.688541,0.000269465,0.000846504,0.00511115
51,0.0155583,0.000305064,0.035441,0.11202,0.684645,0.000268963,0.000843295,0.00508218
52,0.0158633,0.000305064,0.0353722,0.111586,0.680779,0.000268464,0.000840111,0.00505345
53,0.0161684,0.000305064,0.0353039,0.111156,0.676945,0.000267969,0.000836951,0.00502495
54,0.0164735,0.000305064,0.0352359,0.110728,0.673142,0.000267475,0.000833815,0.00499668
55,0.0167785,0.000305064,0.0351683,0.110304,0.669369,0.000266985,0.000830702,0.00496865
56,0.0170836,0.000305064,0.0351011,0.109884,0.665626,0.000266497,0.000827613,0.00494083
57,0.0173887,0.000305064,0.0350343,0.109466,0.661913,0.000266012,0.000824546,0.00491324
58,0.0176937,0.000305064,0.0349679,0.109052,0.658229,0.00026553,0.000821502,0.00488588
59,0.0179988,0.000305064,0.0349019,0.10864,0.654575,0.00026505,0.000818481,0.00485873
60,0.0183038,0.000305064,0.0348362,0.108232,0.65095,0.000264573,0.000815482,0.0048318
61,0.0186089,0.000305064,0.0347709,0.107827,0.647354,0.000264099,0.000812505,0.00480508
62,0.018914,0.000305064,0.0347059,0.107425,0.643786,0.000263627,0.000809549,0.00477858
63,0.019219,0.000305064,0.0346413,0.107026,0.640246,0.000263158,0.000806615,0.00475229
64,0.0195241,0.000305064,0.0345771,0.106629,0.636734,0.000262691,0.000803703,0.0047262
65,0.0198292,0.000305064,0.0345132,0.106236,0.633249,0.000262226,0.000800811,0.00470033
66,0.0201342,0.000305064,0.0344497,0.105846,0.629792,0.000261764,0.00079794,0.00467465
67,0.0204393,0.000305064,0.0343865,0.105458,0.626362,0.000261305,0.00079509,0.00464918
68,0.0207444,0.000305064,0.0343237,0.105073,0.622959,0.000260848,0.00079226,0.00462391
69,0.0210494,0.000305064,0.0342612,0.104691,0.619582,0.000260393,0.00078945,0.00459884
70,0.0213545,0.000305064,0.034199,0.104312,0.616232,0.000259941,0.00078666,0.00457397
71,0.0216595,0.000305064,0.0341372,0.103936,0.612907,0.000259491,0.00078389,0.00454929
72,0.0219646,0.000305064,0.0340757,0.103562,0.609608,0.000259044,0.000781139,0.0045248
73,0.0222697,0.000305064,0.0340146,0.103191,0.606335,0.000258599,0.000778408,0.0045005
74,0.0225747,0.000305064,0.0339537,0.102822,0.603087,0.000258156,0.000775696,0.00447639
75,0.0228798,0.000305064,0.0338932,0.102456,0.599864,0.000257715,0.000773003,0.00445247
76,0.0231849,0.000305064,0.0338331,0.102093,0.596666,0.000257277,0.000770328,0.00442873
77,0.0234899,0.000305064,0.0337732,0.101732,0.593492,0.000256841,0.000767672,0.00440518
78,0.023795,0.000305064,0.0337136,0.101374,0.590343,0.000256407,0.000765034,0.00438181
79,0.0241001,0.000305064,0.0336544,0.101018,0.587218,0.000255975,0.000762415,0.00435916
80,0.0244051,0.000305064,0.0335955,0.100665,0.584116,0.000255546,0.000759813,0.00433679
81,0.0247102,0.000305064,0.0335369,0.100314,0.581039,0.000255118,0.000757229,0.0043146
82,0.0250153,0.000305064,0.0334786,0.099966,0.577984,0.000254693,0.000754663,0.00429256
83,0.0253203,0.000305064,0.0334205,0.0996201,0.574953,0.00025427,0.000752114,0.00427069
84,0.0256254,0.000305064,0.0333628,0.0992766,0.571944,0.000253849,0.000749582,0.00424898
85,0.0259304,0.000305064,0.0333054,0.0989354,0.568959,0.000253431,0.000747067,0.00422743
86,0.0262355,0.000305064,0.0332483,0.0985965,0.565996,0.000253014,0.000744569,0.00420603
87,0.0265406,0.000305064,0.0331915,0.09826,0.563055,0.000252599,0.000742088,0.00418479
88,0.0268456,0.000305064,0.0331349,0.0979257,0.560136,0.000252187,0.000739624,0.00416371
89,0.0271507,0.000305064,0.0330787,0.0975937,0.557239,0.000251776,0.000737175,0.00414278
90,0.0274558,0.000305064,0.0330227,0.097264,0.554363,0.000251368,0.000734743,0.004122
91,0.0277608,0.000305064,0.032967,0.0969364,0.55151,0.000250961,0.000732327,0.00410137
92,0.0280659,0.000305064,0.0329116,0.096611,0.548677,0.000250556,0.000729927,0.00408089
93,0.028371,0.000305064,0.0328565,0.0962879,0.545865,0.000250154,0.000727543,0.00406055
94,0.028676,0.000305064,0.0328017,0.0959668,0.543075,0.000249753,0.000725174,0.00404037
95,0.0289811,0.000305064,0.0327471,0.0956479,0.540304,0.000249354,0.000722821,0.00402033
96,0.0292862,0.000305064,0.0326928,0.0953311,0.537564,0.000248958,0.000720483,0.00400043
97,0.0295912,0.000305064,0.0326387,0.0950164,0.534908,0.000248563,0.00071816,0.00398067
98,0.0298963,0.000305064,0.032585,0.0947037,0.532271,0.00024817,0.000715852,0.00396142
99,0.0302013,0.000305064,0.0325315,0.0943931,0.529653,0.000247779,0.000713559,0.00394244
100,0.0305064,0.000305064,0.0324782,0.0940845,0.527053,0.000247389,0.000711281,0.00392359
101,0.0308115,0.000305064,0.0324252,0.093778,0.524472,0.000247002,0.000709017,0.00390486
102,0.0311165,0.000305064,0.0323725,0.0934734,0.521908,0.000246616,0.000706767,0.00388627
103,0.0314216,0.000305064,0.03232,0.0931708,0.519363,0.000246232,0.000704532,0.00386795
104,0.0317267,0.000305064,0.0322678,0.0928701,0.516836,0.00024585,0.000702311,0.0038501
105,0.0320317,0.000305064,0.0322158,0.0925714,0.514326,0.00024547,0.000700104,0.00383237
106,0.0323368,0.000305064,0.0321641,0.0922745,0.511834,0.000245092,0.000697911,0.00381476
107,0.0326419,0.000305064,0.0321126,0.0919796,0.50936,0.000244715,0.000695732,0.00379727
108,0.0329469,0.000305064,0.0320614,0.0916865,0.506902,0.00024434,0.000693566,0.00377989
109,0.033252,0.000305064,0.0320104,0.0913953,0.504505,0.000243967,0.000691414,0.00376262
110,0.033557,0.000305064,0.0319597,0.0911059,0.502144,0.000243595,0.000689275,0.00374546
111,0.0338621,0.000305064,0.0319092,0.0908184,0.499799,0.000243226,0.000687149,0.00372842
112,0.0341672,0.000305064,0.0318589,0.0905327,0.49747,0.000242857,0.000685037,0.00371149
113,0.0344722,0.000305064,0.0318089,0.0902487,0.495156,0.000242491,0.000682937,0.00369466
114,0.0347773,0.000305064,0.0317591,0.0899665,0.492858,0.000242126,0.000680851,0.00367795
115,0.0350824,0.000305064,0.0317096,0.0896861,0.490575,0.000241763,0.000678777,0.00366135
116,0.0353874,0.000305064,0.0316602,0.0894074,0.488308,0.000241402,0.000676716,0.00364485
117,0.0356925,0.000305064,0.0316111,0.0891305,0.486055,0.000241042,0.000674667,0.00362845
118,0.0359976,0.000305064,0.0315623,0.0888552,0.483817,0.000240684,0.000672631,0.00361217
119,0.0363026,0.000305064,0.0315136,0.0885816,0.481594,0.000240327,0.000670607,0.00359599
120,0.0366077,0.000305064,0.0314652,0.0883098,0.479386,0.000239972,0.000668595,0.00357991
121,0.0369128,0.000305064,0.031417,0.0880395,0.477192,0.000239618,0.000666595,0.00356393
122,0.0372178,0.000305064,0.031369,0.0877709,0.475068,0.000239267,0.000664607,0.00354806
123,0.0375229,0.000305064,0.0313212,0.087504,0.472958,0.000238916,0.000662631,0.00353229
124,0.0378279,0.000305064,0.0312737,0.0872387,0.470862,0.000238567,0.000660667,0.00351662
125,0.038133,0.000305064,0.0312264,0.0869749,0.468778,0.00023822,0.000658715,0.00350105
126,0.0384381,0.000305064,0.0311793,0.0867128,0.466708,0.000237874,0.000656774,0.00348558
127,0.0387431,0.000305064,0.0311324,0.0864522,0.464651,0.00023753,0.000654844,0.0034702
128,0.0390482,0.000305064,0.0310857,0.0861932,0.462607,0.000237188,0.000652926,0.00345493
129,0.0393533,0.000305064,0.0310392,0.0859357,0.460575,0.000236846,0.000651019,0.00343975
130,0.0396583,0.000305064,0.0309929,0.0856797,0.458557,0.000236507,0.000649123,0.00342467
131,0.0399634,0.000305064,0.0309468,0.0854253,0.456551,0.000236168,0.000647238,0.00340968
132,0.0402685,0.000305064,0.030901,0.0851724,0.454558,0.000235831,0.000645365,0.00339478
133,0.0405735,0.000305064,0.0308553,0.084921,0.452577,0.000235496,0.000643502,0.00337998
134,0.0408786,0.000305064,0.0308098,0.084671,0.450608,0.000235162,0.00064165,0.00336528
135,0.0411836,0.000305064,0.0307646,0.0844225,0.448652,0.00023483,0.000639808,0.00335066
136,0.0414887,0.000305064,0.0307195,0.0841755,0.446708,0.000234498,0.000637977,0.00333614
137,0.0417938,0.000305064,0.0306746,0.0839299,0.444776,0.000234169,0.000636157,0.0033217
138,0.0420988,0.000305064,0.03063,0.0836857,0.442855,0.00023384,0.000634347,0.00330736
139,0.0424039,0.000305064,0.0305855,0.0834429,0.440947,0.000233513,0.000632547,0.00329311
140,0.042709,0.000305064,0.0305412,0.0832016,0.439051,0.000233188,0.000630757,0.00327894
141,0.043014,0.000305064,0.0304971,0.0829616,0.437166,0.000232864,0.000628978,0.00326487
142,0.0433191,0.000305064,0.0304532,0.082723,0.435293,0.000232541,0.000627209,0.00325088
143,0.0436242,0.000305064,0.0304095,0.0824858,0.433431,0.000232219,0.000625449,0.00323697
144,0.0439292,0.000305064,0.030366,0.0822499,0.431581,0.000231899,0.0006237,0.00322316
145,0.0442343,0.000305064,0.0303226,0.0820154,0.429743,0.000231581,0.00062196,0.00320942
146,0.0445394,0.000305064,0.0302795,0.0817822,0.427915,0.000231263,0.00062023,0.00319578
147,0.0448444,0.000305064,0.0302365,0.0815503,0.426099,0.000230947,0.00061851,0.00318221
148,0.0451495,0.000305064,0.0301937,0.0813197,0.424293,0.000230632,0.000616799,0.00316873
149,0.0454545,0.000305064,0.0301511,0.0810904,0.422499,0.000230318,0.000615098,0.00315533
150,0.0457596,0.000305064,0.0301086,0.0808624,0.420716,0.000230006,0.000613406,0.00314202
151,0.0460647,0.000305064,0.0300664,0.0806357,0.418943,0.000229695,0.000611723,0.00312878
152,0.0463697,0.000305064,0.0300243,0.0804103,0.417182,0.000229385,0.00061005,0.00311563
153,0.0466748,0.000305064,0.0299824,0.0801861,0.41543,0.000229077,0.000608386,0.00310255
154,0.0469799,0.000305064,0.0299407,0.0799631,0.41369,0.000228769,0.00060673,0.00308956
155,0.0472849,0.000305064,0.0298991,0.0797414,0.41196,0.000228463,0.000605084,0.00307664
156,0.04759,0.000305064,0.0298577,0.0795209,0.41024,0.000228159,0.000603447,0.00306381
157,0.0478951,0.000305064,0.0298165,0.0793017,0.408531,0.000227855,0.000601819,0.00305105
158,0.0482001,0.000305064,0.0297755,0.0790836,0.406832,0.000227553,0.000600199,0.00303837
159,0.0485052,0.000305064,0.0297346,0.0788667,0.405144,0.000227252,0.000598589,0.00302637
160,0.0488103,0.000305064,0.0296939,0.078651,0.403465,0.000226952,0.000596986,0.00301444
161,0.0491153,0.000305064,0.0296534,0.0784365,0.401796,0.000226653,0.000595393,0.00300258
162,0.0494204,0.000305064,0.029613,0.0782232,0.400138,0.000226355,0.000593808,0.00299078
163,0.0497254,0.000305064,0.0295728,0.078011,0.398489,0.000226059,0.000592231,0.00297905
164,0.0500305,0.000305064,0.0295327,0.0777999,0.39685,0.000225764,0.000590663,0.00296738
165,0.0503356,0.000305064,0.0294929,0.07759,0.395221,0.00022547,0.000589103,0.00295578
166,0.0506406,0.000305064,0.0294531,0.0773812,0.393601,0.000225177,0.000587551,0.00294425
167,0.0509457,0.000305064,0.0294136,0.0771735,0.391992,0.000224885,0.000586008,0.00293277
168,0.0512508,0.000305064,0.0293742,0.076967,0.390391,0.000224594,0.000584473,0.00292137
169,0.0515558,0.000305064,0.0293349,0.0767615,0.3888,0.000224305,0.000582945,0.00291002
170,0.0518609,0.000305064,0.0292958,0.0765572,0.387219,0.000224016,0.000581426,0.00289874
171,0.052166,0.000305064,0.0292569,0.0763539,0.385646,0.000223729,0.000579915,0.00288752
172,0.052471,0.000305064,0.0292181,0.0761517,0.384083,0.000223443,0.000578411,0.00287637
173,0.0527761,0.000305064,0.0291795,0.0759505,0.38253,0.000223158,0.000576915,0.00286527
174,0.0530811,0.000305064,0.029141,0.0757504,0.380985,0.000222874,0.000575427,0.00285424
175,0.0533862,0.000305064,0.0291027,0.0755514,0.379494,0.000222591,0.000573947,0.00284327
176,0.0536913,0.000305064,0.0290645,0.0753534,0.378039,0.000222309,0.000572474,0.00283236
177,0.0539963,0.000305064,0.0290265,0.0751565,0.376592,0.000222029,0.000571009,0.00282151
178,0.0543014,0.000305064,0.0289886,0.0749605,0.375153,0.000221749,0.000569552,0.00281072
179,0.0546065,0.000305064,0.0289509,0.0747656,0.373722,0.00022147,0.000568101,0.00279999
180,0.0549115,0.000305064,0.0289133,0.0745717,0.372298,0.000221193,0.000566659,0.00278931
181,0.0552166,0.000305064,0.0288759,0.0743788,0.370882,0.000220916,0.000565223,0.0027787
182,0.0555217,0.000305064,0.0288386,0.0741869,0.369474,0.000220641,0.000563795,0.00276814
183,0.0558267,0.000305064,0.0288014,0.073996,0.368074,0.000220366,0.000562374,0.00275764
184,0.0561318,0.000305064,0.0287644,0.073806,0.366681,0.000220093,0.00056096,0.0027472
185,0.0564369,0.000305064,0.0287275,0.073617,0.365296,0.000219821,0.000559554,0.00273682
186,0.0567419,0.000305064,0.0286908,0.073429,0.363918,0.000219549,0.000558154,0.00272649
187,0.057047,0.000305064,0.0286542,0.073242,0.362547,0.000219279,0.000556761,0.00271622
188,0.057352,0.000305064,0.0286178,0.0730559,0.361184,0.000219009,0.000555376,0.002706
189,0.0576571,0.000305064,0.0285815,0.0728707,0.359829,0.000218741,0.000553997,0.00269584
190,0.0579622,0.000305064,0.0285453,0.0726865,0.35848,0.000218474,0.000552625,0.00268573
191,0.0582672,0.000305064,0.0285093,0.0725032,0.357139,0.000218207,0.00055126,0.00267568
192,0.0585723,0.000305064,0.0284734,0.0723208,0.355806,0.000217942,0.000549902,0.00266569
193,0.0588774,0.000305064,0.0284376,0.0721393,0.354479,0.000217677,0.00054855,0.00265574
194,0.0591824,0.000305064,0.028402,0.0719588,0.353159,0.000217414,0.000547205,0.00264585
195,0.0594875,0.000305064,0.0283665,0.0717791,0.351847,0.000217151,0.000545867,0.00263602
196,0.0597926,0.000305064,0.0283311,0.0716004,0.350541,0.00021689,0.000544535,0.00262623
197,0.0600976,0.000305064,0.0282959,0.0714225,0.349242,0.000216629,0.00054321,0.0026165
198,0.0604027,0.000305064,0.0282608,0.0712455,0.347951,0.00021637,0.000541891,0.00260682
199,0.0607077,0.000305064,0.0282258,0.0710694,0.346666,0.000216111,0.000540578,0.00259719
200,0.0610128,0.000305064,0.028191,0.0708941,0.345388,0.000215853,0.000539272,0.00258762
201,0.0613179,0.000305064,0.0281563,0.0707197,0.344117,0.000215596,0.000537973,0.00257809
202,0.0616229,0.000305064,0.0281217,0.0705462,0.342852,0.00021534,0.000536679,0.00256862
203,0.061928,0.000305064,0.0280872,0.0703735,0.341594,0.000215085,0.000535392,0.00255919
204,0.0622331,0.000305064,0.0280529,0.0702016,0.340343,0.000214831,0.000534111,0.00254982
205,0.0625381,0.000305064,0.0280187,0.0700306,0.339099,0.000214578,0.000532836,0.00254059
206,0.0628432,0.000305064,0.0279846,0.0698604,0.337861,0.000214325,0.000531567,0.00253153
207,0.0631483,0.000305064,0.0279507,0.0696911,0.336629,0.000214074,0.000530304,0.00252253
208,0.0634533,0.000305064,0.0279168,0.0695225,0.335404,0.000213823,0.000529047,0.00251357
209,0.0637584,0.000305064,0.0278831,0.0693548,0.334186,0.000213573,0.000527796,0.00250465
210,0.0640635,0.000305064,0.0278495,0.0691879,0.332973,0.000213325,0.000526551,0.00249579
211,0.0643685,0.000305064,0.027816,0.0690218,0.331768,0.000213077,0.000525312,0.00248696
212,0.0646736,0.000305064,0.0277827,0.0688564,0.330568,0.000212829,0.000524079,0.00247818
213,0.0649786,0.000305064,0.0277495,0.0686919,0.329375,0.000212583,0.000522852,0.00246945
214,0.0652837,0.000305064,0.0277163,0.0685281,0.328188,0.000212338,0.00052163,0.00246076
215,0.0655888,0.000305064,0.0276833,0.0683652,0.327007,0.000212093,0.000520414,0.00245211
216,0.0658938,0.000305064,0.0276505,0.0682029,0.325832,0.00021185,0.000519204,0.00244351
217,0.0661989,0.000305064,0.0276177,0.0680415,0.324663,0.000211607,0.000517999,0.00243495
218,0.066504,0.000305064,0.0275851,0.0678808,0.3235,0.000211365,0.0005168,0.00242643
219,0.066809,0.000305064,0.0275525,0.0677209,0.322344,0.000211124,0.000515607,0.00241796
220,0.0671141,0.000305064,0.0275201,0.0675617,0.321193,0.000210883,0.000514419,0.00240953
221,0.0674192,0.000305064,0.0274878,0.0674033,0.320048,0.000210644,0.000513236,0.00240114
222,0.0677242,0.000305064,0.0274556,0.0672456,0.31891,0.000210405,0.000512059,0.0023928
223,0.0680293,0.000305064,0.0274235,0.0670887,0.317777,0.000210167,0.000510888,0.00238449
224,0.0683344,0.000305064,0.0273916,0.0669325,0.31665,0.00020993,0.000509721,0.00237623
225,0.0686394,0.000305064,0.0273597,0.066777,0.315528,0.000209694,0.00050856,0.00236801
226,0.0689445,0.000305064,0.027328,0.0666222,0.314413,0.000209458,0.000507405,0.00235983
227,0.0692495,0.000305064,0.0272963,0.0664681,0.313303,0.000209223,0.000506254,0.00235169
228,0.0695546,0.000305064,0.0272648,0.0663148,0.312198,0.000208989,0.000505109,0.00234359
229,0.0698597,0.000305064,0.0272334,0.0661621,0.3111,0.000208756,0.000503969,0.00233553
230,0.0701647,0.000305064,0.0272021,0.0660102,0.310007,0.000208524,0.000502834,0.00232752
231,0.0704698,0.000305064,0.0271708,0.065859,0.308919,0.000208292,0.000501704,0.00231954
232,0.0707749,0.000305064,0.0271398,0.0657084,0.307853,0.000208061,0.00050058,0.0023116
233,0.0710799,0.000305064,0.0271088,0.0655585,0.3068,0.000207831,0.00049946,0.0023037
234,0.071385,0.000305064,0.0270779,0.0654093,0.305753,0.000207602,0.000498346,0.00229584
235,0.0716901,0.000305064,0.0270471,0.0652608,0.304711,0.000207374,0.000497236,0.00228802
236,0.0719951,0.000305064,0.0270164,0.065113,0.303674,0.000207146,0.000496131,0.00228023
237,0.0723002,0.000305064,0.0269858,0.0649658,0.302642,0.000206919,0.000495032,0.00227274
238,0.0726052,0.000305064,0.0269554,0.0648193,0.301616,0.000206692,0.000493937,0.00226537
239,0.0729103,0.000305064,0.026925,0.0646734,0.300594,0.000206467,0.000492847,0.00225804
240,0.0732154,0.000305064,0.0268947,0.0645282,0.299577,0.000206242,0.000491762,0.00225073
241,0.0735204,0.000305064,0.0268646,0.0643837,0.298565,0.000206018,0.000490681,0.00224347
242,0.0738255,0.000305064,0.0268345,0.0642398,0.297559,0.000205795,0.000489605,0.00223623
243,0.0741306,0.000305064,0.0268045,0.0640965,0.296557,0.000205572,0.000488534,0.00222903
244,0.0744356,0.000305064,0.0267747,0.0639539,0.29556,0.00020535,0.000487468,0.00222186
245,0.0747407,0.000305064,0.0267449,0.0638119,0.294567,0.000205129,0.000486407,0.00221472
246,0.0750458,0.000305064,0.0267152,0.0636705,0.29358,0.000204908,0.00048535,0.00220762
247,0.0753508,0.000305064,0.0266857,0.0635298,0.292597,0.000204689,0.000484297,0.00220055
248,0.0756559,0.000305064,0.0266562,0.0633897,0.291638,0.00020447,0.000483249,0.00219351
249,0.075961,0.000305064,0.0266268,0.0632502,0.290686,0.000204251,0.000482206,0.00218651
250,0.076266,0.000305064,0.0265975,0.0631113,0.289739,0.000204034,0.000481167,0.00217953
251,0.0765711,0.000305064,0.0265683,0.062973,0.288796,0.000203817,0.000480133,0.00217259
252,0.0768761,0.000305064,0.0265393,0.0628353,0.287857,0.0002036,0.000479103,0.00216568
253,0.0771812,0.000305064,0.0265103,0.0626982,0.286923,0.000203385,0.000478078,0.0021588
254,0.0774863,0.000305064,0.0264814,0.0625618,0.285993,0.00020317,0.000477057,0.00215195
255,0.0777913,0.000305064,0.0264525,0.0624259,0.285067,0.000202956,0.00047604,0.00214514
256,0.0780964,0.000305064,0.0264238,0.0622906,0.284146,0.000202742,0.000475028,0.00213835
257,0.0784015,0.000305064,0.0263952,0.0621558,0.283229,0.000202529,0.00047402,0.0021316
258,0.0787065,0.000305064,0.0263667,0.0620217,0.282316,0.000202317,0.000473016,0.00212487
259,0.0790116,0.000305064,0.0263382,0.0618881,0.281407,0.000202105,0.000472017,0.00211818
260,0.0793167,0.000305064,0.0263099,0.0617552,0.280503,0.000201894,0.000471021,0.00211152
261,0.0796217,0.000305064,0.0262816,0.0616227,0.279603,0.000201684,0.00047003,0.00210488
262,0.0799268,0.000305064,0.0262535,0.0614909,0.278718,0.000201475,0.000469043,0.00209828
263,0.0802318,0.000305064,0.0262254,0.0613596,0.277845,0.000201266,0.000468061,0.0020917
264,0.0805369,0.000305064,0.0261974,0.0612289,0.276976,0.000201057,0.000467082,0.00208516
265,0.080842,0.000305064,0.0261695,0.0610987,0.276111,0.00020085,0.000466108,0.00207865
266,0.081147,0.000305064,0.0261417,0.0609691,0.27525,0.000200643,0.000465137,0.00207216
267,0.0814521,0.000305064,0.026114,0.06084,0.274393,0.000200436,0.000464171,0.0020657
268,0.0817572,0.000305064,0.0260863,0.0607115,0.273539,0.000200231,0.000463208,0.00205928
269,0.0820622,0.000305064,0.0260588,0.0605835,0.272689,0.000200025,0.00046225,0.00205288
270,0.0823673,0.000305064,0.0260313,0.060456,0.271844,0.000199821,0.000461296,0.00204651
271,0.0826724,0.000305064,0.026004,0.0603291,0.271002,0.000199617,0.000460345,0.00204017
272,0.0829774,0.000305064,0.0259767,0.0602027,0.270163,0.000199414,0.000459399,0.00203385
273,0.0832825,0.000305064,0.0259495,0.0600769,0.269328,0.000199211,0.000458456,0.00202757
274,0.0835876,0.000305064,0.0259223,0.0599515,0.268498,0.000199009,0.000457517,0.00202131
275,0.0838926,0.000305064,0.0258953,0.0598267,0.26767,0.000198808,0.000456582,0.00201508
276,0.0841977,0.000305064,0.0258683,0.0597024,0.266847,0.000198607,0.000455651,0.00200888
277,0.0845027,0.000305064,0.0258415,0.0595786,0.266027,0.000198407,0.000454724,0.0020027
278,0.0848078,0.000305064,0.0258147,0.0594554,0.26521,0.000198207,0.0004538,0.00199656
279,0.0851129,0.000305064,0.025788,0.0593326,0.264397,0.000198008,0.000452881,0.00199044
280,0.0854179,0.000305064,0.0257613,0.0592104,0.263588,0.00019781,0.000451965,0.00198434
281,0.085723,0.000305064,0.0257348,0.0590886,0.262783,0.000197612,0.000451052,0.00197828
282,0.0860281,0.000305064,0.0257083,0.0589674,0.261981,0.000197415,0.000450144,0.00197224
283,0.0863331,0.000305064,0.0256819,0.0588466,0.261182,0.000197218,0.000449239,0.00196623
284,0.0866382,0.000305064,0.0256556,0.0587263,0.260387,0.000197022,0.000448337,0.00196024
285,0.0869433,0.000305064,0.0256294,0.0586066,0.259595,0.000196827,0.00044744,0.00195428
286,0.0872483,0.000305064,0.0256033,0.0584873,0.258807,0.000196632,0.000446545,0.00194835
287,0.0875534,0.000305064,0.0255772,0.0583685,0.258022,0.000196437,0.000445655,0.00194244
288,0.0878585,0.000305064,0.0255512,0.0582502,0.257241,0.000196244,0.000444768,0.00193656
289,0.0881635,0.000305064,0.0255253,0.0581323,0.256463,0.00019605,0.000443884,0.0019307
290,0.0884686,0.000305064,0.0254995,0.058015,0.255689,0.000195858,0.000443005,0.00192487
291,0.0887736,0.000305064,0.0254737,0.0578981,0.254918,0.000195666,0.000442128,0.00191907
292,0.0890787,0.000305064,0.0254481,0.0577816,0.25415,0.000195474,0.000441255,0.00191329
293,0.0893838,0.000305064,0.0254225,0.0576657,0.253385,0.000195283,0.000440386,0.00190753
294,0.0896888,0.000305064,0.0253969,0.0575502,0.252624,0.000195093,0.000439519,0.0019018
295,0.0899939,0.000305064,0.0253715,0.0574352,0.251866,0.000194903,0.000438657,0.0018961
296,0.090299,0.000305064,0.0253461,0.0573206,0.251112,0.000194714,0.000437797,0.00189042
297,0.090604,0.000305064,0.0253208,0.0572065,0.250361,0.000194525,0.000436942,0.00188476
298,0.0909091,0.000305064,0.0252956,0.0570928,0.249612,0.000194337,0.000436089,0.00187913
299,0.0912142,0.000305064,0.0252704,0.0569796,0.248868,0.000194149,0.00043524,0.00187352
300,0.0915192,0.000305064,0.0252454,0.0568668,0.248126,0.000193962,0.000434394,0.00186794
301,0.0918243,0.000305064,0.0252204,0.0567545,0.247387,0.000193775,0.000433551,0.00186238
302,0.0921293,0.000305064,0.0251954,0.0566426,0.246652,0.000193589,0.000432712,0.00185685
303,0.0924344,0.000305064,0.0251706,0.0565312,0.24592,0.000193404,0.000431876,0.00185134
304,0.0927395,0.000305064,0.0251458,0.0564202,0.245191,0.000193219,0.000431043,0.00184585
305,0.0930445,0.000305064,0.0251211,0.0563096,0.244465,0.000193034,0.000430213,0.00184045
306,0.0933496,0.000305064,0.0250964,0.0561995,0.243742,0.00019285,0.000429387,0.00183524
307,0.0936547,0.000305064,0.0250719,0.0560898,0.243023,0.000192667,0.000428563,0.00183004
308,0.0939597,0.000305064,0.0250474,0.0559805,0.242306,0.000192484,0.000427743,0.00182487
309,0.0942648,0.000305064,0.0250229,0.0558716,0.241593,0.000192301,0.000426926,0.00181972
310,0.0945699,0.000305064,0.0249986,0.0557632,0.240882,0.00019212,0.000426112,0.00181458
311,0.0948749,0.000305064,0.0249743,0.0556552,0.240175,0.000191938,0.000425301,0.00180947
312,0.09518,0.000305064,0.0249501,0.0555476,0.23947,0.000191757,0.000424494,0.00180438
313,0.0954851,0.000305064,0.0249259,0.0554404,0.238769,0.000191577,0.000423689,0.00179931
314,0.0957901,0.000305064,0.0249018,0.0553337,0.23807,0.000191397,0.000422888,0.00179426
315,0.0960952,0.000305064,0.0248778,0.0552273,0.237374,0.000191218,0.000422089,0.00178923
316,0.0964002,0.000305064,0.0248539,0.0551213,0.236682,0.000191039,0.000421294,0.00178422
317,0.0967053,0.000305064,0.02483,0.0550158,0.235992,0.00019086,0.000420501,0.00177923
318,0.0970104,0.000305064,0.0248062,0.0549107,0.235305,0.000190682,0.000419712,0.00177426
319,0.0973154,0.000305064,0.0247824,0.0548059,0.234621,0.000190505,0.000418925,0.00176931
320,0.0976205,0.000305064,0.0247588,0.0547016,0.23394,0.000190328,0.000418141,0.00176438
321,0.0979256,0.000305064,0.0247352,0.0545976,0.233262,0.000190152,0.000417361,0.00175947
322,0.0982306,0.000305064,0.0247116,0.0544941,0.232587,0.000189976,0.000416583,0.00175458
323,0.0985357,0.000305064,0.0246881,0.0543909,0.231914,0.0001898,0.000415808,0.00174971
324,0.0988408,0.000305064,0.0246647,0.0542881,0.231245,0.000189625,0.000415036,0.00174486
325,0.0991458,0.000305064,0.0246414,0.0541858,0.230578,0.00018945,0.000414267,0.00174003
326,0.0994509,0.000305064,0.0246181,0.0540838,0.229939,0.000189276,0.000413501,0.00173521
327,0.0997559,0.000305064,0.0245949,0.0539822,0.229304,0.000189103,0.000412737,0.00173042
328,0.100061,0.000305064,0.0245717,0.0538809,0.228671,0.00018893,0.000411977,0.00172565
329,0.100366,0.000305064,0.0245486,0.0537801,0.228042,0.000188757,0.000411219,0.00172089
330,0.100671,0.000305064,0.0245256,0.0536796,0.227414,0.000188585,0.000410464,0.00171615
331,0.100976,0.000305064,0.0245026,0.0535795,0.226789,0.000188413,0.000409712,0.00171143
332,0.101281,0.000305064,0.0244797,0.0534797,0.226167,0.000188242,0.000408962,0.00170673
333,0.101586,0.000305064,0.0244569,0.0533804,0.225547,0.000188071,0.000408216,0.00170205
334,0.101891,0.000305064,0.0244341,0.0532814,0.224929,0.000187901,0.000407472,0.00169739
335,0.102196,0.000305064,0.0244114,0.0531828,0.224314,0.000187731,0.00040673,0.00169275
336,0.102502,0.000305064,0.0243887,0.0530845,0.223701,0.000187561,0.000405992,0.00168812
337,0.102807,0.000305064,0.0243662,0.0529866,0.223091,0.000187392,0.000405256,0.00168351
338,0.103112,0.000305064,0.0243436,0.0528891,0.222483,0.000187224,0.000404523,0.00167892
339,0.103417,0.000305064,0.0243212,0.0527919,0.221877,0.000187055,0.000403792,0.00167435
340,0.103722,0.000305064,0.0242987,0.052695,0.221274,0.000186888,0.000403064,0.0016698
341,0.104027,0.000305064,0.0242764,0.0525986,0.220673,0.000186721,0.000402339,0.00166526
342,0.104332,0.000305064,0.0242541,0.0525025,0.220074,0.000186554,0.000401616,0.00166074
343,0.104637,0.000305064,0.0242319,0.0524067,0.219478,0.000186387,0.000400896,0.00165624
344,0.104942,0.000305064,0.0242097,0.0523113,0.218884,0.000186221,0.000400179,0.00165176
345,0.105247,0.000305064,0.0241876,0.0522162,0.218293,0.000186056,0.000399464,0.0016473
346,0.105552,0.000305064,0.0241655,0.0521215,0.217703,0.000185891,0.000398751,0.00164285
347,0.105857,0.000305064,0.0241436,0.0520271,0.217116,0.000185726,0.000398041,0.00163842
348,0.106162,0.000305064,0.0241216,0.051933,0.216532,0.000185562,0.000397334,0.001634
349,0.106467,0.000305064,0.0240997,0.0518393,0.215949,0.000185398,0.000396629,0.00162961
350,0.106772,0.000305064,0.0240779,0.0517459,0.215369,0.000185235,0.000395927,0.00162523
351,0.107077,0.000305064,0.0240562,0.0516529,0.214791,0.000185072,0.000395227,0.00162087
352,0.107383,0.000305064,0.0240345,0.0515602,0.214215,0.000184909,0.00039453,0.00161652
353,0.107688,0.000305064,0.0240128,0.0514678,0.213642,0.000184747,0.000393835,0.00161219
354,0.107993,0.000305064,0.0239912,0.0513758,0.213071,0.000184585,0.000393143,0.00160788
355,0.108298,0.000305064,0.0239697,0.0512841,0.212501,0.000184424,0.000392453,0.00160366
356,0.108603,0.000305064,0.0239482,0.0511927,0.211935,0.000184263,0.000391765,0.00159947
357,0.108908,0.000305064,0.0239268,0.0511016,0.21137,0.000184103,0.00039108,0.00159529
358,0.109213,0.000305064,0.0239054,0.0510109,0.210807,0.000183943,0.000390397,0.00159113
359,0.109518,0.000305064,0.0238841,0.0509205,0.210247,0.000183783,0.000389717,0.00158699
360,0.109823,0.000305064,0.0238628,0.0508304,0.209689,0.000183624,0.000389039,0.00158286
361,0.110128,0.000305064,0.0238416,0.0507406,0.209132,0.000183465,0.000388363,0.00157875
362,0.110433,0.000305064,0.0238205,0.0506512,0.208578,0.000183306,0.00038769,0.00157465
363,0.110738,0.000305064,0.0237994,0.050562,0.208027,0.000183148,0.000387019,0.00157057
364,0.111043,0.000305064,0.0237784,0.0504732,0.207477,0.000182991,0.00038635,0.00156651
365,0.111348,0.000305064,0.0237574,0.0503847,0.206929,0.000182833,0.000385684,0.00156246
366,0.111653,0.000305064,0.0237364,0.0502964,0.206384,0.000182676,0.00038502,0.00155842
367,0.111959,0.000305064,0.0237156,0.0502085,0.20584,0.00018252,0.000384358,0.0015544
368,0.112264,0.000305064,0.0236947,0.0501209,0.205299,0.000182364,0.000383699,0.00155039
369,0.112569,0.000305064,0.023674,0.0500337,0.204759,0.000182208,0.000383042,0.0015464
370,0.112874,0.000305064,0.0236532,0.0499467,0.204222,0.000182053,0.000382387,0.00154242
371,0.113179,0.000305064,0.0236326,0.04986,0.203687,0.000181898,0.000381734,0.00153846
372,0.113484,0.000305064,0.023612,0.0497736,0.203153,0.000181743,0.000381084,0.00153451
373,0.113789,0.000305064,0.0235914,0.0496875,0.202622,0.000181589,0.000380435,0.00153058
374,0.114094,0.000305064,0.0235709,0.0496017,0.202093,0.000181435,0.000379789,0.00152666
375,0.114399,0.000305064,0.0235504,0.0495162,0.201565,0.000181282,0.000379146,0.00152276
376,0.114704,0.000305064,0.02353,0.049431,0.20104,0.000181129,0.000378504,0.00151887
377,0.115009,0.000305064,0.0235096,0.0493461,0.200517,0.000180976,0.000377864,0.001515
378,0.115314,0.000305064,0.0234893,0.0492615,0.199996,0.000180823,0.000377227,0.00151114
379,0.115619,0.000305064,0.0234691,0.0491772,0.199476,0.000180672,0.000376592,0.00150729
380,0.115924,0.000305064,0.0234489,0.0490931,0.198959,0.00018052,0.000375959,0.00150346
381,0.116229,0.000305064,0.0234287,0.0490094,0.198443,0.000180369,0.000375328,0.00149964
382,0.116534,0.000305064,0.0234086,0.0489259,0.19793,0.000180218,0.000374699,0.00149583
383,0.11684,0.000305064,0.0233885,0.0488427,0.197418,0.000180067,0.000374073,0.00149204
384,0.117145,0.000305064,0.0233685,0.0487598,0.196908,0.000179917,0.000373448,0.00148827
385,0.11745,0.000305064,0.0233486,0.0486772,0.196401,0.000179767,0.000372825,0.0014845
386,0.117755,0.000305064,0.0233287,0.0485948,0.195895,0.000179618,0.000372205,0.00148076
387,0.11806,0.000305064,0.0233088,0.0485128,0.195391,0.000179469,0.000371587,0.00147702
388,0.118365,0.000305064,0.023289,0.048431,0.194889,0.00017932,0.00037097,0.0014733
389,0.11867,0.000305064,0.0232692,0.0483495,0.194388,0.000179172,0.000370356,0.00146959
390,0.118975,0.000305064,0.0232495,0.0482682,0.19389,0.000179024,0.000369744,0.0014659
391,0.11928,0.000305064,0.0232298,0.0481872,0.193393,0.000178876,0.000369134,0.00146221
392,0.119585,0.000305064,0.0232102,0.0481066,0.192901,0.000178729,0.000368526,0.00145855
393,0.11989,0.000305064,0.0231906,0.0480261,0.192418,0.000178582,0.000367919,0.00145489
394,0.120195,0.000305064,0.0231711,0.047946,0.191936,0.000178435,0.000367315,0.00145125
395,0.1205,0.000305064,0.0231516,0.0478661,0.191456,0.000178289,0.000366713,0.00144762
396,0.120805,0.000305064,0.0231322,0.0477864,0.190978,0.000178143,0.000366113,0.00144401
397,0.12111,0.000305064,0.0231128,0.0477071,0.190502,0.000177997,0.000365515,0.00144046
398,0.121415,0.000305064,0.0230934,0.047628,0.190027,0.000177852,0.000364918,0.001437
399,0.121721,0.000305064,0.0230741,0.0475491,0.189554,0.000177707,0.000364324,0.00143356
400,0.122026,0.000305064,0.0230549,0.0474706,0.189083,0.000177563,0.000363732,0.00143013
401,0.122331,0.000305064,0.0230357,0.0473922,0.188613,0.000177418,0.000363141,0.00142671
402,0.122636,0.000305064,0.0230165,0.0473142,0.188145,0.000177275,0.000362553,0.00142331
403,0.122941,0.000305064,0.0229974,0.0472364,0.187679,0.000177131,0.000361966,0.00141991
404,0.123246,0.000305064,0.0229783,0.0471588,0.187214,0.000176988,0.000361381,0.00141653
405,0.123551,0.000305064,0.0229593,0.0470815,0.186751,0.000176845,0.000360798,0.00141316
406,0.123856,0.000305064,0.0229403,0.0470045,0.18629,0.000176702,0.000360217,0.0014098
407,0.124161,0.000305064,0.0229214,0.0469277,0.18583,0.00017656,0.000359638,0.00140645
408,0.124466,0.000305064,0.0229025,0.0468512,0.185372,0.000176418,0.000359061,0.00140311
409,0.124771,0.000305064,0.0228837,0.0467749,0.184915,0.000176276,0.000358486,0.00139979
410,0.125076,0.000305064,0.0228649,0.0466988,0.184461,0.000176135,0.000357912,0.00139647
411,0.125381,0.000305064,0.0228461,0.046623,0.184013,0.000175994,0.00035734,0.00139317
412,0.125686,0.000305064,0.0228274,0.0465475,0.18357,0.000175853,0.000356771,0.00138988
413,0.125991,0.000305064,0.0228087,0.0464722,0.183128,0.000175713,0.000356202,0.0013866
414,0.126297,0.000305064,0.0227901,0.0463971,0.182688,0.000175573,0.000355636,0.00138333
415,0.126602,0.000305064,0.0227715,0.0463223,0.182249,0.000175433,0.000355072,0.00138007
416,0.126907,0.000305064,0.022753,0.0462477,0.181812,0.000175294,0.000354509,0.00137682
417,0.127212,0.000305064,0.0227345,0.0461734,0.181377,0.000175155,0.000353948,0.00137358
418,0.127517,0.000305064,0.022716,0.0460993,0.180943,0.000175016,0.000353389,0.00137036
419,0.127822,0.000305064,0.0226976,0.0460254,0.18051,0.000174878,0.000352832,0.00136714
420,0.128127,0.000305064,0.0226792,0.0459518,0.180079,0.000174739,0.000352276,0.00136394
421,0.128432,0.000305064,0.0226609,0.0458784,0.17965,0.000174602,0.000351722,0.00136074
422,0.128737,0.000305064,0.0226426,0.0458052,0.179222,0.000174464,0.00035117,0.00135756
423,0.129042,0.000305064,0.0226243,0.0457323,0.178795,0.000174327,0.00035062,0.00135439
424,0.129347,0.000305064,0.0226061,0.0456596,0.17837,0.00017419,0.000350071,0.00135123
425,0.129652,0.000305064,0.022588,0.0455871,0.177947,0.000174053,0.000349524,0.00134808
426,0.129957,0.000305064,0.0225698,0.0455149,0.177524,0.000173917,0.000348979,0.00134494
427,0.130262,0.000305064,0.0225517,0.0454429,0.177106,0.000173781,0.000348436,0.00134181
428,0.130567,0.000305064,0.0225337,0.0453711,0.176694,0.000173645,0.000347894,0.00133869
429,0.130872,0.000305064,0.0225157,0.0452995,0.176284,0.00017351,0.000347354,0.00133558
430,0.131178,0.000305064,0.0224977,0.0452282,0.175875,0.000173375,0.000346815,0.00133248
431,0.131483,0.000305064,0.0224798,0.0451571,0.175468,0.00017324,0.000346279,0.00132939
432,0.131788,0.000305064,0.0224619,0.0450862,0.175061,0.000173105,0.000345743,0.00132632
433,0.132093,0.000305064,0.0224441,0.0450155,0.174657,0.000172971,0.00034521,0.00132325
434,0.132398,0.000305064,0.0224263,0.0449451,0.174253,0.000172837,0.000344678,0.00132019
435,0.132703,0.000305064,0.0224085,0.0448749,0.173851,0.000172703,0.000344148,0.00131714
436,0.133008,0.000305064,0.0223908,0.0448049,0.17345,0.00017257,0.000343619,0.00131411
437,0.133313,0.000305064,0.0223731,0.0447351,0.173051,0.000172437,0.000343093,0.00131108
438,0.133618,0.000305064,0.0223554,0.0446655,0.172653,0.000172304,0.000342567,0.00130806
439,0.133923,0.000305064,0.0223378,0.0445962,0.172256,0.000172171,0.000342044,0.00130506
440,0.134228,0.000305064,0.0223203,0.044527,0.17186,0.000172039,0.000341521,0.00130206
441,0.134533,0.000305064,0.0223027,0.0444581,0.171466,0.000171907,0.000341001,0.00129907
442,0.134838,0.000305064,0.0222852,0.0443894,0.171073,0.000171775,0.000340482,0.00129609
443,0.135143,0.000305064,0.0222678,0.0443209,0.170682,0.000171644,0.000339965,0.00129313
444,0.135448,0.000305064,0.0222503,0.0442526,0.170291,0.000171513,0.000339449,0.00129017
445,0.135754,0.000305064,0.022233,0.0441846,0.169902,0.000171382,0.000338935,0.00128722
446,0.136059,0.000305064,0.0222156,0.0441167,0.169515,0.000171251,0.000338422,0.00128428
447,0.136364,0.000305064,0.0221983,0.044049,0.169128,0.000171121,0.000337911,0.00128135
448,0.136669,0.000305064,0.022181,0.0439816,0.168743,0.000170991,0.000337402,0.00127844
449,0.136974,0.000305064,0.0221638,0.0439143,0.168359,0.000170861,0.000336894,0.00127553
450,0.137279,0.000305064,0.0221466,0.0438473,0.167976,0.000170732,0.000336387,0.00127263
451,0.137584,0.000305064,0.0221295,0.0437805,0.167595,0.000170603,0.000335882,0.00126974
452,0.137889,0.000305064,0.0221123,0.0437138,0.167215,0.000170474,0.000335379,0.00126686
453,0.138194,0.000305064,0.0220953,0.0436474,0.166836,0.000170345,0.000334877,0.00126398
454,0.138499,0.000305064,0.0220782,0.0435812,0.166458,0.000170217,0.000334376,0.00126112
455,0.138804,0.000305064,0.0220612,0.0435151,0.166081,0.000170088,0.000333877,0.00125827
456,0.139109,0.000305064,0.0220442,0.0434493,0.165706,0.00016996,0.00033338,0.00125543
457,0.139414,0.000305064,0.0220273,0.0433837,0.165332,0.000169833,0.000332884,0.00125259
458,0.139719,0.000305064,0.0220104,0.0433182,0.164959,0.000169705,0.00033239,0.00124977
459,0.140024,0.000305064,0.0219935,0.043253,0.164588,0.000169578,0.000331896,0.00124695
460,0.140329,0.000305064,0.0219767,0.0431879,0.164217,0.000169452,0.000331405,0.00124415
461,0.140635,0.000305064,0.0219599,0.0431231,0.163848,0.000169325,0.000330915,0.00124135
462,0.14094,0.000305064,0.0219431,0.0430584,0.16348,0.000169199,0.000330426,0.00123856
463,0.141245,0.000305064,0.0219264,0.042994,0.163113,0.000169073,0.000329939,0.00123578
464,0.14155,0.000305064,0.0219097,0.0429297,0.162747,0.000168947,0.000329453,0.00123301
465,0.141855,0.000305064,0.021893,0.0428656,0.162383,0.000168821,0.000328969,0.00123025
466,0.14216,0.000305064,0.0218764,0.0428018,0.16202,0.000168696,0.000328486,0.0012275
467,0.142465,0.000305064,0.0218598,0.0427381,0.161658,0.000168571,0.000328004,0.00122476
468,0.14277,0.000305064,0.0218432,0.0426746,0.161297,0.000168446,0.000327524,0.00122202
469,0.143075,0.000305064,0.0218267,0.0426113,0.160937,0.000168322,0.000327046,0.0012193
470,0.14338,0.000305064,0.0218102,0.0425481,0.160578,0.000168197,0.000326568,0.00121658
471,0.143685,0.000305064,0.0217938,0.0424852,0.160221,0.000168073,0.000326093,0.00121387
472,0.14399,0.000305064,0.0217774,0.0424224,0.159864,0.000167949,0.000325618,0.00121117
473,0.144295,0.000305064,0.021761,0.0423598,0.159509,0.000167826,0.000325145,0.00120848
474,0.1446,0.000305064,0.0217446,0.0422975,0.159155,0.000167703,0.000324673,0.0012058
475,0.144905,0.000305064,0.0217283,0.0422353,0.158802,0.000167579,0.000324203,0.00120312
476,0.14521,0.000305064,0.021712,0.0421732,0.158451,0.000167457,0.000323734,0.00120047
477,0.145516,0.000305064,0.0216958,0.0421114,0.1581,0.000167334,0.000323266,0.00119791
478,0.145821,0.000305064,0.0216795,0.0420497,0.15775,0.000167212,0.0003228,0.00119536
479,0.146126,0.000305064,0.0216633,0.0419883,0.157402,0.00016709,0.000322335,0.00119281
480,0.146431,0.000305064,0.0216472,0.041927,0.157055,0.000166968,0.000321871,0.00119027
481,0.146736,0.000305064,0.0216311,0.0418658,0.156708,0.000166846,0.000321409,0.00118774
482,0.147041,0.000305064,0.021615,0.0418049,0.156363,0.000166725,0.000320948,0.00118522
483,0.147346,0.000305064,0.0215989,0.0417441,0.156019,0.000166604,0.000320488,0.00118271
484,0.147651,0.000305064,0.0215829,0.0416835,0.155676,0.000166483,0.00032003,0.0011802
485,0.147956,0.000305064,0.0215669,0.0416231,0.155335,0.000166362,0.000319573,0.0011777
486,0.148261,0.000305064,0.0215509,0.0415629,0.154994,0.000166242,0.000319117,0.00117521
487,0.148566,0.000305064,0.021535,0.0415028,0.154654,0.000166121,0.000318663,0.00117272
488,0.148871,0.000305064,0.0215191,0.0414429,0.154316,0.000166002,0.00031821,0.00117025
489,0.149176,0.000305064,0.0215032,0.0413832,0.153978,0.000165882,0.000317758,0.00116778
490,0.149481,0.000305064,0.0214874,0.0413236,0.153642,0.000165762,0.000317307,0.00116532
491,0.149786,0.000305064,0.0214716,0.0412643,0.153306,0.000165643,0.000316858,0.00116286
492,0.150092,0.000305064,0.0214558,0.041205,0.152972,0.000165524,0.00031641,0.00116042
493,0.150397,0.000305064,0.0214401,0.041146,0.152639,0.000165405,0.000315963,0.00115798
494,0.150702,0.000305064,0.0214243,0.0410871,0.152307,0.000165287,0.000315518,0.00115554
495,0.151007,0.000305064,0.0214087,0.0410284,0.151975,0.000165168,0.000315074,0.00115312
496,0.151312,0.000305064,0.021393,0.0409699,0.151645,0.00016505,0.000314631,0.0011507
497,0.151617,0.000305064,0.0213774,0.0409115,0.151316,0.000164932,0.000314189,0.00114829
498,0.151922,0.000305064,0.0213618,0.0408533,0.150988,0.000164814,0.000313748,0.00114589
499,0.152227,0.000305064,0.0213462,0.0407953,0.150661,0.000164697,0.000313309,0.00114349
500,0.152532,0.000305064,0.0213307,0.0407374,0.150335,0.00016458,0.000312871,0.00114111
501,0.152837,0.000305064,0.0213152,0.0406797,0.150016,0.000164463,0.000312434,0.00113872
502,0.153142,0.000305064,0.0212997,0.0406222,0.149703,0.000164346,0.000311999,0.00113635
503,0.153447,0.000305064,0.0212843,0.0405648,0.149392,0.000164229,0.000311564,0.00113398
504,0.153752,0.000305064,0.0212689,0.0405075,0.149081,0.000164113,0.000311131,0.00113162
505,0.154057,0.000305064,0.0212535,0.0404505,0.148771,0.000163997,0.000310699,0.00112927
506,0.154362,0.000305064,0.0212381,0.0403936,0.148462,0.000163881,0.000310269,0.00112693
507,0.154667,0.000305064,0.0212228,0.0403368,0.148154,0.000163765,0.000309839,0.00112459
508,0.154973,0.000305064,0.0212075,0.0402803,0.147847,0.00016365,0.000309411,0.00112225
509,0.155278,0.000305064,0.0211923,0.0402238,0.147541,0.000163534,0.000308983,0.00111993
510,0.155583,0.000305064,0.021177,0.0401676,0.147235,0.000163419,0.000308557,0.00111761
511,0.155888,0.000305064,0.0211618,0.0401114,0.146931,0.000163304,0.000308133,0.0011153
512,0.156193,0.000305064,0.0211466,0.0400555,0.146628,0.00016319,0.000307709,0.001113
513,0.156498,0.000305064,0.0211315,0.0399997,0.146325,0.000163075,0.000307286,0.0011107
514,0.156803,0.000305064,0.0211164,0.039944,0.146023,0.000162961,0.000306865,0.00110841
515,0.157108,0.000305064,0.0211013,0.0398886,0.145723,0.000162847,0.000306445,0.00110613
516,0.157413,0.000305064,0.0210862,0.0398332,0.145423,0.000162733,0.000306026,0.00110385
517,0.157718,0.000305064,0.0210712,0.039778,0.145124,0.000162619,0.000305608,0.00110158
518,0.158023,0.000305064,0.0210561,0.039723,0.144825,0.000162506,0.000305191,0.00109932
519,0.158328,0.000305064,0.0210412,0.0396681,0.144528,0.000162393,0.000304776,0.00109706
520,0.158633,0.000305064,0.0210262,0.0396134,0.144232,0.00016228,0.000304361,0.00109481
521,0.158938,0.000305064,0.0210113,0.0395588,0.143936,0.000162167,0.000303948,0.00109257
522,0.159243,0.000305064,0.0209964,0.0395044,0.143642,0.000162054,0.000303535,0.00109033
523,0.159549,0.000305064,0.0209815,0.0394501,0.143348,0.000161942,0.000303124,0.0010881
524,0.159854,0.000305064,0.0209667,0.039396,0.143055,0.00016183,0.000302714,0.00108588
525,0.160159,0.000305064,0.0209518,0.039342,0.142763,0.000161718,0.000302305,0.00108366
526,0.160464,0.000305064,0.0209371,0.0392882,0.142472,0.000161606,0.000301898,0.00108145
527,0.160769,0.000305064,0.0209223,0.0392345,0.142182,0.000161494,0.000301491,0.00107924
528,0.161074,0.000305064,0.0209075,0.0391809,0.141892,0.000161383,0.000301085,0.00107705
529,0.161379,0.000305064,0.0208928,0.0391275,0.141604,0.000161272,0.000300681,0.00107488
530,0.161684,0.000305064,0.0208782,0.0390743,0.141316,0.000161161,0.000300277,0.00107273
531,0.161989,0.000305064,0.0208635,0.0390212,0.141029,0.00016105,0.000299875,0.0010706
532,0.162294,0.000305064,0.0208489,0.0389682,0.140743,0.000160939,0.000299474,0.00106846
533,0.162599,0.000305064,0.0208343,0.0389154,0.140458,0.000160829,0.000299073,0.00106634
534,0.162904,0.000305064,0.0208197,0.0388627,0.140173,0.000160719,0.000298674,0.00106422
535,0.163209,0.000305064,0.0208051,0.0388102,0.13989,0.000160609,0.000298276,0.0010621
536,0.163514,0.000305064,0.0207906,0.0387578,0.139607,0.000160499,0.000297879,0.00105999
537,0.163819,0.000305064,0.0207761,0.0387055,0.139325,0.000160389,0.000297483,0.00105789
538,0.164124,0.000305064,0.0207616,0.0386534,0.139044,0.00016028,0.000297088,0.00105579
539,0.16443,0.000305064,0.0207472,0.0386015,0.138763,0.000160171,0.000296694,0.0010537
540,0.164735,0.000305064,0.0207328,0.0385496,0.138484,0.000160062,0.000296302,0.00105162
541,0.16504,0.000305064,0.0207184,0.0384979,0.138205,0.000159953,0.00029591,0.00104954
542,0.165345,0.000305064,0.020704,0.0384464,0.137927,0.000159844,0.000295519,0.00104747
543,0.16565,0.000305064,0.0206897,0.038395,0.13765,0.000159735,0.000295129,0.0010454
544,0.165955,0.000305064,0.0206753,0.0383437,0.137374,0.000159627,0.000294741,0.00104334
545,0.16626,0.000305064,0.020661,0.0382925,0.137099,0.000159519,0.000294353,0.00104129
546,0.166565,0.000305064,0.0206468,0.0382415,0.136824,0.000159411,0.000293966,0.00103924
547,0.16687,0.000305064,0.0206325,0.0381906,0.13655,0.000159303,0.000293581,0.00103719
548,0.167175,0.000305064,0.0206183,0.0381399,0.136277,0.000159196,0.000293196,0.00103515
549,0.16748,0.000305064,0.0206041,0.0380893,0.136005,0.000159088,0.000292812,0.00103312
550,0.167785,0.000305064,0.0205899,0.0380388,0.135733,0.000158981,0.00029243,0.0010311
551,0.16809,0.000305064,0.0205758,0.0379885,0.135463,0.000158874,0.000292048,0.00102908
552,0.168395,0.000305064,0.0205617,0.0379383,0.135193,0.000158767,0.000291667,0.00102706
553,0.1687,0.000305064,0.0205476,0.0378882,0.134924,0.00015866,0.000291288,0.00102505
554,0.169005,0.000305064,0.0205335,0.0378383,0.134655,0.000158554,0.000290909,0.00102305
555,0.169311,0.000305064,0.0205194,0.0377885,0.134388,0.000158448,0.000290531,0.00102105
556,0.169616,0.000305064,0.0205054,0.0377388,0.134121,0.000158341,0.000290155,0.00101906
557,0.169921,0.000305064,0.0204914,0.0376892,0.133855,0.000158235,0.000289779,0.00101707
558,0.170226,0.000305064,0.0204774,0.0376398,0.133589,0.00015813,0.000289404,0.00101509
559,0.170531,0.000305064,0.0204635,0.0375905,0.133325,0.000158024,0.00028903,0.00101312
560,0.170836,0.000305064,0.0204496,0.0375413,0.133061,0.000157919,0.000288658,0.00101115
561,0.171141,0.000305064,0.0204357,0.0374923,0.132798,0.000157813,0.000288286,0.00100918
562,0.171446,0.000305064,0.0204218,0.0374434,0.132536,0.000157708,0.000287915,0.00100722
563,0.171751,0.000305064,0.0204079,0.0373946,0.132274,0.000157603,0.000287545,0.00100527
564,0.172056,0.000305064,0.0203941,0.037346,0.132013,0.000157499,0.000287176,0.00100332
565,0.172361,0.000305064,0.0203803,0.0372974,0.131753,0.000157394,0.000286808,0.00100138
566,0.172666,0.000305064,0.0203665,0.037249,0.131494,0.00015729,0.000286441,0.000999442
567,0.172971,0.000305064,0.0203527,0.0372008,0.131235,0.000157185,0.000286075,0.000997511
568,0.173276,0.000305064,0.020339,0.0371526,0.130977,0.000157081,0.000285709,0.000995585
569,0.173581,0.000305064,0.0203253,0.0371046,0.13072,0.000156977,0.000285345,0.000993664
570,0.173887,0.000305064,0.0203116,0.0370567,0.130464,0.000156874,0.000284982,0.000991748
571,0.174192,0.000305064,0.0202979,0.0370089,0.130208,0.00015677,0.000284619,0.000989838
572,0.174497,0.000305064,0.0202842,0.0369612,0.129953,0.000156667,0.000284258,0.000987933
573,0.174802,0.000305064,0.0202706,0.0369137,0.129699,0.000156564,0.000283897,0.000986034
574,0.175107,0.000305064,0.020257,0.0368663,0.129446,0.00015646,0.000283537,0.000984139
575,0.175412,0.000305064,0.0202434,0.036819,0.129193,0.000156358,0.000283178,0.00098225
576,0.175717,0.000305064,0.0202299,0.0367718,0.128941,0.000156255,0.00028282,0.000980366
577,0.176022,0.000305064,0.0202163,0.0367248,0.12869,0.000156152,0.000282463,0.000978488
578,0.176327,0.000305064,0.0202028,0.0366778,0.128444,0.00015605,0.000282107,0.000976614
579,0.176632,0.000305064,0.0201893,0.036631,0.128198,0.000155948,0.000281752,0.000974746
580,0.176937,0.000305064,0.0201758,0.0365843,0.127953,0.000155846,0.000281398,0.000972883
581,0.177242,0.000305064,0.0201624,0.0365377,0.127708,0.000155744,0.000281044,0.000971025
582,0.177547,0.000305064,0.020149,0.0364913,0.127465,0.000155642,0.000280692,0.000969183
583,0.177852,0.000305064,0.0201355,0.0364449,0.127222,0.00015554,0.00028034,0.000967397
584,0.178157,0.000305064,0.0201222,0.0363987,0.126979,0.000155439,0.000279989,0.000965615
585,0.178462,0.000305064,0.0201088,0.0363526,0.126738,0.000155338,0.000279639,0.000963839
586,0.178768,0.000305064,0.0200955,0.0363066,0.126497,0.000155237,0.00027929,0.000962067
587,0.179073,0.000305064,0.0200821,0.0362607,0.126256,0.000155136,0.000278942,0.000960299
588,0.179378,0.000305064,0.0200688,0.036215,0.126016,0.000155035,0.000278595,0.000958537
589,0.179683,0.000305064,0.0200556,0.0361693,0.125777,0.000154934,0.000278248,0.000956779
590,0.179988,0.000305064,0.0200423,0.0361238,0.125539,0.000154834,0.000277903,0.000955025
591,0.180293,0.000305064,0.0200291,0.0360784,0.125301,0.000154733,0.000277558,0.000953277
592,0.180598,0.000305064,0.0200159,0.0360331,0.125064,0.000154633,0.000277214,0.000951532
593,0.180903,0.000305064,0.0200027,0.0359879,0.124828,0.000154533,0.000276871,0.000949793
594,0.181208,0.000305064,0.0199895,0.0359428,0.124592,0.000154433,0.000276529,0.000948058
595,0.181513,0.000305064,0.0199763,0.0358978,0.124357,0.000154334,0.000276187,0.000946327
596,0.181818,0.000305064,0.0199632,0.035853,0.124122,0.000154234,0.000275847,0.000944601
597,0.182123,0.000305064,0.0199501,0.0358082,0.123888,0.000154135,0.000275507,0.000942879
598,0.182428,0.000305064,0.019937,0.0357636,0.123655,0.000154036,0.000275168,0.000941162
599,0.182733,0.000305064,0.0199239,0.0357191,0.123425,0.000153936,0.00027483,0.00093945
600,0.183038,0.000305064,0.0199109,0.0356747,0.123197,0.000153837,0.000274493,0.000937742
601,0.183344,0.000305064,0.0198979,0.0356304,0.122969,0.000153739,0.000274157,0.000936038
602,0.183649,0.000305064,0.0198849,0.0355862,0.122742,0.00015364,0.000273821,0.000934339
603,0.183954,0.000305064,0.0198719,0.0355421,0.122516,0.000153542,0.000273486,0.000932644
604,0.184259,0.000305064,0.0198589,0.0354981,0.12229,0.000153443,0.000273153,0.000930954
605,0.184564,0.000305064,0.019846,0.0354542,0.122065,0.000153345,0.000272819,0.000929268
606,0.184869,0.000305064,0.019833,0.0354105,0.12184,0.000153247,0.000272487,0.000927586
607,0.185174,0.000305064,0.0198201,0.0353668,0.121616,0.000153149,0.000272156,0.000925909
608,0.185479,0.000305064,0.0198072,0.0353233,0.121393,0.000153051,0.000271825,0.000924236
609,0.185784,0.000305064,0.0197944,0.0352798,0.12117,0.000152954,0.000271495,0.000922568
610,0.186089,0.000305064,0.0197815,0.0352365,0.120948,0.000152856,0.000271166,0.000920904
611,0.186394,0.000305064,0.0197687,0.0351933,0.120726,0.000152759,0.000270838,0.000919244
612,0.186699,0.000305064,0.0197559,0.0351502,0.120505,0.000152662,0.00027051,0.000917588
613,0.187004,0.000305064,0.0197431,0.0351072,0.120285,0.000152565,0.000270183,0.000915937
614,0.187309,0.000305064,0.0197303,0.0350642,0.120065,0.000152468,0.000269857,0.00091429
615,0.187614,0.000305064,0.0197176,0.0350214,0.119846,0.000152371,0.000269532,0.000912647
616,0.187919,0.000305064,0.0197048,0.0349787,0.119627,0.000152275,0.000269208,0.000911009
617,0.188225,0.000305064,0.0196921,0.0349361,0.119409,0.000152178,0.000268884,0.000909374
618,0.18853,0.000305064,0.0196794,0.0348936,0.119195,0.000152082,0.000268562,0.000907744
619,0.188835,0.000305064,0.0196668,0.0348512,0.118982,0.000151986,0.000268239,0.000906118
620,0.18914,0.000305064,0.0196541,0.0348089,0.118769,0.00015189,0.000267918,0.000904497
621,0.189445,0.000305064,0.0196415,0.0347667,0.118557,0.000151794,0.000267598,0.000902879
622,0.18975,0.000305064,0.0196289,0.0347247,0.118345,0.000151698,0.000267278,0.000901266
623,0.190055,0.000305064,0.0196163,0.0346827,0.118134,0.000151602,0.000266959,0.000899657
624,0.19036,0.000305064,0.0196037,0.0346408,0.117923,0.000151507,0.000266641,0.000898051
625,0.190665,0.000305064,0.0195911,0.034599,0.117713,0.000151412,0.000266323,0.000896451
626,0.19097,0.000305064,0.0195786,0.0345573,0.117503,0.000151316,0.000266006,0.000894854
627,0.191275,0.000305064,0.0195661,0.0345157,0.117294,0.000151221,0.00026569,0.000893261
628,0.19158,0.000305064,0.0195535,0.0344742,0.117085,0.000151126,0.000265375,0.000891672
629,0.191885,0.000305064,0.0195411,0.0344328,0.116877,0.000151032,0.000265061,0.000890088
630,0.19219,0.000305064,0.0195286,0.0343916,0.11667,0.000150937,0.000264747,0.000888507
631,0.192495,0.000305064,0.0195161,0.0343504,0.116463,0.000150842,0.000264434,0.000886931
632,0.1928,0.000305064,0.0195037,0.0343093,0.116256,0.000150748,0.000264122,0.000885358
633,0.193106,0.000305064,0.0194913,0.0342683,0.11605,0.000150654,0.00026381,0.00088379
634,0.193411,0.000305064,0.0194789,0.0342274,0.115845,0.00015056,0.000263499,0.000882225
635,0.193716,0.000305064,0.0194665,0.0341866,0.11564,0.000150466,0.000263189,0.000880665
636,0.194021,0.000305064,0.0194542,0.0341459,0.115436,0.000150372,0.00026288,0.000879108
637,0.194326,0.000305064,0.0194418,0.0341052,0.115232,0.000150278,0.000262571,0.000877556
638,0.194631,0.000305064,0.0194295,0.0340647,0.115029,0.000150185,0.000262263,0.000876007
639,0.194936,0.000305064,0.0194172,0.0340243,0.114826,0.000150091,0.000261956,0.000874463
640,0.195241,0.000305064,0.0194049,0.033984,0.114624,0.000149998,0.000261649,0.000872922
641,0.195546,0.000305064,0.0193926,0.0339438,0.114422,0.000149905,0.000261344,0.000871385
642,0.195851,0.000305064,0.0193804,0.0339036,0.11422,0.000149812,0.000261039,0.000869852
643,0.196156,0.000305064,0.0193682,0.0338636,0.11402,0.000149719,0.000260734,0.000868323
644,0.196461,0.000305064,0.0193559,0.0338236,0.113819,0.000149626,0.00026043,0.000866798
645,0.196766,0.000305064,0.0193437,0.0337838,0.11362,0.000149533,0.000260128,0.000865277
646,0.197071,0.000305064,0.0193316,0.033744,0.11342,0.000149441,0.000259825,0.000863759
647,0.197376,0.000305064,0.0193194,0.0337044,0.113222,0.000149348,0.000259524,0.000862246
648,0.197682,0.000305064,0.0193072,0.0336648,0.113023,0.000149256,0.000259223,0.000860736
649,0.197987,0.000305064,0.0192951,0.0336253,0.112826,0.000149164,0.000258923,0.00085923
650,0.198292,0.000305064,0.019283,0.0335859,0.112629,0.000149072,0.000258623,0.000857728
651,0.198597,0.000305064,0.0192709,0.0335466,0.112432,0.00014898,0.000258324,0.00085623
652,0.198902,0.000305064,0.0192588,0.0335074,0.112236,0.000148888,0.000258026,0.000854735
653,0.199207,0.000305064,0.0192468,0.0334683,0.11204,0.000148796,0.000257729,0.000853245
654,0.199512,0.000305064,0.0192347,0.0334292,0.111845,0.000148705,0.000257432,0.000851757
655,0.199817,0.000305064,0.0192227,0.0333903,0.11165,0.000148614,0.000257136,0.000850274
656,0.200122,0.000305064,0.0192107,0.0333515,0.111455,0.000148522,0.00025684,0.000848795
657,0.200427,0.000305064,0.0191987,0.0333127,0.111262,0.000148431,0.000256546,0.000847319
658,0.200732,0.000305064,0.0191867,0.033274,0.111068,0.00014834,0.000256252,0.000845847
659,0.201037,0.000305064,0.0191747,0.0332354,0.110876,0.000148249,0.000255958,0.000844378
660,0.201342,0.000305064,0.0191628,0.033197,0.110683,0.000148158,0.000255666,0.000842914
661,0.201647,0.000305064,0.0191509,0.0331585,0.110491,0.000148068,0.000255373,0.000841453
662,0.201952,0.000305064,0.0191389,0.0331202,0.1103,0.000147977,0.000255082,0.000839995
663,0.202257,0.000305064,0.0191271,0.033082,0.110109,0.000147887,0.000254791,0.000838541
664,0.202563,0.000305064,0.0191152,0.0330439,0.109919,0.000147796,0.000254501,0.000837091
665,0.202868,0.000305064,0.0191033,0.0330058,0.109729,0.000147706,0.000254212,0.000835645
666,0.203173,0.000305064,0.0190915,0.0329678,0.109539,0.000147616,0.000253923,0.000834202
667,0.203478,0.000305064,0.0190796,0.03293,0.10935,0.000147526,0.000253635,0.000832763
668,0.203783,0.000305064,0.0190678,0.0328922,0.109162,0.000147436,0.000253347,0.000831327
669,0.204088,0.000305064,0.019056,0.0328545,0.108974,0.000147347,0.000253061,0.000829895
670,0.204393,0.000305064,0.0190442,0.0328168,0.108786,0.000147257,0.000252774,0.000828466
671,0.204698,0.000305064,0.0190325,0.0327793,0.108599,0.000147168,0.000252489,0.000827041
672,0.205003,0.000305064,0.0190207,0.0327418,0.108412,0.000147078,0.000252204,0.00082562
673,0.205308,0.000305064,0.019009,0.0327045,0.108226,0.000146989,0.00025192,0.00082424
674,0.205613,0.000305064,0.0189973,0.0326672,0.10804,0.0001469,0.000251636,0.00082287
675,0.205918,0.000305064,0.0189855,0.03263,0.107855,0.000146811,0.000251353,0.000821504
676,0.206223,0.000305064,0.0189739,0.0325929,0.10767,0.000146722,0.00025107,0.000820141
677,0.206528,0.000305064,0.0189622,0.0325558,0.107486,0.000146633,0.000250789,0.000818781
678,0.206833,0.000305064,0.0189505,0.0325189,0.107302,0.000146545,0.000250508,0.000817424
679,0.207138,0.000305064,0.0189389,0.032482,0.107118,0.000146456,0.000250227,0.000816071
680,0.207444,0.000305064,0.0189273,0.0324452,0.106935,0.000146368,0.000249947,0.000814721
681,0.207749,0.000305064,0.0189156,0.0324085,0.106753,0.000146279,0.000249668,0.000813374
682,0.208054,0.000305064,0.0189041,0.0323719,0.106571,0.000146191,0.000249389,0.00081203
683,0.208359,0.000305064,0.0188925,0.0323354,0.106389,0.000146103,0.000249111,0.000810689
684,0.208664,0.000305064,0.0188809,0.0322989,0.106208,0.000146015,0.000248834,0.000809352
685,0.208969,0.000305064,0.0188694,0.0322625,0.106027,0.000145927,0.000248557,0.000808018
686,0.209274,0.000305064,0.0188578,0.0322262,0.105847,0.000145839,0.000248281,0.000806686
687,0.209579,0.000305064,0.0188463,0.03219,0.105667,0.000145752,0.000248005,0.000805358
688,0.209884,0.000305064,0.0188348,0.0321539,0.105488,0.000145664,0.00024773,0.000804034
689,0.210189,0.000305064,0.0188233,0.0321178,0.105309,0.000145577,0.000247456,0.000802712
690,0.210494,0.000305064,0.0188118,0.0320819,0.10513,0.00014549,0.000247182,0.000801393
691,0.210799,0.000305064,0.0188004,0.032046,0.104952,0.000145402,0.000246909,0.000800078
692,0.211104,0.000305064,0.0187889,0.0320101,0.104774,0.000145315,0.000246636,0.000798766
693,0.211409,0.000305064,0.0187775,0.0319744,0.104597,0.000145228,0.000246364,0.000797456
694,0.211714,0.000305064,0.0187661,0.0319387,0.10442,0.000145141,0.000246093,0.00079615
695,0.21202,0.000305064,0.0187547,0.0319032,0.104244,0.000145055,0.000245822,0.000794847
696,0.212325,0.000305064,0.0187433,0.0318677,0.104068,0.000144968,0.000245552,0.000793547
697,0.21263,0.000305064,0.0187319,0.0318322,0.103893,0.000144881,0.000245282,0.00079225
698,0.212935,0.000305064,0.0187206,0.0317969,0.103717,0.000144795,0.000245013,0.000790956
699,0.21324,0.000305064,0.0187092,0.0317616,0.103543,0.000144709,0.000244744,0.000789665
700,0.213545,0.000305064,0.0186979,0.0317264,0.103369,0.000144622,0.000244477,0.000788377
701,0.21385,0.000305064,0.0186866,0.0316913,0.103196,0.000144536,0.000244209,0.000787092
702,0.214155,0.000305064,0.0186753,0.0316563,0.103028,0.00014445,0.000243943,0.000785811
703,0.21446,0.000305064,0.018664,0.0316213,0.10286,0.000144364,0.000243676,0.000784532
704,0.214765,0.000305064,0.0186527,0.0315864,0.102693,0.000144279,0.000243411,0.000783256
705,0.21507,0.000305064,0.0186415,0.0315516,0.102526,0.000144193,0.000243146,0.000781983
706,0.215375,0.000305064,0.0186302,0.0315169,0.102359,0.000144107,0.000242881,0.000780713
707,0.21568,0.000305064,0.018619,0.0314822,0.102193,0.000144022,0.000242617,0.000779446
708,0.215985,0.000305064,0.0186078,0.0314476,0.102028,0.000143936,0.000242354,0.000778182
709,0.21629,0.000305064,0.0185966,0.0314131,0.101862,0.000143851,0.000242091,0.000776921
710,0.216595,0.000305064,0.0185854,0.0313787,0.101698,0.000143766,0.000241829,0.000775663
711,0.216901,0.000305064,0.0185742,0.0313443,0.101533,0.000143681,0.000241567,0.000774408
712,0.217206,0.000305064,0.0185631,0.0313101,0.101369,0.000143596,0.000241306,0.000773156
713,0.217511,0.000305064,0.0185519,0.0312758,0.101205,0.000143511,0.000241046,0.000771907
714,0.217816,0.000305064,0.0185408,0.0312417,0.101042,0.000143426,0.000240786,0.00077066
715,0.218121,0.000305064,0.0185297,0.0312076,0.100879,0.000143342,0.000240526,0.000769417
716,0.218426,0.000305064,0.0185186,0.0311736,0.100716,0.000143257,0.000240268,0.000768176
717,0.218731,0.000305064,0.0185075,0.0311397,0.100554,0.000143173,0.000240009,0.000766938
718,0.219036,0.000305064,0.0184964,0.0311059,0.100392,0.000143088,0.000239751,0.000765704
719,0.219341,0.000305064,0.0184853,0.0310721,0.10023,0.000143004,0.000239494,0.000764472
720,0.219646,0.000305064,0.0184743,0.0310384,0.100069,0.00014292,0.000239238,0.000763243
721,0.219951,0.000305064,0.0184632,0.0310048,0.0999085,0.000142836,0.000238981,0.000762016
722,0.220256,0.000305064,0.0184522,0.0309712,0.0997481,0.000142752,0.000238726,0.000760793
723,0.220561,0.000305064,0.0184412,0.0309377,0.0995881,0.000142668,0.000238471,0.000759572
724,0.220866,0.000305064,0.0184302,0.0309043,0.0994285,0.000142584,0.000238216,0.000758355
725,0.221171,0.000305064,0.0184192,0.030871,0.0992692,0.000142501,0.000237962,0.00075714
726,0.221477,0.000305064,0.0184083,0.0308377,0.0991103,0.000142417,0.000237709,0.000755927
727,0.221782,0.000305064,0.0183973,0.0308045,0.0989518,0.000142334,0.000237456,0.000754718
728,0.222087,0.000305064,0.0183864,0.0307713,0.0987936,0.00014225,0.000237203,0.000753512
729,0.222392,0.000305064,0.0183754,0.0307383,0.0986358,0.000142167,0.000236952,0.000752321
730,0.222697,0.000305064,0.0183645,0.0307053,0.0984783,0.000142084,0.0002367,0.000751139
731,0.223002,0.000305064,0.0183536,0.0306724,0.0983212,0.000142001,0.000236449,0.00074996
732,0.223307,0.000305064,0.0183427,0.0306395,0.0981645,0.000141918,0.000236199,0.000748784
733,0.223612,0.000305064,0.0183318,0.0306067,0.0980081,0.000141835,0.000235949,0.00074761
734,0.223917,0.000305064,0.018321,0.030574,0.0978521,0.000141752,0.0002357,0.000746439
735,0.224222,0.000305064,0.0183101,0.0305414,0.0976965,0.000141669,0.000235451,0.00074527
736,0.224527,0.000305064,0.0182993,0.0305088,0.0975412,0.000141587,0.000235203,0.000744105
737,0.224832,0.000305064,0.0182885,0.0304763,0.0973863,0.000141504,0.000234955,0.000742941
738,0.225137,0.000305064,0.0182777,0.0304438,0.0972317,0.000141422,0.000234708,0.000741781
739,0.225442,0.000305064,0.0182669,0.0304114,0.0970774,0.00014134,0.000234461,0.000740623
740,0.225747,0.000305064,0.0182561,0.0303791,0.0969236,0.000141257,0.000234215,0.000739467
741,0.226052,0.000305064,0.0182453,0.0303469,0.09677,0.000141175,0.00023397,0.000738315
742,0.226358,0.000305064,0.0182345,0.0303147,0.0966169,0.000141093,0.000233724,0.000737164
743,0.226663,0.000305064,0.0182238,0.0302826,0.096464,0.000141011,0.00023348,0.000736017
744,0.226968,0.000305064,0.018213,0.0302506,0.0963116,0.000140929,0.000233236,0.000734872
745,0.227273,0.000305064,0.0182023,0.0302186,0.0961594,0.000140848,0.000232992,0.000733729
746,0.227578,0.000305064,0.0181916,0.0301867,0.0960077,0.000140766,0.000232749,0.000732589
747,0.227883,0.000305064,0.0181809,0.0301548,0.0958562,0.000140684,0.000232506,0.000731452
748,0.228188,0.000305064,0.0181702,0.0301231,0.0957051,0.000140603,0.000232264,0.000730317
749,0.228493,0.000305064,0.0181595,0.0300914,0.0955544,0.000140522,0.000232022,0.000729184
750,0.228798,0.000305064,0.0181489,0.0300597,0.095404,0.00014044,0.000231781,0.000728055
751,0.229103,0.000305064,0.0181382,0.0300281,0.0952539,0.000140359,0.00023154,0.000726927
752,0.229408,0.000305064,0.0181276,0.0299966,0.0951042,0.000140278,0.0002313,0.000725803
753,0.229713,0.000305064,0.018117,0.0299652,0.0949548,0.000140197,0.00023106,0.00072468
754,0.230018,0.000305064,0.0181064,0.0299338,0.0948058,0.000140116,0.000230821,0.00072356
755,0.230323,0.000305064,0.0180958,0.0299025,0.0946571,0.000140035,0.000230582,0.000722443
756,0.230628,0.000305064,0.0180852,0.0298712,0.0945087,0.000139954,0.000230344,0.000721328
757,0.230933,0.000305064,0.0180746,0.02984,0.0943607,0.000139874,0.000230106,0.000720216
758,0.231239,0.000305064,0.018064,0.0298089,0.094213,0.000139793,0.000229869,0.000719106
759,0.231544,0.000305064,0.0180535,0.0297778,0.0940656,0.000139713,0.000229632,0.000717999
760,0.231849,0.000305064,0.0180429,0.0297468,0.0939186,0.000139632,0.000229396,0.000716894
761,0.232154,0.000305064,0.0180324,0.0297159,0.0937719,0.000139552,0.00022916,0.000715791
762,0.232459,0.000305064,0.0180219,0.029685,0.0936255,0.000139472,0.000228925,0.000714691
763,0.232764,0.000305064,0.0180114,0.0296542,0.0934795,0.000139392,0.00022869,0.000713594
764,0.233069,0.000305064,0.0180009,0.0296234,0.0933337,0.000139312,0.000228455,0.000712498
765,0.233374,0.000305064,0.0179904,0.0295927,0.0931884,0.000139232,0.000228221,0.000711406
766,0.233679,0.000305064,0.0179799,0.0295621,0.0930433,0.000139152,0.000227988,0.000710315
767,0.233984,0.000305064,0.0179695,0.0295315,0.0928986,0.000139072,0.000227755,0.000709227
768,0.234289,0.000305064,0.017959,0.029501,0.0927542,0.000138992,0.000227522,0.000708142
769,0.234594,0.000305064,0.0179486,0.0294706,0.0926101,0.000138913,0.00022729,0.000707059
770,0.234899,0.000305064,0.0179382,0.0294402,0.0924663,0.000138833,0.000227058,0.000705978
771,0.235204,0.000305064,0.0179277,0.0294099,0.0923229,0.000138754,0.000226827,0.0007049
772,0.235509,0.000305064,0.0179173,0.0293796,0.0921798,0.000138674,0.000226596,0.000703824
773,0.235815,0.000305064,0.0179069,0.0293494,0.092037,0.000138595,0.000226366,0.00070275
774,0.23612,0.000305064,0.0178966,0.0293193,0.0918945,0.000138516,0.000226136,0.000701679
775,0.236425,0.000305064,0.0178862,0.0292892,0.0917524,0.000138437,0.000225907,0.00070061
776,0.23673,0.000305064,0.0178758,0.0292592,0.0916106,0.000138358,0.000225678,0.000699543
777,0.237035,0.000305064,0.0178655,0.0292293,0.0914691,0.000138279,0.00022545,0.000698479
778,0.23734,0.000305064,0.0178552,0.0291994,0.0913279,0.0001382,0.000225222,0.000697417
779,0.237645,0.000305064,0.0178448,0.0291695,0.091187,0.000138121,0.000224994,0.000696358
780,0.23795,0.000305064,0.0178345,0.0291397,0.0910464,0.000138042,0.000224767,0.0006953
781,0.238255,0.000305064,0.0178242,0.02911,0.0909062,0.000137964,0.00022454,0.000694246
782,0.23856,0.000305064,0.0178139,0.0290804,0.0907662,0.000137885,0.000224314,0.000693193
783,0.238865,0.000305064,0.0178037,0.0290508,0.0906266,0.000137807,0.000224088,0.000692143
784,0.23917,0.000305064,0.0177934,0.0290212,0.0904873,0.000137729,0.000223863,0.000691095
785,0.239475,0.000305064,0.0177831,0.0289917,0.0903483,0.00013765,0.000223638,0.000690049
786,0.23978,0.000305064,0.0177729,0.0289623,0.0902096,0.000137572,0.000223414,0.000689006
787,0.240085,0.000305064,0.0177627,0.0289329,0.0900712,0.000137494,0.00022319,0.000687964
788,0.24039,0.000305064,0.0177524,0.0289036,0.0899349,0.000137416,0.000222966,0.000686926
789,0.240696,0.000305064,0.0177422,0.0288744,0.0897992,0.000137338,0.000222743,0.000685889
790,0.241001,0.000305064,0.017732,0.0288452,0.0896637,0.00013726,0.00022252,0.000684855
791,0.241306,0.000305064,0.0177218,0.0288161,0.0895286,0.000137182,0.000222298,0.000683823
792,0.241611,0.000305064,0.0177117,0.028787,0.0893938,0.000137105,0.000222076,0.000682793
793,0.241916,0.000305064,0.0177015,0.028758,0.0892592,0.000137027,0.000221855,0.000681784
794,0.242221,0.000305064,0.0176913,0.028729,0.089125,0.00013695,0.000221634,0.00068079
795,0.242526,0.000305064,0.0176812,0.0287001,0.088991,0.000136872,0.000221413,0.000679797
796,0.242831,0.000305064,0.0176711,0.0286712,0.0888573,0.000136795,0.000221193,0.000678806
797,0.243136,0.000305064,0.0176609,0.0286424,0.0887239,0.000136717,0.000220973,0.000677817
798,0.243441,0.000305064,0.0176508,0.0286137,0.0885909,0.00013664,0.000220754,0.00067683
799,0.243746,0.000305064,0.0176407,0.028585,0.088458,0.000136563,0.000220535,0.000675846
800,0.244051,0.000305064,0.0176306,0.0285564,0.0883255,0.000136486,0.000220317,0.000674863
801,0.244356,0.000305064,0.0176206,0.0285278,0.0881933,0.000136409,0.000220099,0.000673883
802,0.244661,0.000305064,0.0176105,0.0284993,0.0880614,0.000136332,0.000219881,0.000672904
803,0.244966,0.000305064,0.0176004,0.0284708,0.0879297,0.000136255,0.000219664,0.000671928
804,0.245272,0.000305064,0.0175904,0.0284424,0.0877983,0.000136178,0.000219447,0.000670954
805,0.245577,0.000305064,0.0175803,0.0284141,0.0876672,0.000136102,0.000219231,0.000669981
806,0.245882,0.000305064,0.0175703,0.0283858,0.0875364,0.000136025,0.000219015,0.000669011
807,0.246187,0.000305064,0.0175603,0.0283575,0.0874059,0.000135949,0.0002188,0.000668042
808,0.246492,0.000305064,0.0175503,0.0283294,0.0872756,0.000135872,0.000218585,0.000667076
809,0.246797,0.000305064,0.0175403,0.0283012,0.0871457,0.000135796,0.00021837,0.000666112
810,0.247102,0.000305064,0.0175303,0.0282731,0.087016,0.00013572,0.000218156,0.000665149
811,0.247407,0.000305064,0.0175203,0.0282451,0.0868866,0.000135643,0.000217942,0.000664189
812,0.247712,0.000305064,0.0175103,0.0282171,0.0867587,0.000135567,0.000217728,0.000663231
813,0.248017,0.000305064,0.0175004,0.0281892,0.0866317,0.000135491,0.000217515,0.000662274
814,0.248322,0.000305064,0.0174904,0.0281614,0.086505,0.000135415,0.000217303,0.00066132
815,0.248627,0.000305064,0.0174805,0.0281336,0.0863786,0.000135339,0.00021709,0.000660368
816,0.248932,0.000305064,0.0174706,0.0281058,0.0862524,0.000135263,0.000216878,0.000659417
817,0.249237,0.000305064,0.0174607,0.0280781,0.0861265,0.000135188,0.000216667,0.000658469
818,0.249542,0.000305064,0.0174507,0.0280504,0.0860009,0.000135112,0.000216456,0.000657522
819,0.249847,0.000305064,0.0174409,0.0280228,0.0858755,0.000135036,0.000216245,0.000656578
820,0.250153,0.000305064,0.017431,0.0279953,0.0857504,0.000134961,0.000216035,0.000655635
821,0.250458,0.000305064,0.0174211,0.0279678,0.0856256,0.000134885,0.000215825,0.000654694
822,0.250763,0.000305064,0.0174112,0.0279404,0.085501,0.00013481,0.000215616,0.000653756
823,0.251068,0.000305064,0.0174014,0.027913,0.0853767,0.000134735,0.000215407,0.000652819
824,0.251373,0.000305064,0.0173915,0.0278856,0.0852526,0.000134659,0.000215198,0.000651884
825,0.251678,0.000305064,0.0173817,0.0278584,0.0851288,0.000134584,0.00021499,0.000650951
826,0.251983,0.000305064,0.0173719,0.0278311,0.0850053,0.000134509,0.000214782,0.00065002
827,0.252288,0.000305064,0.017362,0.0278039,0.084882,0.000134434,0.000214574,0.000649091
828,0.252593,0.000305064,0.0173522,0.0277768,0.0847589,0.000134359,0.000214367,0.000648164
829,0.252898,0.000305064,0.0173424,0.0277497,0.0846362,0.000134284,0.00021416,0.000647238
830,0.253203,0.000305064,0.0173326,0.0277227,0.0845137,0.000134209,0.000213954,0.000646315
831,0.253508,0.000305064,0.0173229,0.0276957,0.0843914,0.000134135,0.000213748,0.000645393
832,0.253813,0.000305064,0.0173131,0.0276688,0.0842694,0.00013406,0.000213542,0.000644474
833,0.254118,0.000305064,0.0173033,0.0276419,0.0841492,0.000133985,0.000213337,0.000643556
834,0.254423,0.000305064,0.0172936,0.0276151,0.0840295,0.000133911,0.000213132,0.00064264
835,0.254728,0.000305064,0.0172838,0.0275883,0.08391,0.000133837,0.000212928,0.000641726
836,0.255034,0.000305064,0.0172741,0.0275616,0.0837907,0.000133762,0.000212724,0.000640814
837,0.255339,0.000305064,0.0172644,0.0275349,0.0836717,0.000133688,0.00021252,0.000639904
838,0.255644,0.000305064,0.0172547,0.0275083,0.083553,0.000133614,0.000212317,0.000638996
839,0.255949,0.000305064,0.017245,0.0274817,0.0834345,0.000133539,0.000212114,0.000638089
840,0.256254,0.000305064,0.0172353,0.0274552,0.0833162,0.000133465,0.000211911,0.000637184
841,0.256559,0.000305064,0.0172256,0.0274287,0.0831981,0.000133391,0.000211709,0.000636281
842,0.256864,0.000305064,0.0172159,0.0274023,0.0830803,0.000133317,0.000211507,0.000635381
843,0.257169,0.000305064,0.0172063,0.0273759,0.0829628,0.000133243,0.000211306,0.000634481
844,0.257474,0.000305064,0.0171966,0.0273496,0.0828455,0.00013317,0.000211105,0.000633584
845,0.257779,0.000305064,0.017187,0.0273233,0.0827284,0.000133096,0.000210904,0.000632689
846,0.258084,0.000305064,0.0171773,0.027297,0.0826115,0.000133022,0.000210704,0.000631795
847,0.258389,0.000305064,0.0171677,0.0272709,0.0824949,0.000132949,0.000210504,0.000630903
848,0.258694,0.000305064,0.0171581,0.0272447,0.0823786,0.000132875,0.000210304,0.000630013
849,0.258999,0.000305064,0.0171485,0.0272186,0.0822624,0.000132802,0.000210105,0.000629125
850,0.259304,0.000305064,0.0171389,0.0271926,0.0821465,0.000132728,0.000209906,0.000628238
851,0.25961,0.000305064,0.0171293,0.0271666,0.0820309,0.000132655,0.000209707,0.000627354
852,0.259915,0.000305064,0.0171197,0.0271407,0.0819155,0.000132582,0.000209509,0.000626471
853,0.26022,0.000305064,0.0171101,0.0271148,0.0818003,0.000132508,0.000209311,0.00062559
854,0.260525,0.000305064,0.0171006,0.0270889,0.0816853,0.000132435,0.000209114,0.000624711
855,0.26083,0.000305064,0.017091,0.0270631,0.0815706,0.000132362,0.000208917,0.000623833
856,0.261135,0.000305064,0.0170815,0.0270373,0.0814561,0.000132289,0.00020872,0.000622957
857,0.26144,0.000305064,0.0170719,0.0270116,0.0813418,0.000132216,0.000208524,0.000622083
858,0.261745,0.000305064,0.0170624,0.026986,0.0812278,0.000132143,0.000208328,0.000621211
859,0.26205,0.000305064,0.0170529,0.0269604,0.081114,0.000132071,0.000208132,0.000620341
860,0.262355,0.000305064,0.0170434,0.0269348,0.0810004,0.000131998,0.000207937,0.000619472
861,0.26266,0.000305064,0.0170339,0.0269093,0.080887,0.000131925,0.000207742,0.000618605
862,0.262965,0.000305064,0.0170244,0.0268838,0.0807739,0.000131853,0.000207547,0.00061774
863,0.26327,0.000305064,0.0170149,0.0268584,0.080661,0.00013178,0.000207353,0.000616877
864,0.263575,0.000305064,0.0170054,0.026833,0.0805484,0.000131708,0.000207159,0.000616015
865,0.26388,0.000305064,0.016996,0.0268076,0.0804359,0.000131635,0.000206965,0.000615155
866,0.264185,0.000305064,0.0169865,0.0267823,0.0803237,0.000131563,0.000206772,0.000614297
867,0.264491,0.000305064,0.0169771,0.0267571,0.0802117,0.000131491,0.000206579,0.000613441
868,0.264796,0.000305064,0.0169676,0.0267319,0.0801,0.000131418,0.000206387,0.000612586
869,0.265101,0.000305064,0.0169582,0.0267067,0.0799884,0.000131346,0.000206195,0.000611733
870,0.265406,0.000305064,0.0169488,0.0266816,0.0798771,0.000131274,0.000206003,0.000610882
871,0.265711,0.000305064,0.0169394,0.0266566,0.079766,0.000131202,0.000205811,0.000610032
872,0.266016,0.000305064,0.01693,0.0266316,0.0796552,0.00013113,0.00020562,0.000609184
873,0.266321,0.000305064,0.0169206,0.0266066,0.0795445,0.000131058,0.000205429,0.000608338
874,0.266626,0.000305064,0.0169112,0.0265817,0.0794341,0.000130986,0.000205239,0.000607493
875,0.266931,0.000305064,0.0169018,0.0265568,0.0793239,0.000130915,0.000205049,0.000606651
876,0.267236,0.000305064,0.0168925,0.0265319,0.0792139,0.000130843,0.000204859,0.000605809
877,0.267541,0.000305064,0.0168831,0.0265071,0.0791042,0.000130771,0.000204669,0.00060497
878,0.267846,0.000305064,0.0168737,0.0264824,0.0789946,0.0001307,0.00020448,0.000604132
879,0.268151,0.000305064,0.0168644,0.0264577,0.0788853,0.000130628,0.000204291,0.000603296
880,0.268456,0.000305064,0.0168551,0.026433,0.0787762,0.000130557,0.000204103,0.000602462
881,0.268761,0.000305064,0.0168457,0.0264084,0.0786673,0.000130486,0.000203915,0.000601629
882,0.269067,0.000305064,0.0168364,0.0263838,0.0785586,0.000130414,0.000203727,0.000600798
883,0.269372,0.000305064,0.0168271,0.0263593,0.0784502,0.000130343,0.000203539,0.000599969
884,0.269677,0.000305064,0.0168178,0.0263348,0.0783419,0.000130272,0.000203352,0.000599141
885,0.269982,0.000305064,0.0168085,0.0263103,0.0782339,0.000130201,0.000203165,0.000598315
886,0.270287,0.000305064,0.0167992,0.0262859,0.0781261,0.00013013,0.000202979,0.00059749
887,0.270592,0.000305064,0.01679,0.0262616,0.0780185,0.000130059,0.000202793,0.000596668
888,0.270897,0.000305064,0.0167807,0.0262373,0.0779111,0.000129988,0.000202607,0.000595846
889,0.271202,0.000305064,0.0167714,0.026213,0.077804,0.000129917,0.000202421,0.000595027
890,0.271507,0.000305064,0.0167622,0.0261888,0.077697,0.000129846,0.000202236,0.000594209
891,0.271812,0.000305064,0.016753,0.0261646,0.0775903,0.000129775,0.000202051,0.000593393
892,0.272117,0.000305064,0.0167437,0.0261404,0.0774838,0.000129705,0.000201867,0.000592578
893,0.272422,0.000305064,0.0167345,0.0261163,0.0773774,0.000129634,0.000201682,0.000591765
894,0.272727,0.000305064,0.0167253,0.0260923,0.0772713,0.000129563,0.000201498,0.000590954
895,0.273032,0.000305064,0.0167161,0.0260682,0.0771654,0.000129493,0.000201315,0.000590167
896,0.273337,0.000305064,0.0167069,0.0260443,0.0770597,0.000129422,0.000201131,0.000589382
897,0.273642,0.000305064,0.0166977,0.0260203,0.0769543,0.000129352,0.000200948,0.000588598
898,0.273948,0.000305064,0.0166885,0.0259964,0.076849,0.000129282,0.000200766,0.000587815
899,0.274253,0.000305064,0.0166793,0.0259726,0.0767439,0.000129211,0.000200583,0.000587034
900,0.274558,0.000305064,0.0166701,0.0259488,0.0766391,0.000129141,0.000200401,0.000586255
901,0.274863,0.000305064,0.016661,0.025925,0.0765344,0.000129071,0.00020022,0.000585477
902,0.275168,0.000305064,0.0166518,0.0259013,0.07643,0.000129001,0.000200038,0.000584701
903,0.275473,0.000305064,0.0166427,0.0258776,0.0763258,0.000128931,0.000199857,0.000583926
904,0.275778,0.000305064,0.0166336,0.0258539,0.0762217,0.000128861,0.000199676,0.000583152
905,0.276083,0.000305064,0.0166244,0.0258303,0.0761179,0.000128791,0.000199496,0.00058238
906,0.276388,0.000305064,0.0166153,0.0258068,0.0760143,0.000128721,0.000199316,0.00058161
907,0.276693,0.000305064,0.0166062,0.0257833,0.0759109,0.000128652,0.000199136,0.000580841
908,0.276998,0.000305064,0.0165971,0.0257598,0.0758077,0.000128582,0.000198956,0.000580073
909,0.277303,0.000305064,0.016588,0.0257363,0.0757046,0.000128512,0.000198777,0.000579307
910,0.277608,0.000305064,0.0165789,0.0257129,0.0756018,0.000128443,0.000198598,0.000578542
911,0.277913,0.000305064,0.0165698,0.0256896,0.0754992,0.000128373,0.00019842,0.000577779
912,0.278218,0.000305064,0.0165608,0.0256663,0.0753968,0.000128303,0.000198241,0.000577017
913,0.278523,0.000305064,0.0165517,0.025643,0.0752946,0.000128234,0.000198063,0.000576257
914,0.278829,0.000305064,0.0165426,0.0256197,0.0751926,0.000128165,0.000197886,0.000575498
915,0.279134,0.000305064,0.0165336,0.0255965,0.0750908,0.000128095,0.000197708,0.000574741
916,0.279439,0.000305064,0.0165245,0.0255734,0.0749892,0.000128026,0.000197531,0.000573985
917,0.279744,0.000305064,0.0165155,0.0255502,0.0748878,0.000127957,0.000197354,0.00057323
918,0.280049,0.000305064,0.0165065,0.0255272,0.0747866,0.000127888,0.000197178,0.000572477
919,0.280354,0.000305064,0.0164975,0.0255041,0.0746856,0.000127819,0.000197001,0.000571725
920,0.280659,0.000305064,0.0164885,0.0254811,0.0745848,0.00012775,0.000196825,0.000570975
921,0.280964,0.000305064,0.0164794,0.0254582,0.0744842,0.000127681,0.00019665,0.000570226
922,0.281269,0.000305064,0.0164705,0.0254352,0.0743837,0.000127612,0.000196475,0.000569478
923,0.281574,0.000305064,0.0164615,0.0254123,0.0742835,0.000127543,0.000196299,0.000568732
924,0.281879,0.000305064,0.0164525,0.0253895,0.0741835,0.000127474,0.000196125,0.000567987
925,0.282184,0.000305064,0.0164435,0.0253667,0.0740837,0.000127405,0.00019595,0.000567244
926,0.282489,0.000305064,0.0164346,0.0253439,0.073984,0.000127337,0.000195776,0.000566502
927,0.282794,0.000305064,0.0164256,0.0253212,0.0738868,0.000127268,0.000195602,0.000565762
928,0.283099,0.000305064,0.0164166,0.0252985,0.0737903,0.000127199,0.000195429,0.000565023
929,0.283405,0.000305064,0.0164077,0.0252758,0.073694,0.000127131,0.000195255,0.000564285
930,0.28371,0.000305064,0.0163988,0.0252532,0.0735978,0.000127062,0.000195082,0.000563549
931,0.284015,0.000305064,0.0163898,0.0252306,0.0735019,0.000126994,0.00019491,0.000562814
932,0.28432,0.000305064,0.0163809,0.0252081,0.0734061,0.000126926,0.000194737,0.00056208
933,0.284625,0.000305064,0.016372,0.0251856,0.0733105,0.000126857,0.000194565,0.000561348
934,0.28493,0.000305064,0.0163631,0.0251631,0.073215,0.000126789,0.000194393,0.000560617
935,0.285235,0.000305064,0.0163542,0.0251407,0.0731198,0.000126721,0.000194222,0.000559887
936,0.28554,0.000305064,0.0163453,0.0251183,0.0730247,0.000126653,0.00019405,0.000559159
937,0.285845,0.000305064,0.0163364,0.025096,0.0729298,0.000126585,0.000193879,0.000558433
938,0.28615,0.000305064,0.0163276,0.0250737,0.0728351,0.000126517,0.000193709,0.000557707
939,0.286455,0.000305064,0.0163187,0.0250514,0.0727405,0.000126449,0.000193538,0.000556983
940,0.28676,0.000305064,0.0163098,0.0250291,0.0726462,0.000126381,0.000193368,0.000556261
941,0.287065,0.000305064,0.016301,0.0250069,0.072552,0.000126313,0.000193198,0.000555539
942,0.28737,0.000305064,0.0162921,0.0249848,0.072458,0.000126245,0.000193029,0.000554819
943,0.287675,0.000305064,0.0162833,0.0249626,0.0723641,0.000126177,0.000192859,0.000554101
944,0.28798,0.000305064,0.0162745,0.0249405,0.0722705,0.00012611,0.00019269,0.000553383
945,0.288286,0.000305064,0.0162656,0.0249185,0.072177,0.000126042,0.000192522,0.000552667
946,0.288591,0.000305064,0.0162568,0.0248965,0.0720837,0.000125975,0.000192353,0.000551953
947,0.288896,0.000305064,0.016248,0.0248745,0.0719905,0.000125907,0.000192185,0.000551239
948,0.289201,0.000305064,0.0162392,0.0248525,0.0718975,0.00012584,0.000192017,0.000550527
949,0.289506,0.000305064,0.0162304,0.0248306,0.0718047,0.000125772,0.000191849,0.000549817
950,0.289811,0.000305064,0.0162216,0.0248088,0.0717121,0.000125705,0.000191682,0.000549107
951,0.290116,0.000305064,0.0162129,0.0247869,0.0716197,0.000125637,0.000191515,0.000548399
952,0.290421,0.000305064,0.0162041,0.0247651,0.0715274,0.00012557,0.000191348,0.000547693
953,0.290726,0.000305064,0.0161953,0.0247434,0.0714353,0.000125503,0.000191181,0.000546987
954,0.291031,0.000305064,0.0161866,0.0247216,0.0713433,0.000125436,0.000191015,0.000546283
955,0.291336,0.000305064,0.0161778,0.0246999,0.0712515,0.000125369,0.000190849,0.000545582
956,0.291641,0.000305064,0.0161691,0.0246783,0.0711599,0.000125302,0.000190683,0.000544891
957,0.291946,0.000305064,0.0161603,0.0246566,0.0710685,0.000125235,0.000190518,0.000544201
958,0.292251,0.000305064,0.0161516,0.0246351,0.0709772,0.000125168,0.000190353,0.000543512
959,0.292556,0.000305064,0.0161429,0.0246135,0.0708862,0.000125101,0.000190188,0.000542824
960,0.292862,0.000305064,0.0161342,0.024592,0.0707952,0.000125034,0.000190023,0.000542138
961,0.293167,0.000305064,0.0161255,0.0245705,0.0707045,0.000124967,0.000189859,0.000541453
962,0.293472,0.000305064,0.0161168,0.0245491,0.0706139,0.0001249,0.000189694,0.000540769
963,0.293777,0.000305064,0.0161081,0.0245276,0.0705235,0.000124834,0.00018953,0.000540087
964,0.294082,0.000305064,0.0160994,0.0245063,0.0704332,0.000124767,0.000189367,0.000539405
965,0.294387,0.000305064,0.0160907,0.0244849,0.0703431,0.000124701,0.000189204,0.000538725
966,0.294692,0.000305064,0.016082,0.0244636,0.0702532,0.000124634,0.00018904,0.000538046
967,0.294997,0.000305064,0.0160733,0.0244423,0.0701634,0.000124568,0.000188878,0.000537368
968,0.295302,0.000305064,0.0160647,0.0244211,0.0700738,0.000124501,0.000188715,0.000536692
969,0.295607,0.000305064,0.016056,0.0243999,0.0699844,0.000124435,0.000188553,0.000536017
970,0.295912,0.000305064,0.0160474,0.0243787,0.0698951,0.000124369,0.000188391,0.000535343
971,0.296217,0.000305064,0.0160387,0.0243576,0.069806,0.000124302,0.000188229,0.00053467
972,0.296522,0.000305064,0.0160301,0.0243365,0.0697171,0.000124236,0.000188067,0.000533998
973,0.296827,0.000305064,0.0160215,0.0243154,0.0696283,0.00012417,0.000187906,0.000533328
974,0.297132,0.000305064,0.0160129,0.0242944,0.0695397,0.000124104,0.000187745,0.000532659
975,0.297437,0.000305064,0.0160043,0.0242734,0.0694513,0.000124038,0.000187584,0.000531991
976,0.297743,0.000305064,0.0159957,0.0242524,0.069363,0.000123972,0.000187424,0.000531324
977,0.298048,0.000305064,0.0159871,0.0242315,0.0692749,0.000123906,0.000187263,0.000530658
978,0.298353,0.000305064,0.0159785,0.0242106,0.0691869,0.00012384,0.000187103,0.000529994
979,0.298658,0.000305064,0.0159699,0.0241897,0.0690991,0.000123774,0.000186944,0.000529331
980,0.298963,0.000305064,0.0159613,0.0241689,0.0690115,0.000123708,0.000186784,0.000528669
981,0.299268,0.000305064,0.0159527,0.0241481,0.068924,0.000123642,0.000186625,0.000528008
982,0.299573,0.000305064,0.0159442,0.0241273,0.0688367,0.000123577,0.000186466,0.000527349
983,0.299878,0.000305064,0.0159356,0.0241066,0.0687495,0.000123511,0.000186307,0.00052669
984,0.300183,0.000305064,0.0159271,0.0240859,0.0686625,0.000123445,0.000186149,0.000526033
985,0.300488,0.000305064,0.0159185,0.0240652,0.0685756,0.00012338,0.00018599,0.000525377
986,0.300793,0.000305064,0.01591,0.0240446,0.068489,0.000123314,0.000185832,0.000524722
987,0.301098,0.000305064,0.0159014,0.024024,0.0684024,0.000123249,0.000185675,0.000524068
988,0.301403,0.000305064,0.0158929,0.0240034,0.0683161,0.000123183,0.000185517,0.000523416
989,0.301708,0.000305064,0.0158844,0.0239828,0.0682299,0.000123118,0.00018536,0.000522765
990,0.302013,0.000305064,0.0158759,0.0239623,0.0681438,0.000123053,0.000185203,0.000522114
991,0.302318,0.000305064,0.0158674,0.0239419,0.0680579,0.000122987,0.000185046,0.000521465
992,0.302624,0.000305064,0.0158589,0.0239214,0.0679722,0.000122922,0.00018489,0.000520818
993,0.302929,0.000305064,0.0158504,0.023901,0.0678866,0.000122857,0.000184733,0.000520171
994,0.303234,0.000305064,0.0158419,0.0238806,0.0678011,0.000122792,0.000184577,0.000519525
995,0.303539,0.000305064,0.0158334,0.0238603,0.0677159,0.000122727,0.000184421,0.000518881
996,0.303844,0.000305064,0.015825,0.02384,0.0676308,0.000122662,0.000184266,0.000518238
997,0.304149,0.000305064,0.0158165,0.0238197,0.0675458,0.000122597,0.000184111,0.000517596
998,0.304454,0.000305064,0.015808,0.0237995,0.067461,0.000122532,0.000183955,0.000516955
999,0.304759,0.000305064,0.0157996,0.0237792,0.0673763,0.000122467,0.000183801,0.000516315
1000,0.305064,0.000305064,0.0157911,0.0237591,0.0672918,0.000122402,0.000183646,0.000515676
1001,0.305369,0.000305064,0.0157827,0.0237389,0.0672075,0.000122337,0.000183492,0.000515039
1002,0.305674,0.000305064,0.0157743,0.0237188,0.0671233,0.000122273,0.000183338,0.000514402
1003,0.305979,0.000305064,0.0157658,0.0236987,0.0670392,0.000122208,0.000183184,0.000513767
1004,0.306284,0.000305064,0.0157574,0.0236786,0.0669553,0.000122143,0.00018303,0.000513133
1005,0.306589,0.000305064,0.015749,0.0236586,0.0668716,0.000122079,0.000182877,0.0005125
1006,0.306894,0.000305064,0.0157406,0.0236386,0.066788,0.000122014,0.000182723,0.000511868
1007,0.3072,0.000305064,0.0157322,0.0236186,0.0667045,0.00012195,0.000182571,0.000511237
1008,0.307505,0.000305064,0.0157238,0.0235987,0.0666213,0.000121885,0.000182418,0.000510608
1009,0.30781,0.000305064,0.0157154,0.0235788,0.0665381,0.000121821,0.000182265,0.000509979
1010,0.308115,0.000305064,0.015707,0.0235589,0.0664551,0.000121757,0.000182113,0.000509352
1011,0.30842,0.000305064,0.0156986,0.0235391,0.0663723,0.000121692,0.000181961,0.000508725
1012,0.308725,0.000305064,0.0156903,0.0235193,0.0662896,0.000121628,0.000181809,0.0005081
1013,0.30903,0.000305064,0.0156819,0.0234995,0.0662071,0.000121564,0.000181658,0.000507476
1014,0.309335,0.000305064,0.0156736,0.0234797,0.0661247,0.0001215,0.000181507,0.000506853
1015,0.30964,0.000305064,0.0156652,0.02346,0.0660424,0.000121436,0.000181356,0.000506231
1016,0.309945,0.000305064,0.0156569,0.0234403,0.0659603,0.000121371,0.000181205,0.000505611
1017,0.31025,0.000305064,0.0156485,0.0234207,0.0658784,0.000121307,0.000181054,0.000504991
1018,0.310555,0.000305064,0.0156402,0.023401,0.0657966,0.000121243,0.000180904,0.000504372
1019,0.31086,0.000305064,0.0156319,0.0233814,0.0657149,0.00012118,0.000180754,0.000503755
1020,0.311165,0.000305064,0.0156235,0.0233619,0.0656334,0.000121116,0.000180604,0.000503138
1021,0.31147,0.000305064,0.0156152,0.0233423,0.065552,0.000121052,0.000180454,0.000502523
1022,0.311775,0.000305064,0.0156069,0.0233228,0.0654708,0.000120988,0.000180304,0.000501909
1023,0.312081,0.000305064,0.0155986,0.0233033,0.0653906,0.000120924,0.000180155,0.000501296
1024,0.312386,0.000305064,0.0155903,0.0232839,0.0653107,0.000120861,0.000180006,0.000500684
1025,0.312691,0.000305064,0.015582,0.0232645,0.065231,0.000120797,0.000179857,0.000500073
1026,0.312996,0.000305064,0.0155737,0.0232451,0.0651515,0.000120733,0.000179709,0.000499463
1027,0.313301,0.000305064,0.0155655,0.0232257,0.065072,0.00012067,0.00017956,0.000498854
1028,0.313606,0.000305064,0.0155572,0.0232064,0.0649928,0.000120606,0.000179412,0.000498246
1029,0.313911,0.000305064,0.0155489,0.0231871,0.0649136,0.000120543,0.000179264,0.000497643
1030,0.314216,0.000305064,0.0155407,0.0231678,0.0648346,0.000120479,0.000179117,0.000497054
1031,0.314521,0.000305064,0.0155324,0.0231486,0.0647558,0.000120416,0.000178969,0.000496465
1032,0.314826,0.000305064,0.0155242,0.0231293,0.064677,0.000120353,0.000178822,0.000495878
1033,0.315131,0.000305064,0.0155159,0.0231102,0.0645984,0.000120289,0.000178675,0.000495291
1034,0.315436,0.000305064,0.0155077,0.023091,0.06452,0.000120226,0.000178528,0.000494706
1035,0.315741,0.000305064,0.0154995,0.0230719,0.0644417,0.000120163,0.000178382,0.000494121
1036,0.316046,0.000305064,0.0154913,0.0230528,0.0643635,0.0001201,0.000178235,0.000493538
1037,0.316351,0.000305064,0.015483,0.0230337,0.0642855,0.000120037,0.000178089,0.000492955
1038,0.316656,0.000305064,0.0154748,0.0230147,0.0642075,0.000119974,0.000177943,0.000492374
1039,0.316962,0.000305064,0.0154666,0.0229957,0.0641298,0.00011991,0.000177797,0.000491793
1040,0.317267,0.000305064,0.0154584,0.0229767,0.0640521,0.000119848,0.000177652,0.000491214
1041,0.317572,0.000305064,0.0154502,0.0229577,0.0639747,0.000119785,0.000177507,0.000490635
1042,0.317877,0.000305064,0.015442,0.0229388,0.0638973,0.000119722,0.000177362,0.000490057
1043,0.318182,0.000305064,0.0154339,0.0229199,0.0638201,0.000119659,0.000177217,0.000489481
1044,0.318487,0.000305064,0.0154257,0.022901,0.063743,0.000119596,0.000177072,0.000488905
1045,0.318792,0.000305064,0.0154175,0.0228822,0.063666,0.000119533,0.000176928,0.00048833
1046,0.319097,0.000305064,0.0154094,0.0228634,0.0635892,0.000119471,0.000176784,0.000487757
1047,0.319402,0.000305064,0.0154012,0.0228446,0.0635125,0.000119408,0.00017664,0.000487184
1048,0.319707,0.000305064,0.015393,0.0228258,0.0634359,0.000119345,0.000176496,0.000486612
1049,0.320012,0.000305064,0.0153849,0.0228071,0.0633595,0.000119283,0.000176352,0.000486041
1050,0.320317,0.000305064,0.0153768,0.0227884,0.0632833,0.00011922,0.000176209,0.000485471
1051,0.320622,0.000305064,0.0153686,0.0227697,0.0632081,0.000119158,0.000176066,0.000484902
1052,0.320927,0.000305064,0.0153605,0.022751,0.0631331,0.000119095,0.000175923,0.000484334
1053,0.321232,0.000305064,0.0153524,0.0227324,0.0630582,0.000119033,0.00017578,0.000483767
1054,0.321538,0.000305064,0.0153443,0.0227138,0.0629834,0.00011897,0.000175637,0.000483201
1055,0.321843,0.000305064,0.0153362,0.0226953,0.0629088,0.000118908,0.000175495,0.000482636
1056,0.322148,0.000305064,0.015328,0.0226767,0.0628343,0.000118846,0.000175353,0.000482072
1057,0.322453,0.000305064,0.0153199,0.0226582,0.0627599,0.000118784,0.000175211,0.000481509
1058,0.322758,0.000305064,0.0153119,0.0226397,0.0626856,0.000118721,0.000175069,0.000480946
1059,0.323063,0.000305064,0.0153038,0.0226213,0.0626115,0.000118659,0.000174928,0.000480385
1060,0.323368,0.000305064,0.0152957,0.0226028,0.0625375,0.000118597,0.000174787,0.000479825
1061,0.323673,0.000305064,0.0152876,0.0225844,0.0624636,0.000118535,0.000174646,0.000479265
1062,0.323978,0.000305064,0.0152795,0.0225661,0.0623898,0.000118473,0.000174505,0.000478707
1063,0.324283,0.000305064,0.0152715,0.0225477,0.0623162,0.000118411,0.000174364,0.000478149
1064,0.324588,0.000305064,0.0152634,0.0225294,0.0622427,0.000118349,0.000174224,0.000477592
1065,0.324893,0.000305064,0.0152554,0.0225111,0.0621693,0.000118287,0.000174083,0.000477037
1066,0.325198,0.000305064,0.0152473,0.0224928,0.062096,0.000118226,0.000173943,0.000476482
1067,0.325503,0.000305064,0.0152393,0.0224746,0.0620229,0.000118164,0.000173803,0.000475928
1068,0.325808,0.000305064,0.0152312,0.0224564,0.0619499,0.000118102,0.000173664,0.000475375
1069,0.326113,0.000305064,0.0152232,0.0224382,0.061877,0.00011804,0.000173524,0.000474823
1070,0.326419,0.000305064,0.0152152,0.02242,0.0618042,0.000117979,0.000173385,0.000474272
1071,0.326724,0.000305064,0.0152072,0.0224019,0.0617316,0.000117917,0.000173246,0.000473722
1072,0.327029,0.000305064,0.0151992,0.0223838,0.061659,0.000117855,0.000173107,0.000473172
1073,0.327334,0.000305064,0.0151912,0.0223657,0.0615874,0.000117794,0.000172969,0.000472624
1074,0.327639,0.000305064,0.0151832,0.0223477,0.0615161,0.000117732,0.00017283,0.000472076
1075,0.327944,0.000305064,0.0151752,0.0223296,0.0614449,0.000117671,0.000172692,0.00047153
1076,0.328249,0.000305064,0.0151672,0.0223116,0.0613738,0.000117609,0.000172554,0.000470984
1077,0.328554,0.000305064,0.0151592,0.0222936,0.0613028,0.000117548,0.000172416,0.000470439
1078,0.328859,0.000305064,0.0151512,0.0222757,0.0612319,0.000117487,0.000172278,0.000469896
1079,0.329164,0.000305064,0.0151432,0.0222578,0.0611612,0.000117425,0.000172141,0.000469353
1080,0.329469,0.000305064,0.0151353,0.0222399,0.0610906,0.000117364,0.000172004,0.000468811
1081,0.329774,0.000305064,0.0151273,0.022222,0.06102,0.000117303,0.000171866,0.000468269
1082,0.330079,0.000305064,0.0151193,0.0222041,0.0609496,0.000117242,0.00017173,0.000467729
1083,0.330384,0.000305064,0.0151114,0.0221863,0.0608794,0.000117181,0.000171593,0.00046719
1084,0.330689,0.000305064,0.0151034,0.0221685,0.0608092,0.000117119,0.000171456,0.000466651
1085,0.330995,0.000305064,0.0150955,0.0221507,0.0607392,0.000117058,0.00017132,0.000466114
1086,0.3313,0.000305064,0.0150876,0.022133,0.0606692,0.000116997,0.000171184,0.000465577
1087,0.331605,0.000305064,0.0150796,0.0221153,0.0605994,0.000116936,0.000171048,0.000465041
1088,0.33191,0.000305064,0.0150717,0.0220976,0.0605297,0.000116875,0.000170912,0.000464507
1089,0.332215,0.000305064,0.0150638,0.0220799,0.0604602,0.000116815,0.000170777,0.000463972
1090,0.33252,0.000305064,0.0150559,0.0220623,0.0603907,0.000116754,0.000170642,0.000463439
1091,0.332825,0.000305064,0.015048,0.0220446,0.0603213,0.000116693,0.000170506,0.000462907
1092,0.33313,0.000305064,0.0150401,0.022027,0.0602521,0.000116632,0.000170371,0.000462376
1093,0.333435,0.000305064,0.0150322,0.0220095,0.060183,0.000116571,0.000170237,0.000461845
1094,0.33374,0.000305064,0.0150243,0.0219919,0.060114,0.000116511,0.000170102,0.000461316
1095,0.334045,0.000305064,0.0150164,0.0219744,0.0600451,0.00011645,0.000169968,0.000460787
1096,0.33435,0.000305064,0.0150085,0.0219569,0.0599763,0.00011639,0.000169833,0.000460259
1097,0.334655,0.000305064,0.0150006,0.0219394,0.0599076,0.000116329,0.000169699,0.000459732
1098,0.33496,0.000305064,0.0149928,0.021922,0.059839,0.000116268,0.000169566,0.000459206
1099,0.335265,0.000305064,0.0149849,0.0219046,0.0597706,0.000116208,0.000169432,0.000458681
1100,0.33557,0.000305064,0.014977,0.0218872,0.0597023,0.000116148,0.000169299,0.000458156
1101,0.335876,0.000305064,0.0149692,0.0218698,0.059634,0.000116087,0.000169165,0.000457633
1102,0.336181,0.000305064,0.0149613,0.0218525,0.0595659,0.000116027,0.000169032,0.00045711
1103,0.336486,0.000305064,0.0149535,0.0218351,0.0594979,0.000115966,0.000168899,0.000456588
1104,0.336791,0.000305064,0.0149456,0.0218178,0.0594301,0.000115906,0.000168767,0.000456067
1105,0.337096,0.000305064,0.0149378,0.0218006,0.0593623,0.000115846,0.000168634,0.000455547
1106,0.337401,0.000305064,0.01493,0.0217833,0.0592946,0.000115786,0.000168502,0.000455028
1107,0.337706,0.000305064,0.0149222,0.0217661,0.0592271,0.000115726,0.00016837,0.000454509
1108,0.338011,0.000305064,0.0149143,0.0217489,0.0591596,0.000115665,0.000168238,0.000453992
1109,0.338316,0.000305064,0.0149065,0.0217317,0.0590923,0.000115605,0.000168106,0.000453475
1110,0.338621,0.000305064,0.0148987,0.0217145,0.0590251,0.000115545,0.000167974,0.000452959
1111,0.338926,0.000305064,0.0148909,0.0216974,0.0589579,0.000115485,0.000167843,0.000452444
1112,0.339231,0.000305064,0.0148831,0.0216803,0.0588909,0.000115425,0.000167712,0.00045193
1113,0.339536,0.000305064,0.0148753,0.0216632,0.0588241,0.000115365,0.00016758,0.000451417
1114,0.339841,0.000305064,0.0148676,0.0216462,0.0587573,0.000115305,0.00016745,0.000450904
1115,0.340146,0.000305064,0.0148598,0.0216291,0.0586906,0.000115246,0.000167319,0.000450392
1116,0.340451,0.000305064,0.014852,0.0216121,0.058624,0.000115186,0.000167188,0.000449882
1117,0.340757,0.000305064,0.0148442,0.0215951,0.0585576,0.000115126,0.000167058,0.000449371
1118,0.341062,0.000305064,0.0148365,0.0215782,0.0584912,0.000115066,0.000166928,0.000448862
1119,0.341367,0.000305064,0.0148287,0.0215612,0.058425,0.000115007,0.000166798,0.000448354
1120,0.341672,0.000305064,0.014821,0.0215443,0.0583588,0.000114947,0.000166668,0.000447846
1121,0.341977,0.000305064,0.0148132,0.0215274,0.0582928,0.000114887,0.000166538,0.00044734
1122,0.342282,0.000305064,0.0148055,0.0215105,0.0582269,0.000114828,0.000166409,0.000446834
1123,0.342587,0.000305064,0.0147977,0.0214937,0.0581611,0.000114768,0.00016628,0.000446329
1124,0.342892,0.000305064,0.01479,0.0214769,0.0580954,0.000114709,0.000166151,0.000445825
1125,0.343197,0.000305064,0.0147823,0.0214601,0.0580298,0.000114649,0.000166022,0.000445321
1126,0.343502,0.000305064,0.0147745,0.0214433,0.0579643,0.00011459,0.000165893,0.000444819
1127,0.343807,0.000305064,0.0147668,0.0214265,0.0578989,0.00011453,0.000165764,0.000444317
1128,0.344112,0.000305064,0.0147591,0.0214098,0.0578336,0.000114471,0.000165636,0.000443816
1129,0.344417,0.000305064,0.0147514,0.0213931,0.0577685,0.000114412,0.000165508,0.000443316
1130,0.344722,0.000305064,0.0147437,0.0213764,0.0577034,0.000114353,0.00016538,0.000442817
1131,0.345027,0.000305064,0.014736,0.0213597,0.0576384,0.000114293,0.000165252,0.000442318
1132,0.345333,0.000305064,0.0147283,0.0213431,0.0575736,0.000114234,0.000165124,0.00044182
1133,0.345638,0.000305064,0.0147206,0.0213265,0.0575088,0.000114175,0.000164996,0.000441323
1134,0.345943,0.000305064,0.0147129,0.0213099,0.0574442,0.000114116,0.000164869,0.000440827
1135,0.346248,0.000305064,0.0147053,0.0212933,0.0573796,0.000114057,0.000164742,0.000440332
1136,0.346553,0.000305064,0.0146976,0.0212768,0.0573152,0.000113998,0.000164615,0.000439838
1137,0.346858,0.000305064,0.0146899,0.0212602,0.0572508,0.000113939,0.000164488,0.000439344
1138,0.347163,0.000305064,0.0146823,0.0212437,0.0571866,0.00011388,0.000164361,0.000438851
1139,0.347468,0.000305064,0.0146746,0.0212272,0.0571225,0.000113821,0.000164235,0.000438359
1140,0.347773,0.000305064,0.0146669,0.0212108,0.0570585,0.000113762,0.000164109,0.000437868
1141,0.348078,0.000305064,0.0146593,0.0211943,0.0569945,0.000113703,0.000163982,0.000437377
1142,0.348383,0.000305064,0.0146517,0.0211779,0.0569307,0.000113644,0.000163856,0.000436887
1143,0.348688,0.000305064,0.014644,0.0211615,0.056867,0.000113586,0.00016373,0.000436406
1144,0.348993,0.000305064,0.0146364,0.0211452,0.0568034,0.000113527,0.000163605,0.00043593
1145,0.349298,0.000305064,0.0146288,0.0211288,0.0567399,0.000113468,0.000163479,0.000435455
1146,0.349603,0.000305064,0.0146211,0.0211125,0.0566765,0.000113409,0.000163354,0.000434981
1147,0.349908,0.000305064,0.0146135,0.0210962,0.0566132,0.000113351,0.000163229,0.000434508
1148,0.350214,0.000305064,0.0146059,0.0210799,0.05655,0.000113292,0.000163104,0.000434035
1149,0.350519,0.000305064,0.0145983,0.0210636,0.0564869,0.000113234,0.000162979,0.000433563
1150,0.350824,0.000305064,0.0145907,0.0210474,0.0564239,0.000113175,0.000162854,0.000433091
1151,0.351129,0.000305064,0.0145831,0.0210312,0.056361,0.000113117,0.00016273,0.000432621
1152,0.351434,0.000305064,0.0145755,0.021015,0.0562982,0.000113058,0.000162606,0.000432151
1153,0.351739,0.000305064,0.0145679,0.0209988,0.0562355,0.000113,0.000162481,0.000431682
1154,0.352044,0.000305064,0.0145603,0.0209827,0.0561729,0.000112941,0.000162357,0.000431214
1155,0.352349,0.000305064,0.0145528,0.0209665,0.0561104,0.000112883,0.000162234,0.000430746
1156,0.352654,0.000305064,0.0145452,0.0209504,0.056048,0.000112825,0.00016211,0.000430279
1157,0.352959,0.000305064,0.0145376,0.0209343,0.0559857,0.000112767,0.000161986,0.000429813
1158,0.353264,0.000305064,0.0145301,0.0209183,0.0559235,0.000112708,0.000161863,0.000429347
1159,0.353569,0.000305064,0.0145225,0.0209022,0.0558614,0.00011265,0.00016174,0.000428883
1160,0.353874,0.000305064,0.014515,0.0208862,0.0557994,0.000112592,0.000161617,0.000428419
1161,0.354179,0.000305064,0.0145074,0.0208702,0.0557375,0.000112534,0.000161494,0.000427955
1162,0.354484,0.000305064,0.0144999,0.0208542,0.0556757,0.000112476,0.000161371,0.000427493
1163,0.35479,0.000305064,0.0144923,0.0208382,0.055614,0.000112418,0.000161249,0.000427031
1164,0.355095,0.000305064,0.0144848,0.0208223,0.0555524,0.00011236,0.000161126,0.00042657
1165,0.3554,0.000305064,0.0144773,0.0208064,0.0554909,0.000112302,0.000161004,0.000426109
1166,0.355705,0.000305064,0.0144697,0.0207905,0.0554295,0.000112244,0.000160882,0.000425649
1167,0.35601,0.000305064,0.0144622,0.0207746,0.0553682,0.000112186,0.00016076,0.00042519
1168,0.356315,0.000305064,0.0144547,0.0207588,0.055307,0.000112128,0.000160638,0.000424732
1169,0.35662,0.000305064,0.0144472,0.0207429,0.0552458,0.00011207,0.000160517,0.000424274
1170,0.356925,0.000305064,0.0144397,0.0207271,0.0551848,0.000112013,0.000160395,0.000423817
1171,0.35723,0.000305064,0.0144322,0.0207113,0.0551239,0.000111955,0.000160274,0.000423361
1172,0.357535,0.000305064,0.0144247,0.0206955,0.0550631,0.000111897,0.000160153,0.000422906
1173,0.35784,0.000305064,0.0144172,0.0206798,0.0550024,0.000111839,0.000160032,0.000422451
1174,0.358145,0.000305064,0.0144097,0.0206641,0.0549417,0.000111782,0.000159911,0.000421997
1175,0.35845,0.000305064,0.0144022,0.0206484,0.0548812,0.000111724,0.000159791,0.000421543
1176,0.358755,0.000305064,0.0143948,0.0206327,0.0548208,0.000111667,0.00015967,0.000421091
1177,0.35906,0.000305064,0.0143873,0.020617,0.0547604,0.000111609,0.00015955,0.000420638
1178,0.359365,0.000305064,0.0143798,0.0206013,0.0547008,0.000111552,0.00015943,0.000420187
1179,0.359671,0.000305064,0.0143724,0.0205857,0.0546421,0.000111494,0.00015931,0.000419737
1180,0.359976,0.000305064,0.0143649,0.0205701,0.0545836,0.000111437,0.00015919,0.000419287
1181,0.360281,0.000305064,0.0143575,0.0205545,0.0545251,0.000111379,0.00015907,0.000418837
1182,0.360586,0.000305064,0.01435,0.020539,0.0544667,0.000111322,0.00015895,0.000418389
1183,0.360891,0.000305064,0.0143426,0.0205234,0.0544084,0.000111265,0.000158831,0.000417941
1184,0.361196,0.000305064,0.0143351,0.0205079,0.0543502,0.000111207,0.000158712,0.000417494
1185,0.361501,0.000305064,0.0143277,0.0204924,0.0542921,0.00011115,0.000158593,0.000417047
1186,0.361806,0.000305064,0.0143203,0.0204769,0.054234,0.000111093,0.000158474,0.000416601
1187,0.362111,0.000305064,0.0143129,0.0204614,0.0541761,0.000111036,0.000158355,0.000416156
1188,0.362416,0.000305064,0.0143054,0.020446,0.0541182,0.000110979,0.000158236,0.000415712
1189,0.362721,0.000305064,0.014298,0.0204306,0.0540605,0.000110922,0.000158118,0.000415268
1190,0.363026,0.000305064,0.0142906,0.0204151,0.0540028,0.000110865,0.000158,0.000414825
1191,0.363331,0.000305064,0.0142832,0.0203998,0.0539452,0.000110808,0.000157881,0.000414382
1192,0.363636,0.000305064,0.0142758,0.0203844,0.0538877,0.000110751,0.000157763,0.000413941
1193,0.363941,0.000305064,0.0142684,0.020369,0.0538303,0.000110694,0.000157645,0.0004135
1194,0.364246,0.000305064,0.014261,0.0203537,0.053773,0.000110637,0.000157528,0.000413059
1195,0.364552,0.000305064,0.0142536,0.0203384,0.0537157,0.00011058,0.00015741,0.000412619
1196,0.364857,0.000305064,0.0142463,0.0203231,0.0536586,0.000110523,0.000157293,0.00041218
1197,0.365162,0.000305064,0.0142389,0.0203079,0.0536015,0.000110466,0.000157175,0.000411742
1198,0.365467,0.000305064,0.0142315,0.0202926,0.0535445,0.000110409,0.000157058,0.000411304
1199,0.365772,0.000305064,0.0142241,0.0202774,0.0534876,0.000110353,0.000156941,0.000410867
1200,0.366077,0.000305064,0.0142168,0.0202622,0.0534308,0.000110296,0.000156824,0.000410431
1201,0.366382,0.000305064,0.0142094,0.020247,0.0533741,0.000110239,0.000156708,0.000409995
1202,0.366687,0.000305064,0.0142021,0.0202318,0.0533175,0.000110182,0.000156591,0.00040956
1203,0.366992,0.000305064,0.0141947,0.0202167,0.0532609,0.000110126,0.000156475,0.000409125
1204,0.367297,0.000305064,0.0141874,0.0202015,0.0532044,0.000110069,0.000156359,0.000408692
1205,0.367602,0.000305064,0.01418,0.0201864,0.0531481,0.000110013,0.000156243,0.000408259
1206,0.367907,0.000305064,0.0141727,0.0201713,0.0530918,0.000109956,0.000156127,0.000407826
1207,0.368212,0.000305064,0.0141654,0.0201562,0.0530356,0.0001099,0.000156011,0.000407394
1208,0.368517,0.000305064,0.014158,0.0201412,0.0529794,0.000109843,0.000155895,0.000406963
1209,0.368822,0.000305064,0.0141507,0.0201262,0.0529234,0.000109787,0.00015578,0.000406538
1210,0.369128,0.000305064,0.0141434,0.0201111,0.0528675,0.000109731,0.000155664,0.000406114
1211,0.369433,0.000305064,0.0141361,0.0200961,0.0528116,0.000109674,0.000155549,0.00040569
1212,0.369738,0.000305064,0.0141288,0.0200812,0.0527558,0.000109618,0.000155434,0.000405267
1213,0.370043,0.000305064,0.0141215,0.0200662,0.0527001,0.000109562,0.000155319,0.000404845
1214,0.370348,0.000305064,0.0141142,0.0200513,0.0526445,0.000109505,0.000155204,0.000404423
1215,0.370653,0.000305064,0.0141069,0.0200363,0.052589,0.000109449,0.00015509,0.000404002
1216,0.370958,0.000305064,0.0140996,0.0200214,0.0525335,0.000109393,0.000154975,0.000403582
1217,0.371263,0.000305064,0.0140923,0.0200066,0.0524782,0.000109337,0.000154861,0.000403162
1218,0.371568,0.000305064,0.014085,0.0199917,0.0524229,0.000109281,0.000154746,0.000402743
1219,0.371873,0.000305064,0.0140778,0.0199768,0.0523677,0.000109225,0.000154632,0.000402324
1220,0.372178,0.000305064,0.0140705,0.019962,0.0523126,0.000109169,0.000154518,0.000401906
1221,0.372483,0.000305064,0.0140632,0.0199472,0.0522575,0.000109113,0.000154405,0.000401489
1222,0.372788,0.000305064,0.014056,0.0199324,0.0522026,0.000109057,0.000154291,0.000401072
1223,0.373093,0.000305064,0.0140487,0.0199176,0.0521477,0.000109001,0.000154177,0.000400656
1224,0.373398,0.000305064,0.0140414,0.0199029,0.052093,0.000108945,0.000154064,0.00040024
1225,0.373703,0.000305064,0.0140342,0.0198881,0.0520383,0.000108889,0.000153951,0.000399826
1226,0.374009,0.000305064,0.0140269,0.0198734,0.0519836,0.000108833,0.000153838,0.000399411
1227,0.374314,0.000305064,0.0140197,0.0198587,0.0519291,0.000108777,0.000153725,0.000398998
1228,0.374619,0.000305064,0.0140125,0.019844,0.0518746,0.000108722,0.000153612,0.000398585
1229,0.374924,0.000305064,0.0140052,0.0198294,0.0518203,0.000108666,0.000153499,0.000398172
1230,0.375229,0.000305064,0.013998,0.0198147,0.051766,0.00010861,0.000153387,0.00039776
1231,0.375534,0.000305064,0.0139908,0.0198001,0.0517118,0.000108555,0.000153274,0.000397349
1232,0.375839,0.000305064,0.0139836,0.0197855,0.0516577,0.000108499,0.000153162,0.000396939
1233,0.376144,0.000305064,0.0139764,0.0197709,0.0516036,0.000108443,0.00015305,0.000396529
1234,0.376449,0.000305064,0.0139691,0.0197563,0.0515496,0.000108388,0.000152938,0.000396119
1235,0.376754,0.000305064,0.0139619,0.0197418,0.0514958,0.000108332,0.000152826,0.00039571
1236,0.377059,0.000305064,0.0139547,0.0197273,0.051442,0.000108277,0.000152714,0.000395302
1237,0.377364,0.000305064,0.0139475,0.0197127,0.0513882,0.000108221,0.000152603,0.000394894
1238,0.377669,0.000305064,0.0139404,0.0196982,0.0513346,0.000108166,0.000152491,0.000394488
1239,0.377974,0.000305064,0.0139332,0.0196838,0.051281,0.000108111,0.00015238,0.000394081
1240,0.378279,0.000305064,0.013926,0.0196693,0.0512275,0.000108055,0.000152269,0.000393675
1241,0.378585,0.000305064,0.0139188,0.0196548,0.0511741,0.000108,0.000152158,0.00039327
1242,0.37889,0.000305064,0.0139116,0.0196404,0.0511208,0.000107945,0.000152047,0.000392865
1243,0.379195,0.000305064,0.0139045,0.019626,0.0510676,0.000107889,0.000151936,0.000392461
1244,0.3795,0.000305064,0.0138973,0.0196116,0.0510144,0.000107834,0.000151826,0.000392058
1245,0.379805,0.000305064,0.0138901,0.0195972,0.0509613,0.000107779,0.000151715,0.000391655
1246,0.38011,0.000305064,0.013883,0.0195829,0.0509083,0.000107724,0.000151605,0.000391253
1247,0.380415,0.000305064,0.0138758,0.0195685,0.0508554,0.000107669,0.000151495,0.000390851
1248,0.38072,0.000305064,0.0138687,0.0195542,0.0508026,0.000107613,0.000151384,0.00039045
1249,0.381025,0.000305064,0.0138615,0.0195399,0.0507498,0.000107558,0.000151274,0.00039005
1250,0.38133,0.000305064,0.0138544,0.0195256,0.0506971,0.000107503,0.000151165,0.00038965
1251,0.381635,0.000305064,0.0138473,0.0195114,0.0506445,0.000107448,0.000151055,0.000389251
1252,0.38194,0.000305064,0.0138401,0.0194971,0.0505919,0.000107393,0.000150945,0.000388852
1253,0.382245,0.000305064,0.013833,0.0194829,0.0505395,0.000107338,0.000150836,0.000388454
1254,0.38255,0.000305064,0.0138259,0.0194687,0.0504871,0.000107284,0.000150727,0.000388056
1255,0.382855,0.000305064,0.0138188,0.0194545,0.0504348,0.000107229,0.000150618,0.000387659
1256,0.38316,0.000305064,0.0138117,0.0194403,0.0503826,0.000107174,0.000150508,0.000387263
1257,0.383466,0.000305064,0.0138045,0.0194261,0.0503305,0.000107119,0.0001504,0.000386867
1258,0.383771,0.000305064,0.0137974,0.019412,0.0502784,0.000107064,0.000150291,0.000386472
1259,0.384076,0.000305064,0.0137903,0.0193978,0.0502264,0.00010701,0.000150182,0.000386077
1260,0.384381,0.000305064,0.0137832,0.0193837,0.0501745,0.000106955,0.000150074,0.000385683
1261,0.384686,0.000305064,0.0137762,0.0193696,0.0501226,0.0001069,0.000149965,0.00038529
1262,0.384991,0.000305064,0.0137691,0.0193555,0.0500709,0.000106846,0.000149857,0.000384897
1263,0.385296,0.000305064,0.013762,0.0193415,0.0500192,0.000106791,0.000149749,0.000384504
1264,0.385601,0.000305064,0.0137549,0.0193274,0.0499676,0.000106736,0.000149641,0.000384113
1265,0.385906,0.000305064,0.0137478,0.0193134,0.0499161,0.000106682,0.000149533,0.000383721
1266,0.386211,0.000305064,0.0137408,0.0192994,0.0498646,0.000106627,0.000149425,0.000383331
1267,0.386516,0.000305064,0.0137337,0.0192854,0.0498132,0.000106573,0.000149318,0.000382941
1268,0.386821,0.000305064,0.0137266,0.0192714,0.0497619,0.000106518,0.00014921,0.000382551
1269,0.387126,0.000305064,0.0137196,0.0192574,0.0497107,0.000106464,0.000149103,0.000382162
1270,0.387431,0.000305064,0.0137125,0.0192435,0.0496596,0.000106409,0.000148996,0.000381774
1271,0.387736,0.000305064,0.0137055,0.0192296,0.0496085,0.000106355,0.000148889,0.000381386
1272,0.388041,0.000305064,0.0136984,0.0192157,0.0495575,0.000106301,0.000148782,0.000380999
1273,0.388347,0.000305064,0.0136914,0.0192018,0.0495066,0.000106246,0.000148675,0.000380612
1274,0.388652,0.000305064,0.0136843,0.0191879,0.0494557,0.000106192,0.000148568,0.000380226
1275,0.388957,0.000305064,0.0136773,0.019174,0.0494049,0.000106138,0.000148461,0.00037984
1276,0.389262,0.000305064,0.0136703,0.0191602,0.0493542,0.000106084,0.000148355,0.000379455
1277,0.389567,0.000305064,0.0136632,0.0191463,0.0493036,0.00010603,0.000148249,0.000379071
1278,0.389872,0.000305064,0.0136562,0.0191325,0.0492531,0.000105975,0.000148142,0.000378687
1279,0.390177,0.000305064,0.0136492,0.0191187,0.0492026,0.000105921,0.000148036,0.000378304
1280,0.390482,0.000305064,0.0136422,0.019105,0.0491522,0.000105867,0.00014793,0.000377921
1281,0.390787,0.000305064,0.0136352,0.0190912,0.0491019,0.000105813,0.000147825,0.000377539
1282,0.391092,0.000305064,0.0136282,0.0190774,0.0490517,0.000105759,0.000147719,0.000377157
1283,0.391397,0.000305064,0.0136212,0.0190637,0.0490021,0.000105705,0.000147613,0.000376776
1284,0.391702,0.000305064,0.0136142,0.01905,0.0489526,0.000105651,0.000147508,0.000376395
1285,0.392007,0.000305064,0.0136072,0.0190363,0.0489032,0.000105597,0.000147402,0.000376015
1286,0.392312,0.000305064,0.0136002,0.0190226,0.0488538,0.000105543,0.000147297,0.000375636
1287,0.392617,0.000305064,0.0135932,0.0190089,0.0488045,0.00010549,0.000147192,0.000375257
1288,0.392923,0.000305064,0.0135862,0.0189953,0.0487553,0.000105436,0.000147087,0.000374879
1289,0.393228,0.000305064,0.0135793,0.0189817,0.0487062,0.000105382,0.000146982,0.000374501
1290,0.393533,0.000305064,0.0135723,0.018968,0.0486571,0.000105328,0.000146878,0.000374124
1291,0.393838,0.000305064,0.0135653,0.0189544,0.0486081,0.000105274,0.000146773,0.000373747
1292,0.394143,0.000305064,0.0135584,0.0189409,0.0485592,0.000105221,0.000146668,0.000373371
1293,0.394448,0.000305064,0.0135514,0.0189273,0.0485103,0.000105167,0.000146564,0.000372995
1294,0.394753,0.000305064,0.0135444,0.0189137,0.0484615,0.000105113,0.00014646,0.000372625
1295,0.395058,0.000305064,0.0135375,0.0189002,0.0484128,0.00010506,0.000146356,0.000372259
1296,0.395363,0.000305064,0.0135306,0.0188867,0.0483642,0.000105006,0.000146252,0.000371894
1297,0.395668,0.000305064,0.0135236,0.0188732,0.0483156,0.000104953,0.000146148,0.000371529
1298,0.395973,0.000305064,0.0135167,0.0188597,0.0482671,0.000104899,0.000146044,0.000371165
1299,0.396278,0.000305064,0.0135097,0.0188462,0.0482186,0.000104846,0.00014594,0.000370801
1300,0.396583,0.000305064,0.0135028,0.0188327,0.0481703,0.000104792,0.000145837,0.000370438
1301,0.396888,0.000305064,0.0134959,0.0188193,0.048122,0.000104739,0.000145733,0.000370076
1302,0.397193,0.000305064,0.013489,0.0188059,0.0480737,0.000104685,0.00014563,0.000369714
1303,0.397498,0.000305064,0.013482,0.0187925,0.0480256,0.000104632,0.000145527,0.000369352
1304,0.397804,0.000305064,0.0134751,0.0187791,0.0479775,0.000104579,0.000145424,0.000368991
1305,0.398109,0.000305064,0.0134682,0.0187657,0.0479295,0.000104525,0.000145321,0.00036863
1306,0.398414,0.000305064,0.0134613,0.0187523,0.0478815,0.000104472,0.000145218,0.00036827
1307,0.398719,0.000305064,0.0134544,0.018739,0.0478336,0.000104419,0.000145116,0.00036791
1308,0.399024,0.000305064,0.0134475,0.0187256,0.0477858,0.000104366,0.000145013,0.000367551
1309,0.399329,0.000305064,0.0134406,0.0187123,0.0477381,0.000104312,0.000144911,0.000367193
1310,0.399634,0.000305064,0.0134337,0.018699,0.0476904,0.000104259,0.000144808,0.000366835
1311,0.399939,0.000305064,0.0134268,0.0186857,0.0476428,0.000104206,0.000144706,0.000366477
1312,0.400244,0.000305064,0.01342,0.0186725,0.0475952,0.000104153,0.000144604,0.00036612
1313,0.400549,0.000305064,0.0134131,0.0186592,0.0475477,0.0001041,0.000144502,0.000365763
1314,0.400854,0.000305064,0.0134062,0.018646,0.0475003,0.000104047,0.0001444,0.000365407
1315,0.401159,0.000305064,0.0133993,0.0186327,0.047453,0.000103994,0.000144298,0.000365051
1316,0.401464,0.000305064,0.0133925,0.0186195,0.0474057,0.000103941,0.000144197,0.000364696
1317,0.401769,0.000305064,0.0133856,0.0186063,0.0473585,0.000103888,0.000144095,0.000364341
1318,0.402074,0.000305064,0.0133788,0.0185931,0.0473114,0.000103835,0.000143994,0.000363987
1319,0.402379,0.000305064,0.0133719,0.01858,0.0472643,0.000103782,0.000143892,0.000363633
1320,0.402685,0.000305064,0.0133651,0.0185668,0.0472173,0.000103729,0.000143791,0.00036328
1321,0.40299,0.000305064,0.0133582,0.0185537,0.0471708,0.000103677,0.00014369,0.000362928
1322,0.403295,0.000305064,0.0133514,0.0185406,0.0471244,0.000103624,0.000143589,0.000362575
1323,0.4036,0.000305064,0.0133445,0.0185275,0.0470782,0.000103571,0.000143488,0.000362223
1324,0.403905,0.000305064,0.0133377,0.0185144,0.0470319,0.000103518,0.000143388,0.000361872
1325,0.40421,0.000305064,0.0133309,0.0185013,0.0469858,0.000103466,0.000143287,0.000361521
1326,0.404515,0.000305064,0.013324,0.0184882,0.0469397,0.000103413,0.000143187,0.000361171
1327,0.40482,0.000305064,0.0133172,0.0184752,0.0468937,0.00010336,0.000143086,0.000360821
1328,0.405125,0.000305064,0.0133104,0.0184622,0.0468478,0.000103308,0.000142986,0.000360472
1329,0.40543,0.000305064,0.0133036,0.0184491,0.0468019,0.000103255,0.000142886,0.000360123
1330,0.405735,0.000305064,0.0132968,0.0184361,0.046756,0.000103203,0.000142786,0.000359775
1331,0.40604,0.000305064,0.01329,0.0184232,0.0467103,0.00010315,0.000142686,0.000359427
1332,0.406345,0.000305064,0.0132832,0.0184102,0.0466646,0.000103098,0.000142586,0.000359079
1333,0.40665,0.000305064,0.0132764,0.0183972,0.046619,0.000103045,0.000142486,0.000358732
1334,0.406955,0.000305064,0.0132696,0.0183843,0.0465734,0.000102993,0.000142387,0.000358386
1335,0.407261,0.000305064,0.0132628,0.0183714,0.0465279,0.00010294,0.000142287,0.00035804
1336,0.407566,0.000305064,0.013256,0.0183584,0.0464824,0.000102888,0.000142188,0.000357694
1337,0.407871,0.000305064,0.0132492,0.0183455,0.0464374,0.000102836,0.000142089,0.000357349
1338,0.408176,0.000305064,0.0132425,0.0183327,0.0463926,0.000102783,0.00014199,0.000357005
1339,0.408481,0.000305064,0.0132357,0.0183198,0.0463479,0.000102731,0.000141891,0.00035666
1340,0.408786,0.000305064,0.0132289,0.0183069,0.0463032,0.000102679,0.000141792,0.000356317
1341,0.409091,0.000305064,0.0132221,0.0182941,0.0462586,0.000102627,0.000141693,0.000355974
1342,0.409396,0.000305064,0.0132154,0.0182813,0.0462141,0.000102575,0.000141594,0.000355631
1343,0.409701,0.000305064,0.0132086,0.0182685,0.0461696,0.000102522,0.000141495,0.000355289
1344,0.410006,0.000305064,0.0132019,0.0182557,0.0461252,0.00010247,0.000141397,0.000354947
1345,0.410311,0.000305064,0.0131951,0.0182429,0.0460809,0.000102418,0.000141299,0.000354606
1346,0.410616,0.000305064,0.0131884,0.0182301,0.0460366,0.000102366,0.0001412,0.000354265
1347,0.410921,0.000305064,0.0131816,0.0182174,0.0459923,0.000102314,0.000141102,0.000353924
1348,0.411226,0.000305064,0.0131749,0.0182046,0.0459482,0.000102262,0.000141004,0.000353584
1349,0.411531,0.000305064,0.0131682,0.0181919,0.0459041,0.00010221,0.000140906,0.000353245
1350,0.411836,0.000305064,0.0131614,0.0181792,0.04586,0.000102158,0.000140808,0.000352906
1351,0.412142,0.000305064,0.0131547,0.0181665,0.045816,0.000102106,0.000140711,0.000352567
1352,0.412447,0.000305064,0.013148,0.0181538,0.0457721,0.000102054,0.000140613,0.000352229
1353,0.412752,0.000305064,0.0131413,0.0181411,0.0457282,0.000102002,0.000140516,0.000351892
1354,0.413057,0.000305064,0.0131345,0.0181285,0.0456844,0.000101951,0.000140418,0.000351555
1355,0.413362,0.000305064,0.0131278,0.0181158,0.0456407,0.000101899,0.000140321,0.000351218
1356,0.413667,0.000305064,0.0131211,0.0181032,0.045597,0.000101847,0.000140224,0.000350882
1357,0.413972,0.000305064,0.0131144,0.0180906,0.0455533,0.000101795,0.000140127,0.000350546
1358,0.414277,0.000305064,0.0131077,0.018078,0.0455098,0.000101744,0.00014003,0.000350211
1359,0.414582,0.000305064,0.013101,0.0180654,0.0454662,0.000101692,0.000139933,0.000349876
1360,0.414887,0.000305064,0.0130943,0.0180528,0.0454228,0.00010164,0.000139836,0.000349541
1361,0.415192,0.000305064,0.0130876,0.0180403,0.0453794,0.000101589,0.000139739,0.000349207
1362,0.415497,0.000305064,0.013081,0.0180278,0.0453361,0.000101537,0.000139643,0.000348874
1363,0.415802,0.000305064,0.0130743,0.0180152,0.0452928,0.000101485,0.000139546,0.000348541
1364,0.416107,0.000305064,0.0130676,0.0180027,0.0452496,0.000101434,0.00013945,0.000348208
1365,0.416412,0.000305064,0.0130609,0.0179902,0.0452064,0.000101382,0.000139354,0.000347876
1366,0.416718,0.000305064,0.0130543,0.0179777,0.0451633,0.000101331,0.000139258,0.000347544
1367,0.417023,0.000305064,0.0130476,0.0179652,0.0451202,0.000101279,0.000139162,0.000347213
1368,0.417328,0.000305064,0.0130409,0.0179528,0.0450773,0.000101228,0.000139066,0.000346882
1369,0.417633,0.000305064,0.0130343,0.0179403,0.0450343,0.000101177,0.00013897,0.000346552
1370,0.417938,0.000305064,0.0130276,0.0179279,0.0449915,0.000101125,0.000138874,0.000346222
1371,0.418243,0.000305064,0.013021,0.0179155,0.0449486,0.000101074,0.000138779,0.000345892
1372,0.418548,0.000305064,0.0130143,0.0179031,0.0449059,0.000101023,0.000138683,0.000345563
1373,0.418853,0.000305064,0.0130077,0.0178907,0.0448632,0.000100971,0.000138588,0.000345235
1374,0.419158,0.000305064,0.013001,0.0178783,0.0448206,0.00010092,0.000138493,0.000344907
1375,0.419463,0.000305064,0.0129944,0.017866,0.044778,0.000100869,0.000138397,0.000344579
1376,0.419768,0.000305064,0.0129878,0.0178536,0.0447354,0.000100818,0.000138302,0.000344252
1377,0.420073,0.000305064,0.0129811,0.0178413,0.044693,0.000100766,0.000138207,0.000343925
1378,0.420378,0.000305064,0.0129745,0.0178289,0.0446506,0.000100715,0.000138113,0.000343598
1379,0.420683,0.000305064,0.0129679,0.0178166,0.0446082,0.000100664,0.000138018,0.000343273
1380,0.420988,0.000305064,0.0129613,0.0178043,0.0445659,0.000100613,0.000137923,0.000342947
1381,0.421293,0.000305064,0.0129547,0.0177921,0.0445237,0.000100562,0.000137829,0.000342622
1382,0.421599,0.000305064,0.0129481,0.0177798,0.0444815,0.000100511,0.000137734,0.000342297
1383,0.421904,0.000305064,0.0129415,0.0177675,0.0444394,0.00010046,0.00013764,0.000341973
1384,0.422209,0.000305064,0.0129349,0.0177553,0.0443973,0.000100409,0.000137545,0.000341649
1385,0.422514,0.000305064,0.0129283,0.0177431,0.0443553,0.000100358,0.000137451,0.000341326
1386,0.422819,0.000305064,0.0129217,0.0177308,0.0443133,0.000100307,0.000137357,0.000341003
1387,0.423124,0.000305064,0.0129151,0.0177186,0.0442714,0.000100256,0.000137263,0.000340681
1388,0.423429,0.000305064,0.0129085,0.0177064,0.0442296,0.000100205,0.000137169,0.000340359
1389,0.423734,0.000305064,0.0129019,0.0176943,0.0441878,0.000100155,0.000137076,0.000340037
1390,0.424039,0.000305064,0.0128953,0.0176821,0.044146,0.000100104,0.000136982,0.000339716
1391,0.424344,0.000305064,0.0128888,0.01767,0.0441044,0.000100053,0.000136888,0.000339395
1392,0.424649,0.000305064,0.0128822,0.0176578,0.0440628,0.000100002,0.000136795,0.000339075
1393,0.424954,0.000305064,0.0128756,0.0176457,0.0440212,9.99516e-05,0.000136702,0.000338755
1394,0.425259,0.000305064,0.0128691,0.0176336,0.0439797,9.99009e-05,0.000136608,0.000338436
1395,0.425564,0.000305064,0.0128625,0.0176215,0.0439382,9.98503e-05,0.000136515,0.000338117
1396,0.425869,0.000305064,0.0128559,0.0176094,0.0438968,9.97996e-05,0.000136422,0.000337798
1397,0.426174,0.000305064,0.0128494,0.0175973,0.0438555,9.9749e-05,0.000136329,0.00033748
1398,0.42648,0.000305064,0.0128428,0.0175853,0.0438142,9.96985e-05,0.000136236,0.000337162
1399,0.426785,0.000305064,0.0128363,0.0175732,0.043773,9.96479e-05,0.000136144,0.000336845
1400,0.42709,0.000305064,0.0128297,0.0175612,0.0437318,9.95974e-05,0.000136051,0.000336528
1401,0.427395,0.000305064,0.0128232,0.0175492,0.0436907,9.95469e-05,0.000135958,0.000336212
1402,0.4277,0.000305064,0.0128167,0.0175372,0.0436496,9.94965e-05,0.000135866,0.000335896
1403,0.428005,0.000305064,0.0128101,0.0175252,0.0436086,9.9446e-05,0.000135774,0.00033558
1404,0.42831,0.000305064,0.0128036,0.0175132,0.0435676,9.93956e-05,0.000135681,0.000335265
1405,0.428615,0.000305064,0.0127971,0.0175012,0.0435267,9.93453e-05,0.000135589,0.00033495
1406,0.42892,0.000305064,0.0127906,0.0174893,0.0434859,9.92949e-05,0.000135497,0.000334636
1407,0.429225,0.000305064,0.0127841,0.0174773,0.0434451,9.92446e-05,0.000135405,0.000334322
1408,0.42953,0.000305064,0.0127775,0.0174654,0.0434043,9.91943e-05,0.000135313,0.000334008
1409,0.429835,0.000305064,0.012771,0.0174535,0.0433636,9.9144e-05,0.000135222,0.000333695
1410,0.43014,0.000305064,0.0127645,0.0174416,0.043323,9.90938e-05,0.00013513,0.000333382
1411,0.430445,0.000305064,0.012758,0.0174297,0.0432824,9.90436e-05,0.000135038,0.00033307
1412,0.43075,0.000305064,0.0127515,0.0174178,0.0432419,9.89934e-05,0.000134947,0.000332758
1413,0.431056,0.000305064,0.012745,0.0174059,0.0432014,9.89432e-05,0.000134855,0.000332447
1414,0.431361,0.000305064,0.0127386,0.0173941,0.043161,9.88931e-05,0.000134764,0.000332136
1415,0.431666,0.000305064,0.0127321,0.0173822,0.0431206,9.8843e-05,0.000134673,0.000331825
1416,0.431971,0.000305064,0.0127256,0.0173704,0.0430803,9.87929e-05,0.000134582,0.000331515
1417,0.432276,0.000305064,0.0127191,0.0173586,0.0430401,9.87429e-05,0.000134491,0.000331205
1418,0.432581,0.000305064,0.0127126,0.0173468,0.0429999,9.86929e-05,0.0001344,0.000330896
1419,0.432886,0.000305064,0.0127062,0.017335,0.0429597,9.86429e-05,0.000134309,0.000330587
1420,0.433191,0.000305064,0.0126997,0.0173232,0.0429196,9.85929e-05,0.000134218,0.000330278
1421,0.433496,0.000305064,0.0126932,0.0173115,0.0428796,9.8543e-05,0.000134128,0.00032997
1422,0.433801,0.000305064,0.0126868,0.0172997,0.0428396,9.8493e-05,0.000134037,0.000329662
1423,0.434106,0.000305064,0.0126803,0.017288,0.0427996,9.84432e-05,0.000133947,0.00032936
1424,0.434411,0.000305064,0.0126738,0.0172762,0.0427597,9.83933e-05,0.000133856,0.00032906
1425,0.434716,0.000305064,0.0126674,0.0172645,0.0427199,9.83435e-05,0.000133766,0.00032876
1426,0.435021,0.000305064,0.0126609,0.0172528,0.0426801,9.82937e-05,0.000133676,0.000328461
1427,0.435326,0.000305064,0.0126545,0.0172411,0.0426404,9.82439e-05,0.000133586,0.000328162
1428,0.435631,0.000305064,0.0126481,0.0172294,0.0426007,9.81941e-05,0.000133496,0.000327863
1429,0.435937,0.000305064,0.0126416,0.0172178,0.0425611,9.81444e-05,0.000133406,0.000327565
1430,0.436242,0.000305064,0.0126352,0.0172061,0.0425215,9.80947e-05,0.000133316,0.000327268
1431,0.436547,0.000305064,0.0126288,0.0171945,0.042482,9.80451e-05,0.000133227,0.00032697
1432,0.436852,0.000305064,0.0126223,0.0171828,0.0424425,9.79954e-05,0.000133137,0.000326673
1433,0.437157,0.000305064,0.0126159,0.0171712,0.0424031,9.79458e-05,0.000133047,0.000326377
1434,0.437462,0.000305064,0.0126095,0.0171596,0.0423638,9.78962e-05,0.000132958,0.00032608
1435,0.437767,0.000305064,0.0126031,0.017148,0.0423244,9.78467e-05,0.000132869,0.000325784
1436,0.438072,0.000305064,0.0125967,0.0171364,0.0422852,9.77972e-05,0.00013278,0.000325489
1437,0.438377,0.000305064,0.0125903,0.0171249,0.042246,9.77476e-05,0.00013269,0.000325194
1438,0.438682,0.000305064,0.0125839,0.0171133,0.0422068,9.76982e-05,0.000132601,0.000324899
1439,0.438987,0.000305064,0.0125775,0.0171018,0.0421677,9.76487e-05,0.000132512,0.000324605
1440,0.439292,0.000305064,0.0125711,0.0170902,0.0421286,9.75993e-05,0.000132424,0.000324311
1441,0.439597,0.000305064,0.0125647,0.0170787,0.0420896,9.75499e-05,0.000132335,0.000324017
1442,0.439902,0.000305064,0.0125583,0.0170672,0.0420507,9.75006e-05,0.000132246,0.000323724
1443,0.440207,0.000305064,0.0125519,0.0170557,0.0420118,9.74512e-05,0.000132158,0.000323431
1444,0.440513,0.000305064,0.0125455,0.0170442,0.0419729,9.74019e-05,0.000132069,0.000323138
1445,0.440818,0.000305064,0.0125391,0.0170327,0.0419341,9.73526e-05,0.000131981,0.000322846
1446,0.441123,0.000305064,0.0125328,0.0170213,0.0418954,9.73034e-05,0.000131892,0.000322555
1447,0.441428,0.000305064,0.0125264,0.0170098,0.0418567,9.72542e-05,0.000131804,0.000322263
1448,0.441733,0.000305064,0.01252,0.0169984,0.041818,9.7205e-05,0.000131716,0.000321972
1449,0.442038,0.000305064,0.0125137,0.016987,0.0417795,9.71558e-05,0.000131628,0.000321682
1450,0.442343,0.000305064,0.0125073,0.0169755,0.0417409,9.71066e-05,0.00013154,0.000321391
1451,0.442648,0.000305064,0.0125009,0.0169641,0.0417024,9.70575e-05,0.000131452,0.000321101
1452,0.442953,0.000305064,0.0124946,0.0169527,0.041664,9.70084e-05,0.000131364,0.000320812
1453,0.443258,0.000305064,0.0124882,0.0169414,0.0416256,9.69594e-05,0.000131277,0.000320523
1454,0.443563,0.000305064,0.0124819,0.01693,0.0415872,9.69103e-05,0.000131189,0.000320234
1455,0.443868,0.000305064,0.0124755,0.0169186,0.0415489,9.68613e-05,0.000131102,0.000319945
1456,0.444173,0.000305064,0.0124692,0.0169073,0.0415107,9.68123e-05,0.000131014,0.000319657
1457,0.444478,0.000305064,0.0124629,0.016896,0.0414725,9.67634e-05,0.000130927,0.00031937
1458,0.444783,0.000305064,0.0124565,0.0168846,0.0414343,9.67144e-05,0.00013084,0.000319082
1459,0.445088,0.000305064,0.0124502,0.0168733,0.0413962,9.66655e-05,0.000130753,0.000318795
1460,0.445394,0.000305064,0.0124439,0.016862,0.0413582,9.66167e-05,0.000130665,0.000318509
1461,0.445699,0.000305064,0.0124376,0.0168507,0.0413204,9.65678e-05,0.000130578,0.000318222
1462,0.446004,0.000305064,0.0124312,0.0168395,0.0412833,9.6519e-05,0.000130492,0.000317936
1463,0.446309,0.000305064,0.0124249,0.0168282,0.0412462,9.64702e-05,0.000130405,0.000317651
1464,0.446614,0.000305064,0.0124186,0.016817,0.0412092,9.64214e-05,0.000130318,0.000317366
1465,0.446919,0.000305064,0.0124123,0.0168057,0.0411722,9.63726e-05,0.000130232,0.000317081
1466,0.447224,0.000305064,0.012406,0.0167945,0.0411353,9.63239e-05,0.000130145,0.000316796
1467,0.447529,0.000305064,0.0123997,0.0167833,0.0410984,9.62752e-05,0.000130059,0.000316512
1468,0.447834,0.000305064,0.0123934,0.0167721,0.0410616,9.62265e-05,0.000129972,0.000316229
1469,0.448139,0.000305064,0.0123871,0.0167609,0.0410248,9.61779e-05,0.000129886,0.000315945
1470,0.448444,0.000305064,0.0123808,0.0167497,0.040988,9.61293e-05,0.0001298,0.000315662
1471,0.448749,0.000305064,0.0123745,0.0167385,0.0409513,9.60807e-05,0.000129714,0.000315379
1472,0.449054,0.000305064,0.0123682,0.0167273,0.0409147,9.60321e-05,0.000129628,0.000315097
1473,0.449359,0.000305064,0.012362,0.0167162,0.040878,9.59836e-05,0.000129542,0.000314815
1474,0.449664,0.000305064,0.0123557,0.0167051,0.0408415,9.59351e-05,0.000129456,0.000314533
1475,0.449969,0.000305064,0.0123494,0.0166939,0.040805,9.58866e-05,0.00012937,0.000314252
1476,0.450275,0.000305064,0.0123431,0.0166828,0.0407685,9.58381e-05,0.000129284,0.000313971
1477,0.45058,0.000305064,0.0123369,0.0166717,0.0407321,9.57897e-05,0.000129199,0.000313691
1478,0.450885,0.000305064,0.0123306,0.0166606,0.0406957,9.57413e-05,0.000129113,0.000313411
1479,0.45119,0.000305064,0.0123243,0.0166495,0.0406593,9.56929e-05,0.000129028,0.000313131
1480,0.451495,0.000305064,0.0123181,0.0166385,0.0406231,9.56445e-05,0.000128943,0.000312851
1481,0.4518,0.000305064,0.0123118,0.0166274,0.0405868,9.55962e-05,0.000128857,0.000312572
1482,0.452105,0.000305064,0.0123056,0.0166164,0.0405506,9.55479e-05,0.000128772,0.000312293
1483,0.45241,0.000305064,0.0122993,0.0166053,0.0405145,9.54996e-05,0.000128687,0.000312015
1484,0.452715,0.000305064,0.0122931,0.0165943,0.0404783,9.54514e-05,0.000128602,0.000311737
1485,0.45302,0.000305064,0.0122868,0.0165833,0.0404423,9.54031e-05,0.000128517,0.000311459
1486,0.453325,0.000305064,0.0122806,0.0165723,0.0404063,9.53549e-05,0.000128433,0.000311181
1487,0.45363,0.000305064,0.0122744,0.0165613,0.0403703,9.53068e-05,0.000128348,0.000310907
1488,0.453935,0.000305064,0.0122681,0.0165503,0.0403344,9.52586e-05,0.000128263,0.000310633
1489,0.45424,0.000305064,0.0122619,0.0165393,0.0402985,9.52105e-05,0.000128179,0.00031036
1490,0.454545,0.000305064,0.0122557,0.0165284,0.0402626,9.51624e-05,0.000128094,0.000310087
1491,0.454851,0.000305064,0.0122495,0.0165174,0.0402268,9.51143e-05,0.00012801,0.000309815
1492,0.455156,0.000305064,0.0122433,0.0165065,0.0401911,9.50663e-05,0.000127925,0.000309543
1493,0.455461,0.000305064,0.0122371,0.0164956,0.0401554,9.50183e-05,0.000127841,0.000309271
1494,0.455766,0.000305064,0.0122308,0.0164846,0.0401197,9.49703e-05,0.000127757,0.000309
1495,0.456071,0.000305064,0.0122246,0.0164737,0.0400841,9.49223e-05,0.000127673,0.000308728
1496,0.456376,0.000305064,0.0122184,0.0164628,0.0400485,9.48744e-05,0.000127589,0.000308458
1497,0.456681,0.000305064,0.0122122,0.016452,0.040013,9.48265e-05,0.000127505,0.000308187
1498,0.456986,0.000305064,0.012206,0.0164411,0.0399775,9.47786e-05,0.000127421,0.000307917
1499,0.457291,0.000305064,0.0121998,0.0164302,0.0399421,9.47307e-05,0.000127338,0.000307647
1500,0.457596,0.000305064,0.0121937,0.0164194,0.0399067,9.46829e-05,0.000127254,0.000307378
1501,0.457901,0.000305064,0.0121875,0.0164085,0.0398713,9.46351e-05,0.000127171,0.000307109
1502,0.458206,0.000305064,0.0121813,0.0163977,0.039836,9.45873e-05,0.000127087,0.00030684
1503,0.458511,0.000305064,0.0121751,0.0163869,0.0398008,9.45395e-05,0.000127004,0.000306572
1504,0.458816,0.000305064,0.0121689,0.0163761,0.0397655,9.44918e-05,0.00012692,0.000306303
1505,0.459121,0.000305064,0.0121628,0.0163653,0.0397304,9.44441e-05,0.000126837,0.000306036
1506,0.459426,0.000305064,0.0121566,0.0163545,0.0396952,9.43964e-05,0.000126754,0.000305768
1507,0.459732,0.000305064,0.0121504,0.0163437,0.0396601,9.43487e-05,0.000126671,0.000305501
1508,0.460037,0.000305064,0.0121443,0.016333,0.0396251,9.43011e-05,0.000126588,0.000305234
1509,0.460342,0.000305064,0.0121381,0.0163222,0.0395901,9.42535e-05,0.000126505,0.000304968
1510,0.460647,0.000305064,0.012132,0.0163115,0.0395551,9.42059e-05,0.000126422,0.000304702
1511,0.460952,0.000305064,0.0121258,0.0163007,0.0395202,9.41584e-05,0.000126339,0.000304436
1512,0.461257,0.000305064,0.0121197,0.01629,0.0394853,9.41109e-05,0.000126257,0.00030417
1513,0.461562,0.000305064,0.0121135,0.0162793,0.0394505,9.40634e-05,0.000126174,0.000303905
1514,0.461867,0.000305064,0.0121074,0.0162686,0.0394157,9.40159e-05,0.000126092,0.00030364
1515,0.462172,0.000305064,0.0121012,0.0162579,0.039381,9.39684e-05,0.000126009,0.000303376
1516,0.462477,0.000305064,0.0120951,0.0162472,0.0393463,9.3921e-05,0.000125927,0.000303111
1517,0.462782,0.000305064,0.012089,0.0162365,0.0393116,9.38736e-05,0.000125845,0.000302847
1518,0.463087,0.000305064,0.0120828,0.0162259,0.039277,9.38262e-05,0.000125763,0.000302584
1519,0.463392,0.000305064,0.0120767,0.0162152,0.0392424,9.37789e-05,0.00012568,0.000302321
1520,0.463697,0.000305064,0.0120706,0.0162046,0.0392079,9.37316e-05,0.000125598,0.000302058
1521,0.464002,0.000305064,0.0120645,0.016194,0.0391734,9.36843e-05,0.000125516,0.000301795
1522,0.464308,0.000305064,0.0120584,0.0161834,0.039139,9.3637e-05,0.000125435,0.000301533
1523,0.464613,0.000305064,0.0120523,0.0161727,0.0391045,9.35898e-05,0.000125353,0.000301271
1524,0.464918,0.000305064,0.0120462,0.0161622,0.0390702,9.35426e-05,0.000125271,0.000301009
1525,0.465223,0.000305064,0.0120401,0.0161516,0.0390359,9.34954e-05,0.00012519,0.000300748
1526,0.465528,0.000305064,0.0120339,0.016141,0.0390016,9.34482e-05,0.000125108,0.000300487
1527,0.465833,0.000305064,0.0120279,0.0161304,0.0389674,9.34011e-05,0.000125027,0.000300226
1528,0.466138,0.000305064,0.0120218,0.0161199,0.0389332,9.33539e-05,0.000124945,0.000299965
1529,0.466443,0.000305064,0.0120157,0.0161093,0.038899,9.33068e-05,0.000124864,0.000299705
1530,0.466748,0.000305064,0.0120096,0.0160988,0.0388649,9.32598e-05,0.000124783,0.000299446
1531,0.467053,0.000305064,0.0120035,0.0160883,0.0388308,9.32127e-05,0.000124701,0.000299186
1532,0.467358,0.000305064,0.0119974,0.0160778,0.0387968,9.31657e-05,0.00012462,0.000298927
1533,0.467663,0.000305064,0.0119913,0.0160672,0.0387628,9.31187e-05,0.000124539,0.000298668
1534,0.467968,0.000305064,0.0119853,0.0160568,0.0387289,9.30717e-05,0.000124459,0.00029841
1535,0.468273,0.000305064,0.0119792,0.0160463,0.038695,9.30248e-05,0.000124378,0.000298151
1536,0.468578,0.000305064,0.0119731,0.0160358,0.0386611,9.29779e-05,0.000124297,0.000297894
1537,0.468883,0.000305064,0.0119671,0.0160253,0.0386273,9.2931e-05,0.000124216,0.000297636
1538,0.469189,0.000305064,0.011961,0.0160149,0.0385935,9.28841e-05,0.000124136,0.000297379
1539,0.469494,0.000305064,0.0119549,0.0160044,0.0385598,9.28373e-05,0.000124055,0.000297122
1540,0.469799,0.000305064,0.0119489,0.015994,0.0385261,9.27905e-05,0.000123975,0.000296865
1541,0.470104,0.000305064,0.0119428,0.0159836,0.0384925,9.27437e-05,0.000123894,0.000296609
1542,0.470409,0.000305064,0.0119368,0.0159732,0.0384589,9.26969e-05,0.000123814,0.000296353
1543,0.470714,0.000305064,0.0119307,0.0159628,0.0384253,9.26501e-05,0.000123734,0.000296097
1544,0.471019,0.000305064,0.0119247,0.0159524,0.0383918,9.26034e-05,0.000123654,0.000295842
1545,0.471324,0.000305064,0.0119187,0.015942,0.0383583,9.25567e-05,0.000123574,0.000295586
1546,0.471629,0.000305064,0.0119126,0.0159316,0.0383248,9.25101e-05,0.000123494,0.000295332
1547,0.471934,0.000305064,0.0119066,0.0159213,0.0382914,9.24634e-05,0.000123414,0.000295077
1548,0.472239,0.000305064,0.0119006,0.0159109,0.0382581,9.24168e-05,0.000123334,0.000294823
1549,0.472544,0.000305064,0.0118945,0.0159006,0.0382247,9.23702e-05,0.000123254,0.000294569
1550,0.472849,0.000305064,0.0118885,0.0158902,0.0381914,9.23236e-05,0.000123174,0.000294315
1551,0.473154,0.000305064,0.0118825,0.0158799,0.0381582,9.22771e-05,0.000123095,0.000294062
1552,0.473459,0.000305064,0.0118765,0.0158696,0.038125,9.22306e-05,0.000123015,0.000293809
1553,0.473764,0.000305064,0.0118705,0.0158593,0.0380918,9.21841e-05,0.000122936,0.000293557
1554,0.47407,0.000305064,0.0118645,0.015849,0.0380587,9.21376e-05,0.000122856,0.000293304
1555,0.474375,0.000305064,0.0118585,0.0158387,0.0380256,9.20912e-05,0.000122777,0.000293052
1556,0.47468,0.000305064,0.0118525,0.0158284,0.0379926,9.20448e-05,0.000122698,0.0002928
1557,0.474985,0.000305064,0.0118465,0.0158182,0.0379596,9.19984e-05,0.000122619,0.000292549
1558,0.47529,0.000305064,0.0118405,0.0158079,0.0379266,9.1952e-05,0.00012254,0.000292298
1559,0.475595,0.000305064,0.0118345,0.0157977,0.0378937,9.19057e-05,0.000122461,0.000292047
1560,0.4759,0.000305064,0.0118285,0.0157874,0.0378608,9.18593e-05,0.000122382,0.000291796
1561,0.476205,0.000305064,0.0118225,0.0157772,0.037828,9.18131e-05,0.000122303,0.000291546
1562,0.47651,0.000305064,0.0118165,0.015767,0.0377952,9.17668e-05,0.000122224,0.000291296
1563,0.476815,0.000305064,0.0118105,0.0157568,0.0377624,9.17205e-05,0.000122145,0.000291046
1564,0.47712,0.000305064,0.0118046,0.0157466,0.0377297,9.16743e-05,0.000122067,0.000290797
1565,0.477425,0.000305064,0.0117986,0.0157364,0.0376974,9.16281e-05,0.000121988,0.000290548
1566,0.47773,0.000305064,0.0117926,0.0157262,0.0376651,9.1582e-05,0.00012191,0.000290299
1567,0.478035,0.000305064,0.0117866,0.0157161,0.0376329,9.15358e-05,0.000121831,0.000290051
1568,0.47834,0.000305064,0.0117807,0.0157059,0.0376007,9.14897e-05,0.000121753,0.000289803
1569,0.478646,0.000305064,0.0117747,0.0156958,0.0375685,9.14436e-05,0.000121675,0.000289555
1570,0.478951,0.000305064,0.0117688,0.0156856,0.0375364,9.13976e-05,0.000121597,0.000289307
1571,0.479256,0.000305064,0.0117628,0.0156755,0.0375043,9.13515e-05,0.000121518,0.00028906
1572,0.479561,0.000305064,0.0117569,0.0156654,0.0374723,9.13055e-05,0.00012144,0.000288813
1573,0.479866,0.000305064,0.0117509,0.0156553,0.0374402,9.12595e-05,0.000121362,0.000288566
1574,0.480171,0.000305064,0.011745,0.0156452,0.0374083,9.12135e-05,0.000121285,0.00028832
1575,0.480476,0.000305064,0.011739,0.0156351,0.0373763,9.11676e-05,0.000121207,0.000288074
1576,0.480781,0.000305064,0.0117331,0.015625,0.0373444,9.11217e-05,0.000121129,0.000287828
1577,0.481086,0.000305064,0.0117272,0.015615,0.0373126,9.10758e-05,0.000121051,0.000287582
1578,0.481391,0.000305064,0.0117212,0.0156049,0.0372808,9.10299e-05,0.000120974,0.000287337
1579,0.481696,0.000305064,0.0117153,0.0155948,0.037249,9.0984e-05,0.000120896,0.000287092
1580,0.482001,0.000305064,0.0117094,0.0155848,0.0372172,9.09382e-05,0.000120819,0.000286848
1581,0.482306,0.000305064,0.0117035,0.0155748,0.0371855,9.08924e-05,0.000120741,0.000286603
1582,0.482611,0.000305064,0.0116975,0.0155647,0.0371539,9.08466e-05,0.000120664,0.000286359
1583,0.482916,0.000305064,0.0116916,0.0155547,0.0371222,9.08009e-05,0.000120587,0.000286115
1584,0.483221,0.000305064,0.0116857,0.0155447,0.0370907,9.07552e-05,0.00012051,0.000285872
1585,0.483527,0.000305064,0.0116798,0.0155347,0.0370591,9.07095e-05,0.000120433,0.000285629
1586,0.483832,0.000305064,0.0116739,0.0155247,0.0370276,9.06638e-05,0.000120355,0.000285386
1587,0.484137,0.000305064,0.011668,0.0155148,0.0369961,9.06181e-05,0.000120279,0.000285143
1588,0.484442,0.000305064,0.0116621,0.0155048,0.0369647,9.05725e-05,0.000120202,0.000284901
1589,0.484747,0.000305064,0.0116562,0.0154948,0.0369333,9.05269e-05,0.000120125,0.000284659
1590,0.485052,0.000305064,0.0116503,0.0154849,0.0369019,9.04813e-05,0.000120048,0.000284417
1591,0.485357,0.000305064,0.0116444,0.015475,0.0368706,9.04358e-05,0.000119971,0.000284175
1592,0.485662,0.000305064,0.0116385,0.015465,0.0368393,9.03903e-05,0.000119895,0.000283934
1593,0.485967,0.000305064,0.0116327,0.0154551,0.036808,9.03447e-05,0.000119818,0.000283693
1594,0.486272,0.000305064,0.0116268,0.0154452,0.0367768,9.02993e-05,0.000119742,0.000283453
1595,0.486577,0.000305064,0.0116209,0.0154353,0.0367456,9.02538e-05,0.000119665,0.000283212
1596,0.486882,0.000305064,0.011615,0.0154254,0.0367144,9.02084e-05,0.000119589,0.000282972
1597,0.487187,0.000305064,0.0116092,0.0154155,0.0366833,9.0163e-05,0.000119513,0.000282734
1598,0.487492,0.000305064,0.0116033,0.0154057,0.0366523,9.01176e-05,0.000119437,0.000282499
1599,0.487797,0.000305064,0.0115974,0.0153958,0.0366212,9.00722e-05,0.000119361,0.000282265
1600,0.488103,0.000305064,0.0115916,0.0153859,0.0365902,9.00269e-05,0.000119285,0.000282031
1601,0.488408,0.000305064,0.0115857,0.0153761,0.0365593,8.99816e-05,0.000119209,0.000281797
1602,0.488713,0.000305064,0.0115799,0.0153663,0.0365283,8.99363e-05,0.000119133,0.000281564
1603,0.489018,0.000305064,0.011574,0.0153564,0.0364974,8.9891e-05,0.000119057,0.00028133
1604,0.489323,0.000305064,0.0115682,0.0153466,0.0364666,8.98458e-05,0.000118981,0.000281097
1605,0.489628,0.000305064,0.0115623,0.0153368,0.0364358,8.98006e-05,0.000118906,0.000280864
1606,0.489933,0.000305064,0.0115565,0.015327,0.036405,8.97554e-05,0.00011883,0.000280632
1607,0.490238,0.000305064,0.0115506,0.0153172,0.0363742,8.97102e-05,0.000118754,0.0002804
1608,0.490543,0.000305064,0.0115448,0.0153074,0.0363435,8.96651e-05,0.000118679,0.000280168
1609,0.490848,0.000305064,0.011539,0.0152976,0.0363129,8.962e-05,0.000118603,0.000279936
1610,0.491153,0.000305064,0.0115331,0.0152879,0.0362822,8.95749e-05,0.000118528,0.000279705
1611,0.491458,0.000305064,0.0115273,0.0152781,0.0362516,8.95298e-05,0.000118453,0.000279474
1612,0.491763,0.000305064,0.0115215,0.0152684,0.0362211,8.94847e-05,0.000118378,0.000279243
1613,0.492068,0.000305064,0.0115157,0.0152586,0.0361905,8.94397e-05,0.000118303,0.000279012
1614,0.492373,0.000305064,0.0115098,0.0152489,0.03616,8.93947e-05,0.000118227,0.000278782
1615,0.492678,0.000305064,0.011504,0.0152392,0.0361296,8.93497e-05,0.000118152,0.000278552
1616,0.492984,0.000305064,0.0114982,0.0152295,0.0360991,8.93048e-05,0.000118078,0.000278322
1617,0.493289,0.000305064,0.0114924,0.0152198,0.0360688,8.92598e-05,0.000118003,0.000278092
1618,0.493594,0.000305064,0.0114866,0.0152101,0.0360384,8.92149e-05,0.000117928,0.000277863
1619,0.493899,0.000305064,0.0114808,0.0152004,0.0360081,8.917e-05,0.000117853,0.000277634
1620,0.494204,0.000305064,0.011475,0.0151907,0.0359778,8.91252e-05,0.000117779,0.000277405
1621,0.494509,0.000305064,0.0114692,0.0151811,0.0359476,8.90804e-05,0.000117704,0.000277176
1622,0.494814,0.000305064,0.0114634,0.0151714,0.0359174,8.90355e-05,0.000117629,0.000276948
1623,0.495119,0.000305064,0.0114576,0.0151618,0.0358872,8.89908e-05,0.000117555,0.00027672
1624,0.495424,0.000305064,0.0114519,0.0151521,0.035857,8.8946e-05,0.000117481,0.000276492
1625,0.495729,0.000305064,0.0114461,0.0151425,0.0358269,8.89012e-05,0.000117406,0.000276265
1626,0.496034,0.000305064,0.0114403,0.0151329,0.0357969,8.88565e-05,0.000117332,0.000276038
1627,0.496339,0.000305064,0.0114345,0.0151233,0.0357668,8.88118e-05,0.000117258,0.000275811
1628,0.496644,0.000305064,0.0114287,0.0151137,0.0357368,8.87671e-05,0.000117184,0.000275584
1629,0.496949,0.000305064,0.011423,0.0151041,0.0357069,8.87225e-05,0.00011711,0.000275357
1630,0.497254,0.000305064,0.0114172,0.0150945,0.0356769,8.86779e-05,0.000117036,0.000275131
1631,0.497559,0.000305064,0.0114114,0.0150849,0.035647,8.86333e-05,0.000116962,0.000274905
1632,0.497865,0.000305064,0.0114057,0.0150753,0.0356172,8.85887e-05,0.000116888,0.000274679
1633,0.49817,0.000305064,0.0113999,0.0150658,0.0355874,8.85441e-05,0.000116814,0.000274454
1634,0.498475,0.000305064,0.0113942,0.0150562,0.0355576,8.84996e-05,0.000116741,0.000274229
1635,0.49878,0.000305064,0.0113884,0.0150467,0.0355278,8.84551e-05,0.000116667,0.000274004
1636,0.499085,0.000305064,0.0113827,0.0150371,0.0354983,8.84106e-05,0.000116593,0.000273779
1637,0.49939,0.000305064,0.0113769,0.0150276,0.0354692,8.83662e-05,0.00011652,0.000273555
1638,0.499695,0.000305064,0.0113712,0.0150181,0.0354401,8.83217e-05,0.000116446,0.00027333
1639,0.5,0.000305064,0.0113654,0.0150086,0.0354111,8.82773e-05,0.000116373,0.000273106
