problem,method,nx,status,glm_ch_factor,glm_cr,glm_cd,glm_subcycles,glm_ch,glm_cp,final_L2_norm_fv,peak_L2_norm_fv,time_integrated_L2_norm_fv,final_Linf_norm_fv,min_pressure,energy_drift,total_wall_time_sec,diagnostic_file
orszag_tang,mixed_glm,64,finished,4.0,0.3,nan,4,8.84763,1.6292,0.00562229,0.00562229,0.00014055725,0.0864648,0.107979,3.17882e-16,0.78142,results/mhd_runner/glm_sweep/ot_runs/divergence/ot_glm_sweep_coarse_n64_mixed_glm_ch4_sub4_cr0p3_mixed_glm.csv
orszag_tang,mixed_glm,64,finished,4.0,0.3,nan,1,8.84763,1.6292,0.00562264,0.00562264,0.000140566,0.0864659,0.107979,3.17882e-16,0.807393,results/mhd_runner/glm_sweep/ot_runs/divergence/ot_glm_sweep_coarse_n64_mixed_glm_ch4_sub1_cr0p3_mixed_glm.csv
orszag_tang,mixed_glm,64,finished,4.0,0.3,nan,2,8.84763,1.6292,0.00562264,0.00562264,0.000140566,0.0864659,0.107979,3.17882e-16,0.856619,results/mhd_runner/glm_sweep/ot_runs/divergence/ot_glm_sweep_coarse_n64_mixed_glm_ch4_sub2_cr0p3_mixed_glm.csv
orszag_tang,mixed_glm,64,finished,4.0,0.3,nan,8,8.84763,1.6292,0.00562214,0.00562214,0.0001405535,0.0864642,0.107979,3.17882e-16,0.863296,results/mhd_runner/glm_sweep/ot_runs/divergence/ot_glm_sweep_coarse_n64_mixed_glm_ch4_sub8_cr0p3_mixed_glm.csv
orszag_tang,hyperbolic_glm,128,finished,8.0,nan,nan,8,17.7135,nan,0.00134657,0.00134657,3.3664250000000006e-05,0.0318749,0.107957,-3.17882e-16,8.17088,results/mhd_runner/glm_sweep/ot_runs/divergence/ot_glm_sweep_coarse_n128_hyperbolic_glm_ch8_sub8_unused_hyperbolic_glm.csv
orszag_tang,hyperbolic_glm,128,finished,8.0,nan,nan,4,17.7135,nan,0.00134657,0.00134657,3.3664250000000006e-05,0.0318749,0.107957,-3.17882e-16,8.17428,results/mhd_runner/glm_sweep/ot_runs/divergence/ot_glm_sweep_coarse_n128_hyperbolic_glm_ch8_sub4_unused_hyperbolic_glm.csv
orszag_tang,hyperbolic_glm,128,finished,8.0,nan,nan,2,17.7135,nan,0.00134657,0.00134657,3.3664250000000006e-05,0.0318749,0.107957,-3.17882e-16,8.57192,results/mhd_runner/glm_sweep/ot_runs/divergence/ot_glm_sweep_coarse_n128_hyperbolic_glm_ch8_sub2_unused_hyperbolic_glm.csv
orszag_tang,hyperbolic_glm,128,finished,8.0,nan,nan,1,17.7135,nan,0.00134657,0.00134657,3.3664250000000006e-05,0.0318749,0.107957,-3.17882e-16,9.09692,results/mhd_runner/glm_sweep/ot_runs/divergence/ot_glm_sweep_coarse_n128_hyperbolic_glm_ch8_sub1_unused_hyperbolic_glm.csv
orszag_tang,mixed_glm,64,finished,16.0,0.3,nan,2,35.3905,3.2584,0.00376255,0.00376255,9.406375000000001e-05,0.0448483,0.10867,1.58941e-15,1.4983,results/mhd_runner/glm_sweep/ot_runs/divergence/ot_glm_sweep_coarse_n64_mixed_glm_ch16_sub2_cr0p3_mixed_glm.csv
orszag_tang,mixed_glm,64,finished,16.0,1.0,nan,1,35.3905,5.94899,0.00358587,0.00358587,8.964675000000001e-05,0.0409395,0.108638,1.58941e-15,1.51477,results/mhd_runner/glm_sweep/ot_runs/divergence/ot_glm_sweep_coarse_n64_mixed_glm_ch16_sub1_cr1_mixed_glm.csv
orszag_tang,mixed_glm,64,finished,16.0,1.0,nan,2,35.3905,5.94899,0.00358587,0.00358587,8.964675000000001e-05,0.0409395,0.108638,1.58941e-15,1.57949,results/mhd_runner/glm_sweep/ot_runs/divergence/ot_glm_sweep_coarse_n64_mixed_glm_ch16_sub2_cr1_mixed_glm.csv
orszag_tang,mixed_glm,64,finished,16.0,1.0,nan,8,35.3905,5.94899,0.00358588,0.00358588,8.9647e-05,0.0409413,0.108638,1.58941e-15,1.60041,results/mhd_runner/glm_sweep/ot_runs/divergence/ot_glm_sweep_coarse_n64_mixed_glm_ch16_sub8_cr1_mixed_glm.csv
orszag_tang,mixed_glm,64,finished,16.0,0.3,nan,8,35.3905,3.2584,0.00376253,0.00376253,9.406325e-05,0.0448498,0.10867,1.58941e-15,1.63604,results/mhd_runner/glm_sweep/ot_runs/divergence/ot_glm_sweep_coarse_n64_mixed_glm_ch16_sub8_cr0p3_mixed_glm.csv
orszag_tang,mixed_glm,64,finished,16.0,0.3,nan,1,35.3905,3.2584,0.00376255,0.00376255,9.406375000000001e-05,0.0448483,0.10867,1.58941e-15,1.6477,results/mhd_runner/glm_sweep/ot_runs/divergence/ot_glm_sweep_coarse_n64_mixed_glm_ch16_sub1_cr0p3_mixed_glm.csv
orszag_tang,mixed_glm,64,finished,16.0,0.3,nan,4,35.3905,3.2584,0.00376255,0.00376255,9.406375000000001e-05,0.0448483,0.10867,1.58941e-15,1.79071,results/mhd_runner/glm_sweep/ot_runs/divergence/ot_glm_sweep_coarse_n64_mixed_glm_ch16_sub4_cr0p3_mixed_glm.csv
orszag_tang,mixed_glm,64,finished,16.0,1.0,nan,4,35.3905,5.94899,0.00358587,0.00358587,8.964675000000001e-05,0.0409395,0.108638,1.58941e-15,1.83523,results/mhd_runner/glm_sweep/ot_runs/divergence/ot_glm_sweep_coarse_n64_mixed_glm_ch16_sub4_cr1_mixed_glm.csv
orszag_tang,mixed_glm,64,finished,4.0,1.0,nan,1,8.84763,2.9745,0.00531655,0.00531655,0.00013291375,0.0776765,0.107929,1.74835e-15,0.753053,results/mhd_runner/glm_sweep/ot_runs/divergence/ot_glm_sweep_coarse_n64_mixed_glm_ch4_sub1_cr1_mixed_glm.csv
orszag_tang,mixed_glm,64,finished,4.0,1.0,nan,2,8.84763,2.9745,0.00531655,0.00531655,0.00013291375,0.0776765,0.107929,1.74835e-15,0.753275,results/mhd_runner/glm_sweep/ot_runs/divergence/ot_glm_sweep_coarse_n64_mixed_glm_ch4_sub2_cr1_mixed_glm.csv
orszag_tang,mixed_glm,64,finished,4.0,1.0,nan,8,8.84763,2.9745,0.00531641,0.00531641,0.00013291025,0.0776767,0.107929,1.74835e-15,0.804942,results/mhd_runner/glm_sweep/ot_runs/divergence/ot_glm_sweep_coarse_n64_mixed_glm_ch4_sub8_cr1_mixed_glm.csv
orszag_tang,mixed_glm,64,finished,4.0,1.0,nan,4,8.84763,2.9745,0.00531645,0.00531645,0.00013291125000000002,0.0776767,0.107929,1.74835e-15,0.826114,results/mhd_runner/glm_sweep/ot_runs/divergence/ot_glm_sweep_coarse_n64_mixed_glm_ch4_sub4_cr1_mixed_glm.csv
orszag_tang,mixed_glm,64,finished,4.0,0.18,nan,4,8.84763,1.26197,0.00598249,0.00598249,0.00014956225,0.0940383,0.108022,1.90729e-15,0.743061,results/mhd_runner/glm_sweep/ot_runs/divergence/ot_glm_sweep_coarse_n64_mixed_glm_ch4_sub4_cr0p18_mixed_glm.csv
orszag_tang,mixed_glm,64,finished,4.0,0.5,nan,4,8.84763,2.10329,0.00543476,0.00543476,0.00013586900000000002,0.0815575,0.107952,1.90729e-15,0.785144,results/mhd_runner/glm_sweep/ot_runs/divergence/ot_glm_sweep_coarse_n64_mixed_glm_ch4_sub4_cr0p5_mixed_glm.csv
orszag_tang,mixed_glm,64,finished,4.0,0.5,nan,2,8.84763,2.10329,0.00543496,0.00543496,0.000135874,0.0815579,0.107952,1.90729e-15,0.787899,results/mhd_runner/glm_sweep/ot_runs/divergence/ot_glm_sweep_coarse_n64_mixed_glm_ch4_sub2_cr0p5_mixed_glm.csv
orszag_tang,mixed_glm,64,finished,4.0,0.18,nan,8,8.84763,1.26197,0.00598223,0.00598223,0.00014955575,0.0940372,0.108022,1.90729e-15,0.791627,results/mhd_runner/glm_sweep/ot_runs/divergence/ot_glm_sweep_coarse_n64_mixed_glm_ch4_sub8_cr0p18_mixed_glm.csv
orszag_tang,mixed_glm,64,finished,4.0,0.18,nan,2,8.84763,1.26197,0.00598304,0.00598304,0.000149576,0.0940404,0.108022,1.90729e-15,0.79459,results/mhd_runner/glm_sweep/ot_runs/divergence/ot_glm_sweep_coarse_n64_mixed_glm_ch4_sub2_cr0p18_mixed_glm.csv
orszag_tang,mixed_glm,64,finished,4.0,0.18,nan,1,8.84763,1.26197,0.00598304,0.00598304,0.000149576,0.0940404,0.108022,1.90729e-15,0.795219,results/mhd_runner/glm_sweep/ot_runs/divergence/ot_glm_sweep_coarse_n64_mixed_glm_ch4_sub1_cr0p18_mixed_glm.csv
orszag_tang,mixed_glm,64,finished,4.0,0.5,nan,8,8.84763,2.10329,0.00543466,0.00543466,0.0001358665,0.0815573,0.107952,1.90729e-15,0.796846,results/mhd_runner/glm_sweep/ot_runs/divergence/ot_glm_sweep_coarse_n64_mixed_glm_ch4_sub8_cr0p5_mixed_glm.csv
orszag_tang,mixed_glm,64,finished,4.0,0.5,nan,1,8.84763,2.10329,0.00543496,0.00543496,0.000135874,0.0815579,0.107952,1.90729e-15,0.840673,results/mhd_runner/glm_sweep/ot_runs/divergence/ot_glm_sweep_coarse_n64_mixed_glm_ch4_sub1_cr0p5_mixed_glm.csv
orszag_tang,hyperbolic_glm,64,finished,16.0,nan,nan,4,35.3905,nan,0.00353485,0.00353485,8.837125e-05,0.039156,0.108623,2.54305e-15,1.53885,results/mhd_runner/glm_sweep/ot_runs/divergence/ot_glm_sweep_coarse_n64_hyperbolic_glm_ch16_sub4_unused_hyperbolic_glm.csv
orszag_tang,hyperbolic_glm,64,finished,16.0,nan,nan,2,35.3905,nan,0.00353485,0.00353485,8.837125e-05,0.039156,0.108623,2.54305e-15,1.57353,results/mhd_runner/glm_sweep/ot_runs/divergence/ot_glm_sweep_coarse_n64_hyperbolic_glm_ch16_sub2_unused_hyperbolic_glm.csv
orszag_tang,hyperbolic_glm,64,finished,16.0,nan,nan,1,35.3905,nan,0.00353485,0.00353485,8.837125e-05,0.039156,0.108623,2.54305e-15,1.58994,results/mhd_runner/glm_sweep/ot_runs/divergence/ot_glm_sweep_coarse_n64_hyperbolic_glm_ch16_sub1_unused_hyperbolic_glm.csv
orszag_tang,hyperbolic_glm,64,finished,16.0,nan,nan,8,35.3905,nan,0.00353488,0.00353488,8.8372e-05,0.0391579,0.108623,2.54305e-15,1.68488,results/mhd_runner/glm_sweep/ot_runs/divergence/ot_glm_sweep_coarse_n64_hyperbolic_glm_ch16_sub8_unused_hyperbolic_glm.csv
orszag_tang,hyperbolic_glm,64,finished,4.0,nan,nan,4,8.84763,nan,0.00522419,0.00522419,0.00013060475,0.0736065,0.107905,2.70199e-15,0.745122,results/mhd_runner/glm_sweep/ot_runs/divergence/ot_glm_sweep_coarse_n64_hyperbolic_glm_ch4_sub4_unused_hyperbolic_glm.csv
orszag_tang,hyperbolic_glm,64,finished,4.0,nan,nan,2,8.84763,nan,0.00522418,0.00522418,0.00013060450000000002,0.0736055,0.107905,2.70199e-15,0.754281,results/mhd_runner/glm_sweep/ot_runs/divergence/ot_glm_sweep_coarse_n64_hyperbolic_glm_ch4_sub2_unused_hyperbolic_glm.csv
orszag_tang,hyperbolic_glm,64,finished,4.0,nan,nan,1,8.84763,nan,0.00522418,0.00522418,0.00013060450000000002,0.0736055,0.107905,2.70199e-15,0.783612,results/mhd_runner/glm_sweep/ot_runs/divergence/ot_glm_sweep_coarse_n64_hyperbolic_glm_ch4_sub1_unused_hyperbolic_glm.csv
orszag_tang,hyperbolic_glm,64,finished,4.0,nan,nan,8,8.84763,nan,0.0052242,0.0052242,0.000130605,0.0736069,0.107905,2.70199e-15,0.819526,results/mhd_runner/glm_sweep/ot_runs/divergence/ot_glm_sweep_coarse_n64_hyperbolic_glm_ch4_sub8_unused_hyperbolic_glm.csv
orszag_tang,mixed_glm,64,finished,8.0,0.5,nan,2,17.6953,2.9745,0.00463032,0.00463032,0.00011575800000000001,0.0599669,0.108323,3.17882e-15,1.01815,results/mhd_runner/glm_sweep/ot_runs/divergence/ot_glm_sweep_coarse_n64_mixed_glm_ch8_sub2_cr0p5_mixed_glm.csv
orszag_tang,mixed_glm,64,finished,8.0,0.5,nan,8,17.6953,2.9745,0.00463036,0.00463036,0.000115759,0.0599668,0.108323,3.17882e-15,1.03056,results/mhd_runner/glm_sweep/ot_runs/divergence/ot_glm_sweep_coarse_n64_mixed_glm_ch8_sub8_cr0p5_mixed_glm.csv
orszag_tang,mixed_glm,64,finished,8.0,0.5,nan,4,17.6953,2.9745,0.00463032,0.00463032,0.00011575800000000001,0.0599669,0.108323,3.17882e-15,1.09911,results/mhd_runner/glm_sweep/ot_runs/divergence/ot_glm_sweep_coarse_n64_mixed_glm_ch8_sub4_cr0p5_mixed_glm.csv
orszag_tang,mixed_glm,64,finished,8.0,0.5,nan,1,17.6953,2.9745,0.00463032,0.00463032,0.00011575800000000001,0.0599669,0.108323,3.17882e-15,1.10098,results/mhd_runner/glm_sweep/ot_runs/divergence/ot_glm_sweep_coarse_n64_mixed_glm_ch8_sub1_cr0p5_mixed_glm.csv
orszag_tang,mixed_glm,64,finished,8.0,0.1,nan,4,17.6953,1.33023,0.00575144,0.00575144,0.000143786,0.0788296,0.108445,4.13246e-15,1.04986,results/mhd_runner/glm_sweep/ot_runs/divergence/ot_glm_sweep_coarse_n64_mixed_glm_ch8_sub4_cr0p1_mixed_glm.csv
orszag_tang,mixed_glm,64,finished,8.0,0.1,nan,2,17.6953,1.33023,0.00575144,0.00575144,0.000143786,0.0788296,0.108445,4.13246e-15,1.10052,results/mhd_runner/glm_sweep/ot_runs/divergence/ot_glm_sweep_coarse_n64_mixed_glm_ch8_sub2_cr0p1_mixed_glm.csv
orszag_tang,mixed_glm,64,finished,8.0,0.1,nan,8,17.6953,1.33023,0.00575095,0.00575095,0.00014377375000000002,0.0788259,0.108445,4.13246e-15,1.10069,results/mhd_runner/glm_sweep/ot_runs/divergence/ot_glm_sweep_coarse_n64_mixed_glm_ch8_sub8_cr0p1_mixed_glm.csv
orszag_tang,mixed_glm,64,finished,8.0,0.1,nan,1,17.6953,1.33023,0.00575144,0.00575144,0.000143786,0.0788296,0.108445,4.13246e-15,1.12292,results/mhd_runner/glm_sweep/ot_runs/divergence/ot_glm_sweep_coarse_n64_mixed_glm_ch8_sub1_cr0p1_mixed_glm.csv
orszag_tang,mixed_glm,64,finished,16.0,0.05,nan,1,35.3905,1.33023,0.00624725,0.00624725,0.00015618125,0.0823596,0.108877,4.45034e-15,1.56933,results/mhd_runner/glm_sweep/ot_runs/divergence/ot_glm_sweep_coarse_n64_mixed_glm_ch16_sub1_cr0p05_mixed_glm.csv
orszag_tang,mixed_glm,64,finished,16.0,0.05,nan,2,35.3905,1.33023,0.00624725,0.00624725,0.00015618125,0.0823596,0.108877,4.45034e-15,1.6363,results/mhd_runner/glm_sweep/ot_runs/divergence/ot_glm_sweep_coarse_n64_mixed_glm_ch16_sub2_cr0p05_mixed_glm.csv
orszag_tang,mixed_glm,64,finished,16.0,0.05,nan,8,35.3905,1.33023,0.00624647,0.00624647,0.00015616175,0.0823475,0.108877,4.45034e-15,1.715,results/mhd_runner/glm_sweep/ot_runs/divergence/ot_glm_sweep_coarse_n64_mixed_glm_ch16_sub8_cr0p05_mixed_glm.csv
orszag_tang,mixed_glm,64,finished,16.0,0.05,nan,4,35.3905,1.33023,0.00624725,0.00624725,0.00015618125,0.0823596,0.108877,4.45034e-15,1.86715,results/mhd_runner/glm_sweep/ot_runs/divergence/ot_glm_sweep_coarse_n64_mixed_glm_ch16_sub4_cr0p05_mixed_glm.csv
orszag_tang,mixed_glm,64,finished,16.0,0.18,nan,1,35.3905,2.52394,0.00399453,0.00399453,9.986324999999999e-05,0.0484762,0.1087,5.08611e-15,1.50713,results/mhd_runner/glm_sweep/ot_runs/divergence/ot_glm_sweep_coarse_n64_mixed_glm_ch16_sub1_cr0p18_mixed_glm.csv
orszag_tang,mixed_glm,64,finished,16.0,0.18,nan,8,35.3905,2.52394,0.00399446,0.00399446,9.98615e-05,0.0484773,0.1087,5.08611e-15,1.53905,results/mhd_runner/glm_sweep/ot_runs/divergence/ot_glm_sweep_coarse_n64_mixed_glm_ch16_sub8_cr0p18_mixed_glm.csv
orszag_tang,mixed_glm,64,finished,16.0,0.18,nan,2,35.3905,2.52394,0.00399453,0.00399453,9.986324999999999e-05,0.0484762,0.1087,5.08611e-15,1.56415,results/mhd_runner/glm_sweep/ot_runs/divergence/ot_glm_sweep_coarse_n64_mixed_glm_ch16_sub2_cr0p18_mixed_glm.csv
orszag_tang,mixed_glm,64,finished,16.0,0.18,nan,4,35.3905,2.52394,0.00399453,0.00399453,9.986324999999999e-05,0.0484762,0.1087,5.08611e-15,1.7722,results/mhd_runner/glm_sweep/ot_runs/divergence/ot_glm_sweep_coarse_n64_mixed_glm_ch16_sub4_cr0p18_mixed_glm.csv
orszag_tang,mixed_glm,128,finished,16.0,0.3,nan,2,35.4271,3.26008,0.00122244,0.00122244,3.0561e-05,0.0249709,0.108317,-5.08611e-15,12.0162,results/mhd_runner/glm_sweep/ot_runs/divergence/ot_glm_sweep_coarse_n128_mixed_glm_ch16_sub2_cr0p3_mixed_glm.csv
orszag_tang,mixed_glm,128,finished,16.0,0.3,nan,4,35.4271,3.26008,0.00122244,0.00122244,3.0561e-05,0.0249709,0.108317,-5.08611e-15,12.0893,results/mhd_runner/glm_sweep/ot_runs/divergence/ot_glm_sweep_coarse_n128_mixed_glm_ch16_sub4_cr0p3_mixed_glm.csv
orszag_tang,mixed_glm,128,finished,16.0,0.3,nan,8,35.4271,3.26008,0.00122244,0.00122244,3.0561e-05,0.0249709,0.108317,-5.08611e-15,12.1815,results/mhd_runner/glm_sweep/ot_runs/divergence/ot_glm_sweep_coarse_n128_mixed_glm_ch16_sub8_cr0p3_mixed_glm.csv
orszag_tang,mixed_glm,128,finished,16.0,0.3,nan,1,35.4271,3.26008,0.00122244,0.00122244,3.0561e-05,0.0249709,0.108317,-5.08611e-15,12.6721,results/mhd_runner/glm_sweep/ot_runs/divergence/ot_glm_sweep_coarse_n128_mixed_glm_ch16_sub1_cr0p3_mixed_glm.csv
orszag_tang,mixed_glm,64,finished,16.0,0.1,nan,2,35.3905,1.88124,0.00459286,0.00459286,0.0001148215,0.0556401,0.108757,5.24505e-15,1.48952,results/mhd_runner/glm_sweep/ot_runs/divergence/ot_glm_sweep_coarse_n64_mixed_glm_ch16_sub2_cr0p1_mixed_glm.csv
orszag_tang,mixed_glm,64,finished,16.0,0.1,nan,1,35.3905,1.88124,0.00459286,0.00459286,0.0001148215,0.0556401,0.108757,5.24505e-15,1.49698,results/mhd_runner/glm_sweep/ot_runs/divergence/ot_glm_sweep_coarse_n64_mixed_glm_ch16_sub1_cr0p1_mixed_glm.csv
orszag_tang,mixed_glm,64,finished,16.0,0.1,nan,8,35.3905,1.88124,0.00459265,0.00459265,0.00011481625000000001,0.0556401,0.108757,5.24505e-15,1.55712,results/mhd_runner/glm_sweep/ot_runs/divergence/ot_glm_sweep_coarse_n64_mixed_glm_ch16_sub8_cr0p1_mixed_glm.csv
orszag_tang,mixed_glm,64,finished,16.0,0.1,nan,4,35.3905,1.88124,0.00459286,0.00459286,0.0001148215,0.0556401,0.108757,5.24505e-15,1.90373,results/mhd_runner/glm_sweep/ot_runs/divergence/ot_glm_sweep_coarse_n64_mixed_glm_ch16_sub4_cr0p1_mixed_glm.csv
orszag_tang,mixed_glm,64,finished,16.0,0.5,nan,2,35.3905,4.20657,0.00365229,0.00365229,9.130725e-05,0.0426386,0.108652,5.56293e-15,1.50795,results/mhd_runner/glm_sweep/ot_runs/divergence/ot_glm_sweep_coarse_n64_mixed_glm_ch16_sub2_cr0p5_mixed_glm.csv
orszag_tang,mixed_glm,64,finished,16.0,0.5,nan,1,35.3905,4.20657,0.00365229,0.00365229,9.130725e-05,0.0426386,0.108652,5.56293e-15,1.57008,results/mhd_runner/glm_sweep/ot_runs/divergence/ot_glm_sweep_coarse_n64_mixed_glm_ch16_sub1_cr0p5_mixed_glm.csv
orszag_tang,mixed_glm,64,finished,16.0,0.5,nan,8,35.3905,4.20657,0.00365229,0.00365229,9.130725e-05,0.0426403,0.108652,5.56293e-15,1.67777,results/mhd_runner/glm_sweep/ot_runs/divergence/ot_glm_sweep_coarse_n64_mixed_glm_ch16_sub8_cr0p5_mixed_glm.csv
orszag_tang,mixed_glm,64,finished,16.0,0.5,nan,4,35.3905,4.20657,0.00365229,0.00365229,9.130725e-05,0.0426386,0.108652,5.56293e-15,1.84689,results/mhd_runner/glm_sweep/ot_runs/divergence/ot_glm_sweep_coarse_n64_mixed_glm_ch16_sub4_cr0p5_mixed_glm.csv
orszag_tang,mixed_glm,256,finished,16.0,1.0,nan,2,35.4362,5.95283,0.000350305,0.000350305,8.757624999999999e-06,0.0153931,0.107988,5.72187e-15,104.439,results/mhd_runner/glm_sweep/ot_runs/divergence/ot_glm_sweep_fine_n256_mixed_glm_ch16_sub2_cr1_mixed_glm.csv
orszag_tang,mixed_glm,256,finished,16.0,1.0,nan,8,35.4362,5.95283,0.000350304,0.000350304,8.7576e-06,0.015393,0.107988,5.72187e-15,105.99,results/mhd_runner/glm_sweep/ot_runs/divergence/ot_glm_sweep_fine_n256_mixed_glm_ch16_sub8_cr1_mixed_glm.csv
orszag_tang,mixed_glm,256,finished,16.0,1.0,nan,1,35.4362,5.95283,0.000350305,0.000350305,8.757624999999999e-06,0.0153931,0.107988,5.72187e-15,119.531,results/mhd_runner/glm_sweep/ot_runs/divergence/ot_glm_sweep_fine_n256_mixed_glm_ch16_sub1_cr1_mixed_glm.csv
orszag_tang,mixed_glm,256,finished,16.0,1.0,nan,4,35.4362,5.95283,0.000350304,0.000350304,8.7576e-06,0.0153931,0.107988,5.72187e-15,119.951,results/mhd_runner/glm_sweep/ot_runs/divergence/ot_glm_sweep_fine_n256_mixed_glm_ch16_sub4_cr1_mixed_glm.csv
orszag_tang,mixed_glm,64,finished,8.0,0.18,nan,8,17.6953,1.7847,0.00506037,0.00506037,0.00012650925,0.0687289,0.108383,5.88081e-15,0.999572,results/mhd_runner/glm_sweep/ot_runs/divergence/ot_glm_sweep_coarse_n64_mixed_glm_ch8_sub8_cr0p18_mixed_glm.csv
orszag_tang,mixed_glm,64,finished,8.0,0.18,nan,4,17.6953,1.7847,0.00506054,0.00506054,0.0001265135,0.0687305,0.108383,5.88081e-15,1.00129,results/mhd_runner/glm_sweep/ot_runs/divergence/ot_glm_sweep_coarse_n64_mixed_glm_ch8_sub4_cr0p18_mixed_glm.csv
orszag_tang,mixed_glm,64,finished,8.0,0.18,nan,2,17.6953,1.7847,0.00506054,0.00506054,0.0001265135,0.0687305,0.108383,5.88081e-15,1.0014,results/mhd_runner/glm_sweep/ot_runs/divergence/ot_glm_sweep_coarse_n64_mixed_glm_ch8_sub2_cr0p18_mixed_glm.csv
orszag_tang,mixed_glm,64,finished,8.0,0.18,nan,1,17.6953,1.7847,0.00506054,0.00506054,0.0001265135,0.0687305,0.108383,5.88081e-15,1.05737,results/mhd_runner/glm_sweep/ot_runs/divergence/ot_glm_sweep_coarse_n64_mixed_glm_ch8_sub1_cr0p18_mixed_glm.csv
orszag_tang,hyperbolic_glm,64,finished,8.0,nan,nan,1,17.6953,nan,0.0044687,0.0044687,0.00011171750000000001,0.0543903,0.108283,6.35763e-15,0.999357,results/mhd_runner/glm_sweep/ot_runs/divergence/ot_glm_sweep_coarse_n64_hyperbolic_glm_ch8_sub1_unused_hyperbolic_glm.csv
orszag_tang,hyperbolic_glm,64,finished,8.0,nan,nan,2,17.6953,nan,0.0044687,0.0044687,0.00011171750000000001,0.0543903,0.108283,6.35763e-15,1.02871,results/mhd_runner/glm_sweep/ot_runs/divergence/ot_glm_sweep_coarse_n64_hyperbolic_glm_ch8_sub2_unused_hyperbolic_glm.csv
orszag_tang,hyperbolic_glm,64,finished,8.0,nan,nan,4,17.6953,nan,0.0044687,0.0044687,0.00011171750000000001,0.0543903,0.108283,6.35763e-15,1.05135,results/mhd_runner/glm_sweep/ot_runs/divergence/ot_glm_sweep_coarse_n64_hyperbolic_glm_ch8_sub4_unused_hyperbolic_glm.csv
orszag_tang,hyperbolic_glm,64,finished,8.0,nan,nan,8,17.6953,nan,0.00446884,0.00446884,0.00011172100000000001,0.0543915,0.108283,6.35763e-15,1.11935,results/mhd_runner/glm_sweep/ot_runs/divergence/ot_glm_sweep_coarse_n64_hyperbolic_glm_ch8_sub8_unused_hyperbolic_glm.csv
orszag_tang,mixed_glm,64,finished,8.0,1.0,nan,4,17.6953,4.20657,0.00453991,0.00453991,0.00011349775000000001,0.0572704,0.108304,6.51657e-15,1.00845,results/mhd_runner/glm_sweep/ot_runs/divergence/ot_glm_sweep_coarse_n64_mixed_glm_ch8_sub4_cr1_mixed_glm.csv
orszag_tang,mixed_glm,64,finished,8.0,1.0,nan,8,17.6953,4.20657,0.00454001,0.00454001,0.00011350025,0.0572709,0.108304,6.51657e-15,1.01454,results/mhd_runner/glm_sweep/ot_runs/divergence/ot_glm_sweep_coarse_n64_mixed_glm_ch8_sub8_cr1_mixed_glm.csv
orszag_tang,mixed_glm,64,finished,8.0,1.0,nan,2,17.6953,4.20657,0.00453991,0.00453991,0.00011349775000000001,0.0572704,0.108304,6.51657e-15,1.06096,results/mhd_runner/glm_sweep/ot_runs/divergence/ot_glm_sweep_coarse_n64_mixed_glm_ch8_sub2_cr1_mixed_glm.csv
orszag_tang,mixed_glm,64,finished,8.0,1.0,nan,1,17.6953,4.20657,0.00453991,0.00453991,0.00011349775000000001,0.0572704,0.108304,6.51657e-15,1.06156,results/mhd_runner/glm_sweep/ot_runs/divergence/ot_glm_sweep_coarse_n64_mixed_glm_ch8_sub1_cr1_mixed_glm.csv
orszag_tang,mixed_glm,128,finished,16.0,0.18,nan,1,35.4271,2.52525,0.00129883,0.00129883,3.247075e-05,0.0274108,0.108334,-6.51657e-15,12.0102,results/mhd_runner/glm_sweep/ot_runs/divergence/ot_glm_sweep_coarse_n128_mixed_glm_ch16_sub1_cr0p18_mixed_glm.csv
orszag_tang,mixed_glm,128,finished,16.0,0.18,nan,4,35.4271,2.52525,0.00129883,0.00129883,3.247075e-05,0.0274108,0.108334,-6.51657e-15,12.1906,results/mhd_runner/glm_sweep/ot_runs/divergence/ot_glm_sweep_coarse_n128_mixed_glm_ch16_sub4_cr0p18_mixed_glm.csv
orszag_tang,mixed_glm,128,finished,16.0,0.18,nan,8,35.4271,2.52525,0.00129883,0.00129883,3.247075e-05,0.0274108,0.108334,-6.51657e-15,12.2117,results/mhd_runner/glm_sweep/ot_runs/divergence/ot_glm_sweep_coarse_n128_mixed_glm_ch16_sub8_cr0p18_mixed_glm.csv
orszag_tang,mixed_glm,128,finished,16.0,0.18,nan,2,35.4271,2.52525,0.00129883,0.00129883,3.247075e-05,0.0274108,0.108334,-6.51657e-15,13.3262,results/mhd_runner/glm_sweep/ot_runs/divergence/ot_glm_sweep_coarse_n128_mixed_glm_ch16_sub2_cr0p18_mixed_glm.csv
orszag_tang,hyperbolic_glm,128,finished,16.0,nan,nan,8,35.4271,nan,0.00115285,0.00115285,2.882125e-05,0.0210053,0.108287,-6.83446e-15,12.1306,results/mhd_runner/glm_sweep/ot_runs/divergence/ot_glm_sweep_coarse_n128_hyperbolic_glm_ch16_sub8_unused_hyperbolic_glm.csv
orszag_tang,hyperbolic_glm,128,finished,16.0,nan,nan,4,35.4271,nan,0.00115285,0.00115285,2.882125e-05,0.0210053,0.108287,-6.83446e-15,12.1724,results/mhd_runner/glm_sweep/ot_runs/divergence/ot_glm_sweep_coarse_n128_hyperbolic_glm_ch16_sub4_unused_hyperbolic_glm.csv
orszag_tang,hyperbolic_glm,128,finished,16.0,nan,nan,2,35.4271,nan,0.00115285,0.00115285,2.882125e-05,0.0210053,0.108287,-6.83446e-15,12.7792,results/mhd_runner/glm_sweep/ot_runs/divergence/ot_glm_sweep_coarse_n128_hyperbolic_glm_ch16_sub2_unused_hyperbolic_glm.csv
orszag_tang,hyperbolic_glm,128,finished,16.0,nan,nan,1,35.4271,nan,0.00115285,0.00115285,2.882125e-05,0.0210053,0.108287,-6.83446e-15,13.4853,results/mhd_runner/glm_sweep/ot_runs/divergence/ot_glm_sweep_coarse_n128_hyperbolic_glm_ch16_sub1_unused_hyperbolic_glm.csv
orszag_tang,mixed_glm,64,finished,8.0,0.3,nan,2,17.6953,2.30403,0.00477432,0.00477432,0.00011935800000000002,0.0633688,0.108347,7.15234e-15,1.00716,results/mhd_runner/glm_sweep/ot_runs/divergence/ot_glm_sweep_coarse_n64_mixed_glm_ch8_sub2_cr0p3_mixed_glm.csv
orszag_tang,mixed_glm,64,finished,8.0,0.3,nan,1,17.6953,2.30403,0.00477432,0.00477432,0.00011935800000000002,0.0633688,0.108347,7.15234e-15,1.00997,results/mhd_runner/glm_sweep/ot_runs/divergence/ot_glm_sweep_coarse_n64_mixed_glm_ch8_sub1_cr0p3_mixed_glm.csv
orszag_tang,mixed_glm,64,finished,8.0,0.3,nan,4,17.6953,2.30403,0.00477432,0.00477432,0.00011935800000000002,0.0633688,0.108347,7.15234e-15,1.01548,results/mhd_runner/glm_sweep/ot_runs/divergence/ot_glm_sweep_coarse_n64_mixed_glm_ch8_sub4_cr0p3_mixed_glm.csv
orszag_tang,mixed_glm,64,finished,8.0,0.3,nan,8,17.6953,2.30403,0.00477429,0.00477429,0.00011935724999999999,0.0633681,0.108347,7.15234e-15,1.08301,results/mhd_runner/glm_sweep/ot_runs/divergence/ot_glm_sweep_coarse_n64_mixed_glm_ch8_sub8_cr0p3_mixed_glm.csv
orszag_tang,mixed_glm,128,finished,4.0,0.5,nan,8,8.85677,2.10437,0.00153157,0.00153157,3.828925e-05,0.0405416,0.10776,-7.62916e-15,6.30998,results/mhd_runner/glm_sweep/ot_runs/divergence/ot_glm_sweep_coarse_n128_mixed_glm_ch4_sub8_cr0p5_mixed_glm.csv
orszag_tang,mixed_glm,128,finished,4.0,0.5,nan,1,8.85677,2.10437,0.00153171,0.00153171,3.8292750000000004e-05,0.0405448,0.10776,-7.62916e-15,6.50663,results/mhd_runner/glm_sweep/ot_runs/divergence/ot_glm_sweep_coarse_n128_mixed_glm_ch4_sub1_cr0p5_mixed_glm.csv
orszag_tang,mixed_glm,128,finished,4.0,0.5,nan,2,8.85677,2.10437,0.00153171,0.00153171,3.8292750000000004e-05,0.0405448,0.10776,-7.62916e-15,6.5539,results/mhd_runner/glm_sweep/ot_runs/divergence/ot_glm_sweep_coarse_n128_mixed_glm_ch4_sub2_cr0p5_mixed_glm.csv
orszag_tang,mixed_glm,128,finished,4.0,0.5,nan,4,8.85677,2.10437,0.00153171,0.00153171,3.8292750000000004e-05,0.0405448,0.10776,-7.62916e-15,6.885,results/mhd_runner/glm_sweep/ot_runs/divergence/ot_glm_sweep_coarse_n128_mixed_glm_ch4_sub4_cr0p5_mixed_glm.csv
orszag_tang,hyperbolic_glm,256,finished,16.0,nan,nan,1,35.4362,nan,0.000346956,0.000346956,8.6739e-06,0.0144734,0.107983,-7.62916e-15,102.838,results/mhd_runner/glm_sweep/ot_runs/divergence/ot_glm_sweep_fine_n256_hyperbolic_glm_ch16_sub1_unused_hyperbolic_glm.csv
orszag_tang,hyperbolic_glm,256,finished,16.0,nan,nan,4,35.4362,nan,0.000346956,0.000346956,8.6739e-06,0.0144734,0.107983,-7.62916e-15,103.366,results/mhd_runner/glm_sweep/ot_runs/divergence/ot_glm_sweep_fine_n256_hyperbolic_glm_ch16_sub4_unused_hyperbolic_glm.csv
orszag_tang,hyperbolic_glm,256,finished,16.0,nan,nan,2,35.4362,nan,0.000346956,0.000346956,8.6739e-06,0.0144734,0.107983,-7.62916e-15,108.964,results/mhd_runner/glm_sweep/ot_runs/divergence/ot_glm_sweep_fine_n256_hyperbolic_glm_ch16_sub2_unused_hyperbolic_glm.csv
orszag_tang,hyperbolic_glm,256,finished,16.0,nan,nan,8,35.4362,nan,0.000346956,0.000346956,8.6739e-06,0.0144733,0.107983,-7.62916e-15,109.178,results/mhd_runner/glm_sweep/ot_runs/divergence/ot_glm_sweep_fine_n256_hyperbolic_glm_ch16_sub8_unused_hyperbolic_glm.csv
orszag_tang,mixed_glm,128,finished,8.0,0.18,nan,2,17.7135,1.78562,0.00151641,0.00151641,3.791025e-05,0.0417308,0.108016,-7.94704e-15,8.17073,results/mhd_runner/glm_sweep/ot_runs/divergence/ot_glm_sweep_coarse_n128_mixed_glm_ch8_sub2_cr0p18_mixed_glm.csv
orszag_tang,mixed_glm,128,finished,8.0,0.18,nan,4,17.7135,1.78562,0.00151641,0.00151641,3.791025e-05,0.0417308,0.108016,-7.94704e-15,8.18114,results/mhd_runner/glm_sweep/ot_runs/divergence/ot_glm_sweep_coarse_n128_mixed_glm_ch8_sub4_cr0p18_mixed_glm.csv
orszag_tang,mixed_glm,128,finished,8.0,0.18,nan,1,17.7135,1.78562,0.00151641,0.00151641,3.791025e-05,0.0417308,0.108016,-7.94704e-15,8.23516,results/mhd_runner/glm_sweep/ot_runs/divergence/ot_glm_sweep_coarse_n128_mixed_glm_ch8_sub1_cr0p18_mixed_glm.csv
orszag_tang,mixed_glm,128,finished,8.0,0.18,nan,8,17.7135,1.78562,0.00151641,0.00151641,3.791025e-05,0.0417308,0.108016,-7.94704e-15,8.50597,results/mhd_runner/glm_sweep/ot_runs/divergence/ot_glm_sweep_coarse_n128_mixed_glm_ch8_sub8_cr0p18_mixed_glm.csv
orszag_tang,mixed_glm,128,finished,4.0,1.0,nan,4,8.85677,2.97603,0.0015012,0.0015012,3.753e-05,0.0383352,0.107746,-8.10598e-15,6.51939,results/mhd_runner/glm_sweep/ot_runs/divergence/ot_glm_sweep_coarse_n128_mixed_glm_ch4_sub4_cr1_mixed_glm.csv
orszag_tang,mixed_glm,128,finished,4.0,1.0,nan,2,8.85677,2.97603,0.0015012,0.0015012,3.753e-05,0.0383352,0.107746,-8.10598e-15,6.53094,results/mhd_runner/glm_sweep/ot_runs/divergence/ot_glm_sweep_coarse_n128_mixed_glm_ch4_sub2_cr1_mixed_glm.csv
orszag_tang,mixed_glm,128,finished,4.0,1.0,nan,8,8.85677,2.97603,0.00150111,0.00150111,3.752775e-05,0.0383323,0.107746,-8.10598e-15,6.6035,results/mhd_runner/glm_sweep/ot_runs/divergence/ot_glm_sweep_coarse_n128_mixed_glm_ch4_sub8_cr1_mixed_glm.csv
orszag_tang,mixed_glm,128,finished,4.0,1.0,nan,1,8.85677,2.97603,0.0015012,0.0015012,3.753e-05,0.0383352,0.107746,-8.10598e-15,6.77904,results/mhd_runner/glm_sweep/ot_runs/divergence/ot_glm_sweep_coarse_n128_mixed_glm_ch4_sub1_cr1_mixed_glm.csv
orszag_tang,hyperbolic_glm,128,finished,4.0,nan,nan,4,8.85677,nan,0.00148036,0.00148036,3.7009000000000004e-05,0.0360222,0.107732,-8.42386e-15,6.2106,results/mhd_runner/glm_sweep/ot_runs/divergence/ot_glm_sweep_coarse_n128_hyperbolic_glm_ch4_sub4_unused_hyperbolic_glm.csv
orszag_tang,hyperbolic_glm,128,finished,4.0,nan,nan,8,8.85677,nan,0.00148031,0.00148031,3.7007750000000005e-05,0.0360196,0.107732,-8.42386e-15,6.27743,results/mhd_runner/glm_sweep/ot_runs/divergence/ot_glm_sweep_coarse_n128_hyperbolic_glm_ch4_sub8_unused_hyperbolic_glm.csv
orszag_tang,hyperbolic_glm,128,finished,4.0,nan,nan,2,8.85677,nan,0.00148036,0.00148036,3.7009000000000004e-05,0.0360222,0.107732,-8.42386e-15,6.51803,results/mhd_runner/glm_sweep/ot_runs/divergence/ot_glm_sweep_coarse_n128_hyperbolic_glm_ch4_sub2_unused_hyperbolic_glm.csv
orszag_tang,hyperbolic_glm,128,finished,4.0,nan,nan,1,8.85677,nan,0.00148036,0.00148036,3.7009000000000004e-05,0.0360222,0.107732,-8.42386e-15,6.84455,results/mhd_runner/glm_sweep/ot_runs/divergence/ot_glm_sweep_coarse_n128_hyperbolic_glm_ch4_sub1_unused_hyperbolic_glm.csv
orszag_tang,mixed_glm,128,finished,8.0,0.5,nan,2,17.7135,2.97603,0.00138889,0.00138889,3.472225e-05,0.0357342,0.107981,-8.90069e-15,8.16583,results/mhd_runner/glm_sweep/ot_runs/divergence/ot_glm_sweep_coarse_n128_mixed_glm_ch8_sub2_cr0p5_mixed_glm.csv
orszag_tang,mixed_glm,128,finished,8.0,0.5,nan,1,17.7135,2.97603,0.00138889,0.00138889,3.472225e-05,0.0357342,0.107981,-8.90069e-15,8.32838,results/mhd_runner/glm_sweep/ot_runs/divergence/ot_glm_sweep_coarse_n128_mixed_glm_ch8_sub1_cr0p5_mixed_glm.csv
orszag_tang,mixed_glm,128,finished,8.0,0.5,nan,4,17.7135,2.97603,0.00138889,0.00138889,3.472225e-05,0.0357342,0.107981,-8.90069e-15,8.57332,results/mhd_runner/glm_sweep/ot_runs/divergence/ot_glm_sweep_coarse_n128_mixed_glm_ch8_sub4_cr0p5_mixed_glm.csv
orszag_tang,mixed_glm,128,finished,8.0,0.5,nan,8,17.7135,2.97603,0.00138889,0.00138889,3.472225e-05,0.0357342,0.107981,-8.90069e-15,8.63121,results/mhd_runner/glm_sweep/ot_runs/divergence/ot_glm_sweep_coarse_n128_mixed_glm_ch8_sub8_cr0p5_mixed_glm.csv
orszag_tang,mixed_glm,128,finished,16.0,0.1,nan,1,35.4271,1.88221,0.00150333,0.00150333,3.758325e-05,0.0322167,0.108369,-1.04901e-14,12.0588,results/mhd_runner/glm_sweep/ot_runs/divergence/ot_glm_sweep_coarse_n128_mixed_glm_ch16_sub1_cr0p1_mixed_glm.csv
orszag_tang,mixed_glm,128,finished,16.0,0.1,nan,2,35.4271,1.88221,0.00150333,0.00150333,3.758325e-05,0.0322167,0.108369,-1.04901e-14,12.0749,results/mhd_runner/glm_sweep/ot_runs/divergence/ot_glm_sweep_coarse_n128_mixed_glm_ch16_sub2_cr0p1_mixed_glm.csv
orszag_tang,mixed_glm,128,finished,16.0,0.1,nan,4,35.4271,1.88221,0.00150333,0.00150333,3.758325e-05,0.0322167,0.108369,-1.04901e-14,12.1343,results/mhd_runner/glm_sweep/ot_runs/divergence/ot_glm_sweep_coarse_n128_mixed_glm_ch16_sub4_cr0p1_mixed_glm.csv
orszag_tang,mixed_glm,128,finished,16.0,0.1,nan,8,35.4271,1.88221,0.00150333,0.00150333,3.758325e-05,0.0322167,0.108369,-1.04901e-14,12.1368,results/mhd_runner/glm_sweep/ot_runs/divergence/ot_glm_sweep_coarse_n128_mixed_glm_ch16_sub8_cr0p1_mixed_glm.csv
orszag_tang,mixed_glm,128,finished,16.0,0.5,nan,8,35.4271,4.20875,0.00118742,0.00118742,2.9685500000000002e-05,0.0234708,0.108306,-1.0808e-14,12.098,results/mhd_runner/glm_sweep/ot_runs/divergence/ot_glm_sweep_coarse_n128_mixed_glm_ch16_sub8_cr0p5_mixed_glm.csv
orszag_tang,mixed_glm,128,finished,16.0,0.5,nan,2,35.4271,4.20875,0.00118742,0.00118742,2.9685500000000002e-05,0.0234708,0.108306,-1.0808e-14,12.6647,results/mhd_runner/glm_sweep/ot_runs/divergence/ot_glm_sweep_coarse_n128_mixed_glm_ch16_sub2_cr0p5_mixed_glm.csv
orszag_tang,mixed_glm,128,finished,16.0,0.5,nan,1,35.4271,4.20875,0.00118742,0.00118742,2.9685500000000002e-05,0.0234708,0.108306,-1.0808e-14,13.3056,results/mhd_runner/glm_sweep/ot_runs/divergence/ot_glm_sweep_coarse_n128_mixed_glm_ch16_sub1_cr0p5_mixed_glm.csv
orszag_tang,mixed_glm,128,finished,16.0,0.5,nan,4,35.4271,4.20875,0.00118742,0.00118742,2.9685500000000002e-05,0.0234708,0.108306,-1.0808e-14,13.3344,results/mhd_runner/glm_sweep/ot_runs/divergence/ot_glm_sweep_coarse_n128_mixed_glm_ch16_sub4_cr0p5_mixed_glm.csv
orszag_tang,mixed_glm,128,finished,8.0,1.0,nan,8,17.7135,4.20875,0.00136406,0.00136406,3.4101500000000005e-05,0.0338774,0.10797,-1.16027e-14,8.26031,results/mhd_runner/glm_sweep/ot_runs/divergence/ot_glm_sweep_coarse_n128_mixed_glm_ch8_sub8_cr1_mixed_glm.csv
orszag_tang,mixed_glm,128,finished,8.0,1.0,nan,2,17.7135,4.20875,0.00136406,0.00136406,3.4101500000000005e-05,0.0338774,0.10797,-1.16027e-14,8.54731,results/mhd_runner/glm_sweep/ot_runs/divergence/ot_glm_sweep_coarse_n128_mixed_glm_ch8_sub2_cr1_mixed_glm.csv
orszag_tang,mixed_glm,128,finished,8.0,1.0,nan,4,17.7135,4.20875,0.00136406,0.00136406,3.4101500000000005e-05,0.0338774,0.10797,-1.16027e-14,8.99876,results/mhd_runner/glm_sweep/ot_runs/divergence/ot_glm_sweep_coarse_n128_mixed_glm_ch8_sub4_cr1_mixed_glm.csv
orszag_tang,mixed_glm,128,finished,8.0,1.0,nan,1,17.7135,4.20875,0.00136406,0.00136406,3.4101500000000005e-05,0.0338774,0.10797,-1.16027e-14,9.08466,results/mhd_runner/glm_sweep/ot_runs/divergence/ot_glm_sweep_coarse_n128_mixed_glm_ch8_sub1_cr1_mixed_glm.csv
orszag_tang,hyperbolic_glm,256,finished,8.0,nan,nan,4,17.7181,nan,0.000378114,0.000378114,9.45285e-06,0.0145142,0.107772,-1.22384e-14,69.263,results/mhd_runner/glm_sweep/ot_runs/divergence/ot_glm_sweep_fine_n256_hyperbolic_glm_ch8_sub4_unused_hyperbolic_glm.csv
orszag_tang,mixed_glm,128,finished,16.0,1.0,nan,1,35.4271,5.95207,0.00116716,0.00116716,2.9179e-05,0.0222935,0.108297,-1.30331e-14,12.6569,results/mhd_runner/glm_sweep/ot_runs/divergence/ot_glm_sweep_coarse_n128_mixed_glm_ch16_sub1_cr1_mixed_glm.csv
orszag_tang,mixed_glm,128,finished,16.0,1.0,nan,4,35.4271,5.95207,0.00116716,0.00116716,2.9179e-05,0.0222935,0.108297,-1.30331e-14,12.6928,results/mhd_runner/glm_sweep/ot_runs/divergence/ot_glm_sweep_coarse_n128_mixed_glm_ch16_sub4_cr1_mixed_glm.csv
orszag_tang,mixed_glm,128,finished,16.0,1.0,nan,8,35.4271,5.95207,0.00116716,0.00116716,2.9179e-05,0.0222935,0.108297,-1.30331e-14,12.8442,results/mhd_runner/glm_sweep/ot_runs/divergence/ot_glm_sweep_coarse_n128_mixed_glm_ch16_sub8_cr1_mixed_glm.csv
orszag_tang,mixed_glm,128,finished,16.0,1.0,nan,2,35.4271,5.95207,0.00116716,0.00116716,2.9179e-05,0.0222935,0.108297,-1.30331e-14,13.3203,results/mhd_runner/glm_sweep/ot_runs/divergence/ot_glm_sweep_coarse_n128_mixed_glm_ch16_sub2_cr1_mixed_glm.csv
orszag_tang,mixed_glm,128,finished,8.0,0.3,nan,1,17.7135,2.30522,0.00143055,0.00143055,3.576375e-05,0.0380632,0.107995,-1.36689e-14,8.20414,results/mhd_runner/glm_sweep/ot_runs/divergence/ot_glm_sweep_coarse_n128_mixed_glm_ch8_sub1_cr0p3_mixed_glm.csv
orszag_tang,mixed_glm,128,finished,8.0,0.3,nan,8,17.7135,2.30522,0.00143055,0.00143055,3.576375e-05,0.0380632,0.107995,-1.36689e-14,8.26093,results/mhd_runner/glm_sweep/ot_runs/divergence/ot_glm_sweep_coarse_n128_mixed_glm_ch8_sub8_cr0p3_mixed_glm.csv
orszag_tang,mixed_glm,128,finished,8.0,0.3,nan,4,17.7135,2.30522,0.00143055,0.00143055,3.576375e-05,0.0380632,0.107995,-1.36689e-14,8.55274,results/mhd_runner/glm_sweep/ot_runs/divergence/ot_glm_sweep_coarse_n128_mixed_glm_ch8_sub4_cr0p3_mixed_glm.csv
orszag_tang,mixed_glm,128,finished,8.0,0.3,nan,2,17.7135,2.30522,0.00143055,0.00143055,3.576375e-05,0.0380632,0.107995,-1.36689e-14,8.99293,results/mhd_runner/glm_sweep/ot_runs/divergence/ot_glm_sweep_coarse_n128_mixed_glm_ch8_sub2_cr0p3_mixed_glm.csv
orszag_tang,mixed_glm,128,finished,4.0,0.3,nan,8,8.85677,1.63004,0.00158342,0.00158342,3.95855e-05,0.0433426,0.107777,-1.6053e-14,6.24142,results/mhd_runner/glm_sweep/ot_runs/divergence/ot_glm_sweep_coarse_n128_mixed_glm_ch4_sub8_cr0p3_mixed_glm.csv
orszag_tang,mixed_glm,128,finished,4.0,0.3,nan,4,8.85677,1.63004,0.00158361,0.00158361,3.959025e-05,0.0433463,0.107777,-1.6053e-14,6.24581,results/mhd_runner/glm_sweep/ot_runs/divergence/ot_glm_sweep_coarse_n128_mixed_glm_ch4_sub4_cr0p3_mixed_glm.csv
orszag_tang,mixed_glm,128,finished,4.0,0.3,nan,1,8.85677,1.63004,0.00158361,0.00158361,3.959025e-05,0.0433463,0.107777,-1.6053e-14,6.51595,results/mhd_runner/glm_sweep/ot_runs/divergence/ot_glm_sweep_coarse_n128_mixed_glm_ch4_sub1_cr0p3_mixed_glm.csv
orszag_tang,mixed_glm,128,finished,4.0,0.3,nan,2,8.85677,1.63004,0.00158361,0.00158361,3.959025e-05,0.0433463,0.107777,-1.6053e-14,6.88526,results/mhd_runner/glm_sweep/ot_runs/divergence/ot_glm_sweep_coarse_n128_mixed_glm_ch4_sub2_cr0p3_mixed_glm.csv
orszag_tang,mixed_glm,256,finished,16.0,0.5,nan,8,35.4362,4.20929,0.000355619,0.000355619,8.890475e-06,0.0161903,0.107993,-1.74835e-14,120.361,results/mhd_runner/glm_sweep/ot_runs/divergence/ot_glm_sweep_fine_n256_mixed_glm_ch16_sub8_cr0p5_mixed_glm.csv
orszag_tang,mixed_eglm,256,finished,16.0,1.0,nan,1,35.4362,5.95283,0.000350432,0.000350432,8.760800000000001e-06,0.0154145,0.108737,-1.29239e-06,128.37,results/mhd_runner/glm_sweep/ot_runs/divergence/ot_glm_sweep_fine_n256_mixed_eglm_ch16_sub1_cr1_mixed_eglm.csv
orszag_tang,mixed_eglm,256,finished,16.0,1.0,nan,4,35.4362,5.95283,0.000350432,0.000350432,8.760800000000001e-06,0.0154145,0.108737,-1.29239e-06,130.518,results/mhd_runner/glm_sweep/ot_runs/divergence/ot_glm_sweep_fine_n256_mixed_eglm_ch16_sub4_cr1_mixed_eglm.csv
orszag_tang,mixed_eglm,256,finished,16.0,1.0,nan,2,35.4362,5.95283,0.000350432,0.000350432,8.760800000000001e-06,0.0154145,0.108737,-1.29239e-06,139.492,results/mhd_runner/glm_sweep/ot_runs/divergence/ot_glm_sweep_fine_n256_mixed_eglm_ch16_sub2_cr1_mixed_eglm.csv
orszag_tang,mixed_eglm,256,finished,16.0,1.0,nan,8,35.4362,5.95283,0.000350432,0.000350432,8.760800000000001e-06,0.0154144,0.108737,-1.29239e-06,139.867,results/mhd_runner/glm_sweep/ot_runs/divergence/ot_glm_sweep_fine_n256_mixed_eglm_ch16_sub8_cr1_mixed_eglm.csv
orszag_tang,parabolic,128,finished,4.0,nan,nan,1,nan,nan,0.00115205,0.00115205,2.880125e-05,0.027744,0.107502,-1.59316e-06,4.32569,results/mhd_runner/glm_sweep/ot_runs/divergence/ot_glm_sweep_baseline_n128_parabolic_parabolic.csv
orszag_tang,mixed_eglm,256,finished,16.0,0.5,nan,8,35.4362,4.20929,0.000355725,0.000355725,8.893125e-06,0.0162109,0.108736,-1.85258e-06,144.853,results/mhd_runner/glm_sweep/ot_runs/divergence/ot_glm_sweep_fine_n256_mixed_eglm_ch16_sub8_cr0p5_mixed_eglm.csv
orszag_tang,gi_mixed_eglm,256,finished,16.0,1.0,nan,8,35.4362,5.95283,0.000351676,0.000351676,8.7919e-06,0.0168347,0.108734,-2.55107e-06,92.4519,results/mhd_runner/glm_sweep/ot_runs/divergence/ot_glm_sweep_fine_n256_gi_mixed_eglm_ch16_sub8_cr1_gi_mixed_eglm.csv
orszag_tang,gi_mixed_eglm,256,finished,16.0,1.0,nan,4,35.4362,5.95283,0.000351677,0.000351677,8.791925e-06,0.0168348,0.108734,-2.55108e-06,99.9594,results/mhd_runner/glm_sweep/ot_runs/divergence/ot_glm_sweep_fine_n256_gi_mixed_eglm_ch16_sub4_cr1_gi_mixed_eglm.csv
orszag_tang,gi_mixed_eglm,256,finished,16.0,1.0,nan,1,35.4362,5.95283,0.000351677,0.000351677,8.791925e-06,0.0168349,0.108734,-2.55108e-06,116.078,results/mhd_runner/glm_sweep/ot_runs/divergence/ot_glm_sweep_fine_n256_gi_mixed_eglm_ch16_sub1_cr1_gi_mixed_eglm.csv
orszag_tang,gi_mixed_eglm,256,finished,16.0,1.0,nan,2,35.4362,5.95283,0.000351677,0.000351677,8.791925e-06,0.0168349,0.108734,-2.55108e-06,137.002,results/mhd_runner/glm_sweep/ot_runs/divergence/ot_glm_sweep_fine_n256_gi_mixed_eglm_ch16_sub2_cr1_gi_mixed_eglm.csv
orszag_tang,mixed_eglm,128,finished,4.0,1.0,nan,8,8.85677,2.97603,0.00150106,0.00150106,3.75265e-05,0.0382514,0.1081,-3.41944e-06,6.93732,results/mhd_runner/glm_sweep/ot_runs/divergence/ot_glm_sweep_coarse_n128_mixed_eglm_ch4_sub8_cr1_mixed_eglm.csv
orszag_tang,mixed_eglm,128,finished,4.0,1.0,nan,4,8.85677,2.97603,0.00150116,0.00150116,3.7529000000000006e-05,0.038254,0.1081,-3.41945e-06,6.95491,results/mhd_runner/glm_sweep/ot_runs/divergence/ot_glm_sweep_coarse_n128_mixed_eglm_ch4_sub4_cr1_mixed_eglm.csv
orszag_tang,mixed_eglm,128,finished,4.0,1.0,nan,2,8.85677,2.97603,0.00150116,0.00150116,3.7529000000000006e-05,0.038254,0.1081,-3.41945e-06,7.25588,results/mhd_runner/glm_sweep/ot_runs/divergence/ot_glm_sweep_coarse_n128_mixed_eglm_ch4_sub2_cr1_mixed_eglm.csv
orszag_tang,mixed_eglm,128,finished,4.0,1.0,nan,1,8.85677,2.97603,0.00150116,0.00150116,3.7529000000000006e-05,0.038254,0.1081,-3.41945e-06,7.63321,results/mhd_runner/glm_sweep/ot_runs/divergence/ot_glm_sweep_coarse_n128_mixed_eglm_ch4_sub1_cr1_mixed_eglm.csv
orszag_tang,gi_mixed_eglm,256,finished,16.0,0.5,nan,8,35.4362,4.20929,0.000357266,0.000357266,8.931650000000001e-06,0.0177856,0.108733,-3.56954e-06,92.4329,results/mhd_runner/glm_sweep/ot_runs/divergence/ot_glm_sweep_fine_n256_gi_mixed_eglm_ch16_sub8_cr0p5_gi_mixed_eglm.csv
orszag_tang,mixed_eglm,128,finished,4.0,0.5,nan,4,8.85677,2.10437,0.00153158,0.00153158,3.828950000000001e-05,0.0404638,0.108099,-4.00298e-06,6.93975,results/mhd_runner/glm_sweep/ot_runs/divergence/ot_glm_sweep_coarse_n128_mixed_eglm_ch4_sub4_cr0p5_mixed_eglm.csv
orszag_tang,mixed_eglm,128,finished,4.0,0.5,nan,2,8.85677,2.10437,0.00153158,0.00153158,3.828950000000001e-05,0.0404638,0.108099,-4.00298e-06,7.19284,results/mhd_runner/glm_sweep/ot_runs/divergence/ot_glm_sweep_coarse_n128_mixed_eglm_ch4_sub2_cr0p5_mixed_eglm.csv
orszag_tang,mixed_eglm,128,finished,4.0,0.5,nan,1,8.85677,2.10437,0.00153158,0.00153158,3.828950000000001e-05,0.0404638,0.108099,-4.00298e-06,7.63735,results/mhd_runner/glm_sweep/ot_runs/divergence/ot_glm_sweep_coarse_n128_mixed_eglm_ch4_sub1_cr0p5_mixed_eglm.csv
orszag_tang,mixed_eglm,128,finished,4.0,0.5,nan,8,8.85677,2.10437,0.00153144,0.00153144,3.8286000000000006e-05,0.0404608,0.108099,-4.00299e-06,6.95746,results/mhd_runner/glm_sweep/ot_runs/divergence/ot_glm_sweep_coarse_n128_mixed_eglm_ch4_sub8_cr0p5_mixed_eglm.csv
orszag_tang,mixed_eglm,128,finished,8.0,1.0,nan,1,17.7135,4.20875,0.00136416,0.00136416,3.4104e-05,0.0338405,0.108667,-4.08468e-06,9.61004,results/mhd_runner/glm_sweep/ot_runs/divergence/ot_glm_sweep_coarse_n128_mixed_eglm_ch8_sub1_cr1_mixed_eglm.csv
orszag_tang,mixed_eglm,128,finished,8.0,1.0,nan,8,17.7135,4.20875,0.00136416,0.00136416,3.4104e-05,0.0338405,0.108667,-4.08468e-06,9.61166,results/mhd_runner/glm_sweep/ot_runs/divergence/ot_glm_sweep_coarse_n128_mixed_eglm_ch8_sub8_cr1_mixed_eglm.csv
orszag_tang,mixed_eglm,128,finished,8.0,1.0,nan,4,17.7135,4.20875,0.00136416,0.00136416,3.4104e-05,0.0338405,0.108667,-4.08468e-06,10.1252,results/mhd_runner/glm_sweep/ot_runs/divergence/ot_glm_sweep_coarse_n128_mixed_eglm_ch8_sub4_cr1_mixed_eglm.csv
orszag_tang,mixed_eglm,128,finished,8.0,1.0,nan,2,17.7135,4.20875,0.00136416,0.00136416,3.4104e-05,0.0338405,0.108667,-4.08468e-06,10.7349,results/mhd_runner/glm_sweep/ot_runs/divergence/ot_glm_sweep_coarse_n128_mixed_eglm_ch8_sub2_cr1_mixed_eglm.csv
orszag_tang,mixed_eglm,128,finished,4.0,0.3,nan,2,8.85677,1.63004,0.00158337,0.00158337,3.958425e-05,0.0432654,0.108098,-4.66355e-06,6.91007,results/mhd_runner/glm_sweep/ot_runs/divergence/ot_glm_sweep_coarse_n128_mixed_eglm_ch4_sub2_cr0p3_mixed_eglm.csv
orszag_tang,mixed_eglm,128,finished,4.0,0.3,nan,4,8.85677,1.63004,0.00158337,0.00158337,3.958425e-05,0.0432654,0.108098,-4.66355e-06,6.92298,results/mhd_runner/glm_sweep/ot_runs/divergence/ot_glm_sweep_coarse_n128_mixed_eglm_ch4_sub4_cr0p3_mixed_eglm.csv
orszag_tang,mixed_eglm,128,finished,4.0,0.3,nan,1,8.85677,1.63004,0.00158337,0.00158337,3.958425e-05,0.0432654,0.108098,-4.66355e-06,6.95253,results/mhd_runner/glm_sweep/ot_runs/divergence/ot_glm_sweep_coarse_n128_mixed_eglm_ch4_sub1_cr0p3_mixed_eglm.csv
orszag_tang,mixed_eglm,128,finished,4.0,0.3,nan,8,8.85677,1.63004,0.00158317,0.00158317,3.9579250000000006e-05,0.0432621,0.108098,-4.6636e-06,7.70271,results/mhd_runner/glm_sweep/ot_runs/divergence/ot_glm_sweep_coarse_n128_mixed_eglm_ch4_sub8_cr0p3_mixed_eglm.csv
orszag_tang,mixed_eglm,128,finished,8.0,0.5,nan,4,17.7135,2.97603,0.00138889,0.00138889,3.472225e-05,0.0356966,0.108665,-5.17289e-06,9.5718,results/mhd_runner/glm_sweep/ot_runs/divergence/ot_glm_sweep_coarse_n128_mixed_eglm_ch8_sub4_cr0p5_mixed_eglm.csv
orszag_tang,mixed_eglm,128,finished,8.0,0.5,nan,2,17.7135,2.97603,0.00138889,0.00138889,3.472225e-05,0.0356966,0.108665,-5.17289e-06,9.63396,results/mhd_runner/glm_sweep/ot_runs/divergence/ot_glm_sweep_coarse_n128_mixed_eglm_ch8_sub2_cr0p5_mixed_eglm.csv
orszag_tang,mixed_eglm,128,finished,8.0,0.5,nan,8,17.7135,2.97603,0.00138889,0.00138889,3.472225e-05,0.0356966,0.108665,-5.17289e-06,10.0749,results/mhd_runner/glm_sweep/ot_runs/divergence/ot_glm_sweep_coarse_n128_mixed_eglm_ch8_sub8_cr0p5_mixed_eglm.csv
orszag_tang,mixed_eglm,128,finished,8.0,0.5,nan,1,17.7135,2.97603,0.00138889,0.00138889,3.472225e-05,0.0356966,0.108665,-5.17289e-06,10.6468,results/mhd_runner/glm_sweep/ot_runs/divergence/ot_glm_sweep_coarse_n128_mixed_eglm_ch8_sub1_cr0p5_mixed_eglm.csv
orszag_tang,mixed_eglm,128,finished,16.0,1.0,nan,1,35.4271,5.95207,0.00116714,0.00116714,2.9178500000000005e-05,0.0222847,0.109392,-5.26066e-06,14.7046,results/mhd_runner/glm_sweep/ot_runs/divergence/ot_glm_sweep_coarse_n128_mixed_eglm_ch16_sub1_cr1_mixed_eglm.csv
orszag_tang,mixed_eglm,128,finished,16.0,1.0,nan,4,35.4271,5.95207,0.00116714,0.00116714,2.9178500000000005e-05,0.0222847,0.109392,-5.26066e-06,14.7699,results/mhd_runner/glm_sweep/ot_runs/divergence/ot_glm_sweep_coarse_n128_mixed_eglm_ch16_sub4_cr1_mixed_eglm.csv
orszag_tang,mixed_eglm,128,finished,16.0,1.0,nan,2,35.4271,5.95207,0.00116714,0.00116714,2.9178500000000005e-05,0.0222847,0.109392,-5.26066e-06,16.4066,results/mhd_runner/glm_sweep/ot_runs/divergence/ot_glm_sweep_coarse_n128_mixed_eglm_ch16_sub2_cr1_mixed_eglm.csv
orszag_tang,mixed_eglm,128,finished,16.0,1.0,nan,8,35.4271,5.95207,0.00116714,0.00116714,2.9178500000000005e-05,0.0222847,0.109392,-5.26066e-06,16.4326,results/mhd_runner/glm_sweep/ot_runs/divergence/ot_glm_sweep_coarse_n128_mixed_eglm_ch16_sub8_cr1_mixed_eglm.csv
orszag_tang,mixed_eglm,128,finished,8.0,0.3,nan,8,17.7135,2.30522,0.00143044,0.00143044,3.5761000000000005e-05,0.0380248,0.108663,-6.54292e-06,9.62128,results/mhd_runner/glm_sweep/ot_runs/divergence/ot_glm_sweep_coarse_n128_mixed_eglm_ch8_sub8_cr0p3_mixed_eglm.csv
orszag_tang,mixed_eglm,128,finished,8.0,0.3,nan,4,17.7135,2.30522,0.00143044,0.00143044,3.5761000000000005e-05,0.0380248,0.108663,-6.54292e-06,10.0922,results/mhd_runner/glm_sweep/ot_runs/divergence/ot_glm_sweep_coarse_n128_mixed_eglm_ch8_sub4_cr0p3_mixed_eglm.csv
orszag_tang,mixed_eglm,128,finished,8.0,0.3,nan,2,17.7135,2.30522,0.00143044,0.00143044,3.5761000000000005e-05,0.0380248,0.108663,-6.54292e-06,10.1585,results/mhd_runner/glm_sweep/ot_runs/divergence/ot_glm_sweep_coarse_n128_mixed_eglm_ch8_sub2_cr0p3_mixed_eglm.csv
orszag_tang,mixed_eglm,128,finished,8.0,0.3,nan,1,17.7135,2.30522,0.00143044,0.00143044,3.5761000000000005e-05,0.0380248,0.108663,-6.54292e-06,10.638,results/mhd_runner/glm_sweep/ot_runs/divergence/ot_glm_sweep_coarse_n128_mixed_eglm_ch8_sub1_cr0p3_mixed_eglm.csv
orszag_tang,mixed_eglm,128,finished,16.0,0.5,nan,2,35.4271,4.20875,0.0011873,0.0011873,2.9682500000000003e-05,0.0234614,0.109391,-7.18214e-06,14.732,results/mhd_runner/glm_sweep/ot_runs/divergence/ot_glm_sweep_coarse_n128_mixed_eglm_ch16_sub2_cr0p5_mixed_eglm.csv
orszag_tang,mixed_eglm,128,finished,16.0,0.5,nan,1,35.4271,4.20875,0.0011873,0.0011873,2.9682500000000003e-05,0.0234614,0.109391,-7.18214e-06,14.8273,results/mhd_runner/glm_sweep/ot_runs/divergence/ot_glm_sweep_coarse_n128_mixed_eglm_ch16_sub1_cr0p5_mixed_eglm.csv
orszag_tang,mixed_eglm,128,finished,16.0,0.5,nan,4,35.4271,4.20875,0.0011873,0.0011873,2.9682500000000003e-05,0.0234614,0.109391,-7.18214e-06,14.8368,results/mhd_runner/glm_sweep/ot_runs/divergence/ot_glm_sweep_coarse_n128_mixed_eglm_ch16_sub4_cr0p5_mixed_eglm.csv
orszag_tang,mixed_eglm,128,finished,16.0,0.5,nan,8,35.4271,4.20875,0.0011873,0.0011873,2.9682500000000003e-05,0.0234614,0.109391,-7.18214e-06,14.934,results/mhd_runner/glm_sweep/ot_runs/divergence/ot_glm_sweep_coarse_n128_mixed_eglm_ch16_sub8_cr0p5_mixed_eglm.csv
orszag_tang,gi_mixed_eglm,128,finished,16.0,1.0,nan,8,35.4271,5.95207,0.00117183,0.00117183,2.929575e-05,0.0226495,0.109385,-7.57625e-06,15.7429,results/mhd_runner/glm_sweep/ot_runs/divergence/ot_glm_sweep_coarse_n128_gi_mixed_eglm_ch16_sub8_cr1_gi_mixed_eglm.csv
orszag_tang,gi_mixed_eglm,128,finished,16.0,1.0,nan,2,35.4271,5.95207,0.00117183,0.00117183,2.929575e-05,0.0226495,0.109385,-7.57625e-06,16.5067,results/mhd_runner/glm_sweep/ot_runs/divergence/ot_glm_sweep_coarse_n128_gi_mixed_eglm_ch16_sub2_cr1_gi_mixed_eglm.csv
orszag_tang,gi_mixed_eglm,128,finished,16.0,1.0,nan,1,35.4271,5.95207,0.00117183,0.00117183,2.929575e-05,0.0226495,0.109385,-7.57625e-06,16.5355,results/mhd_runner/glm_sweep/ot_runs/divergence/ot_glm_sweep_coarse_n128_gi_mixed_eglm_ch16_sub1_cr1_gi_mixed_eglm.csv
orszag_tang,gi_mixed_eglm,128,finished,16.0,1.0,nan,4,35.4271,5.95207,0.00117183,0.00117183,2.929575e-05,0.0226495,0.109385,-7.57625e-06,17.4867,results/mhd_runner/glm_sweep/ot_runs/divergence/ot_glm_sweep_coarse_n128_gi_mixed_eglm_ch16_sub4_cr1_gi_mixed_eglm.csv
orszag_tang,gi_mixed_eglm,128,finished,8.0,1.0,nan,4,17.7135,4.20875,0.0013757,0.0013757,3.4392500000000007e-05,0.0335751,0.10866,-8.27284e-06,10.1186,results/mhd_runner/glm_sweep/ot_runs/divergence/ot_glm_sweep_coarse_n128_gi_mixed_eglm_ch8_sub4_cr1_gi_mixed_eglm.csv
orszag_tang,gi_mixed_eglm,128,finished,8.0,1.0,nan,8,17.7135,4.20875,0.0013757,0.0013757,3.4392500000000007e-05,0.0335751,0.10866,-8.27284e-06,10.1572,results/mhd_runner/glm_sweep/ot_runs/divergence/ot_glm_sweep_coarse_n128_gi_mixed_eglm_ch8_sub8_cr1_gi_mixed_eglm.csv
orszag_tang,gi_mixed_eglm,128,finished,8.0,1.0,nan,1,17.7135,4.20875,0.0013757,0.0013757,3.4392500000000007e-05,0.0335751,0.10866,-8.27284e-06,11.168,results/mhd_runner/glm_sweep/ot_runs/divergence/ot_glm_sweep_coarse_n128_gi_mixed_eglm_ch8_sub1_cr1_gi_mixed_eglm.csv
orszag_tang,gi_mixed_eglm,128,finished,8.0,1.0,nan,2,17.7135,4.20875,0.0013757,0.0013757,3.4392500000000007e-05,0.0335751,0.10866,-8.27284e-06,11.241,results/mhd_runner/glm_sweep/ot_runs/divergence/ot_glm_sweep_coarse_n128_gi_mixed_eglm_ch8_sub2_cr1_gi_mixed_eglm.csv
orszag_tang,mixed_eglm,128,finished,8.0,0.18,nan,8,17.7135,1.78562,0.00151612,0.00151612,3.7903e-05,0.0416917,0.10866,-8.65455e-06,9.58815,results/mhd_runner/glm_sweep/ot_runs/divergence/ot_glm_sweep_coarse_n128_mixed_eglm_ch8_sub8_cr0p18_mixed_eglm.csv
orszag_tang,mixed_eglm,128,finished,8.0,0.18,nan,4,17.7135,1.78562,0.00151612,0.00151612,3.7903e-05,0.0416917,0.10866,-8.65455e-06,9.62737,results/mhd_runner/glm_sweep/ot_runs/divergence/ot_glm_sweep_coarse_n128_mixed_eglm_ch8_sub4_cr0p18_mixed_eglm.csv
orszag_tang,mixed_eglm,128,finished,8.0,0.18,nan,1,17.7135,1.78562,0.00151612,0.00151612,3.7903e-05,0.0416917,0.10866,-8.65455e-06,10.1199,results/mhd_runner/glm_sweep/ot_runs/divergence/ot_glm_sweep_coarse_n128_mixed_eglm_ch8_sub1_cr0p18_mixed_eglm.csv
orszag_tang,mixed_eglm,128,finished,8.0,0.18,nan,2,17.7135,1.78562,0.00151612,0.00151612,3.7903e-05,0.0416917,0.10866,-8.65455e-06,10.1676,results/mhd_runner/glm_sweep/ot_runs/divergence/ot_glm_sweep_coarse_n128_mixed_eglm_ch8_sub2_cr0p18_mixed_eglm.csv
orszag_tang,mixed_eglm,128,finished,16.0,0.3,nan,4,35.4271,3.26008,0.0012222,0.0012222,3.0555e-05,0.0249608,0.109389,-9.67544e-06,14.8202,results/mhd_runner/glm_sweep/ot_runs/divergence/ot_glm_sweep_coarse_n128_mixed_eglm_ch16_sub4_cr0p3_mixed_eglm.csv
orszag_tang,mixed_eglm,128,finished,16.0,0.3,nan,2,35.4271,3.26008,0.0012222,0.0012222,3.0555e-05,0.0249608,0.109389,-9.67544e-06,14.8727,results/mhd_runner/glm_sweep/ot_runs/divergence/ot_glm_sweep_coarse_n128_mixed_eglm_ch16_sub2_cr0p3_mixed_eglm.csv
orszag_tang,mixed_eglm,128,finished,16.0,0.3,nan,8,35.4271,3.26008,0.0012222,0.0012222,3.0555e-05,0.0249608,0.109389,-9.67544e-06,15.5995,results/mhd_runner/glm_sweep/ot_runs/divergence/ot_glm_sweep_coarse_n128_mixed_eglm_ch16_sub8_cr0p3_mixed_eglm.csv
orszag_tang,mixed_eglm,128,finished,16.0,0.3,nan,1,35.4271,3.26008,0.0012222,0.0012222,3.0555e-05,0.0249608,0.109389,-9.67544e-06,16.3595,results/mhd_runner/glm_sweep/ot_runs/divergence/ot_glm_sweep_coarse_n128_mixed_eglm_ch16_sub1_cr0p3_mixed_eglm.csv
orszag_tang,gi_mixed_eglm,128,finished,8.0,0.5,nan,8,17.7135,2.97603,0.0014018,0.0014018,3.5045e-05,0.0352657,0.108659,-1.02366e-05,10.1367,results/mhd_runner/glm_sweep/ot_runs/divergence/ot_glm_sweep_coarse_n128_gi_mixed_eglm_ch8_sub8_cr0p5_gi_mixed_eglm.csv
orszag_tang,gi_mixed_eglm,128,finished,8.0,0.5,nan,2,17.7135,2.97603,0.0014018,0.0014018,3.5045e-05,0.0352657,0.108659,-1.02366e-05,10.165,results/mhd_runner/glm_sweep/ot_runs/divergence/ot_glm_sweep_coarse_n128_gi_mixed_eglm_ch8_sub2_cr0p5_gi_mixed_eglm.csv
orszag_tang,gi_mixed_eglm,128,finished,8.0,0.5,nan,4,17.7135,2.97603,0.0014018,0.0014018,3.5045e-05,0.0352657,0.108659,-1.02366e-05,10.5626,results/mhd_runner/glm_sweep/ot_runs/divergence/ot_glm_sweep_coarse_n128_gi_mixed_eglm_ch8_sub4_cr0p5_gi_mixed_eglm.csv
orszag_tang,gi_mixed_eglm,128,finished,8.0,0.5,nan,1,17.7135,2.97603,0.0014018,0.0014018,3.5045e-05,0.0352657,0.108659,-1.02366e-05,11.151,results/mhd_runner/glm_sweep/ot_runs/divergence/ot_glm_sweep_coarse_n128_gi_mixed_eglm_ch8_sub1_cr0p5_gi_mixed_eglm.csv
orszag_tang,gi_mixed_eglm,128,finished,16.0,0.5,nan,1,35.4271,4.20875,0.00119292,0.00119292,2.9823000000000002e-05,0.023807,0.109383,-1.02964e-05,15.7007,results/mhd_runner/glm_sweep/ot_runs/divergence/ot_glm_sweep_coarse_n128_gi_mixed_eglm_ch16_sub1_cr0p5_gi_mixed_eglm.csv
orszag_tang,gi_mixed_eglm,128,finished,16.0,0.5,nan,4,35.4271,4.20875,0.00119292,0.00119292,2.9823000000000002e-05,0.023807,0.109383,-1.02964e-05,15.7474,results/mhd_runner/glm_sweep/ot_runs/divergence/ot_glm_sweep_coarse_n128_gi_mixed_eglm_ch16_sub4_cr0p5_gi_mixed_eglm.csv
orszag_tang,gi_mixed_eglm,128,finished,16.0,0.5,nan,8,35.4271,4.20875,0.00119292,0.00119292,2.9823000000000002e-05,0.023807,0.109383,-1.02964e-05,15.7605,results/mhd_runner/glm_sweep/ot_runs/divergence/ot_glm_sweep_coarse_n128_gi_mixed_eglm_ch16_sub8_cr0p5_gi_mixed_eglm.csv
orszag_tang,gi_mixed_eglm,128,finished,16.0,0.5,nan,2,35.4271,4.20875,0.00119292,0.00119292,2.9823000000000002e-05,0.023807,0.109383,-1.02964e-05,17.3951,results/mhd_runner/glm_sweep/ot_runs/divergence/ot_glm_sweep_coarse_n128_gi_mixed_eglm_ch16_sub2_cr0p5_gi_mixed_eglm.csv
orszag_tang,gi_mixed_eglm,128,finished,4.0,1.0,nan,8,8.85677,2.97603,0.00152788,0.00152788,3.8197e-05,0.0390037,0.108097,-1.13013e-05,7.59866,results/mhd_runner/glm_sweep/ot_runs/divergence/ot_glm_sweep_coarse_n128_gi_mixed_eglm_ch4_sub8_cr1_gi_mixed_eglm.csv
orszag_tang,gi_mixed_eglm,128,finished,4.0,1.0,nan,2,8.85677,2.97603,0.00152801,0.00152801,3.8200250000000004e-05,0.0390139,0.108097,-1.13014e-05,7.23428,results/mhd_runner/glm_sweep/ot_runs/divergence/ot_glm_sweep_coarse_n128_gi_mixed_eglm_ch4_sub2_cr1_gi_mixed_eglm.csv
orszag_tang,gi_mixed_eglm,128,finished,4.0,1.0,nan,4,8.85677,2.97603,0.00152801,0.00152801,3.8200250000000004e-05,0.0390139,0.108097,-1.13014e-05,7.51819,results/mhd_runner/glm_sweep/ot_runs/divergence/ot_glm_sweep_coarse_n128_gi_mixed_eglm_ch4_sub4_cr1_gi_mixed_eglm.csv
orszag_tang,gi_mixed_eglm,128,finished,4.0,1.0,nan,1,8.85677,2.97603,0.00152801,0.00152801,3.8200250000000004e-05,0.0390139,0.108097,-1.13014e-05,7.96398,results/mhd_runner/glm_sweep/ot_runs/divergence/ot_glm_sweep_coarse_n128_gi_mixed_eglm_ch4_sub1_cr1_gi_mixed_eglm.csv
orszag_tang,gi_mixed_eglm,128,finished,4.0,0.5,nan,8,8.85677,2.10437,0.00156037,0.00156037,3.900925e-05,0.0415476,0.108097,-1.25559e-05,7.34246,results/mhd_runner/glm_sweep/ot_runs/divergence/ot_glm_sweep_coarse_n128_gi_mixed_eglm_ch4_sub8_cr0p5_gi_mixed_eglm.csv
orszag_tang,gi_mixed_eglm,128,finished,4.0,0.5,nan,4,8.85677,2.10437,0.00156053,0.00156053,3.9013250000000005e-05,0.0415582,0.108097,-1.25559e-05,7.51701,results/mhd_runner/glm_sweep/ot_runs/divergence/ot_glm_sweep_coarse_n128_gi_mixed_eglm_ch4_sub4_cr0p5_gi_mixed_eglm.csv
orszag_tang,gi_mixed_eglm,128,finished,4.0,0.5,nan,2,8.85677,2.10437,0.00156053,0.00156053,3.9013250000000005e-05,0.0415582,0.108097,-1.25559e-05,7.55861,results/mhd_runner/glm_sweep/ot_runs/divergence/ot_glm_sweep_coarse_n128_gi_mixed_eglm_ch4_sub2_cr0p5_gi_mixed_eglm.csv
orszag_tang,gi_mixed_eglm,128,finished,4.0,0.5,nan,1,8.85677,2.10437,0.00156053,0.00156053,3.9013250000000005e-05,0.0415582,0.108097,-1.25559e-05,7.95973,results/mhd_runner/glm_sweep/ot_runs/divergence/ot_glm_sweep_coarse_n128_gi_mixed_eglm_ch4_sub1_cr0p5_gi_mixed_eglm.csv
orszag_tang,gi_mixed_eglm,128,finished,8.0,0.3,nan,1,17.7135,2.30522,0.00144506,0.00144506,3.61265e-05,0.0377223,0.108658,-1.27339e-05,10.0747,results/mhd_runner/glm_sweep/ot_runs/divergence/ot_glm_sweep_coarse_n128_gi_mixed_eglm_ch8_sub1_cr0p3_gi_mixed_eglm.csv
orszag_tang,gi_mixed_eglm,128,finished,8.0,0.3,nan,4,17.7135,2.30522,0.00144506,0.00144506,3.61265e-05,0.0377223,0.108658,-1.27339e-05,10.1112,results/mhd_runner/glm_sweep/ot_runs/divergence/ot_glm_sweep_coarse_n128_gi_mixed_eglm_ch8_sub4_cr0p3_gi_mixed_eglm.csv
orszag_tang,gi_mixed_eglm,128,finished,8.0,0.3,nan,2,17.7135,2.30522,0.00144506,0.00144506,3.61265e-05,0.0377223,0.108658,-1.27339e-05,10.6178,results/mhd_runner/glm_sweep/ot_runs/divergence/ot_glm_sweep_coarse_n128_gi_mixed_eglm_ch8_sub2_cr0p3_gi_mixed_eglm.csv
orszag_tang,gi_mixed_eglm,128,finished,8.0,0.3,nan,8,17.7135,2.30522,0.00144506,0.00144506,3.61265e-05,0.0377223,0.108658,-1.27339e-05,10.6949,results/mhd_runner/glm_sweep/ot_runs/divergence/ot_glm_sweep_coarse_n128_gi_mixed_eglm_ch8_sub8_cr0p3_gi_mixed_eglm.csv
orszag_tang,mixed_eglm,128,finished,16.0,0.18,nan,2,35.4271,2.52525,0.00129836,0.00129836,3.2459e-05,0.0273995,0.109385,-1.36653e-05,14.8674,results/mhd_runner/glm_sweep/ot_runs/divergence/ot_glm_sweep_coarse_n128_mixed_eglm_ch16_sub2_cr0p18_mixed_eglm.csv
orszag_tang,mixed_eglm,128,finished,16.0,0.18,nan,8,35.4271,2.52525,0.00129836,0.00129836,3.2459e-05,0.0273995,0.109385,-1.36653e-05,14.8794,results/mhd_runner/glm_sweep/ot_runs/divergence/ot_glm_sweep_coarse_n128_mixed_eglm_ch16_sub8_cr0p18_mixed_eglm.csv
orszag_tang,mixed_eglm,128,finished,16.0,0.18,nan,4,35.4271,2.52525,0.00129836,0.00129836,3.2459e-05,0.0273995,0.109385,-1.36653e-05,15.5848,results/mhd_runner/glm_sweep/ot_runs/divergence/ot_glm_sweep_coarse_n128_mixed_eglm_ch16_sub4_cr0p18_mixed_eglm.csv
orszag_tang,mixed_eglm,128,finished,16.0,0.18,nan,1,35.4271,2.52525,0.00129836,0.00129836,3.2459e-05,0.0273995,0.109385,-1.36653e-05,16.3878,results/mhd_runner/glm_sweep/ot_runs/divergence/ot_glm_sweep_coarse_n128_mixed_eglm_ch16_sub1_cr0p18_mixed_eglm.csv
orszag_tang,gi_mixed_eglm,128,finished,16.0,0.3,nan,2,35.4271,3.26008,0.00122909,0.00122909,3.072725e-05,0.0252804,0.109381,-1.38381e-05,15.7317,results/mhd_runner/glm_sweep/ot_runs/divergence/ot_glm_sweep_coarse_n128_gi_mixed_eglm_ch16_sub2_cr0p3_gi_mixed_eglm.csv
orszag_tang,gi_mixed_eglm,128,finished,16.0,0.3,nan,4,35.4271,3.26008,0.00122909,0.00122909,3.072725e-05,0.0252804,0.109381,-1.38381e-05,15.7558,results/mhd_runner/glm_sweep/ot_runs/divergence/ot_glm_sweep_coarse_n128_gi_mixed_eglm_ch16_sub4_cr0p3_gi_mixed_eglm.csv
orszag_tang,gi_mixed_eglm,128,finished,16.0,0.3,nan,8,35.4271,3.26008,0.00122909,0.00122909,3.072725e-05,0.0252804,0.109381,-1.38381e-05,16.5669,results/mhd_runner/glm_sweep/ot_runs/divergence/ot_glm_sweep_coarse_n128_gi_mixed_eglm_ch16_sub8_cr0p3_gi_mixed_eglm.csv
orszag_tang,gi_mixed_eglm,128,finished,16.0,0.3,nan,1,35.4271,3.26008,0.00122909,0.00122909,3.072725e-05,0.0252804,0.109381,-1.38381e-05,17.4179,results/mhd_runner/glm_sweep/ot_runs/divergence/ot_glm_sweep_coarse_n128_gi_mixed_eglm_ch16_sub1_cr0p3_gi_mixed_eglm.csv
orszag_tang,gi_mixed_eglm,128,finished,4.0,0.3,nan,4,8.85677,1.63004,0.00161465,0.00161465,4.036625e-05,0.0447535,0.108096,-1.40551e-05,7.20119,results/mhd_runner/glm_sweep/ot_runs/divergence/ot_glm_sweep_coarse_n128_gi_mixed_eglm_ch4_sub4_cr0p3_gi_mixed_eglm.csv
orszag_tang,gi_mixed_eglm,128,finished,4.0,0.3,nan,1,8.85677,1.63004,0.00161465,0.00161465,4.036625e-05,0.0447535,0.108096,-1.40551e-05,7.53504,results/mhd_runner/glm_sweep/ot_runs/divergence/ot_glm_sweep_coarse_n128_gi_mixed_eglm_ch4_sub1_cr0p3_gi_mixed_eglm.csv
orszag_tang,gi_mixed_eglm,128,finished,4.0,0.3,nan,2,8.85677,1.63004,0.00161465,0.00161465,4.036625e-05,0.0447535,0.108096,-1.40551e-05,7.5819,results/mhd_runner/glm_sweep/ot_runs/divergence/ot_glm_sweep_coarse_n128_gi_mixed_eglm_ch4_sub2_cr0p3_gi_mixed_eglm.csv
orszag_tang,gi_mixed_eglm,128,finished,4.0,0.3,nan,8,8.85677,1.63004,0.00161443,0.00161443,4.0360750000000005e-05,0.0447425,0.108096,-1.40553e-05,7.33876,results/mhd_runner/glm_sweep/ot_runs/divergence/ot_glm_sweep_coarse_n128_gi_mixed_eglm_ch4_sub8_cr0p3_gi_mixed_eglm.csv
orszag_tang,mixed_eglm,64,finished,4.0,1.0,nan,8,8.84763,2.9745,0.00531587,0.00531587,0.00013289675,0.0775728,0.108478,-1.46798e-05,0.882933,results/mhd_runner/glm_sweep/ot_runs/divergence/ot_glm_sweep_coarse_n64_mixed_eglm_ch4_sub8_cr1_mixed_eglm.csv
orszag_tang,mixed_eglm,64,finished,4.0,1.0,nan,4,8.84763,2.9745,0.00531592,0.00531592,0.000132898,0.0775725,0.108478,-1.468e-05,0.923558,results/mhd_runner/glm_sweep/ot_runs/divergence/ot_glm_sweep_coarse_n64_mixed_eglm_ch4_sub4_cr1_mixed_eglm.csv
orszag_tang,mixed_eglm,64,finished,4.0,1.0,nan,1,8.84763,2.9745,0.00531602,0.00531602,0.0001329005,0.077572,0.108478,-1.46802e-05,0.837315,results/mhd_runner/glm_sweep/ot_runs/divergence/ot_glm_sweep_coarse_n64_mixed_eglm_ch4_sub1_cr1_mixed_eglm.csv
orszag_tang,mixed_eglm,64,finished,4.0,1.0,nan,2,8.84763,2.9745,0.00531602,0.00531602,0.0001329005,0.077572,0.108478,-1.46802e-05,0.880462,results/mhd_runner/glm_sweep/ot_runs/divergence/ot_glm_sweep_coarse_n64_mixed_eglm_ch4_sub2_cr1_mixed_eglm.csv
orszag_tang,gi_mixed_eglm,128,finished,8.0,0.18,nan,1,17.7135,1.78562,0.0015334,0.0015334,3.8335000000000005e-05,0.0416535,0.108655,-1.66262e-05,10.063,results/mhd_runner/glm_sweep/ot_runs/divergence/ot_glm_sweep_coarse_n128_gi_mixed_eglm_ch8_sub1_cr0p18_gi_mixed_eglm.csv
orszag_tang,gi_mixed_eglm,128,finished,8.0,0.18,nan,2,17.7135,1.78562,0.0015334,0.0015334,3.8335000000000005e-05,0.0416535,0.108655,-1.66262e-05,10.0889,results/mhd_runner/glm_sweep/ot_runs/divergence/ot_glm_sweep_coarse_n128_gi_mixed_eglm_ch8_sub2_cr0p18_gi_mixed_eglm.csv
orszag_tang,gi_mixed_eglm,128,finished,8.0,0.18,nan,8,17.7135,1.78562,0.0015334,0.0015334,3.8335000000000005e-05,0.0416535,0.108655,-1.66262e-05,10.1426,results/mhd_runner/glm_sweep/ot_runs/divergence/ot_glm_sweep_coarse_n128_gi_mixed_eglm_ch8_sub8_cr0p18_gi_mixed_eglm.csv
orszag_tang,gi_mixed_eglm,128,finished,8.0,0.18,nan,4,17.7135,1.78562,0.0015334,0.0015334,3.8335000000000005e-05,0.0416535,0.108655,-1.66262e-05,10.6046,results/mhd_runner/glm_sweep/ot_runs/divergence/ot_glm_sweep_coarse_n128_gi_mixed_eglm_ch8_sub4_cr0p18_gi_mixed_eglm.csv
orszag_tang,mixed_eglm,64,finished,4.0,0.5,nan,8,8.84763,2.10329,0.00543378,0.00543378,0.00013584450000000002,0.0814538,0.108475,-1.66743e-05,0.861024,results/mhd_runner/glm_sweep/ot_runs/divergence/ot_glm_sweep_coarse_n64_mixed_eglm_ch4_sub8_cr0p5_mixed_eglm.csv
orszag_tang,mixed_eglm,64,finished,4.0,0.5,nan,4,8.84763,2.10329,0.00543388,0.00543388,0.000135847,0.0814539,0.108475,-1.66744e-05,0.882953,results/mhd_runner/glm_sweep/ot_runs/divergence/ot_glm_sweep_coarse_n64_mixed_eglm_ch4_sub4_cr0p5_mixed_eglm.csv
orszag_tang,mixed_eglm,64,finished,4.0,0.5,nan,2,8.84763,2.10329,0.00543409,0.00543409,0.00013585225,0.081454,0.108475,-1.66746e-05,0.838323,results/mhd_runner/glm_sweep/ot_runs/divergence/ot_glm_sweep_coarse_n64_mixed_eglm_ch4_sub2_cr0p5_mixed_eglm.csv
orszag_tang,mixed_eglm,64,finished,4.0,0.5,nan,1,8.84763,2.10329,0.00543409,0.00543409,0.00013585225,0.081454,0.108475,-1.66746e-05,0.916325,results/mhd_runner/glm_sweep/ot_runs/divergence/ot_glm_sweep_coarse_n64_mixed_eglm_ch4_sub1_cr0p5_mixed_eglm.csv
orszag_tang,mixed_eglm,64,finished,8.0,1.0,nan,8,17.6953,4.20657,0.00453907,0.00453907,0.00011347675000000001,0.0572722,0.109262,-1.74934e-05,1.17846,results/mhd_runner/glm_sweep/ot_runs/divergence/ot_glm_sweep_coarse_n64_mixed_eglm_ch8_sub8_cr1_mixed_eglm.csv
orszag_tang,mixed_eglm,64,finished,8.0,1.0,nan,1,17.6953,4.20657,0.00453897,0.00453897,0.00011347425,0.0572704,0.109262,-1.7494e-05,1.15407,results/mhd_runner/glm_sweep/ot_runs/divergence/ot_glm_sweep_coarse_n64_mixed_eglm_ch8_sub1_cr1_mixed_eglm.csv
orszag_tang,mixed_eglm,64,finished,8.0,1.0,nan,4,17.6953,4.20657,0.00453897,0.00453897,0.00011347425,0.0572704,0.109262,-1.7494e-05,1.18192,results/mhd_runner/glm_sweep/ot_runs/divergence/ot_glm_sweep_coarse_n64_mixed_eglm_ch8_sub4_cr1_mixed_eglm.csv
orszag_tang,mixed_eglm,64,finished,8.0,1.0,nan,2,17.6953,4.20657,0.00453897,0.00453897,0.00011347425,0.0572704,0.109262,-1.7494e-05,1.19252,results/mhd_runner/glm_sweep/ot_runs/divergence/ot_glm_sweep_coarse_n64_mixed_eglm_ch8_sub2_cr1_mixed_eglm.csv
orszag_tang,mixed_eglm,64,finished,4.0,0.3,nan,1,8.84763,1.6292,0.00562137,0.00562137,0.00014053425,0.0863622,0.108472,-1.89207e-05,0.836733,results/mhd_runner/glm_sweep/ot_runs/divergence/ot_glm_sweep_coarse_n64_mixed_eglm_ch4_sub1_cr0p3_mixed_eglm.csv
orszag_tang,mixed_eglm,64,finished,4.0,0.3,nan,2,8.84763,1.6292,0.00562137,0.00562137,0.00014053425,0.0863622,0.108472,-1.89207e-05,0.839761,results/mhd_runner/glm_sweep/ot_runs/divergence/ot_glm_sweep_coarse_n64_mixed_eglm_ch4_sub2_cr0p3_mixed_eglm.csv
orszag_tang,mixed_eglm,64,finished,4.0,0.3,nan,4,8.84763,1.6292,0.00562102,0.00562102,0.0001405255,0.0863614,0.108472,-1.89207e-05,0.849772,results/mhd_runner/glm_sweep/ot_runs/divergence/ot_glm_sweep_coarse_n64_mixed_eglm_ch4_sub4_cr0p3_mixed_eglm.csv
orszag_tang,mixed_eglm,64,finished,4.0,0.3,nan,8,8.84763,1.6292,0.00562086,0.00562086,0.0001405215,0.0863609,0.108472,-1.89207e-05,0.859202,results/mhd_runner/glm_sweep/ot_runs/divergence/ot_glm_sweep_coarse_n64_mixed_eglm_ch4_sub8_cr0p3_mixed_eglm.csv
orszag_tang,gi_mixed_eglm,128,finished,16.0,0.18,nan,4,35.4271,2.52525,0.00130753,0.00130753,3.268825000000001e-05,0.0276694,0.109378,-1.95308e-05,15.6142,results/mhd_runner/glm_sweep/ot_runs/divergence/ot_glm_sweep_coarse_n128_gi_mixed_eglm_ch16_sub4_cr0p18_gi_mixed_eglm.csv
orszag_tang,gi_mixed_eglm,128,finished,16.0,0.18,nan,2,35.4271,2.52525,0.00130753,0.00130753,3.268825000000001e-05,0.0276694,0.109378,-1.95308e-05,15.7323,results/mhd_runner/glm_sweep/ot_runs/divergence/ot_glm_sweep_coarse_n128_gi_mixed_eglm_ch16_sub2_cr0p18_gi_mixed_eglm.csv
orszag_tang,gi_mixed_eglm,128,finished,16.0,0.18,nan,8,35.4271,2.52525,0.00130753,0.00130753,3.268825000000001e-05,0.0276694,0.109378,-1.95308e-05,17.4395,results/mhd_runner/glm_sweep/ot_runs/divergence/ot_glm_sweep_coarse_n128_gi_mixed_eglm_ch16_sub8_cr0p18_gi_mixed_eglm.csv
orszag_tang,gi_mixed_eglm,128,finished,16.0,0.18,nan,1,35.4271,2.52525,0.00130753,0.00130753,3.268825000000001e-05,0.0276694,0.109378,-1.95308e-05,17.4649,results/mhd_runner/glm_sweep/ot_runs/divergence/ot_glm_sweep_coarse_n128_gi_mixed_eglm_ch16_sub1_cr0p18_gi_mixed_eglm.csv
orszag_tang,mixed_eglm,64,finished,16.0,1.0,nan,8,35.3905,5.94899,0.00358312,0.00358312,8.9578e-05,0.0410158,0.109289,-2.09176e-05,1.98189,results/mhd_runner/glm_sweep/ot_runs/divergence/ot_glm_sweep_coarse_n64_mixed_eglm_ch16_sub8_cr1_mixed_eglm.csv
orszag_tang,mixed_eglm,64,finished,16.0,1.0,nan,2,35.3905,5.94899,0.0035831,0.0035831,8.957750000000001e-05,0.0410142,0.109289,-2.09178e-05,1.79639,results/mhd_runner/glm_sweep/ot_runs/divergence/ot_glm_sweep_coarse_n64_mixed_eglm_ch16_sub2_cr1_mixed_eglm.csv
orszag_tang,mixed_eglm,64,finished,16.0,1.0,nan,4,35.3905,5.94899,0.0035831,0.0035831,8.957750000000001e-05,0.0410142,0.109289,-2.09178e-05,1.82407,results/mhd_runner/glm_sweep/ot_runs/divergence/ot_glm_sweep_coarse_n64_mixed_eglm_ch16_sub4_cr1_mixed_eglm.csv
orszag_tang,mixed_eglm,64,finished,16.0,1.0,nan,1,35.3905,5.94899,0.0035831,0.0035831,8.957750000000001e-05,0.0410142,0.109289,-2.09178e-05,1.97731,results/mhd_runner/glm_sweep/ot_runs/divergence/ot_glm_sweep_coarse_n64_mixed_eglm_ch16_sub1_cr1_mixed_eglm.csv
orszag_tang,mixed_eglm,128,finished,16.0,0.1,nan,2,35.4271,1.88221,0.00150242,0.00150242,3.75605e-05,0.0322036,0.109378,-2.1046e-05,14.8421,results/mhd_runner/glm_sweep/ot_runs/divergence/ot_glm_sweep_coarse_n128_mixed_eglm_ch16_sub2_cr0p1_mixed_eglm.csv
orszag_tang,mixed_eglm,128,finished,16.0,0.1,nan,1,35.4271,1.88221,0.00150242,0.00150242,3.75605e-05,0.0322036,0.109378,-2.1046e-05,14.8511,results/mhd_runner/glm_sweep/ot_runs/divergence/ot_glm_sweep_coarse_n128_mixed_eglm_ch16_sub1_cr0p1_mixed_eglm.csv
orszag_tang,mixed_eglm,128,finished,16.0,0.1,nan,8,35.4271,1.88221,0.00150242,0.00150242,3.75605e-05,0.0322036,0.109378,-2.1046e-05,15.6177,results/mhd_runner/glm_sweep/ot_runs/divergence/ot_glm_sweep_coarse_n128_mixed_eglm_ch16_sub8_cr0p1_mixed_eglm.csv
orszag_tang,mixed_eglm,128,finished,16.0,0.1,nan,4,35.4271,1.88221,0.00150242,0.00150242,3.75605e-05,0.0322036,0.109378,-2.1046e-05,16.4225,results/mhd_runner/glm_sweep/ot_runs/divergence/ot_glm_sweep_coarse_n128_mixed_eglm_ch16_sub4_cr0p1_mixed_eglm.csv
orszag_tang,mixed_eglm,64,finished,8.0,0.5,nan,8,17.6953,2.9745,0.00462908,0.00462908,0.000115727,0.0599667,0.109259,-2.11554e-05,1.28628,results/mhd_runner/glm_sweep/ot_runs/divergence/ot_glm_sweep_coarse_n64_mixed_eglm_ch8_sub8_cr0p5_mixed_eglm.csv
orszag_tang,mixed_eglm,64,finished,8.0,0.5,nan,4,17.6953,2.9745,0.00462903,0.00462903,0.00011572575,0.0599656,0.109259,-2.11559e-05,1.18301,results/mhd_runner/glm_sweep/ot_runs/divergence/ot_glm_sweep_coarse_n64_mixed_eglm_ch8_sub4_cr0p5_mixed_eglm.csv
orszag_tang,mixed_eglm,64,finished,8.0,0.5,nan,1,17.6953,2.9745,0.00462903,0.00462903,0.00011572575,0.0599656,0.109259,-2.11559e-05,1.18325,results/mhd_runner/glm_sweep/ot_runs/divergence/ot_glm_sweep_coarse_n64_mixed_eglm_ch8_sub1_cr0p5_mixed_eglm.csv
orszag_tang,mixed_eglm,64,finished,8.0,0.5,nan,2,17.6953,2.9745,0.00462903,0.00462903,0.00011572575,0.0599656,0.109259,-2.11559e-05,1.18856,results/mhd_runner/glm_sweep/ot_runs/divergence/ot_glm_sweep_coarse_n64_mixed_eglm_ch8_sub2_cr0p5_mixed_eglm.csv
orszag_tang,mixed_eglm,64,finished,4.0,0.18,nan,1,8.84763,1.26197,0.00598127,0.00598127,0.00014953175000000001,0.0939376,0.108468,-2.18239e-05,0.889634,results/mhd_runner/glm_sweep/ot_runs/divergence/ot_glm_sweep_coarse_n64_mixed_eglm_ch4_sub1_cr0p18_mixed_eglm.csv
orszag_tang,mixed_eglm,64,finished,4.0,0.18,nan,2,8.84763,1.26197,0.00598127,0.00598127,0.00014953175000000001,0.0939376,0.108468,-2.18239e-05,0.893131,results/mhd_runner/glm_sweep/ot_runs/divergence/ot_glm_sweep_coarse_n64_mixed_eglm_ch4_sub2_cr0p18_mixed_eglm.csv
orszag_tang,mixed_eglm,64,finished,4.0,0.18,nan,4,8.84763,1.26197,0.0059807,0.0059807,0.0001495175,0.0939356,0.108468,-2.18243e-05,0.915746,results/mhd_runner/glm_sweep/ot_runs/divergence/ot_glm_sweep_coarse_n64_mixed_eglm_ch4_sub4_cr0p18_mixed_eglm.csv
orszag_tang,mixed_eglm,64,finished,4.0,0.18,nan,8,8.84763,1.26197,0.00598043,0.00598043,0.00014951075,0.0939345,0.108468,-2.18245e-05,0.926562,results/mhd_runner/glm_sweep/ot_runs/divergence/ot_glm_sweep_coarse_n64_mixed_eglm_ch4_sub8_cr0p18_mixed_eglm.csv
orszag_tang,gi_mixed_eglm,64,finished,16.0,1.0,nan,8,35.3905,5.94899,0.00360168,0.00360168,9.0042e-05,0.0410782,0.1093,-2.51285e-05,1.89143,results/mhd_runner/glm_sweep/ot_runs/divergence/ot_glm_sweep_coarse_n64_gi_mixed_eglm_ch16_sub8_cr1_gi_mixed_eglm.csv
orszag_tang,gi_mixed_eglm,64,finished,16.0,1.0,nan,2,35.3905,5.94899,0.00360166,0.00360166,9.004150000000001e-05,0.0410767,0.1093,-2.51288e-05,1.96799,results/mhd_runner/glm_sweep/ot_runs/divergence/ot_glm_sweep_coarse_n64_gi_mixed_eglm_ch16_sub2_cr1_gi_mixed_eglm.csv
orszag_tang,gi_mixed_eglm,64,finished,16.0,1.0,nan,1,35.3905,5.94899,0.00360166,0.00360166,9.004150000000001e-05,0.0410767,0.1093,-2.51288e-05,1.97695,results/mhd_runner/glm_sweep/ot_runs/divergence/ot_glm_sweep_coarse_n64_gi_mixed_eglm_ch16_sub1_cr1_gi_mixed_eglm.csv
orszag_tang,gi_mixed_eglm,64,finished,16.0,1.0,nan,4,35.3905,5.94899,0.00360166,0.00360166,9.004150000000001e-05,0.0410767,0.1093,-2.51288e-05,2.05923,results/mhd_runner/glm_sweep/ot_runs/divergence/ot_glm_sweep_coarse_n64_gi_mixed_eglm_ch16_sub4_cr1_gi_mixed_eglm.csv
orszag_tang,gi_mixed_eglm,64,finished,8.0,1.0,nan,8,17.6953,4.20657,0.00458646,0.00458646,0.0001146615,0.0590951,0.10924,-2.51823e-05,1.20629,results/mhd_runner/glm_sweep/ot_runs/divergence/ot_glm_sweep_coarse_n64_gi_mixed_eglm_ch8_sub8_cr1_gi_mixed_eglm.csv
orszag_tang,gi_mixed_eglm,64,finished,8.0,1.0,nan,4,17.6953,4.20657,0.00458636,0.00458636,0.00011465900000000001,0.0590941,0.10924,-2.51837e-05,1.21771,results/mhd_runner/glm_sweep/ot_runs/divergence/ot_glm_sweep_coarse_n64_gi_mixed_eglm_ch8_sub4_cr1_gi_mixed_eglm.csv
orszag_tang,gi_mixed_eglm,64,finished,8.0,1.0,nan,2,17.6953,4.20657,0.00458636,0.00458636,0.00011465900000000001,0.0590941,0.10924,-2.51837e-05,1.227,results/mhd_runner/glm_sweep/ot_runs/divergence/ot_glm_sweep_coarse_n64_gi_mixed_eglm_ch8_sub2_cr1_gi_mixed_eglm.csv
orszag_tang,gi_mixed_eglm,64,finished,8.0,1.0,nan,1,17.6953,4.20657,0.00458636,0.00458636,0.00011465900000000001,0.0590941,0.10924,-2.51837e-05,1.29437,results/mhd_runner/glm_sweep/ot_runs/divergence/ot_glm_sweep_coarse_n64_gi_mixed_eglm_ch8_sub1_cr1_gi_mixed_eglm.csv
orszag_tang,mixed_eglm,64,finished,8.0,0.3,nan,8,17.6953,2.30403,0.00477259,0.00477259,0.00011931475000000001,0.0633663,0.109254,-2.57372e-05,1.23949,results/mhd_runner/glm_sweep/ot_runs/divergence/ot_glm_sweep_coarse_n64_mixed_eglm_ch8_sub8_cr0p3_mixed_eglm.csv
orszag_tang,mixed_eglm,64,finished,8.0,0.3,nan,4,17.6953,2.30403,0.00477262,0.00477262,0.0001193155,0.0633659,0.109254,-2.57376e-05,1.23699,results/mhd_runner/glm_sweep/ot_runs/divergence/ot_glm_sweep_coarse_n64_mixed_eglm_ch8_sub4_cr0p3_mixed_eglm.csv
orszag_tang,mixed_eglm,64,finished,8.0,0.3,nan,1,17.6953,2.30403,0.00477262,0.00477262,0.0001193155,0.0633659,0.109254,-2.57376e-05,1.27414,results/mhd_runner/glm_sweep/ot_runs/divergence/ot_glm_sweep_coarse_n64_mixed_eglm_ch8_sub1_cr0p3_mixed_eglm.csv
orszag_tang,mixed_eglm,64,finished,8.0,0.3,nan,2,17.6953,2.30403,0.00477262,0.00477262,0.0001193155,0.0633659,0.109254,-2.57376e-05,1.28421,results/mhd_runner/glm_sweep/ot_runs/divergence/ot_glm_sweep_coarse_n64_mixed_eglm_ch8_sub2_cr0p3_mixed_eglm.csv
orszag_tang,mixed_eglm,64,finished,16.0,0.5,nan,8,35.3905,4.20657,0.00364922,0.00364922,9.12305e-05,0.0427128,0.109297,-2.66336e-05,1.80156,results/mhd_runner/glm_sweep/ot_runs/divergence/ot_glm_sweep_coarse_n64_mixed_eglm_ch16_sub8_cr0p5_mixed_eglm.csv
orszag_tang,mixed_eglm,64,finished,16.0,0.5,nan,1,35.3905,4.20657,0.00364922,0.00364922,9.12305e-05,0.0427113,0.109297,-2.66338e-05,1.80179,results/mhd_runner/glm_sweep/ot_runs/divergence/ot_glm_sweep_coarse_n64_mixed_eglm_ch16_sub1_cr0p5_mixed_eglm.csv
orszag_tang,mixed_eglm,64,finished,16.0,0.5,nan,4,35.3905,4.20657,0.00364922,0.00364922,9.12305e-05,0.0427113,0.109297,-2.66338e-05,1.85185,results/mhd_runner/glm_sweep/ot_runs/divergence/ot_glm_sweep_coarse_n64_mixed_eglm_ch16_sub4_cr0p5_mixed_eglm.csv
orszag_tang,mixed_eglm,64,finished,16.0,0.5,nan,2,35.3905,4.20657,0.00364922,0.00364922,9.12305e-05,0.0427113,0.109297,-2.66338e-05,1.87393,results/mhd_runner/glm_sweep/ot_runs/divergence/ot_glm_sweep_coarse_n64_mixed_eglm_ch16_sub2_cr0p5_mixed_eglm.csv
orszag_tang,gi_mixed_eglm,64,finished,4.0,1.0,nan,8,8.84763,2.9745,0.00543097,0.00543097,0.00013577425000000002,0.0796246,0.108466,-2.91045e-05,0.876207,results/mhd_runner/glm_sweep/ot_runs/divergence/ot_glm_sweep_coarse_n64_gi_mixed_eglm_ch4_sub8_cr1_gi_mixed_eglm.csv
orszag_tang,gi_mixed_eglm,64,finished,4.0,1.0,nan,4,8.84763,2.9745,0.00543104,0.00543104,0.000135776,0.0796255,0.108466,-2.91051e-05,0.891988,results/mhd_runner/glm_sweep/ot_runs/divergence/ot_glm_sweep_coarse_n64_gi_mixed_eglm_ch4_sub4_cr1_gi_mixed_eglm.csv
orszag_tang,gi_mixed_eglm,64,finished,4.0,1.0,nan,1,8.84763,2.9745,0.0054312,0.0054312,0.00013578,0.0796273,0.108466,-2.91062e-05,0.9471,results/mhd_runner/glm_sweep/ot_runs/divergence/ot_glm_sweep_coarse_n64_gi_mixed_eglm_ch4_sub1_cr1_gi_mixed_eglm.csv
orszag_tang,gi_mixed_eglm,64,finished,4.0,1.0,nan,2,8.84763,2.9745,0.0054312,0.0054312,0.00013578,0.0796273,0.108466,-2.91062e-05,0.952178,results/mhd_runner/glm_sweep/ot_runs/divergence/ot_glm_sweep_coarse_n64_gi_mixed_eglm_ch4_sub2_cr1_gi_mixed_eglm.csv
orszag_tang,gi_mixed_eglm,128,finished,16.0,0.1,nan,2,35.4271,1.88221,0.00151677,0.00151677,3.7919250000000005e-05,0.0331353,0.109372,-3.01461e-05,15.5943,results/mhd_runner/glm_sweep/ot_runs/divergence/ot_glm_sweep_coarse_n128_gi_mixed_eglm_ch16_sub2_cr0p1_gi_mixed_eglm.csv
orszag_tang,gi_mixed_eglm,128,finished,16.0,0.1,nan,1,35.4271,1.88221,0.00151677,0.00151677,3.7919250000000005e-05,0.0331353,0.109372,-3.01461e-05,15.7605,results/mhd_runner/glm_sweep/ot_runs/divergence/ot_glm_sweep_coarse_n128_gi_mixed_eglm_ch16_sub1_cr0p1_gi_mixed_eglm.csv
orszag_tang,gi_mixed_eglm,128,finished,16.0,0.1,nan,4,35.4271,1.88221,0.00151677,0.00151677,3.7919250000000005e-05,0.0331353,0.109372,-3.01461e-05,16.5251,results/mhd_runner/glm_sweep/ot_runs/divergence/ot_glm_sweep_coarse_n128_gi_mixed_eglm_ch16_sub4_cr0p1_gi_mixed_eglm.csv
orszag_tang,gi_mixed_eglm,128,finished,16.0,0.1,nan,8,35.4271,1.88221,0.00151677,0.00151677,3.7919250000000005e-05,0.0331353,0.109372,-3.01461e-05,17.4497,results/mhd_runner/glm_sweep/ot_runs/divergence/ot_glm_sweep_coarse_n128_gi_mixed_eglm_ch16_sub8_cr0p1_gi_mixed_eglm.csv
orszag_tang,gi_mixed_eglm,64,finished,8.0,0.5,nan,8,17.6953,2.9745,0.00468048,0.00468048,0.000117012,0.0616606,0.109238,-3.03438e-05,1.23071,results/mhd_runner/glm_sweep/ot_runs/divergence/ot_glm_sweep_coarse_n64_gi_mixed_eglm_ch8_sub8_cr0p5_gi_mixed_eglm.csv
orszag_tang,gi_mixed_eglm,64,finished,8.0,0.5,nan,1,17.6953,2.9745,0.00468044,0.00468044,0.00011701100000000001,0.0616603,0.109238,-3.0345e-05,1.19601,results/mhd_runner/glm_sweep/ot_runs/divergence/ot_glm_sweep_coarse_n64_gi_mixed_eglm_ch8_sub1_cr0p5_gi_mixed_eglm.csv
orszag_tang,gi_mixed_eglm,64,finished,8.0,0.5,nan,4,17.6953,2.9745,0.00468044,0.00468044,0.00011701100000000001,0.0616603,0.109238,-3.0345e-05,1.25891,results/mhd_runner/glm_sweep/ot_runs/divergence/ot_glm_sweep_coarse_n64_gi_mixed_eglm_ch8_sub4_cr0p5_gi_mixed_eglm.csv
orszag_tang,gi_mixed_eglm,64,finished,8.0,0.5,nan,2,17.6953,2.9745,0.00468044,0.00468044,0.00011701100000000001,0.0616603,0.109238,-3.0345e-05,1.27609,results/mhd_runner/glm_sweep/ot_runs/divergence/ot_glm_sweep_coarse_n64_gi_mixed_eglm_ch8_sub2_cr0p5_gi_mixed_eglm.csv
orszag_tang,gi_mixed_eglm,64,finished,16.0,0.5,nan,8,35.3905,4.20657,0.00367051,0.00367051,9.176275e-05,0.042681,0.109306,-3.20982e-05,1.89341,results/mhd_runner/glm_sweep/ot_runs/divergence/ot_glm_sweep_coarse_n64_gi_mixed_eglm_ch16_sub8_cr0p5_gi_mixed_eglm.csv
orszag_tang,gi_mixed_eglm,64,finished,16.0,0.5,nan,4,35.3905,4.20657,0.00367051,0.00367051,9.176275e-05,0.0426796,0.109306,-3.20986e-05,1.85423,results/mhd_runner/glm_sweep/ot_runs/divergence/ot_glm_sweep_coarse_n64_gi_mixed_eglm_ch16_sub4_cr0p5_gi_mixed_eglm.csv
orszag_tang,gi_mixed_eglm,64,finished,16.0,0.5,nan,1,35.3905,4.20657,0.00367051,0.00367051,9.176275e-05,0.0426796,0.109306,-3.20986e-05,1.87691,results/mhd_runner/glm_sweep/ot_runs/divergence/ot_glm_sweep_coarse_n64_gi_mixed_eglm_ch16_sub1_cr0p5_gi_mixed_eglm.csv
orszag_tang,gi_mixed_eglm,64,finished,16.0,0.5,nan,2,35.3905,4.20657,0.00367051,0.00367051,9.176275e-05,0.0426796,0.109306,-3.20986e-05,1.88239,results/mhd_runner/glm_sweep/ot_runs/divergence/ot_glm_sweep_coarse_n64_gi_mixed_eglm_ch16_sub2_cr0p5_gi_mixed_eglm.csv
orszag_tang,gi_mixed_eglm,64,finished,4.0,0.5,nan,8,8.84763,2.10329,0.00555498,0.00555498,0.00013887450000000002,0.0832483,0.108464,-3.22582e-05,0.885146,results/mhd_runner/glm_sweep/ot_runs/divergence/ot_glm_sweep_coarse_n64_gi_mixed_eglm_ch4_sub8_cr0p5_gi_mixed_eglm.csv
orszag_tang,gi_mixed_eglm,64,finished,4.0,0.5,nan,4,8.84763,2.10329,0.0055551,0.0055551,0.0001388775,0.0832495,0.108464,-3.22587e-05,0.841611,results/mhd_runner/glm_sweep/ot_runs/divergence/ot_glm_sweep_coarse_n64_gi_mixed_eglm_ch4_sub4_cr0p5_gi_mixed_eglm.csv
orszag_tang,gi_mixed_eglm,64,finished,4.0,0.5,nan,2,8.84763,2.10329,0.00555537,0.00555537,0.00013888424999999998,0.0832518,0.108464,-3.22595e-05,0.860312,results/mhd_runner/glm_sweep/ot_runs/divergence/ot_glm_sweep_coarse_n64_gi_mixed_eglm_ch4_sub2_cr0p5_gi_mixed_eglm.csv
orszag_tang,gi_mixed_eglm,64,finished,4.0,0.5,nan,1,8.84763,2.10329,0.00555537,0.00555537,0.00013888424999999998,0.0832518,0.108464,-3.22595e-05,0.860456,results/mhd_runner/glm_sweep/ot_runs/divergence/ot_glm_sweep_coarse_n64_gi_mixed_eglm_ch4_sub1_cr0p5_gi_mixed_eglm.csv
orszag_tang,mixed_eglm,64,finished,8.0,0.18,nan,1,17.6953,1.7847,0.00505823,0.00505823,0.00012645575000000002,0.0687256,0.109247,-3.27096e-05,1.16443,results/mhd_runner/glm_sweep/ot_runs/divergence/ot_glm_sweep_coarse_n64_mixed_eglm_ch8_sub1_cr0p18_mixed_eglm.csv
orszag_tang,mixed_eglm,64,finished,8.0,0.18,nan,8,17.6953,1.7847,0.00505805,0.00505805,0.00012645125,0.0687249,0.109247,-3.27096e-05,1.22294,results/mhd_runner/glm_sweep/ot_runs/divergence/ot_glm_sweep_coarse_n64_mixed_eglm_ch8_sub8_cr0p18_mixed_eglm.csv
orszag_tang,mixed_eglm,64,finished,8.0,0.18,nan,2,17.6953,1.7847,0.00505823,0.00505823,0.00012645575000000002,0.0687256,0.109247,-3.27096e-05,1.2261,results/mhd_runner/glm_sweep/ot_runs/divergence/ot_glm_sweep_coarse_n64_mixed_eglm_ch8_sub2_cr0p18_mixed_eglm.csv
orszag_tang,mixed_eglm,64,finished,8.0,0.18,nan,4,17.6953,1.7847,0.00505823,0.00505823,0.00012645575000000002,0.0687256,0.109247,-3.27096e-05,1.33464,results/mhd_runner/glm_sweep/ot_runs/divergence/ot_glm_sweep_coarse_n64_mixed_eglm_ch8_sub4_cr0p18_mixed_eglm.csv
orszag_tang,mixed_eglm,64,finished,16.0,0.3,nan,8,35.3905,3.2584,0.00375902,0.00375902,9.39755e-05,0.0449199,0.109306,-3.39894e-05,1.88933,results/mhd_runner/glm_sweep/ot_runs/divergence/ot_glm_sweep_coarse_n64_mixed_eglm_ch16_sub8_cr0p3_mixed_eglm.csv
orszag_tang,mixed_eglm,64,finished,16.0,0.3,nan,2,35.3905,3.2584,0.00375904,0.00375904,9.397600000000001e-05,0.0449186,0.109306,-3.39895e-05,1.79859,results/mhd_runner/glm_sweep/ot_runs/divergence/ot_glm_sweep_coarse_n64_mixed_eglm_ch16_sub2_cr0p3_mixed_eglm.csv
orszag_tang,mixed_eglm,64,finished,16.0,0.3,nan,1,35.3905,3.2584,0.00375904,0.00375904,9.397600000000001e-05,0.0449186,0.109306,-3.39895e-05,1.89443,results/mhd_runner/glm_sweep/ot_runs/divergence/ot_glm_sweep_coarse_n64_mixed_eglm_ch16_sub1_cr0p3_mixed_eglm.csv
orszag_tang,mixed_eglm,64,finished,16.0,0.3,nan,4,35.3905,3.2584,0.00375904,0.00375904,9.397600000000001e-05,0.0449186,0.109306,-3.39895e-05,1.97145,results/mhd_runner/glm_sweep/ot_runs/divergence/ot_glm_sweep_coarse_n64_mixed_eglm_ch16_sub4_cr0p3_mixed_eglm.csv
orszag_tang,gi_mixed_eglm,64,finished,4.0,0.3,nan,8,8.84763,1.6292,0.005749,0.005749,0.000143725,0.0878,0.108462,-3.59526e-05,0.968222,results/mhd_runner/glm_sweep/ot_runs/divergence/ot_glm_sweep_coarse_n64_gi_mixed_eglm_ch4_sub8_cr0p3_gi_mixed_eglm.csv
orszag_tang,gi_mixed_eglm,64,finished,4.0,0.3,nan,4,8.84763,1.6292,0.00574919,0.00574919,0.00014372975,0.0878016,0.108462,-3.59528e-05,0.850728,results/mhd_runner/glm_sweep/ot_runs/divergence/ot_glm_sweep_coarse_n64_gi_mixed_eglm_ch4_sub4_cr0p3_gi_mixed_eglm.csv
orszag_tang,gi_mixed_eglm,64,finished,4.0,0.3,nan,1,8.84763,1.6292,0.0057496,0.0057496,0.00014374,0.0878046,0.108462,-3.59532e-05,0.866712,results/mhd_runner/glm_sweep/ot_runs/divergence/ot_glm_sweep_coarse_n64_gi_mixed_eglm_ch4_sub1_cr0p3_gi_mixed_eglm.csv
orszag_tang,gi_mixed_eglm,64,finished,4.0,0.3,nan,2,8.84763,1.6292,0.0057496,0.0057496,0.00014374,0.0878046,0.108462,-3.59532e-05,0.909724,results/mhd_runner/glm_sweep/ot_runs/divergence/ot_glm_sweep_coarse_n64_gi_mixed_eglm_ch4_sub2_cr0p3_gi_mixed_eglm.csv
orszag_tang,gi_mixed_eglm,64,finished,8.0,0.3,nan,8,17.6953,2.30403,0.0048293,0.0048293,0.0001207325,0.0649028,0.109234,-3.68448e-05,1.206,results/mhd_runner/glm_sweep/ot_runs/divergence/ot_glm_sweep_coarse_n64_gi_mixed_eglm_ch8_sub8_cr0p3_gi_mixed_eglm.csv
orszag_tang,gi_mixed_eglm,64,finished,8.0,0.3,nan,4,17.6953,2.30403,0.00482934,0.00482934,0.00012073349999999999,0.0649032,0.109234,-3.68457e-05,1.20957,results/mhd_runner/glm_sweep/ot_runs/divergence/ot_glm_sweep_coarse_n64_gi_mixed_eglm_ch8_sub4_cr0p3_gi_mixed_eglm.csv
orszag_tang,gi_mixed_eglm,64,finished,8.0,0.3,nan,1,17.6953,2.30403,0.00482934,0.00482934,0.00012073349999999999,0.0649032,0.109234,-3.68457e-05,1.25046,results/mhd_runner/glm_sweep/ot_runs/divergence/ot_glm_sweep_coarse_n64_gi_mixed_eglm_ch8_sub1_cr0p3_gi_mixed_eglm.csv
orszag_tang,gi_mixed_eglm,64,finished,8.0,0.3,nan,2,17.6953,2.30403,0.00482934,0.00482934,0.00012073349999999999,0.0649032,0.109234,-3.68457e-05,1.33829,results/mhd_runner/glm_sweep/ot_runs/divergence/ot_glm_sweep_coarse_n64_gi_mixed_eglm_ch8_sub2_cr0p3_gi_mixed_eglm.csv
orszag_tang,gi_mixed_eglm,64,finished,4.0,0.18,nan,2,8.84763,1.26197,0.00611905,0.00611905,0.00015297625,0.0947715,0.108459,-4.10541e-05,0.877646,results/mhd_runner/glm_sweep/ot_runs/divergence/ot_glm_sweep_coarse_n64_gi_mixed_eglm_ch4_sub2_cr0p18_gi_mixed_eglm.csv
orszag_tang,gi_mixed_eglm,64,finished,4.0,0.18,nan,1,8.84763,1.26197,0.00611905,0.00611905,0.00015297625,0.0947715,0.108459,-4.10541e-05,0.948939,results/mhd_runner/glm_sweep/ot_runs/divergence/ot_glm_sweep_coarse_n64_gi_mixed_eglm_ch4_sub1_cr0p18_gi_mixed_eglm.csv
orszag_tang,gi_mixed_eglm,64,finished,4.0,0.18,nan,4,8.84763,1.26197,0.00611843,0.00611843,0.00015296075,0.0947675,0.108459,-4.10545e-05,0.862968,results/mhd_runner/glm_sweep/ot_runs/divergence/ot_glm_sweep_coarse_n64_gi_mixed_eglm_ch4_sub4_cr0p18_gi_mixed_eglm.csv
orszag_tang,gi_mixed_eglm,64,finished,4.0,0.18,nan,8,8.84763,1.26197,0.00611814,0.00611814,0.0001529535,0.0947654,0.108459,-4.10546e-05,0.865818,results/mhd_runner/glm_sweep/ot_runs/divergence/ot_glm_sweep_coarse_n64_gi_mixed_eglm_ch4_sub8_cr0p18_gi_mixed_eglm.csv
orszag_tang,gi_mixed_eglm,64,finished,16.0,0.3,nan,8,35.3905,3.2584,0.00378405,0.00378405,9.460125000000002e-05,0.0447594,0.109314,-4.10922e-05,1.97181,results/mhd_runner/glm_sweep/ot_runs/divergence/ot_glm_sweep_coarse_n64_gi_mixed_eglm_ch16_sub8_cr0p3_gi_mixed_eglm.csv
orszag_tang,gi_mixed_eglm,64,finished,16.0,0.3,nan,2,35.3905,3.2584,0.00378407,0.00378407,9.460175000000001e-05,0.0447582,0.109314,-4.10924e-05,1.88779,results/mhd_runner/glm_sweep/ot_runs/divergence/ot_glm_sweep_coarse_n64_gi_mixed_eglm_ch16_sub2_cr0p3_gi_mixed_eglm.csv
orszag_tang,gi_mixed_eglm,64,finished,16.0,0.3,nan,4,35.3905,3.2584,0.00378407,0.00378407,9.460175000000001e-05,0.0447582,0.109314,-4.10924e-05,1.90074,results/mhd_runner/glm_sweep/ot_runs/divergence/ot_glm_sweep_coarse_n64_gi_mixed_eglm_ch16_sub4_cr0p3_gi_mixed_eglm.csv
orszag_tang,gi_mixed_eglm,64,finished,16.0,0.3,nan,1,35.3905,3.2584,0.00378407,0.00378407,9.460175000000001e-05,0.0447582,0.109314,-4.10924e-05,2.07041,results/mhd_runner/glm_sweep/ot_runs/divergence/ot_glm_sweep_coarse_n64_gi_mixed_eglm_ch16_sub1_cr0p3_gi_mixed_eglm.csv
orszag_tang,mixed_eglm,64,finished,8.0,0.1,nan,4,17.6953,1.33023,0.00574818,0.00574818,0.0001437045,0.078823,0.109235,-4.44849e-05,1.18633,results/mhd_runner/glm_sweep/ot_runs/divergence/ot_glm_sweep_coarse_n64_mixed_eglm_ch8_sub4_cr0p1_mixed_eglm.csv
orszag_tang,mixed_eglm,64,finished,8.0,0.1,nan,2,17.6953,1.33023,0.00574818,0.00574818,0.0001437045,0.078823,0.109235,-4.44849e-05,1.22918,results/mhd_runner/glm_sweep/ot_runs/divergence/ot_glm_sweep_coarse_n64_mixed_eglm_ch8_sub2_cr0p1_mixed_eglm.csv
orszag_tang,mixed_eglm,64,finished,8.0,0.1,nan,1,17.6953,1.33023,0.00574818,0.00574818,0.0001437045,0.078823,0.109235,-4.44849e-05,1.26341,results/mhd_runner/glm_sweep/ot_runs/divergence/ot_glm_sweep_coarse_n64_mixed_eglm_ch8_sub1_cr0p1_mixed_eglm.csv
orszag_tang,mixed_eglm,64,finished,8.0,0.1,nan,8,17.6953,1.33023,0.00574768,0.00574768,0.000143692,0.0788198,0.109235,-4.44856e-05,1.17875,results/mhd_runner/glm_sweep/ot_runs/divergence/ot_glm_sweep_coarse_n64_mixed_eglm_ch8_sub8_cr0p1_mixed_eglm.csv
orszag_tang,mixed_eglm,64,finished,16.0,0.18,nan,8,35.3905,2.52394,0.00399015,0.00399015,9.975374999999999e-05,0.0485433,0.109319,-4.56098e-05,1.78925,results/mhd_runner/glm_sweep/ot_runs/divergence/ot_glm_sweep_coarse_n64_mixed_eglm_ch16_sub8_cr0p18_mixed_eglm.csv
orszag_tang,mixed_eglm,64,finished,16.0,0.18,nan,4,35.3905,2.52394,0.00399022,0.00399022,9.97555e-05,0.0485424,0.109319,-4.56099e-05,1.80403,results/mhd_runner/glm_sweep/ot_runs/divergence/ot_glm_sweep_coarse_n64_mixed_eglm_ch16_sub4_cr0p18_mixed_eglm.csv
orszag_tang,mixed_eglm,64,finished,16.0,0.18,nan,1,35.3905,2.52394,0.00399022,0.00399022,9.97555e-05,0.0485424,0.109319,-4.56099e-05,1.80919,results/mhd_runner/glm_sweep/ot_runs/divergence/ot_glm_sweep_coarse_n64_mixed_eglm_ch16_sub1_cr0p18_mixed_eglm.csv
orszag_tang,mixed_eglm,64,finished,16.0,0.18,nan,2,35.3905,2.52394,0.00399022,0.00399022,9.97555e-05,0.0485424,0.109319,-4.56099e-05,1.8208,results/mhd_runner/glm_sweep/ot_runs/divergence/ot_glm_sweep_coarse_n64_mixed_eglm_ch16_sub2_cr0p18_mixed_eglm.csv
orszag_tang,gi_mixed_eglm,64,finished,8.0,0.18,nan,8,17.6953,1.7847,0.00512356,0.00512356,0.000128089,0.0700151,0.109228,-4.68258e-05,1.27311,results/mhd_runner/glm_sweep/ot_runs/divergence/ot_glm_sweep_coarse_n64_gi_mixed_eglm_ch8_sub8_cr0p18_gi_mixed_eglm.csv
orszag_tang,gi_mixed_eglm,64,finished,8.0,0.18,nan,4,17.6953,1.7847,0.00512375,0.00512375,0.00012809375,0.0700165,0.109228,-4.68263e-05,1.18984,results/mhd_runner/glm_sweep/ot_runs/divergence/ot_glm_sweep_coarse_n64_gi_mixed_eglm_ch8_sub4_cr0p18_gi_mixed_eglm.csv
orszag_tang,gi_mixed_eglm,64,finished,8.0,0.18,nan,1,17.6953,1.7847,0.00512375,0.00512375,0.00012809375,0.0700165,0.109228,-4.68263e-05,1.19996,results/mhd_runner/glm_sweep/ot_runs/divergence/ot_glm_sweep_coarse_n64_gi_mixed_eglm_ch8_sub1_cr0p18_gi_mixed_eglm.csv
orszag_tang,gi_mixed_eglm,64,finished,8.0,0.18,nan,2,17.6953,1.7847,0.00512375,0.00512375,0.00012809375,0.0700165,0.109228,-4.68263e-05,1.21119,results/mhd_runner/glm_sweep/ot_runs/divergence/ot_glm_sweep_coarse_n64_gi_mixed_eglm_ch8_sub2_cr0p18_gi_mixed_eglm.csv
orszag_tang,gi_mixed_eglm,64,finished,16.0,0.18,nan,8,35.3905,2.52394,0.0040216,0.0040216,0.00010054000000000001,0.0481526,0.109326,-5.5355e-05,1.87928,results/mhd_runner/glm_sweep/ot_runs/divergence/ot_glm_sweep_coarse_n64_gi_mixed_eglm_ch16_sub8_cr0p18_gi_mixed_eglm.csv
orszag_tang,gi_mixed_eglm,64,finished,16.0,0.18,nan,1,35.3905,2.52394,0.00402168,0.00402168,0.000100542,0.0481517,0.109326,-5.53552e-05,1.94206,results/mhd_runner/glm_sweep/ot_runs/divergence/ot_glm_sweep_coarse_n64_gi_mixed_eglm_ch16_sub1_cr0p18_gi_mixed_eglm.csv
orszag_tang,gi_mixed_eglm,64,finished,16.0,0.18,nan,4,35.3905,2.52394,0.00402168,0.00402168,0.000100542,0.0481517,0.109326,-5.53552e-05,1.94216,results/mhd_runner/glm_sweep/ot_runs/divergence/ot_glm_sweep_coarse_n64_gi_mixed_eglm_ch16_sub4_cr0p18_gi_mixed_eglm.csv
orszag_tang,gi_mixed_eglm,64,finished,16.0,0.18,nan,2,35.3905,2.52394,0.00402168,0.00402168,0.000100542,0.0481517,0.109326,-5.53552e-05,2.06903,results/mhd_runner/glm_sweep/ot_runs/divergence/ot_glm_sweep_coarse_n64_gi_mixed_eglm_ch16_sub2_cr0p18_gi_mixed_eglm.csv
orszag_tang,gi_mixed_eglm,64,finished,8.0,0.1,nan,1,17.6953,1.33023,0.00583129,0.00583129,0.00014578225,0.0796137,0.109217,-6.39909e-05,1.19023,results/mhd_runner/glm_sweep/ot_runs/divergence/ot_glm_sweep_coarse_n64_gi_mixed_eglm_ch8_sub1_cr0p1_gi_mixed_eglm.csv
orszag_tang,gi_mixed_eglm,64,finished,8.0,0.1,nan,2,17.6953,1.33023,0.00583129,0.00583129,0.00014578225,0.0796137,0.109217,-6.39909e-05,1.1949,results/mhd_runner/glm_sweep/ot_runs/divergence/ot_glm_sweep_coarse_n64_gi_mixed_eglm_ch8_sub2_cr0p1_gi_mixed_eglm.csv
orszag_tang,gi_mixed_eglm,64,finished,8.0,0.1,nan,4,17.6953,1.33023,0.00583129,0.00583129,0.00014578225,0.0796137,0.109217,-6.39909e-05,1.24916,results/mhd_runner/glm_sweep/ot_runs/divergence/ot_glm_sweep_coarse_n64_gi_mixed_eglm_ch8_sub4_cr0p1_gi_mixed_eglm.csv
orszag_tang,gi_mixed_eglm,64,finished,8.0,0.1,nan,8,17.6953,1.33023,0.00583078,0.00583078,0.0001457695,0.0796098,0.109217,-6.39914e-05,1.35093,results/mhd_runner/glm_sweep/ot_runs/divergence/ot_glm_sweep_coarse_n64_gi_mixed_eglm_ch8_sub8_cr0p1_gi_mixed_eglm.csv
orszag_tang,mixed_eglm,64,finished,16.0,0.1,nan,1,35.3905,1.88124,0.00458697,0.00458697,0.00011467425000000001,0.0556993,0.109343,-6.66016e-05,1.78931,results/mhd_runner/glm_sweep/ot_runs/divergence/ot_glm_sweep_coarse_n64_mixed_eglm_ch16_sub1_cr0p1_mixed_eglm.csv
orszag_tang,mixed_eglm,64,finished,16.0,0.1,nan,4,35.3905,1.88124,0.00458697,0.00458697,0.00011467425000000001,0.0556993,0.109343,-6.66016e-05,1.89342,results/mhd_runner/glm_sweep/ot_runs/divergence/ot_glm_sweep_coarse_n64_mixed_eglm_ch16_sub4_cr0p1_mixed_eglm.csv
orszag_tang,mixed_eglm,64,finished,16.0,0.1,nan,2,35.3905,1.88124,0.00458697,0.00458697,0.00011467425000000001,0.0556993,0.109343,-6.66016e-05,1.96107,results/mhd_runner/glm_sweep/ot_runs/divergence/ot_glm_sweep_coarse_n64_mixed_eglm_ch16_sub2_cr0p1_mixed_eglm.csv
orszag_tang,mixed_eglm,64,finished,16.0,0.1,nan,8,35.3905,1.88124,0.00458675,0.00458675,0.00011466874999999999,0.055699,0.109343,-6.66017e-05,1.81033,results/mhd_runner/glm_sweep/ot_runs/divergence/ot_glm_sweep_coarse_n64_mixed_eglm_ch16_sub8_cr0p1_mixed_eglm.csv
orszag_tang,gi_mixed_eglm,64,finished,16.0,0.1,nan,8,35.3905,1.88124,0.00463198,0.00463198,0.0001157995,0.0578001,0.10935,-8.13067e-05,1.85846,results/mhd_runner/glm_sweep/ot_runs/divergence/ot_glm_sweep_coarse_n64_gi_mixed_eglm_ch16_sub8_cr0p1_gi_mixed_eglm.csv
orszag_tang,gi_mixed_eglm,64,finished,16.0,0.1,nan,2,35.3905,1.88124,0.00463221,0.00463221,0.00011580525000000001,0.0578046,0.10935,-8.13067e-05,1.89844,results/mhd_runner/glm_sweep/ot_runs/divergence/ot_glm_sweep_coarse_n64_gi_mixed_eglm_ch16_sub2_cr0p1_gi_mixed_eglm.csv
orszag_tang,gi_mixed_eglm,64,finished,16.0,0.1,nan,4,35.3905,1.88124,0.00463221,0.00463221,0.00011580525000000001,0.0578046,0.10935,-8.13067e-05,1.90702,results/mhd_runner/glm_sweep/ot_runs/divergence/ot_glm_sweep_coarse_n64_gi_mixed_eglm_ch16_sub4_cr0p1_gi_mixed_eglm.csv
orszag_tang,gi_mixed_eglm,64,finished,16.0,0.1,nan,1,35.3905,1.88124,0.00463221,0.00463221,0.00011580525000000001,0.0578046,0.10935,-8.13067e-05,2.08243,results/mhd_runner/glm_sweep/ot_runs/divergence/ot_glm_sweep_coarse_n64_gi_mixed_eglm_ch16_sub1_cr0p1_gi_mixed_eglm.csv
orszag_tang,mixed_eglm,64,finished,16.0,0.05,nan,2,35.3905,1.33023,0.00623861,0.00623861,0.00015596525000000002,0.0820568,0.109391,-0.000104221,1.79559,results/mhd_runner/glm_sweep/ot_runs/divergence/ot_glm_sweep_coarse_n64_mixed_eglm_ch16_sub2_cr0p05_mixed_eglm.csv
orszag_tang,mixed_eglm,64,finished,16.0,0.05,nan,4,35.3905,1.33023,0.00623861,0.00623861,0.00015596525000000002,0.0820568,0.109391,-0.000104221,1.80804,results/mhd_runner/glm_sweep/ot_runs/divergence/ot_glm_sweep_coarse_n64_mixed_eglm_ch16_sub4_cr0p05_mixed_eglm.csv
orszag_tang,mixed_eglm,64,finished,16.0,0.05,nan,1,35.3905,1.33023,0.00623861,0.00623861,0.00015596525000000002,0.0820568,0.109391,-0.000104221,1.8133,results/mhd_runner/glm_sweep/ot_runs/divergence/ot_glm_sweep_coarse_n64_mixed_eglm_ch16_sub1_cr0p05_mixed_eglm.csv
orszag_tang,mixed_eglm,64,finished,16.0,0.05,nan,8,35.3905,1.33023,0.0062378,0.0062378,0.000155945,0.0820447,0.109391,-0.000104223,1.98346,results/mhd_runner/glm_sweep/ot_runs/divergence/ot_glm_sweep_coarse_n64_mixed_eglm_ch16_sub8_cr0p05_mixed_eglm.csv
orszag_tang,gi_mixed_eglm,64,finished,16.0,0.05,nan,4,35.3905,1.33023,0.00632219,0.00632219,0.00015805475,0.0901015,0.109397,-0.000128665,1.84233,results/mhd_runner/glm_sweep/ot_runs/divergence/ot_glm_sweep_coarse_n64_gi_mixed_eglm_ch16_sub4_cr0p05_gi_mixed_eglm.csv
orszag_tang,gi_mixed_eglm,64,finished,16.0,0.05,nan,1,35.3905,1.33023,0.00632219,0.00632219,0.00015805475,0.0901015,0.109397,-0.000128665,1.90067,results/mhd_runner/glm_sweep/ot_runs/divergence/ot_glm_sweep_coarse_n64_gi_mixed_eglm_ch16_sub1_cr0p05_gi_mixed_eglm.csv
orszag_tang,gi_mixed_eglm,64,finished,16.0,0.05,nan,2,35.3905,1.33023,0.00632219,0.00632219,0.00015805475,0.0901015,0.109397,-0.000128665,1.9855,results/mhd_runner/glm_sweep/ot_runs/divergence/ot_glm_sweep_coarse_n64_gi_mixed_eglm_ch16_sub2_cr0p05_gi_mixed_eglm.csv
orszag_tang,gi_mixed_eglm,64,finished,16.0,0.05,nan,8,35.3905,1.33023,0.00632136,0.00632136,0.000158034,0.0900882,0.109397,-0.000128666,2.06962,results/mhd_runner/glm_sweep/ot_runs/divergence/ot_glm_sweep_coarse_n64_gi_mixed_eglm_ch16_sub8_cr0p05_gi_mixed_eglm.csv
orszag_tang,parabolic,256,finished,4.0,nan,nan,1,nan,nan,0.000302067,0.000302067,7.551675e-06,0.0153194,0.107531,-3.9112e-07,33.0768,results/mhd_runner/glm_sweep/ot_runs/divergence/ot_glm_sweep_baseline_n256_parabolic_parabolic.csv
orszag_tang,parabolic,64,finished,4.0,nan,nan,1,nan,nan,0.00441575,0.00441575,0.00011039375000000001,0.0594978,0.107323,-6.64769e-06,0.47012,results/mhd_runner/glm_sweep/ot_runs/divergence/ot_glm_sweep_baseline_n64_parabolic_parabolic.csv
orszag_tang,mixed_glm,64,finished,1.0,0.01,nan,8,2.21191,0.148725,0.00857943,0.00857943,0.00021448575000000003,0.142011,0.107747,0.0,0.839032,results/mhd_runner/glm_sweep/ot_runs/divergence/ot_glm_sweep_coarse_n64_mixed_glm_ch1_sub8_cr0p01_mixed_glm.csv
orszag_tang,mixed_glm,64,finished,8.0,nan,0.05,8,17.6953,0.0867391,0.0256757,0.0256757,0.0006418925,0.344137,0.109124,0.0,1.00144,results/mhd_runner/glm_sweep/ot_runs/divergence/ot_glm_sweep_coarse_n64_mixed_glm_ch8_sub8_cd0p05_mixed_glm.csv
orszag_tang,mixed_glm,64,finished,8.0,nan,0.05,4,17.6953,0.122668,0.0256698,0.0256698,0.000641745,0.344022,0.109124,0.0,1.00225,results/mhd_runner/glm_sweep/ot_runs/divergence/ot_glm_sweep_coarse_n64_mixed_glm_ch8_sub4_cd0p05_mixed_glm.csv
orszag_tang,mixed_glm,64,finished,8.0,nan,0.05,2,17.6953,0.122668,0.0256698,0.0256698,0.000641745,0.344022,0.109124,0.0,1.00663,results/mhd_runner/glm_sweep/ot_runs/divergence/ot_glm_sweep_coarse_n64_mixed_glm_ch8_sub2_cd0p05_mixed_glm.csv
orszag_tang,mixed_glm,64,finished,8.0,nan,0.05,1,17.6953,0.122668,0.0256698,0.0256698,0.000641745,0.344022,0.109124,0.0,1.09444,results/mhd_runner/glm_sweep/ot_runs/divergence/ot_glm_sweep_coarse_n64_mixed_glm_ch8_sub1_cd0p05_mixed_glm.csv
orszag_tang,mixed_glm,64,finished,1.0,nan,0.05,2,2.21191,0.0218143,0.00923931,0.00923931,0.00023098275000000003,0.155681,0.107762,-1.58941e-16,0.563253,results/mhd_runner/glm_sweep/ot_runs/divergence/ot_glm_sweep_coarse_n64_mixed_glm_ch1_sub2_cd0p05_mixed_glm.csv
orszag_tang,mixed_glm,64,finished,1.0,nan,0.05,1,2.21191,0.0308501,0.00923941,0.00923941,0.00023098525000000002,0.155678,0.107762,-1.58941e-16,0.584931,results/mhd_runner/glm_sweep/ot_runs/divergence/ot_glm_sweep_coarse_n64_mixed_glm_ch1_sub1_cd0p05_mixed_glm.csv
orszag_tang,mixed_glm,128,finished,4.0,nan,0.05,1,8.85677,0.0666427,0.00628225,0.00628225,0.00015705625,0.187365,0.108161,1.58941e-16,6.20737,results/mhd_runner/glm_sweep/ot_runs/divergence/ot_glm_sweep_coarse_n128_mixed_glm_ch4_sub1_cd0p05_mixed_glm.csv
orszag_tang,mixed_glm,128,finished,4.0,nan,0.05,4,8.85677,0.0666427,0.00628225,0.00628225,0.00015705625,0.187365,0.108161,1.58941e-16,6.22279,results/mhd_runner/glm_sweep/ot_runs/divergence/ot_glm_sweep_coarse_n128_mixed_glm_ch4_sub4_cd0p05_mixed_glm.csv
orszag_tang,mixed_glm,128,finished,4.0,nan,0.05,2,8.85677,0.0666427,0.00628225,0.00628225,0.00015705625,0.187365,0.108161,1.58941e-16,6.23111,results/mhd_runner/glm_sweep/ot_runs/divergence/ot_glm_sweep_coarse_n128_mixed_glm_ch4_sub2_cd0p05_mixed_glm.csv
orszag_tang,mixed_glm,128,finished,4.0,nan,0.05,8,8.85677,0.0471235,0.00628296,0.00628296,0.000157074,0.187402,0.108161,1.58941e-16,6.64052,results/mhd_runner/glm_sweep/ot_runs/divergence/ot_glm_sweep_coarse_n128_mixed_glm_ch4_sub8_cd0p05_mixed_glm.csv
orszag_tang,mixed_glm,64,finished,1.0,nan,0.8,1,2.21191,0.113015,0.0085697,0.0085697,0.0002142425,0.14175,0.107747,-3.17882e-16,0.632125,results/mhd_runner/glm_sweep/ot_runs/divergence/ot_glm_sweep_coarse_n64_mixed_glm_ch1_sub1_cd0p8_mixed_glm.csv
orszag_tang,mixed_glm,64,finished,1.0,nan,0.8,2,2.21191,0.0799134,0.00857225,0.00857225,0.00021430625000000002,0.141784,0.107747,-3.17882e-16,0.688744,results/mhd_runner/glm_sweep/ot_runs/divergence/ot_glm_sweep_coarse_n64_mixed_glm_ch1_sub2_cd0p8_mixed_glm.csv
orszag_tang,mixed_glm,128,finished,4.0,nan,0.2,4,8.85677,0.0909211,0.00616944,0.00616944,0.000154236,0.183101,0.108157,4.76823e-16,6.21162,results/mhd_runner/glm_sweep/ot_runs/divergence/ot_glm_sweep_coarse_n128_mixed_glm_ch4_sub4_cd0p2_mixed_glm.csv
orszag_tang,mixed_glm,128,finished,4.0,nan,0.2,2,8.85677,0.0909211,0.00616944,0.00616944,0.000154236,0.183101,0.108157,4.76823e-16,6.24658,results/mhd_runner/glm_sweep/ot_runs/divergence/ot_glm_sweep_coarse_n128_mixed_glm_ch4_sub2_cd0p2_mixed_glm.csv
orszag_tang,mixed_glm,128,finished,4.0,nan,0.2,8,8.85677,0.0642909,0.00617423,0.00617423,0.00015435575000000002,0.183335,0.108157,4.76823e-16,6.29628,results/mhd_runner/glm_sweep/ot_runs/divergence/ot_glm_sweep_coarse_n128_mixed_glm_ch4_sub8_cd0p2_mixed_glm.csv
orszag_tang,mixed_glm,128,finished,4.0,nan,0.2,1,8.85677,0.0909211,0.00616944,0.00616944,0.000154236,0.183101,0.108157,4.76823e-16,6.36449,results/mhd_runner/glm_sweep/ot_runs/divergence/ot_glm_sweep_coarse_n128_mixed_glm_ch4_sub1_cd0p2_mixed_glm.csv
orszag_tang,mixed_glm,64,finished,1.0,nan,0.1,2,2.21191,0.0248819,0.00922182,0.00922182,0.00023054550000000003,0.155197,0.107761,7.94704e-16,0.584581,results/mhd_runner/glm_sweep/ot_runs/divergence/ot_glm_sweep_coarse_n64_mixed_glm_ch1_sub2_cd0p1_mixed_glm.csv
orszag_tang,mixed_glm,64,finished,1.0,nan,0.1,4,2.21191,0.0175941,0.0092174,0.0092174,0.00023043500000000003,0.155163,0.107761,7.94704e-16,0.647722,results/mhd_runner/glm_sweep/ot_runs/divergence/ot_glm_sweep_coarse_n64_mixed_glm_ch1_sub4_cd0p1_mixed_glm.csv
orszag_tang,mixed_glm,64,finished,1.0,nan,0.1,1,2.21191,0.0351883,0.00922153,0.00922153,0.00023053825000000003,0.155181,0.107761,7.94704e-16,0.654147,results/mhd_runner/glm_sweep/ot_runs/divergence/ot_glm_sweep_coarse_n64_mixed_glm_ch1_sub1_cd0p1_mixed_glm.csv
orszag_tang,mixed_glm,64,finished,1.0,0.5,nan,8,2.21191,1.05164,0.00765766,0.00765766,0.00019144150000000002,0.12714,0.10771,7.94704e-16,0.781967,results/mhd_runner/glm_sweep/ot_runs/divergence/ot_glm_sweep_coarse_n64_mixed_glm_ch1_sub8_cr0p5_mixed_glm.csv
orszag_tang,mixed_glm,64,finished,8.0,nan,0.8,2,17.6953,0.448419,0.0148914,0.0148914,0.00037228500000000003,0.194248,0.108888,7.94704e-16,1.0088,results/mhd_runner/glm_sweep/ot_runs/divergence/ot_glm_sweep_coarse_n64_mixed_glm_ch8_sub2_cd0p8_mixed_glm.csv
orszag_tang,mixed_glm,64,finished,8.0,nan,0.8,8,17.6953,0.31708,0.0150389,0.0150389,0.0003759725,0.197044,0.108891,7.94704e-16,1.02174,results/mhd_runner/glm_sweep/ot_runs/divergence/ot_glm_sweep_coarse_n64_mixed_glm_ch8_sub8_cd0p8_mixed_glm.csv
orszag_tang,mixed_glm,64,finished,8.0,nan,0.8,1,17.6953,0.448419,0.0148914,0.0148914,0.00037228500000000003,0.194248,0.108888,7.94704e-16,1.0333,results/mhd_runner/glm_sweep/ot_runs/divergence/ot_glm_sweep_coarse_n64_mixed_glm_ch8_sub1_cd0p8_mixed_glm.csv
orszag_tang,mixed_glm,64,finished,8.0,nan,0.8,4,17.6953,0.448419,0.0148914,0.0148914,0.00037228500000000003,0.194248,0.108888,7.94704e-16,1.08316,results/mhd_runner/glm_sweep/ot_runs/divergence/ot_glm_sweep_coarse_n64_mixed_glm_ch8_sub4_cd0p8_mixed_glm.csv
orszag_tang,mixed_glm,64,finished,2.0,0.3,nan,2,4.42381,1.15202,0.00719189,0.00719189,0.00017979725000000002,0.118262,0.10785,-9.53645e-16,0.631966,results/mhd_runner/glm_sweep/ot_runs/divergence/ot_glm_sweep_coarse_n64_mixed_glm_ch2_sub2_cr0p3_mixed_glm.csv
orszag_tang,mixed_glm,64,finished,2.0,0.3,nan,1,4.42381,1.15202,0.00719343,0.00719343,0.00017983575,0.118273,0.107851,-9.53645e-16,0.642445,results/mhd_runner/glm_sweep/ot_runs/divergence/ot_glm_sweep_coarse_n64_mixed_glm_ch2_sub1_cr0p3_mixed_glm.csv
orszag_tang,mixed_glm,64,finished,2.0,0.3,nan,4,4.42381,1.15202,0.00719115,0.00719115,0.00017977875000000002,0.118257,0.10785,-9.53645e-16,0.659289,results/mhd_runner/glm_sweep/ot_runs/divergence/ot_glm_sweep_coarse_n64_mixed_glm_ch2_sub4_cr0p3_mixed_glm.csv
orszag_tang,mixed_glm,64,finished,1.0,nan,0.03,4,2.21191,0.0142573,0.00923023,0.00923023,0.00023075575000000003,0.155522,0.107761,1.11259e-15,0.64767,results/mhd_runner/glm_sweep/ot_runs/divergence/ot_glm_sweep_coarse_n64_mixed_glm_ch1_sub4_cd0p03_mixed_glm.csv
orszag_tang,mixed_glm,64,finished,1.0,0.3,nan,4,2.21191,0.814599,0.00770903,0.00770903,0.00019272575000000002,0.128009,0.107713,1.27153e-15,0.698394,results/mhd_runner/glm_sweep/ot_runs/divergence/ot_glm_sweep_coarse_n64_mixed_glm_ch1_sub4_cr0p3_mixed_glm.csv
orszag_tang,mixed_glm,64,finished,1.0,0.5,nan,2,2.21191,1.05164,0.00772507,0.00772507,0.00019312675,0.128241,0.107714,1.58941e-15,0.577511,results/mhd_runner/glm_sweep/ot_runs/divergence/ot_glm_sweep_coarse_n64_mixed_glm_ch1_sub2_cr0p5_mixed_glm.csv
orszag_tang,mixed_glm,64,finished,1.0,0.5,nan,1,2.21191,1.05164,0.00772604,0.00772604,0.00019315100000000002,0.12825,0.107714,1.58941e-15,0.584774,results/mhd_runner/glm_sweep/ot_runs/divergence/ot_glm_sweep_coarse_n64_mixed_glm_ch1_sub1_cr0p5_mixed_glm.csv
orszag_tang,mixed_glm,64,finished,0.5,nan,0.05,2,1.10595,0.0109119,0.00751394,0.00751394,0.00018784850000000002,0.124287,0.107578,1.58941e-15,0.627332,results/mhd_runner/glm_sweep/ot_runs/divergence/ot_glm_sweep_coarse_n64_mixed_glm_ch0p5_sub2_cd0p05_mixed_glm.csv
orszag_tang,mixed_glm,64,finished,0.5,0.18,nan,4,1.10595,0.446174,0.00722319,0.00722319,0.00018057975,0.118698,0.107568,1.58941e-15,0.630367,results/mhd_runner/glm_sweep/ot_runs/divergence/ot_glm_sweep_coarse_n64_mixed_glm_ch0p5_sub4_cr0p18_mixed_glm.csv
orszag_tang,mixed_glm,64,finished,0.5,0.3,nan,4,1.10595,0.576009,0.00721792,0.00721792,0.00018044800000000002,0.118571,0.107567,1.58941e-15,0.698121,results/mhd_runner/glm_sweep/ot_runs/divergence/ot_glm_sweep_coarse_n64_mixed_glm_ch0p5_sub4_cr0p3_mixed_glm.csv
orszag_tang,mixed_glm,64,finished,2.0,nan,0.01,4,4.42381,0.0248602,0.0128073,0.0128073,0.0003201825,0.212844,0.108101,1.74835e-15,0.635316,results/mhd_runner/glm_sweep/ot_runs/divergence/ot_glm_sweep_coarse_n64_mixed_glm_ch2_sub4_cd0p01_mixed_glm.csv
orszag_tang,mixed_glm,64,finished,2.0,nan,0.01,2,4.42381,0.0351576,0.0128079,0.0128079,0.00032019750000000005,0.212856,0.108101,1.74835e-15,0.636972,results/mhd_runner/glm_sweep/ot_runs/divergence/ot_glm_sweep_coarse_n64_mixed_glm_ch2_sub2_cd0p01_mixed_glm.csv
orszag_tang,mixed_glm,64,finished,2.0,nan,0.01,1,4.42381,0.0497204,0.0128094,0.0128094,0.00032023500000000004,0.212883,0.108101,1.74835e-15,0.643343,results/mhd_runner/glm_sweep/ot_runs/divergence/ot_glm_sweep_coarse_n64_mixed_glm_ch2_sub1_cd0p01_mixed_glm.csv
orszag_tang,mixed_glm,64,finished,16.0,nan,0.05,2,35.3905,0.184121,0.0321279,0.0321279,0.0008031975,0.368763,0.109607,1.74835e-15,1.50617,results/mhd_runner/glm_sweep/ot_runs/divergence/ot_glm_sweep_coarse_n64_mixed_glm_ch16_sub2_cd0p05_mixed_glm.csv
orszag_tang,mixed_glm,64,finished,16.0,nan,0.05,4,35.3905,0.184121,0.0321279,0.0321279,0.0008031975,0.368763,0.109607,1.74835e-15,1.53654,results/mhd_runner/glm_sweep/ot_runs/divergence/ot_glm_sweep_coarse_n64_mixed_glm_ch16_sub4_cd0p05_mixed_glm.csv
orszag_tang,mixed_glm,64,finished,16.0,nan,0.05,1,35.3905,0.184121,0.0321279,0.0321279,0.0008031975,0.368763,0.109607,1.74835e-15,1.55964,results/mhd_runner/glm_sweep/ot_runs/divergence/ot_glm_sweep_coarse_n64_mixed_glm_ch16_sub1_cd0p05_mixed_glm.csv
orszag_tang,mixed_glm,64,finished,16.0,nan,0.05,8,35.3905,0.17223,0.0321314,0.0321314,0.0008032849999999999,0.368816,0.109608,1.74835e-15,1.56628,results/mhd_runner/glm_sweep/ot_runs/divergence/ot_glm_sweep_coarse_n64_mixed_glm_ch16_sub8_cd0p05_mixed_glm.csv
orszag_tang,mixed_glm,128,finished,1.0,nan,0.05,4,2.21419,0.0166764,0.00259936,0.00259936,6.498400000000001e-05,0.0781549,0.107688,1.74835e-15,5.25935,results/mhd_runner/glm_sweep/ot_runs/divergence/ot_glm_sweep_coarse_n128_mixed_glm_ch1_sub4_cd0p05_mixed_glm.csv
orszag_tang,mixed_glm,64,finished,0.5,nan,0.8,2,1.10595,0.0399801,0.00739908,0.00739908,0.00018497700000000001,0.122425,0.107574,1.90729e-15,0.625655,results/mhd_runner/glm_sweep/ot_runs/divergence/ot_glm_sweep_coarse_n64_mixed_glm_ch0p5_sub2_cd0p8_mixed_glm.csv
orszag_tang,mixed_glm,64,finished,1.0,nan,0.8,8,2.21191,0.0399609,0.00895126,0.00895126,0.00022378150000000003,0.147865,0.107756,1.90729e-15,0.771871,results/mhd_runner/glm_sweep/ot_runs/divergence/ot_glm_sweep_coarse_n64_mixed_glm_ch1_sub8_cd0p8_mixed_glm.csv
orszag_tang,mixed_glm,64,finished,4.0,0.1,nan,1,8.84763,0.940618,0.00676861,0.00676861,0.00016921525000000002,0.107293,0.108093,2.06623e-15,0.610177,results/mhd_runner/glm_sweep/ot_runs/divergence/ot_glm_sweep_baseline_n64_mixed_glm_mixed_glm.csv
orszag_tang,mixed_glm,64,finished,2.0,0.05,nan,2,4.42381,0.470309,0.00861418,0.00861418,0.00021535450000000002,0.140438,0.10795,2.06623e-15,0.63704,results/mhd_runner/glm_sweep/ot_runs/divergence/ot_glm_sweep_coarse_n64_mixed_glm_ch2_sub2_cr0p05_mixed_glm.csv
orszag_tang,mixed_glm,64,finished,2.0,0.05,nan,4,4.42381,0.470309,0.00861325,0.00861325,0.00021533125,0.140432,0.10795,2.06623e-15,0.653528,results/mhd_runner/glm_sweep/ot_runs/divergence/ot_glm_sweep_coarse_n64_mixed_glm_ch2_sub4_cr0p05_mixed_glm.csv
orszag_tang,mixed_glm,64,finished,2.0,0.05,nan,1,4.42381,0.470309,0.00861605,0.00861605,0.00021540125000000002,0.140448,0.10795,2.06623e-15,0.672897,results/mhd_runner/glm_sweep/ot_runs/divergence/ot_glm_sweep_coarse_n64_mixed_glm_ch2_sub1_cr0p05_mixed_glm.csv
orszag_tang,mixed_glm,64,finished,4.0,0.1,nan,1,8.84763,0.940618,0.00676861,0.00676861,0.00016921525000000002,0.107293,0.108093,2.06623e-15,0.760472,results/mhd_runner/glm_sweep/ot_runs/divergence/ot_glm_sweep_coarse_n64_mixed_glm_ch4_sub1_cr0p1_mixed_glm.csv
orszag_tang,mixed_glm,64,finished,4.0,0.1,nan,4,8.84763,0.940618,0.00676772,0.00676772,0.000169193,0.107289,0.108093,2.06623e-15,0.762475,results/mhd_runner/glm_sweep/ot_runs/divergence/ot_glm_sweep_coarse_n64_mixed_glm_ch4_sub4_cr0p1_mixed_glm.csv
orszag_tang,mixed_glm,64,finished,4.0,0.1,nan,8,8.84763,0.940618,0.00676729,0.00676729,0.00016918225,0.107287,0.108093,2.06623e-15,0.773843,results/mhd_runner/glm_sweep/ot_runs/divergence/ot_glm_sweep_coarse_n64_mixed_glm_ch4_sub8_cr0p1_mixed_glm.csv
orszag_tang,mixed_glm,64,finished,4.0,0.1,nan,2,8.84763,0.940618,0.00676861,0.00676861,0.00016921525000000002,0.107293,0.108093,2.06623e-15,0.797588,results/mhd_runner/glm_sweep/ot_runs/divergence/ot_glm_sweep_coarse_n64_mixed_glm_ch4_sub2_cr0p1_mixed_glm.csv
orszag_tang,mixed_glm,64,finished,1.0,0.1,nan,4,2.21191,0.470309,0.00784268,0.00784268,0.000196067,0.130292,0.107719,2.22517e-15,0.651491,results/mhd_runner/glm_sweep/ot_runs/divergence/ot_glm_sweep_coarse_n64_mixed_glm_ch1_sub4_cr0p1_mixed_glm.csv
orszag_tang,mixed_glm,64,finished,1.0,0.05,nan,4,2.21191,0.332559,0.00800631,0.00800631,0.00020015775000000003,0.133014,0.107726,2.22517e-15,0.663404,results/mhd_runner/glm_sweep/ot_runs/divergence/ot_glm_sweep_coarse_n64_mixed_glm_ch1_sub4_cr0p05_mixed_glm.csv
orszag_tang,mixed_glm,64,finished,16.0,0.03,nan,2,35.3905,1.0304,0.00854831,0.00854831,0.00021370775,0.113724,0.10902,2.22517e-15,1.48415,results/mhd_runner/glm_sweep/ot_runs/divergence/ot_glm_sweep_coarse_n64_mixed_glm_ch16_sub2_cr0p03_mixed_glm.csv
orszag_tang,mixed_glm,64,finished,16.0,0.03,nan,8,35.3905,1.0304,0.00854638,0.00854638,0.0002136595,0.113698,0.10902,2.22517e-15,1.53707,results/mhd_runner/glm_sweep/ot_runs/divergence/ot_glm_sweep_coarse_n64_mixed_glm_ch16_sub8_cr0p03_mixed_glm.csv
orszag_tang,mixed_glm,64,finished,16.0,0.03,nan,1,35.3905,1.0304,0.00854831,0.00854831,0.00021370775,0.113724,0.10902,2.22517e-15,1.63438,results/mhd_runner/glm_sweep/ot_runs/divergence/ot_glm_sweep_coarse_n64_mixed_glm_ch16_sub1_cr0p03_mixed_glm.csv
orszag_tang,mixed_glm,64,finished,16.0,0.03,nan,4,35.3905,1.0304,0.00854831,0.00854831,0.00021370775,0.113724,0.10902,2.22517e-15,1.78455,results/mhd_runner/glm_sweep/ot_runs/divergence/ot_glm_sweep_coarse_n64_mixed_glm_ch16_sub4_cr0p03_mixed_glm.csv
orszag_tang,mixed_glm,128,finished,0.5,0.3,nan,8,1.1071,0.576306,0.00190431,0.00190431,4.7607750000000005e-05,0.0498033,0.107594,-2.22517e-15,6.30242,results/mhd_runner/glm_sweep/ot_runs/divergence/ot_glm_sweep_coarse_n128_mixed_glm_ch0p5_sub8_cr0p3_mixed_glm.csv
orszag_tang,mixed_glm,64,finished,2.0,0.1,nan,8,4.42381,0.665117,0.00781193,0.00781193,0.00019529825,0.128438,0.107898,2.38411e-15,0.803073,results/mhd_runner/glm_sweep/ot_runs/divergence/ot_glm_sweep_coarse_n64_mixed_glm_ch2_sub8_cr0p1_mixed_glm.csv
orszag_tang,mixed_glm,64,finished,2.0,0.3,nan,8,4.42381,1.15202,0.00716376,0.00716376,0.000179094,0.117857,0.107848,2.38411e-15,0.841496,results/mhd_runner/glm_sweep/ot_runs/divergence/ot_glm_sweep_coarse_n64_mixed_glm_ch2_sub8_cr0p3_mixed_glm.csv
orszag_tang,mixed_glm,64,finished,1.0,0.1,nan,8,2.21191,0.470309,0.00781861,0.00781861,0.00019546525,0.129911,0.107718,2.38411e-15,0.88039,results/mhd_runner/glm_sweep/ot_runs/divergence/ot_glm_sweep_coarse_n64_mixed_glm_ch1_sub8_cr0p1_mixed_glm.csv
orszag_tang,mixed_glm,64,finished,1.0,0.18,nan,2,2.21191,0.630986,0.00780392,0.00780392,0.000195098,0.129587,0.107717,2.54305e-15,0.616753,results/mhd_runner/glm_sweep/ot_runs/divergence/ot_glm_sweep_coarse_n64_mixed_glm_ch1_sub2_cr0p18_mixed_glm.csv
orszag_tang,mixed_glm,64,finished,1.0,0.18,nan,1,2.21191,0.630986,0.00780487,0.00780487,0.00019512175000000002,0.129595,0.107717,2.54305e-15,0.617587,results/mhd_runner/glm_sweep/ot_runs/divergence/ot_glm_sweep_coarse_n64_mixed_glm_ch1_sub1_cr0p18_mixed_glm.csv
orszag_tang,mixed_glm,64,finished,2.0,nan,0.8,1,4.42381,0.225781,0.0105739,0.0105739,0.0002643475,0.16766,0.108041,2.54305e-15,0.639525,results/mhd_runner/glm_sweep/ot_runs/divergence/ot_glm_sweep_coarse_n64_mixed_glm_ch2_sub1_cd0p8_mixed_glm.csv
orszag_tang,mixed_glm,64,finished,2.0,nan,0.8,4,4.42381,0.11289,0.0105976,0.0105976,0.00026494,0.167927,0.108042,2.54305e-15,0.64042,results/mhd_runner/glm_sweep/ot_runs/divergence/ot_glm_sweep_coarse_n64_mixed_glm_ch2_sub4_cd0p8_mixed_glm.csv
orszag_tang,mixed_glm,64,finished,2.0,nan,0.8,2,4.42381,0.159651,0.0105794,0.0105794,0.000264485,0.167728,0.108041,2.54305e-15,0.677299,results/mhd_runner/glm_sweep/ot_runs/divergence/ot_glm_sweep_coarse_n64_mixed_glm_ch2_sub2_cd0p8_mixed_glm.csv
orszag_tang,mixed_glm,64,finished,0.5,nan,0.2,4,1.10595,0.0105268,0.00750582,0.00750582,0.00018764550000000002,0.124178,0.107577,2.54305e-15,0.687706,results/mhd_runner/glm_sweep/ot_runs/divergence/ot_glm_sweep_coarse_n64_mixed_glm_ch0p5_sub4_cd0p2_mixed_glm.csv
orszag_tang,mixed_glm,64,finished,2.0,nan,0.03,8,4.42381,0.0201451,0.0127725,0.0127725,0.00031931250000000004,0.21211,0.108101,2.54305e-15,0.837615,results/mhd_runner/glm_sweep/ot_runs/divergence/ot_glm_sweep_coarse_n64_mixed_glm_ch2_sub8_cd0p03_mixed_glm.csv
orszag_tang,mixed_glm,128,finished,1.0,0.1,nan,8,2.21419,0.470552,0.00213698,0.00213698,5.34245e-05,0.0576632,0.107667,-2.54305e-15,6.91179,results/mhd_runner/glm_sweep/ot_runs/divergence/ot_glm_sweep_coarse_n128_mixed_glm_ch1_sub8_cr0p1_mixed_glm.csv
orszag_tang,mixed_glm,64,finished,0.5,0.03,nan,8,1.10595,0.18215,0.00727007,0.00727007,0.00018175175,0.119835,0.10757,2.70199e-15,0.777001,results/mhd_runner/glm_sweep/ot_runs/divergence/ot_glm_sweep_coarse_n64_mixed_glm_ch0p5_sub8_cr0p03_mixed_glm.csv
orszag_tang,mixed_glm,128,finished,0.5,nan,0.03,1,1.1071,0.0154171,0.001991,0.001991,4.9775000000000004e-05,0.0518813,0.107596,-2.70199e-15,4.52624,results/mhd_runner/glm_sweep/ot_runs/divergence/ot_glm_sweep_coarse_n128_mixed_glm_ch0p5_sub1_cd0p03_mixed_glm.csv
orszag_tang,mixed_glm,64,finished,1.0,nan,0.1,8,2.21191,0.0124409,0.0092162,0.0092162,0.00023040500000000004,0.155173,0.107761,2.86094e-15,0.840722,results/mhd_runner/glm_sweep/ot_runs/divergence/ot_glm_sweep_coarse_n64_mixed_glm_ch1_sub8_cd0p1_mixed_glm.csv
orszag_tang,mixed_glm,64,finished,8.0,0.03,nan,1,17.6953,0.7286,0.00985556,0.00985556,0.000246389,0.127468,0.108693,2.86094e-15,1.02263,results/mhd_runner/glm_sweep/ot_runs/divergence/ot_glm_sweep_coarse_n64_mixed_glm_ch8_sub1_cr0p03_mixed_glm.csv
orszag_tang,mixed_glm,64,finished,8.0,0.03,nan,8,17.6953,0.7286,0.00985238,0.00985238,0.0002463095,0.127411,0.108693,2.86094e-15,1.04658,results/mhd_runner/glm_sweep/ot_runs/divergence/ot_glm_sweep_coarse_n64_mixed_glm_ch8_sub8_cr0p03_mixed_glm.csv
orszag_tang,mixed_glm,64,finished,8.0,0.03,nan,2,17.6953,0.7286,0.00985556,0.00985556,0.000246389,0.127468,0.108693,2.86094e-15,1.048,results/mhd_runner/glm_sweep/ot_runs/divergence/ot_glm_sweep_coarse_n64_mixed_glm_ch8_sub2_cr0p03_mixed_glm.csv
orszag_tang,mixed_glm,64,finished,8.0,0.03,nan,4,17.6953,0.7286,0.00985556,0.00985556,0.000246389,0.127468,0.108693,2.86094e-15,1.11452,results/mhd_runner/glm_sweep/ot_runs/divergence/ot_glm_sweep_coarse_n64_mixed_glm_ch8_sub4_cr0p03_mixed_glm.csv
orszag_tang,mixed_glm,64,finished,0.5,0.3,nan,1,1.10595,0.576009,0.00725969,0.00725969,0.00018149225,0.119241,0.107568,3.01988e-15,0.56511,results/mhd_runner/glm_sweep/ot_runs/divergence/ot_glm_sweep_coarse_n64_mixed_glm_ch0p5_sub1_cr0p3_mixed_glm.csv
orszag_tang,mixed_glm,64,finished,4.0,0.01,nan,4,8.84763,0.29745,0.0141064,0.0141064,0.00035266000000000003,0.205915,0.108472,3.01988e-15,0.738899,results/mhd_runner/glm_sweep/ot_runs/divergence/ot_glm_sweep_coarse_n64_mixed_glm_ch4_sub4_cr0p01_mixed_glm.csv
orszag_tang,mixed_glm,64,finished,4.0,0.01,nan,2,8.84763,0.29745,0.0141116,0.0141116,0.00035279,0.206032,0.108472,3.01988e-15,0.749864,results/mhd_runner/glm_sweep/ot_runs/divergence/ot_glm_sweep_coarse_n64_mixed_glm_ch4_sub2_cr0p01_mixed_glm.csv
orszag_tang,mixed_glm,64,finished,4.0,0.01,nan,1,8.84763,0.29745,0.0141116,0.0141116,0.00035279,0.206032,0.108472,3.01988e-15,0.760846,results/mhd_runner/glm_sweep/ot_runs/divergence/ot_glm_sweep_coarse_n64_mixed_glm_ch4_sub1_cr0p01_mixed_glm.csv
orszag_tang,mixed_glm,64,finished,1.0,0.03,nan,8,2.21191,0.257599,0.0081456,0.0081456,0.00020364,0.135305,0.107732,3.01988e-15,0.795387,results/mhd_runner/glm_sweep/ot_runs/divergence/ot_glm_sweep_coarse_n64_mixed_glm_ch1_sub8_cr0p03_mixed_glm.csv
orszag_tang,mixed_glm,64,finished,0.5,0.1,nan,8,1.10595,0.332559,0.00722651,0.00722651,0.00018066275,0.118824,0.107568,3.01988e-15,0.807951,results/mhd_runner/glm_sweep/ot_runs/divergence/ot_glm_sweep_coarse_n64_mixed_glm_ch0p5_sub8_cr0p1_mixed_glm.csv
orszag_tang,mixed_glm,64,finished,4.0,0.01,nan,8,8.84763,0.29745,0.014103,0.014103,0.000352575,0.205841,0.108472,3.01988e-15,0.844326,results/mhd_runner/glm_sweep/ot_runs/divergence/ot_glm_sweep_coarse_n64_mixed_glm_ch4_sub8_cr0p01_mixed_glm.csv
orszag_tang,mixed_glm,64,finished,8.0,nan,0.03,1,17.6953,0.113383,0.0257784,0.0257784,0.00064446,0.345628,0.109126,3.01988e-15,0.995492,results/mhd_runner/glm_sweep/ot_runs/divergence/ot_glm_sweep_coarse_n64_mixed_glm_ch8_sub1_cd0p03_mixed_glm.csv
orszag_tang,mixed_glm,64,finished,8.0,nan,0.03,8,17.6953,0.0801739,0.0257812,0.0257812,0.00064453,0.345685,0.109126,3.01988e-15,1.03364,results/mhd_runner/glm_sweep/ot_runs/divergence/ot_glm_sweep_coarse_n64_mixed_glm_ch8_sub8_cd0p03_mixed_glm.csv
orszag_tang,mixed_glm,64,finished,8.0,nan,0.03,2,17.6953,0.113383,0.0257784,0.0257784,0.00064446,0.345628,0.109126,3.01988e-15,1.06397,results/mhd_runner/glm_sweep/ot_runs/divergence/ot_glm_sweep_coarse_n64_mixed_glm_ch8_sub2_cd0p03_mixed_glm.csv
orszag_tang,mixed_glm,64,finished,8.0,nan,0.03,4,17.6953,0.113383,0.0257784,0.0257784,0.00064446,0.345628,0.109126,3.01988e-15,1.08982,results/mhd_runner/glm_sweep/ot_runs/divergence/ot_glm_sweep_coarse_n64_mixed_glm_ch8_sub4_cd0p03_mixed_glm.csv
orszag_tang,mixed_glm,64,finished,16.0,nan,0.5,2,35.3905,0.381863,0.0248161,0.0248161,0.0006204025000000001,0.286681,0.109524,3.01988e-15,1.49478,results/mhd_runner/glm_sweep/ot_runs/divergence/ot_glm_sweep_coarse_n64_mixed_glm_ch16_sub2_cd0p5_mixed_glm.csv
orszag_tang,mixed_glm,64,finished,16.0,nan,0.5,1,35.3905,0.381863,0.0248161,0.0248161,0.0006204025000000001,0.286681,0.109524,3.01988e-15,1.56344,results/mhd_runner/glm_sweep/ot_runs/divergence/ot_glm_sweep_coarse_n64_mixed_glm_ch16_sub1_cd0p5_mixed_glm.csv
orszag_tang,mixed_glm,64,finished,16.0,nan,0.5,8,35.3905,0.3572,0.0248617,0.0248617,0.0006215425000000001,0.287175,0.109525,3.01988e-15,1.56746,results/mhd_runner/glm_sweep/ot_runs/divergence/ot_glm_sweep_coarse_n64_mixed_glm_ch16_sub8_cd0p5_mixed_glm.csv
orszag_tang,mixed_glm,64,finished,16.0,nan,0.5,4,35.3905,0.381863,0.0248161,0.0248161,0.0006204025000000001,0.286681,0.109524,3.01988e-15,1.65681,results/mhd_runner/glm_sweep/ot_runs/divergence/ot_glm_sweep_coarse_n64_mixed_glm_ch16_sub4_cd0p5_mixed_glm.csv
orszag_tang,mixed_glm,128,finished,8.0,0.1,nan,2,17.7135,1.33092,0.00173069,0.00173069,4.326725e-05,0.0487189,0.108053,3.01988e-15,8.17413,results/mhd_runner/glm_sweep/ot_runs/divergence/ot_glm_sweep_coarse_n128_mixed_glm_ch8_sub2_cr0p1_mixed_glm.csv
orszag_tang,mixed_glm,128,finished,8.0,0.1,nan,4,17.7135,1.33092,0.00173069,0.00173069,4.326725e-05,0.0487189,0.108053,3.01988e-15,8.17909,results/mhd_runner/glm_sweep/ot_runs/divergence/ot_glm_sweep_coarse_n128_mixed_glm_ch8_sub4_cr0p1_mixed_glm.csv
orszag_tang,mixed_glm,128,finished,8.0,0.1,nan,8,17.7135,1.33092,0.00173069,0.00173069,4.326725e-05,0.0487189,0.108053,3.01988e-15,8.24476,results/mhd_runner/glm_sweep/ot_runs/divergence/ot_glm_sweep_coarse_n128_mixed_glm_ch8_sub8_cr0p1_mixed_glm.csv
orszag_tang,mixed_glm,128,finished,8.0,0.1,nan,1,17.7135,1.33092,0.00173069,0.00173069,4.326725e-05,0.0487189,0.108053,3.01988e-15,9.09128,results/mhd_runner/glm_sweep/ot_runs/divergence/ot_glm_sweep_coarse_n128_mixed_glm_ch8_sub1_cr0p1_mixed_glm.csv
orszag_tang,hyperbolic_glm,64,finished,1.0,nan,nan,2,2.21191,nan,0.00767738,0.00767738,0.0001919345,0.127417,0.107711,3.17882e-15,0.50111,results/mhd_runner/glm_sweep/ot_runs/divergence/ot_glm_sweep_coarse_n64_hyperbolic_glm_ch1_sub2_unused_hyperbolic_glm.csv
orszag_tang,hyperbolic_glm,64,finished,0.5,nan,nan,2,1.10595,nan,0.00722326,0.00722326,0.0001805815,0.118594,0.107567,3.17882e-15,0.503658,results/mhd_runner/glm_sweep/ot_runs/divergence/ot_glm_sweep_coarse_n64_hyperbolic_glm_ch0p5_sub2_unused_hyperbolic_glm.csv
orszag_tang,hyperbolic_glm,64,finished,1.0,nan,nan,1,2.21191,nan,0.00767835,0.00767835,0.00019195875,0.127427,0.107711,3.17882e-15,0.51463,results/mhd_runner/glm_sweep/ot_runs/divergence/ot_glm_sweep_coarse_n64_hyperbolic_glm_ch1_sub1_unused_hyperbolic_glm.csv
orszag_tang,mixed_glm,64,finished,0.5,nan,0.01,1,1.10595,0.0124464,0.00752461,0.00752461,0.00018811525000000001,0.124426,0.107578,3.17882e-15,0.555763,results/mhd_runner/glm_sweep/ot_runs/divergence/ot_glm_sweep_coarse_n64_mixed_glm_ch0p5_sub1_cd0p01_mixed_glm.csv
orszag_tang,mixed_glm,64,finished,1.0,0.03,nan,4,2.21191,0.257599,0.00817472,0.00817472,0.00020436800000000002,0.135739,0.107733,3.17882e-15,0.624788,results/mhd_runner/glm_sweep/ot_runs/divergence/ot_glm_sweep_coarse_n64_mixed_glm_ch1_sub4_cr0p03_mixed_glm.csv
orszag_tang,mixed_glm,64,finished,2.0,0.5,nan,1,4.42381,1.48725,0.00704236,0.00704236,0.000176059,0.115649,0.107838,3.17882e-15,0.626604,results/mhd_runner/glm_sweep/ot_runs/divergence/ot_glm_sweep_coarse_n64_mixed_glm_ch2_sub1_cr0p5_mixed_glm.csv
orszag_tang,mixed_glm,64,finished,2.0,0.5,nan,2,4.42381,1.48725,0.00704086,0.00704086,0.0001760215,0.115638,0.107837,3.17882e-15,0.681393,results/mhd_runner/glm_sweep/ot_runs/divergence/ot_glm_sweep_coarse_n64_mixed_glm_ch2_sub2_cr0p5_mixed_glm.csv
orszag_tang,mixed_glm,64,finished,2.0,0.5,nan,4,4.42381,1.48725,0.00704016,0.00704016,0.000176004,0.115633,0.107837,3.17882e-15,0.691462,results/mhd_runner/glm_sweep/ot_runs/divergence/ot_glm_sweep_coarse_n64_mixed_glm_ch2_sub4_cr0p5_mixed_glm.csv
orszag_tang,mixed_glm,64,finished,2.0,nan,0.8,8,4.42381,0.0798367,0.0113848,0.0113848,0.00028462,0.182771,0.108067,3.17882e-15,0.760839,results/mhd_runner/glm_sweep/ot_runs/divergence/ot_glm_sweep_coarse_n64_mixed_glm_ch2_sub8_cd0p8_mixed_glm.csv
orszag_tang,mixed_glm,64,finished,2.0,nan,0.5,8,4.42381,0.0453063,0.0123508,0.0123508,0.00030877000000000004,0.203036,0.108092,3.17882e-15,0.839218,results/mhd_runner/glm_sweep/ot_runs/divergence/ot_glm_sweep_coarse_n64_mixed_glm_ch2_sub8_cd0p5_mixed_glm.csv
orszag_tang,mixed_glm,64,finished,1.0,nan,0.01,1,2.21191,0.0248821,0.00925271,0.00925271,0.00023131775000000002,0.156049,0.107762,3.33776e-15,0.57051,results/mhd_runner/glm_sweep/ot_runs/divergence/ot_glm_sweep_coarse_n64_mixed_glm_ch1_sub1_cd0p01_mixed_glm.csv
orszag_tang,mixed_glm,64,finished,0.5,0.03,nan,1,1.10595,0.18215,0.00731913,0.00731913,0.00018297825,0.120635,0.107571,3.33776e-15,0.580723,results/mhd_runner/glm_sweep/ot_runs/divergence/ot_glm_sweep_coarse_n64_mixed_glm_ch0p5_sub1_cr0p03_mixed_glm.csv
orszag_tang,mixed_glm,64,finished,0.5,nan,0.03,2,1.10595,0.0100858,0.00751498,0.00751498,0.00018787450000000002,0.1243,0.107578,3.33776e-15,0.582062,results/mhd_runner/glm_sweep/ot_runs/divergence/ot_glm_sweep_coarse_n64_mixed_glm_ch0p5_sub2_cd0p03_mixed_glm.csv
orszag_tang,mixed_glm,64,finished,1.0,nan,0.01,2,2.21191,0.0175943,0.00925229,0.00925229,0.00023130725000000002,0.156041,0.107762,3.33776e-15,0.585798,results/mhd_runner/glm_sweep/ot_runs/divergence/ot_glm_sweep_coarse_n64_mixed_glm_ch1_sub2_cd0p01_mixed_glm.csv
orszag_tang,mixed_glm,64,finished,0.5,nan,0.5,1,1.10595,0.032081,0.00745965,0.00745965,0.00018649125,0.12344,0.107576,3.33776e-15,0.602519,results/mhd_runner/glm_sweep/ot_runs/divergence/ot_glm_sweep_coarse_n64_mixed_glm_ch0p5_sub1_cd0p5_mixed_glm.csv
orszag_tang,hyperbolic_glm,64,finished,0.5,nan,nan,8,1.10595,nan,0.00720302,0.00720302,0.0001800755,0.118258,0.107567,3.33776e-15,0.71687,results/mhd_runner/glm_sweep/ot_runs/divergence/ot_glm_sweep_coarse_n64_hyperbolic_glm_ch0p5_sub8_unused_hyperbolic_glm.csv
orszag_tang,mixed_glm,64,finished,2.0,0.03,nan,8,4.42381,0.3643,0.00924009,0.00924009,0.00023100224999999999,0.149481,0.107983,3.33776e-15,0.778005,results/mhd_runner/glm_sweep/ot_runs/divergence/ot_glm_sweep_coarse_n64_mixed_glm_ch2_sub8_cr0p03_mixed_glm.csv
orszag_tang,mixed_glm,64,finished,8.0,0.05,nan,1,17.6953,0.940618,0.00754392,0.00754392,0.000188598,0.0997156,0.108563,3.33776e-15,1.00749,results/mhd_runner/glm_sweep/ot_runs/divergence/ot_glm_sweep_coarse_n64_mixed_glm_ch8_sub1_cr0p05_mixed_glm.csv
orszag_tang,mixed_glm,64,finished,8.0,0.05,nan,2,17.6953,0.940618,0.00754392,0.00754392,0.000188598,0.0997156,0.108563,3.33776e-15,1.01438,results/mhd_runner/glm_sweep/ot_runs/divergence/ot_glm_sweep_coarse_n64_mixed_glm_ch8_sub2_cr0p05_mixed_glm.csv
orszag_tang,mixed_glm,64,finished,8.0,0.05,nan,4,17.6953,0.940618,0.00754392,0.00754392,0.000188598,0.0997156,0.108563,3.33776e-15,1.03262,results/mhd_runner/glm_sweep/ot_runs/divergence/ot_glm_sweep_coarse_n64_mixed_glm_ch8_sub4_cr0p05_mixed_glm.csv
orszag_tang,mixed_glm,64,finished,8.0,0.05,nan,8,17.6953,0.940618,0.00754248,0.00754248,0.000188562,0.0997045,0.108563,3.33776e-15,1.03446,results/mhd_runner/glm_sweep/ot_runs/divergence/ot_glm_sweep_coarse_n64_mixed_glm_ch8_sub8_cr0p05_mixed_glm.csv
orszag_tang,mixed_glm,128,finished,2.0,0.03,nan,1,4.42838,0.364488,0.00263732,0.00263732,6.5933e-05,0.0717879,0.107801,-3.33776e-15,5.48233,results/mhd_runner/glm_sweep/ot_runs/divergence/ot_glm_sweep_coarse_n128_mixed_glm_ch2_sub1_cr0p03_mixed_glm.csv
orszag_tang,mixed_glm,128,finished,2.0,0.03,nan,2,4.42838,0.364488,0.00263732,0.00263732,6.5933e-05,0.0717879,0.107801,-3.33776e-15,5.7366,results/mhd_runner/glm_sweep/ot_runs/divergence/ot_glm_sweep_coarse_n128_mixed_glm_ch2_sub2_cr0p03_mixed_glm.csv
orszag_tang,mixed_glm,128,finished,2.0,0.03,nan,4,4.42838,0.364488,0.00263669,0.00263669,6.591725e-05,0.0717795,0.107801,-3.33776e-15,5.75644,results/mhd_runner/glm_sweep/ot_runs/divergence/ot_glm_sweep_coarse_n128_mixed_glm_ch2_sub4_cr0p03_mixed_glm.csv
orszag_tang,mixed_glm,64,finished,2.0,0.5,nan,8,4.42381,1.48725,0.00701635,0.00701635,0.00017540875,0.115282,0.107835,3.4967e-15,0.769175,results/mhd_runner/glm_sweep/ot_runs/divergence/ot_glm_sweep_coarse_n64_mixed_glm_ch2_sub8_cr0p5_mixed_glm.csv
orszag_tang,mixed_glm,64,finished,0.5,nan,0.2,8,1.10595,0.00744356,0.00750666,0.00750666,0.00018766650000000002,0.124188,0.107578,3.4967e-15,0.78872,results/mhd_runner/glm_sweep/ot_runs/divergence/ot_glm_sweep_coarse_n64_mixed_glm_ch0p5_sub8_cd0p2_mixed_glm.csv
orszag_tang,mixed_glm,64,finished,2.0,0.01,nan,8,4.42381,0.210329,0.010834,0.010834,0.00027085,0.171236,0.108051,3.4967e-15,0.837489,results/mhd_runner/glm_sweep/ot_runs/divergence/ot_glm_sweep_coarse_n64_mixed_glm_ch2_sub8_cr0p01_mixed_glm.csv
orszag_tang,mixed_glm,64,finished,0.5,0.18,nan,1,1.10595,0.446174,0.00726498,0.00726498,0.0001816245,0.11937,0.107569,3.65564e-15,0.563981,results/mhd_runner/glm_sweep/ot_runs/divergence/ot_glm_sweep_coarse_n64_mixed_glm_ch0p5_sub1_cr0p18_mixed_glm.csv
orszag_tang,mixed_glm,64,finished,1.0,0.01,nan,2,2.21191,0.148725,0.00868925,0.00868925,0.00021723125000000003,0.143522,0.10775,3.65564e-15,0.571419,results/mhd_runner/glm_sweep/ot_runs/divergence/ot_glm_sweep_coarse_n64_mixed_glm_ch1_sub2_cr0p01_mixed_glm.csv
orszag_tang,mixed_glm,64,finished,1.0,0.01,nan,1,2.21191,0.148725,0.00869015,0.00869015,0.00021725375000000003,0.143529,0.10775,3.65564e-15,0.625154,results/mhd_runner/glm_sweep/ot_runs/divergence/ot_glm_sweep_coarse_n64_mixed_glm_ch1_sub1_cr0p01_mixed_glm.csv
orszag_tang,mixed_glm,64,finished,4.0,nan,0.05,8,8.84763,0.0435192,0.0184454,0.0184454,0.00046113500000000005,0.280749,0.108562,3.65564e-15,0.758694,results/mhd_runner/glm_sweep/ot_runs/divergence/ot_glm_sweep_coarse_n64_mixed_glm_ch4_sub8_cd0p05_mixed_glm.csv
orszag_tang,mixed_glm,64,finished,2.0,nan,0.01,8,4.42381,0.0175787,0.0127824,0.0127824,0.00031956,0.212325,0.108101,3.65564e-15,0.759307,results/mhd_runner/glm_sweep/ot_runs/divergence/ot_glm_sweep_coarse_n64_mixed_glm_ch2_sub8_cd0p01_mixed_glm.csv
orszag_tang,mixed_glm,64,finished,2.0,1.0,nan,8,4.42381,2.10329,0.00690202,0.00690202,0.0001725505,0.113224,0.107824,3.65564e-15,0.770657,results/mhd_runner/glm_sweep/ot_runs/divergence/ot_glm_sweep_coarse_n64_mixed_glm_ch2_sub8_cr1_mixed_glm.csv
orszag_tang,mixed_glm,64,finished,4.0,nan,0.05,4,8.84763,0.0615454,0.018444,0.018444,0.0004611,0.280716,0.108562,3.65564e-15,0.790944,results/mhd_runner/glm_sweep/ot_runs/divergence/ot_glm_sweep_coarse_n64_mixed_glm_ch4_sub4_cd0p05_mixed_glm.csv
orszag_tang,mixed_glm,64,finished,4.0,nan,0.05,1,8.84763,0.0870384,0.0184428,0.0184428,0.00046107,0.280681,0.108562,3.65564e-15,0.828021,results/mhd_runner/glm_sweep/ot_runs/divergence/ot_glm_sweep_coarse_n64_mixed_glm_ch4_sub1_cd0p05_mixed_glm.csv
orszag_tang,mixed_glm,64,finished,4.0,nan,0.05,2,8.84763,0.0870384,0.0184428,0.0184428,0.00046107,0.280681,0.108562,3.65564e-15,0.82943,results/mhd_runner/glm_sweep/ot_runs/divergence/ot_glm_sweep_coarse_n64_mixed_glm_ch4_sub2_cd0p05_mixed_glm.csv
orszag_tang,mixed_glm,64,finished,16.0,nan,0.01,1,35.3905,0.14852,0.0325504,0.0325504,0.0008137600000000001,0.373713,0.109612,3.65564e-15,1.5096,results/mhd_runner/glm_sweep/ot_runs/divergence/ot_glm_sweep_coarse_n64_mixed_glm_ch16_sub1_cd0p01_mixed_glm.csv
orszag_tang,mixed_glm,64,finished,16.0,nan,0.01,2,35.3905,0.14852,0.0325504,0.0325504,0.0008137600000000001,0.373713,0.109612,3.65564e-15,1.6608,results/mhd_runner/glm_sweep/ot_runs/divergence/ot_glm_sweep_coarse_n64_mixed_glm_ch16_sub2_cd0p01_mixed_glm.csv
orszag_tang,mixed_glm,64,finished,16.0,nan,0.01,8,35.3905,0.138928,0.0325508,0.0325508,0.00081377,0.373718,0.109612,3.65564e-15,1.70264,results/mhd_runner/glm_sweep/ot_runs/divergence/ot_glm_sweep_coarse_n64_mixed_glm_ch16_sub8_cd0p01_mixed_glm.csv
orszag_tang,mixed_glm,64,finished,16.0,nan,0.01,4,35.3905,0.14852,0.0325504,0.0325504,0.0008137600000000001,0.373713,0.109612,3.65564e-15,1.72419,results/mhd_runner/glm_sweep/ot_runs/divergence/ot_glm_sweep_coarse_n64_mixed_glm_ch16_sub4_cd0p01_mixed_glm.csv
orszag_tang,mixed_glm,128,finished,8.0,nan,0.01,4,17.7135,0.0759152,0.00979749,0.00979749,0.00024493725,0.265634,0.10863,-3.65564e-15,8.18473,results/mhd_runner/glm_sweep/ot_runs/divergence/ot_glm_sweep_coarse_n128_mixed_glm_ch8_sub4_cd0p01_mixed_glm.csv
orszag_tang,mixed_glm,128,finished,8.0,nan,0.01,8,17.7135,0.0759152,0.00979749,0.00979749,0.00024493725,0.265634,0.10863,-3.65564e-15,8.24353,results/mhd_runner/glm_sweep/ot_runs/divergence/ot_glm_sweep_coarse_n128_mixed_glm_ch8_sub8_cd0p01_mixed_glm.csv
orszag_tang,mixed_glm,128,finished,8.0,nan,0.01,1,17.7135,0.0759152,0.00979749,0.00979749,0.00024493725,0.265634,0.10863,-3.65564e-15,8.28414,results/mhd_runner/glm_sweep/ot_runs/divergence/ot_glm_sweep_coarse_n128_mixed_glm_ch8_sub1_cd0p01_mixed_glm.csv
orszag_tang,mixed_glm,128,finished,8.0,nan,0.01,2,17.7135,0.0759152,0.00979749,0.00979749,0.00024493725,0.265634,0.10863,-3.65564e-15,9.01602,results/mhd_runner/glm_sweep/ot_runs/divergence/ot_glm_sweep_coarse_n128_mixed_glm_ch8_sub2_cd0p01_mixed_glm.csv
orszag_tang,mixed_glm,64,finished,0.5,nan,0.1,1,1.10595,0.0176019,0.00751615,0.00751615,0.00018790375000000002,0.124312,0.107578,3.81458e-15,0.582122,results/mhd_runner/glm_sweep/ot_runs/divergence/ot_glm_sweep_coarse_n64_mixed_glm_ch0p5_sub1_cd0p1_mixed_glm.csv
orszag_tang,hyperbolic_glm,64,finished,0.5,nan,nan,4,1.10595,nan,0.00720968,0.00720968,0.00018024200000000003,0.11837,0.107567,3.81458e-15,0.608344,results/mhd_runner/glm_sweep/ot_runs/divergence/ot_glm_sweep_coarse_n64_hyperbolic_glm_ch0p5_sub4_unused_hyperbolic_glm.csv
orszag_tang,mixed_glm,64,finished,8.0,nan,0.01,1,17.6953,0.0989403,0.0258836,0.0258836,0.00064709,0.347186,0.109128,3.81458e-15,1.04267,results/mhd_runner/glm_sweep/ot_runs/divergence/ot_glm_sweep_coarse_n64_mixed_glm_ch8_sub1_cd0p01_mixed_glm.csv
orszag_tang,mixed_glm,64,finished,8.0,nan,0.01,4,17.6953,0.0989403,0.0258836,0.0258836,0.00064709,0.347186,0.109128,3.81458e-15,1.04498,results/mhd_runner/glm_sweep/ot_runs/divergence/ot_glm_sweep_coarse_n64_mixed_glm_ch8_sub4_cd0p01_mixed_glm.csv
orszag_tang,mixed_glm,64,finished,8.0,nan,0.01,8,17.6953,0.0699613,0.0258834,0.0258834,0.000647085,0.347186,0.109128,3.81458e-15,1.09782,results/mhd_runner/glm_sweep/ot_runs/divergence/ot_glm_sweep_coarse_n64_mixed_glm_ch8_sub8_cd0p01_mixed_glm.csv
orszag_tang,mixed_glm,64,finished,8.0,nan,0.01,2,17.6953,0.0989403,0.0258836,0.0258836,0.00064709,0.347186,0.109128,3.81458e-15,1.13486,results/mhd_runner/glm_sweep/ot_runs/divergence/ot_glm_sweep_coarse_n64_mixed_glm_ch8_sub2_cd0p01_mixed_glm.csv
orszag_tang,mixed_glm,128,finished,2.0,nan,0.8,2,4.42838,0.172772,0.00337482,0.00337482,8.437050000000001e-05,0.0995734,0.107847,-3.81458e-15,5.20401,results/mhd_runner/glm_sweep/ot_runs/divergence/ot_glm_sweep_coarse_n128_mixed_glm_ch2_sub2_cd0p8_mixed_glm.csv
orszag_tang,mixed_glm,128,finished,2.0,nan,0.8,4,4.42838,0.122168,0.00337976,0.00337976,8.449400000000001e-05,0.0998498,0.107847,-3.81458e-15,5.21787,results/mhd_runner/glm_sweep/ot_runs/divergence/ot_glm_sweep_coarse_n128_mixed_glm_ch2_sub4_cd0p8_mixed_glm.csv
orszag_tang,mixed_glm,128,finished,2.0,nan,0.8,1,4.42838,0.172772,0.00337482,0.00337482,8.437050000000001e-05,0.0995734,0.107847,-3.81458e-15,5.75805,results/mhd_runner/glm_sweep/ot_runs/divergence/ot_glm_sweep_coarse_n128_mixed_glm_ch2_sub1_cd0p8_mixed_glm.csv
orszag_tang,mixed_glm,128,finished,0.5,nan,0.8,8,1.1071,0.0216078,0.0019815,0.0019815,4.9537500000000005e-05,0.0515671,0.107596,-3.81458e-15,6.30928,results/mhd_runner/glm_sweep/ot_runs/divergence/ot_glm_sweep_coarse_n128_mixed_glm_ch0p5_sub8_cd0p8_mixed_glm.csv
orszag_tang,mixed_glm,64,finished,0.5,0.5,nan,1,1.10595,0.743624,0.00725643,0.00725643,0.00018141075000000002,0.119162,0.107568,3.97352e-15,0.577794,results/mhd_runner/glm_sweep/ot_runs/divergence/ot_glm_sweep_coarse_n64_mixed_glm_ch0p5_sub1_cr0p5_mixed_glm.csv
orszag_tang,mixed_glm,64,finished,0.5,nan,0.01,2,1.10595,0.00880091,0.00751598,0.00751598,0.0001878995,0.124313,0.107578,3.97352e-15,0.579438,results/mhd_runner/glm_sweep/ot_runs/divergence/ot_glm_sweep_coarse_n64_mixed_glm_ch0p5_sub2_cd0p01_mixed_glm.csv
orszag_tang,mixed_glm,64,finished,2.0,nan,0.05,8,4.42381,0.021795,0.0127622,0.0127622,0.000319055,0.211887,0.1081,3.97352e-15,0.801383,results/mhd_runner/glm_sweep/ot_runs/divergence/ot_glm_sweep_coarse_n64_mixed_glm_ch2_sub8_cd0p05_mixed_glm.csv
orszag_tang,mixed_glm,64,finished,1.0,nan,0.05,8,2.21191,0.0109071,0.00922102,0.00922102,0.00023052550000000001,0.155309,0.107761,3.97352e-15,0.805212,results/mhd_runner/glm_sweep/ot_runs/divergence/ot_glm_sweep_coarse_n64_mixed_glm_ch1_sub8_cd0p05_mixed_glm.csv
orszag_tang,mixed_glm,64,finished,0.5,0.05,nan,8,1.10595,0.235155,0.00724686,0.00724686,0.0001811715,0.119303,0.107569,3.97352e-15,0.808796,results/mhd_runner/glm_sweep/ot_runs/divergence/ot_glm_sweep_coarse_n64_mixed_glm_ch0p5_sub8_cr0p05_mixed_glm.csv
orszag_tang,mixed_glm,128,finished,2.0,nan,0.03,8,4.42838,0.0217917,0.00393487,0.00393487,9.837175000000001e-05,0.123254,0.107865,-3.97352e-15,6.93269,results/mhd_runner/glm_sweep/ot_runs/divergence/ot_glm_sweep_coarse_n128_mixed_glm_ch2_sub8_cd0p03_mixed_glm.csv
orszag_tang,mixed_glm,128,finished,16.0,nan,0.01,1,35.4271,0.107061,0.0141303,0.0141303,0.0003532575,0.336997,0.109174,-3.97352e-15,12.1174,results/mhd_runner/glm_sweep/ot_runs/divergence/ot_glm_sweep_coarse_n128_mixed_glm_ch16_sub1_cd0p01_mixed_glm.csv
orszag_tang,mixed_glm,128,finished,16.0,nan,0.01,2,35.4271,0.107061,0.0141303,0.0141303,0.0003532575,0.336997,0.109174,-3.97352e-15,12.6549,results/mhd_runner/glm_sweep/ot_runs/divergence/ot_glm_sweep_coarse_n128_mixed_glm_ch16_sub2_cd0p01_mixed_glm.csv
orszag_tang,mixed_glm,128,finished,16.0,nan,0.01,4,35.4271,0.107061,0.0141303,0.0141303,0.0003532575,0.336997,0.109174,-3.97352e-15,12.711,results/mhd_runner/glm_sweep/ot_runs/divergence/ot_glm_sweep_coarse_n128_mixed_glm_ch16_sub4_cd0p01_mixed_glm.csv
orszag_tang,mixed_glm,128,finished,16.0,nan,0.01,8,35.4271,0.107061,0.0141303,0.0141303,0.0003532575,0.336997,0.109174,-3.97352e-15,13.4541,results/mhd_runner/glm_sweep/ot_runs/divergence/ot_glm_sweep_coarse_n128_mixed_glm_ch16_sub8_cd0p01_mixed_glm.csv
orszag_tang,mixed_glm,64,finished,0.5,0.05,nan,2,1.10595,0.235155,0.00726743,0.00726743,0.00018168575000000002,0.119647,0.107569,4.13246e-15,0.597683,results/mhd_runner/glm_sweep/ot_runs/divergence/ot_glm_sweep_coarse_n64_mixed_glm_ch0p5_sub2_cr0p05_mixed_glm.csv
orszag_tang,mixed_glm,64,finished,0.5,1.0,nan,2,1.10595,1.05164,0.00722579,0.00722579,0.00018064475000000003,0.118656,0.107568,4.13246e-15,0.609859,results/mhd_runner/glm_sweep/ot_runs/divergence/ot_glm_sweep_coarse_n64_mixed_glm_ch0p5_sub2_cr1_mixed_glm.csv
orszag_tang,mixed_glm,64,finished,1.0,nan,0.2,1,2.21191,0.0420885,0.00918087,0.00918087,0.00022952175000000004,0.154055,0.107761,4.13246e-15,0.614689,results/mhd_runner/glm_sweep/ot_runs/divergence/ot_glm_sweep_coarse_n64_mixed_glm_ch1_sub1_cd0p2_mixed_glm.csv
orszag_tang,mixed_glm,64,finished,1.0,nan,0.2,2,2.21191,0.0297611,0.00918189,0.00918189,0.00022954725,0.154096,0.107761,4.13246e-15,0.618246,results/mhd_runner/glm_sweep/ot_runs/divergence/ot_glm_sweep_coarse_n64_mixed_glm_ch1_sub2_cd0p2_mixed_glm.csv
orszag_tang,hyperbolic_glm,64,finished,2.0,nan,nan,2,4.42381,nan,0.00680369,0.00680369,0.00017009225000000003,0.111328,0.107816,4.13246e-15,0.62446,results/mhd_runner/glm_sweep/ot_runs/divergence/ot_glm_sweep_coarse_n64_hyperbolic_glm_ch2_sub2_unused_hyperbolic_glm.csv
orszag_tang,hyperbolic_glm,64,finished,2.0,nan,nan,4,4.42381,nan,0.00680303,0.00680303,0.00017007575,0.111322,0.107816,4.13246e-15,0.638592,results/mhd_runner/glm_sweep/ot_runs/divergence/ot_glm_sweep_coarse_n64_hyperbolic_glm_ch2_sub4_unused_hyperbolic_glm.csv
orszag_tang,hyperbolic_glm,64,finished,2.0,nan,nan,1,4.42381,nan,0.0068051,0.0068051,0.00017012750000000001,0.11134,0.107816,4.13246e-15,0.700434,results/mhd_runner/glm_sweep/ot_runs/divergence/ot_glm_sweep_coarse_n64_hyperbolic_glm_ch2_sub1_unused_hyperbolic_glm.csv
orszag_tang,mixed_glm,64,finished,1.0,1.0,nan,8,2.21191,1.48725,0.00763508,0.00763508,0.000190877,0.126744,0.107709,4.13246e-15,0.801627,results/mhd_runner/glm_sweep/ot_runs/divergence/ot_glm_sweep_coarse_n64_mixed_glm_ch1_sub8_cr1_mixed_glm.csv
orszag_tang,mixed_glm,64,finished,0.5,nan,0.03,8,1.10595,0.00504287,0.00750949,0.00750949,0.00018773725,0.124224,0.107578,4.13246e-15,0.832089,results/mhd_runner/glm_sweep/ot_runs/divergence/ot_glm_sweep_coarse_n64_mixed_glm_ch0p5_sub8_cd0p03_mixed_glm.csv
orszag_tang,mixed_glm,128,finished,1.0,0.03,nan,1,2.21419,0.257732,0.0022513,0.0022513,5.62825e-05,0.0607883,0.107675,-4.13246e-15,4.74353,results/mhd_runner/glm_sweep/ot_runs/divergence/ot_glm_sweep_coarse_n128_mixed_glm_ch1_sub1_cr0p03_mixed_glm.csv
orszag_tang,mixed_glm,128,finished,1.0,0.03,nan,2,2.21419,0.257732,0.00225083,0.00225083,5.627075000000001e-05,0.0607626,0.107675,-4.13246e-15,5.2505,results/mhd_runner/glm_sweep/ot_runs/divergence/ot_glm_sweep_coarse_n128_mixed_glm_ch1_sub2_cr0p03_mixed_glm.csv
orszag_tang,mixed_glm,128,finished,0.5,nan,0.8,4,1.1071,0.0305582,0.00197527,0.00197527,4.938175e-05,0.0513703,0.107596,-4.13246e-15,5.79695,results/mhd_runner/glm_sweep/ot_runs/divergence/ot_glm_sweep_coarse_n128_mixed_glm_ch0p5_sub4_cd0p8_mixed_glm.csv
orszag_tang,mixed_glm,64,finished,0.5,nan,0.05,1,1.10595,0.0154318,0.00752098,0.00752098,0.00018802450000000002,0.124378,0.107578,4.2914e-15,0.595186,results/mhd_runner/glm_sweep/ot_runs/divergence/ot_glm_sweep_coarse_n64_mixed_glm_ch0p5_sub1_cd0p05_mixed_glm.csv
orszag_tang,mixed_glm,64,finished,2.0,0.1,nan,4,4.42381,0.665117,0.00785597,0.00785597,0.00019639925000000002,0.129055,0.107901,4.2914e-15,0.637757,results/mhd_runner/glm_sweep/ot_runs/divergence/ot_glm_sweep_coarse_n64_mixed_glm_ch2_sub4_cr0p1_mixed_glm.csv
orszag_tang,mixed_glm,64,finished,0.5,nan,0.5,4,1.10595,0.0160405,0.00748845,0.00748845,0.00018721125,0.12394,0.107577,4.2914e-15,0.649568,results/mhd_runner/glm_sweep/ot_runs/divergence/ot_glm_sweep_coarse_n64_mixed_glm_ch0p5_sub4_cd0p5_mixed_glm.csv
orszag_tang,mixed_glm,64,finished,2.0,0.1,nan,2,4.42381,0.665117,0.0078568,0.0078568,0.00019642000000000002,0.129061,0.107901,4.2914e-15,0.683731,results/mhd_runner/glm_sweep/ot_runs/divergence/ot_glm_sweep_coarse_n64_mixed_glm_ch2_sub2_cr0p1_mixed_glm.csv
orszag_tang,mixed_glm,64,finished,2.0,0.1,nan,1,4.42381,0.665117,0.00785851,0.00785851,0.00019646275000000004,0.129071,0.107901,4.2914e-15,0.687643,results/mhd_runner/glm_sweep/ot_runs/divergence/ot_glm_sweep_coarse_n64_mixed_glm_ch2_sub1_cr0p1_mixed_glm.csv
orszag_tang,mixed_glm,64,finished,4.0,nan,0.2,8,8.84763,0.0593707,0.0180209,0.0180209,0.00045052250000000003,0.273229,0.108555,4.2914e-15,0.762404,results/mhd_runner/glm_sweep/ot_runs/divergence/ot_glm_sweep_coarse_n64_mixed_glm_ch4_sub8_cd0p2_mixed_glm.csv
orszag_tang,mixed_glm,64,finished,4.0,nan,0.2,2,8.84763,0.118741,0.0179998,0.0179998,0.000449995,0.272747,0.108554,4.2914e-15,0.768847,results/mhd_runner/glm_sweep/ot_runs/divergence/ot_glm_sweep_coarse_n64_mixed_glm_ch4_sub2_cd0p2_mixed_glm.csv
orszag_tang,mixed_glm,64,finished,4.0,nan,0.2,4,8.84763,0.0839629,0.0180112,0.0180112,0.00045028000000000006,0.273009,0.108555,4.2914e-15,0.770794,results/mhd_runner/glm_sweep/ot_runs/divergence/ot_glm_sweep_coarse_n64_mixed_glm_ch4_sub4_cd0p2_mixed_glm.csv
orszag_tang,mixed_glm,64,finished,4.0,nan,0.8,4,8.84763,0.22536,0.0131573,0.0131573,0.00032893250000000005,0.190987,0.108449,4.2914e-15,0.792672,results/mhd_runner/glm_sweep/ot_runs/divergence/ot_glm_sweep_coarse_n64_mixed_glm_ch4_sub4_cd0p8_mixed_glm.csv
orszag_tang,mixed_glm,64,finished,4.0,nan,0.2,1,8.84763,0.118741,0.0179998,0.0179998,0.000449995,0.272747,0.108554,4.2914e-15,0.796418,results/mhd_runner/glm_sweep/ot_runs/divergence/ot_glm_sweep_coarse_n64_mixed_glm_ch4_sub1_cd0p2_mixed_glm.csv
orszag_tang,mixed_glm,64,finished,4.0,nan,0.8,2,8.84763,0.318707,0.0131174,0.0131174,0.000327935,0.190065,0.108448,4.2914e-15,0.801152,results/mhd_runner/glm_sweep/ot_runs/divergence/ot_glm_sweep_coarse_n64_mixed_glm_ch4_sub2_cd0p8_mixed_glm.csv
orszag_tang,mixed_glm,64,finished,4.0,nan,0.8,8,8.84763,0.159353,0.0132259,0.0132259,0.00033064750000000006,0.192559,0.10845,4.2914e-15,0.815287,results/mhd_runner/glm_sweep/ot_runs/divergence/ot_glm_sweep_coarse_n64_mixed_glm_ch4_sub8_cd0p8_mixed_glm.csv
orszag_tang,mixed_glm,64,finished,4.0,nan,0.8,1,8.84763,0.318707,0.0131174,0.0131174,0.000327935,0.190065,0.108448,4.2914e-15,0.842824,results/mhd_runner/glm_sweep/ot_runs/divergence/ot_glm_sweep_coarse_n64_mixed_glm_ch4_sub1_cd0p8_mixed_glm.csv
orszag_tang,hyperbolic_glm,128,finished,2.0,nan,nan,8,4.42838,nan,0.00186617,0.00186617,4.665425e-05,0.051175,0.107706,-4.2914e-15,6.20907,results/mhd_runner/glm_sweep/ot_runs/divergence/ot_glm_sweep_coarse_n128_hyperbolic_glm_ch2_sub8_unused_hyperbolic_glm.csv
orszag_tang,mixed_glm,64,finished,1.0,0.3,nan,1,2.21191,0.814599,0.00775646,0.00775646,0.00019391150000000002,0.128772,0.107715,4.45034e-15,0.605733,results/mhd_runner/glm_sweep/ot_runs/divergence/ot_glm_sweep_coarse_n64_mixed_glm_ch1_sub1_cr0p3_mixed_glm.csv
orszag_tang,mixed_glm,64,finished,1.0,0.3,nan,2,2.21191,0.814599,0.0077555,0.0077555,0.00019388750000000002,0.128763,0.107715,4.45034e-15,0.609127,results/mhd_runner/glm_sweep/ot_runs/divergence/ot_glm_sweep_coarse_n64_mixed_glm_ch1_sub2_cr0p3_mixed_glm.csv
orszag_tang,mixed_glm,64,finished,1.0,0.18,nan,4,2.21191,0.630986,0.00775614,0.00775614,0.0001939035,0.12882,0.107715,4.45034e-15,0.665483,results/mhd_runner/glm_sweep/ot_runs/divergence/ot_glm_sweep_coarse_n64_mixed_glm_ch1_sub4_cr0p18_mixed_glm.csv
orszag_tang,mixed_glm,64,finished,0.5,0.01,nan,8,1.10595,0.105164,0.0073446,0.0073446,0.000183615,0.121434,0.107573,4.45034e-15,0.831652,results/mhd_runner/glm_sweep/ot_runs/divergence/ot_glm_sweep_coarse_n64_mixed_glm_ch0p5_sub8_cr0p01_mixed_glm.csv
orszag_tang,mixed_glm,64,finished,16.0,nan,0.8,1,35.3905,0.670294,0.0142768,0.0142768,0.00035692,0.181122,0.109313,4.45034e-15,1.48838,results/mhd_runner/glm_sweep/ot_runs/divergence/ot_glm_sweep_coarse_n64_mixed_glm_ch16_sub1_cd0p8_mixed_glm.csv
orszag_tang,mixed_glm,64,finished,16.0,nan,0.8,4,35.3905,0.670294,0.0142768,0.0142768,0.00035692,0.181122,0.109313,4.45034e-15,1.5625,results/mhd_runner/glm_sweep/ot_runs/divergence/ot_glm_sweep_coarse_n64_mixed_glm_ch16_sub4_cd0p8_mixed_glm.csv
orszag_tang,mixed_glm,64,finished,16.0,nan,0.8,2,35.3905,0.670294,0.0142768,0.0142768,0.00035692,0.181122,0.109313,4.45034e-15,1.58954,results/mhd_runner/glm_sweep/ot_runs/divergence/ot_glm_sweep_coarse_n64_mixed_glm_ch16_sub2_cd0p8_mixed_glm.csv
orszag_tang,mixed_glm,64,finished,16.0,nan,0.8,8,35.3905,0.627003,0.0143377,0.0143377,0.0003584425,0.181858,0.109314,4.45034e-15,1.65456,results/mhd_runner/glm_sweep/ot_runs/divergence/ot_glm_sweep_coarse_n64_mixed_glm_ch16_sub8_cd0p8_mixed_glm.csv
orszag_tang,mixed_glm,128,finished,2.0,0.3,nan,2,4.42838,1.15261,0.00198371,0.00198371,4.959275000000001e-05,0.0547413,0.107725,-4.45034e-15,5.1932,results/mhd_runner/glm_sweep/ot_runs/divergence/ot_glm_sweep_coarse_n128_mixed_glm_ch2_sub2_cr0p3_mixed_glm.csv
orszag_tang,mixed_glm,128,finished,2.0,0.3,nan,4,4.42838,1.15261,0.00198322,0.00198322,4.9580500000000004e-05,0.0547336,0.107725,-4.45034e-15,5.22044,results/mhd_runner/glm_sweep/ot_runs/divergence/ot_glm_sweep_coarse_n128_mixed_glm_ch2_sub4_cr0p3_mixed_glm.csv
orszag_tang,mixed_glm,128,finished,2.0,0.3,nan,1,4.42838,1.15261,0.00198371,0.00198371,4.959275000000001e-05,0.0547413,0.107725,-4.45034e-15,5.49208,results/mhd_runner/glm_sweep/ot_runs/divergence/ot_glm_sweep_coarse_n128_mixed_glm_ch2_sub1_cr0p3_mixed_glm.csv
orszag_tang,mixed_glm,128,finished,4.0,0.18,nan,1,8.85677,1.26262,0.00168851,0.00168851,4.221275000000001e-05,0.0476906,0.107802,-4.45034e-15,6.19591,results/mhd_runner/glm_sweep/ot_runs/divergence/ot_glm_sweep_coarse_n128_mixed_glm_ch4_sub1_cr0p18_mixed_glm.csv
orszag_tang,mixed_glm,128,finished,4.0,0.18,nan,2,8.85677,1.26262,0.00168851,0.00168851,4.221275000000001e-05,0.0476906,0.107802,-4.45034e-15,6.23527,results/mhd_runner/glm_sweep/ot_runs/divergence/ot_glm_sweep_coarse_n128_mixed_glm_ch4_sub2_cr0p18_mixed_glm.csv
orszag_tang,mixed_glm,128,finished,4.0,0.18,nan,4,8.85677,1.26262,0.00168851,0.00168851,4.221275000000001e-05,0.0476906,0.107802,-4.45034e-15,6.29415,results/mhd_runner/glm_sweep/ot_runs/divergence/ot_glm_sweep_coarse_n128_mixed_glm_ch4_sub4_cr0p18_mixed_glm.csv
orszag_tang,mixed_glm,128,finished,4.0,0.18,nan,8,8.85677,1.26262,0.00168825,0.00168825,4.2206250000000006e-05,0.0476864,0.107802,-4.45034e-15,6.87449,results/mhd_runner/glm_sweep/ot_runs/divergence/ot_glm_sweep_coarse_n128_mixed_glm_ch4_sub8_cr0p18_mixed_glm.csv
orszag_tang,mixed_glm,64,finished,0.5,0.18,nan,2,1.10595,0.446174,0.00723683,0.00723683,0.00018092075,0.118924,0.107568,4.60928e-15,0.565689,results/mhd_runner/glm_sweep/ot_runs/divergence/ot_glm_sweep_coarse_n64_mixed_glm_ch0p5_sub2_cr0p18_mixed_glm.csv
orszag_tang,mixed_glm,64,finished,0.5,nan,0.8,1,1.10595,0.0565408,0.00737223,0.00737223,0.00018430575,0.121781,0.107573,4.60928e-15,0.572971,results/mhd_runner/glm_sweep/ot_runs/divergence/ot_glm_sweep_coarse_n64_mixed_glm_ch0p5_sub1_cd0p8_mixed_glm.csv
orszag_tang,mixed_glm,64,finished,1.0,0.1,nan,1,2.21191,0.470309,0.00789384,0.00789384,0.000197346,0.131091,0.107722,4.60928e-15,0.585198,results/mhd_runner/glm_sweep/ot_runs/divergence/ot_glm_sweep_coarse_n64_mixed_glm_ch1_sub1_cr0p1_mixed_glm.csv
orszag_tang,mixed_glm,64,finished,1.0,0.1,nan,2,2.21191,0.470309,0.0078929,0.0078929,0.0001973225,0.131082,0.107722,4.60928e-15,0.597893,results/mhd_runner/glm_sweep/ot_runs/divergence/ot_glm_sweep_coarse_n64_mixed_glm_ch1_sub2_cr0p1_mixed_glm.csv
orszag_tang,mixed_glm,64,finished,1.0,nan,0.8,4,2.21191,0.0565105,0.00877791,0.00877791,0.00021944775,0.144844,0.107752,4.60928e-15,0.645475,results/mhd_runner/glm_sweep/ot_runs/divergence/ot_glm_sweep_coarse_n64_mixed_glm_ch1_sub4_cd0p8_mixed_glm.csv
orszag_tang,mixed_glm,64,finished,0.5,0.01,nan,4,1.10595,0.105164,0.00735183,0.00735183,0.00018379575,0.121554,0.107573,4.60928e-15,0.658297,results/mhd_runner/glm_sweep/ot_runs/divergence/ot_glm_sweep_coarse_n64_mixed_glm_ch0p5_sub4_cr0p01_mixed_glm.csv
orszag_tang,mixed_glm,64,finished,0.5,nan,0.01,8,1.10595,0.00440043,0.00750976,0.00750976,0.000187744,0.124227,0.107578,4.60928e-15,0.749302,results/mhd_runner/glm_sweep/ot_runs/divergence/ot_glm_sweep_coarse_n64_mixed_glm_ch0p5_sub8_cd0p01_mixed_glm.csv
orszag_tang,mixed_glm,64,finished,4.0,0.05,nan,2,8.84763,0.665117,0.00841278,0.00841278,0.0002103195,0.13036,0.108211,4.60928e-15,0.761186,results/mhd_runner/glm_sweep/ot_runs/divergence/ot_glm_sweep_coarse_n64_mixed_glm_ch4_sub2_cr0p05_mixed_glm.csv
orszag_tang,mixed_glm,64,finished,4.0,0.05,nan,8,8.84763,0.665117,0.00841057,0.00841057,0.00021026425,0.130349,0.108211,4.60928e-15,0.777219,results/mhd_runner/glm_sweep/ot_runs/divergence/ot_glm_sweep_coarse_n64_mixed_glm_ch4_sub8_cr0p05_mixed_glm.csv
orszag_tang,mixed_glm,64,finished,4.0,0.05,nan,4,8.84763,0.665117,0.00841132,0.00841132,0.00021028300000000002,0.130353,0.108211,4.60928e-15,0.804457,results/mhd_runner/glm_sweep/ot_runs/divergence/ot_glm_sweep_coarse_n64_mixed_glm_ch4_sub4_cr0p05_mixed_glm.csv
orszag_tang,mixed_glm,64,finished,4.0,0.05,nan,1,8.84763,0.665117,0.00841278,0.00841278,0.0002103195,0.13036,0.108211,4.60928e-15,0.822225,results/mhd_runner/glm_sweep/ot_runs/divergence/ot_glm_sweep_coarse_n64_mixed_glm_ch4_sub1_cr0p05_mixed_glm.csv
orszag_tang,mixed_glm,64,finished,0.5,0.03,nan,2,1.10595,0.18215,0.00729085,0.00729085,0.00018227125,0.120182,0.10757,4.76823e-15,0.590028,results/mhd_runner/glm_sweep/ot_runs/divergence/ot_glm_sweep_coarse_n64_mixed_glm_ch0p5_sub2_cr0p03_mixed_glm.csv
orszag_tang,mixed_glm,64,finished,2.0,nan,0.03,1,4.42381,0.056979,0.0127893,0.0127893,0.00031973250000000004,0.212443,0.108101,4.76823e-15,0.62562,results/mhd_runner/glm_sweep/ot_runs/divergence/ot_glm_sweep_coarse_n64_mixed_glm_ch2_sub1_cd0p03_mixed_glm.csv
orszag_tang,mixed_glm,64,finished,2.0,nan,0.03,2,4.42381,0.0402902,0.0127881,0.0127881,0.0003197025,0.212425,0.108101,4.76823e-15,0.660437,results/mhd_runner/glm_sweep/ot_runs/divergence/ot_glm_sweep_coarse_n64_mixed_glm_ch2_sub2_cd0p03_mixed_glm.csv
orszag_tang,mixed_glm,64,finished,2.0,nan,0.03,4,4.42381,0.0284895,0.0127879,0.0127879,0.00031969750000000003,0.212425,0.108101,4.76823e-15,0.668957,results/mhd_runner/glm_sweep/ot_runs/divergence/ot_glm_sweep_coarse_n64_mixed_glm_ch2_sub4_cd0p03_mixed_glm.csv
orszag_tang,mixed_glm,64,finished,4.0,nan,0.01,1,8.84763,0.0702012,0.0185429,0.0185429,0.00046357250000000005,0.282485,0.108564,4.76823e-15,0.755454,results/mhd_runner/glm_sweep/ot_runs/divergence/ot_glm_sweep_coarse_n64_mixed_glm_ch4_sub1_cd0p01_mixed_glm.csv
orszag_tang,mixed_glm,64,finished,4.0,nan,0.01,2,8.84763,0.0702012,0.0185429,0.0185429,0.00046357250000000005,0.282485,0.108564,4.76823e-15,0.760585,results/mhd_runner/glm_sweep/ot_runs/divergence/ot_glm_sweep_coarse_n64_mixed_glm_ch4_sub2_cd0p01_mixed_glm.csv
orszag_tang,mixed_glm,64,finished,4.0,nan,0.01,4,8.84763,0.0496398,0.0185416,0.0185416,0.00046353999999999997,0.282464,0.108564,4.76823e-15,0.768414,results/mhd_runner/glm_sweep/ot_runs/divergence/ot_glm_sweep_coarse_n64_mixed_glm_ch4_sub4_cd0p01_mixed_glm.csv
orszag_tang,mixed_glm,64,finished,0.5,nan,0.5,8,1.10595,0.0113424,0.00749733,0.00749733,0.00018743325,0.124064,0.107577,4.76823e-15,0.795496,results/mhd_runner/glm_sweep/ot_runs/divergence/ot_glm_sweep_coarse_n64_mixed_glm_ch0p5_sub8_cd0p5_mixed_glm.csv
orszag_tang,mixed_glm,64,finished,4.0,nan,0.01,8,8.84763,0.0351006,0.0185412,0.0185412,0.00046353000000000003,0.282456,0.108564,4.76823e-15,0.829986,results/mhd_runner/glm_sweep/ot_runs/divergence/ot_glm_sweep_coarse_n64_mixed_glm_ch4_sub8_cd0p01_mixed_glm.csv
orszag_tang,mixed_glm,64,finished,16.0,nan,0.2,1,35.3905,0.251061,0.030294,0.030294,0.0007573500000000001,0.347385,0.109588,4.76823e-15,1.4907,results/mhd_runner/glm_sweep/ot_runs/divergence/ot_glm_sweep_coarse_n64_mixed_glm_ch16_sub1_cd0p2_mixed_glm.csv
orszag_tang,mixed_glm,64,finished,16.0,nan,0.2,8,35.3905,0.234846,0.0303103,0.0303103,0.0007577575,0.347629,0.109588,4.76823e-15,1.52667,results/mhd_runner/glm_sweep/ot_runs/divergence/ot_glm_sweep_coarse_n64_mixed_glm_ch16_sub8_cd0p2_mixed_glm.csv
orszag_tang,mixed_glm,64,finished,16.0,nan,0.2,4,35.3905,0.251061,0.030294,0.030294,0.0007573500000000001,0.347385,0.109588,4.76823e-15,1.53711,results/mhd_runner/glm_sweep/ot_runs/divergence/ot_glm_sweep_coarse_n64_mixed_glm_ch16_sub4_cd0p2_mixed_glm.csv
orszag_tang,mixed_glm,64,finished,16.0,nan,0.2,2,35.3905,0.251061,0.030294,0.030294,0.0007573500000000001,0.347385,0.109588,4.76823e-15,1.57808,results/mhd_runner/glm_sweep/ot_runs/divergence/ot_glm_sweep_coarse_n64_mixed_glm_ch16_sub2_cd0p2_mixed_glm.csv
orszag_tang,mixed_glm,128,finished,1.0,0.05,nan,8,2.21419,0.332731,0.00218483,0.00218483,5.462075e-05,0.0589409,0.107671,-4.76823e-15,6.27979,results/mhd_runner/glm_sweep/ot_runs/divergence/ot_glm_sweep_coarse_n128_mixed_glm_ch1_sub8_cr0p05_mixed_glm.csv
orszag_tang,mixed_glm,64,finished,0.5,1.0,nan,1,1.10595,1.05164,0.00725394,0.00725394,0.00018134850000000002,0.119101,0.107568,4.92717e-15,0.56779,results/mhd_runner/glm_sweep/ot_runs/divergence/ot_glm_sweep_coarse_n64_mixed_glm_ch0p5_sub1_cr1_mixed_glm.csv
orszag_tang,mixed_glm,64,finished,1.0,0.05,nan,2,2.21191,0.332559,0.00806129,0.00806129,0.00020153225,0.133851,0.107729,4.92717e-15,0.570528,results/mhd_runner/glm_sweep/ot_runs/divergence/ot_glm_sweep_coarse_n64_mixed_glm_ch1_sub2_cr0p05_mixed_glm.csv
orszag_tang,mixed_glm,64,finished,0.5,nan,0.2,2,1.10595,0.0148871,0.00750481,0.00750481,0.00018762025,0.124165,0.107577,4.92717e-15,0.613998,results/mhd_runner/glm_sweep/ot_runs/divergence/ot_glm_sweep_coarse_n64_mixed_glm_ch0p5_sub2_cd0p2_mixed_glm.csv
orszag_tang,mixed_glm,64,finished,2.0,0.01,nan,1,4.42381,0.210329,0.010987,0.010987,0.000274675,0.174416,0.108056,4.92717e-15,0.625379,results/mhd_runner/glm_sweep/ot_runs/divergence/ot_glm_sweep_coarse_n64_mixed_glm_ch2_sub1_cr0p01_mixed_glm.csv
orszag_tang,mixed_glm,64,finished,2.0,0.01,nan,4,4.42381,0.210329,0.0109828,0.0109828,0.00027456999999999997,0.174311,0.108056,4.92717e-15,0.637848,results/mhd_runner/glm_sweep/ot_runs/divergence/ot_glm_sweep_coarse_n64_mixed_glm_ch2_sub4_cr0p01_mixed_glm.csv
orszag_tang,mixed_glm,64,finished,1.0,0.05,nan,1,2.21191,0.332559,0.00806219,0.00806219,0.00020155475000000001,0.133859,0.107729,4.92717e-15,0.638627,results/mhd_runner/glm_sweep/ot_runs/divergence/ot_glm_sweep_coarse_n64_mixed_glm_ch1_sub1_cr0p05_mixed_glm.csv
orszag_tang,mixed_glm,64,finished,2.0,0.01,nan,2,4.42381,0.210329,0.0109844,0.0109844,0.00027461,0.174353,0.108056,4.92717e-15,0.644408,results/mhd_runner/glm_sweep/ot_runs/divergence/ot_glm_sweep_coarse_n64_mixed_glm_ch2_sub2_cr0p01_mixed_glm.csv
orszag_tang,mixed_glm,64,finished,0.5,nan,0.8,8,1.10595,0.0199903,0.00746485,0.00746485,0.00018662125000000002,0.123593,0.107576,4.92717e-15,0.754829,results/mhd_runner/glm_sweep/ot_runs/divergence/ot_glm_sweep_coarse_n64_mixed_glm_ch0p5_sub8_cd0p8_mixed_glm.csv
orszag_tang,mixed_glm,64,finished,0.5,nan,0.1,8,1.10595,0.00622315,0.00750845,0.00750845,0.00018771125,0.124211,0.107578,4.92717e-15,0.757606,results/mhd_runner/glm_sweep/ot_runs/divergence/ot_glm_sweep_coarse_n64_mixed_glm_ch0p5_sub8_cd0p1_mixed_glm.csv
orszag_tang,mixed_glm,128,finished,0.5,0.01,nan,1,1.1071,0.105219,0.00194742,0.00194742,4.868550000000001e-05,0.0509867,0.107596,-4.92717e-15,4.93631,results/mhd_runner/glm_sweep/ot_runs/divergence/ot_glm_sweep_coarse_n128_mixed_glm_ch0p5_sub1_cr0p01_mixed_glm.csv
orszag_tang,mixed_glm,128,finished,1.0,1.0,nan,4,2.21419,1.48802,0.00208755,0.00208755,5.218875000000001e-05,0.056307,0.107663,-4.92717e-15,5.26311,results/mhd_runner/glm_sweep/ot_runs/divergence/ot_glm_sweep_coarse_n128_mixed_glm_ch1_sub4_cr1_mixed_glm.csv
orszag_tang,mixed_glm,128,finished,8.0,nan,0.03,2,17.7135,0.0869981,0.00976801,0.00976801,0.00024420025,0.264661,0.108629,-4.92717e-15,8.1744,results/mhd_runner/glm_sweep/ot_runs/divergence/ot_glm_sweep_coarse_n128_mixed_glm_ch8_sub2_cd0p03_mixed_glm.csv
orszag_tang,mixed_glm,128,finished,8.0,nan,0.03,1,17.7135,0.0869981,0.00976801,0.00976801,0.00024420025,0.264661,0.108629,-4.92717e-15,8.59803,results/mhd_runner/glm_sweep/ot_runs/divergence/ot_glm_sweep_coarse_n128_mixed_glm_ch8_sub1_cd0p03_mixed_glm.csv
orszag_tang,mixed_glm,128,finished,8.0,nan,0.03,4,17.7135,0.0869981,0.00976801,0.00976801,0.00024420025,0.264661,0.108629,-4.92717e-15,9.03269,results/mhd_runner/glm_sweep/ot_runs/divergence/ot_glm_sweep_coarse_n128_mixed_glm_ch8_sub4_cd0p03_mixed_glm.csv
orszag_tang,mixed_glm,128,finished,8.0,nan,0.03,8,17.7135,0.0869981,0.00976801,0.00976801,0.00024420025,0.264661,0.108629,-4.92717e-15,9.08019,results/mhd_runner/glm_sweep/ot_runs/divergence/ot_glm_sweep_coarse_n128_mixed_glm_ch8_sub8_cd0p03_mixed_glm.csv
orszag_tang,mixed_glm,128,finished,16.0,nan,0.2,2,35.4271,0.181071,0.0134524,0.0134524,0.00033631000000000004,0.318785,0.10916,-4.92717e-15,12.0384,results/mhd_runner/glm_sweep/ot_runs/divergence/ot_glm_sweep_coarse_n128_mixed_glm_ch16_sub2_cd0p2_mixed_glm.csv
orszag_tang,mixed_glm,128,finished,16.0,nan,0.2,1,35.4271,0.181071,0.0134524,0.0134524,0.00033631000000000004,0.318785,0.10916,-4.92717e-15,12.0481,results/mhd_runner/glm_sweep/ot_runs/divergence/ot_glm_sweep_coarse_n128_mixed_glm_ch16_sub1_cd0p2_mixed_glm.csv
orszag_tang,mixed_glm,128,finished,16.0,nan,0.2,4,35.4271,0.181071,0.0134524,0.0134524,0.00033631000000000004,0.318785,0.10916,-4.92717e-15,12.1241,results/mhd_runner/glm_sweep/ot_runs/divergence/ot_glm_sweep_coarse_n128_mixed_glm_ch16_sub4_cd0p2_mixed_glm.csv
orszag_tang,mixed_glm,128,finished,16.0,nan,0.2,8,35.4271,0.181071,0.0134524,0.0134524,0.00033631000000000004,0.318785,0.10916,-4.92717e-15,13.4945,results/mhd_runner/glm_sweep/ot_runs/divergence/ot_glm_sweep_coarse_n128_mixed_glm_ch16_sub8_cd0p2_mixed_glm.csv
orszag_tang,mixed_glm,64,finished,1.0,nan,0.2,4,2.21191,0.0210443,0.00919567,0.00919567,0.00022989175,0.154556,0.107761,5.08611e-15,0.673775,results/mhd_runner/glm_sweep/ot_runs/divergence/ot_glm_sweep_coarse_n64_mixed_glm_ch1_sub4_cd0p2_mixed_glm.csv
orszag_tang,mixed_glm,64,finished,0.5,0.3,nan,8,1.10595,0.576009,0.00721124,0.00721124,0.00018028100000000002,0.118458,0.107567,5.08611e-15,0.774143,results/mhd_runner/glm_sweep/ot_runs/divergence/ot_glm_sweep_coarse_n64_mixed_glm_ch0p5_sub8_cr0p3_mixed_glm.csv
orszag_tang,mixed_glm,128,finished,1.0,0.5,nan,2,2.21419,1.05219,0.00210273,0.00210273,5.2568250000000006e-05,0.0567267,0.107664,-5.08611e-15,4.74621,results/mhd_runner/glm_sweep/ot_runs/divergence/ot_glm_sweep_coarse_n128_mixed_glm_ch1_sub2_cr0p5_mixed_glm.csv
orszag_tang,mixed_glm,128,finished,1.0,1.0,nan,1,2.21419,1.48802,0.00209661,0.00209661,5.241525e-05,0.0565522,0.107663,-5.08611e-15,4.75392,results/mhd_runner/glm_sweep/ot_runs/divergence/ot_glm_sweep_coarse_n128_mixed_glm_ch1_sub1_cr1_mixed_glm.csv
orszag_tang,mixed_glm,128,finished,1.0,0.5,nan,1,2.21419,1.05219,0.00210328,0.00210328,5.2582e-05,0.0567368,0.107664,-5.08611e-15,4.76213,results/mhd_runner/glm_sweep/ot_runs/divergence/ot_glm_sweep_coarse_n128_mixed_glm_ch1_sub1_cr0p5_mixed_glm.csv
orszag_tang,mixed_glm,128,finished,1.0,1.0,nan,2,2.21419,1.48802,0.00209606,0.00209606,5.2401499999999996e-05,0.0565419,0.107663,-5.08611e-15,5.18765,results/mhd_runner/glm_sweep/ot_runs/divergence/ot_glm_sweep_coarse_n128_mixed_glm_ch1_sub2_cr1_mixed_glm.csv
orszag_tang,mixed_glm,128,finished,0.5,1.0,nan,4,1.1071,1.05219,0.00190401,0.00190401,4.760025e-05,0.049806,0.107594,-5.08611e-15,5.51928,results/mhd_runner/glm_sweep/ot_runs/divergence/ot_glm_sweep_coarse_n128_mixed_glm_ch0p5_sub4_cr1_mixed_glm.csv
orszag_tang,mixed_glm,64,finished,0.5,nan,0.1,4,1.10595,0.00880087,0.00750926,0.00750926,0.00018773150000000002,0.124223,0.107578,5.24505e-15,0.676369,results/mhd_runner/glm_sweep/ot_runs/divergence/ot_glm_sweep_coarse_n64_mixed_glm_ch0p5_sub4_cd0p1_mixed_glm.csv
orszag_tang,mixed_glm,64,finished,0.5,1.0,nan,4,1.10595,1.05164,0.0072122,0.0072122,0.00018030500000000002,0.118432,0.107567,5.24505e-15,0.711338,results/mhd_runner/glm_sweep/ot_runs/divergence/ot_glm_sweep_coarse_n64_mixed_glm_ch0p5_sub4_cr1_mixed_glm.csv
orszag_tang,hyperbolic_glm,64,finished,1.0,nan,nan,8,2.21191,nan,0.00761188,0.00761188,0.000190297,0.126336,0.107707,5.24505e-15,0.716539,results/mhd_runner/glm_sweep/ot_runs/divergence/ot_glm_sweep_coarse_n64_hyperbolic_glm_ch1_sub8_unused_hyperbolic_glm.csv
orszag_tang,mixed_glm,128,finished,0.5,nan,0.01,4,1.1071,0.00672654,0.00198991,0.00198991,4.974775000000001e-05,0.0518352,0.107595,-5.40399e-15,5.26555,results/mhd_runner/glm_sweep/ot_runs/divergence/ot_glm_sweep_coarse_n128_mixed_glm_ch0p5_sub4_cd0p01_mixed_glm.csv
orszag_tang,mixed_glm,128,finished,1.0,0.05,nan,4,2.21419,0.332731,0.00218969,0.00218969,5.474225000000001e-05,0.0590701,0.107671,-5.40399e-15,5.27808,results/mhd_runner/glm_sweep/ot_runs/divergence/ot_glm_sweep_coarse_n128_mixed_glm_ch1_sub4_cr0p05_mixed_glm.csv
orszag_tang,mixed_glm,64,finished,1.0,nan,0.05,4,2.21191,0.015425,0.00922674,0.00922674,0.00023066850000000002,0.155424,0.107761,5.56293e-15,0.707105,results/mhd_runner/glm_sweep/ot_runs/divergence/ot_glm_sweep_coarse_n64_mixed_glm_ch1_sub4_cd0p05_mixed_glm.csv
orszag_tang,mixed_glm,128,finished,1.0,nan,0.03,8,2.21419,0.0108993,0.0025993,0.0025993,6.49825e-05,0.0781626,0.107688,-5.56293e-15,6.32685,results/mhd_runner/glm_sweep/ot_runs/divergence/ot_glm_sweep_coarse_n128_mixed_glm_ch1_sub8_cd0p03_mixed_glm.csv
orszag_tang,mixed_glm,64,finished,1.0,1.0,nan,4,2.21191,1.48725,0.00765652,0.00765652,0.000191413,0.127097,0.10771,5.72187e-15,0.642635,results/mhd_runner/glm_sweep/ot_runs/divergence/ot_glm_sweep_coarse_n64_mixed_glm_ch1_sub4_cr1_mixed_glm.csv
orszag_tang,mixed_glm,64,finished,1.0,nan,0.01,8,2.21191,0.00879707,0.00922455,0.00922455,0.00023061375,0.155408,0.107761,5.72187e-15,0.832807,results/mhd_runner/glm_sweep/ot_runs/divergence/ot_glm_sweep_coarse_n64_mixed_glm_ch1_sub8_cd0p01_mixed_glm.csv
orszag_tang,mixed_glm,128,finished,0.5,0.5,nan,4,1.1071,0.744008,0.00190463,0.00190463,4.761575e-05,0.0498243,0.107594,-5.72187e-15,5.26313,results/mhd_runner/glm_sweep/ot_runs/divergence/ot_glm_sweep_coarse_n128_mixed_glm_ch0p5_sub4_cr0p5_mixed_glm.csv
orszag_tang,mixed_glm,128,finished,1.0,0.03,nan,4,2.21419,0.257732,0.00224018,0.00224018,5.60045e-05,0.0603814,0.107674,-5.72187e-15,5.83216,results/mhd_runner/glm_sweep/ot_runs/divergence/ot_glm_sweep_coarse_n128_mixed_glm_ch1_sub4_cr0p03_mixed_glm.csv
orszag_tang,hyperbolic_glm,128,finished,1.0,nan,nan,8,2.21419,nan,0.00207671,0.00207671,5.1917749999999996e-05,0.0560044,0.107662,-5.72187e-15,6.34414,results/mhd_runner/glm_sweep/ot_runs/divergence/ot_glm_sweep_coarse_n128_hyperbolic_glm_ch1_sub8_unused_hyperbolic_glm.csv
orszag_tang,mixed_glm,128,finished,0.5,nan,0.2,8,1.1071,0.00804569,0.00198914,0.00198914,4.97285e-05,0.0518088,0.107595,-5.72187e-15,6.61789,results/mhd_runner/glm_sweep/ot_runs/divergence/ot_glm_sweep_coarse_n128_mixed_glm_ch0p5_sub8_cd0p2_mixed_glm.csv
orszag_tang,mixed_glm,64,finished,0.5,nan,0.03,1,1.10595,0.0142635,0.00752282,0.00752282,0.00018807050000000001,0.124402,0.107578,5.88081e-15,0.545496,results/mhd_runner/glm_sweep/ot_runs/divergence/ot_glm_sweep_coarse_n64_mixed_glm_ch0p5_sub1_cd0p03_mixed_glm.csv
orszag_tang,mixed_glm,64,finished,2.0,nan,0.2,4,4.42381,0.0420503,0.0125927,0.0125927,0.0003148175,0.208216,0.108097,5.88081e-15,0.633136,results/mhd_runner/glm_sweep/ot_runs/divergence/ot_glm_sweep_coarse_n64_mixed_glm_ch2_sub4_cd0p2_mixed_glm.csv
orszag_tang,mixed_glm,64,finished,2.0,nan,0.2,1,4.42381,0.0841007,0.0125869,0.0125869,0.0003146725,0.208047,0.108097,5.88081e-15,0.642004,results/mhd_runner/glm_sweep/ot_runs/divergence/ot_glm_sweep_coarse_n64_mixed_glm_ch2_sub1_cd0p2_mixed_glm.csv
orszag_tang,mixed_glm,64,finished,2.0,nan,0.2,2,4.42381,0.0594681,0.0125887,0.0125887,0.0003147175,0.208105,0.108097,5.88081e-15,0.649258,results/mhd_runner/glm_sweep/ot_runs/divergence/ot_glm_sweep_coarse_n64_mixed_glm_ch2_sub2_cd0p2_mixed_glm.csv
orszag_tang,mixed_glm,64,finished,0.5,nan,0.05,8,1.10595,0.0054559,0.00750921,0.00750921,0.00018773025,0.12422,0.107578,5.88081e-15,0.789926,results/mhd_runner/glm_sweep/ot_runs/divergence/ot_glm_sweep_coarse_n64_mixed_glm_ch0p5_sub8_cd0p05_mixed_glm.csv
orszag_tang,mixed_glm,64,finished,16.0,nan,0.1,1,35.3905,0.209979,0.0315634,0.0315634,0.000789085,0.362164,0.109601,5.88081e-15,1.47934,results/mhd_runner/glm_sweep/ot_runs/divergence/ot_glm_sweep_coarse_n64_mixed_glm_ch16_sub1_cd0p1_mixed_glm.csv
orszag_tang,mixed_glm,64,finished,16.0,nan,0.1,8,35.3905,0.196417,0.031571,0.031571,0.0007892750000000001,0.362278,0.109602,5.88081e-15,1.59824,results/mhd_runner/glm_sweep/ot_runs/divergence/ot_glm_sweep_coarse_n64_mixed_glm_ch16_sub8_cd0p1_mixed_glm.csv
orszag_tang,mixed_glm,64,finished,16.0,nan,0.1,2,35.3905,0.209979,0.0315634,0.0315634,0.000789085,0.362164,0.109601,5.88081e-15,1.65032,results/mhd_runner/glm_sweep/ot_runs/divergence/ot_glm_sweep_coarse_n64_mixed_glm_ch16_sub2_cd0p1_mixed_glm.csv
orszag_tang,mixed_glm,64,finished,16.0,nan,0.1,4,35.3905,0.209979,0.0315634,0.0315634,0.000789085,0.362164,0.109601,5.88081e-15,1.68098,results/mhd_runner/glm_sweep/ot_runs/divergence/ot_glm_sweep_coarse_n64_mixed_glm_ch16_sub4_cd0p1_mixed_glm.csv
orszag_tang,mixed_glm,128,finished,0.5,0.3,nan,2,1.1071,0.576306,0.00190774,0.00190774,4.76935e-05,0.0499394,0.107594,-5.88081e-15,4.76524,results/mhd_runner/glm_sweep/ot_runs/divergence/ot_glm_sweep_coarse_n128_mixed_glm_ch0p5_sub2_cr0p3_mixed_glm.csv
orszag_tang,mixed_glm,128,finished,0.5,0.1,nan,2,1.1071,0.332731,0.00191162,0.00191162,4.77905e-05,0.0500505,0.107595,-5.88081e-15,4.99761,results/mhd_runner/glm_sweep/ot_runs/divergence/ot_glm_sweep_coarse_n128_mixed_glm_ch0p5_sub2_cr0p1_mixed_glm.csv
orszag_tang,mixed_glm,128,finished,2.0,0.05,nan,1,4.42838,0.470552,0.00241346,0.00241346,6.033650000000001e-05,0.06624,0.10778,-5.88081e-15,5.25139,results/mhd_runner/glm_sweep/ot_runs/divergence/ot_glm_sweep_coarse_n128_mixed_glm_ch2_sub1_cr0p05_mixed_glm.csv
orszag_tang,mixed_glm,128,finished,2.0,0.05,nan,4,4.42838,0.470552,0.00241286,0.00241286,6.032150000000001e-05,0.066232,0.10778,-5.88081e-15,5.27663,results/mhd_runner/glm_sweep/ot_runs/divergence/ot_glm_sweep_coarse_n128_mixed_glm_ch2_sub4_cr0p05_mixed_glm.csv
orszag_tang,mixed_glm,128,finished,2.0,0.05,nan,2,4.42838,0.470552,0.00241346,0.00241346,6.033650000000001e-05,0.06624,0.10778,-5.88081e-15,5.46909,results/mhd_runner/glm_sweep/ot_runs/divergence/ot_glm_sweep_coarse_n128_mixed_glm_ch2_sub2_cr0p05_mixed_glm.csv
orszag_tang,mixed_glm,64,finished,1.0,0.03,nan,2,2.21191,0.257599,0.00823475,0.00823475,0.00020586875000000004,0.136625,0.107736,6.03975e-15,0.580034,results/mhd_runner/glm_sweep/ot_runs/divergence/ot_glm_sweep_coarse_n64_mixed_glm_ch1_sub2_cr0p03_mixed_glm.csv
orszag_tang,mixed_glm,64,finished,1.0,0.03,nan,1,2.21191,0.257599,0.00823564,0.00823564,0.00020589100000000004,0.136632,0.107736,6.03975e-15,0.584658,results/mhd_runner/glm_sweep/ot_runs/divergence/ot_glm_sweep_coarse_n64_mixed_glm_ch1_sub1_cr0p03_mixed_glm.csv
orszag_tang,mixed_glm,64,finished,0.5,nan,0.05,4,1.10595,0.00771582,0.00751073,0.00751073,0.00018776825000000003,0.124242,0.107578,6.03975e-15,0.6476,results/mhd_runner/glm_sweep/ot_runs/divergence/ot_glm_sweep_coarse_n64_mixed_glm_ch0p5_sub4_cd0p05_mixed_glm.csv
orszag_tang,mixed_glm,64,finished,4.0,nan,0.1,2,8.84763,0.0992767,0.0183079,0.0183079,0.00045769749999999997,0.278257,0.10856,6.03975e-15,0.753462,results/mhd_runner/glm_sweep/ot_runs/divergence/ot_glm_sweep_coarse_n64_mixed_glm_ch4_sub2_cd0p1_mixed_glm.csv
orszag_tang,mixed_glm,64,finished,4.0,nan,0.1,1,8.84763,0.0992767,0.0183079,0.0183079,0.00045769749999999997,0.278257,0.10856,6.03975e-15,0.753627,results/mhd_runner/glm_sweep/ot_runs/divergence/ot_glm_sweep_coarse_n64_mixed_glm_ch4_sub1_cd0p1_mixed_glm.csv
orszag_tang,mixed_glm,64,finished,2.0,0.18,nan,8,4.42381,0.892349,0.00739614,0.00739614,0.0001849035,0.12177,0.107867,6.03975e-15,0.759212,results/mhd_runner/glm_sweep/ot_runs/divergence/ot_glm_sweep_coarse_n64_mixed_glm_ch2_sub8_cr0p18_mixed_glm.csv
orszag_tang,mixed_glm,64,finished,4.0,nan,0.1,8,8.84763,0.0496384,0.0183163,0.0183163,0.0004579075,0.278455,0.10856,6.03975e-15,0.777009,results/mhd_runner/glm_sweep/ot_runs/divergence/ot_glm_sweep_coarse_n64_mixed_glm_ch4_sub8_cd0p1_mixed_glm.csv
orszag_tang,mixed_glm,64,finished,4.0,nan,0.1,4,8.84763,0.0701992,0.0183124,0.0183124,0.00045781,0.278365,0.10856,6.03975e-15,0.832647,results/mhd_runner/glm_sweep/ot_runs/divergence/ot_glm_sweep_coarse_n64_mixed_glm_ch4_sub4_cd0p1_mixed_glm.csv
orszag_tang,mixed_glm,128,finished,2.0,nan,0.8,8,4.42838,0.0863864,0.00360171,0.00360171,9.004275000000001e-05,0.108982,0.107855,-6.03975e-15,6.94101,results/mhd_runner/glm_sweep/ot_runs/divergence/ot_glm_sweep_coarse_n128_mixed_glm_ch2_sub8_cd0p8_mixed_glm.csv
orszag_tang,mixed_glm,64,finished,0.5,nan,0.5,2,1.10595,0.0226846,0.0074747,0.0074747,0.00018686750000000002,0.123728,0.107577,6.19869e-15,0.574084,results/mhd_runner/glm_sweep/ot_runs/divergence/ot_glm_sweep_coarse_n64_mixed_glm_ch0p5_sub2_cd0p5_mixed_glm.csv
orszag_tang,mixed_glm,64,finished,2.0,0.03,nan,1,4.42381,0.3643,0.00933041,0.00933041,0.00023326025000000003,0.15066,0.107988,6.19869e-15,0.635806,results/mhd_runner/glm_sweep/ot_runs/divergence/ot_glm_sweep_coarse_n64_mixed_glm_ch2_sub1_cr0p03_mixed_glm.csv
orszag_tang,mixed_glm,64,finished,2.0,0.03,nan,4,4.42381,0.3643,0.00932734,0.00932734,0.00023318350000000001,0.150643,0.107988,6.19869e-15,0.652399,results/mhd_runner/glm_sweep/ot_runs/divergence/ot_glm_sweep_coarse_n64_mixed_glm_ch2_sub4_cr0p03_mixed_glm.csv
orszag_tang,mixed_glm,64,finished,2.0,0.03,nan,2,4.42381,0.3643,0.00932839,0.00932839,0.00023320975000000002,0.150649,0.107988,6.19869e-15,0.661773,results/mhd_runner/glm_sweep/ot_runs/divergence/ot_glm_sweep_coarse_n64_mixed_glm_ch2_sub2_cr0p03_mixed_glm.csv
orszag_tang,mixed_glm,64,finished,8.0,nan,0.2,8,17.6953,0.118321,0.0247598,0.0247598,0.000618995,0.330791,0.109105,6.19869e-15,1.00366,results/mhd_runner/glm_sweep/ot_runs/divergence/ot_glm_sweep_coarse_n64_mixed_glm_ch8_sub8_cd0p2_mixed_glm.csv
orszag_tang,mixed_glm,64,finished,8.0,nan,0.2,1,17.6953,0.167332,0.0247285,0.0247285,0.0006182125000000001,0.330194,0.109104,6.19869e-15,1.006,results/mhd_runner/glm_sweep/ot_runs/divergence/ot_glm_sweep_coarse_n64_mixed_glm_ch8_sub1_cd0p2_mixed_glm.csv
orszag_tang,mixed_glm,64,finished,8.0,nan,0.2,4,17.6953,0.167332,0.0247285,0.0247285,0.0006182125000000001,0.330194,0.109104,6.19869e-15,1.03146,results/mhd_runner/glm_sweep/ot_runs/divergence/ot_glm_sweep_coarse_n64_mixed_glm_ch8_sub4_cd0p2_mixed_glm.csv
orszag_tang,mixed_glm,64,finished,8.0,nan,0.2,2,17.6953,0.167332,0.0247285,0.0247285,0.0006182125000000001,0.330194,0.109104,6.19869e-15,1.10451,results/mhd_runner/glm_sweep/ot_runs/divergence/ot_glm_sweep_coarse_n64_mixed_glm_ch8_sub2_cd0p2_mixed_glm.csv
orszag_tang,mixed_glm,128,finished,1.0,0.05,nan,2,2.21419,0.332731,0.00219959,0.00219959,5.498975e-05,0.0593319,0.107671,-6.19869e-15,4.74955,results/mhd_runner/glm_sweep/ot_runs/divergence/ot_glm_sweep_coarse_n128_mixed_glm_ch1_sub2_cr0p05_mixed_glm.csv
orszag_tang,mixed_glm,128,finished,1.0,0.1,nan,1,2.21419,0.470552,0.00215124,0.00215124,5.3781000000000006e-05,0.0580434,0.107668,-6.19869e-15,4.77293,results/mhd_runner/glm_sweep/ot_runs/divergence/ot_glm_sweep_coarse_n128_mixed_glm_ch1_sub1_cr0p1_mixed_glm.csv
orszag_tang,mixed_glm,128,finished,1.0,0.1,nan,2,2.21419,0.470552,0.00215071,0.00215071,5.376775000000001e-05,0.0580342,0.107668,-6.19869e-15,4.95541,results/mhd_runner/glm_sweep/ot_runs/divergence/ot_glm_sweep_coarse_n128_mixed_glm_ch1_sub2_cr0p1_mixed_glm.csv
orszag_tang,mixed_glm,128,finished,1.0,0.05,nan,1,2.21419,0.332731,0.00220009,0.00220009,5.5002250000000004e-05,0.0593403,0.107671,-6.19869e-15,4.97001,results/mhd_runner/glm_sweep/ot_runs/divergence/ot_glm_sweep_coarse_n128_mixed_glm_ch1_sub1_cr0p05_mixed_glm.csv
orszag_tang,mixed_glm,128,finished,0.5,0.1,nan,8,1.1071,0.332731,0.00190819,0.00190819,4.770475e-05,0.0499157,0.107594,-6.19869e-15,6.58109,results/mhd_runner/glm_sweep/ot_runs/divergence/ot_glm_sweep_coarse_n128_mixed_glm_ch0p5_sub8_cr0p1_mixed_glm.csv
orszag_tang,mixed_glm,64,finished,0.5,nan,0.1,2,1.10595,0.0124463,0.00751118,0.00751118,0.00018777950000000001,0.124251,0.107578,6.35763e-15,0.579998,results/mhd_runner/glm_sweep/ot_runs/divergence/ot_glm_sweep_coarse_n64_mixed_glm_ch0p5_sub2_cd0p1_mixed_glm.csv
orszag_tang,mixed_glm,64,finished,2.0,0.18,nan,4,4.42381,0.892349,0.00742933,0.00742933,0.00018573325,0.122247,0.10787,6.35763e-15,0.63322,results/mhd_runner/glm_sweep/ot_runs/divergence/ot_glm_sweep_coarse_n64_mixed_glm_ch2_sub4_cr0p18_mixed_glm.csv
orszag_tang,mixed_glm,64,finished,2.0,nan,0.1,4,4.42381,0.0351569,0.0127147,0.0127147,0.00031786750000000006,0.210842,0.1081,6.35763e-15,0.654186,results/mhd_runner/glm_sweep/ot_runs/divergence/ot_glm_sweep_coarse_n64_mixed_glm_ch2_sub4_cd0p1_mixed_glm.csv
orszag_tang,mixed_glm,64,finished,2.0,0.18,nan,2,4.42381,0.892349,0.0074301,0.0074301,0.00018575250000000003,0.122253,0.10787,6.35763e-15,0.658181,results/mhd_runner/glm_sweep/ot_runs/divergence/ot_glm_sweep_coarse_n64_mixed_glm_ch2_sub2_cr0p18_mixed_glm.csv
orszag_tang,mixed_glm,64,finished,2.0,nan,0.1,1,4.42381,0.0703137,0.0127132,0.0127132,0.00031783,0.210786,0.1081,6.35763e-15,0.660618,results/mhd_runner/glm_sweep/ot_runs/divergence/ot_glm_sweep_coarse_n64_mixed_glm_ch2_sub1_cd0p1_mixed_glm.csv
orszag_tang,mixed_glm,64,finished,1.0,nan,0.01,4,2.21191,0.012441,0.0092336,0.0092336,0.00023084,0.155616,0.107762,6.35763e-15,0.664154,results/mhd_runner/glm_sweep/ot_runs/divergence/ot_glm_sweep_coarse_n64_mixed_glm_ch1_sub4_cd0p01_mixed_glm.csv
orszag_tang,mixed_glm,64,finished,2.0,0.18,nan,1,4.42381,0.892349,0.00743171,0.00743171,0.00018579275,0.122263,0.10787,6.35763e-15,0.681885,results/mhd_runner/glm_sweep/ot_runs/divergence/ot_glm_sweep_coarse_n64_mixed_glm_ch2_sub1_cr0p18_mixed_glm.csv
orszag_tang,mixed_glm,64,finished,2.0,nan,0.1,2,4.42381,0.0497193,0.0127133,0.0127133,0.00031783250000000005,0.2108,0.1081,6.35763e-15,0.693441,results/mhd_runner/glm_sweep/ot_runs/divergence/ot_glm_sweep_coarse_n64_mixed_glm_ch2_sub2_cd0p1_mixed_glm.csv
orszag_tang,mixed_glm,64,finished,4.0,nan,0.5,2,8.84763,0.180908,0.0165802,0.0165802,0.000414505,0.247823,0.108527,6.35763e-15,0.770844,results/mhd_runner/glm_sweep/ot_runs/divergence/ot_glm_sweep_coarse_n64_mixed_glm_ch4_sub2_cd0p5_mixed_glm.csv
orszag_tang,mixed_glm,64,finished,4.0,nan,0.5,1,8.84763,0.180908,0.0165802,0.0165802,0.000414505,0.247823,0.108527,6.35763e-15,0.792731,results/mhd_runner/glm_sweep/ot_runs/divergence/ot_glm_sweep_coarse_n64_mixed_glm_ch4_sub1_cd0p5_mixed_glm.csv
orszag_tang,mixed_glm,64,finished,1.0,nan,0.5,8,2.21191,0.0226745,0.00914644,0.00914644,0.000228661,0.153223,0.10776,6.35763e-15,0.79521,results/mhd_runner/glm_sweep/ot_runs/divergence/ot_glm_sweep_coarse_n64_mixed_glm_ch1_sub8_cd0p5_mixed_glm.csv
orszag_tang,mixed_glm,64,finished,4.0,nan,0.5,4,8.84763,0.127921,0.0166131,0.0166131,0.0004153275,0.248569,0.108527,6.35763e-15,0.803502,results/mhd_runner/glm_sweep/ot_runs/divergence/ot_glm_sweep_coarse_n64_mixed_glm_ch4_sub4_cd0p5_mixed_glm.csv
orszag_tang,mixed_glm,64,finished,2.0,nan,0.2,8,4.42381,0.0297346,0.0126706,0.0126706,0.00031676500000000005,0.209904,0.108099,6.35763e-15,0.807552,results/mhd_runner/glm_sweep/ot_runs/divergence/ot_glm_sweep_coarse_n64_mixed_glm_ch2_sub8_cd0p2_mixed_glm.csv
orszag_tang,mixed_glm,64,finished,4.0,nan,0.5,8,8.84763,0.0904539,0.0166493,0.0166493,0.0004162325,0.249383,0.108528,6.35763e-15,0.846506,results/mhd_runner/glm_sweep/ot_runs/divergence/ot_glm_sweep_coarse_n64_mixed_glm_ch4_sub8_cd0p5_mixed_glm.csv
orszag_tang,mixed_glm,64,finished,8.0,nan,0.5,1,17.6953,0.254844,0.0217541,0.0217541,0.0005438525,0.287594,0.109041,6.35763e-15,0.999305,results/mhd_runner/glm_sweep/ot_runs/divergence/ot_glm_sweep_coarse_n64_mixed_glm_ch8_sub1_cd0p5_mixed_glm.csv
orszag_tang,mixed_glm,64,finished,8.0,nan,0.5,2,17.6953,0.254844,0.0217541,0.0217541,0.0005438525,0.287594,0.109041,6.35763e-15,1.00866,results/mhd_runner/glm_sweep/ot_runs/divergence/ot_glm_sweep_coarse_n64_mixed_glm_ch8_sub2_cd0p5_mixed_glm.csv
orszag_tang,mixed_glm,64,finished,8.0,0.01,nan,8,17.6953,0.420657,0.0168662,0.0168662,0.00042165500000000005,0.220579,0.108932,6.35763e-15,1.01091,results/mhd_runner/glm_sweep/ot_runs/divergence/ot_glm_sweep_coarse_n64_mixed_glm_ch8_sub8_cr0p01_mixed_glm.csv
orszag_tang,mixed_glm,64,finished,8.0,nan,0.5,4,17.6953,0.254844,0.0217541,0.0217541,0.0005438525,0.287594,0.109041,6.35763e-15,1.01831,results/mhd_runner/glm_sweep/ot_runs/divergence/ot_glm_sweep_coarse_n64_mixed_glm_ch8_sub4_cd0p5_mixed_glm.csv
orszag_tang,mixed_glm,64,finished,8.0,nan,0.5,8,17.6953,0.180202,0.0218508,0.0218508,0.0005462700000000001,0.289415,0.109042,6.35763e-15,1.05423,results/mhd_runner/glm_sweep/ot_runs/divergence/ot_glm_sweep_coarse_n64_mixed_glm_ch8_sub8_cd0p5_mixed_glm.csv
orszag_tang,mixed_glm,64,finished,8.0,0.01,nan,1,17.6953,0.420657,0.0168804,0.0168804,0.00042201,0.220843,0.108932,6.35763e-15,1.0592,results/mhd_runner/glm_sweep/ot_runs/divergence/ot_glm_sweep_coarse_n64_mixed_glm_ch8_sub1_cr0p01_mixed_glm.csv
orszag_tang,mixed_glm,64,finished,8.0,0.01,nan,4,17.6953,0.420657,0.0168804,0.0168804,0.00042201,0.220843,0.108932,6.35763e-15,1.06233,results/mhd_runner/glm_sweep/ot_runs/divergence/ot_glm_sweep_coarse_n64_mixed_glm_ch8_sub4_cr0p01_mixed_glm.csv
orszag_tang,mixed_glm,64,finished,8.0,0.01,nan,2,17.6953,0.420657,0.0168804,0.0168804,0.00042201,0.220843,0.108932,6.35763e-15,1.08651,results/mhd_runner/glm_sweep/ot_runs/divergence/ot_glm_sweep_coarse_n64_mixed_glm_ch8_sub2_cr0p01_mixed_glm.csv
orszag_tang,mixed_glm,64,finished,0.5,0.01,nan,2,1.10595,0.105164,0.00736624,0.00736624,0.000184156,0.12179,0.107573,6.51657e-15,0.592977,results/mhd_runner/glm_sweep/ot_runs/divergence/ot_glm_sweep_coarse_n64_mixed_glm_ch0p5_sub2_cr0p01_mixed_glm.csv
orszag_tang,mixed_glm,64,finished,0.5,0.1,nan,2,1.10595,0.332559,0.00724691,0.00724691,0.00018117275,0.119165,0.107568,6.51657e-15,0.625991,results/mhd_runner/glm_sweep/ot_runs/divergence/ot_glm_sweep_coarse_n64_mixed_glm_ch0p5_sub2_cr0p1_mixed_glm.csv
orszag_tang,mixed_glm,64,finished,0.5,0.05,nan,1,1.10595,0.235155,0.00729565,0.00729565,0.00018239125,0.120098,0.10757,6.51657e-15,0.6325,results/mhd_runner/glm_sweep/ot_runs/divergence/ot_glm_sweep_coarse_n64_mixed_glm_ch0p5_sub1_cr0p05_mixed_glm.csv
orszag_tang,mixed_glm,64,finished,0.5,0.05,nan,4,1.10595,0.235155,0.00725366,0.00725366,0.00018134150000000002,0.119418,0.107569,6.51657e-15,0.695667,results/mhd_runner/glm_sweep/ot_runs/divergence/ot_glm_sweep_coarse_n64_mixed_glm_ch0p5_sub4_cr0p05_mixed_glm.csv
orszag_tang,mixed_glm,64,finished,0.5,0.18,nan,8,1.10595,0.446174,0.00721649,0.00721649,0.00018041225,0.118585,0.107568,6.51657e-15,0.762001,results/mhd_runner/glm_sweep/ot_runs/divergence/ot_glm_sweep_coarse_n64_mixed_glm_ch0p5_sub8_cr0p18_mixed_glm.csv
orszag_tang,mixed_glm,64,finished,0.5,0.5,nan,8,1.10595,0.743624,0.007208,0.007208,0.00018020000000000002,0.118379,0.107567,6.51657e-15,0.84646,results/mhd_runner/glm_sweep/ot_runs/divergence/ot_glm_sweep_coarse_n64_mixed_glm_ch0p5_sub8_cr0p5_mixed_glm.csv
orszag_tang,mixed_glm,128,finished,8.0,nan,0.05,2,17.7135,0.0941233,0.00973754,0.00973754,0.0002434385,0.263656,0.108628,-6.51657e-15,8.20773,results/mhd_runner/glm_sweep/ot_runs/divergence/ot_glm_sweep_coarse_n128_mixed_glm_ch8_sub2_cd0p05_mixed_glm.csv
orszag_tang,mixed_glm,128,finished,8.0,nan,0.05,1,17.7135,0.0941233,0.00973754,0.00973754,0.0002434385,0.263656,0.108628,-6.51657e-15,8.21986,results/mhd_runner/glm_sweep/ot_runs/divergence/ot_glm_sweep_coarse_n128_mixed_glm_ch8_sub1_cd0p05_mixed_glm.csv
orszag_tang,mixed_glm,128,finished,8.0,nan,0.05,4,17.7135,0.0941233,0.00973754,0.00973754,0.0002434385,0.263656,0.108628,-6.51657e-15,8.23625,results/mhd_runner/glm_sweep/ot_runs/divergence/ot_glm_sweep_coarse_n128_mixed_glm_ch8_sub4_cd0p05_mixed_glm.csv
orszag_tang,mixed_glm,128,finished,8.0,nan,0.05,8,17.7135,0.0941233,0.00973754,0.00973754,0.0002434385,0.263656,0.108628,-6.51657e-15,8.25108,results/mhd_runner/glm_sweep/ot_runs/divergence/ot_glm_sweep_coarse_n128_mixed_glm_ch8_sub8_cd0p05_mixed_glm.csv
orszag_tang,hyperbolic_glm,64,finished,0.5,nan,nan,1,1.10595,nan,0.00725141,0.00725141,0.00018128525,0.119039,0.107568,6.67552e-15,0.513196,results/mhd_runner/glm_sweep/ot_runs/divergence/ot_glm_sweep_coarse_n64_hyperbolic_glm_ch0p5_sub1_unused_hyperbolic_glm.csv
orszag_tang,mixed_glm,64,finished,0.5,nan,0.2,1,1.10595,0.0210537,0.00750536,0.00750536,0.000187634,0.124161,0.107577,6.67552e-15,0.569553,results/mhd_runner/glm_sweep/ot_runs/divergence/ot_glm_sweep_coarse_n64_mixed_glm_ch0p5_sub1_cd0p2_mixed_glm.csv
orszag_tang,mixed_glm,64,finished,1.0,nan,0.5,4,2.21191,0.0320661,0.0090883,0.0090883,0.00022720750000000003,0.151586,0.107759,6.67552e-15,0.641817,results/mhd_runner/glm_sweep/ot_runs/divergence/ot_glm_sweep_coarse_n64_mixed_glm_ch1_sub4_cd0p5_mixed_glm.csv
orszag_tang,mixed_glm,64,finished,0.5,nan,0.01,4,1.10595,0.00622316,0.00751181,0.00751181,0.00018779525000000002,0.124256,0.107578,6.67552e-15,0.643838,results/mhd_runner/glm_sweep/ot_runs/divergence/ot_glm_sweep_coarse_n64_mixed_glm_ch0p5_sub4_cd0p01_mixed_glm.csv
orszag_tang,mixed_glm,128,finished,1.0,nan,0.05,2,2.21419,0.023584,0.00260029,0.00260029,6.500725e-05,0.0781815,0.107687,-6.67552e-15,4.73402,results/mhd_runner/glm_sweep/ot_runs/divergence/ot_glm_sweep_coarse_n128_mixed_glm_ch1_sub2_cd0p05_mixed_glm.csv
orszag_tang,mixed_glm,128,finished,0.5,nan,0.5,2,1.1071,0.02452,0.00198266,0.00198266,4.95665e-05,0.051613,0.107596,-6.67552e-15,4.75513,results/mhd_runner/glm_sweep/ot_runs/divergence/ot_glm_sweep_coarse_n128_mixed_glm_ch0p5_sub2_cd0p5_mixed_glm.csv
orszag_tang,mixed_glm,128,finished,1.0,nan,0.05,1,2.21419,0.0333528,0.00260042,0.00260042,6.50105e-05,0.0781762,0.107687,-6.67552e-15,4.99305,results/mhd_runner/glm_sweep/ot_runs/divergence/ot_glm_sweep_coarse_n128_mixed_glm_ch1_sub1_cd0p05_mixed_glm.csv
orszag_tang,mixed_glm,128,finished,0.5,nan,0.1,2,1.1071,0.0134531,0.00198952,0.00198952,4.9738e-05,0.0518272,0.107596,-6.67552e-15,5.03752,results/mhd_runner/glm_sweep/ot_runs/divergence/ot_glm_sweep_coarse_n128_mixed_glm_ch0p5_sub2_cd0p1_mixed_glm.csv
orszag_tang,mixed_glm,128,finished,0.5,0.03,nan,4,1.1071,0.182244,0.00192057,0.00192057,4.801425e-05,0.050269,0.107595,-6.67552e-15,5.22544,results/mhd_runner/glm_sweep/ot_runs/divergence/ot_glm_sweep_coarse_n128_mixed_glm_ch0p5_sub4_cr0p03_mixed_glm.csv
orszag_tang,mixed_glm,128,finished,2.0,nan,0.05,8,4.42838,0.0235766,0.00393262,0.00393262,9.831550000000002e-05,0.123155,0.107865,-6.67552e-15,6.31407,results/mhd_runner/glm_sweep/ot_runs/divergence/ot_glm_sweep_coarse_n128_mixed_glm_ch2_sub8_cd0p05_mixed_glm.csv
orszag_tang,mixed_glm,128,finished,1.0,0.3,nan,8,2.21419,0.81502,0.00209844,0.00209844,5.2461000000000005e-05,0.0566092,0.107664,-6.67552e-15,6.57846,results/mhd_runner/glm_sweep/ot_runs/divergence/ot_glm_sweep_coarse_n128_mixed_glm_ch1_sub8_cr0p3_mixed_glm.csv
orszag_tang,mixed_glm,64,finished,0.5,0.1,nan,4,1.10595,0.332559,0.00723324,0.00723324,0.000180831,0.118938,0.107568,6.83446e-15,0.634647,results/mhd_runner/glm_sweep/ot_runs/divergence/ot_glm_sweep_coarse_n64_mixed_glm_ch0p5_sub4_cr0p1_mixed_glm.csv
orszag_tang,mixed_glm,64,finished,0.5,0.5,nan,4,1.10595,0.743624,0.00721468,0.00721468,0.00018036700000000002,0.118492,0.107567,6.83446e-15,0.644119,results/mhd_runner/glm_sweep/ot_runs/divergence/ot_glm_sweep_coarse_n64_mixed_glm_ch0p5_sub4_cr0p5_mixed_glm.csv
orszag_tang,mixed_glm,64,finished,0.5,0.1,nan,1,1.10595,0.332559,0.00727509,0.00727509,0.00018187725,0.119613,0.107569,6.83446e-15,0.654328,results/mhd_runner/glm_sweep/ot_runs/divergence/ot_glm_sweep_coarse_n64_mixed_glm_ch0p5_sub1_cr0p1_mixed_glm.csv
orszag_tang,mixed_glm,64,finished,0.5,nan,0.8,4,1.10595,0.0282704,0.0074351,0.0074351,0.00018587750000000002,0.123104,0.107576,6.83446e-15,0.679431,results/mhd_runner/glm_sweep/ot_runs/divergence/ot_glm_sweep_coarse_n64_mixed_glm_ch0p5_sub4_cd0p8_mixed_glm.csv
orszag_tang,mixed_glm,64,finished,1.0,nan,0.03,8,2.21191,0.0100814,0.00922282,0.00922282,0.0002305705,0.155359,0.107761,6.83446e-15,0.763603,results/mhd_runner/glm_sweep/ot_runs/divergence/ot_glm_sweep_coarse_n64_mixed_glm_ch1_sub8_cd0p03_mixed_glm.csv
orszag_tang,mixed_glm,64,finished,1.0,0.05,nan,8,2.21191,0.332559,0.00797981,0.00797981,0.00019949525000000003,0.132608,0.107725,6.83446e-15,0.766448,results/mhd_runner/glm_sweep/ot_runs/divergence/ot_glm_sweep_coarse_n64_mixed_glm_ch1_sub8_cr0p05_mixed_glm.csv
orszag_tang,mixed_glm,128,finished,1.0,nan,0.01,2,2.21419,0.0190215,0.00260287,0.00260287,6.507175000000001e-05,0.0783191,0.107688,-6.83446e-15,4.70833,results/mhd_runner/glm_sweep/ot_runs/divergence/ot_glm_sweep_coarse_n128_mixed_glm_ch1_sub2_cd0p01_mixed_glm.csv
orszag_tang,mixed_glm,128,finished,0.5,nan,0.8,2,1.1071,0.0432162,0.0019663,0.0019663,4.91575e-05,0.0512047,0.107596,-6.83446e-15,4.91887,results/mhd_runner/glm_sweep/ot_runs/divergence/ot_glm_sweep_coarse_n128_mixed_glm_ch0p5_sub2_cd0p8_mixed_glm.csv
orszag_tang,mixed_glm,128,finished,0.5,nan,0.1,1,1.1071,0.0190255,0.00198974,0.00198974,4.9743499999999996e-05,0.0518435,0.107596,-6.83446e-15,4.97839,results/mhd_runner/glm_sweep/ot_runs/divergence/ot_glm_sweep_coarse_n128_mixed_glm_ch0p5_sub1_cd0p1_mixed_glm.csv
orszag_tang,mixed_glm,128,finished,1.0,nan,0.01,1,2.21419,0.0269005,0.00260304,0.00260304,6.5076e-05,0.0783167,0.107688,-6.83446e-15,5.24829,results/mhd_runner/glm_sweep/ot_runs/divergence/ot_glm_sweep_coarse_n128_mixed_glm_ch1_sub1_cd0p01_mixed_glm.csv
orszag_tang,hyperbolic_glm,64,finished,1.0,nan,nan,4,2.21191,nan,0.007633,0.007633,0.00019082500000000002,0.126685,0.107709,6.9934e-15,0.619927,results/mhd_runner/glm_sweep/ot_runs/divergence/ot_glm_sweep_coarse_n64_hyperbolic_glm_ch1_sub4_unused_hyperbolic_glm.csv
orszag_tang,mixed_glm,64,finished,2.0,nan,0.05,2,4.42381,0.04359,0.0127677,0.0127677,0.0003191925,0.21198,0.108101,6.9934e-15,0.636385,results/mhd_runner/glm_sweep/ot_runs/divergence/ot_glm_sweep_coarse_n64_mixed_glm_ch2_sub2_cd0p05_mixed_glm.csv
orszag_tang,mixed_glm,64,finished,2.0,nan,0.05,4,4.42381,0.0308228,0.0127679,0.0127679,0.0003191975,0.211991,0.108101,6.9934e-15,0.656891,results/mhd_runner/glm_sweep/ot_runs/divergence/ot_glm_sweep_coarse_n64_mixed_glm_ch2_sub4_cd0p05_mixed_glm.csv
orszag_tang,mixed_glm,64,finished,2.0,nan,0.05,1,4.42381,0.0616455,0.0127685,0.0127685,0.00031921250000000004,0.211989,0.108101,6.9934e-15,0.692473,results/mhd_runner/glm_sweep/ot_runs/divergence/ot_glm_sweep_coarse_n64_mixed_glm_ch2_sub1_cd0p05_mixed_glm.csv
orszag_tang,mixed_glm,64,finished,1.0,0.3,nan,8,2.21191,0.814599,0.00768686,0.00768686,0.00019217150000000002,0.127649,0.107711,6.9934e-15,0.80635,results/mhd_runner/glm_sweep/ot_runs/divergence/ot_glm_sweep_coarse_n64_mixed_glm_ch1_sub8_cr0p3_mixed_glm.csv
orszag_tang,mixed_glm,64,finished,16.0,0.01,nan,1,35.3905,0.594899,0.0172147,0.0172147,0.00043036750000000003,0.212397,0.109374,6.9934e-15,1.48737,results/mhd_runner/glm_sweep/ot_runs/divergence/ot_glm_sweep_coarse_n64_mixed_glm_ch16_sub1_cr0p01_mixed_glm.csv
orszag_tang,mixed_glm,64,finished,16.0,0.01,nan,2,35.3905,0.594899,0.0172147,0.0172147,0.00043036750000000003,0.212397,0.109374,6.9934e-15,1.6291,results/mhd_runner/glm_sweep/ot_runs/divergence/ot_glm_sweep_coarse_n64_mixed_glm_ch16_sub2_cr0p01_mixed_glm.csv
orszag_tang,mixed_glm,64,finished,16.0,0.01,nan,8,35.3905,0.594899,0.0172055,0.0172055,0.0004301375,0.21229,0.109373,6.9934e-15,1.70358,results/mhd_runner/glm_sweep/ot_runs/divergence/ot_glm_sweep_coarse_n64_mixed_glm_ch16_sub8_cr0p01_mixed_glm.csv
orszag_tang,mixed_glm,64,finished,16.0,0.01,nan,4,35.3905,0.594899,0.0172147,0.0172147,0.00043036750000000003,0.212397,0.109374,6.9934e-15,1.81156,results/mhd_runner/glm_sweep/ot_runs/divergence/ot_glm_sweep_coarse_n64_mixed_glm_ch16_sub4_cr0p01_mixed_glm.csv
orszag_tang,mixed_glm,128,finished,1.0,nan,0.03,1,2.21419,0.0308278,0.00260175,0.00260175,6.504375e-05,0.0782477,0.107687,-6.9934e-15,4.77405,results/mhd_runner/glm_sweep/ot_runs/divergence/ot_glm_sweep_coarse_n128_mixed_glm_ch1_sub1_cd0p03_mixed_glm.csv
orszag_tang,mixed_glm,128,finished,1.0,nan,0.03,2,2.21419,0.0217986,0.0026016,0.0026016,6.504e-05,0.0782515,0.107688,-6.9934e-15,5.20853,results/mhd_runner/glm_sweep/ot_runs/divergence/ot_glm_sweep_coarse_n128_mixed_glm_ch1_sub2_cd0p03_mixed_glm.csv
orszag_tang,mixed_glm,128,finished,0.5,nan,0.5,8,1.1071,0.0122599,0.00198749,0.00198749,4.9687250000000004e-05,0.0517567,0.107596,-6.9934e-15,6.3059,results/mhd_runner/glm_sweep/ot_runs/divergence/ot_glm_sweep_coarse_n128_mixed_glm_ch0p5_sub8_cd0p5_mixed_glm.csv
orszag_tang,mixed_glm,128,finished,8.0,0.03,nan,2,17.7135,0.728976,0.00307731,0.00307731,7.693275000000001e-05,0.0818796,0.108211,-6.9934e-15,8.25031,results/mhd_runner/glm_sweep/ot_runs/divergence/ot_glm_sweep_coarse_n128_mixed_glm_ch8_sub2_cr0p03_mixed_glm.csv
orszag_tang,mixed_glm,128,finished,8.0,0.03,nan,1,17.7135,0.728976,0.00307731,0.00307731,7.693275000000001e-05,0.0818796,0.108211,-6.9934e-15,8.645,results/mhd_runner/glm_sweep/ot_runs/divergence/ot_glm_sweep_coarse_n128_mixed_glm_ch8_sub1_cr0p03_mixed_glm.csv
orszag_tang,mixed_glm,128,finished,8.0,0.03,nan,4,17.7135,0.728976,0.00307731,0.00307731,7.693275000000001e-05,0.0818796,0.108211,-6.9934e-15,9.0528,results/mhd_runner/glm_sweep/ot_runs/divergence/ot_glm_sweep_coarse_n128_mixed_glm_ch8_sub4_cr0p03_mixed_glm.csv
orszag_tang,mixed_glm,128,finished,8.0,0.03,nan,8,17.7135,0.728976,0.00307731,0.00307731,7.693275000000001e-05,0.0818796,0.108211,-6.9934e-15,9.12018,results/mhd_runner/glm_sweep/ot_runs/divergence/ot_glm_sweep_coarse_n128_mixed_glm_ch8_sub8_cr0p03_mixed_glm.csv
orszag_tang,mixed_glm,64,finished,1.0,0.01,nan,4,2.21191,0.148725,0.00861598,0.00861598,0.00021539950000000002,0.142518,0.107748,7.15234e-15,0.641672,results/mhd_runner/glm_sweep/ot_runs/divergence/ot_glm_sweep_coarse_n64_mixed_glm_ch1_sub4_cr0p01_mixed_glm.csv
orszag_tang,mixed_glm,128,finished,0.5,nan,0.01,2,1.1071,0.00951276,0.00199038,0.00199038,4.9759500000000004e-05,0.0518539,0.107595,-7.15234e-15,4.8372,results/mhd_runner/glm_sweep/ot_runs/divergence/ot_glm_sweep_coarse_n128_mixed_glm_ch0p5_sub2_cd0p01_mixed_glm.csv
orszag_tang,mixed_glm,128,finished,4.0,nan,0.01,1,8.85677,0.0537504,0.00630748,0.00630748,0.000157687,0.188322,0.108161,-7.15234e-15,6.16131,results/mhd_runner/glm_sweep/ot_runs/divergence/ot_glm_sweep_coarse_n128_mixed_glm_ch4_sub1_cd0p01_mixed_glm.csv
orszag_tang,mixed_glm,128,finished,4.0,nan,0.01,2,8.85677,0.0537504,0.00630748,0.00630748,0.000157687,0.188322,0.108161,-7.15234e-15,6.24307,results/mhd_runner/glm_sweep/ot_runs/divergence/ot_glm_sweep_coarse_n128_mixed_glm_ch4_sub2_cd0p01_mixed_glm.csv
orszag_tang,mixed_glm,128,finished,4.0,nan,0.01,8,8.85677,0.0380073,0.00630722,0.00630722,0.0001576805,0.188314,0.108161,-7.15234e-15,6.32298,results/mhd_runner/glm_sweep/ot_runs/divergence/ot_glm_sweep_coarse_n128_mixed_glm_ch4_sub8_cd0p01_mixed_glm.csv
orszag_tang,mixed_glm,128,finished,4.0,nan,0.01,4,8.85677,0.0537504,0.00630748,0.00630748,0.000157687,0.188322,0.108161,-7.15234e-15,6.54302,results/mhd_runner/glm_sweep/ot_runs/divergence/ot_glm_sweep_coarse_n128_mixed_glm_ch4_sub4_cd0p01_mixed_glm.csv
orszag_tang,mixed_glm,64,finished,1.0,0.5,nan,4,2.21191,1.05164,0.00767942,0.00767942,0.00019198550000000002,0.127496,0.107711,7.31128e-15,0.656011,results/mhd_runner/glm_sweep/ot_runs/divergence/ot_glm_sweep_coarse_n64_mixed_glm_ch1_sub4_cr0p5_mixed_glm.csv
orszag_tang,mixed_glm,64,finished,2.0,nan,0.1,8,4.42381,0.0248598,0.0127347,0.0127347,0.0003183675,0.211291,0.1081,7.31128e-15,0.771955,results/mhd_runner/glm_sweep/ot_runs/divergence/ot_glm_sweep_coarse_n64_mixed_glm_ch2_sub8_cd0p1_mixed_glm.csv
orszag_tang,mixed_glm,128,finished,0.5,0.3,nan,1,1.1071,0.576306,0.00191239,0.00191239,4.780975e-05,0.0501259,0.107595,-7.31128e-15,4.51808,results/mhd_runner/glm_sweep/ot_runs/divergence/ot_glm_sweep_coarse_n128_mixed_glm_ch0p5_sub1_cr0p3_mixed_glm.csv
orszag_tang,mixed_glm,128,finished,1.0,nan,0.5,4,2.21419,0.0346693,0.00257146,0.00257146,6.42865e-05,0.0766632,0.107687,-7.31128e-15,5.23004,results/mhd_runner/glm_sweep/ot_runs/divergence/ot_glm_sweep_coarse_n128_mixed_glm_ch1_sub4_cd0p5_mixed_glm.csv
orszag_tang,mixed_glm,128,finished,2.0,nan,0.01,4,4.42838,0.0268921,0.00394014,0.00394014,9.850350000000001e-05,0.123495,0.107865,-7.31128e-15,5.48529,results/mhd_runner/glm_sweep/ot_runs/divergence/ot_glm_sweep_coarse_n128_mixed_glm_ch2_sub4_cd0p01_mixed_glm.csv
orszag_tang,mixed_glm,128,finished,2.0,nan,0.01,2,4.42838,0.0380312,0.00394043,0.00394043,9.851075e-05,0.123501,0.107865,-7.31128e-15,5.78811,results/mhd_runner/glm_sweep/ot_runs/divergence/ot_glm_sweep_coarse_n128_mixed_glm_ch2_sub2_cd0p01_mixed_glm.csv
orszag_tang,mixed_glm,128,finished,2.0,nan,0.01,1,4.42838,0.0380312,0.00394043,0.00394043,9.851075e-05,0.123501,0.107865,-7.31128e-15,5.78938,results/mhd_runner/glm_sweep/ot_runs/divergence/ot_glm_sweep_coarse_n128_mixed_glm_ch2_sub1_cd0p01_mixed_glm.csv
orszag_tang,mixed_glm,128,finished,0.5,nan,0.05,8,1.1071,0.00589724,0.00198958,0.00198958,4.97395e-05,0.0518228,0.107595,-7.31128e-15,6.32311,results/mhd_runner/glm_sweep/ot_runs/divergence/ot_glm_sweep_coarse_n128_mixed_glm_ch0p5_sub8_cd0p05_mixed_glm.csv
orszag_tang,mixed_glm,128,finished,2.0,0.5,nan,8,4.42838,1.48802,0.00193464,0.00193464,4.8366000000000004e-05,0.0533074,0.107717,-7.31128e-15,6.9267,results/mhd_runner/glm_sweep/ot_runs/divergence/ot_glm_sweep_coarse_n128_mixed_glm_ch2_sub8_cr0p5_mixed_glm.csv
orszag_tang,mixed_glm,64,finished,0.5,0.5,nan,2,1.10595,0.743624,0.00722828,0.00722828,0.000180707,0.118717,0.107568,7.47022e-15,0.627684,results/mhd_runner/glm_sweep/ot_runs/divergence/ot_glm_sweep_coarse_n64_mixed_glm_ch0p5_sub2_cr0p5_mixed_glm.csv
orszag_tang,mixed_glm,64,finished,2.0,1.0,nan,2,4.42381,2.10329,0.00692378,0.00692378,0.0001730945,0.113543,0.107827,7.47022e-15,0.636479,results/mhd_runner/glm_sweep/ot_runs/divergence/ot_glm_sweep_coarse_n64_mixed_glm_ch2_sub2_cr1_mixed_glm.csv
orszag_tang,mixed_glm,64,finished,2.0,1.0,nan,1,4.42381,2.10329,0.00692523,0.00692523,0.00017313075,0.113554,0.107827,7.47022e-15,0.643023,results/mhd_runner/glm_sweep/ot_runs/divergence/ot_glm_sweep_coarse_n64_mixed_glm_ch2_sub1_cr1_mixed_glm.csv
orszag_tang,mixed_glm,64,finished,2.0,1.0,nan,4,4.42381,2.10329,0.0069231,0.0069231,0.0001730775,0.113538,0.107827,7.47022e-15,0.689245,results/mhd_runner/glm_sweep/ot_runs/divergence/ot_glm_sweep_coarse_n64_mixed_glm_ch2_sub4_cr1_mixed_glm.csv
orszag_tang,mixed_glm,128,finished,0.5,nan,0.8,1,1.1071,0.0611174,0.00195634,0.00195634,4.89085e-05,0.0511454,0.107596,-7.47022e-15,4.70886,results/mhd_runner/glm_sweep/ot_runs/divergence/ot_glm_sweep_coarse_n128_mixed_glm_ch0p5_sub1_cd0p8_mixed_glm.csv
orszag_tang,mixed_glm,128,finished,4.0,0.1,nan,1,8.85677,0.941104,0.00192616,0.00192616,4.8154e-05,0.055369,0.107845,-7.47022e-15,4.83325,results/mhd_runner/glm_sweep/ot_runs/divergence/ot_glm_sweep_baseline_n128_mixed_glm_mixed_glm.csv
orszag_tang,mixed_glm,128,finished,4.0,0.1,nan,1,8.85677,0.941104,0.00192616,0.00192616,4.8154e-05,0.055369,0.107845,-7.47022e-15,6.20032,results/mhd_runner/glm_sweep/ot_runs/divergence/ot_glm_sweep_coarse_n128_mixed_glm_ch4_sub1_cr0p1_mixed_glm.csv
orszag_tang,mixed_glm,128,finished,4.0,0.1,nan,2,8.85677,0.941104,0.00192616,0.00192616,4.8154e-05,0.055369,0.107845,-7.47022e-15,6.24671,results/mhd_runner/glm_sweep/ot_runs/divergence/ot_glm_sweep_coarse_n128_mixed_glm_ch4_sub2_cr0p1_mixed_glm.csv
orszag_tang,mixed_glm,128,finished,4.0,0.1,nan,8,8.85677,0.941104,0.00192577,0.00192577,4.814425e-05,0.0553638,0.107845,-7.47022e-15,6.29797,results/mhd_runner/glm_sweep/ot_runs/divergence/ot_glm_sweep_coarse_n128_mixed_glm_ch4_sub8_cr0p1_mixed_glm.csv
orszag_tang,mixed_glm,128,finished,4.0,0.1,nan,4,8.85677,0.941104,0.00192616,0.00192616,4.8154e-05,0.055369,0.107845,-7.47022e-15,6.89878,results/mhd_runner/glm_sweep/ot_runs/divergence/ot_glm_sweep_coarse_n128_mixed_glm_ch4_sub4_cr0p1_mixed_glm.csv
orszag_tang,mixed_glm,128,finished,16.0,nan,0.1,2,35.4271,0.151397,0.013836,0.013836,0.0003459,0.329055,0.109168,-7.47022e-15,12.0822,results/mhd_runner/glm_sweep/ot_runs/divergence/ot_glm_sweep_coarse_n128_mixed_glm_ch16_sub2_cd0p1_mixed_glm.csv
orszag_tang,mixed_glm,128,finished,16.0,nan,0.1,4,35.4271,0.151397,0.013836,0.013836,0.0003459,0.329055,0.109168,-7.47022e-15,12.0857,results/mhd_runner/glm_sweep/ot_runs/divergence/ot_glm_sweep_coarse_n128_mixed_glm_ch16_sub4_cd0p1_mixed_glm.csv
orszag_tang,mixed_glm,128,finished,16.0,nan,0.1,1,35.4271,0.151397,0.013836,0.013836,0.0003459,0.329055,0.109168,-7.47022e-15,12.1018,results/mhd_runner/glm_sweep/ot_runs/divergence/ot_glm_sweep_coarse_n128_mixed_glm_ch16_sub1_cd0p1_mixed_glm.csv
orszag_tang,mixed_glm,128,finished,16.0,nan,0.1,8,35.4271,0.151397,0.013836,0.013836,0.0003459,0.329055,0.109168,-7.47022e-15,12.1807,results/mhd_runner/glm_sweep/ot_runs/divergence/ot_glm_sweep_coarse_n128_mixed_glm_ch16_sub8_cd0p1_mixed_glm.csv
orszag_tang,mixed_glm,64,finished,0.5,0.01,nan,1,1.10595,0.105164,0.00739476,0.00739476,0.00018486900000000002,0.12224,0.107574,7.62916e-15,0.58799,results/mhd_runner/glm_sweep/ot_runs/divergence/ot_glm_sweep_coarse_n64_mixed_glm_ch0p5_sub1_cr0p01_mixed_glm.csv
orszag_tang,mixed_glm,64,finished,0.5,nan,0.03,4,1.10595,0.00713171,0.00751128,0.00751128,0.00018778200000000003,0.124249,0.107578,7.62916e-15,0.670312,results/mhd_runner/glm_sweep/ot_runs/divergence/ot_glm_sweep_coarse_n64_mixed_glm_ch0p5_sub4_cd0p03_mixed_glm.csv
orszag_tang,mixed_glm,128,finished,1.0,nan,0.8,2,2.21419,0.086417,0.00244267,0.00244267,6.106675e-05,0.0700435,0.107684,-7.62916e-15,4.73431,results/mhd_runner/glm_sweep/ot_runs/divergence/ot_glm_sweep_coarse_n128_mixed_glm_ch1_sub2_cd0p8_mixed_glm.csv
orszag_tang,mixed_glm,128,finished,1.0,nan,0.8,1,2.21419,0.122212,0.00244241,0.00244241,6.106025e-05,0.070016,0.107684,-7.62916e-15,5.23176,results/mhd_runner/glm_sweep/ot_runs/divergence/ot_glm_sweep_coarse_n128_mixed_glm_ch1_sub1_cd0p8_mixed_glm.csv
orszag_tang,mixed_glm,128,finished,0.5,nan,0.03,4,1.1071,0.00770858,0.00198982,0.00198982,4.97455e-05,0.0518323,0.107595,-7.62916e-15,5.80602,results/mhd_runner/glm_sweep/ot_runs/divergence/ot_glm_sweep_coarse_n128_mixed_glm_ch0p5_sub4_cd0p03_mixed_glm.csv
orszag_tang,mixed_glm,128,finished,2.0,nan,0.1,8,4.42838,0.0268921,0.00392658,0.00392658,9.81645e-05,0.122891,0.107865,-7.62916e-15,6.31276,results/mhd_runner/glm_sweep/ot_runs/divergence/ot_glm_sweep_coarse_n128_mixed_glm_ch2_sub8_cd0p1_mixed_glm.csv
orszag_tang,mixed_glm,128,finished,1.0,nan,0.01,8,2.21419,0.00951076,0.00259963,0.00259963,6.499075e-05,0.0781806,0.107688,-7.62916e-15,6.58652,results/mhd_runner/glm_sweep/ot_runs/divergence/ot_glm_sweep_coarse_n128_mixed_glm_ch1_sub8_cd0p01_mixed_glm.csv
orszag_tang,mixed_glm,64,finished,0.5,0.3,nan,2,1.10595,0.576009,0.00723153,0.00723153,0.00018078825,0.118796,0.107568,7.7881e-15,0.582223,results/mhd_runner/glm_sweep/ot_runs/divergence/ot_glm_sweep_coarse_n64_mixed_glm_ch0p5_sub2_cr0p3_mixed_glm.csv
orszag_tang,mixed_glm,64,finished,4.0,nan,0.03,8,8.84763,0.0402249,0.0184941,0.0184941,0.00046235250000000003,0.281616,0.108563,7.7881e-15,0.753959,results/mhd_runner/glm_sweep/ot_runs/divergence/ot_glm_sweep_coarse_n64_mixed_glm_ch4_sub8_cd0p03_mixed_glm.csv
orszag_tang,mixed_glm,64,finished,4.0,nan,0.03,4,8.84763,0.0568865,0.0184936,0.0184936,0.00046234,0.281604,0.108563,7.7881e-15,0.762441,results/mhd_runner/glm_sweep/ot_runs/divergence/ot_glm_sweep_coarse_n64_mixed_glm_ch4_sub4_cd0p03_mixed_glm.csv
orszag_tang,mixed_glm,64,finished,4.0,nan,0.03,1,8.84763,0.0804497,0.0184937,0.0184937,0.0004623425,0.281597,0.108563,7.7881e-15,0.766862,results/mhd_runner/glm_sweep/ot_runs/divergence/ot_glm_sweep_coarse_n64_mixed_glm_ch4_sub1_cd0p03_mixed_glm.csv
orszag_tang,mixed_glm,64,finished,4.0,nan,0.03,2,8.84763,0.0804497,0.0184937,0.0184937,0.0004623425,0.281597,0.108563,7.7881e-15,0.829279,results/mhd_runner/glm_sweep/ot_runs/divergence/ot_glm_sweep_coarse_n64_mixed_glm_ch4_sub2_cd0p03_mixed_glm.csv
orszag_tang,mixed_glm,128,finished,0.5,nan,0.5,1,1.1071,0.0346766,0.00197824,0.00197824,4.9456e-05,0.0514854,0.107596,-7.7881e-15,4.95145,results/mhd_runner/glm_sweep/ot_runs/divergence/ot_glm_sweep_coarse_n128_mixed_glm_ch0p5_sub1_cd0p5_mixed_glm.csv
orszag_tang,mixed_glm,128,finished,0.5,0.18,nan,2,1.1071,0.446405,0.00190907,0.00190907,4.772675e-05,0.0499778,0.107594,-7.7881e-15,5.3169,results/mhd_runner/glm_sweep/ot_runs/divergence/ot_glm_sweep_coarse_n128_mixed_glm_ch0p5_sub2_cr0p18_mixed_glm.csv
orszag_tang,mixed_glm,128,finished,0.5,nan,0.05,4,1.1071,0.00833995,0.00198972,0.00198972,4.9743e-05,0.0518293,0.107595,-7.7881e-15,5.52021,results/mhd_runner/glm_sweep/ot_runs/divergence/ot_glm_sweep_coarse_n128_mixed_glm_ch0p5_sub4_cd0p05_mixed_glm.csv
orszag_tang,mixed_glm,64,finished,1.0,nan,0.03,2,2.21191,0.0201629,0.0092459,0.0092459,0.0002311475,0.155864,0.107762,7.94704e-15,0.565242,results/mhd_runner/glm_sweep/ot_runs/divergence/ot_glm_sweep_coarse_n64_mixed_glm_ch1_sub2_cd0p03_mixed_glm.csv
orszag_tang,mixed_glm,64,finished,1.0,nan,0.5,1,2.21191,0.0641305,0.00899642,0.00899642,0.0002249105,0.149035,0.107757,7.94704e-15,0.611769,results/mhd_runner/glm_sweep/ot_runs/divergence/ot_glm_sweep_coarse_n64_mixed_glm_ch1_sub1_cd0p5_mixed_glm.csv
orszag_tang,mixed_glm,64,finished,1.0,nan,0.03,1,2.21191,0.0285147,0.00924617,0.00924617,0.00023115425,0.155866,0.107762,7.94704e-15,0.612622,results/mhd_runner/glm_sweep/ot_runs/divergence/ot_glm_sweep_coarse_n64_mixed_glm_ch1_sub1_cd0p03_mixed_glm.csv
orszag_tang,mixed_glm,64,finished,1.0,nan,0.5,2,2.21191,0.0453471,0.0089991,0.0089991,0.0002249775,0.149131,0.107757,7.94704e-15,0.617263,results/mhd_runner/glm_sweep/ot_runs/divergence/ot_glm_sweep_coarse_n64_mixed_glm_ch1_sub2_cd0p5_mixed_glm.csv
orszag_tang,mixed_glm,64,finished,4.0,0.03,nan,4,8.84763,0.515198,0.0100943,0.0100943,0.00025235750000000004,0.151887,0.108312,7.94704e-15,0.735988,results/mhd_runner/glm_sweep/ot_runs/divergence/ot_glm_sweep_coarse_n64_mixed_glm_ch4_sub4_cr0p03_mixed_glm.csv
orszag_tang,mixed_glm,64,finished,4.0,0.03,nan,2,8.84763,0.515198,0.0100964,0.0100964,0.00025241,0.151899,0.108312,7.94704e-15,0.752975,results/mhd_runner/glm_sweep/ot_runs/divergence/ot_glm_sweep_coarse_n64_mixed_glm_ch4_sub2_cr0p03_mixed_glm.csv
orszag_tang,mixed_glm,64,finished,4.0,0.03,nan,1,8.84763,0.515198,0.0100964,0.0100964,0.00025241,0.151899,0.108312,7.94704e-15,0.760123,results/mhd_runner/glm_sweep/ot_runs/divergence/ot_glm_sweep_coarse_n64_mixed_glm_ch4_sub1_cr0p03_mixed_glm.csv
orszag_tang,mixed_glm,64,finished,4.0,0.03,nan,8,8.84763,0.515198,0.0100932,0.0100932,0.00025233,0.151879,0.108312,7.94704e-15,0.781126,results/mhd_runner/glm_sweep/ot_runs/divergence/ot_glm_sweep_coarse_n64_mixed_glm_ch4_sub8_cr0p03_mixed_glm.csv
orszag_tang,mixed_glm,128,finished,0.5,0.03,nan,1,1.1071,0.182244,0.00192747,0.00192747,4.818675e-05,0.050534,0.107595,-7.94704e-15,4.47049,results/mhd_runner/glm_sweep/ot_runs/divergence/ot_glm_sweep_coarse_n128_mixed_glm_ch0p5_sub1_cr0p03_mixed_glm.csv
orszag_tang,mixed_glm,128,finished,1.0,0.3,nan,2,2.21419,0.81502,0.00211138,0.00211138,5.27845e-05,0.0569649,0.107665,-7.94704e-15,4.73347,results/mhd_runner/glm_sweep/ot_runs/divergence/ot_glm_sweep_coarse_n128_mixed_glm_ch1_sub2_cr0p3_mixed_glm.csv
orszag_tang,mixed_glm,128,finished,2.0,nan,0.1,2,4.42838,0.0537844,0.00391931,0.00391931,9.798275e-05,0.122573,0.107864,-7.94704e-15,5.2,results/mhd_runner/glm_sweep/ot_runs/divergence/ot_glm_sweep_coarse_n128_mixed_glm_ch2_sub2_cd0p1_mixed_glm.csv
orszag_tang,mixed_glm,128,finished,2.0,nan,0.1,1,4.42838,0.0537844,0.00391931,0.00391931,9.798275e-05,0.122573,0.107864,-7.94704e-15,5.20593,results/mhd_runner/glm_sweep/ot_runs/divergence/ot_glm_sweep_coarse_n128_mixed_glm_ch2_sub1_cd0p1_mixed_glm.csv
orszag_tang,mixed_glm,128,finished,1.0,0.3,nan,1,2.21419,0.81502,0.00211192,0.00211192,5.2798000000000005e-05,0.0569749,0.107665,-7.94704e-15,5.24905,results/mhd_runner/glm_sweep/ot_runs/divergence/ot_glm_sweep_coarse_n128_mixed_glm_ch1_sub1_cr0p3_mixed_glm.csv
orszag_tang,mixed_glm,128,finished,1.0,0.01,nan,4,2.21419,0.148802,0.00237748,0.00237748,5.9437e-05,0.0667354,0.107681,-7.94704e-15,5.27964,results/mhd_runner/glm_sweep/ot_runs/divergence/ot_glm_sweep_coarse_n128_mixed_glm_ch1_sub4_cr0p01_mixed_glm.csv
orszag_tang,mixed_glm,128,finished,2.0,nan,0.1,4,4.42838,0.0380313,0.00391965,0.00391965,9.799125000000001e-05,0.122602,0.107864,-7.94704e-15,5.52643,results/mhd_runner/glm_sweep/ot_runs/divergence/ot_glm_sweep_coarse_n128_mixed_glm_ch2_sub4_cd0p1_mixed_glm.csv
orszag_tang,mixed_glm,128,finished,8.0,nan,0.5,8,17.7135,0.195649,0.00861211,0.00861211,0.00021530275,0.227428,0.108587,-7.94704e-15,8.22603,results/mhd_runner/glm_sweep/ot_runs/divergence/ot_glm_sweep_coarse_n128_mixed_glm_ch8_sub8_cd0p5_mixed_glm.csv
orszag_tang,mixed_glm,128,finished,8.0,nan,0.5,1,17.7135,0.195649,0.00861211,0.00861211,0.00021530275,0.227428,0.108587,-7.94704e-15,8.23064,results/mhd_runner/glm_sweep/ot_runs/divergence/ot_glm_sweep_coarse_n128_mixed_glm_ch8_sub1_cd0p5_mixed_glm.csv
orszag_tang,mixed_glm,128,finished,8.0,nan,0.5,2,17.7135,0.195649,0.00861211,0.00861211,0.00021530275,0.227428,0.108587,-7.94704e-15,8.57543,results/mhd_runner/glm_sweep/ot_runs/divergence/ot_glm_sweep_coarse_n128_mixed_glm_ch8_sub2_cd0p5_mixed_glm.csv
orszag_tang,mixed_glm,128,finished,8.0,nan,0.5,4,17.7135,0.195649,0.00861211,0.00861211,0.00021530275,0.227428,0.108587,-7.94704e-15,8.62422,results/mhd_runner/glm_sweep/ot_runs/divergence/ot_glm_sweep_coarse_n128_mixed_glm_ch8_sub4_cd0p5_mixed_glm.csv
orszag_tang,mixed_glm,64,finished,2.0,0.05,nan,8,4.42381,0.470309,0.00854824,0.00854824,0.00021370600000000003,0.139549,0.107945,8.10598e-15,0.79743,results/mhd_runner/glm_sweep/ot_runs/divergence/ot_glm_sweep_coarse_n64_mixed_glm_ch2_sub8_cr0p05_mixed_glm.csv
orszag_tang,mixed_glm,64,finished,16.0,nan,0.03,2,35.3905,0.170193,0.0323422,0.0323422,0.0008085550000000001,0.371273,0.10961,8.10598e-15,1.51713,results/mhd_runner/glm_sweep/ot_runs/divergence/ot_glm_sweep_coarse_n64_mixed_glm_ch16_sub2_cd0p03_mixed_glm.csv
orszag_tang,mixed_glm,64,finished,16.0,nan,0.03,4,35.3905,0.170193,0.0323422,0.0323422,0.0008085550000000001,0.371273,0.10961,8.10598e-15,1.56439,results/mhd_runner/glm_sweep/ot_runs/divergence/ot_glm_sweep_coarse_n64_mixed_glm_ch16_sub4_cd0p03_mixed_glm.csv
orszag_tang,mixed_glm,64,finished,16.0,nan,0.03,8,35.3905,0.159201,0.0323442,0.0323442,0.000808605,0.371302,0.10961,8.10598e-15,1.62163,results/mhd_runner/glm_sweep/ot_runs/divergence/ot_glm_sweep_coarse_n64_mixed_glm_ch16_sub8_cd0p03_mixed_glm.csv
orszag_tang,mixed_glm,64,finished,16.0,nan,0.03,1,35.3905,0.170193,0.0323422,0.0323422,0.0008085550000000001,0.371273,0.10961,8.10598e-15,1.64194,results/mhd_runner/glm_sweep/ot_runs/divergence/ot_glm_sweep_coarse_n64_mixed_glm_ch16_sub1_cd0p03_mixed_glm.csv
orszag_tang,mixed_glm,128,finished,2.0,nan,0.05,1,4.42838,0.0471533,0.00393146,0.00393146,9.828650000000001e-05,0.123107,0.107865,-8.10598e-15,5.25148,results/mhd_runner/glm_sweep/ot_runs/divergence/ot_glm_sweep_coarse_n128_mixed_glm_ch2_sub1_cd0p05_mixed_glm.csv
orszag_tang,hyperbolic_glm,128,finished,0.5,nan,nan,4,1.1071,nan,0.00190338,0.00190338,4.7584500000000005e-05,0.0497873,0.107594,-8.10598e-15,5.26442,results/mhd_runner/glm_sweep/ot_runs/divergence/ot_glm_sweep_coarse_n128_hyperbolic_glm_ch0p5_sub4_unused_hyperbolic_glm.csv
orszag_tang,mixed_glm,128,finished,2.0,nan,0.05,4,4.42838,0.0333424,0.00393145,0.00393145,9.828625000000002e-05,0.123116,0.107865,-8.10598e-15,5.27231,results/mhd_runner/glm_sweep/ot_runs/divergence/ot_glm_sweep_coarse_n128_mixed_glm_ch2_sub4_cd0p05_mixed_glm.csv
orszag_tang,mixed_glm,128,finished,2.0,nan,0.05,2,4.42838,0.0471533,0.00393146,0.00393146,9.828650000000001e-05,0.123107,0.107865,-8.10598e-15,5.72754,results/mhd_runner/glm_sweep/ot_runs/divergence/ot_glm_sweep_coarse_n128_mixed_glm_ch2_sub2_cd0p05_mixed_glm.csv
orszag_tang,mixed_glm,128,finished,0.5,0.01,nan,4,1.1071,0.105219,0.00194051,0.00194051,4.8512750000000004e-05,0.0507478,0.107595,-8.10598e-15,5.79562,results/mhd_runner/glm_sweep/ot_runs/divergence/ot_glm_sweep_coarse_n128_mixed_glm_ch0p5_sub4_cr0p01_mixed_glm.csv
orszag_tang,mixed_glm,128,finished,0.5,nan,0.01,8,1.1071,0.00475639,0.00198968,0.00198968,4.9742000000000006e-05,0.0518259,0.107595,-8.10598e-15,6.60973,results/mhd_runner/glm_sweep/ot_runs/divergence/ot_glm_sweep_coarse_n128_mixed_glm_ch0p5_sub8_cd0p01_mixed_glm.csv
orszag_tang,hyperbolic_glm,128,finished,0.5,nan,nan,8,1.1071,nan,0.00190224,0.00190224,4.7556000000000003e-05,0.0497421,0.107594,-8.10598e-15,6.95898,results/mhd_runner/glm_sweep/ot_runs/divergence/ot_glm_sweep_coarse_n128_hyperbolic_glm_ch0p5_sub8_unused_hyperbolic_glm.csv
orszag_tang,none,64,finished,4.0,nan,nan,1,nan,nan,0.00651563,0.00651563,0.00016289075,0.0943929,0.107397,8.26492e-15,0.409504,results/mhd_runner/glm_sweep/ot_runs/divergence/ot_glm_sweep_baseline_n64_none_none.csv
orszag_tang,mixed_glm,64,finished,1.0,0.18,nan,8,2.21191,0.630986,0.00773331,0.00773331,0.00019333275,0.128453,0.107714,8.26492e-15,0.788661,results/mhd_runner/glm_sweep/ot_runs/divergence/ot_glm_sweep_coarse_n64_mixed_glm_ch1_sub8_cr0p18_mixed_glm.csv
orszag_tang,mixed_glm,128,finished,16.0,nan,0.8,8,35.4271,0.485356,0.00770333,0.00770333,0.00019258325000000003,0.174901,0.108915,-8.26492e-15,12.2279,results/mhd_runner/glm_sweep/ot_runs/divergence/ot_glm_sweep_coarse_n128_mixed_glm_ch16_sub8_cd0p8_mixed_glm.csv
orszag_tang,mixed_glm,128,finished,16.0,nan,0.8,2,35.4271,0.485356,0.00770333,0.00770333,0.00019258325000000003,0.174901,0.108915,-8.26492e-15,12.6991,results/mhd_runner/glm_sweep/ot_runs/divergence/ot_glm_sweep_coarse_n128_mixed_glm_ch16_sub2_cd0p8_mixed_glm.csv
orszag_tang,mixed_glm,128,finished,16.0,nan,0.8,4,35.4271,0.485356,0.00770333,0.00770333,0.00019258325000000003,0.174901,0.108915,-8.26492e-15,12.7187,results/mhd_runner/glm_sweep/ot_runs/divergence/ot_glm_sweep_coarse_n128_mixed_glm_ch16_sub4_cd0p8_mixed_glm.csv
orszag_tang,mixed_glm,128,finished,16.0,nan,0.8,1,35.4271,0.485356,0.00770333,0.00770333,0.00019258325000000003,0.174901,0.108915,-8.26492e-15,13.3173,results/mhd_runner/glm_sweep/ot_runs/divergence/ot_glm_sweep_coarse_n128_mixed_glm_ch16_sub1_cd0p8_mixed_glm.csv
orszag_tang,mixed_glm,128,finished,0.5,nan,0.05,1,1.1071,0.0166798,0.00199066,0.00199066,4.9766500000000005e-05,0.051871,0.107596,-8.42386e-15,4.71708,results/mhd_runner/glm_sweep/ot_runs/divergence/ot_glm_sweep_coarse_n128_mixed_glm_ch0p5_sub1_cd0p05_mixed_glm.csv
orszag_tang,mixed_glm,128,finished,2.0,1.0,nan,2,4.42838,2.10437,0.00190491,0.00190491,4.762275e-05,0.0523708,0.107712,-8.42386e-15,5.20473,results/mhd_runner/glm_sweep/ot_runs/divergence/ot_glm_sweep_coarse_n128_mixed_glm_ch2_sub2_cr1_mixed_glm.csv
orszag_tang,mixed_glm,128,finished,2.0,1.0,nan,4,4.42838,2.10437,0.00190445,0.00190445,4.7611250000000006e-05,0.052363,0.107712,-8.42386e-15,5.23045,results/mhd_runner/glm_sweep/ot_runs/divergence/ot_glm_sweep_coarse_n128_mixed_glm_ch2_sub4_cr1_mixed_glm.csv
orszag_tang,mixed_glm,128,finished,2.0,0.1,nan,1,4.42838,0.665461,0.00218215,0.00218215,5.455375e-05,0.0602591,0.107753,-8.42386e-15,5.24404,results/mhd_runner/glm_sweep/ot_runs/divergence/ot_glm_sweep_coarse_n128_mixed_glm_ch2_sub1_cr0p1_mixed_glm.csv
orszag_tang,mixed_glm,128,finished,2.0,0.1,nan,2,4.42838,0.665461,0.00218215,0.00218215,5.455375e-05,0.0602591,0.107753,-8.42386e-15,5.25662,results/mhd_runner/glm_sweep/ot_runs/divergence/ot_glm_sweep_coarse_n128_mixed_glm_ch2_sub2_cr0p1_mixed_glm.csv
orszag_tang,mixed_glm,128,finished,2.0,1.0,nan,1,4.42838,2.10437,0.00190491,0.00190491,4.762275e-05,0.0523708,0.107712,-8.42386e-15,5.25665,results/mhd_runner/glm_sweep/ot_runs/divergence/ot_glm_sweep_coarse_n128_mixed_glm_ch2_sub1_cr1_mixed_glm.csv
orszag_tang,mixed_glm,128,finished,2.0,0.1,nan,4,4.42838,0.665461,0.0021816,0.0021816,5.454e-05,0.0602513,0.107753,-8.42386e-15,5.48095,results/mhd_runner/glm_sweep/ot_runs/divergence/ot_glm_sweep_coarse_n128_mixed_glm_ch2_sub4_cr0p1_mixed_glm.csv
orszag_tang,mixed_glm,128,finished,8.0,nan,0.2,4,17.7135,0.12841,0.00947167,0.00947167,0.00023679175000000002,0.25494,0.108619,-8.42386e-15,8.19246,results/mhd_runner/glm_sweep/ot_runs/divergence/ot_glm_sweep_coarse_n128_mixed_glm_ch8_sub4_cd0p2_mixed_glm.csv
orszag_tang,mixed_glm,128,finished,8.0,nan,0.8,8,17.7135,0.344703,0.00645954,0.00645954,0.0001614885,0.163348,0.108474,-8.42386e-15,8.5882,results/mhd_runner/glm_sweep/ot_runs/divergence/ot_glm_sweep_coarse_n128_mixed_glm_ch8_sub8_cd0p8_mixed_glm.csv
orszag_tang,mixed_glm,128,finished,8.0,nan,0.2,8,17.7135,0.12841,0.00947167,0.00947167,0.00023679175000000002,0.25494,0.108619,-8.42386e-15,8.60316,results/mhd_runner/glm_sweep/ot_runs/divergence/ot_glm_sweep_coarse_n128_mixed_glm_ch8_sub8_cd0p2_mixed_glm.csv
orszag_tang,mixed_glm,128,finished,8.0,nan,0.2,2,17.7135,0.12841,0.00947167,0.00947167,0.00023679175000000002,0.25494,0.108619,-8.42386e-15,8.6165,results/mhd_runner/glm_sweep/ot_runs/divergence/ot_glm_sweep_coarse_n128_mixed_glm_ch8_sub2_cd0p2_mixed_glm.csv
orszag_tang,mixed_glm,128,finished,8.0,nan,0.8,1,17.7135,0.344703,0.00645954,0.00645954,0.0001614885,0.163348,0.108474,-8.42386e-15,8.6226,results/mhd_runner/glm_sweep/ot_runs/divergence/ot_glm_sweep_coarse_n128_mixed_glm_ch8_sub1_cd0p8_mixed_glm.csv
orszag_tang,mixed_glm,128,finished,8.0,nan,0.8,4,17.7135,0.344703,0.00645954,0.00645954,0.0001614885,0.163348,0.108474,-8.42386e-15,8.63192,results/mhd_runner/glm_sweep/ot_runs/divergence/ot_glm_sweep_coarse_n128_mixed_glm_ch8_sub4_cd0p8_mixed_glm.csv
orszag_tang,mixed_glm,128,finished,8.0,nan,0.8,2,17.7135,0.344703,0.00645954,0.00645954,0.0001614885,0.163348,0.108474,-8.42386e-15,9.03778,results/mhd_runner/glm_sweep/ot_runs/divergence/ot_glm_sweep_coarse_n128_mixed_glm_ch8_sub2_cd0p8_mixed_glm.csv
orszag_tang,mixed_glm,128,finished,8.0,nan,0.2,1,17.7135,0.12841,0.00947167,0.00947167,0.00023679175000000002,0.25494,0.108619,-8.42386e-15,9.08112,results/mhd_runner/glm_sweep/ot_runs/divergence/ot_glm_sweep_coarse_n128_mixed_glm_ch8_sub1_cd0p2_mixed_glm.csv
orszag_tang,mixed_glm,64,finished,2.0,nan,0.5,2,4.42381,0.0906063,0.0120086,0.0120086,0.000300215,0.19573,0.108085,8.58281e-15,0.690648,results/mhd_runner/glm_sweep/ot_runs/divergence/ot_glm_sweep_coarse_n64_mixed_glm_ch2_sub2_cd0p5_mixed_glm.csv
orszag_tang,mixed_glm,64,finished,2.0,nan,0.5,1,4.42381,0.128137,0.012003,0.012003,0.000300075,0.195571,0.108085,8.58281e-15,0.691057,results/mhd_runner/glm_sweep/ot_runs/divergence/ot_glm_sweep_coarse_n64_mixed_glm_ch2_sub1_cd0p5_mixed_glm.csv
orszag_tang,mixed_glm,64,finished,2.0,nan,0.5,4,4.42381,0.0640683,0.0120221,0.0120221,0.00030055250000000005,0.196092,0.108085,8.58281e-15,0.797911,results/mhd_runner/glm_sweep/ot_runs/divergence/ot_glm_sweep_coarse_n64_mixed_glm_ch2_sub4_cd0p5_mixed_glm.csv
orszag_tang,mixed_glm,128,finished,4.0,0.05,nan,2,8.85677,0.665461,0.00243697,0.00243697,6.0924250000000005e-05,0.0690556,0.107915,-8.58281e-15,6.24027,results/mhd_runner/glm_sweep/ot_runs/divergence/ot_glm_sweep_coarse_n128_mixed_glm_ch4_sub2_cr0p05_mixed_glm.csv
orszag_tang,mixed_glm,128,finished,4.0,0.05,nan,4,8.85677,0.665461,0.00243697,0.00243697,6.0924250000000005e-05,0.0690556,0.107915,-8.58281e-15,6.24594,results/mhd_runner/glm_sweep/ot_runs/divergence/ot_glm_sweep_coarse_n128_mixed_glm_ch4_sub4_cr0p05_mixed_glm.csv
orszag_tang,mixed_glm,128,finished,0.5,nan,0.03,8,1.1071,0.00545079,0.00198963,0.00198963,4.9740750000000007e-05,0.0518244,0.107595,-8.58281e-15,6.29975,results/mhd_runner/glm_sweep/ot_runs/divergence/ot_glm_sweep_coarse_n128_mixed_glm_ch0p5_sub8_cd0p03_mixed_glm.csv
orszag_tang,mixed_glm,128,finished,4.0,0.05,nan,8,8.85677,0.665461,0.00243641,0.00243641,6.091025e-05,0.069048,0.107915,-8.58281e-15,6.57661,results/mhd_runner/glm_sweep/ot_runs/divergence/ot_glm_sweep_coarse_n128_mixed_glm_ch4_sub8_cr0p05_mixed_glm.csv
orszag_tang,mixed_glm,128,finished,4.0,0.05,nan,1,8.85677,0.665461,0.00243697,0.00243697,6.0924250000000005e-05,0.0690556,0.107915,-8.58281e-15,6.8224,results/mhd_runner/glm_sweep/ot_runs/divergence/ot_glm_sweep_coarse_n128_mixed_glm_ch4_sub1_cr0p05_mixed_glm.csv
orszag_tang,mixed_glm,64,finished,0.5,1.0,nan,8,1.10595,1.05164,0.00720553,0.00720553,0.00018013825000000002,0.118319,0.107567,8.74175e-15,0.769678,results/mhd_runner/glm_sweep/ot_runs/divergence/ot_glm_sweep_coarse_n64_mixed_glm_ch0p5_sub8_cr1_mixed_glm.csv
orszag_tang,hyperbolic_glm,64,finished,2.0,nan,nan,8,4.42381,nan,0.00678471,0.00678471,0.00016961775,0.111048,0.107813,8.74175e-15,0.821205,results/mhd_runner/glm_sweep/ot_runs/divergence/ot_glm_sweep_coarse_n64_hyperbolic_glm_ch2_sub8_unused_hyperbolic_glm.csv
orszag_tang,mixed_glm,128,finished,16.0,0.05,nan,2,35.4271,1.33092,0.00208785,0.00208785,5.2196250000000004e-05,0.0505591,0.108443,-8.74175e-15,12.0502,results/mhd_runner/glm_sweep/ot_runs/divergence/ot_glm_sweep_coarse_n128_mixed_glm_ch16_sub2_cr0p05_mixed_glm.csv
orszag_tang,mixed_glm,128,finished,16.0,0.05,nan,4,35.4271,1.33092,0.00208785,0.00208785,5.2196250000000004e-05,0.0505591,0.108443,-8.74175e-15,12.1115,results/mhd_runner/glm_sweep/ot_runs/divergence/ot_glm_sweep_coarse_n128_mixed_glm_ch16_sub4_cr0p05_mixed_glm.csv
orszag_tang,mixed_glm,128,finished,16.0,0.05,nan,1,35.4271,1.33092,0.00208785,0.00208785,5.2196250000000004e-05,0.0505591,0.108443,-8.74175e-15,13.3316,results/mhd_runner/glm_sweep/ot_runs/divergence/ot_glm_sweep_coarse_n128_mixed_glm_ch16_sub1_cr0p05_mixed_glm.csv
orszag_tang,mixed_glm,128,finished,16.0,0.05,nan,8,35.4271,1.33092,0.00208785,0.00208785,5.2196250000000004e-05,0.0505591,0.108443,-8.74175e-15,13.3905,results/mhd_runner/glm_sweep/ot_runs/divergence/ot_glm_sweep_coarse_n128_mixed_glm_ch16_sub8_cr0p05_mixed_glm.csv
orszag_tang,mixed_glm,64,finished,1.0,nan,0.2,8,2.21191,0.0148806,0.00920486,0.00920486,0.00023012150000000002,0.154855,0.107761,8.90069e-15,0.768816,results/mhd_runner/glm_sweep/ot_runs/divergence/ot_glm_sweep_coarse_n64_mixed_glm_ch1_sub8_cd0p2_mixed_glm.csv
orszag_tang,mixed_glm,128,finished,0.5,0.3,nan,4,1.1071,0.576306,0.00190545,0.00190545,4.763625e-05,0.0498483,0.107594,-8.90069e-15,5.80138,results/mhd_runner/glm_sweep/ot_runs/divergence/ot_glm_sweep_coarse_n128_mixed_glm_ch0p5_sub4_cr0p3_mixed_glm.csv
orszag_tang,mixed_glm,128,finished,4.0,0.01,nan,2,8.85677,0.297603,0.00431876,0.00431876,0.000107969,0.117502,0.108074,-8.90069e-15,6.22316,results/mhd_runner/glm_sweep/ot_runs/divergence/ot_glm_sweep_coarse_n128_mixed_glm_ch4_sub2_cr0p01_mixed_glm.csv
orszag_tang,mixed_glm,128,finished,4.0,nan,0.1,2,8.85677,0.0760143,0.00624811,0.00624811,0.00015620275000000002,0.186071,0.10816,-8.90069e-15,6.25059,results/mhd_runner/glm_sweep/ot_runs/divergence/ot_glm_sweep_coarse_n128_mixed_glm_ch4_sub2_cd0p1_mixed_glm.csv
orszag_tang,mixed_glm,128,finished,4.0,0.01,nan,1,8.85677,0.297603,0.00431876,0.00431876,0.000107969,0.117502,0.108074,-8.90069e-15,6.25867,results/mhd_runner/glm_sweep/ot_runs/divergence/ot_glm_sweep_coarse_n128_mixed_glm_ch4_sub1_cr0p01_mixed_glm.csv
orszag_tang,mixed_glm,128,finished,4.0,nan,0.1,8,8.85677,0.0537503,0.00625009,0.00625009,0.00015625225,0.18617,0.10816,-8.90069e-15,6.30244,results/mhd_runner/glm_sweep/ot_runs/divergence/ot_glm_sweep_coarse_n128_mixed_glm_ch4_sub8_cd0p1_mixed_glm.csv
orszag_tang,mixed_glm,128,finished,4.0,0.01,nan,4,8.85677,0.297603,0.00431876,0.00431876,0.000107969,0.117502,0.108074,-8.90069e-15,6.58258,results/mhd_runner/glm_sweep/ot_runs/divergence/ot_glm_sweep_coarse_n128_mixed_glm_ch4_sub4_cr0p01_mixed_glm.csv
orszag_tang,mixed_glm,128,finished,4.0,nan,0.1,1,8.85677,0.0760143,0.00624811,0.00624811,0.00015620275000000002,0.186071,0.10816,-8.90069e-15,6.79929,results/mhd_runner/glm_sweep/ot_runs/divergence/ot_glm_sweep_coarse_n128_mixed_glm_ch4_sub1_cd0p1_mixed_glm.csv
orszag_tang,mixed_glm,128,finished,4.0,nan,0.1,4,8.85677,0.0760143,0.00624811,0.00624811,0.00015620275000000002,0.186071,0.10816,-8.90069e-15,6.85405,results/mhd_runner/glm_sweep/ot_runs/divergence/ot_glm_sweep_coarse_n128_mixed_glm_ch4_sub4_cd0p1_mixed_glm.csv
orszag_tang,mixed_glm,128,finished,4.0,0.01,nan,8,8.85677,0.297603,0.0043169,0.0043169,0.00010792250000000001,0.11741,0.108074,-8.90069e-15,6.91491,results/mhd_runner/glm_sweep/ot_runs/divergence/ot_glm_sweep_coarse_n128_mixed_glm_ch4_sub8_cr0p01_mixed_glm.csv
orszag_tang,mixed_glm,128,finished,1.0,nan,0.5,8,2.21419,0.0245148,0.0025843,0.0025843,6.46075e-05,0.0773563,0.107687,-8.90069e-15,6.96282,results/mhd_runner/glm_sweep/ot_runs/divergence/ot_glm_sweep_coarse_n128_mixed_glm_ch1_sub8_cd0p5_mixed_glm.csv
orszag_tang,mixed_glm,64,finished,0.5,0.03,nan,4,1.10595,0.18215,0.00727695,0.00727695,0.00018192375,0.119951,0.10757,9.05963e-15,0.632288,results/mhd_runner/glm_sweep/ot_runs/divergence/ot_glm_sweep_coarse_n64_mixed_glm_ch0p5_sub4_cr0p03_mixed_glm.csv
orszag_tang,mixed_glm,128,finished,2.0,nan,0.5,1,4.42838,0.0980291,0.00375478,0.00375478,9.386950000000001e-05,0.115446,0.10786,-9.05963e-15,5.19511,results/mhd_runner/glm_sweep/ot_runs/divergence/ot_glm_sweep_coarse_n128_mixed_glm_ch2_sub1_cd0p5_mixed_glm.csv
orszag_tang,mixed_glm,128,finished,1.0,nan,0.8,4,2.21419,0.0611049,0.00250146,0.00250146,6.253650000000001e-05,0.0729951,0.107686,-9.05963e-15,5.22103,results/mhd_runner/glm_sweep/ot_runs/divergence/ot_glm_sweep_coarse_n128_mixed_glm_ch1_sub4_cd0p8_mixed_glm.csv
orszag_tang,mixed_glm,128,finished,2.0,nan,0.5,2,4.42838,0.0980291,0.00375478,0.00375478,9.386950000000001e-05,0.115446,0.10786,-9.05963e-15,5.24204,results/mhd_runner/glm_sweep/ot_runs/divergence/ot_glm_sweep_coarse_n128_mixed_glm_ch2_sub2_cd0p5_mixed_glm.csv
orszag_tang,mixed_glm,128,finished,2.0,nan,0.5,4,4.42838,0.069317,0.00375836,0.00375836,9.395900000000001e-05,0.11565,0.10786,-9.05963e-15,5.26237,results/mhd_runner/glm_sweep/ot_runs/divergence/ot_glm_sweep_coarse_n128_mixed_glm_ch2_sub4_cd0p5_mixed_glm.csv
orszag_tang,mixed_glm,128,finished,2.0,nan,0.2,8,4.42838,0.0321659,0.00391242,0.00391242,9.78105e-05,0.122273,0.107864,-9.05963e-15,6.60854,results/mhd_runner/glm_sweep/ot_runs/divergence/ot_glm_sweep_coarse_n128_mixed_glm_ch2_sub8_cd0p2_mixed_glm.csv
orszag_tang,mixed_glm,64,finished,8.0,nan,0.1,4,17.6953,0.139912,0.0253825,0.0253825,0.0006345625,0.339782,0.109118,9.21857e-15,0.993302,results/mhd_runner/glm_sweep/ot_runs/divergence/ot_glm_sweep_coarse_n64_mixed_glm_ch8_sub4_cd0p1_mixed_glm.csv
orszag_tang,mixed_glm,64,finished,8.0,nan,0.1,1,17.6953,0.139912,0.0253825,0.0253825,0.0006345625,0.339782,0.109118,9.21857e-15,0.993946,results/mhd_runner/glm_sweep/ot_runs/divergence/ot_glm_sweep_coarse_n64_mixed_glm_ch8_sub1_cd0p1_mixed_glm.csv
orszag_tang,mixed_glm,64,finished,8.0,nan,0.1,2,17.6953,0.139912,0.0253825,0.0253825,0.0006345625,0.339782,0.109118,9.21857e-15,1.0025,results/mhd_runner/glm_sweep/ot_runs/divergence/ot_glm_sweep_coarse_n64_mixed_glm_ch8_sub2_cd0p1_mixed_glm.csv
orszag_tang,mixed_glm,64,finished,8.0,nan,0.1,8,17.6953,0.0989324,0.0253964,0.0253964,0.00063491,0.340049,0.109118,9.21857e-15,1.12749,results/mhd_runner/glm_sweep/ot_runs/divergence/ot_glm_sweep_coarse_n64_mixed_glm_ch8_sub8_cd0p1_mixed_glm.csv
orszag_tang,mixed_glm,128,finished,2.0,nan,0.2,2,4.42838,0.0643321,0.00389117,0.00389117,9.727925e-05,0.121342,0.107864,-9.21857e-15,5.22688,results/mhd_runner/glm_sweep/ot_runs/divergence/ot_glm_sweep_coarse_n128_mixed_glm_ch2_sub2_cd0p2_mixed_glm.csv
orszag_tang,mixed_glm,128,finished,0.5,nan,0.1,4,1.1071,0.00951277,0.00198946,0.00198946,4.973650000000001e-05,0.0518211,0.107595,-9.21857e-15,5.25971,results/mhd_runner/glm_sweep/ot_runs/divergence/ot_glm_sweep_coarse_n128_mixed_glm_ch0p5_sub4_cd0p1_mixed_glm.csv
orszag_tang,mixed_glm,128,finished,2.0,nan,0.2,1,4.42838,0.0643321,0.00389117,0.00389117,9.727925e-05,0.121342,0.107864,-9.21857e-15,5.45409,results/mhd_runner/glm_sweep/ot_runs/divergence/ot_glm_sweep_coarse_n128_mixed_glm_ch2_sub1_cd0p2_mixed_glm.csv
orszag_tang,mixed_glm,128,finished,1.0,0.18,nan,4,2.21419,0.631312,0.0021163,0.0021163,5.290750000000001e-05,0.0571008,0.107665,-9.21857e-15,5.51341,results/mhd_runner/glm_sweep/ot_runs/divergence/ot_glm_sweep_coarse_n128_mixed_glm_ch1_sub4_cr0p18_mixed_glm.csv
orszag_tang,mixed_glm,128,finished,2.0,nan,0.2,4,4.42838,0.0454897,0.00389227,0.00389227,9.730675e-05,0.121411,0.107864,-9.21857e-15,5.78809,results/mhd_runner/glm_sweep/ot_runs/divergence/ot_glm_sweep_coarse_n128_mixed_glm_ch2_sub4_cd0p2_mixed_glm.csv
orszag_tang,mixed_glm,64,finished,1.0,1.0,nan,2,2.21191,1.48725,0.00770154,0.00770154,0.0001925385,0.127835,0.107712,9.37751e-15,0.578198,results/mhd_runner/glm_sweep/ot_runs/divergence/ot_glm_sweep_coarse_n64_mixed_glm_ch1_sub2_cr1_mixed_glm.csv
orszag_tang,mixed_glm,64,finished,1.0,1.0,nan,1,2.21191,1.48725,0.00770251,0.00770251,0.00019256275,0.127845,0.107712,9.37751e-15,0.627191,results/mhd_runner/glm_sweep/ot_runs/divergence/ot_glm_sweep_coarse_n64_mixed_glm_ch1_sub1_cr1_mixed_glm.csv
orszag_tang,mixed_glm,128,finished,0.5,1.0,nan,2,1.1071,1.05219,0.0019063,0.0019063,4.76575e-05,0.0498973,0.107594,-9.37751e-15,5.01176,results/mhd_runner/glm_sweep/ot_runs/divergence/ot_glm_sweep_coarse_n128_mixed_glm_ch0p5_sub2_cr1_mixed_glm.csv
orszag_tang,mixed_glm,128,finished,0.5,0.05,nan,1,1.1071,0.235276,0.00192146,0.00192146,4.803650000000001e-05,0.0503771,0.107595,-9.53645e-15,4.71176,results/mhd_runner/glm_sweep/ot_runs/divergence/ot_glm_sweep_coarse_n128_mixed_glm_ch0p5_sub1_cr0p05_mixed_glm.csv
orszag_tang,mixed_glm,128,finished,1.0,nan,0.8,8,2.21419,0.0432071,0.00254333,0.00254333,6.358325e-05,0.0751754,0.107687,-9.53645e-15,6.30195,results/mhd_runner/glm_sweep/ot_runs/divergence/ot_glm_sweep_coarse_n128_mixed_glm_ch1_sub8_cd0p8_mixed_glm.csv
orszag_tang,mixed_glm,128,finished,2.0,nan,0.5,8,4.42838,0.0490143,0.00383988,0.00383988,9.599700000000001e-05,0.119124,0.107863,-9.53645e-15,6.64703,results/mhd_runner/glm_sweep/ot_runs/divergence/ot_glm_sweep_coarse_n128_mixed_glm_ch2_sub8_cd0p5_mixed_glm.csv
orszag_tang,mixed_glm,128,finished,0.5,nan,0.1,8,1.1071,0.00672655,0.00198945,0.00198945,4.973625e-05,0.0518187,0.107595,-9.53645e-15,6.99664,results/mhd_runner/glm_sweep/ot_runs/divergence/ot_glm_sweep_coarse_n128_mixed_glm_ch0p5_sub8_cd0p1_mixed_glm.csv
orszag_tang,hyperbolic_glm,128,finished,0.5,nan,nan,1,1.1071,nan,0.00191032,0.00191032,4.7758000000000006e-05,0.0500663,0.107594,-9.69539e-15,4.45382,results/mhd_runner/glm_sweep/ot_runs/divergence/ot_glm_sweep_coarse_n128_hyperbolic_glm_ch0p5_sub1_unused_hyperbolic_glm.csv
orszag_tang,hyperbolic_glm,128,finished,0.5,nan,nan,2,1.1071,nan,0.00190567,0.00190567,4.764175e-05,0.0498788,0.107594,-9.69539e-15,4.95631,results/mhd_runner/glm_sweep/ot_runs/divergence/ot_glm_sweep_coarse_n128_hyperbolic_glm_ch0p5_sub2_unused_hyperbolic_glm.csv
orszag_tang,mixed_glm,128,finished,1.0,nan,0.1,8,2.21419,0.0134503,0.00259802,0.00259802,6.49505e-05,0.0780937,0.107688,-9.69539e-15,6.91458,results/mhd_runner/glm_sweep/ot_runs/divergence/ot_glm_sweep_coarse_n128_mixed_glm_ch1_sub8_cd0p1_mixed_glm.csv
orszag_tang,mixed_glm,128,finished,1.0,nan,0.1,4,2.21419,0.0190215,0.00259754,0.00259754,6.49385e-05,0.0780569,0.107687,-9.85433e-15,5.77307,results/mhd_runner/glm_sweep/ot_runs/divergence/ot_glm_sweep_coarse_n128_mixed_glm_ch1_sub4_cd0p1_mixed_glm.csv
orszag_tang,mixed_glm,128,finished,0.5,0.18,nan,8,1.1071,0.446405,0.00190565,0.00190565,4.7641250000000004e-05,0.0498422,0.107594,-1.00133e-14,6.2997,results/mhd_runner/glm_sweep/ot_runs/divergence/ot_glm_sweep_coarse_n128_mixed_glm_ch0p5_sub8_cr0p18_mixed_glm.csv
orszag_tang,mixed_glm,128,finished,1.0,0.01,nan,8,2.21419,0.148802,0.00237107,0.00237107,5.927675e-05,0.0663881,0.107681,-1.01722e-14,6.59049,results/mhd_runner/glm_sweep/ot_runs/divergence/ot_glm_sweep_coarse_n128_mixed_glm_ch1_sub8_cr0p01_mixed_glm.csv
orszag_tang,mixed_glm,128,finished,4.0,nan,0.8,8,8.85677,0.172646,0.00482493,0.00482493,0.00012062325,0.135048,0.108102,-1.03312e-14,6.28782,results/mhd_runner/glm_sweep/ot_runs/divergence/ot_glm_sweep_coarse_n128_mixed_glm_ch4_sub8_cd0p8_mixed_glm.csv
orszag_tang,mixed_glm,128,finished,4.0,nan,0.8,1,8.85677,0.244158,0.00479911,0.00479911,0.00011997774999999999,0.133807,0.108101,-1.03312e-14,6.45476,results/mhd_runner/glm_sweep/ot_runs/divergence/ot_glm_sweep_coarse_n128_mixed_glm_ch4_sub1_cd0p8_mixed_glm.csv
orszag_tang,mixed_glm,128,finished,4.0,nan,0.8,4,8.85677,0.244158,0.00479911,0.00479911,0.00011997774999999999,0.133807,0.108101,-1.03312e-14,6.53637,results/mhd_runner/glm_sweep/ot_runs/divergence/ot_glm_sweep_coarse_n128_mixed_glm_ch4_sub4_cd0p8_mixed_glm.csv
orszag_tang,mixed_glm,128,finished,4.0,nan,0.8,2,8.85677,0.244158,0.00479911,0.00479911,0.00011997774999999999,0.133807,0.108101,-1.03312e-14,6.57334,results/mhd_runner/glm_sweep/ot_runs/divergence/ot_glm_sweep_coarse_n128_mixed_glm_ch4_sub2_cd0p8_mixed_glm.csv
orszag_tang,mixed_glm,128,finished,1.0,0.01,nan,2,2.21419,0.148802,0.0023903,0.0023903,5.9757500000000005e-05,0.0674289,0.107682,-1.04901e-14,4.75952,results/mhd_runner/glm_sweep/ot_runs/divergence/ot_glm_sweep_coarse_n128_mixed_glm_ch1_sub2_cr0p01_mixed_glm.csv
orszag_tang,mixed_glm,128,finished,1.0,0.18,nan,2,2.21419,0.631312,0.00212519,0.00212519,5.312975e-05,0.0573429,0.107666,-1.04901e-14,4.9534,results/mhd_runner/glm_sweep/ot_runs/divergence/ot_glm_sweep_coarse_n128_mixed_glm_ch1_sub2_cr0p18_mixed_glm.csv
orszag_tang,mixed_glm,128,finished,1.0,0.18,nan,1,2.21419,0.631312,0.00212572,0.00212572,5.314300000000001e-05,0.0573526,0.107666,-1.04901e-14,4.97197,results/mhd_runner/glm_sweep/ot_runs/divergence/ot_glm_sweep_coarse_n128_mixed_glm_ch1_sub1_cr0p18_mixed_glm.csv
orszag_tang,mixed_glm,128,finished,1.0,0.01,nan,1,2.21419,0.148802,0.00239071,0.00239071,5.976775e-05,0.0674472,0.107682,-1.04901e-14,5.22672,results/mhd_runner/glm_sweep/ot_runs/divergence/ot_glm_sweep_coarse_n128_mixed_glm_ch1_sub1_cr0p01_mixed_glm.csv
orszag_tang,mixed_glm,128,finished,0.5,0.05,nan,4,1.1071,0.235276,0.00191455,0.00191455,4.7863750000000004e-05,0.0501066,0.107595,-1.04901e-14,5.44861,results/mhd_runner/glm_sweep/ot_runs/divergence/ot_glm_sweep_coarse_n128_mixed_glm_ch0p5_sub4_cr0p05_mixed_glm.csv
orszag_tang,mixed_glm,128,finished,0.5,0.05,nan,8,1.1071,0.235276,0.00191341,0.00191341,4.783525e-05,0.0500626,0.107595,-1.0649e-14,6.93562,results/mhd_runner/glm_sweep/ot_runs/divergence/ot_glm_sweep_coarse_n128_mixed_glm_ch0p5_sub8_cr0p05_mixed_glm.csv
orszag_tang,mixed_glm,128,finished,2.0,nan,0.01,8,4.42838,0.0190156,0.00393703,0.00393703,9.842575e-05,0.123348,0.107865,-1.0808e-14,6.28655,results/mhd_runner/glm_sweep/ot_runs/divergence/ot_glm_sweep_coarse_n128_mixed_glm_ch2_sub8_cd0p01_mixed_glm.csv
orszag_tang,mixed_glm,128,finished,1.0,0.18,nan,8,2.21419,0.631312,0.00211197,0.00211197,5.279925e-05,0.0569819,0.107665,-1.0808e-14,6.91826,results/mhd_runner/glm_sweep/ot_runs/divergence/ot_glm_sweep_coarse_n128_mixed_glm_ch1_sub8_cr0p18_mixed_glm.csv
orszag_tang,mixed_glm,128,finished,1.0,1.0,nan,8,2.21419,1.48802,0.00208342,0.00208342,5.20855e-05,0.056192,0.107663,-1.09669e-14,6.30652,results/mhd_runner/glm_sweep/ot_runs/divergence/ot_glm_sweep_coarse_n128_mixed_glm_ch1_sub8_cr1_mixed_glm.csv
orszag_tang,mixed_glm,128,finished,2.0,0.5,nan,4,4.42838,1.48802,0.00193876,0.00193876,4.8469000000000006e-05,0.0534127,0.107718,-1.11259e-14,5.23875,results/mhd_runner/glm_sweep/ot_runs/divergence/ot_glm_sweep_coarse_n128_mixed_glm_ch2_sub4_cr0p5_mixed_glm.csv
orszag_tang,mixed_glm,128,finished,2.0,0.5,nan,1,4.42838,1.48802,0.00193923,0.00193923,4.848075e-05,0.0534205,0.107718,-1.11259e-14,5.24328,results/mhd_runner/glm_sweep/ot_runs/divergence/ot_glm_sweep_coarse_n128_mixed_glm_ch2_sub1_cr0p5_mixed_glm.csv
orszag_tang,mixed_glm,128,finished,2.0,0.5,nan,2,4.42838,1.48802,0.00193923,0.00193923,4.848075e-05,0.0534205,0.107718,-1.11259e-14,5.44879,results/mhd_runner/glm_sweep/ot_runs/divergence/ot_glm_sweep_coarse_n128_mixed_glm_ch2_sub2_cr0p5_mixed_glm.csv
orszag_tang,mixed_glm,128,finished,16.0,nan,0.05,2,35.4271,0.132737,0.0140047,0.0140047,0.0003501175,0.333602,0.109171,-1.11259e-14,12.0556,results/mhd_runner/glm_sweep/ot_runs/divergence/ot_glm_sweep_coarse_n128_mixed_glm_ch16_sub2_cd0p05_mixed_glm.csv
orszag_tang,mixed_glm,128,finished,16.0,nan,0.05,4,35.4271,0.132737,0.0140047,0.0140047,0.0003501175,0.333602,0.109171,-1.11259e-14,12.0921,results/mhd_runner/glm_sweep/ot_runs/divergence/ot_glm_sweep_coarse_n128_mixed_glm_ch16_sub4_cd0p05_mixed_glm.csv
orszag_tang,mixed_glm,128,finished,16.0,nan,0.05,8,35.4271,0.132737,0.0140047,0.0140047,0.0003501175,0.333602,0.109171,-1.11259e-14,12.1987,results/mhd_runner/glm_sweep/ot_runs/divergence/ot_glm_sweep_coarse_n128_mixed_glm_ch16_sub8_cd0p05_mixed_glm.csv
orszag_tang,mixed_glm,128,finished,16.0,nan,0.05,1,35.4271,0.132737,0.0140047,0.0140047,0.0003501175,0.333602,0.109171,-1.11259e-14,13.358,results/mhd_runner/glm_sweep/ot_runs/divergence/ot_glm_sweep_coarse_n128_mixed_glm_ch16_sub1_cd0p05_mixed_glm.csv
orszag_tang,hyperbolic_glm,128,finished,1.0,nan,nan,4,2.21419,nan,0.0020808,0.0020808,5.202e-05,0.0561186,0.107662,-1.12848e-14,5.5383,results/mhd_runner/glm_sweep/ot_runs/divergence/ot_glm_sweep_coarse_n128_hyperbolic_glm_ch1_sub4_unused_hyperbolic_glm.csv
orszag_tang,mixed_glm,128,finished,0.5,nan,0.01,1,1.1071,0.013453,0.00199134,0.00199134,4.97835e-05,0.0518913,0.107596,-1.14437e-14,4.51972,results/mhd_runner/glm_sweep/ot_runs/divergence/ot_glm_sweep_coarse_n128_mixed_glm_ch0p5_sub1_cd0p01_mixed_glm.csv
orszag_tang,mixed_glm,128,finished,0.5,0.18,nan,1,1.1071,0.446405,0.00191372,0.00191372,4.7843e-05,0.0501637,0.107595,-1.14437e-14,4.96229,results/mhd_runner/glm_sweep/ot_runs/divergence/ot_glm_sweep_coarse_n128_mixed_glm_ch0p5_sub1_cr0p18_mixed_glm.csv
orszag_tang,mixed_glm,128,finished,0.5,nan,0.05,2,1.1071,0.0117945,0.00199001,0.00199001,4.975025e-05,0.0518426,0.107596,-1.16027e-14,4.84379,results/mhd_runner/glm_sweep/ot_runs/divergence/ot_glm_sweep_coarse_n128_mixed_glm_ch0p5_sub2_cd0p05_mixed_glm.csv
orszag_tang,mixed_glm,128,finished,4.0,nan,0.03,1,8.85677,0.0615976,0.00629508,0.00629508,0.000157377,0.187852,0.108161,-1.16027e-14,6.16784,results/mhd_runner/glm_sweep/ot_runs/divergence/ot_glm_sweep_coarse_n128_mixed_glm_ch4_sub1_cd0p03_mixed_glm.csv
orszag_tang,mixed_glm,128,finished,4.0,nan,0.03,4,8.85677,0.0615976,0.00629508,0.00629508,0.000157377,0.187852,0.108161,-1.16027e-14,6.27719,results/mhd_runner/glm_sweep/ot_runs/divergence/ot_glm_sweep_coarse_n128_mixed_glm_ch4_sub4_cd0p03_mixed_glm.csv
orszag_tang,mixed_glm,128,finished,4.0,nan,0.03,2,8.85677,0.0615976,0.00629508,0.00629508,0.000157377,0.187852,0.108161,-1.16027e-14,6.90547,results/mhd_runner/glm_sweep/ot_runs/divergence/ot_glm_sweep_coarse_n128_mixed_glm_ch4_sub2_cd0p03_mixed_glm.csv
orszag_tang,mixed_glm,128,finished,4.0,nan,0.03,8,8.85677,0.0435561,0.0062953,0.0062953,0.00015738250000000003,0.187866,0.108161,-1.16027e-14,6.97614,results/mhd_runner/glm_sweep/ot_runs/divergence/ot_glm_sweep_coarse_n128_mixed_glm_ch4_sub8_cd0p03_mixed_glm.csv
orszag_tang,mixed_glm,128,finished,8.0,0.01,nan,1,17.7135,0.420875,0.00554043,0.00554043,0.00013851075,0.14056,0.108411,-1.16027e-14,8.20301,results/mhd_runner/glm_sweep/ot_runs/divergence/ot_glm_sweep_coarse_n128_mixed_glm_ch8_sub1_cr0p01_mixed_glm.csv
orszag_tang,mixed_glm,128,finished,8.0,0.01,nan,8,17.7135,0.420875,0.00554043,0.00554043,0.00013851075,0.14056,0.108411,-1.16027e-14,8.22941,results/mhd_runner/glm_sweep/ot_runs/divergence/ot_glm_sweep_coarse_n128_mixed_glm_ch8_sub8_cr0p01_mixed_glm.csv
orszag_tang,mixed_glm,128,finished,8.0,0.01,nan,4,17.7135,0.420875,0.00554043,0.00554043,0.00013851075,0.14056,0.108411,-1.16027e-14,8.23384,results/mhd_runner/glm_sweep/ot_runs/divergence/ot_glm_sweep_coarse_n128_mixed_glm_ch8_sub4_cr0p01_mixed_glm.csv
orszag_tang,mixed_glm,128,finished,8.0,0.01,nan,2,17.7135,0.420875,0.00554043,0.00554043,0.00013851075,0.14056,0.108411,-1.16027e-14,9.05756,results/mhd_runner/glm_sweep/ot_runs/divergence/ot_glm_sweep_coarse_n128_mixed_glm_ch8_sub2_cr0p01_mixed_glm.csv
orszag_tang,mixed_glm,128,finished,2.0,nan,0.03,2,4.42838,0.0435836,0.00393602,0.00393602,9.840050000000001e-05,0.123307,0.107865,-1.17616e-14,5.45587,results/mhd_runner/glm_sweep/ot_runs/divergence/ot_glm_sweep_coarse_n128_mixed_glm_ch2_sub2_cd0p03_mixed_glm.csv
orszag_tang,mixed_glm,128,finished,2.0,nan,0.03,1,4.42838,0.0435836,0.00393602,0.00393602,9.840050000000001e-05,0.123307,0.107865,-1.17616e-14,5.49011,results/mhd_runner/glm_sweep/ot_runs/divergence/ot_glm_sweep_coarse_n128_mixed_glm_ch2_sub1_cd0p03_mixed_glm.csv
orszag_tang,mixed_glm,128,finished,2.0,nan,0.03,4,4.42838,0.0308182,0.00393587,0.00393587,9.839675000000001e-05,0.123309,0.107865,-1.17616e-14,5.75083,results/mhd_runner/glm_sweep/ot_runs/divergence/ot_glm_sweep_coarse_n128_mixed_glm_ch2_sub4_cd0p03_mixed_glm.csv
orszag_tang,mixed_glm,128,finished,4.0,nan,0.5,4,8.85677,0.138542,0.00579463,0.00579463,0.00014486575,0.169165,0.108145,-1.17616e-14,6.22301,results/mhd_runner/glm_sweep/ot_runs/divergence/ot_glm_sweep_coarse_n128_mixed_glm_ch4_sub4_cd0p5_mixed_glm.csv
orszag_tang,mixed_glm,128,finished,0.5,0.5,nan,8,1.1071,0.744008,0.0019035,0.0019035,4.7587500000000005e-05,0.0497792,0.107594,-1.17616e-14,6.27953,results/mhd_runner/glm_sweep/ot_runs/divergence/ot_glm_sweep_coarse_n128_mixed_glm_ch0p5_sub8_cr0p5_mixed_glm.csv
orszag_tang,mixed_glm,128,finished,2.0,0.3,nan,8,4.42838,1.15261,0.00197852,0.00197852,4.9463000000000004e-05,0.0546139,0.107725,-1.17616e-14,6.38629,results/mhd_runner/glm_sweep/ot_runs/divergence/ot_glm_sweep_coarse_n128_mixed_glm_ch2_sub8_cr0p3_mixed_glm.csv
orszag_tang,mixed_glm,128,finished,4.0,nan,0.5,1,8.85677,0.138542,0.00579463,0.00579463,0.00014486575,0.169165,0.108145,-1.17616e-14,6.45942,results/mhd_runner/glm_sweep/ot_runs/divergence/ot_glm_sweep_coarse_n128_mixed_glm_ch4_sub1_cd0p5_mixed_glm.csv
orszag_tang,mixed_glm,128,finished,4.0,nan,0.5,2,8.85677,0.138542,0.00579463,0.00579463,0.00014486575,0.169165,0.108145,-1.17616e-14,6.90018,results/mhd_runner/glm_sweep/ot_runs/divergence/ot_glm_sweep_coarse_n128_mixed_glm_ch4_sub2_cd0p5_mixed_glm.csv
orszag_tang,mixed_glm,128,finished,4.0,nan,0.5,8,8.85677,0.0979638,0.00581018,0.00581018,0.0001452545,0.169913,0.108145,-1.17616e-14,6.97668,results/mhd_runner/glm_sweep/ot_runs/divergence/ot_glm_sweep_coarse_n128_mixed_glm_ch4_sub8_cd0p5_mixed_glm.csv
orszag_tang,mixed_glm,128,finished,1.0,nan,0.2,1,2.21419,0.0455039,0.00258866,0.00258866,6.47165e-05,0.0775486,0.107687,-1.19206e-14,4.76157,results/mhd_runner/glm_sweep/ot_runs/divergence/ot_glm_sweep_coarse_n128_mixed_glm_ch1_sub1_cd0p2_mixed_glm.csv
orszag_tang,mixed_glm,128,finished,1.0,nan,0.2,2,2.21419,0.0321761,0.00258869,0.00258869,6.471725e-05,0.0775644,0.107687,-1.19206e-14,4.95707,results/mhd_runner/glm_sweep/ot_runs/divergence/ot_glm_sweep_coarse_n128_mixed_glm_ch1_sub2_cd0p2_mixed_glm.csv
orszag_tang,mixed_glm,128,finished,0.5,1.0,nan,8,1.1071,1.05219,0.00190287,0.00190287,4.757175000000001e-05,0.0497608,0.107594,-1.19206e-14,6.94942,results/mhd_runner/glm_sweep/ot_runs/divergence/ot_glm_sweep_coarse_n128_mixed_glm_ch0p5_sub8_cr1_mixed_glm.csv
orszag_tang,mixed_glm,128,finished,0.5,0.18,nan,4,1.1071,0.446405,0.00190678,0.00190678,4.76695e-05,0.0498871,0.107594,-1.20795e-14,5.36025,results/mhd_runner/glm_sweep/ot_runs/divergence/ot_glm_sweep_coarse_n128_mixed_glm_ch0p5_sub4_cr0p18_mixed_glm.csv
orszag_tang,mixed_glm,128,finished,0.5,nan,0.5,4,1.1071,0.0173382,0.00198571,0.00198571,4.964275e-05,0.0517033,0.107596,-1.22384e-14,5.2468,results/mhd_runner/glm_sweep/ot_runs/divergence/ot_glm_sweep_coarse_n128_mixed_glm_ch0p5_sub4_cd0p5_mixed_glm.csv
orszag_tang,mixed_glm,128,finished,0.5,0.03,nan,2,1.1071,0.182244,0.00192286,0.00192286,4.80715e-05,0.0503562,0.107595,-1.23974e-14,4.73662,results/mhd_runner/glm_sweep/ot_runs/divergence/ot_glm_sweep_coarse_n128_mixed_glm_ch0p5_sub2_cr0p03_mixed_glm.csv
orszag_tang,hyperbolic_glm,128,finished,2.0,nan,nan,4,4.42838,nan,0.00186941,0.00186941,4.673525e-05,0.051258,0.107706,-1.23974e-14,5.31095,results/mhd_runner/glm_sweep/ot_runs/divergence/ot_glm_sweep_coarse_n128_hyperbolic_glm_ch2_sub4_unused_hyperbolic_glm.csv
orszag_tang,hyperbolic_glm,128,finished,2.0,nan,nan,1,4.42838,nan,0.00186986,0.00186986,4.6746500000000004e-05,0.0512658,0.107706,-1.23974e-14,5.41281,results/mhd_runner/glm_sweep/ot_runs/divergence/ot_glm_sweep_coarse_n128_hyperbolic_glm_ch2_sub1_unused_hyperbolic_glm.csv
orszag_tang,hyperbolic_glm,128,finished,2.0,nan,nan,2,4.42838,nan,0.00186986,0.00186986,4.6746500000000004e-05,0.0512658,0.107706,-1.23974e-14,5.44152,results/mhd_runner/glm_sweep/ot_runs/divergence/ot_glm_sweep_coarse_n128_hyperbolic_glm_ch2_sub2_unused_hyperbolic_glm.csv
orszag_tang,mixed_glm,128,finished,2.0,0.05,nan,8,4.42838,0.470552,0.00240179,0.00240179,6.004475e-05,0.0659636,0.107779,-1.23974e-14,6.88998,results/mhd_runner/glm_sweep/ot_runs/divergence/ot_glm_sweep_coarse_n128_mixed_glm_ch2_sub8_cr0p05_mixed_glm.csv
orszag_tang,mixed_glm,128,finished,2.0,0.18,nan,2,4.42838,0.89281,0.00205432,0.00205432,5.1358000000000005e-05,0.0567645,0.107736,-1.25563e-14,5.22146,results/mhd_runner/glm_sweep/ot_runs/divergence/ot_glm_sweep_coarse_n128_mixed_glm_ch2_sub2_cr0p18_mixed_glm.csv
orszag_tang,mixed_glm,128,finished,1.0,0.5,nan,4,2.21419,1.05219,0.00209414,0.00209414,5.23535e-05,0.0564901,0.107663,-1.25563e-14,5.52071,results/mhd_runner/glm_sweep/ot_runs/divergence/ot_glm_sweep_coarse_n128_mixed_glm_ch1_sub4_cr0p5_mixed_glm.csv
orszag_tang,mixed_glm,128,finished,2.0,0.18,nan,4,4.42838,0.89281,0.00205381,0.00205381,5.134525000000001e-05,0.0567567,0.107736,-1.25563e-14,5.76029,results/mhd_runner/glm_sweep/ot_runs/divergence/ot_glm_sweep_coarse_n128_mixed_glm_ch2_sub4_cr0p18_mixed_glm.csv
orszag_tang,mixed_glm,128,finished,2.0,0.18,nan,1,4.42838,0.89281,0.00205432,0.00205432,5.1358000000000005e-05,0.0567645,0.107736,-1.25563e-14,5.8127,results/mhd_runner/glm_sweep/ot_runs/divergence/ot_glm_sweep_coarse_n128_mixed_glm_ch2_sub1_cr0p18_mixed_glm.csv
orszag_tang,mixed_glm,128,finished,1.0,nan,0.2,8,2.21419,0.016088,0.00259582,0.00259582,6.48955e-05,0.0779754,0.107687,-1.27153e-14,6.32223,results/mhd_runner/glm_sweep/ot_runs/divergence/ot_glm_sweep_coarse_n128_mixed_glm_ch1_sub8_cd0p2_mixed_glm.csv
orszag_tang,mixed_glm,128,finished,0.5,0.1,nan,1,1.1071,0.332731,0.00191626,0.00191626,4.79065e-05,0.050235,0.107595,-1.28742e-14,4.46621,results/mhd_runner/glm_sweep/ot_runs/divergence/ot_glm_sweep_coarse_n128_mixed_glm_ch0p5_sub1_cr0p1_mixed_glm.csv
orszag_tang,mixed_glm,128,finished,0.5,0.05,nan,2,1.1071,0.235276,0.00191684,0.00191684,4.7921000000000004e-05,0.0501956,0.107595,-1.28742e-14,4.78703,results/mhd_runner/glm_sweep/ot_runs/divergence/ot_glm_sweep_coarse_n128_mixed_glm_ch0p5_sub2_cr0p05_mixed_glm.csv
orszag_tang,mixed_glm,128,finished,1.0,0.1,nan,4,2.21419,0.470552,0.00214149,0.00214149,5.3537249999999996e-05,0.0577855,0.107667,-1.28742e-14,5.81714,results/mhd_runner/glm_sweep/ot_runs/divergence/ot_glm_sweep_coarse_n128_mixed_glm_ch1_sub4_cr0p1_mixed_glm.csv
orszag_tang,mixed_glm,128,finished,2.0,0.01,nan,8,4.42838,0.210437,0.00315602,0.00315602,7.89005e-05,0.0906101,0.107836,-1.28742e-14,6.32709,results/mhd_runner/glm_sweep/ot_runs/divergence/ot_glm_sweep_coarse_n128_mixed_glm_ch2_sub8_cr0p01_mixed_glm.csv
orszag_tang,mixed_glm,128,finished,8.0,nan,0.1,4,17.7135,0.107359,0.00965669,0.00965669,0.00024141725000000004,0.260995,0.108625,-1.28742e-14,8.18271,results/mhd_runner/glm_sweep/ot_runs/divergence/ot_glm_sweep_coarse_n128_mixed_glm_ch8_sub4_cd0p1_mixed_glm.csv
orszag_tang,mixed_glm,128,finished,8.0,nan,0.1,2,17.7135,0.107359,0.00965669,0.00965669,0.00024141725000000004,0.260995,0.108625,-1.28742e-14,8.21046,results/mhd_runner/glm_sweep/ot_runs/divergence/ot_glm_sweep_coarse_n128_mixed_glm_ch8_sub2_cd0p1_mixed_glm.csv
orszag_tang,mixed_glm,128,finished,8.0,nan,0.1,1,17.7135,0.107359,0.00965669,0.00965669,0.00024141725000000004,0.260995,0.108625,-1.28742e-14,8.2356,results/mhd_runner/glm_sweep/ot_runs/divergence/ot_glm_sweep_coarse_n128_mixed_glm_ch8_sub1_cd0p1_mixed_glm.csv
orszag_tang,mixed_glm,128,finished,8.0,nan,0.1,8,17.7135,0.107359,0.00965669,0.00965669,0.00024141725000000004,0.260995,0.108625,-1.28742e-14,9.03288,results/mhd_runner/glm_sweep/ot_runs/divergence/ot_glm_sweep_coarse_n128_mixed_glm_ch8_sub8_cd0p1_mixed_glm.csv
orszag_tang,mixed_glm,128,finished,0.5,nan,0.2,2,1.1071,0.0160914,0.00198836,0.00198836,4.970900000000001e-05,0.0517913,0.107596,-1.30331e-14,5.1958,results/mhd_runner/glm_sweep/ot_runs/divergence/ot_glm_sweep_coarse_n128_mixed_glm_ch0p5_sub2_cd0p2_mixed_glm.csv
orszag_tang,mixed_glm,128,finished,8.0,0.05,nan,4,17.7135,0.941104,0.00230822,0.00230822,5.7705500000000005e-05,0.0637164,0.108132,-1.30331e-14,8.17492,results/mhd_runner/glm_sweep/ot_runs/divergence/ot_glm_sweep_coarse_n128_mixed_glm_ch8_sub4_cr0p05_mixed_glm.csv
orszag_tang,mixed_glm,128,finished,8.0,0.05,nan,2,17.7135,0.941104,0.00230822,0.00230822,5.7705500000000005e-05,0.0637164,0.108132,-1.30331e-14,8.57735,results/mhd_runner/glm_sweep/ot_runs/divergence/ot_glm_sweep_coarse_n128_mixed_glm_ch8_sub2_cr0p05_mixed_glm.csv
orszag_tang,mixed_glm,128,finished,8.0,0.05,nan,1,17.7135,0.941104,0.00230822,0.00230822,5.7705500000000005e-05,0.0637164,0.108132,-1.30331e-14,8.60108,results/mhd_runner/glm_sweep/ot_runs/divergence/ot_glm_sweep_coarse_n128_mixed_glm_ch8_sub1_cr0p05_mixed_glm.csv
orszag_tang,mixed_glm,128,finished,8.0,0.05,nan,8,17.7135,0.941104,0.00230822,0.00230822,5.7705500000000005e-05,0.0637164,0.108132,-1.30331e-14,9.10896,results/mhd_runner/glm_sweep/ot_runs/divergence/ot_glm_sweep_coarse_n128_mixed_glm_ch8_sub8_cr0p05_mixed_glm.csv
orszag_tang,mixed_glm,128,finished,0.5,0.5,nan,1,1.1071,0.744008,0.00191158,0.00191158,4.77895e-05,0.0501025,0.107594,-1.31921e-14,4.71102,results/mhd_runner/glm_sweep/ot_runs/divergence/ot_glm_sweep_coarse_n128_mixed_glm_ch0p5_sub1_cr0p5_mixed_glm.csv
orszag_tang,mixed_glm,128,finished,2.0,1.0,nan,8,4.42838,2.10437,0.00190077,0.00190077,4.751925e-05,0.0522687,0.107712,-1.31921e-14,6.28623,results/mhd_runner/glm_sweep/ot_runs/divergence/ot_glm_sweep_coarse_n128_mixed_glm_ch2_sub8_cr1_mixed_glm.csv
orszag_tang,mixed_glm,128,finished,16.0,nan,0.03,2,35.4271,0.12269,0.0140685,0.0140685,0.0003517125,0.335325,0.109173,-1.31921e-14,12.0723,results/mhd_runner/glm_sweep/ot_runs/divergence/ot_glm_sweep_coarse_n128_mixed_glm_ch16_sub2_cd0p03_mixed_glm.csv
orszag_tang,mixed_glm,128,finished,16.0,0.01,nan,1,35.4271,0.595207,0.00623961,0.00623961,0.00015599025,0.142703,0.108812,-1.31921e-14,12.131,results/mhd_runner/glm_sweep/ot_runs/divergence/ot_glm_sweep_coarse_n128_mixed_glm_ch16_sub1_cr0p01_mixed_glm.csv
orszag_tang,mixed_glm,128,finished,16.0,nan,0.03,1,35.4271,0.12269,0.0140685,0.0140685,0.0003517125,0.335325,0.109173,-1.31921e-14,12.1404,results/mhd_runner/glm_sweep/ot_runs/divergence/ot_glm_sweep_coarse_n128_mixed_glm_ch16_sub1_cd0p03_mixed_glm.csv
orszag_tang,mixed_glm,128,finished,16.0,0.01,nan,4,35.4271,0.595207,0.00623961,0.00623961,0.00015599025,0.142703,0.108812,-1.31921e-14,12.6807,results/mhd_runner/glm_sweep/ot_runs/divergence/ot_glm_sweep_coarse_n128_mixed_glm_ch16_sub4_cr0p01_mixed_glm.csv
orszag_tang,mixed_glm,128,finished,16.0,0.01,nan,2,35.4271,0.595207,0.00623961,0.00623961,0.00015599025,0.142703,0.108812,-1.31921e-14,12.7322,results/mhd_runner/glm_sweep/ot_runs/divergence/ot_glm_sweep_coarse_n128_mixed_glm_ch16_sub2_cr0p01_mixed_glm.csv
orszag_tang,mixed_glm,128,finished,16.0,nan,0.03,8,35.4271,0.12269,0.0140685,0.0140685,0.0003517125,0.335325,0.109173,-1.31921e-14,12.7538,results/mhd_runner/glm_sweep/ot_runs/divergence/ot_glm_sweep_coarse_n128_mixed_glm_ch16_sub8_cd0p03_mixed_glm.csv
orszag_tang,mixed_glm,128,finished,16.0,nan,0.03,4,35.4271,0.12269,0.0140685,0.0140685,0.0003517125,0.335325,0.109173,-1.31921e-14,13.3334,results/mhd_runner/glm_sweep/ot_runs/divergence/ot_glm_sweep_coarse_n128_mixed_glm_ch16_sub4_cd0p03_mixed_glm.csv
orszag_tang,mixed_glm,128,finished,16.0,0.01,nan,8,35.4271,0.595207,0.00623961,0.00623961,0.00015599025,0.142703,0.108812,-1.31921e-14,13.3556,results/mhd_runner/glm_sweep/ot_runs/divergence/ot_glm_sweep_coarse_n128_mixed_glm_ch16_sub8_cr0p01_mixed_glm.csv
orszag_tang,mixed_glm,128,finished,0.5,nan,0.03,2,1.1071,0.0109016,0.0019902,0.0019902,4.975500000000001e-05,0.0518484,0.107595,-1.3351e-14,4.78851,results/mhd_runner/glm_sweep/ot_runs/divergence/ot_glm_sweep_coarse_n128_mixed_glm_ch0p5_sub2_cd0p03_mixed_glm.csv
orszag_tang,hyperbolic_glm,128,finished,1.0,nan,nan,2,2.21419,nan,0.00208922,0.00208922,5.223050000000001e-05,0.0563518,0.107663,-1.351e-14,4.76102,results/mhd_runner/glm_sweep/ot_runs/divergence/ot_glm_sweep_coarse_n128_hyperbolic_glm_ch1_sub2_unused_hyperbolic_glm.csv
orszag_tang,mixed_glm,128,finished,1.0,nan,0.1,2,2.21419,0.0269006,0.00259679,0.00259679,6.491975e-05,0.077995,0.107687,-1.351e-14,4.96018,results/mhd_runner/glm_sweep/ot_runs/divergence/ot_glm_sweep_coarse_n128_mixed_glm_ch1_sub2_cd0p1_mixed_glm.csv
orszag_tang,mixed_glm,128,finished,1.0,nan,0.1,1,2.21419,0.0380432,0.00259686,0.00259686,6.49215e-05,0.0779861,0.107687,-1.351e-14,5.00188,results/mhd_runner/glm_sweep/ot_runs/divergence/ot_glm_sweep_coarse_n128_mixed_glm_ch1_sub1_cd0p1_mixed_glm.csv
orszag_tang,hyperbolic_glm,128,finished,1.0,nan,nan,1,2.21419,nan,0.00208977,0.00208977,5.224425e-05,0.0563622,0.107663,-1.351e-14,5.21958,results/mhd_runner/glm_sweep/ot_runs/divergence/ot_glm_sweep_coarse_n128_hyperbolic_glm_ch1_sub1_unused_hyperbolic_glm.csv
orszag_tang,mixed_glm,128,finished,1.0,nan,0.01,4,2.21419,0.0134502,0.0026007,0.0026007,6.50175e-05,0.0782267,0.107688,-1.351e-14,5.26427,results/mhd_runner/glm_sweep/ot_runs/divergence/ot_glm_sweep_coarse_n128_mixed_glm_ch1_sub4_cd0p01_mixed_glm.csv
orszag_tang,mixed_glm,256,finished,4.0,0.1,nan,1,8.85906,0.941226,0.000521874,0.000521874,1.304685e-05,0.0236657,0.107705,-1.351e-14,31.2001,results/mhd_runner/glm_sweep/ot_runs/divergence/ot_glm_sweep_baseline_n256_mixed_glm_mixed_glm.csv
orszag_tang,mixed_glm,128,finished,0.5,0.01,nan,8,1.1071,0.105219,0.00193935,0.00193935,4.848375e-05,0.050708,0.107595,-1.36689e-14,6.61204,results/mhd_runner/glm_sweep/ot_runs/divergence/ot_glm_sweep_coarse_n128_mixed_glm_ch0p5_sub8_cr0p01_mixed_glm.csv
orszag_tang,mixed_glm,128,finished,0.5,0.1,nan,4,1.1071,0.332731,0.00190933,0.00190933,4.773325e-05,0.0499603,0.107594,-1.38279e-14,5.21468,results/mhd_runner/glm_sweep/ot_runs/divergence/ot_glm_sweep_coarse_n128_mixed_glm_ch0p5_sub4_cr0p1_mixed_glm.csv
orszag_tang,mixed_glm,128,finished,1.0,nan,0.5,2,2.21419,0.0490304,0.00254957,0.00254957,6.373925000000001e-05,0.0755031,0.107687,-1.39868e-14,4.73287,results/mhd_runner/glm_sweep/ot_runs/divergence/ot_glm_sweep_coarse_n128_mixed_glm_ch1_sub2_cd0p5_mixed_glm.csv
orszag_tang,mixed_glm,128,finished,1.0,nan,0.5,1,2.21419,0.0693394,0.00254929,0.00254929,6.373225000000001e-05,0.0754716,0.107687,-1.39868e-14,4.74916,results/mhd_runner/glm_sweep/ot_runs/divergence/ot_glm_sweep_coarse_n128_mixed_glm_ch1_sub1_cd0p5_mixed_glm.csv
orszag_tang,mixed_glm,128,finished,0.5,0.03,nan,8,1.1071,0.182244,0.00191942,0.00191942,4.79855e-05,0.0502257,0.107595,-1.39868e-14,6.27865,results/mhd_runner/glm_sweep/ot_runs/divergence/ot_glm_sweep_coarse_n128_mixed_glm_ch0p5_sub8_cr0p03_mixed_glm.csv
orszag_tang,mixed_glm,128,finished,0.5,0.5,nan,2,1.1071,0.744008,0.00190692,0.00190692,4.7673e-05,0.0499156,0.107594,-1.41457e-14,5.29129,results/mhd_runner/glm_sweep/ot_runs/divergence/ot_glm_sweep_coarse_n128_mixed_glm_ch0p5_sub2_cr0p5_mixed_glm.csv
orszag_tang,mixed_glm,128,finished,1.0,nan,0.05,8,2.21419,0.011792,0.00259895,0.00259895,6.497375e-05,0.0781439,0.107688,-1.41457e-14,6.28457,results/mhd_runner/glm_sweep/ot_runs/divergence/ot_glm_sweep_coarse_n128_mixed_glm_ch1_sub8_cd0p05_mixed_glm.csv
orszag_tang,mixed_glm,128,finished,1.0,0.3,nan,4,2.21419,0.81502,0.00210268,0.00210268,5.2567e-05,0.0567262,0.107664,-1.43047e-14,5.25467,results/mhd_runner/glm_sweep/ot_runs/divergence/ot_glm_sweep_coarse_n128_mixed_glm_ch1_sub4_cr0p3_mixed_glm.csv
orszag_tang,mixed_glm,128,finished,1.0,nan,0.2,4,2.21419,0.0227519,0.00259326,0.00259326,6.48315e-05,0.0778275,0.107687,-1.43047e-14,5.48104,results/mhd_runner/glm_sweep/ot_runs/divergence/ot_glm_sweep_coarse_n128_mixed_glm_ch1_sub4_cd0p2_mixed_glm.csv
orszag_tang,mixed_glm,128,finished,0.5,1.0,nan,1,1.1071,1.05219,0.00191095,0.00191095,4.777375e-05,0.0500846,0.107594,-1.46226e-14,4.49407,results/mhd_runner/glm_sweep/ot_runs/divergence/ot_glm_sweep_coarse_n128_mixed_glm_ch0p5_sub1_cr1_mixed_glm.csv
orszag_tang,mixed_glm,128,finished,4.0,0.03,nan,1,8.85677,0.515464,0.0029713,0.0029713,7.428250000000001e-05,0.0823392,0.107976,-1.46226e-14,6.23287,results/mhd_runner/glm_sweep/ot_runs/divergence/ot_glm_sweep_coarse_n128_mixed_glm_ch4_sub1_cr0p03_mixed_glm.csv
orszag_tang,mixed_glm,128,finished,4.0,0.03,nan,4,8.85677,0.515464,0.0029713,0.0029713,7.428250000000001e-05,0.0823392,0.107976,-1.46226e-14,6.24357,results/mhd_runner/glm_sweep/ot_runs/divergence/ot_glm_sweep_coarse_n128_mixed_glm_ch4_sub4_cr0p03_mixed_glm.csv
orszag_tang,mixed_glm,128,finished,4.0,0.03,nan,8,8.85677,0.515464,0.00297054,0.00297054,7.42635e-05,0.0823282,0.107976,-1.46226e-14,6.25741,results/mhd_runner/glm_sweep/ot_runs/divergence/ot_glm_sweep_coarse_n128_mixed_glm_ch4_sub8_cr0p03_mixed_glm.csv
orszag_tang,mixed_glm,128,finished,4.0,0.03,nan,2,8.85677,0.515464,0.0029713,0.0029713,7.428250000000001e-05,0.0823392,0.107976,-1.46226e-14,6.86088,results/mhd_runner/glm_sweep/ot_runs/divergence/ot_glm_sweep_coarse_n128_mixed_glm_ch4_sub2_cr0p03_mixed_glm.csv
orszag_tang,mixed_glm,128,finished,16.0,nan,0.5,4,35.4271,0.275786,0.011714,0.011714,0.00029285000000000004,0.273363,0.109108,-1.46226e-14,12.0477,results/mhd_runner/glm_sweep/ot_runs/divergence/ot_glm_sweep_coarse_n128_mixed_glm_ch16_sub4_cd0p5_mixed_glm.csv
orszag_tang,mixed_glm,128,finished,16.0,nan,0.5,8,35.4271,0.275786,0.011714,0.011714,0.00029285000000000004,0.273363,0.109108,-1.46226e-14,12.288,results/mhd_runner/glm_sweep/ot_runs/divergence/ot_glm_sweep_coarse_n128_mixed_glm_ch16_sub8_cd0p5_mixed_glm.csv
orszag_tang,mixed_glm,128,finished,16.0,nan,0.5,1,35.4271,0.275786,0.011714,0.011714,0.00029285000000000004,0.273363,0.109108,-1.46226e-14,12.6998,results/mhd_runner/glm_sweep/ot_runs/divergence/ot_glm_sweep_coarse_n128_mixed_glm_ch16_sub1_cd0p5_mixed_glm.csv
orszag_tang,mixed_glm,128,finished,16.0,nan,0.5,2,35.4271,0.275786,0.011714,0.011714,0.00029285000000000004,0.273363,0.109108,-1.46226e-14,13.3025,results/mhd_runner/glm_sweep/ot_runs/divergence/ot_glm_sweep_coarse_n128_mixed_glm_ch16_sub2_cd0p5_mixed_glm.csv
orszag_tang,none,128,finished,4.0,nan,nan,1,nan,nan,0.00166358,0.00166358,4.1589500000000006e-05,0.0347651,0.107498,-1.47815e-14,3.36199,results/mhd_runner/glm_sweep/ot_runs/divergence/ot_glm_sweep_baseline_n128_none_none.csv
orszag_tang,mixed_glm,128,finished,0.5,nan,0.2,1,1.1071,0.0227566,0.00198766,0.00198766,4.9691500000000004e-05,0.0517805,0.107596,-1.47815e-14,4.51835,results/mhd_runner/glm_sweep/ot_runs/divergence/ot_glm_sweep_coarse_n128_mixed_glm_ch0p5_sub1_cd0p2_mixed_glm.csv
orszag_tang,mixed_glm,128,finished,2.0,0.1,nan,8,4.42838,0.665461,0.00217414,0.00217414,5.435350000000001e-05,0.0600662,0.107752,-1.49404e-14,6.2809,results/mhd_runner/glm_sweep/ot_runs/divergence/ot_glm_sweep_coarse_n128_mixed_glm_ch2_sub8_cr0p1_mixed_glm.csv
orszag_tang,mixed_glm,128,finished,1.0,nan,0.03,4,2.21419,0.0154139,0.00260004,0.00260004,6.500100000000001e-05,0.0781915,0.107688,-1.54173e-14,5.7638,results/mhd_runner/glm_sweep/ot_runs/divergence/ot_glm_sweep_coarse_n128_mixed_glm_ch1_sub4_cd0p03_mixed_glm.csv
orszag_tang,mixed_glm,128,finished,0.5,0.01,nan,2,1.1071,0.105219,0.00194283,0.00194283,4.857075e-05,0.0508273,0.107596,-1.57351e-14,4.76274,results/mhd_runner/glm_sweep/ot_runs/divergence/ot_glm_sweep_coarse_n128_mixed_glm_ch0p5_sub2_cr0p01_mixed_glm.csv
orszag_tang,mixed_glm,128,finished,2.0,0.18,nan,8,4.42838,0.89281,0.00204816,0.00204816,5.1204e-05,0.0566142,0.107735,-1.58941e-14,6.60122,results/mhd_runner/glm_sweep/ot_runs/divergence/ot_glm_sweep_coarse_n128_mixed_glm_ch2_sub8_cr0p18_mixed_glm.csv
orszag_tang,mixed_glm,128,finished,0.5,nan,0.2,4,1.1071,0.0113783,0.00198885,0.00198885,4.972125e-05,0.051802,0.107596,-1.6053e-14,5.25576,results/mhd_runner/glm_sweep/ot_runs/divergence/ot_glm_sweep_coarse_n128_mixed_glm_ch0p5_sub4_cd0p2_mixed_glm.csv
orszag_tang,mixed_glm,128,finished,1.0,0.5,nan,8,2.21419,1.05219,0.00208996,0.00208996,5.224900000000001e-05,0.0563742,0.107663,-1.6053e-14,6.2812,results/mhd_runner/glm_sweep/ot_runs/divergence/ot_glm_sweep_coarse_n128_mixed_glm_ch1_sub8_cr0p5_mixed_glm.csv
orszag_tang,mixed_glm,128,finished,2.0,0.01,nan,2,4.42838,0.210437,0.00318434,0.00318434,7.960850000000001e-05,0.091831,0.107838,-1.63709e-14,5.21767,results/mhd_runner/glm_sweep/ot_runs/divergence/ot_glm_sweep_coarse_n128_mixed_glm_ch2_sub2_cr0p01_mixed_glm.csv
orszag_tang,mixed_glm,128,finished,2.0,0.01,nan,1,4.42838,0.210437,0.00318434,0.00318434,7.960850000000001e-05,0.091831,0.107838,-1.63709e-14,5.47233,results/mhd_runner/glm_sweep/ot_runs/divergence/ot_glm_sweep_coarse_n128_mixed_glm_ch2_sub1_cr0p01_mixed_glm.csv
orszag_tang,mixed_glm,128,finished,2.0,0.01,nan,4,4.42838,0.210437,0.00318352,0.00318352,7.958800000000001e-05,0.0917892,0.107838,-1.63709e-14,5.47463,results/mhd_runner/glm_sweep/ot_runs/divergence/ot_glm_sweep_coarse_n128_mixed_glm_ch2_sub4_cr0p01_mixed_glm.csv
orszag_tang,none,256,finished,4.0,nan,nan,1,nan,nan,0.000430388,0.000430388,1.0759700000000001e-05,0.0198719,0.107533,-1.70067e-14,21.7276,results/mhd_runner/glm_sweep/ot_runs/divergence/ot_glm_sweep_baseline_n256_none_none.csv
orszag_tang,mixed_glm,128,finished,1.0,0.03,nan,8,2.21419,0.257732,0.00223494,0.00223494,5.58735e-05,0.0602446,0.107674,-1.76424e-14,6.2851,results/mhd_runner/glm_sweep/ot_runs/divergence/ot_glm_sweep_coarse_n128_mixed_glm_ch1_sub8_cr0p03_mixed_glm.csv
orszag_tang,mixed_glm,128,finished,2.0,0.03,nan,8,4.42838,0.364488,0.00262159,0.00262159,6.553975000000001e-05,0.0714196,0.1078,-1.81193e-14,6.60039,results/mhd_runner/glm_sweep/ot_runs/divergence/ot_glm_sweep_coarse_n128_mixed_glm_ch2_sub8_cr0p03_mixed_glm.csv
orszag_tang,mixed_glm,128,finished,16.0,0.03,nan,2,35.4271,1.03093,0.00292187,0.00292187,7.304675e-05,0.0726811,0.108534,-2.36822e-14,12.0331,results/mhd_runner/glm_sweep/ot_runs/divergence/ot_glm_sweep_coarse_n128_mixed_glm_ch16_sub2_cr0p03_mixed_glm.csv
orszag_tang,mixed_glm,128,finished,16.0,0.03,nan,1,35.4271,1.03093,0.00292187,0.00292187,7.304675e-05,0.0726811,0.108534,-2.36822e-14,12.0924,results/mhd_runner/glm_sweep/ot_runs/divergence/ot_glm_sweep_coarse_n128_mixed_glm_ch16_sub1_cr0p03_mixed_glm.csv
orszag_tang,mixed_glm,128,finished,16.0,0.03,nan,8,35.4271,1.03093,0.00292187,0.00292187,7.304675e-05,0.0726811,0.108534,-2.36822e-14,12.6938,results/mhd_runner/glm_sweep/ot_runs/divergence/ot_glm_sweep_coarse_n128_mixed_glm_ch16_sub8_cr0p03_mixed_glm.csv
orszag_tang,mixed_glm,128,finished,16.0,0.03,nan,4,35.4271,1.03093,0.00292187,0.00292187,7.304675e-05,0.0726811,0.108534,-2.36822e-14,13.3365,results/mhd_runner/glm_sweep/ot_runs/divergence/ot_glm_sweep_coarse_n128_mixed_glm_ch16_sub4_cr0p03_mixed_glm.csv
orszag_tang,mixed_eglm,128,finished,0.5,nan,0.01,8,1.1071,0.00476904,0.0019888,0.0019888,4.9720000000000005e-05,0.0517438,0.107511,-8.07308e-12,6.94024,results/mhd_runner/glm_sweep/ot_runs/divergence/ot_glm_sweep_coarse_n128_mixed_eglm_ch0p5_sub8_cd0p01_mixed_eglm.csv
orszag_tang,mixed_eglm,128,finished,0.5,nan,0.01,4,1.1071,0.00674444,0.00198904,0.00198904,4.9726000000000005e-05,0.0517528,0.107511,-1.59445e-11,6.16395,results/mhd_runner/glm_sweep/ot_runs/divergence/ot_glm_sweep_coarse_n128_mixed_eglm_ch0p5_sub4_cd0p01_mixed_eglm.csv
orszag_tang,mixed_eglm,128,finished,0.5,nan,0.03,8,1.1071,0.00546529,0.00198876,0.00198876,4.9719e-05,0.0517424,0.107511,-2.46733e-11,6.94249,results/mhd_runner/glm_sweep/ot_runs/divergence/ot_glm_sweep_coarse_n128_mixed_eglm_ch0p5_sub8_cd0p03_mixed_eglm.csv
orszag_tang,mixed_eglm,128,finished,0.5,nan,0.01,2,1.1071,0.00953809,0.00198951,0.00198951,4.973775e-05,0.0517706,0.107511,-3.12123e-11,4.89832,results/mhd_runner/glm_sweep/ot_runs/divergence/ot_glm_sweep_coarse_n128_mixed_eglm_ch0p5_sub2_cd0p01_mixed_eglm.csv
orszag_tang,mixed_eglm,128,finished,0.5,nan,0.05,8,1.1071,0.00591292,0.00198871,0.00198871,4.971775e-05,0.0517408,0.107511,-4.19597e-11,7.26451,results/mhd_runner/glm_sweep/ot_runs/divergence/ot_glm_sweep_coarse_n128_mixed_eglm_ch0p5_sub8_cd0p05_mixed_eglm.csv
orszag_tang,mixed_eglm,128,finished,0.5,nan,0.03,4,1.1071,0.00772909,0.00198894,0.00198894,4.97235e-05,0.0517499,0.107511,-4.87874e-11,5.54033,results/mhd_runner/glm_sweep/ot_runs/divergence/ot_glm_sweep_coarse_n128_mixed_eglm_ch0p5_sub4_cd0p03_mixed_eglm.csv
orszag_tang,mixed_eglm,128,finished,0.5,nan,0.01,1,1.1071,0.0134889,0.00199046,0.00199046,4.97615e-05,0.051806,0.107511,-5.97331e-11,5.0252,results/mhd_runner/glm_sweep/ot_runs/divergence/ot_glm_sweep_coarse_n128_mixed_eglm_ch0p5_sub1_cd0p01_mixed_eglm.csv
orszag_tang,mixed_eglm,128,finished,0.5,nan,0.05,4,1.1071,0.00836214,0.00198885,0.00198885,4.972125e-05,0.0517469,0.107511,-8.29512e-11,5.69964,results/mhd_runner/glm_sweep/ot_runs/divergence/ot_glm_sweep_coarse_n128_mixed_eglm_ch0p5_sub4_cd0p05_mixed_eglm.csv
orszag_tang,mixed_eglm,128,finished,1.0,nan,0.01,8,2.21419,0.00953745,0.00259861,0.00259861,6.496525e-05,0.0781811,0.107605,-8.84654e-11,7.23503,results/mhd_runner/glm_sweep/ot_runs/divergence/ot_glm_sweep_coarse_n128_mixed_eglm_ch1_sub8_cd0p01_mixed_eglm.csv
orszag_tang,mixed_eglm,128,finished,0.5,nan,0.1,8,1.1071,0.00674444,0.00198857,0.00198857,4.9714249999999996e-05,0.0517367,0.107511,-8.84797e-11,6.95456,results/mhd_runner/glm_sweep/ot_runs/divergence/ot_glm_sweep_coarse_n128_mixed_eglm_ch0p5_sub8_cd0p1_mixed_eglm.csv
orszag_tang,mixed_eglm,64,finished,0.5,nan,0.01,8,1.10595,0.0044304,0.00750519,0.00750519,0.00018762975000000001,0.12387,0.107409,-9.10308e-11,0.865598,results/mhd_runner/glm_sweep/ot_runs/divergence/ot_glm_sweep_coarse_n64_mixed_eglm_ch0p5_sub8_cd0p01_mixed_eglm.csv
orszag_tang,mixed_eglm,128,finished,0.5,nan,0.03,2,1.1071,0.0109306,0.00198933,0.00198933,4.9733250000000004e-05,0.0517651,0.107511,-9.54225e-11,4.89986,results/mhd_runner/glm_sweep/ot_runs/divergence/ot_glm_sweep_coarse_n128_mixed_eglm_ch0p5_sub2_cd0p03_mixed_eglm.csv
orszag_tang,mixed_eglm,128,finished,0.5,nan,0.05,2,1.1071,0.0118259,0.00198914,0.00198914,4.97285e-05,0.0517595,0.107511,-1.62119e-10,5.13715,results/mhd_runner/glm_sweep/ot_runs/divergence/ot_glm_sweep_coarse_n128_mixed_eglm_ch0p5_sub2_cd0p05_mixed_eglm.csv
orszag_tang,mixed_eglm,128,finished,1.0,nan,0.01,4,2.21419,0.013488,0.00259967,0.00259967,6.499175e-05,0.0782272,0.107605,-1.7474e-10,5.83499,results/mhd_runner/glm_sweep/ot_runs/divergence/ot_glm_sweep_coarse_n128_mixed_eglm_ch1_sub4_cd0p01_mixed_eglm.csv
orszag_tang,mixed_eglm,128,finished,0.5,nan,0.1,4,1.1071,0.00953808,0.00198859,0.00198859,4.9714750000000004e-05,0.0517389,0.107511,-1.74749e-10,5.59381,results/mhd_runner/glm_sweep/ot_runs/divergence/ot_glm_sweep_coarse_n128_mixed_eglm_ch0p5_sub4_cd0p1_mixed_eglm.csv
orszag_tang,mixed_eglm,64,finished,0.5,nan,0.01,4,1.10595,0.00626551,0.00750723,0.00750723,0.00018768075,0.123896,0.107409,-1.78461e-10,0.724735,results/mhd_runner/glm_sweep/ot_runs/divergence/ot_glm_sweep_coarse_n64_mixed_eglm_ch0p5_sub4_cd0p01_mixed_eglm.csv
orszag_tang,mixed_eglm,128,finished,0.5,nan,0.03,1,1.1071,0.0154582,0.00199013,0.00199013,4.975325000000001e-05,0.0517963,0.107511,-1.82211e-10,4.56339,results/mhd_runner/glm_sweep/ot_runs/divergence/ot_glm_sweep_coarse_n128_mixed_eglm_ch0p5_sub1_cd0p03_mixed_eglm.csv
orszag_tang,mixed_eglm,128,finished,0.5,nan,0.2,8,1.1071,0.00806709,0.00198826,0.00198826,4.97065e-05,0.051727,0.107511,-1.98568e-10,6.95607,results/mhd_runner/glm_sweep/ot_runs/divergence/ot_glm_sweep_coarse_n128_mixed_eglm_ch0p5_sub8_cd0p2_mixed_eglm.csv
orszag_tang,mixed_eglm,128,finished,1.0,nan,0.03,8,2.21419,0.0109299,0.00259827,0.00259827,6.495675e-05,0.0781631,0.107605,-2.70713e-10,6.90617,results/mhd_runner/glm_sweep/ot_runs/divergence/ot_glm_sweep_coarse_n128_mixed_eglm_ch1_sub8_cd0p03_mixed_eglm.csv
orszag_tang,mixed_eglm,64,finished,0.5,nan,0.03,8,1.10595,0.00507721,0.00750492,0.00750492,0.00018762300000000002,0.123866,0.107409,-2.78567e-10,0.853692,results/mhd_runner/glm_sweep/ot_runs/divergence/ot_glm_sweep_coarse_n64_mixed_eglm_ch0p5_sub8_cd0p03_mixed_eglm.csv
orszag_tang,mixed_eglm,128,finished,0.5,nan,0.05,1,1.1071,0.0167244,0.00198978,0.00198978,4.9744500000000005e-05,0.0517861,0.107511,-3.08888e-10,4.59017,results/mhd_runner/glm_sweep/ot_runs/divergence/ot_glm_sweep_coarse_n128_mixed_eglm_ch0p5_sub1_cd0p05_mixed_eglm.csv
orszag_tang,mixed_eglm,128,finished,0.5,nan,0.1,2,1.1071,0.0134889,0.00198864,0.00198864,4.9715999999999996e-05,0.0517444,0.107511,-3.40756e-10,4.92306,results/mhd_runner/glm_sweep/ot_runs/divergence/ot_glm_sweep_coarse_n128_mixed_eglm_ch0p5_sub2_cd0p1_mixed_eglm.csv
orszag_tang,mixed_eglm,128,finished,1.0,nan,0.01,2,2.21419,0.019075,0.00260183,0.00260183,6.504575e-05,0.0783196,0.107605,-3.40827e-10,5.39731,results/mhd_runner/glm_sweep/ot_runs/divergence/ot_glm_sweep_coarse_n128_mixed_eglm_ch1_sub2_cd0p01_mixed_eglm.csv
orszag_tang,mixed_eglm,64,finished,0.5,nan,0.01,2,1.10595,0.00886074,0.00751138,0.00751138,0.0001877845,0.12395,0.107409,-3.42781e-10,0.645926,results/mhd_runner/glm_sweep/ot_runs/divergence/ot_glm_sweep_coarse_n64_mixed_eglm_ch0p5_sub2_cd0p01_mixed_eglm.csv
orszag_tang,mixed_eglm,128,finished,1.0,nan,0.01,1,2.21419,0.0269761,0.00260201,0.00260201,6.505025e-05,0.0783172,0.107605,-3.4658e-10,5.1128,results/mhd_runner/glm_sweep/ot_runs/divergence/ot_glm_sweep_coarse_n128_mixed_eglm_ch1_sub1_cd0p01_mixed_eglm.csv
orszag_tang,mixed_eglm,128,finished,0.5,nan,0.2,4,1.1071,0.0114086,0.00198798,0.00198798,4.96995e-05,0.0517201,0.107511,-3.91216e-10,5.60309,results/mhd_runner/glm_sweep/ot_runs/divergence/ot_glm_sweep_coarse_n128_mixed_eglm_ch0p5_sub4_cd0p2_mixed_eglm.csv
orszag_tang,mixed_eglm,128,finished,1.0,nan,0.05,8,2.21419,0.0118251,0.00259793,0.00259793,6.494825e-05,0.0781445,0.107605,-4.60439e-10,7.25914,results/mhd_runner/glm_sweep/ot_runs/divergence/ot_glm_sweep_coarse_n128_mixed_eglm_ch1_sub8_cd0p05_mixed_eglm.csv
orszag_tang,mixed_eglm,64,finished,0.5,nan,0.05,8,1.10595,0.00549305,0.00750464,0.00750464,0.00018761600000000001,0.123863,0.107409,-4.73764e-10,0.890348,results/mhd_runner/glm_sweep/ot_runs/divergence/ot_glm_sweep_coarse_n64_mixed_eglm_ch0p5_sub8_cd0p05_mixed_eglm.csv
orszag_tang,mixed_eglm,128,finished,1.0,nan,0.03,4,2.21419,0.0154572,0.00259901,0.00259901,6.497525000000001e-05,0.078192,0.107605,-5.34479e-10,5.54828,results/mhd_runner/glm_sweep/ot_runs/divergence/ot_glm_sweep_coarse_n128_mixed_eglm_ch1_sub4_cd0p03_mixed_eglm.csv
orszag_tang,mixed_eglm,64,finished,0.5,nan,0.03,4,1.10595,0.00718024,0.00750671,0.00750671,0.00018766775000000002,0.12389,0.107409,-5.4579e-10,0.694621,results/mhd_runner/glm_sweep/ot_runs/divergence/ot_glm_sweep_coarse_n64_mixed_eglm_ch0p5_sub4_cd0p03_mixed_eglm.csv
orszag_tang,mixed_eglm,64,finished,0.5,nan,0.01,1,1.10595,0.0125309,0.00751997,0.00751997,0.00018799925,0.124054,0.10741,-6.30822e-10,0.557962,results/mhd_runner/glm_sweep/ot_runs/divergence/ot_glm_sweep_coarse_n64_mixed_eglm_ch0p5_sub1_cd0p01_mixed_eglm.csv
orszag_tang,mixed_eglm,128,finished,0.5,nan,0.1,1,1.1071,0.0190763,0.00198886,0.00198886,4.97215e-05,0.0517592,0.107511,-6.4547e-10,4.56702,results/mhd_runner/glm_sweep/ot_runs/divergence/ot_glm_sweep_coarse_n128_mixed_eglm_ch0p5_sub1_cd0p1_mixed_eglm.csv
orszag_tang,mixed_eglm,128,finished,0.5,nan,0.2,2,1.1071,0.0161342,0.00198748,0.00198748,4.9687e-05,0.0517091,0.107511,-7.58814e-10,5.42272,results/mhd_runner/glm_sweep/ot_runs/divergence/ot_glm_sweep_coarse_n128_mixed_eglm_ch0p5_sub2_cd0p2_mixed_eglm.csv
orszag_tang,mixed_eglm,128,finished,0.5,nan,0.5,8,1.1071,0.0122925,0.00198661,0.00198661,4.966525000000001e-05,0.0516758,0.107511,-7.83807e-10,7.67646,results/mhd_runner/glm_sweep/ot_runs/divergence/ot_glm_sweep_coarse_n128_mixed_eglm_ch0p5_sub8_cd0p5_mixed_eglm.csv
orszag_tang,mixed_eglm,64,finished,1.0,nan,0.01,8,2.21191,0.00885988,0.00922,0.00922,0.00023050000000000002,0.155363,0.107591,-8.14689e-10,0.848627,results/mhd_runner/glm_sweep/ot_runs/divergence/ot_glm_sweep_coarse_n64_mixed_eglm_ch1_sub8_cd0p01_mixed_eglm.csv
orszag_tang,mixed_eglm,128,finished,1.0,nan,0.05,4,2.21419,0.0167232,0.00259833,0.00259833,6.495825e-05,0.0781554,0.107605,-9.08619e-10,6.16768,results/mhd_runner/glm_sweep/ot_runs/divergence/ot_glm_sweep_coarse_n128_mixed_eglm_ch1_sub4_cd0p05_mixed_eglm.csv
orszag_tang,mixed_eglm,64,finished,0.5,nan,0.05,4,1.10595,0.00776833,0.00750616,0.00750616,0.000187654,0.123883,0.107409,-9.27666e-10,0.731856,results/mhd_runner/glm_sweep/ot_runs/divergence/ot_glm_sweep_coarse_n64_mixed_eglm_ch0p5_sub4_cd0p05_mixed_eglm.csv
orszag_tang,mixed_eglm,128,finished,1.0,nan,0.1,8,2.21419,0.013488,0.00259699,0.00259699,6.492475e-05,0.0780943,0.107605,-9.70687e-10,6.93618,results/mhd_runner/glm_sweep/ot_runs/divergence/ot_glm_sweep_coarse_n128_mixed_eglm_ch1_sub8_cd0p1_mixed_eglm.csv
orszag_tang,mixed_eglm,64,finished,0.5,nan,0.1,8,1.10595,0.00626552,0.00750389,0.00750389,0.00018759725000000002,0.123853,0.107409,-9.98502e-10,0.945875,results/mhd_runner/glm_sweep/ot_runs/divergence/ot_glm_sweep_coarse_n64_mixed_eglm_ch0p5_sub8_cd0p1_mixed_eglm.csv
orszag_tang,mixed_eglm,128,finished,1.0,nan,0.03,2,2.21419,0.0218598,0.00260057,0.00260057,6.501425e-05,0.078252,0.107605,-1.04154e-09,5.39152,results/mhd_runner/glm_sweep/ot_runs/divergence/ot_glm_sweep_coarse_n128_mixed_eglm_ch1_sub2_cd0p03_mixed_eglm.csv
orszag_tang,mixed_eglm,64,finished,0.5,nan,0.03,2,1.10595,0.0101543,0.00751038,0.00751038,0.0001877595,0.123937,0.107409,-1.0471e-09,0.645874,results/mhd_runner/glm_sweep/ot_runs/divergence/ot_glm_sweep_coarse_n64_mixed_eglm_ch0p5_sub2_cd0p03_mixed_eglm.csv
orszag_tang,mixed_eglm,128,finished,1.0,nan,0.03,1,2.21419,0.0309144,0.00260072,0.00260072,6.5018e-05,0.0782482,0.107605,-1.05874e-09,4.87946,results/mhd_runner/glm_sweep/ot_runs/divergence/ot_glm_sweep_coarse_n128_mixed_eglm_ch1_sub1_cd0p03_mixed_eglm.csv
orszag_tang,mixed_eglm,128,finished,2.0,nan,0.01,8,4.42838,0.0190726,0.0039362,0.0039362,9.8405e-05,0.123349,0.107777,-1.10925e-09,6.89338,results/mhd_runner/glm_sweep/ot_runs/divergence/ot_glm_sweep_coarse_n128_mixed_eglm_ch2_sub8_cd0p01_mixed_eglm.csv
orszag_tang,mixed_eglm,128,finished,0.5,nan,0.2,1,1.1071,0.0228173,0.00198678,0.00198678,4.96695e-05,0.0516974,0.107511,-1.41897e-09,4.55637,results/mhd_runner/glm_sweep/ot_runs/divergence/ot_glm_sweep_coarse_n128_mixed_eglm_ch0p5_sub1_cd0p2_mixed_eglm.csv
orszag_tang,mixed_eglm,128,finished,0.5,nan,0.5,4,1.1071,0.0173843,0.00198483,0.00198483,4.962075e-05,0.051623,0.107511,-1.52416e-09,5.85113,results/mhd_runner/glm_sweep/ot_runs/divergence/ot_glm_sweep_coarse_n128_mixed_eglm_ch0p5_sub4_cd0p5_mixed_eglm.csv
orszag_tang,mixed_eglm,64,finished,1.0,nan,0.01,4,2.21191,0.0125297,0.00922904,0.00922904,0.00023072600000000003,0.155571,0.107591,-1.59222e-09,0.670417,results/mhd_runner/glm_sweep/ot_runs/divergence/ot_glm_sweep_coarse_n64_mixed_eglm_ch1_sub4_cd0p01_mixed_eglm.csv
orszag_tang,mixed_eglm,128,finished,1.0,nan,0.05,2,2.21419,0.0236502,0.00259925,0.00259925,6.498125e-05,0.0781821,0.107605,-1.76886e-09,4.88197,results/mhd_runner/glm_sweep/ot_runs/divergence/ot_glm_sweep_coarse_n128_mixed_eglm_ch1_sub2_cd0p05_mixed_eglm.csv
orszag_tang,mixed_eglm,64,finished,0.5,nan,0.05,2,1.10595,0.010986,0.00750935,0.00750935,0.00018773375,0.123923,0.107409,-1.77755e-09,0.609213,results/mhd_runner/glm_sweep/ot_runs/divergence/ot_glm_sweep_coarse_n64_mixed_eglm_ch0p5_sub2_cd0p05_mixed_eglm.csv
orszag_tang,mixed_eglm,128,finished,1.0,nan,0.05,1,2.21419,0.0334465,0.00259938,0.00259938,6.498450000000001e-05,0.0781767,0.107605,-1.79743e-09,4.86883,results/mhd_runner/glm_sweep/ot_runs/divergence/ot_glm_sweep_coarse_n128_mixed_eglm_ch1_sub1_cd0p05_mixed_eglm.csv
orszag_tang,mixed_eglm,128,finished,1.0,nan,0.1,4,2.21419,0.0190749,0.00259651,0.00259651,6.491275e-05,0.0780575,0.107605,-1.91295e-09,6.19194,results/mhd_runner/glm_sweep/ot_runs/divergence/ot_glm_sweep_coarse_n128_mixed_eglm_ch1_sub4_cd0p1_mixed_eglm.csv
orszag_tang,mixed_eglm,64,finished,0.5,nan,0.03,1,1.10595,0.0143603,0.00751818,0.00751818,0.0001879545,0.12403,0.10741,-1.92094e-09,0.549056,results/mhd_runner/glm_sweep/ot_runs/divergence/ot_glm_sweep_coarse_n64_mixed_eglm_ch0p5_sub1_cd0p03_mixed_eglm.csv
orszag_tang,mixed_eglm,64,finished,0.5,nan,0.1,4,1.10595,0.00886076,0.00750469,0.00750469,0.00018761725,0.123864,0.107409,-1.95197e-09,0.719511,results/mhd_runner/glm_sweep/ot_runs/divergence/ot_glm_sweep_coarse_n64_mixed_eglm_ch0p5_sub4_cd0p1_mixed_eglm.csv
orszag_tang,mixed_eglm,128,finished,1.0,nan,0.2,8,2.21419,0.0161331,0.0025948,0.0025948,6.487000000000001e-05,0.077976,0.107605,-2.17692e-09,7.67986,results/mhd_runner/glm_sweep/ot_runs/divergence/ot_glm_sweep_coarse_n128_mixed_eglm_ch1_sub8_cd0p2_mixed_eglm.csv
orszag_tang,mixed_eglm,128,finished,2.0,nan,0.01,4,4.42838,0.0269727,0.0039393,0.0039393,9.84825e-05,0.123495,0.107778,-2.19072e-09,5.56916,results/mhd_runner/glm_sweep/ot_runs/divergence/ot_glm_sweep_coarse_n128_mixed_eglm_ch2_sub4_cd0p01_mixed_eglm.csv
orszag_tang,mixed_eglm,64,finished,0.5,nan,0.2,8,1.10595,0.00749424,0.0075021,0.0075021,0.00018755250000000002,0.12383,0.107409,-2.2378e-09,0.881898,results/mhd_runner/glm_sweep/ot_runs/divergence/ot_glm_sweep_coarse_n64_mixed_eglm_ch0p5_sub8_cd0p2_mixed_eglm.csv
orszag_tang,mixed_eglm,128,finished,2.0,nan,0.01,2,4.42838,0.0381452,0.0039396,0.0039396,9.849e-05,0.123501,0.107778,-2.25248e-09,6.14533,results/mhd_runner/glm_sweep/ot_runs/divergence/ot_glm_sweep_coarse_n128_mixed_eglm_ch2_sub2_cd0p01_mixed_eglm.csv
orszag_tang,mixed_eglm,128,finished,2.0,nan,0.01,1,4.42838,0.0381452,0.0039396,0.0039396,9.849e-05,0.123501,0.107778,-2.25248e-09,6.21492,results/mhd_runner/glm_sweep/ot_runs/divergence/ot_glm_sweep_coarse_n128_mixed_eglm_ch2_sub1_cd0p01_mixed_eglm.csv
orszag_tang,mixed_eglm,64,finished,1.0,nan,0.03,8,2.21191,0.0101534,0.00921827,0.00921827,0.00023045675000000002,0.155315,0.107591,-2.49223e-09,0.858962,results/mhd_runner/glm_sweep/ot_runs/divergence/ot_glm_sweep_coarse_n64_mixed_eglm_ch1_sub8_cd0p03_mixed_eglm.csv
orszag_tang,mixed_eglm,128,finished,0.5,nan,0.5,2,1.1071,0.0245852,0.00198178,0.00198178,4.95445e-05,0.0515336,0.107511,-2.87335e-09,4.89315,results/mhd_runner/glm_sweep/ot_runs/divergence/ot_glm_sweep_coarse_n128_mixed_eglm_ch0p5_sub2_cd0p5_mixed_eglm.csv
orszag_tang,mixed_eglm,128,finished,0.5,nan,0.8,8,1.1071,0.0216652,0.00198062,0.00198062,4.951550000000001e-05,0.0514889,0.107511,-2.98013e-09,7.26948,results/mhd_runner/glm_sweep/ot_runs/divergence/ot_glm_sweep_coarse_n128_mixed_eglm_ch0p5_sub8_cd0p8_mixed_eglm.csv
orszag_tang,mixed_eglm,64,finished,1.0,nan,0.01,2,2.21191,0.0177197,0.00924768,0.00924768,0.000231192,0.155994,0.107591,-3.03873e-09,0.60384,results/mhd_runner/glm_sweep/ot_runs/divergence/ot_glm_sweep_coarse_n64_mixed_eglm_ch1_sub2_cd0p01_mixed_eglm.csv
orszag_tang,mixed_eglm,64,finished,1.0,nan,0.01,1,2.21191,0.0250595,0.00924812,0.00924812,0.00023120300000000003,0.156002,0.107591,-3.10922e-09,0.659617,results/mhd_runner/glm_sweep/ot_runs/divergence/ot_glm_sweep_coarse_n64_mixed_eglm_ch1_sub1_cd0p01_mixed_eglm.csv
orszag_tang,mixed_eglm,64,finished,0.5,nan,0.05,1,1.10595,0.0155365,0.00751635,0.00751635,0.00018790875000000002,0.124006,0.10741,-3.25051e-09,0.546834,results/mhd_runner/glm_sweep/ot_runs/divergence/ot_glm_sweep_coarse_n64_mixed_eglm_ch0p5_sub1_cd0p05_mixed_eglm.csv
orszag_tang,mixed_eglm,128,finished,2.0,nan,0.03,8,4.42838,0.021857,0.00393404,0.00393404,9.8351e-05,0.123254,0.107777,-3.39306e-09,7.21913,results/mhd_runner/glm_sweep/ot_runs/divergence/ot_glm_sweep_coarse_n128_mixed_eglm_ch2_sub8_cd0p03_mixed_eglm.csv
orszag_tang,mixed_eglm,128,finished,1.0,nan,0.1,2,2.21419,0.0269761,0.00259575,0.00259575,6.489375e-05,0.0779957,0.107605,-3.71411e-09,4.88511,results/mhd_runner/glm_sweep/ot_runs/divergence/ot_glm_sweep_coarse_n128_mixed_eglm_ch1_sub2_cd0p1_mixed_eglm.csv
orszag_tang,mixed_eglm,64,finished,0.5,nan,0.1,2,1.10595,0.012531,0.00750659,0.00750659,0.00018766475,0.123887,0.107409,-3.72777e-09,0.59505,results/mhd_runner/glm_sweep/ot_runs/divergence/ot_glm_sweep_coarse_n64_mixed_eglm_ch0p5_sub2_cd0p1_mixed_eglm.csv
orszag_tang,mixed_eglm,128,finished,1.0,nan,0.1,1,2.21419,0.03815,0.00259583,0.00259583,6.489575e-05,0.0779868,0.107605,-3.77065e-09,4.85998,results/mhd_runner/glm_sweep/ot_runs/divergence/ot_glm_sweep_coarse_n128_mixed_eglm_ch1_sub1_cd0p1_mixed_eglm.csv
orszag_tang,mixed_eglm,64,finished,1.0,nan,0.05,8,2.21191,0.010985,0.00921648,0.00921648,0.00023041200000000004,0.155264,0.107591,-4.23719e-09,0.857774,results/mhd_runner/glm_sweep/ot_runs/divergence/ot_glm_sweep_coarse_n64_mixed_eglm_ch1_sub8_cd0p05_mixed_eglm.csv
orszag_tang,mixed_eglm,128,finished,1.0,nan,0.2,4,2.21419,0.0228157,0.00259223,0.00259223,6.480575e-05,0.0778283,0.107605,-4.27685e-09,5.56614,results/mhd_runner/glm_sweep/ot_runs/divergence/ot_glm_sweep_coarse_n128_mixed_eglm_ch1_sub4_cd0p2_mixed_eglm.csv
orszag_tang,mixed_eglm,64,finished,0.5,nan,0.2,4,1.10595,0.0105984,0.00750126,0.00750126,0.0001875315,0.123818,0.107409,-4.35792e-09,0.691349,results/mhd_runner/glm_sweep/ot_runs/divergence/ot_glm_sweep_coarse_n64_mixed_eglm_ch0p5_sub4_cd0p2_mixed_eglm.csv
orszag_tang,mixed_eglm,64,finished,1.0,nan,0.03,4,2.21191,0.014359,0.00922567,0.00922567,0.00023064175,0.155476,0.107591,-4.86656e-09,0.661785,results/mhd_runner/glm_sweep/ot_runs/divergence/ot_glm_sweep_coarse_n64_mixed_eglm_ch1_sub4_cd0p03_mixed_eglm.csv
orszag_tang,mixed_eglm,128,finished,0.5,nan,0.5,1,1.1071,0.0347688,0.00197736,0.00197736,4.9434e-05,0.051407,0.107511,-5.09186e-09,4.80388,results/mhd_runner/glm_sweep/ot_runs/divergence/ot_glm_sweep_coarse_n128_mixed_eglm_ch0p5_sub1_cd0p5_mixed_eglm.csv
orszag_tang,mixed_eglm,128,finished,0.5,nan,0.8,4,1.1071,0.0306394,0.00197439,0.00197439,4.935975e-05,0.0512944,0.107511,-5.51704e-09,6.15171,results/mhd_runner/glm_sweep/ot_runs/divergence/ot_glm_sweep_coarse_n128_mixed_eglm_ch0p5_sub4_cd0p8_mixed_eglm.csv
orszag_tang,mixed_eglm,128,finished,2.0,nan,0.05,8,4.42838,0.0236472,0.00393179,0.00393179,9.829475e-05,0.123155,0.107777,-5.76835e-09,6.93986,results/mhd_runner/glm_sweep/ot_runs/divergence/ot_glm_sweep_coarse_n128_mixed_eglm_ch2_sub8_cd0p05_mixed_eglm.csv
orszag_tang,mixed_eglm,128,finished,2.0,nan,0.03,4,4.42838,0.0309106,0.00393504,0.00393504,9.837600000000001e-05,0.123309,0.107778,-6.69495e-09,6.14548,results/mhd_runner/glm_sweep/ot_runs/divergence/ot_glm_sweep_coarse_n128_mixed_eglm_ch2_sub4_cd0p03_mixed_eglm.csv
orszag_tang,mixed_eglm,64,finished,0.5,nan,0.1,1,1.10595,0.0177213,0.00751153,0.00751153,0.00018778825000000002,0.12394,0.107409,-6.75971e-09,0.556769,results/mhd_runner/glm_sweep/ot_runs/divergence/ot_glm_sweep_coarse_n64_mixed_eglm_ch0p5_sub1_cd0p1_mixed_eglm.csv
orszag_tang,mixed_eglm,128,finished,2.0,nan,0.03,1,4.42838,0.0437142,0.00393519,0.00393519,9.837975e-05,0.123307,0.107778,-6.88211e-09,5.86134,results/mhd_runner/glm_sweep/ot_runs/divergence/ot_glm_sweep_coarse_n128_mixed_eglm_ch2_sub1_cd0p03_mixed_eglm.csv
orszag_tang,mixed_eglm,128,finished,2.0,nan,0.03,2,4.42838,0.0437142,0.00393519,0.00393519,9.837975e-05,0.123307,0.107778,-6.88211e-09,6.1546,results/mhd_runner/glm_sweep/ot_runs/divergence/ot_glm_sweep_coarse_n128_mixed_eglm_ch2_sub2_cd0p03_mixed_eglm.csv
orszag_tang,mixed_eglm,128,finished,1.0,nan,0.2,2,2.21419,0.0322664,0.00258765,0.00258765,6.469125e-05,0.0775653,0.107605,-8.25115e-09,4.92036,results/mhd_runner/glm_sweep/ot_runs/divergence/ot_glm_sweep_coarse_n128_mixed_eglm_ch1_sub2_cd0p2_mixed_eglm.csv
orszag_tang,mixed_eglm,64,finished,0.5,nan,0.2,2,1.10595,0.0149883,0.00750024,0.00750024,0.00018750600000000002,0.123801,0.107409,-8.25533e-09,0.618568,results/mhd_runner/glm_sweep/ot_runs/divergence/ot_glm_sweep_coarse_n64_mixed_eglm_ch0p5_sub2_cd0p2_mixed_eglm.csv
orszag_tang,mixed_eglm,64,finished,1.0,nan,0.05,4,2.21191,0.015535,0.00922218,0.00922218,0.0002305545,0.155379,0.107591,-8.26656e-09,0.742847,results/mhd_runner/glm_sweep/ot_runs/divergence/ot_glm_sweep_coarse_n64_mixed_eglm_ch1_sub4_cd0p05_mixed_eglm.csv
orszag_tang,mixed_eglm,128,finished,1.0,nan,0.2,1,2.21419,0.0456316,0.00258762,0.00258762,6.46905e-05,0.0775495,0.107605,-8.36147e-09,4.85862,results/mhd_runner/glm_sweep/ot_runs/divergence/ot_glm_sweep_coarse_n128_mixed_eglm_ch1_sub1_cd0p2_mixed_eglm.csv
orszag_tang,mixed_eglm,128,finished,1.0,nan,0.5,8,2.21419,0.0245835,0.00258328,0.00258328,6.4582e-05,0.0773572,0.107605,-8.56173e-09,7.66538,results/mhd_runner/glm_sweep/ot_runs/divergence/ot_glm_sweep_coarse_n128_mixed_eglm_ch1_sub8_cd0p5_mixed_eglm.csv
orszag_tang,mixed_eglm,64,finished,2.0,nan,0.01,8,4.42381,0.0177131,0.0127795,0.0127795,0.0003194875,0.212275,0.107937,-8.56281e-09,0.876744,results/mhd_runner/glm_sweep/ot_runs/divergence/ot_glm_sweep_coarse_n64_mixed_eglm_ch2_sub8_cd0p01_mixed_eglm.csv
orszag_tang,mixed_eglm,64,finished,0.5,nan,0.5,8,1.10595,0.0114196,0.0074928,0.0074928,0.00018732000000000002,0.123706,0.107409,-8.76679e-09,0.932103,results/mhd_runner/glm_sweep/ot_runs/divergence/ot_glm_sweep_coarse_n64_mixed_eglm_ch0p5_sub8_cd0p5_mixed_eglm.csv
orszag_tang,mixed_eglm,64,finished,1.0,nan,0.1,8,2.21191,0.0125297,0.00921166,0.00921166,0.00023029150000000002,0.155129,0.107591,-8.92276e-09,0.879546,results/mhd_runner/glm_sweep/ot_runs/divergence/ot_glm_sweep_coarse_n64_mixed_eglm_ch1_sub8_cd0p1_mixed_eglm.csv
orszag_tang,mixed_eglm,64,finished,1.0,nan,0.03,2,2.21191,0.0203066,0.0092413,0.0092413,0.0002310325,0.155817,0.107591,-9.27259e-09,0.650131,results/mhd_runner/glm_sweep/ot_runs/divergence/ot_glm_sweep_coarse_n64_mixed_eglm_ch1_sub2_cd0p03_mixed_eglm.csv
orszag_tang,mixed_eglm,64,finished,1.0,nan,0.03,1,2.21191,0.0287179,0.00924158,0.00924158,0.0002310395,0.155819,0.107591,-9.48312e-09,0.594888,results/mhd_runner/glm_sweep/ot_runs/divergence/ot_glm_sweep_coarse_n64_mixed_eglm_ch1_sub1_cd0p03_mixed_eglm.csv
orszag_tang,mixed_eglm,128,finished,0.5,nan,0.8,2,1.1071,0.0433308,0.00196543,0.00196543,4.913575000000001e-05,0.0510632,0.107511,-9.57072e-09,5.14085,results/mhd_runner/glm_sweep/ot_runs/divergence/ot_glm_sweep_coarse_n128_mixed_eglm_ch0p5_sub2_cd0p8_mixed_eglm.csv
orszag_tang,mixed_eglm,128,finished,2.0,nan,0.05,4,4.42838,0.0334423,0.00393061,0.00393061,9.826525000000001e-05,0.123116,0.107778,-1.13708e-08,6.17868,results/mhd_runner/glm_sweep/ot_runs/divergence/ot_glm_sweep_coarse_n128_mixed_eglm_ch2_sub4_cd0p05_mixed_eglm.csv
orszag_tang,mixed_eglm,128,finished,2.0,nan,0.05,1,4.42838,0.0472946,0.00393063,0.00393063,9.826575000000001e-05,0.123107,0.107778,-1.16859e-08,5.56302,results/mhd_runner/glm_sweep/ot_runs/divergence/ot_glm_sweep_coarse_n128_mixed_eglm_ch2_sub1_cd0p05_mixed_eglm.csv
orszag_tang,mixed_eglm,128,finished,2.0,nan,0.05,2,4.42838,0.0472946,0.00393063,0.00393063,9.826575000000001e-05,0.123107,0.107778,-1.16859e-08,5.84156,results/mhd_runner/glm_sweep/ot_runs/divergence/ot_glm_sweep_coarse_n128_mixed_eglm_ch2_sub2_cd0p05_mixed_eglm.csv
orszag_tang,mixed_eglm,128,finished,2.0,nan,0.1,8,4.42838,0.0269727,0.00392575,0.00392575,9.814375000000001e-05,0.122892,0.107777,-1.21449e-08,7.70481,results/mhd_runner/glm_sweep/ot_runs/divergence/ot_glm_sweep_coarse_n128_mixed_eglm_ch2_sub8_cd0p1_mixed_eglm.csv
orszag_tang,mixed_eglm,128,finished,4.0,nan,0.01,8,8.85677,0.0381346,0.00630722,0.00630722,0.0001576805,0.188304,0.108086,-1.40299e-08,6.94263,results/mhd_runner/glm_sweep/ot_runs/divergence/ot_glm_sweep_coarse_n128_mixed_eglm_ch4_sub8_cd0p01_mixed_eglm.csv
orszag_tang,mixed_eglm,128,finished,4.0,nan,0.01,1,8.85677,0.0539305,0.00630747,0.00630747,0.00015768675000000002,0.188313,0.108086,-1.44796e-08,6.90693,results/mhd_runner/glm_sweep/ot_runs/divergence/ot_glm_sweep_coarse_n128_mixed_eglm_ch4_sub1_cd0p01_mixed_eglm.csv
orszag_tang,mixed_eglm,128,finished,4.0,nan,0.01,4,8.85677,0.0539305,0.00630747,0.00630747,0.00015768675000000002,0.188313,0.108086,-1.44796e-08,7.32753,results/mhd_runner/glm_sweep/ot_runs/divergence/ot_glm_sweep_coarse_n128_mixed_eglm_ch4_sub4_cd0p01_mixed_eglm.csv
orszag_tang,mixed_eglm,128,finished,4.0,nan,0.01,2,8.85677,0.0539305,0.00630747,0.00630747,0.00015768675000000002,0.188313,0.108086,-1.44796e-08,7.63839,results/mhd_runner/glm_sweep/ot_runs/divergence/ot_glm_sweep_coarse_n128_mixed_eglm_ch4_sub2_cd0p01_mixed_eglm.csv
orszag_tang,mixed_eglm,64,finished,0.5,nan,0.2,1,1.10595,0.0211965,0.00750076,0.00750076,0.00018751900000000003,0.123788,0.107409,-1.46926e-08,0.574334,results/mhd_runner/glm_sweep/ot_runs/divergence/ot_glm_sweep_coarse_n64_mixed_eglm_ch0p5_sub1_cd0p2_mixed_eglm.csv
orszag_tang,mixed_eglm,128,finished,0.5,nan,0.8,1,1.1071,0.0612794,0.00195548,0.00195548,4.8887e-05,0.0510047,0.107511,-1.49761e-08,5.04903,results/mhd_runner/glm_sweep/ot_runs/divergence/ot_glm_sweep_coarse_n128_mixed_eglm_ch0p5_sub1_cd0p8_mixed_eglm.csv
orszag_tang,mixed_eglm,64,finished,1.0,nan,0.05,2,2.21191,0.0219698,0.00923471,0.00923471,0.00023086775,0.155634,0.107591,-1.5724e-08,0.655503,results/mhd_runner/glm_sweep/ot_runs/divergence/ot_glm_sweep_coarse_n64_mixed_eglm_ch1_sub2_cd0p05_mixed_eglm.csv
orszag_tang,mixed_eglm,64,finished,1.0,nan,0.05,1,2.21191,0.0310699,0.00923483,0.00923483,0.00023087075,0.155631,0.107591,-1.60733e-08,0.594906,results/mhd_runner/glm_sweep/ot_runs/divergence/ot_glm_sweep_coarse_n64_mixed_eglm_ch1_sub1_cd0p05_mixed_eglm.csv
orszag_tang,mixed_eglm,128,finished,1.0,nan,0.5,4,2.21419,0.0347664,0.00257043,0.00257043,6.426075e-05,0.0766645,0.107605,-1.65569e-08,5.54193,results/mhd_runner/glm_sweep/ot_runs/divergence/ot_glm_sweep_coarse_n128_mixed_eglm_ch1_sub4_cd0p5_mixed_eglm.csv
orszag_tang,mixed_eglm,64,finished,0.5,nan,0.5,4,1.10595,0.0161496,0.00748393,0.00748393,0.00018709825,0.123579,0.107409,-1.67255e-08,0.709247,results/mhd_runner/glm_sweep/ot_runs/divergence/ot_glm_sweep_coarse_n64_mixed_eglm_ch0p5_sub4_cd0p5_mixed_eglm.csv
orszag_tang,mixed_eglm,64,finished,2.0,nan,0.01,4,4.42381,0.0250502,0.0128044,0.0128044,0.00032011,0.212792,0.107937,-1.67319e-08,0.719469,results/mhd_runner/glm_sweep/ot_runs/divergence/ot_glm_sweep_coarse_n64_mixed_eglm_ch2_sub4_cd0p01_mixed_eglm.csv
orszag_tang,mixed_eglm,64,finished,2.0,nan,0.01,2,4.42381,0.0354264,0.012805,0.012805,0.00032012500000000004,0.212804,0.107937,-1.70402e-08,0.753429,results/mhd_runner/glm_sweep/ot_runs/divergence/ot_glm_sweep_coarse_n64_mixed_eglm_ch2_sub2_cd0p01_mixed_eglm.csv
orszag_tang,mixed_eglm,64,finished,2.0,nan,0.01,1,4.42381,0.0501004,0.0128066,0.0128066,0.000320165,0.212832,0.107937,-1.73051e-08,0.734212,results/mhd_runner/glm_sweep/ot_runs/divergence/ot_glm_sweep_coarse_n64_mixed_eglm_ch2_sub1_cd0p01_mixed_eglm.csv
orszag_tang,mixed_eglm,64,finished,1.0,nan,0.1,4,2.21191,0.0177196,0.00921285,0.00921285,0.00023032125,0.155118,0.107591,-1.73665e-08,0.732156,results/mhd_runner/glm_sweep/ot_runs/divergence/ot_glm_sweep_coarse_n64_mixed_eglm_ch1_sub4_cd0p1_mixed_eglm.csv
orszag_tang,mixed_eglm,128,finished,0.5,0.01,nan,1,1.1071,0.105219,0.00194656,0.00194656,4.8664e-05,0.0508467,0.107512,-1.96553e-08,4.73404,results/mhd_runner/glm_sweep/ot_runs/divergence/ot_glm_sweep_coarse_n128_mixed_eglm_ch0p5_sub1_cr0p01_mixed_eglm.csv
orszag_tang,mixed_eglm,64,finished,1.0,nan,0.2,8,2.21191,0.0149868,0.00920034,0.00920034,0.0002300085,0.154811,0.107591,-1.9958e-08,0.890848,results/mhd_runner/glm_sweep/ot_runs/divergence/ot_glm_sweep_coarse_n64_mixed_eglm_ch1_sub8_cd0p2_mixed_eglm.csv
orszag_tang,mixed_eglm,128,finished,0.5,0.01,nan,2,1.1071,0.105219,0.00194197,0.00194197,4.854925e-05,0.0506876,0.107512,-2.12686e-08,4.8919,results/mhd_runner/glm_sweep/ot_runs/divergence/ot_glm_sweep_coarse_n128_mixed_eglm_ch0p5_sub2_cr0p01_mixed_eglm.csv
orszag_tang,mixed_eglm,128,finished,0.5,0.01,nan,4,1.1071,0.105219,0.00193966,0.00193966,4.84915e-05,0.0506083,0.107511,-2.21072e-08,6.20881,results/mhd_runner/glm_sweep/ot_runs/divergence/ot_glm_sweep_coarse_n128_mixed_eglm_ch0p5_sub4_cr0p01_mixed_eglm.csv
orszag_tang,mixed_eglm,128,finished,0.5,0.01,nan,8,1.1071,0.105219,0.0019385,0.0019385,4.84625e-05,0.0505687,0.107511,-2.25344e-08,6.95798,results/mhd_runner/glm_sweep/ot_runs/divergence/ot_glm_sweep_coarse_n128_mixed_eglm_ch0p5_sub8_cr0p01_mixed_eglm.csv
orszag_tang,mixed_eglm,128,finished,2.0,nan,0.1,4,4.42838,0.0381452,0.00391881,0.00391881,9.797025e-05,0.122602,0.107778,-2.38798e-08,5.57076,results/mhd_runner/glm_sweep/ot_runs/divergence/ot_glm_sweep_coarse_n128_mixed_eglm_ch2_sub4_cd0p1_mixed_eglm.csv
orszag_tang,mixed_eglm,128,finished,2.0,nan,0.1,2,4.42838,0.0539455,0.00391847,0.00391847,9.796175000000002e-05,0.122574,0.107778,-2.45258e-08,5.54833,results/mhd_runner/glm_sweep/ot_runs/divergence/ot_glm_sweep_coarse_n128_mixed_eglm_ch2_sub2_cd0p1_mixed_eglm.csv
orszag_tang,mixed_eglm,128,finished,2.0,nan,0.1,1,4.42838,0.0539455,0.00391847,0.00391847,9.796175000000002e-05,0.122574,0.107778,-2.45258e-08,5.84025,results/mhd_runner/glm_sweep/ot_runs/divergence/ot_glm_sweep_coarse_n128_mixed_eglm_ch2_sub1_cd0p1_mixed_eglm.csv
orszag_tang,mixed_eglm,64,finished,2.0,nan,0.03,8,4.42381,0.020299,0.0127696,0.0127696,0.00031924000000000004,0.21206,0.107937,-2.61727e-08,0.884297,results/mhd_runner/glm_sweep/ot_runs/divergence/ot_glm_sweep_coarse_n64_mixed_eglm_ch2_sub8_cd0p03_mixed_eglm.csv
orszag_tang,mixed_eglm,128,finished,2.0,nan,0.2,8,4.42838,0.0322623,0.00391159,0.00391159,9.778975000000002e-05,0.122274,0.107777,-2.71539e-08,7.66141,results/mhd_runner/glm_sweep/ot_runs/divergence/ot_glm_sweep_coarse_n128_mixed_eglm_ch2_sub8_cd0p2_mixed_eglm.csv
orszag_tang,mixed_eglm,64,finished,0.5,nan,0.5,2,1.10595,0.0228388,0.0074702,0.0074702,0.000186755,0.123363,0.107408,-3.03457e-08,0.636593,results/mhd_runner/glm_sweep/ot_runs/divergence/ot_glm_sweep_coarse_n64_mixed_eglm_ch0p5_sub2_cd0p5_mixed_eglm.csv
orszag_tang,mixed_eglm,128,finished,1.0,nan,0.5,2,2.21419,0.0491674,0.00254854,0.00254854,6.371350000000001e-05,0.0755049,0.107605,-3.09421e-08,4.88321,results/mhd_runner/glm_sweep/ot_runs/divergence/ot_glm_sweep_coarse_n128_mixed_eglm_ch1_sub2_cd0p5_mixed_eglm.csv
orszag_tang,mixed_eglm,128,finished,1.0,nan,0.5,1,2.21419,0.0695332,0.00254826,0.00254826,6.370650000000001e-05,0.0754735,0.107605,-3.11846e-08,5.09542,results/mhd_runner/glm_sweep/ot_runs/divergence/ot_glm_sweep_coarse_n128_mixed_eglm_ch1_sub1_cd0p5_mixed_eglm.csv
orszag_tang,mixed_eglm,128,finished,0.5,0.03,nan,1,1.1071,0.182244,0.00192663,0.00192663,4.816575e-05,0.0503953,0.107512,-3.16806e-08,5.00566,results/mhd_runner/glm_sweep/ot_runs/divergence/ot_glm_sweep_coarse_n128_mixed_eglm_ch0p5_sub1_cr0p03_mixed_eglm.csv
orszag_tang,mixed_eglm,128,finished,1.0,nan,0.8,8,2.21419,0.0433279,0.00254231,0.00254231,6.355775e-05,0.0751773,0.107605,-3.21931e-08,6.97151,results/mhd_runner/glm_sweep/ot_runs/divergence/ot_glm_sweep_coarse_n128_mixed_eglm_ch1_sub8_cd0p8_mixed_eglm.csv
orszag_tang,mixed_eglm,64,finished,0.5,nan,0.8,8,1.10595,0.0201264,0.0074604,0.0074604,0.00018651,0.123235,0.107408,-3.23568e-08,0.84133,results/mhd_runner/glm_sweep/ot_runs/divergence/ot_glm_sweep_coarse_n64_mixed_eglm_ch0p5_sub8_cd0p8_mixed_eglm.csv
orszag_tang,mixed_eglm,64,finished,1.0,nan,0.1,2,2.21191,0.0250591,0.00921724,0.00921724,0.00023043100000000002,0.15515,0.107591,-3.28821e-08,0.590509,results/mhd_runner/glm_sweep/ot_runs/divergence/ot_glm_sweep_coarse_n64_mixed_eglm_ch1_sub2_cd0p1_mixed_eglm.csv
orszag_tang,mixed_eglm,128,finished,0.5,0.03,nan,2,1.1071,0.182244,0.00192203,0.00192203,4.805075e-05,0.0502181,0.107512,-3.35591e-08,5.13452,results/mhd_runner/glm_sweep/ot_runs/divergence/ot_glm_sweep_coarse_n128_mixed_eglm_ch0p5_sub2_cr0p03_mixed_eglm.csv
orszag_tang,mixed_eglm,64,finished,1.0,nan,0.1,1,2.21191,0.0354389,0.00921697,0.00921697,0.00023042425,0.155134,0.107591,-3.35721e-08,0.644983,results/mhd_runner/glm_sweep/ot_runs/divergence/ot_glm_sweep_coarse_n64_mixed_eglm_ch1_sub1_cd0p1_mixed_eglm.csv
orszag_tang,mixed_eglm,128,finished,0.5,0.03,nan,4,1.1071,0.182244,0.00191974,0.00191974,4.799350000000001e-05,0.0501311,0.107512,-3.45209e-08,5.63249,results/mhd_runner/glm_sweep/ot_runs/divergence/ot_glm_sweep_coarse_n128_mixed_eglm_ch0p5_sub4_cr0p03_mixed_eglm.csv
orszag_tang,mixed_eglm,128,finished,0.5,0.03,nan,8,1.1071,0.182244,0.0019186,0.0019186,4.7965e-05,0.0500879,0.107512,-3.50071e-08,6.94655,results/mhd_runner/glm_sweep/ot_runs/divergence/ot_glm_sweep_coarse_n128_mixed_eglm_ch0p5_sub8_cr0p03_mixed_eglm.csv
orszag_tang,mixed_eglm,128,finished,0.5,0.05,nan,1,1.1071,0.235276,0.00192063,0.00192063,4.8015750000000005e-05,0.0502389,0.107512,-3.57233e-08,4.77655,results/mhd_runner/glm_sweep/ot_runs/divergence/ot_glm_sweep_coarse_n128_mixed_eglm_ch0p5_sub1_cr0p05_mixed_eglm.csv
orszag_tang,mixed_eglm,128,finished,0.5,0.05,nan,2,1.1071,0.235276,0.00191601,0.00191601,4.790025e-05,0.0500579,0.107512,-3.76959e-08,5.39228,results/mhd_runner/glm_sweep/ot_runs/divergence/ot_glm_sweep_coarse_n128_mixed_eglm_ch0p5_sub2_cr0p05_mixed_eglm.csv
orszag_tang,mixed_eglm,64,finished,1.0,nan,0.2,4,2.21191,0.0211943,0.00919115,0.00919115,0.00022977875000000002,0.154512,0.107591,-3.8631e-08,0.706303,results/mhd_runner/glm_sweep/ot_runs/divergence/ot_glm_sweep_coarse_n64_mixed_eglm_ch1_sub4_cd0p2_mixed_eglm.csv
orszag_tang,mixed_eglm,128,finished,0.5,0.05,nan,4,1.1071,0.235276,0.00191373,0.00191373,4.784325e-05,0.0499692,0.107512,-3.87023e-08,5.57691,results/mhd_runner/glm_sweep/ot_runs/divergence/ot_glm_sweep_coarse_n128_mixed_eglm_ch0p5_sub4_cr0p05_mixed_eglm.csv
orszag_tang,mixed_eglm,128,finished,0.5,0.05,nan,8,1.1071,0.235276,0.00191259,0.00191259,4.7814750000000005e-05,0.0499253,0.107512,-3.92102e-08,7.29323,results/mhd_runner/glm_sweep/ot_runs/divergence/ot_glm_sweep_coarse_n128_mixed_eglm_ch0p5_sub8_cr0p05_mixed_eglm.csv
orszag_tang,mixed_eglm,128,finished,0.5,0.1,nan,1,1.1071,0.332731,0.00191543,0.00191543,4.7885750000000005e-05,0.0500971,0.107512,-3.93757e-08,4.54818,results/mhd_runner/glm_sweep/ot_runs/divergence/ot_glm_sweep_coarse_n128_mixed_eglm_ch0p5_sub1_cr0p1_mixed_eglm.csv
orszag_tang,mixed_eglm,128,finished,0.5,0.18,nan,1,1.1071,0.446405,0.00191289,0.00191289,4.782225e-05,0.0500259,0.107512,-4.12069e-08,4.54608,results/mhd_runner/glm_sweep/ot_runs/divergence/ot_glm_sweep_coarse_n128_mixed_eglm_ch0p5_sub1_cr0p18_mixed_eglm.csv
orszag_tang,mixed_eglm,128,finished,0.5,0.1,nan,2,1.1071,0.332731,0.0019108,0.0019108,4.7770000000000005e-05,0.0499131,0.107512,-4.1435e-08,4.92764,results/mhd_runner/glm_sweep/ot_runs/divergence/ot_glm_sweep_coarse_n128_mixed_eglm_ch0p5_sub2_cr0p1_mixed_eglm.csv
orszag_tang,mixed_eglm,128,finished,0.5,0.3,nan,1,1.1071,0.576306,0.00191157,0.00191157,4.778925e-05,0.0499882,0.107512,-4.21768e-08,5.03866,results/mhd_runner/glm_sweep/ot_runs/divergence/ot_glm_sweep_coarse_n128_mixed_eglm_ch0p5_sub1_cr0p3_mixed_eglm.csv
orszag_tang,mixed_eglm,128,finished,0.5,0.1,nan,4,1.1071,0.332731,0.00190851,0.00190851,4.7712750000000005e-05,0.0498232,0.107512,-4.24825e-08,5.65628,results/mhd_runner/glm_sweep/ot_runs/divergence/ot_glm_sweep_coarse_n128_mixed_eglm_ch0p5_sub4_cr0p1_mixed_eglm.csv
orszag_tang,mixed_eglm,128,finished,0.5,0.5,nan,1,1.1071,0.744008,0.00191075,0.00191075,4.776875e-05,0.0499648,0.107512,-4.27772e-08,4.77073,results/mhd_runner/glm_sweep/ot_runs/divergence/ot_glm_sweep_coarse_n128_mixed_eglm_ch0p5_sub1_cr0p5_mixed_eglm.csv
orszag_tang,mixed_eglm,128,finished,4.0,nan,0.03,8,8.85677,0.043702,0.0062953,0.0062953,0.00015738250000000003,0.187856,0.108086,-4.28458e-08,7.29778,results/mhd_runner/glm_sweep/ot_runs/divergence/ot_glm_sweep_coarse_n128_mixed_eglm_ch4_sub8_cd0p03_mixed_eglm.csv
orszag_tang,mixed_eglm,128,finished,0.5,0.1,nan,8,1.1071,0.332731,0.00190738,0.00190738,4.76845e-05,0.0497787,0.107512,-4.30104e-08,7.67312,results/mhd_runner/glm_sweep/ot_runs/divergence/ot_glm_sweep_coarse_n128_mixed_eglm_ch0p5_sub8_cr0p1_mixed_eglm.csv
orszag_tang,mixed_eglm,128,finished,0.5,1.0,nan,1,1.1071,1.05219,0.00191013,0.00191013,4.775325e-05,0.049947,0.107512,-4.32369e-08,4.77482,results/mhd_runner/glm_sweep/ot_runs/divergence/ot_glm_sweep_coarse_n128_mixed_eglm_ch0p5_sub1_cr1_mixed_eglm.csv
orszag_tang,mixed_eglm,128,finished,0.5,0.18,nan,2,1.1071,0.446405,0.00190826,0.00190826,4.77065e-05,0.0498406,0.107512,-4.33102e-08,4.90787,results/mhd_runner/glm_sweep/ot_runs/divergence/ot_glm_sweep_coarse_n128_mixed_eglm_ch0p5_sub2_cr0p18_mixed_eglm.csv
orszag_tang,mixed_eglm,128,finished,4.0,nan,0.03,1,8.85677,0.061804,0.00629507,0.00629507,0.00015737675000000002,0.187842,0.108086,-4.42132e-08,7.23844,results/mhd_runner/glm_sweep/ot_runs/divergence/ot_glm_sweep_coarse_n128_mixed_eglm_ch4_sub1_cd0p03_mixed_eglm.csv
orszag_tang,mixed_eglm,128,finished,4.0,nan,0.03,2,8.85677,0.061804,0.00629507,0.00629507,0.00015737675000000002,0.187842,0.108086,-4.42132e-08,7.61979,results/mhd_runner/glm_sweep/ot_runs/divergence/ot_glm_sweep_coarse_n128_mixed_eglm_ch4_sub2_cd0p03_mixed_eglm.csv
orszag_tang,mixed_eglm,128,finished,4.0,nan,0.03,4,8.85677,0.061804,0.00629507,0.00629507,0.00015737675000000002,0.187842,0.108086,-4.42132e-08,7.68218,results/mhd_runner/glm_sweep/ot_runs/divergence/ot_glm_sweep_coarse_n128_mixed_eglm_ch4_sub4_cd0p03_mixed_eglm.csv
orszag_tang,mixed_eglm,128,finished,0.5,0.3,nan,2,1.1071,0.576306,0.00190693,0.00190693,4.7673250000000006e-05,0.0498022,0.107512,-4.43035e-08,4.91174,results/mhd_runner/glm_sweep/ot_runs/divergence/ot_glm_sweep_coarse_n128_mixed_eglm_ch0p5_sub2_cr0p3_mixed_eglm.csv
orszag_tang,mixed_eglm,128,finished,0.5,0.18,nan,4,1.1071,0.446405,0.00190597,0.00190597,4.764925000000001e-05,0.0497501,0.107512,-4.43787e-08,5.84726,results/mhd_runner/glm_sweep/ot_runs/divergence/ot_glm_sweep_coarse_n128_mixed_eglm_ch0p5_sub4_cr0p18_mixed_eglm.csv
orszag_tang,mixed_eglm,64,finished,2.0,nan,0.05,8,4.42381,0.0219615,0.0127593,0.0127593,0.0003189825,0.211838,0.107937,-4.44596e-08,0.840869,results/mhd_runner/glm_sweep/ot_runs/divergence/ot_glm_sweep_coarse_n64_mixed_eglm_ch2_sub8_cd0p05_mixed_eglm.csv
orszag_tang,mixed_eglm,128,finished,0.5,0.18,nan,8,1.1071,0.446405,0.00190484,0.00190484,4.7621000000000004e-05,0.0497053,0.107512,-4.49169e-08,6.93075,results/mhd_runner/glm_sweep/ot_runs/divergence/ot_glm_sweep_coarse_n128_mixed_eglm_ch0p5_sub8_cr0p18_mixed_eglm.csv
orszag_tang,mixed_eglm,128,finished,0.5,0.5,nan,2,1.1071,0.744008,0.00190611,0.00190611,4.765275e-05,0.0497785,0.107512,-4.49184e-08,5.16174,results/mhd_runner/glm_sweep/ot_runs/divergence/ot_glm_sweep_coarse_n128_mixed_eglm_ch0p5_sub2_cr0p5_mixed_eglm.csv
orszag_tang,mixed_eglm,128,finished,0.5,0.3,nan,4,1.1071,0.576306,0.00190464,0.00190464,4.7616e-05,0.0497115,0.107512,-4.53832e-08,5.59181,results/mhd_runner/glm_sweep/ot_runs/divergence/ot_glm_sweep_coarse_n128_mixed_eglm_ch0p5_sub4_cr0p3_mixed_eglm.csv
orszag_tang,mixed_eglm,128,finished,0.5,1.0,nan,2,1.1071,1.05219,0.00190549,0.00190549,4.763725e-05,0.0497603,0.107512,-4.53892e-08,5.40232,results/mhd_runner/glm_sweep/ot_runs/divergence/ot_glm_sweep_coarse_n128_mixed_eglm_ch0p5_sub2_cr1_mixed_eglm.csv
orszag_tang,mixed_eglm,128,finished,0.5,0.3,nan,8,1.1071,0.576306,0.00190351,0.00190351,4.758775e-05,0.0496665,0.107512,-4.59268e-08,6.98869,results/mhd_runner/glm_sweep/ot_runs/divergence/ot_glm_sweep_coarse_n128_mixed_eglm_ch0p5_sub8_cr0p3_mixed_eglm.csv
orszag_tang,mixed_eglm,128,finished,0.5,0.5,nan,4,1.1071,0.744008,0.00190382,0.00190382,4.75955e-05,0.0496875,0.107512,-4.6005e-08,6.17709,results/mhd_runner/glm_sweep/ot_runs/divergence/ot_glm_sweep_coarse_n128_mixed_eglm_ch0p5_sub4_cr0p5_mixed_eglm.csv
orszag_tang,mixed_eglm,128,finished,0.5,1.0,nan,4,1.1071,1.05219,0.0019032,0.0019032,4.758e-05,0.0496692,0.107512,-4.64811e-08,5.85888,results/mhd_runner/glm_sweep/ot_runs/divergence/ot_glm_sweep_coarse_n128_mixed_eglm_ch0p5_sub4_cr1_mixed_eglm.csv
orszag_tang,mixed_eglm,128,finished,0.5,0.5,nan,8,1.1071,0.744008,0.00190269,0.00190269,4.7567250000000004e-05,0.0496426,0.107512,-4.6552e-08,7.2929,results/mhd_runner/glm_sweep/ot_runs/divergence/ot_glm_sweep_coarse_n128_mixed_eglm_ch0p5_sub8_cr0p5_mixed_eglm.csv
orszag_tang,mixed_eglm,128,finished,0.5,1.0,nan,8,1.1071,1.05219,0.00190206,0.00190206,4.75515e-05,0.0496242,0.107512,-4.70307e-08,7.6651,results/mhd_runner/glm_sweep/ot_runs/divergence/ot_glm_sweep_coarse_n128_mixed_eglm_ch0p5_sub8_cr1_mixed_eglm.csv
orszag_tang,mixed_eglm,64,finished,0.5,nan,0.5,1,1.10595,0.0322986,0.00745515,0.00745515,0.00018637875,0.123065,0.107408,-4.98503e-08,0.569441,results/mhd_runner/glm_sweep/ot_runs/divergence/ot_glm_sweep_coarse_n64_mixed_eglm_ch0p5_sub1_cd0p5_mixed_eglm.csv
orszag_tang,mixed_eglm,64,finished,2.0,nan,0.03,4,4.42381,0.0287072,0.012785,0.012785,0.00031962500000000003,0.212374,0.107937,-5.10594e-08,0.687912,results/mhd_runner/glm_sweep/ot_runs/divergence/ot_glm_sweep_coarse_n64_mixed_eglm_ch2_sub4_cd0p03_mixed_eglm.csv
orszag_tang,mixed_eglm,64,finished,2.0,nan,0.03,2,4.42381,0.0405981,0.0127852,0.0127852,0.00031963,0.212374,0.107937,-5.20037e-08,0.687653,results/mhd_runner/glm_sweep/ot_runs/divergence/ot_glm_sweep_coarse_n64_mixed_eglm_ch2_sub2_cd0p03_mixed_eglm.csv
orszag_tang,mixed_eglm,64,finished,2.0,nan,0.03,1,4.42381,0.0574144,0.0127865,0.0127865,0.0003196625,0.212393,0.107937,-5.27945e-08,0.675834,results/mhd_runner/glm_sweep/ot_runs/divergence/ot_glm_sweep_coarse_n64_mixed_eglm_ch2_sub1_cd0p03_mixed_eglm.csv
orszag_tang,mixed_eglm,128,finished,2.0,nan,0.2,4,4.42838,0.0456258,0.00389143,0.00389143,9.728575e-05,0.121413,0.107778,-5.30793e-08,5.85082,results/mhd_runner/glm_sweep/ot_runs/divergence/ot_glm_sweep_coarse_n128_mixed_eglm_ch2_sub4_cd0p2_mixed_eglm.csv
orszag_tang,mixed_eglm,128,finished,2.0,nan,0.2,2,4.42838,0.0645247,0.00389033,0.00389033,9.725825e-05,0.121343,0.107778,-5.44355e-08,5.56916,results/mhd_runner/glm_sweep/ot_runs/divergence/ot_glm_sweep_coarse_n128_mixed_eglm_ch2_sub2_cd0p2_mixed_eglm.csv
orszag_tang,mixed_eglm,128,finished,2.0,nan,0.2,1,4.42838,0.0645247,0.00389033,0.00389033,9.725825e-05,0.121343,0.107778,-5.44355e-08,5.57381,results/mhd_runner/glm_sweep/ot_runs/divergence/ot_glm_sweep_coarse_n128_mixed_eglm_ch2_sub1_cd0p2_mixed_eglm.csv
orszag_tang,mixed_eglm,64,finished,0.5,nan,0.8,4,1.10595,0.0284627,0.0074307,0.0074307,0.00018576750000000002,0.122743,0.107407,-5.71857e-08,0.670173,results/mhd_runner/glm_sweep/ot_runs/divergence/ot_glm_sweep_coarse_n64_mixed_eglm_ch0p5_sub4_cd0p8_mixed_eglm.csv
orszag_tang,mixed_eglm,128,finished,1.0,nan,0.8,4,2.21419,0.0612753,0.00250044,0.00250044,6.2511e-05,0.0729976,0.107605,-5.89359e-08,5.54059,results/mhd_runner/glm_sweep/ot_runs/divergence/ot_glm_sweep_coarse_n128_mixed_eglm_ch1_sub4_cd0p8_mixed_eglm.csv
orszag_tang,mixed_eglm,64,finished,1.0,nan,0.2,2,2.21191,0.0299728,0.00917735,0.00917735,0.00022943375000000004,0.154051,0.107591,-7.23625e-08,0.609095,results/mhd_runner/glm_sweep/ot_runs/divergence/ot_glm_sweep_coarse_n64_mixed_eglm_ch1_sub2_cd0p2_mixed_eglm.csv
orszag_tang,mixed_eglm,128,finished,4.0,nan,0.05,8,8.85677,0.0472814,0.00628295,0.00628295,0.00015707375000000002,0.187393,0.108086,-7.27159e-08,6.97657,results/mhd_runner/glm_sweep/ot_runs/divergence/ot_glm_sweep_coarse_n128_mixed_eglm_ch4_sub8_cd0p05_mixed_eglm.csv
orszag_tang,mixed_eglm,64,finished,1.0,nan,0.2,1,2.21191,0.042388,0.00917634,0.00917634,0.00022940850000000002,0.15401,0.107591,-7.37035e-08,0.594041,results/mhd_runner/glm_sweep/ot_runs/divergence/ot_glm_sweep_coarse_n64_mixed_eglm_ch1_sub1_cd0p2_mixed_eglm.csv
orszag_tang,mixed_eglm,128,finished,4.0,nan,0.05,1,8.85677,0.066866,0.00628223,0.00628223,0.00015705575,0.187355,0.108086,-7.50264e-08,6.92488,results/mhd_runner/glm_sweep/ot_runs/divergence/ot_glm_sweep_coarse_n128_mixed_eglm_ch4_sub1_cd0p05_mixed_eglm.csv
orszag_tang,mixed_eglm,128,finished,4.0,nan,0.05,4,8.85677,0.066866,0.00628223,0.00628223,0.00015705575,0.187355,0.108086,-7.50264e-08,6.94818,results/mhd_runner/glm_sweep/ot_runs/divergence/ot_glm_sweep_coarse_n128_mixed_eglm_ch4_sub4_cd0p05_mixed_eglm.csv
orszag_tang,mixed_eglm,128,finished,4.0,nan,0.05,2,8.85677,0.066866,0.00628223,0.00628223,0.00015705575,0.187355,0.108086,-7.50264e-08,6.98978,results/mhd_runner/glm_sweep/ot_runs/divergence/ot_glm_sweep_coarse_n128_mixed_eglm_ch4_sub2_cd0p05_mixed_eglm.csv
orszag_tang,mixed_eglm,64,finished,1.0,nan,0.5,8,2.21191,0.0228361,0.00914199,0.00914199,0.00022854975,0.153182,0.10759,-7.74245e-08,0.919136,results/mhd_runner/glm_sweep/ot_runs/divergence/ot_glm_sweep_coarse_n64_mixed_eglm_ch1_sub8_cd0p5_mixed_eglm.csv
orszag_tang,mixed_eglm,64,finished,2.0,nan,0.05,4,4.42381,0.0310582,0.012765,0.012765,0.000319125,0.211941,0.107937,-8.65896e-08,0.756451,results/mhd_runner/glm_sweep/ot_runs/divergence/ot_glm_sweep_coarse_n64_mixed_eglm_ch2_sub4_cd0p05_mixed_eglm.csv
orszag_tang,mixed_eglm,128,finished,8.0,nan,0.01,1,17.7135,0.0762136,0.00979887,0.00979887,0.00024497175,0.265603,0.108589,-8.74102e-08,9.66562,results/mhd_runner/glm_sweep/ot_runs/divergence/ot_glm_sweep_coarse_n128_mixed_eglm_ch8_sub1_cd0p01_mixed_eglm.csv
orszag_tang,mixed_eglm,128,finished,8.0,nan,0.01,8,17.7135,0.0762136,0.00979887,0.00979887,0.00024497175,0.265603,0.108589,-8.74102e-08,10.1104,results/mhd_runner/glm_sweep/ot_runs/divergence/ot_glm_sweep_coarse_n128_mixed_eglm_ch8_sub8_cd0p01_mixed_eglm.csv
orszag_tang,mixed_eglm,128,finished,8.0,nan,0.01,4,17.7135,0.0762136,0.00979887,0.00979887,0.00024497175,0.265603,0.108589,-8.74102e-08,10.6497,results/mhd_runner/glm_sweep/ot_runs/divergence/ot_glm_sweep_coarse_n128_mixed_eglm_ch8_sub4_cd0p01_mixed_eglm.csv
orszag_tang,mixed_eglm,128,finished,8.0,nan,0.01,2,17.7135,0.0762136,0.00979887,0.00979887,0.00024497175,0.265603,0.108589,-8.74102e-08,10.7117,results/mhd_runner/glm_sweep/ot_runs/divergence/ot_glm_sweep_coarse_n128_mixed_eglm_ch8_sub2_cd0p01_mixed_eglm.csv
orszag_tang,mixed_eglm,64,finished,2.0,nan,0.05,2,4.42381,0.0439229,0.0127648,0.0127648,0.00031912,0.21193,0.107937,-8.81962e-08,0.71329,results/mhd_runner/glm_sweep/ot_runs/divergence/ot_glm_sweep_coarse_n64_mixed_eglm_ch2_sub2_cd0p05_mixed_eglm.csv
orszag_tang,mixed_eglm,64,finished,2.0,nan,0.05,1,4.42381,0.0621164,0.0127656,0.0127656,0.00031914000000000004,0.211939,0.107937,-8.95074e-08,0.720321,results/mhd_runner/glm_sweep/ot_runs/divergence/ot_glm_sweep_coarse_n64_mixed_eglm_ch2_sub1_cd0p05_mixed_eglm.csv
orszag_tang,mixed_eglm,64,finished,0.5,nan,0.8,2,1.10595,0.0402518,0.00739474,0.00739474,0.00018486850000000001,0.12206,0.107406,-9.13177e-08,0.596289,results/mhd_runner/glm_sweep/ot_runs/divergence/ot_glm_sweep_coarse_n64_mixed_eglm_ch0p5_sub2_cd0p8_mixed_eglm.csv
orszag_tang,mixed_eglm,64,finished,4.0,nan,0.01,8,8.84763,0.0354039,0.0185414,0.0185414,0.000463535,0.282406,0.108416,-9.22005e-08,0.936358,results/mhd_runner/glm_sweep/ot_runs/divergence/ot_glm_sweep_coarse_n64_mixed_eglm_ch4_sub8_cd0p01_mixed_eglm.csv
orszag_tang,mixed_eglm,64,finished,2.0,nan,0.1,8,4.42381,0.0250497,0.0127318,0.0127318,0.000318295,0.211243,0.107937,-9.3408e-08,0.914906,results/mhd_runner/glm_sweep/ot_runs/divergence/ot_glm_sweep_coarse_n64_mixed_eglm_ch2_sub8_cd0p1_mixed_eglm.csv
orszag_tang,mixed_eglm,64,finished,4.0,nan,0.01,4,8.84763,0.0500686,0.0185419,0.0185419,0.00046354750000000003,0.282415,0.108416,-9.3566e-08,0.870818,results/mhd_runner/glm_sweep/ot_runs/divergence/ot_glm_sweep_coarse_n64_mixed_eglm_ch4_sub4_cd0p01_mixed_eglm.csv
orszag_tang,mixed_eglm,64,finished,4.0,nan,0.01,2,8.84763,0.0708077,0.0185432,0.0185432,0.00046358,0.282437,0.108416,-9.54052e-08,0.868919,results/mhd_runner/glm_sweep/ot_runs/divergence/ot_glm_sweep_coarse_n64_mixed_eglm_ch4_sub2_cd0p01_mixed_eglm.csv
orszag_tang,mixed_eglm,64,finished,4.0,nan,0.01,1,8.84763,0.0708077,0.0185432,0.0185432,0.00046358,0.282437,0.108416,-9.54052e-08,0.917213,results/mhd_runner/glm_sweep/ot_runs/divergence/ot_glm_sweep_coarse_n64_mixed_eglm_ch4_sub1_cd0p01_mixed_eglm.csv
orszag_tang,mixed_eglm,128,finished,1.0,nan,0.8,2,2.21419,0.0866573,0.00244167,0.00244167,6.104175e-05,0.0700465,0.107605,-1.00708e-07,5.12364,results/mhd_runner/glm_sweep/ot_runs/divergence/ot_glm_sweep_coarse_n128_mixed_eglm_ch1_sub2_cd0p8_mixed_eglm.csv
orszag_tang,mixed_eglm,128,finished,1.0,nan,0.8,1,2.21419,0.122552,0.00244142,0.00244142,6.103550000000001e-05,0.0700191,0.107605,-1.00947e-07,5.36889,results/mhd_runner/glm_sweep/ot_runs/divergence/ot_glm_sweep_coarse_n128_mixed_eglm_ch1_sub1_cd0p8_mixed_eglm.csv
orszag_tang,mixed_eglm,64,finished,0.5,0.01,nan,1,1.10595,0.105164,0.00739037,0.00739037,0.00018475925000000003,0.121865,0.107406,-1.04608e-07,0.637539,results/mhd_runner/glm_sweep/ot_runs/divergence/ot_glm_sweep_coarse_n64_mixed_eglm_ch0p5_sub1_cr0p01_mixed_eglm.csv
orszag_tang,mixed_eglm,128,finished,2.0,nan,0.5,8,4.42838,0.0491609,0.00383906,0.00383906,9.597650000000001e-05,0.119127,0.107778,-1.05134e-07,7.32012,results/mhd_runner/glm_sweep/ot_runs/divergence/ot_glm_sweep_coarse_n128_mixed_eglm_ch2_sub8_cd0p5_mixed_eglm.csv
orszag_tang,mixed_eglm,64,finished,0.5,0.01,nan,2,1.10595,0.105164,0.00736193,0.00736193,0.00018404825,0.121425,0.107405,-1.20397e-07,0.663513,results/mhd_runner/glm_sweep/ot_runs/divergence/ot_glm_sweep_coarse_n64_mixed_eglm_ch0p5_sub2_cr0p01_mixed_eglm.csv
orszag_tang,mixed_eglm,64,finished,0.5,nan,0.8,1,1.10595,0.0569243,0.0073679,0.0073679,0.00018419750000000002,0.121406,0.107405,-1.25188e-07,0.557903,results/mhd_runner/glm_sweep/ot_runs/divergence/ot_glm_sweep_coarse_n64_mixed_eglm_ch0p5_sub1_cd0p8_mixed_eglm.csv
orszag_tang,mixed_eglm,64,finished,0.5,0.01,nan,4,1.10595,0.105164,0.00734756,0.00734756,0.000183689,0.121194,0.107405,-1.28786e-07,0.70549,results/mhd_runner/glm_sweep/ot_runs/divergence/ot_glm_sweep_coarse_n64_mixed_eglm_ch0p5_sub4_cr0p01_mixed_eglm.csv
orszag_tang,mixed_eglm,64,finished,0.5,0.01,nan,8,1.10595,0.105164,0.00734035,0.00734035,0.00018350875000000002,0.121076,0.107405,-1.33102e-07,0.84048,results/mhd_runner/glm_sweep/ot_runs/divergence/ot_glm_sweep_coarse_n64_mixed_eglm_ch0p5_sub8_cr0p01_mixed_eglm.csv
orszag_tang,mixed_eglm,128,finished,1.0,0.01,nan,1,2.21419,0.148802,0.00238971,0.00238971,5.974275000000001e-05,0.0674495,0.107605,-1.39452e-07,5.35241,results/mhd_runner/glm_sweep/ot_runs/divergence/ot_glm_sweep_coarse_n128_mixed_eglm_ch1_sub1_cr0p01_mixed_eglm.csv
orszag_tang,mixed_eglm,128,finished,1.0,0.01,nan,2,2.21419,0.148802,0.0023893,0.0023893,5.9732500000000005e-05,0.067431,0.107605,-1.39642e-07,5.09826,results/mhd_runner/glm_sweep/ot_runs/divergence/ot_glm_sweep_coarse_n128_mixed_eglm_ch1_sub2_cr0p01_mixed_eglm.csv
orszag_tang,mixed_eglm,64,finished,1.0,nan,0.5,4,2.21191,0.0322941,0.00908389,0.00908389,0.00022709725000000003,0.151547,0.10759,-1.45764e-07,0.726566,results/mhd_runner/glm_sweep/ot_runs/divergence/ot_glm_sweep_coarse_n64_mixed_eglm_ch1_sub4_cd0p5_mixed_eglm.csv
orszag_tang,mixed_eglm,128,finished,1.0,0.01,nan,4,2.21419,0.148802,0.00237648,0.00237648,5.9412e-05,0.0667376,0.107605,-1.47205e-07,5.85897,results/mhd_runner/glm_sweep/ot_runs/divergence/ot_glm_sweep_coarse_n128_mixed_eglm_ch1_sub4_cr0p01_mixed_eglm.csv
orszag_tang,mixed_eglm,128,finished,1.0,0.01,nan,8,2.21419,0.148802,0.00237008,0.00237008,5.925200000000001e-05,0.0663904,0.107605,-1.51055e-07,7.23578,results/mhd_runner/glm_sweep/ot_runs/divergence/ot_glm_sweep_coarse_n128_mixed_eglm_ch1_sub8_cr0p01_mixed_eglm.csv
orszag_tang,mixed_eglm,128,finished,4.0,nan,0.1,8,8.85677,0.0539304,0.00625008,0.00625008,0.000156252,0.186162,0.108086,-1.52403e-07,7.31448,results/mhd_runner/glm_sweep/ot_runs/divergence/ot_glm_sweep_coarse_n128_mixed_eglm_ch4_sub8_cd0p1_mixed_eglm.csv
orszag_tang,mixed_eglm,128,finished,4.0,nan,0.1,2,8.85677,0.076269,0.00624808,0.00624808,0.000156202,0.186062,0.108086,-1.57189e-07,6.89702,results/mhd_runner/glm_sweep/ot_runs/divergence/ot_glm_sweep_coarse_n128_mixed_eglm_ch4_sub2_cd0p1_mixed_eglm.csv
orszag_tang,mixed_eglm,128,finished,4.0,nan,0.1,1,8.85677,0.076269,0.00624808,0.00624808,0.000156202,0.186062,0.108086,-1.57189e-07,6.95823,results/mhd_runner/glm_sweep/ot_runs/divergence/ot_glm_sweep_coarse_n128_mixed_eglm_ch4_sub1_cd0p1_mixed_eglm.csv
orszag_tang,mixed_eglm,128,finished,4.0,nan,0.1,4,8.85677,0.076269,0.00624808,0.00624808,0.000156202,0.186062,0.108086,-1.57189e-07,7.68636,results/mhd_runner/glm_sweep/ot_runs/divergence/ot_glm_sweep_coarse_n128_mixed_eglm_ch4_sub4_cd0p1_mixed_eglm.csv
orszag_tang,mixed_eglm,64,finished,0.5,0.03,nan,1,1.10595,0.18215,0.00731489,0.00731489,0.00018287225000000002,0.12026,0.107403,-1.76424e-07,0.623498,results/mhd_runner/glm_sweep/ot_runs/divergence/ot_glm_sweep_coarse_n64_mixed_eglm_ch0p5_sub1_cr0p03_mixed_eglm.csv
orszag_tang,mixed_eglm,64,finished,2.0,nan,0.1,4,4.42381,0.0354252,0.0127119,0.0127119,0.00031779750000000004,0.210794,0.107937,-1.81119e-07,0.692206,results/mhd_runner/glm_sweep/ot_runs/divergence/ot_glm_sweep_coarse_n64_mixed_eglm_ch2_sub4_cd0p1_mixed_eglm.csv
orszag_tang,mixed_eglm,64,finished,2.0,nan,0.1,2,4.42381,0.0500987,0.0127104,0.0127104,0.00031776000000000005,0.210752,0.107937,-1.84497e-07,0.746468,results/mhd_runner/glm_sweep/ot_runs/divergence/ot_glm_sweep_coarse_n64_mixed_eglm_ch2_sub2_cd0p1_mixed_eglm.csv
orszag_tang,mixed_eglm,64,finished,2.0,nan,0.1,1,4.42381,0.0708503,0.0127104,0.0127104,0.00031776000000000005,0.210738,0.107937,-1.87084e-07,0.661017,results/mhd_runner/glm_sweep/ot_runs/divergence/ot_glm_sweep_coarse_n64_mixed_eglm_ch2_sub1_cd0p1_mixed_eglm.csv
orszag_tang,mixed_eglm,64,finished,0.5,0.03,nan,2,1.10595,0.18215,0.00728668,0.00728668,0.000182167,0.119819,0.107403,-1.93921e-07,0.636959,results/mhd_runner/glm_sweep/ot_runs/divergence/ot_glm_sweep_coarse_n64_mixed_eglm_ch0p5_sub2_cr0p03_mixed_eglm.csv
orszag_tang,mixed_eglm,128,finished,2.0,nan,0.5,4,4.42838,0.0695241,0.00375753,0.00375753,9.393825e-05,0.115654,0.107778,-1.99663e-07,5.58124,results/mhd_runner/glm_sweep/ot_runs/divergence/ot_glm_sweep_coarse_n128_mixed_eglm_ch2_sub4_cd0p5_mixed_eglm.csv
orszag_tang,mixed_eglm,64,finished,0.5,0.05,nan,1,1.10595,0.235155,0.00729144,0.00729144,0.000182286,0.119723,0.107403,-2.004e-07,0.592645,results/mhd_runner/glm_sweep/ot_runs/divergence/ot_glm_sweep_coarse_n64_mixed_eglm_ch0p5_sub1_cr0p05_mixed_eglm.csv
orszag_tang,mixed_eglm,64,finished,0.5,0.03,nan,4,1.10595,0.18215,0.00727283,0.00727283,0.00018182075,0.119592,0.107403,-2.02956e-07,0.677652,results/mhd_runner/glm_sweep/ot_runs/divergence/ot_glm_sweep_coarse_n64_mixed_eglm_ch0p5_sub4_cr0p03_mixed_eglm.csv
orszag_tang,mixed_eglm,128,finished,2.0,nan,0.5,1,4.42838,0.0983219,0.00375393,0.00375393,9.384825e-05,0.11545,0.107778,-2.03464e-07,5.55473,results/mhd_runner/glm_sweep/ot_runs/divergence/ot_glm_sweep_coarse_n128_mixed_eglm_ch2_sub1_cd0p5_mixed_eglm.csv
orszag_tang,mixed_eglm,128,finished,2.0,nan,0.5,2,4.42838,0.0983219,0.00375393,0.00375393,9.384825e-05,0.11545,0.107778,-2.03464e-07,5.8257,results/mhd_runner/glm_sweep/ot_runs/divergence/ot_glm_sweep_coarse_n128_mixed_eglm_ch2_sub2_cd0p5_mixed_eglm.csv
orszag_tang,mixed_eglm,64,finished,0.5,0.03,nan,8,1.10595,0.18215,0.00726596,0.00726596,0.000181649,0.119478,0.107403,-2.07541e-07,0.887871,results/mhd_runner/glm_sweep/ot_runs/divergence/ot_glm_sweep_coarse_n64_mixed_eglm_ch0p5_sub8_cr0p03_mixed_eglm.csv
orszag_tang,mixed_eglm,64,finished,2.0,nan,0.2,8,4.42381,0.0299614,0.0126678,0.0126678,0.00031669500000000003,0.209859,0.107937,-2.07812e-07,0.940434,results/mhd_runner/glm_sweep/ot_runs/divergence/ot_glm_sweep_coarse_n64_mixed_eglm_ch2_sub8_cd0p2_mixed_eglm.csv
orszag_tang,mixed_eglm,64,finished,0.5,0.05,nan,2,1.10595,0.235155,0.00726331,0.00726331,0.00018158275000000002,0.119284,0.107402,-2.18499e-07,0.6132,results/mhd_runner/glm_sweep/ot_runs/divergence/ot_glm_sweep_coarse_n64_mixed_eglm_ch0p5_sub2_cr0p05_mixed_eglm.csv
orszag_tang,mixed_eglm,64,finished,0.5,0.1,nan,1,1.10595,0.332559,0.00727091,0.00727091,0.00018177275,0.119239,0.107402,-2.21989e-07,0.551258,results/mhd_runner/glm_sweep/ot_runs/divergence/ot_glm_sweep_coarse_n64_mixed_eglm_ch0p5_sub1_cr0p1_mixed_eglm.csv
orszag_tang,mixed_eglm,64,finished,0.5,0.05,nan,4,1.10595,0.235155,0.00724958,0.00724958,0.0001812395,0.11906,0.107402,-2.27787e-07,0.729102,results/mhd_runner/glm_sweep/ot_runs/divergence/ot_glm_sweep_coarse_n64_mixed_eglm_ch0p5_sub4_cr0p05_mixed_eglm.csv
orszag_tang,mixed_eglm,64,finished,0.5,0.05,nan,8,1.10595,0.235155,0.0072428,0.0072428,0.00018107,0.118947,0.107402,-2.32485e-07,0.843595,results/mhd_runner/glm_sweep/ot_runs/divergence/ot_glm_sweep_coarse_n64_mixed_eglm_ch0p5_sub8_cr0p05_mixed_eglm.csv
orszag_tang,mixed_eglm,64,finished,0.5,0.18,nan,1,1.10595,0.446174,0.00726083,0.00726083,0.00018152075000000002,0.118996,0.107402,-2.32789e-07,0.563232,results/mhd_runner/glm_sweep/ot_runs/divergence/ot_glm_sweep_coarse_n64_mixed_eglm_ch0p5_sub1_cr0p18_mixed_eglm.csv
orszag_tang,mixed_eglm,64,finished,0.5,0.3,nan,1,1.10595,0.576009,0.00725554,0.00725554,0.00018138850000000003,0.118868,0.107402,-2.38503e-07,0.573738,results/mhd_runner/glm_sweep/ot_runs/divergence/ot_glm_sweep_coarse_n64_mixed_eglm_ch0p5_sub1_cr0p3_mixed_eglm.csv
orszag_tang,mixed_eglm,64,finished,0.5,0.1,nan,2,1.10595,0.332559,0.00724283,0.00724283,0.00018107075,0.118802,0.107402,-2.40652e-07,0.613331,results/mhd_runner/glm_sweep/ot_runs/divergence/ot_glm_sweep_coarse_n64_mixed_eglm_ch0p5_sub2_cr0p1_mixed_eglm.csv
orszag_tang,mixed_eglm,64,finished,0.5,0.5,nan,1,1.10595,0.743624,0.00725229,0.00725229,0.00018130725,0.118788,0.107402,-2.42037e-07,0.59506,results/mhd_runner/glm_sweep/ot_runs/divergence/ot_glm_sweep_coarse_n64_mixed_eglm_ch0p5_sub1_cr0p5_mixed_eglm.csv
orszag_tang,mixed_eglm,64,finished,0.5,1.0,nan,1,1.10595,1.05164,0.0072498,0.0072498,0.00018124500000000002,0.118727,0.107402,-2.44742e-07,0.570715,results/mhd_runner/glm_sweep/ot_runs/divergence/ot_glm_sweep_coarse_n64_mixed_eglm_ch0p5_sub1_cr1_mixed_eglm.csv
orszag_tang,mixed_eglm,64,finished,0.5,0.1,nan,4,1.10595,0.332559,0.00722919,0.00722919,0.00018072975,0.11858,0.107402,-2.50179e-07,0.676195,results/mhd_runner/glm_sweep/ot_runs/divergence/ot_glm_sweep_coarse_n64_mixed_eglm_ch0p5_sub4_cr0p1_mixed_eglm.csv
orszag_tang,mixed_eglm,64,finished,0.5,0.18,nan,2,1.10595,0.446174,0.00723276,0.00723276,0.00018081900000000003,0.118561,0.107402,-2.5174e-07,0.587188,results/mhd_runner/glm_sweep/ot_runs/divergence/ot_glm_sweep_coarse_n64_mixed_eglm_ch0p5_sub2_cr0p18_mixed_eglm.csv
orszag_tang,mixed_eglm,64,finished,0.5,0.1,nan,8,1.10595,0.332559,0.00722248,0.00722248,0.000180562,0.118469,0.107402,-2.54986e-07,0.918853,results/mhd_runner/glm_sweep/ot_runs/divergence/ot_glm_sweep_coarse_n64_mixed_eglm_ch0p5_sub8_cr0p1_mixed_eglm.csv
orszag_tang,mixed_eglm,64,finished,0.5,0.3,nan,2,1.10595,0.576009,0.00722747,0.00722747,0.00018068675,0.118433,0.107401,-2.57608e-07,0.620101,results/mhd_runner/glm_sweep/ot_runs/divergence/ot_glm_sweep_coarse_n64_mixed_eglm_ch0p5_sub2_cr0p3_mixed_eglm.csv
orszag_tang,mixed_eglm,64,finished,1.0,nan,0.5,2,2.21191,0.0456685,0.00899472,0.00899472,0.000224868,0.149093,0.107589,-2.59126e-07,0.571944,results/mhd_runner/glm_sweep/ot_runs/divergence/ot_glm_sweep_coarse_n64_mixed_eglm_ch1_sub2_cd0p5_mixed_eglm.csv
orszag_tang,mixed_eglm,128,finished,1.0,0.03,nan,1,2.21419,0.257732,0.00225036,0.00225036,5.6259e-05,0.0607907,0.107605,-2.60419e-07,4.85593,results/mhd_runner/glm_sweep/ot_runs/divergence/ot_glm_sweep_coarse_n128_mixed_eglm_ch1_sub1_cr0p03_mixed_eglm.csv
orszag_tang,mixed_eglm,128,finished,1.0,0.03,nan,2,2.21419,0.257732,0.00224988,0.00224988,5.6247000000000005e-05,0.0607647,0.107605,-2.60725e-07,5.37939,results/mhd_runner/glm_sweep/ot_runs/divergence/ot_glm_sweep_coarse_n128_mixed_eglm_ch1_sub2_cr0p03_mixed_eglm.csv
orszag_tang,mixed_eglm,64,finished,0.5,0.5,nan,2,1.10595,0.743624,0.00722422,0.00722422,0.0001806055,0.118354,0.107401,-2.61239e-07,0.584173,results/mhd_runner/glm_sweep/ot_runs/divergence/ot_glm_sweep_coarse_n64_mixed_eglm_ch0p5_sub2_cr0p5_mixed_eglm.csv
orszag_tang,mixed_eglm,64,finished,0.5,0.18,nan,4,1.10595,0.446174,0.00721917,0.00721917,0.00018047925,0.11834,0.107402,-2.61392e-07,0.70788,results/mhd_runner/glm_sweep/ot_runs/divergence/ot_glm_sweep_coarse_n64_mixed_eglm_ch0p5_sub4_cr0p18_mixed_eglm.csv
orszag_tang,mixed_eglm,64,finished,1.0,nan,0.5,1,2.21191,0.064585,0.00899203,0.00899203,0.00022480075,0.148996,0.107589,-2.62034e-07,0.589858,results/mhd_runner/glm_sweep/ot_runs/divergence/ot_glm_sweep_coarse_n64_mixed_eglm_ch1_sub1_cd0p5_mixed_eglm.csv
orszag_tang,mixed_eglm,64,finished,0.5,1.0,nan,2,1.10595,1.05164,0.00722174,0.00722174,0.0001805435,0.118294,0.107401,-2.64017e-07,0.620472,results/mhd_runner/glm_sweep/ot_runs/divergence/ot_glm_sweep_coarse_n64_mixed_eglm_ch0p5_sub2_cr1_mixed_eglm.csv
orszag_tang,mixed_eglm,64,finished,0.5,0.18,nan,8,1.10595,0.446174,0.00721248,0.00721248,0.00018031200000000002,0.118229,0.107401,-2.66256e-07,0.886546,results/mhd_runner/glm_sweep/ot_runs/divergence/ot_glm_sweep_coarse_n64_mixed_eglm_ch0p5_sub8_cr0p18_mixed_eglm.csv
orszag_tang,mixed_eglm,128,finished,8.0,nan,0.03,8,17.7135,0.0873402,0.00976935,0.00976935,0.00024423375,0.26463,0.108589,-2.66554e-07,9.63436,results/mhd_runner/glm_sweep/ot_runs/divergence/ot_glm_sweep_coarse_n128_mixed_eglm_ch8_sub8_cd0p03_mixed_eglm.csv
orszag_tang,mixed_eglm,128,finished,8.0,nan,0.03,2,17.7135,0.0873402,0.00976935,0.00976935,0.00024423375,0.26463,0.108589,-2.66554e-07,9.676,results/mhd_runner/glm_sweep/ot_runs/divergence/ot_glm_sweep_coarse_n128_mixed_eglm_ch8_sub2_cd0p03_mixed_eglm.csv
orszag_tang,mixed_eglm,128,finished,8.0,nan,0.03,1,17.7135,0.0873402,0.00976935,0.00976935,0.00024423375,0.26463,0.108589,-2.66554e-07,9.68427,results/mhd_runner/glm_sweep/ot_runs/divergence/ot_glm_sweep_coarse_n128_mixed_eglm_ch8_sub1_cd0p03_mixed_eglm.csv
orszag_tang,mixed_eglm,128,finished,8.0,nan,0.03,4,17.7135,0.0873402,0.00976935,0.00976935,0.00024423375,0.26463,0.108589,-2.66554e-07,10.6463,results/mhd_runner/glm_sweep/ot_runs/divergence/ot_glm_sweep_coarse_n128_mixed_eglm_ch8_sub4_cd0p03_mixed_eglm.csv
orszag_tang,mixed_eglm,64,finished,0.5,0.3,nan,4,1.10595,0.576009,0.0072139,0.0072139,0.0001803475,0.118213,0.107401,-2.67327e-07,0.745934,results/mhd_runner/glm_sweep/ot_runs/divergence/ot_glm_sweep_coarse_n64_mixed_eglm_ch0p5_sub4_cr0p3_mixed_eglm.csv
orszag_tang,mixed_eglm,128,finished,1.0,0.03,nan,4,2.21419,0.257732,0.00223925,0.00223925,5.598125e-05,0.0602441,0.107605,-2.68198e-07,6.10874,results/mhd_runner/glm_sweep/ot_runs/divergence/ot_glm_sweep_coarse_n128_mixed_eglm_ch1_sub4_cr0p03_mixed_eglm.csv
orszag_tang,mixed_eglm,64,finished,0.5,0.5,nan,4,1.10595,0.743624,0.00721066,0.00721066,0.0001802665,0.118134,0.107401,-2.70999e-07,0.701194,results/mhd_runner/glm_sweep/ot_runs/divergence/ot_glm_sweep_coarse_n64_mixed_eglm_ch0p5_sub4_cr0p5_mixed_eglm.csv
orszag_tang,mixed_eglm,128,finished,1.0,0.03,nan,8,2.21419,0.257732,0.00223401,0.00223401,5.585025e-05,0.0601082,0.107605,-2.71941e-07,7.23503,results/mhd_runner/glm_sweep/ot_runs/divergence/ot_glm_sweep_coarse_n128_mixed_eglm_ch1_sub8_cr0p03_mixed_eglm.csv
orszag_tang,mixed_eglm,64,finished,0.5,0.3,nan,8,1.10595,0.576009,0.00720724,0.00720724,0.00018018100000000002,0.118102,0.107401,-2.72222e-07,0.939697,results/mhd_runner/glm_sweep/ot_runs/divergence/ot_glm_sweep_coarse_n64_mixed_eglm_ch0p5_sub8_cr0p3_mixed_eglm.csv
orszag_tang,mixed_eglm,64,finished,0.5,1.0,nan,4,1.10595,1.05164,0.00720819,0.00720819,0.00018020475,0.118074,0.107401,-2.7381e-07,0.671576,results/mhd_runner/glm_sweep/ot_runs/divergence/ot_glm_sweep_coarse_n64_mixed_eglm_ch0p5_sub4_cr1_mixed_eglm.csv
orszag_tang,mixed_eglm,64,finished,0.5,0.5,nan,8,1.10595,0.743624,0.00720401,0.00720401,0.00018010025000000002,0.118024,0.107401,-2.75913e-07,0.838978,results/mhd_runner/glm_sweep/ot_runs/divergence/ot_glm_sweep_coarse_n64_mixed_eglm_ch0p5_sub8_cr0p5_mixed_eglm.csv
orszag_tang,mixed_eglm,64,finished,1.0,nan,0.8,8,2.21191,0.0402442,0.00894699,0.00894699,0.00022367475000000003,0.147832,0.107589,-2.77394e-07,0.916345,results/mhd_runner/glm_sweep/ot_runs/divergence/ot_glm_sweep_coarse_n64_mixed_eglm_ch1_sub8_cd0p8_mixed_eglm.csv
orszag_tang,mixed_eglm,64,finished,0.5,1.0,nan,8,1.10595,1.05164,0.00720154,0.00720154,0.00018003850000000002,0.117964,0.107401,-2.78739e-07,0.857667,results/mhd_runner/glm_sweep/ot_runs/divergence/ot_glm_sweep_coarse_n64_mixed_eglm_ch0p5_sub8_cr1_mixed_eglm.csv
orszag_tang,mixed_eglm,64,finished,4.0,nan,0.03,8,8.84763,0.0405721,0.0184943,0.0184943,0.00046235750000000005,0.281569,0.108416,-2.81095e-07,0.863043,results/mhd_runner/glm_sweep/ot_runs/divergence/ot_glm_sweep_coarse_n64_mixed_eglm_ch4_sub8_cd0p03_mixed_eglm.csv
orszag_tang,mixed_eglm,64,finished,4.0,nan,0.03,4,8.84763,0.0573776,0.0184939,0.0184939,0.00046234750000000006,0.281556,0.108416,-2.85266e-07,0.846099,results/mhd_runner/glm_sweep/ot_runs/divergence/ot_glm_sweep_coarse_n64_mixed_eglm_ch4_sub4_cd0p03_mixed_eglm.csv
orszag_tang,mixed_eglm,64,finished,4.0,nan,0.03,1,8.84763,0.0811442,0.018494,0.018494,0.00046235000000000004,0.281551,0.108416,-2.90838e-07,0.840399,results/mhd_runner/glm_sweep/ot_runs/divergence/ot_glm_sweep_coarse_n64_mixed_eglm_ch4_sub1_cd0p03_mixed_eglm.csv
orszag_tang,mixed_eglm,64,finished,4.0,nan,0.03,2,8.84763,0.0811442,0.018494,0.018494,0.00046235000000000004,0.281551,0.108416,-2.90838e-07,0.849285,results/mhd_runner/glm_sweep/ot_runs/divergence/ot_glm_sweep_coarse_n64_mixed_eglm_ch4_sub2_cd0p03_mixed_eglm.csv
orszag_tang,mixed_eglm,128,finished,1.0,0.05,nan,1,2.21419,0.332731,0.00219918,0.00219918,5.49795e-05,0.0592014,0.107604,-3.11099e-07,4.8658,results/mhd_runner/glm_sweep/ot_runs/divergence/ot_glm_sweep_coarse_n128_mixed_eglm_ch1_sub1_cr0p05_mixed_eglm.csv
orszag_tang,mixed_eglm,128,finished,1.0,0.05,nan,2,2.21419,0.332731,0.00219868,0.00219868,5.4967000000000004e-05,0.0591935,0.107604,-3.11454e-07,4.90066,results/mhd_runner/glm_sweep/ot_runs/divergence/ot_glm_sweep_coarse_n128_mixed_eglm_ch1_sub2_cr0p05_mixed_eglm.csv
orszag_tang,mixed_eglm,128,finished,1.0,0.05,nan,4,2.21419,0.332731,0.00218878,0.00218878,5.4719500000000004e-05,0.0589336,0.107604,-3.18877e-07,6.12809,results/mhd_runner/glm_sweep/ot_runs/divergence/ot_glm_sweep_coarse_n128_mixed_eglm_ch1_sub4_cr0p05_mixed_eglm.csv
orszag_tang,mixed_eglm,128,finished,1.0,0.05,nan,8,2.21419,0.332731,0.00218393,0.00218393,5.4598250000000005e-05,0.0588052,0.107604,-3.2258e-07,6.93237,results/mhd_runner/glm_sweep/ot_runs/divergence/ot_glm_sweep_coarse_n128_mixed_eglm_ch1_sub8_cr0p05_mixed_eglm.csv
orszag_tang,mixed_eglm,128,finished,4.0,nan,0.2,8,8.85677,0.0645063,0.0061742,0.0061742,0.000154355,0.18333,0.108086,-3.37156e-07,7.72161,results/mhd_runner/glm_sweep/ot_runs/divergence/ot_glm_sweep_coarse_n128_mixed_eglm_ch4_sub8_cd0p2_mixed_eglm.csv
orszag_tang,mixed_eglm,128,finished,4.0,nan,0.2,2,8.85677,0.0912257,0.00616937,0.00616937,0.00015423425000000003,0.183094,0.108086,-3.47447e-07,6.93061,results/mhd_runner/glm_sweep/ot_runs/divergence/ot_glm_sweep_coarse_n128_mixed_eglm_ch4_sub2_cd0p2_mixed_eglm.csv
orszag_tang,mixed_eglm,128,finished,4.0,nan,0.2,1,8.85677,0.0912257,0.00616937,0.00616937,0.00015423425000000003,0.183094,0.108086,-3.47447e-07,6.96264,results/mhd_runner/glm_sweep/ot_runs/divergence/ot_glm_sweep_coarse_n128_mixed_eglm_ch4_sub1_cd0p2_mixed_eglm.csv
orszag_tang,mixed_eglm,128,finished,4.0,nan,0.2,4,8.85677,0.0912257,0.00616937,0.00616937,0.00015423425000000003,0.183094,0.108086,-3.47447e-07,7.30234,results/mhd_runner/glm_sweep/ot_runs/divergence/ot_glm_sweep_coarse_n128_mixed_eglm_ch4_sub4_cd0p2_mixed_eglm.csv
orszag_tang,mixed_eglm,128,finished,1.0,0.1,nan,1,2.21419,0.470552,0.00215035,0.00215035,5.375875000000001e-05,0.0579052,0.107604,-3.62209e-07,4.86939,results/mhd_runner/glm_sweep/ot_runs/divergence/ot_glm_sweep_coarse_n128_mixed_eglm_ch1_sub1_cr0p1_mixed_eglm.csv
orszag_tang,mixed_eglm,128,finished,1.0,0.1,nan,2,2.21419,0.470552,0.00214982,0.00214982,5.374550000000001e-05,0.0578965,0.107604,-3.62616e-07,4.8971,results/mhd_runner/glm_sweep/ot_runs/divergence/ot_glm_sweep_coarse_n128_mixed_eglm_ch1_sub2_cr0p1_mixed_eglm.csv
orszag_tang,mixed_eglm,128,finished,1.0,0.1,nan,4,2.21419,0.470552,0.00214061,0.00214061,5.3515249999999996e-05,0.0576496,0.107604,-3.69974e-07,5.59986,results/mhd_runner/glm_sweep/ot_runs/divergence/ot_glm_sweep_coarse_n128_mixed_eglm_ch1_sub4_cr0p1_mixed_eglm.csv
orszag_tang,mixed_eglm,128,finished,1.0,0.1,nan,8,2.21419,0.470552,0.00213611,0.00213611,5.3402750000000006e-05,0.0575281,0.107604,-3.7363e-07,7.6329,results/mhd_runner/glm_sweep/ot_runs/divergence/ot_glm_sweep_coarse_n128_mixed_eglm_ch1_sub8_cr0p1_mixed_eglm.csv
orszag_tang,mixed_eglm,128,finished,2.0,nan,0.8,8,4.42838,0.0866443,0.00360089,0.00360089,9.002225e-05,0.10899,0.107777,-3.74735e-07,6.97992,results/mhd_runner/glm_sweep/ot_runs/divergence/ot_glm_sweep_coarse_n128_mixed_eglm_ch2_sub8_cd0p8_mixed_eglm.csv
orszag_tang,mixed_eglm,128,finished,1.0,0.18,nan,1,2.21419,0.631312,0.00212485,0.00212485,5.3121250000000006e-05,0.0572148,0.107604,-3.89846e-07,5.09729,results/mhd_runner/glm_sweep/ot_runs/divergence/ot_glm_sweep_coarse_n128_mixed_eglm_ch1_sub1_cr0p18_mixed_eglm.csv
orszag_tang,mixed_eglm,128,finished,1.0,0.18,nan,2,2.21419,0.631312,0.00212431,0.00212431,5.310775e-05,0.0572055,0.107604,-3.90281e-07,4.94103,results/mhd_runner/glm_sweep/ot_runs/divergence/ot_glm_sweep_coarse_n128_mixed_eglm_ch1_sub2_cr0p18_mixed_eglm.csv
orszag_tang,mixed_eglm,128,finished,1.0,0.18,nan,4,2.21419,0.631312,0.00211544,0.00211544,5.288600000000001e-05,0.0569652,0.107604,-3.97592e-07,5.54521,results/mhd_runner/glm_sweep/ot_runs/divergence/ot_glm_sweep_coarse_n128_mixed_eglm_ch1_sub4_cr0p18_mixed_eglm.csv
orszag_tang,mixed_eglm,64,finished,2.0,nan,0.2,4,4.42381,0.0423705,0.0125899,0.0125899,0.0003147475,0.208174,0.107937,-3.989e-07,0.723098,results/mhd_runner/glm_sweep/ot_runs/divergence/ot_glm_sweep_coarse_n64_mixed_eglm_ch2_sub4_cd0p2_mixed_eglm.csv
orszag_tang,mixed_eglm,128,finished,1.0,0.18,nan,8,2.21419,0.631312,0.00211111,0.00211111,5.277775e-05,0.0568472,0.107604,-4.01219e-07,7.61549,results/mhd_runner/glm_sweep/ot_runs/divergence/ot_glm_sweep_coarse_n128_mixed_eglm_ch1_sub8_cr0p18_mixed_eglm.csv
orszag_tang,mixed_eglm,128,finished,1.0,0.3,nan,1,2.21419,0.81502,0.00211106,0.00211106,5.2776500000000005e-05,0.0568372,0.107604,-4.05034e-07,4.8811,results/mhd_runner/glm_sweep/ot_runs/divergence/ot_glm_sweep_coarse_n128_mixed_eglm_ch1_sub1_cr0p3_mixed_eglm.csv
orszag_tang,mixed_eglm,128,finished,1.0,0.3,nan,2,2.21419,0.81502,0.00211051,0.00211051,5.276275e-05,0.0568277,0.107604,-4.05485e-07,4.89757,results/mhd_runner/glm_sweep/ot_runs/divergence/ot_glm_sweep_coarse_n128_mixed_eglm_ch1_sub2_cr0p3_mixed_eglm.csv
orszag_tang,mixed_eglm,64,finished,2.0,nan,0.2,2,4.42381,0.0599209,0.0125859,0.0125859,0.00031464750000000005,0.208061,0.107937,-4.06319e-07,0.675859,results/mhd_runner/glm_sweep/ot_runs/divergence/ot_glm_sweep_coarse_n64_mixed_eglm_ch2_sub2_cd0p2_mixed_eglm.csv
orszag_tang,mixed_eglm,64,finished,2.0,nan,0.2,1,4.42381,0.084741,0.0125842,0.0125842,0.00031460500000000003,0.208004,0.107937,-4.11328e-07,0.667476,results/mhd_runner/glm_sweep/ot_runs/divergence/ot_glm_sweep_coarse_n64_mixed_eglm_ch2_sub1_cd0p2_mixed_eglm.csv
orszag_tang,mixed_eglm,128,finished,1.0,0.3,nan,4,2.21419,0.81502,0.00210182,0.00210182,5.25455e-05,0.0565908,0.107604,-4.12767e-07,5.55064,results/mhd_runner/glm_sweep/ot_runs/divergence/ot_glm_sweep_coarse_n128_mixed_eglm_ch1_sub4_cr0p3_mixed_eglm.csv
orszag_tang,mixed_eglm,128,finished,1.0,0.5,nan,1,2.21419,1.05219,0.00210242,0.00210242,5.25605e-05,0.0565992,0.107604,-4.14628e-07,5.39036,results/mhd_runner/glm_sweep/ot_runs/divergence/ot_glm_sweep_coarse_n128_mixed_eglm_ch1_sub1_cr0p5_mixed_eglm.csv
orszag_tang,mixed_eglm,128,finished,1.0,0.5,nan,2,2.21419,1.05219,0.00210187,0.00210187,5.2546750000000006e-05,0.0565895,0.107604,-4.15088e-07,5.16323,results/mhd_runner/glm_sweep/ot_runs/divergence/ot_glm_sweep_coarse_n128_mixed_eglm_ch1_sub2_cr0p5_mixed_eglm.csv
orszag_tang,mixed_eglm,128,finished,1.0,0.3,nan,8,2.21419,0.81502,0.00209759,0.00209759,5.243975e-05,0.0564746,0.107604,-4.16375e-07,6.95344,results/mhd_runner/glm_sweep/ot_runs/divergence/ot_glm_sweep_coarse_n128_mixed_eglm_ch1_sub8_cr0p3_mixed_eglm.csv
orszag_tang,mixed_eglm,128,finished,1.0,1.0,nan,1,2.21419,1.48802,0.00209576,0.00209576,5.2394e-05,0.0564147,0.107604,-4.22072e-07,5.38159,results/mhd_runner/glm_sweep/ot_runs/divergence/ot_glm_sweep_coarse_n128_mixed_eglm_ch1_sub1_cr1_mixed_eglm.csv
orszag_tang,mixed_eglm,128,finished,1.0,0.5,nan,4,2.21419,1.05219,0.00209329,0.00209329,5.233225e-05,0.0563547,0.107604,-4.2235e-07,5.57437,results/mhd_runner/glm_sweep/ot_runs/divergence/ot_glm_sweep_coarse_n128_mixed_eglm_ch1_sub4_cr0p5_mixed_eglm.csv
orszag_tang,mixed_eglm,128,finished,1.0,1.0,nan,2,2.21419,1.48802,0.0020952,0.0020952,5.238000000000001e-05,0.0564049,0.107604,-4.22539e-07,5.13168,results/mhd_runner/glm_sweep/ot_runs/divergence/ot_glm_sweep_coarse_n128_mixed_eglm_ch1_sub2_cr1_mixed_eglm.csv
orszag_tang,mixed_eglm,128,finished,1.0,0.5,nan,8,2.21419,1.05219,0.00208912,0.00208912,5.2228e-05,0.0562397,0.107604,-4.25945e-07,6.91082,results/mhd_runner/glm_sweep/ot_runs/divergence/ot_glm_sweep_coarse_n128_mixed_eglm_ch1_sub8_cr0p5_mixed_eglm.csv
orszag_tang,mixed_eglm,128,finished,1.0,1.0,nan,4,2.21419,1.48802,0.00208671,0.00208671,5.216775e-05,0.0561717,0.107604,-4.29784e-07,5.8229,results/mhd_runner/glm_sweep/ot_runs/divergence/ot_glm_sweep_coarse_n128_mixed_eglm_ch1_sub4_cr1_mixed_eglm.csv
orszag_tang,mixed_eglm,128,finished,1.0,1.0,nan,8,2.21419,1.48802,0.00208258,0.00208258,5.20645e-05,0.0560575,0.107604,-4.3337e-07,6.90595,results/mhd_runner/glm_sweep/ot_runs/divergence/ot_glm_sweep_coarse_n128_mixed_eglm_ch1_sub8_cr1_mixed_eglm.csv
orszag_tang,mixed_eglm,128,finished,8.0,nan,0.05,8,17.7135,0.0944937,0.00973885,0.00973885,0.00024347125000000002,0.263625,0.108589,-4.51703e-07,9.62777,results/mhd_runner/glm_sweep/ot_runs/divergence/ot_glm_sweep_coarse_n128_mixed_eglm_ch8_sub8_cd0p05_mixed_eglm.csv
orszag_tang,mixed_eglm,128,finished,8.0,nan,0.05,4,17.7135,0.0944937,0.00973885,0.00973885,0.00024347125000000002,0.263625,0.108589,-4.51703e-07,9.63921,results/mhd_runner/glm_sweep/ot_runs/divergence/ot_glm_sweep_coarse_n128_mixed_eglm_ch8_sub4_cd0p05_mixed_eglm.csv
orszag_tang,mixed_eglm,128,finished,8.0,nan,0.05,2,17.7135,0.0944937,0.00973885,0.00973885,0.00024347125000000002,0.263625,0.108589,-4.51703e-07,9.66541,results/mhd_runner/glm_sweep/ot_runs/divergence/ot_glm_sweep_coarse_n128_mixed_eglm_ch8_sub2_cd0p05_mixed_eglm.csv
orszag_tang,mixed_eglm,128,finished,8.0,nan,0.05,1,17.7135,0.0944937,0.00973885,0.00973885,0.00024347125000000002,0.263625,0.108589,-4.51703e-07,10.181,results/mhd_runner/glm_sweep/ot_runs/divergence/ot_glm_sweep_coarse_n128_mixed_eglm_ch8_sub1_cd0p05_mixed_eglm.csv
orszag_tang,mixed_eglm,128,finished,16.0,nan,0.01,8,35.4271,0.107585,0.014132,0.014132,0.0003533,0.336935,0.109215,-4.52219e-07,14.7008,results/mhd_runner/glm_sweep/ot_runs/divergence/ot_glm_sweep_coarse_n128_mixed_eglm_ch16_sub8_cd0p01_mixed_eglm.csv
orszag_tang,mixed_eglm,128,finished,16.0,nan,0.01,4,35.4271,0.107585,0.014132,0.014132,0.0003533,0.336935,0.109215,-4.52219e-07,14.8786,results/mhd_runner/glm_sweep/ot_runs/divergence/ot_glm_sweep_coarse_n128_mixed_eglm_ch16_sub4_cd0p01_mixed_eglm.csv
orszag_tang,mixed_eglm,128,finished,16.0,nan,0.01,1,35.4271,0.107585,0.014132,0.014132,0.0003533,0.336935,0.109215,-4.52219e-07,15.5738,results/mhd_runner/glm_sweep/ot_runs/divergence/ot_glm_sweep_coarse_n128_mixed_eglm_ch16_sub1_cd0p01_mixed_eglm.csv
orszag_tang,mixed_eglm,128,finished,16.0,nan,0.01,2,35.4271,0.107585,0.014132,0.014132,0.0003533,0.336935,0.109215,-4.52219e-07,16.4495,results/mhd_runner/glm_sweep/ot_runs/divergence/ot_glm_sweep_coarse_n128_mixed_eglm_ch16_sub2_cd0p01_mixed_eglm.csv
orszag_tang,mixed_eglm,64,finished,8.0,nan,0.01,8,17.6953,0.0706433,0.025887,0.025887,0.000647175,0.347126,0.109065,-4.65746e-07,1.17489,results/mhd_runner/glm_sweep/ot_runs/divergence/ot_glm_sweep_coarse_n64_mixed_eglm_ch8_sub8_cd0p01_mixed_eglm.csv
orszag_tang,mixed_eglm,64,finished,8.0,nan,0.01,4,17.6953,0.0999048,0.0258872,0.0258872,0.00064718,0.347126,0.109065,-4.74971e-07,1.20847,results/mhd_runner/glm_sweep/ot_runs/divergence/ot_glm_sweep_coarse_n64_mixed_eglm_ch8_sub4_cd0p01_mixed_eglm.csv
orszag_tang,mixed_eglm,64,finished,8.0,nan,0.01,1,17.6953,0.0999048,0.0258872,0.0258872,0.00064718,0.347126,0.109065,-4.74971e-07,1.22628,results/mhd_runner/glm_sweep/ot_runs/divergence/ot_glm_sweep_coarse_n64_mixed_eglm_ch8_sub1_cd0p01_mixed_eglm.csv
orszag_tang,mixed_eglm,64,finished,8.0,nan,0.01,2,17.6953,0.0999048,0.0258872,0.0258872,0.00064718,0.347126,0.109065,-4.74971e-07,1.31936,results/mhd_runner/glm_sweep/ot_runs/divergence/ot_glm_sweep_coarse_n64_mixed_eglm_ch8_sub2_cd0p01_mixed_eglm.csv
orszag_tang,mixed_eglm,64,finished,4.0,nan,0.05,8,8.84763,0.0438946,0.0184457,0.0184457,0.0004611425,0.280705,0.108416,-4.76228e-07,0.892317,results/mhd_runner/glm_sweep/ot_runs/divergence/ot_glm_sweep_coarse_n64_mixed_eglm_ch4_sub8_cd0p05_mixed_eglm.csv
orszag_tang,mixed_eglm,64,finished,1.0,nan,0.8,4,2.21191,0.0569094,0.00877375,0.00877375,0.00021934375000000003,0.144526,0.107588,-4.77552e-07,0.725114,results/mhd_runner/glm_sweep/ot_runs/divergence/ot_glm_sweep_coarse_n64_mixed_eglm_ch1_sub4_cd0p8_mixed_eglm.csv
orszag_tang,mixed_eglm,64,finished,4.0,nan,0.05,4,8.84763,0.0620763,0.0184443,0.0184443,0.00046110750000000005,0.28067,0.108416,-4.8331e-07,0.858336,results/mhd_runner/glm_sweep/ot_runs/divergence/ot_glm_sweep_coarse_n64_mixed_eglm_ch4_sub4_cd0p05_mixed_eglm.csv
orszag_tang,mixed_eglm,64,finished,4.0,nan,0.05,1,8.84763,0.0877891,0.018443,0.018443,0.000461075,0.280636,0.108416,-4.92686e-07,0.843012,results/mhd_runner/glm_sweep/ot_runs/divergence/ot_glm_sweep_coarse_n64_mixed_eglm_ch4_sub1_cd0p05_mixed_eglm.csv
orszag_tang,mixed_eglm,64,finished,4.0,nan,0.05,2,8.84763,0.0877891,0.018443,0.018443,0.000461075,0.280636,0.108416,-4.92686e-07,0.919154,results/mhd_runner/glm_sweep/ot_runs/divergence/ot_glm_sweep_coarse_n64_mixed_eglm_ch4_sub2_cd0p05_mixed_eglm.csv
orszag_tang,mixed_eglm,64,finished,1.0,0.01,nan,1,2.21191,0.148725,0.00868585,0.00868585,0.00021714625000000002,0.143206,0.107588,-6.01326e-07,0.600042,results/mhd_runner/glm_sweep/ot_runs/divergence/ot_glm_sweep_coarse_n64_mixed_eglm_ch1_sub1_cr0p01_mixed_eglm.csv
orszag_tang,mixed_eglm,64,finished,1.0,0.01,nan,2,2.21191,0.148725,0.00868492,0.00868492,0.00021712300000000003,0.1432,0.107588,-6.01964e-07,0.654913,results/mhd_runner/glm_sweep/ot_runs/divergence/ot_glm_sweep_coarse_n64_mixed_eglm_ch1_sub2_cr0p01_mixed_eglm.csv
orszag_tang,mixed_eglm,128,finished,2.0,nan,0.8,4,4.42838,0.122533,0.00337895,0.00337895,8.447375e-05,0.0998606,0.107777,-6.50094e-07,5.58344,results/mhd_runner/glm_sweep/ot_runs/divergence/ot_glm_sweep_coarse_n128_mixed_eglm_ch2_sub4_cd0p8_mixed_eglm.csv
orszag_tang,mixed_eglm,128,finished,2.0,nan,0.8,1,4.42838,0.173287,0.00337399,0.00337399,8.434975e-05,0.0995833,0.107777,-6.55674e-07,5.58865,results/mhd_runner/glm_sweep/ot_runs/divergence/ot_glm_sweep_coarse_n128_mixed_eglm_ch2_sub1_cd0p8_mixed_eglm.csv
orszag_tang,mixed_eglm,128,finished,2.0,nan,0.8,2,4.42838,0.173287,0.00337399,0.00337399,8.434975e-05,0.0995833,0.107777,-6.55674e-07,5.6355,results/mhd_runner/glm_sweep/ot_runs/divergence/ot_glm_sweep_coarse_n128_mixed_eglm_ch2_sub2_cd0p8_mixed_eglm.csv
orszag_tang,mixed_eglm,64,finished,1.0,0.01,nan,4,2.21191,0.148725,0.00861173,0.00861173,0.00021529325,0.142206,0.107587,-6.65231e-07,0.683773,results/mhd_runner/glm_sweep/ot_runs/divergence/ot_glm_sweep_coarse_n64_mixed_eglm_ch1_sub4_cr0p01_mixed_eglm.csv
orszag_tang,mixed_eglm,64,finished,1.0,0.01,nan,8,2.21191,0.148725,0.00857523,0.00857523,0.00021438075,0.141703,0.107587,-6.97946e-07,0.857818,results/mhd_runner/glm_sweep/ot_runs/divergence/ot_glm_sweep_coarse_n64_mixed_eglm_ch1_sub8_cr0p01_mixed_eglm.csv
orszag_tang,mixed_eglm,64,finished,1.0,nan,0.8,2,2.21191,0.0804751,0.00856817,0.00856817,0.00021420425000000002,0.141468,0.107587,-7.41244e-07,0.610385,results/mhd_runner/glm_sweep/ot_runs/divergence/ot_glm_sweep_coarse_n64_mixed_eglm_ch1_sub2_cd0p8_mixed_eglm.csv
orszag_tang,mixed_eglm,64,finished,1.0,nan,0.8,1,2.21191,0.113809,0.00856561,0.00856561,0.00021414025,0.141434,0.107587,-7.44231e-07,0.62296,results/mhd_runner/glm_sweep/ot_runs/divergence/ot_glm_sweep_coarse_n64_mixed_eglm_ch1_sub1_cd0p8_mixed_eglm.csv
orszag_tang,mixed_eglm,64,finished,2.0,nan,0.5,8,4.42381,0.04565,0.0123482,0.0123482,0.00030870500000000005,0.203005,0.107936,-7.84896e-07,0.847882,results/mhd_runner/glm_sweep/ot_runs/divergence/ot_glm_sweep_coarse_n64_mixed_eglm_ch2_sub8_cd0p5_mixed_eglm.csv
orszag_tang,mixed_eglm,128,finished,2.0,0.01,nan,1,4.42838,0.210437,0.00318346,0.00318346,7.95865e-05,0.0918406,0.107777,-9.0425e-07,5.55647,results/mhd_runner/glm_sweep/ot_runs/divergence/ot_glm_sweep_coarse_n128_mixed_eglm_ch2_sub1_cr0p01_mixed_eglm.csv
orszag_tang,mixed_eglm,128,finished,2.0,0.01,nan,2,4.42838,0.210437,0.00318346,0.00318346,7.95865e-05,0.0918406,0.107777,-9.0425e-07,6.13071,results/mhd_runner/glm_sweep/ot_runs/divergence/ot_glm_sweep_coarse_n128_mixed_eglm_ch2_sub2_cr0p01_mixed_eglm.csv
orszag_tang,mixed_eglm,128,finished,2.0,0.01,nan,4,4.42838,0.210437,0.00318263,0.00318263,7.956575000000001e-05,0.0917983,0.107777,-9.04987e-07,5.56684,results/mhd_runner/glm_sweep/ot_runs/divergence/ot_glm_sweep_coarse_n128_mixed_eglm_ch2_sub4_cr0p01_mixed_eglm.csv
orszag_tang,mixed_eglm,128,finished,2.0,0.01,nan,8,4.42838,0.210437,0.00315514,0.00315514,7.887850000000001e-05,0.0906195,0.107777,-9.3737e-07,7.32503,results/mhd_runner/glm_sweep/ot_runs/divergence/ot_glm_sweep_coarse_n128_mixed_eglm_ch2_sub8_cr0p01_mixed_eglm.csv
orszag_tang,mixed_eglm,128,finished,8.0,nan,0.1,4,17.7135,0.107782,0.00965792,0.00965792,0.000241448,0.260966,0.10859,-9.42906e-07,9.63823,results/mhd_runner/glm_sweep/ot_runs/divergence/ot_glm_sweep_coarse_n128_mixed_eglm_ch8_sub4_cd0p1_mixed_eglm.csv
orszag_tang,mixed_eglm,128,finished,8.0,nan,0.1,2,17.7135,0.107782,0.00965792,0.00965792,0.000241448,0.260966,0.10859,-9.42906e-07,9.68621,results/mhd_runner/glm_sweep/ot_runs/divergence/ot_glm_sweep_coarse_n128_mixed_eglm_ch8_sub2_cd0p1_mixed_eglm.csv
orszag_tang,mixed_eglm,128,finished,8.0,nan,0.1,1,17.7135,0.107782,0.00965792,0.00965792,0.000241448,0.260966,0.10859,-9.42906e-07,9.69013,results/mhd_runner/glm_sweep/ot_runs/divergence/ot_glm_sweep_coarse_n128_mixed_eglm_ch8_sub1_cd0p1_mixed_eglm.csv
orszag_tang,mixed_eglm,128,finished,8.0,nan,0.1,8,17.7135,0.107782,0.00965792,0.00965792,0.000241448,0.260966,0.10859,-9.42906e-07,10.6053,results/mhd_runner/glm_sweep/ot_runs/divergence/ot_glm_sweep_coarse_n128_mixed_eglm_ch8_sub8_cd0p1_mixed_eglm.csv
orszag_tang,mixed_eglm,64,finished,4.0,nan,0.1,8,8.84763,0.0500656,0.0183166,0.0183166,0.000457915,0.278416,0.108416,-9.93481e-07,0.858373,results/mhd_runner/glm_sweep/ot_runs/divergence/ot_glm_sweep_coarse_n64_mixed_eglm_ch4_sub8_cd0p1_mixed_eglm.csv
orszag_tang,mixed_eglm,64,finished,4.0,nan,0.1,4,8.84763,0.0708035,0.0183126,0.0183126,0.000457815,0.278324,0.108416,-1.00834e-06,0.915945,results/mhd_runner/glm_sweep/ot_runs/divergence/ot_glm_sweep_coarse_n64_mixed_eglm_ch4_sub4_cd0p1_mixed_eglm.csv
orszag_tang,mixed_eglm,64,finished,4.0,nan,0.1,1,8.84763,0.100131,0.0183081,0.0183081,0.00045770250000000005,0.278215,0.108416,-1.02753e-06,0.870183,results/mhd_runner/glm_sweep/ot_runs/divergence/ot_glm_sweep_coarse_n64_mixed_eglm_ch4_sub1_cd0p1_mixed_eglm.csv
orszag_tang,mixed_eglm,64,finished,4.0,nan,0.1,2,8.84763,0.100131,0.0183081,0.0183081,0.00045770250000000005,0.278215,0.108416,-1.02753e-06,0.912243,results/mhd_runner/glm_sweep/ot_runs/divergence/ot_glm_sweep_coarse_n64_mixed_eglm_ch4_sub2_cd0p1_mixed_eglm.csv
orszag_tang,mixed_eglm,64,finished,1.0,0.03,nan,1,2.21191,0.257599,0.00823164,0.00823164,0.000205791,0.136324,0.107585,-1.17279e-06,0.603227,results/mhd_runner/glm_sweep/ot_runs/divergence/ot_glm_sweep_coarse_n64_mixed_eglm_ch1_sub1_cr0p03_mixed_eglm.csv
orszag_tang,mixed_eglm,64,finished,1.0,0.03,nan,2,2.21191,0.257599,0.00823073,0.00823073,0.00020576825000000003,0.136317,0.107585,-1.17367e-06,0.644815,results/mhd_runner/glm_sweep/ot_runs/divergence/ot_glm_sweep_coarse_n64_mixed_eglm_ch1_sub2_cr0p03_mixed_eglm.csv
orszag_tang,mixed_eglm,64,finished,1.0,0.03,nan,4,2.21191,0.257599,0.00817076,0.00817076,0.00020426899999999998,0.135438,0.107585,-1.23418e-06,0.75247,results/mhd_runner/glm_sweep/ot_runs/divergence/ot_glm_sweep_coarse_n64_mixed_eglm_ch1_sub4_cr0p03_mixed_eglm.csv
orszag_tang,mixed_eglm,128,finished,4.0,nan,0.5,8,8.85677,0.098292,0.00581011,0.00581011,0.00014525275000000002,0.169919,0.108086,-1.23818e-06,7.71835,results/mhd_runner/glm_sweep/ot_runs/divergence/ot_glm_sweep_coarse_n128_mixed_eglm_ch4_sub8_cd0p5_mixed_eglm.csv
orszag_tang,mixed_eglm,64,finished,1.0,0.03,nan,8,2.21191,0.257599,0.00814167,0.00814167,0.00020354175000000002,0.135007,0.107585,-1.26451e-06,0.859673,results/mhd_runner/glm_sweep/ot_runs/divergence/ot_glm_sweep_coarse_n64_mixed_eglm_ch1_sub8_cr0p03_mixed_eglm.csv
orszag_tang,mixed_eglm,128,finished,4.0,nan,0.5,2,8.85677,0.139006,0.00579441,0.00579441,0.00014486025,0.169165,0.108086,-1.27055e-06,6.95755,results/mhd_runner/glm_sweep/ot_runs/divergence/ot_glm_sweep_coarse_n128_mixed_eglm_ch4_sub2_cd0p5_mixed_eglm.csv
orszag_tang,mixed_eglm,128,finished,4.0,nan,0.5,4,8.85677,0.139006,0.00579441,0.00579441,0.00014486025,0.169165,0.108086,-1.27055e-06,6.98225,results/mhd_runner/glm_sweep/ot_runs/divergence/ot_glm_sweep_coarse_n128_mixed_eglm_ch4_sub4_cd0p5_mixed_eglm.csv
orszag_tang,mixed_eglm,128,finished,4.0,nan,0.5,1,8.85677,0.139006,0.00579441,0.00579441,0.00014486025,0.169165,0.108086,-1.27055e-06,7.32285,results/mhd_runner/glm_sweep/ot_runs/divergence/ot_glm_sweep_coarse_n128_mixed_eglm_ch4_sub1_cd0p5_mixed_eglm.csv
orszag_tang,mixed_eglm,128,finished,16.0,nan,0.03,8,35.4271,0.123291,0.0140701,0.0140701,0.00035175250000000005,0.335263,0.109216,-1.37575e-06,14.8581,results/mhd_runner/glm_sweep/ot_runs/divergence/ot_glm_sweep_coarse_n128_mixed_eglm_ch16_sub8_cd0p03_mixed_eglm.csv
orszag_tang,mixed_eglm,128,finished,16.0,nan,0.03,1,35.4271,0.123291,0.0140701,0.0140701,0.00035175250000000005,0.335263,0.109216,-1.37575e-06,15.5939,results/mhd_runner/glm_sweep/ot_runs/divergence/ot_glm_sweep_coarse_n128_mixed_eglm_ch16_sub1_cd0p03_mixed_eglm.csv
orszag_tang,mixed_eglm,128,finished,16.0,nan,0.03,2,35.4271,0.123291,0.0140701,0.0140701,0.00035175250000000005,0.335263,0.109216,-1.37575e-06,15.6418,results/mhd_runner/glm_sweep/ot_runs/divergence/ot_glm_sweep_coarse_n128_mixed_eglm_ch16_sub2_cd0p03_mixed_eglm.csv
orszag_tang,mixed_eglm,128,finished,16.0,nan,0.03,4,35.4271,0.123291,0.0140701,0.0140701,0.00035175250000000005,0.335263,0.109216,-1.37575e-06,16.3929,results/mhd_runner/glm_sweep/ot_runs/divergence/ot_glm_sweep_coarse_n128_mixed_eglm_ch16_sub4_cd0p03_mixed_eglm.csv
orszag_tang,mixed_eglm,64,finished,1.0,0.05,nan,1,2.21191,0.332559,0.00805832,0.00805832,0.00020145800000000004,0.133555,0.107585,-1.41174e-06,0.600179,results/mhd_runner/glm_sweep/ot_runs/divergence/ot_glm_sweep_coarse_n64_mixed_eglm_ch1_sub1_cr0p05_mixed_eglm.csv
orszag_tang,mixed_eglm,64,finished,1.0,0.05,nan,2,2.21191,0.332559,0.00805739,0.00805739,0.00020143475,0.133548,0.107585,-1.41275e-06,0.60012,results/mhd_runner/glm_sweep/ot_runs/divergence/ot_glm_sweep_coarse_n64_mixed_eglm_ch1_sub2_cr0p05_mixed_eglm.csv
orszag_tang,mixed_eglm,64,finished,8.0,nan,0.03,8,17.6953,0.0809545,0.0257848,0.0257848,0.00064462,0.345628,0.109066,-1.41693e-06,1.17504,results/mhd_runner/glm_sweep/ot_runs/divergence/ot_glm_sweep_coarse_n64_mixed_eglm_ch8_sub8_cd0p03_mixed_eglm.csv
orszag_tang,mixed_eglm,64,finished,2.0,nan,0.5,4,4.42381,0.0645518,0.0120195,0.0120195,0.00030048750000000006,0.19607,0.107936,-1.43656e-06,0.675401,results/mhd_runner/glm_sweep/ot_runs/divergence/ot_glm_sweep_coarse_n64_mixed_eglm_ch2_sub4_cd0p5_mixed_eglm.csv
orszag_tang,mixed_eglm,64,finished,8.0,nan,0.03,1,17.6953,0.114487,0.0257819,0.0257819,0.0006445475,0.345569,0.109066,-1.4449e-06,1.16104,results/mhd_runner/glm_sweep/ot_runs/divergence/ot_glm_sweep_coarse_n64_mixed_eglm_ch8_sub1_cd0p03_mixed_eglm.csv
orszag_tang,mixed_eglm,64,finished,8.0,nan,0.03,2,17.6953,0.114487,0.0257819,0.0257819,0.0006445475,0.345569,0.109066,-1.4449e-06,1.23972,results/mhd_runner/glm_sweep/ot_runs/divergence/ot_glm_sweep_coarse_n64_mixed_eglm_ch8_sub2_cd0p03_mixed_eglm.csv
orszag_tang,mixed_eglm,64,finished,8.0,nan,0.03,4,17.6953,0.114487,0.0257819,0.0257819,0.0006445475,0.345569,0.109066,-1.4449e-06,1.29932,results/mhd_runner/glm_sweep/ot_runs/divergence/ot_glm_sweep_coarse_n64_mixed_eglm_ch8_sub4_cd0p03_mixed_eglm.csv
orszag_tang,mixed_eglm,64,finished,2.0,nan,0.5,2,4.42381,0.09129,0.0120059,0.0120059,0.0003001475,0.195703,0.107936,-1.45927e-06,0.684044,results/mhd_runner/glm_sweep/ot_runs/divergence/ot_glm_sweep_coarse_n64_mixed_eglm_ch2_sub2_cd0p5_mixed_eglm.csv
orszag_tang,mixed_eglm,64,finished,2.0,nan,0.5,1,4.42381,0.129104,0.0120004,0.0120004,0.00030001,0.195545,0.107936,-1.46994e-06,0.670229,results/mhd_runner/glm_sweep/ot_runs/divergence/ot_glm_sweep_coarse_n64_mixed_eglm_ch2_sub1_cd0p5_mixed_eglm.csv
orszag_tang,mixed_eglm,64,finished,1.0,0.05,nan,4,2.21191,0.332559,0.00800247,0.00800247,0.00020006175,0.132717,0.107584,-1.47191e-06,0.672305,results/mhd_runner/glm_sweep/ot_runs/divergence/ot_glm_sweep_coarse_n64_mixed_eglm_ch1_sub4_cr0p05_mixed_eglm.csv
orszag_tang,mixed_eglm,64,finished,1.0,0.05,nan,8,2.21191,0.332559,0.007976,0.007976,0.00019940000000000002,0.132313,0.107584,-1.50133e-06,0.853634,results/mhd_runner/glm_sweep/ot_runs/divergence/ot_glm_sweep_coarse_n64_mixed_eglm_ch1_sub8_cr0p05_mixed_eglm.csv
orszag_tang,mixed_eglm,64,finished,1.0,0.1,nan,1,2.21191,0.470309,0.00789009,0.00789009,0.00019725225000000003,0.130791,0.107584,-1.65287e-06,0.627184,results/mhd_runner/glm_sweep/ot_runs/divergence/ot_glm_sweep_coarse_n64_mixed_eglm_ch1_sub1_cr0p1_mixed_eglm.csv
orszag_tang,mixed_eglm,64,finished,1.0,0.1,nan,2,2.21191,0.470309,0.00788913,0.00788913,0.00019722825,0.130782,0.107584,-1.65403e-06,0.604182,results/mhd_runner/glm_sweep/ot_runs/divergence/ot_glm_sweep_coarse_n64_mixed_eglm_ch1_sub2_cr0p1_mixed_eglm.csv
orszag_tang,mixed_eglm,128,finished,2.0,0.03,nan,1,4.42838,0.364488,0.00263649,0.00263649,6.591225e-05,0.0716784,0.107777,-1.67135e-06,5.88934,results/mhd_runner/glm_sweep/ot_runs/divergence/ot_glm_sweep_coarse_n128_mixed_eglm_ch2_sub1_cr0p03_mixed_eglm.csv
orszag_tang,mixed_eglm,128,finished,2.0,0.03,nan,2,4.42838,0.364488,0.00263649,0.00263649,6.591225e-05,0.0716784,0.107777,-1.67135e-06,6.15654,results/mhd_runner/glm_sweep/ot_runs/divergence/ot_glm_sweep_coarse_n128_mixed_eglm_ch2_sub2_cr0p03_mixed_eglm.csv
orszag_tang,mixed_eglm,128,finished,2.0,0.03,nan,4,4.42838,0.364488,0.00263585,0.00263585,6.589625e-05,0.0716703,0.107777,-1.67206e-06,6.16915,results/mhd_runner/glm_sweep/ot_runs/divergence/ot_glm_sweep_coarse_n128_mixed_eglm_ch2_sub4_cr0p03_mixed_eglm.csv
orszag_tang,mixed_eglm,128,finished,2.0,0.03,nan,8,4.42838,0.364488,0.00262076,0.00262076,6.551900000000001e-05,0.0713111,0.107777,-1.69038e-06,6.97106,results/mhd_runner/glm_sweep/ot_runs/divergence/ot_glm_sweep_coarse_n128_mixed_eglm_ch2_sub8_cr0p03_mixed_eglm.csv
orszag_tang,mixed_eglm,64,finished,1.0,0.1,nan,4,2.21191,0.470309,0.00783896,0.00783896,0.00019597400000000002,0.129997,0.107584,-1.71171e-06,0.746114,results/mhd_runner/glm_sweep/ot_runs/divergence/ot_glm_sweep_coarse_n64_mixed_eglm_ch1_sub4_cr0p1_mixed_eglm.csv
orszag_tang,mixed_eglm,64,finished,1.0,0.1,nan,8,2.21191,0.470309,0.00781492,0.00781492,0.000195373,0.129619,0.107584,-1.74019e-06,0.838682,results/mhd_runner/glm_sweep/ot_runs/divergence/ot_glm_sweep_coarse_n64_mixed_eglm_ch1_sub8_cr0p1_mixed_eglm.csv
orszag_tang,mixed_eglm,64,finished,1.0,0.18,nan,1,2.21191,0.630986,0.00780119,0.00780119,0.00019502975000000003,0.129296,0.107584,-1.78338e-06,0.591938,results/mhd_runner/glm_sweep/ot_runs/divergence/ot_glm_sweep_coarse_n64_mixed_eglm_ch1_sub1_cr0p18_mixed_eglm.csv
orszag_tang,mixed_eglm,64,finished,1.0,0.18,nan,2,2.21191,0.630986,0.00780021,0.00780021,0.00019500525000000002,0.129287,0.107584,-1.78461e-06,0.62055,results/mhd_runner/glm_sweep/ot_runs/divergence/ot_glm_sweep_coarse_n64_mixed_eglm_ch1_sub2_cr0p18_mixed_eglm.csv
orszag_tang,mixed_eglm,64,finished,1.0,0.18,nan,4,2.21191,0.630986,0.00775249,0.00775249,0.00019381225,0.128526,0.107583,-1.84141e-06,0.734125,results/mhd_runner/glm_sweep/ot_runs/divergence/ot_glm_sweep_coarse_n64_mixed_eglm_ch1_sub4_cr0p18_mixed_eglm.csv
orszag_tang,mixed_eglm,64,finished,1.0,0.3,nan,1,2.21191,0.814599,0.00775282,0.00775282,0.0001938205,0.128473,0.107583,-1.85514e-06,0.623553,results/mhd_runner/glm_sweep/ot_runs/divergence/ot_glm_sweep_coarse_n64_mixed_eglm_ch1_sub1_cr0p3_mixed_eglm.csv
orszag_tang,mixed_eglm,64,finished,1.0,0.3,nan,2,2.21191,0.814599,0.00775183,0.00775183,0.00019379575,0.128464,0.107583,-1.85642e-06,0.601257,results/mhd_runner/glm_sweep/ot_runs/divergence/ot_glm_sweep_coarse_n64_mixed_eglm_ch1_sub2_cr0p3_mixed_eglm.csv
orszag_tang,mixed_eglm,64,finished,16.0,nan,0.01,8,35.3905,0.140365,0.0325546,0.0325546,0.0008138650000000001,0.373643,0.109652,-1.86307e-06,1.78767,results/mhd_runner/glm_sweep/ot_runs/divergence/ot_glm_sweep_coarse_n64_mixed_eglm_ch16_sub8_cd0p01_mixed_eglm.csv
orszag_tang,mixed_eglm,64,finished,1.0,0.18,nan,8,2.21191,0.630986,0.00772969,0.00772969,0.00019324225000000002,0.128161,0.107583,-1.86934e-06,0.909861,results/mhd_runner/glm_sweep/ot_runs/divergence/ot_glm_sweep_coarse_n64_mixed_eglm_ch1_sub8_cr0p18_mixed_eglm.csv
orszag_tang,mixed_eglm,64,finished,16.0,nan,0.01,1,35.3905,0.150056,0.0325542,0.0325542,0.000813855,0.373637,0.109652,-1.87109e-06,1.87989,results/mhd_runner/glm_sweep/ot_runs/divergence/ot_glm_sweep_coarse_n64_mixed_eglm_ch16_sub1_cd0p01_mixed_eglm.csv
orszag_tang,mixed_eglm,64,finished,16.0,nan,0.01,4,35.3905,0.150056,0.0325542,0.0325542,0.000813855,0.373637,0.109652,-1.87109e-06,1.88421,results/mhd_runner/glm_sweep/ot_runs/divergence/ot_glm_sweep_coarse_n64_mixed_eglm_ch16_sub4_cd0p01_mixed_eglm.csv
orszag_tang,mixed_eglm,64,finished,16.0,nan,0.01,2,35.3905,0.150056,0.0325542,0.0325542,0.000813855,0.373637,0.109652,-1.87109e-06,1.97276,results/mhd_runner/glm_sweep/ot_runs/divergence/ot_glm_sweep_coarse_n64_mixed_eglm_ch16_sub2_cd0p01_mixed_eglm.csv
orszag_tang,mixed_eglm,64,finished,1.0,0.5,nan,1,2.21191,1.05164,0.00772243,0.00772243,0.00019306075,0.127952,0.107583,-1.90049e-06,0.606231,results/mhd_runner/glm_sweep/ot_runs/divergence/ot_glm_sweep_coarse_n64_mixed_eglm_ch1_sub1_cr0p5_mixed_eglm.csv
orszag_tang,mixed_eglm,64,finished,1.0,0.5,nan,2,2.21191,1.05164,0.00772143,0.00772143,0.00019303575,0.127943,0.107583,-1.90179e-06,0.632722,results/mhd_runner/glm_sweep/ot_runs/divergence/ot_glm_sweep_coarse_n64_mixed_eglm_ch1_sub2_cr0p5_mixed_eglm.csv
orszag_tang,mixed_eglm,64,finished,1.0,0.3,nan,4,2.21191,0.814599,0.00770542,0.00770542,0.0001926355,0.127716,0.107583,-1.9127e-06,0.67825,results/mhd_runner/glm_sweep/ot_runs/divergence/ot_glm_sweep_coarse_n64_mixed_eglm_ch1_sub4_cr0p3_mixed_eglm.csv
orszag_tang,mixed_eglm,64,finished,1.0,1.0,nan,1,2.21191,1.48725,0.00769892,0.00769892,0.000192473,0.127547,0.107583,-1.93567e-06,0.658566,results/mhd_runner/glm_sweep/ot_runs/divergence/ot_glm_sweep_coarse_n64_mixed_eglm_ch1_sub1_cr1_mixed_eglm.csv
orszag_tang,mixed_eglm,64,finished,1.0,1.0,nan,2,2.21191,1.48725,0.00769792,0.00769792,0.000192448,0.127538,0.107583,-1.937e-06,0.627387,results/mhd_runner/glm_sweep/ot_runs/divergence/ot_glm_sweep_coarse_n64_mixed_eglm_ch1_sub2_cr1_mixed_eglm.csv
orszag_tang,mixed_eglm,64,finished,1.0,0.3,nan,8,2.21191,0.814599,0.00768328,0.00768328,0.000192082,0.127358,0.107583,-1.94031e-06,0.885889,results/mhd_runner/glm_sweep/ot_runs/divergence/ot_glm_sweep_coarse_n64_mixed_eglm_ch1_sub8_cr0p3_mixed_eglm.csv
orszag_tang,mixed_eglm,64,finished,1.0,0.5,nan,4,2.21191,1.05164,0.00767584,0.00767584,0.000191896,0.127203,0.107583,-1.95772e-06,0.721118,results/mhd_runner/glm_sweep/ot_runs/divergence/ot_glm_sweep_coarse_n64_mixed_eglm_ch1_sub4_cr0p5_mixed_eglm.csv
orszag_tang,mixed_eglm,64,finished,1.0,0.5,nan,8,2.21191,1.05164,0.0076541,0.0076541,0.0001913525,0.126849,0.107583,-1.98512e-06,0.929703,results/mhd_runner/glm_sweep/ot_runs/divergence/ot_glm_sweep_coarse_n64_mixed_eglm_ch1_sub8_cr0p5_mixed_eglm.csv
orszag_tang,mixed_eglm,128,finished,2.0,0.05,nan,1,4.42838,0.470552,0.00241266,0.00241266,6.0316500000000004e-05,0.0661294,0.107777,-1.98604e-06,5.62615,results/mhd_runner/glm_sweep/ot_runs/divergence/ot_glm_sweep_coarse_n128_mixed_eglm_ch2_sub1_cr0p05_mixed_eglm.csv
orszag_tang,mixed_eglm,128,finished,2.0,0.05,nan,2,4.42838,0.470552,0.00241266,0.00241266,6.0316500000000004e-05,0.0661294,0.107777,-1.98604e-06,5.82109,results/mhd_runner/glm_sweep/ot_runs/divergence/ot_glm_sweep_coarse_n128_mixed_eglm_ch2_sub2_cr0p05_mixed_eglm.csv
orszag_tang,mixed_eglm,128,finished,2.0,0.05,nan,4,4.42838,0.470552,0.00241206,0.00241206,6.0301500000000005e-05,0.0661218,0.107777,-1.98674e-06,6.1524,results/mhd_runner/glm_sweep/ot_runs/divergence/ot_glm_sweep_coarse_n128_mixed_eglm_ch2_sub4_cr0p05_mixed_eglm.csv
orszag_tang,mixed_eglm,64,finished,1.0,1.0,nan,4,2.21191,1.48725,0.00765295,0.00765295,0.00019132375,0.126804,0.107583,-1.99265e-06,0.704879,results/mhd_runner/glm_sweep/ot_runs/divergence/ot_glm_sweep_coarse_n64_mixed_eglm_ch1_sub4_cr1_mixed_eglm.csv
orszag_tang,mixed_eglm,128,finished,2.0,0.05,nan,8,4.42838,0.470552,0.00240099,0.00240099,6.0024750000000005e-05,0.0658539,0.107777,-1.99857e-06,7.65735,results/mhd_runner/glm_sweep/ot_runs/divergence/ot_glm_sweep_coarse_n128_mixed_eglm_ch2_sub8_cr0p05_mixed_eglm.csv
orszag_tang,mixed_eglm,64,finished,1.0,1.0,nan,8,2.21191,1.48725,0.00763154,0.00763154,0.0001907885,0.126453,0.107583,-2.01989e-06,0.886633,results/mhd_runner/glm_sweep/ot_runs/divergence/ot_glm_sweep_coarse_n64_mixed_eglm_ch1_sub8_cr1_mixed_eglm.csv
orszag_tang,mixed_eglm,128,finished,8.0,nan,0.2,4,17.7135,0.128918,0.00947273,0.00947273,0.00023681825000000003,0.254914,0.10859,-2.06638e-06,9.63322,results/mhd_runner/glm_sweep/ot_runs/divergence/ot_glm_sweep_coarse_n128_mixed_eglm_ch8_sub4_cd0p2_mixed_eglm.csv
orszag_tang,mixed_eglm,128,finished,8.0,nan,0.2,2,17.7135,0.128918,0.00947273,0.00947273,0.00023681825000000003,0.254914,0.10859,-2.06638e-06,10.1382,results/mhd_runner/glm_sweep/ot_runs/divergence/ot_glm_sweep_coarse_n128_mixed_eglm_ch8_sub2_cd0p2_mixed_eglm.csv
orszag_tang,mixed_eglm,128,finished,8.0,nan,0.2,1,17.7135,0.128918,0.00947273,0.00947273,0.00023681825000000003,0.254914,0.10859,-2.06638e-06,10.144,results/mhd_runner/glm_sweep/ot_runs/divergence/ot_glm_sweep_coarse_n128_mixed_eglm_ch8_sub1_cd0p2_mixed_eglm.csv
orszag_tang,mixed_eglm,128,finished,8.0,nan,0.2,8,17.7135,0.128918,0.00947273,0.00947273,0.00023681825000000003,0.254914,0.10859,-2.06638e-06,10.6129,results/mhd_runner/glm_sweep/ot_runs/divergence/ot_glm_sweep_coarse_n128_mixed_eglm_ch8_sub8_cd0p2_mixed_eglm.csv
orszag_tang,mixed_eglm,64,finished,4.0,nan,0.2,8,8.84763,0.0598794,0.0180214,0.0180214,0.000450535,0.273203,0.108417,-2.17436e-06,0.941228,results/mhd_runner/glm_sweep/ot_runs/divergence/ot_glm_sweep_coarse_n64_mixed_eglm_ch4_sub8_cd0p2_mixed_eglm.csv
orszag_tang,mixed_eglm,64,finished,4.0,nan,0.2,4,8.84763,0.0846822,0.0180115,0.0180115,0.0004502875,0.272978,0.108417,-2.20729e-06,0.855208,results/mhd_runner/glm_sweep/ot_runs/divergence/ot_glm_sweep_coarse_n64_mixed_eglm_ch4_sub4_cd0p2_mixed_eglm.csv
orszag_tang,mixed_eglm,64,finished,4.0,nan,0.2,1,8.84763,0.119759,0.0179999,0.0179999,0.0004499975,0.272712,0.108417,-2.24733e-06,0.863232,results/mhd_runner/glm_sweep/ot_runs/divergence/ot_glm_sweep_coarse_n64_mixed_eglm_ch4_sub1_cd0p2_mixed_eglm.csv
orszag_tang,mixed_eglm,64,finished,4.0,nan,0.2,2,8.84763,0.119759,0.0179999,0.0179999,0.0004499975,0.272712,0.108417,-2.24733e-06,0.865592,results/mhd_runner/glm_sweep/ot_runs/divergence/ot_glm_sweep_coarse_n64_mixed_eglm_ch4_sub2_cd0p2_mixed_eglm.csv
orszag_tang,mixed_eglm,128,finished,2.0,0.1,nan,2,4.42838,0.665461,0.00218141,0.00218141,5.453525e-05,0.0601469,0.107777,-2.28246e-06,5.52073,results/mhd_runner/glm_sweep/ot_runs/divergence/ot_glm_sweep_coarse_n128_mixed_eglm_ch2_sub2_cr0p1_mixed_eglm.csv
orszag_tang,mixed_eglm,128,finished,2.0,0.1,nan,1,4.42838,0.665461,0.00218141,0.00218141,5.453525e-05,0.0601469,0.107777,-2.28246e-06,5.88751,results/mhd_runner/glm_sweep/ot_runs/divergence/ot_glm_sweep_coarse_n128_mixed_eglm_ch2_sub1_cr0p1_mixed_eglm.csv
orszag_tang,mixed_eglm,128,finished,2.0,0.1,nan,4,4.42838,0.665461,0.00218086,0.00218086,5.452150000000001e-05,0.0601395,0.107777,-2.2831e-06,5.83684,results/mhd_runner/glm_sweep/ot_runs/divergence/ot_glm_sweep_coarse_n128_mixed_eglm_ch2_sub4_cr0p1_mixed_eglm.csv
orszag_tang,mixed_eglm,128,finished,2.0,0.1,nan,8,4.42838,0.665461,0.00217341,0.00217341,5.4335250000000005e-05,0.0599549,0.107777,-2.28756e-06,7.10734,results/mhd_runner/glm_sweep/ot_runs/divergence/ot_glm_sweep_coarse_n128_mixed_eglm_ch2_sub8_cr0p1_mixed_eglm.csv
orszag_tang,mixed_eglm,128,finished,16.0,nan,0.05,1,35.4271,0.133388,0.0140062,0.0140062,0.000350155,0.333541,0.109216,-2.32561e-06,14.8981,results/mhd_runner/glm_sweep/ot_runs/divergence/ot_glm_sweep_coarse_n128_mixed_eglm_ch16_sub1_cd0p05_mixed_eglm.csv
orszag_tang,mixed_eglm,128,finished,16.0,nan,0.05,2,35.4271,0.133388,0.0140062,0.0140062,0.000350155,0.333541,0.109216,-2.32561e-06,15.1117,results/mhd_runner/glm_sweep/ot_runs/divergence/ot_glm_sweep_coarse_n128_mixed_eglm_ch16_sub2_cd0p05_mixed_eglm.csv
orszag_tang,mixed_eglm,128,finished,16.0,nan,0.05,4,35.4271,0.133388,0.0140062,0.0140062,0.000350155,0.333541,0.109216,-2.32561e-06,15.6058,results/mhd_runner/glm_sweep/ot_runs/divergence/ot_glm_sweep_coarse_n128_mixed_eglm_ch16_sub4_cd0p05_mixed_eglm.csv
orszag_tang,mixed_eglm,128,finished,16.0,nan,0.05,8,35.4271,0.133388,0.0140062,0.0140062,0.000350155,0.333541,0.109216,-2.32561e-06,16.5166,results/mhd_runner/glm_sweep/ot_runs/divergence/ot_glm_sweep_coarse_n128_mixed_eglm_ch16_sub8_cd0p05_mixed_eglm.csv
orszag_tang,mixed_eglm,64,finished,8.0,nan,0.05,8,17.6953,0.0875824,0.0256793,0.0256793,0.0006419825,0.344084,0.109066,-2.39527e-06,1.17329,results/mhd_runner/glm_sweep/ot_runs/divergence/ot_glm_sweep_coarse_n64_mixed_eglm_ch8_sub8_cd0p05_mixed_eglm.csv
orszag_tang,mixed_eglm,128,finished,2.0,0.18,nan,1,4.42838,0.89281,0.00205364,0.00205364,5.1340999999999995e-05,0.0566512,0.107777,-2.42061e-06,5.57919,results/mhd_runner/glm_sweep/ot_runs/divergence/ot_glm_sweep_coarse_n128_mixed_eglm_ch2_sub1_cr0p18_mixed_eglm.csv
orszag_tang,mixed_eglm,128,finished,2.0,0.18,nan,2,4.42838,0.89281,0.00205364,0.00205364,5.1340999999999995e-05,0.0566512,0.107777,-2.42061e-06,5.7845,results/mhd_runner/glm_sweep/ot_runs/divergence/ot_glm_sweep_coarse_n128_mixed_eglm_ch2_sub2_cr0p18_mixed_eglm.csv
orszag_tang,mixed_eglm,128,finished,2.0,0.18,nan,4,4.42838,0.89281,0.00205312,0.00205312,5.1328e-05,0.0566439,0.107777,-2.42117e-06,5.61233,results/mhd_runner/glm_sweep/ot_runs/divergence/ot_glm_sweep_coarse_n128_mixed_eglm_ch2_sub4_cr0p18_mixed_eglm.csv
orszag_tang,mixed_eglm,128,finished,2.0,0.18,nan,8,4.42838,0.89281,0.00204747,0.00204747,5.1186750000000006e-05,0.0565018,0.107777,-2.42117e-06,7.65491,results/mhd_runner/glm_sweep/ot_runs/divergence/ot_glm_sweep_coarse_n128_mixed_eglm_ch2_sub8_cr0p18_mixed_eglm.csv
orszag_tang,mixed_eglm,64,finished,8.0,nan,0.05,1,17.6953,0.12386,0.0256732,0.0256732,0.00064183,0.343965,0.109066,-2.44238e-06,1.17113,results/mhd_runner/glm_sweep/ot_runs/divergence/ot_glm_sweep_coarse_n64_mixed_eglm_ch8_sub1_cd0p05_mixed_eglm.csv
orszag_tang,mixed_eglm,64,finished,8.0,nan,0.05,4,17.6953,0.12386,0.0256732,0.0256732,0.00064183,0.343965,0.109066,-2.44238e-06,1.17347,results/mhd_runner/glm_sweep/ot_runs/divergence/ot_glm_sweep_coarse_n64_mixed_eglm_ch8_sub4_cd0p05_mixed_eglm.csv
orszag_tang,mixed_eglm,64,finished,8.0,nan,0.05,2,17.6953,0.12386,0.0256732,0.0256732,0.00064183,0.343965,0.109066,-2.44238e-06,1.22015,results/mhd_runner/glm_sweep/ot_runs/divergence/ot_glm_sweep_coarse_n64_mixed_eglm_ch8_sub2_cd0p05_mixed_eglm.csv
orszag_tang,mixed_eglm,128,finished,2.0,0.3,nan,8,4.42838,1.15261,0.00197787,0.00197787,4.9446750000000006e-05,0.054501,0.107777,-2.48249e-06,7.26222,results/mhd_runner/glm_sweep/ot_runs/divergence/ot_glm_sweep_coarse_n128_mixed_eglm_ch2_sub8_cr0p3_mixed_eglm.csv
orszag_tang,mixed_eglm,128,finished,2.0,0.3,nan,2,4.42838,1.15261,0.00198306,0.00198306,4.95765e-05,0.0546275,0.107777,-2.48462e-06,5.534,results/mhd_runner/glm_sweep/ot_runs/divergence/ot_glm_sweep_coarse_n128_mixed_eglm_ch2_sub2_cr0p3_mixed_eglm.csv
orszag_tang,mixed_eglm,128,finished,2.0,0.3,nan,1,4.42838,1.15261,0.00198306,0.00198306,4.95765e-05,0.0546275,0.107777,-2.48462e-06,5.59045,results/mhd_runner/glm_sweep/ot_runs/divergence/ot_glm_sweep_coarse_n128_mixed_eglm_ch2_sub1_cr0p3_mixed_eglm.csv
orszag_tang,mixed_eglm,128,finished,2.0,0.3,nan,4,4.42838,1.15261,0.00198257,0.00198257,4.956425e-05,0.0546201,0.107777,-2.48513e-06,5.60515,results/mhd_runner/glm_sweep/ot_runs/divergence/ot_glm_sweep_coarse_n128_mixed_eglm_ch2_sub4_cr0p3_mixed_eglm.csv
orszag_tang,mixed_eglm,128,finished,2.0,0.5,nan,8,4.42838,1.48802,0.00193402,0.00193402,4.8350500000000004e-05,0.053194,0.107777,-2.51517e-06,6.9378,results/mhd_runner/glm_sweep/ot_runs/divergence/ot_glm_sweep_coarse_n128_mixed_eglm_ch2_sub8_cr0p5_mixed_eglm.csv
orszag_tang,mixed_eglm,128,finished,2.0,0.5,nan,2,4.42838,1.48802,0.00193861,0.00193861,4.846525e-05,0.0533062,0.107777,-2.51908e-06,5.56473,results/mhd_runner/glm_sweep/ot_runs/divergence/ot_glm_sweep_coarse_n128_mixed_eglm_ch2_sub2_cr0p5_mixed_eglm.csv
orszag_tang,mixed_eglm,128,finished,2.0,0.5,nan,1,4.42838,1.48802,0.00193861,0.00193861,4.846525e-05,0.0533062,0.107777,-2.51908e-06,5.59067,results/mhd_runner/glm_sweep/ot_runs/divergence/ot_glm_sweep_coarse_n128_mixed_eglm_ch2_sub1_cr0p5_mixed_eglm.csv
orszag_tang,mixed_eglm,128,finished,2.0,0.5,nan,4,4.42838,1.48802,0.00193813,0.00193813,4.845325e-05,0.0532988,0.107777,-2.51954e-06,5.59037,results/mhd_runner/glm_sweep/ot_runs/divergence/ot_glm_sweep_coarse_n128_mixed_eglm_ch2_sub4_cr0p5_mixed_eglm.csv
orszag_tang,mixed_eglm,128,finished,2.0,1.0,nan,8,4.42838,2.10437,0.00190017,0.00190017,4.750425e-05,0.052155,0.107777,-2.53662e-06,6.92559,results/mhd_runner/glm_sweep/ot_runs/divergence/ot_glm_sweep_coarse_n128_mixed_eglm_ch2_sub8_cr1_mixed_eglm.csv
orszag_tang,mixed_eglm,128,finished,2.0,1.0,nan,2,4.42838,2.10437,0.00190431,0.00190431,4.7607750000000005e-05,0.0522562,0.107777,-2.54196e-06,5.52678,results/mhd_runner/glm_sweep/ot_runs/divergence/ot_glm_sweep_coarse_n128_mixed_eglm_ch2_sub2_cr1_mixed_eglm.csv
orszag_tang,mixed_eglm,128,finished,2.0,1.0,nan,1,4.42838,2.10437,0.00190431,0.00190431,4.7607750000000005e-05,0.0522562,0.107777,-2.54196e-06,6.20027,results/mhd_runner/glm_sweep/ot_runs/divergence/ot_glm_sweep_coarse_n128_mixed_eglm_ch2_sub1_cr1_mixed_eglm.csv
orszag_tang,mixed_eglm,128,finished,2.0,1.0,nan,4,4.42838,2.10437,0.00190384,0.00190384,4.7596e-05,0.0522487,0.107777,-2.54238e-06,5.84591,results/mhd_runner/glm_sweep/ot_runs/divergence/ot_glm_sweep_coarse_n128_mixed_eglm_ch2_sub4_cr1_mixed_eglm.csv
orszag_tang,mixed_eglm,64,finished,2.0,nan,0.8,8,4.42381,0.0804344,0.0113825,0.0113825,0.00028456250000000004,0.182767,0.107935,-2.58966e-06,0.846369,results/mhd_runner/glm_sweep/ot_runs/divergence/ot_glm_sweep_coarse_n64_mixed_eglm_ch2_sub8_cd0p8_mixed_eglm.csv
orszag_tang,mixed_eglm,64,finished,2.0,0.01,nan,1,4.42381,0.210329,0.0109839,0.0109839,0.0002745975,0.174399,0.107935,-3.40052e-06,0.664582,results/mhd_runner/glm_sweep/ot_runs/divergence/ot_glm_sweep_coarse_n64_mixed_eglm_ch2_sub1_cr0p01_mixed_eglm.csv
orszag_tang,mixed_eglm,64,finished,2.0,0.01,nan,2,4.42381,0.210329,0.0109812,0.0109812,0.00027453,0.174334,0.107935,-3.4037e-06,0.730011,results/mhd_runner/glm_sweep/ot_runs/divergence/ot_glm_sweep_coarse_n64_mixed_eglm_ch2_sub2_cr0p01_mixed_eglm.csv
orszag_tang,mixed_eglm,64,finished,2.0,0.01,nan,4,4.42381,0.210329,0.0109795,0.0109795,0.0002744875,0.174291,0.107935,-3.40601e-06,0.711817,results/mhd_runner/glm_sweep/ot_runs/divergence/ot_glm_sweep_coarse_n64_mixed_eglm_ch2_sub4_cr0p01_mixed_eglm.csv
orszag_tang,gi_mixed_eglm,128,finished,0.5,1.0,nan,1,1.1071,1.05219,0.00216174,0.00216174,5.4043500000000005e-05,0.0679469,0.107509,-3.59438e-06,4.63806,results/mhd_runner/glm_sweep/ot_runs/divergence/ot_glm_sweep_coarse_n128_gi_mixed_eglm_ch0p5_sub1_cr1_gi_mixed_eglm.csv
orszag_tang,gi_mixed_eglm,128,finished,0.5,0.5,nan,1,1.1071,0.744008,0.00216274,0.00216274,5.40685e-05,0.0679889,0.107509,-3.59503e-06,5.07862,results/mhd_runner/glm_sweep/ot_runs/divergence/ot_glm_sweep_coarse_n128_gi_mixed_eglm_ch0p5_sub1_cr0p5_gi_mixed_eglm.csv
orszag_tang,gi_mixed_eglm,128,finished,0.5,0.3,nan,1,1.1071,0.576306,0.00216405,0.00216405,5.410125e-05,0.0680441,0.107509,-3.5959e-06,4.58661,results/mhd_runner/glm_sweep/ot_runs/divergence/ot_glm_sweep_coarse_n128_gi_mixed_eglm_ch0p5_sub1_cr0p3_gi_mixed_eglm.csv
orszag_tang,gi_mixed_eglm,128,finished,0.5,0.18,nan,1,1.1071,0.446405,0.00216618,0.00216618,5.4154500000000005e-05,0.0681339,0.107509,-3.59731e-06,5.05826,results/mhd_runner/glm_sweep/ot_runs/divergence/ot_glm_sweep_coarse_n128_gi_mixed_eglm_ch0p5_sub1_cr0p18_gi_mixed_eglm.csv
orszag_tang,gi_mixed_eglm,128,finished,0.5,0.1,nan,1,1.1071,0.332731,0.00217026,0.00217026,5.42565e-05,0.0683055,0.107509,-3.60006e-06,4.59524,results/mhd_runner/glm_sweep/ot_runs/divergence/ot_glm_sweep_coarse_n128_gi_mixed_eglm_ch0p5_sub1_cr0p1_gi_mixed_eglm.csv
orszag_tang,gi_mixed_eglm,128,finished,0.5,1.0,nan,2,1.1071,1.05219,0.00215308,0.00215308,5.3827e-05,0.0677183,0.107509,-3.6055e-06,5.33301,results/mhd_runner/glm_sweep/ot_runs/divergence/ot_glm_sweep_coarse_n128_gi_mixed_eglm_ch0p5_sub2_cr1_gi_mixed_eglm.csv
orszag_tang,gi_mixed_eglm,128,finished,0.5,0.05,nan,1,1.1071,0.235276,0.00217861,0.00217861,5.4465250000000005e-05,0.0686567,0.107509,-3.60582e-06,4.57784,results/mhd_runner/glm_sweep/ot_runs/divergence/ot_glm_sweep_coarse_n128_gi_mixed_eglm_ch0p5_sub1_cr0p05_gi_mixed_eglm.csv
orszag_tang,gi_mixed_eglm,128,finished,0.5,0.5,nan,2,1.1071,0.744008,0.0021541,0.0021541,5.38525e-05,0.0677621,0.107509,-3.60614e-06,5.00147,results/mhd_runner/glm_sweep/ot_runs/divergence/ot_glm_sweep_coarse_n128_gi_mixed_eglm_ch0p5_sub2_cr0p5_gi_mixed_eglm.csv
orszag_tang,gi_mixed_eglm,128,finished,0.5,0.3,nan,2,1.1071,0.576306,0.00215545,0.00215545,5.388625000000001e-05,0.0678196,0.107509,-3.60697e-06,4.9946,results/mhd_runner/glm_sweep/ot_runs/divergence/ot_glm_sweep_coarse_n128_gi_mixed_eglm_ch0p5_sub2_cr0p3_gi_mixed_eglm.csv
orszag_tang,gi_mixed_eglm,128,finished,0.5,0.18,nan,2,1.1071,0.446405,0.00215763,0.00215763,5.394075e-05,0.067913,0.107509,-3.60834e-06,5.19234,results/mhd_runner/glm_sweep/ot_runs/divergence/ot_glm_sweep_coarse_n128_gi_mixed_eglm_ch0p5_sub2_cr0p18_gi_mixed_eglm.csv
orszag_tang,gi_mixed_eglm,128,finished,0.5,1.0,nan,4,1.1071,1.05219,0.00214883,0.00214883,5.3720750000000006e-05,0.0676047,0.107509,-3.61021e-06,5.73737,results/mhd_runner/glm_sweep/ot_runs/divergence/ot_glm_sweep_coarse_n128_gi_mixed_eglm_ch0p5_sub4_cr1_gi_mixed_eglm.csv
orszag_tang,gi_mixed_eglm,128,finished,0.5,0.5,nan,4,1.1071,0.744008,0.00214986,0.00214986,5.3746500000000005e-05,0.0676494,0.107509,-3.61082e-06,5.70877,results/mhd_runner/glm_sweep/ot_runs/divergence/ot_glm_sweep_coarse_n128_gi_mixed_eglm_ch0p5_sub4_cr0p5_gi_mixed_eglm.csv
orszag_tang,gi_mixed_eglm,128,finished,0.5,0.1,nan,2,1.1071,0.332731,0.00216181,0.00216181,5.4045250000000006e-05,0.0680915,0.107509,-3.611e-06,4.95674,results/mhd_runner/glm_sweep/ot_runs/divergence/ot_glm_sweep_coarse_n128_gi_mixed_eglm_ch0p5_sub2_cr0p1_gi_mixed_eglm.csv
orszag_tang,gi_mixed_eglm,128,finished,0.5,0.3,nan,4,1.1071,0.576306,0.00215122,0.00215122,5.3780500000000005e-05,0.0677079,0.107509,-3.61163e-06,6.01326,results/mhd_runner/glm_sweep/ot_runs/divergence/ot_glm_sweep_coarse_n128_gi_mixed_eglm_ch0p5_sub4_cr0p3_gi_mixed_eglm.csv
orszag_tang,gi_mixed_eglm,128,finished,0.5,1.0,nan,8,1.1071,1.05219,0.00214672,0.00214672,5.3668e-05,0.0675478,0.10751,-3.61236e-06,7.53384,results/mhd_runner/glm_sweep/ot_runs/divergence/ot_glm_sweep_coarse_n128_gi_mixed_eglm_ch0p5_sub8_cr1_gi_mixed_eglm.csv
orszag_tang,gi_mixed_eglm,128,finished,0.5,0.03,nan,1,1.1071,0.182244,0.00218826,0.00218826,5.47065e-05,0.0690612,0.107509,-3.61272e-06,5.03814,results/mhd_runner/glm_sweep/ot_runs/divergence/ot_glm_sweep_coarse_n128_gi_mixed_eglm_ch0p5_sub1_cr0p03_gi_mixed_eglm.csv
orszag_tang,gi_mixed_eglm,128,finished,0.5,0.18,nan,4,1.1071,0.446405,0.00215343,0.00215343,5.383575e-05,0.067803,0.107509,-3.61295e-06,5.73377,results/mhd_runner/glm_sweep/ot_runs/divergence/ot_glm_sweep_coarse_n128_gi_mixed_eglm_ch0p5_sub4_cr0p18_gi_mixed_eglm.csv
orszag_tang,gi_mixed_eglm,128,finished,0.5,0.5,nan,8,1.1071,0.744008,0.00214776,0.00214776,5.3694e-05,0.0675928,0.10751,-3.61296e-06,7.19287,results/mhd_runner/glm_sweep/ot_runs/divergence/ot_glm_sweep_coarse_n128_gi_mixed_eglm_ch0p5_sub8_cr0p5_gi_mixed_eglm.csv
orszag_tang,gi_mixed_eglm,128,finished,0.5,0.3,nan,8,1.1071,0.576306,0.00214912,0.00214912,5.3728000000000005e-05,0.0676518,0.10751,-3.61375e-06,7.95769,results/mhd_runner/glm_sweep/ot_runs/divergence/ot_glm_sweep_coarse_n128_gi_mixed_eglm_ch0p5_sub8_cr0p3_gi_mixed_eglm.csv
orszag_tang,gi_mixed_eglm,128,finished,0.5,0.18,nan,8,1.1071,0.446405,0.00215133,0.00215133,5.378325e-05,0.0677478,0.10751,-3.61504e-06,7.17829,results/mhd_runner/glm_sweep/ot_runs/divergence/ot_glm_sweep_coarse_n128_gi_mixed_eglm_ch0p5_sub8_cr0p18_gi_mixed_eglm.csv
orszag_tang,gi_mixed_eglm,128,finished,0.5,0.1,nan,4,1.1071,0.332731,0.00215764,0.00215764,5.3941000000000004e-05,0.0679848,0.10751,-3.61553e-06,6.30191,results/mhd_runner/glm_sweep/ot_runs/divergence/ot_glm_sweep_coarse_n128_gi_mixed_eglm_ch0p5_sub4_cr0p1_gi_mixed_eglm.csv
orszag_tang,gi_mixed_eglm,128,finished,0.5,0.05,nan,2,1.1071,0.235276,0.00217036,0.00217036,5.4259000000000003e-05,0.0684565,0.107509,-3.61661e-06,4.95138,results/mhd_runner/glm_sweep/ot_runs/divergence/ot_glm_sweep_coarse_n128_gi_mixed_eglm_ch0p5_sub2_cr0p05_gi_mixed_eglm.csv
orszag_tang,gi_mixed_eglm,128,finished,0.5,0.1,nan,8,1.1071,0.332731,0.00215557,0.00215557,5.388925e-05,0.0679311,0.10751,-3.61757e-06,7.96137,results/mhd_runner/glm_sweep/ot_runs/divergence/ot_glm_sweep_coarse_n128_gi_mixed_eglm_ch0p5_sub8_cr0p1_gi_mixed_eglm.csv
orszag_tang,gi_mixed_eglm,128,finished,0.5,0.05,nan,4,1.1071,0.235276,0.00216627,0.00216627,5.4156750000000006e-05,0.0683562,0.10751,-3.62099e-06,5.77395,results/mhd_runner/glm_sweep/ot_runs/divergence/ot_glm_sweep_coarse_n128_gi_mixed_eglm_ch0p5_sub4_cr0p05_gi_mixed_eglm.csv
orszag_tang,gi_mixed_eglm,128,finished,0.5,0.05,nan,8,1.1071,0.235276,0.00216423,0.00216423,5.410575e-05,0.0683056,0.10751,-3.62294e-06,7.16293,results/mhd_runner/glm_sweep/ot_runs/divergence/ot_glm_sweep_coarse_n128_gi_mixed_eglm_ch0p5_sub8_cr0p05_gi_mixed_eglm.csv
orszag_tang,gi_mixed_eglm,128,finished,0.5,0.03,nan,2,1.1071,0.182244,0.00218022,0.00218022,5.45055e-05,0.0688765,0.107509,-3.62337e-06,5.49218,results/mhd_runner/glm_sweep/ot_runs/divergence/ot_glm_sweep_coarse_n128_gi_mixed_eglm_ch0p5_sub2_cr0p03_gi_mixed_eglm.csv
orszag_tang,gi_mixed_eglm,128,finished,0.5,0.03,nan,4,1.1071,0.182244,0.00217621,0.00217621,5.440525e-05,0.0687832,0.10751,-3.6276e-06,6.38476,results/mhd_runner/glm_sweep/ot_runs/divergence/ot_glm_sweep_coarse_n128_gi_mixed_eglm_ch0p5_sub4_cr0p03_gi_mixed_eglm.csv
orszag_tang,gi_mixed_eglm,128,finished,0.5,0.03,nan,8,1.1071,0.182244,0.0021742,0.0021742,5.4355e-05,0.0687359,0.10751,-3.62945e-06,7.55611,results/mhd_runner/glm_sweep/ot_runs/divergence/ot_glm_sweep_coarse_n128_gi_mixed_eglm_ch0p5_sub8_cr0p03_gi_mixed_eglm.csv
orszag_tang,gi_mixed_eglm,128,finished,0.5,0.01,nan,1,1.1071,0.105219,0.00222024,0.00222024,5.550600000000001e-05,0.0703925,0.107509,-3.63726e-06,4.59002,results/mhd_runner/glm_sweep/ot_runs/divergence/ot_glm_sweep_coarse_n128_gi_mixed_eglm_ch0p5_sub1_cr0p01_gi_mixed_eglm.csv
orszag_tang,gi_mixed_eglm,128,finished,0.5,0.01,nan,2,1.1071,0.105219,0.00221277,0.00221277,5.531925000000001e-05,0.0702559,0.10751,-3.6478e-06,5.21656,results/mhd_runner/glm_sweep/ot_runs/divergence/ot_glm_sweep_coarse_n128_gi_mixed_eglm_ch0p5_sub2_cr0p01_gi_mixed_eglm.csv
orszag_tang,gi_mixed_eglm,128,finished,0.5,nan,0.8,1,1.1071,0.0612286,0.00223454,0.00223454,5.5863500000000005e-05,0.0709752,0.107509,-3.64838e-06,5.08779,results/mhd_runner/glm_sweep/ot_runs/divergence/ot_glm_sweep_coarse_n128_gi_mixed_eglm_ch0p5_sub1_cd0p8_gi_mixed_eglm.csv
orszag_tang,gi_mixed_eglm,128,finished,0.5,0.01,nan,4,1.1071,0.105219,0.00220897,0.00220897,5.522425000000001e-05,0.0701835,0.10751,-3.65174e-06,6.03641,results/mhd_runner/glm_sweep/ot_runs/divergence/ot_glm_sweep_coarse_n128_gi_mixed_eglm_ch0p5_sub4_cr0p01_gi_mixed_eglm.csv
orszag_tang,gi_mixed_eglm,128,finished,0.5,0.01,nan,8,1.1071,0.105219,0.00220705,0.00220705,5.517625e-05,0.070146,0.10751,-3.65339e-06,7.19409,results/mhd_runner/glm_sweep/ot_runs/divergence/ot_glm_sweep_coarse_n128_gi_mixed_eglm_ch0p5_sub8_cr0p01_gi_mixed_eglm.csv
orszag_tang,mixed_eglm,64,finished,2.0,0.01,nan,8,4.42381,0.210329,0.0108308,0.0108308,0.00027077,0.171168,0.107934,-3.65694e-06,0.852956,results/mhd_runner/glm_sweep/ot_runs/divergence/ot_glm_sweep_coarse_n64_mixed_eglm_ch2_sub8_cr0p01_mixed_eglm.csv
orszag_tang,gi_mixed_eglm,128,finished,0.5,nan,0.5,1,1.1071,0.0347429,0.00226942,0.00226942,5.67355e-05,0.0723572,0.10751,-3.67682e-06,4.62481,results/mhd_runner/glm_sweep/ot_runs/divergence/ot_glm_sweep_coarse_n128_gi_mixed_eglm_ch0p5_sub1_cd0p5_gi_mixed_eglm.csv
orszag_tang,gi_mixed_eglm,128,finished,0.5,nan,0.8,2,1.1071,0.0432962,0.00225076,0.00225076,5.6269000000000006e-05,0.0718235,0.10751,-3.67842e-06,5.01888,results/mhd_runner/glm_sweep/ot_runs/divergence/ot_glm_sweep_coarse_n128_gi_mixed_eglm_ch0p5_sub2_cd0p8_gi_mixed_eglm.csv
orszag_tang,gi_mixed_eglm,128,finished,0.5,nan,0.2,1,1.1071,0.0228011,0.00228442,0.00228442,5.711050000000001e-05,0.0729208,0.10751,-3.68823e-06,4.64783,results/mhd_runner/glm_sweep/ot_runs/divergence/ot_glm_sweep_coarse_n128_gi_mixed_eglm_ch0p5_sub1_cd0p2_gi_mixed_eglm.csv
orszag_tang,gi_mixed_eglm,128,finished,0.5,nan,0.1,1,1.1071,0.0190628,0.00228774,0.00228774,5.71935e-05,0.0730437,0.10751,-3.69061e-06,4.59636,results/mhd_runner/glm_sweep/ot_runs/divergence/ot_glm_sweep_coarse_n128_gi_mixed_eglm_ch0p5_sub1_cd0p1_gi_mixed_eglm.csv
orszag_tang,gi_mixed_eglm,128,finished,0.5,nan,0.05,1,1.1071,0.0167127,0.00228921,0.00228921,5.7230249999999996e-05,0.0730978,0.10751,-3.69163e-06,4.83259,results/mhd_runner/glm_sweep/ot_runs/divergence/ot_glm_sweep_coarse_n128_gi_mixed_eglm_ch0p5_sub1_cd0p05_gi_mixed_eglm.csv
orszag_tang,gi_mixed_eglm,128,finished,0.5,nan,0.03,1,1.1071,0.0154475,0.00228976,0.00228976,5.7244e-05,0.0731184,0.10751,-3.69202e-06,4.61865,results/mhd_runner/glm_sweep/ot_runs/divergence/ot_glm_sweep_coarse_n128_gi_mixed_eglm_ch0p5_sub1_cd0p03_gi_mixed_eglm.csv
orszag_tang,gi_mixed_eglm,128,finished,0.5,nan,0.01,1,1.1071,0.0134795,0.0022903,0.0022903,5.72575e-05,0.0731383,0.10751,-3.69239e-06,5.07989,results/mhd_runner/glm_sweep/ot_runs/divergence/ot_glm_sweep_coarse_n128_gi_mixed_eglm_ch0p5_sub1_cd0p01_gi_mixed_eglm.csv
orszag_tang,gi_mixed_eglm,128,finished,0.5,nan,0.8,4,1.1071,0.0306159,0.00226533,0.00226533,5.663325e-05,0.0725067,0.10751,-3.6976e-06,5.73876,results/mhd_runner/glm_sweep/ot_runs/divergence/ot_glm_sweep_coarse_n128_gi_mixed_eglm_ch0p5_sub4_cd0p8_gi_mixed_eglm.csv
orszag_tang,gi_mixed_eglm,128,finished,0.5,nan,0.5,2,1.1071,0.0245671,0.00227692,0.00227692,5.6923000000000004e-05,0.0728483,0.10751,-3.69976e-06,4.98728,results/mhd_runner/glm_sweep/ot_runs/divergence/ot_glm_sweep_coarse_n128_gi_mixed_eglm_ch0p5_sub2_cd0p5_gi_mixed_eglm.csv
orszag_tang,gi_mixed_eglm,128,finished,0.5,nan,0.2,2,1.1071,0.0161227,0.00228599,0.00228599,5.714975e-05,0.0731857,0.10751,-3.70671e-06,5.26157,results/mhd_runner/glm_sweep/ot_runs/divergence/ot_glm_sweep_coarse_n128_gi_mixed_eglm_ch0p5_sub2_cd0p2_gi_mixed_eglm.csv
orszag_tang,gi_mixed_eglm,128,finished,0.5,nan,0.1,2,1.1071,0.0134794,0.00228783,0.00228783,5.7195749999999995e-05,0.0732532,0.10751,-3.70808e-06,5.02823,results/mhd_runner/glm_sweep/ot_runs/divergence/ot_glm_sweep_coarse_n128_gi_mixed_eglm_ch0p5_sub2_cd0p1_gi_mixed_eglm.csv
orszag_tang,gi_mixed_eglm,128,finished,0.5,nan,0.05,2,1.1071,0.0118175,0.00228863,0.00228863,5.721575e-05,0.0732822,0.10751,-3.70867e-06,5.01129,results/mhd_runner/glm_sweep/ot_runs/divergence/ot_glm_sweep_coarse_n128_gi_mixed_eglm_ch0p5_sub2_cd0p05_gi_mixed_eglm.csv
orszag_tang,gi_mixed_eglm,128,finished,0.5,nan,0.03,2,1.1071,0.0109229,0.00228892,0.00228892,5.7223e-05,0.073293,0.10751,-3.70889e-06,5.61937,results/mhd_runner/glm_sweep/ot_runs/divergence/ot_glm_sweep_coarse_n128_gi_mixed_eglm_ch0p5_sub2_cd0p03_gi_mixed_eglm.csv
orszag_tang,gi_mixed_eglm,128,finished,0.5,nan,0.8,8,1.1071,0.0216492,0.00227539,0.00227539,5.6884750000000005e-05,0.0729492,0.10751,-3.70905e-06,7.98616,results/mhd_runner/glm_sweep/ot_runs/divergence/ot_glm_sweep_coarse_n128_gi_mixed_eglm_ch0p5_sub8_cd0p8_gi_mixed_eglm.csv
orszag_tang,gi_mixed_eglm,128,finished,0.5,nan,0.01,2,1.1071,0.00953139,0.00228921,0.00228921,5.7230249999999996e-05,0.0733034,0.10751,-3.7091e-06,5.5359,results/mhd_runner/glm_sweep/ot_runs/divergence/ot_glm_sweep_coarse_n128_gi_mixed_eglm_ch0p5_sub2_cd0p01_gi_mixed_eglm.csv
orszag_tang,gi_mixed_eglm,128,finished,0.5,nan,0.5,4,1.1071,0.0173717,0.00228199,0.00228199,5.704975e-05,0.0731445,0.10751,-3.71098e-06,6.00551,results/mhd_runner/glm_sweep/ot_runs/divergence/ot_glm_sweep_coarse_n128_gi_mixed_eglm_ch0p5_sub4_cd0p5_gi_mixed_eglm.csv
orszag_tang,gi_mixed_eglm,128,finished,0.5,nan,0.2,4,1.1071,0.0114005,0.00228698,0.00228698,5.7174500000000006e-05,0.0733284,0.10751,-3.71483e-06,5.73369,results/mhd_runner/glm_sweep/ot_runs/divergence/ot_glm_sweep_coarse_n128_gi_mixed_eglm_ch0p5_sub4_cd0p2_gi_mixed_eglm.csv
orszag_tang,gi_mixed_eglm,128,finished,0.5,nan,0.1,4,1.1071,0.00953134,0.00228794,0.00228794,5.7198500000000005e-05,0.0733637,0.10751,-3.71557e-06,6.31292,results/mhd_runner/glm_sweep/ot_runs/divergence/ot_glm_sweep_coarse_n128_gi_mixed_eglm_ch0p5_sub4_cd0p1_gi_mixed_eglm.csv
orszag_tang,gi_mixed_eglm,128,finished,0.5,nan,0.05,4,1.1071,0.00835623,0.00228836,0.00228836,5.720900000000001e-05,0.0733787,0.10751,-3.71588e-06,5.70032,results/mhd_runner/glm_sweep/ot_runs/divergence/ot_glm_sweep_coarse_n128_gi_mixed_eglm_ch0p5_sub4_cd0p05_gi_mixed_eglm.csv
orszag_tang,gi_mixed_eglm,128,finished,0.5,nan,0.03,4,1.1071,0.00772364,0.00228851,0.00228851,5.7212750000000005e-05,0.0733842,0.10751,-3.716e-06,6.36499,results/mhd_runner/glm_sweep/ot_runs/divergence/ot_glm_sweep_coarse_n128_gi_mixed_eglm_ch0p5_sub4_cd0p03_gi_mixed_eglm.csv
orszag_tang,gi_mixed_eglm,128,finished,0.5,nan,0.01,4,1.1071,0.00673968,0.00228866,0.00228866,5.7216500000000004e-05,0.0733896,0.10751,-3.71611e-06,6.01259,results/mhd_runner/glm_sweep/ot_runs/divergence/ot_glm_sweep_coarse_n128_gi_mixed_eglm_ch0p5_sub4_cd0p01_gi_mixed_eglm.csv
orszag_tang,gi_mixed_eglm,128,finished,0.5,nan,0.5,8,1.1071,0.0122837,0.00228491,0.00228491,5.712275e-05,0.0733061,0.10751,-3.7166e-06,7.20201,results/mhd_runner/glm_sweep/ot_runs/divergence/ot_glm_sweep_coarse_n128_gi_mixed_eglm_ch0p5_sub8_cd0p5_gi_mixed_eglm.csv
orszag_tang,gi_mixed_eglm,128,finished,0.5,nan,0.2,8,1.1071,0.00806137,0.00228752,0.00228752,5.7188e-05,0.0734018,0.10751,-3.71863e-06,7.19549,results/mhd_runner/glm_sweep/ot_runs/divergence/ot_glm_sweep_coarse_n128_gi_mixed_eglm_ch0p5_sub8_cd0p2_gi_mixed_eglm.csv
orszag_tang,gi_mixed_eglm,128,finished,0.5,nan,0.1,8,1.1071,0.00673967,0.00228802,0.00228802,5.72005e-05,0.0734199,0.10751,-3.71901e-06,7.96583,results/mhd_runner/glm_sweep/ot_runs/divergence/ot_glm_sweep_coarse_n128_gi_mixed_eglm_ch0p5_sub8_cd0p1_gi_mixed_eglm.csv
orszag_tang,gi_mixed_eglm,128,finished,0.5,nan,0.05,8,1.1071,0.00590874,0.00228823,0.00228823,5.7205750000000004e-05,0.0734275,0.10751,-3.71917e-06,7.1906,results/mhd_runner/glm_sweep/ot_runs/divergence/ot_glm_sweep_coarse_n128_gi_mixed_eglm_ch0p5_sub8_cd0p05_gi_mixed_eglm.csv
orszag_tang,gi_mixed_eglm,128,finished,0.5,nan,0.03,8,1.1071,0.00546143,0.0022883,0.0022883,5.7207500000000004e-05,0.0734303,0.10751,-3.71923e-06,7.56433,results/mhd_runner/glm_sweep/ot_runs/divergence/ot_glm_sweep_coarse_n128_gi_mixed_eglm_ch0p5_sub8_cd0p03_gi_mixed_eglm.csv
orszag_tang,gi_mixed_eglm,128,finished,0.5,nan,0.01,8,1.1071,0.00476567,0.00228838,0.00228838,5.72095e-05,0.0734331,0.10751,-3.71929e-06,7.17141,results/mhd_runner/glm_sweep/ot_runs/divergence/ot_glm_sweep_coarse_n128_gi_mixed_eglm_ch0p5_sub8_cd0p01_gi_mixed_eglm.csv
orszag_tang,mixed_eglm,128,finished,4.0,nan,0.8,8,8.85677,0.173226,0.00482468,0.00482468,0.000120617,0.135069,0.108085,-3.74038e-06,7.00949,results/mhd_runner/glm_sweep/ot_runs/divergence/ot_glm_sweep_coarse_n128_mixed_eglm_ch4_sub8_cd0p8_mixed_eglm.csv
orszag_tang,mixed_eglm,128,finished,4.0,nan,0.8,4,8.85677,0.244978,0.00479866,0.00479866,0.0001199665,0.13382,0.108085,-3.79702e-06,6.93806,results/mhd_runner/glm_sweep/ot_runs/divergence/ot_glm_sweep_coarse_n128_mixed_eglm_ch4_sub4_cd0p8_mixed_eglm.csv
orszag_tang,mixed_eglm,128,finished,4.0,nan,0.8,1,8.85677,0.244978,0.00479866,0.00479866,0.0001199665,0.13382,0.108085,-3.79702e-06,6.96539,results/mhd_runner/glm_sweep/ot_runs/divergence/ot_glm_sweep_coarse_n128_mixed_eglm_ch4_sub1_cd0p8_mixed_eglm.csv
orszag_tang,mixed_eglm,128,finished,4.0,nan,0.8,2,8.85677,0.244978,0.00479866,0.00479866,0.0001199665,0.13382,0.108085,-3.79702e-06,7.31846,results/mhd_runner/glm_sweep/ot_runs/divergence/ot_glm_sweep_coarse_n128_mixed_eglm_ch4_sub2_cd0p8_mixed_eglm.csv
orszag_tang,mixed_eglm,64,finished,2.0,nan,0.8,4,4.42381,0.113728,0.0105952,0.0105952,0.00026488000000000005,0.167721,0.107934,-4.15659e-06,0.742865,results/mhd_runner/glm_sweep/ot_runs/divergence/ot_glm_sweep_coarse_n64_mixed_eglm_ch2_sub4_cd0p8_mixed_eglm.csv
orszag_tang,mixed_eglm,64,finished,2.0,nan,0.8,2,4.42381,0.160836,0.0105767,0.0105767,0.0002644175,0.16752,0.107934,-4.18939e-06,0.681695,results/mhd_runner/glm_sweep/ot_runs/divergence/ot_glm_sweep_coarse_n64_mixed_eglm_ch2_sub2_cd0p8_mixed_eglm.csv
orszag_tang,mixed_eglm,64,finished,2.0,nan,0.8,1,4.42381,0.227456,0.0105713,0.0105713,0.0002642825,0.167453,0.107934,-4.19974e-06,0.700375,results/mhd_runner/glm_sweep/ot_runs/divergence/ot_glm_sweep_coarse_n64_mixed_eglm_ch2_sub1_cd0p8_mixed_eglm.csv
orszag_tang,gi_mixed_eglm,64,finished,0.5,0.01,nan,8,1.10595,0.105164,0.00829312,0.00829312,0.000207328,0.156841,0.107401,-4.27554e-06,0.92849,results/mhd_runner/glm_sweep/ot_runs/divergence/ot_glm_sweep_coarse_n64_gi_mixed_eglm_ch0p5_sub8_cr0p01_gi_mixed_eglm.csv
orszag_tang,gi_mixed_eglm,64,finished,0.5,nan,0.8,8,1.10595,0.0200614,0.00847975,0.00847975,0.00021199374999999999,0.162072,0.107404,-4.27775e-06,0.898057,results/mhd_runner/glm_sweep/ot_runs/divergence/ot_glm_sweep_coarse_n64_gi_mixed_eglm_ch0p5_sub8_cd0p8_gi_mixed_eglm.csv
orszag_tang,gi_mixed_eglm,64,finished,0.5,nan,0.5,8,1.10595,0.0113834,0.00852999,0.00852999,0.00021324975,0.163517,0.107405,-4.28474e-06,0.949658,results/mhd_runner/glm_sweep/ot_runs/divergence/ot_glm_sweep_coarse_n64_gi_mixed_eglm_ch0p5_sub8_cd0p5_gi_mixed_eglm.csv
orszag_tang,gi_mixed_eglm,64,finished,0.5,nan,0.2,8,1.10595,0.00747062,0.0085444,0.0085444,0.00021361000000000004,0.163936,0.107405,-4.28711e-06,0.869211,results/mhd_runner/glm_sweep/ot_runs/divergence/ot_glm_sweep_coarse_n64_gi_mixed_eglm_ch0p5_sub8_cd0p2_gi_mixed_eglm.csv
orszag_tang,gi_mixed_eglm,64,finished,0.5,nan,0.1,8,1.10595,0.00624579,0.00854716,0.00854716,0.000213679,0.164017,0.107405,-4.28758e-06,0.867909,results/mhd_runner/glm_sweep/ot_runs/divergence/ot_glm_sweep_coarse_n64_gi_mixed_eglm_ch0p5_sub8_cd0p1_gi_mixed_eglm.csv
orszag_tang,gi_mixed_eglm,64,finished,0.5,nan,0.05,8,1.10595,0.00547576,0.00854833,0.00854833,0.00021370825,0.164051,0.107405,-4.28779e-06,0.862444,results/mhd_runner/glm_sweep/ot_runs/divergence/ot_glm_sweep_coarse_n64_gi_mixed_eglm_ch0p5_sub8_cd0p05_gi_mixed_eglm.csv
orszag_tang,gi_mixed_eglm,64,finished,0.5,nan,0.03,8,1.10595,0.00506123,0.00854876,0.00854876,0.00021371900000000002,0.164064,0.107405,-4.28786e-06,0.944153,results/mhd_runner/glm_sweep/ot_runs/divergence/ot_glm_sweep_coarse_n64_gi_mixed_eglm_ch0p5_sub8_cd0p03_gi_mixed_eglm.csv
orszag_tang,gi_mixed_eglm,64,finished,0.5,nan,0.01,8,1.10595,0.00441646,0.00854918,0.00854918,0.00021372950000000002,0.164076,0.107405,-4.28793e-06,0.87132,results/mhd_runner/glm_sweep/ot_runs/divergence/ot_glm_sweep_coarse_n64_gi_mixed_eglm_ch0p5_sub8_cd0p01_gi_mixed_eglm.csv
orszag_tang,gi_mixed_eglm,64,finished,0.5,0.03,nan,8,1.10595,0.18215,0.00817739,0.00817739,0.00020443475,0.153671,0.107399,-4.29627e-06,0.871736,results/mhd_runner/glm_sweep/ot_runs/divergence/ot_glm_sweep_coarse_n64_gi_mixed_eglm_ch0p5_sub8_cr0p03_gi_mixed_eglm.csv
orszag_tang,gi_mixed_eglm,64,finished,0.5,0.05,nan,8,1.10595,0.235155,0.00814133,0.00814133,0.00020353325000000002,0.15269,0.107399,-4.30656e-06,0.877986,results/mhd_runner/glm_sweep/ot_runs/divergence/ot_glm_sweep_coarse_n64_gi_mixed_eglm_ch0p5_sub8_cr0p05_gi_mixed_eglm.csv
orszag_tang,gi_mixed_eglm,64,finished,0.5,nan,0.8,4,1.10595,0.028369,0.00843481,0.00843481,0.00021087025,0.160612,0.107403,-4.30876e-06,0.747697,results/mhd_runner/glm_sweep/ot_runs/divergence/ot_glm_sweep_coarse_n64_gi_mixed_eglm_ch0p5_sub4_cd0p8_gi_mixed_eglm.csv
orszag_tang,gi_mixed_eglm,64,finished,0.5,0.01,nan,4,1.10595,0.105164,0.00830597,0.00830597,0.00020764925,0.157033,0.107401,-4.31095e-06,0.713718,results/mhd_runner/glm_sweep/ot_runs/divergence/ot_glm_sweep_coarse_n64_gi_mixed_eglm_ch0p5_sub4_cr0p01_gi_mixed_eglm.csv
orszag_tang,gi_mixed_eglm,64,finished,0.5,0.1,nan,8,1.10595,0.332559,0.00810968,0.00810968,0.000202742,0.151831,0.107398,-4.31696e-06,0.872807,results/mhd_runner/glm_sweep/ot_runs/divergence/ot_glm_sweep_coarse_n64_gi_mixed_eglm_ch0p5_sub8_cr0p1_gi_mixed_eglm.csv
orszag_tang,gi_mixed_eglm,64,finished,0.5,nan,0.5,4,1.10595,0.0160981,0.00851715,0.00851715,0.00021292875,0.162951,0.107404,-4.31719e-06,0.709506,results/mhd_runner/glm_sweep/ot_runs/divergence/ot_glm_sweep_coarse_n64_gi_mixed_eglm_ch0p5_sub4_cd0p5_gi_mixed_eglm.csv
orszag_tang,gi_mixed_eglm,64,finished,0.5,nan,0.2,4,1.10595,0.010565,0.00854394,0.00854394,0.00021359850000000002,0.163726,0.107405,-4.32103e-06,0.689193,results/mhd_runner/glm_sweep/ot_runs/divergence/ot_glm_sweep_coarse_n64_gi_mixed_eglm_ch0p5_sub4_cd0p2_gi_mixed_eglm.csv
orszag_tang,gi_mixed_eglm,64,finished,0.5,nan,0.1,4,1.10595,0.00883286,0.00854924,0.00854924,0.000213731,0.16388,0.107405,-4.32185e-06,0.76394,results/mhd_runner/glm_sweep/ot_runs/divergence/ot_glm_sweep_coarse_n64_gi_mixed_eglm_ch0p5_sub4_cd0p1_gi_mixed_eglm.csv
orszag_tang,gi_mixed_eglm,64,finished,0.5,nan,0.05,4,1.10595,0.00774389,0.0085515,0.0085515,0.0002137875,0.163946,0.107405,-4.32221e-06,0.686938,results/mhd_runner/glm_sweep/ot_runs/divergence/ot_glm_sweep_coarse_n64_gi_mixed_eglm_ch0p5_sub4_cd0p05_gi_mixed_eglm.csv
orszag_tang,gi_mixed_eglm,64,finished,0.5,nan,0.03,4,1.10595,0.00715765,0.00855235,0.00855235,0.00021380875000000002,0.163971,0.107405,-4.32235e-06,0.708469,results/mhd_runner/glm_sweep/ot_runs/divergence/ot_glm_sweep_coarse_n64_gi_mixed_eglm_ch0p5_sub4_cd0p03_gi_mixed_eglm.csv
orszag_tang,gi_mixed_eglm,64,finished,0.5,nan,0.01,4,1.10595,0.00624581,0.00855316,0.00855316,0.00021382900000000002,0.163995,0.107405,-4.32248e-06,0.708016,results/mhd_runner/glm_sweep/ot_runs/divergence/ot_glm_sweep_coarse_n64_gi_mixed_eglm_ch0p5_sub4_cd0p01_gi_mixed_eglm.csv
orszag_tang,gi_mixed_eglm,64,finished,0.5,0.18,nan,8,1.10595,0.446174,0.0080941,0.0080941,0.0002023525,0.151409,0.107398,-4.32252e-06,0.956466,results/mhd_runner/glm_sweep/ot_runs/divergence/ot_glm_sweep_coarse_n64_gi_mixed_eglm_ch0p5_sub8_cr0p18_gi_mixed_eglm.csv
orszag_tang,gi_mixed_eglm,64,finished,0.5,0.3,nan,8,1.10595,0.576009,0.00808592,0.00808592,0.000202148,0.151187,0.107398,-4.32556e-06,0.87268,results/mhd_runner/glm_sweep/ot_runs/divergence/ot_glm_sweep_coarse_n64_gi_mixed_eglm_ch0p5_sub8_cr0p3_gi_mixed_eglm.csv
orszag_tang,gi_mixed_eglm,64,finished,0.5,0.5,nan,8,1.10595,0.743624,0.00808088,0.00808088,0.00020202200000000003,0.151051,0.107398,-4.32747e-06,0.949504,results/mhd_runner/glm_sweep/ot_runs/divergence/ot_glm_sweep_coarse_n64_gi_mixed_eglm_ch0p5_sub8_cr0p5_gi_mixed_eglm.csv
orszag_tang,gi_mixed_eglm,64,finished,0.5,1.0,nan,8,1.10595,1.05164,0.00807704,0.00807704,0.00020192600000000003,0.150946,0.107398,-4.32894e-06,0.963239,results/mhd_runner/glm_sweep/ot_runs/divergence/ot_glm_sweep_coarse_n64_gi_mixed_eglm_ch0p5_sub8_cr1_gi_mixed_eglm.csv
orszag_tang,gi_mixed_eglm,64,finished,0.5,0.03,nan,4,1.10595,0.18215,0.00819026,0.00819026,0.0002047565,0.153881,0.107399,-4.32987e-06,0.690172,results/mhd_runner/glm_sweep/ot_runs/divergence/ot_glm_sweep_coarse_n64_gi_mixed_eglm_ch0p5_sub4_cr0p03_gi_mixed_eglm.csv
orszag_tang,gi_mixed_eglm,64,finished,0.5,0.05,nan,4,1.10595,0.235155,0.00815427,0.00815427,0.00020385675000000002,0.152908,0.107399,-4.3394e-06,0.793457,results/mhd_runner/glm_sweep/ot_runs/divergence/ot_glm_sweep_coarse_n64_gi_mixed_eglm_ch0p5_sub4_cr0p05_gi_mixed_eglm.csv
orszag_tang,gi_mixed_eglm,64,finished,0.5,0.1,nan,4,1.10595,0.332559,0.0081227,0.0081227,0.0002030675,0.152057,0.107398,-4.34907e-06,0.690986,results/mhd_runner/glm_sweep/ot_runs/divergence/ot_glm_sweep_coarse_n64_gi_mixed_eglm_ch0p5_sub4_cr0p1_gi_mixed_eglm.csv
orszag_tang,gi_mixed_eglm,64,finished,0.5,0.18,nan,4,1.10595,0.446174,0.00810717,0.00810717,0.00020267925000000002,0.151639,0.107398,-4.35426e-06,0.709519,results/mhd_runner/glm_sweep/ot_runs/divergence/ot_glm_sweep_coarse_n64_gi_mixed_eglm_ch0p5_sub4_cr0p18_gi_mixed_eglm.csv
orszag_tang,gi_mixed_eglm,64,finished,0.5,0.3,nan,4,1.10595,0.576009,0.00809902,0.00809902,0.0002024755,0.15142,0.107398,-4.35709e-06,0.725165,results/mhd_runner/glm_sweep/ot_runs/divergence/ot_glm_sweep_coarse_n64_gi_mixed_eglm_ch0p5_sub4_cr0p3_gi_mixed_eglm.csv
orszag_tang,gi_mixed_eglm,64,finished,0.5,0.5,nan,4,1.10595,0.743624,0.008094,0.008094,0.00020235,0.151285,0.107398,-4.35886e-06,0.779886,results/mhd_runner/glm_sweep/ot_runs/divergence/ot_glm_sweep_coarse_n64_gi_mixed_eglm_ch0p5_sub4_cr0p5_gi_mixed_eglm.csv
orszag_tang,gi_mixed_eglm,64,finished,0.5,1.0,nan,4,1.10595,1.05164,0.00809017,0.00809017,0.00020225425000000002,0.151182,0.107398,-4.36024e-06,0.731243,results/mhd_runner/glm_sweep/ot_runs/divergence/ot_glm_sweep_coarse_n64_gi_mixed_eglm_ch0p5_sub4_cr1_gi_mixed_eglm.csv
orszag_tang,gi_mixed_eglm,64,finished,0.5,nan,0.8,2,1.10595,0.0401158,0.00838182,0.00838182,0.0002095455,0.158774,0.107402,-4.37445e-06,0.657808,results/mhd_runner/glm_sweep/ot_runs/divergence/ot_glm_sweep_coarse_n64_gi_mixed_eglm_ch0p5_sub2_cd0p8_gi_mixed_eglm.csv
orszag_tang,gi_mixed_eglm,64,finished,0.5,0.01,nan,2,1.10595,0.105164,0.00833139,0.00833139,0.00020828475,0.157395,0.107401,-4.37767e-06,0.642137,results/mhd_runner/glm_sweep/ot_runs/divergence/ot_glm_sweep_coarse_n64_gi_mixed_eglm_ch0p5_sub2_cr0p01_gi_mixed_eglm.csv
orszag_tang,gi_mixed_eglm,64,finished,0.5,nan,0.5,2,1.10595,0.0227652,0.00849776,0.00849776,0.000212444,0.162006,0.107404,-4.3798e-06,0.636646,results/mhd_runner/glm_sweep/ot_runs/divergence/ot_glm_sweep_coarse_n64_gi_mixed_eglm_ch0p5_sub2_cd0p5_gi_mixed_eglm.csv
orszag_tang,gi_mixed_eglm,64,finished,0.5,nan,0.2,2,1.10595,0.0149409,0.00854392,0.00854392,0.000213598,0.163328,0.107405,-4.38479e-06,0.627646,results/mhd_runner/glm_sweep/ot_runs/divergence/ot_glm_sweep_coarse_n64_gi_mixed_eglm_ch0p5_sub2_cd0p2_gi_mixed_eglm.csv
orszag_tang,gi_mixed_eglm,64,finished,0.5,nan,0.1,2,1.10595,0.0124915,0.00855368,0.00855368,0.000213842,0.16361,0.107405,-4.386e-06,0.594855,results/mhd_runner/glm_sweep/ot_runs/divergence/ot_glm_sweep_coarse_n64_gi_mixed_eglm_ch0p5_sub2_cd0p1_gi_mixed_eglm.csv
orszag_tang,gi_mixed_eglm,64,finished,0.5,nan,0.05,2,1.10595,0.0109515,0.00855791,0.00855791,0.00021394775000000002,0.163733,0.107405,-4.38655e-06,0.599797,results/mhd_runner/glm_sweep/ot_runs/divergence/ot_glm_sweep_coarse_n64_gi_mixed_eglm_ch0p5_sub2_cd0p05_gi_mixed_eglm.csv
orszag_tang,gi_mixed_eglm,64,finished,0.5,nan,0.03,2,1.10595,0.0101224,0.0085595,0.0085595,0.0002139875,0.16378,0.107405,-4.38675e-06,0.648964,results/mhd_runner/glm_sweep/ot_runs/divergence/ot_glm_sweep_coarse_n64_gi_mixed_eglm_ch0p5_sub2_cd0p03_gi_mixed_eglm.csv
orszag_tang,gi_mixed_eglm,64,finished,0.5,nan,0.01,2,1.10595,0.00883291,0.00856104,0.00856104,0.00021402600000000003,0.163825,0.107405,-4.38695e-06,0.599432,results/mhd_runner/glm_sweep/ot_runs/divergence/ot_glm_sweep_coarse_n64_gi_mixed_eglm_ch0p5_sub2_cd0p01_gi_mixed_eglm.csv
orszag_tang,gi_mixed_eglm,64,finished,0.5,0.03,nan,2,1.10595,0.18215,0.00821609,0.00821609,0.00020540225000000001,0.154288,0.107399,-4.39384e-06,0.598614,results/mhd_runner/glm_sweep/ot_runs/divergence/ot_glm_sweep_coarse_n64_gi_mixed_eglm_ch0p5_sub2_cr0p03_gi_mixed_eglm.csv
orszag_tang,gi_mixed_eglm,64,finished,0.5,0.05,nan,2,1.10595,0.235155,0.00818033,0.00818033,0.00020450825,0.153333,0.107399,-4.40219e-06,0.658498,results/mhd_runner/glm_sweep/ot_runs/divergence/ot_glm_sweep_coarse_n64_gi_mixed_eglm_ch0p5_sub2_cr0p05_gi_mixed_eglm.csv
orszag_tang,gi_mixed_eglm,64,finished,0.5,0.1,nan,2,1.10595,0.332559,0.00814901,0.00814901,0.00020372525,0.1525,0.107398,-4.4107e-06,0.596946,results/mhd_runner/glm_sweep/ot_runs/divergence/ot_glm_sweep_coarse_n64_gi_mixed_eglm_ch0p5_sub2_cr0p1_gi_mixed_eglm.csv
orszag_tang,gi_mixed_eglm,64,finished,0.5,0.18,nan,2,1.10595,0.446174,0.00813362,0.00813362,0.0002033405,0.15209,0.107398,-4.41528e-06,0.624161,results/mhd_runner/glm_sweep/ot_runs/divergence/ot_glm_sweep_coarse_n64_gi_mixed_eglm_ch0p5_sub2_cr0p18_gi_mixed_eglm.csv
orszag_tang,gi_mixed_eglm,64,finished,0.5,0.3,nan,2,1.10595,0.576009,0.00812555,0.00812555,0.00020313875000000002,0.151876,0.107398,-4.41778e-06,0.623927,results/mhd_runner/glm_sweep/ot_runs/divergence/ot_glm_sweep_coarse_n64_gi_mixed_eglm_ch0p5_sub2_cr0p3_gi_mixed_eglm.csv
orszag_tang,gi_mixed_eglm,64,finished,0.5,0.5,nan,2,1.10595,0.743624,0.00812058,0.00812058,0.0002030145,0.151744,0.107398,-4.41935e-06,0.642253,results/mhd_runner/glm_sweep/ot_runs/divergence/ot_glm_sweep_coarse_n64_gi_mixed_eglm_ch0p5_sub2_cr0p5_gi_mixed_eglm.csv
orszag_tang,gi_mixed_eglm,64,finished,0.5,1.0,nan,2,1.10595,1.05164,0.00811678,0.00811678,0.00020291950000000003,0.151643,0.107398,-4.42057e-06,0.603784,results/mhd_runner/glm_sweep/ot_runs/divergence/ot_glm_sweep_coarse_n64_gi_mixed_eglm_ch0p5_sub2_cr1_gi_mixed_eglm.csv
orszag_tang,gi_mixed_eglm,64,finished,0.5,nan,0.5,1,1.10595,0.0321927,0.00847833,0.00847833,0.00021195825,0.160683,0.107403,-4.49161e-06,0.560807,results/mhd_runner/glm_sweep/ot_runs/divergence/ot_glm_sweep_coarse_n64_gi_mixed_eglm_ch0p5_sub1_cd0p5_gi_mixed_eglm.csv
orszag_tang,gi_mixed_eglm,64,finished,0.5,0.01,nan,1,1.10595,0.105164,0.00838075,0.00838075,0.00020951875,0.15803,0.107401,-4.49378e-06,0.602346,results/mhd_runner/glm_sweep/ot_runs/divergence/ot_glm_sweep_coarse_n64_gi_mixed_eglm_ch0p5_sub1_cr0p01_gi_mixed_eglm.csv
orszag_tang,gi_mixed_eglm,64,finished,0.5,nan,0.2,1,1.10595,0.0211293,0.00854732,0.00854732,0.00021368300000000002,0.162624,0.107404,-4.49496e-06,0.567093,results/mhd_runner/glm_sweep/ot_runs/divergence/ot_glm_sweep_coarse_n64_gi_mixed_eglm_ch0p5_sub1_cd0p2_gi_mixed_eglm.csv
orszag_tang,gi_mixed_eglm,64,finished,0.5,nan,0.8,1,1.10595,0.0567261,0.00834706,0.00834706,0.00020867650000000001,0.157129,0.107401,-4.49579e-06,0.556015,results/mhd_runner/glm_sweep/ot_runs/divergence/ot_glm_sweep_coarse_n64_gi_mixed_eglm_ch0p5_sub1_cd0p8_gi_mixed_eglm.csv
orszag_tang,gi_mixed_eglm,64,finished,0.5,nan,0.1,1,1.10595,0.0176655,0.00856363,0.00856363,0.00021409075,0.163093,0.107405,-4.49606e-06,0.595445,results/mhd_runner/glm_sweep/ot_runs/divergence/ot_glm_sweep_coarse_n64_gi_mixed_eglm_ch0p5_sub1_cd0p1_gi_mixed_eglm.csv
orszag_tang,gi_mixed_eglm,64,finished,0.5,nan,0.05,1,1.10595,0.0154877,0.00857094,0.00857094,0.00021427350000000002,0.163305,0.107405,-4.49657e-06,0.568104,results/mhd_runner/glm_sweep/ot_runs/divergence/ot_glm_sweep_coarse_n64_gi_mixed_eglm_ch0p5_sub1_cd0p05_gi_mixed_eglm.csv
orszag_tang,gi_mixed_eglm,64,finished,0.5,nan,0.03,1,1.10595,0.0143153,0.00857372,0.00857372,0.000214343,0.163386,0.107405,-4.49677e-06,0.59862,results/mhd_runner/glm_sweep/ot_runs/divergence/ot_glm_sweep_coarse_n64_gi_mixed_eglm_ch0p5_sub1_cd0p03_gi_mixed_eglm.csv
orszag_tang,gi_mixed_eglm,64,finished,0.5,nan,0.01,1,1.10595,0.0124917,0.00857643,0.00857643,0.00021441075,0.163465,0.107405,-4.49696e-06,0.561028,results/mhd_runner/glm_sweep/ot_runs/divergence/ot_glm_sweep_coarse_n64_gi_mixed_eglm_ch0p5_sub1_cd0p01_gi_mixed_eglm.csv
orszag_tang,gi_mixed_eglm,64,finished,0.5,0.03,nan,1,1.10595,0.18215,0.00826779,0.00826779,0.00020669475000000004,0.15504,0.107399,-4.50764e-06,0.610261,results/mhd_runner/glm_sweep/ot_runs/divergence/ot_glm_sweep_coarse_n64_gi_mixed_eglm_ch0p5_sub1_cr0p03_gi_mixed_eglm.csv
orszag_tang,gi_mixed_eglm,64,finished,0.5,0.05,nan,1,1.10595,0.235155,0.00823288,0.00823288,0.000205822,0.154128,0.107399,-4.51477e-06,0.559454,results/mhd_runner/glm_sweep/ot_runs/divergence/ot_glm_sweep_coarse_n64_gi_mixed_eglm_ch0p5_sub1_cr0p05_gi_mixed_eglm.csv
orszag_tang,gi_mixed_eglm,64,finished,0.5,0.1,nan,1,1.10595,0.332559,0.00820238,0.00820238,0.0002050595,0.153333,0.107399,-4.52206e-06,0.560323,results/mhd_runner/glm_sweep/ot_runs/divergence/ot_glm_sweep_coarse_n64_gi_mixed_eglm_ch0p5_sub1_cr0p1_gi_mixed_eglm.csv
orszag_tang,gi_mixed_eglm,64,finished,0.5,0.18,nan,1,1.10595,0.446174,0.00818742,0.00818742,0.00020468550000000003,0.152944,0.107398,-4.52598e-06,0.639768,results/mhd_runner/glm_sweep/ot_runs/divergence/ot_glm_sweep_coarse_n64_gi_mixed_eglm_ch0p5_sub1_cr0p18_gi_mixed_eglm.csv
orszag_tang,gi_mixed_eglm,64,finished,0.5,0.3,nan,1,1.10595,0.576009,0.00817958,0.00817958,0.00020448950000000003,0.15274,0.107398,-4.52813e-06,0.562821,results/mhd_runner/glm_sweep/ot_runs/divergence/ot_glm_sweep_coarse_n64_gi_mixed_eglm_ch0p5_sub1_cr0p3_gi_mixed_eglm.csv
orszag_tang,gi_mixed_eglm,64,finished,0.5,0.5,nan,1,1.10595,0.743624,0.00817475,0.00817475,0.00020436875,0.152615,0.107398,-4.52948e-06,0.557762,results/mhd_runner/glm_sweep/ot_runs/divergence/ot_glm_sweep_coarse_n64_gi_mixed_eglm_ch0p5_sub1_cr0p5_gi_mixed_eglm.csv
orszag_tang,gi_mixed_eglm,64,finished,0.5,1.0,nan,1,1.10595,1.05164,0.00817107,0.00817107,0.00020427675000000002,0.152519,0.107398,-4.53052e-06,0.564399,results/mhd_runner/glm_sweep/ot_runs/divergence/ot_glm_sweep_coarse_n64_gi_mixed_eglm_ch0p5_sub1_cr1_gi_mixed_eglm.csv
orszag_tang,mixed_eglm,128,finished,16.0,nan,0.1,1,35.4271,0.152142,0.0138372,0.0138372,0.00034593,0.328995,0.109218,-4.82265e-06,14.8425,results/mhd_runner/glm_sweep/ot_runs/divergence/ot_glm_sweep_coarse_n128_mixed_eglm_ch16_sub1_cd0p1_mixed_eglm.csv
orszag_tang,mixed_eglm,128,finished,16.0,nan,0.1,4,35.4271,0.152142,0.0138372,0.0138372,0.00034593,0.328995,0.109218,-4.82265e-06,14.8922,results/mhd_runner/glm_sweep/ot_runs/divergence/ot_glm_sweep_coarse_n128_mixed_eglm_ch16_sub4_cd0p1_mixed_eglm.csv
orszag_tang,mixed_eglm,128,finished,16.0,nan,0.1,8,35.4271,0.152142,0.0138372,0.0138372,0.00034593,0.328995,0.109218,-4.82265e-06,14.9452,results/mhd_runner/glm_sweep/ot_runs/divergence/ot_glm_sweep_coarse_n128_mixed_eglm_ch16_sub8_cd0p1_mixed_eglm.csv
orszag_tang,mixed_eglm,128,finished,16.0,nan,0.1,2,35.4271,0.152142,0.0138372,0.0138372,0.00034593,0.328995,0.109218,-4.82265e-06,15.6713,results/mhd_runner/glm_sweep/ot_runs/divergence/ot_glm_sweep_coarse_n128_mixed_eglm_ch16_sub2_cd0p1_mixed_eglm.csv
orszag_tang,mixed_eglm,64,finished,8.0,nan,0.1,8,17.6953,0.0998909,0.0253999,0.0253999,0.0006349975,0.340004,0.109068,-4.96747e-06,1.2321,results/mhd_runner/glm_sweep/ot_runs/divergence/ot_glm_sweep_coarse_n64_mixed_eglm_ch8_sub8_cd0p1_mixed_eglm.csv
orszag_tang,mixed_eglm,128,finished,4.0,0.01,nan,1,8.85677,0.297603,0.00431819,0.00431819,0.00010795475000000002,0.117519,0.108086,-5.00155e-06,6.92788,results/mhd_runner/glm_sweep/ot_runs/divergence/ot_glm_sweep_coarse_n128_mixed_eglm_ch4_sub1_cr0p01_mixed_eglm.csv
orszag_tang,mixed_eglm,128,finished,4.0,0.01,nan,4,8.85677,0.297603,0.00431819,0.00431819,0.00010795475000000002,0.117519,0.108086,-5.00155e-06,7.28465,results/mhd_runner/glm_sweep/ot_runs/divergence/ot_glm_sweep_coarse_n128_mixed_eglm_ch4_sub4_cr0p01_mixed_eglm.csv
orszag_tang,mixed_eglm,128,finished,4.0,0.01,nan,2,8.85677,0.297603,0.00431819,0.00431819,0.00010795475000000002,0.117519,0.108086,-5.00155e-06,7.6896,results/mhd_runner/glm_sweep/ot_runs/divergence/ot_glm_sweep_coarse_n128_mixed_eglm_ch4_sub2_cr0p01_mixed_eglm.csv
orszag_tang,mixed_eglm,128,finished,4.0,0.01,nan,8,8.85677,0.297603,0.0043163,0.0043163,0.00010790750000000002,0.117425,0.108086,-5.00527e-06,7.0167,results/mhd_runner/glm_sweep/ot_runs/divergence/ot_glm_sweep_coarse_n128_mixed_eglm_ch4_sub8_cr0p01_mixed_eglm.csv
orszag_tang,mixed_eglm,64,finished,8.0,nan,0.1,2,17.6953,0.141267,0.0253856,0.0253856,0.0006346400000000001,0.339729,0.109068,-5.06422e-06,1.17496,results/mhd_runner/glm_sweep/ot_runs/divergence/ot_glm_sweep_coarse_n64_mixed_eglm_ch8_sub2_cd0p1_mixed_eglm.csv
orszag_tang,mixed_eglm,64,finished,8.0,nan,0.1,4,17.6953,0.141267,0.0253856,0.0253856,0.0006346400000000001,0.339729,0.109068,-5.06422e-06,1.21978,results/mhd_runner/glm_sweep/ot_runs/divergence/ot_glm_sweep_coarse_n64_mixed_eglm_ch8_sub4_cd0p1_mixed_eglm.csv
orszag_tang,mixed_eglm,64,finished,8.0,nan,0.1,1,17.6953,0.141267,0.0253856,0.0253856,0.0006346400000000001,0.339729,0.109068,-5.06422e-06,1.22949,results/mhd_runner/glm_sweep/ot_runs/divergence/ot_glm_sweep_coarse_n64_mixed_eglm_ch8_sub1_cd0p1_mixed_eglm.csv
orszag_tang,mixed_eglm,128,finished,4.0,0.18,nan,4,8.85677,1.26262,0.00168813,0.00168813,4.220325e-05,0.0476107,0.108097,-5.52579e-06,6.95346,results/mhd_runner/glm_sweep/ot_runs/divergence/ot_glm_sweep_coarse_n128_mixed_eglm_ch4_sub4_cr0p18_mixed_eglm.csv
orszag_tang,mixed_eglm,128,finished,4.0,0.18,nan,2,8.85677,1.26262,0.00168813,0.00168813,4.220325e-05,0.0476107,0.108097,-5.52579e-06,7.0072,results/mhd_runner/glm_sweep/ot_runs/divergence/ot_glm_sweep_coarse_n128_mixed_eglm_ch4_sub2_cr0p18_mixed_eglm.csv
orszag_tang,mixed_eglm,128,finished,4.0,0.18,nan,1,8.85677,1.26262,0.00168813,0.00168813,4.220325e-05,0.0476107,0.108097,-5.52579e-06,7.23676,results/mhd_runner/glm_sweep/ot_runs/divergence/ot_glm_sweep_coarse_n128_mixed_eglm_ch4_sub1_cr0p18_mixed_eglm.csv
orszag_tang,mixed_eglm,128,finished,4.0,0.18,nan,8,8.85677,1.26262,0.00168786,0.00168786,4.21965e-05,0.0476067,0.108097,-5.52593e-06,7.71158,results/mhd_runner/glm_sweep/ot_runs/divergence/ot_glm_sweep_coarse_n128_mixed_eglm_ch4_sub8_cr0p18_mixed_eglm.csv
orszag_tang,mixed_eglm,64,finished,16.0,nan,0.03,8,35.3905,0.160845,0.0323476,0.0323476,0.0008086899999999999,0.371226,0.109654,-5.64492e-06,1.90478,results/mhd_runner/glm_sweep/ot_runs/divergence/ot_glm_sweep_coarse_n64_mixed_eglm_ch16_sub8_cd0p03_mixed_eglm.csv
orszag_tang,mixed_eglm,64,finished,16.0,nan,0.03,2,35.3905,0.171951,0.0323456,0.0323456,0.0008086400000000001,0.371196,0.109654,-5.66911e-06,1.79101,results/mhd_runner/glm_sweep/ot_runs/divergence/ot_glm_sweep_coarse_n64_mixed_eglm_ch16_sub2_cd0p03_mixed_eglm.csv
orszag_tang,mixed_eglm,64,finished,16.0,nan,0.03,1,35.3905,0.171951,0.0323456,0.0323456,0.0008086400000000001,0.371196,0.109654,-5.66911e-06,1.8029,results/mhd_runner/glm_sweep/ot_runs/divergence/ot_glm_sweep_coarse_n64_mixed_eglm_ch16_sub1_cd0p03_mixed_eglm.csv
orszag_tang,mixed_eglm,64,finished,16.0,nan,0.03,4,35.3905,0.171951,0.0323456,0.0323456,0.0008086400000000001,0.371196,0.109654,-5.66911e-06,1.95985,results/mhd_runner/glm_sweep/ot_runs/divergence/ot_glm_sweep_coarse_n64_mixed_eglm_ch16_sub4_cd0p03_mixed_eglm.csv
orszag_tang,mixed_eglm,128,finished,4.0,0.1,nan,1,8.85677,0.941104,0.00192559,0.00192559,4.8139750000000006e-05,0.0552917,0.108094,-6.62472e-06,6.94319,results/mhd_runner/glm_sweep/ot_runs/divergence/ot_glm_sweep_coarse_n128_mixed_eglm_ch4_sub1_cr0p1_mixed_eglm.csv
orszag_tang,mixed_eglm,128,finished,4.0,0.1,nan,2,8.85677,0.941104,0.00192559,0.00192559,4.8139750000000006e-05,0.0552917,0.108094,-6.62472e-06,6.96578,results/mhd_runner/glm_sweep/ot_runs/divergence/ot_glm_sweep_coarse_n128_mixed_eglm_ch4_sub2_cr0p1_mixed_eglm.csv
orszag_tang,mixed_eglm,128,finished,4.0,0.1,nan,4,8.85677,0.941104,0.00192559,0.00192559,4.8139750000000006e-05,0.0552917,0.108094,-6.62472e-06,7.03341,results/mhd_runner/glm_sweep/ot_runs/divergence/ot_glm_sweep_coarse_n128_mixed_eglm_ch4_sub4_cr0p1_mixed_eglm.csv
orszag_tang,mixed_eglm,128,finished,4.0,0.1,nan,8,8.85677,0.941104,0.0019252,0.0019252,4.813e-05,0.0552866,0.108094,-6.62507e-06,7.29929,results/mhd_runner/glm_sweep/ot_runs/divergence/ot_glm_sweep_coarse_n128_mixed_eglm_ch4_sub8_cr0p1_mixed_eglm.csv
orszag_tang,mixed_eglm,64,finished,2.0,0.03,nan,1,4.42381,0.3643,0.0093273,0.0093273,0.00023318250000000003,0.150459,0.107933,-6.65902e-06,0.696301,results/mhd_runner/glm_sweep/ot_runs/divergence/ot_glm_sweep_coarse_n64_mixed_eglm_ch2_sub1_cr0p03_mixed_eglm.csv
orszag_tang,mixed_eglm,64,finished,2.0,0.03,nan,2,4.42381,0.3643,0.00932522,0.00932522,0.00023313050000000002,0.150447,0.107933,-6.66245e-06,0.678691,results/mhd_runner/glm_sweep/ot_runs/divergence/ot_glm_sweep_coarse_n64_mixed_eglm_ch2_sub2_cr0p03_mixed_eglm.csv
orszag_tang,mixed_eglm,64,finished,2.0,0.03,nan,4,4.42381,0.3643,0.00932413,0.00932413,0.00023310325,0.15044,0.107933,-6.66432e-06,0.728142,results/mhd_runner/glm_sweep/ot_runs/divergence/ot_glm_sweep_coarse_n64_mixed_eglm_ch2_sub4_cr0p03_mixed_eglm.csv
orszag_tang,mixed_eglm,64,finished,2.0,0.03,nan,8,4.42381,0.3643,0.00923692,0.00923692,0.00023092299999999998,0.14928,0.107933,-6.80531e-06,0.902319,results/mhd_runner/glm_sweep/ot_runs/divergence/ot_glm_sweep_coarse_n64_mixed_eglm_ch2_sub8_cr0p03_mixed_eglm.csv
orszag_tang,mixed_eglm,128,finished,8.0,nan,0.5,8,17.7135,0.196434,0.00861243,0.00861243,0.00021531075000000004,0.227409,0.108593,-7.23381e-06,9.60089,results/mhd_runner/glm_sweep/ot_runs/divergence/ot_glm_sweep_coarse_n128_mixed_eglm_ch8_sub8_cd0p5_mixed_eglm.csv
orszag_tang,mixed_eglm,128,finished,8.0,nan,0.5,1,17.7135,0.196434,0.00861243,0.00861243,0.00021531075000000004,0.227409,0.108593,-7.23381e-06,9.64529,results/mhd_runner/glm_sweep/ot_runs/divergence/ot_glm_sweep_coarse_n128_mixed_eglm_ch8_sub1_cd0p5_mixed_eglm.csv
orszag_tang,mixed_eglm,128,finished,8.0,nan,0.5,2,17.7135,0.196434,0.00861243,0.00861243,0.00021531075000000004,0.227409,0.108593,-7.23381e-06,10.1663,results/mhd_runner/glm_sweep/ot_runs/divergence/ot_glm_sweep_coarse_n128_mixed_eglm_ch8_sub2_cd0p5_mixed_eglm.csv
orszag_tang,mixed_eglm,128,finished,8.0,nan,0.5,4,17.7135,0.196434,0.00861243,0.00861243,0.00021531075000000004,0.227409,0.108593,-7.23381e-06,10.2166,results/mhd_runner/glm_sweep/ot_runs/divergence/ot_glm_sweep_coarse_n128_mixed_eglm_ch8_sub4_cd0p5_mixed_eglm.csv
orszag_tang,mixed_eglm,128,finished,4.0,0.03,nan,1,8.85677,0.515464,0.00297054,0.00297054,7.42635e-05,0.0822786,0.108088,-7.41524e-06,6.91723,results/mhd_runner/glm_sweep/ot_runs/divergence/ot_glm_sweep_coarse_n128_mixed_eglm_ch4_sub1_cr0p03_mixed_eglm.csv
orszag_tang,mixed_eglm,128,finished,4.0,0.03,nan,4,8.85677,0.515464,0.00297054,0.00297054,7.42635e-05,0.0822786,0.108088,-7.41524e-06,7.67112,results/mhd_runner/glm_sweep/ot_runs/divergence/ot_glm_sweep_coarse_n128_mixed_eglm_ch4_sub4_cr0p03_mixed_eglm.csv
orszag_tang,mixed_eglm,128,finished,4.0,0.03,nan,2,8.85677,0.515464,0.00297054,0.00297054,7.42635e-05,0.0822786,0.108088,-7.41524e-06,7.70398,results/mhd_runner/glm_sweep/ot_runs/divergence/ot_glm_sweep_coarse_n128_mixed_eglm_ch4_sub2_cr0p03_mixed_eglm.csv
orszag_tang,mixed_eglm,128,finished,4.0,0.03,nan,8,8.85677,0.515464,0.00296977,0.00296977,7.424425e-05,0.0822677,0.108088,-7.41658e-06,7.31643,results/mhd_runner/glm_sweep/ot_runs/divergence/ot_glm_sweep_coarse_n128_mixed_eglm_ch4_sub8_cr0p03_mixed_eglm.csv
orszag_tang,mixed_eglm,128,finished,4.0,0.05,nan,1,8.85677,0.665461,0.00243625,0.00243625,6.0906250000000007e-05,0.0689853,0.108091,-7.50917e-06,7.23955,results/mhd_runner/glm_sweep/ot_runs/divergence/ot_glm_sweep_coarse_n128_mixed_eglm_ch4_sub1_cr0p05_mixed_eglm.csv
orszag_tang,mixed_eglm,128,finished,4.0,0.05,nan,2,8.85677,0.665461,0.00243625,0.00243625,6.0906250000000007e-05,0.0689853,0.108091,-7.50917e-06,7.317,results/mhd_runner/glm_sweep/ot_runs/divergence/ot_glm_sweep_coarse_n128_mixed_eglm_ch4_sub2_cr0p05_mixed_eglm.csv
orszag_tang,mixed_eglm,128,finished,4.0,0.05,nan,4,8.85677,0.665461,0.00243625,0.00243625,6.0906250000000007e-05,0.0689853,0.108091,-7.50917e-06,7.69359,results/mhd_runner/glm_sweep/ot_runs/divergence/ot_glm_sweep_coarse_n128_mixed_eglm_ch4_sub4_cr0p05_mixed_eglm.csv
orszag_tang,mixed_eglm,128,finished,4.0,0.05,nan,8,8.85677,0.665461,0.00243568,0.00243568,6.0892e-05,0.068978,0.108091,-7.50998e-06,6.98652,results/mhd_runner/glm_sweep/ot_runs/divergence/ot_glm_sweep_coarse_n128_mixed_eglm_ch4_sub8_cr0p05_mixed_eglm.csv
orszag_tang,mixed_eglm,64,finished,4.0,nan,0.5,8,8.84763,0.091214,0.0166502,0.0166502,0.00041625500000000003,0.249403,0.10842,-7.58116e-06,0.858017,results/mhd_runner/glm_sweep/ot_runs/divergence/ot_glm_sweep_coarse_n64_mixed_eglm_ch4_sub8_cd0p5_mixed_eglm.csv
orszag_tang,mixed_eglm,64,finished,4.0,nan,0.5,4,8.84763,0.128996,0.0166133,0.0166133,0.00041533250000000004,0.248573,0.10842,-7.6977e-06,0.89244,results/mhd_runner/glm_sweep/ot_runs/divergence/ot_glm_sweep_coarse_n64_mixed_eglm_ch4_sub4_cd0p5_mixed_eglm.csv
orszag_tang,mixed_eglm,64,finished,4.0,nan,0.5,1,8.84763,0.182428,0.0165799,0.0165799,0.00041449750000000006,0.247817,0.10842,-7.80384e-06,0.833562,results/mhd_runner/glm_sweep/ot_runs/divergence/ot_glm_sweep_coarse_n64_mixed_eglm_ch4_sub1_cd0p5_mixed_eglm.csv
orszag_tang,mixed_eglm,64,finished,4.0,nan,0.5,2,8.84763,0.182428,0.0165799,0.0165799,0.00041449750000000006,0.247817,0.10842,-7.80384e-06,0.928508,results/mhd_runner/glm_sweep/ot_runs/divergence/ot_glm_sweep_coarse_n64_mixed_eglm_ch4_sub2_cd0p5_mixed_eglm.csv
orszag_tang,gi_mixed_eglm,128,finished,1.0,1.0,nan,1,2.21419,1.48802,0.00223384,0.00223384,5.5846e-05,0.0713666,0.107603,-7.83434e-06,4.99093,results/mhd_runner/glm_sweep/ot_runs/divergence/ot_glm_sweep_coarse_n128_gi_mixed_eglm_ch1_sub1_cr1_gi_mixed_eglm.csv
orszag_tang,gi_mixed_eglm,128,finished,1.0,1.0,nan,2,2.21419,1.48802,0.00223312,0.00223312,5.5828e-05,0.0713388,0.107603,-7.83782e-06,4.98197,results/mhd_runner/glm_sweep/ot_runs/divergence/ot_glm_sweep_coarse_n128_gi_mixed_eglm_ch1_sub2_cr1_gi_mixed_eglm.csv
orszag_tang,gi_mixed_eglm,128,finished,1.0,0.5,nan,1,2.21419,1.05219,0.00224232,0.00224232,5.6058e-05,0.0716796,0.107603,-7.84369e-06,5.5059,results/mhd_runner/glm_sweep/ot_runs/divergence/ot_glm_sweep_coarse_n128_gi_mixed_eglm_ch1_sub1_cr0p5_gi_mixed_eglm.csv
orszag_tang,gi_mixed_eglm,128,finished,1.0,0.5,nan,2,2.21419,1.05219,0.00224161,0.00224161,5.6040249999999996e-05,0.0716521,0.107603,-7.8472e-06,5.00016,results/mhd_runner/glm_sweep/ot_runs/divergence/ot_glm_sweep_coarse_n128_gi_mixed_eglm_ch1_sub2_cr0p5_gi_mixed_eglm.csv
orszag_tang,gi_mixed_eglm,128,finished,1.0,1.0,nan,4,2.21419,1.48802,0.00222239,0.00222239,5.555975e-05,0.070928,0.107603,-7.85075e-06,5.74198,results/mhd_runner/glm_sweep/ot_runs/divergence/ot_glm_sweep_coarse_n128_gi_mixed_eglm_ch1_sub4_cr1_gi_mixed_eglm.csv
orszag_tang,gi_mixed_eglm,128,finished,1.0,0.3,nan,1,2.21419,0.81502,0.00225331,0.00225331,5.633275000000001e-05,0.0720836,0.107603,-7.85582e-06,4.98214,results/mhd_runner/glm_sweep/ot_runs/divergence/ot_glm_sweep_coarse_n128_gi_mixed_eglm_ch1_sub1_cr0p3_gi_mixed_eglm.csv
orszag_tang,gi_mixed_eglm,128,finished,1.0,1.0,nan,8,2.21419,1.48802,0.0022172,0.0022172,5.543e-05,0.0707272,0.107603,-7.85707e-06,7.95334,results/mhd_runner/glm_sweep/ot_runs/divergence/ot_glm_sweep_coarse_n128_gi_mixed_eglm_ch1_sub8_cr1_gi_mixed_eglm.csv
orszag_tang,gi_mixed_eglm,128,finished,1.0,0.3,nan,2,2.21419,0.81502,0.0022526,0.0022526,5.6315000000000005e-05,0.0720566,0.107603,-7.85936e-06,5.25047,results/mhd_runner/glm_sweep/ot_runs/divergence/ot_glm_sweep_coarse_n128_gi_mixed_eglm_ch1_sub2_cr0p3_gi_mixed_eglm.csv
orszag_tang,gi_mixed_eglm,128,finished,1.0,0.5,nan,4,2.21419,1.05219,0.00223077,0.00223077,5.5769250000000005e-05,0.0712401,0.107603,-7.86007e-06,5.76429,results/mhd_runner/glm_sweep/ot_runs/divergence/ot_glm_sweep_coarse_n128_gi_mixed_eglm_ch1_sub4_cr0p5_gi_mixed_eglm.csv
orszag_tang,gi_mixed_eglm,128,finished,1.0,0.5,nan,8,2.21419,1.05219,0.00222553,0.00222553,5.563825e-05,0.0710385,0.107603,-7.86634e-06,7.19719,results/mhd_runner/glm_sweep/ot_runs/divergence/ot_glm_sweep_coarse_n128_gi_mixed_eglm_ch1_sub8_cr0p5_gi_mixed_eglm.csv
orszag_tang,gi_mixed_eglm,128,finished,1.0,0.3,nan,4,2.21419,0.81502,0.00224163,0.00224163,5.6040750000000004e-05,0.0716429,0.107603,-7.87217e-06,5.98994,results/mhd_runner/glm_sweep/ot_runs/divergence/ot_glm_sweep_coarse_n128_gi_mixed_eglm_ch1_sub4_cr0p3_gi_mixed_eglm.csv
orszag_tang,gi_mixed_eglm,128,finished,1.0,0.18,nan,1,2.21419,0.631312,0.00227083,0.00227083,5.6770750000000005e-05,0.0727255,0.107603,-7.87523e-06,5.22705,results/mhd_runner/glm_sweep/ot_runs/divergence/ot_glm_sweep_coarse_n128_gi_mixed_eglm_ch1_sub1_cr0p18_gi_mixed_eglm.csv
orszag_tang,gi_mixed_eglm,128,finished,1.0,0.3,nan,8,2.21419,0.81502,0.00223631,0.00223631,5.5907750000000004e-05,0.0714404,0.107603,-7.87838e-06,7.54868,results/mhd_runner/glm_sweep/ot_runs/divergence/ot_glm_sweep_coarse_n128_gi_mixed_eglm_ch1_sub8_cr0p3_gi_mixed_eglm.csv
orszag_tang,gi_mixed_eglm,128,finished,1.0,0.18,nan,2,2.21419,0.631312,0.00227013,0.00227013,5.675325e-05,0.0726991,0.107603,-7.8788e-06,5.03429,results/mhd_runner/glm_sweep/ot_runs/divergence/ot_glm_sweep_coarse_n128_gi_mixed_eglm_ch1_sub2_cr0p18_gi_mixed_eglm.csv
orszag_tang,gi_mixed_eglm,128,finished,1.0,0.18,nan,4,2.21419,0.631312,0.00225894,0.00225894,5.647350000000001e-05,0.0722826,0.107603,-7.89153e-06,6.04583,results/mhd_runner/glm_sweep/ot_runs/divergence/ot_glm_sweep_coarse_n128_gi_mixed_eglm_ch1_sub4_cr0p18_gi_mixed_eglm.csv
orszag_tang,gi_mixed_eglm,128,finished,1.0,0.18,nan,8,2.21419,0.631312,0.00225352,0.00225352,5.633800000000001e-05,0.0720785,0.107603,-7.89764e-06,7.53543,results/mhd_runner/glm_sweep/ot_runs/divergence/ot_glm_sweep_coarse_n128_gi_mixed_eglm_ch1_sub8_cr0p18_gi_mixed_eglm.csv
orszag_tang,gi_mixed_eglm,128,finished,1.0,0.1,nan,1,2.21419,0.470552,0.00230318,0.00230318,5.757950000000001e-05,0.0739024,0.107603,-7.91127e-06,5.2191,results/mhd_runner/glm_sweep/ot_runs/divergence/ot_glm_sweep_coarse_n128_gi_mixed_eglm_ch1_sub1_cr0p1_gi_mixed_eglm.csv
orszag_tang,gi_mixed_eglm,128,finished,1.0,0.1,nan,2,2.21419,0.470552,0.0023025,0.0023025,5.7562499999999996e-05,0.0738772,0.107603,-7.91491e-06,5.22273,results/mhd_runner/glm_sweep/ot_runs/divergence/ot_glm_sweep_coarse_n128_gi_mixed_eglm_ch1_sub2_cr0p1_gi_mixed_eglm.csv
orszag_tang,gi_mixed_eglm,128,finished,1.0,0.1,nan,4,2.21419,0.470552,0.0022909,0.0022909,5.72725e-05,0.0734552,0.107603,-7.9275e-06,6.41155,results/mhd_runner/glm_sweep/ot_runs/divergence/ot_glm_sweep_coarse_n128_gi_mixed_eglm_ch1_sub4_cr0p1_gi_mixed_eglm.csv
orszag_tang,gi_mixed_eglm,128,finished,1.0,0.1,nan,8,2.21419,0.470552,0.00228526,0.00228526,5.71315e-05,0.0732479,0.107603,-7.93347e-06,7.97499,results/mhd_runner/glm_sweep/ot_runs/divergence/ot_glm_sweep_coarse_n128_gi_mixed_eglm_ch1_sub8_cr0p1_gi_mixed_eglm.csv
orszag_tang,gi_mixed_eglm,128,finished,1.0,0.05,nan,1,2.21419,0.332731,0.00236498,0.00236498,5.9124500000000006e-05,0.0761249,0.107603,-7.98108e-06,4.97883,results/mhd_runner/glm_sweep/ot_runs/divergence/ot_glm_sweep_coarse_n128_gi_mixed_eglm_ch1_sub1_cr0p05_gi_mixed_eglm.csv
orszag_tang,gi_mixed_eglm,128,finished,1.0,0.05,nan,2,2.21419,0.332731,0.00236433,0.00236433,5.910825e-05,0.0761019,0.107603,-7.98485e-06,5.5397,results/mhd_runner/glm_sweep/ot_runs/divergence/ot_glm_sweep_coarse_n128_gi_mixed_eglm_ch1_sub2_cr0p05_gi_mixed_eglm.csv
orszag_tang,gi_mixed_eglm,128,finished,1.0,0.05,nan,4,2.21419,0.332731,0.00235191,0.00235191,5.8797750000000005e-05,0.0756677,0.107603,-7.99733e-06,6.52344,results/mhd_runner/glm_sweep/ot_runs/divergence/ot_glm_sweep_coarse_n128_gi_mixed_eglm_ch1_sub4_cr0p05_gi_mixed_eglm.csv
orszag_tang,gi_mixed_eglm,128,finished,1.0,0.05,nan,8,2.21419,0.332731,0.00234584,0.00234584,5.864600000000001e-05,0.0754536,0.107603,-8.00308e-06,7.21189,results/mhd_runner/glm_sweep/ot_runs/divergence/ot_glm_sweep_coarse_n128_gi_mixed_eglm_ch1_sub8_cr0p05_gi_mixed_eglm.csv
orszag_tang,mixed_eglm,64,finished,2.0,0.05,nan,1,4.42381,0.470309,0.00861303,0.00861303,0.00021532575000000003,0.14025,0.107933,-8.00537e-06,0.661269,results/mhd_runner/glm_sweep/ot_runs/divergence/ot_glm_sweep_coarse_n64_mixed_eglm_ch2_sub1_cr0p05_mixed_eglm.csv
orszag_tang,mixed_eglm,64,finished,2.0,0.05,nan,2,4.42381,0.470309,0.0086111,0.0086111,0.0002152775,0.140239,0.107933,-8.00881e-06,0.708485,results/mhd_runner/glm_sweep/ot_runs/divergence/ot_glm_sweep_coarse_n64_mixed_eglm_ch2_sub2_cr0p05_mixed_eglm.csv
orszag_tang,mixed_eglm,64,finished,2.0,0.05,nan,4,4.42381,0.470309,0.00861013,0.00861013,0.00021525325000000002,0.140233,0.107933,-8.0106e-06,0.679007,results/mhd_runner/glm_sweep/ot_runs/divergence/ot_glm_sweep_coarse_n64_mixed_eglm_ch2_sub4_cr0p05_mixed_eglm.csv
orszag_tang,gi_mixed_eglm,128,finished,1.0,0.03,nan,1,2.21419,0.257732,0.00242958,0.00242958,6.073950000000001e-05,0.0784172,0.107603,-8.0556e-06,4.97135,results/mhd_runner/glm_sweep/ot_runs/divergence/ot_glm_sweep_coarse_n128_gi_mixed_eglm_ch1_sub1_cr0p03_gi_mixed_eglm.csv
orszag_tang,gi_mixed_eglm,128,finished,1.0,0.03,nan,2,2.21419,0.257732,0.00242897,0.00242897,6.072425e-05,0.0783964,0.107603,-8.05949e-06,5.03725,results/mhd_runner/glm_sweep/ot_runs/divergence/ot_glm_sweep_coarse_n128_gi_mixed_eglm_ch1_sub2_cr0p03_gi_mixed_eglm.csv
orszag_tang,gi_mixed_eglm,128,finished,1.0,0.03,nan,4,2.21419,0.257732,0.00241564,0.00241564,6.0391000000000005e-05,0.0779477,0.107603,-8.07205e-06,5.78961,results/mhd_runner/glm_sweep/ot_runs/divergence/ot_glm_sweep_coarse_n128_gi_mixed_eglm_ch1_sub4_cr0p03_gi_mixed_eglm.csv
orszag_tang,gi_mixed_eglm,128,finished,1.0,0.03,nan,8,2.21419,0.257732,0.0024091,0.0024091,6.02275e-05,0.0777253,0.107603,-8.07771e-06,7.22489,results/mhd_runner/glm_sweep/ot_runs/divergence/ot_glm_sweep_coarse_n128_gi_mixed_eglm_ch1_sub8_cr0p03_gi_mixed_eglm.csv
orszag_tang,mixed_eglm,64,finished,2.0,0.05,nan,8,4.42381,0.470309,0.00854515,0.00854515,0.00021362875,0.139351,0.107933,-8.09922e-06,0.852376,results/mhd_runner/glm_sweep/ot_runs/divergence/ot_glm_sweep_coarse_n64_mixed_eglm_ch2_sub8_cr0p05_mixed_eglm.csv
orszag_tang,gi_mixed_eglm,128,finished,1.0,0.01,nan,1,2.21419,0.148802,0.00260503,0.00260503,6.512575e-05,0.0845003,0.107603,-8.26222e-06,5.18795,results/mhd_runner/glm_sweep/ot_runs/divergence/ot_glm_sweep_coarse_n128_gi_mixed_eglm_ch1_sub1_cr0p01_gi_mixed_eglm.csv
orszag_tang,gi_mixed_eglm,128,finished,1.0,0.01,nan,2,2.21419,0.148802,0.0026045,0.0026045,6.51125e-05,0.0844849,0.107603,-8.2664e-06,5.00418,results/mhd_runner/glm_sweep/ot_runs/divergence/ot_glm_sweep_coarse_n128_gi_mixed_eglm_ch1_sub2_cr0p01_gi_mixed_eglm.csv
orszag_tang,gi_mixed_eglm,128,finished,1.0,0.01,nan,4,2.21419,0.148802,0.00258853,0.00258853,6.471325e-05,0.0839923,0.107603,-8.28037e-06,5.79234,results/mhd_runner/glm_sweep/ot_runs/divergence/ot_glm_sweep_coarse_n128_gi_mixed_eglm_ch1_sub4_cr0p01_gi_mixed_eglm.csv
orszag_tang,gi_mixed_eglm,128,finished,1.0,0.01,nan,8,2.21419,0.148802,0.00258055,0.00258055,6.451375000000001e-05,0.0837432,0.107603,-8.28639e-06,7.28566,results/mhd_runner/glm_sweep/ot_runs/divergence/ot_glm_sweep_coarse_n128_gi_mixed_eglm_ch1_sub8_cr0p01_gi_mixed_eglm.csv
orszag_tang,gi_mixed_eglm,128,finished,1.0,nan,0.8,1,2.21419,0.1224,0.00267016,0.00267016,6.6754e-05,0.0867012,0.107603,-8.33409e-06,5.52889,results/mhd_runner/glm_sweep/ot_runs/divergence/ot_glm_sweep_coarse_n128_gi_mixed_eglm_ch1_sub1_cd0p8_gi_mixed_eglm.csv
orszag_tang,gi_mixed_eglm,128,finished,1.0,nan,0.8,2,2.21419,0.0865497,0.0026705,0.0026705,6.67625e-05,0.0867169,0.107603,-8.33789e-06,5.30784,results/mhd_runner/glm_sweep/ot_runs/divergence/ot_glm_sweep_coarse_n128_gi_mixed_eglm_ch1_sub2_cd0p8_gi_mixed_eglm.csv
orszag_tang,gi_mixed_eglm,128,finished,1.0,nan,0.8,4,2.21419,0.0612062,0.0027449,0.0027449,6.86225e-05,0.0892447,0.107603,-8.45582e-06,5.76283,results/mhd_runner/glm_sweep/ot_runs/divergence/ot_glm_sweep_coarse_n128_gi_mixed_eglm_ch1_sub4_cd0p8_gi_mixed_eglm.csv
orszag_tang,gi_mixed_eglm,128,finished,1.0,nan,0.5,1,2.21419,0.0694614,0.00280491,0.00280491,7.012275e-05,0.0910696,0.107603,-8.47875e-06,4.972,results/mhd_runner/glm_sweep/ot_runs/divergence/ot_glm_sweep_coarse_n128_gi_mixed_eglm_ch1_sub1_cd0p5_gi_mixed_eglm.csv
orszag_tang,gi_mixed_eglm,128,finished,1.0,nan,0.5,2,2.21419,0.0491166,0.0028053,0.0028053,7.01325e-05,0.0910859,0.107603,-8.48277e-06,5.03533,results/mhd_runner/glm_sweep/ot_runs/divergence/ot_glm_sweep_coarse_n128_gi_mixed_eglm_ch1_sub2_cd0p5_gi_mixed_eglm.csv
orszag_tang,gi_mixed_eglm,128,finished,1.0,nan,0.2,1,2.21419,0.0455883,0.00285471,0.00285471,7.136775e-05,0.0925733,0.107603,-8.52623e-06,5.22775,results/mhd_runner/glm_sweep/ot_runs/divergence/ot_glm_sweep_coarse_n128_gi_mixed_eglm_ch1_sub1_cd0p2_gi_mixed_eglm.csv
orszag_tang,gi_mixed_eglm,128,finished,1.0,nan,0.8,8,2.21419,0.0432825,0.00279803,0.00279803,6.995075e-05,0.0909869,0.107603,-8.52971e-06,7.5725,results/mhd_runner/glm_sweep/ot_runs/divergence/ot_glm_sweep_coarse_n128_gi_mixed_eglm_ch1_sub8_cd0p8_gi_mixed_eglm.csv
orszag_tang,gi_mixed_eglm,128,finished,1.0,nan,0.2,2,2.21419,0.0322358,0.00285477,0.00285477,7.136925e-05,0.0925799,0.107603,-8.53047e-06,5.01333,results/mhd_runner/glm_sweep/ot_runs/divergence/ot_glm_sweep_coarse_n128_gi_mixed_eglm_ch1_sub2_cd0p2_gi_mixed_eglm.csv
orszag_tang,gi_mixed_eglm,128,finished,1.0,nan,0.1,1,2.21419,0.0381145,0.0028651,0.0028651,7.16275e-05,0.0928745,0.107603,-8.5356e-06,5.21882,results/mhd_runner/glm_sweep/ot_runs/divergence/ot_glm_sweep_coarse_n128_gi_mixed_eglm_ch1_sub1_cd0p1_gi_mixed_eglm.csv
orszag_tang,gi_mixed_eglm,128,finished,1.0,nan,0.05,1,2.21419,0.0334156,0.0028696,0.0028696,7.174e-05,0.0930035,0.107603,-8.53959e-06,4.97046,results/mhd_runner/glm_sweep/ot_runs/divergence/ot_glm_sweep_coarse_n128_gi_mixed_eglm_ch1_sub1_cd0p05_gi_mixed_eglm.csv
orszag_tang,gi_mixed_eglm,128,finished,1.0,nan,0.1,2,2.21419,0.026951,0.00286502,0.00286502,7.16255e-05,0.0928773,0.107603,-8.53992e-06,5.33948,results/mhd_runner/glm_sweep/ot_runs/divergence/ot_glm_sweep_coarse_n128_gi_mixed_eglm_ch1_sub2_cd0p1_gi_mixed_eglm.csv
orszag_tang,gi_mixed_eglm,128,finished,1.0,nan,0.03,1,2.21419,0.030886,0.00287129,0.00287129,7.178225e-05,0.0930516,0.107603,-8.54108e-06,5.50185,results/mhd_runner/glm_sweep/ot_runs/divergence/ot_glm_sweep_coarse_n128_gi_mixed_eglm_ch1_sub1_cd0p03_gi_mixed_eglm.csv
orszag_tang,gi_mixed_eglm,128,finished,1.0,nan,0.01,1,2.21419,0.0269514,0.00287293,0.00287293,7.182325000000001e-05,0.093098,0.107603,-8.54252e-06,4.97075,results/mhd_runner/glm_sweep/ot_runs/divergence/ot_glm_sweep_coarse_n128_gi_mixed_eglm_ch1_sub1_cd0p01_gi_mixed_eglm.csv
orszag_tang,gi_mixed_eglm,128,finished,1.0,nan,0.05,2,2.21419,0.0236284,0.00286946,0.00286946,7.17365e-05,0.0930042,0.107603,-8.54395e-06,5.6422,results/mhd_runner/glm_sweep/ot_runs/divergence/ot_glm_sweep_coarse_n128_gi_mixed_eglm_ch1_sub2_cd0p05_gi_mixed_eglm.csv
orszag_tang,gi_mixed_eglm,128,finished,1.0,nan,0.03,2,2.21419,0.0218397,0.00287112,0.00287112,7.1778e-05,0.0930516,0.107603,-8.54546e-06,5.55736,results/mhd_runner/glm_sweep/ot_runs/divergence/ot_glm_sweep_coarse_n128_gi_mixed_eglm_ch1_sub2_cd0p03_gi_mixed_eglm.csv
orszag_tang,gi_mixed_eglm,128,finished,1.0,nan,0.01,2,2.21419,0.0190575,0.00287272,0.00287272,7.181800000000001e-05,0.0930972,0.107603,-8.54691e-06,5.01706,results/mhd_runner/glm_sweep/ot_runs/divergence/ot_glm_sweep_coarse_n128_gi_mixed_eglm_ch1_sub2_cd0p01_gi_mixed_eglm.csv
orszag_tang,gi_mixed_eglm,128,finished,1.0,nan,0.5,4,2.21419,0.0347321,0.00283342,0.00283342,7.08355e-05,0.0920382,0.107603,-8.54759e-06,6.02991,results/mhd_runner/glm_sweep/ot_runs/divergence/ot_glm_sweep_coarse_n128_gi_mixed_eglm_ch1_sub4_cd0p5_gi_mixed_eglm.csv
orszag_tang,gi_mixed_eglm,128,finished,1.0,nan,0.2,4,2.21419,0.0227943,0.00286104,0.00286104,7.1526e-05,0.0928612,0.107603,-8.57417e-06,5.99232,results/mhd_runner/glm_sweep/ot_runs/divergence/ot_glm_sweep_coarse_n128_gi_mixed_eglm_ch1_sub4_cd0p2_gi_mixed_eglm.csv
orszag_tang,gi_mixed_eglm,128,finished,1.0,nan,0.1,4,2.21419,0.0190572,0.00286646,0.00286646,7.16615e-05,0.093019,0.107603,-8.57926e-06,6.34526,results/mhd_runner/glm_sweep/ot_runs/divergence/ot_glm_sweep_coarse_n128_gi_mixed_eglm_ch1_sub4_cd0p1_gi_mixed_eglm.csv
orszag_tang,gi_mixed_eglm,128,finished,1.0,nan,0.05,4,2.21419,0.0167077,0.00286877,0.00286877,7.171925e-05,0.0930859,0.107603,-8.58143e-06,6.34259,results/mhd_runner/glm_sweep/ot_runs/divergence/ot_glm_sweep_coarse_n128_gi_mixed_eglm_ch1_sub4_cd0p05_gi_mixed_eglm.csv
orszag_tang,gi_mixed_eglm,128,finished,1.0,nan,0.5,8,2.21419,0.0245599,0.00284992,0.00284992,7.1248e-05,0.0925806,0.107603,-8.58177e-06,7.59493,results/mhd_runner/glm_sweep/ot_runs/divergence/ot_glm_sweep_coarse_n128_gi_mixed_eglm_ch1_sub8_cd0p5_gi_mixed_eglm.csv
orszag_tang,gi_mixed_eglm,128,finished,1.0,nan,0.03,4,2.21419,0.0154429,0.00286964,0.00286964,7.1741e-05,0.0931108,0.107603,-8.58223e-06,5.73005,results/mhd_runner/glm_sweep/ot_runs/divergence/ot_glm_sweep_coarse_n128_gi_mixed_eglm_ch1_sub4_cd0p03_gi_mixed_eglm.csv
orszag_tang,gi_mixed_eglm,128,finished,1.0,nan,0.01,4,2.21419,0.0134755,0.00287047,0.00287047,7.176175e-05,0.0931347,0.107603,-8.58301e-06,5.73507,results/mhd_runner/glm_sweep/ot_runs/divergence/ot_glm_sweep_coarse_n128_gi_mixed_eglm_ch1_sub4_cd0p01_gi_mixed_eglm.csv
orszag_tang,gi_mixed_eglm,128,finished,1.0,nan,0.2,8,2.21419,0.016118,0.00286452,0.00286452,7.161300000000001e-05,0.0930117,0.107603,-8.59582e-06,7.21015,results/mhd_runner/glm_sweep/ot_runs/divergence/ot_glm_sweep_coarse_n128_gi_mixed_eglm_ch1_sub8_cd0p2_gi_mixed_eglm.csv
orszag_tang,gi_mixed_eglm,128,finished,1.0,nan,0.1,8,2.21419,0.0134754,0.00286731,0.00286731,7.168275000000001e-05,0.0930929,0.107603,-8.59846e-06,7.96644,results/mhd_runner/glm_sweep/ot_runs/divergence/ot_glm_sweep_coarse_n128_gi_mixed_eglm_ch1_sub8_cd0p1_gi_mixed_eglm.csv
orszag_tang,gi_mixed_eglm,128,finished,1.0,nan,0.05,8,2.21419,0.0118141,0.00286849,0.00286849,7.171225e-05,0.0931272,0.107603,-8.59958e-06,7.18416,results/mhd_runner/glm_sweep/ot_runs/divergence/ot_glm_sweep_coarse_n128_gi_mixed_eglm_ch1_sub8_cd0p05_gi_mixed_eglm.csv
orszag_tang,gi_mixed_eglm,128,finished,1.0,nan,0.03,8,2.21419,0.0109197,0.00286893,0.00286893,7.172325000000001e-05,0.09314,0.107603,-8.6e-06,7.19322,results/mhd_runner/glm_sweep/ot_runs/divergence/ot_glm_sweep_coarse_n128_gi_mixed_eglm_ch1_sub8_cd0p03_gi_mixed_eglm.csv
orszag_tang,gi_mixed_eglm,128,finished,1.0,nan,0.01,8,2.21419,0.00952861,0.00286935,0.00286935,7.173375000000001e-05,0.0931523,0.107603,-8.6004e-06,7.20923,results/mhd_runner/glm_sweep/ot_runs/divergence/ot_glm_sweep_coarse_n128_gi_mixed_eglm_ch1_sub8_cd0p01_gi_mixed_eglm.csv
orszag_tang,mixed_eglm,64,finished,2.0,0.1,nan,1,4.42381,0.665117,0.00785568,0.00785568,0.000196392,0.128875,0.107933,-9.28476e-06,0.670665,results/mhd_runner/glm_sweep/ot_runs/divergence/ot_glm_sweep_coarse_n64_mixed_eglm_ch2_sub1_cr0p1_mixed_eglm.csv
orszag_tang,mixed_eglm,64,finished,2.0,0.1,nan,2,4.42381,0.665117,0.00785391,0.00785391,0.00019634775000000002,0.128864,0.107933,-9.28793e-06,0.735669,results/mhd_runner/glm_sweep/ot_runs/divergence/ot_glm_sweep_coarse_n64_mixed_eglm_ch2_sub2_cr0p1_mixed_eglm.csv
orszag_tang,mixed_eglm,64,finished,2.0,0.1,nan,4,4.42381,0.665117,0.00785306,0.00785306,0.0001963265,0.128859,0.107933,-9.28952e-06,0.672633,results/mhd_runner/glm_sweep/ot_runs/divergence/ot_glm_sweep_coarse_n64_mixed_eglm_ch2_sub4_cr0p1_mixed_eglm.csv
orszag_tang,mixed_eglm,64,finished,2.0,0.1,nan,8,4.42381,0.665117,0.00780905,0.00780905,0.00019522625,0.128242,0.107933,-9.31939e-06,0.914213,results/mhd_runner/glm_sweep/ot_runs/divergence/ot_glm_sweep_coarse_n64_mixed_eglm_ch2_sub8_cr0p1_mixed_eglm.csv
orszag_tang,mixed_eglm,64,finished,16.0,nan,0.05,8,35.3905,0.174006,0.0321345,0.0321345,0.0008033625000000001,0.36874,0.109657,-9.50232e-06,1.79574,results/mhd_runner/glm_sweep/ot_runs/divergence/ot_glm_sweep_coarse_n64_mixed_eglm_ch16_sub8_cd0p05_mixed_eglm.csv
orszag_tang,mixed_eglm,64,finished,16.0,nan,0.05,4,35.3905,0.18602,0.0321308,0.0321308,0.00080327,0.368686,0.109657,-9.5428e-06,1.81041,results/mhd_runner/glm_sweep/ot_runs/divergence/ot_glm_sweep_coarse_n64_mixed_eglm_ch16_sub4_cd0p05_mixed_eglm.csv
orszag_tang,mixed_eglm,64,finished,16.0,nan,0.05,2,35.3905,0.18602,0.0321308,0.0321308,0.00080327,0.368686,0.109657,-9.5428e-06,1.8777,results/mhd_runner/glm_sweep/ot_runs/divergence/ot_glm_sweep_coarse_n64_mixed_eglm_ch16_sub2_cd0p05_mixed_eglm.csv
orszag_tang,mixed_eglm,64,finished,16.0,nan,0.05,1,35.3905,0.18602,0.0321308,0.0321308,0.00080327,0.368686,0.109657,-9.5428e-06,1.96943,results/mhd_runner/glm_sweep/ot_runs/divergence/ot_glm_sweep_coarse_n64_mixed_eglm_ch16_sub1_cd0p05_mixed_eglm.csv
orszag_tang,mixed_eglm,64,finished,2.0,0.18,nan,8,4.42381,0.892349,0.00739345,0.00739345,0.00018483625000000002,0.121575,0.107934,-9.88974e-06,0.85266,results/mhd_runner/glm_sweep/ot_runs/divergence/ot_glm_sweep_coarse_n64_mixed_eglm_ch2_sub8_cr0p18_mixed_eglm.csv
orszag_tang,mixed_eglm,64,finished,2.0,0.18,nan,1,4.42381,0.892349,0.00742906,0.00742906,0.00018572650000000003,0.122068,0.107934,-9.89071e-06,0.679485,results/mhd_runner/glm_sweep/ot_runs/divergence/ot_glm_sweep_coarse_n64_mixed_eglm_ch2_sub1_cr0p18_mixed_eglm.csv
orszag_tang,mixed_eglm,64,finished,2.0,0.18,nan,2,4.42381,0.892349,0.0074274,0.0074274,0.000185685,0.122057,0.107934,-9.89351e-06,0.681005,results/mhd_runner/glm_sweep/ot_runs/divergence/ot_glm_sweep_coarse_n64_mixed_eglm_ch2_sub2_cr0p18_mixed_eglm.csv
orszag_tang,mixed_eglm,64,finished,2.0,0.18,nan,4,4.42381,0.892349,0.00742661,0.00742661,0.00018566525,0.122051,0.107934,-9.89488e-06,0.692769,results/mhd_runner/glm_sweep/ot_runs/divergence/ot_glm_sweep_coarse_n64_mixed_eglm_ch2_sub4_cr0p18_mixed_eglm.csv
orszag_tang,mixed_eglm,64,finished,2.0,0.3,nan,8,4.42381,1.15202,0.0071612,0.0071612,0.00017903000000000003,0.117661,0.107934,-1.01549e-05,0.894638,results/mhd_runner/glm_sweep/ot_runs/divergence/ot_glm_sweep_coarse_n64_mixed_eglm_ch2_sub8_cr0p3_mixed_eglm.csv
orszag_tang,mixed_eglm,64,finished,2.0,0.3,nan,1,4.42381,1.15202,0.00719091,0.00719091,0.00017977275,0.118078,0.107934,-1.01768e-05,0.662021,results/mhd_runner/glm_sweep/ot_runs/divergence/ot_glm_sweep_coarse_n64_mixed_eglm_ch2_sub1_cr0p3_mixed_eglm.csv
orszag_tang,mixed_eglm,64,finished,2.0,0.3,nan,2,4.42381,1.15202,0.00718932,0.00718932,0.000179733,0.118067,0.107934,-1.01793e-05,0.687653,results/mhd_runner/glm_sweep/ot_runs/divergence/ot_glm_sweep_coarse_n64_mixed_eglm_ch2_sub2_cr0p3_mixed_eglm.csv
orszag_tang,mixed_eglm,64,finished,2.0,0.3,nan,4,4.42381,1.15202,0.00718857,0.00718857,0.00017971425,0.118061,0.107934,-1.01805e-05,0.745466,results/mhd_runner/glm_sweep/ot_runs/divergence/ot_glm_sweep_coarse_n64_mixed_eglm_ch2_sub4_cr0p3_mixed_eglm.csv
orszag_tang,mixed_eglm,64,finished,2.0,0.5,nan,8,4.42381,1.48725,0.00701389,0.00701389,0.00017534725000000002,0.115086,0.107934,-1.02982e-05,0.841701,results/mhd_runner/glm_sweep/ot_runs/divergence/ot_glm_sweep_coarse_n64_mixed_eglm_ch2_sub8_cr0p5_mixed_eglm.csv
orszag_tang,mixed_eglm,64,finished,2.0,0.5,nan,1,4.42381,1.48725,0.00703994,0.00703994,0.0001759985,0.115454,0.107934,-1.03338e-05,0.750352,results/mhd_runner/glm_sweep/ot_runs/divergence/ot_glm_sweep_coarse_n64_mixed_eglm_ch2_sub1_cr0p5_mixed_eglm.csv
orszag_tang,mixed_eglm,64,finished,2.0,0.5,nan,2,4.42381,1.48725,0.0070384,0.0070384,0.00017596000000000002,0.115443,0.107934,-1.0336e-05,0.6714,results/mhd_runner/glm_sweep/ot_runs/divergence/ot_glm_sweep_coarse_n64_mixed_eglm_ch2_sub2_cr0p5_mixed_eglm.csv
orszag_tang,mixed_eglm,64,finished,2.0,0.5,nan,4,4.42381,1.48725,0.00703767,0.00703767,0.00017594175000000003,0.115437,0.107934,-1.03371e-05,0.674389,results/mhd_runner/glm_sweep/ot_runs/divergence/ot_glm_sweep_coarse_n64_mixed_eglm_ch2_sub4_cr0p5_mixed_eglm.csv
orszag_tang,mixed_eglm,64,finished,2.0,1.0,nan,8,4.42381,2.10329,0.00689964,0.00689964,0.000172491,0.113028,0.107934,-1.03937e-05,0.92613,results/mhd_runner/glm_sweep/ot_runs/divergence/ot_glm_sweep_coarse_n64_mixed_eglm_ch2_sub8_cr1_mixed_eglm.csv
orszag_tang,mixed_eglm,128,finished,16.0,nan,0.2,1,35.4271,0.181966,0.0134531,0.0134531,0.00033632750000000004,0.318725,0.109221,-1.04068e-05,14.8664,results/mhd_runner/glm_sweep/ot_runs/divergence/ot_glm_sweep_coarse_n128_mixed_eglm_ch16_sub1_cd0p2_mixed_eglm.csv
orszag_tang,mixed_eglm,128,finished,16.0,nan,0.2,2,35.4271,0.181966,0.0134531,0.0134531,0.00033632750000000004,0.318725,0.109221,-1.04068e-05,14.8998,results/mhd_runner/glm_sweep/ot_runs/divergence/ot_glm_sweep_coarse_n128_mixed_eglm_ch16_sub2_cd0p2_mixed_eglm.csv
orszag_tang,mixed_eglm,128,finished,16.0,nan,0.2,4,35.4271,0.181966,0.0134531,0.0134531,0.00033632750000000004,0.318725,0.109221,-1.04068e-05,15.6469,results/mhd_runner/glm_sweep/ot_runs/divergence/ot_glm_sweep_coarse_n128_mixed_eglm_ch16_sub4_cd0p2_mixed_eglm.csv
orszag_tang,mixed_eglm,128,finished,16.0,nan,0.2,8,35.4271,0.181966,0.0134531,0.0134531,0.00033632750000000004,0.318725,0.109221,-1.04068e-05,15.718,results/mhd_runner/glm_sweep/ot_runs/divergence/ot_glm_sweep_coarse_n128_mixed_eglm_ch16_sub8_cd0p2_mixed_eglm.csv
orszag_tang,mixed_eglm,64,finished,2.0,1.0,nan,1,4.42381,2.10329,0.0069229,0.0069229,0.0001730725,0.113359,0.107934,-1.04403e-05,0.70718,results/mhd_runner/glm_sweep/ot_runs/divergence/ot_glm_sweep_coarse_n64_mixed_eglm_ch2_sub1_cr1_mixed_eglm.csv
orszag_tang,mixed_eglm,64,finished,2.0,1.0,nan,2,4.42381,2.10329,0.0069214,0.0069214,0.000173035,0.113347,0.107934,-1.04422e-05,0.713246,results/mhd_runner/glm_sweep/ot_runs/divergence/ot_glm_sweep_coarse_n64_mixed_eglm_ch2_sub2_cr1_mixed_eglm.csv
orszag_tang,mixed_eglm,64,finished,2.0,1.0,nan,4,4.42381,2.10329,0.00692069,0.00692069,0.00017301725,0.113341,0.107934,-1.04432e-05,0.687139,results/mhd_runner/glm_sweep/ot_runs/divergence/ot_glm_sweep_coarse_n64_mixed_eglm_ch2_sub4_cr1_mixed_eglm.csv
orszag_tang,mixed_eglm,64,finished,8.0,nan,0.2,8,17.6953,0.119459,0.0247632,0.0247632,0.00061908,0.330762,0.109072,-1.07221e-05,1.23062,results/mhd_runner/glm_sweep/ot_runs/divergence/ot_glm_sweep_coarse_n64_mixed_eglm_ch8_sub8_cd0p2_mixed_eglm.csv
orszag_tang,mixed_eglm,64,finished,8.0,nan,0.2,2,17.6953,0.16894,0.0247309,0.0247309,0.0006182725000000001,0.330148,0.109072,-1.09262e-05,1.228,results/mhd_runner/glm_sweep/ot_runs/divergence/ot_glm_sweep_coarse_n64_mixed_eglm_ch8_sub2_cd0p2_mixed_eglm.csv
orszag_tang,mixed_eglm,64,finished,8.0,nan,0.2,1,17.6953,0.16894,0.0247309,0.0247309,0.0006182725000000001,0.330148,0.109072,-1.09262e-05,1.27767,results/mhd_runner/glm_sweep/ot_runs/divergence/ot_glm_sweep_coarse_n64_mixed_eglm_ch8_sub1_cd0p2_mixed_eglm.csv
orszag_tang,mixed_eglm,64,finished,8.0,nan,0.2,4,17.6953,0.16894,0.0247309,0.0247309,0.0006182725000000001,0.330148,0.109072,-1.09262e-05,1.30114,results/mhd_runner/glm_sweep/ot_runs/divergence/ot_glm_sweep_coarse_n64_mixed_eglm_ch8_sub4_cd0p2_mixed_eglm.csv
orszag_tang,mixed_eglm,128,finished,8.0,0.1,nan,4,17.7135,1.33092,0.00173013,0.00173013,4.3253250000000005e-05,0.0486798,0.108654,-1.23187e-05,9.61554,results/mhd_runner/glm_sweep/ot_runs/divergence/ot_glm_sweep_coarse_n128_mixed_eglm_ch8_sub4_cr0p1_mixed_eglm.csv
orszag_tang,mixed_eglm,128,finished,8.0,0.1,nan,1,17.7135,1.33092,0.00173013,0.00173013,4.3253250000000005e-05,0.0486798,0.108654,-1.23187e-05,9.66379,results/mhd_runner/glm_sweep/ot_runs/divergence/ot_glm_sweep_coarse_n128_mixed_eglm_ch8_sub1_cr0p1_mixed_eglm.csv
orszag_tang,mixed_eglm,128,finished,8.0,0.1,nan,2,17.7135,1.33092,0.00173013,0.00173013,4.3253250000000005e-05,0.0486798,0.108654,-1.23187e-05,9.69936,results/mhd_runner/glm_sweep/ot_runs/divergence/ot_glm_sweep_coarse_n128_mixed_eglm_ch8_sub2_cr0p1_mixed_eglm.csv
orszag_tang,mixed_eglm,128,finished,8.0,0.1,nan,8,17.7135,1.33092,0.00173013,0.00173013,4.3253250000000005e-05,0.0486798,0.108654,-1.23187e-05,10.5883,results/mhd_runner/glm_sweep/ot_runs/divergence/ot_glm_sweep_coarse_n128_mixed_eglm_ch8_sub8_cr0p1_mixed_eglm.csv
orszag_tang,gi_mixed_eglm,128,finished,2.0,1.0,nan,8,4.42838,2.10437,0.00194234,0.00194234,4.8558500000000006e-05,0.058622,0.107776,-1.3092e-05,7.25066,results/mhd_runner/glm_sweep/ot_runs/divergence/ot_glm_sweep_coarse_n128_gi_mixed_eglm_ch2_sub8_cr1_gi_mixed_eglm.csv
orszag_tang,gi_mixed_eglm,128,finished,2.0,1.0,nan,1,4.42838,2.10437,0.00194609,0.00194609,4.865225e-05,0.0587696,0.107776,-1.31216e-05,5.67556,results/mhd_runner/glm_sweep/ot_runs/divergence/ot_glm_sweep_coarse_n128_gi_mixed_eglm_ch2_sub1_cr1_gi_mixed_eglm.csv
orszag_tang,gi_mixed_eglm,128,finished,2.0,1.0,nan,2,4.42838,2.10437,0.00194609,0.00194609,4.865225e-05,0.0587696,0.107776,-1.31216e-05,6.28849,results/mhd_runner/glm_sweep/ot_runs/divergence/ot_glm_sweep_coarse_n128_gi_mixed_eglm_ch2_sub2_cr1_gi_mixed_eglm.csv
orszag_tang,gi_mixed_eglm,128,finished,2.0,1.0,nan,4,4.42838,2.10437,0.00194559,0.00194559,4.8639750000000005e-05,0.0587517,0.107776,-1.3123e-05,5.69887,results/mhd_runner/glm_sweep/ot_runs/divergence/ot_glm_sweep_coarse_n128_gi_mixed_eglm_ch2_sub4_cr1_gi_mixed_eglm.csv
orszag_tang,gi_mixed_eglm,128,finished,2.0,0.5,nan,8,4.42838,1.48802,0.00197881,0.00197881,4.947025e-05,0.0599792,0.107776,-1.32434e-05,8.03594,results/mhd_runner/glm_sweep/ot_runs/divergence/ot_glm_sweep_coarse_n128_gi_mixed_eglm_ch2_sub8_cr0p5_gi_mixed_eglm.csv
orszag_tang,gi_mixed_eglm,128,finished,2.0,0.5,nan,2,4.42838,1.48802,0.00198307,0.00198307,4.957675e-05,0.0601412,0.107776,-1.3273e-05,5.66746,results/mhd_runner/glm_sweep/ot_runs/divergence/ot_glm_sweep_coarse_n128_gi_mixed_eglm_ch2_sub2_cr0p5_gi_mixed_eglm.csv
orszag_tang,gi_mixed_eglm,128,finished,2.0,0.5,nan,1,4.42838,1.48802,0.00198307,0.00198307,4.957675e-05,0.0601412,0.107776,-1.3273e-05,5.68253,results/mhd_runner/glm_sweep/ot_runs/divergence/ot_glm_sweep_coarse_n128_gi_mixed_eglm_ch2_sub1_cr0p5_gi_mixed_eglm.csv
orszag_tang,gi_mixed_eglm,128,finished,2.0,0.5,nan,4,4.42838,1.48802,0.00198256,0.00198256,4.9564e-05,0.0601233,0.107776,-1.32745e-05,5.70936,results/mhd_runner/glm_sweep/ot_runs/divergence/ot_glm_sweep_coarse_n128_gi_mixed_eglm_ch2_sub4_cr0p5_gi_mixed_eglm.csv
orszag_tang,gi_mixed_eglm,128,finished,2.0,0.3,nan,8,4.42838,1.15261,0.00202601,0.00202601,5.065025e-05,0.0616867,0.107776,-1.34292e-05,8.00341,results/mhd_runner/glm_sweep/ot_runs/divergence/ot_glm_sweep_coarse_n128_gi_mixed_eglm_ch2_sub8_cr0p3_gi_mixed_eglm.csv
orszag_tang,gi_mixed_eglm,128,finished,2.0,0.3,nan,2,4.42838,1.15261,0.00203093,0.00203093,5.077325e-05,0.0618673,0.107776,-1.34587e-05,5.69772,results/mhd_runner/glm_sweep/ot_runs/divergence/ot_glm_sweep_coarse_n128_gi_mixed_eglm_ch2_sub2_cr0p3_gi_mixed_eglm.csv
orszag_tang,gi_mixed_eglm,128,finished,2.0,0.3,nan,1,4.42838,1.15261,0.00203093,0.00203093,5.077325e-05,0.0618673,0.107776,-1.34587e-05,6.26315,results/mhd_runner/glm_sweep/ot_runs/divergence/ot_glm_sweep_coarse_n128_gi_mixed_eglm_ch2_sub1_cr0p3_gi_mixed_eglm.csv
orszag_tang,gi_mixed_eglm,128,finished,2.0,0.3,nan,4,4.42838,1.15261,0.0020304,0.0020304,5.076e-05,0.0618495,0.107776,-1.34604e-05,6.30575,results/mhd_runner/glm_sweep/ot_runs/divergence/ot_glm_sweep_coarse_n128_gi_mixed_eglm_ch2_sub4_cr0p3_gi_mixed_eglm.csv
orszag_tang,gi_mixed_eglm,128,finished,2.0,0.18,nan,8,4.42838,0.89281,0.00210082,0.00210082,5.2520500000000006e-05,0.0643025,0.107776,-1.37042e-05,7.61049,results/mhd_runner/glm_sweep/ot_runs/divergence/ot_glm_sweep_coarse_n128_gi_mixed_eglm_ch2_sub8_cr0p18_gi_mixed_eglm.csv
orszag_tang,gi_mixed_eglm,128,finished,2.0,0.18,nan,2,4.42838,0.89281,0.00210682,0.00210682,5.26705e-05,0.0645128,0.107776,-1.37336e-05,5.70923,results/mhd_runner/glm_sweep/ot_runs/divergence/ot_glm_sweep_coarse_n128_gi_mixed_eglm_ch2_sub2_cr0p18_gi_mixed_eglm.csv
orszag_tang,gi_mixed_eglm,128,finished,2.0,0.18,nan,1,4.42838,0.89281,0.00210682,0.00210682,5.26705e-05,0.0645128,0.107776,-1.37336e-05,6.30628,results/mhd_runner/glm_sweep/ot_runs/divergence/ot_glm_sweep_coarse_n128_gi_mixed_eglm_ch2_sub1_cr0p18_gi_mixed_eglm.csv
orszag_tang,gi_mixed_eglm,128,finished,2.0,0.18,nan,4,4.42838,0.89281,0.00210627,0.00210627,5.2656750000000004e-05,0.0644951,0.107776,-1.37355e-05,5.69526,results/mhd_runner/glm_sweep/ot_runs/divergence/ot_glm_sweep_coarse_n128_gi_mixed_eglm_ch2_sub4_cr0p18_gi_mixed_eglm.csv
orszag_tang,gi_mixed_eglm,64,finished,1.0,0.03,nan,1,2.21191,0.257599,0.00887872,0.00887872,0.000221968,0.165341,0.10758,-1.39838e-05,0.598173,results/mhd_runner/glm_sweep/ot_runs/divergence/ot_glm_sweep_coarse_n64_gi_mixed_eglm_ch1_sub1_cr0p03_gi_mixed_eglm.csv
orszag_tang,gi_mixed_eglm,64,finished,1.0,nan,0.8,1,2.21191,0.113313,0.00929348,0.00929348,0.000232337,0.174181,0.107581,-1.39857e-05,0.646534,results/mhd_runner/glm_sweep/ot_runs/divergence/ot_glm_sweep_coarse_n64_gi_mixed_eglm_ch1_sub1_cd0p8_gi_mixed_eglm.csv
orszag_tang,gi_mixed_eglm,64,finished,1.0,nan,0.8,2,2.21191,0.0801245,0.00929674,0.00929674,0.0002324185,0.174258,0.107581,-1.3986e-05,0.578871,results/mhd_runner/glm_sweep/ot_runs/divergence/ot_glm_sweep_coarse_n64_gi_mixed_eglm_ch1_sub2_cd0p8_gi_mixed_eglm.csv
orszag_tang,gi_mixed_eglm,64,finished,1.0,0.03,nan,2,2.21191,0.257599,0.0088775,0.0088775,0.00022193750000000002,0.165309,0.10758,-1.39881e-05,0.647785,results/mhd_runner/glm_sweep/ot_runs/divergence/ot_glm_sweep_coarse_n64_gi_mixed_eglm_ch1_sub2_cr0p03_gi_mixed_eglm.csv
orszag_tang,gi_mixed_eglm,64,finished,1.0,0.03,nan,4,2.21191,0.257599,0.00880173,0.00880173,0.00022004325000000004,0.163767,0.10758,-1.39964e-05,0.683471,results/mhd_runner/glm_sweep/ot_runs/divergence/ot_glm_sweep_coarse_n64_gi_mixed_eglm_ch1_sub4_cr0p03_gi_mixed_eglm.csv
orszag_tang,gi_mixed_eglm,64,finished,1.0,0.03,nan,8,2.21191,0.257599,0.00876507,0.00876507,0.00021912675,0.163005,0.10758,-1.39967e-05,0.855357,results/mhd_runner/glm_sweep/ot_runs/divergence/ot_glm_sweep_coarse_n64_gi_mixed_eglm_ch1_sub8_cr0p03_gi_mixed_eglm.csv
orszag_tang,gi_mixed_eglm,64,finished,1.0,0.05,nan,1,2.21191,0.332559,0.00866385,0.00866385,0.00021659625000000003,0.160691,0.107579,-1.39976e-05,0.617508,results/mhd_runner/glm_sweep/ot_runs/divergence/ot_glm_sweep_coarse_n64_gi_mixed_eglm_ch1_sub1_cr0p05_gi_mixed_eglm.csv
orszag_tang,gi_mixed_eglm,64,finished,1.0,0.05,nan,2,2.21191,0.332559,0.0086626,0.0086626,0.000216565,0.160657,0.107579,-1.40018e-05,0.585147,results/mhd_runner/glm_sweep/ot_runs/divergence/ot_glm_sweep_coarse_n64_gi_mixed_eglm_ch1_sub2_cr0p05_gi_mixed_eglm.csv
orszag_tang,gi_mixed_eglm,64,finished,1.0,0.01,nan,1,2.21191,0.148725,0.00944302,0.00944302,0.0002360755,0.17731,0.107582,-1.40043e-05,0.640371,results/mhd_runner/glm_sweep/ot_runs/divergence/ot_glm_sweep_coarse_n64_gi_mixed_eglm_ch1_sub1_cr0p01_gi_mixed_eglm.csv
orszag_tang,gi_mixed_eglm,64,finished,1.0,0.01,nan,2,2.21191,0.148725,0.00944179,0.00944179,0.00023604475000000002,0.177281,0.107582,-1.40089e-05,0.628511,results/mhd_runner/glm_sweep/ot_runs/divergence/ot_glm_sweep_coarse_n64_gi_mixed_eglm_ch1_sub2_cr0p01_gi_mixed_eglm.csv
orszag_tang,gi_mixed_eglm,64,finished,1.0,0.05,nan,4,2.21191,0.332559,0.00859293,0.00859293,0.00021482325000000003,0.159166,0.107579,-1.40096e-05,0.713602,results/mhd_runner/glm_sweep/ot_runs/divergence/ot_glm_sweep_coarse_n64_gi_mixed_eglm_ch1_sub4_cr0p05_gi_mixed_eglm.csv
orszag_tang,gi_mixed_eglm,64,finished,1.0,0.05,nan,8,2.21191,0.332559,0.00855949,0.00855949,0.00021398725,0.158437,0.107579,-1.40106e-05,0.880287,results/mhd_runner/glm_sweep/ot_runs/divergence/ot_glm_sweep_coarse_n64_gi_mixed_eglm_ch1_sub8_cr0p05_gi_mixed_eglm.csv
orszag_tang,gi_mixed_eglm,64,finished,1.0,0.1,nan,1,2.21191,0.470309,0.00845529,0.00845529,0.00021138225000000003,0.156117,0.107579,-1.40222e-05,0.583607,results/mhd_runner/glm_sweep/ot_runs/divergence/ot_glm_sweep_coarse_n64_gi_mixed_eglm_ch1_sub1_cr0p1_gi_mixed_eglm.csv
orszag_tang,gi_mixed_eglm,64,finished,1.0,0.01,nan,4,2.21191,0.148725,0.00934987,0.00934987,0.00023374675,0.175613,0.107581,-1.40239e-05,0.699159,results/mhd_runner/glm_sweep/ot_runs/divergence/ot_glm_sweep_coarse_n64_gi_mixed_eglm_ch1_sub4_cr0p01_gi_mixed_eglm.csv
orszag_tang,gi_mixed_eglm,64,finished,1.0,0.01,nan,8,2.21191,0.148725,0.00930405,0.00930405,0.00023260125,0.174756,0.107581,-1.40255e-05,0.929525,results/mhd_runner/glm_sweep/ot_runs/divergence/ot_glm_sweep_coarse_n64_gi_mixed_eglm_ch1_sub8_cr0p01_gi_mixed_eglm.csv
orszag_tang,gi_mixed_eglm,64,finished,1.0,0.1,nan,2,2.21191,0.470309,0.00845401,0.00845401,0.00021135025,0.15608,0.107579,-1.40264e-05,0.619938,results/mhd_runner/glm_sweep/ot_runs/divergence/ot_glm_sweep_coarse_n64_gi_mixed_eglm_ch1_sub2_cr0p1_gi_mixed_eglm.csv
orszag_tang,gi_mixed_eglm,64,finished,1.0,0.1,nan,4,2.21191,0.470309,0.00839004,0.00839004,0.000209751,0.154635,0.107579,-1.40344e-05,0.725317,results/mhd_runner/glm_sweep/ot_runs/divergence/ot_glm_sweep_coarse_n64_gi_mixed_eglm_ch1_sub4_cr0p1_gi_mixed_eglm.csv
orszag_tang,gi_mixed_eglm,64,finished,1.0,0.1,nan,8,2.21191,0.470309,0.00835956,0.00835956,0.00020898900000000003,0.153933,0.107579,-1.40365e-05,0.892953,results/mhd_runner/glm_sweep/ot_runs/divergence/ot_glm_sweep_coarse_n64_gi_mixed_eglm_ch1_sub8_cr0p1_gi_mixed_eglm.csv
orszag_tang,gi_mixed_eglm,64,finished,1.0,nan,0.8,4,2.21191,0.0566731,0.00955244,0.00955244,0.00023881100000000001,0.179941,0.107582,-1.40383e-05,0.748617,results/mhd_runner/glm_sweep/ot_runs/divergence/ot_glm_sweep_coarse_n64_gi_mixed_eglm_ch1_sub4_cd0p8_gi_mixed_eglm.csv
orszag_tang,gi_mixed_eglm,64,finished,1.0,0.18,nan,1,2.21191,0.630986,0.00834503,0.00834503,0.00020862575,0.153668,0.107579,-1.40391e-05,0.604199,results/mhd_runner/glm_sweep/ot_runs/divergence/ot_glm_sweep_coarse_n64_gi_mixed_eglm_ch1_sub1_cr0p18_gi_mixed_eglm.csv
orszag_tang,gi_mixed_eglm,64,finished,1.0,0.18,nan,2,2.21191,0.630986,0.00834373,0.00834373,0.00020859325000000003,0.15363,0.107579,-1.40432e-05,0.635677,results/mhd_runner/glm_sweep/ot_runs/divergence/ot_glm_sweep_coarse_n64_gi_mixed_eglm_ch1_sub2_cr0p18_gi_mixed_eglm.csv
orszag_tang,gi_mixed_eglm,64,finished,1.0,nan,0.5,1,2.21191,0.0643267,0.00982563,0.00982563,0.00024564075,0.185233,0.107583,-1.40441e-05,0.605659,results/mhd_runner/glm_sweep/ot_runs/divergence/ot_glm_sweep_coarse_n64_gi_mixed_eglm_ch1_sub1_cd0p5_gi_mixed_eglm.csv
orszag_tang,gi_mixed_eglm,64,finished,1.0,nan,0.5,2,2.21191,0.0454859,0.00982909,0.00982909,0.00024572725000000003,0.185315,0.107583,-1.40449e-05,0.620808,results/mhd_runner/glm_sweep/ot_runs/divergence/ot_glm_sweep_coarse_n64_gi_mixed_eglm_ch1_sub2_cd0p5_gi_mixed_eglm.csv
orszag_tang,gi_mixed_eglm,64,finished,1.0,0.3,nan,1,2.21191,0.814599,0.00828502,0.00828502,0.00020712550000000001,0.152325,0.107579,-1.40492e-05,0.595885,results/mhd_runner/glm_sweep/ot_runs/divergence/ot_glm_sweep_coarse_n64_gi_mixed_eglm_ch1_sub1_cr0p3_gi_mixed_eglm.csv
orszag_tang,gi_mixed_eglm,64,finished,1.0,0.18,nan,4,2.21191,0.630986,0.00828266,0.00828266,0.00020706650000000003,0.152208,0.107579,-1.40516e-05,0.764894,results/mhd_runner/glm_sweep/ot_runs/divergence/ot_glm_sweep_coarse_n64_gi_mixed_eglm_ch1_sub4_cr0p18_gi_mixed_eglm.csv
orszag_tang,gi_mixed_eglm,64,finished,1.0,0.3,nan,2,2.21191,0.814599,0.00828371,0.00828371,0.00020709275000000001,0.152287,0.107579,-1.40532e-05,0.610307,results/mhd_runner/glm_sweep/ot_runs/divergence/ot_glm_sweep_coarse_n64_gi_mixed_eglm_ch1_sub2_cr0p3_gi_mixed_eglm.csv
orszag_tang,gi_mixed_eglm,64,finished,1.0,0.18,nan,8,2.21191,0.630986,0.00825368,0.00825368,0.00020634199999999998,0.151519,0.107579,-1.40544e-05,0.907672,results/mhd_runner/glm_sweep/ot_runs/divergence/ot_glm_sweep_coarse_n64_gi_mixed_eglm_ch1_sub8_cr0p18_gi_mixed_eglm.csv
orszag_tang,gi_mixed_eglm,64,finished,1.0,0.5,nan,1,2.21191,1.05164,0.0082473,0.0082473,0.00020618250000000002,0.151478,0.107579,-1.40559e-05,0.656982,results/mhd_runner/glm_sweep/ot_runs/divergence/ot_glm_sweep_coarse_n64_gi_mixed_eglm_ch1_sub1_cr0p5_gi_mixed_eglm.csv
orszag_tang,gi_mixed_eglm,64,finished,1.0,0.5,nan,2,2.21191,1.05164,0.00824598,0.00824598,0.00020614950000000002,0.151438,0.107579,-1.40599e-05,0.605064,results/mhd_runner/glm_sweep/ot_runs/divergence/ot_glm_sweep_coarse_n64_gi_mixed_eglm_ch1_sub2_cr0p5_gi_mixed_eglm.csv
orszag_tang,gi_mixed_eglm,64,finished,1.0,1.0,nan,1,2.21191,1.48725,0.00821812,0.00821812,0.00020545300000000003,0.150819,0.107579,-1.40612e-05,0.660837,results/mhd_runner/glm_sweep/ot_runs/divergence/ot_glm_sweep_coarse_n64_gi_mixed_eglm_ch1_sub1_cr1_gi_mixed_eglm.csv
orszag_tang,gi_mixed_eglm,64,finished,1.0,0.3,nan,4,2.21191,0.814599,0.00822419,0.00822419,0.00020560475,0.150876,0.107579,-1.40619e-05,0.767767,results/mhd_runner/glm_sweep/ot_runs/divergence/ot_glm_sweep_coarse_n64_gi_mixed_eglm_ch1_sub4_cr0p3_gi_mixed_eglm.csv
orszag_tang,gi_mixed_eglm,64,finished,1.0,0.3,nan,8,2.21191,0.814599,0.00819601,0.00819601,0.00020490025000000002,0.150195,0.107578,-1.40651e-05,0.858438,results/mhd_runner/glm_sweep/ot_runs/divergence/ot_glm_sweep_coarse_n64_gi_mixed_eglm_ch1_sub8_cr0p3_gi_mixed_eglm.csv
orszag_tang,gi_mixed_eglm,64,finished,1.0,1.0,nan,2,2.21191,1.48725,0.00821679,0.00821679,0.00020541975000000002,0.15078,0.107579,-1.40652e-05,0.63483,results/mhd_runner/glm_sweep/ot_runs/divergence/ot_glm_sweep_coarse_n64_gi_mixed_eglm_ch1_sub2_cr1_gi_mixed_eglm.csv
orszag_tang,gi_mixed_eglm,64,finished,1.0,0.5,nan,4,2.21191,1.05164,0.00818743,0.00818743,0.00020468575000000003,0.150035,0.107578,-1.40687e-05,0.700013,results/mhd_runner/glm_sweep/ot_runs/divergence/ot_glm_sweep_coarse_n64_gi_mixed_eglm_ch1_sub4_cr0p5_gi_mixed_eglm.csv
orszag_tang,gi_mixed_eglm,64,finished,1.0,0.5,nan,8,2.21191,1.05164,0.00815974,0.00815974,0.00020399350000000003,0.149357,0.107578,-1.40722e-05,0.941063,results/mhd_runner/glm_sweep/ot_runs/divergence/ot_glm_sweep_coarse_n64_gi_mixed_eglm_ch1_sub8_cr0p5_gi_mixed_eglm.csv
orszag_tang,gi_mixed_eglm,64,finished,1.0,nan,0.2,1,2.21191,0.0422249,0.0100572,0.0100572,0.00025143,0.189922,0.107585,-1.40731e-05,0.60619,results/mhd_runner/glm_sweep/ot_runs/divergence/ot_glm_sweep_coarse_n64_gi_mixed_eglm_ch1_sub1_cd0p2_gi_mixed_eglm.csv
orszag_tang,gi_mixed_eglm,64,finished,1.0,1.0,nan,4,2.21191,1.48725,0.00815898,0.00815898,0.0002039745,0.149381,0.107578,-1.40741e-05,0.700267,results/mhd_runner/glm_sweep/ot_runs/divergence/ot_glm_sweep_coarse_n64_gi_mixed_eglm_ch1_sub4_cr1_gi_mixed_eglm.csv
orszag_tang,gi_mixed_eglm,64,finished,1.0,nan,0.2,2,2.21191,0.0298575,0.0100585,0.0100585,0.0002514625,0.189954,0.107585,-1.40759e-05,0.631746,results/mhd_runner/glm_sweep/ot_runs/divergence/ot_glm_sweep_coarse_n64_gi_mixed_eglm_ch1_sub2_cd0p2_gi_mixed_eglm.csv
orszag_tang,gi_mixed_eglm,64,finished,1.0,1.0,nan,8,2.21191,1.48725,0.00813167,0.00813167,0.00020329175000000001,0.148708,0.107578,-1.40779e-05,0.94625,results/mhd_runner/glm_sweep/ot_runs/divergence/ot_glm_sweep_coarse_n64_gi_mixed_eglm_ch1_sub8_cr1_gi_mixed_eglm.csv
orszag_tang,gi_mixed_eglm,64,finished,1.0,nan,0.1,1,2.21191,0.0353038,0.0101085,0.0101085,0.0002527125,0.190947,0.107585,-1.40789e-05,0.620942,results/mhd_runner/glm_sweep/ot_runs/divergence/ot_glm_sweep_coarse_n64_gi_mixed_eglm_ch1_sub1_cd0p1_gi_mixed_eglm.csv
orszag_tang,gi_mixed_eglm,64,finished,1.0,nan,0.05,1,2.21191,0.0309519,0.010131,0.010131,0.000253275,0.191397,0.107585,-1.40813e-05,0.609388,results/mhd_runner/glm_sweep/ot_runs/divergence/ot_glm_sweep_coarse_n64_gi_mixed_eglm_ch1_sub1_cd0p05_gi_mixed_eglm.csv
orszag_tang,gi_mixed_eglm,64,finished,1.0,nan,0.03,1,2.21191,0.028609,0.0101395,0.0101395,0.0002534875,0.191567,0.107585,-1.40822e-05,0.620841,results/mhd_runner/glm_sweep/ot_runs/divergence/ot_glm_sweep_coarse_n64_gi_mixed_eglm_ch1_sub1_cd0p03_gi_mixed_eglm.csv
orszag_tang,gi_mixed_eglm,64,finished,1.0,nan,0.1,2,2.21191,0.0249635,0.0101088,0.0101088,0.00025272,0.190958,0.107585,-1.40824e-05,0.622992,results/mhd_runner/glm_sweep/ot_runs/divergence/ot_glm_sweep_coarse_n64_gi_mixed_eglm_ch1_sub2_cd0p1_gi_mixed_eglm.csv
orszag_tang,gi_mixed_eglm,64,finished,1.0,nan,0.01,1,2.21191,0.0249645,0.0101478,0.0101478,0.000253695,0.191731,0.107586,-1.40831e-05,0.610169,results/mhd_runner/glm_sweep/ot_runs/divergence/ot_glm_sweep_coarse_n64_gi_mixed_eglm_ch1_sub1_cd0p01_gi_mixed_eglm.csv
orszag_tang,gi_mixed_eglm,64,finished,1.0,nan,0.05,2,2.21191,0.0218863,0.0101308,0.0101308,0.00025327000000000005,0.191396,0.107585,-1.40853e-05,0.638384,results/mhd_runner/glm_sweep/ot_runs/divergence/ot_glm_sweep_coarse_n64_gi_mixed_eglm_ch1_sub2_cd0p05_gi_mixed_eglm.csv
orszag_tang,gi_mixed_eglm,64,finished,1.0,nan,0.03,2,2.21191,0.0202296,0.0101392,0.0101392,0.00025348,0.191562,0.107585,-1.40863e-05,0.599094,results/mhd_runner/glm_sweep/ot_runs/divergence/ot_glm_sweep_coarse_n64_gi_mixed_eglm_ch1_sub2_cd0p03_gi_mixed_eglm.csv
orszag_tang,gi_mixed_eglm,64,finished,1.0,nan,0.01,2,2.21191,0.0176526,0.0101472,0.0101472,0.00025368,0.191721,0.107586,-1.40874e-05,0.594384,results/mhd_runner/glm_sweep/ot_runs/divergence/ot_glm_sweep_coarse_n64_gi_mixed_eglm_ch1_sub2_cd0p01_gi_mixed_eglm.csv
orszag_tang,gi_mixed_eglm,64,finished,1.0,nan,0.8,8,2.21191,0.0400831,0.00976936,0.00976936,0.000244234,0.18468,0.107583,-1.40888e-05,0.921778,results/mhd_runner/glm_sweep/ot_runs/divergence/ot_glm_sweep_coarse_n64_gi_mixed_eglm_ch1_sub8_cd0p8_gi_mixed_eglm.csv
orszag_tang,gi_mixed_eglm,64,finished,1.0,nan,0.5,4,2.21191,0.0321679,0.00994133,0.00994133,0.00024853325000000003,0.18804,0.107584,-1.41046e-05,0.702198,results/mhd_runner/glm_sweep/ot_runs/divergence/ot_glm_sweep_coarse_n64_gi_mixed_eglm_ch1_sub4_cd0p5_gi_mixed_eglm.csv
orszag_tang,gi_mixed_eglm,64,finished,1.0,nan,0.2,4,2.21191,0.0211134,0.0100765,0.0100765,0.00025191250000000003,0.190795,0.107585,-1.41286e-05,0.746406,results/mhd_runner/glm_sweep/ot_runs/divergence/ot_glm_sweep_coarse_n64_gi_mixed_eglm_ch1_sub4_cd0p2_gi_mixed_eglm.csv
orszag_tang,gi_mixed_eglm,64,finished,1.0,nan,0.1,4,2.21191,0.0176522,0.0101039,0.0101039,0.00025259750000000003,0.191349,0.107585,-1.41334e-05,0.724592,results/mhd_runner/glm_sweep/ot_runs/divergence/ot_glm_sweep_coarse_n64_gi_mixed_eglm_ch1_sub4_cd0p1_gi_mixed_eglm.csv
orszag_tang,gi_mixed_eglm,64,finished,1.0,nan,0.05,4,2.21191,0.0154761,0.0101157,0.0101157,0.0002528925,0.191587,0.107585,-1.41355e-05,0.729809,results/mhd_runner/glm_sweep/ot_runs/divergence/ot_glm_sweep_coarse_n64_gi_mixed_eglm_ch1_sub4_cd0p05_gi_mixed_eglm.csv
orszag_tang,gi_mixed_eglm,64,finished,1.0,nan,0.03,4,2.21191,0.0143045,0.0101201,0.0101201,0.0002530025,0.191676,0.107585,-1.41362e-05,0.689526,results/mhd_runner/glm_sweep/ot_runs/divergence/ot_glm_sweep_coarse_n64_gi_mixed_eglm_ch1_sub4_cd0p03_gi_mixed_eglm.csv
orszag_tang,gi_mixed_eglm,64,finished,1.0,nan,0.01,4,2.21191,0.0124822,0.0101243,0.0101243,0.0002531075,0.191761,0.107585,-1.4137e-05,0.688683,results/mhd_runner/glm_sweep/ot_runs/divergence/ot_glm_sweep_coarse_n64_gi_mixed_eglm_ch1_sub4_cd0p01_gi_mixed_eglm.csv
orszag_tang,gi_mixed_eglm,64,finished,1.0,nan,0.5,8,2.21191,0.0227481,0.0100147,0.0100147,0.0002503675,0.189767,0.107585,-1.41375e-05,0.961428,results/mhd_runner/glm_sweep/ot_runs/divergence/ot_glm_sweep_coarse_n64_gi_mixed_eglm_ch1_sub8_cd0p5_gi_mixed_eglm.csv
orszag_tang,gi_mixed_eglm,64,finished,1.0,nan,0.2,8,2.21191,0.0149297,0.0100883,0.0100883,0.0002522075,0.191271,0.107585,-1.41523e-05,0.910967,results/mhd_runner/glm_sweep/ot_runs/divergence/ot_glm_sweep_coarse_n64_gi_mixed_eglm_ch1_sub8_cd0p2_gi_mixed_eglm.csv
orszag_tang,gi_mixed_eglm,64,finished,1.0,nan,0.1,8,2.21191,0.0124821,0.0101026,0.0101026,0.000252565,0.191562,0.107585,-1.41551e-05,0.979435,results/mhd_runner/glm_sweep/ot_runs/divergence/ot_glm_sweep_coarse_n64_gi_mixed_eglm_ch1_sub8_cd0p1_gi_mixed_eglm.csv
orszag_tang,gi_mixed_eglm,128,finished,2.0,0.1,nan,8,4.42838,0.665461,0.00223605,0.00223605,5.5901249999999996e-05,0.0688256,0.107776,-1.41553e-05,7.57777,results/mhd_runner/glm_sweep/ot_runs/divergence/ot_glm_sweep_coarse_n128_gi_mixed_eglm_ch2_sub8_cr0p1_gi_mixed_eglm.csv
orszag_tang,gi_mixed_eglm,64,finished,1.0,nan,0.05,8,2.21191,0.0109433,0.0101087,0.0101087,0.0002527175,0.191686,0.107585,-1.41563e-05,0.891663,results/mhd_runner/glm_sweep/ot_runs/divergence/ot_glm_sweep_coarse_n64_gi_mixed_eglm_ch1_sub8_cd0p05_gi_mixed_eglm.csv
orszag_tang,gi_mixed_eglm,64,finished,1.0,nan,0.03,8,2.21191,0.0101148,0.010111,0.010111,0.000252775,0.191732,0.107585,-1.41567e-05,0.889114,results/mhd_runner/glm_sweep/ot_runs/divergence/ot_glm_sweep_coarse_n64_gi_mixed_eglm_ch1_sub8_cd0p03_gi_mixed_eglm.csv
orszag_tang,gi_mixed_eglm,64,finished,1.0,nan,0.01,8,2.21191,0.00882627,0.0101132,0.0101132,0.00025283,0.191776,0.107585,-1.41572e-05,0.875043,results/mhd_runner/glm_sweep/ot_runs/divergence/ot_glm_sweep_coarse_n64_gi_mixed_eglm_ch1_sub8_cd0p01_gi_mixed_eglm.csv
orszag_tang,gi_mixed_eglm,128,finished,2.0,0.1,nan,1,4.42838,0.665461,0.00224409,0.00224409,5.6102249999999996e-05,0.0690915,0.107776,-1.41842e-05,5.67631,results/mhd_runner/glm_sweep/ot_runs/divergence/ot_glm_sweep_coarse_n128_gi_mixed_eglm_ch2_sub1_cr0p1_gi_mixed_eglm.csv
orszag_tang,gi_mixed_eglm,128,finished,2.0,0.1,nan,2,4.42838,0.665461,0.00224409,0.00224409,5.6102249999999996e-05,0.0690915,0.107776,-1.41842e-05,5.70197,results/mhd_runner/glm_sweep/ot_runs/divergence/ot_glm_sweep_coarse_n128_gi_mixed_eglm_ch2_sub2_cr0p1_gi_mixed_eglm.csv
orszag_tang,gi_mixed_eglm,128,finished,2.0,0.1,nan,4,4.42838,0.665461,0.00224351,0.00224351,5.6087750000000005e-05,0.0690739,0.107776,-1.41866e-05,6.32894,results/mhd_runner/glm_sweep/ot_runs/divergence/ot_glm_sweep_coarse_n128_gi_mixed_eglm_ch2_sub4_cr0p1_gi_mixed_eglm.csv
orszag_tang,gi_mixed_eglm,128,finished,2.0,0.05,nan,8,4.42838,0.470552,0.00248065,0.00248065,6.201625e-05,0.0765994,0.107776,-1.48674e-05,7.18488,results/mhd_runner/glm_sweep/ot_runs/divergence/ot_glm_sweep_coarse_n128_gi_mixed_eglm_ch2_sub8_cr0p05_gi_mixed_eglm.csv
orszag_tang,gi_mixed_eglm,128,finished,2.0,0.05,nan,1,4.42838,0.470552,0.00249274,0.00249274,6.23185e-05,0.0769751,0.107776,-1.48953e-05,5.70679,results/mhd_runner/glm_sweep/ot_runs/divergence/ot_glm_sweep_coarse_n128_gi_mixed_eglm_ch2_sub1_cr0p05_gi_mixed_eglm.csv
orszag_tang,gi_mixed_eglm,128,finished,2.0,0.05,nan,2,4.42838,0.470552,0.00249274,0.00249274,6.23185e-05,0.0769751,0.107776,-1.48953e-05,6.00974,results/mhd_runner/glm_sweep/ot_runs/divergence/ot_glm_sweep_coarse_n128_gi_mixed_eglm_ch2_sub2_cr0p05_gi_mixed_eglm.csv
orszag_tang,gi_mixed_eglm,128,finished,2.0,0.05,nan,4,4.42838,0.470552,0.0024921,0.0024921,6.230250000000001e-05,0.0769573,0.107776,-1.48982e-05,5.72455,results/mhd_runner/glm_sweep/ot_runs/divergence/ot_glm_sweep_coarse_n128_gi_mixed_eglm_ch2_sub4_cr0p05_gi_mixed_eglm.csv
orszag_tang,gi_mixed_eglm,128,finished,2.0,0.03,nan,8,4.42838,0.364488,0.00271787,0.00271787,6.794675e-05,0.0838715,0.107776,-1.54687e-05,7.24784,results/mhd_runner/glm_sweep/ot_runs/divergence/ot_glm_sweep_coarse_n128_gi_mixed_eglm_ch2_sub8_cr0p03_gi_mixed_eglm.csv
orszag_tang,gi_mixed_eglm,128,finished,2.0,0.03,nan,1,4.42838,0.364488,0.00273448,0.00273448,6.836200000000001e-05,0.0843692,0.107776,-1.54949e-05,5.68404,results/mhd_runner/glm_sweep/ot_runs/divergence/ot_glm_sweep_coarse_n128_gi_mixed_eglm_ch2_sub1_cr0p03_gi_mixed_eglm.csv
orszag_tang,gi_mixed_eglm,128,finished,2.0,0.03,nan,2,4.42838,0.364488,0.00273448,0.00273448,6.836200000000001e-05,0.0843692,0.107776,-1.54949e-05,5.99717,results/mhd_runner/glm_sweep/ot_runs/divergence/ot_glm_sweep_coarse_n128_gi_mixed_eglm_ch2_sub2_cr0p03_gi_mixed_eglm.csv
orszag_tang,gi_mixed_eglm,128,finished,2.0,0.03,nan,4,4.42838,0.364488,0.00273379,0.00273379,6.834474999999999e-05,0.0843511,0.107776,-1.54982e-05,5.9669,results/mhd_runner/glm_sweep/ot_runs/divergence/ot_glm_sweep_coarse_n128_gi_mixed_eglm_ch2_sub4_cr0p03_gi_mixed_eglm.csv
orszag_tang,gi_mixed_eglm,128,finished,4.0,0.18,nan,4,8.85677,1.26262,0.00172242,0.00172242,4.30605e-05,0.0496482,0.108095,-1.61913e-05,7.14289,results/mhd_runner/glm_sweep/ot_runs/divergence/ot_glm_sweep_coarse_n128_gi_mixed_eglm_ch4_sub4_cr0p18_gi_mixed_eglm.csv
orszag_tang,gi_mixed_eglm,128,finished,4.0,0.18,nan,2,8.85677,1.26262,0.00172242,0.00172242,4.30605e-05,0.0496482,0.108095,-1.61913e-05,7.18651,results/mhd_runner/glm_sweep/ot_runs/divergence/ot_glm_sweep_coarse_n128_gi_mixed_eglm_ch4_sub2_cr0p18_gi_mixed_eglm.csv
orszag_tang,gi_mixed_eglm,128,finished,4.0,0.18,nan,1,8.85677,1.26262,0.00172242,0.00172242,4.30605e-05,0.0496482,0.108095,-1.61913e-05,7.55003,results/mhd_runner/glm_sweep/ot_runs/divergence/ot_glm_sweep_coarse_n128_gi_mixed_eglm_ch4_sub1_cr0p18_gi_mixed_eglm.csv
orszag_tang,gi_mixed_eglm,128,finished,4.0,0.18,nan,8,8.85677,1.26262,0.00172213,0.00172213,4.3053250000000007e-05,0.0496364,0.108095,-1.61917e-05,8.08679,results/mhd_runner/glm_sweep/ot_runs/divergence/ot_glm_sweep_coarse_n128_gi_mixed_eglm_ch4_sub8_cr0p18_gi_mixed_eglm.csv
orszag_tang,gi_mixed_eglm,128,finished,2.0,0.01,nan,8,4.42838,0.210437,0.00330242,0.00330242,8.25605e-05,0.101309,0.107777,-1.66496e-05,7.23105,results/mhd_runner/glm_sweep/ot_runs/divergence/ot_glm_sweep_coarse_n128_gi_mixed_eglm_ch2_sub8_cr0p01_gi_mixed_eglm.csv
orszag_tang,gi_mixed_eglm,128,finished,2.0,0.01,nan,1,4.42838,0.210437,0.00333338,0.00333338,8.33345e-05,0.10219,0.107777,-1.66686e-05,6.30916,results/mhd_runner/glm_sweep/ot_runs/divergence/ot_glm_sweep_coarse_n128_gi_mixed_eglm_ch2_sub1_cr0p01_gi_mixed_eglm.csv
orszag_tang,gi_mixed_eglm,128,finished,2.0,0.01,nan,2,4.42838,0.210437,0.00333338,0.00333338,8.33345e-05,0.10219,0.107777,-1.66686e-05,6.32425,results/mhd_runner/glm_sweep/ot_runs/divergence/ot_glm_sweep_coarse_n128_gi_mixed_eglm_ch2_sub2_cr0p01_gi_mixed_eglm.csv
orszag_tang,gi_mixed_eglm,128,finished,2.0,0.01,nan,4,4.42838,0.210437,0.00333247,0.00333247,8.331175000000001e-05,0.102167,0.107777,-1.66729e-05,5.96647,results/mhd_runner/glm_sweep/ot_runs/divergence/ot_glm_sweep_coarse_n128_gi_mixed_eglm_ch2_sub4_cr0p01_gi_mixed_eglm.csv
orszag_tang,mixed_eglm,64,finished,4.0,0.01,nan,1,8.84763,0.29745,0.0141098,0.0141098,0.000352745,0.20604,0.108427,-1.68909e-05,0.919326,results/mhd_runner/glm_sweep/ot_runs/divergence/ot_glm_sweep_coarse_n64_mixed_eglm_ch4_sub1_cr0p01_mixed_eglm.csv
orszag_tang,mixed_eglm,64,finished,4.0,0.01,nan,2,8.84763,0.29745,0.0141098,0.0141098,0.000352745,0.20604,0.108427,-1.68909e-05,0.929955,results/mhd_runner/glm_sweep/ot_runs/divergence/ot_glm_sweep_coarse_n64_mixed_eglm_ch4_sub2_cr0p01_mixed_eglm.csv
orszag_tang,mixed_eglm,64,finished,4.0,0.01,nan,4,8.84763,0.29745,0.0141044,0.0141044,0.00035261,0.205919,0.108427,-1.69058e-05,0.881451,results/mhd_runner/glm_sweep/ot_runs/divergence/ot_glm_sweep_coarse_n64_mixed_eglm_ch4_sub4_cr0p01_mixed_eglm.csv
orszag_tang,mixed_eglm,64,finished,4.0,0.01,nan,8,8.84763,0.29745,0.0141009,0.0141009,0.00035252250000000003,0.205842,0.108427,-1.69159e-05,0.951148,results/mhd_runner/glm_sweep/ot_runs/divergence/ot_glm_sweep_coarse_n64_mixed_eglm_ch4_sub8_cr0p01_mixed_eglm.csv
orszag_tang,gi_mixed_eglm,128,finished,2.0,nan,0.8,4,4.42838,0.122305,0.00355146,0.00355146,8.878650000000001e-05,0.10859,0.107777,-1.69668e-05,5.69897,results/mhd_runner/glm_sweep/ot_runs/divergence/ot_glm_sweep_coarse_n128_gi_mixed_eglm_ch2_sub4_cd0p8_gi_mixed_eglm.csv
orszag_tang,gi_mixed_eglm,128,finished,2.0,nan,0.8,1,4.42838,0.172965,0.00354573,0.00354573,8.864325e-05,0.108406,0.107777,-1.69688e-05,5.71195,results/mhd_runner/glm_sweep/ot_runs/divergence/ot_glm_sweep_coarse_n128_gi_mixed_eglm_ch2_sub1_cd0p8_gi_mixed_eglm.csv
orszag_tang,gi_mixed_eglm,128,finished,2.0,nan,0.8,2,4.42838,0.172965,0.00354573,0.00354573,8.864325e-05,0.108406,0.107777,-1.69688e-05,5.7337,results/mhd_runner/glm_sweep/ot_runs/divergence/ot_glm_sweep_coarse_n128_gi_mixed_eglm_ch2_sub2_cd0p8_gi_mixed_eglm.csv
orszag_tang,gi_mixed_eglm,128,finished,2.0,nan,0.8,8,4.42838,0.0864978,0.00380212,0.00380212,9.5053e-05,0.116524,0.107777,-1.73168e-05,8.03455,results/mhd_runner/glm_sweep/ot_runs/divergence/ot_glm_sweep_coarse_n128_gi_mixed_eglm_ch2_sub8_cd0p8_gi_mixed_eglm.csv
orszag_tang,gi_mixed_eglm,128,finished,2.0,nan,0.5,2,4.42838,0.0981673,0.00397624,0.00397624,9.9406e-05,0.124485,0.107777,-1.74692e-05,5.69098,results/mhd_runner/glm_sweep/ot_runs/divergence/ot_glm_sweep_coarse_n128_gi_mixed_eglm_ch2_sub2_cd0p5_gi_mixed_eglm.csv
orszag_tang,gi_mixed_eglm,128,finished,2.0,nan,0.5,1,4.42838,0.0981673,0.00397624,0.00397624,9.9406e-05,0.124485,0.107777,-1.74692e-05,6.34383,results/mhd_runner/glm_sweep/ot_runs/divergence/ot_glm_sweep_coarse_n128_gi_mixed_eglm_ch2_sub1_cd0p5_gi_mixed_eglm.csv
orszag_tang,gi_mixed_eglm,128,finished,2.0,nan,0.5,4,4.42838,0.0694148,0.00398051,0.00398051,9.951274999999999e-05,0.124742,0.107777,-1.74693e-05,6.35685,results/mhd_runner/glm_sweep/ot_runs/divergence/ot_glm_sweep_coarse_n128_gi_mixed_eglm_ch2_sub4_cd0p5_gi_mixed_eglm.csv
orszag_tang,gi_mixed_eglm,128,finished,2.0,nan,0.5,8,4.42838,0.0490867,0.00407479,0.00407479,0.00010186975000000001,0.129187,0.107778,-1.75979e-05,8.02298,results/mhd_runner/glm_sweep/ot_runs/divergence/ot_glm_sweep_coarse_n128_gi_mixed_eglm_ch2_sub8_cd0p5_gi_mixed_eglm.csv
orszag_tang,gi_mixed_eglm,128,finished,2.0,nan,0.2,2,4.42838,0.06443,0.00413366,0.00413366,0.0001033415,0.131933,0.107778,-1.7607e-05,5.67112,results/mhd_runner/glm_sweep/ot_runs/divergence/ot_glm_sweep_coarse_n128_gi_mixed_eglm_ch2_sub2_cd0p2_gi_mixed_eglm.csv
orszag_tang,gi_mixed_eglm,128,finished,2.0,nan,0.2,1,4.42838,0.06443,0.00413366,0.00413366,0.0001033415,0.131933,0.107778,-1.7607e-05,5.71709,results/mhd_runner/glm_sweep/ot_runs/divergence/ot_glm_sweep_coarse_n128_gi_mixed_eglm_ch2_sub1_cd0p2_gi_mixed_eglm.csv
orszag_tang,gi_mixed_eglm,128,finished,2.0,nan,0.2,4,4.42838,0.0455589,0.00413501,0.00413501,0.00010337525,0.132024,0.107778,-1.76098e-05,6.31621,results/mhd_runner/glm_sweep/ot_runs/divergence/ot_glm_sweep_coarse_n128_gi_mixed_eglm_ch2_sub4_cd0p2_gi_mixed_eglm.csv
orszag_tang,gi_mixed_eglm,128,finished,2.0,nan,0.1,1,4.42838,0.0538675,0.00416636,0.00416636,0.000104159,0.133503,0.107778,-1.76327e-05,5.70423,results/mhd_runner/glm_sweep/ot_runs/divergence/ot_glm_sweep_coarse_n128_gi_mixed_eglm_ch2_sub1_cd0p1_gi_mixed_eglm.csv
orszag_tang,gi_mixed_eglm,128,finished,2.0,nan,0.1,2,4.42838,0.0538675,0.00416636,0.00416636,0.000104159,0.133503,0.107778,-1.76327e-05,5.99688,results/mhd_runner/glm_sweep/ot_runs/divergence/ot_glm_sweep_coarse_n128_gi_mixed_eglm_ch2_sub2_cd0p1_gi_mixed_eglm.csv
orszag_tang,gi_mixed_eglm,128,finished,2.0,nan,0.1,4,4.42838,0.0380901,0.00416681,0.00416681,0.00010417025,0.133543,0.107778,-1.76364e-05,5.69489,results/mhd_runner/glm_sweep/ot_runs/divergence/ot_glm_sweep_coarse_n128_gi_mixed_eglm_ch2_sub4_cd0p1_gi_mixed_eglm.csv
orszag_tang,gi_mixed_eglm,128,finished,2.0,nan,0.05,1,4.42838,0.0472267,0.00418051,0.00418051,0.00010451275,0.134186,0.107778,-1.76436e-05,5.68603,results/mhd_runner/glm_sweep/ot_runs/divergence/ot_glm_sweep_coarse_n128_gi_mixed_eglm_ch2_sub1_cd0p05_gi_mixed_eglm.csv
orszag_tang,gi_mixed_eglm,128,finished,2.0,nan,0.05,2,4.42838,0.0472267,0.00418051,0.00418051,0.00010451275,0.134186,0.107778,-1.76436e-05,5.96595,results/mhd_runner/glm_sweep/ot_runs/divergence/ot_glm_sweep_coarse_n128_gi_mixed_eglm_ch2_sub2_cd0p05_gi_mixed_eglm.csv
orszag_tang,gi_mixed_eglm,128,finished,2.0,nan,0.03,1,4.42838,0.0436516,0.00418583,0.00418583,0.00010464575,0.134442,0.107778,-1.76476e-05,5.95935,results/mhd_runner/glm_sweep/ot_runs/divergence/ot_glm_sweep_coarse_n128_gi_mixed_eglm_ch2_sub1_cd0p03_gi_mixed_eglm.csv
orszag_tang,gi_mixed_eglm,128,finished,2.0,nan,0.03,2,4.42838,0.0436516,0.00418583,0.00418583,0.00010464575,0.134442,0.107778,-1.76476e-05,5.97522,results/mhd_runner/glm_sweep/ot_runs/divergence/ot_glm_sweep_coarse_n128_gi_mixed_eglm_ch2_sub2_cd0p03_gi_mixed_eglm.csv
orszag_tang,gi_mixed_eglm,128,finished,2.0,nan,0.05,4,4.42838,0.0333943,0.00418054,0.00418054,0.0001045135,0.134201,0.107778,-1.76476e-05,5.99622,results/mhd_runner/glm_sweep/ot_runs/divergence/ot_glm_sweep_coarse_n128_gi_mixed_eglm_ch2_sub4_cd0p05_gi_mixed_eglm.csv
orszag_tang,gi_mixed_eglm,128,finished,2.0,nan,0.01,1,4.42838,0.0380908,0.00419096,0.00419096,0.000104774,0.13469,0.107778,-1.76515e-05,5.9661,results/mhd_runner/glm_sweep/ot_runs/divergence/ot_glm_sweep_coarse_n128_gi_mixed_eglm_ch2_sub1_cd0p01_gi_mixed_eglm.csv
orszag_tang,gi_mixed_eglm,128,finished,2.0,nan,0.01,2,4.42838,0.0380908,0.00419096,0.00419096,0.000104774,0.13469,0.107778,-1.76515e-05,6.12266,results/mhd_runner/glm_sweep/ot_runs/divergence/ot_glm_sweep_coarse_n128_gi_mixed_eglm_ch2_sub2_cd0p01_gi_mixed_eglm.csv
orszag_tang,gi_mixed_eglm,128,finished,2.0,nan,0.03,4,4.42838,0.0308664,0.00418568,0.00418568,0.000104642,0.134448,0.107778,-1.76518e-05,5.99117,results/mhd_runner/glm_sweep/ot_runs/divergence/ot_glm_sweep_coarse_n128_gi_mixed_eglm_ch2_sub4_cd0p03_gi_mixed_eglm.csv
orszag_tang,gi_mixed_eglm,128,finished,2.0,nan,0.01,4,4.42838,0.0269342,0.00419065,0.00419065,0.00010476625,0.134687,0.107778,-1.76558e-05,5.71347,results/mhd_runner/glm_sweep/ot_runs/divergence/ot_glm_sweep_coarse_n128_gi_mixed_eglm_ch2_sub4_cd0p01_gi_mixed_eglm.csv
orszag_tang,gi_mixed_eglm,128,finished,2.0,nan,0.2,8,4.42838,0.0322155,0.00415883,0.00415883,0.00010397075,0.133192,0.107778,-1.76719e-05,7.62139,results/mhd_runner/glm_sweep/ot_runs/divergence/ot_glm_sweep_coarse_n128_gi_mixed_eglm_ch2_sub8_cd0p2_gi_mixed_eglm.csv
orszag_tang,gi_mixed_eglm,128,finished,2.0,nan,0.1,8,4.42838,0.0269339,0.00417529,0.00417529,0.00010438225000000001,0.133982,0.107778,-1.76857e-05,7.64712,results/mhd_runner/glm_sweep/ot_runs/divergence/ot_glm_sweep_coarse_n128_gi_mixed_eglm_ch2_sub8_cd0p1_gi_mixed_eglm.csv
orszag_tang,gi_mixed_eglm,128,finished,2.0,nan,0.05,8,4.42838,0.0236133,0.00418231,0.00418231,0.00010455775000000001,0.13432,0.107778,-1.76916e-05,7.25473,results/mhd_runner/glm_sweep/ot_runs/divergence/ot_glm_sweep_coarse_n128_gi_mixed_eglm_ch2_sub8_cd0p05_gi_mixed_eglm.csv
orszag_tang,gi_mixed_eglm,128,finished,2.0,nan,0.03,8,4.42838,0.0218258,0.00418493,0.00418493,0.00010462325000000001,0.134446,0.107778,-1.76937e-05,7.27116,results/mhd_runner/glm_sweep/ot_runs/divergence/ot_glm_sweep_coarse_n128_gi_mixed_eglm_ch2_sub8_cd0p03_gi_mixed_eglm.csv
orszag_tang,gi_mixed_eglm,128,finished,2.0,nan,0.01,8,4.42838,0.0190453,0.00418746,0.00418746,0.0001046865,0.134568,0.107778,-1.76958e-05,7.30067,results/mhd_runner/glm_sweep/ot_runs/divergence/ot_glm_sweep_coarse_n128_gi_mixed_eglm_ch2_sub8_cd0p01_gi_mixed_eglm.csv
orszag_tang,mixed_eglm,128,finished,8.0,0.05,nan,4,17.7135,0.941104,0.00230734,0.00230734,5.7683500000000004e-05,0.0636826,0.108643,-1.82045e-05,9.64176,results/mhd_runner/glm_sweep/ot_runs/divergence/ot_glm_sweep_coarse_n128_mixed_eglm_ch8_sub4_cr0p05_mixed_eglm.csv
orszag_tang,mixed_eglm,128,finished,8.0,0.05,nan,2,17.7135,0.941104,0.00230734,0.00230734,5.7683500000000004e-05,0.0636826,0.108643,-1.82045e-05,9.69609,results/mhd_runner/glm_sweep/ot_runs/divergence/ot_glm_sweep_coarse_n128_mixed_eglm_ch8_sub2_cr0p05_mixed_eglm.csv
orszag_tang,mixed_eglm,128,finished,8.0,0.05,nan,1,17.7135,0.941104,0.00230734,0.00230734,5.7683500000000004e-05,0.0636826,0.108643,-1.82045e-05,10.0839,results/mhd_runner/glm_sweep/ot_runs/divergence/ot_glm_sweep_coarse_n128_mixed_eglm_ch8_sub1_cr0p05_mixed_eglm.csv
orszag_tang,mixed_eglm,128,finished,8.0,0.05,nan,8,17.7135,0.941104,0.00230734,0.00230734,5.7683500000000004e-05,0.0636826,0.108643,-1.82045e-05,10.6353,results/mhd_runner/glm_sweep/ot_runs/divergence/ot_glm_sweep_coarse_n128_mixed_eglm_ch8_sub8_cr0p05_mixed_eglm.csv
orszag_tang,mixed_eglm,128,finished,8.0,nan,0.8,4,17.7135,0.34609,0.00645879,0.00645879,0.00016146975,0.163414,0.108603,-1.86333e-05,9.5355,results/mhd_runner/glm_sweep/ot_runs/divergence/ot_glm_sweep_coarse_n128_mixed_eglm_ch8_sub4_cd0p8_mixed_eglm.csv
orszag_tang,mixed_eglm,128,finished,8.0,nan,0.8,8,17.7135,0.34609,0.00645879,0.00645879,0.00016146975,0.163414,0.108603,-1.86333e-05,9.54333,results/mhd_runner/glm_sweep/ot_runs/divergence/ot_glm_sweep_coarse_n128_mixed_eglm_ch8_sub8_cd0p8_mixed_eglm.csv
orszag_tang,mixed_eglm,128,finished,8.0,nan,0.8,2,17.7135,0.34609,0.00645879,0.00645879,0.00016146975,0.163414,0.108603,-1.86333e-05,9.5907,results/mhd_runner/glm_sweep/ot_runs/divergence/ot_glm_sweep_coarse_n128_mixed_eglm_ch8_sub2_cd0p8_mixed_eglm.csv
orszag_tang,mixed_eglm,128,finished,8.0,nan,0.8,1,17.7135,0.34609,0.00645879,0.00645879,0.00016146975,0.163414,0.108603,-1.86333e-05,10.7335,results/mhd_runner/glm_sweep/ot_runs/divergence/ot_glm_sweep_coarse_n128_mixed_eglm_ch8_sub1_cd0p8_mixed_eglm.csv
orszag_tang,gi_mixed_eglm,128,finished,4.0,0.1,nan,4,8.85677,0.941104,0.00196429,0.00196429,4.9107250000000007e-05,0.0581474,0.108093,-1.94651e-05,7.1552,results/mhd_runner/glm_sweep/ot_runs/divergence/ot_glm_sweep_coarse_n128_gi_mixed_eglm_ch4_sub4_cr0p1_gi_mixed_eglm.csv
orszag_tang,gi_mixed_eglm,128,finished,4.0,0.1,nan,2,8.85677,0.941104,0.00196429,0.00196429,4.9107250000000007e-05,0.0581474,0.108093,-1.94651e-05,7.16318,results/mhd_runner/glm_sweep/ot_runs/divergence/ot_glm_sweep_coarse_n128_gi_mixed_eglm_ch4_sub2_cr0p1_gi_mixed_eglm.csv
orszag_tang,gi_mixed_eglm,128,finished,4.0,0.1,nan,1,8.85677,0.941104,0.00196429,0.00196429,4.9107250000000007e-05,0.0581474,0.108093,-1.94651e-05,7.23239,results/mhd_runner/glm_sweep/ot_runs/divergence/ot_glm_sweep_coarse_n128_gi_mixed_eglm_ch4_sub1_cr0p1_gi_mixed_eglm.csv
orszag_tang,gi_mixed_eglm,128,finished,4.0,0.1,nan,8,8.85677,0.941104,0.00196389,0.00196389,4.909725e-05,0.0581343,0.108093,-1.94659e-05,8.07949,results/mhd_runner/glm_sweep/ot_runs/divergence/ot_glm_sweep_coarse_n128_gi_mixed_eglm_ch4_sub8_cr0p1_gi_mixed_eglm.csv
orszag_tang,mixed_eglm,64,finished,16.0,nan,0.1,8,35.3905,0.198434,0.0315731,0.0315731,0.0007893275,0.362203,0.109663,-1.94856e-05,1.96098,results/mhd_runner/glm_sweep/ot_runs/divergence/ot_glm_sweep_coarse_n64_mixed_eglm_ch16_sub8_cd0p1_mixed_eglm.csv
orszag_tang,mixed_eglm,64,finished,16.0,nan,0.1,1,35.3905,0.212135,0.0315652,0.0315652,0.0007891300000000001,0.362085,0.109663,-1.95674e-05,1.78533,results/mhd_runner/glm_sweep/ot_runs/divergence/ot_glm_sweep_coarse_n64_mixed_eglm_ch16_sub1_cd0p1_mixed_eglm.csv
orszag_tang,mixed_eglm,64,finished,16.0,nan,0.1,4,35.3905,0.212135,0.0315652,0.0315652,0.0007891300000000001,0.362085,0.109663,-1.95674e-05,1.81483,results/mhd_runner/glm_sweep/ot_runs/divergence/ot_glm_sweep_coarse_n64_mixed_eglm_ch16_sub4_cd0p1_mixed_eglm.csv
orszag_tang,mixed_eglm,64,finished,16.0,nan,0.1,2,35.3905,0.212135,0.0315652,0.0315652,0.0007891300000000001,0.362085,0.109663,-1.95674e-05,1.96792,results/mhd_runner/glm_sweep/ot_runs/divergence/ot_glm_sweep_coarse_n64_mixed_eglm_ch16_sub2_cd0p1_mixed_eglm.csv
orszag_tang,mixed_eglm,64,finished,4.0,nan,0.8,8,8.84763,0.160632,0.0132264,0.0132264,0.00033066,0.192624,0.10843,-1.96694e-05,0.851654,results/mhd_runner/glm_sweep/ot_runs/divergence/ot_glm_sweep_coarse_n64_mixed_eglm_ch4_sub8_cd0p8_mixed_eglm.csv
orszag_tang,mixed_eglm,64,finished,4.0,nan,0.8,4,8.84763,0.227168,0.0131566,0.0131566,0.000328915,0.191026,0.10843,-1.98837e-05,0.840557,results/mhd_runner/glm_sweep/ot_runs/divergence/ot_glm_sweep_coarse_n64_mixed_eglm_ch4_sub4_cd0p8_mixed_eglm.csv
orszag_tang,mixed_eglm,64,finished,4.0,nan,0.8,2,8.84763,0.321265,0.0131163,0.0131163,0.0003279075,0.190093,0.10843,-2.00072e-05,0.820421,results/mhd_runner/glm_sweep/ot_runs/divergence/ot_glm_sweep_coarse_n64_mixed_eglm_ch4_sub2_cd0p8_mixed_eglm.csv
orszag_tang,mixed_eglm,64,finished,4.0,nan,0.8,1,8.84763,0.321265,0.0131163,0.0131163,0.0003279075,0.190093,0.10843,-2.00072e-05,0.846065,results/mhd_runner/glm_sweep/ot_runs/divergence/ot_glm_sweep_coarse_n64_mixed_eglm_ch4_sub1_cd0p8_mixed_eglm.csv
orszag_tang,mixed_eglm,128,finished,8.0,0.01,nan,1,17.7135,0.420875,0.0055398,0.0055398,0.000138495,0.140602,0.108609,-2.20291e-05,9.65307,results/mhd_runner/glm_sweep/ot_runs/divergence/ot_glm_sweep_coarse_n128_mixed_eglm_ch8_sub1_cr0p01_mixed_eglm.csv
orszag_tang,mixed_eglm,128,finished,8.0,0.01,nan,8,17.7135,0.420875,0.0055398,0.0055398,0.000138495,0.140602,0.108609,-2.20291e-05,10.0657,results/mhd_runner/glm_sweep/ot_runs/divergence/ot_glm_sweep_coarse_n128_mixed_eglm_ch8_sub8_cr0p01_mixed_eglm.csv
orszag_tang,mixed_eglm,128,finished,8.0,0.01,nan,4,17.7135,0.420875,0.0055398,0.0055398,0.000138495,0.140602,0.108609,-2.20291e-05,10.6713,results/mhd_runner/glm_sweep/ot_runs/divergence/ot_glm_sweep_coarse_n128_mixed_eglm_ch8_sub4_cr0p01_mixed_eglm.csv
orszag_tang,mixed_eglm,128,finished,8.0,0.01,nan,2,17.7135,0.420875,0.0055398,0.0055398,0.000138495,0.140602,0.108609,-2.20291e-05,10.7432,results/mhd_runner/glm_sweep/ot_runs/divergence/ot_glm_sweep_coarse_n128_mixed_eglm_ch8_sub2_cr0p01_mixed_eglm.csv
orszag_tang,mixed_eglm,128,finished,8.0,0.03,nan,8,17.7135,0.728976,0.0030763,0.0030763,7.690750000000001e-05,0.081858,0.108633,-2.22995e-05,9.58335,results/mhd_runner/glm_sweep/ot_runs/divergence/ot_glm_sweep_coarse_n128_mixed_eglm_ch8_sub8_cr0p03_mixed_eglm.csv
orszag_tang,mixed_eglm,128,finished,8.0,0.03,nan,1,17.7135,0.728976,0.0030763,0.0030763,7.690750000000001e-05,0.081858,0.108633,-2.22995e-05,9.63424,results/mhd_runner/glm_sweep/ot_runs/divergence/ot_glm_sweep_coarse_n128_mixed_eglm_ch8_sub1_cr0p03_mixed_eglm.csv
orszag_tang,mixed_eglm,128,finished,8.0,0.03,nan,2,17.7135,0.728976,0.0030763,0.0030763,7.690750000000001e-05,0.081858,0.108633,-2.22995e-05,9.68898,results/mhd_runner/glm_sweep/ot_runs/divergence/ot_glm_sweep_coarse_n128_mixed_eglm_ch8_sub2_cr0p03_mixed_eglm.csv
orszag_tang,mixed_eglm,128,finished,8.0,0.03,nan,4,17.7135,0.728976,0.0030763,0.0030763,7.690750000000001e-05,0.081858,0.108633,-2.22995e-05,10.647,results/mhd_runner/glm_sweep/ot_runs/divergence/ot_glm_sweep_coarse_n128_mixed_eglm_ch8_sub4_cr0p03_mixed_eglm.csv
orszag_tang,gi_mixed_eglm,128,finished,8.0,0.1,nan,4,17.7135,1.33092,0.00175236,0.00175236,4.3809e-05,0.0490052,0.108651,-2.3518e-05,10.1053,results/mhd_runner/glm_sweep/ot_runs/divergence/ot_glm_sweep_coarse_n128_gi_mixed_eglm_ch8_sub4_cr0p1_gi_mixed_eglm.csv
orszag_tang,gi_mixed_eglm,128,finished,8.0,0.1,nan,1,17.7135,1.33092,0.00175236,0.00175236,4.3809e-05,0.0490052,0.108651,-2.3518e-05,10.5756,results/mhd_runner/glm_sweep/ot_runs/divergence/ot_glm_sweep_coarse_n128_gi_mixed_eglm_ch8_sub1_cr0p1_gi_mixed_eglm.csv
orszag_tang,gi_mixed_eglm,128,finished,8.0,0.1,nan,2,17.7135,1.33092,0.00175236,0.00175236,4.3809e-05,0.0490052,0.108651,-2.3518e-05,10.6127,results/mhd_runner/glm_sweep/ot_runs/divergence/ot_glm_sweep_coarse_n128_gi_mixed_eglm_ch8_sub2_cr0p1_gi_mixed_eglm.csv
orszag_tang,gi_mixed_eglm,128,finished,8.0,0.1,nan,8,17.7135,1.33092,0.00175236,0.00175236,4.3809e-05,0.0490052,0.108651,-2.3518e-05,11.2329,results/mhd_runner/glm_sweep/ot_runs/divergence/ot_glm_sweep_coarse_n128_gi_mixed_eglm_ch8_sub8_cr0p1_gi_mixed_eglm.csv
orszag_tang,gi_mixed_eglm,128,finished,4.0,0.05,nan,1,8.85677,0.665461,0.00248316,0.00248316,6.2079e-05,0.0729559,0.108091,-2.39984e-05,7.159,results/mhd_runner/glm_sweep/ot_runs/divergence/ot_glm_sweep_coarse_n128_gi_mixed_eglm_ch4_sub1_cr0p05_gi_mixed_eglm.csv
orszag_tang,gi_mixed_eglm,128,finished,4.0,0.05,nan,2,8.85677,0.665461,0.00248316,0.00248316,6.2079e-05,0.0729559,0.108091,-2.39984e-05,7.18548,results/mhd_runner/glm_sweep/ot_runs/divergence/ot_glm_sweep_coarse_n128_gi_mixed_eglm_ch4_sub2_cr0p05_gi_mixed_eglm.csv
orszag_tang,gi_mixed_eglm,128,finished,4.0,0.05,nan,4,8.85677,0.665461,0.00248316,0.00248316,6.2079e-05,0.0729559,0.108091,-2.39984e-05,7.94436,results/mhd_runner/glm_sweep/ot_runs/divergence/ot_glm_sweep_coarse_n128_gi_mixed_eglm_ch4_sub4_cr0p05_gi_mixed_eglm.csv
orszag_tang,gi_mixed_eglm,128,finished,4.0,0.05,nan,8,8.85677,0.665461,0.00248258,0.00248258,6.20645e-05,0.0729399,0.108091,-2.40002e-05,7.28578,results/mhd_runner/glm_sweep/ot_runs/divergence/ot_glm_sweep_coarse_n128_gi_mixed_eglm_ch4_sub8_cr0p05_gi_mixed_eglm.csv
orszag_tang,mixed_eglm,64,finished,4.0,0.1,nan,1,8.84763,0.940618,0.00676621,0.00676621,0.00016915525000000002,0.107192,0.108461,-2.54284e-05,0.896958,results/mhd_runner/glm_sweep/ot_runs/divergence/ot_glm_sweep_coarse_n64_mixed_eglm_ch4_sub1_cr0p1_mixed_eglm.csv
orszag_tang,mixed_eglm,64,finished,4.0,0.1,nan,2,8.84763,0.940618,0.00676621,0.00676621,0.00016915525000000002,0.107192,0.108461,-2.54284e-05,0.935974,results/mhd_runner/glm_sweep/ot_runs/divergence/ot_glm_sweep_coarse_n64_mixed_eglm_ch4_sub2_cr0p1_mixed_eglm.csv
orszag_tang,mixed_eglm,64,finished,4.0,0.1,nan,4,8.84763,0.940618,0.00676529,0.00676529,0.00016913225,0.107188,0.108461,-2.54297e-05,0.844287,results/mhd_runner/glm_sweep/ot_runs/divergence/ot_glm_sweep_coarse_n64_mixed_eglm_ch4_sub4_cr0p1_mixed_eglm.csv
orszag_tang,mixed_eglm,64,finished,4.0,0.1,nan,8,8.84763,0.940618,0.00676484,0.00676484,0.00016912100000000002,0.107186,0.108461,-2.54304e-05,0.852541,results/mhd_runner/glm_sweep/ot_runs/divergence/ot_glm_sweep_coarse_n64_mixed_eglm_ch4_sub8_cr0p1_mixed_eglm.csv
orszag_tang,mixed_eglm,64,finished,4.0,0.03,nan,2,8.84763,0.515198,0.0100936,0.0100936,0.00025234,0.151808,0.108442,-2.70197e-05,0.866987,results/mhd_runner/glm_sweep/ot_runs/divergence/ot_glm_sweep_coarse_n64_mixed_eglm_ch4_sub2_cr0p03_mixed_eglm.csv
orszag_tang,mixed_eglm,64,finished,4.0,0.03,nan,1,8.84763,0.515198,0.0100936,0.0100936,0.00025234,0.151808,0.108442,-2.70197e-05,0.867707,results/mhd_runner/glm_sweep/ot_runs/divergence/ot_glm_sweep_coarse_n64_mixed_eglm_ch4_sub1_cr0p03_mixed_eglm.csv
orszag_tang,mixed_eglm,64,finished,4.0,0.03,nan,4,8.84763,0.515198,0.0100914,0.0100914,0.00025228500000000004,0.151795,0.108442,-2.70253e-05,0.831188,results/mhd_runner/glm_sweep/ot_runs/divergence/ot_glm_sweep_coarse_n64_mixed_eglm_ch4_sub4_cr0p03_mixed_eglm.csv
orszag_tang,mixed_eglm,64,finished,4.0,0.03,nan,8,8.84763,0.515198,0.0100902,0.0100902,0.000252255,0.151787,0.108442,-2.70285e-05,0.917662,results/mhd_runner/glm_sweep/ot_runs/divergence/ot_glm_sweep_coarse_n64_mixed_eglm_ch4_sub8_cr0p03_mixed_eglm.csv
orszag_tang,gi_mixed_eglm,128,finished,4.0,0.03,nan,1,8.85677,0.515464,0.00302821,0.00302821,7.570525e-05,0.0871117,0.108089,-2.71778e-05,7.19586,results/mhd_runner/glm_sweep/ot_runs/divergence/ot_glm_sweep_coarse_n128_gi_mixed_eglm_ch4_sub1_cr0p03_gi_mixed_eglm.csv
orszag_tang,gi_mixed_eglm,128,finished,4.0,0.03,nan,4,8.85677,0.515464,0.00302821,0.00302821,7.570525e-05,0.0871117,0.108089,-2.71778e-05,7.93527,results/mhd_runner/glm_sweep/ot_runs/divergence/ot_glm_sweep_coarse_n128_gi_mixed_eglm_ch4_sub4_cr0p03_gi_mixed_eglm.csv
orszag_tang,gi_mixed_eglm,128,finished,4.0,0.03,nan,2,8.85677,0.515464,0.00302821,0.00302821,7.570525e-05,0.0871117,0.108089,-2.71778e-05,7.93592,results/mhd_runner/glm_sweep/ot_runs/divergence/ot_glm_sweep_coarse_n128_gi_mixed_eglm_ch4_sub2_cr0p03_gi_mixed_eglm.csv
orszag_tang,gi_mixed_eglm,128,finished,4.0,0.03,nan,8,8.85677,0.515464,0.00302742,0.00302742,7.56855e-05,0.0870911,0.108089,-2.71805e-05,7.23626,results/mhd_runner/glm_sweep/ot_runs/divergence/ot_glm_sweep_coarse_n128_gi_mixed_eglm_ch4_sub8_cr0p03_gi_mixed_eglm.csv
orszag_tang,mixed_eglm,64,finished,4.0,0.05,nan,1,8.84763,0.665117,0.00840992,0.00840992,0.000210248,0.130264,0.10845,-2.79795e-05,0.844432,results/mhd_runner/glm_sweep/ot_runs/divergence/ot_glm_sweep_coarse_n64_mixed_eglm_ch4_sub1_cr0p05_mixed_eglm.csv
orszag_tang,mixed_eglm,64,finished,4.0,0.05,nan,2,8.84763,0.665117,0.00840992,0.00840992,0.000210248,0.130264,0.10845,-2.79795e-05,0.946538,results/mhd_runner/glm_sweep/ot_runs/divergence/ot_glm_sweep_coarse_n64_mixed_eglm_ch4_sub2_cr0p05_mixed_eglm.csv
orszag_tang,mixed_eglm,64,finished,4.0,0.05,nan,4,8.84763,0.665117,0.00840841,0.00840841,0.00021021025,0.130257,0.10845,-2.79829e-05,0.879207,results/mhd_runner/glm_sweep/ot_runs/divergence/ot_glm_sweep_coarse_n64_mixed_eglm_ch4_sub4_cr0p05_mixed_eglm.csv
orszag_tang,mixed_eglm,64,finished,4.0,0.05,nan,8,8.84763,0.665117,0.00840763,0.00840763,0.00021019075,0.130252,0.10845,-2.79847e-05,0.85681,results/mhd_runner/glm_sweep/ot_runs/divergence/ot_glm_sweep_coarse_n64_mixed_eglm_ch4_sub8_cr0p05_mixed_eglm.csv
orszag_tang,gi_mixed_eglm,64,finished,2.0,1.0,nan,8,4.42381,2.10329,0.00709276,0.00709276,0.000177319,0.117132,0.107928,-2.89236e-05,0.914799,results/mhd_runner/glm_sweep/ot_runs/divergence/ot_glm_sweep_coarse_n64_gi_mixed_eglm_ch2_sub8_cr1_gi_mixed_eglm.csv
orszag_tang,gi_mixed_eglm,64,finished,2.0,1.0,nan,1,4.42381,2.10329,0.00711408,0.00711408,0.00017785200000000002,0.117677,0.107928,-2.90811e-05,0.754356,results/mhd_runner/glm_sweep/ot_runs/divergence/ot_glm_sweep_coarse_n64_gi_mixed_eglm_ch2_sub1_cr1_gi_mixed_eglm.csv
orszag_tang,gi_mixed_eglm,64,finished,2.0,1.0,nan,2,4.42381,2.10329,0.00711247,0.00711247,0.00017781175,0.117628,0.107928,-2.90845e-05,0.707197,results/mhd_runner/glm_sweep/ot_runs/divergence/ot_glm_sweep_coarse_n64_gi_mixed_eglm_ch2_sub2_cr1_gi_mixed_eglm.csv
orszag_tang,gi_mixed_eglm,64,finished,2.0,1.0,nan,4,4.42381,2.10329,0.00711171,0.00711171,0.00017779275,0.117604,0.107928,-2.9086e-05,0.71665,results/mhd_runner/glm_sweep/ot_runs/divergence/ot_glm_sweep_coarse_n64_gi_mixed_eglm_ch2_sub4_cr1_gi_mixed_eglm.csv
orszag_tang,gi_mixed_eglm,64,finished,2.0,0.5,nan,8,4.42381,1.48725,0.00721468,0.00721468,0.00018036700000000002,0.119825,0.107928,-2.91372e-05,0.946162,results/mhd_runner/glm_sweep/ot_runs/divergence/ot_glm_sweep_coarse_n64_gi_mixed_eglm_ch2_sub8_cr0p5_gi_mixed_eglm.csv
orszag_tang,gi_mixed_eglm,64,finished,2.0,0.5,nan,1,4.42381,1.48725,0.00723912,0.00723912,0.00018097800000000001,0.120421,0.107928,-2.92895e-05,0.718369,results/mhd_runner/glm_sweep/ot_runs/divergence/ot_glm_sweep_coarse_n64_gi_mixed_eglm_ch2_sub1_cr0p5_gi_mixed_eglm.csv
orszag_tang,gi_mixed_eglm,64,finished,2.0,0.5,nan,2,4.42381,1.48725,0.00723747,0.00723747,0.00018093675000000002,0.120371,0.107928,-2.92934e-05,0.735084,results/mhd_runner/glm_sweep/ot_runs/divergence/ot_glm_sweep_coarse_n64_gi_mixed_eglm_ch2_sub2_cr0p5_gi_mixed_eglm.csv
orszag_tang,gi_mixed_eglm,64,finished,2.0,0.5,nan,4,4.42381,1.48725,0.00723669,0.00723669,0.00018091725,0.120348,0.107928,-2.92952e-05,0.713141,results/mhd_runner/glm_sweep/ot_runs/divergence/ot_glm_sweep_coarse_n64_gi_mixed_eglm_ch2_sub4_cr0p5_gi_mixed_eglm.csv
orszag_tang,gi_mixed_eglm,64,finished,2.0,0.3,nan,8,4.42381,1.15202,0.00737181,0.00737181,0.00018429525000000001,0.1232,0.107928,-2.93851e-05,0.870937,results/mhd_runner/glm_sweep/ot_runs/divergence/ot_glm_sweep_coarse_n64_gi_mixed_eglm_ch2_sub8_cr0p3_gi_mixed_eglm.csv
orszag_tang,gi_mixed_eglm,64,finished,2.0,0.3,nan,1,4.42381,1.15202,0.00740034,0.00740034,0.00018500850000000002,0.12386,0.107928,-2.95309e-05,0.756604,results/mhd_runner/glm_sweep/ot_runs/divergence/ot_glm_sweep_coarse_n64_gi_mixed_eglm_ch2_sub1_cr0p3_gi_mixed_eglm.csv
orszag_tang,gi_mixed_eglm,64,finished,2.0,0.3,nan,2,4.42381,1.15202,0.00739864,0.00739864,0.000184966,0.123811,0.107928,-2.95353e-05,0.73372,results/mhd_runner/glm_sweep/ot_runs/divergence/ot_glm_sweep_coarse_n64_gi_mixed_eglm_ch2_sub2_cr0p3_gi_mixed_eglm.csv
orszag_tang,gi_mixed_eglm,64,finished,2.0,0.3,nan,4,4.42381,1.15202,0.00739783,0.00739783,0.00018494575,0.123788,0.107928,-2.95373e-05,0.748026,results/mhd_runner/glm_sweep/ot_runs/divergence/ot_glm_sweep_coarse_n64_gi_mixed_eglm_ch2_sub4_cr0p3_gi_mixed_eglm.csv
orszag_tang,gi_mixed_eglm,64,finished,2.0,0.18,nan,8,4.42381,0.892349,0.00761945,0.00761945,0.00019048625,0.128341,0.107928,-2.97235e-05,0.870645,results/mhd_runner/glm_sweep/ot_runs/divergence/ot_glm_sweep_coarse_n64_gi_mixed_eglm_ch2_sub8_cr0p18_gi_mixed_eglm.csv
orszag_tang,gi_mixed_eglm,64,finished,2.0,0.18,nan,1,4.42381,0.892349,0.00765455,0.00765455,0.00019136375000000002,0.129103,0.107928,-2.9859e-05,0.71442,results/mhd_runner/glm_sweep/ot_runs/divergence/ot_glm_sweep_coarse_n64_gi_mixed_eglm_ch2_sub1_cr0p18_gi_mixed_eglm.csv
orszag_tang,gi_mixed_eglm,64,finished,2.0,0.18,nan,2,4.42381,0.892349,0.00765277,0.00765277,0.00019131925,0.129055,0.107928,-2.98641e-05,0.683726,results/mhd_runner/glm_sweep/ot_runs/divergence/ot_glm_sweep_coarse_n64_gi_mixed_eglm_ch2_sub2_cr0p18_gi_mixed_eglm.csv
orszag_tang,gi_mixed_eglm,64,finished,2.0,0.18,nan,4,4.42381,0.892349,0.00765192,0.00765192,0.000191298,0.129032,0.107928,-2.98666e-05,0.698347,results/mhd_runner/glm_sweep/ot_runs/divergence/ot_glm_sweep_coarse_n64_gi_mixed_eglm_ch2_sub4_cr0p18_gi_mixed_eglm.csv
orszag_tang,gi_mixed_eglm,64,finished,2.0,0.1,nan,8,4.42381,0.665117,0.00806272,0.00806272,0.00020156800000000003,0.137141,0.107928,-3.02052e-05,0.919994,results/mhd_runner/glm_sweep/ot_runs/divergence/ot_glm_sweep_coarse_n64_gi_mixed_eglm_ch2_sub8_cr0p1_gi_mixed_eglm.csv
orszag_tang,gi_mixed_eglm,64,finished,2.0,0.1,nan,1,4.42381,0.665117,0.00811004,0.00811004,0.00020275100000000004,0.138092,0.107928,-3.03226e-05,0.695356,results/mhd_runner/glm_sweep/ot_runs/divergence/ot_glm_sweep_coarse_n64_gi_mixed_eglm_ch2_sub1_cr0p1_gi_mixed_eglm.csv
orszag_tang,gi_mixed_eglm,64,finished,2.0,0.1,nan,2,4.42381,0.665117,0.00810814,0.00810814,0.0002027035,0.138044,0.107928,-3.03288e-05,0.681789,results/mhd_runner/glm_sweep/ot_runs/divergence/ot_glm_sweep_coarse_n64_gi_mixed_eglm_ch2_sub2_cr0p1_gi_mixed_eglm.csv
orszag_tang,gi_mixed_eglm,64,finished,2.0,0.1,nan,4,4.42381,0.665117,0.00810722,0.00810722,0.0002026805,0.138021,0.107928,-3.03318e-05,0.754923,results/mhd_runner/glm_sweep/ot_runs/divergence/ot_glm_sweep_coarse_n64_gi_mixed_eglm_ch2_sub4_cr0p1_gi_mixed_eglm.csv
orszag_tang,gi_mixed_eglm,64,finished,2.0,0.05,nan,8,4.42381,0.470309,0.00884992,0.00884992,0.00022124800000000003,0.151981,0.107928,-3.07941e-05,0.959426,results/mhd_runner/glm_sweep/ot_runs/divergence/ot_glm_sweep_coarse_n64_gi_mixed_eglm_ch2_sub8_cr0p05_gi_mixed_eglm.csv
orszag_tang,gi_mixed_eglm,64,finished,2.0,0.05,nan,1,4.42381,0.470309,0.00892079,0.00892079,0.00022301975,0.153293,0.107928,-3.0879e-05,0.716891,results/mhd_runner/glm_sweep/ot_runs/divergence/ot_glm_sweep_coarse_n64_gi_mixed_eglm_ch2_sub1_cr0p05_gi_mixed_eglm.csv
orszag_tang,gi_mixed_eglm,64,finished,2.0,0.05,nan,2,4.42381,0.470309,0.00891871,0.00891871,0.00022296775,0.153246,0.107928,-3.08867e-05,0.697708,results/mhd_runner/glm_sweep/ot_runs/divergence/ot_glm_sweep_coarse_n64_gi_mixed_eglm_ch2_sub2_cr0p05_gi_mixed_eglm.csv
orszag_tang,gi_mixed_eglm,64,finished,2.0,0.05,nan,4,4.42381,0.470309,0.00891767,0.00891767,0.00022294175000000003,0.153223,0.107928,-3.08904e-05,0.696226,results/mhd_runner/glm_sweep/ot_runs/divergence/ot_glm_sweep_coarse_n64_gi_mixed_eglm_ch2_sub4_cr0p05_gi_mixed_eglm.csv
orszag_tang,gi_mixed_eglm,64,finished,2.0,0.03,nan,8,4.42381,0.3643,0.0095941,0.0095941,0.0002398525,0.165502,0.107928,-3.11503e-05,0.911724,results/mhd_runner/glm_sweep/ot_runs/divergence/ot_glm_sweep_coarse_n64_gi_mixed_eglm_ch2_sub8_cr0p03_gi_mixed_eglm.csv
orszag_tang,gi_mixed_eglm,64,finished,2.0,nan,0.01,1,4.42381,0.0498596,0.0135518,0.0135518,0.000338795,0.233993,0.107931,-3.11904e-05,0.685215,results/mhd_runner/glm_sweep/ot_runs/divergence/ot_glm_sweep_coarse_n64_gi_mixed_eglm_ch2_sub1_cd0p01_gi_mixed_eglm.csv
orszag_tang,gi_mixed_eglm,64,finished,2.0,nan,0.03,1,4.42381,0.0571382,0.0135287,0.0135287,0.0003382175,0.233611,0.107931,-3.11968e-05,0.686029,results/mhd_runner/glm_sweep/ot_runs/divergence/ot_glm_sweep_coarse_n64_gi_mixed_eglm_ch2_sub1_cd0p03_gi_mixed_eglm.csv
orszag_tang,gi_mixed_eglm,64,finished,2.0,nan,0.01,2,4.42381,0.0352561,0.0135501,0.0135501,0.00033875250000000006,0.233972,0.107931,-3.11992e-05,0.690354,results/mhd_runner/glm_sweep/ot_runs/divergence/ot_glm_sweep_coarse_n64_gi_mixed_eglm_ch2_sub2_cd0p01_gi_mixed_eglm.csv
orszag_tang,gi_mixed_eglm,64,finished,2.0,nan,0.05,1,4.42381,0.0618173,0.0135049,0.0135049,0.00033762250000000005,0.233217,0.107931,-3.12033e-05,0.677704,results/mhd_runner/glm_sweep/ot_runs/divergence/ot_glm_sweep_coarse_n64_gi_mixed_eglm_ch2_sub1_cd0p05_gi_mixed_eglm.csv
orszag_tang,gi_mixed_eglm,64,finished,2.0,0.03,nan,1,4.42381,0.3643,0.00969009,0.00969009,0.00024225225000000001,0.167201,0.107928,-3.12033e-05,0.694968,results/mhd_runner/glm_sweep/ot_runs/divergence/ot_glm_sweep_coarse_n64_gi_mixed_eglm_ch2_sub1_cr0p03_gi_mixed_eglm.csv
orszag_tang,gi_mixed_eglm,64,finished,2.0,nan,0.01,4,4.42381,0.0249298,0.0135494,0.0135494,0.000338735,0.233964,0.107931,-3.12034e-05,0.753363,results/mhd_runner/glm_sweep/ot_runs/divergence/ot_glm_sweep_coarse_n64_gi_mixed_eglm_ch2_sub4_cd0p01_gi_mixed_eglm.csv
orszag_tang,gi_mixed_eglm,64,finished,2.0,nan,0.03,2,4.42381,0.0404028,0.0135274,0.0135274,0.000338185,0.233598,0.107931,-3.1205e-05,0.721636,results/mhd_runner/glm_sweep/ot_runs/divergence/ot_glm_sweep_coarse_n64_gi_mixed_eglm_ch2_sub2_cd0p03_gi_mixed_eglm.csv
orszag_tang,gi_mixed_eglm,64,finished,2.0,nan,0.03,4,4.42381,0.0285691,0.0135272,0.0135272,0.00033818,0.2336,0.107931,-3.12085e-05,0.696128,results/mhd_runner/glm_sweep/ot_runs/divergence/ot_glm_sweep_coarse_n64_gi_mixed_eglm_ch2_sub4_cd0p03_gi_mixed_eglm.csv
orszag_tang,gi_mixed_eglm,64,finished,2.0,nan,0.05,2,4.42381,0.0437114,0.013504,0.013504,0.0003376,0.233211,0.107931,-3.1211e-05,0.805112,results/mhd_runner/glm_sweep/ot_runs/divergence/ot_glm_sweep_coarse_n64_gi_mixed_eglm_ch2_sub2_cd0p05_gi_mixed_eglm.csv
orszag_tang,gi_mixed_eglm,64,finished,2.0,0.03,nan,2,4.42381,0.3643,0.00968783,0.00968783,0.00024219575,0.167153,0.107928,-3.1212e-05,0.69544,results/mhd_runner/glm_sweep/ot_runs/divergence/ot_glm_sweep_coarse_n64_gi_mixed_eglm_ch2_sub2_cr0p03_gi_mixed_eglm.csv
orszag_tang,gi_mixed_eglm,64,finished,2.0,nan,0.05,4,4.42381,0.0309087,0.0135043,0.0135043,0.00033760750000000003,0.233223,0.107931,-3.12137e-05,0.731158,results/mhd_runner/glm_sweep/ot_runs/divergence/ot_glm_sweep_coarse_n64_gi_mixed_eglm_ch2_sub4_cd0p05_gi_mixed_eglm.csv
orszag_tang,gi_mixed_eglm,64,finished,2.0,0.03,nan,4,4.42381,0.3643,0.00968665,0.00968665,0.00024216625000000002,0.167129,0.107928,-3.12164e-05,0.699198,results/mhd_runner/glm_sweep/ot_runs/divergence/ot_glm_sweep_coarse_n64_gi_mixed_eglm_ch2_sub4_cr0p03_gi_mixed_eglm.csv
orszag_tang,gi_mixed_eglm,64,finished,2.0,nan,0.1,1,4.42381,0.0705082,0.0134417,0.0134417,0.0003360425,0.232169,0.107931,-3.12202e-05,0.683045,results/mhd_runner/glm_sweep/ot_runs/divergence/ot_glm_sweep_coarse_n64_gi_mixed_eglm_ch2_sub1_cd0p1_gi_mixed_eglm.csv
orszag_tang,gi_mixed_eglm,64,finished,2.0,nan,0.1,2,4.42381,0.0498569,0.0134419,0.0134419,0.0003360475,0.232183,0.107931,-3.12264e-05,0.687994,results/mhd_runner/glm_sweep/ot_runs/divergence/ot_glm_sweep_coarse_n64_gi_mixed_eglm_ch2_sub2_cd0p1_gi_mixed_eglm.csv
orszag_tang,gi_mixed_eglm,64,finished,2.0,nan,0.1,4,4.42381,0.0352541,0.0134436,0.0134436,0.00033609000000000004,0.23222,0.107931,-3.12273e-05,0.69784,results/mhd_runner/glm_sweep/ot_runs/divergence/ot_glm_sweep_coarse_n64_gi_mixed_eglm_ch2_sub4_cd0p1_gi_mixed_eglm.csv
orszag_tang,gi_mixed_eglm,64,finished,2.0,nan,0.2,1,4.42381,0.0843294,0.0132976,0.0132976,0.00033244000000000004,0.229768,0.10793,-3.12564e-05,0.734157,results/mhd_runner/glm_sweep/ot_runs/divergence/ot_glm_sweep_coarse_n64_gi_mixed_eglm_ch2_sub1_cd0p2_gi_mixed_eglm.csv
orszag_tang,gi_mixed_eglm,64,finished,2.0,nan,0.2,4,4.42381,0.0421647,0.0133045,0.0133045,0.00033261250000000004,0.229915,0.10793,-3.12565e-05,0.698373,results/mhd_runner/glm_sweep/ot_runs/divergence/ot_glm_sweep_coarse_n64_gi_mixed_eglm_ch2_sub4_cd0p2_gi_mixed_eglm.csv
orszag_tang,gi_mixed_eglm,64,finished,2.0,nan,0.2,2,4.42381,0.0596299,0.0132997,0.0132997,0.0003324925,0.229819,0.10793,-3.12599e-05,0.691038,results/mhd_runner/glm_sweep/ot_runs/divergence/ot_glm_sweep_coarse_n64_gi_mixed_eglm_ch2_sub2_cd0p2_gi_mixed_eglm.csv
orszag_tang,gi_mixed_eglm,64,finished,2.0,nan,0.01,8,4.42381,0.0176281,0.0135226,0.0135226,0.000338065,0.233865,0.10793,-3.12861e-05,0.872607,results/mhd_runner/glm_sweep/ot_runs/divergence/ot_glm_sweep_coarse_n64_gi_mixed_eglm_ch2_sub8_cd0p01_gi_mixed_eglm.csv
orszag_tang,gi_mixed_eglm,64,finished,2.0,nan,0.03,8,4.42381,0.0202016,0.0135113,0.0135113,0.0003377825,0.233678,0.10793,-3.12884e-05,0.905399,results/mhd_runner/glm_sweep/ot_runs/divergence/ot_glm_sweep_coarse_n64_gi_mixed_eglm_ch2_sub8_cd0p03_gi_mixed_eglm.csv
orszag_tang,gi_mixed_eglm,64,finished,2.0,nan,0.05,8,4.42381,0.021856,0.0134996,0.0134996,0.00033749,0.233483,0.10793,-3.12907e-05,0.956124,results/mhd_runner/glm_sweep/ot_runs/divergence/ot_glm_sweep_coarse_n64_gi_mixed_eglm_ch2_sub8_cd0p05_gi_mixed_eglm.csv
orszag_tang,gi_mixed_eglm,64,finished,2.0,nan,0.1,8,4.42381,0.0249292,0.0134682,0.0134682,0.000336705,0.232962,0.10793,-3.12969e-05,0.868817,results/mhd_runner/glm_sweep/ot_runs/divergence/ot_glm_sweep_coarse_n64_gi_mixed_eglm_ch2_sub8_cd0p1_gi_mixed_eglm.csv
orszag_tang,gi_mixed_eglm,64,finished,2.0,nan,0.2,8,4.42381,0.0298169,0.013395,0.013395,0.00033487500000000005,0.231745,0.10793,-3.13108e-05,0.873169,results/mhd_runner/glm_sweep/ot_runs/divergence/ot_glm_sweep_coarse_n64_gi_mixed_eglm_ch2_sub8_cd0p2_gi_mixed_eglm.csv
orszag_tang,gi_mixed_eglm,64,finished,2.0,nan,0.5,4,4.42381,0.0642279,0.0126583,0.0126583,0.00031645750000000003,0.219054,0.10793,-3.13611e-05,0.764271,results/mhd_runner/glm_sweep/ot_runs/divergence/ot_glm_sweep_coarse_n64_gi_mixed_eglm_ch2_sub4_cd0p5_gi_mixed_eglm.csv
orszag_tang,gi_mixed_eglm,64,finished,2.0,nan,0.5,8,4.42381,0.0454259,0.0130314,0.0130314,0.00032578500000000004,0.225645,0.10793,-3.13694e-05,0.899892,results/mhd_runner/glm_sweep/ot_runs/divergence/ot_glm_sweep_coarse_n64_gi_mixed_eglm_ch2_sub8_cd0p5_gi_mixed_eglm.csv
orszag_tang,gi_mixed_eglm,64,finished,2.0,nan,0.5,2,4.42381,0.090832,0.0126425,0.0126425,0.0003160625,0.218745,0.10793,-3.13806e-05,0.736363,results/mhd_runner/glm_sweep/ot_runs/divergence/ot_glm_sweep_coarse_n64_gi_mixed_eglm_ch2_sub2_cd0p5_gi_mixed_eglm.csv
orszag_tang,gi_mixed_eglm,64,finished,2.0,nan,0.5,1,4.42381,0.128456,0.0126359,0.0126359,0.00031589750000000005,0.21861,0.10793,-3.13836e-05,0.763917,results/mhd_runner/glm_sweep/ot_runs/divergence/ot_glm_sweep_coarse_n64_gi_mixed_eglm_ch2_sub1_cd0p5_gi_mixed_eglm.csv
orszag_tang,gi_mixed_eglm,64,finished,2.0,nan,0.8,4,4.42381,0.113095,0.0110734,0.0110734,0.000276835,0.191736,0.107928,-3.13948e-05,0.73501,results/mhd_runner/glm_sweep/ot_runs/divergence/ot_glm_sweep_coarse_n64_gi_mixed_eglm_ch2_sub4_cd0p8_gi_mixed_eglm.csv
orszag_tang,gi_mixed_eglm,64,finished,2.0,nan,0.8,2,4.42381,0.159941,0.0110524,0.0110524,0.00027631000000000004,0.19131,0.107928,-3.14251e-05,0.769795,results/mhd_runner/glm_sweep/ot_runs/divergence/ot_glm_sweep_coarse_n64_gi_mixed_eglm_ch2_sub2_cd0p8_gi_mixed_eglm.csv
orszag_tang,gi_mixed_eglm,64,finished,2.0,nan,0.8,1,4.42381,0.22619,0.0110462,0.0110462,0.00027615500000000004,0.191179,0.107928,-3.14292e-05,0.724693,results/mhd_runner/glm_sweep/ot_runs/divergence/ot_glm_sweep_coarse_n64_gi_mixed_eglm_ch2_sub1_cd0p8_gi_mixed_eglm.csv
orszag_tang,gi_mixed_eglm,64,finished,2.0,nan,0.8,8,4.42381,0.0800135,0.0119464,0.0119464,0.00029866,0.207074,0.107929,-3.14466e-05,0.97653,results/mhd_runner/glm_sweep/ot_runs/divergence/ot_glm_sweep_coarse_n64_gi_mixed_eglm_ch2_sub8_cd0p8_gi_mixed_eglm.csv
orszag_tang,gi_mixed_eglm,64,finished,2.0,0.01,nan,1,4.42381,0.210329,0.0115011,0.0115011,0.0002875275,0.199058,0.107929,-3.14899e-05,0.680001,results/mhd_runner/glm_sweep/ot_runs/divergence/ot_glm_sweep_coarse_n64_gi_mixed_eglm_ch2_sub1_cr0p01_gi_mixed_eglm.csv
orszag_tang,gi_mixed_eglm,64,finished,2.0,0.01,nan,2,4.42381,0.210329,0.0114981,0.0114981,0.0002874525,0.199004,0.107929,-3.15005e-05,0.756609,results/mhd_runner/glm_sweep/ot_runs/divergence/ot_glm_sweep_coarse_n64_gi_mixed_eglm_ch2_sub2_cr0p01_gi_mixed_eglm.csv
orszag_tang,gi_mixed_eglm,64,finished,2.0,0.01,nan,4,4.42381,0.210329,0.0114962,0.0114962,0.000287405,0.198969,0.107929,-3.15064e-05,0.733673,results/mhd_runner/glm_sweep/ot_runs/divergence/ot_glm_sweep_coarse_n64_gi_mixed_eglm_ch2_sub4_cr0p01_gi_mixed_eglm.csv
orszag_tang,gi_mixed_eglm,64,finished,2.0,0.01,nan,8,4.42381,0.210329,0.0113334,0.0113334,0.000283335,0.196274,0.107928,-3.15219e-05,0.88049,results/mhd_runner/glm_sweep/ot_runs/divergence/ot_glm_sweep_coarse_n64_gi_mixed_eglm_ch2_sub8_cr0p01_gi_mixed_eglm.csv
orszag_tang,gi_mixed_eglm,128,finished,4.0,0.01,nan,4,8.85677,0.297603,0.0044207,0.0044207,0.0001105175,0.122841,0.108088,-3.17047e-05,7.16624,results/mhd_runner/glm_sweep/ot_runs/divergence/ot_glm_sweep_coarse_n128_gi_mixed_eglm_ch4_sub4_cr0p01_gi_mixed_eglm.csv
orszag_tang,gi_mixed_eglm,128,finished,4.0,0.01,nan,2,8.85677,0.297603,0.0044207,0.0044207,0.0001105175,0.122841,0.108088,-3.17047e-05,7.16921,results/mhd_runner/glm_sweep/ot_runs/divergence/ot_glm_sweep_coarse_n128_gi_mixed_eglm_ch4_sub2_cr0p01_gi_mixed_eglm.csv
orszag_tang,gi_mixed_eglm,128,finished,4.0,0.01,nan,1,8.85677,0.297603,0.0044207,0.0044207,0.0001105175,0.122841,0.108088,-3.17047e-05,7.19965,results/mhd_runner/glm_sweep/ot_runs/divergence/ot_glm_sweep_coarse_n128_gi_mixed_eglm_ch4_sub1_cr0p01_gi_mixed_eglm.csv
orszag_tang,gi_mixed_eglm,128,finished,4.0,0.01,nan,8,8.85677,0.297603,0.00441873,0.00441873,0.00011046825,0.122788,0.108088,-3.17108e-05,7.62838,results/mhd_runner/glm_sweep/ot_runs/divergence/ot_glm_sweep_coarse_n128_gi_mixed_eglm_ch4_sub8_cr0p01_gi_mixed_eglm.csv
orszag_tang,gi_mixed_eglm,128,finished,4.0,nan,0.8,8,8.85677,0.17275,0.004954,0.004954,0.00012385,0.140352,0.108088,-3.24244e-05,8.00555,results/mhd_runner/glm_sweep/ot_runs/divergence/ot_glm_sweep_coarse_n128_gi_mixed_eglm_ch4_sub8_cd0p8_gi_mixed_eglm.csv
orszag_tang,gi_mixed_eglm,128,finished,4.0,nan,0.8,2,8.85677,0.244305,0.00492582,0.00492582,0.0001231455,0.13894,0.108088,-3.24778e-05,7.54123,results/mhd_runner/glm_sweep/ot_runs/divergence/ot_glm_sweep_coarse_n128_gi_mixed_eglm_ch4_sub2_cd0p8_gi_mixed_eglm.csv
orszag_tang,gi_mixed_eglm,128,finished,4.0,nan,0.8,4,8.85677,0.244305,0.00492582,0.00492582,0.0001231455,0.13894,0.108088,-3.24778e-05,7.5765,results/mhd_runner/glm_sweep/ot_runs/divergence/ot_glm_sweep_coarse_n128_gi_mixed_eglm_ch4_sub4_cd0p8_gi_mixed_eglm.csv
orszag_tang,gi_mixed_eglm,128,finished,4.0,nan,0.8,1,8.85677,0.244305,0.00492582,0.00492582,0.0001231455,0.13894,0.108088,-3.24778e-05,7.93506,results/mhd_runner/glm_sweep/ot_runs/divergence/ot_glm_sweep_coarse_n128_gi_mixed_eglm_ch4_sub1_cd0p8_gi_mixed_eglm.csv
orszag_tang,gi_mixed_eglm,128,finished,4.0,nan,0.5,8,8.85677,0.098054,0.00601044,0.00601044,0.000150261,0.180903,0.108088,-3.33533e-05,7.23918,results/mhd_runner/glm_sweep/ot_runs/divergence/ot_glm_sweep_coarse_n128_gi_mixed_eglm_ch4_sub8_cd0p5_gi_mixed_eglm.csv
orszag_tang,gi_mixed_eglm,128,finished,4.0,nan,0.5,4,8.85677,0.138669,0.00599293,0.00599293,0.00014982325,0.180007,0.108088,-3.33824e-05,7.15558,results/mhd_runner/glm_sweep/ot_runs/divergence/ot_glm_sweep_coarse_n128_gi_mixed_eglm_ch4_sub4_cd0p5_gi_mixed_eglm.csv
orszag_tang,gi_mixed_eglm,128,finished,4.0,nan,0.5,2,8.85677,0.138669,0.00599293,0.00599293,0.00014982325,0.180007,0.108088,-3.33824e-05,7.51829,results/mhd_runner/glm_sweep/ot_runs/divergence/ot_glm_sweep_coarse_n128_gi_mixed_eglm_ch4_sub2_cd0p5_gi_mixed_eglm.csv
orszag_tang,gi_mixed_eglm,128,finished,4.0,nan,0.5,1,8.85677,0.138669,0.00599293,0.00599293,0.00014982325,0.180007,0.108088,-3.33824e-05,7.54442,results/mhd_runner/glm_sweep/ot_runs/divergence/ot_glm_sweep_coarse_n128_gi_mixed_eglm_ch4_sub1_cd0p5_gi_mixed_eglm.csv
orszag_tang,gi_mixed_eglm,128,finished,4.0,nan,0.2,8,8.85677,0.0643562,0.00640994,0.00640994,0.00016024850000000002,0.197145,0.108089,-3.34862e-05,8.01283,results/mhd_runner/glm_sweep/ot_runs/divergence/ot_glm_sweep_coarse_n128_gi_mixed_eglm_ch4_sub8_cd0p2_gi_mixed_eglm.csv
orszag_tang,gi_mixed_eglm,128,finished,4.0,nan,0.2,2,8.85677,0.0910134,0.00640445,0.00640445,0.00016011125,0.196856,0.108089,-3.3493e-05,7.17255,results/mhd_runner/glm_sweep/ot_runs/divergence/ot_glm_sweep_coarse_n128_gi_mixed_eglm_ch4_sub2_cd0p2_gi_mixed_eglm.csv
orszag_tang,gi_mixed_eglm,128,finished,4.0,nan,0.2,4,8.85677,0.0910134,0.00640445,0.00640445,0.00016011125,0.196856,0.108089,-3.3493e-05,7.20558,results/mhd_runner/glm_sweep/ot_runs/divergence/ot_glm_sweep_coarse_n128_gi_mixed_eglm_ch4_sub4_cd0p2_gi_mixed_eglm.csv
orszag_tang,gi_mixed_eglm,128,finished,4.0,nan,0.2,1,8.85677,0.0910134,0.00640445,0.00640445,0.00016011125,0.196856,0.108089,-3.3493e-05,7.53275,results/mhd_runner/glm_sweep/ot_runs/divergence/ot_glm_sweep_coarse_n128_gi_mixed_eglm_ch4_sub1_cd0p2_gi_mixed_eglm.csv
orszag_tang,gi_mixed_eglm,128,finished,4.0,nan,0.1,8,8.85677,0.0538058,0.00649398,0.00649398,0.0001623495,0.200626,0.108089,-3.3502e-05,7.23501,results/mhd_runner/glm_sweep/ot_runs/divergence/ot_glm_sweep_coarse_n128_gi_mixed_eglm_ch4_sub8_cd0p1_gi_mixed_eglm.csv
orszag_tang,gi_mixed_eglm,128,finished,4.0,nan,0.1,2,8.85677,0.0760929,0.00649168,0.00649168,0.000162292,0.200501,0.108089,-3.35032e-05,7.17277,results/mhd_runner/glm_sweep/ot_runs/divergence/ot_glm_sweep_coarse_n128_gi_mixed_eglm_ch4_sub2_cd0p1_gi_mixed_eglm.csv
orszag_tang,gi_mixed_eglm,128,finished,4.0,nan,0.1,1,8.85677,0.0760929,0.00649168,0.00649168,0.000162292,0.200501,0.108089,-3.35032e-05,7.20068,results/mhd_runner/glm_sweep/ot_runs/divergence/ot_glm_sweep_coarse_n128_gi_mixed_eglm_ch4_sub1_cd0p1_gi_mixed_eglm.csv
orszag_tang,gi_mixed_eglm,128,finished,4.0,nan,0.1,4,8.85677,0.0760929,0.00649168,0.00649168,0.000162292,0.200501,0.108089,-3.35032e-05,7.94483,results/mhd_runner/glm_sweep/ot_runs/divergence/ot_glm_sweep_coarse_n128_gi_mixed_eglm_ch4_sub4_cd0p1_gi_mixed_eglm.csv
orszag_tang,gi_mixed_eglm,128,finished,4.0,nan,0.05,2,8.85677,0.0667121,0.00652963,0.00652963,0.00016324075,0.202094,0.108089,-3.35063e-05,7.17588,results/mhd_runner/glm_sweep/ot_runs/divergence/ot_glm_sweep_coarse_n128_gi_mixed_eglm_ch4_sub2_cd0p05_gi_mixed_eglm.csv
orszag_tang,gi_mixed_eglm,128,finished,4.0,nan,0.05,1,8.85677,0.0667121,0.00652963,0.00652963,0.00016324075,0.202094,0.108089,-3.35063e-05,7.17597,results/mhd_runner/glm_sweep/ot_runs/divergence/ot_glm_sweep_coarse_n128_gi_mixed_eglm_ch4_sub1_cd0p05_gi_mixed_eglm.csv
orszag_tang,gi_mixed_eglm,128,finished,4.0,nan,0.05,4,8.85677,0.0667121,0.00652963,0.00652963,0.00016324075,0.202094,0.108089,-3.35063e-05,7.18625,results/mhd_runner/glm_sweep/ot_runs/divergence/ot_glm_sweep_coarse_n128_gi_mixed_eglm_ch4_sub4_cd0p05_gi_mixed_eglm.csv
orszag_tang,gi_mixed_eglm,128,finished,4.0,nan,0.03,1,8.85677,0.0616619,0.00654391,0.00654391,0.00016359775,0.202695,0.108089,-3.35073e-05,7.18623,results/mhd_runner/glm_sweep/ot_runs/divergence/ot_glm_sweep_coarse_n128_gi_mixed_eglm_ch4_sub1_cd0p03_gi_mixed_eglm.csv
orszag_tang,gi_mixed_eglm,128,finished,4.0,nan,0.03,4,8.85677,0.0616619,0.00654391,0.00654391,0.00016359775,0.202695,0.108089,-3.35073e-05,7.95389,results/mhd_runner/glm_sweep/ot_runs/divergence/ot_glm_sweep_coarse_n128_gi_mixed_eglm_ch4_sub4_cd0p03_gi_mixed_eglm.csv
orszag_tang,gi_mixed_eglm,128,finished,4.0,nan,0.03,2,8.85677,0.0616619,0.00654391,0.00654391,0.00016359775,0.202695,0.108089,-3.35073e-05,7.97233,results/mhd_runner/glm_sweep/ot_runs/divergence/ot_glm_sweep_coarse_n128_gi_mixed_eglm_ch4_sub2_cd0p03_gi_mixed_eglm.csv
orszag_tang,gi_mixed_eglm,128,finished,4.0,nan,0.05,8,8.85677,0.0471726,0.00653049,0.00653049,0.00016326225000000001,0.202145,0.108089,-3.35076e-05,7.43265,results/mhd_runner/glm_sweep/ot_runs/divergence/ot_glm_sweep_coarse_n128_gi_mixed_eglm_ch4_sub8_cd0p05_gi_mixed_eglm.csv
orszag_tang,gi_mixed_eglm,128,finished,4.0,nan,0.01,4,8.85677,0.0538067,0.00655772,0.00655772,0.00016394300000000003,0.203277,0.108089,-3.35081e-05,7.17411,results/mhd_runner/glm_sweep/ot_runs/divergence/ot_glm_sweep_coarse_n128_gi_mixed_eglm_ch4_sub4_cd0p01_gi_mixed_eglm.csv
orszag_tang,gi_mixed_eglm,128,finished,4.0,nan,0.01,1,8.85677,0.0538067,0.00655772,0.00655772,0.00016394300000000003,0.203277,0.108089,-3.35081e-05,7.18595,results/mhd_runner/glm_sweep/ot_runs/divergence/ot_glm_sweep_coarse_n128_gi_mixed_eglm_ch4_sub1_cd0p01_gi_mixed_eglm.csv
orszag_tang,gi_mixed_eglm,128,finished,4.0,nan,0.01,2,8.85677,0.0538067,0.00655772,0.00655772,0.00016394300000000003,0.203277,0.108089,-3.35081e-05,7.99014,results/mhd_runner/glm_sweep/ot_runs/divergence/ot_glm_sweep_coarse_n128_gi_mixed_eglm_ch4_sub2_cd0p01_gi_mixed_eglm.csv
orszag_tang,gi_mixed_eglm,128,finished,4.0,nan,0.03,8,8.85677,0.0436016,0.00654421,0.00654421,0.00016360525000000002,0.202717,0.108089,-3.35096e-05,7.248,results/mhd_runner/glm_sweep/ot_runs/divergence/ot_glm_sweep_coarse_n128_gi_mixed_eglm_ch4_sub8_cd0p03_gi_mixed_eglm.csv
orszag_tang,gi_mixed_eglm,128,finished,4.0,nan,0.01,8,8.85677,0.0380471,0.00655747,0.00655747,0.00016393675,0.20327,0.108089,-3.35113e-05,7.60519,results/mhd_runner/glm_sweep/ot_runs/divergence/ot_glm_sweep_coarse_n128_gi_mixed_eglm_ch4_sub8_cd0p01_gi_mixed_eglm.csv
orszag_tang,mixed_eglm,128,finished,16.0,nan,0.5,2,35.4271,0.277179,0.0117124,0.0117124,0.00029281,0.273295,0.109237,-3.36797e-05,14.9221,results/mhd_runner/glm_sweep/ot_runs/divergence/ot_glm_sweep_coarse_n128_mixed_eglm_ch16_sub2_cd0p5_mixed_eglm.csv
orszag_tang,mixed_eglm,128,finished,16.0,nan,0.5,8,35.4271,0.277179,0.0117124,0.0117124,0.00029281,0.273295,0.109237,-3.36797e-05,15.7352,results/mhd_runner/glm_sweep/ot_runs/divergence/ot_glm_sweep_coarse_n128_mixed_eglm_ch16_sub8_cd0p5_mixed_eglm.csv
orszag_tang,mixed_eglm,128,finished,16.0,nan,0.5,1,35.4271,0.277179,0.0117124,0.0117124,0.00029281,0.273295,0.109237,-3.36797e-05,16.4063,results/mhd_runner/glm_sweep/ot_runs/divergence/ot_glm_sweep_coarse_n128_mixed_eglm_ch16_sub1_cd0p5_mixed_eglm.csv
orszag_tang,mixed_eglm,128,finished,16.0,nan,0.5,4,35.4271,0.277179,0.0117124,0.0117124,0.00029281,0.273295,0.109237,-3.36797e-05,16.4513,results/mhd_runner/glm_sweep/ot_runs/divergence/ot_glm_sweep_coarse_n128_mixed_eglm_ch16_sub4_cd0p5_mixed_eglm.csv
orszag_tang,mixed_eglm,64,finished,8.0,nan,0.5,8,17.6953,0.181872,0.0218532,0.0218532,0.00054633,0.289436,0.109092,-3.48046e-05,1.30241,results/mhd_runner/glm_sweep/ot_runs/divergence/ot_glm_sweep_coarse_n64_mixed_eglm_ch8_sub8_cd0p5_mixed_eglm.csv
orszag_tang,mixed_eglm,128,finished,16.0,0.05,nan,1,35.4271,1.33092,0.00208628,0.00208628,5.2156999999999995e-05,0.0504141,0.109364,-3.49726e-05,14.8338,results/mhd_runner/glm_sweep/ot_runs/divergence/ot_glm_sweep_coarse_n128_mixed_eglm_ch16_sub1_cr0p05_mixed_eglm.csv
orszag_tang,mixed_eglm,128,finished,16.0,0.05,nan,4,35.4271,1.33092,0.00208628,0.00208628,5.2156999999999995e-05,0.0504141,0.109364,-3.49726e-05,15.5734,results/mhd_runner/glm_sweep/ot_runs/divergence/ot_glm_sweep_coarse_n128_mixed_eglm_ch16_sub4_cr0p05_mixed_eglm.csv
orszag_tang,mixed_eglm,128,finished,16.0,0.05,nan,2,35.4271,1.33092,0.00208628,0.00208628,5.2156999999999995e-05,0.0504141,0.109364,-3.49726e-05,15.5906,results/mhd_runner/glm_sweep/ot_runs/divergence/ot_glm_sweep_coarse_n128_mixed_eglm_ch16_sub2_cr0p05_mixed_eglm.csv
orszag_tang,mixed_eglm,128,finished,16.0,0.05,nan,8,35.4271,1.33092,0.00208628,0.00208628,5.2156999999999995e-05,0.0504141,0.109364,-3.49726e-05,16.4542,results/mhd_runner/glm_sweep/ot_runs/divergence/ot_glm_sweep_coarse_n128_mixed_eglm_ch16_sub8_cr0p05_mixed_eglm.csv
orszag_tang,gi_mixed_eglm,128,finished,8.0,0.05,nan,1,17.7135,0.941104,0.00233983,0.00233983,5.8495750000000007e-05,0.0641904,0.108642,-3.5366e-05,10.0812,results/mhd_runner/glm_sweep/ot_runs/divergence/ot_glm_sweep_coarse_n128_gi_mixed_eglm_ch8_sub1_cr0p05_gi_mixed_eglm.csv
orszag_tang,gi_mixed_eglm,128,finished,8.0,0.05,nan,4,17.7135,0.941104,0.00233983,0.00233983,5.8495750000000007e-05,0.0641904,0.108642,-3.5366e-05,10.0945,results/mhd_runner/glm_sweep/ot_runs/divergence/ot_glm_sweep_coarse_n128_gi_mixed_eglm_ch8_sub4_cr0p05_gi_mixed_eglm.csv
orszag_tang,gi_mixed_eglm,128,finished,8.0,0.05,nan,2,17.7135,0.941104,0.00233983,0.00233983,5.8495750000000007e-05,0.0641904,0.108642,-3.5366e-05,10.1099,results/mhd_runner/glm_sweep/ot_runs/divergence/ot_glm_sweep_coarse_n128_gi_mixed_eglm_ch8_sub2_cr0p05_gi_mixed_eglm.csv
orszag_tang,gi_mixed_eglm,128,finished,8.0,0.05,nan,8,17.7135,0.941104,0.00233983,0.00233983,5.8495750000000007e-05,0.0641904,0.108642,-3.5366e-05,11.206,results/mhd_runner/glm_sweep/ot_runs/divergence/ot_glm_sweep_coarse_n128_gi_mixed_eglm_ch8_sub8_cr0p05_gi_mixed_eglm.csv
orszag_tang,mixed_eglm,64,finished,8.0,nan,0.5,1,17.6953,0.257206,0.021754,0.021754,0.00054385,0.287569,0.109092,-3.53862e-05,1.16229,results/mhd_runner/glm_sweep/ot_runs/divergence/ot_glm_sweep_coarse_n64_mixed_eglm_ch8_sub1_cd0p5_mixed_eglm.csv
orszag_tang,mixed_eglm,64,finished,8.0,nan,0.5,4,17.6953,0.257206,0.021754,0.021754,0.00054385,0.287569,0.109092,-3.53862e-05,1.2302,results/mhd_runner/glm_sweep/ot_runs/divergence/ot_glm_sweep_coarse_n64_mixed_eglm_ch8_sub4_cd0p5_mixed_eglm.csv
orszag_tang,mixed_eglm,64,finished,8.0,nan,0.5,2,17.6953,0.257206,0.021754,0.021754,0.00054385,0.287569,0.109092,-3.53862e-05,1.28818,results/mhd_runner/glm_sweep/ot_runs/divergence/ot_glm_sweep_coarse_n64_mixed_eglm_ch8_sub2_cd0p5_mixed_eglm.csv
orszag_tang,mixed_eglm,64,finished,16.0,nan,0.2,8,35.3905,0.237234,0.0303104,0.0303104,0.0007577600000000001,0.347552,0.109676,-4.09745e-05,1.79422,results/mhd_runner/glm_sweep/ot_runs/divergence/ot_glm_sweep_coarse_n64_mixed_eglm_ch16_sub8_cd0p2_mixed_eglm.csv
orszag_tang,mixed_eglm,64,finished,16.0,nan,0.2,2,35.3905,0.253613,0.0302935,0.0302935,0.0007573375,0.3473,0.109676,-4.11403e-05,1.78516,results/mhd_runner/glm_sweep/ot_runs/divergence/ot_glm_sweep_coarse_n64_mixed_eglm_ch16_sub2_cd0p2_mixed_eglm.csv
orszag_tang,mixed_eglm,64,finished,16.0,nan,0.2,1,35.3905,0.253613,0.0302935,0.0302935,0.0007573375,0.3473,0.109676,-4.11403e-05,1.79772,results/mhd_runner/glm_sweep/ot_runs/divergence/ot_glm_sweep_coarse_n64_mixed_eglm_ch16_sub1_cd0p2_mixed_eglm.csv
orszag_tang,mixed_eglm,64,finished,16.0,nan,0.2,4,35.3905,0.253613,0.0302935,0.0302935,0.0007573375,0.3473,0.109676,-4.11403e-05,1.86749,results/mhd_runner/glm_sweep/ot_runs/divergence/ot_glm_sweep_coarse_n64_mixed_eglm_ch16_sub4_cd0p2_mixed_eglm.csv
orszag_tang,gi_mixed_eglm,128,finished,8.0,0.03,nan,2,17.7135,0.728976,0.00312132,0.00312132,7.8033e-05,0.0817174,0.108634,-4.54524e-05,10.0339,results/mhd_runner/glm_sweep/ot_runs/divergence/ot_glm_sweep_coarse_n128_gi_mixed_eglm_ch8_sub2_cr0p03_gi_mixed_eglm.csv
orszag_tang,gi_mixed_eglm,128,finished,8.0,0.03,nan,8,17.7135,0.728976,0.00312132,0.00312132,7.8033e-05,0.0817174,0.108634,-4.54524e-05,10.0647,results/mhd_runner/glm_sweep/ot_runs/divergence/ot_glm_sweep_coarse_n128_gi_mixed_eglm_ch8_sub8_cr0p03_gi_mixed_eglm.csv
orszag_tang,gi_mixed_eglm,128,finished,8.0,0.03,nan,1,17.7135,0.728976,0.00312132,0.00312132,7.8033e-05,0.0817174,0.108634,-4.54524e-05,10.588,results/mhd_runner/glm_sweep/ot_runs/divergence/ot_glm_sweep_coarse_n128_gi_mixed_eglm_ch8_sub1_cr0p03_gi_mixed_eglm.csv
orszag_tang,gi_mixed_eglm,128,finished,8.0,0.03,nan,4,17.7135,0.728976,0.00312132,0.00312132,7.8033e-05,0.0817174,0.108634,-4.54524e-05,11.2018,results/mhd_runner/glm_sweep/ot_runs/divergence/ot_glm_sweep_coarse_n128_gi_mixed_eglm_ch8_sub4_cr0p03_gi_mixed_eglm.csv
orszag_tang,gi_mixed_eglm,64,finished,4.0,0.1,nan,2,8.84763,0.940618,0.00691944,0.00691944,0.000172986,0.106807,0.108454,-4.84097e-05,0.868882,results/mhd_runner/glm_sweep/ot_runs/divergence/ot_glm_sweep_coarse_n64_gi_mixed_eglm_ch4_sub2_cr0p1_gi_mixed_eglm.csv
orszag_tang,gi_mixed_eglm,64,finished,4.0,0.1,nan,1,8.84763,0.940618,0.00691944,0.00691944,0.000172986,0.106807,0.108454,-4.84097e-05,0.90311,results/mhd_runner/glm_sweep/ot_runs/divergence/ot_glm_sweep_coarse_n64_gi_mixed_eglm_ch4_sub1_cr0p1_gi_mixed_eglm.csv
orszag_tang,gi_mixed_eglm,64,finished,4.0,0.1,nan,4,8.84763,0.940618,0.00691848,0.00691848,0.00017296200000000003,0.106801,0.108454,-4.84116e-05,0.937935,results/mhd_runner/glm_sweep/ot_runs/divergence/ot_glm_sweep_coarse_n64_gi_mixed_eglm_ch4_sub4_cr0p1_gi_mixed_eglm.csv
orszag_tang,gi_mixed_eglm,64,finished,4.0,0.1,nan,8,8.84763,0.940618,0.00691802,0.00691802,0.0001729505,0.106798,0.108454,-4.84125e-05,0.858491,results/mhd_runner/glm_sweep/ot_runs/divergence/ot_glm_sweep_coarse_n64_gi_mixed_eglm_ch4_sub8_cr0p1_gi_mixed_eglm.csv
orszag_tang,mixed_eglm,128,finished,16.0,0.03,nan,8,35.4271,1.03093,0.00291981,0.00291981,7.299525e-05,0.0724646,0.109348,-4.86401e-05,14.8831,results/mhd_runner/glm_sweep/ot_runs/divergence/ot_glm_sweep_coarse_n128_mixed_eglm_ch16_sub8_cr0p03_mixed_eglm.csv
orszag_tang,mixed_eglm,128,finished,16.0,0.03,nan,1,35.4271,1.03093,0.00291981,0.00291981,7.299525e-05,0.0724646,0.109348,-4.86401e-05,15.5555,results/mhd_runner/glm_sweep/ot_runs/divergence/ot_glm_sweep_coarse_n128_mixed_eglm_ch16_sub1_cr0p03_mixed_eglm.csv
orszag_tang,mixed_eglm,128,finished,16.0,0.03,nan,2,35.4271,1.03093,0.00291981,0.00291981,7.299525e-05,0.0724646,0.109348,-4.86401e-05,15.6093,results/mhd_runner/glm_sweep/ot_runs/divergence/ot_glm_sweep_coarse_n128_mixed_eglm_ch16_sub2_cr0p03_mixed_eglm.csv
orszag_tang,mixed_eglm,128,finished,16.0,0.03,nan,4,35.4271,1.03093,0.00291981,0.00291981,7.299525e-05,0.0724646,0.109348,-4.86401e-05,16.4565,results/mhd_runner/glm_sweep/ot_runs/divergence/ot_glm_sweep_coarse_n128_mixed_eglm_ch16_sub4_cr0p03_mixed_eglm.csv
orszag_tang,gi_mixed_eglm,128,finished,16.0,0.05,nan,1,35.4271,1.33092,0.00211635,0.00211635,5.290875e-05,0.0559032,0.109359,-5.05744e-05,15.6803,results/mhd_runner/glm_sweep/ot_runs/divergence/ot_glm_sweep_coarse_n128_gi_mixed_eglm_ch16_sub1_cr0p05_gi_mixed_eglm.csv
orszag_tang,gi_mixed_eglm,128,finished,16.0,0.05,nan,4,35.4271,1.33092,0.00211635,0.00211635,5.290875e-05,0.0559032,0.109359,-5.05744e-05,15.7072,results/mhd_runner/glm_sweep/ot_runs/divergence/ot_glm_sweep_coarse_n128_gi_mixed_eglm_ch16_sub4_cr0p05_gi_mixed_eglm.csv
orszag_tang,gi_mixed_eglm,128,finished,16.0,0.05,nan,8,35.4271,1.33092,0.00211635,0.00211635,5.290875e-05,0.0559032,0.109359,-5.05744e-05,15.7467,results/mhd_runner/glm_sweep/ot_runs/divergence/ot_glm_sweep_coarse_n128_gi_mixed_eglm_ch16_sub8_cr0p05_gi_mixed_eglm.csv
orszag_tang,gi_mixed_eglm,128,finished,16.0,0.05,nan,2,35.4271,1.33092,0.00211635,0.00211635,5.290875e-05,0.0559032,0.109359,-5.05744e-05,16.5267,results/mhd_runner/glm_sweep/ot_runs/divergence/ot_glm_sweep_coarse_n128_gi_mixed_eglm_ch16_sub2_cr0p05_gi_mixed_eglm.csv
orszag_tang,gi_mixed_eglm,64,finished,4.0,nan,0.01,1,8.84763,0.0703299,0.019217,0.019217,0.00048042500000000004,0.301864,0.108429,-5.72505e-05,0.901031,results/mhd_runner/glm_sweep/ot_runs/divergence/ot_glm_sweep_coarse_n64_gi_mixed_eglm_ch4_sub1_cd0p01_gi_mixed_eglm.csv
orszag_tang,gi_mixed_eglm,64,finished,4.0,nan,0.01,2,8.84763,0.0703299,0.019217,0.019217,0.00048042500000000004,0.301864,0.108429,-5.72505e-05,0.950643,results/mhd_runner/glm_sweep/ot_runs/divergence/ot_glm_sweep_coarse_n64_gi_mixed_eglm_ch4_sub2_cd0p01_gi_mixed_eglm.csv
orszag_tang,gi_mixed_eglm,64,finished,4.0,nan,0.01,4,8.84763,0.0497308,0.0192156,0.0192156,0.00048039,0.301843,0.108429,-5.72552e-05,0.938716,results/mhd_runner/glm_sweep/ot_runs/divergence/ot_glm_sweep_coarse_n64_gi_mixed_eglm_ch4_sub4_cd0p01_gi_mixed_eglm.csv
orszag_tang,gi_mixed_eglm,64,finished,4.0,0.05,nan,2,8.84763,0.665117,0.00859382,0.00859382,0.00021484550000000003,0.131757,0.108447,-5.72569e-05,0.873095,results/mhd_runner/glm_sweep/ot_runs/divergence/ot_glm_sweep_coarse_n64_gi_mixed_eglm_ch4_sub2_cr0p05_gi_mixed_eglm.csv
orszag_tang,gi_mixed_eglm,64,finished,4.0,0.05,nan,1,8.84763,0.665117,0.00859382,0.00859382,0.00021484550000000003,0.131757,0.108447,-5.72569e-05,0.878007,results/mhd_runner/glm_sweep/ot_runs/divergence/ot_glm_sweep_coarse_n64_gi_mixed_eglm_ch4_sub1_cr0p05_gi_mixed_eglm.csv
orszag_tang,gi_mixed_eglm,64,finished,4.0,nan,0.01,8,8.84763,0.035165,0.0192151,0.0192151,0.0004803775,0.301836,0.108429,-5.7257e-05,0.917502,results/mhd_runner/glm_sweep/ot_runs/divergence/ot_glm_sweep_coarse_n64_gi_mixed_eglm_ch4_sub8_cd0p01_gi_mixed_eglm.csv
orszag_tang,gi_mixed_eglm,64,finished,4.0,0.05,nan,4,8.84763,0.665117,0.00859229,0.00859229,0.00021480725000000002,0.13173,0.108447,-5.72617e-05,0.905791,results/mhd_runner/glm_sweep/ot_runs/divergence/ot_glm_sweep_coarse_n64_gi_mixed_eglm_ch4_sub4_cr0p05_gi_mixed_eglm.csv
orszag_tang,gi_mixed_eglm,64,finished,4.0,0.05,nan,8,8.84763,0.665117,0.00859151,0.00859151,0.00021478775000000001,0.131717,0.108447,-5.72642e-05,0.899074,results/mhd_runner/glm_sweep/ot_runs/divergence/ot_glm_sweep_coarse_n64_gi_mixed_eglm_ch4_sub8_cr0p05_gi_mixed_eglm.csv
orszag_tang,gi_mixed_eglm,64,finished,4.0,nan,0.03,8,8.84763,0.0402982,0.0191637,0.0191637,0.0004790925,0.30083,0.108429,-5.7349e-05,0.975635,results/mhd_runner/glm_sweep/ot_runs/divergence/ot_glm_sweep_coarse_n64_gi_mixed_eglm_ch4_sub8_cd0p03_gi_mixed_eglm.csv
orszag_tang,gi_mixed_eglm,64,finished,4.0,nan,0.03,1,8.84763,0.0805964,0.0191632,0.0191632,0.00047908,0.3008,0.108429,-5.73491e-05,0.865642,results/mhd_runner/glm_sweep/ot_runs/divergence/ot_glm_sweep_coarse_n64_gi_mixed_eglm_ch4_sub1_cd0p03_gi_mixed_eglm.csv
orszag_tang,gi_mixed_eglm,64,finished,4.0,nan,0.03,2,8.84763,0.0805964,0.0191632,0.0191632,0.00047908,0.3008,0.108429,-5.73491e-05,0.903001,results/mhd_runner/glm_sweep/ot_runs/divergence/ot_glm_sweep_coarse_n64_gi_mixed_eglm_ch4_sub2_cd0p03_gi_mixed_eglm.csv
orszag_tang,gi_mixed_eglm,64,finished,4.0,nan,0.03,4,8.84763,0.0569902,0.0191632,0.0191632,0.00047908,0.300812,0.108429,-5.735e-05,0.871054,results/mhd_runner/glm_sweep/ot_runs/divergence/ot_glm_sweep_coarse_n64_gi_mixed_eglm_ch4_sub4_cd0p03_gi_mixed_eglm.csv
orszag_tang,gi_mixed_eglm,64,finished,4.0,nan,0.05,8,8.84763,0.0435981,0.0191107,0.0191107,0.00047776750000000004,0.299792,0.108429,-5.74436e-05,0.881689,results/mhd_runner/glm_sweep/ot_runs/divergence/ot_glm_sweep_coarse_n64_gi_mixed_eglm_ch4_sub8_cd0p05_gi_mixed_eglm.csv
orszag_tang,gi_mixed_eglm,64,finished,4.0,nan,0.05,4,8.84763,0.061657,0.0191091,0.0191091,0.0004777275,0.299749,0.108429,-5.74475e-05,0.886524,results/mhd_runner/glm_sweep/ot_runs/divergence/ot_glm_sweep_coarse_n64_gi_mixed_eglm_ch4_sub4_cd0p05_gi_mixed_eglm.csv
orszag_tang,gi_mixed_eglm,64,finished,4.0,nan,0.05,2,8.84763,0.0871961,0.0191076,0.0191076,0.00047769,0.299703,0.108429,-5.74505e-05,0.851651,results/mhd_runner/glm_sweep/ot_runs/divergence/ot_glm_sweep_coarse_n64_gi_mixed_eglm_ch4_sub2_cd0p05_gi_mixed_eglm.csv
orszag_tang,gi_mixed_eglm,64,finished,4.0,nan,0.05,1,8.84763,0.0871961,0.0191076,0.0191076,0.00047769,0.299703,0.108429,-5.74505e-05,0.854464,results/mhd_runner/glm_sweep/ot_runs/divergence/ot_glm_sweep_coarse_n64_gi_mixed_eglm_ch4_sub1_cd0p05_gi_mixed_eglm.csv
orszag_tang,gi_mixed_eglm,128,finished,8.0,nan,0.01,1,17.7135,0.0759362,0.0100987,0.0100987,0.00025246750000000004,0.28423,0.108601,-5.75485e-05,10.0382,results/mhd_runner/glm_sweep/ot_runs/divergence/ot_glm_sweep_coarse_n128_gi_mixed_eglm_ch8_sub1_cd0p01_gi_mixed_eglm.csv
orszag_tang,gi_mixed_eglm,128,finished,8.0,nan,0.01,8,17.7135,0.0759362,0.0100987,0.0100987,0.00025246750000000004,0.28423,0.108601,-5.75485e-05,10.6567,results/mhd_runner/glm_sweep/ot_runs/divergence/ot_glm_sweep_coarse_n128_gi_mixed_eglm_ch8_sub8_cd0p01_gi_mixed_eglm.csv
orszag_tang,gi_mixed_eglm,128,finished,8.0,nan,0.01,2,17.7135,0.0759362,0.0100987,0.0100987,0.00025246750000000004,0.28423,0.108601,-5.75485e-05,11.244,results/mhd_runner/glm_sweep/ot_runs/divergence/ot_glm_sweep_coarse_n128_gi_mixed_eglm_ch8_sub2_cd0p01_gi_mixed_eglm.csv
orszag_tang,gi_mixed_eglm,128,finished,8.0,nan,0.01,4,17.7135,0.0759362,0.0100987,0.0100987,0.00025246750000000004,0.28423,0.108601,-5.75485e-05,11.2515,results/mhd_runner/glm_sweep/ot_runs/divergence/ot_glm_sweep_coarse_n128_gi_mixed_eglm_ch8_sub4_cd0p01_gi_mixed_eglm.csv
orszag_tang,gi_mixed_eglm,128,finished,8.0,nan,0.03,2,17.7135,0.0870222,0.0100667,0.0100667,0.0002516675,0.283063,0.108601,-5.7631e-05,10.0631,results/mhd_runner/glm_sweep/ot_runs/divergence/ot_glm_sweep_coarse_n128_gi_mixed_eglm_ch8_sub2_cd0p03_gi_mixed_eglm.csv
orszag_tang,gi_mixed_eglm,128,finished,8.0,nan,0.03,8,17.7135,0.0870222,0.0100667,0.0100667,0.0002516675,0.283063,0.108601,-5.7631e-05,10.0969,results/mhd_runner/glm_sweep/ot_runs/divergence/ot_glm_sweep_coarse_n128_gi_mixed_eglm_ch8_sub8_cd0p03_gi_mixed_eglm.csv
orszag_tang,gi_mixed_eglm,128,finished,8.0,nan,0.03,1,17.7135,0.0870222,0.0100667,0.0100667,0.0002516675,0.283063,0.108601,-5.7631e-05,10.1204,results/mhd_runner/glm_sweep/ot_runs/divergence/ot_glm_sweep_coarse_n128_gi_mixed_eglm_ch8_sub1_cd0p03_gi_mixed_eglm.csv
orszag_tang,gi_mixed_eglm,128,finished,8.0,nan,0.03,4,17.7135,0.0870222,0.0100667,0.0100667,0.0002516675,0.283063,0.108601,-5.7631e-05,11.2004,results/mhd_runner/glm_sweep/ot_runs/divergence/ot_glm_sweep_coarse_n128_gi_mixed_eglm_ch8_sub4_cd0p03_gi_mixed_eglm.csv
orszag_tang,gi_mixed_eglm,64,finished,4.0,nan,0.1,8,8.84763,0.0497269,0.0189701,0.0189701,0.00047425250000000005,0.297048,0.108429,-5.76919e-05,0.876689,results/mhd_runner/glm_sweep/ot_runs/divergence/ot_glm_sweep_coarse_n64_gi_mixed_eglm_ch4_sub8_cd0p1_gi_mixed_eglm.csv
orszag_tang,gi_mixed_eglm,64,finished,4.0,nan,0.1,4,8.84763,0.0703245,0.0189657,0.0189657,0.0004741425,0.296938,0.108429,-5.77036e-05,0.868188,results/mhd_runner/glm_sweep/ot_runs/divergence/ot_glm_sweep_coarse_n64_gi_mixed_eglm_ch4_sub4_cd0p1_gi_mixed_eglm.csv
orszag_tang,gi_mixed_eglm,128,finished,8.0,nan,0.05,4,17.7135,0.0941496,0.0100336,0.0100336,0.00025084,0.28186,0.108601,-5.77158e-05,10.1024,results/mhd_runner/glm_sweep/ot_runs/divergence/ot_glm_sweep_coarse_n128_gi_mixed_eglm_ch8_sub4_cd0p05_gi_mixed_eglm.csv
orszag_tang,gi_mixed_eglm,128,finished,8.0,nan,0.05,2,17.7135,0.0941496,0.0100336,0.0100336,0.00025084,0.28186,0.108601,-5.77158e-05,10.1206,results/mhd_runner/glm_sweep/ot_runs/divergence/ot_glm_sweep_coarse_n128_gi_mixed_eglm_ch8_sub2_cd0p05_gi_mixed_eglm.csv
orszag_tang,gi_mixed_eglm,128,finished,8.0,nan,0.05,8,17.7135,0.0941496,0.0100336,0.0100336,0.00025084,0.28186,0.108601,-5.77158e-05,10.1705,results/mhd_runner/glm_sweep/ot_runs/divergence/ot_glm_sweep_coarse_n128_gi_mixed_eglm_ch8_sub8_cd0p05_gi_mixed_eglm.csv
orszag_tang,gi_mixed_eglm,128,finished,8.0,nan,0.05,1,17.7135,0.0941496,0.0100336,0.0100336,0.00025084,0.28186,0.108601,-5.77158e-05,10.5859,results/mhd_runner/glm_sweep/ot_runs/divergence/ot_glm_sweep_coarse_n128_gi_mixed_eglm_ch8_sub1_cd0p05_gi_mixed_eglm.csv
orszag_tang,gi_mixed_eglm,64,finished,4.0,nan,0.1,2,8.84763,0.0994538,0.0189605,0.0189605,0.00047401250000000006,0.296805,0.108429,-5.77166e-05,0.858636,results/mhd_runner/glm_sweep/ot_runs/divergence/ot_glm_sweep_coarse_n64_gi_mixed_eglm_ch4_sub2_cd0p1_gi_mixed_eglm.csv
orszag_tang,gi_mixed_eglm,64,finished,4.0,nan,0.1,1,8.84763,0.0994538,0.0189605,0.0189605,0.00047401250000000006,0.296805,0.108429,-5.77166e-05,0.901616,results/mhd_runner/glm_sweep/ot_runs/divergence/ot_glm_sweep_coarse_n64_gi_mixed_eglm_ch4_sub1_cd0p1_gi_mixed_eglm.csv
orszag_tang,gi_mixed_eglm,128,finished,8.0,nan,0.1,4,17.7135,0.107389,0.00994606,0.00994606,0.0002486515,0.278682,0.108601,-5.79381e-05,10.1274,results/mhd_runner/glm_sweep/ot_runs/divergence/ot_glm_sweep_coarse_n128_gi_mixed_eglm_ch8_sub4_cd0p1_gi_mixed_eglm.csv
orszag_tang,gi_mixed_eglm,128,finished,8.0,nan,0.1,1,17.7135,0.107389,0.00994606,0.00994606,0.0002486515,0.278682,0.108601,-5.79381e-05,10.5929,results/mhd_runner/glm_sweep/ot_runs/divergence/ot_glm_sweep_coarse_n128_gi_mixed_eglm_ch8_sub1_cd0p1_gi_mixed_eglm.csv
orszag_tang,gi_mixed_eglm,128,finished,8.0,nan,0.1,2,17.7135,0.107389,0.00994606,0.00994606,0.0002486515,0.278682,0.108601,-5.79381e-05,10.6237,results/mhd_runner/glm_sweep/ot_runs/divergence/ot_glm_sweep_coarse_n128_gi_mixed_eglm_ch8_sub2_cd0p1_gi_mixed_eglm.csv
orszag_tang,gi_mixed_eglm,128,finished,8.0,nan,0.1,8,17.7135,0.107389,0.00994606,0.00994606,0.0002486515,0.278682,0.108601,-5.79381e-05,11.255,results/mhd_runner/glm_sweep/ot_runs/divergence/ot_glm_sweep_coarse_n128_gi_mixed_eglm_ch8_sub8_cd0p1_gi_mixed_eglm.csv
orszag_tang,gi_mixed_eglm,64,finished,4.0,nan,0.2,8,8.84763,0.0594727,0.0186492,0.0186492,0.00046623000000000004,0.290819,0.108429,-5.8246e-05,0.919761,results/mhd_runner/glm_sweep/ot_runs/divergence/ot_glm_sweep_coarse_n64_gi_mixed_eglm_ch4_sub8_cd0p2_gi_mixed_eglm.csv
orszag_tang,gi_mixed_eglm,64,finished,4.0,nan,0.2,4,8.84763,0.0841071,0.0186383,0.0186383,0.00046595750000000003,0.290556,0.108429,-5.82757e-05,0.92,results/mhd_runner/glm_sweep/ot_runs/divergence/ot_glm_sweep_coarse_n64_gi_mixed_eglm_ch4_sub4_cd0p2_gi_mixed_eglm.csv
orszag_tang,gi_mixed_eglm,64,finished,4.0,nan,0.2,2,8.84763,0.118945,0.0186255,0.0186255,0.00046563750000000004,0.29024,0.108429,-5.83099e-05,0.861268,results/mhd_runner/glm_sweep/ot_runs/divergence/ot_glm_sweep_coarse_n64_gi_mixed_eglm_ch4_sub2_cd0p2_gi_mixed_eglm.csv
orszag_tang,gi_mixed_eglm,64,finished,4.0,nan,0.2,1,8.84763,0.118945,0.0186255,0.0186255,0.00046563750000000004,0.29024,0.108429,-5.83099e-05,0.871915,results/mhd_runner/glm_sweep/ot_runs/divergence/ot_glm_sweep_coarse_n64_gi_mixed_eglm_ch4_sub1_cd0p2_gi_mixed_eglm.csv
orszag_tang,gi_mixed_eglm,128,finished,8.0,nan,0.2,1,17.7135,0.128447,0.00974622,0.00974622,0.00024365550000000002,0.271483,0.108602,-5.84319e-05,10.0791,results/mhd_runner/glm_sweep/ot_runs/divergence/ot_glm_sweep_coarse_n128_gi_mixed_eglm_ch8_sub1_cd0p2_gi_mixed_eglm.csv
orszag_tang,gi_mixed_eglm,128,finished,8.0,nan,0.2,2,17.7135,0.128447,0.00974622,0.00974622,0.00024365550000000002,0.271483,0.108602,-5.84319e-05,10.1083,results/mhd_runner/glm_sweep/ot_runs/divergence/ot_glm_sweep_coarse_n128_gi_mixed_eglm_ch8_sub2_cd0p2_gi_mixed_eglm.csv
orszag_tang,gi_mixed_eglm,128,finished,8.0,nan,0.2,4,17.7135,0.128447,0.00974622,0.00974622,0.00024365550000000002,0.271483,0.108602,-5.84319e-05,10.6355,results/mhd_runner/glm_sweep/ot_runs/divergence/ot_glm_sweep_coarse_n128_gi_mixed_eglm_ch8_sub4_cd0p2_gi_mixed_eglm.csv
orszag_tang,gi_mixed_eglm,128,finished,8.0,nan,0.2,8,17.7135,0.128447,0.00974622,0.00974622,0.00024365550000000002,0.271483,0.108602,-5.84319e-05,11.2436,results/mhd_runner/glm_sweep/ot_runs/divergence/ot_glm_sweep_coarse_n128_gi_mixed_eglm_ch8_sub8_cd0p2_gi_mixed_eglm.csv
orszag_tang,gi_mixed_eglm,128,finished,8.0,0.01,nan,1,17.7135,0.420875,0.0056341,0.0056341,0.00014085250000000002,0.140172,0.108616,-6.03958e-05,10.0449,results/mhd_runner/glm_sweep/ot_runs/divergence/ot_glm_sweep_coarse_n128_gi_mixed_eglm_ch8_sub1_cr0p01_gi_mixed_eglm.csv
orszag_tang,gi_mixed_eglm,128,finished,8.0,0.01,nan,8,17.7135,0.420875,0.0056341,0.0056341,0.00014085250000000002,0.140172,0.108616,-6.03958e-05,10.1323,results/mhd_runner/glm_sweep/ot_runs/divergence/ot_glm_sweep_coarse_n128_gi_mixed_eglm_ch8_sub8_cr0p01_gi_mixed_eglm.csv
orszag_tang,gi_mixed_eglm,128,finished,8.0,0.01,nan,2,17.7135,0.420875,0.0056341,0.0056341,0.00014085250000000002,0.140172,0.108616,-6.03958e-05,11.1365,results/mhd_runner/glm_sweep/ot_runs/divergence/ot_glm_sweep_coarse_n128_gi_mixed_eglm_ch8_sub2_cr0p01_gi_mixed_eglm.csv
orszag_tang,gi_mixed_eglm,128,finished,8.0,0.01,nan,4,17.7135,0.420875,0.0056341,0.0056341,0.00014085250000000002,0.140172,0.108616,-6.03958e-05,11.1953,results/mhd_runner/glm_sweep/ot_runs/divergence/ot_glm_sweep_coarse_n128_gi_mixed_eglm_ch8_sub4_cr0p01_gi_mixed_eglm.csv
orszag_tang,gi_mixed_eglm,128,finished,8.0,nan,0.5,1,17.7135,0.195706,0.00882773,0.00882773,0.00022069325000000003,0.239345,0.108604,-6.04137e-05,10.094,results/mhd_runner/glm_sweep/ot_runs/divergence/ot_glm_sweep_coarse_n128_gi_mixed_eglm_ch8_sub1_cd0p5_gi_mixed_eglm.csv
orszag_tang,gi_mixed_eglm,128,finished,8.0,nan,0.5,2,17.7135,0.195706,0.00882773,0.00882773,0.00022069325000000003,0.239345,0.108604,-6.04137e-05,10.1022,results/mhd_runner/glm_sweep/ot_runs/divergence/ot_glm_sweep_coarse_n128_gi_mixed_eglm_ch8_sub2_cd0p5_gi_mixed_eglm.csv
orszag_tang,gi_mixed_eglm,128,finished,8.0,nan,0.5,4,17.7135,0.195706,0.00882773,0.00882773,0.00022069325000000003,0.239345,0.108604,-6.04137e-05,10.1101,results/mhd_runner/glm_sweep/ot_runs/divergence/ot_glm_sweep_coarse_n128_gi_mixed_eglm_ch8_sub4_cd0p5_gi_mixed_eglm.csv
orszag_tang,gi_mixed_eglm,128,finished,8.0,nan,0.5,8,17.7135,0.195706,0.00882773,0.00882773,0.00022069325000000003,0.239345,0.108604,-6.04137e-05,10.146,results/mhd_runner/glm_sweep/ot_runs/divergence/ot_glm_sweep_coarse_n128_gi_mixed_eglm_ch8_sub8_cd0p5_gi_mixed_eglm.csv
orszag_tang,gi_mixed_eglm,64,finished,4.0,nan,0.5,8,8.84763,0.0905778,0.017172,0.017172,0.0004293,0.262763,0.10843,-6.05417e-05,0.952378,results/mhd_runner/glm_sweep/ot_runs/divergence/ot_glm_sweep_coarse_n64_gi_mixed_eglm_ch4_sub8_cd0p5_gi_mixed_eglm.csv
orszag_tang,gi_mixed_eglm,64,finished,4.0,nan,0.5,4,8.84763,0.128096,0.017132,0.017132,0.00042830000000000006,0.261812,0.10843,-6.06547e-05,0.87014,results/mhd_runner/glm_sweep/ot_runs/divergence/ot_glm_sweep_coarse_n64_gi_mixed_eglm_ch4_sub4_cd0p5_gi_mixed_eglm.csv
orszag_tang,gi_mixed_eglm,64,finished,4.0,nan,0.5,2,8.84763,0.181156,0.0170956,0.0170956,0.00042739,0.26094,0.10843,-6.0756e-05,0.900407,results/mhd_runner/glm_sweep/ot_runs/divergence/ot_glm_sweep_coarse_n64_gi_mixed_eglm_ch4_sub2_cd0p5_gi_mixed_eglm.csv
orszag_tang,gi_mixed_eglm,64,finished,4.0,nan,0.5,1,8.84763,0.181156,0.0170956,0.0170956,0.00042739,0.26094,0.10843,-6.0756e-05,0.942855,results/mhd_runner/glm_sweep/ot_runs/divergence/ot_glm_sweep_coarse_n64_gi_mixed_eglm_ch4_sub1_cd0p5_gi_mixed_eglm.csv
orszag_tang,gi_mixed_eglm,64,finished,4.0,0.03,nan,1,8.84763,0.515198,0.0103166,0.0103166,0.000257915,0.156729,0.108442,-6.19446e-05,0.876743,results/mhd_runner/glm_sweep/ot_runs/divergence/ot_glm_sweep_coarse_n64_gi_mixed_eglm_ch4_sub1_cr0p03_gi_mixed_eglm.csv
orszag_tang,gi_mixed_eglm,64,finished,4.0,0.03,nan,2,8.84763,0.515198,0.0103166,0.0103166,0.000257915,0.156729,0.108442,-6.19446e-05,0.896462,results/mhd_runner/glm_sweep/ot_runs/divergence/ot_glm_sweep_coarse_n64_gi_mixed_eglm_ch4_sub2_cr0p03_gi_mixed_eglm.csv
orszag_tang,gi_mixed_eglm,64,finished,4.0,0.03,nan,4,8.84763,0.515198,0.0103145,0.0103145,0.00025786250000000004,0.156695,0.108442,-6.19524e-05,0.895638,results/mhd_runner/glm_sweep/ot_runs/divergence/ot_glm_sweep_coarse_n64_gi_mixed_eglm_ch4_sub4_cr0p03_gi_mixed_eglm.csv
orszag_tang,gi_mixed_eglm,64,finished,4.0,0.03,nan,8,8.84763,0.515198,0.0103132,0.0103132,0.00025783,0.156675,0.108442,-6.19567e-05,0.940609,results/mhd_runner/glm_sweep/ot_runs/divergence/ot_glm_sweep_coarse_n64_gi_mixed_eglm_ch4_sub8_cr0p03_gi_mixed_eglm.csv
orszag_tang,gi_mixed_eglm,128,finished,8.0,nan,0.8,2,17.7135,0.344731,0.00657918,0.00657918,0.0001644795,0.167406,0.108611,-6.20305e-05,10.606,results/mhd_runner/glm_sweep/ot_runs/divergence/ot_glm_sweep_coarse_n128_gi_mixed_eglm_ch8_sub2_cd0p8_gi_mixed_eglm.csv
orszag_tang,gi_mixed_eglm,128,finished,8.0,nan,0.8,4,17.7135,0.344731,0.00657918,0.00657918,0.0001644795,0.167406,0.108611,-6.20305e-05,10.6215,results/mhd_runner/glm_sweep/ot_runs/divergence/ot_glm_sweep_coarse_n128_gi_mixed_eglm_ch8_sub4_cd0p8_gi_mixed_eglm.csv
orszag_tang,gi_mixed_eglm,128,finished,8.0,nan,0.8,8,17.7135,0.344731,0.00657918,0.00657918,0.0001644795,0.167406,0.108611,-6.20305e-05,10.6736,results/mhd_runner/glm_sweep/ot_runs/divergence/ot_glm_sweep_coarse_n128_gi_mixed_eglm_ch8_sub8_cd0p8_gi_mixed_eglm.csv
orszag_tang,gi_mixed_eglm,128,finished,8.0,nan,0.8,1,17.7135,0.344731,0.00657918,0.00657918,0.0001644795,0.167406,0.108611,-6.20305e-05,11.1435,results/mhd_runner/glm_sweep/ot_runs/divergence/ot_glm_sweep_coarse_n128_gi_mixed_eglm_ch8_sub1_cd0p8_gi_mixed_eglm.csv
orszag_tang,mixed_eglm,64,finished,8.0,0.05,nan,2,17.6953,0.940618,0.00753958,0.00753958,0.0001884895,0.0997085,0.109211,-6.23187e-05,1.17851,results/mhd_runner/glm_sweep/ot_runs/divergence/ot_glm_sweep_coarse_n64_mixed_eglm_ch8_sub2_cr0p05_mixed_eglm.csv
orszag_tang,mixed_eglm,64,finished,8.0,0.05,nan,1,17.6953,0.940618,0.00753958,0.00753958,0.0001884895,0.0997085,0.109211,-6.23187e-05,1.20355,results/mhd_runner/glm_sweep/ot_runs/divergence/ot_glm_sweep_coarse_n64_mixed_eglm_ch8_sub1_cr0p05_mixed_eglm.csv
orszag_tang,mixed_eglm,64,finished,8.0,0.05,nan,4,17.6953,0.940618,0.00753958,0.00753958,0.0001884895,0.0997085,0.109211,-6.23187e-05,1.25036,results/mhd_runner/glm_sweep/ot_runs/divergence/ot_glm_sweep_coarse_n64_mixed_eglm_ch8_sub4_cr0p05_mixed_eglm.csv
orszag_tang,mixed_eglm,64,finished,8.0,0.05,nan,8,17.6953,0.940618,0.00753808,0.00753808,0.000188452,0.0996971,0.109211,-6.23223e-05,1.33521,results/mhd_runner/glm_sweep/ot_runs/divergence/ot_glm_sweep_coarse_n64_mixed_eglm_ch8_sub8_cr0p05_mixed_eglm.csv
orszag_tang,gi_mixed_eglm,64,finished,4.0,nan,0.8,8,8.84763,0.15939,0.0135585,0.0135585,0.0003389625,0.202984,0.108436,-6.36441e-05,0.87768,results/mhd_runner/glm_sweep/ot_runs/divergence/ot_glm_sweep_coarse_n64_gi_mixed_eglm_ch4_sub8_cd0p8_gi_mixed_eglm.csv
orszag_tang,gi_mixed_eglm,64,finished,4.0,0.01,nan,1,8.84763,0.29745,0.0144802,0.0144802,0.00036200500000000004,0.215676,0.108434,-6.37203e-05,0.909127,results/mhd_runner/glm_sweep/ot_runs/divergence/ot_glm_sweep_coarse_n64_gi_mixed_eglm_ch4_sub1_cr0p01_gi_mixed_eglm.csv
orszag_tang,gi_mixed_eglm,64,finished,4.0,0.01,nan,2,8.84763,0.29745,0.0144802,0.0144802,0.00036200500000000004,0.215676,0.108434,-6.37203e-05,0.946941,results/mhd_runner/glm_sweep/ot_runs/divergence/ot_glm_sweep_coarse_n64_gi_mixed_eglm_ch4_sub2_cr0p01_gi_mixed_eglm.csv
orszag_tang,gi_mixed_eglm,64,finished,4.0,0.01,nan,4,8.84763,0.29745,0.0144746,0.0144746,0.00036186500000000006,0.215587,0.108434,-6.37394e-05,0.943379,results/mhd_runner/glm_sweep/ot_runs/divergence/ot_glm_sweep_coarse_n64_gi_mixed_eglm_ch4_sub4_cr0p01_gi_mixed_eglm.csv
orszag_tang,gi_mixed_eglm,64,finished,4.0,0.01,nan,8,8.84763,0.29745,0.014471,0.014471,0.000361775,0.215529,0.108434,-6.37514e-05,0.890586,results/mhd_runner/glm_sweep/ot_runs/divergence/ot_glm_sweep_coarse_n64_gi_mixed_eglm_ch4_sub8_cr0p01_gi_mixed_eglm.csv
orszag_tang,gi_mixed_eglm,64,finished,4.0,nan,0.8,4,8.84763,0.225411,0.0134845,0.0134845,0.00033711250000000004,0.201714,0.108436,-6.38531e-05,0.857615,results/mhd_runner/glm_sweep/ot_runs/divergence/ot_glm_sweep_coarse_n64_gi_mixed_eglm_ch4_sub4_cd0p8_gi_mixed_eglm.csv
orszag_tang,gi_mixed_eglm,64,finished,4.0,nan,0.8,2,8.84763,0.318779,0.0134416,0.0134416,0.00033604,0.200969,0.108436,-6.39722e-05,0.849067,results/mhd_runner/glm_sweep/ot_runs/divergence/ot_glm_sweep_coarse_n64_gi_mixed_eglm_ch4_sub2_cd0p8_gi_mixed_eglm.csv
orszag_tang,gi_mixed_eglm,64,finished,4.0,nan,0.8,1,8.84763,0.318779,0.0134416,0.0134416,0.00033604,0.200969,0.108436,-6.39722e-05,0.858867,results/mhd_runner/glm_sweep/ot_runs/divergence/ot_glm_sweep_coarse_n64_gi_mixed_eglm_ch4_sub1_cd0p8_gi_mixed_eglm.csv
orszag_tang,mixed_eglm,64,finished,8.0,0.01,nan,4,17.6953,0.420657,0.0168777,0.0168777,0.0004219425,0.220845,0.109132,-6.51905e-05,1.18103,results/mhd_runner/glm_sweep/ot_runs/divergence/ot_glm_sweep_coarse_n64_mixed_eglm_ch8_sub4_cr0p01_mixed_eglm.csv
orszag_tang,mixed_eglm,64,finished,8.0,0.01,nan,1,17.6953,0.420657,0.0168777,0.0168777,0.0004219425,0.220845,0.109132,-6.51905e-05,1.2138,results/mhd_runner/glm_sweep/ot_runs/divergence/ot_glm_sweep_coarse_n64_mixed_eglm_ch8_sub1_cr0p01_mixed_eglm.csv
orszag_tang,mixed_eglm,64,finished,8.0,0.01,nan,2,17.6953,0.420657,0.0168777,0.0168777,0.0004219425,0.220845,0.109132,-6.51905e-05,1.26141,results/mhd_runner/glm_sweep/ot_runs/divergence/ot_glm_sweep_coarse_n64_mixed_eglm_ch8_sub2_cr0p01_mixed_eglm.csv
orszag_tang,mixed_eglm,64,finished,8.0,0.01,nan,8,17.6953,0.420657,0.0168629,0.0168629,0.0004215725,0.220571,0.109132,-6.52628e-05,1.17767,results/mhd_runner/glm_sweep/ot_runs/divergence/ot_glm_sweep_coarse_n64_mixed_eglm_ch8_sub8_cr0p01_mixed_eglm.csv
orszag_tang,mixed_eglm,128,finished,16.0,nan,0.8,2,35.4271,0.487702,0.007699,0.007699,0.000192475,0.17481,0.10928,-6.75117e-05,14.8452,results/mhd_runner/glm_sweep/ot_runs/divergence/ot_glm_sweep_coarse_n128_mixed_eglm_ch16_sub2_cd0p8_mixed_eglm.csv
orszag_tang,mixed_eglm,128,finished,16.0,nan,0.8,4,35.4271,0.487702,0.007699,0.007699,0.000192475,0.17481,0.10928,-6.75117e-05,14.9074,results/mhd_runner/glm_sweep/ot_runs/divergence/ot_glm_sweep_coarse_n128_mixed_eglm_ch16_sub4_cd0p8_mixed_eglm.csv
orszag_tang,mixed_eglm,128,finished,16.0,nan,0.8,8,35.4271,0.487702,0.007699,0.007699,0.000192475,0.17481,0.10928,-6.75117e-05,14.9942,results/mhd_runner/glm_sweep/ot_runs/divergence/ot_glm_sweep_coarse_n128_mixed_eglm_ch16_sub8_cd0p8_mixed_eglm.csv
orszag_tang,mixed_eglm,128,finished,16.0,nan,0.8,1,35.4271,0.487702,0.007699,0.007699,0.000192475,0.17481,0.10928,-6.75117e-05,16.4204,results/mhd_runner/glm_sweep/ot_runs/divergence/ot_glm_sweep_coarse_n128_mixed_eglm_ch16_sub1_cd0p8_mixed_eglm.csv
orszag_tang,mixed_eglm,128,finished,16.0,0.01,nan,8,35.4271,0.595207,0.00623687,0.00623687,0.00015592175,0.142308,0.109298,-7.00724e-05,14.7694,results/mhd_runner/glm_sweep/ot_runs/divergence/ot_glm_sweep_coarse_n128_mixed_eglm_ch16_sub8_cr0p01_mixed_eglm.csv
orszag_tang,mixed_eglm,128,finished,16.0,0.01,nan,2,35.4271,0.595207,0.00623687,0.00623687,0.00015592175,0.142308,0.109298,-7.00724e-05,14.7813,results/mhd_runner/glm_sweep/ot_runs/divergence/ot_glm_sweep_coarse_n128_mixed_eglm_ch16_sub2_cr0p01_mixed_eglm.csv
orszag_tang,mixed_eglm,128,finished,16.0,0.01,nan,4,35.4271,0.595207,0.00623687,0.00623687,0.00015592175,0.142308,0.109298,-7.00724e-05,15.4885,results/mhd_runner/glm_sweep/ot_runs/divergence/ot_glm_sweep_coarse_n128_mixed_eglm_ch16_sub4_cr0p01_mixed_eglm.csv
orszag_tang,mixed_eglm,128,finished,16.0,0.01,nan,1,35.4271,0.595207,0.00623687,0.00623687,0.00015592175,0.142308,0.109298,-7.00724e-05,15.6099,results/mhd_runner/glm_sweep/ot_runs/divergence/ot_glm_sweep_coarse_n128_mixed_eglm_ch16_sub1_cr0p01_mixed_eglm.csv
orszag_tang,mixed_eglm,64,finished,8.0,nan,0.8,8,17.6953,0.319692,0.0150383,0.0150383,0.0003759575,0.197094,0.109146,-7.13962e-05,1.16847,results/mhd_runner/glm_sweep/ot_runs/divergence/ot_glm_sweep_coarse_n64_mixed_eglm_ch8_sub8_cd0p8_mixed_eglm.csv
orszag_tang,gi_mixed_eglm,128,finished,16.0,0.03,nan,8,35.4271,1.03093,0.00297893,0.00297893,7.447325000000001e-05,0.085316,0.109344,-7.15097e-05,15.6305,results/mhd_runner/glm_sweep/ot_runs/divergence/ot_glm_sweep_coarse_n128_gi_mixed_eglm_ch16_sub8_cr0p03_gi_mixed_eglm.csv
orszag_tang,gi_mixed_eglm,128,finished,16.0,0.03,nan,2,35.4271,1.03093,0.00297893,0.00297893,7.447325000000001e-05,0.085316,0.109344,-7.15097e-05,15.742,results/mhd_runner/glm_sweep/ot_runs/divergence/ot_glm_sweep_coarse_n128_gi_mixed_eglm_ch16_sub2_cr0p03_gi_mixed_eglm.csv
orszag_tang,gi_mixed_eglm,128,finished,16.0,0.03,nan,4,35.4271,1.03093,0.00297893,0.00297893,7.447325000000001e-05,0.085316,0.109344,-7.15097e-05,16.5408,results/mhd_runner/glm_sweep/ot_runs/divergence/ot_glm_sweep_coarse_n128_gi_mixed_eglm_ch16_sub4_cr0p03_gi_mixed_eglm.csv
orszag_tang,gi_mixed_eglm,128,finished,16.0,0.03,nan,1,35.4271,1.03093,0.00297893,0.00297893,7.447325000000001e-05,0.085316,0.109344,-7.15097e-05,16.5837,results/mhd_runner/glm_sweep/ot_runs/divergence/ot_glm_sweep_coarse_n128_gi_mixed_eglm_ch16_sub1_cr0p03_gi_mixed_eglm.csv
orszag_tang,mixed_eglm,64,finished,8.0,nan,0.8,1,17.6953,0.452113,0.0148883,0.0148883,0.0003722075,0.194248,0.109147,-7.20908e-05,1.1707,results/mhd_runner/glm_sweep/ot_runs/divergence/ot_glm_sweep_coarse_n64_mixed_eglm_ch8_sub1_cd0p8_mixed_eglm.csv
orszag_tang,mixed_eglm,64,finished,8.0,nan,0.8,2,17.6953,0.452113,0.0148883,0.0148883,0.0003722075,0.194248,0.109147,-7.20908e-05,1.17872,results/mhd_runner/glm_sweep/ot_runs/divergence/ot_glm_sweep_coarse_n64_mixed_eglm_ch8_sub2_cd0p8_mixed_eglm.csv
orszag_tang,mixed_eglm,64,finished,8.0,nan,0.8,4,17.6953,0.452113,0.0148883,0.0148883,0.0003722075,0.194248,0.109147,-7.20908e-05,1.18188,results/mhd_runner/glm_sweep/ot_runs/divergence/ot_glm_sweep_coarse_n64_mixed_eglm_ch8_sub4_cd0p8_mixed_eglm.csv
orszag_tang,mixed_eglm,64,finished,8.0,0.03,nan,1,17.6953,0.7286,0.0098509,0.0098509,0.00024627249999999997,0.12747,0.109188,-7.33269e-05,1.1632,results/mhd_runner/glm_sweep/ot_runs/divergence/ot_glm_sweep_coarse_n64_mixed_eglm_ch8_sub1_cr0p03_mixed_eglm.csv
orszag_tang,mixed_eglm,64,finished,8.0,0.03,nan,2,17.6953,0.7286,0.0098509,0.0098509,0.00024627249999999997,0.12747,0.109188,-7.33269e-05,1.22694,results/mhd_runner/glm_sweep/ot_runs/divergence/ot_glm_sweep_coarse_n64_mixed_eglm_ch8_sub2_cr0p03_mixed_eglm.csv
orszag_tang,mixed_eglm,64,finished,8.0,0.03,nan,4,17.6953,0.7286,0.0098509,0.0098509,0.00024627249999999997,0.12747,0.109188,-7.33269e-05,1.28765,results/mhd_runner/glm_sweep/ot_runs/divergence/ot_glm_sweep_coarse_n64_mixed_eglm_ch8_sub4_cr0p03_mixed_eglm.csv
orszag_tang,mixed_eglm,64,finished,8.0,0.03,nan,8,17.6953,0.7286,0.0098476,0.0098476,0.00024619,0.12741,0.109188,-7.33372e-05,1.18778,results/mhd_runner/glm_sweep/ot_runs/divergence/ot_glm_sweep_coarse_n64_mixed_eglm_ch8_sub8_cr0p03_mixed_eglm.csv
orszag_tang,gi_mixed_eglm,128,finished,16.0,nan,0.01,8,35.4271,0.106962,0.0152065,0.0152065,0.00038016250000000003,0.555741,0.109233,-8.53966e-05,15.3577,results/mhd_runner/glm_sweep/ot_runs/divergence/ot_glm_sweep_coarse_n128_gi_mixed_eglm_ch16_sub8_cd0p01_gi_mixed_eglm.csv
orszag_tang,gi_mixed_eglm,128,finished,16.0,nan,0.01,1,35.4271,0.106962,0.0152065,0.0152065,0.00038016250000000003,0.555741,0.109233,-8.53966e-05,15.754,results/mhd_runner/glm_sweep/ot_runs/divergence/ot_glm_sweep_coarse_n128_gi_mixed_eglm_ch16_sub1_cd0p01_gi_mixed_eglm.csv
orszag_tang,gi_mixed_eglm,128,finished,16.0,nan,0.01,4,35.4271,0.106962,0.0152065,0.0152065,0.00038016250000000003,0.555741,0.109233,-8.53966e-05,16.5575,results/mhd_runner/glm_sweep/ot_runs/divergence/ot_glm_sweep_coarse_n128_gi_mixed_eglm_ch16_sub4_cd0p01_gi_mixed_eglm.csv
orszag_tang,gi_mixed_eglm,128,finished,16.0,nan,0.01,2,35.4271,0.106962,0.0152065,0.0152065,0.00038016250000000003,0.555741,0.109233,-8.53966e-05,17.4242,results/mhd_runner/glm_sweep/ot_runs/divergence/ot_glm_sweep_coarse_n128_gi_mixed_eglm_ch16_sub2_cd0p01_gi_mixed_eglm.csv
orszag_tang,gi_mixed_eglm,128,finished,16.0,nan,0.03,2,35.4271,0.122578,0.0151361,0.0151361,0.0003784025,0.552752,0.109233,-8.60699e-05,15.7274,results/mhd_runner/glm_sweep/ot_runs/divergence/ot_glm_sweep_coarse_n128_gi_mixed_eglm_ch16_sub2_cd0p03_gi_mixed_eglm.csv
orszag_tang,gi_mixed_eglm,128,finished,16.0,nan,0.03,8,35.4271,0.122578,0.0151361,0.0151361,0.0003784025,0.552752,0.109233,-8.60699e-05,15.9203,results/mhd_runner/glm_sweep/ot_runs/divergence/ot_glm_sweep_coarse_n128_gi_mixed_eglm_ch16_sub8_cd0p03_gi_mixed_eglm.csv
orszag_tang,gi_mixed_eglm,128,finished,16.0,nan,0.03,1,35.4271,0.122578,0.0151361,0.0151361,0.0003784025,0.552752,0.109233,-8.60699e-05,16.5197,results/mhd_runner/glm_sweep/ot_runs/divergence/ot_glm_sweep_coarse_n128_gi_mixed_eglm_ch16_sub1_cd0p03_gi_mixed_eglm.csv
orszag_tang,gi_mixed_eglm,128,finished,16.0,nan,0.03,4,35.4271,0.122578,0.0151361,0.0151361,0.0003784025,0.552752,0.109233,-8.60699e-05,17.4306,results/mhd_runner/glm_sweep/ot_runs/divergence/ot_glm_sweep_coarse_n128_gi_mixed_eglm_ch16_sub4_cd0p03_gi_mixed_eglm.csv
orszag_tang,gi_mixed_eglm,128,finished,16.0,nan,0.05,8,35.4271,0.132618,0.0150634,0.0150634,0.00037658500000000003,0.549669,0.109234,-8.67602e-05,15.2848,results/mhd_runner/glm_sweep/ot_runs/divergence/ot_glm_sweep_coarse_n128_gi_mixed_eglm_ch16_sub8_cd0p05_gi_mixed_eglm.csv
orszag_tang,gi_mixed_eglm,128,finished,16.0,nan,0.05,1,35.4271,0.132618,0.0150634,0.0150634,0.00037658500000000003,0.549669,0.109234,-8.67602e-05,15.6083,results/mhd_runner/glm_sweep/ot_runs/divergence/ot_glm_sweep_coarse_n128_gi_mixed_eglm_ch16_sub1_cd0p05_gi_mixed_eglm.csv
orszag_tang,gi_mixed_eglm,128,finished,16.0,nan,0.05,4,35.4271,0.132618,0.0150634,0.0150634,0.00037658500000000003,0.549669,0.109234,-8.67602e-05,15.757,results/mhd_runner/glm_sweep/ot_runs/divergence/ot_glm_sweep_coarse_n128_gi_mixed_eglm_ch16_sub4_cd0p05_gi_mixed_eglm.csv
orszag_tang,gi_mixed_eglm,128,finished,16.0,nan,0.05,2,35.4271,0.132618,0.0150634,0.0150634,0.00037658500000000003,0.549669,0.109234,-8.67602e-05,16.5752,results/mhd_runner/glm_sweep/ot_runs/divergence/ot_glm_sweep_coarse_n128_gi_mixed_eglm_ch16_sub2_cd0p05_gi_mixed_eglm.csv
orszag_tang,gi_mixed_eglm,64,finished,8.0,nan,0.01,8,17.6953,0.0699759,0.0267537,0.0267537,0.0006688425,0.368364,0.10909,-8.73796e-05,1.26999,results/mhd_runner/glm_sweep/ot_runs/divergence/ot_glm_sweep_coarse_n64_gi_mixed_eglm_ch8_sub8_cd0p01_gi_mixed_eglm.csv
orszag_tang,gi_mixed_eglm,64,finished,8.0,nan,0.01,1,17.6953,0.0989608,0.0267539,0.0267539,0.0006688475,0.368361,0.10909,-8.73858e-05,1.22297,results/mhd_runner/glm_sweep/ot_runs/divergence/ot_glm_sweep_coarse_n64_gi_mixed_eglm_ch8_sub1_cd0p01_gi_mixed_eglm.csv
orszag_tang,gi_mixed_eglm,64,finished,8.0,nan,0.01,4,17.6953,0.0989608,0.0267539,0.0267539,0.0006688475,0.368361,0.10909,-8.73858e-05,1.32147,results/mhd_runner/glm_sweep/ot_runs/divergence/ot_glm_sweep_coarse_n64_gi_mixed_eglm_ch8_sub4_cd0p01_gi_mixed_eglm.csv
orszag_tang,gi_mixed_eglm,64,finished,8.0,nan,0.01,2,17.6953,0.0989608,0.0267539,0.0267539,0.0006688475,0.368361,0.10909,-8.73858e-05,1.32883,results/mhd_runner/glm_sweep/ot_runs/divergence/ot_glm_sweep_coarse_n64_gi_mixed_eglm_ch8_sub2_cd0p01_gi_mixed_eglm.csv
orszag_tang,gi_mixed_eglm,64,finished,8.0,nan,0.03,8,17.6953,0.0801905,0.026644,0.026644,0.0006661000000000001,0.366614,0.10909,-8.80798e-05,1.322,results/mhd_runner/glm_sweep/ot_runs/divergence/ot_glm_sweep_coarse_n64_gi_mixed_eglm_ch8_sub8_cd0p03_gi_mixed_eglm.csv
orszag_tang,gi_mixed_eglm,64,finished,8.0,nan,0.03,4,17.6953,0.113406,0.0266409,0.0266409,0.0006660225,0.366545,0.10909,-8.81044e-05,1.20435,results/mhd_runner/glm_sweep/ot_runs/divergence/ot_glm_sweep_coarse_n64_gi_mixed_eglm_ch8_sub4_cd0p03_gi_mixed_eglm.csv
orszag_tang,gi_mixed_eglm,64,finished,8.0,nan,0.03,2,17.6953,0.113406,0.0266409,0.0266409,0.0006660225,0.366545,0.10909,-8.81044e-05,1.22193,results/mhd_runner/glm_sweep/ot_runs/divergence/ot_glm_sweep_coarse_n64_gi_mixed_eglm_ch8_sub2_cd0p03_gi_mixed_eglm.csv
orszag_tang,gi_mixed_eglm,64,finished,8.0,nan,0.03,1,17.6953,0.113406,0.0266409,0.0266409,0.0006660225,0.366545,0.10909,-8.81044e-05,1.27789,results/mhd_runner/glm_sweep/ot_runs/divergence/ot_glm_sweep_coarse_n64_gi_mixed_eglm_ch8_sub1_cd0p03_gi_mixed_eglm.csv
orszag_tang,gi_mixed_eglm,128,finished,16.0,nan,0.1,8,35.4271,0.151268,0.0148714,0.0148714,0.000371785,0.541521,0.109235,-8.85647e-05,15.4454,results/mhd_runner/glm_sweep/ot_runs/divergence/ot_glm_sweep_coarse_n128_gi_mixed_eglm_ch16_sub8_cd0p1_gi_mixed_eglm.csv
orszag_tang,gi_mixed_eglm,128,finished,16.0,nan,0.1,2,35.4271,0.151268,0.0148714,0.0148714,0.000371785,0.541521,0.109235,-8.85647e-05,15.6201,results/mhd_runner/glm_sweep/ot_runs/divergence/ot_glm_sweep_coarse_n128_gi_mixed_eglm_ch16_sub2_cd0p1_gi_mixed_eglm.csv
orszag_tang,gi_mixed_eglm,128,finished,16.0,nan,0.1,1,35.4271,0.151268,0.0148714,0.0148714,0.000371785,0.541521,0.109235,-8.85647e-05,15.7527,results/mhd_runner/glm_sweep/ot_runs/divergence/ot_glm_sweep_coarse_n128_gi_mixed_eglm_ch16_sub1_cd0p1_gi_mixed_eglm.csv
orszag_tang,gi_mixed_eglm,128,finished,16.0,nan,0.1,4,35.4271,0.151268,0.0148714,0.0148714,0.000371785,0.541521,0.109235,-8.85647e-05,16.2043,results/mhd_runner/glm_sweep/ot_runs/divergence/ot_glm_sweep_coarse_n128_gi_mixed_eglm_ch16_sub4_cd0p1_gi_mixed_eglm.csv
orszag_tang,gi_mixed_eglm,64,finished,8.0,nan,0.05,8,17.6953,0.0867568,0.0265308,0.0265308,0.0006632700000000001,0.364812,0.109091,-8.87979e-05,1.22723,results/mhd_runner/glm_sweep/ot_runs/divergence/ot_glm_sweep_coarse_n64_gi_mixed_eglm_ch8_sub8_cd0p05_gi_mixed_eglm.csv
orszag_tang,gi_mixed_eglm,64,finished,8.0,nan,0.05,2,17.6953,0.122693,0.0265243,0.0265243,0.0006631075000000001,0.364675,0.109091,-8.88413e-05,1.27086,results/mhd_runner/glm_sweep/ot_runs/divergence/ot_glm_sweep_coarse_n64_gi_mixed_eglm_ch8_sub2_cd0p05_gi_mixed_eglm.csv
orszag_tang,gi_mixed_eglm,64,finished,8.0,nan,0.05,1,17.6953,0.122693,0.0265243,0.0265243,0.0006631075000000001,0.364675,0.109091,-8.88413e-05,1.31042,results/mhd_runner/glm_sweep/ot_runs/divergence/ot_glm_sweep_coarse_n64_gi_mixed_eglm_ch8_sub1_cd0p05_gi_mixed_eglm.csv
orszag_tang,gi_mixed_eglm,64,finished,8.0,nan,0.05,4,17.6953,0.122693,0.0265243,0.0265243,0.0006631075000000001,0.364675,0.109091,-8.88413e-05,1.35521,results/mhd_runner/glm_sweep/ot_runs/divergence/ot_glm_sweep_coarse_n64_gi_mixed_eglm_ch8_sub4_cd0p05_gi_mixed_eglm.csv
orszag_tang,gi_mixed_eglm,64,finished,8.0,nan,0.1,8,17.6953,0.0989519,0.0262313,0.0262313,0.0006557825,0.360059,0.109092,-9.0676e-05,1.32189,results/mhd_runner/glm_sweep/ot_runs/divergence/ot_glm_sweep_coarse_n64_gi_mixed_eglm_ch8_sub8_cd0p1_gi_mixed_eglm.csv
orszag_tang,gi_mixed_eglm,64,finished,8.0,nan,0.1,2,17.6953,0.139939,0.0262161,0.0262161,0.0006554025,0.359748,0.109092,-9.07682e-05,1.20187,results/mhd_runner/glm_sweep/ot_runs/divergence/ot_glm_sweep_coarse_n64_gi_mixed_eglm_ch8_sub2_cd0p1_gi_mixed_eglm.csv
orszag_tang,gi_mixed_eglm,64,finished,8.0,nan,0.1,1,17.6953,0.139939,0.0262161,0.0262161,0.0006554025,0.359748,0.109092,-9.07682e-05,1.2069,results/mhd_runner/glm_sweep/ot_runs/divergence/ot_glm_sweep_coarse_n64_gi_mixed_eglm_ch8_sub1_cd0p1_gi_mixed_eglm.csv
orszag_tang,gi_mixed_eglm,64,finished,8.0,nan,0.1,4,17.6953,0.139939,0.0262161,0.0262161,0.0006554025,0.359748,0.109092,-9.07682e-05,1.26481,results/mhd_runner/glm_sweep/ot_runs/divergence/ot_glm_sweep_coarse_n64_gi_mixed_eglm_ch8_sub4_cd0p1_gi_mixed_eglm.csv
orszag_tang,gi_mixed_eglm,64,finished,8.0,0.05,nan,2,17.6953,0.940618,0.00766287,0.00766287,0.00019157175,0.0999208,0.109197,-9.1587e-05,1.27164,results/mhd_runner/glm_sweep/ot_runs/divergence/ot_glm_sweep_coarse_n64_gi_mixed_eglm_ch8_sub2_cr0p05_gi_mixed_eglm.csv
orszag_tang,gi_mixed_eglm,64,finished,8.0,0.05,nan,4,17.6953,0.940618,0.00766287,0.00766287,0.00019157175,0.0999208,0.109197,-9.1587e-05,1.30501,results/mhd_runner/glm_sweep/ot_runs/divergence/ot_glm_sweep_coarse_n64_gi_mixed_eglm_ch8_sub4_cr0p05_gi_mixed_eglm.csv
orszag_tang,gi_mixed_eglm,64,finished,8.0,0.05,nan,1,17.6953,0.940618,0.00766287,0.00766287,0.00019157175,0.0999208,0.109197,-9.1587e-05,1.31312,results/mhd_runner/glm_sweep/ot_runs/divergence/ot_glm_sweep_coarse_n64_gi_mixed_eglm_ch8_sub1_cr0p05_gi_mixed_eglm.csv
orszag_tang,gi_mixed_eglm,64,finished,8.0,0.05,nan,8,17.6953,0.940618,0.00766136,0.00766136,0.000191534,0.0999024,0.109197,-9.15907e-05,1.23851,results/mhd_runner/glm_sweep/ot_runs/divergence/ot_glm_sweep_coarse_n64_gi_mixed_eglm_ch8_sub8_cr0p05_gi_mixed_eglm.csv
orszag_tang,gi_mixed_eglm,128,finished,16.0,nan,0.2,8,35.4271,0.180934,0.0144359,0.0144359,0.0003608975,0.523051,0.109237,-9.2542e-05,13.0183,results/mhd_runner/glm_sweep/ot_runs/divergence/ot_glm_sweep_coarse_n128_gi_mixed_eglm_ch16_sub8_cd0p2_gi_mixed_eglm.csv
orszag_tang,gi_mixed_eglm,128,finished,16.0,nan,0.2,1,35.4271,0.180934,0.0144359,0.0144359,0.0003608975,0.523051,0.109237,-9.2542e-05,15.7193,results/mhd_runner/glm_sweep/ot_runs/divergence/ot_glm_sweep_coarse_n128_gi_mixed_eglm_ch16_sub1_cd0p2_gi_mixed_eglm.csv
orszag_tang,gi_mixed_eglm,128,finished,16.0,nan,0.2,2,35.4271,0.180934,0.0144359,0.0144359,0.0003608975,0.523051,0.109237,-9.2542e-05,16.005,results/mhd_runner/glm_sweep/ot_runs/divergence/ot_glm_sweep_coarse_n128_gi_mixed_eglm_ch16_sub2_cd0p2_gi_mixed_eglm.csv
orszag_tang,gi_mixed_eglm,128,finished,16.0,nan,0.2,4,35.4271,0.180934,0.0144359,0.0144359,0.0003608975,0.523051,0.109237,-9.2542e-05,16.5089,results/mhd_runner/glm_sweep/ot_runs/divergence/ot_glm_sweep_coarse_n128_gi_mixed_eglm_ch16_sub4_cd0p2_gi_mixed_eglm.csv
orszag_tang,gi_mixed_eglm,64,finished,8.0,nan,0.2,8,17.6953,0.118342,0.0255505,0.0255505,0.0006387625,0.349341,0.109095,-9.4823e-05,1.27274,results/mhd_runner/glm_sweep/ot_runs/divergence/ot_glm_sweep_coarse_n64_gi_mixed_eglm_ch8_sub8_cd0p2_gi_mixed_eglm.csv
orszag_tang,gi_mixed_eglm,64,finished,8.0,nan,0.2,1,17.6953,0.167361,0.0255163,0.0255163,0.0006379075,0.348652,0.109095,-9.50206e-05,1.19091,results/mhd_runner/glm_sweep/ot_runs/divergence/ot_glm_sweep_coarse_n64_gi_mixed_eglm_ch8_sub1_cd0p2_gi_mixed_eglm.csv
orszag_tang,gi_mixed_eglm,64,finished,8.0,nan,0.2,4,17.6953,0.167361,0.0255163,0.0255163,0.0006379075,0.348652,0.109095,-9.50206e-05,1.20028,results/mhd_runner/glm_sweep/ot_runs/divergence/ot_glm_sweep_coarse_n64_gi_mixed_eglm_ch8_sub4_cd0p2_gi_mixed_eglm.csv
orszag_tang,gi_mixed_eglm,64,finished,8.0,nan,0.2,2,17.6953,0.167361,0.0255163,0.0255163,0.0006379075,0.348652,0.109095,-9.50206e-05,1.21996,results/mhd_runner/glm_sweep/ot_runs/divergence/ot_glm_sweep_coarse_n64_gi_mixed_eglm_ch8_sub2_cd0p2_gi_mixed_eglm.csv
orszag_tang,gi_mixed_eglm,64,finished,16.0,nan,0.01,8,35.3905,0.138739,0.0343645,0.0343645,0.0008591125,0.612828,0.109671,-0.000106995,2.06319,results/mhd_runner/glm_sweep/ot_runs/divergence/ot_glm_sweep_coarse_n64_gi_mixed_eglm_ch16_sub8_cd0p01_gi_mixed_eglm.csv
orszag_tang,gi_mixed_eglm,64,finished,16.0,nan,0.01,1,35.3905,0.148318,0.034364,0.034364,0.0008591,0.612819,0.109671,-0.000107003,1.87454,results/mhd_runner/glm_sweep/ot_runs/divergence/ot_glm_sweep_coarse_n64_gi_mixed_eglm_ch16_sub1_cd0p01_gi_mixed_eglm.csv
orszag_tang,gi_mixed_eglm,64,finished,16.0,nan,0.01,4,35.3905,0.148318,0.034364,0.034364,0.0008591,0.612819,0.109671,-0.000107003,1.96561,results/mhd_runner/glm_sweep/ot_runs/divergence/ot_glm_sweep_coarse_n64_gi_mixed_eglm_ch16_sub4_cd0p01_gi_mixed_eglm.csv
orszag_tang,gi_mixed_eglm,64,finished,16.0,nan,0.01,2,35.3905,0.148318,0.034364,0.034364,0.0008591,0.612819,0.109671,-0.000107003,2.07568,results/mhd_runner/glm_sweep/ot_runs/divergence/ot_glm_sweep_coarse_n64_gi_mixed_eglm_ch16_sub2_cd0p01_gi_mixed_eglm.csv
orszag_tang,gi_mixed_eglm,128,finished,16.0,nan,0.5,8,35.4271,0.275673,0.0124782,0.0124782,0.00031195500000000004,0.440595,0.10925,-0.000108013,13.2094,results/mhd_runner/glm_sweep/ot_runs/divergence/ot_glm_sweep_coarse_n128_gi_mixed_eglm_ch16_sub8_cd0p5_gi_mixed_eglm.csv
orszag_tang,gi_mixed_eglm,128,finished,16.0,nan,0.5,4,35.4271,0.275673,0.0124782,0.0124782,0.00031195500000000004,0.440595,0.10925,-0.000108013,15.7628,results/mhd_runner/glm_sweep/ot_runs/divergence/ot_glm_sweep_coarse_n128_gi_mixed_eglm_ch16_sub4_cd0p5_gi_mixed_eglm.csv
orszag_tang,gi_mixed_eglm,128,finished,16.0,nan,0.5,2,35.4271,0.275673,0.0124782,0.0124782,0.00031195500000000004,0.440595,0.10925,-0.000108013,15.7728,results/mhd_runner/glm_sweep/ot_runs/divergence/ot_glm_sweep_coarse_n128_gi_mixed_eglm_ch16_sub2_cd0p5_gi_mixed_eglm.csv
orszag_tang,gi_mixed_eglm,128,finished,16.0,nan,0.5,1,35.4271,0.275673,0.0124782,0.0124782,0.00031195500000000004,0.440595,0.10925,-0.000108013,17.4343,results/mhd_runner/glm_sweep/ot_runs/divergence/ot_glm_sweep_coarse_n128_gi_mixed_eglm_ch16_sub1_cd0p5_gi_mixed_eglm.csv
orszag_tang,gi_mixed_eglm,64,finished,16.0,nan,0.03,8,35.3905,0.158988,0.0341348,0.0341348,0.00085337,0.607814,0.109673,-0.000110305,1.96847,results/mhd_runner/glm_sweep/ot_runs/divergence/ot_glm_sweep_coarse_n64_gi_mixed_eglm_ch16_sub8_cd0p03_gi_mixed_eglm.csv
orszag_tang,gi_mixed_eglm,64,finished,16.0,nan,0.03,2,35.3905,0.169965,0.0341327,0.0341327,0.0008533175000000001,0.607774,0.109673,-0.000110328,1.85376,results/mhd_runner/glm_sweep/ot_runs/divergence/ot_glm_sweep_coarse_n64_gi_mixed_eglm_ch16_sub2_cd0p03_gi_mixed_eglm.csv
orszag_tang,gi_mixed_eglm,64,finished,16.0,nan,0.03,1,35.3905,0.169965,0.0341327,0.0341327,0.0008533175000000001,0.607774,0.109673,-0.000110328,1.98522,results/mhd_runner/glm_sweep/ot_runs/divergence/ot_glm_sweep_coarse_n64_gi_mixed_eglm_ch16_sub1_cd0p03_gi_mixed_eglm.csv
orszag_tang,gi_mixed_eglm,64,finished,16.0,nan,0.03,4,35.3905,0.169965,0.0341327,0.0341327,0.0008533175000000001,0.607774,0.109673,-0.000110328,2.05707,results/mhd_runner/glm_sweep/ot_runs/divergence/ot_glm_sweep_coarse_n64_gi_mixed_eglm_ch16_sub4_cd0p03_gi_mixed_eglm.csv
orszag_tang,gi_mixed_eglm,64,finished,8.0,nan,0.5,8,17.6953,0.180206,0.0224651,0.0224651,0.0005616275,0.3022,0.109109,-0.000111151,1.23512,results/mhd_runner/glm_sweep/ot_runs/divergence/ot_glm_sweep_coarse_n64_gi_mixed_eglm_ch8_sub8_cd0p5_gi_mixed_eglm.csv
orszag_tang,gi_mixed_eglm,64,finished,8.0,nan,0.5,2,17.6953,0.25485,0.0223614,0.0223614,0.000559035,0.300147,0.109109,-0.000111719,1.20672,results/mhd_runner/glm_sweep/ot_runs/divergence/ot_glm_sweep_coarse_n64_gi_mixed_eglm_ch8_sub2_cd0p5_gi_mixed_eglm.csv
orszag_tang,gi_mixed_eglm,64,finished,8.0,nan,0.5,4,17.6953,0.25485,0.0223614,0.0223614,0.000559035,0.300147,0.109109,-0.000111719,1.21604,results/mhd_runner/glm_sweep/ot_runs/divergence/ot_glm_sweep_coarse_n64_gi_mixed_eglm_ch8_sub4_cd0p5_gi_mixed_eglm.csv
orszag_tang,gi_mixed_eglm,64,finished,8.0,nan,0.5,1,17.6953,0.25485,0.0223614,0.0223614,0.000559035,0.300147,0.109109,-0.000111719,1.26107,results/mhd_runner/glm_sweep/ot_runs/divergence/ot_glm_sweep_coarse_n64_gi_mixed_eglm_ch8_sub1_cd0p5_gi_mixed_eglm.csv
orszag_tang,gi_mixed_eglm,64,finished,8.0,0.03,nan,4,17.6953,0.7286,0.0100276,0.0100276,0.00025069,0.128121,0.109177,-0.000112178,1.20677,results/mhd_runner/glm_sweep/ot_runs/divergence/ot_glm_sweep_coarse_n64_gi_mixed_eglm_ch8_sub4_cr0p03_gi_mixed_eglm.csv
orszag_tang,gi_mixed_eglm,64,finished,8.0,0.03,nan,2,17.6953,0.7286,0.0100276,0.0100276,0.00025069,0.128121,0.109177,-0.000112178,1.20928,results/mhd_runner/glm_sweep/ot_runs/divergence/ot_glm_sweep_coarse_n64_gi_mixed_eglm_ch8_sub2_cr0p03_gi_mixed_eglm.csv
orszag_tang,gi_mixed_eglm,64,finished,8.0,0.03,nan,1,17.6953,0.7286,0.0100276,0.0100276,0.00025069,0.128121,0.109177,-0.000112178,1.26433,results/mhd_runner/glm_sweep/ot_runs/divergence/ot_glm_sweep_coarse_n64_gi_mixed_eglm_ch8_sub1_cr0p03_gi_mixed_eglm.csv
orszag_tang,gi_mixed_eglm,64,finished,8.0,0.03,nan,8,17.6953,0.7286,0.0100243,0.0100243,0.00025060750000000003,0.128062,0.109177,-0.000112189,1.3898,results/mhd_runner/glm_sweep/ot_runs/divergence/ot_glm_sweep_coarse_n64_gi_mixed_eglm_ch8_sub8_cr0p03_gi_mixed_eglm.csv
orszag_tang,gi_mixed_eglm,64,finished,16.0,nan,0.05,8,35.3905,0.172003,0.0338986,0.0338986,0.000847465,0.60267,0.109675,-0.000113674,1.86324,results/mhd_runner/glm_sweep/ot_runs/divergence/ot_glm_sweep_coarse_n64_gi_mixed_eglm_ch16_sub8_cd0p05_gi_mixed_eglm.csv
orszag_tang,gi_mixed_eglm,64,finished,16.0,nan,0.05,4,35.3905,0.183879,0.0338947,0.0338947,0.0008473675000000001,0.602598,0.109675,-0.000113713,1.86279,results/mhd_runner/glm_sweep/ot_runs/divergence/ot_glm_sweep_coarse_n64_gi_mixed_eglm_ch16_sub4_cd0p05_gi_mixed_eglm.csv
orszag_tang,gi_mixed_eglm,64,finished,16.0,nan,0.05,1,35.3905,0.183879,0.0338947,0.0338947,0.0008473675000000001,0.602598,0.109675,-0.000113713,1.87644,results/mhd_runner/glm_sweep/ot_runs/divergence/ot_glm_sweep_coarse_n64_gi_mixed_eglm_ch16_sub1_cd0p05_gi_mixed_eglm.csv
orszag_tang,gi_mixed_eglm,64,finished,16.0,nan,0.05,2,35.3905,0.183879,0.0338947,0.0338947,0.0008473675000000001,0.602598,0.109675,-0.000113713,1.88131,results/mhd_runner/glm_sweep/ot_runs/divergence/ot_glm_sweep_coarse_n64_gi_mixed_eglm_ch16_sub2_cd0p05_gi_mixed_eglm.csv
orszag_tang,gi_mixed_eglm,128,finished,16.0,0.01,nan,1,35.4271,0.595207,0.00648189,0.00648189,0.00016204725,0.205684,0.1093,-0.000115303,15.8465,results/mhd_runner/glm_sweep/ot_runs/divergence/ot_glm_sweep_coarse_n128_gi_mixed_eglm_ch16_sub1_cr0p01_gi_mixed_eglm.csv
orszag_tang,gi_mixed_eglm,128,finished,16.0,0.01,nan,2,35.4271,0.595207,0.00648189,0.00648189,0.00016204725,0.205684,0.1093,-0.000115303,16.5332,results/mhd_runner/glm_sweep/ot_runs/divergence/ot_glm_sweep_coarse_n128_gi_mixed_eglm_ch16_sub2_cr0p01_gi_mixed_eglm.csv
orszag_tang,gi_mixed_eglm,128,finished,16.0,0.01,nan,8,35.4271,0.595207,0.00648189,0.00648189,0.00016204725,0.205684,0.1093,-0.000115303,16.5749,results/mhd_runner/glm_sweep/ot_runs/divergence/ot_glm_sweep_coarse_n128_gi_mixed_eglm_ch16_sub8_cr0p01_gi_mixed_eglm.csv
orszag_tang,gi_mixed_eglm,128,finished,16.0,0.01,nan,4,35.4271,0.595207,0.00648189,0.00648189,0.00016204725,0.205684,0.1093,-0.000115303,17.4304,results/mhd_runner/glm_sweep/ot_runs/divergence/ot_glm_sweep_coarse_n128_gi_mixed_eglm_ch16_sub4_cr0p01_gi_mixed_eglm.csv
orszag_tang,mixed_eglm,64,finished,16.0,nan,0.5,8,35.3905,0.360655,0.0248548,0.0248548,0.00062137,0.286939,0.109649,-0.000117189,1.84528,results/mhd_runner/glm_sweep/ot_runs/divergence/ot_glm_sweep_coarse_n64_mixed_eglm_ch16_sub8_cd0p5_mixed_eglm.csv
orszag_tang,mixed_eglm,64,finished,16.0,nan,0.5,4,35.3905,0.385556,0.0248078,0.0248078,0.000620195,0.286432,0.109649,-0.000117581,1.78063,results/mhd_runner/glm_sweep/ot_runs/divergence/ot_glm_sweep_coarse_n64_mixed_eglm_ch16_sub4_cd0p5_mixed_eglm.csv
orszag_tang,mixed_eglm,64,finished,16.0,nan,0.5,2,35.3905,0.385556,0.0248078,0.0248078,0.000620195,0.286432,0.109649,-0.000117581,1.81317,results/mhd_runner/glm_sweep/ot_runs/divergence/ot_glm_sweep_coarse_n64_mixed_eglm_ch16_sub2_cd0p5_mixed_eglm.csv
orszag_tang,mixed_eglm,64,finished,16.0,nan,0.5,1,35.3905,0.385556,0.0248078,0.0248078,0.000620195,0.286432,0.109649,-0.000117581,1.87236,results/mhd_runner/glm_sweep/ot_runs/divergence/ot_glm_sweep_coarse_n64_mixed_eglm_ch16_sub1_cd0p5_mixed_eglm.csv
orszag_tang,gi_mixed_eglm,128,finished,16.0,nan,0.8,8,35.4271,0.485772,0.00805929,0.00805929,0.00020148225,0.26392,0.109284,-0.000121173,13.3678,results/mhd_runner/glm_sweep/ot_runs/divergence/ot_glm_sweep_coarse_n128_gi_mixed_eglm_ch16_sub8_cd0p8_gi_mixed_eglm.csv
orszag_tang,gi_mixed_eglm,128,finished,16.0,nan,0.8,4,35.4271,0.485772,0.00805929,0.00805929,0.00020148225,0.26392,0.109284,-0.000121173,15.7779,results/mhd_runner/glm_sweep/ot_runs/divergence/ot_glm_sweep_coarse_n128_gi_mixed_eglm_ch16_sub4_cd0p8_gi_mixed_eglm.csv
orszag_tang,gi_mixed_eglm,128,finished,16.0,nan,0.8,2,35.4271,0.485772,0.00805929,0.00805929,0.00020148225,0.26392,0.109284,-0.000121173,17.4337,results/mhd_runner/glm_sweep/ot_runs/divergence/ot_glm_sweep_coarse_n128_gi_mixed_eglm_ch16_sub2_cd0p8_gi_mixed_eglm.csv
orszag_tang,gi_mixed_eglm,128,finished,16.0,nan,0.8,1,35.4271,0.485772,0.00805929,0.00805929,0.00020148225,0.26392,0.109284,-0.000121173,17.4353,results/mhd_runner/glm_sweep/ot_runs/divergence/ot_glm_sweep_coarse_n128_gi_mixed_eglm_ch16_sub1_cd0p8_gi_mixed_eglm.csv
orszag_tang,gi_mixed_eglm,64,finished,16.0,nan,0.1,8,35.3905,0.196171,0.0332772,0.0332772,0.00083193,0.589207,0.109679,-0.00012236,2.07306,results/mhd_runner/glm_sweep/ot_runs/divergence/ot_glm_sweep_coarse_n64_gi_mixed_eglm_ch16_sub8_cd0p1_gi_mixed_eglm.csv
orszag_tang,gi_mixed_eglm,64,finished,16.0,nan,0.1,4,35.3905,0.209716,0.0332688,0.0332688,0.0008317200000000001,0.589053,0.109679,-0.000122439,1.88493,results/mhd_runner/glm_sweep/ot_runs/divergence/ot_glm_sweep_coarse_n64_gi_mixed_eglm_ch16_sub4_cd0p1_gi_mixed_eglm.csv
orszag_tang,gi_mixed_eglm,64,finished,16.0,nan,0.1,2,35.3905,0.209716,0.0332688,0.0332688,0.0008317200000000001,0.589053,0.109679,-0.000122439,1.96191,results/mhd_runner/glm_sweep/ot_runs/divergence/ot_glm_sweep_coarse_n64_gi_mixed_eglm_ch16_sub2_cd0p1_gi_mixed_eglm.csv
orszag_tang,gi_mixed_eglm,64,finished,16.0,nan,0.1,1,35.3905,0.209716,0.0332688,0.0332688,0.0008317200000000001,0.589053,0.109679,-0.000122439,2.06953,results/mhd_runner/glm_sweep/ot_runs/divergence/ot_glm_sweep_coarse_n64_gi_mixed_eglm_ch16_sub1_cd0p1_gi_mixed_eglm.csv
orszag_tang,gi_mixed_eglm,64,finished,8.0,0.01,nan,1,17.6953,0.420657,0.0172667,0.0172667,0.0004316675,0.226608,0.109133,-0.000127441,1.20633,results/mhd_runner/glm_sweep/ot_runs/divergence/ot_glm_sweep_coarse_n64_gi_mixed_eglm_ch8_sub1_cr0p01_gi_mixed_eglm.csv
orszag_tang,gi_mixed_eglm,64,finished,8.0,0.01,nan,4,17.6953,0.420657,0.0172667,0.0172667,0.0004316675,0.226608,0.109133,-0.000127441,1.3101,results/mhd_runner/glm_sweep/ot_runs/divergence/ot_glm_sweep_coarse_n64_gi_mixed_eglm_ch8_sub4_cr0p01_gi_mixed_eglm.csv
orszag_tang,gi_mixed_eglm,64,finished,8.0,0.01,nan,2,17.6953,0.420657,0.0172667,0.0172667,0.0004316675,0.226608,0.109133,-0.000127441,1.35411,results/mhd_runner/glm_sweep/ot_runs/divergence/ot_glm_sweep_coarse_n64_gi_mixed_eglm_ch8_sub2_cr0p01_gi_mixed_eglm.csv
orszag_tang,gi_mixed_eglm,64,finished,8.0,0.01,nan,8,17.6953,0.420657,0.0172518,0.0172518,0.00043129500000000005,0.226325,0.109133,-0.000127512,1.28179,results/mhd_runner/glm_sweep/ot_runs/divergence/ot_glm_sweep_coarse_n64_gi_mixed_eglm_ch8_sub8_cr0p01_gi_mixed_eglm.csv
orszag_tang,gi_mixed_eglm,64,finished,8.0,nan,0.8,8,17.6953,0.317383,0.0153609,0.0153609,0.00038402250000000004,0.201097,0.109144,-0.000127547,1.31719,results/mhd_runner/glm_sweep/ot_runs/divergence/ot_glm_sweep_coarse_n64_gi_mixed_eglm_ch8_sub8_cd0p8_gi_mixed_eglm.csv
orszag_tang,gi_mixed_eglm,64,finished,8.0,nan,0.8,4,17.6953,0.448847,0.0152061,0.0152061,0.00038015250000000004,0.198073,0.109144,-0.000128227,1.21432,results/mhd_runner/glm_sweep/ot_runs/divergence/ot_glm_sweep_coarse_n64_gi_mixed_eglm_ch8_sub4_cd0p8_gi_mixed_eglm.csv
orszag_tang,gi_mixed_eglm,64,finished,8.0,nan,0.8,1,17.6953,0.448847,0.0152061,0.0152061,0.00038015250000000004,0.198073,0.109144,-0.000128227,1.2202,results/mhd_runner/glm_sweep/ot_runs/divergence/ot_glm_sweep_coarse_n64_gi_mixed_eglm_ch8_sub1_cd0p8_gi_mixed_eglm.csv
orszag_tang,gi_mixed_eglm,64,finished,8.0,nan,0.8,2,17.6953,0.448847,0.0152061,0.0152061,0.00038015250000000004,0.198073,0.109144,-0.000128227,1.2585,results/mhd_runner/glm_sweep/ot_runs/divergence/ot_glm_sweep_coarse_n64_gi_mixed_eglm_ch8_sub2_cd0p8_gi_mixed_eglm.csv
orszag_tang,mixed_eglm,64,finished,16.0,0.03,nan,2,35.3905,1.0304,0.00853771,0.00853771,0.00021344275000000003,0.113357,0.109446,-0.000137952,1.86885,results/mhd_runner/glm_sweep/ot_runs/divergence/ot_glm_sweep_coarse_n64_mixed_eglm_ch16_sub2_cr0p03_mixed_eglm.csv
orszag_tang,mixed_eglm,64,finished,16.0,0.03,nan,1,35.3905,1.0304,0.00853771,0.00853771,0.00021344275000000003,0.113357,0.109446,-0.000137952,1.97747,results/mhd_runner/glm_sweep/ot_runs/divergence/ot_glm_sweep_coarse_n64_mixed_eglm_ch16_sub1_cr0p03_mixed_eglm.csv
orszag_tang,mixed_eglm,64,finished,16.0,0.03,nan,4,35.3905,1.0304,0.00853771,0.00853771,0.00021344275000000003,0.113357,0.109446,-0.000137952,1.98119,results/mhd_runner/glm_sweep/ot_runs/divergence/ot_glm_sweep_coarse_n64_mixed_eglm_ch16_sub4_cr0p03_mixed_eglm.csv
orszag_tang,mixed_eglm,64,finished,16.0,0.03,nan,8,35.3905,1.0304,0.00853573,0.00853573,0.00021339325,0.11333,0.109446,-0.000137957,1.86457,results/mhd_runner/glm_sweep/ot_runs/divergence/ot_glm_sweep_coarse_n64_mixed_eglm_ch16_sub8_cr0p03_mixed_eglm.csv
orszag_tang,gi_mixed_eglm,64,finished,16.0,nan,0.2,8,35.3905,0.234582,0.0318843,0.0318843,0.0007971075,0.559388,0.109689,-0.000140878,1.91732,results/mhd_runner/glm_sweep/ot_runs/divergence/ot_glm_sweep_coarse_n64_gi_mixed_eglm_ch16_sub8_cd0p2_gi_mixed_eglm.csv
orszag_tang,gi_mixed_eglm,64,finished,16.0,nan,0.2,1,35.3905,0.250779,0.0318666,0.0318666,0.0007966650000000001,0.559065,0.109689,-0.000141039,1.87574,results/mhd_runner/glm_sweep/ot_runs/divergence/ot_glm_sweep_coarse_n64_gi_mixed_eglm_ch16_sub1_cd0p2_gi_mixed_eglm.csv
orszag_tang,gi_mixed_eglm,64,finished,16.0,nan,0.2,2,35.3905,0.250779,0.0318666,0.0318666,0.0007966650000000001,0.559065,0.109689,-0.000141039,1.88539,results/mhd_runner/glm_sweep/ot_runs/divergence/ot_glm_sweep_coarse_n64_gi_mixed_eglm_ch16_sub2_cd0p2_gi_mixed_eglm.csv
orszag_tang,gi_mixed_eglm,64,finished,16.0,nan,0.2,4,35.3905,0.250779,0.0318666,0.0318666,0.0007966650000000001,0.559065,0.109689,-0.000141039,1.97138,results/mhd_runner/glm_sweep/ot_runs/divergence/ot_glm_sweep_coarse_n64_gi_mixed_eglm_ch16_sub4_cd0p2_gi_mixed_eglm.csv
orszag_tang,mixed_eglm,64,finished,16.0,0.01,nan,4,35.3905,0.594899,0.0172051,0.0172051,0.00043012750000000005,0.212078,0.109582,-0.0001718,1.8121,results/mhd_runner/glm_sweep/ot_runs/divergence/ot_glm_sweep_coarse_n64_mixed_eglm_ch16_sub4_cr0p01_mixed_eglm.csv
orszag_tang,mixed_eglm,64,finished,16.0,0.01,nan,1,35.3905,0.594899,0.0172051,0.0172051,0.00043012750000000005,0.212078,0.109582,-0.0001718,1.88551,results/mhd_runner/glm_sweep/ot_runs/divergence/ot_glm_sweep_coarse_n64_mixed_eglm_ch16_sub1_cr0p01_mixed_eglm.csv
orszag_tang,mixed_eglm,64,finished,16.0,0.01,nan,2,35.3905,0.594899,0.0172051,0.0172051,0.00043012750000000005,0.212078,0.109582,-0.0001718,1.96473,results/mhd_runner/glm_sweep/ot_runs/divergence/ot_glm_sweep_coarse_n64_mixed_eglm_ch16_sub2_cr0p01_mixed_eglm.csv
orszag_tang,mixed_eglm,64,finished,16.0,0.01,nan,8,35.3905,0.594899,0.0171956,0.0171956,0.00042989,0.211967,0.109582,-0.000171856,1.78156,results/mhd_runner/glm_sweep/ot_runs/divergence/ot_glm_sweep_coarse_n64_mixed_eglm_ch16_sub8_cr0p01_mixed_eglm.csv
orszag_tang,gi_mixed_eglm,64,finished,16.0,0.03,nan,2,35.3905,1.0304,0.00868789,0.00868789,0.00021719725,0.130329,0.109451,-0.000172926,1.88199,results/mhd_runner/glm_sweep/ot_runs/divergence/ot_glm_sweep_coarse_n64_gi_mixed_eglm_ch16_sub2_cr0p03_gi_mixed_eglm.csv
orszag_tang,gi_mixed_eglm,64,finished,16.0,0.03,nan,1,35.3905,1.0304,0.00868789,0.00868789,0.00021719725,0.130329,0.109451,-0.000172926,1.9808,results/mhd_runner/glm_sweep/ot_runs/divergence/ot_glm_sweep_coarse_n64_gi_mixed_eglm_ch16_sub1_cr0p03_gi_mixed_eglm.csv
orszag_tang,gi_mixed_eglm,64,finished,16.0,0.03,nan,4,35.3905,1.0304,0.00868789,0.00868789,0.00021719725,0.130329,0.109451,-0.000172926,2.04845,results/mhd_runner/glm_sweep/ot_runs/divergence/ot_glm_sweep_coarse_n64_gi_mixed_eglm_ch16_sub4_cr0p03_gi_mixed_eglm.csv
orszag_tang,gi_mixed_eglm,64,finished,16.0,0.03,nan,8,35.3905,1.0304,0.00868586,0.00868586,0.00021714650000000002,0.130298,0.109451,-0.000172931,1.96241,results/mhd_runner/glm_sweep/ot_runs/divergence/ot_glm_sweep_coarse_n64_gi_mixed_eglm_ch16_sub8_cr0p03_gi_mixed_eglm.csv
orszag_tang,mixed_eglm,64,finished,16.0,nan,0.8,8,35.3905,0.631831,0.0143249,0.0143249,0.0003581225,0.181461,0.10955,-0.000172989,1.88101,results/mhd_runner/glm_sweep/ot_runs/divergence/ot_glm_sweep_coarse_n64_mixed_eglm_ch16_sub8_cd0p8_mixed_eglm.csv
orszag_tang,mixed_eglm,64,finished,16.0,nan,0.8,1,35.3905,0.675456,0.0142629,0.0142629,0.00035657250000000005,0.180718,0.10955,-0.000173301,1.77658,results/mhd_runner/glm_sweep/ot_runs/divergence/ot_glm_sweep_coarse_n64_mixed_eglm_ch16_sub1_cd0p8_mixed_eglm.csv
orszag_tang,mixed_eglm,64,finished,16.0,nan,0.8,2,35.3905,0.675456,0.0142629,0.0142629,0.00035657250000000005,0.180718,0.10955,-0.000173301,1.88905,results/mhd_runner/glm_sweep/ot_runs/divergence/ot_glm_sweep_coarse_n64_mixed_eglm_ch16_sub2_cd0p8_mixed_eglm.csv
orszag_tang,mixed_eglm,64,finished,16.0,nan,0.8,4,35.3905,0.675456,0.0142629,0.0142629,0.00035657250000000005,0.180718,0.10955,-0.000173301,1.97205,results/mhd_runner/glm_sweep/ot_runs/divergence/ot_glm_sweep_coarse_n64_mixed_eglm_ch16_sub4_cd0p8_mixed_eglm.csv
orszag_tang,gi_mixed_eglm,64,finished,16.0,nan,0.5,8,35.3905,0.356914,0.0259352,0.0259352,0.00064838,0.437632,0.109649,-0.000203448,2.02992,results/mhd_runner/glm_sweep/ot_runs/divergence/ot_glm_sweep_coarse_n64_gi_mixed_eglm_ch16_sub8_cd0p5_gi_mixed_eglm.csv
orszag_tang,gi_mixed_eglm,64,finished,16.0,nan,0.5,4,35.3905,0.381557,0.0258863,0.0258863,0.0006471575,0.436794,0.109649,-0.000203829,1.86933,results/mhd_runner/glm_sweep/ot_runs/divergence/ot_glm_sweep_coarse_n64_gi_mixed_eglm_ch16_sub4_cd0p5_gi_mixed_eglm.csv
orszag_tang,gi_mixed_eglm,64,finished,16.0,nan,0.5,2,35.3905,0.381557,0.0258863,0.0258863,0.0006471575,0.436794,0.109649,-0.000203829,1.88416,results/mhd_runner/glm_sweep/ot_runs/divergence/ot_glm_sweep_coarse_n64_gi_mixed_eglm_ch16_sub2_cd0p5_gi_mixed_eglm.csv
orszag_tang,gi_mixed_eglm,64,finished,16.0,nan,0.5,1,35.3905,0.381557,0.0258863,0.0258863,0.0006471575,0.436794,0.109649,-0.000203829,1.88679,results/mhd_runner/glm_sweep/ot_runs/divergence/ot_glm_sweep_coarse_n64_gi_mixed_eglm_ch16_sub1_cd0p5_gi_mixed_eglm.csv
orszag_tang,gi_mixed_eglm,64,finished,16.0,nan,0.8,8,35.3905,0.629119,0.0147165,0.0147165,0.00036791250000000003,0.231453,0.109546,-0.000228797,1.93158,results/mhd_runner/glm_sweep/ot_runs/divergence/ot_glm_sweep_coarse_n64_gi_mixed_eglm_ch16_sub8_cd0p8_gi_mixed_eglm.csv
orszag_tang,gi_mixed_eglm,64,finished,16.0,nan,0.8,4,35.3905,0.672556,0.0146526,0.0146526,0.00036631500000000003,0.230475,0.109546,-0.000229104,1.88669,results/mhd_runner/glm_sweep/ot_runs/divergence/ot_glm_sweep_coarse_n64_gi_mixed_eglm_ch16_sub4_cd0p8_gi_mixed_eglm.csv
orszag_tang,gi_mixed_eglm,64,finished,16.0,nan,0.8,2,35.3905,0.672556,0.0146526,0.0146526,0.00036631500000000003,0.230475,0.109546,-0.000229104,2.0505,results/mhd_runner/glm_sweep/ot_runs/divergence/ot_glm_sweep_coarse_n64_gi_mixed_eglm_ch16_sub2_cd0p8_gi_mixed_eglm.csv
orszag_tang,gi_mixed_eglm,64,finished,16.0,nan,0.8,1,35.3905,0.672556,0.0146526,0.0146526,0.00036631500000000003,0.230475,0.109546,-0.000229104,2.06577,results/mhd_runner/glm_sweep/ot_runs/divergence/ot_glm_sweep_coarse_n64_gi_mixed_eglm_ch16_sub1_cd0p8_gi_mixed_eglm.csv
orszag_tang,gi_mixed_eglm,64,finished,16.0,0.01,nan,1,35.3905,0.594899,0.017752,0.017752,0.00044380000000000005,0.284654,0.109578,-0.000236873,1.86752,results/mhd_runner/glm_sweep/ot_runs/divergence/ot_glm_sweep_coarse_n64_gi_mixed_eglm_ch16_sub1_cr0p01_gi_mixed_eglm.csv
orszag_tang,gi_mixed_eglm,64,finished,16.0,0.01,nan,4,35.3905,0.594899,0.017752,0.017752,0.00044380000000000005,0.284654,0.109578,-0.000236873,1.96109,results/mhd_runner/glm_sweep/ot_runs/divergence/ot_glm_sweep_coarse_n64_gi_mixed_eglm_ch16_sub4_cr0p01_gi_mixed_eglm.csv
orszag_tang,gi_mixed_eglm,64,finished,16.0,0.01,nan,2,35.3905,0.594899,0.017752,0.017752,0.00044380000000000005,0.284654,0.109578,-0.000236873,1.97135,results/mhd_runner/glm_sweep/ot_runs/divergence/ot_glm_sweep_coarse_n64_gi_mixed_eglm_ch16_sub2_cr0p01_gi_mixed_eglm.csv
orszag_tang,gi_mixed_eglm,64,finished,16.0,0.01,nan,8,35.3905,0.594899,0.0177423,0.0177423,0.0004435575,0.284502,0.109578,-0.000236927,2.07775,results/mhd_runner/glm_sweep/ot_runs/divergence/ot_glm_sweep_coarse_n64_gi_mixed_eglm_ch16_sub8_cr0p01_gi_mixed_eglm.csv
