i,j,x,y,Bx,By,Bz,psi,divB
0,0,0.00390625,0.00390625,1,0,0,0,0
1,0,0.0117188,0.00390625,1,0,0,0,0
2,0,0.0195312,0.00390625,1,0,0,0,0
3,0,0.0273438,0.00390625,1,0,0,0,0
4,0,0.0351562,0.00390625,1,0,0,0,0
5,0,0.0429688,0.00390625,1,0,0,0,0
6,0,0.0507812,0.00390625,1,0,0,0,0
7,0,0.0585938,0.00390625,1,0,0,0,0
8,0,0.0664062,0.00390625,1,0,0,0,0
9,0,0.0742188,0.00390625,1,0,0,0,0
10,0,0.0820312,0.00390625,1,0,0,0,0
11,0,0.0898438,0.00390625,1,0,0,0,0
12,0,0.0976562,0.00390625,1,0,0,0,0
13,0,0.105469,0.00390625,1,0,0,0,0
14,0,0.113281,0.00390625,1,0,0,0,0
15,0,0.121094,0.00390625,1,0,0,0,0
16,0,0.128906,0.00390625,1,0,0,0,0
17,0,0.136719,0.00390625,1,0,0,0,0
18,0,0.144531,0.00390625,1,0,0,0,0
19,0,0.152344,0.00390625,1,0,0,0,0
20,0,0.160156,0.00390625,1,0,0,0,0
21,0,0.167969,0.00390625,1,0,0,0,0
22,0,0.175781,0.00390625,1,0,0,0,0
23,0,0.183594,0.00390625,1,0,0,0,1.42109e-14
24,0,0.191406,0.00390625,1,0,0,0,1.42109e-14
25,0,0.199219,0.00390625,1,0,0,0,1.42109e-14
26,0,0.207031,0.00390625,1,0,0,0,2.84217e-14
27,0,0.214844,0.00390625,1,0,0,0,2.84217e-14
28,0,0.222656,0.00390625,1,0,0,0,4.26326e-14
29,0,0.230469,0.00390625,1,0,0,0,8.52651e-14
30,0,0.238281,0.00390625,1,0,0,0,1.27898e-13
31,0,0.246094,0.00390625,1,0,0,0,1.7053e-13
32,0,0.253906,0.00390625,1,0,0,0,2.41585e-13
33,0,0.261719,0.00390625,1,0,0,0,3.41061e-13
34,0,0.269531,0.00390625,1,0,0,0,4.68958e-13
35,0,0.277344,0.00390625,1,0,0,0,6.39488e-13
36,0,0.285156,0.00390625,1,0,0,0,8.81073e-13
37,0,0.292969,0.00390625,1,0,0,0,1.1795e-12
38,0,0.300781,0.00390625,1,0,0,0,1.56319e-12
39,0,0.308594,0.00390625,1,0,0,0,2.03215e-12
40,0,0.316406,0.00390625,1,0,0,0,2.60059e-12
41,0,0.324219,0.00390625,1,0,0,0,3.29692e-12
42,0,0.332031,0.00390625,1,0,0,0,4.12115e-12
43,0,0.339844,0.00390625,1,0,0,0,5.07328e-12
44,0,0.347656,0.00390625,1,0,0,0,6.1533e-12
45,0,0.355469,0.00390625,1,0,0,0,7.36122e-12
46,0,0.363281,0.00390625,1,0,0,0,8.65441e-12
47,0,0.371094,0.00390625,1,0,0,0,1.00329e-11
48,0,0.378906,0.00390625,1,0,0,0,1.14539e-11
49,0,0.386719,0.00390625,1,0,0,0,1.28466e-11
50,0,0.394531,0.00390625,1,0,0,0,1.41824e-11
51,0,0.402344,0.00390625,1,0,0,0,1.53904e-11
52,0,0.410156,0.00390625,1,0,0,0,1.63851e-11
53,0,0.417969,0.00390625,1,0,0,0,1.71099e-11
54,0,0.425781,0.00390625,1,0,0,0,1.74651e-11
55,0,0.433594,0.00390625,1,0,0,0,1.74367e-11
56,0,0.441406,0.00390625,1,0,0,0,1.69678e-11
57,0,0.449219,0.00390625,1,0,0,0,1.60014e-11
58,0,0.457031,0.00390625,1,0,0,0,1.45661e-11
59,0,0.464844,0.00390625,1,0,0,0,1.26619e-11
60,0,0.472656,0.00390625,1,0,0,0,1.03313e-11
61,0,0.480469,0.00390625,1,0,0,0,7.65965e-12
62,0,0.488281,0.00390625,1,0,0,0,4.70379e-12
63,0,0.496094,0.00390625,1,0,0,0,1.5774e-12
64,0,0.503906,0.00390625,1,0,0,0,-1.5774e-12
65,0,0.511719,0.00390625,1,0,0,0,-4.70379e-12
66,0,0.519531,0.00390625,1,0,0,0,-7.65965e-12
67,0,0.527344,0.00390625,1,0,0,0,-1.03313e-11
68,0,0.535156,0.00390625,1,0,0,0,-1.26619e-11
69,0,0.542969,0.00390625,1,0,0,0,-1.45661e-11
70,0,0.550781,0.00390625,1,0,0,0,-1.60014e-11
71,0,0.558594,0.00390625,1,0,0,0,-1.69678e-11
72,0,0.566406,0.00390625,1,0,0,0,-1.74367e-11
73,0,0.574219,0.00390625,1,0,0,0,-1.74651e-11
74,0,0.582031,0.00390625,1,0,0,0,-1.71099e-11
75,0,0.589844,0.00390625,1,0,0,0,-1.63851e-11
76,0,0.597656,0.00390625,1,0,0,0,-1.53904e-11
77,0,0.605469,0.00390625,1,0,0,0,-1.41824e-11
78,0,0.613281,0.00390625,1,0,0,0,-1.28466e-11
79,0,0.621094,0.00390625,1,0,0,0,-1.14539e-11
80,0,0.628906,0.00390625,1,0,0,0,-1.00329e-11
81,0,0.636719,0.00390625,1,0,0,0,-8.65441e-12
82,0,0.644531,0.00390625,1,0,0,0,-7.36122e-12
83,0,0.652344,0.00390625,1,0,0,0,-6.1533e-12
84,0,0.660156,0.00390625,1,0,0,0,-5.07328e-12
85,0,0.667969,0.00390625,1,0,0,0,-4.12115e-12
86,0,0.675781,0.00390625,1,0,0,0,-3.29692e-12
87,0,0.683594,0.00390625,1,0,0,0,-2.60059e-12
88,0,0.691406,0.00390625,1,0,0,0,-2.03215e-12
89,0,0.699219,0.00390625,1,0,0,0,-1.56319e-12
90,0,0.707031,0.00390625,1,0,0,0,-1.1795e-12
91,0,0.714844,0.00390625,1,0,0,0,-8.81073e-13
92,0,0.722656,0.00390625,1,0,0,0,-6.39488e-13
93,0,0.730469,0.00390625,1,0,0,0,-4.68958e-13
94,0,0.738281,0.00390625,1,0,0,0,-3.41061e-13
95,0,0.746094,0.00390625,1,0,0,0,-2.41585e-13
96,0,0.753906,0.00390625,1,0,0,0,-1.7053e-13
97,0,0.761719,0.00390625,1,0,0,0,-1.27898e-13
98,0,0.769531,0.00390625,1,0,0,0,-8.52651e-14
99,0,0.777344,0.00390625,1,0,0,0,-4.26326e-14
100,0,0.785156,0.00390625,1,0,0,0,-2.84217e-14
101,0,0.792969,0.00390625,1,0,0,0,-2.84217e-14
102,0,0.800781,0.00390625,1,0,0,0,-1.42109e-14
103,0,0.808594,0.00390625,1,0,0,0,-1.42109e-14
104,0,0.816406,0.00390625,1,0,0,0,-1.42109e-14
105,0,0.824219,0.00390625,1,0,0,0,0
106,0,0.832031,0.00390625,1,0,0,0,0
107,0,0.839844,0.00390625,1,0,0,0,0
108,0,0.847656,0.00390625,1,0,0,0,0
109,0,0.855469,0.00390625,1,0,0,0,0
110,0,0.863281,0.00390625,1,0,0,0,0
111,0,0.871094,0.00390625,1,0,0,0,0
112,0,0.878906,0.00390625,1,0,0,0,0
113,0,0.886719,0.00390625,1,0,0,0,0
114,0,0.894531,0.00390625,1,0,0,0,0
115,0,0.902344,0.00390625,1,0,0,0,0
116,0,0.910156,0.00390625,1,0,0,0,0
117,0,0.917969,0.00390625,1,0,0,0,0
118,0,0.925781,0.00390625,1,0,0,0,0
119,0,0.933594,0.00390625,1,0,0,0,0
120,0,0.941406,0.00390625,1,0,0,0,0
121,0,0.949219,0.00390625,1,0,0,0,0
122,0,0.957031,0.00390625,1,0,0,0,0
123,0,0.964844,0.00390625,1,0,0,0,0
124,0,0.972656,0.00390625,1,0,0,0,0
125,0,0.980469,0.00390625,1,0,0,0,0
126,0,0.988281,0.00390625,1,0,0,0,0
127,0,0.996094,0.00390625,1,0,0,0,0
0,1,0.00390625,0.0117188,1,0,0,0,0
1,1,0.0117188,0.0117188,1,0,0,0,0
2,1,0.0195312,0.0117188,1,0,0,0,0
3,1,0.0273438,0.0117188,1,0,0,0,0
4,1,0.0351562,0.0117188,1,0,0,0,0
5,1,0.0429688,0.0117188,1,0,0,0,0
6,1,0.0507812,0.0117188,1,0,0,0,0
7,1,0.0585938,0.0117188,1,0,0,0,0
8,1,0.0664062,0.0117188,1,0,0,0,0
9,1,0.0742188,0.0117188,1,0,0,0,0
10,1,0.0820312,0.0117188,1,0,0,0,0
11,1,0.0898438,0.0117188,1,0,0,0,0
12,1,0.0976562,0.0117188,1,0,0,0,0
13,1,0.105469,0.0117188,1,0,0,0,0
14,1,0.113281,0.0117188,1,0,0,0,0
15,1,0.121094,0.0117188,1,0,0,0,0
16,1,0.128906,0.0117188,1,0,0,0,0
17,1,0.136719,0.0117188,1,0,0,0,0
18,1,0.144531,0.0117188,1,0,0,0,0
19,1,0.152344,0.0117188,1,0,0,0,0
20,1,0.160156,0.0117188,1,0,0,0,0
21,1,0.167969,0.0117188,1,0,0,0,1.42109e-14
22,1,0.175781,0.0117188,1,0,0,0,1.42109e-14
23,1,0.183594,0.0117188,1,0,0,0,0
24,1,0.191406,0.0117188,1,0,0,0,1.42109e-14
25,1,0.199219,0.0117188,1,0,0,0,4.26326e-14
26,1,0.207031,0.0117188,1,0,0,0,5.68434e-14
27,1,0.214844,0.0117188,1,0,0,0,7.10543e-14
28,1,0.222656,0.0117188,1,0,0,0,1.13687e-13
29,1,0.230469,0.0117188,1,0,0,0,1.7053e-13
30,1,0.238281,0.0117188,1,0,0,0,2.55795e-13
31,1,0.246094,0.0117188,1,0,0,0,3.69482e-13
32,1,0.253906,0.0117188,1,0,0,0,5.11591e-13
33,1,0.261719,0.0117188,1,0,0,0,7.24754e-13
34,1,0.269531,0.0117188,1,0,0,0,1.02318e-12
35,1,0.277344,0.0117188,1,0,0,0,1.40687e-12
36,1,0.285156,0.0117188,1,0,0,0,1.90425e-12
37,1,0.292969,0.0117188,1,0,0,0,2.54374e-12
38,1,0.300781,0.0117188,1,0,0,0,3.36797e-12
39,1,0.308594,0.0117188,1,0,0,0,4.37694e-12
40,1,0.316406,0.0117188,1,0,0,0,5.61329e-12
41,1,0.324219,0.0117188,1,0,0,0,7.11964e-12
42,1,0.332031,0.0117188,1,0,0,0,8.896e-12
43,1,0.339844,0.0117188,1,0,0,0,1.09424e-11
44,1,0.347656,0.0117188,1,0,0,0,1.32729e-11
45,1,0.355469,0.0117188,1,0,0,0,1.58735e-11
46,1,0.363281,0.0117188,1,0,0,0,1.86731e-11
47,1,0.371094,0.0117188,1,0,0,0,2.16573e-11
48,1,0.378906,0.0117188,1,0,0,0,2.47127e-11
49,1,0.386719,0.0117188,1,0,0,0,2.77396e-11
50,1,0.394531,0.0117188,1,0,0,0,3.06244e-11
51,1,0.402344,0.0117188,1,0,0,0,3.31966e-11
52,1,0.410156,0.0117188,1,0,0,0,3.53424e-11
53,1,0.417969,0.0117188,1,0,0,0,3.68914e-11
54,1,0.425781,0.0117188,1,0,0,0,3.76872e-11
55,1,0.433594,0.0117188,1,0,0,0,3.76303e-11
56,1,0.441406,0.0117188,1,0,0,0,3.6593e-11
57,1,0.449219,0.0117188,1,0,0,0,3.45182e-11
58,1,0.457031,0.0117188,1,0,0,0,3.14202e-11
59,1,0.464844,0.0117188,1,0,0,0,2.73275e-11
60,1,0.472656,0.0117188,1,0,0,0,2.2311e-11
61,1,0.480469,0.0117188,1,0,0,0,1.65272e-11
62,1,0.488281,0.0117188,1,0,0,0,1.01608e-11
63,1,0.496094,0.0117188,1,0,0,0,3.42482e-12
64,1,0.503906,0.0117188,1,0,0,0,-3.42482e-12
65,1,0.511719,0.0117188,1,0,0,0,-1.01608e-11
66,1,0.519531,0.0117188,1,0,0,0,-1.65272e-11
67,1,0.527344,0.0117188,1,0,0,0,-2.2311e-11
68,1,0.535156,0.0117188,1,0,0,0,-2.73275e-11
69,1,0.542969,0.0117188,1,0,0,0,-3.14202e-11
70,1,0.550781,0.0117188,1,0,0,0,-3.45182e-11
71,1,0.558594,0.0117188,1,0,0,0,-3.6593e-11
72,1,0.566406,0.0117188,1,0,0,0,-3.76303e-11
73,1,0.574219,0.0117188,1,0,0,0,-3.76872e-11
74,1,0.582031,0.0117188,1,0,0,0,-3.68914e-11
75,1,0.589844,0.0117188,1,0,0,0,-3.53424e-11
76,1,0.597656,0.0117188,1,0,0,0,-3.31966e-11
77,1,0.605469,0.0117188,1,0,0,0,-3.06244e-11
78,1,0.613281,0.0117188,1,0,0,0,-2.77396e-11
79,1,0.621094,0.0117188,1,0,0,0,-2.47127e-11
80,1,0.628906,0.0117188,1,0,0,0,-2.16573e-11
81,1,0.636719,0.0117188,1,0,0,0,-1.86731e-11
82,1,0.644531,0.0117188,1,0,0,0,-1.58735e-11
83,1,0.652344,0.0117188,1,0,0,0,-1.32729e-11
84,1,0.660156,0.0117188,1,0,0,0,-1.09424e-11
85,1,0.667969,0.0117188,1,0,0,0,-8.896e-12
86,1,0.675781,0.0117188,1,0,0,0,-7.11964e-12
87,1,0.683594,0.0117188,1,0,0,0,-5.61329e-12
88,1,0.691406,0.0117188,1,0,0,0,-4.37694e-12
89,1,0.699219,0.0117188,1,0,0,0,-3.36797e-12
90,1,0.707031,0.0117188,1,0,0,0,-2.54374e-12
91,1,0.714844,0.0117188,1,0,0,0,-1.90425e-12
92,1,0.722656,0.0117188,1,0,0,0,-1.40687e-12
93,1,0.730469,0.0117188,1,0,0,0,-1.02318e-12
94,1,0.738281,0.0117188,1,0,0,0,-7.24754e-13
95,1,0.746094,0.0117188,1,0,0,0,-5.11591e-13
96,1,0.753906,0.0117188,1,0,0,0,-3.69482e-13
97,1,0.761719,0.0117188,1,0,0,0,-2.55795e-13
98,1,0.769531,0.0117188,1,0,0,0,-1.7053e-13
99,1,0.777344,0.0117188,1,0,0,0,-1.13687e-13
100,1,0.785156,0.0117188,1,0,0,0,-7.10543e-14
101,1,0.792969,0.0117188,1,0,0,0,-5.68434e-14
102,1,0.800781,0.0117188,1,0,0,0,-4.26326e-14
103,1,0.808594,0.0117188,1,0,0,0,-1.42109e-14
104,1,0.816406,0.0117188,1,0,0,0,0
105,1,0.824219,0.0117188,1,0,0,0,-1.42109e-14
106,1,0.832031,0.0117188,1,0,0,0,-1.42109e-14
107,1,0.839844,0.0117188,1,0,0,0,0
108,1,0.847656,0.0117188,1,0,0,0,0
109,1,0.855469,0.0117188,1,0,0,0,0
110,1,0.863281,0.0117188,1,0,0,0,0
111,1,0.871094,0.0117188,1,0,0,0,0
112,1,0.878906,0.0117188,1,0,0,0,0
113,1,0.886719,0.0117188,1,0,0,0,0
114,1,0.894531,0.0117188,1,0,0,0,0
115,1,0.902344,0.0117188,1,0,0,0,0
116,1,0.910156,0.0117188,1,0,0,0,0
117,1,0.917969,0.0117188,1,0,0,0,0
118,1,0.925781,0.0117188,1,0,0,0,0
119,1,0.933594,0.0117188,1,0,0,0,0
120,1,0.941406,0.0117188,1,0,0,0,0
121,1,0.949219,0.0117188,1,0,0,0,0
122,1,0.957031,0.0117188,1,0,0,0,0
123,1,0.964844,0.0117188,1,0,0,0,0
124,1,0.972656,0.0117188,1,0,0,0,0
125,1,0.980469,0.0117188,1,0,0,0,0
126,1,0.988281,0.0117188,1,0,0,0,0
127,1,0.996094,0.0117188,1,0,0,0,0
0,2,0.00390625,0.0195312,1,0,0,0,0
1,2,0.0117188,0.0195312,1,0,0,0,0
2,2,0.0195312,0.0195312,1,0,0,0,0
3,2,0.0273438,0.0195312,1,0,0,0,0
4,2,0.0351562,0.0195312,1,0,0,0,0
5,2,0.0429688,0.0195312,1,0,0,0,0
6,2,0.0507812,0.0195312,1,0,0,0,0
7,2,0.0585938,0.0195312,1,0,0,0,0
8,2,0.0664062,0.0195312,1,0,0,0,0
9,2,0.0742188,0.0195312,1,0,0,0,0
10,2,0.0820312,0.0195312,1,0,0,0,0
11,2,0.0898438,0.0195312,1,0,0,0,0
12,2,0.0976562,0.0195312,1,0,0,0,0
13,2,0.105469,0.0195312,1,0,0,0,0
14,2,0.113281,0.0195312,1,0,0,0,0
15,2,0.121094,0.0195312,1,0,0,0,0
16,2,0.128906,0.0195312,1,0,0,0,0
17,2,0.136719,0.0195312,1,0,0,0,0
18,2,0.144531,0.0195312,1,0,0,0,0
19,2,0.152344,0.0195312,1,0,0,0,0
20,2,0.160156,0.0195312,1,0,0,0,1.42109e-14
21,2,0.167969,0.0195312,1,0,0,0,1.42109e-14
22,2,0.175781,0.0195312,1,0,0,0,1.42109e-14
23,2,0.183594,0.0195312,1,0,0,0,2.84217e-14
24,2,0.191406,0.0195312,1,0,0,0,4.26326e-14
25,2,0.199219,0.0195312,1,0,0,0,7.10543e-14
26,2,0.207031,0.0195312,1,0,0,0,9.9476e-14
27,2,0.214844,0.0195312,1,0,0,0,1.56319e-13
28,2,0.222656,0.0195312,1,0,0,0,2.55795e-13
29,2,0.230469,0.0195312,1,0,0,0,3.69482e-13
30,2,0.238281,0.0195312,1,0,0,0,5.25802e-13
31,2,0.246094,0.0195312,1,0,0,0,7.67386e-13
32,2,0.253906,0.0195312,1,0,0,0,1.10845e-12
33,2,0.261719,0.0195312,1,0,0,0,1.56319e-12
34,2,0.269531,0.0195312,1,0,0,0,2.17426e-12
35,2,0.277344,0.0195312,1,0,0,0,2.99849e-12
36,2,0.285156,0.0195312,1,0,0,0,4.0643e-12
37,2,0.292969,0.0195312,1,0,0,0,5.42855e-12
38,2,0.300781,0.0195312,1,0,0,0,7.16227e-12
39,2,0.308594,0.0195312,1,0,0,0,9.33653e-12
40,2,0.316406,0.0195312,1,0,0,0,1.1994e-11
41,2,0.324219,0.0195312,1,0,0,0,1.51772e-11
42,2,0.332031,0.0195312,1,0,0,0,1.89431e-11
43,2,0.339844,0.0195312,1,0,0,0,2.332e-11
44,2,0.347656,0.0195312,1,0,0,0,2.82938e-11
45,2,0.355469,0.0195312,1,0,0,0,3.38218e-11
46,2,0.363281,0.0195312,1,0,0,0,3.98188e-11
47,2,0.371094,0.0195312,1,0,0,0,4.61426e-11
48,2,0.378906,0.0195312,1,0,0,0,5.26654e-11
49,2,0.386719,0.0195312,1,0,0,0,5.91314e-11
50,2,0.394531,0.0195312,1,0,0,0,6.52562e-11
51,2,0.402344,0.0195312,1,0,0,0,7.07843e-11
52,2,0.410156,0.0195312,1,0,0,0,7.5346e-11
53,2,0.417969,0.0195312,1,0,0,0,7.86287e-11
54,2,0.425781,0.0195312,1,0,0,0,8.03482e-11
55,2,0.433594,0.0195312,1,0,0,0,8.01919e-11
56,2,0.441406,0.0195312,1,0,0,0,7.79892e-11
57,2,0.449219,0.0195312,1,0,0,0,7.3598e-11
58,2,0.457031,0.0195312,1,0,0,0,6.69758e-11
59,2,0.464844,0.0195312,1,0,0,0,5.82361e-11
60,2,0.472656,0.0195312,1,0,0,0,4.75637e-11
61,2,0.480469,0.0195312,1,0,0,0,3.52429e-11
62,2,0.488281,0.0195312,1,0,0,0,2.16573e-11
63,2,0.496094,0.0195312,1,0,0,0,7.30438e-12
64,2,0.503906,0.0195312,1,0,0,0,-7.30438e-12
65,2,0.511719,0.0195312,1,0,0,0,-2.16573e-11
66,2,0.519531,0.0195312,1,0,0,0,-3.52429e-11
67,2,0.527344,0.0195312,1,0,0,0,-4.75637e-11
68,2,0.535156,0.0195312,1,0,0,0,-5.82361e-11
69,2,0.542969,0.0195312,1,0,0,0,-6.69758e-11
70,2,0.550781,0.0195312,1,0,0,0,-7.3598e-11
71,2,0.558594,0.0195312,1,0,0,0,-7.79892e-11
72,2,0.566406,0.0195312,1,0,0,0,-8.01919e-11
73,2,0.574219,0.0195312,1,0,0,0,-8.03482e-11
74,2,0.582031,0.0195312,1,0,0,0,-7.86287e-11
75,2,0.589844,0.0195312,1,0,0,0,-7.5346e-11
76,2,0.597656,0.0195312,1,0,0,0,-7.07843e-11
77,2,0.605469,0.0195312,1,0,0,0,-6.52562e-11
78,2,0.613281,0.0195312,1,0,0,0,-5.91314e-11
79,2,0.621094,0.0195312,1,0,0,0,-5.26654e-11
80,2,0.628906,0.0195312,1,0,0,0,-4.61426e-11
81,2,0.636719,0.0195312,1,0,0,0,-3.98188e-11
82,2,0.644531,0.0195312,1,0,0,0,-3.38218e-11
83,2,0.652344,0.0195312,1,0,0,0,-2.82938e-11
84,2,0.660156,0.0195312,1,0,0,0,-2.332e-11
85,2,0.667969,0.0195312,1,0,0,0,-1.89431e-11
86,2,0.675781,0.0195312,1,0,0,0,-1.51772e-11
87,2,0.683594,0.0195312,1,0,0,0,-1.1994e-11
88,2,0.691406,0.0195312,1,0,0,0,-9.33653e-12
89,2,0.699219,0.0195312,1,0,0,0,-7.16227e-12
90,2,0.707031,0.0195312,1,0,0,0,-5.42855e-12
91,2,0.714844,0.0195312,1,0,0,0,-4.0643e-12
92,2,0.722656,0.0195312,1,0,0,0,-2.99849e-12
93,2,0.730469,0.0195312,1,0,0,0,-2.17426e-12
94,2,0.738281,0.0195312,1,0,0,0,-1.56319e-12
95,2,0.746094,0.0195312,1,0,0,0,-1.10845e-12
96,2,0.753906,0.0195312,1,0,0,0,-7.67386e-13
97,2,0.761719,0.0195312,1,0,0,0,-5.25802e-13
98,2,0.769531,0.0195312,1,0,0,0,-3.69482e-13
99,2,0.777344,0.0195312,1,0,0,0,-2.55795e-13
100,2,0.785156,0.0195312,1,0,0,0,-1.56319e-13
101,2,0.792969,0.0195312,1,0,0,0,-9.9476e-14
102,2,0.800781,0.0195312,1,0,0,0,-7.10543e-14
103,2,0.808594,0.0195312,1,0,0,0,-4.26326e-14
104,2,0.816406,0.0195312,1,0,0,0,-2.84217e-14
105,2,0.824219,0.0195312,1,0,0,0,-1.42109e-14
106,2,0.832031,0.0195312,1,0,0,0,-1.42109e-14
107,2,0.839844,0.0195312,1,0,0,0,-1.42109e-14
108,2,0.847656,0.0195312,1,0,0,0,0
109,2,0.855469,0.0195312,1,0,0,0,0
110,2,0.863281,0.0195312,1,0,0,0,0
111,2,0.871094,0.0195312,1,0,0,0,0
112,2,0.878906,0.0195312,1,0,0,0,0
113,2,0.886719,0.0195312,1,0,0,0,0
114,2,0.894531,0.0195312,1,0,0,0,0
115,2,0.902344,0.0195312,1,0,0,0,0
116,2,0.910156,0.0195312,1,0,0,0,0
117,2,0.917969,0.0195312,1,0,0,0,0
118,2,0.925781,0.0195312,1,0,0,0,0
119,2,0.933594,0.0195312,1,0,0,0,0
120,2,0.941406,0.0195312,1,0,0,0,0
121,2,0.949219,0.0195312,1,0,0,0,0
122,2,0.957031,0.0195312,1,0,0,0,0
123,2,0.964844,0.0195312,1,0,0,0,0
124,2,0.972656,0.0195312,1,0,0,0,0
125,2,0.980469,0.0195312,1,0,0,0,0
126,2,0.988281,0.0195312,1,0,0,0,0
127,2,0.996094,0.0195312,1,0,0,0,0
0,3,0.00390625,0.0273438,1,0,0,0,0
1,3,0.0117188,0.0273438,1,0,0,0,0
2,3,0.0195312,0.0273438,1,0,0,0,0
3,3,0.0273438,0.0273438,1,0,0,0,0
4,3,0.0351562,0.0273438,1,0,0,0,0
5,3,0.0429688,0.0273438,1,0,0,0,0
6,3,0.0507812,0.0273438,1,0,0,0,0
7,3,0.0585938,0.0273438,1,0,0,0,0
8,3,0.0664062,0.0273438,1,0,0,0,0
9,3,0.0742188,0.0273438,1,0,0,0,0
10,3,0.0820312,0.0273438,1,0,0,0,0
11,3,0.0898438,0.0273438,1,0,0,0,0
12,3,0.0976562,0.0273438,1,0,0,0,0
13,3,0.105469,0.0273438,1,0,0,0,0
14,3,0.113281,0.0273438,1,0,0,0,0
15,3,0.121094,0.0273438,1,0,0,0,0
16,3,0.128906,0.0273438,1,0,0,0,0
17,3,0.136719,0.0273438,1,0,0,0,0
18,3,0.144531,0.0273438,1,0,0,0,1.42109e-14
19,3,0.152344,0.0273438,1,0,0,0,1.42109e-14
20,3,0.160156,0.0273438,1,0,0,0,0
21,3,0.167969,0.0273438,1,0,0,0,1.42109e-14
22,3,0.175781,0.0273438,1,0,0,0,4.26326e-14
23,3,0.183594,0.0273438,1,0,0,0,7.10543e-14
24,3,0.191406,0.0273438,1,0,0,0,9.9476e-14
25,3,0.199219,0.0273438,1,0,0,0,1.42109e-13
26,3,0.207031,0.0273438,1,0,0,0,2.13163e-13
27,3,0.214844,0.0273438,1,0,0,0,3.41061e-13
28,3,0.222656,0.0273438,1,0,0,0,5.25802e-13
29,3,0.230469,0.0273438,1,0,0,0,7.67386e-13
30,3,0.238281,0.0273438,1,0,0,0,1.12266e-12
31,3,0.246094,0.0273438,1,0,0,0,1.62004e-12
32,3,0.253906,0.0273438,1,0,0,0,2.33058e-12
33,3,0.261719,0.0273438,1,0,0,0,3.29692e-12
34,3,0.269531,0.0273438,1,0,0,0,4.5759e-12
35,3,0.277344,0.0273438,1,0,0,0,6.29541e-12
36,3,0.285156,0.0273438,1,0,0,0,8.55493e-12
37,3,0.292969,0.0273438,1,0,0,0,1.14397e-11
38,3,0.300781,0.0273438,1,0,0,0,1.50919e-11
39,3,0.308594,0.0273438,1,0,0,0,1.96536e-11
40,3,0.316406,0.0273438,1,0,0,0,2.52243e-11
41,3,0.324219,0.0273438,1,0,0,0,3.19602e-11
42,3,0.332031,0.0273438,1,0,0,0,3.99041e-11
43,3,0.339844,0.0273438,1,0,0,0,4.90985e-11
44,3,0.347656,0.0273438,1,0,0,0,5.95719e-11
45,3,0.355469,0.0273438,1,0,0,0,7.12106e-11
46,3,0.363281,0.0273438,1,0,0,0,8.38298e-11
47,3,0.371094,0.0273438,1,0,0,0,9.7188e-11
48,3,0.378906,0.0273438,1,0,0,0,1.10916e-10
49,3,0.386719,0.0273438,1,0,0,0,1.24501e-10
50,3,0.394531,0.0273438,1,0,0,0,1.37419e-10
51,3,0.402344,0.0273438,1,0,0,0,1.49029e-10
52,3,0.410156,0.0273438,1,0,0,0,1.5865e-10
53,3,0.417969,0.0273438,1,0,0,0,1.65585e-10
54,3,0.425781,0.0273438,1,0,0,0,1.69166e-10
55,3,0.433594,0.0273438,1,0,0,0,1.68853e-10
56,3,0.441406,0.0273438,1,0,0,0,1.64221e-10
57,3,0.449219,0.0273438,1,0,0,0,1.54969e-10
58,3,0.457031,0.0273438,1,0,0,0,1.41043e-10
59,3,0.464844,0.0273438,1,0,0,0,1.2264e-10
60,3,0.472656,0.0273438,1,0,0,0,1.00144e-10
61,3,0.480469,0.0273438,1,0,0,0,7.41807e-11
62,3,0.488281,0.0273438,1,0,0,0,4.56026e-11
63,3,0.496094,0.0273438,1,0,0,0,1.53904e-11
64,3,0.503906,0.0273438,1,0,0,0,-1.53904e-11
65,3,0.511719,0.0273438,1,0,0,0,-4.56026e-11
66,3,0.519531,0.0273438,1,0,0,0,-7.41807e-11
67,3,0.527344,0.0273438,1,0,0,0,-1.00144e-10
68,3,0.535156,0.0273438,1,0,0,0,-1.2264e-10
69,3,0.542969,0.0273438,1,0,0,0,-1.41043e-10
70,3,0.550781,0.0273438,1,0,0,0,-1.54969e-10
71,3,0.558594,0.0273438,1,0,0,0,-1.64221e-10
72,3,0.566406,0.0273438,1,0,0,0,-1.68853e-10
73,3,0.574219,0.0273438,1,0,0,0,-1.69166e-10
74,3,0.582031,0.0273438,1,0,0,0,-1.65585e-10
75,3,0.589844,0.0273438,1,0,0,0,-1.5865e-10
76,3,0.597656,0.0273438,1,0,0,0,-1.49029e-10
77,3,0.605469,0.0273438,1,0,0,0,-1.37419e-10
78,3,0.613281,0.0273438,1,0,0,0,-1.24501e-10
79,3,0.621094,0.0273438,1,0,0,0,-1.10916e-10
80,3,0.628906,0.0273438,1,0,0,0,-9.7188e-11
81,3,0.636719,0.0273438,1,0,0,0,-8.38298e-11
82,3,0.644531,0.0273438,1,0,0,0,-7.12106e-11
83,3,0.652344,0.0273438,1,0,0,0,-5.95719e-11
84,3,0.660156,0.0273438,1,0,0,0,-4.90985e-11
85,3,0.667969,0.0273438,1,0,0,0,-3.99041e-11
86,3,0.675781,0.0273438,1,0,0,0,-3.19602e-11
87,3,0.683594,0.0273438,1,0,0,0,-2.52243e-11
88,3,0.691406,0.0273438,1,0,0,0,-1.96536e-11
89,3,0.699219,0.0273438,1,0,0,0,-1.50919e-11
90,3,0.707031,0.0273438,1,0,0,0,-1.14397e-11
91,3,0.714844,0.0273438,1,0,0,0,-8.55493e-12
92,3,0.722656,0.0273438,1,0,0,0,-6.29541e-12
93,3,0.730469,0.0273438,1,0,0,0,-4.5759e-12
94,3,0.738281,0.0273438,1,0,0,0,-3.29692e-12
95,3,0.746094,0.0273438,1,0,0,0,-2.33058e-12
96,3,0.753906,0.0273438,1,0,0,0,-1.62004e-12
97,3,0.761719,0.0273438,1,0,0,0,-1.12266e-12
98,3,0.769531,0.0273438,1,0,0,0,-7.67386e-13
99,3,0.777344,0.0273438,1,0,0,0,-5.25802e-13
100,3,0.785156,0.0273438,1,0,0,0,-3.41061e-13
101,3,0.792969,0.0273438,1,0,0,0,-2.13163e-13
102,3,0.800781,0.0273438,1,0,0,0,-1.42109e-13
103,3,0.808594,0.0273438,1,0,0,0,-9.9476e-14
104,3,0.816406,0.0273438,1,0,0,0,-7.10543e-14
105,3,0.824219,0.0273438,1,0,0,0,-4.26326e-14
106,3,0.832031,0.0273438,1,0,0,0,-1.42109e-14
107,3,0.839844,0.0273438,1,0,0,0,0
108,3,0.847656,0.0273438,1,0,0,0,-1.42109e-14
109,3,0.855469,0.0273438,1,0,0,0,-1.42109e-14
110,3,0.863281,0.0273438,1,0,0,0,0
111,3,0.871094,0.0273438,1,0,0,0,0
112,3,0.878906,0.0273438,1,0,0,0,0
113,3,0.886719,0.0273438,1,0,0,0,0
114,3,0.894531,0.0273438,1,0,0,0,0
115,3,0.902344,0.0273438,1,0,0,0,0
116,3,0.910156,0.0273438,1,0,0,0,0
117,3,0.917969,0.0273438,1,0,0,0,0
118,3,0.925781,0.0273438,1,0,0,0,0
119,3,0.933594,0.0273438,1,0,0,0,0
120,3,0.941406,0.0273438,1,0,0,0,0
121,3,0.949219,0.0273438,1,0,0,0,0
122,3,0.957031,0.0273438,1,0,0,0,0
123,3,0.964844,0.0273438,1,0,0,0,0
124,3,0.972656,0.0273438,1,0,0,0,0
125,3,0.980469,0.0273438,1,0,0,0,0
126,3,0.988281,0.0273438,1,0,0,0,0
127,3,0.996094,0.0273438,1,0,0,0,0
0,4,0.00390625,0.0351562,1,0,0,0,0
1,4,0.0117188,0.0351562,1,0,0,0,0
2,4,0.0195312,0.0351562,1,0,0,0,0
3,4,0.0273438,0.0351562,1,0,0,0,0
4,4,0.0351562,0.0351562,1,0,0,0,0
5,4,0.0429688,0.0351562,1,0,0,0,0
6,4,0.0507812,0.0351562,1,0,0,0,0
7,4,0.0585938,0.0351562,1,0,0,0,0
8,4,0.0664062,0.0351562,1,0,0,0,0
9,4,0.0742188,0.0351562,1,0,0,0,0
10,4,0.0820312,0.0351562,1,0,0,0,0
11,4,0.0898438,0.0351562,1,0,0,0,0
12,4,0.0976562,0.0351562,1,0,0,0,0
13,4,0.105469,0.0351562,1,0,0,0,0
14,4,0.113281,0.0351562,1,0,0,0,0
15,4,0.121094,0.0351562,1,0,0,0,0
16,4,0.128906,0.0351562,1,0,0,0,0
17,4,0.136719,0.0351562,1,0,0,0,1.42109e-14
18,4,0.144531,0.0351562,1,0,0,0,1.42109e-14
19,4,0.152344,0.0351562,1,0,0,0,1.42109e-14
20,4,0.160156,0.0351562,1,0,0,0,2.84217e-14
21,4,0.167969,0.0351562,1,0,0,0,4.26326e-14
22,4,0.175781,0.0351562,1,0,0,0,7.10543e-14
23,4,0.183594,0.0351562,1,0,0,0,1.27898e-13
24,4,0.191406,0.0351562,1,0,0,0,1.98952e-13
25,4,0.199219,0.0351562,1,0,0,0,2.98428e-13
26,4,0.207031,0.0351562,1,0,0,0,4.68958e-13
27,4,0.214844,0.0351562,1,0,0,0,7.10543e-13
28,4,0.222656,0.0351562,1,0,0,0,1.06581e-12
29,4,0.230469,0.0351562,1,0,0,0,1.59162e-12
30,4,0.238281,0.0351562,1,0,0,0,2.34479e-12
31,4,0.246094,0.0351562,1,0,0,0,3.39639e-12
32,4,0.253906,0.0351562,1,0,0,0,4.8459e-12
33,4,0.261719,0.0351562,1,0,0,0,6.83542e-12
34,4,0.269531,0.0351562,1,0,0,0,9.53548e-12
35,4,0.277344,0.0351562,1,0,0,0,1.31166e-11
36,4,0.285156,0.0351562,1,0,0,0,1.77778e-11
37,4,0.292969,0.0351562,1,0,0,0,2.37748e-11
38,4,0.300781,0.0351562,1,0,0,0,3.13918e-11
39,4,0.308594,0.0351562,1,0,0,0,4.08846e-11
40,4,0.316406,0.0351562,1,0,0,0,5.24949e-11
41,4,0.324219,0.0351562,1,0,0,0,6.64642e-11
42,4,0.332031,0.0351562,1,0,0,0,8.29914e-11
43,4,0.339844,0.0351562,1,0,0,0,1.02162e-10
44,4,0.347656,0.0351562,1,0,0,0,1.23919e-10
45,4,0.355469,0.0351562,1,0,0,0,1.48106e-10
46,4,0.363281,0.0351562,1,0,0,0,1.74381e-10
47,4,0.371094,0.0351562,1,0,0,0,2.02164e-10
48,4,0.378906,0.0351562,1,0,0,0,2.30699e-10
49,4,0.386719,0.0351562,1,0,0,0,2.58979e-10
50,4,0.394531,0.0351562,1,0,0,0,2.85851e-10
51,4,0.402344,0.0351562,1,0,0,0,3.1001e-10
52,4,0.410156,0.0351562,1,0,0,0,3.30004e-10
53,4,0.417969,0.0351562,1,0,0,0,3.44414e-10
54,4,0.425781,0.0351562,1,0,0,0,3.51889e-10
55,4,0.433594,0.0351562,1,0,0,0,3.51264e-10
56,4,0.441406,0.0351562,1,0,0,0,3.41601e-10
57,4,0.449219,0.0351562,1,0,0,0,3.22345e-10
58,4,0.457031,0.0351562,1,0,0,0,2.93383e-10
59,4,0.464844,0.0351562,1,0,0,0,2.55085e-10
60,4,0.472656,0.0351562,1,0,0,0,2.08303e-10
61,4,0.480469,0.0351562,1,0,0,0,1.54316e-10
62,4,0.488281,0.0351562,1,0,0,0,9.48575e-11
63,4,0.496094,0.0351562,1,0,0,0,3.20028e-11
64,4,0.503906,0.0351562,1,0,0,0,-3.20028e-11
65,4,0.511719,0.0351562,1,0,0,0,-9.48575e-11
66,4,0.519531,0.0351562,1,0,0,0,-1.54316e-10
67,4,0.527344,0.0351562,1,0,0,0,-2.08303e-10
68,4,0.535156,0.0351562,1,0,0,0,-2.55085e-10
69,4,0.542969,0.0351562,1,0,0,0,-2.93383e-10
70,4,0.550781,0.0351562,1,0,0,0,-3.22345e-10
71,4,0.558594,0.0351562,1,0,0,0,-3.41601e-10
72,4,0.566406,0.0351562,1,0,0,0,-3.51264e-10
73,4,0.574219,0.0351562,1,0,0,0,-3.51889e-10
74,4,0.582031,0.0351562,1,0,0,0,-3.44414e-10
75,4,0.589844,0.0351562,1,0,0,0,-3.30004e-10
76,4,0.597656,0.0351562,1,0,0,0,-3.1001e-10
77,4,0.605469,0.0351562,1,0,0,0,-2.85851e-10
78,4,0.613281,0.0351562,1,0,0,0,-2.58979e-10
79,4,0.621094,0.0351562,1,0,0,0,-2.30699e-10
80,4,0.628906,0.0351562,1,0,0,0,-2.02164e-10
81,4,0.636719,0.0351562,1,0,0,0,-1.74381e-10
82,4,0.644531,0.0351562,1,0,0,0,-1.48106e-10
83,4,0.652344,0.0351562,1,0,0,0,-1.23919e-10
84,4,0.660156,0.0351562,1,0,0,0,-1.02162e-10
85,4,0.667969,0.0351562,1,0,0,0,-8.29914e-11
86,4,0.675781,0.0351562,1,0,0,0,-6.64642e-11
87,4,0.683594,0.0351562,1,0,0,0,-5.24949e-11
88,4,0.691406,0.0351562,1,0,0,0,-4.08846e-11
89,4,0.699219,0.0351562,1,0,0,0,-3.13918e-11
90,4,0.707031,0.0351562,1,0,0,0,-2.37748e-11
91,4,0.714844,0.0351562,1,0,0,0,-1.77778e-11
92,4,0.722656,0.0351562,1,0,0,0,-1.31166e-11
93,4,0.730469,0.0351562,1,0,0,0,-9.53548e-12
94,4,0.738281,0.0351562,1,0,0,0,-6.83542e-12
95,4,0.746094,0.0351562,1,0,0,0,-4.8459e-12
96,4,0.753906,0.0351562,1,0,0,0,-3.39639e-12
97,4,0.761719,0.0351562,1,0,0,0,-2.34479e-12
98,4,0.769531,0.0351562,1,0,0,0,-1.59162e-12
99,4,0.777344,0.0351562,1,0,0,0,-1.06581e-12
100,4,0.785156,0.0351562,1,0,0,0,-7.10543e-13
101,4,0.792969,0.0351562,1,0,0,0,-4.68958e-13
102,4,0.800781,0.0351562,1,0,0,0,-2.98428e-13
103,4,0.808594,0.0351562,1,0,0,0,-1.98952e-13
104,4,0.816406,0.0351562,1,0,0,0,-1.27898e-13
105,4,0.824219,0.0351562,1,0,0,0,-7.10543e-14
106,4,0.832031,0.0351562,1,0,0,0,-4.26326e-14
107,4,0.839844,0.0351562,1,0,0,0,-2.84217e-14
108,4,0.847656,0.0351562,1,0,0,0,-1.42109e-14
109,4,0.855469,0.0351562,1,0,0,0,-1.42109e-14
110,4,0.863281,0.0351562,1,0,0,0,-1.42109e-14
111,4,0.871094,0.0351562,1,0,0,0,0
112,4,0.878906,0.0351562,1,0,0,0,0
113,4,0.886719,0.0351562,1,0,0,0,0
114,4,0.894531,0.0351562,1,0,0,0,0
115,4,0.902344,0.0351562,1,0,0,0,0
116,4,0.910156,0.0351562,1,0,0,0,0
117,4,0.917969,0.0351562,1,0,0,0,0
118,4,0.925781,0.0351562,1,0,0,0,0
119,4,0.933594,0.0351562,1,0,0,0,0
120,4,0.941406,0.0351562,1,0,0,0,0
121,4,0.949219,0.0351562,1,0,0,0,0
122,4,0.957031,0.0351562,1,0,0,0,0
123,4,0.964844,0.0351562,1,0,0,0,0
124,4,0.972656,0.0351562,1,0,0,0,0
125,4,0.980469,0.0351562,1,0,0,0,0
126,4,0.988281,0.0351562,1,0,0,0,0
127,4,0.996094,0.0351562,1,0,0,0,0
0,5,0.00390625,0.0429688,1,0,0,0,0
1,5,0.0117188,0.0429688,1,0,0,0,0
2,5,0.0195312,0.0429688,1,0,0,0,0
3,5,0.0273438,0.0429688,1,0,0,0,0
4,5,0.0351562,0.0429688,1,0,0,0,0
5,5,0.0429688,0.0429688,1,0,0,0,0
6,5,0.0507812,0.0429688,1,0,0,0,0
7,5,0.0585938,0.0429688,1,0,0,0,0
8,5,0.0664062,0.0429688,1,0,0,0,0
9,5,0.0742188,0.0429688,1,0,0,0,0
10,5,0.0820312,0.0429688,1,0,0,0,0
11,5,0.0898438,0.0429688,1,0,0,0,0
12,5,0.0976562,0.0429688,1,0,0,0,0
13,5,0.105469,0.0429688,1,0,0,0,0
14,5,0.113281,0.0429688,1,0,0,0,0
15,5,0.121094,0.0429688,1,0,0,0,0
16,5,0.128906,0.0429688,1,0,0,0,1.42109e-14
17,5,0.136719,0.0429688,1,0,0,0,1.42109e-14
18,5,0.144531,0.0429688,1,0,0,0,1.42109e-14
19,5,0.152344,0.0429688,1,0,0,0,4.26326e-14
20,5,0.160156,0.0429688,1,0,0,0,5.68434e-14
21,5,0.167969,0.0429688,1,0,0,0,8.52651e-14
22,5,0.175781,0.0429688,1,0,0,0,1.56319e-13
23,5,0.183594,0.0429688,1,0,0,0,2.55795e-13
24,5,0.191406,0.0429688,1,0,0,0,3.97904e-13
25,5,0.199219,0.0429688,1,0,0,0,6.25278e-13
26,5,0.207031,0.0429688,1,0,0,0,9.52127e-13
27,5,0.214844,0.0429688,1,0,0,0,1.44951e-12
28,5,0.222656,0.0429688,1,0,0,0,2.20268e-12
29,5,0.230469,0.0429688,1,0,0,0,3.28271e-12
30,5,0.238281,0.0429688,1,0,0,0,4.81748e-12
31,5,0.246094,0.0429688,1,0,0,0,6.96332e-12
32,5,0.253906,0.0429688,1,0,0,0,9.96181e-12
33,5,0.261719,0.0429688,1,0,0,0,1.40687e-11
34,5,0.269531,0.0429688,1,0,0,0,1.95968e-11
35,5,0.277344,0.0429688,1,0,0,0,2.69296e-11
36,5,0.285156,0.0429688,1,0,0,0,3.65219e-11
37,5,0.292969,0.0429688,1,0,0,0,4.88711e-11
38,5,0.300781,0.0429688,1,0,0,0,6.45031e-11
39,5,0.308594,0.0429688,1,0,0,0,8.40004e-11
40,5,0.316406,0.0429688,1,0,0,0,1.07875e-10
41,5,0.324219,0.0429688,1,0,0,0,1.36595e-10
42,5,0.332031,0.0429688,1,0,0,0,1.70544e-10
43,5,0.339844,0.0429688,1,0,0,0,2.09909e-10
44,5,0.347656,0.0429688,1,0,0,0,2.54644e-10
45,5,0.355469,0.0429688,1,0,0,0,3.04354e-10
46,5,0.363281,0.0429688,1,0,0,0,3.58327e-10
47,5,0.371094,0.0429688,1,0,0,0,4.15426e-10
48,5,0.378906,0.0429688,1,0,0,0,4.74046e-10
49,5,0.386719,0.0429688,1,0,0,0,5.32168e-10
50,5,0.394531,0.0429688,1,0,0,0,5.87391e-10
51,5,0.402344,0.0429688,1,0,0,0,6.37016e-10
52,5,0.410156,0.0429688,1,0,0,0,6.78114e-10
53,5,0.417969,0.0429688,1,0,0,0,7.07729e-10
54,5,0.425781,0.0429688,1,0,0,0,7.23105e-10
55,5,0.433594,0.0429688,1,0,0,0,7.21798e-10
56,5,0.441406,0.0429688,1,0,0,0,7.01931e-10
57,5,0.449219,0.0429688,1,0,0,0,6.62382e-10
58,5,0.457031,0.0429688,1,0,0,0,6.02881e-10
59,5,0.464844,0.0429688,1,0,0,0,5.24182e-10
60,5,0.472656,0.0429688,1,0,0,0,4.28017e-10
61,5,0.480469,0.0429688,1,0,0,0,3.17087e-10
62,5,0.488281,0.0429688,1,0,0,0,1.9493e-10
63,5,0.496094,0.0429688,1,0,0,0,6.57678e-11
64,5,0.503906,0.0429688,1,0,0,0,-6.57678e-11
65,5,0.511719,0.0429688,1,0,0,0,-1.9493e-10
66,5,0.519531,0.0429688,1,0,0,0,-3.17087e-10
67,5,0.527344,0.0429688,1,0,0,0,-4.28017e-10
68,5,0.535156,0.0429688,1,0,0,0,-5.24182e-10
69,5,0.542969,0.0429688,1,0,0,0,-6.02881e-10
70,5,0.550781,0.0429688,1,0,0,0,-6.62382e-10
71,5,0.558594,0.0429688,1,0,0,0,-7.01931e-10
72,5,0.566406,0.0429688,1,0,0,0,-7.21798e-10
73,5,0.574219,0.0429688,1,0,0,0,-7.23105e-10
74,5,0.582031,0.0429688,1,0,0,0,-7.07729e-10
75,5,0.589844,0.0429688,1,0,0,0,-6.78114e-10
76,5,0.597656,0.0429688,1,0,0,0,-6.37016e-10
77,5,0.605469,0.0429688,1,0,0,0,-5.87391e-10
78,5,0.613281,0.0429688,1,0,0,0,-5.32168e-10
79,5,0.621094,0.0429688,1,0,0,0,-4.74046e-10
80,5,0.628906,0.0429688,1,0,0,0,-4.15426e-10
81,5,0.636719,0.0429688,1,0,0,0,-3.58327e-10
82,5,0.644531,0.0429688,1,0,0,0,-3.04354e-10
83,5,0.652344,0.0429688,1,0,0,0,-2.54644e-10
84,5,0.660156,0.0429688,1,0,0,0,-2.09909e-10
85,5,0.667969,0.0429688,1,0,0,0,-1.70544e-10
86,5,0.675781,0.0429688,1,0,0,0,-1.36595e-10
87,5,0.683594,0.0429688,1,0,0,0,-1.07875e-10
88,5,0.691406,0.0429688,1,0,0,0,-8.40004e-11
89,5,0.699219,0.0429688,1,0,0,0,-6.45031e-11
90,5,0.707031,0.0429688,1,0,0,0,-4.88711e-11
91,5,0.714844,0.0429688,1,0,0,0,-3.65219e-11
92,5,0.722656,0.0429688,1,0,0,0,-2.69296e-11
93,5,0.730469,0.0429688,1,0,0,0,-1.95968e-11
94,5,0.738281,0.0429688,1,0,0,0,-1.40687e-11
95,5,0.746094,0.0429688,1,0,0,0,-9.96181e-12
96,5,0.753906,0.0429688,1,0,0,0,-6.96332e-12
97,5,0.761719,0.0429688,1,0,0,0,-4.81748e-12
98,5,0.769531,0.0429688,1,0,0,0,-3.28271e-12
99,5,0.777344,0.0429688,1,0,0,0,-2.20268e-12
100,5,0.785156,0.0429688,1,0,0,0,-1.44951e-12
101,5,0.792969,0.0429688,1,0,0,0,-9.52127e-13
102,5,0.800781,0.0429688,1,0,0,0,-6.25278e-13
103,5,0.808594,0.0429688,1,0,0,0,-3.97904e-13
104,5,0.816406,0.0429688,1,0,0,0,-2.55795e-13
105,5,0.824219,0.0429688,1,0,0,0,-1.56319e-13
106,5,0.832031,0.0429688,1,0,0,0,-8.52651e-14
107,5,0.839844,0.0429688,1,0,0,0,-5.68434e-14
108,5,0.847656,0.0429688,1,0,0,0,-4.26326e-14
109,5,0.855469,0.0429688,1,0,0,0,-1.42109e-14
110,5,0.863281,0.0429688,1,0,0,0,-1.42109e-14
111,5,0.871094,0.0429688,1,0,0,0,-1.42109e-14
112,5,0.878906,0.0429688,1,0,0,0,0
113,5,0.886719,0.0429688,1,0,0,0,0
114,5,0.894531,0.0429688,1,0,0,0,0
115,5,0.902344,0.0429688,1,0,0,0,0
116,5,0.910156,0.0429688,1,0,0,0,0
117,5,0.917969,0.0429688,1,0,0,0,0
118,5,0.925781,0.0429688,1,0,0,0,0
119,5,0.933594,0.0429688,1,0,0,0,0
120,5,0.941406,0.0429688,1,0,0,0,0
121,5,0.949219,0.0429688,1,0,0,0,0
122,5,0.957031,0.0429688,1,0,0,0,0
123,5,0.964844,0.0429688,1,0,0,0,0
124,5,0.972656,0.0429688,1,0,0,0,0
125,5,0.980469,0.0429688,1,0,0,0,0
126,5,0.988281,0.0429688,1,0,0,0,0
127,5,0.996094,0.0429688,1,0,0,0,0
0,6,0.00390625,0.0507812,1,0,0,0,0
1,6,0.0117188,0.0507812,1,0,0,0,0
2,6,0.0195312,0.0507812,1,0,0,0,0
3,6,0.0273438,0.0507812,1,0,0,0,0
4,6,0.0351562,0.0507812,1,0,0,0,0
5,6,0.0429688,0.0507812,1,0,0,0,0
6,6,0.0507812,0.0507812,1,0,0,0,0
7,6,0.0585938,0.0507812,1,0,0,0,0
8,6,0.0664062,0.0507812,1,0,0,0,0
9,6,0.0742188,0.0507812,1,0,0,0,0
10,6,0.0820312,0.0507812,1,0,0,0,0
11,6,0.0898438,0.0507812,1,0,0,0,0
12,6,0.0976562,0.0507812,1,0,0,0,0
13,6,0.105469,0.0507812,1,0,0,0,0
14,6,0.113281,0.0507812,1,0,0,0,0
15,6,0.121094,0.0507812,1,0,0,0,1.42109e-14
16,6,0.128906,0.0507812,1,0,0,0,1.42109e-14
17,6,0.136719,0.0507812,1,0,0,0,2.84217e-14
18,6,0.144531,0.0507812,1,0,0,0,4.26326e-14
19,6,0.152344,0.0507812,1,0,0,0,5.68434e-14
20,6,0.160156,0.0507812,1,0,0,0,1.27898e-13
21,6,0.167969,0.0507812,1,0,0,0,1.98952e-13
22,6,0.175781,0.0507812,1,0,0,0,3.12639e-13
23,6,0.183594,0.0507812,1,0,0,0,5.11591e-13
24,6,0.191406,0.0507812,1,0,0,0,7.95808e-13
25,6,0.199219,0.0507812,1,0,0,0,1.25056e-12
26,6,0.207031,0.0507812,1,0,0,0,1.94689e-12
27,6,0.214844,0.0507812,1,0,0,0,2.97007e-12
28,6,0.222656,0.0507812,1,0,0,0,4.47642e-12
29,6,0.230469,0.0507812,1,0,0,0,6.65068e-12
30,6,0.238281,0.0507812,1,0,0,0,9.76286e-12
31,6,0.246094,0.0507812,1,0,0,0,1.41398e-11
32,6,0.253906,0.0507812,1,0,0,0,2.0222e-11
33,6,0.261719,0.0507812,1,0,0,0,2.85638e-11
34,6,0.269531,0.0507812,1,0,0,0,3.97762e-11
35,6,0.277344,0.0507812,1,0,0,0,5.46692e-11
36,6,0.285156,0.0507812,1,0,0,0,7.4138e-11
37,6,0.292969,0.0507812,1,0,0,0,9.9206e-11
38,6,0.300781,0.0507812,1,0,0,0,1.30953e-10
39,6,0.308594,0.0507812,1,0,0,0,1.70502e-10
40,6,0.316406,0.0507812,1,0,0,0,2.18961e-10
41,6,0.324219,0.0507812,1,0,0,0,2.77282e-10
42,6,0.332031,0.0507812,1,0,0,0,3.46205e-10
43,6,0.339844,0.0507812,1,0,0,0,4.26112e-10
44,6,0.347656,0.0507812,1,0,0,0,5.16906e-10
45,6,0.355469,0.0507812,1,0,0,0,6.17817e-10
46,6,0.363281,0.0507812,1,0,0,0,7.27383e-10
47,6,0.371094,0.0507812,1,0,0,0,8.43286e-10
48,6,0.378906,0.0507812,1,0,0,0,9.62274e-10
49,6,0.386719,0.0507812,1,0,0,0,1.08027e-09
50,6,0.394531,0.0507812,1,0,0,0,1.1924e-09
51,6,0.402344,0.0507812,1,0,0,0,1.29312e-09
52,6,0.410156,0.0507812,1,0,0,0,1.37651e-09
53,6,0.417969,0.0507812,1,0,0,0,1.43665e-09
54,6,0.425781,0.0507812,1,0,0,0,1.46787e-09
55,6,0.433594,0.0507812,1,0,0,0,1.46521e-09
56,6,0.441406,0.0507812,1,0,0,0,1.42488e-09
57,6,0.449219,0.0507812,1,0,0,0,1.34459e-09
58,6,0.457031,0.0507812,1,0,0,0,1.22382e-09
59,6,0.464844,0.0507812,1,0,0,0,1.06408e-09
60,6,0.472656,0.0507812,1,0,0,0,8.68852e-10
61,6,0.480469,0.0507812,1,0,0,0,6.43652e-10
62,6,0.488281,0.0507812,1,0,0,0,3.95701e-10
63,6,0.496094,0.0507812,1,0,0,0,1.33511e-10
64,6,0.503906,0.0507812,1,0,0,0,-1.33511e-10
65,6,0.511719,0.0507812,1,0,0,0,-3.95701e-10
66,6,0.519531,0.0507812,1,0,0,0,-6.43652e-10
67,6,0.527344,0.0507812,1,0,0,0,-8.68852e-10
68,6,0.535156,0.0507812,1,0,0,0,-1.06408e-09
69,6,0.542969,0.0507812,1,0,0,0,-1.22382e-09
70,6,0.550781,0.0507812,1,0,0,0,-1.34459e-09
71,6,0.558594,0.0507812,1,0,0,0,-1.42488e-09
72,6,0.566406,0.0507812,1,0,0,0,-1.46521e-09
73,6,0.574219,0.0507812,1,0,0,0,-1.46787e-09
74,6,0.582031,0.0507812,1,0,0,0,-1.43665e-09
75,6,0.589844,0.0507812,1,0,0,0,-1.37651e-09
76,6,0.597656,0.0507812,1,0,0,0,-1.29312e-09
77,6,0.605469,0.0507812,1,0,0,0,-1.1924e-09
78,6,0.613281,0.0507812,1,0,0,0,-1.08027e-09
79,6,0.621094,0.0507812,1,0,0,0,-9.62274e-10
80,6,0.628906,0.0507812,1,0,0,0,-8.43286e-10
81,6,0.636719,0.0507812,1,0,0,0,-7.27383e-10
82,6,0.644531,0.0507812,1,0,0,0,-6.17817e-10
83,6,0.652344,0.0507812,1,0,0,0,-5.16906e-10
84,6,0.660156,0.0507812,1,0,0,0,-4.26112e-10
85,6,0.667969,0.0507812,1,0,0,0,-3.46205e-10
86,6,0.675781,0.0507812,1,0,0,0,-2.77282e-10
87,6,0.683594,0.0507812,1,0,0,0,-2.18961e-10
88,6,0.691406,0.0507812,1,0,0,0,-1.70502e-10
89,6,0.699219,0.0507812,1,0,0,0,-1.30953e-10
90,6,0.707031,0.0507812,1,0,0,0,-9.9206e-11
91,6,0.714844,0.0507812,1,0,0,0,-7.4138e-11
92,6,0.722656,0.0507812,1,0,0,0,-5.46692e-11
93,6,0.730469,0.0507812,1,0,0,0,-3.97762e-11
94,6,0.738281,0.0507812,1,0,0,0,-2.85638e-11
95,6,0.746094,0.0507812,1,0,0,0,-2.0222e-11
96,6,0.753906,0.0507812,1,0,0,0,-1.41398e-11
97,6,0.761719,0.0507812,1,0,0,0,-9.76286e-12
98,6,0.769531,0.0507812,1,0,0,0,-6.65068e-12
99,6,0.777344,0.0507812,1,0,0,0,-4.47642e-12
100,6,0.785156,0.0507812,1,0,0,0,-2.97007e-12
101,6,0.792969,0.0507812,1,0,0,0,-1.94689e-12
102,6,0.800781,0.0507812,1,0,0,0,-1.25056e-12
103,6,0.808594,0.0507812,1,0,0,0,-7.95808e-13
104,6,0.816406,0.0507812,1,0,0,0,-5.11591e-13
105,6,0.824219,0.0507812,1,0,0,0,-3.12639e-13
106,6,0.832031,0.0507812,1,0,0,0,-1.98952e-13
107,6,0.839844,0.0507812,1,0,0,0,-1.27898e-13
108,6,0.847656,0.0507812,1,0,0,0,-5.68434e-14
109,6,0.855469,0.0507812,1,0,0,0,-4.26326e-14
110,6,0.863281,0.0507812,1,0,0,0,-2.84217e-14
111,6,0.871094,0.0507812,1,0,0,0,-1.42109e-14
112,6,0.878906,0.0507812,1,0,0,0,-1.42109e-14
113,6,0.886719,0.0507812,1,0,0,0,0
114,6,0.894531,0.0507812,1,0,0,0,0
115,6,0.902344,0.0507812,1,0,0,0,0
116,6,0.910156,0.0507812,1,0,0,0,0
117,6,0.917969,0.0507812,1,0,0,0,0
118,6,0.925781,0.0507812,1,0,0,0,0
119,6,0.933594,0.0507812,1,0,0,0,0
120,6,0.941406,0.0507812,1,0,0,0,0
121,6,0.949219,0.0507812,1,0,0,0,0
122,6,0.957031,0.0507812,1,0,0,0,0
123,6,0.964844,0.0507812,1,0,0,0,0
124,6,0.972656,0.0507812,1,0,0,0,0
125,6,0.980469,0.0507812,1,0,0,0,0
126,6,0.988281,0.0507812,1,0,0,0,0
127,6,0.996094,0.0507812,1,0,0,0,0
0,7,0.00390625,0.0585938,1,0,0,0,0
1,7,0.0117188,0.0585938,1,0,0,0,0
2,7,0.0195312,0.0585938,1,0,0,0,0
3,7,0.0273438,0.0585938,1,0,0,0,0
4,7,0.0351562,0.0585938,1,0,0,0,0
5,7,0.0429688,0.0585938,1,0,0,0,0
6,7,0.0507812,0.0585938,1,0,0,0,0
7,7,0.0585938,0.0585938,1,0,0,0,0
8,7,0.0664062,0.0585938,1,0,0,0,0
9,7,0.0742188,0.0585938,1,0,0,0,0
10,7,0.0820312,0.0585938,1,0,0,0,0
11,7,0.0898438,0.0585938,1,0,0,0,0
12,7,0.0976562,0.0585938,1,0,0,0,0
13,7,0.105469,0.0585938,1,0,0,0,0
14,7,0.113281,0.0585938,1,0,0,0,1.42109e-14
15,7,0.121094,0.0585938,1,0,0,0,2.84217e-14
16,7,0.128906,0.0585938,1,0,0,0,2.84217e-14
17,7,0.136719,0.0585938,1,0,0,0,4.26326e-14
18,7,0.144531,0.0585938,1,0,0,0,8.52651e-14
19,7,0.152344,0.0585938,1,0,0,0,1.42109e-13
20,7,0.160156,0.0585938,1,0,0,0,2.27374e-13
21,7,0.167969,0.0585938,1,0,0,0,3.83693e-13
22,7,0.175781,0.0585938,1,0,0,0,6.39488e-13
23,7,0.183594,0.0585938,1,0,0,0,1.02318e-12
24,7,0.191406,0.0585938,1,0,0,0,1.60583e-12
25,7,0.199219,0.0585938,1,0,0,0,2.51532e-12
26,7,0.207031,0.0585938,1,0,0,0,3.89377e-12
27,7,0.214844,0.0585938,1,0,0,0,5.95435e-12
28,7,0.222656,0.0585938,1,0,0,0,8.96705e-12
29,7,0.230469,0.0585938,1,0,0,0,1.33298e-11
30,7,0.238281,0.0585938,1,0,0,0,1.95826e-11
31,7,0.246094,0.0585938,1,0,0,0,2.83649e-11
32,7,0.253906,0.0585938,1,0,0,0,4.0572e-11
33,7,0.261719,0.0585938,1,0,0,0,5.72697e-11
34,7,0.269531,0.0585938,1,0,0,0,7.97513e-11
35,7,0.277344,0.0585938,1,0,0,0,1.09623e-10
36,7,0.285156,0.0585938,1,0,0,0,1.48674e-10
37,7,0.292969,0.0585938,1,0,0,0,1.98938e-10
38,7,0.300781,0.0585938,1,0,0,0,2.62602e-10
39,7,0.308594,0.0585938,1,0,0,0,3.41913e-10
40,7,0.316406,0.0585938,1,0,0,0,4.39087e-10
41,7,0.324219,0.0585938,1,0,0,0,5.56042e-10
42,7,0.332031,0.0585938,1,0,0,0,6.94243e-10
43,7,0.339844,0.0585938,1,0,0,0,8.54484e-10
44,7,0.347656,0.0585938,1,0,0,0,1.03655e-09
45,7,0.355469,0.0585938,1,0,0,0,1.23893e-09
46,7,0.363281,0.0585938,1,0,0,0,1.45864e-09
47,7,0.371094,0.0585938,1,0,0,0,1.69105e-09
48,7,0.378906,0.0585938,1,0,0,0,1.92966e-09
49,7,0.386719,0.0585938,1,0,0,0,2.16629e-09
50,7,0.394531,0.0585938,1,0,0,0,2.39112e-09
51,7,0.402344,0.0585938,1,0,0,0,2.59308e-09
52,7,0.410156,0.0585938,1,0,0,0,2.76034e-09
53,7,0.417969,0.0585938,1,0,0,0,2.88094e-09
54,7,0.425781,0.0585938,1,0,0,0,2.94352e-09
55,7,0.433594,0.0585938,1,0,0,0,2.93821e-09
56,7,0.441406,0.0585938,1,0,0,0,2.85735e-09
57,7,0.449219,0.0585938,1,0,0,0,2.69634e-09
58,7,0.457031,0.0585938,1,0,0,0,2.45416e-09
59,7,0.464844,0.0585938,1,0,0,0,2.13379e-09
60,7,0.472656,0.0585938,1,0,0,0,1.74232e-09
61,7,0.480469,0.0585938,1,0,0,0,1.29074e-09
62,7,0.488281,0.0585938,1,0,0,0,7.93506e-10
63,7,0.496094,0.0585938,1,0,0,0,2.67733e-10
64,7,0.503906,0.0585938,1,0,0,0,-2.67733e-10
65,7,0.511719,0.0585938,1,0,0,0,-7.93506e-10
66,7,0.519531,0.0585938,1,0,0,0,-1.29074e-09
67,7,0.527344,0.0585938,1,0,0,0,-1.74232e-09
68,7,0.535156,0.0585938,1,0,0,0,-2.13379e-09
69,7,0.542969,0.0585938,1,0,0,0,-2.45416e-09
70,7,0.550781,0.0585938,1,0,0,0,-2.69634e-09
71,7,0.558594,0.0585938,1,0,0,0,-2.85735e-09
72,7,0.566406,0.0585938,1,0,0,0,-2.93821e-09
73,7,0.574219,0.0585938,1,0,0,0,-2.94352e-09
74,7,0.582031,0.0585938,1,0,0,0,-2.88094e-09
75,7,0.589844,0.0585938,1,0,0,0,-2.76034e-09
76,7,0.597656,0.0585938,1,0,0,0,-2.59308e-09
77,7,0.605469,0.0585938,1,0,0,0,-2.39112e-09
78,7,0.613281,0.0585938,1,0,0,0,-2.16629e-09
79,7,0.621094,0.0585938,1,0,0,0,-1.92966e-09
80,7,0.628906,0.0585938,1,0,0,0,-1.69105e-09
81,7,0.636719,0.0585938,1,0,0,0,-1.45864e-09
82,7,0.644531,0.0585938,1,0,0,0,-1.23893e-09
83,7,0.652344,0.0585938,1,0,0,0,-1.03655e-09
84,7,0.660156,0.0585938,1,0,0,0,-8.54484e-10
85,7,0.667969,0.0585938,1,0,0,0,-6.94243e-10
86,7,0.675781,0.0585938,1,0,0,0,-5.56042e-10
87,7,0.683594,0.0585938,1,0,0,0,-4.39087e-10
88,7,0.691406,0.0585938,1,0,0,0,-3.41913e-10
89,7,0.699219,0.0585938,1,0,0,0,-2.62602e-10
90,7,0.707031,0.0585938,1,0,0,0,-1.98938e-10
91,7,0.714844,0.0585938,1,0,0,0,-1.48674e-10
92,7,0.722656,0.0585938,1,0,0,0,-1.09623e-10
93,7,0.730469,0.0585938,1,0,0,0,-7.97513e-11
94,7,0.738281,0.0585938,1,0,0,0,-5.72697e-11
95,7,0.746094,0.0585938,1,0,0,0,-4.0572e-11
96,7,0.753906,0.0585938,1,0,0,0,-2.83649e-11
97,7,0.761719,0.0585938,1,0,0,0,-1.95826e-11
98,7,0.769531,0.0585938,1,0,0,0,-1.33298e-11
99,7,0.777344,0.0585938,1,0,0,0,-8.96705e-12
100,7,0.785156,0.0585938,1,0,0,0,-5.95435e-12
101,7,0.792969,0.0585938,1,0,0,0,-3.89377e-12
102,7,0.800781,0.0585938,1,0,0,0,-2.51532e-12
103,7,0.808594,0.0585938,1,0,0,0,-1.60583e-12
104,7,0.816406,0.0585938,1,0,0,0,-1.02318e-12
105,7,0.824219,0.0585938,1,0,0,0,-6.39488e-13
106,7,0.832031,0.0585938,1,0,0,0,-3.83693e-13
107,7,0.839844,0.0585938,1,0,0,0,-2.27374e-13
108,7,0.847656,0.0585938,1,0,0,0,-1.42109e-13
109,7,0.855469,0.0585938,1,0,0,0,-8.52651e-14
110,7,0.863281,0.0585938,1,0,0,0,-4.26326e-14
111,7,0.871094,0.0585938,1,0,0,0,-2.84217e-14
112,7,0.878906,0.0585938,1,0,0,0,-2.84217e-14
113,7,0.886719,0.0585938,1,0,0,0,-1.42109e-14
114,7,0.894531,0.0585938,1,0,0,0,0
115,7,0.902344,0.0585938,1,0,0,0,0
116,7,0.910156,0.0585938,1,0,0,0,0
117,7,0.917969,0.0585938,1,0,0,0,0
118,7,0.925781,0.0585938,1,0,0,0,0
119,7,0.933594,0.0585938,1,0,0,0,0
120,7,0.941406,0.0585938,1,0,0,0,0
121,7,0.949219,0.0585938,1,0,0,0,0
122,7,0.957031,0.0585938,1,0,0,0,0
123,7,0.964844,0.0585938,1,0,0,0,0
124,7,0.972656,0.0585938,1,0,0,0,0
125,7,0.980469,0.0585938,1,0,0,0,0
126,7,0.988281,0.0585938,1,0,0,0,0
127,7,0.996094,0.0585938,1,0,0,0,0
0,8,0.00390625,0.0664062,1,0,0,0,0
1,8,0.0117188,0.0664062,1,0,0,0,0
2,8,0.0195312,0.0664062,1,0,0,0,0
3,8,0.0273438,0.0664062,1,0,0,0,0
4,8,0.0351562,0.0664062,1,0,0,0,0
5,8,0.0429688,0.0664062,1,0,0,0,0
6,8,0.0507812,0.0664062,1,0,0,0,0
7,8,0.0585938,0.0664062,1,0,0,0,0
8,8,0.0664062,0.0664062,1,0,0,0,0
9,8,0.0742188,0.0664062,1,0,0,0,0
10,8,0.0820312,0.0664062,1,0,0,0,0
11,8,0.0898438,0.0664062,1,0,0,0,0
12,8,0.0976562,0.0664062,1,0,0,0,1.42109e-14
13,8,0.105469,0.0664062,1,0,0,0,1.42109e-14
14,8,0.113281,0.0664062,1,0,0,0,1.42109e-14
15,8,0.121094,0.0664062,1,0,0,0,2.84217e-14
16,8,0.128906,0.0664062,1,0,0,0,5.68434e-14
17,8,0.136719,0.0664062,1,0,0,0,9.9476e-14
18,8,0.144531,0.0664062,1,0,0,0,1.56319e-13
19,8,0.152344,0.0664062,1,0,0,0,2.84217e-13
20,8,0.160156,0.0664062,1,0,0,0,4.68958e-13
21,8,0.167969,0.0664062,1,0,0,0,7.67386e-13
22,8,0.175781,0.0664062,1,0,0,0,1.25056e-12
23,8,0.183594,0.0664062,1,0,0,0,2.00373e-12
24,8,0.191406,0.0664062,1,0,0,0,3.19744e-12
25,8,0.199219,0.0664062,1,0,0,0,5.00222e-12
26,8,0.207031,0.0664062,1,0,0,0,7.71649e-12
27,8,0.214844,0.0664062,1,0,0,0,1.17808e-11
28,8,0.222656,0.0664062,1,0,0,0,1.77636e-11
29,8,0.230469,0.0664062,1,0,0,0,2.6418e-11
30,8,0.238281,0.0664062,1,0,0,0,3.87814e-11
31,8,0.246094,0.0664062,1,0,0,0,5.61897e-11
32,8,0.253906,0.0664062,1,0,0,0,8.03624e-11
33,8,0.261719,0.0664062,1,0,0,0,1.13431e-10
34,8,0.269531,0.0664062,1,0,0,0,1.57996e-10
35,8,0.277344,0.0664062,1,0,0,0,2.1717e-10
36,8,0.285156,0.0664062,1,0,0,0,2.94534e-10
37,8,0.292969,0.0664062,1,0,0,0,3.94095e-10
38,8,0.300781,0.0664062,1,0,0,0,5.20203e-10
39,8,0.308594,0.0664062,1,0,0,0,6.77346e-10
40,8,0.316406,0.0664062,1,0,0,0,8.69818e-10
41,8,0.324219,0.0664062,1,0,0,0,1.10148e-09
42,8,0.332031,0.0664062,1,0,0,0,1.37528e-09
43,8,0.339844,0.0664062,1,0,0,0,1.69274e-09
44,8,0.347656,0.0664062,1,0,0,0,2.05338e-09
45,8,0.355469,0.0664062,1,0,0,0,2.45429e-09
46,8,0.363281,0.0664062,1,0,0,0,2.88956e-09
47,8,0.371094,0.0664062,1,0,0,0,3.34994e-09
48,8,0.378906,0.0664062,1,0,0,0,3.82263e-09
49,8,0.386719,0.0664062,1,0,0,0,4.29139e-09
50,8,0.394531,0.0664062,1,0,0,0,4.73678e-09
51,8,0.402344,0.0664062,1,0,0,0,5.13685e-09
52,8,0.410156,0.0664062,1,0,0,0,5.46821e-09
53,8,0.417969,0.0664062,1,0,0,0,5.70709e-09
54,8,0.425781,0.0664062,1,0,0,0,5.83105e-09
55,8,0.433594,0.0664062,1,0,0,0,5.82052e-09
56,8,0.441406,0.0664062,1,0,0,0,5.66037e-09
57,8,0.449219,0.0664062,1,0,0,0,5.34141e-09
58,8,0.457031,0.0664062,1,0,0,0,4.86165e-09
59,8,0.464844,0.0664062,1,0,0,0,4.227e-09
60,8,0.472656,0.0664062,1,0,0,0,3.4515e-09
61,8,0.480469,0.0664062,1,0,0,0,2.55694e-09
62,8,0.488281,0.0664062,1,0,0,0,1.57192e-09
63,8,0.496094,0.0664062,1,0,0,0,5.30378e-10
64,8,0.503906,0.0664062,1,0,0,0,-5.30378e-10
65,8,0.511719,0.0664062,1,0,0,0,-1.57192e-09
66,8,0.519531,0.0664062,1,0,0,0,-2.55694e-09
67,8,0.527344,0.0664062,1,0,0,0,-3.4515e-09
68,8,0.535156,0.0664062,1,0,0,0,-4.227e-09
69,8,0.542969,0.0664062,1,0,0,0,-4.86165e-09
70,8,0.550781,0.0664062,1,0,0,0,-5.34141e-09
71,8,0.558594,0.0664062,1,0,0,0,-5.66037e-09
72,8,0.566406,0.0664062,1,0,0,0,-5.82052e-09
73,8,0.574219,0.0664062,1,0,0,0,-5.83105e-09
74,8,0.582031,0.0664062,1,0,0,0,-5.70709e-09
75,8,0.589844,0.0664062,1,0,0,0,-5.46821e-09
76,8,0.597656,0.0664062,1,0,0,0,-5.13685e-09
77,8,0.605469,0.0664062,1,0,0,0,-4.73678e-09
78,8,0.613281,0.0664062,1,0,0,0,-4.29139e-09
79,8,0.621094,0.0664062,1,0,0,0,-3.82263e-09
80,8,0.628906,0.0664062,1,0,0,0,-3.34994e-09
81,8,0.636719,0.0664062,1,0,0,0,-2.88956e-09
82,8,0.644531,0.0664062,1,0,0,0,-2.45429e-09
83,8,0.652344,0.0664062,1,0,0,0,-2.05338e-09
84,8,0.660156,0.0664062,1,0,0,0,-1.69274e-09
85,8,0.667969,0.0664062,1,0,0,0,-1.37528e-09
86,8,0.675781,0.0664062,1,0,0,0,-1.10148e-09
87,8,0.683594,0.0664062,1,0,0,0,-8.69818e-10
88,8,0.691406,0.0664062,1,0,0,0,-6.77346e-10
89,8,0.699219,0.0664062,1,0,0,0,-5.20203e-10
90,8,0.707031,0.0664062,1,0,0,0,-3.94095e-10
91,8,0.714844,0.0664062,1,0,0,0,-2.94534e-10
92,8,0.722656,0.0664062,1,0,0,0,-2.1717e-10
93,8,0.730469,0.0664062,1,0,0,0,-1.57996e-10
94,8,0.738281,0.0664062,1,0,0,0,-1.13431e-10
95,8,0.746094,0.0664062,1,0,0,0,-8.03624e-11
96,8,0.753906,0.0664062,1,0,0,0,-5.61897e-11
97,8,0.761719,0.0664062,1,0,0,0,-3.87814e-11
98,8,0.769531,0.0664062,1,0,0,0,-2.6418e-11
99,8,0.777344,0.0664062,1,0,0,0,-1.77636e-11
100,8,0.785156,0.0664062,1,0,0,0,-1.17808e-11
101,8,0.792969,0.0664062,1,0,0,0,-7.71649e-12
102,8,0.800781,0.0664062,1,0,0,0,-5.00222e-12
103,8,0.808594,0.0664062,1,0,0,0,-3.19744e-12
104,8,0.816406,0.0664062,1,0,0,0,-2.00373e-12
105,8,0.824219,0.0664062,1,0,0,0,-1.25056e-12
106,8,0.832031,0.0664062,1,0,0,0,-7.67386e-13
107,8,0.839844,0.0664062,1,0,0,0,-4.68958e-13
108,8,0.847656,0.0664062,1,0,0,0,-2.84217e-13
109,8,0.855469,0.0664062,1,0,0,0,-1.56319e-13
110,8,0.863281,0.0664062,1,0,0,0,-9.9476e-14
111,8,0.871094,0.0664062,1,0,0,0,-5.68434e-14
112,8,0.878906,0.0664062,1,0,0,0,-2.84217e-14
113,8,0.886719,0.0664062,1,0,0,0,-1.42109e-14
114,8,0.894531,0.0664062,1,0,0,0,-1.42109e-14
115,8,0.902344,0.0664062,1,0,0,0,-1.42109e-14
116,8,0.910156,0.0664062,1,0,0,0,0
117,8,0.917969,0.0664062,1,0,0,0,0
118,8,0.925781,0.0664062,1,0,0,0,0
119,8,0.933594,0.0664062,1,0,0,0,0
120,8,0.941406,0.0664062,1,0,0,0,0
121,8,0.949219,0.0664062,1,0,0,0,0
122,8,0.957031,0.0664062,1,0,0,0,0
123,8,0.964844,0.0664062,1,0,0,0,0
124,8,0.972656,0.0664062,1,0,0,0,0
125,8,0.980469,0.0664062,1,0,0,0,0
126,8,0.988281,0.0664062,1,0,0,0,0
127,8,0.996094,0.0664062,1,0,0,0,0
0,9,0.00390625,0.0742188,1,0,0,0,0
1,9,0.0117188,0.0742188,1,0,0,0,0
2,9,0.0195312,0.0742188,1,0,0,0,0
3,9,0.0273438,0.0742188,1,0,0,0,0
4,9,0.0351562,0.0742188,1,0,0,0,0
5,9,0.0429688,0.0742188,1,0,0,0,0
6,9,0.0507812,0.0742188,1,0,0,0,0
7,9,0.0585938,0.0742188,1,0,0,0,0
8,9,0.0664062,0.0742188,1,0,0,0,0
9,9,0.0742188,0.0742188,1,0,0,0,0
10,9,0.0820312,0.0742188,1,0,0,0,0
11,9,0.0898438,0.0742188,1,0,0,0,1.42109e-14
12,9,0.0976562,0.0742188,1,0,0,0,1.42109e-14
13,9,0.105469,0.0742188,1,0,0,0,1.42109e-14
14,9,0.113281,0.0742188,1,0,0,0,4.26326e-14
15,9,0.121094,0.0742188,1,0,0,0,5.68434e-14
16,9,0.128906,0.0742188,1,0,0,0,9.9476e-14
17,9,0.136719,0.0742188,1,0,0,0,1.98952e-13
18,9,0.144531,0.0742188,1,0,0,0,3.2685e-13
19,9,0.152344,0.0742188,1,0,0,0,5.40012e-13
20,9,0.160156,0.0742188,1,0,0,0,9.09495e-13
21,9,0.167969,0.0742188,1,0,0,0,1.50635e-12
22,9,0.175781,0.0742188,1,0,0,0,2.45848e-12
23,9,0.183594,0.0742188,1,0,0,0,3.93641e-12
24,9,0.191406,0.0742188,1,0,0,0,6.23857e-12
25,9,0.199219,0.0742188,1,0,0,0,9.77707e-12
26,9,0.207031,0.0742188,1,0,0,0,1.51061e-11
27,9,0.214844,0.0742188,1,0,0,0,2.30642e-11
28,9,0.222656,0.0742188,1,0,0,0,3.47598e-11
29,9,0.230469,0.0742188,1,0,0,0,5.16991e-11
30,9,0.238281,0.0742188,1,0,0,0,7.5886e-11
31,9,0.246094,0.0742188,1,0,0,0,1.09964e-10
32,9,0.253906,0.0742188,1,0,0,0,1.57272e-10
33,9,0.261719,0.0742188,1,0,0,0,2.21974e-10
34,9,0.269531,0.0742188,1,0,0,0,3.092e-10
35,9,0.277344,0.0742188,1,0,0,0,4.2499e-10
36,9,0.285156,0.0742188,1,0,0,0,5.76378e-10
37,9,0.292969,0.0742188,1,0,0,0,7.71223e-10
38,9,0.300781,0.0742188,1,0,0,0,1.01802e-09
39,9,0.308594,0.0742188,1,0,0,0,1.32552e-09
40,9,0.316406,0.0742188,1,0,0,0,1.70218e-09
41,9,0.324219,0.0742188,1,0,0,0,2.15556e-09
42,9,0.332031,0.0742188,1,0,0,0,2.69138e-09
43,9,0.339844,0.0742188,1,0,0,0,3.31261e-09
44,9,0.347656,0.0742188,1,0,0,0,4.01836e-09
45,9,0.355469,0.0742188,1,0,0,0,4.80291e-09
46,9,0.363281,0.0742188,1,0,0,0,5.65473e-09
47,9,0.371094,0.0742188,1,0,0,0,6.55565e-09
48,9,0.378906,0.0742188,1,0,0,0,7.48071e-09
49,9,0.386719,0.0742188,1,0,0,0,8.39803e-09
50,9,0.394531,0.0742188,1,0,0,0,9.26963e-09
51,9,0.402344,0.0742188,1,0,0,0,1.00526e-08
52,9,0.410156,0.0742188,1,0,0,0,1.0701e-08
53,9,0.417969,0.0742188,1,0,0,0,1.11685e-08
54,9,0.425781,0.0742188,1,0,0,0,1.14111e-08
55,9,0.433594,0.0742188,1,0,0,0,1.13905e-08
56,9,0.441406,0.0742188,1,0,0,0,1.1077e-08
57,9,0.449219,0.0742188,1,0,0,0,1.04529e-08
58,9,0.457031,0.0742188,1,0,0,0,9.51401e-09
59,9,0.464844,0.0742188,1,0,0,0,8.27204e-09
60,9,0.472656,0.0742188,1,0,0,0,6.75441e-09
61,9,0.480469,0.0742188,1,0,0,0,5.00378e-09
62,9,0.488281,0.0742188,1,0,0,0,3.07617e-09
63,9,0.496094,0.0742188,1,0,0,0,1.03793e-09
64,9,0.503906,0.0742188,1,0,0,0,-1.03793e-09
65,9,0.511719,0.0742188,1,0,0,0,-3.07617e-09
66,9,0.519531,0.0742188,1,0,0,0,-5.00378e-09
67,9,0.527344,0.0742188,1,0,0,0,-6.75441e-09
68,9,0.535156,0.0742188,1,0,0,0,-8.27204e-09
69,9,0.542969,0.0742188,1,0,0,0,-9.51401e-09
70,9,0.550781,0.0742188,1,0,0,0,-1.04529e-08
71,9,0.558594,0.0742188,1,0,0,0,-1.1077e-08
72,9,0.566406,0.0742188,1,0,0,0,-1.13905e-08
73,9,0.574219,0.0742188,1,0,0,0,-1.14111e-08
74,9,0.582031,0.0742188,1,0,0,0,-1.11685e-08
75,9,0.589844,0.0742188,1,0,0,0,-1.0701e-08
76,9,0.597656,0.0742188,1,0,0,0,-1.00526e-08
77,9,0.605469,0.0742188,1,0,0,0,-9.26963e-09
78,9,0.613281,0.0742188,1,0,0,0,-8.39803e-09
79,9,0.621094,0.0742188,1,0,0,0,-7.48071e-09
80,9,0.628906,0.0742188,1,0,0,0,-6.55565e-09
81,9,0.636719,0.0742188,1,0,0,0,-5.65473e-09
82,9,0.644531,0.0742188,1,0,0,0,-4.80291e-09
83,9,0.652344,0.0742188,1,0,0,0,-4.01836e-09
84,9,0.660156,0.0742188,1,0,0,0,-3.31261e-09
85,9,0.667969,0.0742188,1,0,0,0,-2.69138e-09
86,9,0.675781,0.0742188,1,0,0,0,-2.15556e-09
87,9,0.683594,0.0742188,1,0,0,0,-1.70218e-09
88,9,0.691406,0.0742188,1,0,0,0,-1.32552e-09
89,9,0.699219,0.0742188,1,0,0,0,-1.01802e-09
90,9,0.707031,0.0742188,1,0,0,0,-7.71223e-10
91,9,0.714844,0.0742188,1,0,0,0,-5.76378e-10
92,9,0.722656,0.0742188,1,0,0,0,-4.2499e-10
93,9,0.730469,0.0742188,1,0,0,0,-3.092e-10
94,9,0.738281,0.0742188,1,0,0,0,-2.21974e-10
95,9,0.746094,0.0742188,1,0,0,0,-1.57272e-10
96,9,0.753906,0.0742188,1,0,0,0,-1.09964e-10
97,9,0.761719,0.0742188,1,0,0,0,-7.5886e-11
98,9,0.769531,0.0742188,1,0,0,0,-5.16991e-11
99,9,0.777344,0.0742188,1,0,0,0,-3.47598e-11
100,9,0.785156,0.0742188,1,0,0,0,-2.30642e-11
101,9,0.792969,0.0742188,1,0,0,0,-1.51061e-11
102,9,0.800781,0.0742188,1,0,0,0,-9.77707e-12
103,9,0.808594,0.0742188,1,0,0,0,-6.23857e-12
104,9,0.816406,0.0742188,1,0,0,0,-3.93641e-12
105,9,0.824219,0.0742188,1,0,0,0,-2.45848e-12
106,9,0.832031,0.0742188,1,0,0,0,-1.50635e-12
107,9,0.839844,0.0742188,1,0,0,0,-9.09495e-13
108,9,0.847656,0.0742188,1,0,0,0,-5.40012e-13
109,9,0.855469,0.0742188,1,0,0,0,-3.2685e-13
110,9,0.863281,0.0742188,1,0,0,0,-1.98952e-13
111,9,0.871094,0.0742188,1,0,0,0,-9.9476e-14
112,9,0.878906,0.0742188,1,0,0,0,-5.68434e-14
113,9,0.886719,0.0742188,1,0,0,0,-4.26326e-14
114,9,0.894531,0.0742188,1,0,0,0,-1.42109e-14
115,9,0.902344,0.0742188,1,0,0,0,-1.42109e-14
116,9,0.910156,0.0742188,1,0,0,0,-1.42109e-14
117,9,0.917969,0.0742188,1,0,0,0,0
118,9,0.925781,0.0742188,1,0,0,0,0
119,9,0.933594,0.0742188,1,0,0,0,0
120,9,0.941406,0.0742188,1,0,0,0,0
121,9,0.949219,0.0742188,1,0,0,0,0
122,9,0.957031,0.0742188,1,0,0,0,0
123,9,0.964844,0.0742188,1,0,0,0,0
124,9,0.972656,0.0742188,1,0,0,0,0
125,9,0.980469,0.0742188,1,0,0,0,0
126,9,0.988281,0.0742188,1,0,0,0,0
127,9,0.996094,0.0742188,1,0,0,0,0
0,10,0.00390625,0.0820312,1,0,0,0,0
1,10,0.0117188,0.0820312,1,0,0,0,0
2,10,0.0195312,0.0820312,1,0,0,0,0
3,10,0.0273438,0.0820312,1,0,0,0,0
4,10,0.0351562,0.0820312,1,0,0,0,0
5,10,0.0429688,0.0820312,1,0,0,0,0
6,10,0.0507812,0.0820312,1,0,0,0,0
7,10,0.0585938,0.0820312,1,0,0,0,0
8,10,0.0664062,0.0820312,1,0,0,0,0
9,10,0.0742188,0.0820312,1,0,0,0,0
10,10,0.0820312,0.0820312,1,0,0,0,1.42109e-14
11,10,0.0898438,0.0820312,1,0,0,0,1.42109e-14
12,10,0.0976562,0.0820312,1,0,0,0,1.42109e-14
13,10,0.105469,0.0820312,1,0,0,0,4.26326e-14
14,10,0.113281,0.0820312,1,0,0,0,7.10543e-14
15,10,0.121094,0.0820312,1,0,0,0,1.13687e-13
16,10,0.128906,0.0820312,1,0,0,0,2.13163e-13
17,10,0.136719,0.0820312,1,0,0,0,3.69482e-13
18,10,0.144531,0.0820312,1,0,0,0,6.25278e-13
19,10,0.152344,0.0820312,1,0,0,0,1.0516e-12
20,10,0.160156,0.0820312,1,0,0,0,1.76215e-12
21,10,0.167969,0.0820312,1,0,0,0,2.91323e-12
22,10,0.175781,0.0820312,1,0,0,0,4.73221e-12
23,10,0.183594,0.0820312,1,0,0,0,7.61702e-12
24,10,0.191406,0.0820312,1,0,0,0,1.2065e-11
25,10,0.199219,0.0820312,1,0,0,0,1.88862e-11
26,10,0.207031,0.0820312,1,0,0,0,2.92175e-11
27,10,0.214844,0.0820312,1,0,0,0,4.46079e-11
28,10,0.222656,0.0820312,1,0,0,0,6.72031e-11
29,10,0.230469,0.0820312,1,0,0,0,9.99165e-11
30,10,0.238281,0.0820312,1,0,0,0,1.46699e-10
31,10,0.246094,0.0820312,1,0,0,0,2.12594e-10
32,10,0.253906,0.0820312,1,0,0,0,3.04027e-10
33,10,0.261719,0.0820312,1,0,0,0,4.29125e-10
34,10,0.269531,0.0820312,1,0,0,0,5.97751e-10
35,10,0.277344,0.0820312,1,0,0,0,8.21601e-10
36,10,0.285156,0.0820312,1,0,0,0,1.11426e-09
37,10,0.292969,0.0820312,1,0,0,0,1.49093e-09
38,10,0.300781,0.0820312,1,0,0,0,1.96805e-09
39,10,0.308594,0.0820312,1,0,0,0,2.56249e-09
40,10,0.316406,0.0820312,1,0,0,0,3.29065e-09
41,10,0.324219,0.0820312,1,0,0,0,4.16713e-09
42,10,0.332031,0.0820312,1,0,0,0,5.20299e-09
43,10,0.339844,0.0820312,1,0,0,0,6.40395e-09
44,10,0.347656,0.0820312,1,0,0,0,7.76834e-09
45,10,0.355469,0.0820312,1,0,0,0,9.28505e-09
46,10,0.363281,0.0820312,1,0,0,0,1.09317e-08
47,10,0.371094,0.0820312,1,0,0,0,1.26734e-08
48,10,0.378906,0.0820312,1,0,0,0,1.44617e-08
49,10,0.386719,0.0820312,1,0,0,0,1.62351e-08
50,10,0.394531,0.0820312,1,0,0,0,1.79201e-08
51,10,0.402344,0.0820312,1,0,0,0,1.94337e-08
52,10,0.410156,0.0820312,1,0,0,0,2.06872e-08
53,10,0.417969,0.0820312,1,0,0,0,2.1591e-08
54,10,0.425781,0.0820312,1,0,0,0,2.206e-08
55,10,0.433594,0.0820312,1,0,0,0,2.20201e-08
56,10,0.441406,0.0820312,1,0,0,0,2.14142e-08
57,10,0.449219,0.0820312,1,0,0,0,2.02075e-08
58,10,0.457031,0.0820312,1,0,0,0,1.83925e-08
59,10,0.464844,0.0820312,1,0,0,0,1.59916e-08
60,10,0.472656,0.0820312,1,0,0,0,1.30577e-08
61,10,0.480469,0.0820312,1,0,0,0,9.67336e-09
62,10,0.488281,0.0820312,1,0,0,0,5.94686e-09
63,10,0.496094,0.0820312,1,0,0,0,2.00653e-09
64,10,0.503906,0.0820312,1,0,0,0,-2.00653e-09
65,10,0.511719,0.0820312,1,0,0,0,-5.94686e-09
66,10,0.519531,0.0820312,1,0,0,0,-9.67336e-09
67,10,0.527344,0.0820312,1,0,0,0,-1.30577e-08
68,10,0.535156,0.0820312,1,0,0,0,-1.59916e-08
69,10,0.542969,0.0820312,1,0,0,0,-1.83925e-08
70,10,0.550781,0.0820312,1,0,0,0,-2.02075e-08
71,10,0.558594,0.0820312,1,0,0,0,-2.14142e-08
72,10,0.566406,0.0820312,1,0,0,0,-2.20201e-08
73,10,0.574219,0.0820312,1,0,0,0,-2.206e-08
74,10,0.582031,0.0820312,1,0,0,0,-2.1591e-08
75,10,0.589844,0.0820312,1,0,0,0,-2.06872e-08
76,10,0.597656,0.0820312,1,0,0,0,-1.94337e-08
77,10,0.605469,0.0820312,1,0,0,0,-1.79201e-08
78,10,0.613281,0.0820312,1,0,0,0,-1.62351e-08
79,10,0.621094,0.0820312,1,0,0,0,-1.44617e-08
80,10,0.628906,0.0820312,1,0,0,0,-1.26734e-08
81,10,0.636719,0.0820312,1,0,0,0,-1.09317e-08
82,10,0.644531,0.0820312,1,0,0,0,-9.28505e-09
83,10,0.652344,0.0820312,1,0,0,0,-7.76834e-09
84,10,0.660156,0.0820312,1,0,0,0,-6.40395e-09
85,10,0.667969,0.0820312,1,0,0,0,-5.20299e-09
86,10,0.675781,0.0820312,1,0,0,0,-4.16713e-09
87,10,0.683594,0.0820312,1,0,0,0,-3.29065e-09
88,10,0.691406,0.0820312,1,0,0,0,-2.56249e-09
89,10,0.699219,0.0820312,1,0,0,0,-1.96805e-09
90,10,0.707031,0.0820312,1,0,0,0,-1.49093e-09
91,10,0.714844,0.0820312,1,0,0,0,-1.11426e-09
92,10,0.722656,0.0820312,1,0,0,0,-8.21601e-10
93,10,0.730469,0.0820312,1,0,0,0,-5.97751e-10
94,10,0.738281,0.0820312,1,0,0,0,-4.29125e-10
95,10,0.746094,0.0820312,1,0,0,0,-3.04027e-10
96,10,0.753906,0.0820312,1,0,0,0,-2.12594e-10
97,10,0.761719,0.0820312,1,0,0,0,-1.46699e-10
98,10,0.769531,0.0820312,1,0,0,0,-9.99165e-11
99,10,0.777344,0.0820312,1,0,0,0,-6.72031e-11
100,10,0.785156,0.0820312,1,0,0,0,-4.46079e-11
101,10,0.792969,0.0820312,1,0,0,0,-2.92175e-11
102,10,0.800781,0.0820312,1,0,0,0,-1.88862e-11
103,10,0.808594,0.0820312,1,0,0,0,-1.2065e-11
104,10,0.816406,0.0820312,1,0,0,0,-7.61702e-12
105,10,0.824219,0.0820312,1,0,0,0,-4.73221e-12
106,10,0.832031,0.0820312,1,0,0,0,-2.91323e-12
107,10,0.839844,0.0820312,1,0,0,0,-1.76215e-12
108,10,0.847656,0.0820312,1,0,0,0,-1.0516e-12
109,10,0.855469,0.0820312,1,0,0,0,-6.25278e-13
110,10,0.863281,0.0820312,1,0,0,0,-3.69482e-13
111,10,0.871094,0.0820312,1,0,0,0,-2.13163e-13
112,10,0.878906,0.0820312,1,0,0,0,-1.13687e-13
113,10,0.886719,0.0820312,1,0,0,0,-7.10543e-14
114,10,0.894531,0.0820312,1,0,0,0,-4.26326e-14
115,10,0.902344,0.0820312,1,0,0,0,-1.42109e-14
116,10,0.910156,0.0820312,1,0,0,0,-1.42109e-14
117,10,0.917969,0.0820312,1,0,0,0,-1.42109e-14
118,10,0.925781,0.0820312,1,0,0,0,0
119,10,0.933594,0.0820312,1,0,0,0,0
120,10,0.941406,0.0820312,1,0,0,0,0
121,10,0.949219,0.0820312,1,0,0,0,0
122,10,0.957031,0.0820312,1,0,0,0,0
123,10,0.964844,0.0820312,1,0,0,0,0
124,10,0.972656,0.0820312,1,0,0,0,0
125,10,0.980469,0.0820312,1,0,0,0,0
126,10,0.988281,0.0820312,1,0,0,0,0
127,10,0.996094,0.0820312,1,0,0,0,0
0,11,0.00390625,0.0898438,1,0,0,0,0
1,11,0.0117188,0.0898438,1,0,0,0,0
2,11,0.0195312,0.0898438,1,0,0,0,0
3,11,0.0273438,0.0898438,1,0,0,0,0
4,11,0.0351562,0.0898438,1,0,0,0,0
5,11,0.0429688,0.0898438,1,0,0,0,0
6,11,0.0507812,0.0898438,1,0,0,0,0
7,11,0.0585938,0.0898438,1,0,0,0,0
8,11,0.0664062,0.0898438,1,0,0,0,0
9,11,0.0742188,0.0898438,1,0,0,0,1.42109e-14
10,11,0.0820312,0.0898438,1,0,0,0,1.42109e-14
11,11,0.0898438,0.0898438,1,0,0,0,1.42109e-14
12,11,0.0976562,0.0898438,1,0,0,0,4.26326e-14
13,11,0.105469,0.0898438,1,0,0,0,7.10543e-14
14,11,0.113281,0.0898438,1,0,0,0,1.27898e-13
15,11,0.121094,0.0898438,1,0,0,0,2.27374e-13
16,11,0.128906,0.0898438,1,0,0,0,3.97904e-13
17,11,0.136719,0.0898438,1,0,0,0,6.96332e-13
18,11,0.144531,0.0898438,1,0,0,0,1.19371e-12
19,11,0.152344,0.0898438,1,0,0,0,2.03215e-12
20,11,0.160156,0.0898438,1,0,0,0,3.38218e-12
21,11,0.167969,0.0898438,1,0,0,0,5.55644e-12
22,11,0.175781,0.0898438,1,0,0,0,9.0381e-12
23,11,0.183594,0.0898438,1,0,0,0,1.45235e-11
24,11,0.191406,0.0898438,1,0,0,0,2.305e-11
25,11,0.199219,0.0898438,1,0,0,0,3.60956e-11
26,11,0.207031,0.0898438,1,0,0,0,5.5806e-11
27,11,0.214844,0.0898438,1,0,0,0,8.51657e-11
28,11,0.222656,0.0898438,1,0,0,0,1.2831e-10
29,11,0.230469,0.0898438,1,0,0,0,1.90838e-10
30,11,0.238281,0.0898438,1,0,0,0,2.80167e-10
31,11,0.246094,0.0898438,1,0,0,0,4.05976e-10
32,11,0.253906,0.0898438,1,0,0,0,5.80627e-10
33,11,0.261719,0.0898438,1,0,0,0,8.1954e-10
34,11,0.269531,0.0898438,1,0,0,0,1.14153e-09
35,11,0.277344,0.0898438,1,0,0,0,1.56903e-09
36,11,0.285156,0.0898438,1,0,0,0,2.12796e-09
37,11,0.292969,0.0898438,1,0,0,0,2.84733e-09
38,11,0.300781,0.0898438,1,0,0,0,3.75849e-09
39,11,0.308594,0.0898438,1,0,0,0,4.89371e-09
40,11,0.316406,0.0898438,1,0,0,0,6.28434e-09
41,11,0.324219,0.0898438,1,0,0,0,7.95819e-09
42,11,0.332031,0.0898438,1,0,0,0,9.93641e-09
43,11,0.339844,0.0898438,1,0,0,0,1.22299e-08
44,11,0.347656,0.0898438,1,0,0,0,1.48356e-08
45,11,0.355469,0.0898438,1,0,0,0,1.77321e-08
46,11,0.363281,0.0898438,1,0,0,0,2.08769e-08
47,11,0.371094,0.0898438,1,0,0,0,2.42031e-08
48,11,0.378906,0.0898438,1,0,0,0,2.76183e-08
49,11,0.386719,0.0898438,1,0,0,0,3.10051e-08
50,11,0.394531,0.0898438,1,0,0,0,3.42229e-08
51,11,0.402344,0.0898438,1,0,0,0,3.71135e-08
52,11,0.410156,0.0898438,1,0,0,0,3.95074e-08
53,11,0.417969,0.0898438,1,0,0,0,4.12334e-08
54,11,0.425781,0.0898438,1,0,0,0,4.21291e-08
55,11,0.433594,0.0898438,1,0,0,0,4.2053e-08
56,11,0.441406,0.0898438,1,0,0,0,4.08958e-08
57,11,0.449219,0.0898438,1,0,0,0,3.85913e-08
58,11,0.457031,0.0898438,1,0,0,0,3.51251e-08
59,11,0.464844,0.0898438,1,0,0,0,3.05399e-08
60,11,0.472656,0.0898438,1,0,0,0,2.49369e-08
61,11,0.480469,0.0898438,1,0,0,0,1.84737e-08
62,11,0.488281,0.0898438,1,0,0,0,1.1357e-08
63,11,0.496094,0.0898438,1,0,0,0,3.83199e-09
64,11,0.503906,0.0898438,1,0,0,0,-3.83199e-09
65,11,0.511719,0.0898438,1,0,0,0,-1.1357e-08
66,11,0.519531,0.0898438,1,0,0,0,-1.84737e-08
67,11,0.527344,0.0898438,1,0,0,0,-2.49369e-08
68,11,0.535156,0.0898438,1,0,0,0,-3.05399e-08
69,11,0.542969,0.0898438,1,0,0,0,-3.51251e-08
70,11,0.550781,0.0898438,1,0,0,0,-3.85913e-08
71,11,0.558594,0.0898438,1,0,0,0,-4.08958e-08
72,11,0.566406,0.0898438,1,0,0,0,-4.2053e-08
73,11,0.574219,0.0898438,1,0,0,0,-4.21291e-08
74,11,0.582031,0.0898438,1,0,0,0,-4.12334e-08
75,11,0.589844,0.0898438,1,0,0,0,-3.95074e-08
76,11,0.597656,0.0898438,1,0,0,0,-3.71135e-08
77,11,0.605469,0.0898438,1,0,0,0,-3.42229e-08
78,11,0.613281,0.0898438,1,0,0,0,-3.10051e-08
79,11,0.621094,0.0898438,1,0,0,0,-2.76183e-08
80,11,0.628906,0.0898438,1,0,0,0,-2.42031e-08
81,11,0.636719,0.0898438,1,0,0,0,-2.08769e-08
82,11,0.644531,0.0898438,1,0,0,0,-1.77321e-08
83,11,0.652344,0.0898438,1,0,0,0,-1.48356e-08
84,11,0.660156,0.0898438,1,0,0,0,-1.22299e-08
85,11,0.667969,0.0898438,1,0,0,0,-9.93641e-09
86,11,0.675781,0.0898438,1,0,0,0,-7.95819e-09
87,11,0.683594,0.0898438,1,0,0,0,-6.28434e-09
88,11,0.691406,0.0898438,1,0,0,0,-4.89371e-09
89,11,0.699219,0.0898438,1,0,0,0,-3.75849e-09
90,11,0.707031,0.0898438,1,0,0,0,-2.84733e-09
91,11,0.714844,0.0898438,1,0,0,0,-2.12796e-09
92,11,0.722656,0.0898438,1,0,0,0,-1.56903e-09
93,11,0.730469,0.0898438,1,0,0,0,-1.14153e-09
94,11,0.738281,0.0898438,1,0,0,0,-8.1954e-10
95,11,0.746094,0.0898438,1,0,0,0,-5.80627e-10
96,11,0.753906,0.0898438,1,0,0,0,-4.05976e-10
97,11,0.761719,0.0898438,1,0,0,0,-2.80167e-10
98,11,0.769531,0.0898438,1,0,0,0,-1.90838e-10
99,11,0.777344,0.0898438,1,0,0,0,-1.2831e-10
100,11,0.785156,0.0898438,1,0,0,0,-8.51657e-11
101,11,0.792969,0.0898438,1,0,0,0,-5.5806e-11
102,11,0.800781,0.0898438,1,0,0,0,-3.60956e-11
103,11,0.808594,0.0898438,1,0,0,0,-2.305e-11
104,11,0.816406,0.0898438,1,0,0,0,-1.45235e-11
105,11,0.824219,0.0898438,1,0,0,0,-9.0381e-12
106,11,0.832031,0.0898438,1,0,0,0,-5.55644e-12
107,11,0.839844,0.0898438,1,0,0,0,-3.38218e-12
108,11,0.847656,0.0898438,1,0,0,0,-2.03215e-12
109,11,0.855469,0.0898438,1,0,0,0,-1.19371e-12
110,11,0.863281,0.0898438,1,0,0,0,-6.96332e-13
111,11,0.871094,0.0898438,1,0,0,0,-3.97904e-13
112,11,0.878906,0.0898438,1,0,0,0,-2.27374e-13
113,11,0.886719,0.0898438,1,0,0,0,-1.27898e-13
114,11,0.894531,0.0898438,1,0,0,0,-7.10543e-14
115,11,0.902344,0.0898438,1,0,0,0,-4.26326e-14
116,11,0.910156,0.0898438,1,0,0,0,-1.42109e-14
117,11,0.917969,0.0898438,1,0,0,0,-1.42109e-14
118,11,0.925781,0.0898438,1,0,0,0,-1.42109e-14
119,11,0.933594,0.0898438,1,0,0,0,0
120,11,0.941406,0.0898438,1,0,0,0,0
121,11,0.949219,0.0898438,1,0,0,0,0
122,11,0.957031,0.0898438,1,0,0,0,0
123,11,0.964844,0.0898438,1,0,0,0,0
124,11,0.972656,0.0898438,1,0,0,0,0
125,11,0.980469,0.0898438,1,0,0,0,0
126,11,0.988281,0.0898438,1,0,0,0,0
127,11,0.996094,0.0898438,1,0,0,0,0
0,12,0.00390625,0.0976562,1,0,0,0,0
1,12,0.0117188,0.0976562,1,0,0,0,0
2,12,0.0195312,0.0976562,1,0,0,0,0
3,12,0.0273438,0.0976562,1,0,0,0,0
4,12,0.0351562,0.0976562,1,0,0,0,0
5,12,0.0429688,0.0976562,1,0,0,0,0
6,12,0.0507812,0.0976562,1,0,0,0,0
7,12,0.0585938,0.0976562,1,0,0,0,0
8,12,0.0664062,0.0976562,1,0,0,0,1.42109e-14
9,12,0.0742188,0.0976562,1,0,0,0,1.42109e-14
10,12,0.0820312,0.0976562,1,0,0,0,1.42109e-14
11,12,0.0898438,0.0976562,1,0,0,0,4.26326e-14
12,12,0.0976562,0.0976562,1,0,0,0,7.10543e-14
13,12,0.105469,0.0976562,1,0,0,0,1.27898e-13
14,12,0.113281,0.0976562,1,0,0,0,2.41585e-13
15,12,0.121094,0.0976562,1,0,0,0,4.40536e-13
16,12,0.128906,0.0976562,1,0,0,0,7.67386e-13
17,12,0.136719,0.0976562,1,0,0,0,1.32161e-12
18,12,0.144531,0.0976562,1,0,0,0,2.25953e-12
19,12,0.152344,0.0976562,1,0,0,0,3.80851e-12
20,12,0.160156,0.0976562,1,0,0,0,6.35225e-12
21,12,0.167969,0.0976562,1,0,0,0,1.04876e-11
22,12,0.175781,0.0976562,1,0,0,0,1.70672e-11
23,12,0.183594,0.0976562,1,0,0,0,2.74127e-11
24,12,0.191406,0.0976562,1,0,0,0,4.34852e-11
25,12,0.199219,0.0976562,1,0,0,0,6.80842e-11
26,12,0.207031,0.0976562,1,0,0,0,1.0526e-10
27,12,0.214844,0.0976562,1,0,0,0,1.60668e-10
28,12,0.222656,0.0976562,1,0,0,0,2.42082e-10
29,12,0.230469,0.0976562,1,0,0,0,3.60046e-10
30,12,0.238281,0.0976562,1,0,0,0,5.28559e-10
31,12,0.246094,0.0976562,1,0,0,0,7.65908e-10
32,12,0.253906,0.0976562,1,0,0,0,1.0954e-09
33,12,0.261719,0.0976562,1,0,0,0,1.54611e-09
34,12,0.269531,0.0976562,1,0,0,0,2.1536e-09
35,12,0.277344,0.0976562,1,0,0,0,2.96012e-09
36,12,0.285156,0.0976562,1,0,0,0,4.01457e-09
37,12,0.292969,0.0976562,1,0,0,0,5.3717e-09
38,12,0.300781,0.0976562,1,0,0,0,7.09066e-09
39,12,0.308594,0.0976562,1,0,0,0,9.23238e-09
40,12,0.316406,0.0976562,1,0,0,0,1.18559e-08
41,12,0.324219,0.0976562,1,0,0,0,1.50138e-08
42,12,0.332031,0.0976562,1,0,0,0,1.87458e-08
43,12,0.339844,0.0976562,1,0,0,0,2.30728e-08
44,12,0.347656,0.0976562,1,0,0,0,2.79885e-08
45,12,0.355469,0.0976562,1,0,0,0,3.3453e-08
46,12,0.363281,0.0976562,1,0,0,0,3.93859e-08
47,12,0.371094,0.0976562,1,0,0,0,4.56611e-08
48,12,0.378906,0.0976562,1,0,0,0,5.21042e-08
49,12,0.386719,0.0976562,1,0,0,0,5.84935e-08
50,12,0.394531,0.0976562,1,0,0,0,6.45643e-08
51,12,0.402344,0.0976562,1,0,0,0,7.00176e-08
52,12,0.410156,0.0976562,1,0,0,0,7.45339e-08
53,12,0.417969,0.0976562,1,0,0,0,7.77901e-08
54,12,0.425781,0.0976562,1,0,0,0,7.948e-08
55,12,0.433594,0.0976562,1,0,0,0,7.93363e-08
56,12,0.441406,0.0976562,1,0,0,0,7.71531e-08
57,12,0.449219,0.0976562,1,0,0,0,7.28056e-08
58,12,0.457031,0.0976562,1,0,0,0,6.62664e-08
59,12,0.464844,0.0976562,1,0,0,0,5.76159e-08
60,12,0.472656,0.0976562,1,0,0,0,4.70454e-08
61,12,0.480469,0.0976562,1,0,0,0,3.48521e-08
62,12,0.488281,0.0976562,1,0,0,0,2.1426e-08
63,12,0.496094,0.0976562,1,0,0,0,7.22935e-09
64,12,0.503906,0.0976562,1,0,0,0,-7.22935e-09
65,12,0.511719,0.0976562,1,0,0,0,-2.1426e-08
66,12,0.519531,0.0976562,1,0,0,0,-3.48521e-08
67,12,0.527344,0.0976562,1,0,0,0,-4.70454e-08
68,12,0.535156,0.0976562,1,0,0,0,-5.76159e-08
69,12,0.542969,0.0976562,1,0,0,0,-6.62664e-08
70,12,0.550781,0.0976562,1,0,0,0,-7.28056e-08
71,12,0.558594,0.0976562,1,0,0,0,-7.71531e-08
72,12,0.566406,0.0976562,1,0,0,0,-7.93363e-08
73,12,0.574219,0.0976562,1,0,0,0,-7.948e-08
74,12,0.582031,0.0976562,1,0,0,0,-7.77901e-08
75,12,0.589844,0.0976562,1,0,0,0,-7.45339e-08
76,12,0.597656,0.0976562,1,0,0,0,-7.00176e-08
77,12,0.605469,0.0976562,1,0,0,0,-6.45643e-08
78,12,0.613281,0.0976562,1,0,0,0,-5.84935e-08
79,12,0.621094,0.0976562,1,0,0,0,-5.21042e-08
80,12,0.628906,0.0976562,1,0,0,0,-4.56611e-08
81,12,0.636719,0.0976562,1,0,0,0,-3.93859e-08
82,12,0.644531,0.0976562,1,0,0,0,-3.3453e-08
83,12,0.652344,0.0976562,1,0,0,0,-2.79885e-08
84,12,0.660156,0.0976562,1,0,0,0,-2.30728e-08
85,12,0.667969,0.0976562,1,0,0,0,-1.87458e-08
86,12,0.675781,0.0976562,1,0,0,0,-1.50138e-08
87,12,0.683594,0.0976562,1,0,0,0,-1.18559e-08
88,12,0.691406,0.0976562,1,0,0,0,-9.23238e-09
89,12,0.699219,0.0976562,1,0,0,0,-7.09066e-09
90,12,0.707031,0.0976562,1,0,0,0,-5.3717e-09
91,12,0.714844,0.0976562,1,0,0,0,-4.01457e-09
92,12,0.722656,0.0976562,1,0,0,0,-2.96012e-09
93,12,0.730469,0.0976562,1,0,0,0,-2.1536e-09
94,12,0.738281,0.0976562,1,0,0,0,-1.54611e-09
95,12,0.746094,0.0976562,1,0,0,0,-1.0954e-09
96,12,0.753906,0.0976562,1,0,0,0,-7.65908e-10
97,12,0.761719,0.0976562,1,0,0,0,-5.28559e-10
98,12,0.769531,0.0976562,1,0,0,0,-3.60046e-10
99,12,0.777344,0.0976562,1,0,0,0,-2.42082e-10
100,12,0.785156,0.0976562,1,0,0,0,-1.60668e-10
101,12,0.792969,0.0976562,1,0,0,0,-1.0526e-10
102,12,0.800781,0.0976562,1,0,0,0,-6.80842e-11
103,12,0.808594,0.0976562,1,0,0,0,-4.34852e-11
104,12,0.816406,0.0976562,1,0,0,0,-2.74127e-11
105,12,0.824219,0.0976562,1,0,0,0,-1.70672e-11
106,12,0.832031,0.0976562,1,0,0,0,-1.04876e-11
107,12,0.839844,0.0976562,1,0,0,0,-6.35225e-12
108,12,0.847656,0.0976562,1,0,0,0,-3.80851e-12
109,12,0.855469,0.0976562,1,0,0,0,-2.25953e-12
110,12,0.863281,0.0976562,1,0,0,0,-1.32161e-12
111,12,0.871094,0.0976562,1,0,0,0,-7.67386e-13
112,12,0.878906,0.0976562,1,0,0,0,-4.40536e-13
113,12,0.886719,0.0976562,1,0,0,0,-2.41585e-13
114,12,0.894531,0.0976562,1,0,0,0,-1.27898e-13
115,12,0.902344,0.0976562,1,0,0,0,-7.10543e-14
116,12,0.910156,0.0976562,1,0,0,0,-4.26326e-14
117,12,0.917969,0.0976562,1,0,0,0,-1.42109e-14
118,12,0.925781,0.0976562,1,0,0,0,-1.42109e-14
119,12,0.933594,0.0976562,1,0,0,0,-1.42109e-14
120,12,0.941406,0.0976562,1,0,0,0,0
121,12,0.949219,0.0976562,1,0,0,0,0
122,12,0.957031,0.0976562,1,0,0,0,0
123,12,0.964844,0.0976562,1,0,0,0,0
124,12,0.972656,0.0976562,1,0,0,0,0
125,12,0.980469,0.0976562,1,0,0,0,0
126,12,0.988281,0.0976562,1,0,0,0,0
127,12,0.996094,0.0976562,1,0,0,0,0
0,13,0.00390625,0.105469,1,0,0,0,0
1,13,0.0117188,0.105469,1,0,0,0,0
2,13,0.0195312,0.105469,1,0,0,0,0
3,13,0.0273438,0.105469,1,0,0,0,0
4,13,0.0351562,0.105469,1,0,0,0,0
5,13,0.0429688,0.105469,1,0,0,0,0
6,13,0.0507812,0.105469,1,0,0,0,0
7,13,0.0585938,0.105469,1,0,0,0,1.42109e-14
8,13,0.0664062,0.105469,1,0,0,0,1.42109e-14
9,13,0.0742188,0.105469,1,0,0,0,1.42109e-14
10,13,0.0820312,0.105469,1,0,0,0,4.26326e-14
11,13,0.0898438,0.105469,1,0,0,0,7.10543e-14
12,13,0.0976562,0.105469,1,0,0,0,1.42109e-13
13,13,0.105469,0.105469,1,0,0,0,2.55795e-13
14,13,0.113281,0.105469,1,0,0,0,4.54747e-13
15,13,0.121094,0.105469,1,0,0,0,8.10019e-13
16,13,0.128906,0.105469,1,0,0,0,1.40687e-12
17,13,0.136719,0.105469,1,0,0,0,2.45848e-12
18,13,0.144531,0.105469,1,0,0,0,4.20641e-12
19,13,0.152344,0.105469,1,0,0,0,7.10543e-12
20,13,0.160156,0.105469,1,0,0,0,1.18661e-11
21,13,0.167969,0.105469,1,0,0,0,1.95399e-11
22,13,0.175781,0.105469,1,0,0,0,3.17897e-11
23,13,0.183594,0.105469,1,0,0,0,5.1088e-11
24,13,0.191406,0.105469,1,0,0,0,8.10303e-11
25,13,0.199219,0.105469,1,0,0,0,1.26903e-10
26,13,0.207031,0.105469,1,0,0,0,1.96195e-10
27,13,0.214844,0.105469,1,0,0,0,2.99437e-10
28,13,0.222656,0.105469,1,0,0,0,4.51152e-10
29,13,0.230469,0.105469,1,0,0,0,6.70994e-10
30,13,0.238281,0.105469,1,0,0,0,9.85082e-10
31,13,0.246094,0.105469,1,0,0,0,1.42742e-09
32,13,0.253906,0.105469,1,0,0,0,2.04147e-09
33,13,0.261719,0.105469,1,0,0,0,2.88148e-09
34,13,0.269531,0.105469,1,0,0,0,4.01364e-09
35,13,0.277344,0.105469,1,0,0,0,5.51674e-09
36,13,0.285156,0.105469,1,0,0,0,7.4819e-09
37,13,0.292969,0.105469,1,0,0,0,1.00112e-08
38,13,0.300781,0.105469,1,0,0,0,1.32148e-08
39,13,0.308594,0.105469,1,0,0,0,1.72063e-08
40,13,0.316406,0.105469,1,0,0,0,2.20957e-08
41,13,0.324219,0.105469,1,0,0,0,2.7981e-08
42,13,0.332031,0.105469,1,0,0,0,3.49364e-08
43,13,0.339844,0.105469,1,0,0,0,4.30005e-08
44,13,0.347656,0.105469,1,0,0,0,5.21619e-08
45,13,0.355469,0.105469,1,0,0,0,6.23461e-08
46,13,0.363281,0.105469,1,0,0,0,7.34032e-08
47,13,0.371094,0.105469,1,0,0,0,8.50981e-08
48,13,0.378906,0.105469,1,0,0,0,9.7106e-08
49,13,0.386719,0.105469,1,0,0,0,1.09014e-07
50,13,0.394531,0.105469,1,0,0,0,1.20328e-07
51,13,0.402344,0.105469,1,0,0,0,1.30491e-07
52,13,0.410156,0.105469,1,0,0,0,1.38908e-07
53,13,0.417969,0.105469,1,0,0,0,1.44977e-07
54,13,0.425781,0.105469,1,0,0,0,1.48126e-07
55,13,0.433594,0.105469,1,0,0,0,1.47858e-07
56,13,0.441406,0.105469,1,0,0,0,1.4379e-07
57,13,0.449219,0.105469,1,0,0,0,1.35687e-07
58,13,0.457031,0.105469,1,0,0,0,1.235e-07
59,13,0.464844,0.105469,1,0,0,0,1.07378e-07
60,13,0.472656,0.105469,1,0,0,0,8.76781e-08
61,13,0.480469,0.105469,1,0,0,0,6.49536e-08
62,13,0.488281,0.105469,1,0,0,0,3.99314e-08
63,13,0.496094,0.105469,1,0,0,0,1.34733e-08
64,13,0.503906,0.105469,1,0,0,0,-1.34733e-08
65,13,0.511719,0.105469,1,0,0,0,-3.99314e-08
66,13,0.519531,0.105469,1,0,0,0,-6.49536e-08
67,13,0.527344,0.105469,1,0,0,0,-8.76781e-08
68,13,0.535156,0.105469,1,0,0,0,-1.07378e-07
69,13,0.542969,0.105469,1,0,0,0,-1.235e-07
70,13,0.550781,0.105469,1,0,0,0,-1.35687e-07
71,13,0.558594,0.105469,1,0,0,0,-1.4379e-07
72,13,0.566406,0.105469,1,0,0,0,-1.47858e-07
73,13,0.574219,0.105469,1,0,0,0,-1.48126e-07
74,13,0.582031,0.105469,1,0,0,0,-1.44977e-07
75,13,0.589844,0.105469,1,0,0,0,-1.38908e-07
76,13,0.597656,0.105469,1,0,0,0,-1.30491e-07
77,13,0.605469,0.105469,1,0,0,0,-1.20328e-07
78,13,0.613281,0.105469,1,0,0,0,-1.09014e-07
79,13,0.621094,0.105469,1,0,0,0,-9.7106e-08
80,13,0.628906,0.105469,1,0,0,0,-8.50981e-08
81,13,0.636719,0.105469,1,0,0,0,-7.34032e-08
82,13,0.644531,0.105469,1,0,0,0,-6.23461e-08
83,13,0.652344,0.105469,1,0,0,0,-5.21619e-08
84,13,0.660156,0.105469,1,0,0,0,-4.30005e-08
85,13,0.667969,0.105469,1,0,0,0,-3.49364e-08
86,13,0.675781,0.105469,1,0,0,0,-2.7981e-08
87,13,0.683594,0.105469,1,0,0,0,-2.20957e-08
88,13,0.691406,0.105469,1,0,0,0,-1.72063e-08
89,13,0.699219,0.105469,1,0,0,0,-1.32148e-08
90,13,0.707031,0.105469,1,0,0,0,-1.00112e-08
91,13,0.714844,0.105469,1,0,0,0,-7.4819e-09
92,13,0.722656,0.105469,1,0,0,0,-5.51674e-09
93,13,0.730469,0.105469,1,0,0,0,-4.01364e-09
94,13,0.738281,0.105469,1,0,0,0,-2.88148e-09
95,13,0.746094,0.105469,1,0,0,0,-2.04147e-09
96,13,0.753906,0.105469,1,0,0,0,-1.42742e-09
97,13,0.761719,0.105469,1,0,0,0,-9.85082e-10
98,13,0.769531,0.105469,1,0,0,0,-6.70994e-10
99,13,0.777344,0.105469,1,0,0,0,-4.51152e-10
100,13,0.785156,0.105469,1,0,0,0,-2.99437e-10
101,13,0.792969,0.105469,1,0,0,0,-1.96195e-10
102,13,0.800781,0.105469,1,0,0,0,-1.26903e-10
103,13,0.808594,0.105469,1,0,0,0,-8.10303e-11
104,13,0.816406,0.105469,1,0,0,0,-5.1088e-11
105,13,0.824219,0.105469,1,0,0,0,-3.17897e-11
106,13,0.832031,0.105469,1,0,0,0,-1.95399e-11
107,13,0.839844,0.105469,1,0,0,0,-1.18661e-11
108,13,0.847656,0.105469,1,0,0,0,-7.10543e-12
109,13,0.855469,0.105469,1,0,0,0,-4.20641e-12
110,13,0.863281,0.105469,1,0,0,0,-2.45848e-12
111,13,0.871094,0.105469,1,0,0,0,-1.40687e-12
112,13,0.878906,0.105469,1,0,0,0,-8.10019e-13
113,13,0.886719,0.105469,1,0,0,0,-4.54747e-13
114,13,0.894531,0.105469,1,0,0,0,-2.55795e-13
115,13,0.902344,0.105469,1,0,0,0,-1.42109e-13
116,13,0.910156,0.105469,1,0,0,0,-7.10543e-14
117,13,0.917969,0.105469,1,0,0,0,-4.26326e-14
118,13,0.925781,0.105469,1,0,0,0,-1.42109e-14
119,13,0.933594,0.105469,1,0,0,0,-1.42109e-14
120,13,0.941406,0.105469,1,0,0,0,-1.42109e-14
121,13,0.949219,0.105469,1,0,0,0,0
122,13,0.957031,0.105469,1,0,0,0,0
123,13,0.964844,0.105469,1,0,0,0,0
124,13,0.972656,0.105469,1,0,0,0,0
125,13,0.980469,0.105469,1,0,0,0,0
126,13,0.988281,0.105469,1,0,0,0,0
127,13,0.996094,0.105469,1,0,0,0,0
0,14,0.00390625,0.113281,1,0,0,0,0
1,14,0.0117188,0.113281,1,0,0,0,0
2,14,0.0195312,0.113281,1,0,0,0,0
3,14,0.0273438,0.113281,1,0,0,0,0
4,14,0.0351562,0.113281,1,0,0,0,0
5,14,0.0429688,0.113281,1,0,0,0,0
6,14,0.0507812,0.113281,1,0,0,0,0
7,14,0.0585938,0.113281,1,0,0,0,1.42109e-14
8,14,0.0664062,0.113281,1,0,0,0,2.84217e-14
9,14,0.0742188,0.113281,1,0,0,0,4.26326e-14
10,14,0.0820312,0.113281,1,0,0,0,7.10543e-14
11,14,0.0898438,0.113281,1,0,0,0,1.27898e-13
12,14,0.0976562,0.113281,1,0,0,0,2.55795e-13
13,14,0.105469,0.113281,1,0,0,0,4.68958e-13
14,14,0.113281,0.113281,1,0,0,0,8.3844e-13
15,14,0.121094,0.113281,1,0,0,0,1.49214e-12
16,14,0.128906,0.113281,1,0,0,0,2.60059e-12
17,14,0.136719,0.113281,1,0,0,0,4.51905e-12
18,14,0.144531,0.113281,1,0,0,0,7.74492e-12
19,14,0.152344,0.113281,1,0,0,0,1.3074e-11
20,14,0.160156,0.113281,1,0,0,0,2.18279e-11
21,14,0.167969,0.113281,1,0,0,0,3.59819e-11
22,14,0.175781,0.113281,1,0,0,0,5.85487e-11
23,14,0.183594,0.113281,1,0,0,0,9.40616e-11
24,14,0.191406,0.113281,1,0,0,0,1.49186e-10
25,14,0.199219,0.113281,1,0,0,0,2.33626e-10
26,14,0.207031,0.113281,1,0,0,0,3.61212e-10
27,14,0.214844,0.113281,1,0,0,0,5.51296e-10
28,14,0.222656,0.113281,1,0,0,0,8.3061e-10
29,14,0.230469,0.113281,1,0,0,0,1.23535e-09
30,14,0.238281,0.113281,1,0,0,0,1.8136e-09
31,14,0.246094,0.113281,1,0,0,0,2.628e-09
32,14,0.253906,0.113281,1,0,0,0,3.75852e-09
33,14,0.261719,0.113281,1,0,0,0,5.30503e-09
34,14,0.269531,0.113281,1,0,0,0,7.38943e-09
35,14,0.277344,0.113281,1,0,0,0,1.01568e-08
36,14,0.285156,0.113281,1,0,0,0,1.37748e-08
37,14,0.292969,0.113281,1,0,0,0,1.84314e-08
38,14,0.300781,0.113281,1,0,0,0,2.43295e-08
39,14,0.308594,0.113281,1,0,0,0,3.16781e-08
40,14,0.316406,0.113281,1,0,0,0,4.068e-08
41,14,0.324219,0.113281,1,0,0,0,5.15152e-08
42,14,0.332031,0.113281,1,0,0,0,6.43207e-08
43,14,0.339844,0.113281,1,0,0,0,7.91673e-08
44,14,0.347656,0.113281,1,0,0,0,9.60341e-08
45,14,0.355469,0.113281,1,0,0,0,1.14784e-07
46,14,0.363281,0.113281,1,0,0,0,1.35141e-07
47,14,0.371094,0.113281,1,0,0,0,1.56672e-07
48,14,0.378906,0.113281,1,0,0,0,1.7878e-07
49,14,0.386719,0.113281,1,0,0,0,2.00703e-07
50,14,0.394531,0.113281,1,0,0,0,2.21533e-07
51,14,0.402344,0.113281,1,0,0,0,2.40244e-07
52,14,0.410156,0.113281,1,0,0,0,2.55741e-07
53,14,0.417969,0.113281,1,0,0,0,2.66913e-07
54,14,0.425781,0.113281,1,0,0,0,2.72712e-07
55,14,0.433594,0.113281,1,0,0,0,2.72219e-07
56,14,0.441406,0.113281,1,0,0,0,2.64728e-07
57,14,0.449219,0.113281,1,0,0,0,2.49811e-07
58,14,0.457031,0.113281,1,0,0,0,2.27373e-07
59,14,0.464844,0.113281,1,0,0,0,1.97692e-07
60,14,0.472656,0.113281,1,0,0,0,1.61422e-07
61,14,0.480469,0.113281,1,0,0,0,1.19585e-07
62,14,0.488281,0.113281,1,0,0,0,7.35168e-08
63,14,0.496094,0.113281,1,0,0,0,2.48053e-08
64,14,0.503906,0.113281,1,0,0,0,-2.48053e-08
65,14,0.511719,0.113281,1,0,0,0,-7.35168e-08
66,14,0.519531,0.113281,1,0,0,0,-1.19585e-07
67,14,0.527344,0.113281,1,0,0,0,-1.61422e-07
68,14,0.535156,0.113281,1,0,0,0,-1.97692e-07
69,14,0.542969,0.113281,1,0,0,0,-2.27373e-07
70,14,0.550781,0.113281,1,0,0,0,-2.49811e-07
71,14,0.558594,0.113281,1,0,0,0,-2.64728e-07
72,14,0.566406,0.113281,1,0,0,0,-2.72219e-07
73,14,0.574219,0.113281,1,0,0,0,-2.72712e-07
74,14,0.582031,0.113281,1,0,0,0,-2.66913e-07
75,14,0.589844,0.113281,1,0,0,0,-2.55741e-07
76,14,0.597656,0.113281,1,0,0,0,-2.40244e-07
77,14,0.605469,0.113281,1,0,0,0,-2.21533e-07
78,14,0.613281,0.113281,1,0,0,0,-2.00703e-07
79,14,0.621094,0.113281,1,0,0,0,-1.7878e-07
80,14,0.628906,0.113281,1,0,0,0,-1.56672e-07
81,14,0.636719,0.113281,1,0,0,0,-1.35141e-07
82,14,0.644531,0.113281,1,0,0,0,-1.14784e-07
83,14,0.652344,0.113281,1,0,0,0,-9.60341e-08
84,14,0.660156,0.113281,1,0,0,0,-7.91673e-08
85,14,0.667969,0.113281,1,0,0,0,-6.43207e-08
86,14,0.675781,0.113281,1,0,0,0,-5.15152e-08
87,14,0.683594,0.113281,1,0,0,0,-4.068e-08
88,14,0.691406,0.113281,1,0,0,0,-3.16781e-08
89,14,0.699219,0.113281,1,0,0,0,-2.43295e-08
90,14,0.707031,0.113281,1,0,0,0,-1.84314e-08
91,14,0.714844,0.113281,1,0,0,0,-1.37748e-08
92,14,0.722656,0.113281,1,0,0,0,-1.01568e-08
93,14,0.730469,0.113281,1,0,0,0,-7.38943e-09
94,14,0.738281,0.113281,1,0,0,0,-5.30503e-09
95,14,0.746094,0.113281,1,0,0,0,-3.75852e-09
96,14,0.753906,0.113281,1,0,0,0,-2.628e-09
97,14,0.761719,0.113281,1,0,0,0,-1.8136e-09
98,14,0.769531,0.113281,1,0,0,0,-1.23535e-09
99,14,0.777344,0.113281,1,0,0,0,-8.3061e-10
100,14,0.785156,0.113281,1,0,0,0,-5.51296e-10
101,14,0.792969,0.113281,1,0,0,0,-3.61212e-10
102,14,0.800781,0.113281,1,0,0,0,-2.33626e-10
103,14,0.808594,0.113281,1,0,0,0,-1.49186e-10
104,14,0.816406,0.113281,1,0,0,0,-9.40616e-11
105,14,0.824219,0.113281,1,0,0,0,-5.85487e-11
106,14,0.832031,0.113281,1,0,0,0,-3.59819e-11
107,14,0.839844,0.113281,1,0,0,0,-2.18279e-11
108,14,0.847656,0.113281,1,0,0,0,-1.3074e-11
109,14,0.855469,0.113281,1,0,0,0,-7.74492e-12
110,14,0.863281,0.113281,1,0,0,0,-4.51905e-12
111,14,0.871094,0.113281,1,0,0,0,-2.60059e-12
112,14,0.878906,0.113281,1,0,0,0,-1.49214e-12
113,14,0.886719,0.113281,1,0,0,0,-8.3844e-13
114,14,0.894531,0.113281,1,0,0,0,-4.68958e-13
115,14,0.902344,0.113281,1,0,0,0,-2.55795e-13
116,14,0.910156,0.113281,1,0,0,0,-1.27898e-13
117,14,0.917969,0.113281,1,0,0,0,-7.10543e-14
118,14,0.925781,0.113281,1,0,0,0,-4.26326e-14
119,14,0.933594,0.113281,1,0,0,0,-2.84217e-14
120,14,0.941406,0.113281,1,0,0,0,-1.42109e-14
121,14,0.949219,0.113281,1,0,0,0,0
122,14,0.957031,0.113281,1,0,0,0,0
123,14,0.964844,0.113281,1,0,0,0,0
124,14,0.972656,0.113281,1,0,0,0,0
125,14,0.980469,0.113281,1,0,0,0,0
126,14,0.988281,0.113281,1,0,0,0,0
127,14,0.996094,0.113281,1,0,0,0,0
0,15,0.00390625,0.121094,1,0,0,0,0
1,15,0.0117188,0.121094,1,0,0,0,0
2,15,0.0195312,0.121094,1,0,0,0,0
3,15,0.0273438,0.121094,1,0,0,0,0
4,15,0.0351562,0.121094,1,0,0,0,0
5,15,0.0429688,0.121094,1,0,0,0,0
6,15,0.0507812,0.121094,1,0,0,0,1.42109e-14
7,15,0.0585938,0.121094,1,0,0,0,2.84217e-14
8,15,0.0664062,0.121094,1,0,0,0,4.26326e-14
9,15,0.0742188,0.121094,1,0,0,0,7.10543e-14
10,15,0.0820312,0.121094,1,0,0,0,1.27898e-13
11,15,0.0898438,0.121094,1,0,0,0,2.41585e-13
12,15,0.0976562,0.121094,1,0,0,0,4.68958e-13
13,15,0.105469,0.121094,1,0,0,0,8.52651e-13
14,15,0.113281,0.121094,1,0,0,0,1.50635e-12
15,15,0.121094,0.121094,1,0,0,0,2.70006e-12
16,15,0.128906,0.121094,1,0,0,0,4.74643e-12
17,15,0.136719,0.121094,1,0,0,0,8.22808e-12
18,15,0.144531,0.121094,1,0,0,0,1.4083e-11
19,15,0.152344,0.121094,1,0,0,0,2.3789e-11
20,15,0.160156,0.121094,1,0,0,0,3.97051e-11
21,15,0.167969,0.121094,1,0,0,0,6.5441e-11
22,15,0.175781,0.121094,1,0,0,0,1.06482e-10
23,15,0.183594,0.121094,1,0,0,0,1.71056e-10
24,15,0.191406,0.121094,1,0,0,0,2.71342e-10
25,15,0.199219,0.121094,1,0,0,0,4.24919e-10
26,15,0.207031,0.121094,1,0,0,0,6.56925e-10
27,15,0.214844,0.121094,1,0,0,0,1.00265e-09
28,15,0.222656,0.121094,1,0,0,0,1.51067e-09
29,15,0.230469,0.121094,1,0,0,0,2.24681e-09
30,15,0.238281,0.121094,1,0,0,0,3.29848e-09
31,15,0.246094,0.121094,1,0,0,0,4.77965e-09
32,15,0.253906,0.121094,1,0,0,0,6.83575e-09
33,15,0.261719,0.121094,1,0,0,0,9.64846e-09
34,15,0.269531,0.121094,1,0,0,0,1.34395e-08
35,15,0.277344,0.121094,1,0,0,0,1.84725e-08
36,15,0.285156,0.121094,1,0,0,0,2.50527e-08
37,15,0.292969,0.121094,1,0,0,0,3.3522e-08
38,15,0.300781,0.121094,1,0,0,0,4.42491e-08
39,15,0.308594,0.121094,1,0,0,0,5.76143e-08
40,15,0.316406,0.121094,1,0,0,0,7.39864e-08
41,15,0.324219,0.121094,1,0,0,0,9.36928e-08
42,15,0.332031,0.121094,1,0,0,0,1.16983e-07
43,15,0.339844,0.121094,1,0,0,0,1.43985e-07
44,15,0.347656,0.121094,1,0,0,0,1.74661e-07
45,15,0.355469,0.121094,1,0,0,0,2.08763e-07
46,15,0.363281,0.121094,1,0,0,0,2.45786e-07
47,15,0.371094,0.121094,1,0,0,0,2.84946e-07
48,15,0.378906,0.121094,1,0,0,0,3.25154e-07
49,15,0.386719,0.121094,1,0,0,0,3.65027e-07
50,15,0.394531,0.121094,1,0,0,0,4.02911e-07
51,15,0.402344,0.121094,1,0,0,0,4.36942e-07
52,15,0.410156,0.121094,1,0,0,0,4.65126e-07
53,15,0.417969,0.121094,1,0,0,0,4.85446e-07
54,15,0.425781,0.121094,1,0,0,0,4.95992e-07
55,15,0.433594,0.121094,1,0,0,0,4.95095e-07
56,15,0.441406,0.121094,1,0,0,0,4.81471e-07
57,15,0.449219,0.121094,1,0,0,0,4.54341e-07
58,15,0.457031,0.121094,1,0,0,0,4.13533e-07
59,15,0.464844,0.121094,1,0,0,0,3.5955e-07
60,15,0.472656,0.121094,1,0,0,0,2.93585e-07
61,15,0.480469,0.121094,1,0,0,0,2.17493e-07
62,15,0.488281,0.121094,1,0,0,0,1.33708e-07
63,15,0.496094,0.121094,1,0,0,0,4.51145e-08
64,15,0.503906,0.121094,1,0,0,0,-4.51145e-08
65,15,0.511719,0.121094,1,0,0,0,-1.33708e-07
66,15,0.519531,0.121094,1,0,0,0,-2.17493e-07
67,15,0.527344,0.121094,1,0,0,0,-2.93585e-07
68,15,0.535156,0.121094,1,0,0,0,-3.5955e-07
69,15,0.542969,0.121094,1,0,0,0,-4.13533e-07
70,15,0.550781,0.121094,1,0,0,0,-4.54341e-07
71,15,0.558594,0.121094,1,0,0,0,-4.81471e-07
72,15,0.566406,0.121094,1,0,0,0,-4.95095e-07
73,15,0.574219,0.121094,1,0,0,0,-4.95992e-07
74,15,0.582031,0.121094,1,0,0,0,-4.85446e-07
75,15,0.589844,0.121094,1,0,0,0,-4.65126e-07
76,15,0.597656,0.121094,1,0,0,0,-4.36942e-07
77,15,0.605469,0.121094,1,0,0,0,-4.02911e-07
78,15,0.613281,0.121094,1,0,0,0,-3.65027e-07
79,15,0.621094,0.121094,1,0,0,0,-3.25154e-07
80,15,0.628906,0.121094,1,0,0,0,-2.84946e-07
81,15,0.636719,0.121094,1,0,0,0,-2.45786e-07
82,15,0.644531,0.121094,1,0,0,0,-2.08763e-07
83,15,0.652344,0.121094,1,0,0,0,-1.74661e-07
84,15,0.660156,0.121094,1,0,0,0,-1.43985e-07
85,15,0.667969,0.121094,1,0,0,0,-1.16983e-07
86,15,0.675781,0.121094,1,0,0,0,-9.36928e-08
87,15,0.683594,0.121094,1,0,0,0,-7.39864e-08
88,15,0.691406,0.121094,1,0,0,0,-5.76143e-08
89,15,0.699219,0.121094,1,0,0,0,-4.42491e-08
90,15,0.707031,0.121094,1,0,0,0,-3.3522e-08
91,15,0.714844,0.121094,1,0,0,0,-2.50527e-08
92,15,0.722656,0.121094,1,0,0,0,-1.84725e-08
93,15,0.730469,0.121094,1,0,0,0,-1.34395e-08
94,15,0.738281,0.121094,1,0,0,0,-9.64846e-09
95,15,0.746094,0.121094,1,0,0,0,-6.83575e-09
96,15,0.753906,0.121094,1,0,0,0,-4.77965e-09
97,15,0.761719,0.121094,1,0,0,0,-3.29848e-09
98,15,0.769531,0.121094,1,0,0,0,-2.24681e-09
99,15,0.777344,0.121094,1,0,0,0,-1.51067e-09
100,15,0.785156,0.121094,1,0,0,0,-1.00265e-09
101,15,0.792969,0.121094,1,0,0,0,-6.56925e-10
102,15,0.800781,0.121094,1,0,0,0,-4.24919e-10
103,15,0.808594,0.121094,1,0,0,0,-2.71342e-10
104,15,0.816406,0.121094,1,0,0,0,-1.71056e-10
105,15,0.824219,0.121094,1,0,0,0,-1.06482e-10
106,15,0.832031,0.121094,1,0,0,0,-6.5441e-11
107,15,0.839844,0.121094,1,0,0,0,-3.97051e-11
108,15,0.847656,0.121094,1,0,0,0,-2.3789e-11
109,15,0.855469,0.121094,1,0,0,0,-1.4083e-11
110,15,0.863281,0.121094,1,0,0,0,-8.22808e-12
111,15,0.871094,0.121094,1,0,0,0,-4.74643e-12
112,15,0.878906,0.121094,1,0,0,0,-2.70006e-12
113,15,0.886719,0.121094,1,0,0,0,-1.50635e-12
114,15,0.894531,0.121094,1,0,0,0,-8.52651e-13
115,15,0.902344,0.121094,1,0,0,0,-4.68958e-13
116,15,0.910156,0.121094,1,0,0,0,-2.41585e-13
117,15,0.917969,0.121094,1,0,0,0,-1.27898e-13
118,15,0.925781,0.121094,1,0,0,0,-7.10543e-14
119,15,0.933594,0.121094,1,0,0,0,-4.26326e-14
120,15,0.941406,0.121094,1,0,0,0,-2.84217e-14
121,15,0.949219,0.121094,1,0,0,0,-1.42109e-14
122,15,0.957031,0.121094,1,0,0,0,0
123,15,0.964844,0.121094,1,0,0,0,0
124,15,0.972656,0.121094,1,0,0,0,0
125,15,0.980469,0.121094,1,0,0,0,0
126,15,0.988281,0.121094,1,0,0,0,0
127,15,0.996094,0.121094,1,0,0,0,0
0,16,0.00390625,0.128906,1,0,0,0,0
1,16,0.0117188,0.128906,1,0,0,0,0
2,16,0.0195312,0.128906,1,0,0,0,0
3,16,0.0273438,0.128906,1,0,0,0,0
4,16,0.0351562,0.128906,1,0,0,0,0
5,16,0.0429688,0.128906,1,0,0,0,1.42109e-14
6,16,0.0507812,0.128906,1,0,0,0,2.84217e-14
7,16,0.0585938,0.128906,1,0,0,0,2.84217e-14
8,16,0.0664062,0.128906,1,0,0,0,5.68434e-14
9,16,0.0742188,0.128906,1,0,0,0,1.27898e-13
10,16,0.0820312,0.128906,1,0,0,0,2.41585e-13
11,16,0.0898438,0.128906,1,0,0,0,4.54747e-13
12,16,0.0976562,0.128906,1,0,0,0,8.3844e-13
13,16,0.105469,0.128906,1,0,0,0,1.52056e-12
14,16,0.113281,0.128906,1,0,0,0,2.72848e-12
15,16,0.121094,0.128906,1,0,0,0,4.8459e-12
16,16,0.128906,0.128906,1,0,0,0,8.52651e-12
17,16,0.136719,0.128906,1,0,0,0,1.47793e-11
18,16,0.144531,0.128906,1,0,0,0,2.52811e-11
19,16,0.152344,0.128906,1,0,0,0,4.27463e-11
20,16,0.160156,0.128906,1,0,0,0,7.13527e-11
21,16,0.167969,0.128906,1,0,0,0,1.17566e-10
22,16,0.175781,0.128906,1,0,0,0,1.91307e-10
23,16,0.183594,0.128906,1,0,0,0,3.07352e-10
24,16,0.191406,0.128906,1,0,0,0,4.87503e-10
25,16,0.199219,0.128906,1,0,0,0,7.63436e-10
26,16,0.207031,0.128906,1,0,0,0,1.1803e-09
27,16,0.214844,0.128906,1,0,0,0,1.80142e-09
28,16,0.222656,0.128906,1,0,0,0,2.71417e-09
29,16,0.230469,0.128906,1,0,0,0,4.03678e-09
30,16,0.238281,0.128906,1,0,0,0,5.9263e-09
31,16,0.246094,0.128906,1,0,0,0,8.58748e-09
32,16,0.253906,0.128906,1,0,0,0,1.22816e-08
33,16,0.261719,0.128906,1,0,0,0,1.73351e-08
34,16,0.269531,0.128906,1,0,0,0,2.41463e-08
35,16,0.277344,0.128906,1,0,0,0,3.31891e-08
36,16,0.285156,0.128906,1,0,0,0,4.50116e-08
37,16,0.292969,0.128906,1,0,0,0,6.0228e-08
38,16,0.300781,0.128906,1,0,0,0,7.95012e-08
39,16,0.308594,0.128906,1,0,0,0,1.03514e-07
40,16,0.316406,0.128906,1,0,0,0,1.3293e-07
41,16,0.324219,0.128906,1,0,0,0,1.68336e-07
42,16,0.332031,0.128906,1,0,0,0,2.1018e-07
43,16,0.339844,0.128906,1,0,0,0,2.58694e-07
44,16,0.347656,0.128906,1,0,0,0,3.13809e-07
45,16,0.355469,0.128906,1,0,0,0,3.75078e-07
46,16,0.363281,0.128906,1,0,0,0,4.41598e-07
47,16,0.371094,0.128906,1,0,0,0,5.11956e-07
48,16,0.378906,0.128906,1,0,0,0,5.84196e-07
49,16,0.386719,0.128906,1,0,0,0,6.55834e-07
50,16,0.394531,0.128906,1,0,0,0,7.239e-07
51,16,0.402344,0.128906,1,0,0,0,7.85043e-07
52,16,0.410156,0.128906,1,0,0,0,8.35681e-07
53,16,0.417969,0.128906,1,0,0,0,8.72189e-07
54,16,0.425781,0.128906,1,0,0,0,8.91136e-07
55,16,0.433594,0.128906,1,0,0,0,8.89525e-07
56,16,0.441406,0.128906,1,0,0,0,8.65047e-07
57,16,0.449219,0.128906,1,0,0,0,8.16302e-07
58,16,0.457031,0.128906,1,0,0,0,7.42984e-07
59,16,0.464844,0.128906,1,0,0,0,6.45995e-07
60,16,0.472656,0.128906,1,0,0,0,5.27478e-07
61,16,0.480469,0.128906,1,0,0,0,3.90765e-07
62,16,0.488281,0.128906,1,0,0,0,2.4023e-07
63,16,0.496094,0.128906,1,0,0,0,8.1056e-08
64,16,0.503906,0.128906,1,0,0,0,-8.1056e-08
65,16,0.511719,0.128906,1,0,0,0,-2.4023e-07
66,16,0.519531,0.128906,1,0,0,0,-3.90765e-07
67,16,0.527344,0.128906,1,0,0,0,-5.27478e-07
68,16,0.535156,0.128906,1,0,0,0,-6.45995e-07
69,16,0.542969,0.128906,1,0,0,0,-7.42984e-07
70,16,0.550781,0.128906,1,0,0,0,-8.16302e-07
71,16,0.558594,0.128906,1,0,0,0,-8.65047e-07
72,16,0.566406,0.128906,1,0,0,0,-8.89525e-07
73,16,0.574219,0.128906,1,0,0,0,-8.91136e-07
74,16,0.582031,0.128906,1,0,0,0,-8.72189e-07
75,16,0.589844,0.128906,1,0,0,0,-8.35681e-07
76,16,0.597656,0.128906,1,0,0,0,-7.85043e-07
77,16,0.605469,0.128906,1,0,0,0,-7.239e-07
78,16,0.613281,0.128906,1,0,0,0,-6.55834e-07
79,16,0.621094,0.128906,1,0,0,0,-5.84196e-07
80,16,0.628906,0.128906,1,0,0,0,-5.11956e-07
81,16,0.636719,0.128906,1,0,0,0,-4.41598e-07
82,16,0.644531,0.128906,1,0,0,0,-3.75078e-07
83,16,0.652344,0.128906,1,0,0,0,-3.13809e-07
84,16,0.660156,0.128906,1,0,0,0,-2.58694e-07
85,16,0.667969,0.128906,1,0,0,0,-2.1018e-07
86,16,0.675781,0.128906,1,0,0,0,-1.68336e-07
87,16,0.683594,0.128906,1,0,0,0,-1.3293e-07
88,16,0.691406,0.128906,1,0,0,0,-1.03514e-07
89,16,0.699219,0.128906,1,0,0,0,-7.95012e-08
90,16,0.707031,0.128906,1,0,0,0,-6.0228e-08
91,16,0.714844,0.128906,1,0,0,0,-4.50116e-08
92,16,0.722656,0.128906,1,0,0,0,-3.31891e-08
93,16,0.730469,0.128906,1,0,0,0,-2.41463e-08
94,16,0.738281,0.128906,1,0,0,0,-1.73351e-08
95,16,0.746094,0.128906,1,0,0,0,-1.22816e-08
96,16,0.753906,0.128906,1,0,0,0,-8.58748e-09
97,16,0.761719,0.128906,1,0,0,0,-5.9263e-09
98,16,0.769531,0.128906,1,0,0,0,-4.03678e-09
99,16,0.777344,0.128906,1,0,0,0,-2.71417e-09
100,16,0.785156,0.128906,1,0,0,0,-1.80142e-09
101,16,0.792969,0.128906,1,0,0,0,-1.1803e-09
102,16,0.800781,0.128906,1,0,0,0,-7.63436e-10
103,16,0.808594,0.128906,1,0,0,0,-4.87503e-10
104,16,0.816406,0.128906,1,0,0,0,-3.07352e-10
105,16,0.824219,0.128906,1,0,0,0,-1.91307e-10
106,16,0.832031,0.128906,1,0,0,0,-1.17566e-10
107,16,0.839844,0.128906,1,0,0,0,-7.13527e-11
108,16,0.847656,0.128906,1,0,0,0,-4.27463e-11
109,16,0.855469,0.128906,1,0,0,0,-2.52811e-11
110,16,0.863281,0.128906,1,0,0,0,-1.47793e-11
111,16,0.871094,0.128906,1,0,0,0,-8.52651e-12
112,16,0.878906,0.128906,1,0,0,0,-4.8459e-12
113,16,0.886719,0.128906,1,0,0,0,-2.72848e-12
114,16,0.894531,0.128906,1,0,0,0,-1.52056e-12
115,16,0.902344,0.128906,1,0,0,0,-8.3844e-13
116,16,0.910156,0.128906,1,0,0,0,-4.54747e-13
117,16,0.917969,0.128906,1,0,0,0,-2.41585e-13
118,16,0.925781,0.128906,1,0,0,0,-1.27898e-13
119,16,0.933594,0.128906,1,0,0,0,-5.68434e-14
120,16,0.941406,0.128906,1,0,0,0,-2.84217e-14
121,16,0.949219,0.128906,1,0,0,0,-2.84217e-14
122,16,0.957031,0.128906,1,0,0,0,-1.42109e-14
123,16,0.964844,0.128906,1,0,0,0,0
124,16,0.972656,0.128906,1,0,0,0,0
125,16,0.980469,0.128906,1,0,0,0,0
126,16,0.988281,0.128906,1,0,0,0,0
127,16,0.996094,0.128906,1,0,0,0,0
0,17,0.00390625,0.136719,1,0,0,0,0
1,17,0.0117188,0.136719,1,0,0,0,0
2,17,0.0195312,0.136719,1,0,0,0,0
3,17,0.0273438,0.136719,1,0,0,0,0
4,17,0.0351562,0.136719,1,0,0,0,1.42109e-14
5,17,0.0429688,0.136719,1,0,0,0,1.42109e-14
6,17,0.0507812,0.136719,1,0,0,0,2.84217e-14
7,17,0.0585938,0.136719,1,0,0,0,7.10543e-14
8,17,0.0664062,0.136719,1,0,0,0,1.13687e-13
9,17,0.0742188,0.136719,1,0,0,0,2.27374e-13
10,17,0.0820312,0.136719,1,0,0,0,4.26326e-13
11,17,0.0898438,0.136719,1,0,0,0,7.95808e-13
12,17,0.0976562,0.136719,1,0,0,0,1.47793e-12
13,17,0.105469,0.136719,1,0,0,0,2.68585e-12
14,17,0.113281,0.136719,1,0,0,0,4.8459e-12
15,17,0.121094,0.136719,1,0,0,0,8.62599e-12
16,17,0.128906,0.136719,1,0,0,0,1.51346e-11
17,17,0.136719,0.136719,1,0,0,0,2.6219e-11
18,17,0.144531,0.136719,1,0,0,0,4.48779e-11
19,17,0.152344,0.136719,1,0,0,0,7.58718e-11
20,17,0.160156,0.136719,1,0,0,0,1.26633e-10
21,17,0.167969,0.136719,1,0,0,0,2.08672e-10
22,17,0.175781,0.136719,1,0,0,0,3.3954e-10
23,17,0.183594,0.136719,1,0,0,0,5.45498e-10
24,17,0.191406,0.136719,1,0,0,0,8.65271e-10
25,17,0.199219,0.136719,1,0,0,0,1.355e-09
26,17,0.207031,0.136719,1,0,0,0,2.09488e-09
27,17,0.214844,0.136719,1,0,0,0,3.19731e-09
28,17,0.222656,0.136719,1,0,0,0,4.81732e-09
29,17,0.230469,0.136719,1,0,0,0,7.16477e-09
30,17,0.238281,0.136719,1,0,0,0,1.05184e-08
31,17,0.246094,0.136719,1,0,0,0,1.52417e-08
32,17,0.253906,0.136719,1,0,0,0,2.17983e-08
33,17,0.261719,0.136719,1,0,0,0,3.07677e-08
34,17,0.269531,0.136719,1,0,0,0,4.28568e-08
35,17,0.277344,0.136719,1,0,0,0,5.89066e-08
36,17,0.285156,0.136719,1,0,0,0,7.98901e-08
37,17,0.292969,0.136719,1,0,0,0,1.06897e-07
38,17,0.300781,0.136719,1,0,0,0,1.41105e-07
39,17,0.308594,0.136719,1,0,0,0,1.83725e-07
40,17,0.316406,0.136719,1,0,0,0,2.35933e-07
41,17,0.324219,0.136719,1,0,0,0,2.98775e-07
42,17,0.332031,0.136719,1,0,0,0,3.73043e-07
43,17,0.339844,0.136719,1,0,0,0,4.59149e-07
44,17,0.347656,0.136719,1,0,0,0,5.56973e-07
45,17,0.355469,0.136719,1,0,0,0,6.65718e-07
46,17,0.363281,0.136719,1,0,0,0,7.83782e-07
47,17,0.371094,0.136719,1,0,0,0,9.08657e-07
48,17,0.378906,0.136719,1,0,0,0,1.03688e-06
49,17,0.386719,0.136719,1,0,0,0,1.16402e-06
50,17,0.394531,0.136719,1,0,0,0,1.28483e-06
51,17,0.402344,0.136719,1,0,0,0,1.39335e-06
52,17,0.410156,0.136719,1,0,0,0,1.48323e-06
53,17,0.417969,0.136719,1,0,0,0,1.54803e-06
54,17,0.425781,0.136719,1,0,0,0,1.58166e-06
55,17,0.433594,0.136719,1,0,0,0,1.5788e-06
56,17,0.441406,0.136719,1,0,0,0,1.53535e-06
57,17,0.449219,0.136719,1,0,0,0,1.44884e-06
58,17,0.457031,0.136719,1,0,0,0,1.31871e-06
59,17,0.464844,0.136719,1,0,0,0,1.14656e-06
60,17,0.472656,0.136719,1,0,0,0,9.36207e-07
61,17,0.480469,0.136719,1,0,0,0,6.93559e-07
62,17,0.488281,0.136719,1,0,0,0,4.26378e-07
63,17,0.496094,0.136719,1,0,0,0,1.43864e-07
64,17,0.503906,0.136719,1,0,0,0,-1.43864e-07
65,17,0.511719,0.136719,1,0,0,0,-4.26378e-07
66,17,0.519531,0.136719,1,0,0,0,-6.93559e-07
67,17,0.527344,0.136719,1,0,0,0,-9.36207e-07
68,17,0.535156,0.136719,1,0,0,0,-1.14656e-06
69,17,0.542969,0.136719,1,0,0,0,-1.31871e-06
70,17,0.550781,0.136719,1,0,0,0,-1.44884e-06
71,17,0.558594,0.136719,1,0,0,0,-1.53535e-06
72,17,0.566406,0.136719,1,0,0,0,-1.5788e-06
73,17,0.574219,0.136719,1,0,0,0,-1.58166e-06
74,17,0.582031,0.136719,1,0,0,0,-1.54803e-06
75,17,0.589844,0.136719,1,0,0,0,-1.48323e-06
76,17,0.597656,0.136719,1,0,0,0,-1.39335e-06
77,17,0.605469,0.136719,1,0,0,0,-1.28483e-06
78,17,0.613281,0.136719,1,0,0,0,-1.16402e-06
79,17,0.621094,0.136719,1,0,0,0,-1.03688e-06
80,17,0.628906,0.136719,1,0,0,0,-9.08657e-07
81,17,0.636719,0.136719,1,0,0,0,-7.83782e-07
82,17,0.644531,0.136719,1,0,0,0,-6.65718e-07
83,17,0.652344,0.136719,1,0,0,0,-5.56973e-07
84,17,0.660156,0.136719,1,0,0,0,-4.59149e-07
85,17,0.667969,0.136719,1,0,0,0,-3.73043e-07
86,17,0.675781,0.136719,1,0,0,0,-2.98775e-07
87,17,0.683594,0.136719,1,0,0,0,-2.35933e-07
88,17,0.691406,0.136719,1,0,0,0,-1.83725e-07
89,17,0.699219,0.136719,1,0,0,0,-1.41105e-07
90,17,0.707031,0.136719,1,0,0,0,-1.06897e-07
91,17,0.714844,0.136719,1,0,0,0,-7.98901e-08
92,17,0.722656,0.136719,1,0,0,0,-5.89066e-08
93,17,0.730469,0.136719,1,0,0,0,-4.28568e-08
94,17,0.738281,0.136719,1,0,0,0,-3.07677e-08
95,17,0.746094,0.136719,1,0,0,0,-2.17983e-08
96,17,0.753906,0.136719,1,0,0,0,-1.52417e-08
97,17,0.761719,0.136719,1,0,0,0,-1.05184e-08
98,17,0.769531,0.136719,1,0,0,0,-7.16477e-09
99,17,0.777344,0.136719,1,0,0,0,-4.81732e-09
100,17,0.785156,0.136719,1,0,0,0,-3.19731e-09
101,17,0.792969,0.136719,1,0,0,0,-2.09488e-09
102,17,0.800781,0.136719,1,0,0,0,-1.355e-09
103,17,0.808594,0.136719,1,0,0,0,-8.65271e-10
104,17,0.816406,0.136719,1,0,0,0,-5.45498e-10
105,17,0.824219,0.136719,1,0,0,0,-3.3954e-10
106,17,0.832031,0.136719,1,0,0,0,-2.08672e-10
107,17,0.839844,0.136719,1,0,0,0,-1.26633e-10
108,17,0.847656,0.136719,1,0,0,0,-7.58718e-11
109,17,0.855469,0.136719,1,0,0,0,-4.48779e-11
110,17,0.863281,0.136719,1,0,0,0,-2.6219e-11
111,17,0.871094,0.136719,1,0,0,0,-1.51346e-11
112,17,0.878906,0.136719,1,0,0,0,-8.62599e-12
113,17,0.886719,0.136719,1,0,0,0,-4.8459e-12
114,17,0.894531,0.136719,1,0,0,0,-2.68585e-12
115,17,0.902344,0.136719,1,0,0,0,-1.47793e-12
116,17,0.910156,0.136719,1,0,0,0,-7.95808e-13
117,17,0.917969,0.136719,1,0,0,0,-4.26326e-13
118,17,0.925781,0.136719,1,0,0,0,-2.27374e-13
119,17,0.933594,0.136719,1,0,0,0,-1.13687e-13
120,17,0.941406,0.136719,1,0,0,0,-7.10543e-14
121,17,0.949219,0.136719,1,0,0,0,-2.84217e-14
122,17,0.957031,0.136719,1,0,0,0,-1.42109e-14
123,17,0.964844,0.136719,1,0,0,0,-1.42109e-14
124,17,0.972656,0.136719,1,0,0,0,0
125,17,0.980469,0.136719,1,0,0,0,0
126,17,0.988281,0.136719,1,0,0,0,0
127,17,0.996094,0.136719,1,0,0,0,0
0,18,0.00390625,0.144531,1,0,0,0,0
1,18,0.0117188,0.144531,1,0,0,0,0
2,18,0.0195312,0.144531,1,0,0,0,0
3,18,0.0273438,0.144531,1,0,0,0,1.42109e-14
4,18,0.0351562,0.144531,1,0,0,0,1.42109e-14
5,18,0.0429688,0.144531,1,0,0,0,2.84217e-14
6,18,0.0507812,0.144531,1,0,0,0,5.68434e-14
7,18,0.0585938,0.144531,1,0,0,0,9.9476e-14
8,18,0.0664062,0.144531,1,0,0,0,2.13163e-13
9,18,0.0742188,0.144531,1,0,0,0,3.97904e-13
10,18,0.0820312,0.144531,1,0,0,0,7.38964e-13
11,18,0.0898438,0.144531,1,0,0,0,1.40687e-12
12,18,0.0976562,0.144531,1,0,0,0,2.60059e-12
13,18,0.105469,0.144531,1,0,0,0,4.718e-12
14,18,0.113281,0.144531,1,0,0,0,8.49809e-12
15,18,0.121094,0.144531,1,0,0,0,1.51061e-11
16,18,0.128906,0.144531,1,0,0,0,2.65175e-11
17,18,0.136719,0.144531,1,0,0,0,4.59721e-11
18,18,0.144531,0.144531,1,0,0,0,7.86997e-11
19,18,0.152344,0.144531,1,0,0,0,1.33028e-10
20,18,0.160156,0.144531,1,0,0,0,2.22016e-10
21,18,0.167969,0.144531,1,0,0,0,3.65873e-10
22,18,0.175781,0.144531,1,0,0,0,5.9535e-10
23,18,0.183594,0.144531,1,0,0,0,9.56462e-10
24,18,0.191406,0.144531,1,0,0,0,1.51709e-09
25,18,0.199219,0.144531,1,0,0,0,2.37578e-09
26,18,0.207031,0.144531,1,0,0,0,3.67304e-09
27,18,0.214844,0.144531,1,0,0,0,5.60598e-09
28,18,0.222656,0.144531,1,0,0,0,8.44642e-09
29,18,0.230469,0.144531,1,0,0,0,1.25623e-08
30,18,0.238281,0.144531,1,0,0,0,1.84424e-08
31,18,0.246094,0.144531,1,0,0,0,2.67239e-08
32,18,0.253906,0.144531,1,0,0,0,3.822e-08
33,18,0.261719,0.144531,1,0,0,0,5.39463e-08
34,18,0.269531,0.144531,1,0,0,0,7.51426e-08
35,18,0.277344,0.144531,1,0,0,0,1.03283e-07
36,18,0.285156,0.144531,1,0,0,0,1.40075e-07
37,18,0.292969,0.144531,1,0,0,0,1.87428e-07
38,18,0.300781,0.144531,1,0,0,0,2.47405e-07
39,18,0.308594,0.144531,1,0,0,0,3.22132e-07
40,18,0.316406,0.144531,1,0,0,0,4.13672e-07
41,18,0.324219,0.144531,1,0,0,0,5.23854e-07
42,18,0.332031,0.144531,1,0,0,0,6.54072e-07
43,18,0.339844,0.144531,1,0,0,0,8.05046e-07
44,18,0.347656,0.144531,1,0,0,0,9.76563e-07
45,18,0.355469,0.144531,1,0,0,0,1.16723e-06
46,18,0.363281,0.144531,1,0,0,0,1.37424e-06
47,18,0.371094,0.144531,1,0,0,0,1.59319e-06
48,18,0.378906,0.144531,1,0,0,0,1.818e-06
49,18,0.386719,0.144531,1,0,0,0,2.04093e-06
50,18,0.394531,0.144531,1,0,0,0,2.25275e-06
51,18,0.402344,0.144531,1,0,0,0,2.44303e-06
52,18,0.410156,0.144531,1,0,0,0,2.60061e-06
53,18,0.417969,0.144531,1,0,0,0,2.71422e-06
54,18,0.425781,0.144531,1,0,0,0,2.77318e-06
55,18,0.433594,0.144531,1,0,0,0,2.76817e-06
56,18,0.441406,0.144531,1,0,0,0,2.692e-06
57,18,0.449219,0.144531,1,0,0,0,2.5403e-06
58,18,0.457031,0.144531,1,0,0,0,2.31214e-06
59,18,0.464844,0.144531,1,0,0,0,2.01031e-06
60,18,0.472656,0.144531,1,0,0,0,1.64149e-06
61,18,0.480469,0.144531,1,0,0,0,1.21605e-06
62,18,0.488281,0.144531,1,0,0,0,7.47586e-07
63,18,0.496094,0.144531,1,0,0,0,2.52243e-07
64,18,0.503906,0.144531,1,0,0,0,-2.52243e-07
65,18,0.511719,0.144531,1,0,0,0,-7.47586e-07
66,18,0.519531,0.144531,1,0,0,0,-1.21605e-06
67,18,0.527344,0.144531,1,0,0,0,-1.64149e-06
68,18,0.535156,0.144531,1,0,0,0,-2.01031e-06
69,18,0.542969,0.144531,1,0,0,0,-2.31214e-06
70,18,0.550781,0.144531,1,0,0,0,-2.5403e-06
71,18,0.558594,0.144531,1,0,0,0,-2.692e-06
72,18,0.566406,0.144531,1,0,0,0,-2.76817e-06
73,18,0.574219,0.144531,1,0,0,0,-2.77318e-06
74,18,0.582031,0.144531,1,0,0,0,-2.71422e-06
75,18,0.589844,0.144531,1,0,0,0,-2.60061e-06
76,18,0.597656,0.144531,1,0,0,0,-2.44303e-06
77,18,0.605469,0.144531,1,0,0,0,-2.25275e-06
78,18,0.613281,0.144531,1,0,0,0,-2.04093e-06
79,18,0.621094,0.144531,1,0,0,0,-1.818e-06
80,18,0.628906,0.144531,1,0,0,0,-1.59319e-06
81,18,0.636719,0.144531,1,0,0,0,-1.37424e-06
82,18,0.644531,0.144531,1,0,0,0,-1.16723e-06
83,18,0.652344,0.144531,1,0,0,0,-9.76563e-07
84,18,0.660156,0.144531,1,0,0,0,-8.05046e-07
85,18,0.667969,0.144531,1,0,0,0,-6.54072e-07
86,18,0.675781,0.144531,1,0,0,0,-5.23854e-07
87,18,0.683594,0.144531,1,0,0,0,-4.13672e-07
88,18,0.691406,0.144531,1,0,0,0,-3.22132e-07
89,18,0.699219,0.144531,1,0,0,0,-2.47405e-07
90,18,0.707031,0.144531,1,0,0,0,-1.87428e-07
91,18,0.714844,0.144531,1,0,0,0,-1.40075e-07
92,18,0.722656,0.144531,1,0,0,0,-1.03283e-07
93,18,0.730469,0.144531,1,0,0,0,-7.51426e-08
94,18,0.738281,0.144531,1,0,0,0,-5.39463e-08
95,18,0.746094,0.144531,1,0,0,0,-3.822e-08
96,18,0.753906,0.144531,1,0,0,0,-2.67239e-08
97,18,0.761719,0.144531,1,0,0,0,-1.84424e-08
98,18,0.769531,0.144531,1,0,0,0,-1.25623e-08
99,18,0.777344,0.144531,1,0,0,0,-8.44642e-09
100,18,0.785156,0.144531,1,0,0,0,-5.60598e-09
101,18,0.792969,0.144531,1,0,0,0,-3.67304e-09
102,18,0.800781,0.144531,1,0,0,0,-2.37578e-09
103,18,0.808594,0.144531,1,0,0,0,-1.51709e-09
104,18,0.816406,0.144531,1,0,0,0,-9.56462e-10
105,18,0.824219,0.144531,1,0,0,0,-5.9535e-10
106,18,0.832031,0.144531,1,0,0,0,-3.65873e-10
107,18,0.839844,0.144531,1,0,0,0,-2.22016e-10
108,18,0.847656,0.144531,1,0,0,0,-1.33028e-10
109,18,0.855469,0.144531,1,0,0,0,-7.86997e-11
110,18,0.863281,0.144531,1,0,0,0,-4.59721e-11
111,18,0.871094,0.144531,1,0,0,0,-2.65175e-11
112,18,0.878906,0.144531,1,0,0,0,-1.51061e-11
113,18,0.886719,0.144531,1,0,0,0,-8.49809e-12
114,18,0.894531,0.144531,1,0,0,0,-4.718e-12
115,18,0.902344,0.144531,1,0,0,0,-2.60059e-12
116,18,0.910156,0.144531,1,0,0,0,-1.40687e-12
117,18,0.917969,0.144531,1,0,0,0,-7.38964e-13
118,18,0.925781,0.144531,1,0,0,0,-3.97904e-13
119,18,0.933594,0.144531,1,0,0,0,-2.13163e-13
120,18,0.941406,0.144531,1,0,0,0,-9.9476e-14
121,18,0.949219,0.144531,1,0,0,0,-5.68434e-14
122,18,0.957031,0.144531,1,0,0,0,-2.84217e-14
123,18,0.964844,0.144531,1,0,0,0,-1.42109e-14
124,18,0.972656,0.144531,1,0,0,0,-1.42109e-14
125,18,0.980469,0.144531,1,0,0,0,0
126,18,0.988281,0.144531,1,0,0,0,0
127,18,0.996094,0.144531,1,0,0,0,0
0,19,0.00390625,0.152344,1,0,0,0,0
1,19,0.0117188,0.152344,1,0,0,0,0
2,19,0.0195312,0.152344,1,0,0,0,1.42109e-14
3,19,0.0273438,0.152344,1,0,0,0,1.42109e-14
4,19,0.0351562,0.152344,1,0,0,0,1.42109e-14
5,19,0.0429688,0.152344,1,0,0,0,4.26326e-14
6,19,0.0507812,0.152344,1,0,0,0,9.9476e-14
7,19,0.0585938,0.152344,1,0,0,0,1.84741e-13
8,19,0.0664062,0.152344,1,0,0,0,3.55271e-13
9,19,0.0742188,0.152344,1,0,0,0,6.96332e-13
10,19,0.0820312,0.152344,1,0,0,0,1.29319e-12
11,19,0.0898438,0.152344,1,0,0,0,2.43006e-12
12,19,0.0976562,0.152344,1,0,0,0,4.49063e-12
13,19,0.105469,0.152344,1,0,0,0,8.17124e-12
14,19,0.113281,0.152344,1,0,0,0,1.47224e-11
15,19,0.121094,0.152344,1,0,0,0,2.61622e-11
16,19,0.128906,0.152344,1,0,0,0,4.59295e-11
17,19,0.136719,0.152344,1,0,0,0,7.96376e-11
18,19,0.144531,0.152344,1,0,0,0,1.36311e-10
19,19,0.152344,0.152344,1,0,0,0,2.30401e-10
20,19,0.160156,0.152344,1,0,0,0,3.8456e-10
21,19,0.167969,0.152344,1,0,0,0,6.33733e-10
22,19,0.175781,0.152344,1,0,0,0,1.03117e-09
23,19,0.183594,0.152344,1,0,0,0,1.65664e-09
24,19,0.191406,0.152344,1,0,0,0,2.62774e-09
25,19,0.199219,0.152344,1,0,0,0,4.11502e-09
26,19,0.207031,0.152344,1,0,0,0,6.36193e-09
27,19,0.214844,0.152344,1,0,0,0,9.70996e-09
28,19,0.222656,0.152344,1,0,0,0,1.46298e-08
29,19,0.230469,0.152344,1,0,0,0,2.17587e-08
30,19,0.238281,0.152344,1,0,0,0,3.19435e-08
31,19,0.246094,0.152344,1,0,0,0,4.62876e-08
32,19,0.253906,0.152344,1,0,0,0,6.61996e-08
33,19,0.261719,0.152344,1,0,0,0,9.34387e-08
34,19,0.269531,0.152344,1,0,0,0,1.30152e-07
35,19,0.277344,0.152344,1,0,0,0,1.78894e-07
36,19,0.285156,0.152344,1,0,0,0,2.42619e-07
37,19,0.292969,0.152344,1,0,0,0,3.24637e-07
38,19,0.300781,0.152344,1,0,0,0,4.28522e-07
39,19,0.308594,0.152344,1,0,0,0,5.57955e-07
40,19,0.316406,0.152344,1,0,0,0,7.16508e-07
41,19,0.324219,0.152344,1,0,0,0,9.07351e-07
42,19,0.332031,0.152344,1,0,0,0,1.1329e-06
43,19,0.339844,0.152344,1,0,0,0,1.39439e-06
44,19,0.347656,0.152344,1,0,0,0,1.69147e-06
45,19,0.355469,0.152344,1,0,0,0,2.02172e-06
46,19,0.363281,0.152344,1,0,0,0,2.38027e-06
47,19,0.371094,0.152344,1,0,0,0,2.75951e-06
48,19,0.378906,0.152344,1,0,0,0,3.1489e-06
49,19,0.386719,0.152344,1,0,0,0,3.53503e-06
50,19,0.394531,0.152344,1,0,0,0,3.90192e-06
51,19,0.402344,0.152344,1,0,0,0,4.23149e-06
52,19,0.410156,0.152344,1,0,0,0,4.50443e-06
53,19,0.417969,0.152344,1,0,0,0,4.70122e-06
54,19,0.425781,0.152344,1,0,0,0,4.80334e-06
55,19,0.433594,0.152344,1,0,0,0,4.79466e-06
56,19,0.441406,0.152344,1,0,0,0,4.66272e-06
57,19,0.449219,0.152344,1,0,0,0,4.39998e-06
58,19,0.457031,0.152344,1,0,0,0,4.00479e-06
59,19,0.464844,0.152344,1,0,0,0,3.482e-06
60,19,0.472656,0.152344,1,0,0,0,2.84317e-06
61,19,0.480469,0.152344,1,0,0,0,2.10628e-06
62,19,0.488281,0.152344,1,0,0,0,1.29487e-06
63,19,0.496094,0.152344,1,0,0,0,4.36903e-07
64,19,0.503906,0.152344,1,0,0,0,-4.36903e-07
65,19,0.511719,0.152344,1,0,0,0,-1.29487e-06
66,19,0.519531,0.152344,1,0,0,0,-2.10628e-06
67,19,0.527344,0.152344,1,0,0,0,-2.84317e-06
68,19,0.535156,0.152344,1,0,0,0,-3.482e-06
69,19,0.542969,0.152344,1,0,0,0,-4.00479e-06
70,19,0.550781,0.152344,1,0,0,0,-4.39998e-06
71,19,0.558594,0.152344,1,0,0,0,-4.66272e-06
72,19,0.566406,0.152344,1,0,0,0,-4.79466e-06
73,19,0.574219,0.152344,1,0,0,0,-4.80334e-06
74,19,0.582031,0.152344,1,0,0,0,-4.70122e-06
75,19,0.589844,0.152344,1,0,0,0,-4.50443e-06
76,19,0.597656,0.152344,1,0,0,0,-4.23149e-06
77,19,0.605469,0.152344,1,0,0,0,-3.90192e-06
78,19,0.613281,0.152344,1,0,0,0,-3.53503e-06
79,19,0.621094,0.152344,1,0,0,0,-3.1489e-06
80,19,0.628906,0.152344,1,0,0,0,-2.75951e-06
81,19,0.636719,0.152344,1,0,0,0,-2.38027e-06
82,19,0.644531,0.152344,1,0,0,0,-2.02172e-06
83,19,0.652344,0.152344,1,0,0,0,-1.69147e-06
84,19,0.660156,0.152344,1,0,0,0,-1.39439e-06
85,19,0.667969,0.152344,1,0,0,0,-1.1329e-06
86,19,0.675781,0.152344,1,0,0,0,-9.07351e-07
87,19,0.683594,0.152344,1,0,0,0,-7.16508e-07
88,19,0.691406,0.152344,1,0,0,0,-5.57955e-07
89,19,0.699219,0.152344,1,0,0,0,-4.28522e-07
90,19,0.707031,0.152344,1,0,0,0,-3.24637e-07
91,19,0.714844,0.152344,1,0,0,0,-2.42619e-07
92,19,0.722656,0.152344,1,0,0,0,-1.78894e-07
93,19,0.730469,0.152344,1,0,0,0,-1.30152e-07
94,19,0.738281,0.152344,1,0,0,0,-9.34387e-08
95,19,0.746094,0.152344,1,0,0,0,-6.61996e-08
96,19,0.753906,0.152344,1,0,0,0,-4.62876e-08
97,19,0.761719,0.152344,1,0,0,0,-3.19435e-08
98,19,0.769531,0.152344,1,0,0,0,-2.17587e-08
99,19,0.777344,0.152344,1,0,0,0,-1.46298e-08
100,19,0.785156,0.152344,1,0,0,0,-9.70996e-09
101,19,0.792969,0.152344,1,0,0,0,-6.36193e-09
102,19,0.800781,0.152344,1,0,0,0,-4.11502e-09
103,19,0.808594,0.152344,1,0,0,0,-2.62774e-09
104,19,0.816406,0.152344,1,0,0,0,-1.65664e-09
105,19,0.824219,0.152344,1,0,0,0,-1.03117e-09
106,19,0.832031,0.152344,1,0,0,0,-6.33733e-10
107,19,0.839844,0.152344,1,0,0,0,-3.8456e-10
108,19,0.847656,0.152344,1,0,0,0,-2.30401e-10
109,19,0.855469,0.152344,1,0,0,0,-1.36311e-10
110,19,0.863281,0.152344,1,0,0,0,-7.96376e-11
111,19,0.871094,0.152344,1,0,0,0,-4.59295e-11
112,19,0.878906,0.152344,1,0,0,0,-2.61622e-11
113,19,0.886719,0.152344,1,0,0,0,-1.47224e-11
114,19,0.894531,0.152344,1,0,0,0,-8.17124e-12
115,19,0.902344,0.152344,1,0,0,0,-4.49063e-12
116,19,0.910156,0.152344,1,0,0,0,-2.43006e-12
117,19,0.917969,0.152344,1,0,0,0,-1.29319e-12
118,19,0.925781,0.152344,1,0,0,0,-6.96332e-13
119,19,0.933594,0.152344,1,0,0,0,-3.55271e-13
120,19,0.941406,0.152344,1,0,0,0,-1.84741e-13
121,19,0.949219,0.152344,1,0,0,0,-9.9476e-14
122,19,0.957031,0.152344,1,0,0,0,-4.26326e-14
123,19,0.964844,0.152344,1,0,0,0,-1.42109e-14
124,19,0.972656,0.152344,1,0,0,0,-1.42109e-14
125,19,0.980469,0.152344,1,0,0,0,-1.42109e-14
126,19,0.988281,0.152344,1,0,0,0,0
127,19,0.996094,0.152344,1,0,0,0,0
0,20,0.00390625,0.160156,1,0,0,0,0
1,20,0.0117188,0.160156,1,0,0,0,0
2,20,0.0195312,0.160156,1,0,0,0,1.42109e-14
3,20,0.0273438,0.160156,1,0,0,0,2.84217e-14
4,20,0.0351562,0.160156,1,0,0,0,4.26326e-14
5,20,0.0429688,0.160156,1,0,0,0,7.10543e-14
6,20,0.0507812,0.160156,1,0,0,0,1.56319e-13
7,20,0.0585938,0.160156,1,0,0,0,3.2685e-13
8,20,0.0664062,0.160156,1,0,0,0,6.11067e-13
9,20,0.0742188,0.160156,1,0,0,0,1.16529e-12
10,20,0.0820312,0.160156,1,0,0,0,2.2311e-12
11,20,0.0898438,0.160156,1,0,0,0,4.16378e-12
12,20,0.0976562,0.160156,1,0,0,0,7.67386e-12
13,20,0.105469,0.160156,1,0,0,0,1.39835e-11
14,20,0.113281,0.160156,1,0,0,0,2.51816e-11
15,20,0.121094,0.160156,1,0,0,0,4.47784e-11
16,20,0.128906,0.160156,1,0,0,0,7.86002e-11
17,20,0.136719,0.160156,1,0,0,0,1.36254e-10
18,20,0.144531,0.160156,1,0,0,0,2.33229e-10
19,20,0.152344,0.160156,1,0,0,0,3.94238e-10
20,20,0.160156,0.160156,1,0,0,0,6.57991e-10
21,20,0.167969,0.160156,1,0,0,0,1.08435e-09
22,20,0.175781,0.160156,1,0,0,0,1.76441e-09
23,20,0.183594,0.160156,1,0,0,0,2.83461e-09
24,20,0.191406,0.160156,1,0,0,0,4.49619e-09
25,20,0.199219,0.160156,1,0,0,0,7.04102e-09
26,20,0.207031,0.160156,1,0,0,0,1.08856e-08
27,20,0.214844,0.160156,1,0,0,0,1.66143e-08
28,20,0.222656,0.160156,1,0,0,0,2.50323e-08
29,20,0.230469,0.160156,1,0,0,0,3.72304e-08
30,20,0.238281,0.160156,1,0,0,0,5.46571e-08
31,20,0.246094,0.160156,1,0,0,0,7.92007e-08
32,20,0.253906,0.160156,1,0,0,0,1.13271e-07
33,20,0.261719,0.160156,1,0,0,0,1.59879e-07
34,20,0.269531,0.160156,1,0,0,0,2.22697e-07
35,20,0.277344,0.160156,1,0,0,0,3.06097e-07
36,20,0.285156,0.160156,1,0,0,0,4.15134e-07
37,20,0.292969,0.160156,1,0,0,0,5.55472e-07
38,20,0.300781,0.160156,1,0,0,0,7.33224e-07
39,20,0.308594,0.160156,1,0,0,0,9.54691e-07
40,20,0.316406,0.160156,1,0,0,0,1.22598e-06
41,20,0.324219,0.160156,1,0,0,0,1.55253e-06
42,20,0.332031,0.160156,1,0,0,0,1.93845e-06
43,20,0.339844,0.160156,1,0,0,0,2.38588e-06
44,20,0.347656,0.160156,1,0,0,0,2.8942e-06
45,20,0.355469,0.160156,1,0,0,0,3.45928e-06
46,20,0.363281,0.160156,1,0,0,0,4.07278e-06
47,20,0.371094,0.160156,1,0,0,0,4.72167e-06
48,20,0.378906,0.160156,1,0,0,0,5.38793e-06
49,20,0.386719,0.160156,1,0,0,0,6.04863e-06
50,20,0.394531,0.160156,1,0,0,0,6.67639e-06
51,20,0.402344,0.160156,1,0,0,0,7.24031e-06
52,20,0.410156,0.160156,1,0,0,0,7.70732e-06
53,20,0.417969,0.160156,1,0,0,0,8.04404e-06
54,20,0.425781,0.160156,1,0,0,0,8.21878e-06
55,20,0.433594,0.160156,1,0,0,0,8.20392e-06
56,20,0.441406,0.160156,1,0,0,0,7.97817e-06
57,20,0.449219,0.160156,1,0,0,0,7.5286e-06
58,20,0.457031,0.160156,1,0,0,0,6.8524e-06
59,20,0.464844,0.160156,1,0,0,0,5.95789e-06
60,20,0.472656,0.160156,1,0,0,0,4.86482e-06
61,20,0.480469,0.160156,1,0,0,0,3.60395e-06
62,20,0.488281,0.160156,1,0,0,0,2.21559e-06
63,20,0.496094,0.160156,1,0,0,0,7.47564e-07
64,20,0.503906,0.160156,1,0,0,0,-7.47564e-07
65,20,0.511719,0.160156,1,0,0,0,-2.21559e-06
66,20,0.519531,0.160156,1,0,0,0,-3.60395e-06
67,20,0.527344,0.160156,1,0,0,0,-4.86482e-06
68,20,0.535156,0.160156,1,0,0,0,-5.95789e-06
69,20,0.542969,0.160156,1,0,0,0,-6.8524e-06
70,20,0.550781,0.160156,1,0,0,0,-7.5286e-06
71,20,0.558594,0.160156,1,0,0,0,-7.97817e-06
72,20,0.566406,0.160156,1,0,0,0,-8.20392e-06
73,20,0.574219,0.160156,1,0,0,0,-8.21878e-06
74,20,0.582031,0.160156,1,0,0,0,-8.04404e-06
75,20,0.589844,0.160156,1,0,0,0,-7.70732e-06
76,20,0.597656,0.160156,1,0,0,0,-7.24031e-06
77,20,0.605469,0.160156,1,0,0,0,-6.67639e-06
78,20,0.613281,0.160156,1,0,0,0,-6.04863e-06
79,20,0.621094,0.160156,1,0,0,0,-5.38793e-06
80,20,0.628906,0.160156,1,0,0,0,-4.72167e-06
81,20,0.636719,0.160156,1,0,0,0,-4.07278e-06
82,20,0.644531,0.160156,1,0,0,0,-3.45928e-06
83,20,0.652344,0.160156,1,0,0,0,-2.8942e-06
84,20,0.660156,0.160156,1,0,0,0,-2.38588e-06
85,20,0.667969,0.160156,1,0,0,0,-1.93845e-06
86,20,0.675781,0.160156,1,0,0,0,-1.55253e-06
87,20,0.683594,0.160156,1,0,0,0,-1.22598e-06
88,20,0.691406,0.160156,1,0,0,0,-9.54691e-07
89,20,0.699219,0.160156,1,0,0,0,-7.33224e-07
90,20,0.707031,0.160156,1,0,0,0,-5.55472e-07
91,20,0.714844,0.160156,1,0,0,0,-4.15134e-07
92,20,0.722656,0.160156,1,0,0,0,-3.06097e-07
93,20,0.730469,0.160156,1,0,0,0,-2.22697e-07
94,20,0.738281,0.160156,1,0,0,0,-1.59879e-07
95,20,0.746094,0.160156,1,0,0,0,-1.13271e-07
96,20,0.753906,0.160156,1,0,0,0,-7.92007e-08
97,20,0.761719,0.160156,1,0,0,0,-5.46571e-08
98,20,0.769531,0.160156,1,0,0,0,-3.72304e-08
99,20,0.777344,0.160156,1,0,0,0,-2.50323e-08
100,20,0.785156,0.160156,1,0,0,0,-1.66143e-08
101,20,0.792969,0.160156,1,0,0,0,-1.08856e-08
102,20,0.800781,0.160156,1,0,0,0,-7.04102e-09
103,20,0.808594,0.160156,1,0,0,0,-4.49619e-09
104,20,0.816406,0.160156,1,0,0,0,-2.83461e-09
105,20,0.824219,0.160156,1,0,0,0,-1.76441e-09
106,20,0.832031,0.160156,1,0,0,0,-1.08435e-09
107,20,0.839844,0.160156,1,0,0,0,-6.57991e-10
108,20,0.847656,0.160156,1,0,0,0,-3.94238e-10
109,20,0.855469,0.160156,1,0,0,0,-2.33229e-10
110,20,0.863281,0.160156,1,0,0,0,-1.36254e-10
111,20,0.871094,0.160156,1,0,0,0,-7.86002e-11
112,20,0.878906,0.160156,1,0,0,0,-4.47784e-11
113,20,0.886719,0.160156,1,0,0,0,-2.51816e-11
114,20,0.894531,0.160156,1,0,0,0,-1.39835e-11
115,20,0.902344,0.160156,1,0,0,0,-7.67386e-12
116,20,0.910156,0.160156,1,0,0,0,-4.16378e-12
117,20,0.917969,0.160156,1,0,0,0,-2.2311e-12
118,20,0.925781,0.160156,1,0,0,0,-1.16529e-12
119,20,0.933594,0.160156,1,0,0,0,-6.11067e-13
120,20,0.941406,0.160156,1,0,0,0,-3.2685e-13
121,20,0.949219,0.160156,1,0,0,0,-1.56319e-13
122,20,0.957031,0.160156,1,0,0,0,-7.10543e-14
123,20,0.964844,0.160156,1,0,0,0,-4.26326e-14
124,20,0.972656,0.160156,1,0,0,0,-2.84217e-14
125,20,0.980469,0.160156,1,0,0,0,-1.42109e-14
126,20,0.988281,0.160156,1,0,0,0,0
127,20,0.996094,0.160156,1,0,0,0,0
0,21,0.00390625,0.167969,1,0,0,0,0
1,21,0.0117188,0.167969,1,0,0,0,1.42109e-14
2,21,0.0195312,0.167969,1,0,0,0,1.42109e-14
3,21,0.0273438,0.167969,1,0,0,0,2.84217e-14
4,21,0.0351562,0.167969,1,0,0,0,7.10543e-14
5,21,0.0429688,0.167969,1,0,0,0,1.42109e-13
6,21,0.0507812,0.167969,1,0,0,0,2.70006e-13
7,21,0.0585938,0.167969,1,0,0,0,5.25802e-13
8,21,0.0664062,0.167969,1,0,0,0,1.03739e-12
9,21,0.0742188,0.167969,1,0,0,0,1.98952e-12
10,21,0.0820312,0.167969,1,0,0,0,3.76588e-12
11,21,0.0898438,0.167969,1,0,0,0,7.02016e-12
12,21,0.0976562,0.167969,1,0,0,0,1.29745e-11
13,21,0.105469,0.167969,1,0,0,0,2.36469e-11
14,21,0.113281,0.167969,1,0,0,0,4.25615e-11
15,21,0.121094,0.167969,1,0,0,0,7.5687e-11
16,21,0.128906,0.167969,1,0,0,0,1.32857e-10
17,21,0.136719,0.167969,1,0,0,0,2.30301e-10
18,21,0.144531,0.167969,1,0,0,0,3.94238e-10
19,21,0.152344,0.167969,1,0,0,0,6.66375e-10
20,21,0.160156,0.167969,1,0,0,0,1.11218e-09
21,21,0.167969,0.167969,1,0,0,0,1.83286e-09
22,21,0.175781,0.167969,1,0,0,0,2.98236e-09
23,21,0.183594,0.167969,1,0,0,0,4.79133e-09
24,21,0.191406,0.167969,1,0,0,0,7.59988e-09
25,21,0.199219,0.167969,1,0,0,0,1.19014e-08
26,21,0.207031,0.167969,1,0,0,0,1.83999e-08
27,21,0.214844,0.167969,1,0,0,0,2.8083e-08
28,21,0.222656,0.167969,1,0,0,0,4.2312e-08
29,21,0.230469,0.167969,1,0,0,0,6.29302e-08
30,21,0.238281,0.167969,1,0,0,0,9.23866e-08
31,21,0.246094,0.167969,1,0,0,0,1.33872e-07
32,21,0.253906,0.167969,1,0,0,0,1.91461e-07
33,21,0.261719,0.167969,1,0,0,0,2.70242e-07
34,21,0.269531,0.167969,1,0,0,0,3.76424e-07
35,21,0.277344,0.167969,1,0,0,0,5.17394e-07
36,21,0.285156,0.167969,1,0,0,0,7.01698e-07
37,21,0.292969,0.167969,1,0,0,0,9.38911e-07
38,21,0.300781,0.167969,1,0,0,0,1.23936e-06
39,21,0.308594,0.167969,1,0,0,0,1.61371e-06
40,21,0.316406,0.167969,1,0,0,0,2.07227e-06
41,21,0.324219,0.167969,1,0,0,0,2.62423e-06
42,21,0.332031,0.167969,1,0,0,0,3.27655e-06
43,21,0.339844,0.167969,1,0,0,0,4.03284e-06
44,21,0.347656,0.167969,1,0,0,0,4.89205e-06
45,21,0.355469,0.167969,1,0,0,0,5.84719e-06
46,21,0.363281,0.167969,1,0,0,0,6.88419e-06
47,21,0.371094,0.167969,1,0,0,0,7.98101e-06
48,21,0.378906,0.167969,1,0,0,0,9.10719e-06
49,21,0.386719,0.167969,1,0,0,0,1.0224e-05
50,21,0.394531,0.167969,1,0,0,0,1.12851e-05
51,21,0.402344,0.167969,1,0,0,0,1.22382e-05
52,21,0.410156,0.167969,1,0,0,0,1.30276e-05
53,21,0.417969,0.167969,1,0,0,0,1.35968e-05
54,21,0.425781,0.167969,1,0,0,0,1.38921e-05
55,21,0.433594,0.167969,1,0,0,0,1.3867e-05
56,21,0.441406,0.167969,1,0,0,0,1.34854e-05
57,21,0.449219,0.167969,1,0,0,0,1.27255e-05
58,21,0.457031,0.167969,1,0,0,0,1.15826e-05
59,21,0.464844,0.167969,1,0,0,0,1.00706e-05
60,21,0.472656,0.167969,1,0,0,0,8.22298e-06
61,21,0.480469,0.167969,1,0,0,0,6.09173e-06
62,21,0.488281,0.167969,1,0,0,0,3.745e-06
63,21,0.496094,0.167969,1,0,0,0,1.2636e-06
64,21,0.503906,0.167969,1,0,0,0,-1.2636e-06
65,21,0.511719,0.167969,1,0,0,0,-3.745e-06
66,21,0.519531,0.167969,1,0,0,0,-6.09173e-06
67,21,0.527344,0.167969,1,0,0,0,-8.22298e-06
68,21,0.535156,0.167969,1,0,0,0,-1.00706e-05
69,21,0.542969,0.167969,1,0,0,0,-1.15826e-05
70,21,0.550781,0.167969,1,0,0,0,-1.27255e-05
71,21,0.558594,0.167969,1,0,0,0,-1.34854e-05
72,21,0.566406,0.167969,1,0,0,0,-1.3867e-05
73,21,0.574219,0.167969,1,0,0,0,-1.38921e-05
74,21,0.582031,0.167969,1,0,0,0,-1.35968e-05
75,21,0.589844,0.167969,1,0,0,0,-1.30276e-05
76,21,0.597656,0.167969,1,0,0,0,-1.22382e-05
77,21,0.605469,0.167969,1,0,0,0,-1.12851e-05
78,21,0.613281,0.167969,1,0,0,0,-1.0224e-05
79,21,0.621094,0.167969,1,0,0,0,-9.10719e-06
80,21,0.628906,0.167969,1,0,0,0,-7.98101e-06
81,21,0.636719,0.167969,1,0,0,0,-6.88419e-06
82,21,0.644531,0.167969,1,0,0,0,-5.84719e-06
83,21,0.652344,0.167969,1,0,0,0,-4.89205e-06
84,21,0.660156,0.167969,1,0,0,0,-4.03284e-06
85,21,0.667969,0.167969,1,0,0,0,-3.27655e-06
86,21,0.675781,0.167969,1,0,0,0,-2.62423e-06
87,21,0.683594,0.167969,1,0,0,0,-2.07227e-06
88,21,0.691406,0.167969,1,0,0,0,-1.61371e-06
89,21,0.699219,0.167969,1,0,0,0,-1.23936e-06
90,21,0.707031,0.167969,1,0,0,0,-9.38911e-07
91,21,0.714844,0.167969,1,0,0,0,-7.01698e-07
92,21,0.722656,0.167969,1,0,0,0,-5.17394e-07
93,21,0.730469,0.167969,1,0,0,0,-3.76424e-07
94,21,0.738281,0.167969,1,0,0,0,-2.70242e-07
95,21,0.746094,0.167969,1,0,0,0,-1.91461e-07
96,21,0.753906,0.167969,1,0,0,0,-1.33872e-07
97,21,0.761719,0.167969,1,0,0,0,-9.23866e-08
98,21,0.769531,0.167969,1,0,0,0,-6.29302e-08
99,21,0.777344,0.167969,1,0,0,0,-4.2312e-08
100,21,0.785156,0.167969,1,0,0,0,-2.8083e-08
101,21,0.792969,0.167969,1,0,0,0,-1.83999e-08
102,21,0.800781,0.167969,1,0,0,0,-1.19014e-08
103,21,0.808594,0.167969,1,0,0,0,-7.59988e-09
104,21,0.816406,0.167969,1,0,0,0,-4.79133e-09
105,21,0.824219,0.167969,1,0,0,0,-2.98236e-09
106,21,0.832031,0.167969,1,0,0,0,-1.83286e-09
107,21,0.839844,0.167969,1,0,0,0,-1.11218e-09
108,21,0.847656,0.167969,1,0,0,0,-6.66375e-10
109,21,0.855469,0.167969,1,0,0,0,-3.94238e-10
110,21,0.863281,0.167969,1,0,0,0,-2.30301e-10
111,21,0.871094,0.167969,1,0,0,0,-1.32857e-10
112,21,0.878906,0.167969,1,0,0,0,-7.5687e-11
113,21,0.886719,0.167969,1,0,0,0,-4.25615e-11
114,21,0.894531,0.167969,1,0,0,0,-2.36469e-11
115,21,0.902344,0.167969,1,0,0,0,-1.29745e-11
116,21,0.910156,0.167969,1,0,0,0,-7.02016e-12
117,21,0.917969,0.167969,1,0,0,0,-3.76588e-12
118,21,0.925781,0.167969,1,0,0,0,-1.98952e-12
119,21,0.933594,0.167969,1,0,0,0,-1.03739e-12
120,21,0.941406,0.167969,1,0,0,0,-5.25802e-13
121,21,0.949219,0.167969,1,0,0,0,-2.70006e-13
122,21,0.957031,0.167969,1,0,0,0,-1.42109e-13
123,21,0.964844,0.167969,1,0,0,0,-7.10543e-14
124,21,0.972656,0.167969,1,0,0,0,-2.84217e-14
125,21,0.980469,0.167969,1,0,0,0,-1.42109e-14
126,21,0.988281,0.167969,1,0,0,0,-1.42109e-14
127,21,0.996094,0.167969,1,0,0,0,0
0,22,0.00390625,0.175781,1,0,0,0,1.42109e-14
1,22,0.0117188,0.175781,1,0,0,0,1.42109e-14
2,22,0.0195312,0.175781,1,0,0,0,1.42109e-14
3,22,0.0273438,0.175781,1,0,0,0,5.68434e-14
4,22,0.0351562,0.175781,1,0,0,0,1.13687e-13
5,22,0.0429688,0.175781,1,0,0,0,2.27374e-13
6,22,0.0507812,0.175781,1,0,0,0,4.54747e-13
7,22,0.0585938,0.175781,1,0,0,0,8.95284e-13
8,22,0.0664062,0.175781,1,0,0,0,1.73372e-12
9,22,0.0742188,0.175781,1,0,0,0,3.31113e-12
10,22,0.0820312,0.175781,1,0,0,0,6.2812e-12
11,22,0.0898438,0.175781,1,0,0,0,1.17382e-11
12,22,0.0976562,0.175781,1,0,0,0,2.16573e-11
13,22,0.105469,0.175781,1,0,0,0,3.94778e-11
14,22,0.113281,0.175781,1,0,0,0,7.10827e-11
15,22,0.121094,0.175781,1,0,0,0,1.26363e-10
16,22,0.128906,0.175781,1,0,0,0,2.21831e-10
17,22,0.136719,0.175781,1,0,0,0,3.8456e-10
18,22,0.144531,0.175781,1,0,0,0,6.58289e-10
19,22,0.152344,0.175781,1,0,0,0,1.11271e-09
20,22,0.160156,0.175781,1,0,0,0,1.85712e-09
21,22,0.167969,0.175781,1,0,0,0,3.06049e-09
22,22,0.175781,0.175781,1,0,0,0,4.97991e-09
23,22,0.183594,0.175781,1,0,0,0,8.0005e-09
24,22,0.191406,0.175781,1,0,0,0,1.26902e-08
25,22,0.199219,0.175781,1,0,0,0,1.98728e-08
26,22,0.207031,0.175781,1,0,0,0,3.07239e-08
27,22,0.214844,0.175781,1,0,0,0,4.68925e-08
28,22,0.222656,0.175781,1,0,0,0,7.0652e-08
29,22,0.230469,0.175781,1,0,0,0,1.0508e-07
30,22,0.238281,0.175781,1,0,0,0,1.54266e-07
31,22,0.246094,0.175781,1,0,0,0,2.23538e-07
32,22,0.253906,0.175781,1,0,0,0,3.19699e-07
33,22,0.261719,0.175781,1,0,0,0,4.51246e-07
34,22,0.269531,0.175781,1,0,0,0,6.28547e-07
35,22,0.277344,0.175781,1,0,0,0,8.63937e-07
36,22,0.285156,0.175781,1,0,0,0,1.17169e-06
37,22,0.292969,0.175781,1,0,0,0,1.56778e-06
38,22,0.300781,0.175781,1,0,0,0,2.06947e-06
39,22,0.308594,0.175781,1,0,0,0,2.69455e-06
40,22,0.316406,0.175781,1,0,0,0,3.46025e-06
41,22,0.324219,0.175781,1,0,0,0,4.38189e-06
42,22,0.332031,0.175781,1,0,0,0,5.47113e-06
43,22,0.339844,0.175781,1,0,0,0,6.73398e-06
44,22,0.347656,0.175781,1,0,0,0,8.16868e-06
45,22,0.355469,0.175781,1,0,0,0,9.76356e-06
46,22,0.363281,0.175781,1,0,0,0,1.14951e-05
47,22,0.371094,0.175781,1,0,0,0,1.33266e-05
48,22,0.378906,0.175781,1,0,0,0,1.52071e-05
49,22,0.386719,0.175781,1,0,0,0,1.70718e-05
50,22,0.394531,0.175781,1,0,0,0,1.88436e-05
51,22,0.402344,0.175781,1,0,0,0,2.04352e-05
52,22,0.410156,0.175781,1,0,0,0,2.17534e-05
53,22,0.417969,0.175781,1,0,0,0,2.27037e-05
54,22,0.425781,0.175781,1,0,0,0,2.31969e-05
55,22,0.433594,0.175781,1,0,0,0,2.3155e-05
56,22,0.441406,0.175781,1,0,0,0,2.25178e-05
57,22,0.449219,0.175781,1,0,0,0,2.12489e-05
58,22,0.457031,0.175781,1,0,0,0,1.93404e-05
59,22,0.464844,0.175781,1,0,0,0,1.68157e-05
60,22,0.472656,0.175781,1,0,0,0,1.37306e-05
61,22,0.480469,0.175781,1,0,0,0,1.01719e-05
62,22,0.488281,0.175781,1,0,0,0,6.25335e-06
63,22,0.496094,0.175781,1,0,0,0,2.10995e-06
64,22,0.503906,0.175781,1,0,0,0,-2.10995e-06
65,22,0.511719,0.175781,1,0,0,0,-6.25335e-06
66,22,0.519531,0.175781,1,0,0,0,-1.01719e-05
67,22,0.527344,0.175781,1,0,0,0,-1.37306e-05
68,22,0.535156,0.175781,1,0,0,0,-1.68157e-05
69,22,0.542969,0.175781,1,0,0,0,-1.93404e-05
70,22,0.550781,0.175781,1,0,0,0,-2.12489e-05
71,22,0.558594,0.175781,1,0,0,0,-2.25178e-05
72,22,0.566406,0.175781,1,0,0,0,-2.3155e-05
73,22,0.574219,0.175781,1,0,0,0,-2.31969e-05
74,22,0.582031,0.175781,1,0,0,0,-2.27037e-05
75,22,0.589844,0.175781,1,0,0,0,-2.17534e-05
76,22,0.597656,0.175781,1,0,0,0,-2.04352e-05
77,22,0.605469,0.175781,1,0,0,0,-1.88436e-05
78,22,0.613281,0.175781,1,0,0,0,-1.70718e-05
79,22,0.621094,0.175781,1,0,0,0,-1.52071e-05
80,22,0.628906,0.175781,1,0,0,0,-1.33266e-05
81,22,0.636719,0.175781,1,0,0,0,-1.14951e-05
82,22,0.644531,0.175781,1,0,0,0,-9.76356e-06
83,22,0.652344,0.175781,1,0,0,0,-8.16868e-06
84,22,0.660156,0.175781,1,0,0,0,-6.73398e-06
85,22,0.667969,0.175781,1,0,0,0,-5.47113e-06
86,22,0.675781,0.175781,1,0,0,0,-4.38189e-06
87,22,0.683594,0.175781,1,0,0,0,-3.46025e-06
88,22,0.691406,0.175781,1,0,0,0,-2.69455e-06
89,22,0.699219,0.175781,1,0,0,0,-2.06947e-06
90,22,0.707031,0.175781,1,0,0,0,-1.56778e-06
91,22,0.714844,0.175781,1,0,0,0,-1.17169e-06
92,22,0.722656,0.175781,1,0,0,0,-8.63937e-07
93,22,0.730469,0.175781,1,0,0,0,-6.28547e-07
94,22,0.738281,0.175781,1,0,0,0,-4.51246e-07
95,22,0.746094,0.175781,1,0,0,0,-3.19699e-07
96,22,0.753906,0.175781,1,0,0,0,-2.23538e-07
97,22,0.761719,0.175781,1,0,0,0,-1.54266e-07
98,22,0.769531,0.175781,1,0,0,0,-1.0508e-07
99,22,0.777344,0.175781,1,0,0,0,-7.0652e-08
100,22,0.785156,0.175781,1,0,0,0,-4.68925e-08
101,22,0.792969,0.175781,1,0,0,0,-3.07239e-08
102,22,0.800781,0.175781,1,0,0,0,-1.98728e-08
103,22,0.808594,0.175781,1,0,0,0,-1.26902e-08
104,22,0.816406,0.175781,1,0,0,0,-8.0005e-09
105,22,0.824219,0.175781,1,0,0,0,-4.97991e-09
106,22,0.832031,0.175781,1,0,0,0,-3.06049e-09
107,22,0.839844,0.175781,1,0,0,0,-1.85712e-09
108,22,0.847656,0.175781,1,0,0,0,-1.11271e-09
109,22,0.855469,0.175781,1,0,0,0,-6.58289e-10
110,22,0.863281,0.175781,1,0,0,0,-3.8456e-10
111,22,0.871094,0.175781,1,0,0,0,-2.21831e-10
112,22,0.878906,0.175781,1,0,0,0,-1.26363e-10
113,22,0.886719,0.175781,1,0,0,0,-7.10827e-11
114,22,0.894531,0.175781,1,0,0,0,-3.94778e-11
115,22,0.902344,0.175781,1,0,0,0,-2.16573e-11
116,22,0.910156,0.175781,1,0,0,0,-1.17382e-11
117,22,0.917969,0.175781,1,0,0,0,-6.2812e-12
118,22,0.925781,0.175781,1,0,0,0,-3.31113e-12
119,22,0.933594,0.175781,1,0,0,0,-1.73372e-12
120,22,0.941406,0.175781,1,0,0,0,-8.95284e-13
121,22,0.949219,0.175781,1,0,0,0,-4.54747e-13
122,22,0.957031,0.175781,1,0,0,0,-2.27374e-13
123,22,0.964844,0.175781,1,0,0,0,-1.13687e-13
124,22,0.972656,0.175781,1,0,0,0,-5.68434e-14
125,22,0.980469,0.175781,1,0,0,0,-1.42109e-14
126,22,0.988281,0.175781,1,0,0,0,-1.42109e-14
127,22,0.996094,0.175781,1,0,0,0,-1.42109e-14
0,23,0.00390625,0.183594,1,0,0,0,1.42109e-14
1,23,0.0117188,0.183594,1,0,0,0,2.84217e-14
2,23,0.0195312,0.183594,1,0,0,0,4.26326e-14
3,23,0.0273438,0.183594,1,0,0,0,8.52651e-14
4,23,0.0351562,0.183594,1,0,0,0,1.84741e-13
5,23,0.0429688,0.183594,1,0,0,0,3.83693e-13
6,23,0.0507812,0.183594,1,0,0,0,7.53175e-13
7,23,0.0585938,0.183594,1,0,0,0,1.46372e-12
8,23,0.0664062,0.183594,1,0,0,0,2.85638e-12
9,23,0.0742188,0.183594,1,0,0,0,5.47118e-12
10,23,0.0820312,0.183594,1,0,0,0,1.03455e-11
11,23,0.0898438,0.183594,1,0,0,0,1.93552e-11
12,23,0.0976562,0.183594,1,0,0,0,3.57261e-11
13,23,0.105469,0.183594,1,0,0,0,6.51283e-11
14,23,0.113281,0.183594,1,0,0,0,1.17254e-10
15,23,0.121094,0.183594,1,0,0,0,2.08445e-10
16,23,0.128906,0.183594,1,0,0,0,3.65915e-10
17,23,0.136719,0.183594,1,0,0,0,6.34344e-10
18,23,0.144531,0.183594,1,0,0,0,1.08587e-09
19,23,0.152344,0.183594,1,0,0,0,1.83543e-09
20,23,0.160156,0.183594,1,0,0,0,3.06338e-09
21,23,0.167969,0.183594,1,0,0,0,5.04836e-09
22,23,0.175781,0.183594,1,0,0,0,8.21449e-09
23,23,0.183594,0.183594,1,0,0,0,1.3197e-08
24,23,0.191406,0.183594,1,0,0,0,2.09328e-08
25,23,0.199219,0.183594,1,0,0,0,3.27807e-08
26,23,0.207031,0.183594,1,0,0,0,5.06799e-08
27,23,0.214844,0.183594,1,0,0,0,7.73505e-08
28,23,0.222656,0.183594,1,0,0,0,1.16542e-07
29,23,0.230469,0.183594,1,0,0,0,1.73332e-07
30,23,0.238281,0.183594,1,0,0,0,2.54466e-07
31,23,0.246094,0.183594,1,0,0,0,3.68732e-07
32,23,0.253906,0.183594,1,0,0,0,5.27353e-07
33,23,0.261719,0.183594,1,0,0,0,7.44343e-07
34,23,0.269531,0.183594,1,0,0,0,1.0368e-06
35,23,0.277344,0.183594,1,0,0,0,1.42509e-06
36,23,0.285156,0.183594,1,0,0,0,1.93273e-06
37,23,0.292969,0.183594,1,0,0,0,2.58609e-06
38,23,0.300781,0.183594,1,0,0,0,3.41365e-06
39,23,0.308594,0.183594,1,0,0,0,4.44473e-06
40,23,0.316406,0.183594,1,0,0,0,5.70778e-06
41,23,0.324219,0.183594,1,0,0,0,7.22805e-06
42,23,0.332031,0.183594,1,0,0,0,9.02478e-06
43,23,0.339844,0.183594,1,0,0,0,1.11079e-05
44,23,0.347656,0.183594,1,0,0,0,1.34745e-05
45,23,0.355469,0.183594,1,0,0,0,1.61053e-05
46,23,0.363281,0.183594,1,0,0,0,1.89615e-05
47,23,0.371094,0.183594,1,0,0,0,2.19825e-05
48,23,0.378906,0.183594,1,0,0,0,2.50844e-05
49,23,0.386719,0.183594,1,0,0,0,2.81604e-05
50,23,0.394531,0.183594,1,0,0,0,3.10831e-05
51,23,0.402344,0.183594,1,0,0,0,3.37085e-05
52,23,0.410156,0.183594,1,0,0,0,3.58828e-05
53,23,0.417969,0.183594,1,0,0,0,3.74504e-05
54,23,0.425781,0.183594,1,0,0,0,3.82639e-05
55,23,0.433594,0.183594,1,0,0,0,3.81948e-05
56,23,0.441406,0.183594,1,0,0,0,3.71437e-05
57,23,0.449219,0.183594,1,0,0,0,3.50507e-05
58,23,0.457031,0.183594,1,0,0,0,3.19025e-05
59,23,0.464844,0.183594,1,0,0,0,2.7738e-05
60,23,0.472656,0.183594,1,0,0,0,2.2649e-05
61,23,0.480469,0.183594,1,0,0,0,1.67788e-05
62,23,0.488281,0.183594,1,0,0,0,1.03151e-05
63,23,0.496094,0.183594,1,0,0,0,3.48041e-06
64,23,0.503906,0.183594,1,0,0,0,-3.48041e-06
65,23,0.511719,0.183594,1,0,0,0,-1.03151e-05
66,23,0.519531,0.183594,1,0,0,0,-1.67788e-05
67,23,0.527344,0.183594,1,0,0,0,-2.2649e-05
68,23,0.535156,0.183594,1,0,0,0,-2.7738e-05
69,23,0.542969,0.183594,1,0,0,0,-3.19025e-05
70,23,0.550781,0.183594,1,0,0,0,-3.50507e-05
71,23,0.558594,0.183594,1,0,0,0,-3.71437e-05
72,23,0.566406,0.183594,1,0,0,0,-3.81948e-05
73,23,0.574219,0.183594,1,0,0,0,-3.82639e-05
74,23,0.582031,0.183594,1,0,0,0,-3.74504e-05
75,23,0.589844,0.183594,1,0,0,0,-3.58828e-05
76,23,0.597656,0.183594,1,0,0,0,-3.37085e-05
77,23,0.605469,0.183594,1,0,0,0,-3.10831e-05
78,23,0.613281,0.183594,1,0,0,0,-2.81604e-05
79,23,0.621094,0.183594,1,0,0,0,-2.50844e-05
80,23,0.628906,0.183594,1,0,0,0,-2.19825e-05
81,23,0.636719,0.183594,1,0,0,0,-1.89615e-05
82,23,0.644531,0.183594,1,0,0,0,-1.61053e-05
83,23,0.652344,0.183594,1,0,0,0,-1.34745e-05
84,23,0.660156,0.183594,1,0,0,0,-1.11079e-05
85,23,0.667969,0.183594,1,0,0,0,-9.02478e-06
86,23,0.675781,0.183594,1,0,0,0,-7.22805e-06
87,23,0.683594,0.183594,1,0,0,0,-5.70778e-06
88,23,0.691406,0.183594,1,0,0,0,-4.44473e-06
89,23,0.699219,0.183594,1,0,0,0,-3.41365e-06
90,23,0.707031,0.183594,1,0,0,0,-2.58609e-06
91,23,0.714844,0.183594,1,0,0,0,-1.93273e-06
92,23,0.722656,0.183594,1,0,0,0,-1.42509e-06
93,23,0.730469,0.183594,1,0,0,0,-1.0368e-06
94,23,0.738281,0.183594,1,0,0,0,-7.44343e-07
95,23,0.746094,0.183594,1,0,0,0,-5.27353e-07
96,23,0.753906,0.183594,1,0,0,0,-3.68732e-07
97,23,0.761719,0.183594,1,0,0,0,-2.54466e-07
98,23,0.769531,0.183594,1,0,0,0,-1.73332e-07
99,23,0.777344,0.183594,1,0,0,0,-1.16542e-07
100,23,0.785156,0.183594,1,0,0,0,-7.73505e-08
101,23,0.792969,0.183594,1,0,0,0,-5.06799e-08
102,23,0.800781,0.183594,1,0,0,0,-3.27807e-08
103,23,0.808594,0.183594,1,0,0,0,-2.09328e-08
104,23,0.816406,0.183594,1,0,0,0,-1.3197e-08
105,23,0.824219,0.183594,1,0,0,0,-8.21449e-09
106,23,0.832031,0.183594,1,0,0,0,-5.04836e-09
107,23,0.839844,0.183594,1,0,0,0,-3.06338e-09
108,23,0.847656,0.183594,1,0,0,0,-1.83543e-09
109,23,0.855469,0.183594,1,0,0,0,-1.08587e-09
110,23,0.863281,0.183594,1,0,0,0,-6.34344e-10
111,23,0.871094,0.183594,1,0,0,0,-3.65915e-10
112,23,0.878906,0.183594,1,0,0,0,-2.08445e-10
113,23,0.886719,0.183594,1,0,0,0,-1.17254e-10
114,23,0.894531,0.183594,1,0,0,0,-6.51283e-11
115,23,0.902344,0.183594,1,0,0,0,-3.57261e-11
116,23,0.910156,0.183594,1,0,0,0,-1.93552e-11
117,23,0.917969,0.183594,1,0,0,0,-1.03455e-11
118,23,0.925781,0.183594,1,0,0,0,-5.47118e-12
119,23,0.933594,0.183594,1,0,0,0,-2.85638e-12
120,23,0.941406,0.183594,1,0,0,0,-1.46372e-12
121,23,0.949219,0.183594,1,0,0,0,-7.53175e-13
122,23,0.957031,0.183594,1,0,0,0,-3.83693e-13
123,23,0.964844,0.183594,1,0,0,0,-1.84741e-13
124,23,0.972656,0.183594,1,0,0,0,-8.52651e-14
125,23,0.980469,0.183594,1,0,0,0,-4.26326e-14
126,23,0.988281,0.183594,1,0,0,0,-2.84217e-14
127,23,0.996094,0.183594,1,0,0,0,-1.42109e-14
0,24,0.00390625,0.191406,1,0,0,0,0
1,24,0.0117188,0.191406,1,0,0,0,2.84217e-14
2,24,0.0195312,0.191406,1,0,0,0,8.52651e-14
3,24,0.0273438,0.191406,1,0,0,0,1.56319e-13
4,24,0.0351562,0.191406,1,0,0,0,2.98428e-13
5,24,0.0429688,0.191406,1,0,0,0,6.11067e-13
6,24,0.0507812,0.191406,1,0,0,0,1.22213e-12
7,24,0.0585938,0.191406,1,0,0,0,2.38742e-12
8,24,0.0664062,0.191406,1,0,0,0,4.64695e-12
9,24,0.0742188,0.191406,1,0,0,0,8.92442e-12
10,24,0.0820312,0.191406,1,0,0,0,1.68683e-11
11,24,0.0898438,0.191406,1,0,0,0,3.15339e-11
12,24,0.0976562,0.191406,1,0,0,0,5.82219e-11
13,24,0.105469,0.191406,1,0,0,0,1.06127e-10
14,24,0.113281,0.191406,1,0,0,0,1.91051e-10
15,24,0.121094,0.191406,1,0,0,0,3.39654e-10
16,24,0.128906,0.191406,1,0,0,0,5.96273e-10
17,24,0.136719,0.191406,1,0,0,0,1.03367e-09
18,24,0.144531,0.191406,1,0,0,0,1.76944e-09
19,24,0.152344,0.191406,1,0,0,0,2.99086e-09
20,24,0.160156,0.191406,1,0,0,0,4.9918e-09
21,24,0.167969,0.191406,1,0,0,0,8.22638e-09
22,24,0.175781,0.191406,1,0,0,0,1.33856e-08
23,24,0.183594,0.191406,1,0,0,0,2.15047e-08
24,24,0.191406,0.191406,1,0,0,0,3.41102e-08
25,24,0.199219,0.191406,1,0,0,0,5.34166e-08
26,24,0.207031,0.191406,1,0,0,0,8.25835e-08
27,24,0.214844,0.191406,1,0,0,0,1.26044e-07
28,24,0.222656,0.191406,1,0,0,0,1.89907e-07
29,24,0.230469,0.191406,1,0,0,0,2.82447e-07
30,24,0.238281,0.191406,1,0,0,0,4.14655e-07
31,24,0.246094,0.191406,1,0,0,0,6.00854e-07
32,24,0.253906,0.191406,1,0,0,0,8.59328e-07
33,24,0.261719,0.191406,1,0,0,0,1.21292e-06
34,24,0.269531,0.191406,1,0,0,0,1.68949e-06
35,24,0.277344,0.191406,1,0,0,0,2.3222e-06
36,24,0.285156,0.191406,1,0,0,0,3.1494e-06
37,24,0.292969,0.191406,1,0,0,0,4.21407e-06
38,24,0.300781,0.191406,1,0,0,0,5.56259e-06
39,24,0.308594,0.191406,1,0,0,0,7.24274e-06
40,24,0.316406,0.191406,1,0,0,0,9.30089e-06
41,24,0.324219,0.191406,1,0,0,0,1.17782e-05
42,24,0.332031,0.191406,1,0,0,0,1.4706e-05
43,24,0.339844,0.191406,1,0,0,0,1.81004e-05
44,24,0.347656,0.191406,1,0,0,0,2.19568e-05
45,24,0.355469,0.191406,1,0,0,0,2.62437e-05
46,24,0.363281,0.191406,1,0,0,0,3.0898e-05
47,24,0.371094,0.191406,1,0,0,0,3.58208e-05
48,24,0.378906,0.191406,1,0,0,0,4.08754e-05
49,24,0.386719,0.191406,1,0,0,0,4.58878e-05
50,24,0.394531,0.191406,1,0,0,0,5.06503e-05
51,24,0.402344,0.191406,1,0,0,0,5.49284e-05
52,24,0.410156,0.191406,1,0,0,0,5.84714e-05
53,24,0.417969,0.191406,1,0,0,0,6.10259e-05
54,24,0.425781,0.191406,1,0,0,0,6.23516e-05
55,24,0.433594,0.191406,1,0,0,0,6.22389e-05
56,24,0.441406,0.191406,1.00001,0,0,0,6.05262e-05
57,24,0.449219,0.191406,1.00001,0,0,0,5.71156e-05
58,24,0.457031,0.191406,1.00001,0,0,0,5.19856e-05
59,24,0.464844,0.191406,1.00001,0,0,0,4.51994e-05
60,24,0.472656,0.191406,1.00001,0,0,0,3.69069e-05
61,24,0.480469,0.191406,1.00001,0,0,0,2.73413e-05
62,24,0.488281,0.191406,1.00001,0,0,0,1.68085e-05
63,24,0.496094,0.191406,1.00001,0,0,0,5.67138e-06
64,24,0.503906,0.191406,1.00001,0,0,0,-5.67138e-06
65,24,0.511719,0.191406,1.00001,0,0,0,-1.68085e-05
66,24,0.519531,0.191406,1.00001,0,0,0,-2.73413e-05
67,24,0.527344,0.191406,1.00001,0,0,0,-3.69069e-05
68,24,0.535156,0.191406,1.00001,0,0,0,-4.51994e-05
69,24,0.542969,0.191406,1.00001,0,0,0,-5.19856e-05
70,24,0.550781,0.191406,1.00001,0,0,0,-5.71156e-05
71,24,0.558594,0.191406,1.00001,0,0,0,-6.05262e-05
72,24,0.566406,0.191406,1,0,0,0,-6.22389e-05
73,24,0.574219,0.191406,1,0,0,0,-6.23516e-05
74,24,0.582031,0.191406,1,0,0,0,-6.10259e-05
75,24,0.589844,0.191406,1,0,0,0,-5.84714e-05
76,24,0.597656,0.191406,1,0,0,0,-5.49284e-05
77,24,0.605469,0.191406,1,0,0,0,-5.06503e-05
78,24,0.613281,0.191406,1,0,0,0,-4.58878e-05
79,24,0.621094,0.191406,1,0,0,0,-4.08754e-05
80,24,0.628906,0.191406,1,0,0,0,-3.58208e-05
81,24,0.636719,0.191406,1,0,0,0,-3.0898e-05
82,24,0.644531,0.191406,1,0,0,0,-2.62437e-05
83,24,0.652344,0.191406,1,0,0,0,-2.19568e-05
84,24,0.660156,0.191406,1,0,0,0,-1.81004e-05
85,24,0.667969,0.191406,1,0,0,0,-1.4706e-05
86,24,0.675781,0.191406,1,0,0,0,-1.17782e-05
87,24,0.683594,0.191406,1,0,0,0,-9.30089e-06
88,24,0.691406,0.191406,1,0,0,0,-7.24274e-06
89,24,0.699219,0.191406,1,0,0,0,-5.56259e-06
90,24,0.707031,0.191406,1,0,0,0,-4.21407e-06
91,24,0.714844,0.191406,1,0,0,0,-3.1494e-06
92,24,0.722656,0.191406,1,0,0,0,-2.3222e-06
93,24,0.730469,0.191406,1,0,0,0,-1.68949e-06
94,24,0.738281,0.191406,1,0,0,0,-1.21292e-06
95,24,0.746094,0.191406,1,0,0,0,-8.59328e-07
96,24,0.753906,0.191406,1,0,0,0,-6.00854e-07
97,24,0.761719,0.191406,1,0,0,0,-4.14655e-07
98,24,0.769531,0.191406,1,0,0,0,-2.82447e-07
99,24,0.777344,0.191406,1,0,0,0,-1.89907e-07
100,24,0.785156,0.191406,1,0,0,0,-1.26044e-07
101,24,0.792969,0.191406,1,0,0,0,-8.25835e-08
102,24,0.800781,0.191406,1,0,0,0,-5.34166e-08
103,24,0.808594,0.191406,1,0,0,0,-3.41102e-08
104,24,0.816406,0.191406,1,0,0,0,-2.15047e-08
105,24,0.824219,0.191406,1,0,0,0,-1.33856e-08
106,24,0.832031,0.191406,1,0,0,0,-8.22638e-09
107,24,0.839844,0.191406,1,0,0,0,-4.9918e-09
108,24,0.847656,0.191406,1,0,0,0,-2.99086e-09
109,24,0.855469,0.191406,1,0,0,0,-1.76944e-09
110,24,0.863281,0.191406,1,0,0,0,-1.03367e-09
111,24,0.871094,0.191406,1,0,0,0,-5.96273e-10
112,24,0.878906,0.191406,1,0,0,0,-3.39654e-10
113,24,0.886719,0.191406,1,0,0,0,-1.91051e-10
114,24,0.894531,0.191406,1,0,0,0,-1.06127e-10
115,24,0.902344,0.191406,1,0,0,0,-5.82219e-11
116,24,0.910156,0.191406,1,0,0,0,-3.15339e-11
117,24,0.917969,0.191406,1,0,0,0,-1.68683e-11
118,24,0.925781,0.191406,1,0,0,0,-8.92442e-12
119,24,0.933594,0.191406,1,0,0,0,-4.64695e-12
120,24,0.941406,0.191406,1,0,0,0,-2.38742e-12
121,24,0.949219,0.191406,1,0,0,0,-1.22213e-12
122,24,0.957031,0.191406,1,0,0,0,-6.11067e-13
123,24,0.964844,0.191406,1,0,0,0,-2.98428e-13
124,24,0.972656,0.191406,1,0,0,0,-1.56319e-13
125,24,0.980469,0.191406,1,0,0,0,-8.52651e-14
126,24,0.988281,0.191406,1,0,0,0,-2.84217e-14
127,24,0.996094,0.191406,1,0,0,0,0
0,25,0.00390625,0.199219,1,0,0,0,1.42109e-14
1,25,0.0117188,0.199219,1,0,0,0,5.68434e-14
2,25,0.0195312,0.199219,1,0,0,0,1.27898e-13
3,25,0.0273438,0.199219,1,0,0,0,2.41585e-13
4,25,0.0351562,0.199219,1,0,0,0,4.83169e-13
5,25,0.0429688,0.199219,1,0,0,0,9.80549e-13
6,25,0.0507812,0.199219,1,0,0,0,1.9611e-12
7,25,0.0585938,0.199219,1,0,0,0,3.86535e-12
8,25,0.0664062,0.199219,1,0,0,0,7.48912e-12
9,25,0.0742188,0.199219,1,0,0,0,1.43388e-11
10,25,0.0820312,0.199219,1,0,0,0,2.71569e-11
11,25,0.0898438,0.199219,1,0,0,0,5.07754e-11
12,25,0.0976562,0.199219,1,0,0,0,9.37064e-11
13,25,0.105469,0.199219,1,0,0,0,1.70829e-10
14,25,0.113281,0.199219,1,0,0,0,3.07566e-10
15,25,0.121094,0.199219,1,0,0,0,5.46763e-10
16,25,0.128906,0.199219,1,0,0,0,9.59844e-10
17,25,0.136719,0.199219,1,0,0,0,1.66393e-09
18,25,0.144531,0.199219,1,0,0,0,2.84834e-09
19,25,0.152344,0.199219,1,0,0,0,4.81452e-09
20,25,0.160156,0.199219,1,0,0,0,8.03551e-09
21,25,0.167969,0.199219,1,0,0,0,1.32424e-08
22,25,0.175781,0.199219,1,0,0,0,2.15474e-08
23,25,0.183594,0.199219,1,0,0,0,3.46171e-08
24,25,0.191406,0.199219,1,0,0,0,5.49087e-08
25,25,0.199219,0.199219,1,0,0,0,8.59869e-08
26,25,0.207031,0.199219,1,0,0,0,1.32938e-07
27,25,0.214844,0.199219,1,0,0,0,2.02898e-07
28,25,0.222656,0.199219,1,0,0,0,3.05702e-07
29,25,0.230469,0.199219,1,0,0,0,4.54667e-07
30,25,0.238281,0.199219,1,0,0,0,6.67488e-07
31,25,0.246094,0.199219,1,0,0,0,9.6722e-07
32,25,0.253906,0.199219,1,0,0,0,1.3833e-06
33,25,0.261719,0.199219,1,0,0,0,1.95248e-06
34,25,0.269531,0.199219,1,0,0,0,2.71964e-06
35,25,0.277344,0.199219,1,0,0,0,3.73814e-06
36,25,0.285156,0.199219,1,0,0,0,5.06973e-06
37,25,0.292969,0.199219,1,0,0,0,6.78357e-06
38,25,0.300781,0.199219,1,0,0,0,8.95433e-06
39,25,0.308594,0.199219,1,0,0,0,1.16589e-05
40,25,0.316406,0.199219,1,0,0,0,1.4972e-05
41,25,0.324219,0.199219,1,0,0,0,1.89599e-05
42,25,0.332031,0.199219,1,0,0,0,2.36729e-05
43,25,0.339844,0.199219,1,0,0,0,2.91371e-05
44,25,0.347656,0.199219,1,0,0,0,3.53448e-05
45,25,0.355469,0.199219,1,0,0,0,4.22456e-05
46,25,0.363281,0.199219,1,0,0,0,4.97379e-05
47,25,0.371094,0.199219,1,0,0,0,5.76623e-05
48,25,0.378906,0.199219,1,0,0,0,6.57989e-05
49,25,0.386719,0.199219,1,0,0,0,7.38676e-05
50,25,0.394531,0.199219,1,0,0,0,8.15339e-05
51,25,0.402344,0.199219,1,0,0,0,8.84206e-05
52,25,0.410156,0.199219,1.00001,0,0,0,9.41239e-05
53,25,0.417969,0.199219,1.00001,0,0,0,9.8236e-05
54,25,0.425781,0.199219,1.00001,0,0,0,0.00010037
55,25,0.433594,0.199219,1.00001,0,0,0,0.000100189
56,25,0.441406,0.199219,1.00001,0,0,0,9.74315e-05
57,25,0.449219,0.199219,1.00001,0,0,0,9.19413e-05
58,25,0.457031,0.199219,1.00001,0,0,0,8.36834e-05
59,25,0.464844,0.199219,1.00001,0,0,0,7.27593e-05
60,25,0.472656,0.199219,1.00001,0,0,0,5.94106e-05
61,25,0.480469,0.199219,1.00001,0,0,0,4.40124e-05
62,25,0.488281,0.199219,1.00001,0,0,0,2.70574e-05
63,25,0.496094,0.199219,1.00001,0,0,0,9.12946e-06
64,25,0.503906,0.199219,1.00001,0,0,0,-9.12946e-06
65,25,0.511719,0.199219,1.00001,0,0,0,-2.70574e-05
66,25,0.519531,0.199219,1.00001,0,0,0,-4.40124e-05
67,25,0.527344,0.199219,1.00001,0,0,0,-5.94106e-05
68,25,0.535156,0.199219,1.00001,0,0,0,-7.27593e-05
69,25,0.542969,0.199219,1.00001,0,0,0,-8.36834e-05
70,25,0.550781,0.199219,1.00001,0,0,0,-9.19413e-05
71,25,0.558594,0.199219,1.00001,0,0,0,-9.74315e-05
72,25,0.566406,0.199219,1.00001,0,0,0,-0.000100189
73,25,0.574219,0.199219,1.00001,0,0,0,-0.00010037
74,25,0.582031,0.199219,1.00001,0,0,0,-9.8236e-05
75,25,0.589844,0.199219,1.00001,0,0,0,-9.41239e-05
76,25,0.597656,0.199219,1,0,0,0,-8.84206e-05
77,25,0.605469,0.199219,1,0,0,0,-8.15339e-05
78,25,0.613281,0.199219,1,0,0,0,-7.38676e-05
79,25,0.621094,0.199219,1,0,0,0,-6.57989e-05
80,25,0.628906,0.199219,1,0,0,0,-5.76623e-05
81,25,0.636719,0.199219,1,0,0,0,-4.97379e-05
82,25,0.644531,0.199219,1,0,0,0,-4.22456e-05
83,25,0.652344,0.199219,1,0,0,0,-3.53448e-05
84,25,0.660156,0.199219,1,0,0,0,-2.91371e-05
85,25,0.667969,0.199219,1,0,0,0,-2.36729e-05
86,25,0.675781,0.199219,1,0,0,0,-1.89599e-05
87,25,0.683594,0.199219,1,0,0,0,-1.4972e-05
88,25,0.691406,0.199219,1,0,0,0,-1.16589e-05
89,25,0.699219,0.199219,1,0,0,0,-8.95433e-06
90,25,0.707031,0.199219,1,0,0,0,-6.78357e-06
91,25,0.714844,0.199219,1,0,0,0,-5.06973e-06
92,25,0.722656,0.199219,1,0,0,0,-3.73814e-06
93,25,0.730469,0.199219,1,0,0,0,-2.71964e-06
94,25,0.738281,0.199219,1,0,0,0,-1.95248e-06
95,25,0.746094,0.199219,1,0,0,0,-1.3833e-06
96,25,0.753906,0.199219,1,0,0,0,-9.6722e-07
97,25,0.761719,0.199219,1,0,0,0,-6.67488e-07
98,25,0.769531,0.199219,1,0,0,0,-4.54667e-07
99,25,0.777344,0.199219,1,0,0,0,-3.05702e-07
100,25,0.785156,0.199219,1,0,0,0,-2.02898e-07
101,25,0.792969,0.199219,1,0,0,0,-1.32938e-07
102,25,0.800781,0.199219,1,0,0,0,-8.59869e-08
103,25,0.808594,0.199219,1,0,0,0,-5.49087e-08
104,25,0.816406,0.199219,1,0,0,0,-3.46171e-08
105,25,0.824219,0.199219,1,0,0,0,-2.15474e-08
106,25,0.832031,0.199219,1,0,0,0,-1.32424e-08
107,25,0.839844,0.199219,1,0,0,0,-8.03551e-09
108,25,0.847656,0.199219,1,0,0,0,-4.81452e-09
109,25,0.855469,0.199219,1,0,0,0,-2.84834e-09
110,25,0.863281,0.199219,1,0,0,0,-1.66393e-09
111,25,0.871094,0.199219,1,0,0,0,-9.59844e-10
112,25,0.878906,0.199219,1,0,0,0,-5.46763e-10
113,25,0.886719,0.199219,1,0,0,0,-3.07566e-10
114,25,0.894531,0.199219,1,0,0,0,-1.70829e-10
115,25,0.902344,0.199219,1,0,0,0,-9.37064e-11
116,25,0.910156,0.199219,1,0,0,0,-5.07754e-11
117,25,0.917969,0.199219,1,0,0,0,-2.71569e-11
118,25,0.925781,0.199219,1,0,0,0,-1.43388e-11
119,25,0.933594,0.199219,1,0,0,0,-7.48912e-12
120,25,0.941406,0.199219,1,0,0,0,-3.86535e-12
121,25,0.949219,0.199219,1,0,0,0,-1.9611e-12
122,25,0.957031,0.199219,1,0,0,0,-9.80549e-13
123,25,0.964844,0.199219,1,0,0,0,-4.83169e-13
124,25,0.972656,0.199219,1,0,0,0,-2.41585e-13
125,25,0.980469,0.199219,1,0,0,0,-1.27898e-13
126,25,0.988281,0.199219,1,0,0,0,-5.68434e-14
127,25,0.996094,0.199219,1,0,0,0,-1.42109e-14
0,26,0.00390625,0.207031,1,0,0,0,2.84217e-14
1,26,0.0117188,0.207031,1,0,0,0,8.52651e-14
2,26,0.0195312,0.207031,1,0,0,0,1.84741e-13
3,26,0.0273438,0.207031,1,0,0,0,3.83693e-13
4,26,0.0351562,0.207031,1,0,0,0,7.81597e-13
5,26,0.0429688,0.207031,1,0,0,0,1.56319e-12
6,26,0.0507812,0.207031,1,0,0,0,3.11218e-12
7,26,0.0585938,0.207031,1,0,0,0,6.13909e-12
8,26,0.0664062,0.207031,1,0,0,0,1.19087e-11
9,26,0.0742188,0.207031,1,0,0,0,2.28084e-11
10,26,0.0820312,0.207031,1,0,0,0,4.31868e-11
11,26,0.0898438,0.207031,1,0,0,0,8.07319e-11
12,26,0.0976562,0.207031,1,0,0,0,1.49029e-10
13,26,0.105469,0.207031,1,0,0,0,2.71669e-10
14,26,0.113281,0.207031,1,0,0,0,4.89067e-10
15,26,0.121094,0.207031,1,0,0,0,8.69463e-10
16,26,0.128906,0.207031,1,0,0,0,1.52636e-09
17,26,0.136719,0.207031,1,0,0,0,2.64602e-09
18,26,0.144531,0.207031,1,0,0,0,4.52945e-09
19,26,0.152344,0.207031,1,0,0,0,7.6561e-09
20,26,0.160156,0.207031,1,0,0,0,1.27782e-08
21,26,0.167969,0.207031,1,0,0,0,2.10582e-08
22,26,0.175781,0.207031,1,0,0,0,3.42649e-08
23,26,0.183594,0.207031,1,0,0,0,5.50485e-08
24,26,0.191406,0.207031,1,0,0,0,8.73165e-08
25,26,0.199219,0.207031,1,0,0,0,1.36737e-07
26,26,0.207031,0.207031,1,0,0,0,2.114e-07
27,26,0.214844,0.207031,1,0,0,0,3.2265e-07
28,26,0.222656,0.207031,1,0,0,0,4.86131e-07
29,26,0.230469,0.207031,1,0,0,0,7.23017e-07
30,26,0.238281,0.207031,1,0,0,0,1.06145e-06
31,26,0.246094,0.207031,1,0,0,0,1.53808e-06
32,26,0.253906,0.207031,1,0,0,0,2.19973e-06
33,26,0.261719,0.207031,1,0,0,0,3.10486e-06
34,26,0.269531,0.207031,1,0,0,0,4.3248e-06
35,26,0.277344,0.207031,1,0,0,0,5.94443e-06
36,26,0.285156,0.207031,1,0,0,0,8.06194e-06
37,26,0.292969,0.207031,1,0,0,0,1.07873e-05
38,26,0.300781,0.207031,1,0,0,0,1.42393e-05
39,26,0.308594,0.207031,1,0,0,0,1.85402e-05
40,26,0.316406,0.207031,1,0,0,0,2.38087e-05
41,26,0.324219,0.207031,1,0,0,0,3.01502e-05
42,26,0.332031,0.207031,1,0,0,0,3.76449e-05
43,26,0.339844,0.207031,1,0,0,0,4.63341e-05
44,26,0.347656,0.207031,1,0,0,0,5.62057e-05
45,26,0.355469,0.207031,1,0,0,0,6.71795e-05
46,26,0.363281,0.207031,1,0,0,0,7.90937e-05
47,26,0.371094,0.207031,1,0,0,0,9.16953e-05
48,26,0.378906,0.207031,1,0,0,0,0.000104634
49,26,0.386719,0.207031,1.00001,0,0,0,0.000117465
50,26,0.394531,0.207031,1.00001,0,0,0,0.000129656
51,26,0.402344,0.207031,1.00001,0,0,0,0.000140607
52,26,0.410156,0.207031,1.00001,0,0,0,0.000149677
53,26,0.417969,0.207031,1.00001,0,0,0,0.000156216
54,26,0.425781,0.207031,1.00001,0,0,0,0.000159609
55,26,0.433594,0.207031,1.00001,0,0,0,0.000159321
56,26,0.441406,0.207031,1.00001,0,0,0,0.000154937
57,26,0.449219,0.207031,1.00001,0,0,0,0.000146206
58,26,0.457031,0.207031,1.00002,0,0,0,0.000133074
59,26,0.464844,0.207031,1.00002,0,0,0,0.000115703
60,26,0.472656,0.207031,1.00002,0,0,0,9.44754e-05
61,26,0.480469,0.207031,1.00002,0,0,0,6.99891e-05
62,26,0.488281,0.207031,1.00002,0,0,0,4.3027e-05
63,26,0.496094,0.207031,1.00002,0,0,0,1.45178e-05
64,26,0.503906,0.207031,1.00002,0,0,0,-1.45178e-05
65,26,0.511719,0.207031,1.00002,0,0,0,-4.3027e-05
66,26,0.519531,0.207031,1.00002,0,0,0,-6.99891e-05
67,26,0.527344,0.207031,1.00002,0,0,0,-9.44754e-05
68,26,0.535156,0.207031,1.00002,0,0,0,-0.000115703
69,26,0.542969,0.207031,1.00002,0,0,0,-0.000133074
70,26,0.550781,0.207031,1.00001,0,0,0,-0.000146206
71,26,0.558594,0.207031,1.00001,0,0,0,-0.000154937
72,26,0.566406,0.207031,1.00001,0,0,0,-0.000159321
73,26,0.574219,0.207031,1.00001,0,0,0,-0.000159609
74,26,0.582031,0.207031,1.00001,0,0,0,-0.000156216
75,26,0.589844,0.207031,1.00001,0,0,0,-0.000149677
76,26,0.597656,0.207031,1.00001,0,0,0,-0.000140607
77,26,0.605469,0.207031,1.00001,0,0,0,-0.000129656
78,26,0.613281,0.207031,1.00001,0,0,0,-0.000117465
79,26,0.621094,0.207031,1,0,0,0,-0.000104634
80,26,0.628906,0.207031,1,0,0,0,-9.16953e-05
81,26,0.636719,0.207031,1,0,0,0,-7.90937e-05
82,26,0.644531,0.207031,1,0,0,0,-6.71795e-05
83,26,0.652344,0.207031,1,0,0,0,-5.62057e-05
84,26,0.660156,0.207031,1,0,0,0,-4.63341e-05
85,26,0.667969,0.207031,1,0,0,0,-3.76449e-05
86,26,0.675781,0.207031,1,0,0,0,-3.01502e-05
87,26,0.683594,0.207031,1,0,0,0,-2.38087e-05
88,26,0.691406,0.207031,1,0,0,0,-1.85402e-05
89,26,0.699219,0.207031,1,0,0,0,-1.42393e-05
90,26,0.707031,0.207031,1,0,0,0,-1.07873e-05
91,26,0.714844,0.207031,1,0,0,0,-8.06194e-06
92,26,0.722656,0.207031,1,0,0,0,-5.94443e-06
93,26,0.730469,0.207031,1,0,0,0,-4.3248e-06
94,26,0.738281,0.207031,1,0,0,0,-3.10486e-06
95,26,0.746094,0.207031,1,0,0,0,-2.19973e-06
96,26,0.753906,0.207031,1,0,0,0,-1.53808e-06
97,26,0.761719,0.207031,1,0,0,0,-1.06145e-06
98,26,0.769531,0.207031,1,0,0,0,-7.23017e-07
99,26,0.777344,0.207031,1,0,0,0,-4.86131e-07
100,26,0.785156,0.207031,1,0,0,0,-3.2265e-07
101,26,0.792969,0.207031,1,0,0,0,-2.114e-07
102,26,0.800781,0.207031,1,0,0,0,-1.36737e-07
103,26,0.808594,0.207031,1,0,0,0,-8.73165e-08
104,26,0.816406,0.207031,1,0,0,0,-5.50485e-08
105,26,0.824219,0.207031,1,0,0,0,-3.42649e-08
106,26,0.832031,0.207031,1,0,0,0,-2.10582e-08
107,26,0.839844,0.207031,1,0,0,0,-1.27782e-08
108,26,0.847656,0.207031,1,0,0,0,-7.6561e-09
109,26,0.855469,0.207031,1,0,0,0,-4.52945e-09
110,26,0.863281,0.207031,1,0,0,0,-2.64602e-09
111,26,0.871094,0.207031,1,0,0,0,-1.52636e-09
112,26,0.878906,0.207031,1,0,0,0,-8.69463e-10
113,26,0.886719,0.207031,1,0,0,0,-4.89067e-10
114,26,0.894531,0.207031,1,0,0,0,-2.71669e-10
115,26,0.902344,0.207031,1,0,0,0,-1.49029e-10
116,26,0.910156,0.207031,1,0,0,0,-8.07319e-11
117,26,0.917969,0.207031,1,0,0,0,-4.31868e-11
118,26,0.925781,0.207031,1,0,0,0,-2.28084e-11
119,26,0.933594,0.207031,1,0,0,0,-1.19087e-11
120,26,0.941406,0.207031,1,0,0,0,-6.13909e-12
121,26,0.949219,0.207031,1,0,0,0,-3.11218e-12
122,26,0.957031,0.207031,1,0,0,0,-1.56319e-12
123,26,0.964844,0.207031,1,0,0,0,-7.81597e-13
124,26,0.972656,0.207031,1,0,0,0,-3.83693e-13
125,26,0.980469,0.207031,1,0,0,0,-1.84741e-13
126,26,0.988281,0.207031,1,0,0,0,-8.52651e-14
127,26,0.996094,0.207031,1,0,0,0,-2.84217e-14
0,27,0.00390625,0.214844,1,0,0,0,4.26326e-14
1,27,0.0117188,0.214844,1,0,0,0,1.27898e-13
2,27,0.0195312,0.214844,1,0,0,0,2.84217e-13
3,27,0.0273438,0.214844,1,0,0,0,6.11067e-13
4,27,0.0351562,0.214844,1,0,0,0,1.22213e-12
5,27,0.0429688,0.214844,1,0,0,0,2.45848e-12
6,27,0.0507812,0.214844,1,0,0,0,4.90274e-12
7,27,0.0585938,0.214844,1,0,0,0,9.63496e-12
8,27,0.0664062,0.214844,1,0,0,0,1.87015e-11
9,27,0.0742188,0.214844,1,0,0,0,3.58398e-11
10,27,0.0820312,0.214844,1,0,0,0,6.78568e-11
11,27,0.0898438,0.214844,1,0,0,0,1.26818e-10
12,27,0.0976562,0.214844,1,0,0,0,2.34095e-10
13,27,0.105469,0.214844,1,0,0,0,4.2678e-10
14,27,0.113281,0.214844,1,0,0,0,7.68296e-10
15,27,0.121094,0.214844,1,0,0,0,1.36585e-09
16,27,0.128906,0.214844,1,0,0,0,2.3978e-09
17,27,0.136719,0.214844,1,0,0,0,4.15668e-09
18,27,0.144531,0.214844,1,0,0,0,7.11539e-09
19,27,0.152344,0.214844,1,0,0,0,1.20271e-08
20,27,0.160156,0.214844,1,0,0,0,2.00735e-08
21,27,0.167969,0.214844,1,0,0,0,3.30806e-08
22,27,0.175781,0.214844,1,0,0,0,5.38273e-08
23,27,0.183594,0.214844,1,0,0,0,8.64767e-08
24,27,0.191406,0.214844,1,0,0,0,1.37167e-07
25,27,0.199219,0.214844,1,0,0,0,2.14803e-07
26,27,0.207031,0.214844,1,0,0,0,3.32092e-07
27,27,0.214844,0.214844,1,0,0,0,5.06857e-07
28,27,0.222656,0.214844,1,0,0,0,7.63672e-07
29,27,0.230469,0.214844,1,0,0,0,1.1358e-06
30,27,0.238281,0.214844,1,0,0,0,1.66745e-06
31,27,0.246094,0.214844,1,0,0,0,2.4162e-06
32,27,0.253906,0.214844,1,0,0,0,3.4556e-06
33,27,0.261719,0.214844,1,0,0,0,4.87748e-06
34,27,0.269531,0.214844,1,0,0,0,6.79391e-06
35,27,0.277344,0.214844,1,0,0,0,9.33822e-06
36,27,0.285156,0.214844,1,0,0,0,1.26646e-05
37,27,0.292969,0.214844,1,0,0,0,1.6946e-05
38,27,0.300781,0.214844,1,0,0,0,2.23688e-05
39,27,0.308594,0.214844,1,0,0,0,2.91251e-05
40,27,0.316406,0.214844,1,0,0,0,3.74015e-05
41,27,0.324219,0.214844,1,0,0,0,4.73635e-05
42,27,0.332031,0.214844,1,0,0,0,5.9137e-05
43,27,0.339844,0.214844,1,0,0,0,7.27871e-05
44,27,0.347656,0.214844,1,0,0,0,8.82946e-05
45,27,0.355469,0.214844,1,0,0,0,0.000105533
46,27,0.363281,0.214844,1,0,0,0,0.00012425
47,27,0.371094,0.214844,1.00001,0,0,0,0.000144046
48,27,0.378906,0.214844,1.00001,0,0,0,0.000164372
49,27,0.386719,0.214844,1.00001,0,0,0,0.000184528
50,27,0.394531,0.214844,1.00001,0,0,0,0.000203679
51,27,0.402344,0.214844,1.00001,0,0,0,0.000220883
52,27,0.410156,0.214844,1.00001,0,0,0,0.00023513
53,27,0.417969,0.214844,1.00002,0,0,0,0.000245402
54,27,0.425781,0.214844,1.00002,0,0,0,0.000250733
55,27,0.433594,0.214844,1.00002,0,0,0,0.00025028
56,27,0.441406,0.214844,1.00002,0,0,0,0.000243393
57,27,0.449219,0.214844,1.00002,0,0,0,0.000229678
58,27,0.457031,0.214844,1.00002,0,0,0,0.000209049
59,27,0.464844,0.214844,1.00003,0,0,0,0.00018176
60,27,0.472656,0.214844,1.00003,0,0,0,0.000148413
61,27,0.480469,0.214844,1.00003,0,0,0,0.000109947
62,27,0.488281,0.214844,1.00003,0,0,0,6.75919e-05
63,27,0.496094,0.214844,1.00003,0,0,0,2.28062e-05
64,27,0.503906,0.214844,1.00003,0,0,0,-2.28062e-05
65,27,0.511719,0.214844,1.00003,0,0,0,-6.75919e-05
66,27,0.519531,0.214844,1.00003,0,0,0,-0.000109947
67,27,0.527344,0.214844,1.00003,0,0,0,-0.000148413
68,27,0.535156,0.214844,1.00003,0,0,0,-0.00018176
69,27,0.542969,0.214844,1.00002,0,0,0,-0.000209049
70,27,0.550781,0.214844,1.00002,0,0,0,-0.000229678
71,27,0.558594,0.214844,1.00002,0,0,0,-0.000243393
72,27,0.566406,0.214844,1.00002,0,0,0,-0.00025028
73,27,0.574219,0.214844,1.00002,0,0,0,-0.000250733
74,27,0.582031,0.214844,1.00002,0,0,0,-0.000245402
75,27,0.589844,0.214844,1.00001,0,0,0,-0.00023513
76,27,0.597656,0.214844,1.00001,0,0,0,-0.000220883
77,27,0.605469,0.214844,1.00001,0,0,0,-0.000203679
78,27,0.613281,0.214844,1.00001,0,0,0,-0.000184528
79,27,0.621094,0.214844,1.00001,0,0,0,-0.000164372
80,27,0.628906,0.214844,1.00001,0,0,0,-0.000144046
81,27,0.636719,0.214844,1,0,0,0,-0.00012425
82,27,0.644531,0.214844,1,0,0,0,-0.000105533
83,27,0.652344,0.214844,1,0,0,0,-8.82946e-05
84,27,0.660156,0.214844,1,0,0,0,-7.27871e-05
85,27,0.667969,0.214844,1,0,0,0,-5.9137e-05
86,27,0.675781,0.214844,1,0,0,0,-4.73635e-05
87,27,0.683594,0.214844,1,0,0,0,-3.74015e-05
88,27,0.691406,0.214844,1,0,0,0,-2.91251e-05
89,27,0.699219,0.214844,1,0,0,0,-2.23688e-05
90,27,0.707031,0.214844,1,0,0,0,-1.6946e-05
91,27,0.714844,0.214844,1,0,0,0,-1.26646e-05
92,27,0.722656,0.214844,1,0,0,0,-9.33822e-06
93,27,0.730469,0.214844,1,0,0,0,-6.79391e-06
94,27,0.738281,0.214844,1,0,0,0,-4.87748e-06
95,27,0.746094,0.214844,1,0,0,0,-3.4556e-06
96,27,0.753906,0.214844,1,0,0,0,-2.4162e-06
97,27,0.761719,0.214844,1,0,0,0,-1.66745e-06
98,27,0.769531,0.214844,1,0,0,0,-1.1358e-06
99,27,0.777344,0.214844,1,0,0,0,-7.63672e-07
100,27,0.785156,0.214844,1,0,0,0,-5.06857e-07
101,27,0.792969,0.214844,1,0,0,0,-3.32092e-07
102,27,0.800781,0.214844,1,0,0,0,-2.14803e-07
103,27,0.808594,0.214844,1,0,0,0,-1.37167e-07
104,27,0.816406,0.214844,1,0,0,0,-8.64767e-08
105,27,0.824219,0.214844,1,0,0,0,-5.38273e-08
106,27,0.832031,0.214844,1,0,0,0,-3.30806e-08
107,27,0.839844,0.214844,1,0,0,0,-2.00735e-08
108,27,0.847656,0.214844,1,0,0,0,-1.20271e-08
109,27,0.855469,0.214844,1,0,0,0,-7.11539e-09
110,27,0.863281,0.214844,1,0,0,0,-4.15668e-09
111,27,0.871094,0.214844,1,0,0,0,-2.3978e-09
112,27,0.878906,0.214844,1,0,0,0,-1.36585e-09
113,27,0.886719,0.214844,1,0,0,0,-7.68296e-10
114,27,0.894531,0.214844,1,0,0,0,-4.2678e-10
115,27,0.902344,0.214844,1,0,0,0,-2.34095e-10
116,27,0.910156,0.214844,1,0,0,0,-1.26818e-10
117,27,0.917969,0.214844,1,0,0,0,-6.78568e-11
118,27,0.925781,0.214844,1,0,0,0,-3.58398e-11
119,27,0.933594,0.214844,1,0,0,0,-1.87015e-11
120,27,0.941406,0.214844,1,0,0,0,-9.63496e-12
121,27,0.949219,0.214844,1,0,0,0,-4.90274e-12
122,27,0.957031,0.214844,1,0,0,0,-2.45848e-12
123,27,0.964844,0.214844,1,0,0,0,-1.22213e-12
124,27,0.972656,0.214844,1,0,0,0,-6.11067e-13
125,27,0.980469,0.214844,1,0,0,0,-2.84217e-13
126,27,0.988281,0.214844,1,0,0,0,-1.27898e-13
127,27,0.996094,0.214844,1,0,0,0,-4.26326e-14
0,28,0.00390625,0.222656,1,0,0,0,7.10543e-14
1,28,0.0117188,0.222656,1,0,0,0,2.13163e-13
2,28,0.0195312,0.222656,1,0,0,0,4.54747e-13
3,28,0.0273438,0.222656,1,0,0,0,9.37916e-13
4,28,0.0351562,0.222656,1,0,0,0,1.89004e-12
5,28,0.0429688,0.222656,1,0,0,0,3.82272e-12
6,28,0.0507812,0.222656,1,0,0,0,7.61702e-12
7,28,0.0585938,0.222656,1,0,0,0,1.49498e-11
8,28,0.0664062,0.222656,1,0,0,0,2.90186e-11
9,28,0.0742188,0.222656,1,0,0,0,5.56355e-11
10,28,0.0820312,0.222656,1,0,0,0,1.05288e-10
11,28,0.0898438,0.222656,1,0,0,0,1.96792e-10
12,28,0.0976562,0.222656,1,0,0,0,3.63301e-10
13,28,0.105469,0.222656,1,0,0,0,6.62297e-10
14,28,0.113281,0.222656,1,0,0,0,1.19228e-09
15,28,0.121094,0.222656,1,0,0,0,2.11959e-09
16,28,0.128906,0.222656,1,0,0,0,3.72103e-09
17,28,0.136719,0.222656,1,0,0,0,6.45058e-09
18,28,0.144531,0.222656,1,0,0,0,1.10421e-08
19,28,0.152344,0.222656,1,0,0,0,1.86644e-08
20,28,0.160156,0.222656,1,0,0,0,3.11512e-08
21,28,0.167969,0.222656,1,0,0,0,5.13364e-08
22,28,0.175781,0.222656,1,0,0,0,8.35324e-08
23,28,0.183594,0.222656,1,0,0,0,1.342e-07
24,28,0.191406,0.222656,1,0,0,0,2.12864e-07
25,28,0.199219,0.222656,1,0,0,0,3.33344e-07
26,28,0.207031,0.222656,1,0,0,0,5.15359e-07
27,28,0.214844,0.222656,1,0,0,0,7.86571e-07
28,28,0.222656,0.222656,1,0,0,0,1.18511e-06
29,28,0.230469,0.222656,1,0,0,0,1.7626e-06
30,28,0.238281,0.222656,1,0,0,0,2.58764e-06
31,28,0.246094,0.222656,1,0,0,0,3.74961e-06
32,28,0.253906,0.222656,1,0,0,0,5.36261e-06
33,28,0.261719,0.222656,1,0,0,0,7.56916e-06
34,28,0.269531,0.222656,1,0,0,0,1.05432e-05
35,28,0.277344,0.222656,1,0,0,0,1.44916e-05
36,28,0.285156,0.222656,1,0,0,0,1.96537e-05
37,28,0.292969,0.222656,1,0,0,0,2.62978e-05
38,28,0.300781,0.222656,1,0,0,0,3.47131e-05
39,28,0.308594,0.222656,1,0,0,0,4.51981e-05
40,28,0.316406,0.222656,1,0,0,0,5.80419e-05
41,28,0.324219,0.222656,1,0,0,0,7.35015e-05
42,28,0.332031,0.222656,1,0,0,0,9.17723e-05
43,28,0.339844,0.222656,1,0,0,0,0.000112955
44,28,0.347656,0.222656,1,0,0,0,0.000137021
45,28,0.355469,0.222656,1.00001,0,0,0,0.000163773
46,28,0.363281,0.222656,1.00001,0,0,0,0.000192818
47,28,0.371094,0.222656,1.00001,0,0,0,0.000223539
48,28,0.378906,0.222656,1.00001,0,0,0,0.000255082
49,28,0.386719,0.222656,1.00001,0,0,0,0.000286361
50,28,0.394531,0.222656,1.00002,0,0,0,0.000316081
51,28,0.402344,0.222656,1.00002,0,0,0,0.000342779
52,28,0.410156,0.222656,1.00002,0,0,0,0.000364889
53,28,0.417969,0.222656,1.00002,0,0,0,0.00038083
54,28,0.425781,0.222656,1.00003,0,0,0,0.000389103
55,28,0.433594,0.222656,1.00003,0,0,0,0.000388399
56,28,0.441406,0.222656,1.00003,0,0,0,0.000377711
57,28,0.449219,0.222656,1.00004,0,0,0,0.000356428
58,28,0.457031,0.222656,1.00004,0,0,0,0.000324414
59,28,0.464844,0.222656,1.00004,0,0,0,0.000282065
60,28,0.472656,0.222656,1.00004,0,0,0,0.000230316
61,28,0.480469,0.222656,1.00004,0,0,0,0.000170622
62,28,0.488281,0.222656,1.00005,0,0,0,0.000104893
63,28,0.496094,0.222656,1.00005,0,0,0,3.5392e-05
64,28,0.503906,0.222656,1.00005,0,0,0,-3.5392e-05
65,28,0.511719,0.222656,1.00005,0,0,0,-0.000104893
66,28,0.519531,0.222656,1.00004,0,0,0,-0.000170622
67,28,0.527344,0.222656,1.00004,0,0,0,-0.000230316
68,28,0.535156,0.222656,1.00004,0,0,0,-0.000282065
69,28,0.542969,0.222656,1.00004,0,0,0,-0.000324414
70,28,0.550781,0.222656,1.00004,0,0,0,-0.000356428
71,28,0.558594,0.222656,1.00003,0,0,0,-0.000377711
72,28,0.566406,0.222656,1.00003,0,0,0,-0.000388399
73,28,0.574219,0.222656,1.00003,0,0,0,-0.000389103
74,28,0.582031,0.222656,1.00002,0,0,0,-0.00038083
75,28,0.589844,0.222656,1.00002,0,0,0,-0.000364889
76,28,0.597656,0.222656,1.00002,0,0,0,-0.000342779
77,28,0.605469,0.222656,1.00002,0,0,0,-0.000316081
78,28,0.613281,0.222656,1.00001,0,0,0,-0.000286361
79,28,0.621094,0.222656,1.00001,0,0,0,-0.000255082
80,28,0.628906,0.222656,1.00001,0,0,0,-0.000223539
81,28,0.636719,0.222656,1.00001,0,0,0,-0.000192818
82,28,0.644531,0.222656,1.00001,0,0,0,-0.000163773
83,28,0.652344,0.222656,1,0,0,0,-0.000137021
84,28,0.660156,0.222656,1,0,0,0,-0.000112955
85,28,0.667969,0.222656,1,0,0,0,-9.17723e-05
86,28,0.675781,0.222656,1,0,0,0,-7.35015e-05
87,28,0.683594,0.222656,1,0,0,0,-5.80419e-05
88,28,0.691406,0.222656,1,0,0,0,-4.51981e-05
89,28,0.699219,0.222656,1,0,0,0,-3.47131e-05
90,28,0.707031,0.222656,1,0,0,0,-2.62978e-05
91,28,0.714844,0.222656,1,0,0,0,-1.96537e-05
92,28,0.722656,0.222656,1,0,0,0,-1.44916e-05
93,28,0.730469,0.222656,1,0,0,0,-1.05432e-05
94,28,0.738281,0.222656,1,0,0,0,-7.56916e-06
95,28,0.746094,0.222656,1,0,0,0,-5.36261e-06
96,28,0.753906,0.222656,1,0,0,0,-3.74961e-06
97,28,0.761719,0.222656,1,0,0,0,-2.58764e-06
98,28,0.769531,0.222656,1,0,0,0,-1.7626e-06
99,28,0.777344,0.222656,1,0,0,0,-1.18511e-06
100,28,0.785156,0.222656,1,0,0,0,-7.86571e-07
101,28,0.792969,0.222656,1,0,0,0,-5.15359e-07
102,28,0.800781,0.222656,1,0,0,0,-3.33344e-07
103,28,0.808594,0.222656,1,0,0,0,-2.12864e-07
104,28,0.816406,0.222656,1,0,0,0,-1.342e-07
105,28,0.824219,0.222656,1,0,0,0,-8.35324e-08
106,28,0.832031,0.222656,1,0,0,0,-5.13364e-08
107,28,0.839844,0.222656,1,0,0,0,-3.11512e-08
108,28,0.847656,0.222656,1,0,0,0,-1.86644e-08
109,28,0.855469,0.222656,1,0,0,0,-1.10421e-08
110,28,0.863281,0.222656,1,0,0,0,-6.45058e-09
111,28,0.871094,0.222656,1,0,0,0,-3.72103e-09
112,28,0.878906,0.222656,1,0,0,0,-2.11959e-09
113,28,0.886719,0.222656,1,0,0,0,-1.19228e-09
114,28,0.894531,0.222656,1,0,0,0,-6.62297e-10
115,28,0.902344,0.222656,1,0,0,0,-3.63301e-10
116,28,0.910156,0.222656,1,0,0,0,-1.96792e-10
117,28,0.917969,0.222656,1,0,0,0,-1.05288e-10
118,28,0.925781,0.222656,1,0,0,0,-5.56355e-11
119,28,0.933594,0.222656,1,0,0,0,-2.90186e-11
120,28,0.941406,0.222656,1,0,0,0,-1.49498e-11
121,28,0.949219,0.222656,1,0,0,0,-7.61702e-12
122,28,0.957031,0.222656,1,0,0,0,-3.82272e-12
123,28,0.964844,0.222656,1,0,0,0,-1.89004e-12
124,28,0.972656,0.222656,1,0,0,0,-9.37916e-13
125,28,0.980469,0.222656,1,0,0,0,-4.54747e-13
126,28,0.988281,0.222656,1,0,0,0,-2.13163e-13
127,28,0.996094,0.222656,1,0,0,0,-7.10543e-14
0,29,0.00390625,0.230469,1,0,0,0,1.13687e-13
1,29,0.0117188,0.230469,1,0,0,0,3.41061e-13
2,29,0.0195312,0.230469,1,0,0,0,6.96332e-13
3,29,0.0273438,0.230469,1,0,0,0,1.42109e-12
4,29,0.0351562,0.230469,1,0,0,0,2.89901e-12
5,29,0.0429688,0.230469,1,0,0,0,5.86908e-12
6,29,0.0507812,0.230469,1,0,0,0,1.16671e-11
7,29,0.0585938,0.230469,1,0,0,0,2.29221e-11
8,29,0.0664062,0.230469,1,0,0,0,4.44942e-11
9,29,0.0742188,0.230469,1,0,0,0,8.52793e-11
10,29,0.0820312,0.230469,1,0,0,0,1.61407e-10
11,29,0.0898438,0.230469,1,0,0,0,3.01696e-10
12,29,0.0976562,0.230469,1,0,0,0,5.56938e-10
13,29,0.105469,0.230469,1,0,0,0,1.01531e-09
14,29,0.113281,0.230469,1,0,0,0,1.82781e-09
15,29,0.121094,0.230469,1,0,0,0,3.24941e-09
16,29,0.128906,0.230469,1,0,0,0,5.70445e-09
17,29,0.136719,0.230469,1,0,0,0,9.88892e-09
18,29,0.144531,0.230469,1,0,0,0,1.69279e-08
19,29,0.152344,0.230469,1,0,0,0,2.8613e-08
20,29,0.160156,0.230469,1,0,0,0,4.77557e-08
21,29,0.167969,0.230469,1,0,0,0,7.87003e-08
22,29,0.175781,0.230469,1,0,0,0,1.28058e-07
23,29,0.183594,0.230469,1,0,0,0,2.05732e-07
24,29,0.191406,0.230469,1,0,0,0,3.26327e-07
25,29,0.199219,0.230469,1,0,0,0,5.11027e-07
26,29,0.207031,0.230469,1,0,0,0,7.90061e-07
27,29,0.214844,0.230469,1,0,0,0,1.20584e-06
28,29,0.222656,0.230469,1,0,0,0,1.81681e-06
29,29,0.230469,0.230469,1,0,0,0,2.70212e-06
30,29,0.238281,0.230469,1,0,0,0,3.96693e-06
31,29,0.246094,0.230469,1,0,0,0,5.74826e-06
32,29,0.253906,0.230469,1,0,0,0,8.22104e-06
33,29,0.261719,0.230469,1,0,0,0,1.16037e-05
34,29,0.269531,0.230469,1,0,0,0,1.6163e-05
35,29,0.277344,0.230469,1,0,0,0,2.2216e-05
36,29,0.285156,0.230469,1,0,0,0,3.01298e-05
37,29,0.292969,0.230469,1,0,0,0,4.03153e-05
38,29,0.300781,0.230469,1,0,0,0,5.32163e-05
39,29,0.308594,0.230469,1,0,0,0,6.929e-05
40,29,0.316406,0.230469,1,0,0,0,8.898e-05
41,29,0.324219,0.230469,1,0,0,0,0.00011268
42,29,0.332031,0.230469,1,0,0,0,0.00014069
43,29,0.339844,0.230469,1.00001,0,0,0,0.000173164
44,29,0.347656,0.230469,1.00001,0,0,0,0.000210057
45,29,0.355469,0.230469,1.00001,0,0,0,0.000251069
46,29,0.363281,0.230469,1.00001,0,0,0,0.000295596
47,29,0.371094,0.230469,1.00001,0,0,0,0.000342691
48,29,0.378906,0.230469,1.00002,0,0,0,0.000391048
49,29,0.386719,0.230469,1.00002,0,0,0,0.000439
50,29,0.394531,0.230469,1.00002,0,0,0,0.000484562
51,29,0.402344,0.230469,1.00003,0,0,0,0.00052549
52,29,0.410156,0.230469,1.00003,0,0,0,0.000559386
53,29,0.417969,0.230469,1.00004,0,0,0,0.000583824
54,29,0.425781,0.230469,1.00004,0,0,0,0.000596506
55,29,0.433594,0.230469,1.00005,0,0,0,0.000595428
56,29,0.441406,0.230469,1.00005,0,0,0,0.000579043
57,29,0.449219,0.230469,1.00005,0,0,0,0.000546414
58,29,0.457031,0.230469,1.00006,0,0,0,0.000497337
59,29,0.464844,0.230469,1.00006,0,0,0,0.000432414
60,29,0.472656,0.230469,1.00006,0,0,0,0.000353081
61,29,0.480469,0.230469,1.00007,0,0,0,0.000261569
62,29,0.488281,0.230469,1.00007,0,0,0,0.000160804
63,29,0.496094,0.230469,1.00007,0,0,0,5.4257e-05
64,29,0.503906,0.230469,1.00007,0,0,0,-5.4257e-05
65,29,0.511719,0.230469,1.00007,0,0,0,-0.000160804
66,29,0.519531,0.230469,1.00007,0,0,0,-0.000261569
67,29,0.527344,0.230469,1.00006,0,0,0,-0.000353081
68,29,0.535156,0.230469,1.00006,0,0,0,-0.000432414
69,29,0.542969,0.230469,1.00006,0,0,0,-0.000497337
70,29,0.550781,0.230469,1.00005,0,0,0,-0.000546414
71,29,0.558594,0.230469,1.00005,0,0,0,-0.000579043
72,29,0.566406,0.230469,1.00005,0,0,0,-0.000595428
73,29,0.574219,0.230469,1.00004,0,0,0,-0.000596506
74,29,0.582031,0.230469,1.00004,0,0,0,-0.000583824
75,29,0.589844,0.230469,1.00003,0,0,0,-0.000559386
76,29,0.597656,0.230469,1.00003,0,0,0,-0.00052549
77,29,0.605469,0.230469,1.00002,0,0,0,-0.000484562
78,29,0.613281,0.230469,1.00002,0,0,0,-0.000439
79,29,0.621094,0.230469,1.00002,0,0,0,-0.000391048
80,29,0.628906,0.230469,1.00001,0,0,0,-0.000342691
81,29,0.636719,0.230469,1.00001,0,0,0,-0.000295596
82,29,0.644531,0.230469,1.00001,0,0,0,-0.000251069
83,29,0.652344,0.230469,1.00001,0,0,0,-0.000210057
84,29,0.660156,0.230469,1.00001,0,0,0,-0.000173164
85,29,0.667969,0.230469,1,0,0,0,-0.00014069
86,29,0.675781,0.230469,1,0,0,0,-0.00011268
87,29,0.683594,0.230469,1,0,0,0,-8.898e-05
88,29,0.691406,0.230469,1,0,0,0,-6.929e-05
89,29,0.699219,0.230469,1,0,0,0,-5.32163e-05
90,29,0.707031,0.230469,1,0,0,0,-4.03153e-05
91,29,0.714844,0.230469,1,0,0,0,-3.01298e-05
92,29,0.722656,0.230469,1,0,0,0,-2.2216e-05
93,29,0.730469,0.230469,1,0,0,0,-1.6163e-05
94,29,0.738281,0.230469,1,0,0,0,-1.16037e-05
95,29,0.746094,0.230469,1,0,0,0,-8.22104e-06
96,29,0.753906,0.230469,1,0,0,0,-5.74826e-06
97,29,0.761719,0.230469,1,0,0,0,-3.96693e-06
98,29,0.769531,0.230469,1,0,0,0,-2.70212e-06
99,29,0.777344,0.230469,1,0,0,0,-1.81681e-06
100,29,0.785156,0.230469,1,0,0,0,-1.20584e-06
101,29,0.792969,0.230469,1,0,0,0,-7.90061e-07
102,29,0.800781,0.230469,1,0,0,0,-5.11027e-07
103,29,0.808594,0.230469,1,0,0,0,-3.26327e-07
104,29,0.816406,0.230469,1,0,0,0,-2.05732e-07
105,29,0.824219,0.230469,1,0,0,0,-1.28058e-07
106,29,0.832031,0.230469,1,0,0,0,-7.87003e-08
107,29,0.839844,0.230469,1,0,0,0,-4.77557e-08
108,29,0.847656,0.230469,1,0,0,0,-2.8613e-08
109,29,0.855469,0.230469,1,0,0,0,-1.69279e-08
110,29,0.863281,0.230469,1,0,0,0,-9.88892e-09
111,29,0.871094,0.230469,1,0,0,0,-5.70445e-09
112,29,0.878906,0.230469,1,0,0,0,-3.24941e-09
113,29,0.886719,0.230469,1,0,0,0,-1.82781e-09
114,29,0.894531,0.230469,1,0,0,0,-1.01531e-09
115,29,0.902344,0.230469,1,0,0,0,-5.56938e-10
116,29,0.910156,0.230469,1,0,0,0,-3.01696e-10
117,29,0.917969,0.230469,1,0,0,0,-1.61407e-10
118,29,0.925781,0.230469,1,0,0,0,-8.52793e-11
119,29,0.933594,0.230469,1,0,0,0,-4.44942e-11
120,29,0.941406,0.230469,1,0,0,0,-2.29221e-11
121,29,0.949219,0.230469,1,0,0,0,-1.16671e-11
122,29,0.957031,0.230469,1,0,0,0,-5.86908e-12
123,29,0.964844,0.230469,1,0,0,0,-2.89901e-12
124,29,0.972656,0.230469,1,0,0,0,-1.42109e-12
125,29,0.980469,0.230469,1,0,0,0,-6.96332e-13
126,29,0.988281,0.230469,1,0,0,0,-3.41061e-13
127,29,0.996094,0.230469,1,0,0,0,-1.13687e-13
0,30,0.00390625,0.238281,1,0,0,0,1.56319e-13
1,30,0.0117188,0.238281,1,0,0,0,4.9738e-13
2,30,0.0195312,0.238281,1,0,0,0,1.0516e-12
3,30,0.0273438,0.238281,1,0,0,0,2.16005e-12
4,30,0.0351562,0.238281,1,0,0,0,4.40536e-12
5,30,0.0429688,0.238281,1,0,0,0,8.88178e-12
6,30,0.0507812,0.238281,1,0,0,0,1.76641e-11
7,30,0.0585938,0.238281,1,0,0,0,3.47171e-11
8,30,0.0664062,0.238281,1,0,0,0,6.73879e-11
9,30,0.0742188,0.238281,1,0,0,0,1.29134e-10
10,30,0.0820312,0.238281,1,0,0,0,2.44427e-10
11,30,0.0898438,0.238281,1,0,0,0,4.56922e-10
12,30,0.0976562,0.238281,1,0,0,0,8.43457e-10
13,30,0.105469,0.238281,1,0,0,0,1.5376e-09
14,30,0.113281,0.238281,1,0,0,0,2.76809e-09
15,30,0.121094,0.238281,1,0,0,0,4.92102e-09
16,30,0.128906,0.238281,1,0,0,0,8.63899e-09
17,30,0.136719,0.238281,1,0,0,0,1.49761e-08
18,30,0.144531,0.238281,1,0,0,0,2.56361e-08
19,30,0.152344,0.238281,1,0,0,0,4.33324e-08
20,30,0.160156,0.238281,1,0,0,0,7.23227e-08
21,30,0.167969,0.238281,1,0,0,0,1.19186e-07
22,30,0.175781,0.238281,1,0,0,0,1.93934e-07
23,30,0.183594,0.238281,1,0,0,0,3.11567e-07
24,30,0.191406,0.238281,1,0,0,0,4.94199e-07
25,30,0.199219,0.238281,1,0,0,0,7.73914e-07
26,30,0.207031,0.238281,1,0,0,0,1.19649e-06
27,30,0.214844,0.238281,1,0,0,0,1.82616e-06
28,30,0.222656,0.238281,1,0,0,0,2.75143e-06
29,30,0.230469,0.238281,1,0,0,0,4.09217e-06
30,30,0.238281,0.238281,1,0,0,0,6.00764e-06
31,30,0.246094,0.238281,1,0,0,0,8.70534e-06
32,30,0.253906,0.238281,1,0,0,0,1.24502e-05
33,30,0.261719,0.238281,1,0,0,0,1.75731e-05
34,30,0.269531,0.238281,1,0,0,0,2.44778e-05
35,30,0.277344,0.238281,1,0,0,0,3.36446e-05
36,30,0.285156,0.238281,1,0,0,0,4.56294e-05
37,30,0.292969,0.238281,1,0,0,0,6.10547e-05
38,30,0.300781,0.238281,1,0,0,0,8.05923e-05
39,30,0.308594,0.238281,1,0,0,0,0.000104935
40,30,0.316406,0.238281,1,0,0,0,0.000134754
41,30,0.324219,0.238281,1,0,0,0,0.000170646
42,30,0.332031,0.238281,1.00001,0,0,0,0.000213065
43,30,0.339844,0.238281,1.00001,0,0,0,0.000262244
44,30,0.347656,0.238281,1.00001,0,0,0,0.000318116
45,30,0.355469,0.238281,1.00001,0,0,0,0.000380226
46,30,0.363281,0.238281,1.00002,0,0,0,0.000447659
47,30,0.371094,0.238281,1.00002,0,0,0,0.000518982
48,30,0.378906,0.238281,1.00002,0,0,0,0.000592214
49,30,0.386719,0.238281,1.00003,0,0,0,0.000664835
50,30,0.394531,0.238281,1.00003,0,0,0,0.000733835
51,30,0.402344,0.238281,1.00004,0,0,0,0.000795818
52,30,0.410156,0.238281,1.00005,0,0,0,0.00084715
53,30,0.417969,0.238281,1.00005,0,0,0,0.00088416
54,30,0.425781,0.238281,1.00006,0,0,0,0.000903367
55,30,0.433594,0.238281,1.00007,0,0,0,0.000901734
56,30,0.441406,0.238281,1.00008,0,0,0,0.00087692
57,30,0.449219,0.238281,1.00008,0,0,0,0.000827506
58,30,0.457031,0.238281,1.00009,0,0,0,0.000753182
59,30,0.464844,0.238281,1.00009,0,0,0,0.000654861
60,30,0.472656,0.238281,1.0001,0,0,0,0.000534717
61,30,0.480469,0.238281,1.0001,0,0,0,0.000396128
62,30,0.488281,0.238281,1.0001,0,0,0,0.000243527
63,30,0.496094,0.238281,1.00011,0,0,0,8.21685e-05
64,30,0.503906,0.238281,1.00011,0,0,0,-8.21685e-05
65,30,0.511719,0.238281,1.0001,0,0,0,-0.000243527
66,30,0.519531,0.238281,1.0001,0,0,0,-0.000396128
67,30,0.527344,0.238281,1.0001,0,0,0,-0.000534717
68,30,0.535156,0.238281,1.00009,0,0,0,-0.000654861
69,30,0.542969,0.238281,1.00009,0,0,0,-0.000753182
70,30,0.550781,0.238281,1.00008,0,0,0,-0.000827506
71,30,0.558594,0.238281,1.00008,0,0,0,-0.00087692
72,30,0.566406,0.238281,1.00007,0,0,0,-0.000901734
73,30,0.574219,0.238281,1.00006,0,0,0,-0.000903367
74,30,0.582031,0.238281,1.00005,0,0,0,-0.00088416
75,30,0.589844,0.238281,1.00005,0,0,0,-0.00084715
76,30,0.597656,0.238281,1.00004,0,0,0,-0.000795818
77,30,0.605469,0.238281,1.00003,0,0,0,-0.000733835
78,30,0.613281,0.238281,1.00003,0,0,0,-0.000664835
79,30,0.621094,0.238281,1.00002,0,0,0,-0.000592214
80,30,0.628906,0.238281,1.00002,0,0,0,-0.000518982
81,30,0.636719,0.238281,1.00002,0,0,0,-0.000447659
82,30,0.644531,0.238281,1.00001,0,0,0,-0.000380226
83,30,0.652344,0.238281,1.00001,0,0,0,-0.000318116
84,30,0.660156,0.238281,1.00001,0,0,0,-0.000262244
85,30,0.667969,0.238281,1.00001,0,0,0,-0.000213065
86,30,0.675781,0.238281,1,0,0,0,-0.000170646
87,30,0.683594,0.238281,1,0,0,0,-0.000134754
88,30,0.691406,0.238281,1,0,0,0,-0.000104935
89,30,0.699219,0.238281,1,0,0,0,-8.05923e-05
90,30,0.707031,0.238281,1,0,0,0,-6.10547e-05
91,30,0.714844,0.238281,1,0,0,0,-4.56294e-05
92,30,0.722656,0.238281,1,0,0,0,-3.36446e-05
93,30,0.730469,0.238281,1,0,0,0,-2.44778e-05
94,30,0.738281,0.238281,1,0,0,0,-1.75731e-05
95,30,0.746094,0.238281,1,0,0,0,-1.24502e-05
96,30,0.753906,0.238281,1,0,0,0,-8.70534e-06
97,30,0.761719,0.238281,1,0,0,0,-6.00764e-06
98,30,0.769531,0.238281,1,0,0,0,-4.09217e-06
99,30,0.777344,0.238281,1,0,0,0,-2.75143e-06
100,30,0.785156,0.238281,1,0,0,0,-1.82616e-06
101,30,0.792969,0.238281,1,0,0,0,-1.19649e-06
102,30,0.800781,0.238281,1,0,0,0,-7.73914e-07
103,30,0.808594,0.238281,1,0,0,0,-4.94199e-07
104,30,0.816406,0.238281,1,0,0,0,-3.11567e-07
105,30,0.824219,0.238281,1,0,0,0,-1.93934e-07
106,30,0.832031,0.238281,1,0,0,0,-1.19186e-07
107,30,0.839844,0.238281,1,0,0,0,-7.23227e-08
108,30,0.847656,0.238281,1,0,0,0,-4.33324e-08
109,30,0.855469,0.238281,1,0,0,0,-2.56361e-08
110,30,0.863281,0.238281,1,0,0,0,-1.49761e-08
111,30,0.871094,0.238281,1,0,0,0,-8.63899e-09
112,30,0.878906,0.238281,1,0,0,0,-4.92102e-09
113,30,0.886719,0.238281,1,0,0,0,-2.76809e-09
114,30,0.894531,0.238281,1,0,0,0,-1.5376e-09
115,30,0.902344,0.238281,1,0,0,0,-8.43457e-10
116,30,0.910156,0.238281,1,0,0,0,-4.56922e-10
117,30,0.917969,0.238281,1,0,0,0,-2.44427e-10
118,30,0.925781,0.238281,1,0,0,0,-1.29134e-10
119,30,0.933594,0.238281,1,0,0,0,-6.73879e-11
120,30,0.941406,0.238281,1,0,0,0,-3.47171e-11
121,30,0.949219,0.238281,1,0,0,0,-1.76641e-11
122,30,0.957031,0.238281,1,0,0,0,-8.88178e-12
123,30,0.964844,0.238281,1,0,0,0,-4.40536e-12
124,30,0.972656,0.238281,1,0,0,0,-2.16005e-12
125,30,0.980469,0.238281,1,0,0,0,-1.0516e-12
126,30,0.988281,0.238281,1,0,0,0,-4.9738e-13
127,30,0.996094,0.238281,1,0,0,0,-1.56319e-13
0,31,0.00390625,0.246094,1,0,0,0,2.41585e-13
1,31,0.0117188,0.246094,1,0,0,0,7.38964e-13
2,31,0.0195312,0.246094,1,0,0,0,1.56319e-12
3,31,0.0273438,0.246094,1,0,0,0,3.24007e-12
4,31,0.0351562,0.246094,1,0,0,0,6.59384e-12
5,31,0.0429688,0.246094,1,0,0,0,1.32871e-11
6,31,0.0507812,0.246094,1,0,0,0,2.64322e-11
7,31,0.0585938,0.246094,1,0,0,0,5.19407e-11
8,31,0.0664062,0.246094,1,0,0,0,1.00798e-10
9,31,0.0742188,0.246094,1,0,0,0,1.93197e-10
10,31,0.0820312,0.246094,1,0,0,0,3.65688e-10
11,31,0.0898438,0.246094,1,0,0,0,6.83556e-10
12,31,0.0976562,0.246094,1,0,0,0,1.26185e-09
13,31,0.105469,0.246094,1,0,0,0,2.30035e-09
14,31,0.113281,0.246094,1,0,0,0,4.14121e-09
15,31,0.121094,0.246094,1,0,0,0,7.3621e-09
16,31,0.128906,0.246094,1,0,0,0,1.29244e-08
17,31,0.136719,0.246094,1,0,0,0,2.24051e-08
18,31,0.144531,0.246094,1,0,0,0,3.8353e-08
19,31,0.152344,0.246094,1,0,0,0,6.48277e-08
20,31,0.160156,0.246094,1,0,0,0,1.08199e-07
21,31,0.167969,0.246094,1,0,0,0,1.78309e-07
22,31,0.175781,0.246094,1,0,0,0,2.90137e-07
23,31,0.183594,0.246094,1,0,0,0,4.66121e-07
24,31,0.191406,0.246094,1,0,0,0,7.39349e-07
25,31,0.199219,0.246094,1,0,0,0,1.15782e-06
26,31,0.207031,0.246094,1,0,0,0,1.79002e-06
27,31,0.214844,0.246094,1,0,0,0,2.73203e-06
28,31,0.222656,0.246094,1,0,0,0,4.11629e-06
29,31,0.230469,0.246094,1,0,0,0,6.12212e-06
30,31,0.238281,0.246094,1,0,0,0,8.98776e-06
31,31,0.246094,0.246094,1,0,0,0,1.30237e-05
32,31,0.253906,0.246094,1,0,0,0,1.86262e-05
33,31,0.261719,0.246094,1,0,0,0,2.62903e-05
34,31,0.269531,0.246094,1,0,0,0,3.66201e-05
35,31,0.277344,0.246094,1,0,0,0,5.03343e-05
36,31,0.285156,0.246094,1,0,0,0,6.82641e-05
37,31,0.292969,0.246094,1,0,0,0,9.13412e-05
38,31,0.300781,0.246094,1,0,0,0,0.000120571
39,31,0.308594,0.246094,1,0,0,0,0.000156988
40,31,0.316406,0.246094,1.00001,0,0,0,0.000201599
41,31,0.324219,0.246094,1.00001,0,0,0,0.000255296
42,31,0.332031,0.246094,1.00001,0,0,0,0.000318756
43,31,0.339844,0.246094,1.00001,0,0,0,0.000392332
44,31,0.347656,0.246094,1.00002,0,0,0,0.00047592
45,31,0.355469,0.246094,1.00002,0,0,0,0.00056884
46,31,0.363281,0.246094,1.00002,0,0,0,0.000669723
47,31,0.371094,0.246094,1.00003,0,0,0,0.000776426
48,31,0.378906,0.246094,1.00004,0,0,0,0.000885986
49,31,0.386719,0.246094,1.00004,0,0,0,0.000994631
50,31,0.394531,0.246094,1.00005,0,0,0,0.00109786
51,31,0.402344,0.246094,1.00006,0,0,0,0.00119059
52,31,0.410156,0.246094,1.00007,0,0,0,0.00126738
53,31,0.417969,0.246094,1.00008,0,0,0,0.00132275
54,31,0.425781,0.246094,1.00009,0,0,0,0.00135149
55,31,0.433594,0.246094,1.0001,0,0,0,0.00134904
56,31,0.441406,0.246094,1.00011,0,0,0,0.00131192
57,31,0.449219,0.246094,1.00012,0,0,0,0.00123799
58,31,0.457031,0.246094,1.00013,0,0,0,0.0011268
59,31,0.464844,0.246094,1.00014,0,0,0,0.000979708
60,31,0.472656,0.246094,1.00015,0,0,0,0.000799966
61,31,0.480469,0.246094,1.00015,0,0,0,0.00059263
62,31,0.488281,0.246094,1.00016,0,0,0,0.00036433
63,31,0.496094,0.246094,1.00016,0,0,0,0.000122929
64,31,0.503906,0.246094,1.00016,0,0,0,-0.000122929
65,31,0.511719,0.246094,1.00016,0,0,0,-0.00036433
66,31,0.519531,0.246094,1.00015,0,0,0,-0.00059263
67,31,0.527344,0.246094,1.00015,0,0,0,-0.000799966
68,31,0.535156,0.246094,1.00014,0,0,0,-0.000979708
69,31,0.542969,0.246094,1.00013,0,0,0,-0.0011268
70,31,0.550781,0.246094,1.00012,0,0,0,-0.00123799
71,31,0.558594,0.246094,1.00011,0,0,0,-0.00131192
72,31,0.566406,0.246094,1.0001,0,0,0,-0.00134904
73,31,0.574219,0.246094,1.00009,0,0,0,-0.00135149
74,31,0.582031,0.246094,1.00008,0,0,0,-0.00132275
75,31,0.589844,0.246094,1.00007,0,0,0,-0.00126738
76,31,0.597656,0.246094,1.00006,0,0,0,-0.00119059
77,31,0.605469,0.246094,1.00005,0,0,0,-0.00109786
78,31,0.613281,0.246094,1.00004,0,0,0,-0.000994631
79,31,0.621094,0.246094,1.00004,0,0,0,-0.000885986
80,31,0.628906,0.246094,1.00003,0,0,0,-0.000776426
81,31,0.636719,0.246094,1.00002,0,0,0,-0.000669723
82,31,0.644531,0.246094,1.00002,0,0,0,-0.00056884
83,31,0.652344,0.246094,1.00002,0,0,0,-0.00047592
84,31,0.660156,0.246094,1.00001,0,0,0,-0.000392332
85,31,0.667969,0.246094,1.00001,0,0,0,-0.000318756
86,31,0.675781,0.246094,1.00001,0,0,0,-0.000255296
87,31,0.683594,0.246094,1.00001,0,0,0,-0.000201599
88,31,0.691406,0.246094,1,0,0,0,-0.000156988
89,31,0.699219,0.246094,1,0,0,0,-0.000120571
90,31,0.707031,0.246094,1,0,0,0,-9.13412e-05
91,31,0.714844,0.246094,1,0,0,0,-6.82641e-05
92,31,0.722656,0.246094,1,0,0,0,-5.03343e-05
93,31,0.730469,0.246094,1,0,0,0,-3.66201e-05
94,31,0.738281,0.246094,1,0,0,0,-2.62903e-05
95,31,0.746094,0.246094,1,0,0,0,-1.86262e-05
96,31,0.753906,0.246094,1,0,0,0,-1.30237e-05
97,31,0.761719,0.246094,1,0,0,0,-8.98776e-06
98,31,0.769531,0.246094,1,0,0,0,-6.12212e-06
99,31,0.777344,0.246094,1,0,0,0,-4.11629e-06
100,31,0.785156,0.246094,1,0,0,0,-2.73203e-06
101,31,0.792969,0.246094,1,0,0,0,-1.79002e-06
102,31,0.800781,0.246094,1,0,0,0,-1.15782e-06
103,31,0.808594,0.246094,1,0,0,0,-7.39349e-07
104,31,0.816406,0.246094,1,0,0,0,-4.66121e-07
105,31,0.824219,0.246094,1,0,0,0,-2.90137e-07
106,31,0.832031,0.246094,1,0,0,0,-1.78309e-07
107,31,0.839844,0.246094,1,0,0,0,-1.08199e-07
108,31,0.847656,0.246094,1,0,0,0,-6.48277e-08
109,31,0.855469,0.246094,1,0,0,0,-3.8353e-08
110,31,0.863281,0.246094,1,0,0,0,-2.24051e-08
111,31,0.871094,0.246094,1,0,0,0,-1.29244e-08
112,31,0.878906,0.246094,1,0,0,0,-7.3621e-09
113,31,0.886719,0.246094,1,0,0,0,-4.14121e-09
114,31,0.894531,0.246094,1,0,0,0,-2.30035e-09
115,31,0.902344,0.246094,1,0,0,0,-1.26185e-09
116,31,0.910156,0.246094,1,0,0,0,-6.83556e-10
117,31,0.917969,0.246094,1,0,0,0,-3.65688e-10
118,31,0.925781,0.246094,1,0,0,0,-1.93197e-10
119,31,0.933594,0.246094,1,0,0,0,-1.00798e-10
120,31,0.941406,0.246094,1,0,0,0,-5.19407e-11
121,31,0.949219,0.246094,1,0,0,0,-2.64322e-11
122,31,0.957031,0.246094,1,0,0,0,-1.32871e-11
123,31,0.964844,0.246094,1,0,0,0,-6.59384e-12
124,31,0.972656,0.246094,1,0,0,0,-3.24007e-12
125,31,0.980469,0.246094,1,0,0,0,-1.56319e-12
126,31,0.988281,0.246094,1,0,0,0,-7.38964e-13
127,31,0.996094,0.246094,1,0,0,0,-2.41585e-13
0,32,0.00390625,0.253906,1,0,0,0,3.55271e-13
1,32,0.0117188,0.253906,1,0,0,0,1.09424e-12
2,32,0.0195312,0.253906,1,0,0,0,2.30216e-12
3,32,0.0273438,0.253906,1,0,0,0,4.78906e-12
4,32,0.0351562,0.253906,1,0,0,0,9.74865e-12
5,32,0.0429688,0.253906,1,0,0,0,1.96252e-11
6,32,0.0507812,0.253906,1,0,0,0,3.90656e-11
7,32,0.0585938,0.253906,1,0,0,0,7.6767e-11
8,32,0.0664062,0.253906,1,0,0,0,1.48987e-10
9,32,0.0742188,0.253906,1,0,0,0,2.85539e-10
10,32,0.0820312,0.253906,1,0,0,0,5.40439e-10
11,32,0.0898438,0.253906,1,0,0,0,1.01024e-09
12,32,0.0976562,0.253906,1,0,0,0,1.8649e-09
13,32,0.105469,0.253906,1,0,0,0,3.39969e-09
14,32,0.113281,0.253906,1,0,0,0,6.12032e-09
15,32,0.121094,0.253906,1,0,0,0,1.08805e-08
16,32,0.128906,0.253906,1,0,0,0,1.9101e-08
17,32,0.136719,0.253906,1,0,0,0,3.31125e-08
18,32,0.144531,0.253906,1,0,0,0,5.6682e-08
19,32,0.152344,0.253906,1,0,0,0,9.58092e-08
20,32,0.160156,0.253906,1,0,0,0,1.59907e-07
21,32,0.167969,0.253906,1,0,0,0,2.63524e-07
22,32,0.175781,0.253906,1,0,0,0,4.28794e-07
23,32,0.183594,0.253906,1,0,0,0,6.88882e-07
24,32,0.191406,0.253906,1,0,0,0,1.09269e-06
25,32,0.199219,0.253906,1,0,0,0,1.71114e-06
26,32,0.207031,0.253906,1,0,0,0,2.64548e-06
27,32,0.214844,0.253906,1,0,0,0,4.03768e-06
28,32,0.222656,0.253906,1,0,0,0,6.08349e-06
29,32,0.230469,0.253906,1,0,0,0,9.0479e-06
30,32,0.238281,0.253906,1,0,0,0,1.3283e-05
31,32,0.246094,0.253906,1,0,0,0,1.92477e-05
32,32,0.253906,0.253906,1,0,0,0,2.75277e-05
33,32,0.261719,0.253906,1,0,0,0,3.88545e-05
34,32,0.269531,0.253906,1,0,0,0,5.4121e-05
35,32,0.277344,0.253906,1,0,0,0,7.43892e-05
36,32,0.285156,0.253906,1,0,0,0,0.000100888
37,32,0.292969,0.253906,1,0,0,0,0.000134994
38,32,0.300781,0.253906,1,0,0,0,0.000178192
39,32,0.308594,0.253906,1.00001,0,0,0,0.000232014
40,32,0.316406,0.253906,1.00001,0,0,0,0.000297945
41,32,0.324219,0.253906,1.00001,0,0,0,0.000377303
42,32,0.332031,0.253906,1.00001,0,0,0,0.000471092
43,32,0.339844,0.253906,1.00002,0,0,0,0.000579829
44,32,0.347656,0.253906,1.00002,0,0,0,0.000703364
45,32,0.355469,0.253906,1.00003,0,0,0,0.000840691
46,32,0.363281,0.253906,1.00004,0,0,0,0.000989786
47,32,0.371094,0.253906,1.00004,0,0,0,0.00114748
48,32,0.378906,0.253906,1.00005,0,0,0,0.0013094
49,32,0.386719,0.253906,1.00006,0,0,0,0.00146997
50,32,0.394531,0.253906,1.00008,0,0,0,0.00162253
51,32,0.402344,0.253906,1.00009,0,0,0,0.00175957
52,32,0.410156,0.253906,1.0001,0,0,0,0.00187307
53,32,0.417969,0.253906,1.00012,0,0,0,0.0019549
54,32,0.425781,0.253906,1.00014,0,0,0,0.00199737
55,32,0.433594,0.253906,1.00015,0,0,0,0.00199376
56,32,0.441406,0.253906,1.00017,0,0,0,0.00193889
57,32,0.449219,0.253906,1.00018,0,0,0,0.00182964
58,32,0.457031,0.253906,1.00019,0,0,0,0.00166531
59,32,0.464844,0.253906,1.00021,0,0,0,0.00144791
60,32,0.472656,0.253906,1.00022,0,0,0,0.00118227
61,32,0.480469,0.253906,1.00023,0,0,0,0.00087585
62,32,0.488281,0.253906,1.00023,0,0,0,0.000538444
63,32,0.496094,0.253906,1.00023,0,0,0,0.000181677
64,32,0.503906,0.253906,1.00023,0,0,0,-0.000181677
65,32,0.511719,0.253906,1.00023,0,0,0,-0.000538444
66,32,0.519531,0.253906,1.00023,0,0,0,-0.00087585
67,32,0.527344,0.253906,1.00022,0,0,0,-0.00118227
68,32,0.535156,0.253906,1.00021,0,0,0,-0.00144791
69,32,0.542969,0.253906,1.00019,0,0,0,-0.00166531
70,32,0.550781,0.253906,1.00018,0,0,0,-0.00182964
71,32,0.558594,0.253906,1.00017,0,0,0,-0.00193889
72,32,0.566406,0.253906,1.00015,0,0,0,-0.00199376
73,32,0.574219,0.253906,1.00014,0,0,0,-0.00199737
74,32,0.582031,0.253906,1.00012,0,0,0,-0.0019549
75,32,0.589844,0.253906,1.0001,0,0,0,-0.00187307
76,32,0.597656,0.253906,1.00009,0,0,0,-0.00175957
77,32,0.605469,0.253906,1.00008,0,0,0,-0.00162253
78,32,0.613281,0.253906,1.00006,0,0,0,-0.00146997
79,32,0.621094,0.253906,1.00005,0,0,0,-0.0013094
80,32,0.628906,0.253906,1.00004,0,0,0,-0.00114748
81,32,0.636719,0.253906,1.00004,0,0,0,-0.000989786
82,32,0.644531,0.253906,1.00003,0,0,0,-0.000840691
83,32,0.652344,0.253906,1.00002,0,0,0,-0.000703364
84,32,0.660156,0.253906,1.00002,0,0,0,-0.000579829
85,32,0.667969,0.253906,1.00001,0,0,0,-0.000471092
86,32,0.675781,0.253906,1.00001,0,0,0,-0.000377303
87,32,0.683594,0.253906,1.00001,0,0,0,-0.000297945
88,32,0.691406,0.253906,1.00001,0,0,0,-0.000232014
89,32,0.699219,0.253906,1,0,0,0,-0.000178192
90,32,0.707031,0.253906,1,0,0,0,-0.000134994
91,32,0.714844,0.253906,1,0,0,0,-0.000100888
92,32,0.722656,0.253906,1,0,0,0,-7.43892e-05
93,32,0.730469,0.253906,1,0,0,0,-5.4121e-05
94,32,0.738281,0.253906,1,0,0,0,-3.88545e-05
95,32,0.746094,0.253906,1,0,0,0,-2.75277e-05
96,32,0.753906,0.253906,1,0,0,0,-1.92477e-05
97,32,0.761719,0.253906,1,0,0,0,-1.3283e-05
98,32,0.769531,0.253906,1,0,0,0,-9.0479e-06
99,32,0.777344,0.253906,1,0,0,0,-6.08349e-06
100,32,0.785156,0.253906,1,0,0,0,-4.03768e-06
101,32,0.792969,0.253906,1,0,0,0,-2.64548e-06
102,32,0.800781,0.253906,1,0,0,0,-1.71114e-06
103,32,0.808594,0.253906,1,0,0,0,-1.09269e-06
104,32,0.816406,0.253906,1,0,0,0,-6.88882e-07
105,32,0.824219,0.253906,1,0,0,0,-4.28794e-07
106,32,0.832031,0.253906,1,0,0,0,-2.63524e-07
107,32,0.839844,0.253906,1,0,0,0,-1.59907e-07
108,32,0.847656,0.253906,1,0,0,0,-9.58092e-08
109,32,0.855469,0.253906,1,0,0,0,-5.6682e-08
110,32,0.863281,0.253906,1,0,0,0,-3.31125e-08
111,32,0.871094,0.253906,1,0,0,0,-1.9101e-08
112,32,0.878906,0.253906,1,0,0,0,-1.08805e-08
113,32,0.886719,0.253906,1,0,0,0,-6.12032e-09
114,32,0.894531,0.253906,1,0,0,0,-3.39969e-09
115,32,0.902344,0.253906,1,0,0,0,-1.8649e-09
116,32,0.910156,0.253906,1,0,0,0,-1.01024e-09
117,32,0.917969,0.253906,1,0,0,0,-5.40439e-10
118,32,0.925781,0.253906,1,0,0,0,-2.85539e-10
119,32,0.933594,0.253906,1,0,0,0,-1.48987e-10
120,32,0.941406,0.253906,1,0,0,0,-7.6767e-11
121,32,0.949219,0.253906,1,0,0,0,-3.90656e-11
122,32,0.957031,0.253906,1,0,0,0,-1.96252e-11
123,32,0.964844,0.253906,1,0,0,0,-9.74865e-12
124,32,0.972656,0.253906,1,0,0,0,-4.78906e-12
125,32,0.980469,0.253906,1,0,0,0,-2.30216e-12
126,32,0.988281,0.253906,1,0,0,0,-1.09424e-12
127,32,0.996094,0.253906,1,0,0,0,-3.55271e-13
0,33,0.00390625,0.261719,1,0,0,0,5.11591e-13
1,33,0.0117188,0.261719,1,0,0,0,1.60583e-12
2,33,0.0195312,0.261719,1,0,0,0,3.38218e-12
3,33,0.0273438,0.261719,1,0,0,0,6.97753e-12
4,33,0.0351562,0.261719,1,0,0,0,1.42251e-11
5,33,0.0429688,0.261719,1,0,0,0,2.86633e-11
6,33,0.0507812,0.261719,1,0,0,0,5.70424e-11
7,33,0.0585938,0.261719,1,0,0,0,1.12081e-10
8,33,0.0664062,0.261719,1,0,0,0,2.17497e-10
9,33,0.0742188,0.261719,1,0,0,0,4.16861e-10
10,33,0.0820312,0.261719,1,0,0,0,7.89043e-10
11,33,0.0898438,0.261719,1,0,0,0,1.47493e-09
12,33,0.0976562,0.261719,1,0,0,0,2.7227e-09
13,33,0.105469,0.261719,1,0,0,0,4.96347e-09
14,33,0.113281,0.261719,1,0,0,0,8.93549e-09
15,33,0.121094,0.261719,1,0,0,0,1.58852e-08
16,33,0.128906,0.261719,1,0,0,0,2.7887e-08
17,33,0.136719,0.261719,1,0,0,0,4.83434e-08
18,33,0.144531,0.261719,1,0,0,0,8.27542e-08
19,33,0.152344,0.261719,1,0,0,0,1.39879e-07
20,33,0.160156,0.261719,1,0,0,0,2.33461e-07
21,33,0.167969,0.261719,1,0,0,0,3.84737e-07
22,33,0.175781,0.261719,1,0,0,0,6.26028e-07
23,33,0.183594,0.261719,1,0,0,0,1.00575e-06
24,33,0.191406,0.261719,1,0,0,0,1.59529e-06
25,33,0.199219,0.261719,1,0,0,0,2.49823e-06
26,33,0.207031,0.261719,1,0,0,0,3.86233e-06
27,33,0.214844,0.261719,1,0,0,0,5.8949e-06
28,33,0.222656,0.261719,1,0,0,0,8.88173e-06
29,33,0.230469,0.261719,1,0,0,0,1.32097e-05
30,33,0.238281,0.261719,1,0,0,0,1.93929e-05
31,33,0.246094,0.261719,1,0,0,0,2.81012e-05
32,33,0.253906,0.261719,1,0,0,0,4.01897e-05
33,33,0.261719,0.261719,1,0,0,0,5.67265e-05
34,33,0.269531,0.261719,1,0,0,0,7.90152e-05
35,33,0.277344,0.261719,1,0,0,0,0.000108606
36,33,0.285156,0.261719,1,0,0,0,0.000147294
37,33,0.292969,0.261719,1,0,0,0,0.000197087
38,33,0.300781,0.261719,1.00001,0,0,0,0.000260155
39,33,0.308594,0.261719,1.00001,0,0,0,0.000338734
40,33,0.316406,0.261719,1.00001,0,0,0,0.000434991
41,33,0.324219,0.261719,1.00002,0,0,0,0.000550852
42,33,0.332031,0.261719,1.00002,0,0,0,0.000687781
43,33,0.339844,0.261719,1.00003,0,0,0,0.000846535
44,33,0.347656,0.261719,1.00003,0,0,0,0.00102689
45,33,0.355469,0.261719,1.00004,0,0,0,0.00122739
46,33,0.363281,0.261719,1.00005,0,0,0,0.00144506
47,33,0.371094,0.261719,1.00006,0,0,0,0.00167529
48,33,0.378906,0.261719,1.00008,0,0,0,0.00191169
49,33,0.386719,0.261719,1.00009,0,0,0,0.00214611
50,33,0.394531,0.261719,1.00011,0,0,0,0.00236885
51,33,0.402344,0.261719,1.00013,0,0,0,0.00256893
52,33,0.410156,0.261719,1.00015,0,0,0,0.00273463
53,33,0.417969,0.261719,1.00017,0,0,0,0.0028541
54,33,0.425781,0.261719,1.0002,0,0,0,0.0029161
55,33,0.433594,0.261719,1.00022,0,0,0,0.00291083
56,33,0.441406,0.261719,1.00024,0,0,0,0.00283073
57,33,0.449219,0.261719,1.00026,0,0,0,0.00267122
58,33,0.457031,0.261719,1.00028,0,0,0,0.0024313
59,33,0.464844,0.261719,1.0003,0,0,0,0.00211392
60,33,0.472656,0.261719,1.00032,0,0,0,0.00172609
61,33,0.480469,0.261719,1.00033,0,0,0,0.00127872
62,33,0.488281,0.261719,1.00034,0,0,0,0.000786114
63,33,0.496094,0.261719,1.00034,0,0,0,0.000265243
64,33,0.503906,0.261719,1.00034,0,0,0,-0.000265243
65,33,0.511719,0.261719,1.00034,0,0,0,-0.000786114
66,33,0.519531,0.261719,1.00033,0,0,0,-0.00127872
67,33,0.527344,0.261719,1.00032,0,0,0,-0.00172609
68,33,0.535156,0.261719,1.0003,0,0,0,-0.00211392
69,33,0.542969,0.261719,1.00028,0,0,0,-0.0024313
70,33,0.550781,0.261719,1.00026,0,0,0,-0.00267122
71,33,0.558594,0.261719,1.00024,0,0,0,-0.00283073
72,33,0.566406,0.261719,1.00022,0,0,0,-0.00291083
73,33,0.574219,0.261719,1.0002,0,0,0,-0.0029161
74,33,0.582031,0.261719,1.00017,0,0,0,-0.0028541
75,33,0.589844,0.261719,1.00015,0,0,0,-0.00273463
76,33,0.597656,0.261719,1.00013,0,0,0,-0.00256893
77,33,0.605469,0.261719,1.00011,0,0,0,-0.00236885
78,33,0.613281,0.261719,1.00009,0,0,0,-0.00214611
79,33,0.621094,0.261719,1.00008,0,0,0,-0.00191169
80,33,0.628906,0.261719,1.00006,0,0,0,-0.00167529
81,33,0.636719,0.261719,1.00005,0,0,0,-0.00144506
82,33,0.644531,0.261719,1.00004,0,0,0,-0.00122739
83,33,0.652344,0.261719,1.00003,0,0,0,-0.00102689
84,33,0.660156,0.261719,1.00003,0,0,0,-0.000846535
85,33,0.667969,0.261719,1.00002,0,0,0,-0.000687781
86,33,0.675781,0.261719,1.00002,0,0,0,-0.000550852
87,33,0.683594,0.261719,1.00001,0,0,0,-0.000434991
88,33,0.691406,0.261719,1.00001,0,0,0,-0.000338734
89,33,0.699219,0.261719,1.00001,0,0,0,-0.000260155
90,33,0.707031,0.261719,1,0,0,0,-0.000197087
91,33,0.714844,0.261719,1,0,0,0,-0.000147294
92,33,0.722656,0.261719,1,0,0,0,-0.000108606
93,33,0.730469,0.261719,1,0,0,0,-7.90152e-05
94,33,0.738281,0.261719,1,0,0,0,-5.67265e-05
95,33,0.746094,0.261719,1,0,0,0,-4.01897e-05
96,33,0.753906,0.261719,1,0,0,0,-2.81012e-05
97,33,0.761719,0.261719,1,0,0,0,-1.93929e-05
98,33,0.769531,0.261719,1,0,0,0,-1.32097e-05
99,33,0.777344,0.261719,1,0,0,0,-8.88173e-06
100,33,0.785156,0.261719,1,0,0,0,-5.8949e-06
101,33,0.792969,0.261719,1,0,0,0,-3.86233e-06
102,33,0.800781,0.261719,1,0,0,0,-2.49823e-06
103,33,0.808594,0.261719,1,0,0,0,-1.59529e-06
104,33,0.816406,0.261719,1,0,0,0,-1.00575e-06
105,33,0.824219,0.261719,1,0,0,0,-6.26028e-07
106,33,0.832031,0.261719,1,0,0,0,-3.84737e-07
107,33,0.839844,0.261719,1,0,0,0,-2.33461e-07
108,33,0.847656,0.261719,1,0,0,0,-1.39879e-07
109,33,0.855469,0.261719,1,0,0,0,-8.27542e-08
110,33,0.863281,0.261719,1,0,0,0,-4.83434e-08
111,33,0.871094,0.261719,1,0,0,0,-2.7887e-08
112,33,0.878906,0.261719,1,0,0,0,-1.58852e-08
113,33,0.886719,0.261719,1,0,0,0,-8.93549e-09
114,33,0.894531,0.261719,1,0,0,0,-4.96347e-09
115,33,0.902344,0.261719,1,0,0,0,-2.7227e-09
116,33,0.910156,0.261719,1,0,0,0,-1.47493e-09
117,33,0.917969,0.261719,1,0,0,0,-7.89043e-10
118,33,0.925781,0.261719,1,0,0,0,-4.16861e-10
119,33,0.933594,0.261719,1,0,0,0,-2.17497e-10
120,33,0.941406,0.261719,1,0,0,0,-1.12081e-10
121,33,0.949219,0.261719,1,0,0,0,-5.70424e-11
122,33,0.957031,0.261719,1,0,0,0,-2.86633e-11
123,33,0.964844,0.261719,1,0,0,0,-1.42251e-11
124,33,0.972656,0.261719,1,0,0,0,-6.97753e-12
125,33,0.980469,0.261719,1,0,0,0,-3.38218e-12
126,33,0.988281,0.261719,1,0,0,0,-1.60583e-12
127,33,0.996094,0.261719,1,0,0,0,-5.11591e-13
0,34,0.00390625,0.269531,1,0,0,0,7.38964e-13
1,34,0.0117188,0.269531,1,0,0,0,2.31637e-12
2,34,0.0195312,0.269531,1,0,0,0,4.87432e-12
3,34,0.0273438,0.269531,1,0,0,0,1.00613e-11
4,34,0.0351562,0.269531,1,0,0,0,2.05205e-11
5,34,0.0429688,0.269531,1,0,0,0,4.13536e-11
6,34,0.0507812,0.269531,1,0,0,0,8.22666e-11
7,34,0.0585938,0.269531,1,0,0,0,1.61634e-10
8,34,0.0664062,0.269531,1,0,0,0,3.1369e-10
9,34,0.0742188,0.269531,1,0,0,0,6.01233e-10
10,34,0.0820312,0.269531,1,0,0,0,1.13801e-09
11,34,0.0898438,0.269531,1,0,0,0,2.12722e-09
12,34,0.0976562,0.269531,1,0,0,0,3.92684e-09
13,34,0.105469,0.269531,1,0,0,0,7.1586e-09
14,34,0.113281,0.269531,1,0,0,0,1.28873e-08
15,34,0.121094,0.269531,1,0,0,0,2.29106e-08
16,34,0.128906,0.269531,1,0,0,0,4.02203e-08
17,34,0.136719,0.269531,1,0,0,0,6.97237e-08
18,34,0.144531,0.269531,1,0,0,0,1.19353e-07
19,34,0.152344,0.269531,1,0,0,0,2.01742e-07
20,34,0.160156,0.269531,1,0,0,0,3.36711e-07
21,34,0.167969,0.269531,1,0,0,0,5.54891e-07
22,34,0.175781,0.269531,1,0,0,0,9.02895e-07
23,34,0.183594,0.269531,1,0,0,0,1.45055e-06
24,34,0.191406,0.269531,1,0,0,0,2.30083e-06
25,34,0.199219,0.269531,1,0,0,0,3.60309e-06
26,34,0.207031,0.269531,1,0,0,0,5.57048e-06
27,34,0.214844,0.269531,1,0,0,0,8.50198e-06
28,34,0.222656,0.269531,1,0,0,0,1.28098e-05
29,34,0.230469,0.269531,1,0,0,0,1.90518e-05
30,34,0.238281,0.269531,1,0,0,0,2.79696e-05
31,34,0.246094,0.269531,1,0,0,0,4.05292e-05
32,34,0.253906,0.269531,1,0,0,0,5.79639e-05
33,34,0.261719,0.269531,1,0,0,0,8.18144e-05
34,34,0.269531,0.269531,1,0,0,0,0.00011396
35,34,0.277344,0.269531,1,0,0,0,0.000156638
36,34,0.285156,0.269531,1,0,0,0,0.000212436
37,34,0.292969,0.269531,1.00001,0,0,0,0.00028425
38,34,0.300781,0.269531,1.00001,0,0,0,0.000375211
39,34,0.308594,0.269531,1.00001,0,0,0,0.000488542
40,34,0.316406,0.269531,1.00002,0,0,0,0.00062737
41,34,0.324219,0.269531,1.00002,0,0,0,0.000794471
42,34,0.332031,0.269531,1.00003,0,0,0,0.000991959
43,34,0.339844,0.269531,1.00004,0,0,0,0.00122092
44,34,0.347656,0.269531,1.00005,0,0,0,0.00148104
45,34,0.355469,0.269531,1.00006,0,0,0,0.00177021
46,34,0.363281,0.269531,1.00008,0,0,0,0.00208415
47,34,0.371094,0.269531,1.00009,0,0,0,0.00241621
48,34,0.378906,0.269531,1.00011,0,0,0,0.00275715
49,34,0.386719,0.269531,1.00014,0,0,0,0.00309525
50,34,0.394531,0.269531,1.00016,0,0,0,0.0034165
51,34,0.402344,0.269531,1.00019,0,0,0,0.00370507
52,34,0.410156,0.269531,1.00022,0,0,0,0.00394405
53,34,0.417969,0.269531,1.00025,0,0,0,0.00411636
54,34,0.425781,0.269531,1.00028,0,0,0,0.00420578
55,34,0.433594,0.269531,1.00032,0,0,0,0.00419818
56,34,0.441406,0.269531,1.00035,0,0,0,0.00408265
57,34,0.449219,0.269531,1.00038,0,0,0,0.0038526
58,34,0.457031,0.269531,1.00041,0,0,0,0.00350657
59,34,0.464844,0.269531,1.00044,0,0,0,0.00304882
60,34,0.472656,0.269531,1.00046,0,0,0,0.00248947
61,34,0.480469,0.269531,1.00047,0,0,0,0.00184424
62,34,0.488281,0.269531,1.00049,0,0,0,0.00113378
63,34,0.496094,0.269531,1.00049,0,0,0,0.000382549
64,34,0.503906,0.269531,1.00049,0,0,0,-0.000382549
65,34,0.511719,0.269531,1.00049,0,0,0,-0.00113378
66,34,0.519531,0.269531,1.00047,0,0,0,-0.00184424
67,34,0.527344,0.269531,1.00046,0,0,0,-0.00248947
68,34,0.535156,0.269531,1.00044,0,0,0,-0.00304882
69,34,0.542969,0.269531,1.00041,0,0,0,-0.00350657
70,34,0.550781,0.269531,1.00038,0,0,0,-0.0038526
71,34,0.558594,0.269531,1.00035,0,0,0,-0.00408265
72,34,0.566406,0.269531,1.00032,0,0,0,-0.00419818
73,34,0.574219,0.269531,1.00028,0,0,0,-0.00420578
74,34,0.582031,0.269531,1.00025,0,0,0,-0.00411636
75,34,0.589844,0.269531,1.00022,0,0,0,-0.00394405
76,34,0.597656,0.269531,1.00019,0,0,0,-0.00370507
77,34,0.605469,0.269531,1.00016,0,0,0,-0.0034165
78,34,0.613281,0.269531,1.00014,0,0,0,-0.00309525
79,34,0.621094,0.269531,1.00011,0,0,0,-0.00275715
80,34,0.628906,0.269531,1.00009,0,0,0,-0.00241621
81,34,0.636719,0.269531,1.00008,0,0,0,-0.00208415
82,34,0.644531,0.269531,1.00006,0,0,0,-0.00177021
83,34,0.652344,0.269531,1.00005,0,0,0,-0.00148104
84,34,0.660156,0.269531,1.00004,0,0,0,-0.00122092
85,34,0.667969,0.269531,1.00003,0,0,0,-0.000991959
86,34,0.675781,0.269531,1.00002,0,0,0,-0.000794471
87,34,0.683594,0.269531,1.00002,0,0,0,-0.00062737
88,34,0.691406,0.269531,1.00001,0,0,0,-0.000488542
89,34,0.699219,0.269531,1.00001,0,0,0,-0.000375211
90,34,0.707031,0.269531,1.00001,0,0,0,-0.00028425
91,34,0.714844,0.269531,1,0,0,0,-0.000212436
92,34,0.722656,0.269531,1,0,0,0,-0.000156638
93,34,0.730469,0.269531,1,0,0,0,-0.00011396
94,34,0.738281,0.269531,1,0,0,0,-8.18144e-05
95,34,0.746094,0.269531,1,0,0,0,-5.79639e-05
96,34,0.753906,0.269531,1,0,0,0,-4.05292e-05
97,34,0.761719,0.269531,1,0,0,0,-2.79696e-05
98,34,0.769531,0.269531,1,0,0,0,-1.90518e-05
99,34,0.777344,0.269531,1,0,0,0,-1.28098e-05
100,34,0.785156,0.269531,1,0,0,0,-8.50198e-06
101,34,0.792969,0.269531,1,0,0,0,-5.57048e-06
102,34,0.800781,0.269531,1,0,0,0,-3.60309e-06
103,34,0.808594,0.269531,1,0,0,0,-2.30083e-06
104,34,0.816406,0.269531,1,0,0,0,-1.45055e-06
105,34,0.824219,0.269531,1,0,0,0,-9.02895e-07
106,34,0.832031,0.269531,1,0,0,0,-5.54891e-07
107,34,0.839844,0.269531,1,0,0,0,-3.36711e-07
108,34,0.847656,0.269531,1,0,0,0,-2.01742e-07
109,34,0.855469,0.269531,1,0,0,0,-1.19353e-07
110,34,0.863281,0.269531,1,0,0,0,-6.97237e-08
111,34,0.871094,0.269531,1,0,0,0,-4.02203e-08
112,34,0.878906,0.269531,1,0,0,0,-2.29106e-08
113,34,0.886719,0.269531,1,0,0,0,-1.28873e-08
114,34,0.894531,0.269531,1,0,0,0,-7.1586e-09
115,34,0.902344,0.269531,1,0,0,0,-3.92684e-09
116,34,0.910156,0.269531,1,0,0,0,-2.12722e-09
117,34,0.917969,0.269531,1,0,0,0,-1.13801e-09
118,34,0.925781,0.269531,1,0,0,0,-6.01233e-10
119,34,0.933594,0.269531,1,0,0,0,-3.1369e-10
120,34,0.941406,0.269531,1,0,0,0,-1.61634e-10
121,34,0.949219,0.269531,1,0,0,0,-8.22666e-11
122,34,0.957031,0.269531,1,0,0,0,-4.13536e-11
123,34,0.964844,0.269531,1,0,0,0,-2.05205e-11
124,34,0.972656,0.269531,1,0,0,0,-1.00613e-11
125,34,0.980469,0.269531,1,0,0,0,-4.87432e-12
126,34,0.988281,0.269531,1,0,0,0,-2.31637e-12
127,34,0.996094,0.269531,1,0,0,0,-7.38964e-13
0,35,0.00390625,0.277344,1,0,0,0,1.06581e-12
1,35,0.0117188,0.277344,1,0,0,0,3.31113e-12
2,35,0.0195312,0.277344,1,0,0,0,6.9349e-12
3,35,0.0273438,0.277344,1,0,0,0,1.43388e-11
4,35,0.0351562,0.277344,1,0,0,0,2.92459e-11
5,35,0.0429688,0.277344,1,0,0,0,5.8904e-11
6,35,0.0507812,0.277344,1,0,0,0,1.17197e-10
7,35,0.0585938,0.277344,1,0,0,0,2.30301e-10
8,35,0.0664062,0.277344,1,0,0,0,4.46946e-10
9,35,0.0742188,0.277344,1,0,0,0,8.56616e-10
10,35,0.0820312,0.277344,1,0,0,0,1.62137e-09
11,35,0.0898438,0.277344,1,0,0,0,3.03078e-09
12,35,0.0976562,0.277344,1,0,0,0,5.59481e-09
13,35,0.105469,0.277344,1,0,0,0,1.01993e-08
14,35,0.113281,0.277344,1,0,0,0,1.83613e-08
15,35,0.121094,0.277344,1,0,0,0,3.26421e-08
16,35,0.128906,0.277344,1,0,0,0,5.73043e-08
17,35,0.136719,0.277344,1,0,0,0,9.93396e-08
18,35,0.144531,0.277344,1,0,0,0,1.70049e-07
19,35,0.152344,0.277344,1,0,0,0,2.87433e-07
20,35,0.160156,0.277344,1,0,0,0,4.79732e-07
21,35,0.167969,0.277344,1,0,0,0,7.90587e-07
22,35,0.175781,0.277344,1,0,0,0,1.28641e-06
23,35,0.183594,0.277344,1,0,0,0,2.06669e-06
24,35,0.191406,0.277344,1,0,0,0,3.27813e-06
25,35,0.199219,0.277344,1,0,0,0,5.13354e-06
26,35,0.207031,0.277344,1,0,0,0,7.9366e-06
27,35,0.214844,0.277344,1,0,0,0,1.21133e-05
28,35,0.222656,0.277344,1,0,0,0,1.82508e-05
29,35,0.230469,0.277344,1,0,0,0,2.71443e-05
30,35,0.238281,0.277344,1,0,0,0,3.985e-05
31,35,0.246094,0.277344,1,0,0,0,5.77444e-05
32,35,0.253906,0.277344,1,0,0,0,8.25848e-05
33,35,0.261719,0.277344,1,0,0,0,0.000116566
34,35,0.269531,0.277344,1,0,0,0,0.000162366
35,35,0.277344,0.277344,1,0,0,0,0.000223172
36,35,0.285156,0.277344,1.00001,0,0,0,0.00030267
37,35,0.292969,0.277344,1.00001,0,0,0,0.000404989
38,35,0.300781,0.277344,1.00001,0,0,0,0.000534586
39,35,0.308594,0.277344,1.00002,0,0,0,0.000696056
40,35,0.316406,0.277344,1.00002,0,0,0,0.000893852
41,35,0.324219,0.277344,1.00003,0,0,0,0.00113193
42,35,0.332031,0.277344,1.00004,0,0,0,0.0014133
43,35,0.339844,0.277344,1.00005,0,0,0,0.00173952
44,35,0.347656,0.277344,1.00007,0,0,0,0.00211013
45,35,0.355469,0.277344,1.00009,0,0,0,0.00252212
46,35,0.363281,0.277344,1.00011,0,0,0,0.00296942
47,35,0.371094,0.277344,1.00013,0,0,0,0.00344252
48,35,0.378906,0.277344,1.00016,0,0,0,0.00392829
49,35,0.386719,0.277344,1.00019,0,0,0,0.00441
50,35,0.394531,0.277344,1.00023,0,0,0,0.00486769
51,35,0.402344,0.277344,1.00027,0,0,0,0.00527883
52,35,0.410156,0.277344,1.00031,0,0,0,0.00561933
53,35,0.417969,0.277344,1.00036,0,0,0,0.00586482
54,35,0.425781,0.277344,1.00041,0,0,0,0.00599223
55,35,0.433594,0.277344,1.00045,0,0,0,0.0059814
56,35,0.441406,0.277344,1.0005,0,0,0,0.0058168
57,35,0.449219,0.277344,1.00054,0,0,0,0.00548903
58,35,0.457031,0.277344,1.00058,0,0,0,0.00499602
59,35,0.464844,0.277344,1.00062,0,0,0,0.00434383
60,35,0.472656,0.277344,1.00065,0,0,0,0.00354689
61,35,0.480469,0.277344,1.00068,0,0,0,0.0026276
62,35,0.488281,0.277344,1.00069,0,0,0,0.00161537
63,35,0.496094,0.277344,1.0007,0,0,0,0.000545041
64,35,0.503906,0.277344,1.0007,0,0,0,-0.000545041
65,35,0.511719,0.277344,1.00069,0,0,0,-0.00161537
66,35,0.519531,0.277344,1.00068,0,0,0,-0.0026276
67,35,0.527344,0.277344,1.00065,0,0,0,-0.00354689
68,35,0.535156,0.277344,1.00062,0,0,0,-0.00434383
69,35,0.542969,0.277344,1.00058,0,0,0,-0.00499602
70,35,0.550781,0.277344,1.00054,0,0,0,-0.00548903
71,35,0.558594,0.277344,1.0005,0,0,0,-0.0058168
72,35,0.566406,0.277344,1.00045,0,0,0,-0.0059814
73,35,0.574219,0.277344,1.00041,0,0,0,-0.00599223
74,35,0.582031,0.277344,1.00036,0,0,0,-0.00586482
75,35,0.589844,0.277344,1.00031,0,0,0,-0.00561933
76,35,0.597656,0.277344,1.00027,0,0,0,-0.00527883
77,35,0.605469,0.277344,1.00023,0,0,0,-0.00486769
78,35,0.613281,0.277344,1.00019,0,0,0,-0.00441
79,35,0.621094,0.277344,1.00016,0,0,0,-0.00392829
80,35,0.628906,0.277344,1.00013,0,0,0,-0.00344252
81,35,0.636719,0.277344,1.00011,0,0,0,-0.00296942
82,35,0.644531,0.277344,1.00009,0,0,0,-0.00252212
83,35,0.652344,0.277344,1.00007,0,0,0,-0.00211013
84,35,0.660156,0.277344,1.00005,0,0,0,-0.00173952
85,35,0.667969,0.277344,1.00004,0,0,0,-0.0014133
86,35,0.675781,0.277344,1.00003,0,0,0,-0.00113193
87,35,0.683594,0.277344,1.00002,0,0,0,-0.000893852
88,35,0.691406,0.277344,1.00002,0,0,0,-0.000696056
89,35,0.699219,0.277344,1.00001,0,0,0,-0.000534586
90,35,0.707031,0.277344,1.00001,0,0,0,-0.000404989
91,35,0.714844,0.277344,1.00001,0,0,0,-0.00030267
92,35,0.722656,0.277344,1,0,0,0,-0.000223172
93,35,0.730469,0.277344,1,0,0,0,-0.000162366
94,35,0.738281,0.277344,1,0,0,0,-0.000116566
95,35,0.746094,0.277344,1,0,0,0,-8.25848e-05
96,35,0.753906,0.277344,1,0,0,0,-5.77444e-05
97,35,0.761719,0.277344,1,0,0,0,-3.985e-05
98,35,0.769531,0.277344,1,0,0,0,-2.71443e-05
99,35,0.777344,0.277344,1,0,0,0,-1.82508e-05
100,35,0.785156,0.277344,1,0,0,0,-1.21133e-05
101,35,0.792969,0.277344,1,0,0,0,-7.9366e-06
102,35,0.800781,0.277344,1,0,0,0,-5.13354e-06
103,35,0.808594,0.277344,1,0,0,0,-3.27813e-06
104,35,0.816406,0.277344,1,0,0,0,-2.06669e-06
105,35,0.824219,0.277344,1,0,0,0,-1.28641e-06
106,35,0.832031,0.277344,1,0,0,0,-7.90587e-07
107,35,0.839844,0.277344,1,0,0,0,-4.79732e-07
108,35,0.847656,0.277344,1,0,0,0,-2.87433e-07
109,35,0.855469,0.277344,1,0,0,0,-1.70049e-07
110,35,0.863281,0.277344,1,0,0,0,-9.93396e-08
111,35,0.871094,0.277344,1,0,0,0,-5.73043e-08
112,35,0.878906,0.277344,1,0,0,0,-3.26421e-08
113,35,0.886719,0.277344,1,0,0,0,-1.83613e-08
114,35,0.894531,0.277344,1,0,0,0,-1.01993e-08
115,35,0.902344,0.277344,1,0,0,0,-5.59481e-09
116,35,0.910156,0.277344,1,0,0,0,-3.03078e-09
117,35,0.917969,0.277344,1,0,0,0,-1.62137e-09
118,35,0.925781,0.277344,1,0,0,0,-8.56616e-10
119,35,0.933594,0.277344,1,0,0,0,-4.46946e-10
120,35,0.941406,0.277344,1,0,0,0,-2.30301e-10
121,35,0.949219,0.277344,1,0,0,0,-1.17197e-10
122,35,0.957031,0.277344,1,0,0,0,-5.8904e-11
123,35,0.964844,0.277344,1,0,0,0,-2.92459e-11
124,35,0.972656,0.277344,1,0,0,0,-1.43388e-11
125,35,0.980469,0.277344,1,0,0,0,-6.9349e-12
126,35,0.988281,0.277344,1,0,0,0,-3.31113e-12
127,35,0.996094,0.277344,1,0,0,0,-1.06581e-12
0,36,0.00390625,0.285156,1,0,0,0,1.50635e-12
1,36,0.0117188,0.285156,1,0,0,0,4.67537e-12
2,36,0.0195312,0.285156,1,0,0,0,9.76286e-12
3,36,0.0273438,0.285156,1,0,0,0,2.01794e-11
4,36,0.0351562,0.285156,1,0,0,0,4.11546e-11
5,36,0.0429688,0.285156,1,0,0,0,8.29061e-11
6,36,0.0507812,0.285156,1,0,0,0,1.6496e-10
7,36,0.0585938,0.285156,1,0,0,0,3.24135e-10
8,36,0.0664062,0.285156,1,0,0,0,6.29058e-10
9,36,0.0742188,0.285156,1,0,0,0,1.20566e-09
10,36,0.0820312,0.285156,1,0,0,0,2.28205e-09
11,36,0.0898438,0.285156,1,0,0,0,4.26574e-09
12,36,0.0976562,0.285156,1,0,0,0,7.87455e-09
13,36,0.105469,0.285156,1,0,0,0,1.43553e-08
14,36,0.113281,0.285156,1,0,0,0,2.58431e-08
15,36,0.121094,0.285156,1,0,0,0,4.5943e-08
16,36,0.128906,0.285156,1,0,0,0,8.06544e-08
17,36,0.136719,0.285156,1,0,0,0,1.39818e-07
18,36,0.144531,0.285156,1,0,0,0,2.3934e-07
19,36,0.152344,0.285156,1,0,0,0,4.04555e-07
20,36,0.160156,0.285156,1,0,0,0,6.75211e-07
21,36,0.167969,0.285156,1,0,0,0,1.11273e-06
22,36,0.175781,0.285156,1,0,0,0,1.81059e-06
23,36,0.183594,0.285156,1,0,0,0,2.90881e-06
24,36,0.191406,0.285156,1,0,0,0,4.61388e-06
25,36,0.199219,0.285156,1,0,0,0,7.22533e-06
26,36,0.207031,0.285156,1,0,0,0,1.11706e-05
27,36,0.214844,0.285156,1,0,0,0,1.70491e-05
28,36,0.222656,0.285156,1,0,0,0,2.56876e-05
29,36,0.230469,0.285156,1,0,0,0,3.82049e-05
30,36,0.238281,0.285156,1,0,0,0,5.60878e-05
31,36,0.246094,0.285156,1,0,0,0,8.12737e-05
32,36,0.253906,0.285156,1,0,0,0,0.000116236
33,36,0.261719,0.285156,1,0,0,0,0.000164064
34,36,0.269531,0.285156,1,0,0,0,0.000228526
35,36,0.277344,0.285156,1.00001,0,0,0,0.000314109
36,36,0.285156,0.285156,1.00001,0,0,0,0.000426
37,36,0.292969,0.285156,1.00001,0,0,0,0.000570011
38,36,0.300781,0.285156,1.00002,0,0,0,0.000752417
39,36,0.308594,0.285156,1.00003,0,0,0,0.00097968
40,36,0.316406,0.285156,1.00003,0,0,0,0.00125807
41,36,0.324219,0.285156,1.00005,0,0,0,0.00159316
42,36,0.332031,0.285156,1.00006,0,0,0,0.00198919
43,36,0.339844,0.285156,1.00008,0,0,0,0.00244833
44,36,0.347656,0.285156,1.0001,0,0,0,0.00296996
45,36,0.355469,0.285156,1.00012,0,0,0,0.00354982
46,36,0.363281,0.285156,1.00015,0,0,0,0.00417938
47,36,0.371094,0.285156,1.00019,0,0,0,0.00484526
48,36,0.378906,0.285156,1.00023,0,0,0,0.00552896
49,36,0.386719,0.285156,1.00027,0,0,0,0.00620696
50,36,0.394531,0.285156,1.00033,0,0,0,0.00685115
51,36,0.402344,0.285156,1.00038,0,0,0,0.00742982
52,36,0.410156,0.285156,1.00044,0,0,0,0.00790906
53,36,0.417969,0.285156,1.0005,0,0,0,0.00825459
54,36,0.425781,0.285156,1.00057,0,0,0,0.00843391
55,36,0.433594,0.285156,1.00064,0,0,0,0.00841866
56,36,0.441406,0.285156,1.0007,0,0,0,0.008187
57,36,0.449219,0.285156,1.00076,0,0,0,0.00772566
58,36,0.457031,0.285156,1.00082,0,0,0,0.00703177
59,36,0.464844,0.285156,1.00087,0,0,0,0.00611383
60,36,0.472656,0.285156,1.00092,0,0,0,0.00499216
61,36,0.480469,0.285156,1.00095,0,0,0,0.00369828
62,36,0.488281,0.285156,1.00098,0,0,0,0.00227359
63,36,0.496094,0.285156,1.00099,0,0,0,0.000767132
64,36,0.503906,0.285156,1.00099,0,0,0,-0.000767132
65,36,0.511719,0.285156,1.00098,0,0,0,-0.00227359
66,36,0.519531,0.285156,1.00095,0,0,0,-0.00369828
67,36,0.527344,0.285156,1.00092,0,0,0,-0.00499216
68,36,0.535156,0.285156,1.00087,0,0,0,-0.00611383
69,36,0.542969,0.285156,1.00082,0,0,0,-0.00703177
70,36,0.550781,0.285156,1.00076,0,0,0,-0.00772566
71,36,0.558594,0.285156,1.0007,0,0,0,-0.008187
72,36,0.566406,0.285156,1.00064,0,0,0,-0.00841866
73,36,0.574219,0.285156,1.00057,0,0,0,-0.00843391
74,36,0.582031,0.285156,1.0005,0,0,0,-0.00825459
75,36,0.589844,0.285156,1.00044,0,0,0,-0.00790906
76,36,0.597656,0.285156,1.00038,0,0,0,-0.00742982
77,36,0.605469,0.285156,1.00033,0,0,0,-0.00685115
78,36,0.613281,0.285156,1.00027,0,0,0,-0.00620696
79,36,0.621094,0.285156,1.00023,0,0,0,-0.00552896
80,36,0.628906,0.285156,1.00019,0,0,0,-0.00484526
81,36,0.636719,0.285156,1.00015,0,0,0,-0.00417938
82,36,0.644531,0.285156,1.00012,0,0,0,-0.00354982
83,36,0.652344,0.285156,1.0001,0,0,0,-0.00296996
84,36,0.660156,0.285156,1.00008,0,0,0,-0.00244833
85,36,0.667969,0.285156,1.00006,0,0,0,-0.00198919
86,36,0.675781,0.285156,1.00005,0,0,0,-0.00159316
87,36,0.683594,0.285156,1.00003,0,0,0,-0.00125807
88,36,0.691406,0.285156,1.00003,0,0,0,-0.00097968
89,36,0.699219,0.285156,1.00002,0,0,0,-0.000752417
90,36,0.707031,0.285156,1.00001,0,0,0,-0.000570011
91,36,0.714844,0.285156,1.00001,0,0,0,-0.000426
92,36,0.722656,0.285156,1.00001,0,0,0,-0.000314109
93,36,0.730469,0.285156,1,0,0,0,-0.000228526
94,36,0.738281,0.285156,1,0,0,0,-0.000164064
95,36,0.746094,0.285156,1,0,0,0,-0.000116236
96,36,0.753906,0.285156,1,0,0,0,-8.12737e-05
97,36,0.761719,0.285156,1,0,0,0,-5.60878e-05
98,36,0.769531,0.285156,1,0,0,0,-3.82049e-05
99,36,0.777344,0.285156,1,0,0,0,-2.56876e-05
100,36,0.785156,0.285156,1,0,0,0,-1.70491e-05
101,36,0.792969,0.285156,1,0,0,0,-1.11706e-05
102,36,0.800781,0.285156,1,0,0,0,-7.22533e-06
103,36,0.808594,0.285156,1,0,0,0,-4.61388e-06
104,36,0.816406,0.285156,1,0,0,0,-2.90881e-06
105,36,0.824219,0.285156,1,0,0,0,-1.81059e-06
106,36,0.832031,0.285156,1,0,0,0,-1.11273e-06
107,36,0.839844,0.285156,1,0,0,0,-6.75211e-07
108,36,0.847656,0.285156,1,0,0,0,-4.04555e-07
109,36,0.855469,0.285156,1,0,0,0,-2.3934e-07
110,36,0.863281,0.285156,1,0,0,0,-1.39818e-07
111,36,0.871094,0.285156,1,0,0,0,-8.06544e-08
112,36,0.878906,0.285156,1,0,0,0,-4.5943e-08
113,36,0.886719,0.285156,1,0,0,0,-2.58431e-08
114,36,0.894531,0.285156,1,0,0,0,-1.43553e-08
115,36,0.902344,0.285156,1,0,0,0,-7.87455e-09
116,36,0.910156,0.285156,1,0,0,0,-4.26574e-09
117,36,0.917969,0.285156,1,0,0,0,-2.28205e-09
118,36,0.925781,0.285156,1,0,0,0,-1.20566e-09
119,36,0.933594,0.285156,1,0,0,0,-6.29058e-10
120,36,0.941406,0.285156,1,0,0,0,-3.24135e-10
121,36,0.949219,0.285156,1,0,0,0,-1.6496e-10
122,36,0.957031,0.285156,1,0,0,0,-8.29061e-11
123,36,0.964844,0.285156,1,0,0,0,-4.11546e-11
124,36,0.972656,0.285156,1,0,0,0,-2.01794e-11
125,36,0.980469,0.285156,1,0,0,0,-9.76286e-12
126,36,0.988281,0.285156,1,0,0,0,-4.67537e-12
127,36,0.996094,0.285156,1,0,0,0,-1.50635e-12
0,37,0.00390625,0.292969,1,0,0,0,2.089e-12
1,37,0.0117188,0.292969,1,0,0,0,6.49436e-12
2,37,0.0195312,0.292969,1,0,0,0,1.35856e-11
3,37,0.0273438,0.292969,1,0,0,0,2.80522e-11
4,37,0.0351562,0.292969,1,0,0,0,5.72129e-11
5,37,0.0429688,0.292969,1,0,0,0,1.15264e-10
6,37,0.0507812,0.292969,1,0,0,0,2.29349e-10
7,37,0.0585938,0.292969,1,0,0,0,4.50697e-10
8,37,0.0664062,0.292969,1,0,0,0,8.7465e-10
9,37,0.0742188,0.292969,1,0,0,0,1.67634e-09
10,37,0.0820312,0.292969,1,0,0,0,3.17296e-09
11,37,0.0898438,0.292969,1,0,0,0,5.93108e-09
12,37,0.0976562,0.292969,1,0,0,0,1.09488e-08
13,37,0.105469,0.292969,1,0,0,0,1.99595e-08
14,37,0.113281,0.292969,1,0,0,0,3.59322e-08
15,37,0.121094,0.292969,1,0,0,0,6.3879e-08
16,37,0.128906,0.292969,1,0,0,0,1.12142e-07
17,37,0.136719,0.292969,1,0,0,0,1.94403e-07
18,37,0.144531,0.292969,1,0,0,0,3.32778e-07
19,37,0.152344,0.292969,1,0,0,0,5.62493e-07
20,37,0.160156,0.292969,1,0,0,0,9.38811e-07
21,37,0.167969,0.292969,1,0,0,0,1.54714e-06
22,37,0.175781,0.292969,1,0,0,0,2.51744e-06
23,37,0.183594,0.292969,1,0,0,0,4.04441e-06
24,37,0.191406,0.292969,1,0,0,0,6.41513e-06
25,37,0.199219,0.292969,1,0,0,0,1.00461e-05
26,37,0.207031,0.292969,1,0,0,0,1.55315e-05
27,37,0.214844,0.292969,1,0,0,0,2.37051e-05
28,37,0.222656,0.292969,1,0,0,0,3.57159e-05
29,37,0.230469,0.292969,1,0,0,0,5.31199e-05
30,37,0.238281,0.292969,1,0,0,0,7.79843e-05
31,37,0.246094,0.292969,1,0,0,0,0.000113003
32,37,0.253906,0.292969,1,0,0,0,0.000161614
33,37,0.261719,0.292969,1,0,0,0,0.000228114
34,37,0.269531,0.292969,1.00001,0,0,0,0.000317742
35,37,0.277344,0.292969,1.00001,0,0,0,0.000436737
36,37,0.285156,0.292969,1.00001,0,0,0,0.000592309
37,37,0.292969,0.292969,1.00002,0,0,0,0.000792543
38,37,0.300781,0.292969,1.00003,0,0,0,0.00104616
39,37,0.308594,0.292969,1.00004,0,0,0,0.00136215
40,37,0.316406,0.292969,1.00005,0,0,0,0.00174922
41,37,0.324219,0.292969,1.00006,0,0,0,0.00221513
42,37,0.332031,0.292969,1.00008,0,0,0,0.00276576
43,37,0.339844,0.292969,1.00011,0,0,0,0.00340416
44,37,0.347656,0.292969,1.00014,0,0,0,0.00412943
45,37,0.355469,0.292969,1.00017,0,0,0,0.00493567
46,37,0.363281,0.292969,1.00021,0,0,0,0.005811
47,37,0.371094,0.292969,1.00026,0,0,0,0.00673684
48,37,0.378906,0.292969,1.00032,0,0,0,0.00768746
49,37,0.386719,0.292969,1.00038,0,0,0,0.00863014
50,37,0.394531,0.292969,1.00045,0,0,0,0.00952582
51,37,0.402344,0.292969,1.00053,0,0,0,0.0103304
52,37,0.410156,0.292969,1.00061,0,0,0,0.0109967
53,37,0.417969,0.292969,1.0007,0,0,0,0.0114772
54,37,0.425781,0.292969,1.00079,0,0,0,0.0117265
55,37,0.433594,0.292969,1.00089,0,0,0,0.0117053
56,37,0.441406,0.292969,1.00098,0,0,0,0.0113832
57,37,0.449219,0.292969,1.00106,0,0,0,0.0107417
58,37,0.457031,0.292969,1.00114,0,0,0,0.00977695
59,37,0.464844,0.292969,1.00122,0,0,0,0.00850066
60,37,0.472656,0.292969,1.00128,0,0,0,0.00694109
61,37,0.480469,0.292969,1.00132,0,0,0,0.00514209
62,37,0.488281,0.292969,1.00136,0,0,0,0.00316119
63,37,0.496094,0.292969,1.00137,0,0,0,0.00106662
64,37,0.503906,0.292969,1.00137,0,0,0,-0.00106662
65,37,0.511719,0.292969,1.00136,0,0,0,-0.00316119
66,37,0.519531,0.292969,1.00132,0,0,0,-0.00514209
67,37,0.527344,0.292969,1.00128,0,0,0,-0.00694109
68,37,0.535156,0.292969,1.00122,0,0,0,-0.00850066
69,37,0.542969,0.292969,1.00114,0,0,0,-0.00977695
70,37,0.550781,0.292969,1.00106,0,0,0,-0.0107417
71,37,0.558594,0.292969,1.00098,0,0,0,-0.0113832
72,37,0.566406,0.292969,1.00089,0,0,0,-0.0117053
73,37,0.574219,0.292969,1.00079,0,0,0,-0.0117265
74,37,0.582031,0.292969,1.0007,0,0,0,-0.0114772
75,37,0.589844,0.292969,1.00061,0,0,0,-0.0109967
76,37,0.597656,0.292969,1.00053,0,0,0,-0.0103304
77,37,0.605469,0.292969,1.00045,0,0,0,-0.00952582
78,37,0.613281,0.292969,1.00038,0,0,0,-0.00863014
79,37,0.621094,0.292969,1.00032,0,0,0,-0.00768746
80,37,0.628906,0.292969,1.00026,0,0,0,-0.00673684
81,37,0.636719,0.292969,1.00021,0,0,0,-0.005811
82,37,0.644531,0.292969,1.00017,0,0,0,-0.00493567
83,37,0.652344,0.292969,1.00014,0,0,0,-0.00412943
84,37,0.660156,0.292969,1.00011,0,0,0,-0.00340416
85,37,0.667969,0.292969,1.00008,0,0,0,-0.00276576
86,37,0.675781,0.292969,1.00006,0,0,0,-0.00221513
87,37,0.683594,0.292969,1.00005,0,0,0,-0.00174922
88,37,0.691406,0.292969,1.00004,0,0,0,-0.00136215
89,37,0.699219,0.292969,1.00003,0,0,0,-0.00104616
90,37,0.707031,0.292969,1.00002,0,0,0,-0.000792543
91,37,0.714844,0.292969,1.00001,0,0,0,-0.000592309
92,37,0.722656,0.292969,1.00001,0,0,0,-0.000436737
93,37,0.730469,0.292969,1.00001,0,0,0,-0.000317742
94,37,0.738281,0.292969,1,0,0,0,-0.000228114
95,37,0.746094,0.292969,1,0,0,0,-0.000161614
96,37,0.753906,0.292969,1,0,0,0,-0.000113003
97,37,0.761719,0.292969,1,0,0,0,-7.79843e-05
98,37,0.769531,0.292969,1,0,0,0,-5.31199e-05
99,37,0.777344,0.292969,1,0,0,0,-3.57159e-05
100,37,0.785156,0.292969,1,0,0,0,-2.37051e-05
101,37,0.792969,0.292969,1,0,0,0,-1.55315e-05
102,37,0.800781,0.292969,1,0,0,0,-1.00461e-05
103,37,0.808594,0.292969,1,0,0,0,-6.41513e-06
104,37,0.816406,0.292969,1,0,0,0,-4.04441e-06
105,37,0.824219,0.292969,1,0,0,0,-2.51744e-06
106,37,0.832031,0.292969,1,0,0,0,-1.54714e-06
107,37,0.839844,0.292969,1,0,0,0,-9.38811e-07
108,37,0.847656,0.292969,1,0,0,0,-5.62493e-07
109,37,0.855469,0.292969,1,0,0,0,-3.32778e-07
110,37,0.863281,0.292969,1,0,0,0,-1.94403e-07
111,37,0.871094,0.292969,1,0,0,0,-1.12142e-07
112,37,0.878906,0.292969,1,0,0,0,-6.3879e-08
113,37,0.886719,0.292969,1,0,0,0,-3.59322e-08
114,37,0.894531,0.292969,1,0,0,0,-1.99595e-08
115,37,0.902344,0.292969,1,0,0,0,-1.09488e-08
116,37,0.910156,0.292969,1,0,0,0,-5.93108e-09
117,37,0.917969,0.292969,1,0,0,0,-3.17296e-09
118,37,0.925781,0.292969,1,0,0,0,-1.67634e-09
119,37,0.933594,0.292969,1,0,0,0,-8.7465e-10
120,37,0.941406,0.292969,1,0,0,0,-4.50697e-10
121,37,0.949219,0.292969,1,0,0,0,-2.29349e-10
122,37,0.957031,0.292969,1,0,0,0,-1.15264e-10
123,37,0.964844,0.292969,1,0,0,0,-5.72129e-11
124,37,0.972656,0.292969,1,0,0,0,-2.80522e-11
125,37,0.980469,0.292969,1,0,0,0,-1.35856e-11
126,37,0.988281,0.292969,1,0,0,0,-6.49436e-12
127,37,0.996094,0.292969,1,0,0,0,-2.089e-12
0,38,0.00390625,0.300781,1,0,0,0,2.87059e-12
1,38,0.0117188,0.300781,1,0,0,0,8.92442e-12
2,38,0.0195312,0.300781,1,0,0,0,1.86589e-11
3,38,0.0273438,0.300781,1,0,0,0,3.85256e-11
4,38,0.0351562,0.300781,1,0,0,0,7.8586e-11
5,38,0.0429688,0.300781,1,0,0,0,1.58337e-10
6,38,0.0507812,0.300781,1,0,0,0,3.15026e-10
7,38,0.0585938,0.300781,1,0,0,0,6.19025e-10
8,38,0.0664062,0.300781,1,0,0,0,1.20134e-09
9,38,0.0742188,0.300781,1,0,0,0,2.3025e-09
10,38,0.0820312,0.300781,1,0,0,0,4.35816e-09
11,38,0.0898438,0.300781,1,0,0,0,8.14651e-09
12,38,0.0976562,0.300781,1,0,0,0,1.50384e-08
13,38,0.105469,0.300781,1,0,0,0,2.7415e-08
14,38,0.113281,0.300781,1,0,0,0,4.93538e-08
15,38,0.121094,0.300781,1,0,0,0,8.77396e-08
16,38,0.128906,0.300781,1,0,0,0,1.5403e-07
17,38,0.136719,0.300781,1,0,0,0,2.67017e-07
18,38,0.144531,0.300781,1,0,0,0,4.5708e-07
19,38,0.152344,0.300781,1,0,0,0,7.726e-07
20,38,0.160156,0.300781,1,0,0,0,1.28948e-06
21,38,0.167969,0.300781,1,0,0,0,2.12504e-06
22,38,0.175781,0.300781,1,0,0,0,3.45777e-06
23,38,0.183594,0.300781,1,0,0,0,5.55511e-06
24,38,0.191406,0.300781,1,0,0,0,8.81136e-06
25,38,0.199219,0.300781,1,0,0,0,1.37986e-05
26,38,0.207031,0.300781,1,0,0,0,2.1333e-05
27,38,0.214844,0.300781,1,0,0,0,3.25596e-05
28,38,0.222656,0.300781,1,0,0,0,4.90569e-05
29,38,0.230469,0.300781,1,0,0,0,7.29617e-05
30,38,0.238281,0.300781,1,0,0,0,0.000107114
31,38,0.246094,0.300781,1,0,0,0,0.000155213
32,38,0.253906,0.300781,1,0,0,0,0.000221982
33,38,0.261719,0.300781,1.00001,0,0,0,0.00031332
34,38,0.269531,0.300781,1.00001,0,0,0,0.000436428
35,38,0.277344,0.300781,1.00001,0,0,0,0.00059987
36,38,0.285156,0.300781,1.00002,0,0,0,0.000813554
37,38,0.292969,0.300781,1.00003,0,0,0,0.00108858
38,38,0.300781,0.300781,1.00004,0,0,0,0.00143693
39,38,0.308594,0.300781,1.00005,0,0,0,0.00187095
40,38,0.316406,0.300781,1.00006,0,0,0,0.00240261
41,38,0.324219,0.300781,1.00009,0,0,0,0.00304255
42,38,0.332031,0.300781,1.00011,0,0,0,0.00379885
43,38,0.339844,0.300781,1.00015,0,0,0,0.00467571
44,38,0.347656,0.300781,1.00019,0,0,0,0.00567188
45,38,0.355469,0.300781,1.00023,0,0,0,0.00677928
46,38,0.363281,0.300781,1.00029,0,0,0,0.00798158
47,38,0.371094,0.300781,1.00036,0,0,0,0.00925324
48,38,0.378906,0.300781,1.00044,0,0,0,0.0105589
49,38,0.386719,0.300781,1.00052,0,0,0,0.0118537
50,38,0.394531,0.300781,1.00062,0,0,0,0.013084
51,38,0.402344,0.300781,1.00073,0,0,0,0.0141891
52,38,0.410156,0.300781,1.00084,0,0,0,0.0151043
53,38,0.417969,0.300781,1.00096,0,0,0,0.0157642
54,38,0.425781,0.300781,1.00109,0,0,0,0.0161067
55,38,0.433594,0.300781,1.00122,0,0,0,0.0160775
56,38,0.441406,0.300781,1.00134,0,0,0,0.0156351
57,38,0.449219,0.300781,1.00146,0,0,0,0.0147541
58,38,0.457031,0.300781,1.00157,0,0,0,0.0134289
59,38,0.464844,0.300781,1.00167,0,0,0,0.0116759
60,38,0.472656,0.300781,1.00175,0,0,0,0.00953379
61,38,0.480469,0.300781,1.00182,0,0,0,0.0070628
62,38,0.488281,0.300781,1.00186,0,0,0,0.00434198
63,38,0.496094,0.300781,1.00189,0,0,0,0.00146503
64,38,0.503906,0.300781,1.00189,0,0,0,-0.00146503
65,38,0.511719,0.300781,1.00186,0,0,0,-0.00434198
66,38,0.519531,0.300781,1.00182,0,0,0,-0.0070628
67,38,0.527344,0.300781,1.00175,0,0,0,-0.00953379
68,38,0.535156,0.300781,1.00167,0,0,0,-0.0116759
69,38,0.542969,0.300781,1.00157,0,0,0,-0.0134289
70,38,0.550781,0.300781,1.00146,0,0,0,-0.0147541
71,38,0.558594,0.300781,1.00134,0,0,0,-0.0156351
72,38,0.566406,0.300781,1.00122,0,0,0,-0.0160775
73,38,0.574219,0.300781,1.00109,0,0,0,-0.0161067
74,38,0.582031,0.300781,1.00096,0,0,0,-0.0157642
75,38,0.589844,0.300781,1.00084,0,0,0,-0.0151043
76,38,0.597656,0.300781,1.00073,0,0,0,-0.0141891
77,38,0.605469,0.300781,1.00062,0,0,0,-0.013084
78,38,0.613281,0.300781,1.00052,0,0,0,-0.0118537
79,38,0.621094,0.300781,1.00044,0,0,0,-0.0105589
80,38,0.628906,0.300781,1.00036,0,0,0,-0.00925324
81,38,0.636719,0.300781,1.00029,0,0,0,-0.00798158
82,38,0.644531,0.300781,1.00023,0,0,0,-0.00677928
83,38,0.652344,0.300781,1.00019,0,0,0,-0.00567188
84,38,0.660156,0.300781,1.00015,0,0,0,-0.00467571
85,38,0.667969,0.300781,1.00011,0,0,0,-0.00379885
86,38,0.675781,0.300781,1.00009,0,0,0,-0.00304255
87,38,0.683594,0.300781,1.00006,0,0,0,-0.00240261
88,38,0.691406,0.300781,1.00005,0,0,0,-0.00187095
89,38,0.699219,0.300781,1.00004,0,0,0,-0.00143693
90,38,0.707031,0.300781,1.00003,0,0,0,-0.00108858
91,38,0.714844,0.300781,1.00002,0,0,0,-0.000813554
92,38,0.722656,0.300781,1.00001,0,0,0,-0.00059987
93,38,0.730469,0.300781,1.00001,0,0,0,-0.000436428
94,38,0.738281,0.300781,1.00001,0,0,0,-0.00031332
95,38,0.746094,0.300781,1,0,0,0,-0.000221982
96,38,0.753906,0.300781,1,0,0,0,-0.000155213
97,38,0.761719,0.300781,1,0,0,0,-0.000107114
98,38,0.769531,0.300781,1,0,0,0,-7.29617e-05
99,38,0.777344,0.300781,1,0,0,0,-4.90569e-05
100,38,0.785156,0.300781,1,0,0,0,-3.25596e-05
101,38,0.792969,0.300781,1,0,0,0,-2.1333e-05
102,38,0.800781,0.300781,1,0,0,0,-1.37986e-05
103,38,0.808594,0.300781,1,0,0,0,-8.81136e-06
104,38,0.816406,0.300781,1,0,0,0,-5.55511e-06
105,38,0.824219,0.300781,1,0,0,0,-3.45777e-06
106,38,0.832031,0.300781,1,0,0,0,-2.12504e-06
107,38,0.839844,0.300781,1,0,0,0,-1.28948e-06
108,38,0.847656,0.300781,1,0,0,0,-7.726e-07
109,38,0.855469,0.300781,1,0,0,0,-4.5708e-07
110,38,0.863281,0.300781,1,0,0,0,-2.67017e-07
111,38,0.871094,0.300781,1,0,0,0,-1.5403e-07
112,38,0.878906,0.300781,1,0,0,0,-8.77396e-08
113,38,0.886719,0.300781,1,0,0,0,-4.93538e-08
114,38,0.894531,0.300781,1,0,0,0,-2.7415e-08
115,38,0.902344,0.300781,1,0,0,0,-1.50384e-08
116,38,0.910156,0.300781,1,0,0,0,-8.14651e-09
117,38,0.917969,0.300781,1,0,0,0,-4.35816e-09
118,38,0.925781,0.300781,1,0,0,0,-2.3025e-09
119,38,0.933594,0.300781,1,0,0,0,-1.20134e-09
120,38,0.941406,0.300781,1,0,0,0,-6.19025e-10
121,38,0.949219,0.300781,1,0,0,0,-3.15026e-10
122,38,0.957031,0.300781,1,0,0,0,-1.58337e-10
123,38,0.964844,0.300781,1,0,0,0,-7.8586e-11
124,38,0.972656,0.300781,1,0,0,0,-3.85256e-11
125,38,0.980469,0.300781,1,0,0,0,-1.86589e-11
126,38,0.988281,0.300781,1,0,0,0,-8.92442e-12
127,38,0.996094,0.300781,1,0,0,0,-2.87059e-12
0,39,0.00390625,0.308594,1,0,0,0,3.89377e-12
1,39,0.0117188,0.308594,1,0,0,0,1.20934e-11
2,39,0.0195312,0.308594,1,0,0,0,2.53095e-11
3,39,0.0273438,0.308594,1,0,0,0,5.22817e-11
4,39,0.0351562,0.308594,1,0,0,0,1.06624e-10
5,39,0.0429688,0.308594,1,0,0,0,2.14825e-10
6,39,0.0507812,0.308594,1,0,0,0,4.27448e-10
7,39,0.0585938,0.308594,1,0,0,0,8.39947e-10
8,39,0.0664062,0.308594,1,0,0,0,1.63007e-09
9,39,0.0742188,0.308594,1,0,0,0,3.12419e-09
10,39,0.0820312,0.308594,1,0,0,0,5.91342e-09
11,39,0.0898438,0.308594,1,0,0,0,1.10537e-08
12,39,0.0976562,0.308594,1,0,0,0,2.04051e-08
13,39,0.105469,0.308594,1,0,0,0,3.71983e-08
14,39,0.113281,0.308594,1,0,0,0,6.69664e-08
15,39,0.121094,0.308594,1,0,0,0,1.19051e-07
16,39,0.128906,0.308594,1,0,0,0,2.08997e-07
17,39,0.136719,0.308594,1,0,0,0,3.62306e-07
18,39,0.144531,0.308594,1,0,0,0,6.20196e-07
19,39,0.152344,0.308594,1,0,0,0,1.04831e-06
20,39,0.160156,0.308594,1,0,0,0,1.74965e-06
21,39,0.167969,0.308594,1,0,0,0,2.88339e-06
22,39,0.175781,0.308594,1,0,0,0,4.69172e-06
23,39,0.183594,0.308594,1,0,0,0,7.53752e-06
24,39,0.191406,0.308594,1,0,0,0,1.19558e-05
25,39,0.199219,0.308594,1,0,0,0,1.87228e-05
26,39,0.207031,0.308594,1,0,0,0,2.89459e-05
27,39,0.214844,0.308594,1,0,0,0,4.41789e-05
28,39,0.222656,0.308594,1,0,0,0,6.65635e-05
29,39,0.230469,0.308594,1,0,0,0,9.89991e-05
30,39,0.238281,0.308594,1,0,0,0,0.000145339
31,39,0.246094,0.308594,1,0,0,0,0.000210602
32,39,0.253906,0.308594,1.00001,0,0,0,0.000301199
33,39,0.261719,0.308594,1.00001,0,0,0,0.000425133
34,39,0.269531,0.308594,1.00001,0,0,0,0.000592174
35,39,0.277344,0.308594,1.00002,0,0,0,0.000813942
36,39,0.285156,0.308594,1.00003,0,0,0,0.00110388
37,39,0.292969,0.308594,1.00004,0,0,0,0.00147705
38,39,0.300781,0.308594,1.00005,0,0,0,0.00194972
39,39,0.308594,0.308594,1.00007,0,0,0,0.00253862
40,39,0.316406,0.308594,1.00009,0,0,0,0.00326001
41,39,0.324219,0.308594,1.00012,0,0,0,0.00412832
42,39,0.332031,0.308594,1.00015,0,0,0,0.00515453
43,39,0.339844,0.308594,1.0002,0,0,0,0.0063443
44,39,0.347656,0.308594,1.00025,0,0,0,0.00769597
45,39,0.355469,0.308594,1.00032,0,0,0,0.00919856
46,39,0.363281,0.308594,1.0004,0,0,0,0.0108299
47,39,0.371094,0.308594,1.00049,0,0,0,0.0125554
48,39,0.378906,0.308594,1.00059,0,0,0,0.014327
49,39,0.386719,0.308594,1.00071,0,0,0,0.0160839
50,39,0.394531,0.308594,1.00084,0,0,0,0.0177532
51,39,0.402344,0.308594,1.00099,0,0,0,0.0192527
52,39,0.410156,0.308594,1.00114,0,0,0,0.0204945
53,39,0.417969,0.308594,1.00131,0,0,0,0.0213899
54,39,0.425781,0.308594,1.00148,0,0,0,0.0218545
55,39,0.433594,0.308594,1.00165,0,0,0,0.021815
56,39,0.441406,0.308594,1.00182,0,0,0,0.0212147
57,39,0.449219,0.308594,1.00198,0,0,0,0.0200193
58,39,0.457031,0.308594,1.00213,0,0,0,0.0182212
59,39,0.464844,0.308594,1.00227,0,0,0,0.0158426
60,39,0.472656,0.308594,1.00238,0,0,0,0.012936
61,39,0.480469,0.308594,1.00247,0,0,0,0.00958326
62,39,0.488281,0.308594,1.00253,0,0,0,0.00589148
63,39,0.496094,0.308594,1.00256,0,0,0,0.00198785
64,39,0.503906,0.308594,1.00256,0,0,0,-0.00198785
65,39,0.511719,0.308594,1.00253,0,0,0,-0.00589148
66,39,0.519531,0.308594,1.00247,0,0,0,-0.00958326
67,39,0.527344,0.308594,1.00238,0,0,0,-0.012936
68,39,0.535156,0.308594,1.00227,0,0,0,-0.0158426
69,39,0.542969,0.308594,1.00213,0,0,0,-0.0182212
70,39,0.550781,0.308594,1.00198,0,0,0,-0.0200193
71,39,0.558594,0.308594,1.00182,0,0,0,-0.0212147
72,39,0.566406,0.308594,1.00165,0,0,0,-0.021815
73,39,0.574219,0.308594,1.00148,0,0,0,-0.0218545
74,39,0.582031,0.308594,1.00131,0,0,0,-0.0213899
75,39,0.589844,0.308594,1.00114,0,0,0,-0.0204945
76,39,0.597656,0.308594,1.00099,0,0,0,-0.0192527
77,39,0.605469,0.308594,1.00084,0,0,0,-0.0177532
78,39,0.613281,0.308594,1.00071,0,0,0,-0.0160839
79,39,0.621094,0.308594,1.00059,0,0,0,-0.014327
80,39,0.628906,0.308594,1.00049,0,0,0,-0.0125554
81,39,0.636719,0.308594,1.0004,0,0,0,-0.0108299
82,39,0.644531,0.308594,1.00032,0,0,0,-0.00919856
83,39,0.652344,0.308594,1.00025,0,0,0,-0.00769597
84,39,0.660156,0.308594,1.0002,0,0,0,-0.0063443
85,39,0.667969,0.308594,1.00015,0,0,0,-0.00515453
86,39,0.675781,0.308594,1.00012,0,0,0,-0.00412832
87,39,0.683594,0.308594,1.00009,0,0,0,-0.00326001
88,39,0.691406,0.308594,1.00007,0,0,0,-0.00253862
89,39,0.699219,0.308594,1.00005,0,0,0,-0.00194972
90,39,0.707031,0.308594,1.00004,0,0,0,-0.00147705
91,39,0.714844,0.308594,1.00003,0,0,0,-0.00110388
92,39,0.722656,0.308594,1.00002,0,0,0,-0.000813942
93,39,0.730469,0.308594,1.00001,0,0,0,-0.000592174
94,39,0.738281,0.308594,1.00001,0,0,0,-0.000425133
95,39,0.746094,0.308594,1.00001,0,0,0,-0.000301199
96,39,0.753906,0.308594,1,0,0,0,-0.000210602
97,39,0.761719,0.308594,1,0,0,0,-0.000145339
98,39,0.769531,0.308594,1,0,0,0,-9.89991e-05
99,39,0.777344,0.308594,1,0,0,0,-6.65635e-05
100,39,0.785156,0.308594,1,0,0,0,-4.41789e-05
101,39,0.792969,0.308594,1,0,0,0,-2.89459e-05
102,39,0.800781,0.308594,1,0,0,0,-1.87228e-05
103,39,0.808594,0.308594,1,0,0,0,-1.19558e-05
104,39,0.816406,0.308594,1,0,0,0,-7.53752e-06
105,39,0.824219,0.308594,1,0,0,0,-4.69172e-06
106,39,0.832031,0.308594,1,0,0,0,-2.88339e-06
107,39,0.839844,0.308594,1,0,0,0,-1.74965e-06
108,39,0.847656,0.308594,1,0,0,0,-1.04831e-06
109,39,0.855469,0.308594,1,0,0,0,-6.20196e-07
110,39,0.863281,0.308594,1,0,0,0,-3.62306e-07
111,39,0.871094,0.308594,1,0,0,0,-2.08997e-07
112,39,0.878906,0.308594,1,0,0,0,-1.19051e-07
113,39,0.886719,0.308594,1,0,0,0,-6.69664e-08
114,39,0.894531,0.308594,1,0,0,0,-3.71983e-08
115,39,0.902344,0.308594,1,0,0,0,-2.04051e-08
116,39,0.910156,0.308594,1,0,0,0,-1.10537e-08
117,39,0.917969,0.308594,1,0,0,0,-5.91342e-09
118,39,0.925781,0.308594,1,0,0,0,-3.12419e-09
119,39,0.933594,0.308594,1,0,0,0,-1.63007e-09
120,39,0.941406,0.308594,1,0,0,0,-8.39947e-10
121,39,0.949219,0.308594,1,0,0,0,-4.27448e-10
122,39,0.957031,0.308594,1,0,0,0,-2.14825e-10
123,39,0.964844,0.308594,1,0,0,0,-1.06624e-10
124,39,0.972656,0.308594,1,0,0,0,-5.22817e-11
125,39,0.980469,0.308594,1,0,0,0,-2.53095e-11
126,39,0.988281,0.308594,1,0,0,0,-1.20934e-11
127,39,0.996094,0.308594,1,0,0,0,-3.89377e-12
0,40,0.00390625,0.316406,1,0,0,0,5.21538e-12
1,40,0.0117188,0.316406,1,0,0,0,1.62288e-11
2,40,0.0195312,0.316406,1,0,0,0,3.39355e-11
3,40,0.0273438,0.316406,1,0,0,0,7.00737e-11
4,40,0.0351562,0.316406,1,0,0,0,1.42933e-10
5,40,0.0429688,0.316406,1,0,0,0,2.87955e-10
6,40,0.0507812,0.316406,1,0,0,0,5.72939e-10
7,40,0.0585938,0.316406,1,0,0,0,1.12587e-09
8,40,0.0664062,0.316406,1,0,0,0,2.18495e-09
9,40,0.0742188,0.316406,1,0,0,0,4.18764e-09
10,40,0.0820312,0.316406,1,0,0,0,7.92635e-09
11,40,0.0898438,0.316406,1,0,0,0,1.48164e-08
12,40,0.0976562,0.316406,1,0,0,0,2.7351e-08
13,40,0.105469,0.316406,1,0,0,0,4.98607e-08
14,40,0.113281,0.316406,1,0,0,0,8.97618e-08
15,40,0.121094,0.316406,1,0,0,0,1.59576e-07
16,40,0.128906,0.316406,1,0,0,0,2.8014e-07
17,40,0.136719,0.316406,1,0,0,0,4.85635e-07
18,40,0.144531,0.316406,1,0,0,0,8.31311e-07
19,40,0.152344,0.316406,1,0,0,0,1.40516e-06
20,40,0.160156,0.316406,1,0,0,0,2.34524e-06
21,40,0.167969,0.316406,1,0,0,0,3.86489e-06
22,40,0.175781,0.316406,1,0,0,0,6.28879e-06
23,40,0.183594,0.316406,1,0,0,0,1.01033e-05
24,40,0.191406,0.316406,1,0,0,0,1.60256e-05
25,40,0.199219,0.316406,1,0,0,0,2.5096e-05
26,40,0.207031,0.316406,1,0,0,0,3.87992e-05
27,40,0.214844,0.316406,1,0,0,0,5.92175e-05
28,40,0.222656,0.316406,1,0,0,0,8.92217e-05
29,40,0.230469,0.316406,1,0,0,0,0.000132699
30,40,0.238281,0.316406,1,0,0,0,0.000194812
31,40,0.246094,0.316406,1.00001,0,0,0,0.000282292
32,40,0.253906,0.316406,1.00001,0,0,0,0.000403727
33,40,0.261719,0.316406,1.00001,0,0,0,0.000569849
34,40,0.269531,0.316406,1.00002,0,0,0,0.00079375
35,40,0.277344,0.316406,1.00002,0,0,0,0.00109101
36,40,0.285156,0.316406,1.00003,0,0,0,0.00147964
37,40,0.292969,0.316406,1.00005,0,0,0,0.00197984
38,40,0.300781,0.316406,1.00006,0,0,0,0.0026134
39,40,0.308594,0.316406,1.00009,0,0,0,0.00340276
40,40,0.316406,0.316406,1.00012,0,0,0,0.00436972
41,40,0.324219,0.316406,1.00016,0,0,0,0.0055336
42,40,0.332031,0.316406,1.0002,0,0,0,0.00690913
43,40,0.339844,0.316406,1.00026,0,0,0,0.0085039
44,40,0.347656,0.316406,1.00034,0,0,0,0.0103157
45,40,0.355469,0.316406,1.00043,0,0,0,0.0123298
46,40,0.363281,0.316406,1.00053,0,0,0,0.0145164
47,40,0.371094,0.316406,1.00065,0,0,0,0.0168292
48,40,0.378906,0.316406,1.00079,0,0,0,0.019204
49,40,0.386719,0.316406,1.00095,0,0,0,0.0215589
50,40,0.394531,0.316406,1.00113,0,0,0,0.0237964
51,40,0.402344,0.316406,1.00132,0,0,0,0.0258063
52,40,0.410156,0.316406,1.00153,0,0,0,0.0274709
53,40,0.417969,0.316406,1.00175,0,0,0,0.028671
54,40,0.425781,0.316406,1.00198,0,0,0,0.0292938
55,40,0.433594,0.316406,1.00221,0,0,0,0.0292409
56,40,0.441406,0.316406,1.00244,0,0,0,0.0284362
57,40,0.449219,0.316406,1.00266,0,0,0,0.0268339
58,40,0.457031,0.316406,1.00286,0,0,0,0.0244237
59,40,0.464844,0.316406,1.00304,0,0,0,0.0212354
60,40,0.472656,0.316406,1.00319,0,0,0,0.0173395
61,40,0.480469,0.316406,1.00331,0,0,0,0.0128454
62,40,0.488281,0.316406,1.00339,0,0,0,0.00789694
63,40,0.496094,0.316406,1.00343,0,0,0,0.00266451
64,40,0.503906,0.316406,1.00343,0,0,0,-0.00266451
65,40,0.511719,0.316406,1.00339,0,0,0,-0.00789694
66,40,0.519531,0.316406,1.00331,0,0,0,-0.0128454
67,40,0.527344,0.316406,1.00319,0,0,0,-0.0173395
68,40,0.535156,0.316406,1.00304,0,0,0,-0.0212354
69,40,0.542969,0.316406,1.00286,0,0,0,-0.0244237
70,40,0.550781,0.316406,1.00266,0,0,0,-0.0268339
71,40,0.558594,0.316406,1.00244,0,0,0,-0.0284362
72,40,0.566406,0.316406,1.00221,0,0,0,-0.0292409
73,40,0.574219,0.316406,1.00198,0,0,0,-0.0292938
74,40,0.582031,0.316406,1.00175,0,0,0,-0.028671
75,40,0.589844,0.316406,1.00153,0,0,0,-0.0274709
76,40,0.597656,0.316406,1.00132,0,0,0,-0.0258063
77,40,0.605469,0.316406,1.00113,0,0,0,-0.0237964
78,40,0.613281,0.316406,1.00095,0,0,0,-0.0215589
79,40,0.621094,0.316406,1.00079,0,0,0,-0.019204
80,40,0.628906,0.316406,1.00065,0,0,0,-0.0168292
81,40,0.636719,0.316406,1.00053,0,0,0,-0.0145164
82,40,0.644531,0.316406,1.00043,0,0,0,-0.0123298
83,40,0.652344,0.316406,1.00034,0,0,0,-0.0103157
84,40,0.660156,0.316406,1.00026,0,0,0,-0.0085039
85,40,0.667969,0.316406,1.0002,0,0,0,-0.00690913
86,40,0.675781,0.316406,1.00016,0,0,0,-0.0055336
87,40,0.683594,0.316406,1.00012,0,0,0,-0.00436972
88,40,0.691406,0.316406,1.00009,0,0,0,-0.00340276
89,40,0.699219,0.316406,1.00006,0,0,0,-0.0026134
90,40,0.707031,0.316406,1.00005,0,0,0,-0.00197984
91,40,0.714844,0.316406,1.00003,0,0,0,-0.00147964
92,40,0.722656,0.316406,1.00002,0,0,0,-0.00109101
93,40,0.730469,0.316406,1.00002,0,0,0,-0.00079375
94,40,0.738281,0.316406,1.00001,0,0,0,-0.000569849
95,40,0.746094,0.316406,1.00001,0,0,0,-0.000403727
96,40,0.753906,0.316406,1.00001,0,0,0,-0.000282292
97,40,0.761719,0.316406,1,0,0,0,-0.000194812
98,40,0.769531,0.316406,1,0,0,0,-0.000132699
99,40,0.777344,0.316406,1,0,0,0,-8.92217e-05
100,40,0.785156,0.316406,1,0,0,0,-5.92175e-05
101,40,0.792969,0.316406,1,0,0,0,-3.87992e-05
102,40,0.800781,0.316406,1,0,0,0,-2.5096e-05
103,40,0.808594,0.316406,1,0,0,0,-1.60256e-05
104,40,0.816406,0.316406,1,0,0,0,-1.01033e-05
105,40,0.824219,0.316406,1,0,0,0,-6.28879e-06
106,40,0.832031,0.316406,1,0,0,0,-3.86489e-06
107,40,0.839844,0.316406,1,0,0,0,-2.34524e-06
108,40,0.847656,0.316406,1,0,0,0,-1.40516e-06
109,40,0.855469,0.316406,1,0,0,0,-8.31311e-07
110,40,0.863281,0.316406,1,0,0,0,-4.85635e-07
111,40,0.871094,0.316406,1,0,0,0,-2.8014e-07
112,40,0.878906,0.316406,1,0,0,0,-1.59576e-07
113,40,0.886719,0.316406,1,0,0,0,-8.97618e-08
114,40,0.894531,0.316406,1,0,0,0,-4.98607e-08
115,40,0.902344,0.316406,1,0,0,0,-2.7351e-08
116,40,0.910156,0.316406,1,0,0,0,-1.48164e-08
117,40,0.917969,0.316406,1,0,0,0,-7.92635e-09
118,40,0.925781,0.316406,1,0,0,0,-4.18764e-09
119,40,0.933594,0.316406,1,0,0,0,-2.18495e-09
120,40,0.941406,0.316406,1,0,0,0,-1.12587e-09
121,40,0.949219,0.316406,1,0,0,0,-5.72939e-10
122,40,0.957031,0.316406,1,0,0,0,-2.87955e-10
123,40,0.964844,0.316406,1,0,0,0,-1.42933e-10
124,40,0.972656,0.316406,1,0,0,0,-7.00737e-11
125,40,0.980469,0.316406,1,0,0,0,-3.39355e-11
126,40,0.988281,0.316406,1,0,0,0,-1.62288e-11
127,40,0.996094,0.316406,1,0,0,0,-5.21538e-12
0,41,0.00390625,0.324219,1,0,0,0,6.90648e-12
1,41,0.0117188,0.324219,1,0,0,0,2.14868e-11
2,41,0.0195312,0.324219,1,0,0,0,4.49205e-11
3,41,0.0273438,0.324219,1,0,0,0,9.27827e-11
4,41,0.0351562,0.324219,1,0,0,0,1.89274e-10
5,41,0.0429688,0.324219,1,0,0,0,3.81291e-10
6,41,0.0507812,0.324219,1,0,0,0,7.58661e-10
7,41,0.0585938,0.324219,1,0,0,0,1.4908e-09
8,41,0.0664062,0.324219,1,0,0,0,2.89316e-09
9,41,0.0742188,0.324219,1,0,0,0,5.54502e-09
10,41,0.0820312,0.324219,1,0,0,0,1.04956e-08
11,41,0.0898438,0.324219,1,0,0,0,1.9619e-08
12,41,0.0976562,0.324219,1,0,0,0,3.62165e-08
13,41,0.105469,0.324219,1,0,0,0,6.60225e-08
14,41,0.113281,0.324219,1,0,0,0,1.18857e-07
15,41,0.121094,0.324219,1,0,0,0,2.113e-07
16,41,0.128906,0.324219,1,0,0,0,3.70944e-07
17,41,0.136719,0.324219,1,0,0,0,6.43048e-07
18,41,0.144531,0.324219,1,0,0,0,1.10077e-06
19,41,0.152344,0.324219,1,0,0,0,1.86062e-06
20,41,0.160156,0.324219,1,0,0,0,3.10542e-06
21,41,0.167969,0.324219,1,0,0,0,5.11765e-06
22,41,0.175781,0.324219,1,0,0,0,8.32723e-06
23,41,0.183594,0.324219,1,0,0,0,1.33782e-05
24,41,0.191406,0.324219,1,0,0,0,2.12201e-05
25,41,0.199219,0.324219,1,0,0,0,3.32306e-05
26,41,0.207031,0.324219,1,0,0,0,5.13754e-05
27,41,0.214844,0.324219,1,0,0,0,7.84121e-05
28,41,0.222656,0.324219,1,0,0,0,0.000118142
29,41,0.230469,0.324219,1,0,0,0,0.000175711
30,41,0.238281,0.324219,1,0,0,0,0.000257958
31,41,0.246094,0.324219,1.00001,0,0,0,0.000373793
32,41,0.253906,0.324219,1.00001,0,0,0,0.00053459
33,41,0.261719,0.324219,1.00002,0,0,0,0.000754558
34,41,0.269531,0.324219,1.00002,0,0,0,0.00105103
35,41,0.277344,0.324219,1.00003,0,0,0,0.00144465
36,41,0.285156,0.324219,1.00005,0,0,0,0.00195925
37,41,0.292969,0.324219,1.00006,0,0,0,0.00262159
38,41,0.300781,0.324219,1.00009,0,0,0,0.0034605
39,41,0.308594,0.324219,1.00012,0,0,0,0.00450573
40,41,0.316406,0.324219,1.00016,0,0,0,0.00578611
41,41,0.324219,0.324219,1.00021,0,0,0,0.00732725
42,41,0.332031,0.324219,1.00027,0,0,0,0.00914864
43,41,0.339844,0.324219,1.00035,0,0,0,0.0112603
44,41,0.347656,0.324219,1.00045,0,0,0,0.0136594
45,41,0.355469,0.324219,1.00056,0,0,0,0.0163263
46,41,0.363281,0.324219,1.0007,0,0,0,0.0192218
47,41,0.371094,0.324219,1.00086,0,0,0,0.0222842
48,41,0.378906,0.324219,1.00105,0,0,0,0.0254287
49,41,0.386719,0.324219,1.00126,0,0,0,0.0285469
50,41,0.394531,0.324219,1.0015,0,0,0,0.0315097
51,41,0.402344,0.324219,1.00175,0,0,0,0.0341711
52,41,0.410156,0.324219,1.00203,0,0,0,0.0363752
53,41,0.417969,0.324219,1.00232,0,0,0,0.0379644
54,41,0.425781,0.324219,1.00262,0,0,0,0.0387891
55,41,0.433594,0.324219,1.00293,0,0,0,0.038719
56,41,0.441406,0.324219,1.00323,0,0,0,0.0376535
57,41,0.449219,0.324219,1.00352,0,0,0,0.0355318
58,41,0.457031,0.324219,1.00378,0,0,0,0.0323404
59,41,0.464844,0.324219,1.00402,0,0,0,0.0281186
60,41,0.472656,0.324219,1.00422,0,0,0,0.0229599
61,41,0.480469,0.324219,1.00438,0,0,0,0.0170091
62,41,0.488281,0.324219,1.00449,0,0,0,0.0104566
63,41,0.496094,0.324219,1.00454,0,0,0,0.00352818
64,41,0.503906,0.324219,1.00454,0,0,0,-0.00352818
65,41,0.511719,0.324219,1.00449,0,0,0,-0.0104566
66,41,0.519531,0.324219,1.00438,0,0,0,-0.0170091
67,41,0.527344,0.324219,1.00422,0,0,0,-0.0229599
68,41,0.535156,0.324219,1.00402,0,0,0,-0.0281186
69,41,0.542969,0.324219,1.00378,0,0,0,-0.0323404
70,41,0.550781,0.324219,1.00352,0,0,0,-0.0355318
71,41,0.558594,0.324219,1.00323,0,0,0,-0.0376535
72,41,0.566406,0.324219,1.00293,0,0,0,-0.038719
73,41,0.574219,0.324219,1.00262,0,0,0,-0.0387891
74,41,0.582031,0.324219,1.00232,0,0,0,-0.0379644
75,41,0.589844,0.324219,1.00203,0,0,0,-0.0363752
76,41,0.597656,0.324219,1.00175,0,0,0,-0.0341711
77,41,0.605469,0.324219,1.0015,0,0,0,-0.0315097
78,41,0.613281,0.324219,1.00126,0,0,0,-0.0285469
79,41,0.621094,0.324219,1.00105,0,0,0,-0.0254287
80,41,0.628906,0.324219,1.00086,0,0,0,-0.0222842
81,41,0.636719,0.324219,1.0007,0,0,0,-0.0192218
82,41,0.644531,0.324219,1.00056,0,0,0,-0.0163263
83,41,0.652344,0.324219,1.00045,0,0,0,-0.0136594
84,41,0.660156,0.324219,1.00035,0,0,0,-0.0112603
85,41,0.667969,0.324219,1.00027,0,0,0,-0.00914864
86,41,0.675781,0.324219,1.00021,0,0,0,-0.00732725
87,41,0.683594,0.324219,1.00016,0,0,0,-0.00578611
88,41,0.691406,0.324219,1.00012,0,0,0,-0.00450573
89,41,0.699219,0.324219,1.00009,0,0,0,-0.0034605
90,41,0.707031,0.324219,1.00006,0,0,0,-0.00262159
91,41,0.714844,0.324219,1.00005,0,0,0,-0.00195925
92,41,0.722656,0.324219,1.00003,0,0,0,-0.00144465
93,41,0.730469,0.324219,1.00002,0,0,0,-0.00105103
94,41,0.738281,0.324219,1.00002,0,0,0,-0.000754558
95,41,0.746094,0.324219,1.00001,0,0,0,-0.00053459
96,41,0.753906,0.324219,1.00001,0,0,0,-0.000373793
97,41,0.761719,0.324219,1,0,0,0,-0.000257958
98,41,0.769531,0.324219,1,0,0,0,-0.000175711
99,41,0.777344,0.324219,1,0,0,0,-0.000118142
100,41,0.785156,0.324219,1,0,0,0,-7.84121e-05
101,41,0.792969,0.324219,1,0,0,0,-5.13754e-05
102,41,0.800781,0.324219,1,0,0,0,-3.32306e-05
103,41,0.808594,0.324219,1,0,0,0,-2.12201e-05
104,41,0.816406,0.324219,1,0,0,0,-1.33782e-05
105,41,0.824219,0.324219,1,0,0,0,-8.32723e-06
106,41,0.832031,0.324219,1,0,0,0,-5.11765e-06
107,41,0.839844,0.324219,1,0,0,0,-3.10542e-06
108,41,0.847656,0.324219,1,0,0,0,-1.86062e-06
109,41,0.855469,0.324219,1,0,0,0,-1.10077e-06
110,41,0.863281,0.324219,1,0,0,0,-6.43048e-07
111,41,0.871094,0.324219,1,0,0,0,-3.70944e-07
112,41,0.878906,0.324219,1,0,0,0,-2.113e-07
113,41,0.886719,0.324219,1,0,0,0,-1.18857e-07
114,41,0.894531,0.324219,1,0,0,0,-6.60225e-08
115,41,0.902344,0.324219,1,0,0,0,-3.62165e-08
116,41,0.910156,0.324219,1,0,0,0,-1.9619e-08
117,41,0.917969,0.324219,1,0,0,0,-1.04956e-08
118,41,0.925781,0.324219,1,0,0,0,-5.54502e-09
119,41,0.933594,0.324219,1,0,0,0,-2.89316e-09
120,41,0.941406,0.324219,1,0,0,0,-1.4908e-09
121,41,0.949219,0.324219,1,0,0,0,-7.58661e-10
122,41,0.957031,0.324219,1,0,0,0,-3.81291e-10
123,41,0.964844,0.324219,1,0,0,0,-1.89274e-10
124,41,0.972656,0.324219,1,0,0,0,-9.27827e-11
125,41,0.980469,0.324219,1,0,0,0,-4.49205e-11
126,41,0.988281,0.324219,1,0,0,0,-2.14868e-11
127,41,0.996094,0.324219,1,0,0,0,-6.90648e-12
0,42,0.00390625,0.332031,1,0,0,0,9.0381e-12
1,42,0.0117188,0.332031,1,0,0,0,2.81091e-11
2,42,0.0195312,0.332031,1,0,0,0,5.87761e-11
3,42,0.0273438,0.332031,1,0,0,0,1.21361e-10
4,42,0.0351562,0.332031,1,0,0,0,2.47567e-10
5,42,0.0429688,0.332031,1,0,0,0,4.98773e-10
6,42,0.0507812,0.332031,1,0,0,0,9.92387e-10
7,42,0.0585938,0.332031,1,0,0,0,1.95007e-09
8,42,0.0664062,0.332031,1,0,0,0,3.78446e-09
9,42,0.0742188,0.332031,1,0,0,0,7.25329e-09
10,42,0.0820312,0.332031,1,0,0,0,1.3729e-08
11,42,0.0898438,0.332031,1,0,0,0,2.5663e-08
12,42,0.0976562,0.332031,1,0,0,0,4.73738e-08
13,42,0.105469,0.332031,1,0,0,0,8.63621e-08
14,42,0.113281,0.332031,1,0,0,0,1.55474e-07
15,42,0.121094,0.332031,1,0,0,0,2.76396e-07
16,42,0.128906,0.332031,1,0,0,0,4.85222e-07
17,42,0.136719,0.332031,1,0,0,0,8.41154e-07
18,42,0.144531,0.332031,1,0,0,0,1.43989e-06
19,42,0.152344,0.332031,1,0,0,0,2.43383e-06
20,42,0.160156,0.332031,1,0,0,0,4.06211e-06
21,42,0.167969,0.332031,1,0,0,0,6.69426e-06
22,42,0.175781,0.332031,1,0,0,0,1.08926e-05
23,42,0.183594,0.332031,1,0,0,0,1.74996e-05
24,42,0.191406,0.332031,1,0,0,0,2.77574e-05
25,42,0.199219,0.332031,1,0,0,0,4.3468e-05
26,42,0.207031,0.332031,1,0,0,0,6.72028e-05
27,42,0.214844,0.332031,1,0,0,0,0.000102569
28,42,0.222656,0.332031,1,0,0,0,0.000154538
29,42,0.230469,0.332031,1,0,0,0,0.000229843
30,42,0.238281,0.332031,1.00001,0,0,0,0.000337428
31,42,0.246094,0.332031,1.00001,0,0,0,0.000488948
32,42,0.253906,0.332031,1.00001,0,0,0,0.000699283
33,42,0.261719,0.332031,1.00002,0,0,0,0.000987017
34,42,0.269531,0.332031,1.00003,0,0,0,0.00137483
35,42,0.277344,0.332031,1.00004,0,0,0,0.0018897
36,42,0.285156,0.332031,1.00006,0,0,0,0.00256284
37,42,0.292969,0.332031,1.00008,0,0,0,0.00342923
38,42,0.300781,0.332031,1.00011,0,0,0,0.00452659
39,42,0.308594,0.332031,1.00015,0,0,0,0.00589382
40,42,0.316406,0.332031,1.0002,0,0,0,0.00756866
41,42,0.324219,0.332031,1.00027,0,0,0,0.00958458
42,42,0.332031,0.332031,1.00035,0,0,0,0.0119671
43,42,0.339844,0.332031,1.00046,0,0,0,0.0147293
44,42,0.347656,0.332031,1.00058,0,0,0,0.0178675
45,42,0.355469,0.332031,1.00074,0,0,0,0.021356
46,42,0.363281,0.332031,1.00092,0,0,0,0.0251434
47,42,0.371094,0.332031,1.00113,0,0,0,0.0291494
48,42,0.378906,0.332031,1.00137,0,0,0,0.0332626
49,42,0.386719,0.332031,1.00165,0,0,0,0.0373415
50,42,0.394531,0.332031,1.00196,0,0,0,0.041217
51,42,0.402344,0.332031,1.00229,0,0,0,0.0446983
52,42,0.410156,0.332031,1.00266,0,0,0,0.0475815
53,42,0.417969,0.332031,1.00304,0,0,0,0.0496602
54,42,0.425781,0.332031,1.00343,0,0,0,0.0507389
55,42,0.433594,0.332031,1.00383,0,0,0,0.0506472
56,42,0.441406,0.332031,1.00422,0,0,0,0.0492535
57,42,0.449219,0.332031,1.0046,0,0,0,0.0464781
58,42,0.457031,0.332031,1.00495,0,0,0,0.0423036
59,42,0.464844,0.332031,1.00526,0,0,0,0.0367812
60,42,0.472656,0.332031,1.00552,0,0,0,0.0300332
61,42,0.480469,0.332031,1.00573,0,0,0,0.0222491
62,42,0.488281,0.332031,1.00587,0,0,0,0.013678
63,42,0.496094,0.332031,1.00594,0,0,0,0.00461512
64,42,0.503906,0.332031,1.00594,0,0,0,-0.00461512
65,42,0.511719,0.332031,1.00587,0,0,0,-0.013678
66,42,0.519531,0.332031,1.00573,0,0,0,-0.0222491
67,42,0.527344,0.332031,1.00552,0,0,0,-0.0300332
68,42,0.535156,0.332031,1.00526,0,0,0,-0.0367812
69,42,0.542969,0.332031,1.00495,0,0,0,-0.0423036
70,42,0.550781,0.332031,1.0046,0,0,0,-0.0464781
71,42,0.558594,0.332031,1.00422,0,0,0,-0.0492535
72,42,0.566406,0.332031,1.00383,0,0,0,-0.0506472
73,42,0.574219,0.332031,1.00343,0,0,0,-0.0507389
74,42,0.582031,0.332031,1.00304,0,0,0,-0.0496602
75,42,0.589844,0.332031,1.00266,0,0,0,-0.0475815
76,42,0.597656,0.332031,1.00229,0,0,0,-0.0446983
77,42,0.605469,0.332031,1.00196,0,0,0,-0.041217
78,42,0.613281,0.332031,1.00165,0,0,0,-0.0373415
79,42,0.621094,0.332031,1.00137,0,0,0,-0.0332626
80,42,0.628906,0.332031,1.00113,0,0,0,-0.0291494
81,42,0.636719,0.332031,1.00092,0,0,0,-0.0251434
82,42,0.644531,0.332031,1.00074,0,0,0,-0.021356
83,42,0.652344,0.332031,1.00058,0,0,0,-0.0178675
84,42,0.660156,0.332031,1.00046,0,0,0,-0.0147293
85,42,0.667969,0.332031,1.00035,0,0,0,-0.0119671
86,42,0.675781,0.332031,1.00027,0,0,0,-0.00958458
87,42,0.683594,0.332031,1.0002,0,0,0,-0.00756866
88,42,0.691406,0.332031,1.00015,0,0,0,-0.00589382
89,42,0.699219,0.332031,1.00011,0,0,0,-0.00452659
90,42,0.707031,0.332031,1.00008,0,0,0,-0.00342923
91,42,0.714844,0.332031,1.00006,0,0,0,-0.00256284
92,42,0.722656,0.332031,1.00004,0,0,0,-0.0018897
93,42,0.730469,0.332031,1.00003,0,0,0,-0.00137483
94,42,0.738281,0.332031,1.00002,0,0,0,-0.000987017
95,42,0.746094,0.332031,1.00001,0,0,0,-0.000699283
96,42,0.753906,0.332031,1.00001,0,0,0,-0.000488948
97,42,0.761719,0.332031,1.00001,0,0,0,-0.000337428
98,42,0.769531,0.332031,1,0,0,0,-0.000229843
99,42,0.777344,0.332031,1,0,0,0,-0.000154538
100,42,0.785156,0.332031,1,0,0,0,-0.000102569
101,42,0.792969,0.332031,1,0,0,0,-6.72028e-05
102,42,0.800781,0.332031,1,0,0,0,-4.3468e-05
103,42,0.808594,0.332031,1,0,0,0,-2.77574e-05
104,42,0.816406,0.332031,1,0,0,0,-1.74996e-05
105,42,0.824219,0.332031,1,0,0,0,-1.08926e-05
106,42,0.832031,0.332031,1,0,0,0,-6.69426e-06
107,42,0.839844,0.332031,1,0,0,0,-4.06211e-06
108,42,0.847656,0.332031,1,0,0,0,-2.43383e-06
109,42,0.855469,0.332031,1,0,0,0,-1.43989e-06
110,42,0.863281,0.332031,1,0,0,0,-8.41154e-07
111,42,0.871094,0.332031,1,0,0,0,-4.85222e-07
112,42,0.878906,0.332031,1,0,0,0,-2.76396e-07
113,42,0.886719,0.332031,1,0,0,0,-1.55474e-07
114,42,0.894531,0.332031,1,0,0,0,-8.63621e-08
115,42,0.902344,0.332031,1,0,0,0,-4.73738e-08
116,42,0.910156,0.332031,1,0,0,0,-2.5663e-08
117,42,0.917969,0.332031,1,0,0,0,-1.3729e-08
118,42,0.925781,0.332031,1,0,0,0,-7.25329e-09
119,42,0.933594,0.332031,1,0,0,0,-3.78446e-09
120,42,0.941406,0.332031,1,0,0,0,-1.95007e-09
121,42,0.949219,0.332031,1,0,0,0,-9.92387e-10
122,42,0.957031,0.332031,1,0,0,0,-4.98773e-10
123,42,0.964844,0.332031,1,0,0,0,-2.47567e-10
124,42,0.972656,0.332031,1,0,0,0,-1.21361e-10
125,42,0.980469,0.332031,1,0,0,0,-5.87761e-11
126,42,0.988281,0.332031,1,0,0,0,-2.81091e-11
127,42,0.996094,0.332031,1,0,0,0,-9.0381e-12
0,43,0.00390625,0.339844,1,0,0,0,1.16813e-11
1,43,0.0117188,0.339844,1,0,0,0,3.63087e-11
2,43,0.0195312,0.339844,1,0,0,0,7.59286e-11
3,43,0.0273438,0.339844,1,0,0,0,1.56831e-10
4,43,0.0351562,0.339844,1,0,0,0,3.19915e-10
5,43,0.0429688,0.339844,1,0,0,0,6.44505e-10
6,43,0.0507812,0.339844,1,0,0,0,1.28236e-09
7,43,0.0585938,0.339844,1,0,0,0,2.51988e-09
8,43,0.0664062,0.339844,1,0,0,0,4.8903e-09
9,43,0.0742188,0.339844,1,0,0,0,9.37273e-09
10,43,0.0820312,0.339844,1,0,0,0,1.77406e-08
11,43,0.0898438,0.339844,1,0,0,0,3.31618e-08
12,43,0.0976562,0.339844,1,0,0,0,6.12165e-08
13,43,0.105469,0.339844,1,0,0,0,1.11597e-07
14,43,0.113281,0.339844,1,0,0,0,2.00903e-07
15,43,0.121094,0.339844,1,0,0,0,3.57159e-07
16,43,0.128906,0.339844,1,0,0,0,6.27005e-07
17,43,0.136719,0.339844,1,0,0,0,1.08694e-06
18,43,0.144531,0.339844,1,0,0,0,1.86062e-06
19,43,0.152344,0.339844,1,0,0,0,3.145e-06
20,43,0.160156,0.339844,1,0,0,0,5.24907e-06
21,43,0.167969,0.339844,1,0,0,0,8.65034e-06
22,43,0.175781,0.339844,1,0,0,0,1.40755e-05
23,43,0.183594,0.339844,1,0,0,0,2.2613e-05
24,43,0.191406,0.339844,1,0,0,0,3.58682e-05
25,43,0.199219,0.339844,1,0,0,0,5.61695e-05
26,43,0.207031,0.339844,1,0,0,0,8.68396e-05
27,43,0.214844,0.339844,1,0,0,0,0.00013254
28,43,0.222656,0.339844,1,0,0,0,0.000199695
29,43,0.230469,0.339844,1.00001,0,0,0,0.000297003
30,43,0.238281,0.339844,1.00001,0,0,0,0.000436025
31,43,0.246094,0.339844,1.00001,0,0,0,0.00063182
32,43,0.253906,0.339844,1.00002,0,0,0,0.000903615
33,43,0.261719,0.339844,1.00003,0,0,0,0.00127543
34,43,0.269531,0.339844,1.00004,0,0,0,0.00177656
35,43,0.277344,0.339844,1.00005,0,0,0,0.00244188
36,43,0.285156,0.339844,1.00008,0,0,0,0.00331171
37,43,0.292969,0.339844,1.00011,0,0,0,0.00443125
38,43,0.300781,0.339844,1.00015,0,0,0,0.00584927
39,43,0.308594,0.339844,1.0002,0,0,0,0.00761601
40,43,0.316406,0.339844,1.00026,0,0,0,0.00978023
41,43,0.324219,0.339844,1.00035,0,0,0,0.0123852
42,43,0.332031,0.339844,1.00046,0,0,0,0.0154639
43,43,0.339844,0.339844,1.00059,0,0,0,0.0190333
44,43,0.347656,0.339844,1.00076,0,0,0,0.0230884
45,43,0.355469,0.339844,1.00095,0,0,0,0.0275962
46,43,0.363281,0.339844,1.00119,0,0,0,0.0324904
47,43,0.371094,0.339844,1.00146,0,0,0,0.0376669
48,43,0.378906,0.339844,1.00177,0,0,0,0.042982
49,43,0.386719,0.339844,1.00213,0,0,0,0.0482527
50,43,0.394531,0.339844,1.00253,0,0,0,0.0532606
51,43,0.402344,0.339844,1.00296,0,0,0,0.0577592
52,43,0.410156,0.339844,1.00343,0,0,0,0.0614848
53,43,0.417969,0.339844,1.00392,0,0,0,0.0641709
54,43,0.425781,0.339844,1.00443,0,0,0,0.0655649
55,43,0.433594,0.339844,1.00495,0,0,0,0.0654464
56,43,0.441406,0.339844,1.00546,0,0,0,0.0636455
57,43,0.449219,0.339844,1.00594,0,0,0,0.0600591
58,43,0.457031,0.339844,1.0064,0,0,0,0.0546648
59,43,0.464844,0.339844,1.0068,0,0,0,0.0475288
60,43,0.472656,0.339844,1.00714,0,0,0,0.0388089
61,43,0.480469,0.339844,1.0074,0,0,0,0.0287504
62,43,0.488281,0.339844,1.00759,0,0,0,0.0176748
63,43,0.496094,0.339844,1.00768,0,0,0,0.00596366
64,43,0.503906,0.339844,1.00768,0,0,0,-0.00596366
65,43,0.511719,0.339844,1.00759,0,0,0,-0.0176748
66,43,0.519531,0.339844,1.0074,0,0,0,-0.0287504
67,43,0.527344,0.339844,1.00714,0,0,0,-0.0388089
68,43,0.535156,0.339844,1.0068,0,0,0,-0.0475288
69,43,0.542969,0.339844,1.0064,0,0,0,-0.0546648
70,43,0.550781,0.339844,1.00594,0,0,0,-0.0600591
71,43,0.558594,0.339844,1.00546,0,0,0,-0.0636455
72,43,0.566406,0.339844,1.00495,0,0,0,-0.0654464
73,43,0.574219,0.339844,1.00443,0,0,0,-0.0655649
74,43,0.582031,0.339844,1.00392,0,0,0,-0.0641709
75,43,0.589844,0.339844,1.00343,0,0,0,-0.0614848
76,43,0.597656,0.339844,1.00296,0,0,0,-0.0577592
77,43,0.605469,0.339844,1.00253,0,0,0,-0.0532606
78,43,0.613281,0.339844,1.00213,0,0,0,-0.0482527
79,43,0.621094,0.339844,1.00177,0,0,0,-0.042982
80,43,0.628906,0.339844,1.00146,0,0,0,-0.0376669
81,43,0.636719,0.339844,1.00119,0,0,0,-0.0324904
82,43,0.644531,0.339844,1.00095,0,0,0,-0.0275962
83,43,0.652344,0.339844,1.00076,0,0,0,-0.0230884
84,43,0.660156,0.339844,1.00059,0,0,0,-0.0190333
85,43,0.667969,0.339844,1.00046,0,0,0,-0.0154639
86,43,0.675781,0.339844,1.00035,0,0,0,-0.0123852
87,43,0.683594,0.339844,1.00026,0,0,0,-0.00978023
88,43,0.691406,0.339844,1.0002,0,0,0,-0.00761601
89,43,0.699219,0.339844,1.00015,0,0,0,-0.00584927
90,43,0.707031,0.339844,1.00011,0,0,0,-0.00443125
91,43,0.714844,0.339844,1.00008,0,0,0,-0.00331171
92,43,0.722656,0.339844,1.00005,0,0,0,-0.00244188
93,43,0.730469,0.339844,1.00004,0,0,0,-0.00177656
94,43,0.738281,0.339844,1.00003,0,0,0,-0.00127543
95,43,0.746094,0.339844,1.00002,0,0,0,-0.000903615
96,43,0.753906,0.339844,1.00001,0,0,0,-0.00063182
97,43,0.761719,0.339844,1.00001,0,0,0,-0.000436025
98,43,0.769531,0.339844,1.00001,0,0,0,-0.000297003
99,43,0.777344,0.339844,1,0,0,0,-0.000199695
100,43,0.785156,0.339844,1,0,0,0,-0.00013254
101,43,0.792969,0.339844,1,0,0,0,-8.68396e-05
102,43,0.800781,0.339844,1,0,0,0,-5.61695e-05
103,43,0.808594,0.339844,1,0,0,0,-3.58682e-05
104,43,0.816406,0.339844,1,0,0,0,-2.2613e-05
105,43,0.824219,0.339844,1,0,0,0,-1.40755e-05
106,43,0.832031,0.339844,1,0,0,0,-8.65034e-06
107,43,0.839844,0.339844,1,0,0,0,-5.24907e-06
108,43,0.847656,0.339844,1,0,0,0,-3.145e-06
109,43,0.855469,0.339844,1,0,0,0,-1.86062e-06
110,43,0.863281,0.339844,1,0,0,0,-1.08694e-06
111,43,0.871094,0.339844,1,0,0,0,-6.27005e-07
112,43,0.878906,0.339844,1,0,0,0,-3.57159e-07
113,43,0.886719,0.339844,1,0,0,0,-2.00903e-07
114,43,0.894531,0.339844,1,0,0,0,-1.11597e-07
115,43,0.902344,0.339844,1,0,0,0,-6.12165e-08
116,43,0.910156,0.339844,1,0,0,0,-3.31618e-08
117,43,0.917969,0.339844,1,0,0,0,-1.77406e-08
118,43,0.925781,0.339844,1,0,0,0,-9.37273e-09
119,43,0.933594,0.339844,1,0,0,0,-4.8903e-09
120,43,0.941406,0.339844,1,0,0,0,-2.51988e-09
121,43,0.949219,0.339844,1,0,0,0,-1.28236e-09
122,43,0.957031,0.339844,1,0,0,0,-6.44505e-10
123,43,0.964844,0.339844,1,0,0,0,-3.19915e-10
124,43,0.972656,0.339844,1,0,0,0,-1.56831e-10
125,43,0.980469,0.339844,1,0,0,0,-7.59286e-11
126,43,0.988281,0.339844,1,0,0,0,-3.63087e-11
127,43,0.996094,0.339844,1,0,0,0,-1.16813e-11
0,44,0.00390625,0.347656,1,0,0,0,1.49072e-11
1,44,0.0117188,0.347656,1,0,0,0,4.63558e-11
2,44,0.0195312,0.347656,1,0,0,0,9.69322e-11
3,44,0.0273438,0.347656,1,0,0,0,2.00203e-10
4,44,0.0351562,0.347656,1,0,0,0,4.08377e-10
5,44,0.0429688,0.347656,1,0,0,0,8.22723e-10
6,44,0.0507812,0.347656,1,0,0,0,1.63696e-09
7,44,0.0585938,0.347656,1,0,0,0,3.2167e-09
8,44,0.0664062,0.347656,1,0,0,0,6.24259e-09
9,44,0.0742188,0.347656,1,0,0,0,1.19645e-08
10,44,0.0820312,0.347656,1,0,0,0,2.26463e-08
11,44,0.0898438,0.347656,1,0,0,0,4.23318e-08
12,44,0.0976562,0.347656,1,0,0,0,7.81444e-08
13,44,0.105469,0.347656,1,0,0,0,1.42457e-07
14,44,0.113281,0.347656,1,0,0,0,2.56458e-07
15,44,0.121094,0.347656,1,0,0,0,4.55922e-07
16,44,0.128906,0.347656,1,0,0,0,8.00387e-07
17,44,0.136719,0.347656,1,0,0,0,1.38751e-06
18,44,0.144531,0.347656,1,0,0,0,2.37513e-06
19,44,0.152344,0.347656,1,0,0,0,4.01467e-06
20,44,0.160156,0.347656,1,0,0,0,6.70056e-06
21,44,0.167969,0.347656,1,0,0,0,1.10424e-05
22,44,0.175781,0.347656,1,0,0,0,1.79677e-05
23,44,0.183594,0.347656,1,0,0,0,2.88661e-05
24,44,0.191406,0.347656,1,0,0,0,4.57866e-05
25,44,0.199219,0.347656,1,0,0,0,7.17017e-05
26,44,0.207031,0.347656,1,0,0,0,0.000110853
27,44,0.214844,0.347656,1,0,0,0,0.00016919
28,44,0.222656,0.347656,1,0,0,0,0.000254915
29,44,0.230469,0.347656,1.00001,0,0,0,0.000379132
30,44,0.238281,0.347656,1.00001,0,0,0,0.000556596
31,44,0.246094,0.347656,1.00002,0,0,0,0.000806533
32,44,0.253906,0.347656,1.00002,0,0,0,0.00115349
33,44,0.261719,0.347656,1.00003,0,0,0,0.00162811
34,44,0.269531,0.347656,1.00005,0,0,0,0.00226782
35,44,0.277344,0.347656,1.00007,0,0,0,0.00311711
36,44,0.285156,0.347656,1.0001,0,0,0,0.00422748
37,44,0.292969,0.347656,1.00014,0,0,0,0.0056566
38,44,0.300781,0.347656,1.00019,0,0,0,0.00746673
39,44,0.308594,0.347656,1.00025,0,0,0,0.00972202
40,44,0.316406,0.347656,1.00034,0,0,0,0.0124847
41,44,0.324219,0.347656,1.00045,0,0,0,0.01581
42,44,0.332031,0.347656,1.00058,0,0,0,0.01974
43,44,0.339844,0.347656,1.00076,0,0,0,0.0242964
44,44,0.347656,0.347656,1.00096,0,0,0,0.0294729
45,44,0.355469,0.347656,1.00122,0,0,0,0.0352273
46,44,0.363281,0.347656,1.00151,0,0,0,0.0414748
47,44,0.371094,0.347656,1.00186,0,0,0,0.0480827
48,44,0.378906,0.347656,1.00227,0,0,0,0.0548675
49,44,0.386719,0.347656,1.00272,0,0,0,0.0615957
50,44,0.394531,0.347656,1.00323,0,0,0,0.0679885
51,44,0.402344,0.347656,1.00378,0,0,0,0.073731
52,44,0.410156,0.347656,1.00438,0,0,0,0.0784869
53,44,0.417969,0.347656,1.00501,0,0,0,0.0819157
54,44,0.425781,0.347656,1.00566,0,0,0,0.0836952
55,44,0.433594,0.347656,1.00632,0,0,0,0.0835439
56,44,0.441406,0.347656,1.00697,0,0,0,0.081245
57,44,0.449219,0.347656,1.00759,0,0,0,0.0766669
58,44,0.457031,0.347656,1.00816,0,0,0,0.0697809
59,44,0.464844,0.347656,1.00868,0,0,0,0.0606716
60,44,0.472656,0.347656,1.00911,0,0,0,0.0495405
61,44,0.480469,0.347656,1.00945,0,0,0,0.0367005
62,44,0.488281,0.347656,1.00968,0,0,0,0.0225623
63,44,0.496094,0.347656,1.0098,0,0,0,0.00761275
64,44,0.503906,0.347656,1.0098,0,0,0,-0.00761275
65,44,0.511719,0.347656,1.00968,0,0,0,-0.0225623
66,44,0.519531,0.347656,1.00945,0,0,0,-0.0367005
67,44,0.527344,0.347656,1.00911,0,0,0,-0.0495405
68,44,0.535156,0.347656,1.00868,0,0,0,-0.0606716
69,44,0.542969,0.347656,1.00816,0,0,0,-0.0697809
70,44,0.550781,0.347656,1.00759,0,0,0,-0.0766669
71,44,0.558594,0.347656,1.00697,0,0,0,-0.081245
72,44,0.566406,0.347656,1.00632,0,0,0,-0.0835439
73,44,0.574219,0.347656,1.00566,0,0,0,-0.0836952
74,44,0.582031,0.347656,1.00501,0,0,0,-0.0819157
75,44,0.589844,0.347656,1.00438,0,0,0,-0.0784869
76,44,0.597656,0.347656,1.00378,0,0,0,-0.073731
77,44,0.605469,0.347656,1.00323,0,0,0,-0.0679885
78,44,0.613281,0.347656,1.00272,0,0,0,-0.0615957
79,44,0.621094,0.347656,1.00227,0,0,0,-0.0548675
80,44,0.628906,0.347656,1.00186,0,0,0,-0.0480827
81,44,0.636719,0.347656,1.00151,0,0,0,-0.0414748
82,44,0.644531,0.347656,1.00122,0,0,0,-0.0352273
83,44,0.652344,0.347656,1.00096,0,0,0,-0.0294729
84,44,0.660156,0.347656,1.00076,0,0,0,-0.0242964
85,44,0.667969,0.347656,1.00058,0,0,0,-0.01974
86,44,0.675781,0.347656,1.00045,0,0,0,-0.01581
87,44,0.683594,0.347656,1.00034,0,0,0,-0.0124847
88,44,0.691406,0.347656,1.00025,0,0,0,-0.00972202
89,44,0.699219,0.347656,1.00019,0,0,0,-0.00746673
90,44,0.707031,0.347656,1.00014,0,0,0,-0.0056566
91,44,0.714844,0.347656,1.0001,0,0,0,-0.00422748
92,44,0.722656,0.347656,1.00007,0,0,0,-0.00311711
93,44,0.730469,0.347656,1.00005,0,0,0,-0.00226782
94,44,0.738281,0.347656,1.00003,0,0,0,-0.00162811
95,44,0.746094,0.347656,1.00002,0,0,0,-0.00115349
96,44,0.753906,0.347656,1.00002,0,0,0,-0.000806533
97,44,0.761719,0.347656,1.00001,0,0,0,-0.000556596
98,44,0.769531,0.347656,1.00001,0,0,0,-0.000379132
99,44,0.777344,0.347656,1,0,0,0,-0.000254915
100,44,0.785156,0.347656,1,0,0,0,-0.00016919
101,44,0.792969,0.347656,1,0,0,0,-0.000110853
102,44,0.800781,0.347656,1,0,0,0,-7.17017e-05
103,44,0.808594,0.347656,1,0,0,0,-4.57866e-05
104,44,0.816406,0.347656,1,0,0,0,-2.88661e-05
105,44,0.824219,0.347656,1,0,0,0,-1.79677e-05
106,44,0.832031,0.347656,1,0,0,0,-1.10424e-05
107,44,0.839844,0.347656,1,0,0,0,-6.70056e-06
108,44,0.847656,0.347656,1,0,0,0,-4.01467e-06
109,44,0.855469,0.347656,1,0,0,0,-2.37513e-06
110,44,0.863281,0.347656,1,0,0,0,-1.38751e-06
111,44,0.871094,0.347656,1,0,0,0,-8.00387e-07
112,44,0.878906,0.347656,1,0,0,0,-4.55922e-07
113,44,0.886719,0.347656,1,0,0,0,-2.56458e-07
114,44,0.894531,0.347656,1,0,0,0,-1.42457e-07
115,44,0.902344,0.347656,1,0,0,0,-7.81444e-08
116,44,0.910156,0.347656,1,0,0,0,-4.23318e-08
117,44,0.917969,0.347656,1,0,0,0,-2.26463e-08
118,44,0.925781,0.347656,1,0,0,0,-1.19645e-08
119,44,0.933594,0.347656,1,0,0,0,-6.24259e-09
120,44,0.941406,0.347656,1,0,0,0,-3.2167e-09
121,44,0.949219,0.347656,1,0,0,0,-1.63696e-09
122,44,0.957031,0.347656,1,0,0,0,-8.22723e-10
123,44,0.964844,0.347656,1,0,0,0,-4.08377e-10
124,44,0.972656,0.347656,1,0,0,0,-2.00203e-10
125,44,0.980469,0.347656,1,0,0,0,-9.69322e-11
126,44,0.988281,0.347656,1,0,0,0,-4.63558e-11
127,44,0.996094,0.347656,1,0,0,0,-1.49072e-11
0,45,0.00390625,0.355469,1,0,0,0,1.8801e-11
1,45,0.0117188,0.355469,1,0,0,0,5.84492e-11
2,45,0.0195312,0.355469,1,0,0,0,1.22228e-10
3,45,0.0273438,0.355469,1,0,0,0,2.52456e-10
4,45,0.0351562,0.355469,1,0,0,0,5.14987e-10
5,45,0.0429688,0.355469,1,0,0,0,1.03749e-09
6,45,0.0507812,0.355469,1,0,0,0,2.06427e-09
7,45,0.0585938,0.355469,1,0,0,0,4.05636e-09
8,45,0.0664062,0.355469,1,0,0,0,7.8721e-09
9,45,0.0742188,0.355469,1,0,0,0,1.50877e-08
10,45,0.0820312,0.355469,1,0,0,0,2.85578e-08
11,45,0.0898438,0.355469,1,0,0,0,5.3382e-08
12,45,0.0976562,0.355469,1,0,0,0,9.85428e-08
13,45,0.105469,0.355469,1,0,0,0,1.79643e-07
14,45,0.113281,0.355469,1,0,0,0,3.23403e-07
15,45,0.121094,0.355469,1,0,0,0,5.74935e-07
16,45,0.128906,0.355469,1,0,0,0,1.00932e-06
17,45,0.136719,0.355469,1,0,0,0,1.74969e-06
18,45,0.144531,0.355469,1,0,0,0,2.99513e-06
19,45,0.152344,0.355469,1,0,0,0,5.06264e-06
20,45,0.160156,0.355469,1,0,0,0,8.44965e-06
21,45,0.167969,0.355469,1,0,0,0,1.39248e-05
22,45,0.175781,0.355469,1,0,0,0,2.26579e-05
23,45,0.183594,0.355469,1,0,0,0,3.64012e-05
24,45,0.191406,0.355469,1,0,0,0,5.77385e-05
25,45,0.199219,0.355469,1,0,0,0,9.04184e-05
26,45,0.207031,0.355469,1,0,0,0,0.000139789
27,45,0.214844,0.355469,1,0,0,0,0.000213354
28,45,0.222656,0.355469,1.00001,0,0,0,0.000321457
29,45,0.230469,0.355469,1.00001,0,0,0,0.000478099
30,45,0.238281,0.355469,1.00001,0,0,0,0.000701888
31,45,0.246094,0.355469,1.00002,0,0,0,0.00101707
32,45,0.253906,0.355469,1.00003,0,0,0,0.00145459
33,45,0.261719,0.355469,1.00004,0,0,0,0.00205311
34,45,0.269531,0.355469,1.00006,0,0,0,0.0028598
35,45,0.277344,0.355469,1.00009,0,0,0,0.00393079
36,45,0.285156,0.355469,1.00012,0,0,0,0.005331
37,45,0.292969,0.355469,1.00017,0,0,0,0.00713318
38,45,0.300781,0.355469,1.00023,0,0,0,0.00941581
39,45,0.308594,0.355469,1.00032,0,0,0,0.0122598
40,45,0.316406,0.355469,1.00043,0,0,0,0.0157437
41,45,0.324219,0.355469,1.00056,0,0,0,0.019937
42,45,0.332031,0.355469,1.00074,0,0,0,0.0248929
43,45,0.339844,0.355469,1.00095,0,0,0,0.0306387
44,45,0.347656,0.355469,1.00122,0,0,0,0.0371664
45,45,0.355469,0.355469,1.00153,0,0,0,0.0444228
46,45,0.363281,0.355469,1.00191,0,0,0,0.0523012
47,45,0.371094,0.355469,1.00235,0,0,0,0.060634
48,45,0.378906,0.355469,1.00286,0,0,0,0.0691899
49,45,0.386719,0.355469,1.00343,0,0,0,0.0776744
50,45,0.394531,0.355469,1.00407,0,0,0,0.0857359
51,45,0.402344,0.355469,1.00477,0,0,0,0.0929775
52,45,0.410156,0.355469,1.00552,0,0,0,0.0989748
53,45,0.417969,0.355469,1.00632,0,0,0,0.103299
54,45,0.425781,0.355469,1.00714,0,0,0,0.105543
55,45,0.433594,0.355469,1.00797,0,0,0,0.105352
56,45,0.441406,0.355469,1.00878,0,0,0,0.102453
57,45,0.449219,0.355469,1.00957,0,0,0,0.0966797
58,45,0.457031,0.355469,1.01029,0,0,0,0.0879962
59,45,0.464844,0.355469,1.01094,0,0,0,0.0765091
60,45,0.472656,0.355469,1.01149,0,0,0,0.0624724
61,45,0.480469,0.355469,1.01192,0,0,0,0.0462807
62,45,0.488281,0.355469,1.01221,0,0,0,0.0284519
63,45,0.496094,0.355469,1.01236,0,0,0,0.00959996
64,45,0.503906,0.355469,1.01236,0,0,0,-0.00959996
65,45,0.511719,0.355469,1.01221,0,0,0,-0.0284519
66,45,0.519531,0.355469,1.01192,0,0,0,-0.0462807
67,45,0.527344,0.355469,1.01149,0,0,0,-0.0624724
68,45,0.535156,0.355469,1.01094,0,0,0,-0.0765091
69,45,0.542969,0.355469,1.01029,0,0,0,-0.0879962
70,45,0.550781,0.355469,1.00957,0,0,0,-0.0966797
71,45,0.558594,0.355469,1.00878,0,0,0,-0.102453
72,45,0.566406,0.355469,1.00797,0,0,0,-0.105352
73,45,0.574219,0.355469,1.00714,0,0,0,-0.105543
74,45,0.582031,0.355469,1.00632,0,0,0,-0.103299
75,45,0.589844,0.355469,1.00552,0,0,0,-0.0989748
76,45,0.597656,0.355469,1.00477,0,0,0,-0.0929775
77,45,0.605469,0.355469,1.00407,0,0,0,-0.0857359
78,45,0.613281,0.355469,1.00343,0,0,0,-0.0776744
79,45,0.621094,0.355469,1.00286,0,0,0,-0.0691899
80,45,0.628906,0.355469,1.00235,0,0,0,-0.060634
81,45,0.636719,0.355469,1.00191,0,0,0,-0.0523012
82,45,0.644531,0.355469,1.00153,0,0,0,-0.0444228
83,45,0.652344,0.355469,1.00122,0,0,0,-0.0371664
84,45,0.660156,0.355469,1.00095,0,0,0,-0.0306387
85,45,0.667969,0.355469,1.00074,0,0,0,-0.0248929
86,45,0.675781,0.355469,1.00056,0,0,0,-0.019937
87,45,0.683594,0.355469,1.00043,0,0,0,-0.0157437
88,45,0.691406,0.355469,1.00032,0,0,0,-0.0122598
89,45,0.699219,0.355469,1.00023,0,0,0,-0.00941581
90,45,0.707031,0.355469,1.00017,0,0,0,-0.00713318
91,45,0.714844,0.355469,1.00012,0,0,0,-0.005331
92,45,0.722656,0.355469,1.00009,0,0,0,-0.00393079
93,45,0.730469,0.355469,1.00006,0,0,0,-0.0028598
94,45,0.738281,0.355469,1.00004,0,0,0,-0.00205311
95,45,0.746094,0.355469,1.00003,0,0,0,-0.00145459
96,45,0.753906,0.355469,1.00002,0,0,0,-0.00101707
97,45,0.761719,0.355469,1.00001,0,0,0,-0.000701888
98,45,0.769531,0.355469,1.00001,0,0,0,-0.000478099
99,45,0.777344,0.355469,1.00001,0,0,0,-0.000321457
100,45,0.785156,0.355469,1,0,0,0,-0.000213354
101,45,0.792969,0.355469,1,0,0,0,-0.000139789
102,45,0.800781,0.355469,1,0,0,0,-9.04184e-05
103,45,0.808594,0.355469,1,0,0,0,-5.77385e-05
104,45,0.816406,0.355469,1,0,0,0,-3.64012e-05
105,45,0.824219,0.355469,1,0,0,0,-2.26579e-05
106,45,0.832031,0.355469,1,0,0,0,-1.39248e-05
107,45,0.839844,0.355469,1,0,0,0,-8.44965e-06
108,45,0.847656,0.355469,1,0,0,0,-5.06264e-06
109,45,0.855469,0.355469,1,0,0,0,-2.99513e-06
110,45,0.863281,0.355469,1,0,0,0,-1.74969e-06
111,45,0.871094,0.355469,1,0,0,0,-1.00932e-06
112,45,0.878906,0.355469,1,0,0,0,-5.74935e-07
113,45,0.886719,0.355469,1,0,0,0,-3.23403e-07
114,45,0.894531,0.355469,1,0,0,0,-1.79643e-07
115,45,0.902344,0.355469,1,0,0,0,-9.85428e-08
116,45,0.910156,0.355469,1,0,0,0,-5.3382e-08
117,45,0.917969,0.355469,1,0,0,0,-2.85578e-08
118,45,0.925781,0.355469,1,0,0,0,-1.50877e-08
119,45,0.933594,0.355469,1,0,0,0,-7.8721e-09
120,45,0.941406,0.355469,1,0,0,0,-4.05636e-09
121,45,0.949219,0.355469,1,0,0,0,-2.06427e-09
122,45,0.957031,0.355469,1,0,0,0,-1.03749e-09
123,45,0.964844,0.355469,1,0,0,0,-5.14987e-10
124,45,0.972656,0.355469,1,0,0,0,-2.52456e-10
125,45,0.980469,0.355469,1,0,0,0,-1.22228e-10
126,45,0.988281,0.355469,1,0,0,0,-5.84492e-11
127,45,0.996094,0.355469,1,0,0,0,-1.8801e-11
0,46,0.00390625,0.363281,1,0,0,0,2.34195e-11
1,46,0.0117188,0.363281,1,0,0,0,7.28164e-11
2,46,0.0195312,0.363281,1,0,0,0,1.52269e-10
3,46,0.0273438,0.363281,1,0,0,0,3.14486e-10
4,46,0.0351562,0.363281,1,0,0,0,6.41521e-10
5,46,0.0429688,0.363281,1,0,0,0,1.29243e-09
6,46,0.0507812,0.363281,1,0,0,0,2.57154e-09
7,46,0.0585938,0.363281,1,0,0,0,5.05317e-09
8,46,0.0664062,0.363281,1,0,0,0,9.80657e-09
9,46,0.0742188,0.363281,1,0,0,0,1.87953e-08
10,46,0.0820312,0.363281,1,0,0,0,3.55755e-08
11,46,0.0898438,0.363281,1,0,0,0,6.64998e-08
12,46,0.0976562,0.363281,1,0,0,0,1.22758e-07
13,46,0.105469,0.363281,1,0,0,0,2.23788e-07
14,46,0.113281,0.363281,1,0,0,0,4.02874e-07
15,46,0.121094,0.363281,1,0,0,0,7.16217e-07
16,46,0.128906,0.363281,1,0,0,0,1.25734e-06
17,46,0.136719,0.363281,1,0,0,0,2.17966e-06
18,46,0.144531,0.363281,1,0,0,0,3.73114e-06
19,46,0.152344,0.363281,1,0,0,0,6.30671e-06
20,46,0.160156,0.363281,1,0,0,0,1.0526e-05
21,46,0.167969,0.363281,1,0,0,0,1.73466e-05
22,46,0.175781,0.363281,1,0,0,0,2.82257e-05
23,46,0.183594,0.363281,1,0,0,0,4.53462e-05
24,46,0.191406,0.363281,1,0,0,0,7.1927e-05
25,46,0.199219,0.363281,1,0,0,0,0.000112637
26,46,0.207031,0.363281,1,0,0,0,0.000174141
27,46,0.214844,0.363281,1,0,0,0,0.000265783
28,46,0.222656,0.363281,1.00001,0,0,0,0.00040045
29,46,0.230469,0.363281,1.00001,0,0,0,0.000595585
30,46,0.238281,0.363281,1.00002,0,0,0,0.000874367
31,46,0.246094,0.363281,1.00002,0,0,0,0.001267
32,46,0.253906,0.363281,1.00004,0,0,0,0.00181203
33,46,0.261719,0.363281,1.00005,0,0,0,0.00255763
34,46,0.269531,0.363281,1.00008,0,0,0,0.00356256
35,46,0.277344,0.363281,1.00011,0,0,0,0.00489673
36,46,0.285156,0.363281,1.00015,0,0,0,0.00664102
37,46,0.292969,0.363281,1.00021,0,0,0,0.00888605
38,46,0.300781,0.363281,1.00029,0,0,0,0.0117296
39,46,0.308594,0.363281,1.0004,0,0,0,0.0152725
40,46,0.316406,0.363281,1.00053,0,0,0,0.0196124
41,46,0.324219,0.363281,1.0007,0,0,0,0.0248362
42,46,0.332031,0.363281,1.00092,0,0,0,0.03101
43,46,0.339844,0.363281,1.00119,0,0,0,0.0381677
44,46,0.347656,0.363281,1.00151,0,0,0,0.0462995
45,46,0.355469,0.363281,1.00191,0,0,0,0.0553391
46,46,0.363281,0.363281,1.00238,0,0,0,0.0651535
47,46,0.371094,0.363281,1.00293,0,0,0,0.075534
48,46,0.378906,0.363281,1.00356,0,0,0,0.0861924
49,46,0.386719,0.363281,1.00427,0,0,0,0.0967618
50,46,0.394531,0.363281,1.00507,0,0,0,0.106804
51,46,0.402344,0.363281,1.00594,0,0,0,0.115825
52,46,0.410156,0.363281,1.00688,0,0,0,0.123296
53,46,0.417969,0.363281,1.00787,0,0,0,0.128683
54,46,0.425781,0.363281,1.00889,0,0,0,0.131478
55,46,0.433594,0.363281,1.00992,0,0,0,0.131241
56,46,0.441406,0.363281,1.01094,0,0,0,0.127629
57,46,0.449219,0.363281,1.01192,0,0,0,0.120437
58,46,0.457031,0.363281,1.01282,0,0,0,0.10962
59,46,0.464844,0.363281,1.01363,0,0,0,0.0953101
60,46,0.472656,0.363281,1.01431,0,0,0,0.0778241
61,46,0.480469,0.363281,1.01485,0,0,0,0.0576535
62,46,0.488281,0.363281,1.01521,0,0,0,0.0354435
63,46,0.496094,0.363281,1.0154,0,0,0,0.011959
64,46,0.503906,0.363281,1.0154,0,0,0,-0.011959
65,46,0.511719,0.363281,1.01521,0,0,0,-0.0354435
66,46,0.519531,0.363281,1.01485,0,0,0,-0.0576535
67,46,0.527344,0.363281,1.01431,0,0,0,-0.0778241
68,46,0.535156,0.363281,1.01363,0,0,0,-0.0953101
69,46,0.542969,0.363281,1.01282,0,0,0,-0.10962
70,46,0.550781,0.363281,1.01192,0,0,0,-0.120437
71,46,0.558594,0.363281,1.01094,0,0,0,-0.127629
72,46,0.566406,0.363281,1.00992,0,0,0,-0.131241
73,46,0.574219,0.363281,1.00889,0,0,0,-0.131478
74,46,0.582031,0.363281,1.00787,0,0,0,-0.128683
75,46,0.589844,0.363281,1.00688,0,0,0,-0.123296
76,46,0.597656,0.363281,1.00594,0,0,0,-0.115825
77,46,0.605469,0.363281,1.00507,0,0,0,-0.106804
78,46,0.613281,0.363281,1.00427,0,0,0,-0.0967618
79,46,0.621094,0.363281,1.00356,0,0,0,-0.0861924
80,46,0.628906,0.363281,1.00293,0,0,0,-0.075534
81,46,0.636719,0.363281,1.00238,0,0,0,-0.0651535
82,46,0.644531,0.363281,1.00191,0,0,0,-0.0553391
83,46,0.652344,0.363281,1.00151,0,0,0,-0.0462995
84,46,0.660156,0.363281,1.00119,0,0,0,-0.0381677
85,46,0.667969,0.363281,1.00092,0,0,0,-0.03101
86,46,0.675781,0.363281,1.0007,0,0,0,-0.0248362
87,46,0.683594,0.363281,1.00053,0,0,0,-0.0196124
88,46,0.691406,0.363281,1.0004,0,0,0,-0.0152725
89,46,0.699219,0.363281,1.00029,0,0,0,-0.0117296
90,46,0.707031,0.363281,1.00021,0,0,0,-0.00888605
91,46,0.714844,0.363281,1.00015,0,0,0,-0.00664102
92,46,0.722656,0.363281,1.00011,0,0,0,-0.00489673
93,46,0.730469,0.363281,1.00008,0,0,0,-0.00356256
94,46,0.738281,0.363281,1.00005,0,0,0,-0.00255763
95,46,0.746094,0.363281,1.00004,0,0,0,-0.00181203
96,46,0.753906,0.363281,1.00002,0,0,0,-0.001267
97,46,0.761719,0.363281,1.00002,0,0,0,-0.000874367
98,46,0.769531,0.363281,1.00001,0,0,0,-0.000595585
99,46,0.777344,0.363281,1.00001,0,0,0,-0.00040045
100,46,0.785156,0.363281,1,0,0,0,-0.000265783
101,46,0.792969,0.363281,1,0,0,0,-0.000174141
102,46,0.800781,0.363281,1,0,0,0,-0.000112637
103,46,0.808594,0.363281,1,0,0,0,-7.1927e-05
104,46,0.816406,0.363281,1,0,0,0,-4.53462e-05
105,46,0.824219,0.363281,1,0,0,0,-2.82257e-05
106,46,0.832031,0.363281,1,0,0,0,-1.73466e-05
107,46,0.839844,0.363281,1,0,0,0,-1.0526e-05
108,46,0.847656,0.363281,1,0,0,0,-6.30671e-06
109,46,0.855469,0.363281,1,0,0,0,-3.73114e-06
110,46,0.863281,0.363281,1,0,0,0,-2.17966e-06
111,46,0.871094,0.363281,1,0,0,0,-1.25734e-06
112,46,0.878906,0.363281,1,0,0,0,-7.16217e-07
113,46,0.886719,0.363281,1,0,0,0,-4.02874e-07
114,46,0.894531,0.363281,1,0,0,0,-2.23788e-07
115,46,0.902344,0.363281,1,0,0,0,-1.22758e-07
116,46,0.910156,0.363281,1,0,0,0,-6.64998e-08
117,46,0.917969,0.363281,1,0,0,0,-3.55755e-08
118,46,0.925781,0.363281,1,0,0,0,-1.87953e-08
119,46,0.933594,0.363281,1,0,0,0,-9.80657e-09
120,46,0.941406,0.363281,1,0,0,0,-5.05317e-09
121,46,0.949219,0.363281,1,0,0,0,-2.57154e-09
122,46,0.957031,0.363281,1,0,0,0,-1.29243e-09
123,46,0.964844,0.363281,1,0,0,0,-6.41521e-10
124,46,0.972656,0.363281,1,0,0,0,-3.14486e-10
125,46,0.980469,0.363281,1,0,0,0,-1.52269e-10
126,46,0.988281,0.363281,1,0,0,0,-7.28164e-11
127,46,0.996094,0.363281,1,0,0,0,-2.34195e-11
0,47,0.00390625,0.371094,1,0,0,0,2.88196e-11
1,47,0.0117188,0.371094,1,0,0,0,8.96136e-11
2,47,0.0195312,0.371094,1,0,0,0,1.87384e-10
3,47,0.0273438,0.371094,1,0,0,0,3.87018e-10
4,47,0.0351562,0.371094,1,0,0,0,7.89484e-10
5,47,0.0429688,0.371094,1,0,0,0,1.59049e-09
6,47,0.0507812,0.371094,1,0,0,0,3.16459e-09
7,47,0.0585938,0.371094,1,0,0,0,6.21854e-09
8,47,0.0664062,0.371094,1,0,0,0,1.20682e-08
9,47,0.0742188,0.371094,1,0,0,0,2.31298e-08
10,47,0.0820312,0.371094,1,0,0,0,4.378e-08
11,47,0.0898438,0.371094,1,0,0,0,8.18362e-08
12,47,0.0976562,0.371094,1,0,0,0,1.51069e-07
13,47,0.105469,0.371094,1,0,0,0,2.75398e-07
14,47,0.113281,0.371094,1,0,0,0,4.95786e-07
15,47,0.121094,0.371094,1,0,0,0,8.81392e-07
16,47,0.128906,0.371094,1,0,0,0,1.54731e-06
17,47,0.136719,0.371094,1,0,0,0,2.68233e-06
18,47,0.144531,0.371094,1,0,0,0,4.59162e-06
19,47,0.152344,0.371094,1,0,0,0,7.76118e-06
20,47,0.160156,0.371094,1,0,0,0,1.29536e-05
21,47,0.167969,0.371094,1,0,0,0,2.13472e-05
22,47,0.175781,0.371094,1,0,0,0,3.47352e-05
23,47,0.183594,0.371094,1,0,0,0,5.58041e-05
24,47,0.191406,0.371094,1,0,0,0,8.85149e-05
25,47,0.199219,0.371094,1,0,0,0,0.000138614
26,47,0.207031,0.371094,1,0,0,0,0.000214301
27,47,0.214844,0.371094,1.00001,0,0,0,0.000327079
28,47,0.222656,0.371094,1.00001,0,0,0,0.000492803
29,47,0.230469,0.371094,1.00001,0,0,0,0.00073294
30,47,0.238281,0.371094,1.00002,0,0,0,0.00107601
31,47,0.246094,0.371094,1.00003,0,0,0,0.00155919
32,47,0.253906,0.371094,1.00004,0,0,0,0.00222993
33,47,0.261719,0.371094,1.00006,0,0,0,0.00314747
34,47,0.269531,0.371094,1.00009,0,0,0,0.00438416
35,47,0.277344,0.371094,1.00013,0,0,0,0.00602602
36,47,0.285156,0.371094,1.00019,0,0,0,0.00817259
37,47,0.292969,0.371094,1.00026,0,0,0,0.0109354
38,47,0.300781,0.371094,1.00036,0,0,0,0.0144347
39,47,0.308594,0.371094,1.00049,0,0,0,0.0187947
40,47,0.316406,0.371094,1.00065,0,0,0,0.0241355
41,47,0.324219,0.371094,1.00086,0,0,0,0.030564
42,47,0.332031,0.371094,1.00113,0,0,0,0.0381615
43,47,0.339844,0.371094,1.00146,0,0,0,0.04697
44,47,0.347656,0.371094,1.00186,0,0,0,0.0569771
45,47,0.355469,0.371094,1.00235,0,0,0,0.0681015
46,47,0.363281,0.371094,1.00293,0,0,0,0.0801793
47,47,0.371094,0.371094,1.0036,0,0,0,0.0929538
48,47,0.378906,0.371094,1.00438,0,0,0,0.10607
49,47,0.386719,0.371094,1.00526,0,0,0,0.119077
50,47,0.394531,0.371094,1.00624,0,0,0,0.131436
51,47,0.402344,0.371094,1.00731,0,0,0,0.142537
52,47,0.410156,0.371094,1.00847,0,0,0,0.151731
53,47,0.417969,0.371094,1.00968,0,0,0,0.15836
54,47,0.425781,0.371094,1.01094,0,0,0,0.1618
55,47,0.433594,0.371094,1.01221,0,0,0,0.161508
56,47,0.441406,0.371094,1.01347,0,0,0,0.157063
57,47,0.449219,0.371094,1.01467,0,0,0,0.148213
58,47,0.457031,0.371094,1.01578,0,0,0,0.134901
59,47,0.464844,0.371094,1.01678,0,0,0,0.117291
60,47,0.472656,0.371094,1.01761,0,0,0,0.095772
61,47,0.480469,0.371094,1.01827,0,0,0,0.0709497
62,47,0.488281,0.371094,1.01872,0,0,0,0.0436176
63,47,0.496094,0.371094,1.01895,0,0,0,0.014717
64,47,0.503906,0.371094,1.01895,0,0,0,-0.014717
65,47,0.511719,0.371094,1.01872,0,0,0,-0.0436176
66,47,0.519531,0.371094,1.01827,0,0,0,-0.0709497
67,47,0.527344,0.371094,1.01761,0,0,0,-0.095772
68,47,0.535156,0.371094,1.01678,0,0,0,-0.117291
69,47,0.542969,0.371094,1.01578,0,0,0,-0.134901
70,47,0.550781,0.371094,1.01467,0,0,0,-0.148213
71,47,0.558594,0.371094,1.01347,0,0,0,-0.157063
72,47,0.566406,0.371094,1.01221,0,0,0,-0.161508
73,47,0.574219,0.371094,1.01094,0,0,0,-0.1618
74,47,0.582031,0.371094,1.00968,0,0,0,-0.15836
75,47,0.589844,0.371094,1.00847,0,0,0,-0.151731
76,47,0.597656,0.371094,1.00731,0,0,0,-0.142537
77,47,0.605469,0.371094,1.00624,0,0,0,-0.131436
78,47,0.613281,0.371094,1.00526,0,0,0,-0.119077
79,47,0.621094,0.371094,1.00438,0,0,0,-0.10607
80,47,0.628906,0.371094,1.0036,0,0,0,-0.0929538
81,47,0.636719,0.371094,1.00293,0,0,0,-0.0801793
82,47,0.644531,0.371094,1.00235,0,0,0,-0.0681015
83,47,0.652344,0.371094,1.00186,0,0,0,-0.0569771
84,47,0.660156,0.371094,1.00146,0,0,0,-0.04697
85,47,0.667969,0.371094,1.00113,0,0,0,-0.0381615
86,47,0.675781,0.371094,1.00086,0,0,0,-0.030564
87,47,0.683594,0.371094,1.00065,0,0,0,-0.0241355
88,47,0.691406,0.371094,1.00049,0,0,0,-0.0187947
89,47,0.699219,0.371094,1.00036,0,0,0,-0.0144347
90,47,0.707031,0.371094,1.00026,0,0,0,-0.0109354
91,47,0.714844,0.371094,1.00019,0,0,0,-0.00817259
92,47,0.722656,0.371094,1.00013,0,0,0,-0.00602602
93,47,0.730469,0.371094,1.00009,0,0,0,-0.00438416
94,47,0.738281,0.371094,1.00006,0,0,0,-0.00314747
95,47,0.746094,0.371094,1.00004,0,0,0,-0.00222993
96,47,0.753906,0.371094,1.00003,0,0,0,-0.00155919
97,47,0.761719,0.371094,1.00002,0,0,0,-0.00107601
98,47,0.769531,0.371094,1.00001,0,0,0,-0.00073294
99,47,0.777344,0.371094,1.00001,0,0,0,-0.000492803
100,47,0.785156,0.371094,1.00001,0,0,0,-0.000327079
101,47,0.792969,0.371094,1,0,0,0,-0.000214301
102,47,0.800781,0.371094,1,0,0,0,-0.000138614
103,47,0.808594,0.371094,1,0,0,0,-8.85149e-05
104,47,0.816406,0.371094,1,0,0,0,-5.58041e-05
105,47,0.824219,0.371094,1,0,0,0,-3.47352e-05
106,47,0.832031,0.371094,1,0,0,0,-2.13472e-05
107,47,0.839844,0.371094,1,0,0,0,-1.29536e-05
108,47,0.847656,0.371094,1,0,0,0,-7.76118e-06
109,47,0.855469,0.371094,1,0,0,0,-4.59162e-06
110,47,0.863281,0.371094,1,0,0,0,-2.68233e-06
111,47,0.871094,0.371094,1,0,0,0,-1.54731e-06
112,47,0.878906,0.371094,1,0,0,0,-8.81392e-07
113,47,0.886719,0.371094,1,0,0,0,-4.95786e-07
114,47,0.894531,0.371094,1,0,0,0,-2.75398e-07
115,47,0.902344,0.371094,1,0,0,0,-1.51069e-07
116,47,0.910156,0.371094,1,0,0,0,-8.18362e-08
117,47,0.917969,0.371094,1,0,0,0,-4.378e-08
118,47,0.925781,0.371094,1,0,0,0,-2.31298e-08
119,47,0.933594,0.371094,1,0,0,0,-1.20682e-08
120,47,0.941406,0.371094,1,0,0,0,-6.21854e-09
121,47,0.949219,0.371094,1,0,0,0,-3.16459e-09
122,47,0.957031,0.371094,1,0,0,0,-1.59049e-09
123,47,0.964844,0.371094,1,0,0,0,-7.89484e-10
124,47,0.972656,0.371094,1,0,0,0,-3.87018e-10
125,47,0.980469,0.371094,1,0,0,0,-1.87384e-10
126,47,0.988281,0.371094,1,0,0,0,-8.96136e-11
127,47,0.996094,0.371094,1,0,0,0,-2.88196e-11
0,48,0.00390625,0.378906,1,0,0,0,3.5044e-11
1,48,0.0117188,0.378906,1,0,0,0,1.08926e-10
2,48,0.0195312,0.378906,1,0,0,0,2.278e-10
3,48,0.0273438,0.378906,1,0,0,0,4.70507e-10
4,48,0.0351562,0.378906,1,0,0,0,9.59758e-10
5,48,0.0429688,0.378906,1,0,0,0,1.93356e-09
6,48,0.0507812,0.378906,1,0,0,0,3.84716e-09
7,48,0.0585938,0.378906,1,0,0,0,7.55982e-09
8,48,0.0664062,0.378906,1,0,0,0,1.46712e-08
9,48,0.0742188,0.378906,1,0,0,0,2.81187e-08
10,48,0.0820312,0.378906,1,0,0,0,5.32229e-08
11,48,0.0898438,0.378906,1,0,0,0,9.94875e-08
12,48,0.0976562,0.378906,1,0,0,0,1.83653e-07
13,48,0.105469,0.378906,1,0,0,0,3.34799e-07
14,48,0.113281,0.378906,1,0,0,0,6.02723e-07
15,48,0.121094,0.378906,1,0,0,0,1.0715e-06
16,48,0.128906,0.378906,1,0,0,0,1.88105e-06
17,48,0.136719,0.378906,1,0,0,0,3.26089e-06
18,48,0.144531,0.378906,1,0,0,0,5.58199e-06
19,48,0.152344,0.378906,1,0,0,0,9.4352e-06
20,48,0.160156,0.378906,1,0,0,0,1.57475e-05
21,48,0.167969,0.378906,1,0,0,0,2.59516e-05
22,48,0.175781,0.378906,1,0,0,0,4.22272e-05
23,48,0.183594,0.378906,1,0,0,0,6.78405e-05
24,48,0.191406,0.378906,1,0,0,0,0.000107607
25,48,0.199219,0.378906,1,0,0,0,0.000168512
26,48,0.207031,0.378906,1,0,0,0,0.000260524
27,48,0.214844,0.378906,1.00001,0,0,0,0.000397627
28,48,0.222656,0.378906,1.00001,0,0,0,0.000599096
29,48,0.230469,0.378906,1.00002,0,0,0,0.000891029
30,48,0.238281,0.378906,1.00002,0,0,0,0.0013081
31,48,0.246094,0.378906,1.00004,0,0,0,0.0018955
32,48,0.253906,0.378906,1.00005,0,0,0,0.0027109
33,48,0.261719,0.378906,1.00008,0,0,0,0.00382635
34,48,0.269531,0.378906,1.00011,0,0,0,0.00532978
35,48,0.277344,0.378906,1.00016,0,0,0,0.00732578
36,48,0.285156,0.378906,1.00023,0,0,0,0.00993534
37,48,0.292969,0.378906,1.00032,0,0,0,0.013294
38,48,0.300781,0.378906,1.00044,0,0,0,0.0175482
39,48,0.308594,0.378906,1.00059,0,0,0,0.0228485
40,48,0.316406,0.378906,1.00079,0,0,0,0.0293413
41,48,0.324219,0.378906,1.00105,0,0,0,0.0371564
42,48,0.332031,0.378906,1.00137,0,0,0,0.0463926
43,48,0.339844,0.378906,1.00177,0,0,0,0.057101
44,48,0.347656,0.378906,1.00227,0,0,0,0.0692666
45,48,0.355469,0.378906,1.00286,0,0,0,0.0827904
46,48,0.363281,0.378906,1.00356,0,0,0,0.0974732
47,48,0.371094,0.378906,1.00438,0,0,0,0.113003
48,48,0.378906,0.378906,1.00533,0,0,0,0.128949
49,48,0.386719,0.378906,1.0064,0,0,0,0.144761
50,48,0.394531,0.378906,1.00759,0,0,0,0.159785
51,48,0.402344,0.378906,1.00889,0,0,0,0.173281
52,48,0.410156,0.378906,1.01029,0,0,0,0.184458
53,48,0.417969,0.378906,1.01177,0,0,0,0.192517
54,48,0.425781,0.378906,1.0133,0,0,0,0.196699
55,48,0.433594,0.378906,1.01485,0,0,0,0.196343
56,48,0.441406,0.378906,1.01637,0,0,0,0.19094
57,48,0.449219,0.378906,1.01783,0,0,0,0.180181
58,48,0.457031,0.378906,1.01919,0,0,0,0.163998
59,48,0.464844,0.378906,1.02039,0,0,0,0.142589
60,48,0.472656,0.378906,1.02141,0,0,0,0.116429
61,48,0.480469,0.378906,1.02221,0,0,0,0.0862529
62,48,0.488281,0.378906,1.02276,0,0,0,0.0530255
63,48,0.496094,0.378906,1.02304,0,0,0,0.0178913
64,48,0.503906,0.378906,1.02304,0,0,0,-0.0178913
65,48,0.511719,0.378906,1.02276,0,0,0,-0.0530255
66,48,0.519531,0.378906,1.02221,0,0,0,-0.0862529
67,48,0.527344,0.378906,1.02141,0,0,0,-0.116429
68,48,0.535156,0.378906,1.02039,0,0,0,-0.142589
69,48,0.542969,0.378906,1.01919,0,0,0,-0.163998
70,48,0.550781,0.378906,1.01783,0,0,0,-0.180181
71,48,0.558594,0.378906,1.01637,0,0,0,-0.19094
72,48,0.566406,0.378906,1.01485,0,0,0,-0.196343
73,48,0.574219,0.378906,1.0133,0,0,0,-0.196699
74,48,0.582031,0.378906,1.01177,0,0,0,-0.192517
75,48,0.589844,0.378906,1.01029,0,0,0,-0.184458
76,48,0.597656,0.378906,1.00889,0,0,0,-0.173281
77,48,0.605469,0.378906,1.00759,0,0,0,-0.159785
78,48,0.613281,0.378906,1.0064,0,0,0,-0.144761
79,48,0.621094,0.378906,1.00533,0,0,0,-0.128949
80,48,0.628906,0.378906,1.00438,0,0,0,-0.113003
81,48,0.636719,0.378906,1.00356,0,0,0,-0.0974732
82,48,0.644531,0.378906,1.00286,0,0,0,-0.0827904
83,48,0.652344,0.378906,1.00227,0,0,0,-0.0692666
84,48,0.660156,0.378906,1.00177,0,0,0,-0.057101
85,48,0.667969,0.378906,1.00137,0,0,0,-0.0463926
86,48,0.675781,0.378906,1.00105,0,0,0,-0.0371564
87,48,0.683594,0.378906,1.00079,0,0,0,-0.0293413
88,48,0.691406,0.378906,1.00059,0,0,0,-0.0228485
89,48,0.699219,0.378906,1.00044,0,0,0,-0.0175482
90,48,0.707031,0.378906,1.00032,0,0,0,-0.013294
91,48,0.714844,0.378906,1.00023,0,0,0,-0.00993534
92,48,0.722656,0.378906,1.00016,0,0,0,-0.00732578
93,48,0.730469,0.378906,1.00011,0,0,0,-0.00532978
94,48,0.738281,0.378906,1.00008,0,0,0,-0.00382635
95,48,0.746094,0.378906,1.00005,0,0,0,-0.0027109
96,48,0.753906,0.378906,1.00004,0,0,0,-0.0018955
97,48,0.761719,0.378906,1.00002,0,0,0,-0.0013081
98,48,0.769531,0.378906,1.00002,0,0,0,-0.000891029
99,48,0.777344,0.378906,1.00001,0,0,0,-0.000599096
100,48,0.785156,0.378906,1.00001,0,0,0,-0.000397627
101,48,0.792969,0.378906,1,0,0,0,-0.000260524
102,48,0.800781,0.378906,1,0,0,0,-0.000168512
103,48,0.808594,0.378906,1,0,0,0,-0.000107607
104,48,0.816406,0.378906,1,0,0,0,-6.78405e-05
105,48,0.824219,0.378906,1,0,0,0,-4.22272e-05
106,48,0.832031,0.378906,1,0,0,0,-2.59516e-05
107,48,0.839844,0.378906,1,0,0,0,-1.57475e-05
108,48,0.847656,0.378906,1,0,0,0,-9.4352e-06
109,48,0.855469,0.378906,1,0,0,0,-5.58199e-06
110,48,0.863281,0.378906,1,0,0,0,-3.26089e-06
111,48,0.871094,0.378906,1,0,0,0,-1.88105e-06
112,48,0.878906,0.378906,1,0,0,0,-1.0715e-06
113,48,0.886719,0.378906,1,0,0,0,-6.02723e-07
114,48,0.894531,0.378906,1,0,0,0,-3.34799e-07
115,48,0.902344,0.378906,1,0,0,0,-1.83653e-07
116,48,0.910156,0.378906,1,0,0,0,-9.94875e-08
117,48,0.917969,0.378906,1,0,0,0,-5.32229e-08
118,48,0.925781,0.378906,1,0,0,0,-2.81187e-08
119,48,0.933594,0.378906,1,0,0,0,-1.46712e-08
120,48,0.941406,0.378906,1,0,0,0,-7.55982e-09
121,48,0.949219,0.378906,1,0,0,0,-3.84716e-09
122,48,0.957031,0.378906,1,0,0,0,-1.93356e-09
123,48,0.964844,0.378906,1,0,0,0,-9.59758e-10
124,48,0.972656,0.378906,1,0,0,0,-4.70507e-10
125,48,0.980469,0.378906,1,0,0,0,-2.278e-10
126,48,0.988281,0.378906,1,0,0,0,-1.08926e-10
127,48,0.996094,0.378906,1,0,0,0,-3.5044e-11
0,49,0.00390625,0.386719,1,0,0,0,4.20783e-11
1,49,0.0117188,0.386719,1,0,0,0,1.30825e-10
2,49,0.0195312,0.386719,1,0,0,0,2.73587e-10
3,49,0.0273438,0.386719,1,0,0,0,5.65052e-10
4,49,0.0351562,0.386719,1,0,0,0,1.15261e-09
5,49,0.0429688,0.386719,1,0,0,0,2.32207e-09
6,49,0.0507812,0.386719,1,0,0,0,4.6202e-09
7,49,0.0585938,0.386719,1,0,0,0,9.0789e-09
8,49,0.0664062,0.386719,1,0,0,0,1.76192e-08
9,49,0.0742188,0.386719,1,0,0,0,3.3769e-08
10,49,0.0820312,0.386719,1,0,0,0,6.39176e-08
11,49,0.0898438,0.386719,1,0,0,0,1.19479e-07
12,49,0.0976562,0.386719,1,0,0,0,2.20557e-07
13,49,0.105469,0.386719,1,0,0,0,4.02074e-07
14,49,0.113281,0.386719,1,0,0,0,7.23834e-07
15,49,0.121094,0.386719,1,0,0,0,1.28681e-06
16,49,0.128906,0.386719,1,0,0,0,2.25903e-06
17,49,0.136719,0.386719,1,0,0,0,3.91614e-06
18,49,0.144531,0.386719,1,0,0,0,6.70364e-06
19,49,0.152344,0.386719,1,0,0,0,1.13311e-05
20,49,0.160156,0.386719,1,0,0,0,1.89119e-05
21,49,0.167969,0.386719,1,0,0,0,3.11663e-05
22,49,0.175781,0.386719,1,0,0,0,5.07124e-05
23,49,0.183594,0.386719,1,0,0,0,8.14724e-05
24,49,0.191406,0.386719,1,0,0,0,0.000129229
25,49,0.199219,0.386719,1,0,0,0,0.000202373
26,49,0.207031,0.386719,1.00001,0,0,0,0.000312874
27,49,0.214844,0.386719,1.00001,0,0,0,0.000477526
28,49,0.222656,0.386719,1.00001,0,0,0,0.000719479
29,49,0.230469,0.386719,1.00002,0,0,0,0.00107007
30,49,0.238281,0.386719,1.00003,0,0,0,0.00157095
31,49,0.246094,0.386719,1.00004,0,0,0,0.00227638
32,49,0.253906,0.386719,1.00006,0,0,0,0.00325563
33,49,0.261719,0.386719,1.00009,0,0,0,0.00459523
34,49,0.269531,0.386719,1.00014,0,0,0,0.00640075
35,49,0.277344,0.386719,1.00019,0,0,0,0.00879783
36,49,0.285156,0.386719,1.00027,0,0,0,0.0119318
37,49,0.292969,0.386719,1.00038,0,0,0,0.0159653
38,49,0.300781,0.386719,1.00052,0,0,0,0.0210743
39,49,0.308594,0.386719,1.00071,0,0,0,0.0274397
40,49,0.316406,0.386719,1.00095,0,0,0,0.0352372
41,49,0.324219,0.386719,1.00126,0,0,0,0.0446226
42,49,0.332031,0.386719,1.00165,0,0,0,0.0557148
43,49,0.339844,0.386719,1.00213,0,0,0,0.068575
44,49,0.347656,0.386719,1.00272,0,0,0,0.0831851
45,49,0.355469,0.386719,1.00343,0,0,0,0.0994264
46,49,0.363281,0.386719,1.00427,0,0,0,0.11706
47,49,0.371094,0.386719,1.00526,0,0,0,0.13571
48,49,0.378906,0.386719,1.0064,0,0,0,0.15486
49,49,0.386719,0.386719,1.00768,0,0,0,0.17385
50,49,0.394531,0.386719,1.00911,0,0,0,0.191893
51,49,0.402344,0.386719,1.01068,0,0,0,0.208101
52,49,0.410156,0.386719,1.01236,0,0,0,0.221524
53,49,0.417969,0.386719,1.01414,0,0,0,0.231201
54,49,0.425781,0.386719,1.01598,0,0,0,0.236224
55,49,0.433594,0.386719,1.01783,0,0,0,0.235797
56,49,0.441406,0.386719,1.01966,0,0,0,0.229308
57,49,0.449219,0.386719,1.02141,0,0,0,0.216387
58,49,0.457031,0.386719,1.02304,0,0,0,0.196952
59,49,0.464844,0.386719,1.02449,0,0,0,0.171241
60,49,0.472656,0.386719,1.02572,0,0,0,0.139825
61,49,0.480469,0.386719,1.02668,0,0,0,0.103585
62,49,0.488281,0.386719,1.02734,0,0,0,0.0636805
63,49,0.496094,0.386719,1.02767,0,0,0,0.0214865
64,49,0.503906,0.386719,1.02767,0,0,0,-0.0214865
65,49,0.511719,0.386719,1.02734,0,0,0,-0.0636805
66,49,0.519531,0.386719,1.02668,0,0,0,-0.103585
67,49,0.527344,0.386719,1.02572,0,0,0,-0.139825
68,49,0.535156,0.386719,1.02449,0,0,0,-0.171241
69,49,0.542969,0.386719,1.02304,0,0,0,-0.196952
70,49,0.550781,0.386719,1.02141,0,0,0,-0.216387
71,49,0.558594,0.386719,1.01966,0,0,0,-0.229308
72,49,0.566406,0.386719,1.01783,0,0,0,-0.235797
73,49,0.574219,0.386719,1.01598,0,0,0,-0.236224
74,49,0.582031,0.386719,1.01414,0,0,0,-0.231201
75,49,0.589844,0.386719,1.01236,0,0,0,-0.221524
76,49,0.597656,0.386719,1.01068,0,0,0,-0.208101
77,49,0.605469,0.386719,1.00911,0,0,0,-0.191893
78,49,0.613281,0.386719,1.00768,0,0,0,-0.17385
79,49,0.621094,0.386719,1.0064,0,0,0,-0.15486
80,49,0.628906,0.386719,1.00526,0,0,0,-0.13571
81,49,0.636719,0.386719,1.00427,0,0,0,-0.11706
82,49,0.644531,0.386719,1.00343,0,0,0,-0.0994264
83,49,0.652344,0.386719,1.00272,0,0,0,-0.0831851
84,49,0.660156,0.386719,1.00213,0,0,0,-0.068575
85,49,0.667969,0.386719,1.00165,0,0,0,-0.0557148
86,49,0.675781,0.386719,1.00126,0,0,0,-0.0446226
87,49,0.683594,0.386719,1.00095,0,0,0,-0.0352372
88,49,0.691406,0.386719,1.00071,0,0,0,-0.0274397
89,49,0.699219,0.386719,1.00052,0,0,0,-0.0210743
90,49,0.707031,0.386719,1.00038,0,0,0,-0.0159653
91,49,0.714844,0.386719,1.00027,0,0,0,-0.0119318
92,49,0.722656,0.386719,1.00019,0,0,0,-0.00879783
93,49,0.730469,0.386719,1.00014,0,0,0,-0.00640075
94,49,0.738281,0.386719,1.00009,0,0,0,-0.00459523
95,49,0.746094,0.386719,1.00006,0,0,0,-0.00325563
96,49,0.753906,0.386719,1.00004,0,0,0,-0.00227638
97,49,0.761719,0.386719,1.00003,0,0,0,-0.00157095
98,49,0.769531,0.386719,1.00002,0,0,0,-0.00107007
99,49,0.777344,0.386719,1.00001,0,0,0,-0.000719479
100,49,0.785156,0.386719,1.00001,0,0,0,-0.000477526
101,49,0.792969,0.386719,1.00001,0,0,0,-0.000312874
102,49,0.800781,0.386719,1,0,0,0,-0.000202373
103,49,0.808594,0.386719,1,0,0,0,-0.000129229
104,49,0.816406,0.386719,1,0,0,0,-8.14724e-05
105,49,0.824219,0.386719,1,0,0,0,-5.07124e-05
106,49,0.832031,0.386719,1,0,0,0,-3.11663e-05
107,49,0.839844,0.386719,1,0,0,0,-1.89119e-05
108,49,0.847656,0.386719,1,0,0,0,-1.13311e-05
109,49,0.855469,0.386719,1,0,0,0,-6.70364e-06
110,49,0.863281,0.386719,1,0,0,0,-3.91614e-06
111,49,0.871094,0.386719,1,0,0,0,-2.25903e-06
112,49,0.878906,0.386719,1,0,0,0,-1.28681e-06
113,49,0.886719,0.386719,1,0,0,0,-7.23834e-07
114,49,0.894531,0.386719,1,0,0,0,-4.02074e-07
115,49,0.902344,0.386719,1,0,0,0,-2.20557e-07
116,49,0.910156,0.386719,1,0,0,0,-1.19479e-07
117,49,0.917969,0.386719,1,0,0,0,-6.39176e-08
118,49,0.925781,0.386719,1,0,0,0,-3.3769e-08
119,49,0.933594,0.386719,1,0,0,0,-1.76192e-08
120,49,0.941406,0.386719,1,0,0,0,-9.0789e-09
121,49,0.949219,0.386719,1,0,0,0,-4.6202e-09
122,49,0.957031,0.386719,1,0,0,0,-2.32207e-09
123,49,0.964844,0.386719,1,0,0,0,-1.15261e-09
124,49,0.972656,0.386719,1,0,0,0,-5.65052e-10
125,49,0.980469,0.386719,1,0,0,0,-2.73587e-10
126,49,0.988281,0.386719,1,0,0,0,-1.30825e-10
127,49,0.996094,0.386719,1,0,0,0,-4.20783e-11
0,50,0.00390625,0.394531,1,0,0,0,4.99369e-11
1,50,0.0117188,0.394531,1,0,0,0,1.55211e-10
2,50,0.0195312,0.394531,1,0,0,0,3.24562e-10
3,50,0.0273438,0.394531,1,0,0,0,6.70354e-10
4,50,0.0351562,0.394531,1,0,0,0,1.36743e-09
5,50,0.0429688,0.394531,1,0,0,0,2.75485e-09
6,50,0.0507812,0.394531,1,0,0,0,5.48128e-09
7,50,0.0585938,0.394531,1,0,0,0,1.07709e-08
8,50,0.0664062,0.394531,1,0,0,0,2.09029e-08
9,50,0.0742188,0.394531,1,0,0,0,4.00625e-08
10,50,0.0820312,0.394531,1,0,0,0,7.583e-08
11,50,0.0898438,0.394531,1,0,0,0,1.41746e-07
12,50,0.0976562,0.394531,1,0,0,0,2.61662e-07
13,50,0.105469,0.394531,1,0,0,0,4.77008e-07
14,50,0.113281,0.394531,1,0,0,0,8.58735e-07
15,50,0.121094,0.394531,1,0,0,0,1.52663e-06
16,50,0.128906,0.394531,1,0,0,0,2.68005e-06
17,50,0.136719,0.394531,1,0,0,0,4.64599e-06
18,50,0.144531,0.394531,1,0,0,0,7.953e-06
19,50,0.152344,0.394531,1,0,0,0,1.34429e-05
20,50,0.160156,0.394531,1,0,0,0,2.24365e-05
21,50,0.167969,0.394531,1,0,0,0,3.69748e-05
22,50,0.175781,0.394531,1,0,0,0,6.01637e-05
23,50,0.183594,0.394531,1,0,0,0,9.66565e-05
24,50,0.191406,0.394531,1,0,0,0,0.000153314
25,50,0.199219,0.394531,1,0,0,0,0.000240089
26,50,0.207031,0.394531,1.00001,0,0,0,0.000371185
27,50,0.214844,0.394531,1.00001,0,0,0,0.000566523
28,50,0.222656,0.394531,1.00002,0,0,0,0.000853568
29,50,0.230469,0.394531,1.00002,0,0,0,0.0012695
30,50,0.238281,0.394531,1.00003,0,0,0,0.00186373
31,50,0.246094,0.394531,1.00005,0,0,0,0.00270063
32,50,0.253906,0.394531,1.00008,0,0,0,0.00386238
33,50,0.261719,0.394531,1.00011,0,0,0,0.00545164
34,50,0.269531,0.394531,1.00016,0,0,0,0.00759366
35,50,0.277344,0.394531,1.00023,0,0,0,0.0104375
36,50,0.285156,0.394531,1.00033,0,0,0,0.0141555
37,50,0.292969,0.394531,1.00045,0,0,0,0.0189408
38,50,0.300781,0.394531,1.00062,0,0,0,0.0250019
39,50,0.308594,0.394531,1.00084,0,0,0,0.0325536
40,50,0.316406,0.394531,1.00113,0,0,0,0.0418043
41,50,0.324219,0.394531,1.0015,0,0,0,0.052939
42,50,0.332031,0.394531,1.00196,0,0,0,0.0660984
43,50,0.339844,0.394531,1.00253,0,0,0,0.0813553
44,50,0.347656,0.394531,1.00323,0,0,0,0.0986883
45,50,0.355469,0.394531,1.00407,0,0,0,0.117957
46,50,0.363281,0.394531,1.00507,0,0,0,0.138876
47,50,0.371094,0.394531,1.00624,0,0,0,0.161002
48,50,0.378906,0.394531,1.00759,0,0,0,0.183721
49,50,0.386719,0.394531,1.00911,0,0,0,0.20625
50,50,0.394531,0.394531,1.01081,0,0,0,0.227656
51,50,0.402344,0.394531,1.01267,0,0,0,0.246884
52,50,0.410156,0.394531,1.01467,0,0,0,0.262809
53,50,0.417969,0.394531,1.01678,0,0,0,0.27429
54,50,0.425781,0.394531,1.01895,0,0,0,0.280249
55,50,0.433594,0.394531,1.02115,0,0,0,0.279742
56,50,0.441406,0.394531,1.02332,0,0,0,0.272044
57,50,0.449219,0.394531,1.0254,0,0,0,0.256715
58,50,0.457031,0.394531,1.02734,0,0,0,0.233657
59,50,0.464844,0.394531,1.02906,0,0,0,0.203156
60,50,0.472656,0.394531,1.03051,0,0,0,0.165884
61,50,0.480469,0.394531,1.03165,0,0,0,0.12289
62,50,0.488281,0.394531,1.03243,0,0,0,0.0755486
63,50,0.496094,0.394531,1.03283,0,0,0,0.0254909
64,50,0.503906,0.394531,1.03283,0,0,0,-0.0254909
65,50,0.511719,0.394531,1.03243,0,0,0,-0.0755486
66,50,0.519531,0.394531,1.03165,0,0,0,-0.12289
67,50,0.527344,0.394531,1.03051,0,0,0,-0.165884
68,50,0.535156,0.394531,1.02906,0,0,0,-0.203156
69,50,0.542969,0.394531,1.02734,0,0,0,-0.233657
70,50,0.550781,0.394531,1.0254,0,0,0,-0.256715
71,50,0.558594,0.394531,1.02332,0,0,0,-0.272044
72,50,0.566406,0.394531,1.02115,0,0,0,-0.279742
73,50,0.574219,0.394531,1.01895,0,0,0,-0.280249
74,50,0.582031,0.394531,1.01678,0,0,0,-0.27429
75,50,0.589844,0.394531,1.01467,0,0,0,-0.262809
76,50,0.597656,0.394531,1.01267,0,0,0,-0.246884
77,50,0.605469,0.394531,1.01081,0,0,0,-0.227656
78,50,0.613281,0.394531,1.00911,0,0,0,-0.20625
79,50,0.621094,0.394531,1.00759,0,0,0,-0.183721
80,50,0.628906,0.394531,1.00624,0,0,0,-0.161002
81,50,0.636719,0.394531,1.00507,0,0,0,-0.138876
82,50,0.644531,0.394531,1.00407,0,0,0,-0.117957
83,50,0.652344,0.394531,1.00323,0,0,0,-0.0986883
84,50,0.660156,0.394531,1.00253,0,0,0,-0.0813553
85,50,0.667969,0.394531,1.00196,0,0,0,-0.0660984
86,50,0.675781,0.394531,1.0015,0,0,0,-0.052939
87,50,0.683594,0.394531,1.00113,0,0,0,-0.0418043
88,50,0.691406,0.394531,1.00084,0,0,0,-0.0325536
89,50,0.699219,0.394531,1.00062,0,0,0,-0.0250019
90,50,0.707031,0.394531,1.00045,0,0,0,-0.0189408
91,50,0.714844,0.394531,1.00033,0,0,0,-0.0141555
92,50,0.722656,0.394531,1.00023,0,0,0,-0.0104375
93,50,0.730469,0.394531,1.00016,0,0,0,-0.00759366
94,50,0.738281,0.394531,1.00011,0,0,0,-0.00545164
95,50,0.746094,0.394531,1.00008,0,0,0,-0.00386238
96,50,0.753906,0.394531,1.00005,0,0,0,-0.00270063
97,50,0.761719,0.394531,1.00003,0,0,0,-0.00186373
98,50,0.769531,0.394531,1.00002,0,0,0,-0.0012695
99,50,0.777344,0.394531,1.00002,0,0,0,-0.000853568
100,50,0.785156,0.394531,1.00001,0,0,0,-0.000566523
101,50,0.792969,0.394531,1.00001,0,0,0,-0.000371185
102,50,0.800781,0.394531,1,0,0,0,-0.000240089
103,50,0.808594,0.394531,1,0,0,0,-0.000153314
104,50,0.816406,0.394531,1,0,0,0,-9.66565e-05
105,50,0.824219,0.394531,1,0,0,0,-6.01637e-05
106,50,0.832031,0.394531,1,0,0,0,-3.69748e-05
107,50,0.839844,0.394531,1,0,0,0,-2.24365e-05
108,50,0.847656,0.394531,1,0,0,0,-1.34429e-05
109,50,0.855469,0.394531,1,0,0,0,-7.953e-06
110,50,0.863281,0.394531,1,0,0,0,-4.64599e-06
111,50,0.871094,0.394531,1,0,0,0,-2.68005e-06
112,50,0.878906,0.394531,1,0,0,0,-1.52663e-06
113,50,0.886719,0.394531,1,0,0,0,-8.58735e-07
114,50,0.894531,0.394531,1,0,0,0,-4.77008e-07
115,50,0.902344,0.394531,1,0,0,0,-2.61662e-07
116,50,0.910156,0.394531,1,0,0,0,-1.41746e-07
117,50,0.917969,0.394531,1,0,0,0,-7.583e-08
118,50,0.925781,0.394531,1,0,0,0,-4.00625e-08
119,50,0.933594,0.394531,1,0,0,0,-2.09029e-08
120,50,0.941406,0.394531,1,0,0,0,-1.07709e-08
121,50,0.949219,0.394531,1,0,0,0,-5.48128e-09
122,50,0.957031,0.394531,1,0,0,0,-2.75485e-09
123,50,0.964844,0.394531,1,0,0,0,-1.36743e-09
124,50,0.972656,0.394531,1,0,0,0,-6.70354e-10
125,50,0.980469,0.394531,1,0,0,0,-3.24562e-10
126,50,0.988281,0.394531,1,0,0,0,-1.55211e-10
127,50,0.996094,0.394531,1,0,0,0,-4.99369e-11
0,51,0.00390625,0.402344,1,0,0,0,5.85203e-11
1,51,0.0117188,0.402344,1,0,0,0,1.81899e-10
2,51,0.0195312,0.402344,1,0,0,0,3.80382e-10
3,51,0.0273438,0.402344,1,0,0,0,7.85647e-10
4,51,0.0351562,0.402344,1,0,0,0,1.60259e-09
5,51,0.0429688,0.402344,1,0,0,0,3.22862e-09
6,51,0.0507812,0.402344,1,0,0,0,6.42393e-09
7,51,0.0585938,0.402344,1,0,0,0,1.26233e-08
8,51,0.0664062,0.402344,1,0,0,0,2.44977e-08
9,51,0.0742188,0.402344,1,0,0,0,4.69523e-08
10,51,0.0820312,0.402344,1,0,0,0,8.88709e-08
11,51,0.0898438,0.402344,1,0,0,0,1.66123e-07
12,51,0.0976562,0.402344,1,0,0,0,3.06662e-07
13,51,0.105469,0.402344,1,0,0,0,5.59042e-07
14,51,0.113281,0.402344,1,0,0,0,1.00642e-06
15,51,0.121094,0.402344,1,0,0,0,1.78918e-06
16,51,0.128906,0.402344,1,0,0,0,3.14096e-06
17,51,0.136719,0.402344,1,0,0,0,5.44499e-06
18,51,0.144531,0.402344,1,0,0,0,9.32073e-06
19,51,0.152344,0.402344,1,0,0,0,1.57548e-05
20,51,0.160156,0.402344,1,0,0,0,2.6295e-05
21,51,0.167969,0.402344,1,0,0,0,4.33335e-05
22,51,0.175781,0.402344,1,0,0,0,7.05104e-05
23,51,0.183594,0.402344,1,0,0,0,0.000113279
24,51,0.191406,0.402344,1,0,0,0,0.00017968
25,51,0.199219,0.402344,1,0,0,0,0.000281379
26,51,0.207031,0.402344,1.00001,0,0,0,0.000435019
27,51,0.214844,0.402344,1.00001,0,0,0,0.000663951
28,51,0.222656,0.402344,1.00002,0,0,0,0.00100036
29,51,0.230469,0.402344,1.00003,0,0,0,0.00148783
30,51,0.238281,0.402344,1.00004,0,0,0,0.00218425
31,51,0.246094,0.402344,1.00006,0,0,0,0.00316508
32,51,0.253906,0.402344,1.00009,0,0,0,0.00452662
33,51,0.261719,0.402344,1.00013,0,0,0,0.00638919
34,51,0.269531,0.402344,1.00019,0,0,0,0.00889959
35,51,0.277344,0.402344,1.00027,0,0,0,0.0122325
36,51,0.285156,0.402344,1.00038,0,0,0,0.0165899
37,51,0.292969,0.402344,1.00053,0,0,0,0.0221982
38,51,0.300781,0.402344,1.00073,0,0,0,0.0293017
39,51,0.308594,0.402344,1.00099,0,0,0,0.0381521
40,51,0.316406,0.402344,1.00132,0,0,0,0.0489937
41,51,0.324219,0.402344,1.00175,0,0,0,0.0620432
42,51,0.332031,0.402344,1.00229,0,0,0,0.0774658
43,51,0.339844,0.402344,1.00296,0,0,0,0.0953465
44,51,0.347656,0.402344,1.00378,0,0,0,0.11566
45,51,0.355469,0.402344,1.00477,0,0,0,0.138242
46,51,0.363281,0.402344,1.00594,0,0,0,0.162759
47,51,0.371094,0.402344,1.00731,0,0,0,0.188691
48,51,0.378906,0.402344,1.00889,0,0,0,0.215317
49,51,0.386719,0.402344,1.01068,0,0,0,0.24172
50,51,0.394531,0.402344,1.01267,0,0,0,0.266807
51,51,0.402344,0.402344,1.01485,0,0,0,0.289343
52,51,0.410156,0.402344,1.01719,0,0,0,0.308006
53,51,0.417969,0.402344,1.01966,0,0,0,0.321462
54,51,0.425781,0.402344,1.02221,0,0,0,0.328445
55,51,0.433594,0.402344,1.02479,0,0,0,0.327851
56,51,0.441406,0.402344,1.02734,0,0,0,0.318829
57,51,0.449219,0.402344,1.02977,0,0,0,0.300864
58,51,0.457031,0.402344,1.03204,0,0,0,0.273841
59,51,0.464844,0.402344,1.03405,0,0,0,0.238094
60,51,0.472656,0.402344,1.03576,0,0,0,0.194412
61,51,0.480469,0.402344,1.03709,0,0,0,0.144024
62,51,0.488281,0.402344,1.03801,0,0,0,0.0885412
63,51,0.496094,0.402344,1.03847,0,0,0,0.0298747
64,51,0.503906,0.402344,1.03847,0,0,0,-0.0298747
65,51,0.511719,0.402344,1.03801,0,0,0,-0.0885412
66,51,0.519531,0.402344,1.03709,0,0,0,-0.144024
67,51,0.527344,0.402344,1.03576,0,0,0,-0.194412
68,51,0.535156,0.402344,1.03405,0,0,0,-0.238094
69,51,0.542969,0.402344,1.03204,0,0,0,-0.273841
70,51,0.550781,0.402344,1.02977,0,0,0,-0.300864
71,51,0.558594,0.402344,1.02734,0,0,0,-0.318829
72,51,0.566406,0.402344,1.02479,0,0,0,-0.327851
73,51,0.574219,0.402344,1.02221,0,0,0,-0.328445
74,51,0.582031,0.402344,1.01966,0,0,0,-0.321462
75,51,0.589844,0.402344,1.01719,0,0,0,-0.308006
76,51,0.597656,0.402344,1.01485,0,0,0,-0.289343
77,51,0.605469,0.402344,1.01267,0,0,0,-0.266807
78,51,0.613281,0.402344,1.01068,0,0,0,-0.24172
79,51,0.621094,0.402344,1.00889,0,0,0,-0.215317
80,51,0.628906,0.402344,1.00731,0,0,0,-0.188691
81,51,0.636719,0.402344,1.00594,0,0,0,-0.162759
82,51,0.644531,0.402344,1.00477,0,0,0,-0.138242
83,51,0.652344,0.402344,1.00378,0,0,0,-0.11566
84,51,0.660156,0.402344,1.00296,0,0,0,-0.0953465
85,51,0.667969,0.402344,1.00229,0,0,0,-0.0774658
86,51,0.675781,0.402344,1.00175,0,0,0,-0.0620432
87,51,0.683594,0.402344,1.00132,0,0,0,-0.0489937
88,51,0.691406,0.402344,1.00099,0,0,0,-0.0381521
89,51,0.699219,0.402344,1.00073,0,0,0,-0.0293017
90,51,0.707031,0.402344,1.00053,0,0,0,-0.0221982
91,51,0.714844,0.402344,1.00038,0,0,0,-0.0165899
92,51,0.722656,0.402344,1.00027,0,0,0,-0.0122325
93,51,0.730469,0.402344,1.00019,0,0,0,-0.00889959
94,51,0.738281,0.402344,1.00013,0,0,0,-0.00638919
95,51,0.746094,0.402344,1.00009,0,0,0,-0.00452662
96,51,0.753906,0.402344,1.00006,0,0,0,-0.00316508
97,51,0.761719,0.402344,1.00004,0,0,0,-0.00218425
98,51,0.769531,0.402344,1.00003,0,0,0,-0.00148783
99,51,0.777344,0.402344,1.00002,0,0,0,-0.00100036
100,51,0.785156,0.402344,1.00001,0,0,0,-0.000663951
101,51,0.792969,0.402344,1.00001,0,0,0,-0.000435019
102,51,0.800781,0.402344,1,0,0,0,-0.000281379
103,51,0.808594,0.402344,1,0,0,0,-0.00017968
104,51,0.816406,0.402344,1,0,0,0,-0.000113279
105,51,0.824219,0.402344,1,0,0,0,-7.05104e-05
106,51,0.832031,0.402344,1,0,0,0,-4.33335e-05
107,51,0.839844,0.402344,1,0,0,0,-2.6295e-05
108,51,0.847656,0.402344,1,0,0,0,-1.57548e-05
109,51,0.855469,0.402344,1,0,0,0,-9.32073e-06
110,51,0.863281,0.402344,1,0,0,0,-5.44499e-06
111,51,0.871094,0.402344,1,0,0,0,-3.14096e-06
112,51,0.878906,0.402344,1,0,0,0,-1.78918e-06
113,51,0.886719,0.402344,1,0,0,0,-1.00642e-06
114,51,0.894531,0.402344,1,0,0,0,-5.59042e-07
115,51,0.902344,0.402344,1,0,0,0,-3.06662e-07
116,51,0.910156,0.402344,1,0,0,0,-1.66123e-07
117,51,0.917969,0.402344,1,0,0,0,-8.88709e-08
118,51,0.925781,0.402344,1,0,0,0,-4.69523e-08
119,51,0.933594,0.402344,1,0,0,0,-2.44977e-08
120,51,0.941406,0.402344,1,0,0,0,-1.26233e-08
121,51,0.949219,0.402344,1,0,0,0,-6.42393e-09
122,51,0.957031,0.402344,1,0,0,0,-3.22862e-09
123,51,0.964844,0.402344,1,0,0,0,-1.60259e-09
124,51,0.972656,0.402344,1,0,0,0,-7.85647e-10
125,51,0.980469,0.402344,1,0,0,0,-3.80382e-10
126,51,0.988281,0.402344,1,0,0,0,-1.81899e-10
127,51,0.996094,0.402344,1,0,0,0,-5.85203e-11
0,52,0.00390625,0.410156,1,0,0,0,6.77431e-11
1,52,0.0117188,0.410156,1,0,0,0,2.10605e-10
2,52,0.0195312,0.410156,1,0,0,0,4.40394e-10
3,52,0.0273438,0.410156,1,0,0,0,9.0958e-10
4,52,0.0351562,0.410156,1,0,0,0,1.85541e-09
5,52,0.0429688,0.410156,1,0,0,0,3.73795e-09
6,52,0.0507812,0.410156,1,0,0,0,7.43735e-09
7,52,0.0585938,0.410156,1,0,0,0,1.46147e-08
8,52,0.0664062,0.410156,1,0,0,0,2.83624e-08
9,52,0.0742188,0.410156,1,0,0,0,5.43593e-08
10,52,0.0820312,0.410156,1,0,0,0,1.02891e-07
11,52,0.0898438,0.410156,1,0,0,0,1.9233e-07
12,52,0.0976562,0.410156,1,0,0,0,3.5504e-07
13,52,0.105469,0.410156,1,0,0,0,6.47235e-07
14,52,0.113281,0.410156,1,0,0,0,1.16519e-06
15,52,0.121094,0.410156,1,0,0,0,2.07143e-06
16,52,0.128906,0.410156,1,0,0,0,3.63646e-06
17,52,0.136719,0.410156,1,0,0,0,6.30397e-06
18,52,0.144531,0.410156,1,0,0,0,1.07911e-05
19,52,0.152344,0.410156,1,0,0,0,1.82402e-05
20,52,0.160156,0.410156,1,0,0,0,3.04432e-05
21,52,0.167969,0.410156,1,0,0,0,5.01697e-05
22,52,0.175781,0.410156,1,0,0,0,8.1634e-05
23,52,0.183594,0.410156,1,0,0,0,0.00013115
24,52,0.191406,0.410156,1,0,0,0,0.000208026
25,52,0.199219,0.410156,1.00001,0,0,0,0.000325768
26,52,0.207031,0.410156,1.00001,0,0,0,0.000503647
27,52,0.214844,0.410156,1.00001,0,0,0,0.000768694
28,52,0.222656,0.410156,1.00002,0,0,0,0.00115818
29,52,0.230469,0.410156,1.00003,0,0,0,0.00172254
30,52,0.238281,0.410156,1.00005,0,0,0,0.00252883
31,52,0.246094,0.410156,1.00007,0,0,0,0.00366439
32,52,0.253906,0.410156,1.0001,0,0,0,0.00524073
33,52,0.261719,0.410156,1.00015,0,0,0,0.00739713
34,52,0.269531,0.410156,1.00022,0,0,0,0.0103036
35,52,0.277344,0.410156,1.00031,0,0,0,0.0141622
36,52,0.285156,0.410156,1.00044,0,0,0,0.0192071
37,52,0.292969,0.410156,1.00061,0,0,0,0.0257001
38,52,0.300781,0.410156,1.00084,0,0,0,0.0339242
39,52,0.308594,0.410156,1.00114,0,0,0,0.0441708
40,52,0.316406,0.410156,1.00153,0,0,0,0.0567228
41,52,0.324219,0.410156,1.00203,0,0,0,0.071831
42,52,0.332031,0.410156,1.00266,0,0,0,0.0896865
43,52,0.339844,0.410156,1.00343,0,0,0,0.110388
44,52,0.347656,0.410156,1.00438,0,0,0,0.133907
45,52,0.355469,0.410156,1.00552,0,0,0,0.160051
46,52,0.363281,0.410156,1.00688,0,0,0,0.188436
47,52,0.371094,0.410156,1.00847,0,0,0,0.218458
48,52,0.378906,0.410156,1.01029,0,0,0,0.249284
49,52,0.386719,0.410156,1.01236,0,0,0,0.279853
50,52,0.394531,0.410156,1.01467,0,0,0,0.308898
51,52,0.402344,0.410156,1.01719,0,0,0,0.334988
52,52,0.410156,0.410156,1.0199,0,0,0,0.356596
53,52,0.417969,0.410156,1.02276,0,0,0,0.372175
54,52,0.425781,0.410156,1.02572,0,0,0,0.380259
55,52,0.433594,0.410156,1.0287,0,0,0,0.379572
56,52,0.441406,0.410156,1.03165,0,0,0,0.369127
57,52,0.449219,0.410156,1.03447,0,0,0,0.348327
58,52,0.457031,0.410156,1.03709,0,0,0,0.317041
59,52,0.464844,0.410156,1.03942,0,0,0,0.275654
60,52,0.472656,0.410156,1.0414,0,0,0,0.225082
61,52,0.480469,0.410156,1.04294,0,0,0,0.166745
62,52,0.488281,0.410156,1.044,0,0,0,0.102509
63,52,0.496094,0.410156,1.04454,0,0,0,0.0345877
64,52,0.503906,0.410156,1.04454,0,0,0,-0.0345877
65,52,0.511719,0.410156,1.044,0,0,0,-0.102509
66,52,0.519531,0.410156,1.04294,0,0,0,-0.166745
67,52,0.527344,0.410156,1.0414,0,0,0,-0.225082
68,52,0.535156,0.410156,1.03942,0,0,0,-0.275654
69,52,0.542969,0.410156,1.03709,0,0,0,-0.317041
70,52,0.550781,0.410156,1.03447,0,0,0,-0.348327
71,52,0.558594,0.410156,1.03165,0,0,0,-0.369127
72,52,0.566406,0.410156,1.0287,0,0,0,-0.379572
73,52,0.574219,0.410156,1.02572,0,0,0,-0.380259
74,52,0.582031,0.410156,1.02276,0,0,0,-0.372175
75,52,0.589844,0.410156,1.0199,0,0,0,-0.356596
76,52,0.597656,0.410156,1.01719,0,0,0,-0.334988
77,52,0.605469,0.410156,1.01467,0,0,0,-0.308898
78,52,0.613281,0.410156,1.01236,0,0,0,-0.279853
79,52,0.621094,0.410156,1.01029,0,0,0,-0.249284
80,52,0.628906,0.410156,1.00847,0,0,0,-0.218458
81,52,0.636719,0.410156,1.00688,0,0,0,-0.188436
82,52,0.644531,0.410156,1.00552,0,0,0,-0.160051
83,52,0.652344,0.410156,1.00438,0,0,0,-0.133907
84,52,0.660156,0.410156,1.00343,0,0,0,-0.110388
85,52,0.667969,0.410156,1.00266,0,0,0,-0.0896865
86,52,0.675781,0.410156,1.00203,0,0,0,-0.071831
87,52,0.683594,0.410156,1.00153,0,0,0,-0.0567228
88,52,0.691406,0.410156,1.00114,0,0,0,-0.0441708
89,52,0.699219,0.410156,1.00084,0,0,0,-0.0339242
90,52,0.707031,0.410156,1.00061,0,0,0,-0.0257001
91,52,0.714844,0.410156,1.00044,0,0,0,-0.0192071
92,52,0.722656,0.410156,1.00031,0,0,0,-0.0141622
93,52,0.730469,0.410156,1.00022,0,0,0,-0.0103036
94,52,0.738281,0.410156,1.00015,0,0,0,-0.00739713
95,52,0.746094,0.410156,1.0001,0,0,0,-0.00524073
96,52,0.753906,0.410156,1.00007,0,0,0,-0.00366439
97,52,0.761719,0.410156,1.00005,0,0,0,-0.00252883
98,52,0.769531,0.410156,1.00003,0,0,0,-0.00172254
99,52,0.777344,0.410156,1.00002,0,0,0,-0.00115818
100,52,0.785156,0.410156,1.00001,0,0,0,-0.000768694
101,52,0.792969,0.410156,1.00001,0,0,0,-0.000503647
102,52,0.800781,0.410156,1.00001,0,0,0,-0.000325768
103,52,0.808594,0.410156,1,0,0,0,-0.000208026
104,52,0.816406,0.410156,1,0,0,0,-0.00013115
105,52,0.824219,0.410156,1,0,0,0,-8.1634e-05
106,52,0.832031,0.410156,1,0,0,0,-5.01697e-05
107,52,0.839844,0.410156,1,0,0,0,-3.04432e-05
108,52,0.847656,0.410156,1,0,0,0,-1.82402e-05
109,52,0.855469,0.410156,1,0,0,0,-1.07911e-05
110,52,0.863281,0.410156,1,0,0,0,-6.30397e-06
111,52,0.871094,0.410156,1,0,0,0,-3.63646e-06
112,52,0.878906,0.410156,1,0,0,0,-2.07143e-06
113,52,0.886719,0.410156,1,0,0,0,-1.16519e-06
114,52,0.894531,0.410156,1,0,0,0,-6.47235e-07
115,52,0.902344,0.410156,1,0,0,0,-3.5504e-07
116,52,0.910156,0.410156,1,0,0,0,-1.9233e-07
117,52,0.917969,0.410156,1,0,0,0,-1.02891e-07
118,52,0.925781,0.410156,1,0,0,0,-5.43593e-08
119,52,0.933594,0.410156,1,0,0,0,-2.83624e-08
120,52,0.941406,0.410156,1,0,0,0,-1.46147e-08
121,52,0.949219,0.410156,1,0,0,0,-7.43735e-09
122,52,0.957031,0.410156,1,0,0,0,-3.73795e-09
123,52,0.964844,0.410156,1,0,0,0,-1.85541e-09
124,52,0.972656,0.410156,1,0,0,0,-9.0958e-10
125,52,0.980469,0.410156,1,0,0,0,-4.40394e-10
126,52,0.988281,0.410156,1,0,0,0,-2.10605e-10
127,52,0.996094,0.410156,1,0,0,0,-6.77431e-11
0,53,0.00390625,0.417969,1,0,0,0,7.74776e-11
1,53,0.0117188,0.417969,1,0,0,0,2.4086e-10
2,53,0.0195312,0.417969,1,0,0,0,5.0369e-10
3,53,0.0273438,0.417969,1,0,0,0,1.04031e-09
4,53,0.0351562,0.417969,1,0,0,0,2.12205e-09
5,53,0.0429688,0.417969,1,0,0,0,4.27512e-09
6,53,0.0507812,0.417969,1,0,0,0,8.50616e-09
7,53,0.0585938,0.417969,1,0,0,0,1.6715e-08
8,53,0.0664062,0.417969,1,0,0,0,3.24384e-08
9,53,0.0742188,0.417969,1,0,0,0,6.21713e-08
10,53,0.0820312,0.417969,1,0,0,0,1.17677e-07
11,53,0.0898438,0.417969,1,0,0,0,2.19969e-07
12,53,0.0976562,0.417969,1,0,0,0,4.06062e-07
13,53,0.105469,0.417969,1,0,0,0,7.40249e-07
14,53,0.113281,0.417969,1,0,0,0,1.33264e-06
15,53,0.121094,0.417969,1,0,0,0,2.36912e-06
16,53,0.128906,0.417969,1,0,0,0,4.15906e-06
17,53,0.136719,0.417969,1,0,0,0,7.20991e-06
18,53,0.144531,0.417969,1,0,0,0,1.23419e-05
19,53,0.152344,0.417969,1,0,0,0,2.08615e-05
20,53,0.160156,0.417969,1,0,0,0,3.48182e-05
21,53,0.167969,0.417969,1,0,0,0,5.73796e-05
22,53,0.175781,0.417969,1,0,0,0,9.33656e-05
23,53,0.183594,0.417969,1,0,0,0,0.000149997
24,53,0.191406,0.417969,1,0,0,0,0.000237921
25,53,0.199219,0.417969,1.00001,0,0,0,0.000372584
26,53,0.207031,0.417969,1.00001,0,0,0,0.000576026
27,53,0.214844,0.417969,1.00002,0,0,0,0.000879163
28,53,0.222656,0.417969,1.00002,0,0,0,0.00132462
29,53,0.230469,0.417969,1.00004,0,0,0,0.00197009
30,53,0.238281,0.417969,1.00005,0,0,0,0.00289225
31,53,0.246094,0.417969,1.00008,0,0,0,0.004191
32,53,0.253906,0.417969,1.00012,0,0,0,0.00599387
33,53,0.261719,0.417969,1.00017,0,0,0,0.00846017
34,53,0.269531,0.417969,1.00025,0,0,0,0.0117843
35,53,0.277344,0.417969,1.00036,0,0,0,0.0161975
36,53,0.285156,0.417969,1.0005,0,0,0,0.0219673
37,53,0.292969,0.417969,1.0007,0,0,0,0.0293935
38,53,0.300781,0.417969,1.00096,0,0,0,0.0387994
39,53,0.308594,0.417969,1.00131,0,0,0,0.0505186
40,53,0.316406,0.417969,1.00175,0,0,0,0.0648744
41,53,0.324219,0.417969,1.00232,0,0,0,0.0821538
42,53,0.332031,0.417969,1.00304,0,0,0,0.102575
43,53,0.339844,0.417969,1.00392,0,0,0,0.126252
44,53,0.347656,0.417969,1.00501,0,0,0,0.15315
45,53,0.355469,0.417969,1.00632,0,0,0,0.183052
46,53,0.363281,0.417969,1.00787,0,0,0,0.215516
47,53,0.371094,0.417969,1.00968,0,0,0,0.249853
48,53,0.378906,0.417969,1.01177,0,0,0,0.285109
49,53,0.386719,0.417969,1.01414,0,0,0,0.320071
50,53,0.394531,0.417969,1.01678,0,0,0,0.353289
51,53,0.402344,0.417969,1.01966,0,0,0,0.383129
52,53,0.410156,0.417969,1.02276,0,0,0,0.407842
53,53,0.417969,0.417969,1.02603,0,0,0,0.42566
54,53,0.425781,0.417969,1.02941,0,0,0,0.434907
55,53,0.433594,0.417969,1.03283,0,0,0,0.43412
56,53,0.441406,0.417969,1.0362,0,0,0,0.422174
57,53,0.449219,0.417969,1.03942,0,0,0,0.398385
58,53,0.457031,0.417969,1.04242,0,0,0,0.362603
59,53,0.464844,0.417969,1.04509,0,0,0,0.315269
60,53,0.472656,0.417969,1.04735,0,0,0,0.257428
61,53,0.480469,0.417969,1.04911,0,0,0,0.190707
62,53,0.488281,0.417969,1.05033,0,0,0,0.117241
63,53,0.496094,0.417969,1.05094,0,0,0,0.0395583
64,53,0.503906,0.417969,1.05094,0,0,0,-0.0395583
65,53,0.511719,0.417969,1.05033,0,0,0,-0.117241
66,53,0.519531,0.417969,1.04911,0,0,0,-0.190707
67,53,0.527344,0.417969,1.04735,0,0,0,-0.257428
68,53,0.535156,0.417969,1.04509,0,0,0,-0.315269
69,53,0.542969,0.417969,1.04242,0,0,0,-0.362603
70,53,0.550781,0.417969,1.03942,0,0,0,-0.398385
71,53,0.558594,0.417969,1.0362,0,0,0,-0.422174
72,53,0.566406,0.417969,1.03283,0,0,0,-0.43412
73,53,0.574219,0.417969,1.02941,0,0,0,-0.434907
74,53,0.582031,0.417969,1.02603,0,0,0,-0.42566
75,53,0.589844,0.417969,1.02276,0,0,0,-0.407842
76,53,0.597656,0.417969,1.01966,0,0,0,-0.383129
77,53,0.605469,0.417969,1.01678,0,0,0,-0.353289
78,53,0.613281,0.417969,1.01414,0,0,0,-0.320071
79,53,0.621094,0.417969,1.01177,0,0,0,-0.285109
80,53,0.628906,0.417969,1.00968,0,0,0,-0.249853
81,53,0.636719,0.417969,1.00787,0,0,0,-0.215516
82,53,0.644531,0.417969,1.00632,0,0,0,-0.183052
83,53,0.652344,0.417969,1.00501,0,0,0,-0.15315
84,53,0.660156,0.417969,1.00392,0,0,0,-0.126252
85,53,0.667969,0.417969,1.00304,0,0,0,-0.102575
86,53,0.675781,0.417969,1.00232,0,0,0,-0.0821538
87,53,0.683594,0.417969,1.00175,0,0,0,-0.0648744
88,53,0.691406,0.417969,1.00131,0,0,0,-0.0505186
89,53,0.699219,0.417969,1.00096,0,0,0,-0.0387994
90,53,0.707031,0.417969,1.0007,0,0,0,-0.0293935
91,53,0.714844,0.417969,1.0005,0,0,0,-0.0219673
92,53,0.722656,0.417969,1.00036,0,0,0,-0.0161975
93,53,0.730469,0.417969,1.00025,0,0,0,-0.0117843
94,53,0.738281,0.417969,1.00017,0,0,0,-0.00846017
95,53,0.746094,0.417969,1.00012,0,0,0,-0.00599387
96,53,0.753906,0.417969,1.00008,0,0,0,-0.004191
97,53,0.761719,0.417969,1.00005,0,0,0,-0.00289225
98,53,0.769531,0.417969,1.00004,0,0,0,-0.00197009
99,53,0.777344,0.417969,1.00002,0,0,0,-0.00132462
100,53,0.785156,0.417969,1.00002,0,0,0,-0.000879163
101,53,0.792969,0.417969,1.00001,0,0,0,-0.000576026
102,53,0.800781,0.417969,1.00001,0,0,0,-0.000372584
103,53,0.808594,0.417969,1,0,0,0,-0.000237921
104,53,0.816406,0.417969,1,0,0,0,-0.000149997
105,53,0.824219,0.417969,1,0,0,0,-9.33656e-05
106,53,0.832031,0.417969,1,0,0,0,-5.73796e-05
107,53,0.839844,0.417969,1,0,0,0,-3.48182e-05
108,53,0.847656,0.417969,1,0,0,0,-2.08615e-05
109,53,0.855469,0.417969,1,0,0,0,-1.23419e-05
110,53,0.863281,0.417969,1,0,0,0,-7.20991e-06
111,53,0.871094,0.417969,1,0,0,0,-4.15906e-06
112,53,0.878906,0.417969,1,0,0,0,-2.36912e-06
113,53,0.886719,0.417969,1,0,0,0,-1.33264e-06
114,53,0.894531,0.417969,1,0,0,0,-7.40249e-07
115,53,0.902344,0.417969,1,0,0,0,-4.06062e-07
116,53,0.910156,0.417969,1,0,0,0,-2.19969e-07
117,53,0.917969,0.417969,1,0,0,0,-1.17677e-07
118,53,0.925781,0.417969,1,0,0,0,-6.21713e-08
119,53,0.933594,0.417969,1,0,0,0,-3.24384e-08
120,53,0.941406,0.417969,1,0,0,0,-1.6715e-08
121,53,0.949219,0.417969,1,0,0,0,-8.50616e-09
122,53,0.957031,0.417969,1,0,0,0,-4.27512e-09
123,53,0.964844,0.417969,1,0,0,0,-2.12205e-09
124,53,0.972656,0.417969,1,0,0,0,-1.04031e-09
125,53,0.980469,0.417969,1,0,0,0,-5.0369e-10
126,53,0.988281,0.417969,1,0,0,0,-2.4086e-10
127,53,0.996094,0.417969,1,0,0,0,-7.74776e-11
0,54,0.00390625,0.425781,1,0,0,0,8.75247e-11
1,54,0.0117188,0.425781,1,0,0,0,2.72124e-10
2,54,0.0195312,0.425781,1,0,0,0,5.69088e-10
3,54,0.0273438,0.425781,1,0,0,0,1.17537e-09
4,54,0.0351562,0.425781,1,0,0,0,2.39756e-09
5,54,0.0429688,0.425781,1,0,0,0,4.83018e-09
6,54,0.0507812,0.425781,1,0,0,0,9.61056e-09
7,54,0.0585938,0.425781,1,0,0,0,1.88851e-08
8,54,0.0664062,0.425781,1,0,0,0,3.665e-08
9,54,0.0742188,0.425781,1,0,0,0,7.02432e-08
10,54,0.0820312,0.425781,1,0,0,0,1.32956e-07
11,54,0.0898438,0.425781,1,0,0,0,2.48529e-07
12,54,0.0976562,0.425781,1,0,0,0,4.58783e-07
13,54,0.105469,0.425781,1,0,0,0,8.36358e-07
14,54,0.113281,0.425781,1,0,0,0,1.50566e-06
15,54,0.121094,0.425781,1,0,0,0,2.67671e-06
16,54,0.128906,0.425781,1,0,0,0,4.69904e-06
17,54,0.136719,0.425781,1,0,0,0,8.146e-06
18,54,0.144531,0.425781,1,0,0,0,1.39443e-05
19,54,0.152344,0.425781,1,0,0,0,2.357e-05
20,54,0.160156,0.425781,1,0,0,0,3.93388e-05
21,54,0.167969,0.425781,1,0,0,0,6.48294e-05
22,54,0.175781,0.425781,1,0,0,0,0.000105488
23,54,0.183594,0.425781,1,0,0,0,0.000169472
24,54,0.191406,0.425781,1,0,0,0,0.000268812
25,54,0.199219,0.425781,1.00001,0,0,0,0.000420958
26,54,0.207031,0.425781,1.00001,0,0,0,0.000650813
27,54,0.214844,0.425781,1.00002,0,0,0,0.000993308
28,54,0.222656,0.425781,1.00003,0,0,0,0.0014966
29,54,0.230469,0.425781,1.00004,0,0,0,0.00222587
30,54,0.238281,0.425781,1.00006,0,0,0,0.00326776
31,54,0.246094,0.425781,1.00009,0,0,0,0.00473513
32,54,0.253906,0.425781,1.00014,0,0,0,0.00677208
33,54,0.261719,0.425781,1.0002,0,0,0,0.00955859
34,54,0.269531,0.425781,1.00028,0,0,0,0.0133143
35,54,0.277344,0.425781,1.00041,0,0,0,0.0183005
36,54,0.285156,0.425781,1.00057,0,0,0,0.0248194
37,54,0.292969,0.425781,1.00079,0,0,0,0.0332097
38,54,0.300781,0.425781,1.00109,0,0,0,0.0438369
39,54,0.308594,0.425781,1.00148,0,0,0,0.0570776
40,54,0.316406,0.425781,1.00198,0,0,0,0.0732973
41,54,0.324219,0.425781,1.00262,0,0,0,0.0928201
42,54,0.332031,0.425781,1.00343,0,0,0,0.115893
43,54,0.339844,0.425781,1.00443,0,0,0,0.142644
44,54,0.347656,0.425781,1.00566,0,0,0,0.173034
45,54,0.355469,0.425781,1.00714,0,0,0,0.206818
46,54,0.363281,0.425781,1.00889,0,0,0,0.243497
47,54,0.371094,0.425781,1.01094,0,0,0,0.282292
48,54,0.378906,0.425781,1.0133,0,0,0,0.322126
49,54,0.386719,0.425781,1.01598,0,0,0,0.361627
50,54,0.394531,0.425781,1.01895,0,0,0,0.399158
51,54,0.402344,0.425781,1.02221,0,0,0,0.432873
52,54,0.410156,0.425781,1.02572,0,0,0,0.460794
53,54,0.417969,0.425781,1.02941,0,0,0,0.480925
54,54,0.425781,0.425781,1.03323,0,0,0,0.491372
55,54,0.433594,0.425781,1.03709,0,0,0,0.490484
56,54,0.441406,0.425781,1.04089,0,0,0,0.476987
57,54,0.449219,0.425781,1.04454,0,0,0,0.450109
58,54,0.457031,0.425781,1.04793,0,0,0,0.409681
59,54,0.464844,0.425781,1.05094,0,0,0,0.356201
60,54,0.472656,0.425781,1.05349,0,0,0,0.290851
61,54,0.480469,0.425781,1.05549,0,0,0,0.215468
62,54,0.488281,0.425781,1.05686,0,0,0,0.132462
63,54,0.496094,0.425781,1.05756,0,0,0,0.0446942
64,54,0.503906,0.425781,1.05756,0,0,0,-0.0446942
65,54,0.511719,0.425781,1.05686,0,0,0,-0.132462
66,54,0.519531,0.425781,1.05549,0,0,0,-0.215468
67,54,0.527344,0.425781,1.05349,0,0,0,-0.290851
68,54,0.535156,0.425781,1.05094,0,0,0,-0.356201
69,54,0.542969,0.425781,1.04793,0,0,0,-0.409681
70,54,0.550781,0.425781,1.04454,0,0,0,-0.450109
71,54,0.558594,0.425781,1.04089,0,0,0,-0.476987
72,54,0.566406,0.425781,1.03709,0,0,0,-0.490484
73,54,0.574219,0.425781,1.03323,0,0,0,-0.491372
74,54,0.582031,0.425781,1.02941,0,0,0,-0.480925
75,54,0.589844,0.425781,1.02572,0,0,0,-0.460794
76,54,0.597656,0.425781,1.02221,0,0,0,-0.432873
77,54,0.605469,0.425781,1.01895,0,0,0,-0.399158
78,54,0.613281,0.425781,1.01598,0,0,0,-0.361627
79,54,0.621094,0.425781,1.0133,0,0,0,-0.322126
80,54,0.628906,0.425781,1.01094,0,0,0,-0.282292
81,54,0.636719,0.425781,1.00889,0,0,0,-0.243497
82,54,0.644531,0.425781,1.00714,0,0,0,-0.206818
83,54,0.652344,0.425781,1.00566,0,0,0,-0.173034
84,54,0.660156,0.425781,1.00443,0,0,0,-0.142644
85,54,0.667969,0.425781,1.00343,0,0,0,-0.115893
86,54,0.675781,0.425781,1.00262,0,0,0,-0.0928201
87,54,0.683594,0.425781,1.00198,0,0,0,-0.0732973
88,54,0.691406,0.425781,1.00148,0,0,0,-0.0570776
89,54,0.699219,0.425781,1.00109,0,0,0,-0.0438369
90,54,0.707031,0.425781,1.00079,0,0,0,-0.0332097
91,54,0.714844,0.425781,1.00057,0,0,0,-0.0248194
92,54,0.722656,0.425781,1.00041,0,0,0,-0.0183005
93,54,0.730469,0.425781,1.00028,0,0,0,-0.0133143
94,54,0.738281,0.425781,1.0002,0,0,0,-0.00955859
95,54,0.746094,0.425781,1.00014,0,0,0,-0.00677208
96,54,0.753906,0.425781,1.00009,0,0,0,-0.00473513
97,54,0.761719,0.425781,1.00006,0,0,0,-0.00326776
98,54,0.769531,0.425781,1.00004,0,0,0,-0.00222587
99,54,0.777344,0.425781,1.00003,0,0,0,-0.0014966
100,54,0.785156,0.425781,1.00002,0,0,0,-0.000993308
101,54,0.792969,0.425781,1.00001,0,0,0,-0.000650813
102,54,0.800781,0.425781,1.00001,0,0,0,-0.000420958
103,54,0.808594,0.425781,1,0,0,0,-0.000268812
104,54,0.816406,0.425781,1,0,0,0,-0.000169472
105,54,0.824219,0.425781,1,0,0,0,-0.000105488
106,54,0.832031,0.425781,1,0,0,0,-6.48294e-05
107,54,0.839844,0.425781,1,0,0,0,-3.93388e-05
108,54,0.847656,0.425781,1,0,0,0,-2.357e-05
109,54,0.855469,0.425781,1,0,0,0,-1.39443e-05
110,54,0.863281,0.425781,1,0,0,0,-8.146e-06
111,54,0.871094,0.425781,1,0,0,0,-4.69904e-06
112,54,0.878906,0.425781,1,0,0,0,-2.67671e-06
113,54,0.886719,0.425781,1,0,0,0,-1.50566e-06
114,54,0.894531,0.425781,1,0,0,0,-8.36358e-07
115,54,0.902344,0.425781,1,0,0,0,-4.58783e-07
116,54,0.910156,0.425781,1,0,0,0,-2.48529e-07
117,54,0.917969,0.425781,1,0,0,0,-1.32956e-07
118,54,0.925781,0.425781,1,0,0,0,-7.02432e-08
119,54,0.933594,0.425781,1,0,0,0,-3.665e-08
120,54,0.941406,0.425781,1,0,0,0,-1.88851e-08
121,54,0.949219,0.425781,1,0,0,0,-9.61056e-09
122,54,0.957031,0.425781,1,0,0,0,-4.83018e-09
123,54,0.964844,0.425781,1,0,0,0,-2.39756e-09
124,54,0.972656,0.425781,1,0,0,0,-1.17537e-09
125,54,0.980469,0.425781,1,0,0,0,-5.69088e-10
126,54,0.988281,0.425781,1,0,0,0,-2.72124e-10
127,54,0.996094,0.425781,1,0,0,0,-8.75247e-11
0,55,0.00390625,0.433594,1,0,0,0,9.76996e-11
1,55,0.0117188,0.433594,1,0,0,0,3.03743e-10
2,55,0.0195312,0.433594,1,0,0,0,6.35168e-10
3,55,0.0273438,0.433594,1,0,0,0,1.31185e-09
4,55,0.0351562,0.433594,1,0,0,0,2.67599e-09
5,55,0.0429688,0.433594,1,0,0,0,5.3911e-09
6,55,0.0507812,0.433594,1,0,0,0,1.07266e-08
7,55,0.0585938,0.433594,1,0,0,0,2.10782e-08
8,55,0.0664062,0.433594,1,0,0,0,4.0906e-08
9,55,0.0742188,0.433594,1,0,0,0,7.84002e-08
10,55,0.0820312,0.433594,1,0,0,0,1.48395e-07
11,55,0.0898438,0.433594,1,0,0,0,2.77389e-07
12,55,0.0976562,0.433594,1,0,0,0,5.12059e-07
13,55,0.105469,0.433594,1,0,0,0,9.33481e-07
14,55,0.113281,0.433594,1,0,0,0,1.6805e-06
15,55,0.121094,0.433594,1,0,0,0,2.98754e-06
16,55,0.128906,0.433594,1,0,0,0,5.24472e-06
17,55,0.136719,0.433594,1,0,0,0,9.09196e-06
18,55,0.144531,0.433594,1,0,0,0,1.55636e-05
19,55,0.152344,0.433594,1,0,0,0,2.63071e-05
20,55,0.160156,0.433594,1,0,0,0,4.3907e-05
21,55,0.167969,0.433594,1,0,0,0,7.23577e-05
22,55,0.175781,0.433594,1,0,0,0,0.000117737
23,55,0.183594,0.433594,1,0,0,0,0.000189152
24,55,0.191406,0.433594,1,0,0,0,0.000300027
25,55,0.199219,0.433594,1.00001,0,0,0,0.000469842
26,55,0.207031,0.433594,1.00001,0,0,0,0.000726389
27,55,0.214844,0.433594,1.00002,0,0,0,0.00110866
28,55,0.222656,0.433594,1.00003,0,0,0,0.00167039
29,55,0.230469,0.433594,1.00005,0,0,0,0.00248435
30,55,0.238281,0.433594,1.00007,0,0,0,0.00364723
31,55,0.246094,0.433594,1.0001,0,0,0,0.005285
32,55,0.253906,0.433594,1.00015,0,0,0,0.00755849
33,55,0.261719,0.433594,1.00022,0,0,0,0.0106686
34,55,0.269531,0.433594,1.00032,0,0,0,0.0148604
35,55,0.277344,0.433594,1.00045,0,0,0,0.0204256
36,55,0.285156,0.433594,1.00064,0,0,0,0.0277016
37,55,0.292969,0.433594,1.00089,0,0,0,0.0370662
38,55,0.300781,0.433594,1.00122,0,0,0,0.0489275
39,55,0.308594,0.433594,1.00165,0,0,0,0.0637058
40,55,0.316406,0.433594,1.00221,0,0,0,0.0818089
41,55,0.324219,0.433594,1.00293,0,0,0,0.103599
42,55,0.332031,0.433594,1.00383,0,0,0,0.129351
43,55,0.339844,0.433594,1.00495,0,0,0,0.159208
44,55,0.347656,0.433594,1.00632,0,0,0,0.193128
45,55,0.355469,0.433594,1.00797,0,0,0,0.230835
46,55,0.363281,0.433594,1.00992,0,0,0,0.271773
47,55,0.371094,0.433594,1.01221,0,0,0,0.315073
48,55,0.378906,0.433594,1.01485,0,0,0,0.359533
49,55,0.386719,0.433594,1.01783,0,0,0,0.403621
50,55,0.394531,0.433594,1.02115,0,0,0,0.445511
51,55,0.402344,0.433594,1.02479,0,0,0,0.48314
52,55,0.410156,0.433594,1.0287,0,0,0,0.514304
53,55,0.417969,0.433594,1.03283,0,0,0,0.536772
54,55,0.425781,0.433594,1.03709,0,0,0,0.548433
55,55,0.433594,0.433594,1.0414,0,0,0,0.547442
56,55,0.441406,0.433594,1.04564,0,0,0,0.532377
57,55,0.449219,0.433594,1.04972,0,0,0,0.502378
58,55,0.457031,0.433594,1.05349,0,0,0,0.457256
59,55,0.464844,0.433594,1.05686,0,0,0,0.397565
60,55,0.472656,0.433594,1.05971,0,0,0,0.324626
61,55,0.480469,0.433594,1.06193,0,0,0,0.240489
62,55,0.488281,0.433594,1.06346,0,0,0,0.147845
63,55,0.496094,0.433594,1.06424,0,0,0,0.0498844
64,55,0.503906,0.433594,1.06424,0,0,0,-0.0498844
65,55,0.511719,0.433594,1.06346,0,0,0,-0.147845
66,55,0.519531,0.433594,1.06193,0,0,0,-0.240489
67,55,0.527344,0.433594,1.05971,0,0,0,-0.324626
68,55,0.535156,0.433594,1.05686,0,0,0,-0.397565
69,55,0.542969,0.433594,1.05349,0,0,0,-0.457256
70,55,0.550781,0.433594,1.04972,0,0,0,-0.502378
71,55,0.558594,0.433594,1.04564,0,0,0,-0.532377
72,55,0.566406,0.433594,1.0414,0,0,0,-0.547442
73,55,0.574219,0.433594,1.03709,0,0,0,-0.548433
74,55,0.582031,0.433594,1.03283,0,0,0,-0.536772
75,55,0.589844,0.433594,1.0287,0,0,0,-0.514304
76,55,0.597656,0.433594,1.02479,0,0,0,-0.48314
77,55,0.605469,0.433594,1.02115,0,0,0,-0.445511
78,55,0.613281,0.433594,1.01783,0,0,0,-0.403621
79,55,0.621094,0.433594,1.01485,0,0,0,-0.359533
80,55,0.628906,0.433594,1.01221,0,0,0,-0.315073
81,55,0.636719,0.433594,1.00992,0,0,0,-0.271773
82,55,0.644531,0.433594,1.00797,0,0,0,-0.230835
83,55,0.652344,0.433594,1.00632,0,0,0,-0.193128
84,55,0.660156,0.433594,1.00495,0,0,0,-0.159208
85,55,0.667969,0.433594,1.00383,0,0,0,-0.129351
86,55,0.675781,0.433594,1.00293,0,0,0,-0.103599
87,55,0.683594,0.433594,1.00221,0,0,0,-0.0818089
88,55,0.691406,0.433594,1.00165,0,0,0,-0.0637058
89,55,0.699219,0.433594,1.00122,0,0,0,-0.0489275
90,55,0.707031,0.433594,1.00089,0,0,0,-0.0370662
91,55,0.714844,0.433594,1.00064,0,0,0,-0.0277016
92,55,0.722656,0.433594,1.00045,0,0,0,-0.0204256
93,55,0.730469,0.433594,1.00032,0,0,0,-0.0148604
94,55,0.738281,0.433594,1.00022,0,0,0,-0.0106686
95,55,0.746094,0.433594,1.00015,0,0,0,-0.00755849
96,55,0.753906,0.433594,1.0001,0,0,0,-0.005285
97,55,0.761719,0.433594,1.00007,0,0,0,-0.00364723
98,55,0.769531,0.433594,1.00005,0,0,0,-0.00248435
99,55,0.777344,0.433594,1.00003,0,0,0,-0.00167039
100,55,0.785156,0.433594,1.00002,0,0,0,-0.00110866
101,55,0.792969,0.433594,1.00001,0,0,0,-0.000726389
102,55,0.800781,0.433594,1.00001,0,0,0,-0.000469842
103,55,0.808594,0.433594,1,0,0,0,-0.000300027
104,55,0.816406,0.433594,1,0,0,0,-0.000189152
105,55,0.824219,0.433594,1,0,0,0,-0.000117737
106,55,0.832031,0.433594,1,0,0,0,-7.23577e-05
107,55,0.839844,0.433594,1,0,0,0,-4.3907e-05
108,55,0.847656,0.433594,1,0,0,0,-2.63071e-05
109,55,0.855469,0.433594,1,0,0,0,-1.55636e-05
110,55,0.863281,0.433594,1,0,0,0,-9.09196e-06
111,55,0.871094,0.433594,1,0,0,0,-5.24472e-06
112,55,0.878906,0.433594,1,0,0,0,-2.98754e-06
113,55,0.886719,0.433594,1,0,0,0,-1.6805e-06
114,55,0.894531,0.433594,1,0,0,0,-9.33481e-07
115,55,0.902344,0.433594,1,0,0,0,-5.12059e-07
116,55,0.910156,0.433594,1,0,0,0,-2.77389e-07
117,55,0.917969,0.433594,1,0,0,0,-1.48395e-07
118,55,0.925781,0.433594,1,0,0,0,-7.84002e-08
119,55,0.933594,0.433594,1,0,0,0,-4.0906e-08
120,55,0.941406,0.433594,1,0,0,0,-2.10782e-08
121,55,0.949219,0.433594,1,0,0,0,-1.07266e-08
122,55,0.957031,0.433594,1,0,0,0,-5.3911e-09
123,55,0.964844,0.433594,1,0,0,0,-2.67599e-09
124,55,0.972656,0.433594,1,0,0,0,-1.31185e-09
125,55,0.980469,0.433594,1,0,0,0,-6.35168e-10
126,55,0.988281,0.433594,1,0,0,0,-3.03743e-10
127,55,0.996094,0.433594,1,0,0,0,-9.76996e-11
0,56,0.00390625,0.441406,1,0,0,0,1.07718e-10
1,56,0.0117188,0.441406,1,0,0,0,3.34879e-10
2,56,0.0195312,0.441406,1,0,0,0,7.00311e-10
3,56,0.0273438,0.441406,1,0,0,0,1.44644e-09
4,56,0.0351562,0.441406,1,0,0,0,2.9505e-09
5,56,0.0429688,0.441406,1,0,0,0,5.94413e-09
6,56,0.0507812,0.441406,1,0,0,0,1.1827e-08
7,56,0.0585938,0.441406,1,0,0,0,2.32404e-08
8,56,0.0664062,0.441406,1,0,0,0,4.51022e-08
9,56,0.0742188,0.441406,1,0,0,0,8.64428e-08
10,56,0.0820312,0.441406,1,0,0,0,1.63618e-07
11,56,0.0898438,0.441406,1,0,0,0,3.05845e-07
12,56,0.0976562,0.441406,1,0,0,0,5.64588e-07
13,56,0.105469,0.441406,1,0,0,0,1.02924e-06
14,56,0.113281,0.441406,1,0,0,0,1.85289e-06
15,56,0.121094,0.441406,1,0,0,0,3.29401e-06
16,56,0.128906,0.441406,1,0,0,0,5.78275e-06
17,56,0.136719,0.441406,1,0,0,0,1.00246e-05
18,56,0.144531,0.441406,1,0,0,0,1.71602e-05
19,56,0.152344,0.441406,1,0,0,0,2.90057e-05
20,56,0.160156,0.441406,1,0,0,0,4.84112e-05
21,56,0.167969,0.441406,1,0,0,0,7.97804e-05
22,56,0.175781,0.441406,1,0,0,0,0.000129815
23,56,0.183594,0.441406,1,0,0,0,0.000208556
24,56,0.191406,0.441406,1.00001,0,0,0,0.000330805
25,56,0.199219,0.441406,1.00001,0,0,0,0.00051804
26,56,0.207031,0.441406,1.00001,0,0,0,0.000800905
27,56,0.214844,0.441406,1.00002,0,0,0,0.00122239
28,56,0.222656,0.441406,1.00003,0,0,0,0.00184174
29,56,0.230469,0.441406,1.00005,0,0,0,0.00273921
30,56,0.238281,0.441406,1.00008,0,0,0,0.00402137
31,56,0.246094,0.441406,1.00011,0,0,0,0.00582715
32,56,0.253906,0.441406,1.00017,0,0,0,0.00833387
33,56,0.261719,0.441406,1.00024,0,0,0,0.011763
34,56,0.269531,0.441406,1.00035,0,0,0,0.0163848
35,56,0.277344,0.441406,1.0005,0,0,0,0.022521
36,56,0.285156,0.441406,1.0007,0,0,0,0.0305433
37,56,0.292969,0.441406,1.00098,0,0,0,0.0408686
38,56,0.300781,0.441406,1.00134,0,0,0,0.0539467
39,56,0.308594,0.441406,1.00182,0,0,0,0.070241
40,56,0.316406,0.441406,1.00244,0,0,0,0.0902012
41,56,0.324219,0.441406,1.00323,0,0,0,0.114226
42,56,0.332031,0.441406,1.00422,0,0,0,0.142621
43,56,0.339844,0.441406,1.00546,0,0,0,0.17554
44,56,0.347656,0.441406,1.00697,0,0,0,0.21294
45,56,0.355469,0.441406,1.00878,0,0,0,0.254515
46,56,0.363281,0.441406,1.01094,0,0,0,0.299653
47,56,0.371094,0.441406,1.01347,0,0,0,0.347395
48,56,0.378906,0.441406,1.01637,0,0,0,0.396415
49,56,0.386719,0.441406,1.01966,0,0,0,0.445026
50,56,0.394531,0.441406,1.02332,0,0,0,0.491213
51,56,0.402344,0.441406,1.02734,0,0,0,0.532702
52,56,0.410156,0.441406,1.03165,0,0,0,0.567063
53,56,0.417969,0.441406,1.0362,0,0,0,0.591836
54,56,0.425781,0.441406,1.04089,0,0,0,0.604693
55,56,0.433594,0.441406,1.04564,0,0,0,0.6036
56,56,0.441406,0.441406,1.05033,0,0,0,0.58699
57,56,0.449219,0.441406,1.05482,0,0,0,0.553914
58,56,0.457031,0.441406,1.05898,0,0,0,0.504163
59,56,0.464844,0.441406,1.06269,0,0,0,0.438349
60,56,0.472656,0.441406,1.06583,0,0,0,0.357927
61,56,0.480469,0.441406,1.06829,0,0,0,0.265159
62,56,0.488281,0.441406,1.06997,0,0,0,0.163011
63,56,0.496094,0.441406,1.07083,0,0,0,0.0550017
64,56,0.503906,0.441406,1.07083,0,0,0,-0.0550017
65,56,0.511719,0.441406,1.06997,0,0,0,-0.163011
66,56,0.519531,0.441406,1.06829,0,0,0,-0.265159
67,56,0.527344,0.441406,1.06583,0,0,0,-0.357927
68,56,0.535156,0.441406,1.06269,0,0,0,-0.438349
69,56,0.542969,0.441406,1.05898,0,0,0,-0.504163
70,56,0.550781,0.441406,1.05482,0,0,0,-0.553914
71,56,0.558594,0.441406,1.05033,0,0,0,-0.58699
72,56,0.566406,0.441406,1.04564,0,0,0,-0.6036
73,56,0.574219,0.441406,1.04089,0,0,0,-0.604693
74,56,0.582031,0.441406,1.0362,0,0,0,-0.591836
75,56,0.589844,0.441406,1.03165,0,0,0,-0.567063
76,56,0.597656,0.441406,1.02734,0,0,0,-0.532702
77,56,0.605469,0.441406,1.02332,0,0,0,-0.491213
78,56,0.613281,0.441406,1.01966,0,0,0,-0.445026
79,56,0.621094,0.441406,1.01637,0,0,0,-0.396415
80,56,0.628906,0.441406,1.01347,0,0,0,-0.347395
81,56,0.636719,0.441406,1.01094,0,0,0,-0.299653
82,56,0.644531,0.441406,1.00878,0,0,0,-0.254515
83,56,0.652344,0.441406,1.00697,0,0,0,-0.21294
84,56,0.660156,0.441406,1.00546,0,0,0,-0.17554
85,56,0.667969,0.441406,1.00422,0,0,0,-0.142621
86,56,0.675781,0.441406,1.00323,0,0,0,-0.114226
87,56,0.683594,0.441406,1.00244,0,0,0,-0.0902012
88,56,0.691406,0.441406,1.00182,0,0,0,-0.070241
89,56,0.699219,0.441406,1.00134,0,0,0,-0.0539467
90,56,0.707031,0.441406,1.00098,0,0,0,-0.0408686
91,56,0.714844,0.441406,1.0007,0,0,0,-0.0305433
92,56,0.722656,0.441406,1.0005,0,0,0,-0.022521
93,56,0.730469,0.441406,1.00035,0,0,0,-0.0163848
94,56,0.738281,0.441406,1.00024,0,0,0,-0.011763
95,56,0.746094,0.441406,1.00017,0,0,0,-0.00833387
96,56,0.753906,0.441406,1.00011,0,0,0,-0.00582715
97,56,0.761719,0.441406,1.00008,0,0,0,-0.00402137
98,56,0.769531,0.441406,1.00005,0,0,0,-0.00273921
99,56,0.777344,0.441406,1.00003,0,0,0,-0.00184174
100,56,0.785156,0.441406,1.00002,0,0,0,-0.00122239
101,56,0.792969,0.441406,1.00001,0,0,0,-0.000800905
102,56,0.800781,0.441406,1.00001,0,0,0,-0.00051804
103,56,0.808594,0.441406,1.00001,0,0,0,-0.000330805
104,56,0.816406,0.441406,1,0,0,0,-0.000208556
105,56,0.824219,0.441406,1,0,0,0,-0.000129815
106,56,0.832031,0.441406,1,0,0,0,-7.97804e-05
107,56,0.839844,0.441406,1,0,0,0,-4.84112e-05
108,56,0.847656,0.441406,1,0,0,0,-2.90057e-05
109,56,0.855469,0.441406,1,0,0,0,-1.71602e-05
110,56,0.863281,0.441406,1,0,0,0,-1.00246e-05
111,56,0.871094,0.441406,1,0,0,0,-5.78275e-06
112,56,0.878906,0.441406,1,0,0,0,-3.29401e-06
113,56,0.886719,0.441406,1,0,0,0,-1.85289e-06
114,56,0.894531,0.441406,1,0,0,0,-1.02924e-06
115,56,0.902344,0.441406,1,0,0,0,-5.64588e-07
116,56,0.910156,0.441406,1,0,0,0,-3.05845e-07
117,56,0.917969,0.441406,1,0,0,0,-1.63618e-07
118,56,0.925781,0.441406,1,0,0,0,-8.64428e-08
119,56,0.933594,0.441406,1,0,0,0,-4.51022e-08
120,56,0.941406,0.441406,1,0,0,0,-2.32404e-08
121,56,0.949219,0.441406,1,0,0,0,-1.1827e-08
122,56,0.957031,0.441406,1,0,0,0,-5.94413e-09
123,56,0.964844,0.441406,1,0,0,0,-2.9505e-09
124,56,0.972656,0.441406,1,0,0,0,-1.44644e-09
125,56,0.980469,0.441406,1,0,0,0,-7.00311e-10
126,56,0.988281,0.441406,1,0,0,0,-3.34879e-10
127,56,0.996094,0.441406,1,0,0,0,-1.07718e-10
0,57,0.00390625,0.449219,1,0,0,0,1.17325e-10
1,57,0.0117188,0.449219,1,0,0,0,3.64764e-10
2,57,0.0195312,0.449219,1,0,0,0,7.62796e-10
3,57,0.0273438,0.449219,1,0,0,0,1.57546e-09
4,57,0.0351562,0.449219,1,0,0,0,3.2137e-09
5,57,0.0429688,0.449219,1,0,0,0,6.47438e-09
6,57,0.0507812,0.449219,1,0,0,0,1.2882e-08
7,57,0.0585938,0.449219,1,0,0,0,2.53137e-08
8,57,0.0664062,0.449219,1,0,0,0,4.91256e-08
9,57,0.0742188,0.449219,1,0,0,0,9.41541e-08
10,57,0.0820312,0.449219,1,0,0,0,1.78214e-07
11,57,0.0898438,0.449219,1,0,0,0,3.33128e-07
12,57,0.0976562,0.449219,1,0,0,0,6.14953e-07
13,57,0.105469,0.449219,1,0,0,0,1.12106e-06
14,57,0.113281,0.449219,1,0,0,0,2.01818e-06
15,57,0.121094,0.449219,1,0,0,0,3.58786e-06
16,57,0.128906,0.449219,1,0,0,0,6.2986e-06
17,57,0.136719,0.449219,1,0,0,0,1.09189e-05
18,57,0.144531,0.449219,1,0,0,0,1.8691e-05
19,57,0.152344,0.449219,1,0,0,0,3.15932e-05
20,57,0.160156,0.449219,1,0,0,0,5.27297e-05
21,57,0.167969,0.449219,1,0,0,0,8.68973e-05
22,57,0.175781,0.449219,1,0,0,0,0.000141396
23,57,0.183594,0.449219,1,0,0,0,0.00022716
24,57,0.191406,0.449219,1.00001,0,0,0,0.000360315
25,57,0.199219,0.449219,1.00001,0,0,0,0.000564253
26,57,0.207031,0.449219,1.00001,0,0,0,0.000872351
27,57,0.214844,0.449219,1.00002,0,0,0,0.00133143
28,57,0.222656,0.449219,1.00004,0,0,0,0.00200604
29,57,0.230469,0.449219,1.00005,0,0,0,0.00298356
30,57,0.238281,0.449219,1.00008,0,0,0,0.00438011
31,57,0.246094,0.449219,1.00012,0,0,0,0.00634697
32,57,0.253906,0.449219,1.00018,0,0,0,0.0090773
33,57,0.261719,0.449219,1.00026,0,0,0,0.0128123
34,57,0.269531,0.449219,1.00038,0,0,0,0.0178465
35,57,0.277344,0.449219,1.00054,0,0,0,0.02453
36,57,0.285156,0.449219,1.00076,0,0,0,0.0332679
37,57,0.292969,0.449219,1.00106,0,0,0,0.0445143
38,57,0.300781,0.449219,1.00146,0,0,0,0.058759
39,57,0.308594,0.449219,1.00198,0,0,0,0.0765069
40,57,0.316406,0.449219,1.00266,0,0,0,0.0982477
41,57,0.324219,0.449219,1.00352,0,0,0,0.124416
42,57,0.332031,0.449219,1.0046,0,0,0,0.155343
43,57,0.339844,0.449219,1.00594,0,0,0,0.1912
44,57,0.347656,0.449219,1.00759,0,0,0,0.231935
45,57,0.355469,0.449219,1.00957,0,0,0,0.277219
46,57,0.363281,0.449219,1.01192,0,0,0,0.326384
47,57,0.371094,0.449219,1.01467,0,0,0,0.378384
48,57,0.378906,0.449219,1.01783,0,0,0,0.431777
49,57,0.386719,0.449219,1.02141,0,0,0,0.484725
50,57,0.394531,0.449219,1.0254,0,0,0,0.535032
51,57,0.402344,0.449219,1.02977,0,0,0,0.580223
52,57,0.410156,0.449219,1.03447,0,0,0,0.617649
53,57,0.417969,0.449219,1.03942,0,0,0,0.644632
54,57,0.425781,0.449219,1.04454,0,0,0,0.658635
55,57,0.433594,0.449219,1.04972,0,0,0,0.657445
56,57,0.441406,0.449219,1.05482,0,0,0,0.639353
57,57,0.449219,0.449219,1.05971,0,0,0,0.603326
58,57,0.457031,0.449219,1.06424,0,0,0,0.549137
59,57,0.464844,0.449219,1.06829,0,0,0,0.477452
60,57,0.472656,0.449219,1.0717,0,0,0,0.389857
61,57,0.480469,0.449219,1.07438,0,0,0,0.288813
62,57,0.488281,0.449219,1.07622,0,0,0,0.177553
63,57,0.496094,0.449219,1.07715,0,0,0,0.0599082
64,57,0.503906,0.449219,1.07715,0,0,0,-0.0599082
65,57,0.511719,0.449219,1.07622,0,0,0,-0.177553
66,57,0.519531,0.449219,1.07438,0,0,0,-0.288813
67,57,0.527344,0.449219,1.0717,0,0,0,-0.389857
68,57,0.535156,0.449219,1.06829,0,0,0,-0.477452
69,57,0.542969,0.449219,1.06424,0,0,0,-0.549137
70,57,0.550781,0.449219,1.05971,0,0,0,-0.603326
71,57,0.558594,0.449219,1.05482,0,0,0,-0.639353
72,57,0.566406,0.449219,1.04972,0,0,0,-0.657445
73,57,0.574219,0.449219,1.04454,0,0,0,-0.658635
74,57,0.582031,0.449219,1.03942,0,0,0,-0.644632
75,57,0.589844,0.449219,1.03447,0,0,0,-0.617649
76,57,0.597656,0.449219,1.02977,0,0,0,-0.580223
77,57,0.605469,0.449219,1.0254,0,0,0,-0.535032
78,57,0.613281,0.449219,1.02141,0,0,0,-0.484725
79,57,0.621094,0.449219,1.01783,0,0,0,-0.431777
80,57,0.628906,0.449219,1.01467,0,0,0,-0.378384
81,57,0.636719,0.449219,1.01192,0,0,0,-0.326384
82,57,0.644531,0.449219,1.00957,0,0,0,-0.277219
83,57,0.652344,0.449219,1.00759,0,0,0,-0.231935
84,57,0.660156,0.449219,1.00594,0,0,0,-0.1912
85,57,0.667969,0.449219,1.0046,0,0,0,-0.155343
86,57,0.675781,0.449219,1.00352,0,0,0,-0.124416
87,57,0.683594,0.449219,1.00266,0,0,0,-0.0982477
88,57,0.691406,0.449219,1.00198,0,0,0,-0.0765069
89,57,0.699219,0.449219,1.00146,0,0,0,-0.058759
90,57,0.707031,0.449219,1.00106,0,0,0,-0.0445143
91,57,0.714844,0.449219,1.00076,0,0,0,-0.0332679
92,57,0.722656,0.449219,1.00054,0,0,0,-0.02453
93,57,0.730469,0.449219,1.00038,0,0,0,-0.0178465
94,57,0.738281,0.449219,1.00026,0,0,0,-0.0128123
95,57,0.746094,0.449219,1.00018,0,0,0,-0.0090773
96,57,0.753906,0.449219,1.00012,0,0,0,-0.00634697
97,57,0.761719,0.449219,1.00008,0,0,0,-0.00438011
98,57,0.769531,0.449219,1.00005,0,0,0,-0.00298356
99,57,0.777344,0.449219,1.00004,0,0,0,-0.00200604
100,57,0.785156,0.449219,1.00002,0,0,0,-0.00133143
101,57,0.792969,0.449219,1.00001,0,0,0,-0.000872351
102,57,0.800781,0.449219,1.00001,0,0,0,-0.000564253
103,57,0.808594,0.449219,1.00001,0,0,0,-0.000360315
104,57,0.816406,0.449219,1,0,0,0,-0.00022716
105,57,0.824219,0.449219,1,0,0,0,-0.000141396
106,57,0.832031,0.449219,1,0,0,0,-8.68973e-05
107,57,0.839844,0.449219,1,0,0,0,-5.27297e-05
108,57,0.847656,0.449219,1,0,0,0,-3.15932e-05
109,57,0.855469,0.449219,1,0,0,0,-1.8691e-05
110,57,0.863281,0.449219,1,0,0,0,-1.09189e-05
111,57,0.871094,0.449219,1,0,0,0,-6.2986e-06
112,57,0.878906,0.449219,1,0,0,0,-3.58786e-06
113,57,0.886719,0.449219,1,0,0,0,-2.01818e-06
114,57,0.894531,0.449219,1,0,0,0,-1.12106e-06
115,57,0.902344,0.449219,1,0,0,0,-6.14953e-07
116,57,0.910156,0.449219,1,0,0,0,-3.33128e-07
117,57,0.917969,0.449219,1,0,0,0,-1.78214e-07
118,57,0.925781,0.449219,1,0,0,0,-9.41541e-08
119,57,0.933594,0.449219,1,0,0,0,-4.91256e-08
120,57,0.941406,0.449219,1,0,0,0,-2.53137e-08
121,57,0.949219,0.449219,1,0,0,0,-1.2882e-08
122,57,0.957031,0.449219,1,0,0,0,-6.47438e-09
123,57,0.964844,0.449219,1,0,0,0,-3.2137e-09
124,57,0.972656,0.449219,1,0,0,0,-1.57546e-09
125,57,0.980469,0.449219,1,0,0,0,-7.62796e-10
126,57,0.988281,0.449219,1,0,0,0,-3.64764e-10
127,57,0.996094,0.449219,1,0,0,0,-1.17325e-10
0,58,0.00390625,0.457031,1,0,0,0,1.26235e-10
1,58,0.0117188,0.457031,1,0,0,0,3.92475e-10
2,58,0.0195312,0.457031,1,0,0,0,8.20762e-10
3,58,0.0273438,0.457031,1,0,0,0,1.69518e-09
4,58,0.0351562,0.457031,1,0,0,0,3.45791e-09
5,58,0.0429688,0.457031,1,0,0,0,6.96637e-09
6,58,0.0507812,0.457031,1,0,0,0,1.38609e-08
7,58,0.0585938,0.457031,1,0,0,0,2.72373e-08
8,58,0.0664062,0.457031,1,0,0,0,5.28588e-08
9,58,0.0742188,0.457031,1,0,0,0,1.01309e-07
10,58,0.0820312,0.457031,1,0,0,0,1.91757e-07
11,58,0.0898438,0.457031,1,0,0,0,3.58443e-07
12,58,0.0976562,0.457031,1,0,0,0,6.61684e-07
13,58,0.105469,0.457031,1,0,0,0,1.20625e-06
14,58,0.113281,0.457031,1,0,0,0,2.17155e-06
15,58,0.121094,0.457031,1,0,0,0,3.8605e-06
16,58,0.128906,0.457031,1,0,0,0,6.77724e-06
17,58,0.136719,0.457031,1,0,0,0,1.17486e-05
18,58,0.144531,0.457031,1,0,0,0,2.01113e-05
19,58,0.152344,0.457031,1,0,0,0,3.3994e-05
20,58,0.160156,0.457031,1,0,0,0,5.67367e-05
21,58,0.167969,0.457031,1,0,0,0,9.35008e-05
22,58,0.175781,0.457031,1,0,0,0,0.00015214
23,58,0.183594,0.457031,1,0,0,0,0.000244422
24,58,0.191406,0.457031,1.00001,0,0,0,0.000387696
25,58,0.199219,0.457031,1.00001,0,0,0,0.000607131
26,58,0.207031,0.457031,1.00002,0,0,0,0.000938642
27,58,0.214844,0.457031,1.00002,0,0,0,0.00143261
28,58,0.222656,0.457031,1.00004,0,0,0,0.00215848
29,58,0.230469,0.457031,1.00006,0,0,0,0.00321028
30,58,0.238281,0.457031,1.00009,0,0,0,0.00471296
31,58,0.246094,0.457031,1.00013,0,0,0,0.00682929
32,58,0.253906,0.457031,1.00019,0,0,0,0.00976709
33,58,0.261719,0.457031,1.00028,0,0,0,0.013786
34,58,0.269531,0.457031,1.00041,0,0,0,0.0192027
35,58,0.277344,0.457031,1.00058,0,0,0,0.026394
36,58,0.285156,0.457031,1.00082,0,0,0,0.035796
37,58,0.292969,0.457031,1.00114,0,0,0,0.047897
38,58,0.300781,0.457031,1.00157,0,0,0,0.0632242
39,58,0.308594,0.457031,1.00213,0,0,0,0.0823208
40,58,0.316406,0.457031,1.00286,0,0,0,0.105714
41,58,0.324219,0.457031,1.00378,0,0,0,0.133871
42,58,0.332031,0.457031,1.00495,0,0,0,0.167148
43,58,0.339844,0.457031,1.0064,0,0,0,0.205729
44,58,0.347656,0.457031,1.00816,0,0,0,0.24956
45,58,0.355469,0.457031,1.01029,0,0,0,0.298285
46,58,0.363281,0.457031,1.01282,0,0,0,0.351186
47,58,0.371094,0.457031,1.01578,0,0,0,0.407138
48,58,0.378906,0.457031,1.01919,0,0,0,0.464589
49,58,0.386719,0.457031,1.02304,0,0,0,0.521559
50,58,0.394531,0.457031,1.02734,0,0,0,0.57569
51,58,0.402344,0.457031,1.03204,0,0,0,0.624315
52,58,0.410156,0.457031,1.03709,0,0,0,0.664584
53,58,0.417969,0.457031,1.04242,0,0,0,0.693618
54,58,0.425781,0.457031,1.04793,0,0,0,0.708686
55,58,0.433594,0.457031,1.05349,0,0,0,0.707405
56,58,0.441406,0.457031,1.05898,0,0,0,0.687938
57,58,0.449219,0.457031,1.06424,0,0,0,0.649174
58,58,0.457031,0.457031,1.06912,0,0,0,0.590867
59,58,0.464844,0.457031,1.07347,0,0,0,0.513734
60,58,0.472656,0.457031,1.07715,0,0,0,0.419482
61,58,0.480469,0.457031,1.08003,0,0,0,0.31076
62,58,0.488281,0.457031,1.08201,0,0,0,0.191045
63,58,0.496094,0.457031,1.08301,0,0,0,0.0644607
64,58,0.503906,0.457031,1.08301,0,0,0,-0.0644607
65,58,0.511719,0.457031,1.08201,0,0,0,-0.191045
66,58,0.519531,0.457031,1.08003,0,0,0,-0.31076
67,58,0.527344,0.457031,1.07715,0,0,0,-0.419482
68,58,0.535156,0.457031,1.07347,0,0,0,-0.513734
69,58,0.542969,0.457031,1.06912,0,0,0,-0.590867
70,58,0.550781,0.457031,1.06424,0,0,0,-0.649174
71,58,0.558594,0.457031,1.05898,0,0,0,-0.687938
72,58,0.566406,0.457031,1.05349,0,0,0,-0.707405
73,58,0.574219,0.457031,1.04793,0,0,0,-0.708686
74,58,0.582031,0.457031,1.04242,0,0,0,-0.693618
75,58,0.589844,0.457031,1.03709,0,0,0,-0.664584
76,58,0.597656,0.457031,1.03204,0,0,0,-0.624315
77,58,0.605469,0.457031,1.02734,0,0,0,-0.57569
78,58,0.613281,0.457031,1.02304,0,0,0,-0.521559
79,58,0.621094,0.457031,1.01919,0,0,0,-0.464589
80,58,0.628906,0.457031,1.01578,0,0,0,-0.407138
81,58,0.636719,0.457031,1.01282,0,0,0,-0.351186
82,58,0.644531,0.457031,1.01029,0,0,0,-0.298285
83,58,0.652344,0.457031,1.00816,0,0,0,-0.24956
84,58,0.660156,0.457031,1.0064,0,0,0,-0.205729
85,58,0.667969,0.457031,1.00495,0,0,0,-0.167148
86,58,0.675781,0.457031,1.00378,0,0,0,-0.133871
87,58,0.683594,0.457031,1.00286,0,0,0,-0.105714
88,58,0.691406,0.457031,1.00213,0,0,0,-0.0823208
89,58,0.699219,0.457031,1.00157,0,0,0,-0.0632242
90,58,0.707031,0.457031,1.00114,0,0,0,-0.047897
91,58,0.714844,0.457031,1.00082,0,0,0,-0.035796
92,58,0.722656,0.457031,1.00058,0,0,0,-0.026394
93,58,0.730469,0.457031,1.00041,0,0,0,-0.0192027
94,58,0.738281,0.457031,1.00028,0,0,0,-0.013786
95,58,0.746094,0.457031,1.00019,0,0,0,-0.00976709
96,58,0.753906,0.457031,1.00013,0,0,0,-0.00682929
97,58,0.761719,0.457031,1.00009,0,0,0,-0.00471296
98,58,0.769531,0.457031,1.00006,0,0,0,-0.00321028
99,58,0.777344,0.457031,1.00004,0,0,0,-0.00215848
100,58,0.785156,0.457031,1.00002,0,0,0,-0.00143261
101,58,0.792969,0.457031,1.00002,0,0,0,-0.000938642
102,58,0.800781,0.457031,1.00001,0,0,0,-0.000607131
103,58,0.808594,0.457031,1.00001,0,0,0,-0.000387696
104,58,0.816406,0.457031,1,0,0,0,-0.000244422
105,58,0.824219,0.457031,1,0,0,0,-0.00015214
106,58,0.832031,0.457031,1,0,0,0,-9.35008e-05
107,58,0.839844,0.457031,1,0,0,0,-5.67367e-05
108,58,0.847656,0.457031,1,0,0,0,-3.3994e-05
109,58,0.855469,0.457031,1,0,0,0,-2.01113e-05
110,58,0.863281,0.457031,1,0,0,0,-1.17486e-05
111,58,0.871094,0.457031,1,0,0,0,-6.77724e-06
112,58,0.878906,0.457031,1,0,0,0,-3.8605e-06
113,58,0.886719,0.457031,1,0,0,0,-2.17155e-06
114,58,0.894531,0.457031,1,0,0,0,-1.20625e-06
115,58,0.902344,0.457031,1,0,0,0,-6.61684e-07
116,58,0.910156,0.457031,1,0,0,0,-3.58443e-07
117,58,0.917969,0.457031,1,0,0,0,-1.91757e-07
118,58,0.925781,0.457031,1,0,0,0,-1.01309e-07
119,58,0.933594,0.457031,1,0,0,0,-5.28588e-08
120,58,0.941406,0.457031,1,0,0,0,-2.72373e-08
121,58,0.949219,0.457031,1,0,0,0,-1.38609e-08
122,58,0.957031,0.457031,1,0,0,0,-6.96637e-09
123,58,0.964844,0.457031,1,0,0,0,-3.45791e-09
124,58,0.972656,0.457031,1,0,0,0,-1.69518e-09
125,58,0.980469,0.457031,1,0,0,0,-8.20762e-10
126,58,0.988281,0.457031,1,0,0,0,-3.92475e-10
127,58,0.996094,0.457031,1,0,0,0,-1.26235e-10
0,59,0.00390625,0.464844,1,0,0,0,1.34179e-10
1,59,0.0117188,0.464844,1,0,0,0,4.17174e-10
2,59,0.0195312,0.464844,1,0,0,0,8.72419e-10
3,59,0.0273438,0.464844,1,0,0,0,1.80187e-09
4,59,0.0351562,0.464844,1,0,0,0,3.67554e-09
5,59,0.0429688,0.464844,1,0,0,0,7.40482e-09
6,59,0.0507812,0.464844,1,0,0,0,1.47333e-08
7,59,0.0585938,0.464844,1,0,0,0,2.89515e-08
8,59,0.0664062,0.464844,1,0,0,0,5.61855e-08
9,59,0.0742188,0.464844,1,0,0,0,1.07685e-07
10,59,0.0820312,0.464844,1,0,0,0,2.03825e-07
11,59,0.0898438,0.464844,1,0,0,0,3.81002e-07
12,59,0.0976562,0.464844,1,0,0,0,7.03328e-07
13,59,0.105469,0.464844,1,0,0,0,1.28216e-06
14,59,0.113281,0.464844,1,0,0,0,2.30822e-06
15,59,0.121094,0.464844,1,0,0,0,4.10347e-06
16,59,0.128906,0.464844,1,0,0,0,7.20377e-06
17,59,0.136719,0.464844,1,0,0,0,1.24881e-05
18,59,0.144531,0.464844,1,0,0,0,2.13771e-05
19,59,0.152344,0.464844,1,0,0,0,3.61335e-05
20,59,0.160156,0.464844,1,0,0,0,6.03075e-05
21,59,0.167969,0.464844,1,0,0,0,9.93854e-05
22,59,0.175781,0.464844,1,0,0,0,0.000161716
23,59,0.183594,0.464844,1,0,0,0,0.000259805
24,59,0.191406,0.464844,1.00001,0,0,0,0.000412096
25,59,0.199219,0.464844,1.00001,0,0,0,0.000645342
26,59,0.207031,0.464844,1.00002,0,0,0,0.000997716
27,59,0.214844,0.464844,1.00003,0,0,0,0.00152277
28,59,0.222656,0.464844,1.00004,0,0,0,0.00229433
29,59,0.230469,0.464844,1.00006,0,0,0,0.00341233
30,59,0.238281,0.464844,1.00009,0,0,0,0.00500957
31,59,0.246094,0.464844,1.00014,0,0,0,0.0072591
32,59,0.253906,0.464844,1.00021,0,0,0,0.0103818
33,59,0.261719,0.464844,1.0003,0,0,0,0.0146536
34,59,0.269531,0.464844,1.00044,0,0,0,0.0204112
35,59,0.277344,0.464844,1.00062,0,0,0,0.0280552
36,59,0.285156,0.464844,1.00087,0,0,0,0.0380489
37,59,0.292969,0.464844,1.00122,0,0,0,0.0509115
38,59,0.300781,0.464844,1.00167,0,0,0,0.0672033
39,59,0.308594,0.464844,1.00227,0,0,0,0.0875017
40,59,0.316406,0.464844,1.00304,0,0,0,0.112367
41,59,0.324219,0.464844,1.00402,0,0,0,0.142296
42,59,0.332031,0.464844,1.00526,0,0,0,0.177668
43,59,0.339844,0.464844,1.0068,0,0,0,0.218677
44,59,0.347656,0.464844,1.00868,0,0,0,0.265267
45,59,0.355469,0.464844,1.01094,0,0,0,0.317058
46,59,0.363281,0.464844,1.01363,0,0,0,0.373288
47,59,0.371094,0.464844,1.01678,0,0,0,0.432762
48,59,0.378906,0.464844,1.02039,0,0,0,0.493828
49,59,0.386719,0.464844,1.02449,0,0,0,0.554384
50,59,0.394531,0.464844,1.02906,0,0,0,0.611921
51,59,0.402344,0.464844,1.03405,0,0,0,0.663607
52,59,0.410156,0.464844,1.03942,0,0,0,0.706411
53,59,0.417969,0.464844,1.04509,0,0,0,0.737272
54,59,0.425781,0.464844,1.05094,0,0,0,0.753288
55,59,0.433594,0.464844,1.05686,0,0,0,0.751926
56,59,0.441406,0.464844,1.06269,0,0,0,0.731235
57,59,0.449219,0.464844,1.06829,0,0,0,0.69003
58,59,0.457031,0.464844,1.07347,0,0,0,0.628054
59,59,0.464844,0.464844,1.0781,0,0,0,0.546067
60,59,0.472656,0.464844,1.08201,0,0,0,0.445883
61,59,0.480469,0.464844,1.08507,0,0,0,0.330318
62,59,0.488281,0.464844,1.08717,0,0,0,0.203069
63,59,0.496094,0.464844,1.08824,0,0,0,0.0685176
64,59,0.503906,0.464844,1.08824,0,0,0,-0.0685176
65,59,0.511719,0.464844,1.08717,0,0,0,-0.203069
66,59,0.519531,0.464844,1.08507,0,0,0,-0.330318
67,59,0.527344,0.464844,1.08201,0,0,0,-0.445883
68,59,0.535156,0.464844,1.0781,0,0,0,-0.546067
69,59,0.542969,0.464844,1.07347,0,0,0,-0.628054
70,59,0.550781,0.464844,1.06829,0,0,0,-0.69003
71,59,0.558594,0.464844,1.06269,0,0,0,-0.731235
72,59,0.566406,0.464844,1.05686,0,0,0,-0.751926
73,59,0.574219,0.464844,1.05094,0,0,0,-0.753288
74,59,0.582031,0.464844,1.04509,0,0,0,-0.737272
75,59,0.589844,0.464844,1.03942,0,0,0,-0.706411
76,59,0.597656,0.464844,1.03405,0,0,0,-0.663607
77,59,0.605469,0.464844,1.02906,0,0,0,-0.611921
78,59,0.613281,0.464844,1.02449,0,0,0,-0.554384
79,59,0.621094,0.464844,1.02039,0,0,0,-0.493828
80,59,0.628906,0.464844,1.01678,0,0,0,-0.432762
81,59,0.636719,0.464844,1.01363,0,0,0,-0.373288
82,59,0.644531,0.464844,1.01094,0,0,0,-0.317058
83,59,0.652344,0.464844,1.00868,0,0,0,-0.265267
84,59,0.660156,0.464844,1.0068,0,0,0,-0.218677
85,59,0.667969,0.464844,1.00526,0,0,0,-0.177668
86,59,0.675781,0.464844,1.00402,0,0,0,-0.142296
87,59,0.683594,0.464844,1.00304,0,0,0,-0.112367
88,59,0.691406,0.464844,1.00227,0,0,0,-0.0875017
89,59,0.699219,0.464844,1.00167,0,0,0,-0.0672033
90,59,0.707031,0.464844,1.00122,0,0,0,-0.0509115
91,59,0.714844,0.464844,1.00087,0,0,0,-0.0380489
92,59,0.722656,0.464844,1.00062,0,0,0,-0.0280552
93,59,0.730469,0.464844,1.00044,0,0,0,-0.0204112
94,59,0.738281,0.464844,1.0003,0,0,0,-0.0146536
95,59,0.746094,0.464844,1.00021,0,0,0,-0.0103818
96,59,0.753906,0.464844,1.00014,0,0,0,-0.0072591
97,59,0.761719,0.464844,1.00009,0,0,0,-0.00500957
98,59,0.769531,0.464844,1.00006,0,0,0,-0.00341233
99,59,0.777344,0.464844,1.00004,0,0,0,-0.00229433
100,59,0.785156,0.464844,1.00003,0,0,0,-0.00152277
101,59,0.792969,0.464844,1.00002,0,0,0,-0.000997716
102,59,0.800781,0.464844,1.00001,0,0,0,-0.000645342
103,59,0.808594,0.464844,1.00001,0,0,0,-0.000412096
104,59,0.816406,0.464844,1,0,0,0,-0.000259805
105,59,0.824219,0.464844,1,0,0,0,-0.000161716
106,59,0.832031,0.464844,1,0,0,0,-9.93854e-05
107,59,0.839844,0.464844,1,0,0,0,-6.03075e-05
108,59,0.847656,0.464844,1,0,0,0,-3.61335e-05
109,59,0.855469,0.464844,1,0,0,0,-2.13771e-05
110,59,0.863281,0.464844,1,0,0,0,-1.24881e-05
111,59,0.871094,0.464844,1,0,0,0,-7.20377e-06
112,59,0.878906,0.464844,1,0,0,0,-4.10347e-06
113,59,0.886719,0.464844,1,0,0,0,-2.30822e-06
114,59,0.894531,0.464844,1,0,0,0,-1.28216e-06
115,59,0.902344,0.464844,1,0,0,0,-7.03328e-07
116,59,0.910156,0.464844,1,0,0,0,-3.81002e-07
117,59,0.917969,0.464844,1,0,0,0,-2.03825e-07
118,59,0.925781,0.464844,1,0,0,0,-1.07685e-07
119,59,0.933594,0.464844,1,0,0,0,-5.61855e-08
120,59,0.941406,0.464844,1,0,0,0,-2.89515e-08
121,59,0.949219,0.464844,1,0,0,0,-1.47333e-08
122,59,0.957031,0.464844,1,0,0,0,-7.40482e-09
123,59,0.964844,0.464844,1,0,0,0,-3.67554e-09
124,59,0.972656,0.464844,1,0,0,0,-1.80187e-09
125,59,0.980469,0.464844,1,0,0,0,-8.72419e-10
126,59,0.988281,0.464844,1,0,0,0,-4.17174e-10
127,59,0.996094,0.464844,1,0,0,0,-1.34179e-10
0,60,0.00390625,0.472656,1,0,0,0,1.40901e-10
1,60,0.0117188,0.472656,1,0,0,0,4.3805e-10
2,60,0.0195312,0.472656,1,0,0,0,9.16074e-10
3,60,0.0273438,0.472656,1,0,0,0,1.89203e-09
4,60,0.0351562,0.472656,1,0,0,0,3.85945e-09
5,60,0.0429688,0.472656,1,0,0,0,7.77537e-09
6,60,0.0507812,0.472656,1,0,0,0,1.54705e-08
7,60,0.0585938,0.472656,1,0,0,0,3.04002e-08
8,60,0.0664062,0.472656,1,0,0,0,5.8997e-08
9,60,0.0742188,0.472656,1,0,0,0,1.13073e-07
10,60,0.0820312,0.472656,1,0,0,0,2.14025e-07
11,60,0.0898438,0.472656,1,0,0,0,4.00067e-07
12,60,0.0976562,0.472656,1,0,0,0,7.38522e-07
13,60,0.105469,0.472656,1,0,0,0,1.34632e-06
14,60,0.113281,0.472656,1,0,0,0,2.42372e-06
15,60,0.121094,0.472656,1,0,0,0,4.30881e-06
16,60,0.128906,0.472656,1,0,0,0,7.56425e-06
17,60,0.136719,0.472656,1,0,0,0,1.3113e-05
18,60,0.144531,0.472656,1,0,0,0,2.24468e-05
19,60,0.152344,0.472656,1,0,0,0,3.79416e-05
20,60,0.160156,0.472656,1,0,0,0,6.33253e-05
21,60,0.167969,0.472656,1,0,0,0,0.000104359
22,60,0.175781,0.472656,1,0,0,0,0.000169808
23,60,0.183594,0.472656,1,0,0,0,0.000272806
24,60,0.191406,0.472656,1.00001,0,0,0,0.000432717
25,60,0.199219,0.472656,1.00001,0,0,0,0.000677634
26,60,0.207031,0.472656,1.00002,0,0,0,0.00104764
27,60,0.214844,0.472656,1.00003,0,0,0,0.00159897
28,60,0.222656,0.472656,1.00004,0,0,0,0.00240914
29,60,0.230469,0.472656,1.00006,0,0,0,0.00358308
30,60,0.238281,0.472656,1.0001,0,0,0,0.00526025
31,60,0.246094,0.472656,1.00015,0,0,0,0.00762234
32,60,0.253906,0.472656,1.00022,0,0,0,0.0109013
33,60,0.261719,0.472656,1.00032,0,0,0,0.0153869
34,60,0.269531,0.472656,1.00046,0,0,0,0.0214326
35,60,0.277344,0.472656,1.00065,0,0,0,0.029459
36,60,0.285156,0.472656,1.00092,0,0,0,0.0399528
37,60,0.292969,0.472656,1.00128,0,0,0,0.0534591
38,60,0.300781,0.472656,1.00175,0,0,0,0.0705661
39,60,0.308594,0.472656,1.00238,0,0,0,0.0918803
40,60,0.316406,0.472656,1.00319,0,0,0,0.11799
41,60,0.324219,0.472656,1.00422,0,0,0,0.149416
42,60,0.332031,0.472656,1.00552,0,0,0,0.186558
43,60,0.339844,0.472656,1.00714,0,0,0,0.229619
44,60,0.347656,0.472656,1.00911,0,0,0,0.278541
45,60,0.355469,0.472656,1.01149,0,0,0,0.332924
46,60,0.363281,0.472656,1.01431,0,0,0,0.391968
47,60,0.371094,0.472656,1.01761,0,0,0,0.454417
48,60,0.378906,0.472656,1.02141,0,0,0,0.518539
49,60,0.386719,0.472656,1.02572,0,0,0,0.582126
50,60,0.394531,0.472656,1.03051,0,0,0,0.642542
51,60,0.402344,0.472656,1.03576,0,0,0,0.696813
52,60,0.410156,0.472656,1.0414,0,0,0,0.74176
53,60,0.417969,0.472656,1.04735,0,0,0,0.774165
54,60,0.425781,0.472656,1.05349,0,0,0,0.790982
55,60,0.433594,0.472656,1.05971,0,0,0,0.789553
56,60,0.441406,0.472656,1.06583,0,0,0,0.767826
57,60,0.449219,0.472656,1.0717,0,0,0,0.724559
58,60,0.457031,0.472656,1.07715,0,0,0,0.659481
59,60,0.464844,0.472656,1.08201,0,0,0,0.573392
60,60,0.472656,0.472656,1.08611,0,0,0,0.468195
61,60,0.480469,0.472656,1.08932,0,0,0,0.346847
62,60,0.488281,0.472656,1.09153,0,0,0,0.213231
63,60,0.496094,0.472656,1.09265,0,0,0,0.0719462
64,60,0.503906,0.472656,1.09265,0,0,0,-0.0719462
65,60,0.511719,0.472656,1.09153,0,0,0,-0.213231
66,60,0.519531,0.472656,1.08932,0,0,0,-0.346847
67,60,0.527344,0.472656,1.08611,0,0,0,-0.468195
68,60,0.535156,0.472656,1.08201,0,0,0,-0.573392
69,60,0.542969,0.472656,1.07715,0,0,0,-0.659481
70,60,0.550781,0.472656,1.0717,0,0,0,-0.724559
71,60,0.558594,0.472656,1.06583,0,0,0,-0.767826
72,60,0.566406,0.472656,1.05971,0,0,0,-0.789553
73,60,0.574219,0.472656,1.05349,0,0,0,-0.790982
74,60,0.582031,0.472656,1.04735,0,0,0,-0.774165
75,60,0.589844,0.472656,1.0414,0,0,0,-0.74176
76,60,0.597656,0.472656,1.03576,0,0,0,-0.696813
77,60,0.605469,0.472656,1.03051,0,0,0,-0.642542
78,60,0.613281,0.472656,1.02572,0,0,0,-0.582126
79,60,0.621094,0.472656,1.02141,0,0,0,-0.518539
80,60,0.628906,0.472656,1.01761,0,0,0,-0.454417
81,60,0.636719,0.472656,1.01431,0,0,0,-0.391968
82,60,0.644531,0.472656,1.01149,0,0,0,-0.332924
83,60,0.652344,0.472656,1.00911,0,0,0,-0.278541
84,60,0.660156,0.472656,1.00714,0,0,0,-0.229619
85,60,0.667969,0.472656,1.00552,0,0,0,-0.186558
86,60,0.675781,0.472656,1.00422,0,0,0,-0.149416
87,60,0.683594,0.472656,1.00319,0,0,0,-0.11799
88,60,0.691406,0.472656,1.00238,0,0,0,-0.0918803
89,60,0.699219,0.472656,1.00175,0,0,0,-0.0705661
90,60,0.707031,0.472656,1.00128,0,0,0,-0.0534591
91,60,0.714844,0.472656,1.00092,0,0,0,-0.0399528
92,60,0.722656,0.472656,1.00065,0,0,0,-0.029459
93,60,0.730469,0.472656,1.00046,0,0,0,-0.0214326
94,60,0.738281,0.472656,1.00032,0,0,0,-0.0153869
95,60,0.746094,0.472656,1.00022,0,0,0,-0.0109013
96,60,0.753906,0.472656,1.00015,0,0,0,-0.00762234
97,60,0.761719,0.472656,1.0001,0,0,0,-0.00526025
98,60,0.769531,0.472656,1.00006,0,0,0,-0.00358308
99,60,0.777344,0.472656,1.00004,0,0,0,-0.00240914
100,60,0.785156,0.472656,1.00003,0,0,0,-0.00159897
101,60,0.792969,0.472656,1.00002,0,0,0,-0.00104764
102,60,0.800781,0.472656,1.00001,0,0,0,-0.000677634
103,60,0.808594,0.472656,1.00001,0,0,0,-0.000432717
104,60,0.816406,0.472656,1,0,0,0,-0.000272806
105,60,0.824219,0.472656,1,0,0,0,-0.000169808
106,60,0.832031,0.472656,1,0,0,0,-0.000104359
107,60,0.839844,0.472656,1,0,0,0,-6.33253e-05
108,60,0.847656,0.472656,1,0,0,0,-3.79416e-05
109,60,0.855469,0.472656,1,0,0,0,-2.24468e-05
110,60,0.863281,0.472656,1,0,0,0,-1.3113e-05
111,60,0.871094,0.472656,1,0,0,0,-7.56425e-06
112,60,0.878906,0.472656,1,0,0,0,-4.30881e-06
113,60,0.886719,0.472656,1,0,0,0,-2.42372e-06
114,60,0.894531,0.472656,1,0,0,0,-1.34632e-06
115,60,0.902344,0.472656,1,0,0,0,-7.38522e-07
116,60,0.910156,0.472656,1,0,0,0,-4.00067e-07
117,60,0.917969,0.472656,1,0,0,0,-2.14025e-07
118,60,0.925781,0.472656,1,0,0,0,-1.13073e-07
119,60,0.933594,0.472656,1,0,0,0,-5.8997e-08
120,60,0.941406,0.472656,1,0,0,0,-3.04002e-08
121,60,0.949219,0.472656,1,0,0,0,-1.54705e-08
122,60,0.957031,0.472656,1,0,0,0,-7.77537e-09
123,60,0.964844,0.472656,1,0,0,0,-3.85945e-09
124,60,0.972656,0.472656,1,0,0,0,-1.89203e-09
125,60,0.980469,0.472656,1,0,0,0,-9.16074e-10
126,60,0.988281,0.472656,1,0,0,0,-4.3805e-10
127,60,0.996094,0.472656,1,0,0,0,-1.40901e-10
0,61,0.00390625,0.480469,1,0,0,0,1.46159e-10
1,61,0.0117188,0.480469,1,0,0,0,4.54406e-10
2,61,0.0195312,0.480469,1,0,0,0,9.50251e-10
3,61,0.0273438,0.480469,1,0,0,0,1.9626e-09
4,61,0.0351562,0.480469,1,0,0,0,4.00341e-09
5,61,0.0429688,0.480469,1,0,0,0,8.06537e-09
6,61,0.0507812,0.480469,1,0,0,0,1.60476e-08
7,61,0.0585938,0.480469,1,0,0,0,3.15341e-08
8,61,0.0664062,0.480469,1,0,0,0,6.11976e-08
9,61,0.0742188,0.480469,1,0,0,0,1.17291e-07
10,61,0.0820312,0.480469,1,0,0,0,2.22008e-07
11,61,0.0898438,0.480469,1,0,0,0,4.1499e-07
12,61,0.0976562,0.480469,1,0,0,0,7.66069e-07
13,61,0.105469,0.480469,1,0,0,0,1.39654e-06
14,61,0.113281,0.480469,1,0,0,0,2.51412e-06
15,61,0.121094,0.480469,1,0,0,0,4.46953e-06
16,61,0.128906,0.480469,1,0,0,0,7.8464e-06
17,61,0.136719,0.480469,1,0,0,0,1.36021e-05
18,61,0.144531,0.480469,1,0,0,0,2.3284e-05
19,61,0.152344,0.480469,1,0,0,0,3.93568e-05
20,61,0.160156,0.480469,1,0,0,0,6.56873e-05
21,61,0.167969,0.480469,1,0,0,0,0.000108251
22,61,0.175781,0.480469,1,0,0,0,0.000176142
23,61,0.183594,0.480469,1,0,0,0,0.000282982
24,61,0.191406,0.480469,1.00001,0,0,0,0.000448858
25,61,0.199219,0.480469,1.00001,0,0,0,0.00070291
26,61,0.207031,0.480469,1.00002,0,0,0,0.00108672
27,61,0.214844,0.480469,1.00003,0,0,0,0.00165861
28,61,0.222656,0.480469,1.00004,0,0,0,0.002499
29,61,0.230469,0.480469,1.00007,0,0,0,0.00371673
30,61,0.238281,0.480469,1.0001,0,0,0,0.00545646
31,61,0.246094,0.480469,1.00015,0,0,0,0.00790665
32,61,0.253906,0.480469,1.00023,0,0,0,0.0113079
33,61,0.261719,0.480469,1.00033,0,0,0,0.0159608
34,61,0.269531,0.480469,1.00047,0,0,0,0.022232
35,61,0.277344,0.480469,1.00068,0,0,0,0.0305579
36,61,0.285156,0.480469,1.00095,0,0,0,0.0414431
37,61,0.292969,0.480469,1.00132,0,0,0,0.0554531
38,61,0.300781,0.480469,1.00182,0,0,0,0.0731982
39,61,0.308594,0.480469,1.00247,0,0,0,0.0953074
40,61,0.316406,0.480469,1.00331,0,0,0,0.122391
41,61,0.324219,0.480469,1.00438,0,0,0,0.15499
42,61,0.332031,0.480469,1.00573,0,0,0,0.193517
43,61,0.339844,0.480469,1.0074,0,0,0,0.238184
44,61,0.347656,0.480469,1.00945,0,0,0,0.28893
45,61,0.355469,0.480469,1.01192,0,0,0,0.345342
46,61,0.363281,0.480469,1.01485,0,0,0,0.406588
47,61,0.371094,0.480469,1.01827,0,0,0,0.471367
48,61,0.378906,0.480469,1.02221,0,0,0,0.537881
49,61,0.386719,0.480469,1.02668,0,0,0,0.603839
50,61,0.394531,0.480469,1.03165,0,0,0,0.666509
51,61,0.402344,0.480469,1.03709,0,0,0,0.722804
52,61,0.410156,0.480469,1.04294,0,0,0,0.769427
53,61,0.417969,0.480469,1.04911,0,0,0,0.803041
54,61,0.425781,0.480469,1.05549,0,0,0,0.820486
55,61,0.433594,0.480469,1.06193,0,0,0,0.819003
56,61,0.441406,0.480469,1.06829,0,0,0,0.796465
57,61,0.449219,0.480469,1.07438,0,0,0,0.751585
58,61,0.457031,0.480469,1.08003,0,0,0,0.68408
59,61,0.464844,0.480469,1.08507,0,0,0,0.59478
60,61,0.472656,0.480469,1.08932,0,0,0,0.485659
61,61,0.480469,0.480469,1.09265,0,0,0,0.359785
62,61,0.488281,0.480469,1.09494,0,0,0,0.221184
63,61,0.496094,0.480469,1.09611,0,0,0,0.0746298
64,61,0.503906,0.480469,1.09611,0,0,0,-0.0746298
65,61,0.511719,0.480469,1.09494,0,0,0,-0.221184
66,61,0.519531,0.480469,1.09265,0,0,0,-0.359785
67,61,0.527344,0.480469,1.08932,0,0,0,-0.485659
68,61,0.535156,0.480469,1.08507,0,0,0,-0.59478
69,61,0.542969,0.480469,1.08003,0,0,0,-0.68408
70,61,0.550781,0.480469,1.07438,0,0,0,-0.751585
71,61,0.558594,0.480469,1.06829,0,0,0,-0.796465
72,61,0.566406,0.480469,1.06193,0,0,0,-0.819003
73,61,0.574219,0.480469,1.05549,0,0,0,-0.820486
74,61,0.582031,0.480469,1.04911,0,0,0,-0.803041
75,61,0.589844,0.480469,1.04294,0,0,0,-0.769427
76,61,0.597656,0.480469,1.03709,0,0,0,-0.722804
77,61,0.605469,0.480469,1.03165,0,0,0,-0.666509
78,61,0.613281,0.480469,1.02668,0,0,0,-0.603839
79,61,0.621094,0.480469,1.02221,0,0,0,-0.537881
80,61,0.628906,0.480469,1.01827,0,0,0,-0.471367
81,61,0.636719,0.480469,1.01485,0,0,0,-0.406588
82,61,0.644531,0.480469,1.01192,0,0,0,-0.345342
83,61,0.652344,0.480469,1.00945,0,0,0,-0.28893
84,61,0.660156,0.480469,1.0074,0,0,0,-0.238184
85,61,0.667969,0.480469,1.00573,0,0,0,-0.193517
86,61,0.675781,0.480469,1.00438,0,0,0,-0.15499
87,61,0.683594,0.480469,1.00331,0,0,0,-0.122391
88,61,0.691406,0.480469,1.00247,0,0,0,-0.0953074
89,61,0.699219,0.480469,1.00182,0,0,0,-0.0731982
90,61,0.707031,0.480469,1.00132,0,0,0,-0.0554531
91,61,0.714844,0.480469,1.00095,0,0,0,-0.0414431
92,61,0.722656,0.480469,1.00068,0,0,0,-0.0305579
93,61,0.730469,0.480469,1.00047,0,0,0,-0.022232
94,61,0.738281,0.480469,1.00033,0,0,0,-0.0159608
95,61,0.746094,0.480469,1.00023,0,0,0,-0.0113079
96,61,0.753906,0.480469,1.00015,0,0,0,-0.00790665
97,61,0.761719,0.480469,1.0001,0,0,0,-0.00545646
98,61,0.769531,0.480469,1.00007,0,0,0,-0.00371673
99,61,0.777344,0.480469,1.00004,0,0,0,-0.002499
100,61,0.785156,0.480469,1.00003,0,0,0,-0.00165861
101,61,0.792969,0.480469,1.00002,0,0,0,-0.00108672
102,61,0.800781,0.480469,1.00001,0,0,0,-0.00070291
103,61,0.808594,0.480469,1.00001,0,0,0,-0.000448858
104,61,0.816406,0.480469,1,0,0,0,-0.000282982
105,61,0.824219,0.480469,1,0,0,0,-0.000176142
106,61,0.832031,0.480469,1,0,0,0,-0.000108251
107,61,0.839844,0.480469,1,0,0,0,-6.56873e-05
108,61,0.847656,0.480469,1,0,0,0,-3.93568e-05
109,61,0.855469,0.480469,1,0,0,0,-2.3284e-05
110,61,0.863281,0.480469,1,0,0,0,-1.36021e-05
111,61,0.871094,0.480469,1,0,0,0,-7.8464e-06
112,61,0.878906,0.480469,1,0,0,0,-4.46953e-06
113,61,0.886719,0.480469,1,0,0,0,-2.51412e-06
114,61,0.894531,0.480469,1,0,0,0,-1.39654e-06
115,61,0.902344,0.480469,1,0,0,0,-7.66069e-07
116,61,0.910156,0.480469,1,0,0,0,-4.1499e-07
117,61,0.917969,0.480469,1,0,0,0,-2.22008e-07
118,61,0.925781,0.480469,1,0,0,0,-1.17291e-07
119,61,0.933594,0.480469,1,0,0,0,-6.11976e-08
120,61,0.941406,0.480469,1,0,0,0,-3.15341e-08
121,61,0.949219,0.480469,1,0,0,0,-1.60476e-08
122,61,0.957031,0.480469,1,0,0,0,-8.06537e-09
123,61,0.964844,0.480469,1,0,0,0,-4.00341e-09
124,61,0.972656,0.480469,1,0,0,0,-1.9626e-09
125,61,0.980469,0.480469,1,0,0,0,-9.50251e-10
126,61,0.988281,0.480469,1,0,0,0,-4.54406e-10
127,61,0.996094,0.480469,1,0,0,0,-1.46159e-10
0,62,0.00390625,0.488281,1,0,0,0,1.49768e-10
1,62,0.0117188,0.488281,1,0,0,0,4.65633e-10
2,62,0.0195312,0.488281,1,0,0,0,9.73728e-10
3,62,0.0273438,0.488281,1,0,0,0,2.01111e-09
4,62,0.0351562,0.488281,1,0,0,0,4.10236e-09
5,62,0.0429688,0.488281,1,0,0,0,8.26471e-09
6,62,0.0507812,0.488281,1,0,0,0,1.64442e-08
7,62,0.0585938,0.488281,1,0,0,0,3.23135e-08
8,62,0.0664062,0.488281,1,0,0,0,6.271e-08
9,62,0.0742188,0.488281,1,0,0,0,1.2019e-07
10,62,0.0820312,0.488281,1,0,0,0,2.27495e-07
11,62,0.0898438,0.488281,1,0,0,0,4.25246e-07
12,62,0.0976562,0.488281,1,0,0,0,7.85002e-07
13,62,0.105469,0.488281,1,0,0,0,1.43105e-06
14,62,0.113281,0.488281,1,0,0,0,2.57626e-06
15,62,0.121094,0.488281,1,0,0,0,4.57999e-06
16,62,0.128906,0.488281,1,0,0,0,8.04032e-06
17,62,0.136719,0.488281,1,0,0,0,1.39382e-05
18,62,0.144531,0.488281,1,0,0,0,2.38595e-05
19,62,0.152344,0.488281,1,0,0,0,4.03295e-05
20,62,0.160156,0.488281,1,0,0,0,6.73108e-05
21,62,0.167969,0.488281,1,0,0,0,0.000110927
22,62,0.175781,0.488281,1,0,0,0,0.000180495
23,62,0.183594,0.488281,1,0,0,0,0.000289975
24,62,0.191406,0.488281,1.00001,0,0,0,0.000459951
25,62,0.199219,0.488281,1.00001,0,0,0,0.000720282
26,62,0.207031,0.488281,1.00002,0,0,0,0.00111358
27,62,0.214844,0.488281,1.00003,0,0,0,0.0016996
28,62,0.222656,0.488281,1.00005,0,0,0,0.00256076
29,62,0.230469,0.488281,1.00007,0,0,0,0.00380859
30,62,0.238281,0.488281,1.0001,0,0,0,0.00559131
31,62,0.246094,0.488281,1.00016,0,0,0,0.00810206
32,62,0.253906,0.488281,1.00023,0,0,0,0.0115874
33,62,0.261719,0.488281,1.00034,0,0,0,0.0163553
34,62,0.269531,0.488281,1.00049,0,0,0,0.0227815
35,62,0.277344,0.488281,1.00069,0,0,0,0.0313131
36,62,0.285156,0.488281,1.00098,0,0,0,0.0424673
37,62,0.292969,0.488281,1.00136,0,0,0,0.0568236
38,62,0.300781,0.488281,1.00186,0,0,0,0.0750073
39,62,0.308594,0.488281,1.00253,0,0,0,0.0976629
40,62,0.316406,0.488281,1.00339,0,0,0,0.125416
41,62,0.324219,0.488281,1.00449,0,0,0,0.15882
42,62,0.332031,0.488281,1.00587,0,0,0,0.198299
43,62,0.339844,0.488281,1.00759,0,0,0,0.244071
44,62,0.347656,0.488281,1.00968,0,0,0,0.296071
45,62,0.355469,0.488281,1.01221,0,0,0,0.353877
46,62,0.363281,0.488281,1.01521,0,0,0,0.416637
47,62,0.371094,0.488281,1.01872,0,0,0,0.483017
48,62,0.378906,0.488281,1.02276,0,0,0,0.551174
49,62,0.386719,0.488281,1.02734,0,0,0,0.618763
50,62,0.394531,0.488281,1.03243,0,0,0,0.682981
51,62,0.402344,0.488281,1.03801,0,0,0,0.740668
52,62,0.410156,0.488281,1.044,0,0,0,0.788443
53,62,0.417969,0.488281,1.05033,0,0,0,0.822888
54,62,0.425781,0.488281,1.05686,0,0,0,0.840764
55,62,0.433594,0.488281,1.06346,0,0,0,0.839244
56,62,0.441406,0.488281,1.06997,0,0,0,0.81615
57,62,0.449219,0.488281,1.07622,0,0,0,0.77016
58,62,0.457031,0.488281,1.08201,0,0,0,0.700987
59,62,0.464844,0.488281,1.08717,0,0,0,0.609479
60,62,0.472656,0.488281,1.09153,0,0,0,0.497661
61,62,0.480469,0.488281,1.09494,0,0,0,0.368677
62,62,0.488281,0.488281,1.09729,0,0,0,0.22665
63,62,0.496094,0.488281,1.09849,0,0,0,0.0764742
64,62,0.503906,0.488281,1.09849,0,0,0,-0.0764742
65,62,0.511719,0.488281,1.09729,0,0,0,-0.22665
66,62,0.519531,0.488281,1.09494,0,0,0,-0.368677
67,62,0.527344,0.488281,1.09153,0,0,0,-0.497661
68,62,0.535156,0.488281,1.08717,0,0,0,-0.609479
69,62,0.542969,0.488281,1.08201,0,0,0,-0.700987
70,62,0.550781,0.488281,1.07622,0,0,0,-0.77016
71,62,0.558594,0.488281,1.06997,0,0,0,-0.81615
72,62,0.566406,0.488281,1.06346,0,0,0,-0.839244
73,62,0.574219,0.488281,1.05686,0,0,0,-0.840764
74,62,0.582031,0.488281,1.05033,0,0,0,-0.822888
75,62,0.589844,0.488281,1.044,0,0,0,-0.788443
76,62,0.597656,0.488281,1.03801,0,0,0,-0.740668
77,62,0.605469,0.488281,1.03243,0,0,0,-0.682981
78,62,0.613281,0.488281,1.02734,0,0,0,-0.618763
79,62,0.621094,0.488281,1.02276,0,0,0,-0.551174
80,62,0.628906,0.488281,1.01872,0,0,0,-0.483017
81,62,0.636719,0.488281,1.01521,0,0,0,-0.416637
82,62,0.644531,0.488281,1.01221,0,0,0,-0.353877
83,62,0.652344,0.488281,1.00968,0,0,0,-0.296071
84,62,0.660156,0.488281,1.00759,0,0,0,-0.244071
85,62,0.667969,0.488281,1.00587,0,0,0,-0.198299
86,62,0.675781,0.488281,1.00449,0,0,0,-0.15882
87,62,0.683594,0.488281,1.00339,0,0,0,-0.125416
88,62,0.691406,0.488281,1.00253,0,0,0,-0.0976629
89,62,0.699219,0.488281,1.00186,0,0,0,-0.0750073
90,62,0.707031,0.488281,1.00136,0,0,0,-0.0568236
91,62,0.714844,0.488281,1.00098,0,0,0,-0.0424673
92,62,0.722656,0.488281,1.00069,0,0,0,-0.0313131
93,62,0.730469,0.488281,1.00049,0,0,0,-0.0227815
94,62,0.738281,0.488281,1.00034,0,0,0,-0.0163553
95,62,0.746094,0.488281,1.00023,0,0,0,-0.0115874
96,62,0.753906,0.488281,1.00016,0,0,0,-0.00810206
97,62,0.761719,0.488281,1.0001,0,0,0,-0.00559131
98,62,0.769531,0.488281,1.00007,0,0,0,-0.00380859
99,62,0.777344,0.488281,1.00005,0,0,0,-0.00256076
100,62,0.785156,0.488281,1.00003,0,0,0,-0.0016996
101,62,0.792969,0.488281,1.00002,0,0,0,-0.00111358
102,62,0.800781,0.488281,1.00001,0,0,0,-0.000720282
103,62,0.808594,0.488281,1.00001,0,0,0,-0.000459951
104,62,0.816406,0.488281,1,0,0,0,-0.000289975
105,62,0.824219,0.488281,1,0,0,0,-0.000180495
106,62,0.832031,0.488281,1,0,0,0,-0.000110927
107,62,0.839844,0.488281,1,0,0,0,-6.73108e-05
108,62,0.847656,0.488281,1,0,0,0,-4.03295e-05
109,62,0.855469,0.488281,1,0,0,0,-2.38595e-05
110,62,0.863281,0.488281,1,0,0,0,-1.39382e-05
111,62,0.871094,0.488281,1,0,0,0,-8.04032e-06
112,62,0.878906,0.488281,1,0,0,0,-4.57999e-06
113,62,0.886719,0.488281,1,0,0,0,-2.57626e-06
114,62,0.894531,0.488281,1,0,0,0,-1.43105e-06
115,62,0.902344,0.488281,1,0,0,0,-7.85002e-07
116,62,0.910156,0.488281,1,0,0,0,-4.25246e-07
117,62,0.917969,0.488281,1,0,0,0,-2.27495e-07
118,62,0.925781,0.488281,1,0,0,0,-1.2019e-07
119,62,0.933594,0.488281,1,0,0,0,-6.271e-08
120,62,0.941406,0.488281,1,0,0,0,-3.23135e-08
121,62,0.949219,0.488281,1,0,0,0,-1.64442e-08
122,62,0.957031,0.488281,1,0,0,0,-8.26471e-09
123,62,0.964844,0.488281,1,0,0,0,-4.10236e-09
124,62,0.972656,0.488281,1,0,0,0,-2.01111e-09
125,62,0.980469,0.488281,1,0,0,0,-9.73728e-10
126,62,0.988281,0.488281,1,0,0,0,-4.65633e-10
127,62,0.996094,0.488281,1,0,0,0,-1.49768e-10
0,63,0.00390625,0.496094,1,0,0,0,1.51616e-10
1,63,0.0117188,0.496094,1,0,0,0,4.7136e-10
2,63,0.0195312,0.496094,1,0,0,0,9.85693e-10
3,63,0.0273438,0.496094,1,0,0,0,2.0358e-09
4,63,0.0351562,0.496094,1,0,0,0,4.15274e-09
5,63,0.0429688,0.496094,1,0,0,0,8.36621e-09
6,63,0.0507812,0.496094,1,0,0,0,1.66462e-08
7,63,0.0585938,0.496094,1,0,0,0,3.27103e-08
8,63,0.0664062,0.496094,1,0,0,0,6.34802e-08
9,63,0.0742188,0.496094,1,0,0,0,1.21666e-07
10,63,0.0820312,0.496094,1,0,0,0,2.30289e-07
11,63,0.0898438,0.496094,1,0,0,0,4.30469e-07
12,63,0.0976562,0.496094,1,0,0,0,7.94644e-07
13,63,0.105469,0.496094,1,0,0,0,1.44863e-06
14,63,0.113281,0.496094,1,0,0,0,2.6079e-06
15,63,0.121094,0.496094,1,0,0,0,4.63624e-06
16,63,0.128906,0.496094,1,0,0,0,8.13907e-06
17,63,0.136719,0.496094,1,0,0,0,1.41094e-05
18,63,0.144531,0.496094,1,0,0,0,2.41525e-05
19,63,0.152344,0.496094,1,0,0,0,4.08248e-05
20,63,0.160156,0.496094,1,0,0,0,6.81375e-05
21,63,0.167969,0.496094,1,0,0,0,0.000112289
22,63,0.175781,0.496094,1,0,0,0,0.000182712
23,63,0.183594,0.496094,1,0,0,0,0.000293537
24,63,0.191406,0.496094,1.00001,0,0,0,0.0004656
25,63,0.199219,0.496094,1.00001,0,0,0,0.000729129
26,63,0.207031,0.496094,1.00002,0,0,0,0.00112725
27,63,0.214844,0.496094,1.00003,0,0,0,0.00172048
28,63,0.222656,0.496094,1.00005,0,0,0,0.00259221
29,63,0.230469,0.496094,1.00007,0,0,0,0.00385536
30,63,0.238281,0.496094,1.00011,0,0,0,0.00565998
31,63,0.246094,0.496094,1.00016,0,0,0,0.00820157
32,63,0.253906,0.496094,1.00023,0,0,0,0.0117297
33,63,0.261719,0.496094,1.00034,0,0,0,0.0165561
34,63,0.269531,0.496094,1.00049,0,0,0,0.0230613
35,63,0.277344,0.496094,1.0007,0,0,0,0.0316977
36,63,0.285156,0.496094,1.00099,0,0,0,0.0429889
37,63,0.292969,0.496094,1.00137,0,0,0,0.0575215
38,63,0.300781,0.496094,1.00189,0,0,0,0.0759285
39,63,0.308594,0.496094,1.00256,0,0,0,0.0988624
40,63,0.316406,0.496094,1.00343,0,0,0,0.126956
41,63,0.324219,0.496094,1.00454,0,0,0,0.160771
42,63,0.332031,0.496094,1.00594,0,0,0,0.200735
43,63,0.339844,0.496094,1.00768,0,0,0,0.247069
44,63,0.347656,0.496094,1.0098,0,0,0,0.299707
45,63,0.355469,0.496094,1.01236,0,0,0,0.358223
46,63,0.363281,0.496094,1.0154,0,0,0,0.421754
47,63,0.371094,0.496094,1.01895,0,0,0,0.488949
48,63,0.378906,0.496094,1.02304,0,0,0,0.557944
49,63,0.386719,0.496094,1.02767,0,0,0,0.626362
50,63,0.394531,0.496094,1.03283,0,0,0,0.691369
51,63,0.402344,0.496094,1.03847,0,0,0,0.749765
52,63,0.410156,0.496094,1.04454,0,0,0,0.798127
53,63,0.417969,0.496094,1.05094,0,0,0,0.832995
54,63,0.425781,0.496094,1.05756,0,0,0,0.85109
55,63,0.433594,0.496094,1.06424,0,0,0,0.849552
56,63,0.441406,0.496094,1.07083,0,0,0,0.826173
57,63,0.449219,0.496094,1.07715,0,0,0,0.779619
58,63,0.457031,0.496094,1.08301,0,0,0,0.709596
59,63,0.464844,0.496094,1.08824,0,0,0,0.616965
60,63,0.472656,0.496094,1.09265,0,0,0,0.503774
61,63,0.480469,0.496094,1.09611,0,0,0,0.373205
62,63,0.488281,0.496094,1.09849,0,0,0,0.229434
63,63,0.496094,0.496094,1.0997,0,0,0,0.0774135
64,63,0.503906,0.496094,1.0997,0,0,0,-0.0774135
65,63,0.511719,0.496094,1.09849,0,0,0,-0.229434
66,63,0.519531,0.496094,1.09611,0,0,0,-0.373205
67,63,0.527344,0.496094,1.09265,0,0,0,-0.503774
68,63,0.535156,0.496094,1.08824,0,0,0,-0.616965
69,63,0.542969,0.496094,1.08301,0,0,0,-0.709596
70,63,0.550781,0.496094,1.07715,0,0,0,-0.779619
71,63,0.558594,0.496094,1.07083,0,0,0,-0.826173
72,63,0.566406,0.496094,1.06424,0,0,0,-0.849552
73,63,0.574219,0.496094,1.05756,0,0,0,-0.85109
74,63,0.582031,0.496094,1.05094,0,0,0,-0.832995
75,63,0.589844,0.496094,1.04454,0,0,0,-0.798127
76,63,0.597656,0.496094,1.03847,0,0,0,-0.749765
77,63,0.605469,0.496094,1.03283,0,0,0,-0.691369
78,63,0.613281,0.496094,1.02767,0,0,0,-0.626362
79,63,0.621094,0.496094,1.02304,0,0,0,-0.557944
80,63,0.628906,0.496094,1.01895,0,0,0,-0.488949
81,63,0.636719,0.496094,1.0154,0,0,0,-0.421754
82,63,0.644531,0.496094,1.01236,0,0,0,-0.358223
83,63,0.652344,0.496094,1.0098,0,0,0,-0.299707
84,63,0.660156,0.496094,1.00768,0,0,0,-0.247069
85,63,0.667969,0.496094,1.00594,0,0,0,-0.200735
86,63,0.675781,0.496094,1.00454,0,0,0,-0.160771
87,63,0.683594,0.496094,1.00343,0,0,0,-0.126956
88,63,0.691406,0.496094,1.00256,0,0,0,-0.0988624
89,63,0.699219,0.496094,1.00189,0,0,0,-0.0759285
90,63,0.707031,0.496094,1.00137,0,0,0,-0.0575215
91,63,0.714844,0.496094,1.00099,0,0,0,-0.0429889
92,63,0.722656,0.496094,1.0007,0,0,0,-0.0316977
93,63,0.730469,0.496094,1.00049,0,0,0,-0.0230613
94,63,0.738281,0.496094,1.00034,0,0,0,-0.0165561
95,63,0.746094,0.496094,1.00023,0,0,0,-0.0117297
96,63,0.753906,0.496094,1.00016,0,0,0,-0.00820157
97,63,0.761719,0.496094,1.00011,0,0,0,-0.00565998
98,63,0.769531,0.496094,1.00007,0,0,0,-0.00385536
99,63,0.777344,0.496094,1.00005,0,0,0,-0.00259221
100,63,0.785156,0.496094,1.00003,0,0,0,-0.00172048
101,63,0.792969,0.496094,1.00002,0,0,0,-0.00112725
102,63,0.800781,0.496094,1.00001,0,0,0,-0.000729129
103,63,0.808594,0.496094,1.00001,0,0,0,-0.0004656
104,63,0.816406,0.496094,1,0,0,0,-0.000293537
105,63,0.824219,0.496094,1,0,0,0,-0.000182712
106,63,0.832031,0.496094,1,0,0,0,-0.000112289
107,63,0.839844,0.496094,1,0,0,0,-6.81375e-05
108,63,0.847656,0.496094,1,0,0,0,-4.08248e-05
109,63,0.855469,0.496094,1,0,0,0,-2.41525e-05
110,63,0.863281,0.496094,1,0,0,0,-1.41094e-05
111,63,0.871094,0.496094,1,0,0,0,-8.13907e-06
112,63,0.878906,0.496094,1,0,0,0,-4.63624e-06
113,63,0.886719,0.496094,1,0,0,0,-2.6079e-06
114,63,0.894531,0.496094,1,0,0,0,-1.44863e-06
115,63,0.902344,0.496094,1,0,0,0,-7.94644e-07
116,63,0.910156,0.496094,1,0,0,0,-4.30469e-07
117,63,0.917969,0.496094,1,0,0,0,-2.30289e-07
118,63,0.925781,0.496094,1,0,0,0,-1.21666e-07
119,63,0.933594,0.496094,1,0,0,0,-6.34802e-08
120,63,0.941406,0.496094,1,0,0,0,-3.27103e-08
121,63,0.949219,0.496094,1,0,0,0,-1.66462e-08
122,63,0.957031,0.496094,1,0,0,0,-8.36621e-09
123,63,0.964844,0.496094,1,0,0,0,-4.15274e-09
124,63,0.972656,0.496094,1,0,0,0,-2.0358e-09
125,63,0.980469,0.496094,1,0,0,0,-9.85693e-10
126,63,0.988281,0.496094,1,0,0,0,-4.7136e-10
127,63,0.996094,0.496094,1,0,0,0,-1.51616e-10
0,64,0.00390625,0.503906,1,0,0,0,1.51616e-10
1,64,0.0117188,0.503906,1,0,0,0,4.7136e-10
2,64,0.0195312,0.503906,1,0,0,0,9.85693e-10
3,64,0.0273438,0.503906,1,0,0,0,2.0358e-09
4,64,0.0351562,0.503906,1,0,0,0,4.15274e-09
5,64,0.0429688,0.503906,1,0,0,0,8.36621e-09
6,64,0.0507812,0.503906,1,0,0,0,1.66462e-08
7,64,0.0585938,0.503906,1,0,0,0,3.27103e-08
8,64,0.0664062,0.503906,1,0,0,0,6.34802e-08
9,64,0.0742188,0.503906,1,0,0,0,1.21666e-07
10,64,0.0820312,0.503906,1,0,0,0,2.30289e-07
11,64,0.0898438,0.503906,1,0,0,0,4.30469e-07
12,64,0.0976562,0.503906,1,0,0,0,7.94644e-07
13,64,0.105469,0.503906,1,0,0,0,1.44863e-06
14,64,0.113281,0.503906,1,0,0,0,2.6079e-06
15,64,0.121094,0.503906,1,0,0,0,4.63624e-06
16,64,0.128906,0.503906,1,0,0,0,8.13907e-06
17,64,0.136719,0.503906,1,0,0,0,1.41094e-05
18,64,0.144531,0.503906,1,0,0,0,2.41525e-05
19,64,0.152344,0.503906,1,0,0,0,4.08248e-05
20,64,0.160156,0.503906,1,0,0,0,6.81375e-05
21,64,0.167969,0.503906,1,0,0,0,0.000112289
22,64,0.175781,0.503906,1,0,0,0,0.000182712
23,64,0.183594,0.503906,1,0,0,0,0.000293537
24,64,0.191406,0.503906,1.00001,0,0,0,0.0004656
25,64,0.199219,0.503906,1.00001,0,0,0,0.000729129
26,64,0.207031,0.503906,1.00002,0,0,0,0.00112725
27,64,0.214844,0.503906,1.00003,0,0,0,0.00172048
28,64,0.222656,0.503906,1.00005,0,0,0,0.00259221
29,64,0.230469,0.503906,1.00007,0,0,0,0.00385536
30,64,0.238281,0.503906,1.00011,0,0,0,0.00565998
31,64,0.246094,0.503906,1.00016,0,0,0,0.00820157
32,64,0.253906,0.503906,1.00023,0,0,0,0.0117297
33,64,0.261719,0.503906,1.00034,0,0,0,0.0165561
34,64,0.269531,0.503906,1.00049,0,0,0,0.0230613
35,64,0.277344,0.503906,1.0007,0,0,0,0.0316977
36,64,0.285156,0.503906,1.00099,0,0,0,0.0429889
37,64,0.292969,0.503906,1.00137,0,0,0,0.0575215
38,64,0.300781,0.503906,1.00189,0,0,0,0.0759285
39,64,0.308594,0.503906,1.00256,0,0,0,0.0988624
40,64,0.316406,0.503906,1.00343,0,0,0,0.126956
41,64,0.324219,0.503906,1.00454,0,0,0,0.160771
42,64,0.332031,0.503906,1.00594,0,0,0,0.200735
43,64,0.339844,0.503906,1.00768,0,0,0,0.247069
44,64,0.347656,0.503906,1.0098,0,0,0,0.299707
45,64,0.355469,0.503906,1.01236,0,0,0,0.358223
46,64,0.363281,0.503906,1.0154,0,0,0,0.421754
47,64,0.371094,0.503906,1.01895,0,0,0,0.488949
48,64,0.378906,0.503906,1.02304,0,0,0,0.557944
49,64,0.386719,0.503906,1.02767,0,0,0,0.626362
50,64,0.394531,0.503906,1.03283,0,0,0,0.691369
51,64,0.402344,0.503906,1.03847,0,0,0,0.749765
52,64,0.410156,0.503906,1.04454,0,0,0,0.798127
53,64,0.417969,0.503906,1.05094,0,0,0,0.832995
54,64,0.425781,0.503906,1.05756,0,0,0,0.85109
55,64,0.433594,0.503906,1.06424,0,0,0,0.849552
56,64,0.441406,0.503906,1.07083,0,0,0,0.826173
57,64,0.449219,0.503906,1.07715,0,0,0,0.779619
58,64,0.457031,0.503906,1.08301,0,0,0,0.709596
59,64,0.464844,0.503906,1.08824,0,0,0,0.616965
60,64,0.472656,0.503906,1.09265,0,0,0,0.503774
61,64,0.480469,0.503906,1.09611,0,0,0,0.373205
62,64,0.488281,0.503906,1.09849,0,0,0,0.229434
63,64,0.496094,0.503906,1.0997,0,0,0,0.0774135
64,64,0.503906,0.503906,1.0997,0,0,0,-0.0774135
65,64,0.511719,0.503906,1.09849,0,0,0,-0.229434
66,64,0.519531,0.503906,1.09611,0,0,0,-0.373205
67,64,0.527344,0.503906,1.09265,0,0,0,-0.503774
68,64,0.535156,0.503906,1.08824,0,0,0,-0.616965
69,64,0.542969,0.503906,1.08301,0,0,0,-0.709596
70,64,0.550781,0.503906,1.07715,0,0,0,-0.779619
71,64,0.558594,0.503906,1.07083,0,0,0,-0.826173
72,64,0.566406,0.503906,1.06424,0,0,0,-0.849552
73,64,0.574219,0.503906,1.05756,0,0,0,-0.85109
74,64,0.582031,0.503906,1.05094,0,0,0,-0.832995
75,64,0.589844,0.503906,1.04454,0,0,0,-0.798127
76,64,0.597656,0.503906,1.03847,0,0,0,-0.749765
77,64,0.605469,0.503906,1.03283,0,0,0,-0.691369
78,64,0.613281,0.503906,1.02767,0,0,0,-0.626362
79,64,0.621094,0.503906,1.02304,0,0,0,-0.557944
80,64,0.628906,0.503906,1.01895,0,0,0,-0.488949
81,64,0.636719,0.503906,1.0154,0,0,0,-0.421754
82,64,0.644531,0.503906,1.01236,0,0,0,-0.358223
83,64,0.652344,0.503906,1.0098,0,0,0,-0.299707
84,64,0.660156,0.503906,1.00768,0,0,0,-0.247069
85,64,0.667969,0.503906,1.00594,0,0,0,-0.200735
86,64,0.675781,0.503906,1.00454,0,0,0,-0.160771
87,64,0.683594,0.503906,1.00343,0,0,0,-0.126956
88,64,0.691406,0.503906,1.00256,0,0,0,-0.0988624
89,64,0.699219,0.503906,1.00189,0,0,0,-0.0759285
90,64,0.707031,0.503906,1.00137,0,0,0,-0.0575215
91,64,0.714844,0.503906,1.00099,0,0,0,-0.0429889
92,64,0.722656,0.503906,1.0007,0,0,0,-0.0316977
93,64,0.730469,0.503906,1.00049,0,0,0,-0.0230613
94,64,0.738281,0.503906,1.00034,0,0,0,-0.0165561
95,64,0.746094,0.503906,1.00023,0,0,0,-0.0117297
96,64,0.753906,0.503906,1.00016,0,0,0,-0.00820157
97,64,0.761719,0.503906,1.00011,0,0,0,-0.00565998
98,64,0.769531,0.503906,1.00007,0,0,0,-0.00385536
99,64,0.777344,0.503906,1.00005,0,0,0,-0.00259221
100,64,0.785156,0.503906,1.00003,0,0,0,-0.00172048
101,64,0.792969,0.503906,1.00002,0,0,0,-0.00112725
102,64,0.800781,0.503906,1.00001,0,0,0,-0.000729129
103,64,0.808594,0.503906,1.00001,0,0,0,-0.0004656
104,64,0.816406,0.503906,1,0,0,0,-0.000293537
105,64,0.824219,0.503906,1,0,0,0,-0.000182712
106,64,0.832031,0.503906,1,0,0,0,-0.000112289
107,64,0.839844,0.503906,1,0,0,0,-6.81375e-05
108,64,0.847656,0.503906,1,0,0,0,-4.08248e-05
109,64,0.855469,0.503906,1,0,0,0,-2.41525e-05
110,64,0.863281,0.503906,1,0,0,0,-1.41094e-05
111,64,0.871094,0.503906,1,0,0,0,-8.13907e-06
112,64,0.878906,0.503906,1,0,0,0,-4.63624e-06
113,64,0.886719,0.503906,1,0,0,0,-2.6079e-06
114,64,0.894531,0.503906,1,0,0,0,-1.44863e-06
115,64,0.902344,0.503906,1,0,0,0,-7.94644e-07
116,64,0.910156,0.503906,1,0,0,0,-4.30469e-07
117,64,0.917969,0.503906,1,0,0,0,-2.30289e-07
118,64,0.925781,0.503906,1,0,0,0,-1.21666e-07
119,64,0.933594,0.503906,1,0,0,0,-6.34802e-08
120,64,0.941406,0.503906,1,0,0,0,-3.27103e-08
121,64,0.949219,0.503906,1,0,0,0,-1.66462e-08
122,64,0.957031,0.503906,1,0,0,0,-8.36621e-09
123,64,0.964844,0.503906,1,0,0,0,-4.15274e-09
124,64,0.972656,0.503906,1,0,0,0,-2.0358e-09
125,64,0.980469,0.503906,1,0,0,0,-9.85693e-10
126,64,0.988281,0.503906,1,0,0,0,-4.7136e-10
127,64,0.996094,0.503906,1,0,0,0,-1.51616e-10
0,65,0.00390625,0.511719,1,0,0,0,1.49768e-10
1,65,0.0117188,0.511719,1,0,0,0,4.65633e-10
2,65,0.0195312,0.511719,1,0,0,0,9.73728e-10
3,65,0.0273438,0.511719,1,0,0,0,2.01111e-09
4,65,0.0351562,0.511719,1,0,0,0,4.10236e-09
5,65,0.0429688,0.511719,1,0,0,0,8.26471e-09
6,65,0.0507812,0.511719,1,0,0,0,1.64442e-08
7,65,0.0585938,0.511719,1,0,0,0,3.23135e-08
8,65,0.0664062,0.511719,1,0,0,0,6.271e-08
9,65,0.0742188,0.511719,1,0,0,0,1.2019e-07
10,65,0.0820312,0.511719,1,0,0,0,2.27495e-07
11,65,0.0898438,0.511719,1,0,0,0,4.25246e-07
12,65,0.0976562,0.511719,1,0,0,0,7.85002e-07
13,65,0.105469,0.511719,1,0,0,0,1.43105e-06
14,65,0.113281,0.511719,1,0,0,0,2.57626e-06
15,65,0.121094,0.511719,1,0,0,0,4.57999e-06
16,65,0.128906,0.511719,1,0,0,0,8.04032e-06
17,65,0.136719,0.511719,1,0,0,0,1.39382e-05
18,65,0.144531,0.511719,1,0,0,0,2.38595e-05
19,65,0.152344,0.511719,1,0,0,0,4.03295e-05
20,65,0.160156,0.511719,1,0,0,0,6.73108e-05
21,65,0.167969,0.511719,1,0,0,0,0.000110927
22,65,0.175781,0.511719,1,0,0,0,0.000180495
23,65,0.183594,0.511719,1,0,0,0,0.000289975
24,65,0.191406,0.511719,1.00001,0,0,0,0.000459951
25,65,0.199219,0.511719,1.00001,0,0,0,0.000720282
26,65,0.207031,0.511719,1.00002,0,0,0,0.00111358
27,65,0.214844,0.511719,1.00003,0,0,0,0.0016996
28,65,0.222656,0.511719,1.00005,0,0,0,0.00256076
29,65,0.230469,0.511719,1.00007,0,0,0,0.00380859
30,65,0.238281,0.511719,1.0001,0,0,0,0.00559131
31,65,0.246094,0.511719,1.00016,0,0,0,0.00810206
32,65,0.253906,0.511719,1.00023,0,0,0,0.0115874
33,65,0.261719,0.511719,1.00034,0,0,0,0.0163553
34,65,0.269531,0.511719,1.00049,0,0,0,0.0227815
35,65,0.277344,0.511719,1.00069,0,0,0,0.0313131
36,65,0.285156,0.511719,1.00098,0,0,0,0.0424673
37,65,0.292969,0.511719,1.00136,0,0,0,0.0568236
38,65,0.300781,0.511719,1.00186,0,0,0,0.0750073
39,65,0.308594,0.511719,1.00253,0,0,0,0.0976629
40,65,0.316406,0.511719,1.00339,0,0,0,0.125416
41,65,0.324219,0.511719,1.00449,0,0,0,0.15882
42,65,0.332031,0.511719,1.00587,0,0,0,0.198299
43,65,0.339844,0.511719,1.00759,0,0,0,0.244071
44,65,0.347656,0.511719,1.00968,0,0,0,0.296071
45,65,0.355469,0.511719,1.01221,0,0,0,0.353877
46,65,0.363281,0.511719,1.01521,0,0,0,0.416637
47,65,0.371094,0.511719,1.01872,0,0,0,0.483017
48,65,0.378906,0.511719,1.02276,0,0,0,0.551174
49,65,0.386719,0.511719,1.02734,0,0,0,0.618763
50,65,0.394531,0.511719,1.03243,0,0,0,0.682981
51,65,0.402344,0.511719,1.03801,0,0,0,0.740668
52,65,0.410156,0.511719,1.044,0,0,0,0.788443
53,65,0.417969,0.511719,1.05033,0,0,0,0.822888
54,65,0.425781,0.511719,1.05686,0,0,0,0.840764
55,65,0.433594,0.511719,1.06346,0,0,0,0.839244
56,65,0.441406,0.511719,1.06997,0,0,0,0.81615
57,65,0.449219,0.511719,1.07622,0,0,0,0.77016
58,65,0.457031,0.511719,1.08201,0,0,0,0.700987
59,65,0.464844,0.511719,1.08717,0,0,0,0.609479
60,65,0.472656,0.511719,1.09153,0,0,0,0.497661
61,65,0.480469,0.511719,1.09494,0,0,0,0.368677
62,65,0.488281,0.511719,1.09729,0,0,0,0.22665
63,65,0.496094,0.511719,1.09849,0,0,0,0.0764742
64,65,0.503906,0.511719,1.09849,0,0,0,-0.0764742
65,65,0.511719,0.511719,1.09729,0,0,0,-0.22665
66,65,0.519531,0.511719,1.09494,0,0,0,-0.368677
67,65,0.527344,0.511719,1.09153,0,0,0,-0.497661
68,65,0.535156,0.511719,1.08717,0,0,0,-0.609479
69,65,0.542969,0.511719,1.08201,0,0,0,-0.700987
70,65,0.550781,0.511719,1.07622,0,0,0,-0.77016
71,65,0.558594,0.511719,1.06997,0,0,0,-0.81615
72,65,0.566406,0.511719,1.06346,0,0,0,-0.839244
73,65,0.574219,0.511719,1.05686,0,0,0,-0.840764
74,65,0.582031,0.511719,1.05033,0,0,0,-0.822888
75,65,0.589844,0.511719,1.044,0,0,0,-0.788443
76,65,0.597656,0.511719,1.03801,0,0,0,-0.740668
77,65,0.605469,0.511719,1.03243,0,0,0,-0.682981
78,65,0.613281,0.511719,1.02734,0,0,0,-0.618763
79,65,0.621094,0.511719,1.02276,0,0,0,-0.551174
80,65,0.628906,0.511719,1.01872,0,0,0,-0.483017
81,65,0.636719,0.511719,1.01521,0,0,0,-0.416637
82,65,0.644531,0.511719,1.01221,0,0,0,-0.353877
83,65,0.652344,0.511719,1.00968,0,0,0,-0.296071
84,65,0.660156,0.511719,1.00759,0,0,0,-0.244071
85,65,0.667969,0.511719,1.00587,0,0,0,-0.198299
86,65,0.675781,0.511719,1.00449,0,0,0,-0.15882
87,65,0.683594,0.511719,1.00339,0,0,0,-0.125416
88,65,0.691406,0.511719,1.00253,0,0,0,-0.0976629
89,65,0.699219,0.511719,1.00186,0,0,0,-0.0750073
90,65,0.707031,0.511719,1.00136,0,0,0,-0.0568236
91,65,0.714844,0.511719,1.00098,0,0,0,-0.0424673
92,65,0.722656,0.511719,1.00069,0,0,0,-0.0313131
93,65,0.730469,0.511719,1.00049,0,0,0,-0.0227815
94,65,0.738281,0.511719,1.00034,0,0,0,-0.0163553
95,65,0.746094,0.511719,1.00023,0,0,0,-0.0115874
96,65,0.753906,0.511719,1.00016,0,0,0,-0.00810206
97,65,0.761719,0.511719,1.0001,0,0,0,-0.00559131
98,65,0.769531,0.511719,1.00007,0,0,0,-0.00380859
99,65,0.777344,0.511719,1.00005,0,0,0,-0.00256076
100,65,0.785156,0.511719,1.00003,0,0,0,-0.0016996
101,65,0.792969,0.511719,1.00002,0,0,0,-0.00111358
102,65,0.800781,0.511719,1.00001,0,0,0,-0.000720282
103,65,0.808594,0.511719,1.00001,0,0,0,-0.000459951
104,65,0.816406,0.511719,1,0,0,0,-0.000289975
105,65,0.824219,0.511719,1,0,0,0,-0.000180495
106,65,0.832031,0.511719,1,0,0,0,-0.000110927
107,65,0.839844,0.511719,1,0,0,0,-6.73108e-05
108,65,0.847656,0.511719,1,0,0,0,-4.03295e-05
109,65,0.855469,0.511719,1,0,0,0,-2.38595e-05
110,65,0.863281,0.511719,1,0,0,0,-1.39382e-05
111,65,0.871094,0.511719,1,0,0,0,-8.04032e-06
112,65,0.878906,0.511719,1,0,0,0,-4.57999e-06
113,65,0.886719,0.511719,1,0,0,0,-2.57626e-06
114,65,0.894531,0.511719,1,0,0,0,-1.43105e-06
115,65,0.902344,0.511719,1,0,0,0,-7.85002e-07
116,65,0.910156,0.511719,1,0,0,0,-4.25246e-07
117,65,0.917969,0.511719,1,0,0,0,-2.27495e-07
118,65,0.925781,0.511719,1,0,0,0,-1.2019e-07
119,65,0.933594,0.511719,1,0,0,0,-6.271e-08
120,65,0.941406,0.511719,1,0,0,0,-3.23135e-08
121,65,0.949219,0.511719,1,0,0,0,-1.64442e-08
122,65,0.957031,0.511719,1,0,0,0,-8.26471e-09
123,65,0.964844,0.511719,1,0,0,0,-4.10236e-09
124,65,0.972656,0.511719,1,0,0,0,-2.01111e-09
125,65,0.980469,0.511719,1,0,0,0,-9.73728e-10
126,65,0.988281,0.511719,1,0,0,0,-4.65633e-10
127,65,0.996094,0.511719,1,0,0,0,-1.49768e-10
0,66,0.00390625,0.519531,1,0,0,0,1.46159e-10
1,66,0.0117188,0.519531,1,0,0,0,4.54406e-10
2,66,0.0195312,0.519531,1,0,0,0,9.50251e-10
3,66,0.0273438,0.519531,1,0,0,0,1.9626e-09
4,66,0.0351562,0.519531,1,0,0,0,4.00341e-09
5,66,0.0429688,0.519531,1,0,0,0,8.06537e-09
6,66,0.0507812,0.519531,1,0,0,0,1.60476e-08
7,66,0.0585938,0.519531,1,0,0,0,3.15341e-08
8,66,0.0664062,0.519531,1,0,0,0,6.11976e-08
9,66,0.0742188,0.519531,1,0,0,0,1.17291e-07
10,66,0.0820312,0.519531,1,0,0,0,2.22008e-07
11,66,0.0898438,0.519531,1,0,0,0,4.1499e-07
12,66,0.0976562,0.519531,1,0,0,0,7.66069e-07
13,66,0.105469,0.519531,1,0,0,0,1.39654e-06
14,66,0.113281,0.519531,1,0,0,0,2.51412e-06
15,66,0.121094,0.519531,1,0,0,0,4.46953e-06
16,66,0.128906,0.519531,1,0,0,0,7.8464e-06
17,66,0.136719,0.519531,1,0,0,0,1.36021e-05
18,66,0.144531,0.519531,1,0,0,0,2.3284e-05
19,66,0.152344,0.519531,1,0,0,0,3.93568e-05
20,66,0.160156,0.519531,1,0,0,0,6.56873e-05
21,66,0.167969,0.519531,1,0,0,0,0.000108251
22,66,0.175781,0.519531,1,0,0,0,0.000176142
23,66,0.183594,0.519531,1,0,0,0,0.000282982
24,66,0.191406,0.519531,1.00001,0,0,0,0.000448858
25,66,0.199219,0.519531,1.00001,0,0,0,0.00070291
26,66,0.207031,0.519531,1.00002,0,0,0,0.00108672
27,66,0.214844,0.519531,1.00003,0,0,0,0.00165861
28,66,0.222656,0.519531,1.00004,0,0,0,0.002499
29,66,0.230469,0.519531,1.00007,0,0,0,0.00371673
30,66,0.238281,0.519531,1.0001,0,0,0,0.00545646
31,66,0.246094,0.519531,1.00015,0,0,0,0.00790665
32,66,0.253906,0.519531,1.00023,0,0,0,0.0113079
33,66,0.261719,0.519531,1.00033,0,0,0,0.0159608
34,66,0.269531,0.519531,1.00047,0,0,0,0.022232
35,66,0.277344,0.519531,1.00068,0,0,0,0.0305579
36,66,0.285156,0.519531,1.00095,0,0,0,0.0414431
37,66,0.292969,0.519531,1.00132,0,0,0,0.0554531
38,66,0.300781,0.519531,1.00182,0,0,0,0.0731982
39,66,0.308594,0.519531,1.00247,0,0,0,0.0953074
40,66,0.316406,0.519531,1.00331,0,0,0,0.122391
41,66,0.324219,0.519531,1.00438,0,0,0,0.15499
42,66,0.332031,0.519531,1.00573,0,0,0,0.193517
43,66,0.339844,0.519531,1.0074,0,0,0,0.238184
44,66,0.347656,0.519531,1.00945,0,0,0,0.28893
45,66,0.355469,0.519531,1.01192,0,0,0,0.345342
46,66,0.363281,0.519531,1.01485,0,0,0,0.406588
47,66,0.371094,0.519531,1.01827,0,0,0,0.471367
48,66,0.378906,0.519531,1.02221,0,0,0,0.537881
49,66,0.386719,0.519531,1.02668,0,0,0,0.603839
50,66,0.394531,0.519531,1.03165,0,0,0,0.666509
51,66,0.402344,0.519531,1.03709,0,0,0,0.722804
52,66,0.410156,0.519531,1.04294,0,0,0,0.769427
53,66,0.417969,0.519531,1.04911,0,0,0,0.803041
54,66,0.425781,0.519531,1.05549,0,0,0,0.820486
55,66,0.433594,0.519531,1.06193,0,0,0,0.819003
56,66,0.441406,0.519531,1.06829,0,0,0,0.796465
57,66,0.449219,0.519531,1.07438,0,0,0,0.751585
58,66,0.457031,0.519531,1.08003,0,0,0,0.68408
59,66,0.464844,0.519531,1.08507,0,0,0,0.59478
60,66,0.472656,0.519531,1.08932,0,0,0,0.485659
61,66,0.480469,0.519531,1.09265,0,0,0,0.359785
62,66,0.488281,0.519531,1.09494,0,0,0,0.221184
63,66,0.496094,0.519531,1.09611,0,0,0,0.0746298
64,66,0.503906,0.519531,1.09611,0,0,0,-0.0746298
65,66,0.511719,0.519531,1.09494,0,0,0,-0.221184
66,66,0.519531,0.519531,1.09265,0,0,0,-0.359785
67,66,0.527344,0.519531,1.08932,0,0,0,-0.485659
68,66,0.535156,0.519531,1.08507,0,0,0,-0.59478
69,66,0.542969,0.519531,1.08003,0,0,0,-0.68408
70,66,0.550781,0.519531,1.07438,0,0,0,-0.751585
71,66,0.558594,0.519531,1.06829,0,0,0,-0.796465
72,66,0.566406,0.519531,1.06193,0,0,0,-0.819003
73,66,0.574219,0.519531,1.05549,0,0,0,-0.820486
74,66,0.582031,0.519531,1.04911,0,0,0,-0.803041
75,66,0.589844,0.519531,1.04294,0,0,0,-0.769427
76,66,0.597656,0.519531,1.03709,0,0,0,-0.722804
77,66,0.605469,0.519531,1.03165,0,0,0,-0.666509
78,66,0.613281,0.519531,1.02668,0,0,0,-0.603839
79,66,0.621094,0.519531,1.02221,0,0,0,-0.537881
80,66,0.628906,0.519531,1.01827,0,0,0,-0.471367
81,66,0.636719,0.519531,1.01485,0,0,0,-0.406588
82,66,0.644531,0.519531,1.01192,0,0,0,-0.345342
83,66,0.652344,0.519531,1.00945,0,0,0,-0.28893
84,66,0.660156,0.519531,1.0074,0,0,0,-0.238184
85,66,0.667969,0.519531,1.00573,0,0,0,-0.193517
86,66,0.675781,0.519531,1.00438,0,0,0,-0.15499
87,66,0.683594,0.519531,1.00331,0,0,0,-0.122391
88,66,0.691406,0.519531,1.00247,0,0,0,-0.0953074
89,66,0.699219,0.519531,1.00182,0,0,0,-0.0731982
90,66,0.707031,0.519531,1.00132,0,0,0,-0.0554531
91,66,0.714844,0.519531,1.00095,0,0,0,-0.0414431
92,66,0.722656,0.519531,1.00068,0,0,0,-0.0305579
93,66,0.730469,0.519531,1.00047,0,0,0,-0.022232
94,66,0.738281,0.519531,1.00033,0,0,0,-0.0159608
95,66,0.746094,0.519531,1.00023,0,0,0,-0.0113079
96,66,0.753906,0.519531,1.00015,0,0,0,-0.00790665
97,66,0.761719,0.519531,1.0001,0,0,0,-0.00545646
98,66,0.769531,0.519531,1.00007,0,0,0,-0.00371673
99,66,0.777344,0.519531,1.00004,0,0,0,-0.002499
100,66,0.785156,0.519531,1.00003,0,0,0,-0.00165861
101,66,0.792969,0.519531,1.00002,0,0,0,-0.00108672
102,66,0.800781,0.519531,1.00001,0,0,0,-0.00070291
103,66,0.808594,0.519531,1.00001,0,0,0,-0.000448858
104,66,0.816406,0.519531,1,0,0,0,-0.000282982
105,66,0.824219,0.519531,1,0,0,0,-0.000176142
106,66,0.832031,0.519531,1,0,0,0,-0.000108251
107,66,0.839844,0.519531,1,0,0,0,-6.56873e-05
108,66,0.847656,0.519531,1,0,0,0,-3.93568e-05
109,66,0.855469,0.519531,1,0,0,0,-2.3284e-05
110,66,0.863281,0.519531,1,0,0,0,-1.36021e-05
111,66,0.871094,0.519531,1,0,0,0,-7.8464e-06
112,66,0.878906,0.519531,1,0,0,0,-4.46953e-06
113,66,0.886719,0.519531,1,0,0,0,-2.51412e-06
114,66,0.894531,0.519531,1,0,0,0,-1.39654e-06
115,66,0.902344,0.519531,1,0,0,0,-7.66069e-07
116,66,0.910156,0.519531,1,0,0,0,-4.1499e-07
117,66,0.917969,0.519531,1,0,0,0,-2.22008e-07
118,66,0.925781,0.519531,1,0,0,0,-1.17291e-07
119,66,0.933594,0.519531,1,0,0,0,-6.11976e-08
120,66,0.941406,0.519531,1,0,0,0,-3.15341e-08
121,66,0.949219,0.519531,1,0,0,0,-1.60476e-08
122,66,0.957031,0.519531,1,0,0,0,-8.06537e-09
123,66,0.964844,0.519531,1,0,0,0,-4.00341e-09
124,66,0.972656,0.519531,1,0,0,0,-1.9626e-09
125,66,0.980469,0.519531,1,0,0,0,-9.50251e-10
126,66,0.988281,0.519531,1,0,0,0,-4.54406e-10
127,66,0.996094,0.519531,1,0,0,0,-1.46159e-10
0,67,0.00390625,0.527344,1,0,0,0,1.40901e-10
1,67,0.0117188,0.527344,1,0,0,0,4.3805e-10
2,67,0.0195312,0.527344,1,0,0,0,9.16074e-10
3,67,0.0273438,0.527344,1,0,0,0,1.89203e-09
4,67,0.0351562,0.527344,1,0,0,0,3.85945e-09
5,67,0.0429688,0.527344,1,0,0,0,7.77537e-09
6,67,0.0507812,0.527344,1,0,0,0,1.54705e-08
7,67,0.0585938,0.527344,1,0,0,0,3.04002e-08
8,67,0.0664062,0.527344,1,0,0,0,5.8997e-08
9,67,0.0742188,0.527344,1,0,0,0,1.13073e-07
10,67,0.0820312,0.527344,1,0,0,0,2.14025e-07
11,67,0.0898438,0.527344,1,0,0,0,4.00067e-07
12,67,0.0976562,0.527344,1,0,0,0,7.38522e-07
13,67,0.105469,0.527344,1,0,0,0,1.34632e-06
14,67,0.113281,0.527344,1,0,0,0,2.42372e-06
15,67,0.121094,0.527344,1,0,0,0,4.30881e-06
16,67,0.128906,0.527344,1,0,0,0,7.56425e-06
17,67,0.136719,0.527344,1,0,0,0,1.3113e-05
18,67,0.144531,0.527344,1,0,0,0,2.24468e-05
19,67,0.152344,0.527344,1,0,0,0,3.79416e-05
20,67,0.160156,0.527344,1,0,0,0,6.33253e-05
21,67,0.167969,0.527344,1,0,0,0,0.000104359
22,67,0.175781,0.527344,1,0,0,0,0.000169808
23,67,0.183594,0.527344,1,0,0,0,0.000272806
24,67,0.191406,0.527344,1.00001,0,0,0,0.000432717
25,67,0.199219,0.527344,1.00001,0,0,0,0.000677634
26,67,0.207031,0.527344,1.00002,0,0,0,0.00104764
27,67,0.214844,0.527344,1.00003,0,0,0,0.00159897
28,67,0.222656,0.527344,1.00004,0,0,0,0.00240914
29,67,0.230469,0.527344,1.00006,0,0,0,0.00358308
30,67,0.238281,0.527344,1.0001,0,0,0,0.00526025
31,67,0.246094,0.527344,1.00015,0,0,0,0.00762234
32,67,0.253906,0.527344,1.00022,0,0,0,0.0109013
33,67,0.261719,0.527344,1.00032,0,0,0,0.0153869
34,67,0.269531,0.527344,1.00046,0,0,0,0.0214326
35,67,0.277344,0.527344,1.00065,0,0,0,0.029459
36,67,0.285156,0.527344,1.00092,0,0,0,0.0399528
37,67,0.292969,0.527344,1.00128,0,0,0,0.0534591
38,67,0.300781,0.527344,1.00175,0,0,0,0.0705661
39,67,0.308594,0.527344,1.00238,0,0,0,0.0918803
40,67,0.316406,0.527344,1.00319,0,0,0,0.11799
41,67,0.324219,0.527344,1.00422,0,0,0,0.149416
42,67,0.332031,0.527344,1.00552,0,0,0,0.186558
43,67,0.339844,0.527344,1.00714,0,0,0,0.229619
44,67,0.347656,0.527344,1.00911,0,0,0,0.278541
45,67,0.355469,0.527344,1.01149,0,0,0,0.332924
46,67,0.363281,0.527344,1.01431,0,0,0,0.391968
47,67,0.371094,0.527344,1.01761,0,0,0,0.454417
48,67,0.378906,0.527344,1.02141,0,0,0,0.518539
49,67,0.386719,0.527344,1.02572,0,0,0,0.582126
50,67,0.394531,0.527344,1.03051,0,0,0,0.642542
51,67,0.402344,0.527344,1.03576,0,0,0,0.696813
52,67,0.410156,0.527344,1.0414,0,0,0,0.74176
53,67,0.417969,0.527344,1.04735,0,0,0,0.774165
54,67,0.425781,0.527344,1.05349,0,0,0,0.790982
55,67,0.433594,0.527344,1.05971,0,0,0,0.789553
56,67,0.441406,0.527344,1.06583,0,0,0,0.767826
57,67,0.449219,0.527344,1.0717,0,0,0,0.724559
58,67,0.457031,0.527344,1.07715,0,0,0,0.659481
59,67,0.464844,0.527344,1.08201,0,0,0,0.573392
60,67,0.472656,0.527344,1.08611,0,0,0,0.468195
61,67,0.480469,0.527344,1.08932,0,0,0,0.346847
62,67,0.488281,0.527344,1.09153,0,0,0,0.213231
63,67,0.496094,0.527344,1.09265,0,0,0,0.0719462
64,67,0.503906,0.527344,1.09265,0,0,0,-0.0719462
65,67,0.511719,0.527344,1.09153,0,0,0,-0.213231
66,67,0.519531,0.527344,1.08932,0,0,0,-0.346847
67,67,0.527344,0.527344,1.08611,0,0,0,-0.468195
68,67,0.535156,0.527344,1.08201,0,0,0,-0.573392
69,67,0.542969,0.527344,1.07715,0,0,0,-0.659481
70,67,0.550781,0.527344,1.0717,0,0,0,-0.724559
71,67,0.558594,0.527344,1.06583,0,0,0,-0.767826
72,67,0.566406,0.527344,1.05971,0,0,0,-0.789553
73,67,0.574219,0.527344,1.05349,0,0,0,-0.790982
74,67,0.582031,0.527344,1.04735,0,0,0,-0.774165
75,67,0.589844,0.527344,1.0414,0,0,0,-0.74176
76,67,0.597656,0.527344,1.03576,0,0,0,-0.696813
77,67,0.605469,0.527344,1.03051,0,0,0,-0.642542
78,67,0.613281,0.527344,1.02572,0,0,0,-0.582126
79,67,0.621094,0.527344,1.02141,0,0,0,-0.518539
80,67,0.628906,0.527344,1.01761,0,0,0,-0.454417
81,67,0.636719,0.527344,1.01431,0,0,0,-0.391968
82,67,0.644531,0.527344,1.01149,0,0,0,-0.332924
83,67,0.652344,0.527344,1.00911,0,0,0,-0.278541
84,67,0.660156,0.527344,1.00714,0,0,0,-0.229619
85,67,0.667969,0.527344,1.00552,0,0,0,-0.186558
86,67,0.675781,0.527344,1.00422,0,0,0,-0.149416
87,67,0.683594,0.527344,1.00319,0,0,0,-0.11799
88,67,0.691406,0.527344,1.00238,0,0,0,-0.0918803
89,67,0.699219,0.527344,1.00175,0,0,0,-0.0705661
90,67,0.707031,0.527344,1.00128,0,0,0,-0.0534591
91,67,0.714844,0.527344,1.00092,0,0,0,-0.0399528
92,67,0.722656,0.527344,1.00065,0,0,0,-0.029459
93,67,0.730469,0.527344,1.00046,0,0,0,-0.0214326
94,67,0.738281,0.527344,1.00032,0,0,0,-0.0153869
95,67,0.746094,0.527344,1.00022,0,0,0,-0.0109013
96,67,0.753906,0.527344,1.00015,0,0,0,-0.00762234
97,67,0.761719,0.527344,1.0001,0,0,0,-0.00526025
98,67,0.769531,0.527344,1.00006,0,0,0,-0.00358308
99,67,0.777344,0.527344,1.00004,0,0,0,-0.00240914
100,67,0.785156,0.527344,1.00003,0,0,0,-0.00159897
101,67,0.792969,0.527344,1.00002,0,0,0,-0.00104764
102,67,0.800781,0.527344,1.00001,0,0,0,-0.000677634
103,67,0.808594,0.527344,1.00001,0,0,0,-0.000432717
104,67,0.816406,0.527344,1,0,0,0,-0.000272806
105,67,0.824219,0.527344,1,0,0,0,-0.000169808
106,67,0.832031,0.527344,1,0,0,0,-0.000104359
107,67,0.839844,0.527344,1,0,0,0,-6.33253e-05
108,67,0.847656,0.527344,1,0,0,0,-3.79416e-05
109,67,0.855469,0.527344,1,0,0,0,-2.24468e-05
110,67,0.863281,0.527344,1,0,0,0,-1.3113e-05
111,67,0.871094,0.527344,1,0,0,0,-7.56425e-06
112,67,0.878906,0.527344,1,0,0,0,-4.30881e-06
113,67,0.886719,0.527344,1,0,0,0,-2.42372e-06
114,67,0.894531,0.527344,1,0,0,0,-1.34632e-06
115,67,0.902344,0.527344,1,0,0,0,-7.38522e-07
116,67,0.910156,0.527344,1,0,0,0,-4.00067e-07
117,67,0.917969,0.527344,1,0,0,0,-2.14025e-07
118,67,0.925781,0.527344,1,0,0,0,-1.13073e-07
119,67,0.933594,0.527344,1,0,0,0,-5.8997e-08
120,67,0.941406,0.527344,1,0,0,0,-3.04002e-08
121,67,0.949219,0.527344,1,0,0,0,-1.54705e-08
122,67,0.957031,0.527344,1,0,0,0,-7.77537e-09
123,67,0.964844,0.527344,1,0,0,0,-3.85945e-09
124,67,0.972656,0.527344,1,0,0,0,-1.89203e-09
125,67,0.980469,0.527344,1,0,0,0,-9.16074e-10
126,67,0.988281,0.527344,1,0,0,0,-4.3805e-10
127,67,0.996094,0.527344,1,0,0,0,-1.40901e-10
0,68,0.00390625,0.535156,1,0,0,0,1.34179e-10
1,68,0.0117188,0.535156,1,0,0,0,4.17174e-10
2,68,0.0195312,0.535156,1,0,0,0,8.72419e-10
3,68,0.0273438,0.535156,1,0,0,0,1.80187e-09
4,68,0.0351562,0.535156,1,0,0,0,3.67554e-09
5,68,0.0429688,0.535156,1,0,0,0,7.40482e-09
6,68,0.0507812,0.535156,1,0,0,0,1.47333e-08
7,68,0.0585938,0.535156,1,0,0,0,2.89515e-08
8,68,0.0664062,0.535156,1,0,0,0,5.61855e-08
9,68,0.0742188,0.535156,1,0,0,0,1.07685e-07
10,68,0.0820312,0.535156,1,0,0,0,2.03825e-07
11,68,0.0898438,0.535156,1,0,0,0,3.81002e-07
12,68,0.0976562,0.535156,1,0,0,0,7.03328e-07
13,68,0.105469,0.535156,1,0,0,0,1.28216e-06
14,68,0.113281,0.535156,1,0,0,0,2.30822e-06
15,68,0.121094,0.535156,1,0,0,0,4.10347e-06
16,68,0.128906,0.535156,1,0,0,0,7.20377e-06
17,68,0.136719,0.535156,1,0,0,0,1.24881e-05
18,68,0.144531,0.535156,1,0,0,0,2.13771e-05
19,68,0.152344,0.535156,1,0,0,0,3.61335e-05
20,68,0.160156,0.535156,1,0,0,0,6.03075e-05
21,68,0.167969,0.535156,1,0,0,0,9.93854e-05
22,68,0.175781,0.535156,1,0,0,0,0.000161716
23,68,0.183594,0.535156,1,0,0,0,0.000259805
24,68,0.191406,0.535156,1.00001,0,0,0,0.000412096
25,68,0.199219,0.535156,1.00001,0,0,0,0.000645342
26,68,0.207031,0.535156,1.00002,0,0,0,0.000997716
27,68,0.214844,0.535156,1.00003,0,0,0,0.00152277
28,68,0.222656,0.535156,1.00004,0,0,0,0.00229433
29,68,0.230469,0.535156,1.00006,0,0,0,0.00341233
30,68,0.238281,0.535156,1.00009,0,0,0,0.00500957
31,68,0.246094,0.535156,1.00014,0,0,0,0.0072591
32,68,0.253906,0.535156,1.00021,0,0,0,0.0103818
33,68,0.261719,0.535156,1.0003,0,0,0,0.0146536
34,68,0.269531,0.535156,1.00044,0,0,0,0.0204112
35,68,0.277344,0.535156,1.00062,0,0,0,0.0280552
36,68,0.285156,0.535156,1.00087,0,0,0,0.0380489
37,68,0.292969,0.535156,1.00122,0,0,0,0.0509115
38,68,0.300781,0.535156,1.00167,0,0,0,0.0672033
39,68,0.308594,0.535156,1.00227,0,0,0,0.0875017
40,68,0.316406,0.535156,1.00304,0,0,0,0.112367
41,68,0.324219,0.535156,1.00402,0,0,0,0.142296
42,68,0.332031,0.535156,1.00526,0,0,0,0.177668
43,68,0.339844,0.535156,1.0068,0,0,0,0.218677
44,68,0.347656,0.535156,1.00868,0,0,0,0.265267
45,68,0.355469,0.535156,1.01094,0,0,0,0.317058
46,68,0.363281,0.535156,1.01363,0,0,0,0.373288
47,68,0.371094,0.535156,1.01678,0,0,0,0.432762
48,68,0.378906,0.535156,1.02039,0,0,0,0.493828
49,68,0.386719,0.535156,1.02449,0,0,0,0.554384
50,68,0.394531,0.535156,1.02906,0,0,0,0.611921
51,68,0.402344,0.535156,1.03405,0,0,0,0.663607
52,68,0.410156,0.535156,1.03942,0,0,0,0.706411
53,68,0.417969,0.535156,1.04509,0,0,0,0.737272
54,68,0.425781,0.535156,1.05094,0,0,0,0.753288
55,68,0.433594,0.535156,1.05686,0,0,0,0.751926
56,68,0.441406,0.535156,1.06269,0,0,0,0.731235
57,68,0.449219,0.535156,1.06829,0,0,0,0.69003
58,68,0.457031,0.535156,1.07347,0,0,0,0.628054
59,68,0.464844,0.535156,1.0781,0,0,0,0.546067
60,68,0.472656,0.535156,1.08201,0,0,0,0.445883
61,68,0.480469,0.535156,1.08507,0,0,0,0.330318
62,68,0.488281,0.535156,1.08717,0,0,0,0.203069
63,68,0.496094,0.535156,1.08824,0,0,0,0.0685176
64,68,0.503906,0.535156,1.08824,0,0,0,-0.0685176
65,68,0.511719,0.535156,1.08717,0,0,0,-0.203069
66,68,0.519531,0.535156,1.08507,0,0,0,-0.330318
67,68,0.527344,0.535156,1.08201,0,0,0,-0.445883
68,68,0.535156,0.535156,1.0781,0,0,0,-0.546067
69,68,0.542969,0.535156,1.07347,0,0,0,-0.628054
70,68,0.550781,0.535156,1.06829,0,0,0,-0.69003
71,68,0.558594,0.535156,1.06269,0,0,0,-0.731235
72,68,0.566406,0.535156,1.05686,0,0,0,-0.751926
73,68,0.574219,0.535156,1.05094,0,0,0,-0.753288
74,68,0.582031,0.535156,1.04509,0,0,0,-0.737272
75,68,0.589844,0.535156,1.03942,0,0,0,-0.706411
76,68,0.597656,0.535156,1.03405,0,0,0,-0.663607
77,68,0.605469,0.535156,1.02906,0,0,0,-0.611921
78,68,0.613281,0.535156,1.02449,0,0,0,-0.554384
79,68,0.621094,0.535156,1.02039,0,0,0,-0.493828
80,68,0.628906,0.535156,1.01678,0,0,0,-0.432762
81,68,0.636719,0.535156,1.01363,0,0,0,-0.373288
82,68,0.644531,0.535156,1.01094,0,0,0,-0.317058
83,68,0.652344,0.535156,1.00868,0,0,0,-0.265267
84,68,0.660156,0.535156,1.0068,0,0,0,-0.218677
85,68,0.667969,0.535156,1.00526,0,0,0,-0.177668
86,68,0.675781,0.535156,1.00402,0,0,0,-0.142296
87,68,0.683594,0.535156,1.00304,0,0,0,-0.112367
88,68,0.691406,0.535156,1.00227,0,0,0,-0.0875017
89,68,0.699219,0.535156,1.00167,0,0,0,-0.0672033
90,68,0.707031,0.535156,1.00122,0,0,0,-0.0509115
91,68,0.714844,0.535156,1.00087,0,0,0,-0.0380489
92,68,0.722656,0.535156,1.00062,0,0,0,-0.0280552
93,68,0.730469,0.535156,1.00044,0,0,0,-0.0204112
94,68,0.738281,0.535156,1.0003,0,0,0,-0.0146536
95,68,0.746094,0.535156,1.00021,0,0,0,-0.0103818
96,68,0.753906,0.535156,1.00014,0,0,0,-0.0072591
97,68,0.761719,0.535156,1.00009,0,0,0,-0.00500957
98,68,0.769531,0.535156,1.00006,0,0,0,-0.00341233
99,68,0.777344,0.535156,1.00004,0,0,0,-0.00229433
100,68,0.785156,0.535156,1.00003,0,0,0,-0.00152277
101,68,0.792969,0.535156,1.00002,0,0,0,-0.000997716
102,68,0.800781,0.535156,1.00001,0,0,0,-0.000645342
103,68,0.808594,0.535156,1.00001,0,0,0,-0.000412096
104,68,0.816406,0.535156,1,0,0,0,-0.000259805
105,68,0.824219,0.535156,1,0,0,0,-0.000161716
106,68,0.832031,0.535156,1,0,0,0,-9.93854e-05
107,68,0.839844,0.535156,1,0,0,0,-6.03075e-05
108,68,0.847656,0.535156,1,0,0,0,-3.61335e-05
109,68,0.855469,0.535156,1,0,0,0,-2.13771e-05
110,68,0.863281,0.535156,1,0,0,0,-1.24881e-05
111,68,0.871094,0.535156,1,0,0,0,-7.20377e-06
112,68,0.878906,0.535156,1,0,0,0,-4.10347e-06
113,68,0.886719,0.535156,1,0,0,0,-2.30822e-06
114,68,0.894531,0.535156,1,0,0,0,-1.28216e-06
115,68,0.902344,0.535156,1,0,0,0,-7.03328e-07
116,68,0.910156,0.535156,1,0,0,0,-3.81002e-07
117,68,0.917969,0.535156,1,0,0,0,-2.03825e-07
118,68,0.925781,0.535156,1,0,0,0,-1.07685e-07
119,68,0.933594,0.535156,1,0,0,0,-5.61855e-08
120,68,0.941406,0.535156,1,0,0,0,-2.89515e-08
121,68,0.949219,0.535156,1,0,0,0,-1.47333e-08
122,68,0.957031,0.535156,1,0,0,0,-7.40482e-09
123,68,0.964844,0.535156,1,0,0,0,-3.67554e-09
124,68,0.972656,0.535156,1,0,0,0,-1.80187e-09
125,68,0.980469,0.535156,1,0,0,0,-8.72419e-10
126,68,0.988281,0.535156,1,0,0,0,-4.17174e-10
127,68,0.996094,0.535156,1,0,0,0,-1.34179e-10
0,69,0.00390625,0.542969,1,0,0,0,1.26235e-10
1,69,0.0117188,0.542969,1,0,0,0,3.92475e-10
2,69,0.0195312,0.542969,1,0,0,0,8.20762e-10
3,69,0.0273438,0.542969,1,0,0,0,1.69518e-09
4,69,0.0351562,0.542969,1,0,0,0,3.45791e-09
5,69,0.0429688,0.542969,1,0,0,0,6.96637e-09
6,69,0.0507812,0.542969,1,0,0,0,1.38609e-08
7,69,0.0585938,0.542969,1,0,0,0,2.72373e-08
8,69,0.0664062,0.542969,1,0,0,0,5.28588e-08
9,69,0.0742188,0.542969,1,0,0,0,1.01309e-07
10,69,0.0820312,0.542969,1,0,0,0,1.91757e-07
11,69,0.0898438,0.542969,1,0,0,0,3.58443e-07
12,69,0.0976562,0.542969,1,0,0,0,6.61684e-07
13,69,0.105469,0.542969,1,0,0,0,1.20625e-06
14,69,0.113281,0.542969,1,0,0,0,2.17155e-06
15,69,0.121094,0.542969,1,0,0,0,3.8605e-06
16,69,0.128906,0.542969,1,0,0,0,6.77724e-06
17,69,0.136719,0.542969,1,0,0,0,1.17486e-05
18,69,0.144531,0.542969,1,0,0,0,2.01113e-05
19,69,0.152344,0.542969,1,0,0,0,3.3994e-05
20,69,0.160156,0.542969,1,0,0,0,5.67367e-05
21,69,0.167969,0.542969,1,0,0,0,9.35008e-05
22,69,0.175781,0.542969,1,0,0,0,0.00015214
23,69,0.183594,0.542969,1,0,0,0,0.000244422
24,69,0.191406,0.542969,1.00001,0,0,0,0.000387696
25,69,0.199219,0.542969,1.00001,0,0,0,0.000607131
26,69,0.207031,0.542969,1.00002,0,0,0,0.000938642
27,69,0.214844,0.542969,1.00002,0,0,0,0.00143261
28,69,0.222656,0.542969,1.00004,0,0,0,0.00215848
29,69,0.230469,0.542969,1.00006,0,0,0,0.00321028
30,69,0.238281,0.542969,1.00009,0,0,0,0.00471296
31,69,0.246094,0.542969,1.00013,0,0,0,0.00682929
32,69,0.253906,0.542969,1.00019,0,0,0,0.00976709
33,69,0.261719,0.542969,1.00028,0,0,0,0.013786
34,69,0.269531,0.542969,1.00041,0,0,0,0.0192027
35,69,0.277344,0.542969,1.00058,0,0,0,0.026394
36,69,0.285156,0.542969,1.00082,0,0,0,0.035796
37,69,0.292969,0.542969,1.00114,0,0,0,0.047897
38,69,0.300781,0.542969,1.00157,0,0,0,0.0632242
39,69,0.308594,0.542969,1.00213,0,0,0,0.0823208
40,69,0.316406,0.542969,1.00286,0,0,0,0.105714
41,69,0.324219,0.542969,1.00378,0,0,0,0.133871
42,69,0.332031,0.542969,1.00495,0,0,0,0.167148
43,69,0.339844,0.542969,1.0064,0,0,0,0.205729
44,69,0.347656,0.542969,1.00816,0,0,0,0.24956
45,69,0.355469,0.542969,1.01029,0,0,0,0.298285
46,69,0.363281,0.542969,1.01282,0,0,0,0.351186
47,69,0.371094,0.542969,1.01578,0,0,0,0.407138
48,69,0.378906,0.542969,1.01919,0,0,0,0.464589
49,69,0.386719,0.542969,1.02304,0,0,0,0.521559
50,69,0.394531,0.542969,1.02734,0,0,0,0.57569
51,69,0.402344,0.542969,1.03204,0,0,0,0.624315
52,69,0.410156,0.542969,1.03709,0,0,0,0.664584
53,69,0.417969,0.542969,1.04242,0,0,0,0.693618
54,69,0.425781,0.542969,1.04793,0,0,0,0.708686
55,69,0.433594,0.542969,1.05349,0,0,0,0.707405
56,69,0.441406,0.542969,1.05898,0,0,0,0.687938
57,69,0.449219,0.542969,1.06424,0,0,0,0.649174
58,69,0.457031,0.542969,1.06912,0,0,0,0.590867
59,69,0.464844,0.542969,1.07347,0,0,0,0.513734
60,69,0.472656,0.542969,1.07715,0,0,0,0.419482
61,69,0.480469,0.542969,1.08003,0,0,0,0.31076
62,69,0.488281,0.542969,1.08201,0,0,0,0.191045
63,69,0.496094,0.542969,1.08301,0,0,0,0.0644607
64,69,0.503906,0.542969,1.08301,0,0,0,-0.0644607
65,69,0.511719,0.542969,1.08201,0,0,0,-0.191045
66,69,0.519531,0.542969,1.08003,0,0,0,-0.31076
67,69,0.527344,0.542969,1.07715,0,0,0,-0.419482
68,69,0.535156,0.542969,1.07347,0,0,0,-0.513734
69,69,0.542969,0.542969,1.06912,0,0,0,-0.590867
70,69,0.550781,0.542969,1.06424,0,0,0,-0.649174
71,69,0.558594,0.542969,1.05898,0,0,0,-0.687938
72,69,0.566406,0.542969,1.05349,0,0,0,-0.707405
73,69,0.574219,0.542969,1.04793,0,0,0,-0.708686
74,69,0.582031,0.542969,1.04242,0,0,0,-0.693618
75,69,0.589844,0.542969,1.03709,0,0,0,-0.664584
76,69,0.597656,0.542969,1.03204,0,0,0,-0.624315
77,69,0.605469,0.542969,1.02734,0,0,0,-0.57569
78,69,0.613281,0.542969,1.02304,0,0,0,-0.521559
79,69,0.621094,0.542969,1.01919,0,0,0,-0.464589
80,69,0.628906,0.542969,1.01578,0,0,0,-0.407138
81,69,0.636719,0.542969,1.01282,0,0,0,-0.351186
82,69,0.644531,0.542969,1.01029,0,0,0,-0.298285
83,69,0.652344,0.542969,1.00816,0,0,0,-0.24956
84,69,0.660156,0.542969,1.0064,0,0,0,-0.205729
85,69,0.667969,0.542969,1.00495,0,0,0,-0.167148
86,69,0.675781,0.542969,1.00378,0,0,0,-0.133871
87,69,0.683594,0.542969,1.00286,0,0,0,-0.105714
88,69,0.691406,0.542969,1.00213,0,0,0,-0.0823208
89,69,0.699219,0.542969,1.00157,0,0,0,-0.0632242
90,69,0.707031,0.542969,1.00114,0,0,0,-0.047897
91,69,0.714844,0.542969,1.00082,0,0,0,-0.035796
92,69,0.722656,0.542969,1.00058,0,0,0,-0.026394
93,69,0.730469,0.542969,1.00041,0,0,0,-0.0192027
94,69,0.738281,0.542969,1.00028,0,0,0,-0.013786
95,69,0.746094,0.542969,1.00019,0,0,0,-0.00976709
96,69,0.753906,0.542969,1.00013,0,0,0,-0.00682929
97,69,0.761719,0.542969,1.00009,0,0,0,-0.00471296
98,69,0.769531,0.542969,1.00006,0,0,0,-0.00321028
99,69,0.777344,0.542969,1.00004,0,0,0,-0.00215848
100,69,0.785156,0.542969,1.00002,0,0,0,-0.00143261
101,69,0.792969,0.542969,1.00002,0,0,0,-0.000938642
102,69,0.800781,0.542969,1.00001,0,0,0,-0.000607131
103,69,0.808594,0.542969,1.00001,0,0,0,-0.000387696
104,69,0.816406,0.542969,1,0,0,0,-0.000244422
105,69,0.824219,0.542969,1,0,0,0,-0.00015214
106,69,0.832031,0.542969,1,0,0,0,-9.35008e-05
107,69,0.839844,0.542969,1,0,0,0,-5.67367e-05
108,69,0.847656,0.542969,1,0,0,0,-3.3994e-05
109,69,0.855469,0.542969,1,0,0,0,-2.01113e-05
110,69,0.863281,0.542969,1,0,0,0,-1.17486e-05
111,69,0.871094,0.542969,1,0,0,0,-6.77724e-06
112,69,0.878906,0.542969,1,0,0,0,-3.8605e-06
113,69,0.886719,0.542969,1,0,0,0,-2.17155e-06
114,69,0.894531,0.542969,1,0,0,0,-1.20625e-06
115,69,0.902344,0.542969,1,0,0,0,-6.61684e-07
116,69,0.910156,0.542969,1,0,0,0,-3.58443e-07
117,69,0.917969,0.542969,1,0,0,0,-1.91757e-07
118,69,0.925781,0.542969,1,0,0,0,-1.01309e-07
119,69,0.933594,0.542969,1,0,0,0,-5.28588e-08
120,69,0.941406,0.542969,1,0,0,0,-2.72373e-08
121,69,0.949219,0.542969,1,0,0,0,-1.38609e-08
122,69,0.957031,0.542969,1,0,0,0,-6.96637e-09
123,69,0.964844,0.542969,1,0,0,0,-3.45791e-09
124,69,0.972656,0.542969,1,0,0,0,-1.69518e-09
125,69,0.980469,0.542969,1,0,0,0,-8.20762e-10
126,69,0.988281,0.542969,1,0,0,0,-3.92475e-10
127,69,0.996094,0.542969,1,0,0,0,-1.26235e-10
0,70,0.00390625,0.550781,1,0,0,0,1.17325e-10
1,70,0.0117188,0.550781,1,0,0,0,3.64764e-10
2,70,0.0195312,0.550781,1,0,0,0,7.62796e-10
3,70,0.0273438,0.550781,1,0,0,0,1.57546e-09
4,70,0.0351562,0.550781,1,0,0,0,3.2137e-09
5,70,0.0429688,0.550781,1,0,0,0,6.47438e-09
6,70,0.0507812,0.550781,1,0,0,0,1.2882e-08
7,70,0.0585938,0.550781,1,0,0,0,2.53137e-08
8,70,0.0664062,0.550781,1,0,0,0,4.91256e-08
9,70,0.0742188,0.550781,1,0,0,0,9.41541e-08
10,70,0.0820312,0.550781,1,0,0,0,1.78214e-07
11,70,0.0898438,0.550781,1,0,0,0,3.33128e-07
12,70,0.0976562,0.550781,1,0,0,0,6.14953e-07
13,70,0.105469,0.550781,1,0,0,0,1.12106e-06
14,70,0.113281,0.550781,1,0,0,0,2.01818e-06
15,70,0.121094,0.550781,1,0,0,0,3.58786e-06
16,70,0.128906,0.550781,1,0,0,0,6.2986e-06
17,70,0.136719,0.550781,1,0,0,0,1.09189e-05
18,70,0.144531,0.550781,1,0,0,0,1.8691e-05
19,70,0.152344,0.550781,1,0,0,0,3.15932e-05
20,70,0.160156,0.550781,1,0,0,0,5.27297e-05
21,70,0.167969,0.550781,1,0,0,0,8.68973e-05
22,70,0.175781,0.550781,1,0,0,0,0.000141396
23,70,0.183594,0.550781,1,0,0,0,0.00022716
24,70,0.191406,0.550781,1.00001,0,0,0,0.000360315
25,70,0.199219,0.550781,1.00001,0,0,0,0.000564253
26,70,0.207031,0.550781,1.00001,0,0,0,0.000872351
27,70,0.214844,0.550781,1.00002,0,0,0,0.00133143
28,70,0.222656,0.550781,1.00004,0,0,0,0.00200604
29,70,0.230469,0.550781,1.00005,0,0,0,0.00298356
30,70,0.238281,0.550781,1.00008,0,0,0,0.00438011
31,70,0.246094,0.550781,1.00012,0,0,0,0.00634697
32,70,0.253906,0.550781,1.00018,0,0,0,0.0090773
33,70,0.261719,0.550781,1.00026,0,0,0,0.0128123
34,70,0.269531,0.550781,1.00038,0,0,0,0.0178465
35,70,0.277344,0.550781,1.00054,0,0,0,0.02453
36,70,0.285156,0.550781,1.00076,0,0,0,0.0332679
37,70,0.292969,0.550781,1.00106,0,0,0,0.0445143
38,70,0.300781,0.550781,1.00146,0,0,0,0.058759
39,70,0.308594,0.550781,1.00198,0,0,0,0.0765069
40,70,0.316406,0.550781,1.00266,0,0,0,0.0982477
41,70,0.324219,0.550781,1.00352,0,0,0,0.124416
42,70,0.332031,0.550781,1.0046,0,0,0,0.155343
43,70,0.339844,0.550781,1.00594,0,0,0,0.1912
44,70,0.347656,0.550781,1.00759,0,0,0,0.231935
45,70,0.355469,0.550781,1.00957,0,0,0,0.277219
46,70,0.363281,0.550781,1.01192,0,0,0,0.326384
47,70,0.371094,0.550781,1.01467,0,0,0,0.378384
48,70,0.378906,0.550781,1.01783,0,0,0,0.431777
49,70,0.386719,0.550781,1.02141,0,0,0,0.484725
50,70,0.394531,0.550781,1.0254,0,0,0,0.535032
51,70,0.402344,0.550781,1.02977,0,0,0,0.580223
52,70,0.410156,0.550781,1.03447,0,0,0,0.617649
53,70,0.417969,0.550781,1.03942,0,0,0,0.644632
54,70,0.425781,0.550781,1.04454,0,0,0,0.658635
55,70,0.433594,0.550781,1.04972,0,0,0,0.657445
56,70,0.441406,0.550781,1.05482,0,0,0,0.639353
57,70,0.449219,0.550781,1.05971,0,0,0,0.603326
58,70,0.457031,0.550781,1.06424,0,0,0,0.549137
59,70,0.464844,0.550781,1.06829,0,0,0,0.477452
60,70,0.472656,0.550781,1.0717,0,0,0,0.389857
61,70,0.480469,0.550781,1.07438,0,0,0,0.288813
62,70,0.488281,0.550781,1.07622,0,0,0,0.177553
63,70,0.496094,0.550781,1.07715,0,0,0,0.0599082
64,70,0.503906,0.550781,1.07715,0,0,0,-0.0599082
65,70,0.511719,0.550781,1.07622,0,0,0,-0.177553
66,70,0.519531,0.550781,1.07438,0,0,0,-0.288813
67,70,0.527344,0.550781,1.0717,0,0,0,-0.389857
68,70,0.535156,0.550781,1.06829,0,0,0,-0.477452
69,70,0.542969,0.550781,1.06424,0,0,0,-0.549137
70,70,0.550781,0.550781,1.05971,0,0,0,-0.603326
71,70,0.558594,0.550781,1.05482,0,0,0,-0.639353
72,70,0.566406,0.550781,1.04972,0,0,0,-0.657445
73,70,0.574219,0.550781,1.04454,0,0,0,-0.658635
74,70,0.582031,0.550781,1.03942,0,0,0,-0.644632
75,70,0.589844,0.550781,1.03447,0,0,0,-0.617649
76,70,0.597656,0.550781,1.02977,0,0,0,-0.580223
77,70,0.605469,0.550781,1.0254,0,0,0,-0.535032
78,70,0.613281,0.550781,1.02141,0,0,0,-0.484725
79,70,0.621094,0.550781,1.01783,0,0,0,-0.431777
80,70,0.628906,0.550781,1.01467,0,0,0,-0.378384
81,70,0.636719,0.550781,1.01192,0,0,0,-0.326384
82,70,0.644531,0.550781,1.00957,0,0,0,-0.277219
83,70,0.652344,0.550781,1.00759,0,0,0,-0.231935
84,70,0.660156,0.550781,1.00594,0,0,0,-0.1912
85,70,0.667969,0.550781,1.0046,0,0,0,-0.155343
86,70,0.675781,0.550781,1.00352,0,0,0,-0.124416
87,70,0.683594,0.550781,1.00266,0,0,0,-0.0982477
88,70,0.691406,0.550781,1.00198,0,0,0,-0.0765069
89,70,0.699219,0.550781,1.00146,0,0,0,-0.058759
90,70,0.707031,0.550781,1.00106,0,0,0,-0.0445143
91,70,0.714844,0.550781,1.00076,0,0,0,-0.0332679
92,70,0.722656,0.550781,1.00054,0,0,0,-0.02453
93,70,0.730469,0.550781,1.00038,0,0,0,-0.0178465
94,70,0.738281,0.550781,1.00026,0,0,0,-0.0128123
95,70,0.746094,0.550781,1.00018,0,0,0,-0.0090773
96,70,0.753906,0.550781,1.00012,0,0,0,-0.00634697
97,70,0.761719,0.550781,1.00008,0,0,0,-0.00438011
98,70,0.769531,0.550781,1.00005,0,0,0,-0.00298356
99,70,0.777344,0.550781,1.00004,0,0,0,-0.00200604
100,70,0.785156,0.550781,1.00002,0,0,0,-0.00133143
101,70,0.792969,0.550781,1.00001,0,0,0,-0.000872351
102,70,0.800781,0.550781,1.00001,0,0,0,-0.000564253
103,70,0.808594,0.550781,1.00001,0,0,0,-0.000360315
104,70,0.816406,0.550781,1,0,0,0,-0.00022716
105,70,0.824219,0.550781,1,0,0,0,-0.000141396
106,70,0.832031,0.550781,1,0,0,0,-8.68973e-05
107,70,0.839844,0.550781,1,0,0,0,-5.27297e-05
108,70,0.847656,0.550781,1,0,0,0,-3.15932e-05
109,70,0.855469,0.550781,1,0,0,0,-1.8691e-05
110,70,0.863281,0.550781,1,0,0,0,-1.09189e-05
111,70,0.871094,0.550781,1,0,0,0,-6.2986e-06
112,70,0.878906,0.550781,1,0,0,0,-3.58786e-06
113,70,0.886719,0.550781,1,0,0,0,-2.01818e-06
114,70,0.894531,0.550781,1,0,0,0,-1.12106e-06
115,70,0.902344,0.550781,1,0,0,0,-6.14953e-07
116,70,0.910156,0.550781,1,0,0,0,-3.33128e-07
117,70,0.917969,0.550781,1,0,0,0,-1.78214e-07
118,70,0.925781,0.550781,1,0,0,0,-9.41541e-08
119,70,0.933594,0.550781,1,0,0,0,-4.91256e-08
120,70,0.941406,0.550781,1,0,0,0,-2.53137e-08
121,70,0.949219,0.550781,1,0,0,0,-1.2882e-08
122,70,0.957031,0.550781,1,0,0,0,-6.47438e-09
123,70,0.964844,0.550781,1,0,0,0,-3.2137e-09
124,70,0.972656,0.550781,1,0,0,0,-1.57546e-09
125,70,0.980469,0.550781,1,0,0,0,-7.62796e-10
126,70,0.988281,0.550781,1,0,0,0,-3.64764e-10
127,70,0.996094,0.550781,1,0,0,0,-1.17325e-10
0,71,0.00390625,0.558594,1,0,0,0,1.07718e-10
1,71,0.0117188,0.558594,1,0,0,0,3.34879e-10
2,71,0.0195312,0.558594,1,0,0,0,7.00311e-10
3,71,0.0273438,0.558594,1,0,0,0,1.44644e-09
4,71,0.0351562,0.558594,1,0,0,0,2.9505e-09
5,71,0.0429688,0.558594,1,0,0,0,5.94413e-09
6,71,0.0507812,0.558594,1,0,0,0,1.1827e-08
7,71,0.0585938,0.558594,1,0,0,0,2.32404e-08
8,71,0.0664062,0.558594,1,0,0,0,4.51022e-08
9,71,0.0742188,0.558594,1,0,0,0,8.64428e-08
10,71,0.0820312,0.558594,1,0,0,0,1.63618e-07
11,71,0.0898438,0.558594,1,0,0,0,3.05845e-07
12,71,0.0976562,0.558594,1,0,0,0,5.64588e-07
13,71,0.105469,0.558594,1,0,0,0,1.02924e-06
14,71,0.113281,0.558594,1,0,0,0,1.85289e-06
15,71,0.121094,0.558594,1,0,0,0,3.29401e-06
16,71,0.128906,0.558594,1,0,0,0,5.78275e-06
17,71,0.136719,0.558594,1,0,0,0,1.00246e-05
18,71,0.144531,0.558594,1,0,0,0,1.71602e-05
19,71,0.152344,0.558594,1,0,0,0,2.90057e-05
20,71,0.160156,0.558594,1,0,0,0,4.84112e-05
21,71,0.167969,0.558594,1,0,0,0,7.97804e-05
22,71,0.175781,0.558594,1,0,0,0,0.000129815
23,71,0.183594,0.558594,1,0,0,0,0.000208556
24,71,0.191406,0.558594,1.00001,0,0,0,0.000330805
25,71,0.199219,0.558594,1.00001,0,0,0,0.00051804
26,71,0.207031,0.558594,1.00001,0,0,0,0.000800905
27,71,0.214844,0.558594,1.00002,0,0,0,0.00122239
28,71,0.222656,0.558594,1.00003,0,0,0,0.00184174
29,71,0.230469,0.558594,1.00005,0,0,0,0.00273921
30,71,0.238281,0.558594,1.00008,0,0,0,0.00402137
31,71,0.246094,0.558594,1.00011,0,0,0,0.00582715
32,71,0.253906,0.558594,1.00017,0,0,0,0.00833387
33,71,0.261719,0.558594,1.00024,0,0,0,0.011763
34,71,0.269531,0.558594,1.00035,0,0,0,0.0163848
35,71,0.277344,0.558594,1.0005,0,0,0,0.022521
36,71,0.285156,0.558594,1.0007,0,0,0,0.0305433
37,71,0.292969,0.558594,1.00098,0,0,0,0.0408686
38,71,0.300781,0.558594,1.00134,0,0,0,0.0539467
39,71,0.308594,0.558594,1.00182,0,0,0,0.070241
40,71,0.316406,0.558594,1.00244,0,0,0,0.0902012
41,71,0.324219,0.558594,1.00323,0,0,0,0.114226
42,71,0.332031,0.558594,1.00422,0,0,0,0.142621
43,71,0.339844,0.558594,1.00546,0,0,0,0.17554
44,71,0.347656,0.558594,1.00697,0,0,0,0.21294
45,71,0.355469,0.558594,1.00878,0,0,0,0.254515
46,71,0.363281,0.558594,1.01094,0,0,0,0.299653
47,71,0.371094,0.558594,1.01347,0,0,0,0.347395
48,71,0.378906,0.558594,1.01637,0,0,0,0.396415
49,71,0.386719,0.558594,1.01966,0,0,0,0.445026
50,71,0.394531,0.558594,1.02332,0,0,0,0.491213
51,71,0.402344,0.558594,1.02734,0,0,0,0.532702
52,71,0.410156,0.558594,1.03165,0,0,0,0.567063
53,71,0.417969,0.558594,1.0362,0,0,0,0.591836
54,71,0.425781,0.558594,1.04089,0,0,0,0.604693
55,71,0.433594,0.558594,1.04564,0,0,0,0.6036
56,71,0.441406,0.558594,1.05033,0,0,0,0.58699
57,71,0.449219,0.558594,1.05482,0,0,0,0.553914
58,71,0.457031,0.558594,1.05898,0,0,0,0.504163
59,71,0.464844,0.558594,1.06269,0,0,0,0.438349
60,71,0.472656,0.558594,1.06583,0,0,0,0.357927
61,71,0.480469,0.558594,1.06829,0,0,0,0.265159
62,71,0.488281,0.558594,1.06997,0,0,0,0.163011
63,71,0.496094,0.558594,1.07083,0,0,0,0.0550017
64,71,0.503906,0.558594,1.07083,0,0,0,-0.0550017
65,71,0.511719,0.558594,1.06997,0,0,0,-0.163011
66,71,0.519531,0.558594,1.06829,0,0,0,-0.265159
67,71,0.527344,0.558594,1.06583,0,0,0,-0.357927
68,71,0.535156,0.558594,1.06269,0,0,0,-0.438349
69,71,0.542969,0.558594,1.05898,0,0,0,-0.504163
70,71,0.550781,0.558594,1.05482,0,0,0,-0.553914
71,71,0.558594,0.558594,1.05033,0,0,0,-0.58699
72,71,0.566406,0.558594,1.04564,0,0,0,-0.6036
73,71,0.574219,0.558594,1.04089,0,0,0,-0.604693
74,71,0.582031,0.558594,1.0362,0,0,0,-0.591836
75,71,0.589844,0.558594,1.03165,0,0,0,-0.567063
76,71,0.597656,0.558594,1.02734,0,0,0,-0.532702
77,71,0.605469,0.558594,1.02332,0,0,0,-0.491213
78,71,0.613281,0.558594,1.01966,0,0,0,-0.445026
79,71,0.621094,0.558594,1.01637,0,0,0,-0.396415
80,71,0.628906,0.558594,1.01347,0,0,0,-0.347395
81,71,0.636719,0.558594,1.01094,0,0,0,-0.299653
82,71,0.644531,0.558594,1.00878,0,0,0,-0.254515
83,71,0.652344,0.558594,1.00697,0,0,0,-0.21294
84,71,0.660156,0.558594,1.00546,0,0,0,-0.17554
85,71,0.667969,0.558594,1.00422,0,0,0,-0.142621
86,71,0.675781,0.558594,1.00323,0,0,0,-0.114226
87,71,0.683594,0.558594,1.00244,0,0,0,-0.0902012
88,71,0.691406,0.558594,1.00182,0,0,0,-0.070241
89,71,0.699219,0.558594,1.00134,0,0,0,-0.0539467
90,71,0.707031,0.558594,1.00098,0,0,0,-0.0408686
91,71,0.714844,0.558594,1.0007,0,0,0,-0.0305433
92,71,0.722656,0.558594,1.0005,0,0,0,-0.022521
93,71,0.730469,0.558594,1.00035,0,0,0,-0.0163848
94,71,0.738281,0.558594,1.00024,0,0,0,-0.011763
95,71,0.746094,0.558594,1.00017,0,0,0,-0.00833387
96,71,0.753906,0.558594,1.00011,0,0,0,-0.00582715
97,71,0.761719,0.558594,1.00008,0,0,0,-0.00402137
98,71,0.769531,0.558594,1.00005,0,0,0,-0.00273921
99,71,0.777344,0.558594,1.00003,0,0,0,-0.00184174
100,71,0.785156,0.558594,1.00002,0,0,0,-0.00122239
101,71,0.792969,0.558594,1.00001,0,0,0,-0.000800905
102,71,0.800781,0.558594,1.00001,0,0,0,-0.00051804
103,71,0.808594,0.558594,1.00001,0,0,0,-0.000330805
104,71,0.816406,0.558594,1,0,0,0,-0.000208556
105,71,0.824219,0.558594,1,0,0,0,-0.000129815
106,71,0.832031,0.558594,1,0,0,0,-7.97804e-05
107,71,0.839844,0.558594,1,0,0,0,-4.84112e-05
108,71,0.847656,0.558594,1,0,0,0,-2.90057e-05
109,71,0.855469,0.558594,1,0,0,0,-1.71602e-05
110,71,0.863281,0.558594,1,0,0,0,-1.00246e-05
111,71,0.871094,0.558594,1,0,0,0,-5.78275e-06
112,71,0.878906,0.558594,1,0,0,0,-3.29401e-06
113,71,0.886719,0.558594,1,0,0,0,-1.85289e-06
114,71,0.894531,0.558594,1,0,0,0,-1.02924e-06
115,71,0.902344,0.558594,1,0,0,0,-5.64588e-07
116,71,0.910156,0.558594,1,0,0,0,-3.05845e-07
117,71,0.917969,0.558594,1,0,0,0,-1.63618e-07
118,71,0.925781,0.558594,1,0,0,0,-8.64428e-08
119,71,0.933594,0.558594,1,0,0,0,-4.51022e-08
120,71,0.941406,0.558594,1,0,0,0,-2.32404e-08
121,71,0.949219,0.558594,1,0,0,0,-1.1827e-08
122,71,0.957031,0.558594,1,0,0,0,-5.94413e-09
123,71,0.964844,0.558594,1,0,0,0,-2.9505e-09
124,71,0.972656,0.558594,1,0,0,0,-1.44644e-09
125,71,0.980469,0.558594,1,0,0,0,-7.00311e-10
126,71,0.988281,0.558594,1,0,0,0,-3.34879e-10
127,71,0.996094,0.558594,1,0,0,0,-1.07718e-10
0,72,0.00390625,0.566406,1,0,0,0,9.76996e-11
1,72,0.0117188,0.566406,1,0,0,0,3.03743e-10
2,72,0.0195312,0.566406,1,0,0,0,6.35168e-10
3,72,0.0273438,0.566406,1,0,0,0,1.31185e-09
4,72,0.0351562,0.566406,1,0,0,0,2.67599e-09
5,72,0.0429688,0.566406,1,0,0,0,5.3911e-09
6,72,0.0507812,0.566406,1,0,0,0,1.07266e-08
7,72,0.0585938,0.566406,1,0,0,0,2.10782e-08
8,72,0.0664062,0.566406,1,0,0,0,4.0906e-08
9,72,0.0742188,0.566406,1,0,0,0,7.84002e-08
10,72,0.0820312,0.566406,1,0,0,0,1.48395e-07
11,72,0.0898438,0.566406,1,0,0,0,2.77389e-07
12,72,0.0976562,0.566406,1,0,0,0,5.12059e-07
13,72,0.105469,0.566406,1,0,0,0,9.33481e-07
14,72,0.113281,0.566406,1,0,0,0,1.6805e-06
15,72,0.121094,0.566406,1,0,0,0,2.98754e-06
16,72,0.128906,0.566406,1,0,0,0,5.24472e-06
17,72,0.136719,0.566406,1,0,0,0,9.09196e-06
18,72,0.144531,0.566406,1,0,0,0,1.55636e-05
19,72,0.152344,0.566406,1,0,0,0,2.63071e-05
20,72,0.160156,0.566406,1,0,0,0,4.3907e-05
21,72,0.167969,0.566406,1,0,0,0,7.23577e-05
22,72,0.175781,0.566406,1,0,0,0,0.000117737
23,72,0.183594,0.566406,1,0,0,0,0.000189152
24,72,0.191406,0.566406,1,0,0,0,0.000300027
25,72,0.199219,0.566406,1.00001,0,0,0,0.000469842
26,72,0.207031,0.566406,1.00001,0,0,0,0.000726389
27,72,0.214844,0.566406,1.00002,0,0,0,0.00110866
28,72,0.222656,0.566406,1.00003,0,0,0,0.00167039
29,72,0.230469,0.566406,1.00005,0,0,0,0.00248435
30,72,0.238281,0.566406,1.00007,0,0,0,0.00364723
31,72,0.246094,0.566406,1.0001,0,0,0,0.005285
32,72,0.253906,0.566406,1.00015,0,0,0,0.00755849
33,72,0.261719,0.566406,1.00022,0,0,0,0.0106686
34,72,0.269531,0.566406,1.00032,0,0,0,0.0148604
35,72,0.277344,0.566406,1.00045,0,0,0,0.0204256
36,72,0.285156,0.566406,1.00064,0,0,0,0.0277016
37,72,0.292969,0.566406,1.00089,0,0,0,0.0370662
38,72,0.300781,0.566406,1.00122,0,0,0,0.0489275
39,72,0.308594,0.566406,1.00165,0,0,0,0.0637058
40,72,0.316406,0.566406,1.00221,0,0,0,0.0818089
41,72,0.324219,0.566406,1.00293,0,0,0,0.103599
42,72,0.332031,0.566406,1.00383,0,0,0,0.129351
43,72,0.339844,0.566406,1.00495,0,0,0,0.159208
44,72,0.347656,0.566406,1.00632,0,0,0,0.193128
45,72,0.355469,0.566406,1.00797,0,0,0,0.230835
46,72,0.363281,0.566406,1.00992,0,0,0,0.271773
47,72,0.371094,0.566406,1.01221,0,0,0,0.315073
48,72,0.378906,0.566406,1.01485,0,0,0,0.359533
49,72,0.386719,0.566406,1.01783,0,0,0,0.403621
50,72,0.394531,0.566406,1.02115,0,0,0,0.445511
51,72,0.402344,0.566406,1.02479,0,0,0,0.48314
52,72,0.410156,0.566406,1.0287,0,0,0,0.514304
53,72,0.417969,0.566406,1.03283,0,0,0,0.536772
54,72,0.425781,0.566406,1.03709,0,0,0,0.548433
55,72,0.433594,0.566406,1.0414,0,0,0,0.547442
56,72,0.441406,0.566406,1.04564,0,0,0,0.532377
57,72,0.449219,0.566406,1.04972,0,0,0,0.502378
58,72,0.457031,0.566406,1.05349,0,0,0,0.457256
59,72,0.464844,0.566406,1.05686,0,0,0,0.397565
60,72,0.472656,0.566406,1.05971,0,0,0,0.324626
61,72,0.480469,0.566406,1.06193,0,0,0,0.240489
62,72,0.488281,0.566406,1.06346,0,0,0,0.147845
63,72,0.496094,0.566406,1.06424,0,0,0,0.0498844
64,72,0.503906,0.566406,1.06424,0,0,0,-0.0498844
65,72,0.511719,0.566406,1.06346,0,0,0,-0.147845
66,72,0.519531,0.566406,1.06193,0,0,0,-0.240489
67,72,0.527344,0.566406,1.05971,0,0,0,-0.324626
68,72,0.535156,0.566406,1.05686,0,0,0,-0.397565
69,72,0.542969,0.566406,1.05349,0,0,0,-0.457256
70,72,0.550781,0.566406,1.04972,0,0,0,-0.502378
71,72,0.558594,0.566406,1.04564,0,0,0,-0.532377
72,72,0.566406,0.566406,1.0414,0,0,0,-0.547442
73,72,0.574219,0.566406,1.03709,0,0,0,-0.548433
74,72,0.582031,0.566406,1.03283,0,0,0,-0.536772
75,72,0.589844,0.566406,1.0287,0,0,0,-0.514304
76,72,0.597656,0.566406,1.02479,0,0,0,-0.48314
77,72,0.605469,0.566406,1.02115,0,0,0,-0.445511
78,72,0.613281,0.566406,1.01783,0,0,0,-0.403621
79,72,0.621094,0.566406,1.01485,0,0,0,-0.359533
80,72,0.628906,0.566406,1.01221,0,0,0,-0.315073
81,72,0.636719,0.566406,1.00992,0,0,0,-0.271773
82,72,0.644531,0.566406,1.00797,0,0,0,-0.230835
83,72,0.652344,0.566406,1.00632,0,0,0,-0.193128
84,72,0.660156,0.566406,1.00495,0,0,0,-0.159208
85,72,0.667969,0.566406,1.00383,0,0,0,-0.129351
86,72,0.675781,0.566406,1.00293,0,0,0,-0.103599
87,72,0.683594,0.566406,1.00221,0,0,0,-0.0818089
88,72,0.691406,0.566406,1.00165,0,0,0,-0.0637058
89,72,0.699219,0.566406,1.00122,0,0,0,-0.0489275
90,72,0.707031,0.566406,1.00089,0,0,0,-0.0370662
91,72,0.714844,0.566406,1.00064,0,0,0,-0.0277016
92,72,0.722656,0.566406,1.00045,0,0,0,-0.0204256
93,72,0.730469,0.566406,1.00032,0,0,0,-0.0148604
94,72,0.738281,0.566406,1.00022,0,0,0,-0.0106686
95,72,0.746094,0.566406,1.00015,0,0,0,-0.00755849
96,72,0.753906,0.566406,1.0001,0,0,0,-0.005285
97,72,0.761719,0.566406,1.00007,0,0,0,-0.00364723
98,72,0.769531,0.566406,1.00005,0,0,0,-0.00248435
99,72,0.777344,0.566406,1.00003,0,0,0,-0.00167039
100,72,0.785156,0.566406,1.00002,0,0,0,-0.00110866
101,72,0.792969,0.566406,1.00001,0,0,0,-0.000726389
102,72,0.800781,0.566406,1.00001,0,0,0,-0.000469842
103,72,0.808594,0.566406,1,0,0,0,-0.000300027
104,72,0.816406,0.566406,1,0,0,0,-0.000189152
105,72,0.824219,0.566406,1,0,0,0,-0.000117737
106,72,0.832031,0.566406,1,0,0,0,-7.23577e-05
107,72,0.839844,0.566406,1,0,0,0,-4.3907e-05
108,72,0.847656,0.566406,1,0,0,0,-2.63071e-05
109,72,0.855469,0.566406,1,0,0,0,-1.55636e-05
110,72,0.863281,0.566406,1,0,0,0,-9.09196e-06
111,72,0.871094,0.566406,1,0,0,0,-5.24472e-06
112,72,0.878906,0.566406,1,0,0,0,-2.98754e-06
113,72,0.886719,0.566406,1,0,0,0,-1.6805e-06
114,72,0.894531,0.566406,1,0,0,0,-9.33481e-07
115,72,0.902344,0.566406,1,0,0,0,-5.12059e-07
116,72,0.910156,0.566406,1,0,0,0,-2.77389e-07
117,72,0.917969,0.566406,1,0,0,0,-1.48395e-07
118,72,0.925781,0.566406,1,0,0,0,-7.84002e-08
119,72,0.933594,0.566406,1,0,0,0,-4.0906e-08
120,72,0.941406,0.566406,1,0,0,0,-2.10782e-08
121,72,0.949219,0.566406,1,0,0,0,-1.07266e-08
122,72,0.957031,0.566406,1,0,0,0,-5.3911e-09
123,72,0.964844,0.566406,1,0,0,0,-2.67599e-09
124,72,0.972656,0.566406,1,0,0,0,-1.31185e-09
125,72,0.980469,0.566406,1,0,0,0,-6.35168e-10
126,72,0.988281,0.566406,1,0,0,0,-3.03743e-10
127,72,0.996094,0.566406,1,0,0,0,-9.76996e-11
0,73,0.00390625,0.574219,1,0,0,0,8.75247e-11
1,73,0.0117188,0.574219,1,0,0,0,2.72124e-10
2,73,0.0195312,0.574219,1,0,0,0,5.69088e-10
3,73,0.0273438,0.574219,1,0,0,0,1.17537e-09
4,73,0.0351562,0.574219,1,0,0,0,2.39756e-09
5,73,0.0429688,0.574219,1,0,0,0,4.83018e-09
6,73,0.0507812,0.574219,1,0,0,0,9.61056e-09
7,73,0.0585938,0.574219,1,0,0,0,1.88851e-08
8,73,0.0664062,0.574219,1,0,0,0,3.665e-08
9,73,0.0742188,0.574219,1,0,0,0,7.02432e-08
10,73,0.0820312,0.574219,1,0,0,0,1.32956e-07
11,73,0.0898438,0.574219,1,0,0,0,2.48529e-07
12,73,0.0976562,0.574219,1,0,0,0,4.58783e-07
13,73,0.105469,0.574219,1,0,0,0,8.36358e-07
14,73,0.113281,0.574219,1,0,0,0,1.50566e-06
15,73,0.121094,0.574219,1,0,0,0,2.67671e-06
16,73,0.128906,0.574219,1,0,0,0,4.69904e-06
17,73,0.136719,0.574219,1,0,0,0,8.146e-06
18,73,0.144531,0.574219,1,0,0,0,1.39443e-05
19,73,0.152344,0.574219,1,0,0,0,2.357e-05
20,73,0.160156,0.574219,1,0,0,0,3.93388e-05
21,73,0.167969,0.574219,1,0,0,0,6.48294e-05
22,73,0.175781,0.574219,1,0,0,0,0.000105488
23,73,0.183594,0.574219,1,0,0,0,0.000169472
24,73,0.191406,0.574219,1,0,0,0,0.000268812
25,73,0.199219,0.574219,1.00001,0,0,0,0.000420958
26,73,0.207031,0.574219,1.00001,0,0,0,0.000650813
27,73,0.214844,0.574219,1.00002,0,0,0,0.000993308
28,73,0.222656,0.574219,1.00003,0,0,0,0.0014966
29,73,0.230469,0.574219,1.00004,0,0,0,0.00222587
30,73,0.238281,0.574219,1.00006,0,0,0,0.00326776
31,73,0.246094,0.574219,1.00009,0,0,0,0.00473513
32,73,0.253906,0.574219,1.00014,0,0,0,0.00677208
33,73,0.261719,0.574219,1.0002,0,0,0,0.00955859
34,73,0.269531,0.574219,1.00028,0,0,0,0.0133143
35,73,0.277344,0.574219,1.00041,0,0,0,0.0183005
36,73,0.285156,0.574219,1.00057,0,0,0,0.0248194
37,73,0.292969,0.574219,1.00079,0,0,0,0.0332097
38,73,0.300781,0.574219,1.00109,0,0,0,0.0438369
39,73,0.308594,0.574219,1.00148,0,0,0,0.0570776
40,73,0.316406,0.574219,1.00198,0,0,0,0.0732973
41,73,0.324219,0.574219,1.00262,0,0,0,0.0928201
42,73,0.332031,0.574219,1.00343,0,0,0,0.115893
43,73,0.339844,0.574219,1.00443,0,0,0,0.142644
44,73,0.347656,0.574219,1.00566,0,0,0,0.173034
45,73,0.355469,0.574219,1.00714,0,0,0,0.206818
46,73,0.363281,0.574219,1.00889,0,0,0,0.243497
47,73,0.371094,0.574219,1.01094,0,0,0,0.282292
48,73,0.378906,0.574219,1.0133,0,0,0,0.322126
49,73,0.386719,0.574219,1.01598,0,0,0,0.361627
50,73,0.394531,0.574219,1.01895,0,0,0,0.399158
51,73,0.402344,0.574219,1.02221,0,0,0,0.432873
52,73,0.410156,0.574219,1.02572,0,0,0,0.460794
53,73,0.417969,0.574219,1.02941,0,0,0,0.480925
54,73,0.425781,0.574219,1.03323,0,0,0,0.491372
55,73,0.433594,0.574219,1.03709,0,0,0,0.490484
56,73,0.441406,0.574219,1.04089,0,0,0,0.476987
57,73,0.449219,0.574219,1.04454,0,0,0,0.450109
58,73,0.457031,0.574219,1.04793,0,0,0,0.409681
59,73,0.464844,0.574219,1.05094,0,0,0,0.356201
60,73,0.472656,0.574219,1.05349,0,0,0,0.290851
61,73,0.480469,0.574219,1.05549,0,0,0,0.215468
62,73,0.488281,0.574219,1.05686,0,0,0,0.132462
63,73,0.496094,0.574219,1.05756,0,0,0,0.0446942
64,73,0.503906,0.574219,1.05756,0,0,0,-0.0446942
65,73,0.511719,0.574219,1.05686,0,0,0,-0.132462
66,73,0.519531,0.574219,1.05549,0,0,0,-0.215468
67,73,0.527344,0.574219,1.05349,0,0,0,-0.290851
68,73,0.535156,0.574219,1.05094,0,0,0,-0.356201
69,73,0.542969,0.574219,1.04793,0,0,0,-0.409681
70,73,0.550781,0.574219,1.04454,0,0,0,-0.450109
71,73,0.558594,0.574219,1.04089,0,0,0,-0.476987
72,73,0.566406,0.574219,1.03709,0,0,0,-0.490484
73,73,0.574219,0.574219,1.03323,0,0,0,-0.491372
74,73,0.582031,0.574219,1.02941,0,0,0,-0.480925
75,73,0.589844,0.574219,1.02572,0,0,0,-0.460794
76,73,0.597656,0.574219,1.02221,0,0,0,-0.432873
77,73,0.605469,0.574219,1.01895,0,0,0,-0.399158
78,73,0.613281,0.574219,1.01598,0,0,0,-0.361627
79,73,0.621094,0.574219,1.0133,0,0,0,-0.322126
80,73,0.628906,0.574219,1.01094,0,0,0,-0.282292
81,73,0.636719,0.574219,1.00889,0,0,0,-0.243497
82,73,0.644531,0.574219,1.00714,0,0,0,-0.206818
83,73,0.652344,0.574219,1.00566,0,0,0,-0.173034
84,73,0.660156,0.574219,1.00443,0,0,0,-0.142644
85,73,0.667969,0.574219,1.00343,0,0,0,-0.115893
86,73,0.675781,0.574219,1.00262,0,0,0,-0.0928201
87,73,0.683594,0.574219,1.00198,0,0,0,-0.0732973
88,73,0.691406,0.574219,1.00148,0,0,0,-0.0570776
89,73,0.699219,0.574219,1.00109,0,0,0,-0.0438369
90,73,0.707031,0.574219,1.00079,0,0,0,-0.0332097
91,73,0.714844,0.574219,1.00057,0,0,0,-0.0248194
92,73,0.722656,0.574219,1.00041,0,0,0,-0.0183005
93,73,0.730469,0.574219,1.00028,0,0,0,-0.0133143
94,73,0.738281,0.574219,1.0002,0,0,0,-0.00955859
95,73,0.746094,0.574219,1.00014,0,0,0,-0.00677208
96,73,0.753906,0.574219,1.00009,0,0,0,-0.00473513
97,73,0.761719,0.574219,1.00006,0,0,0,-0.00326776
98,73,0.769531,0.574219,1.00004,0,0,0,-0.00222587
99,73,0.777344,0.574219,1.00003,0,0,0,-0.0014966
100,73,0.785156,0.574219,1.00002,0,0,0,-0.000993308
101,73,0.792969,0.574219,1.00001,0,0,0,-0.000650813
102,73,0.800781,0.574219,1.00001,0,0,0,-0.000420958
103,73,0.808594,0.574219,1,0,0,0,-0.000268812
104,73,0.816406,0.574219,1,0,0,0,-0.000169472
105,73,0.824219,0.574219,1,0,0,0,-0.000105488
106,73,0.832031,0.574219,1,0,0,0,-6.48294e-05
107,73,0.839844,0.574219,1,0,0,0,-3.93388e-05
108,73,0.847656,0.574219,1,0,0,0,-2.357e-05
109,73,0.855469,0.574219,1,0,0,0,-1.39443e-05
110,73,0.863281,0.574219,1,0,0,0,-8.146e-06
111,73,0.871094,0.574219,1,0,0,0,-4.69904e-06
112,73,0.878906,0.574219,1,0,0,0,-2.67671e-06
113,73,0.886719,0.574219,1,0,0,0,-1.50566e-06
114,73,0.894531,0.574219,1,0,0,0,-8.36358e-07
115,73,0.902344,0.574219,1,0,0,0,-4.58783e-07
116,73,0.910156,0.574219,1,0,0,0,-2.48529e-07
117,73,0.917969,0.574219,1,0,0,0,-1.32956e-07
118,73,0.925781,0.574219,1,0,0,0,-7.02432e-08
119,73,0.933594,0.574219,1,0,0,0,-3.665e-08
120,73,0.941406,0.574219,1,0,0,0,-1.88851e-08
121,73,0.949219,0.574219,1,0,0,0,-9.61056e-09
122,73,0.957031,0.574219,1,0,0,0,-4.83018e-09
123,73,0.964844,0.574219,1,0,0,0,-2.39756e-09
124,73,0.972656,0.574219,1,0,0,0,-1.17537e-09
125,73,0.980469,0.574219,1,0,0,0,-5.69088e-10
126,73,0.988281,0.574219,1,0,0,0,-2.72124e-10
127,73,0.996094,0.574219,1,0,0,0,-8.75247e-11
0,74,0.00390625,0.582031,1,0,0,0,7.74776e-11
1,74,0.0117188,0.582031,1,0,0,0,2.4086e-10
2,74,0.0195312,0.582031,1,0,0,0,5.0369e-10
3,74,0.0273438,0.582031,1,0,0,0,1.04031e-09
4,74,0.0351562,0.582031,1,0,0,0,2.12205e-09
5,74,0.0429688,0.582031,1,0,0,0,4.27512e-09
6,74,0.0507812,0.582031,1,0,0,0,8.50616e-09
7,74,0.0585938,0.582031,1,0,0,0,1.6715e-08
8,74,0.0664062,0.582031,1,0,0,0,3.24384e-08
9,74,0.0742188,0.582031,1,0,0,0,6.21713e-08
10,74,0.0820312,0.582031,1,0,0,0,1.17677e-07
11,74,0.0898438,0.582031,1,0,0,0,2.19969e-07
12,74,0.0976562,0.582031,1,0,0,0,4.06062e-07
13,74,0.105469,0.582031,1,0,0,0,7.40249e-07
14,74,0.113281,0.582031,1,0,0,0,1.33264e-06
15,74,0.121094,0.582031,1,0,0,0,2.36912e-06
16,74,0.128906,0.582031,1,0,0,0,4.15906e-06
17,74,0.136719,0.582031,1,0,0,0,7.20991e-06
18,74,0.144531,0.582031,1,0,0,0,1.23419e-05
19,74,0.152344,0.582031,1,0,0,0,2.08615e-05
20,74,0.160156,0.582031,1,0,0,0,3.48182e-05
21,74,0.167969,0.582031,1,0,0,0,5.73796e-05
22,74,0.175781,0.582031,1,0,0,0,9.33656e-05
23,74,0.183594,0.582031,1,0,0,0,0.000149997
24,74,0.191406,0.582031,1,0,0,0,0.000237921
25,74,0.199219,0.582031,1.00001,0,0,0,0.000372584
26,74,0.207031,0.582031,1.00001,0,0,0,0.000576026
27,74,0.214844,0.582031,1.00002,0,0,0,0.000879163
28,74,0.222656,0.582031,1.00002,0,0,0,0.00132462
29,74,0.230469,0.582031,1.00004,0,0,0,0.00197009
30,74,0.238281,0.582031,1.00005,0,0,0,0.00289225
31,74,0.246094,0.582031,1.00008,0,0,0,0.004191
32,74,0.253906,0.582031,1.00012,0,0,0,0.00599387
33,74,0.261719,0.582031,1.00017,0,0,0,0.00846017
34,74,0.269531,0.582031,1.00025,0,0,0,0.0117843
35,74,0.277344,0.582031,1.00036,0,0,0,0.0161975
36,74,0.285156,0.582031,1.0005,0,0,0,0.0219673
37,74,0.292969,0.582031,1.0007,0,0,0,0.0293935
38,74,0.300781,0.582031,1.00096,0,0,0,0.0387994
39,74,0.308594,0.582031,1.00131,0,0,0,0.0505186
40,74,0.316406,0.582031,1.00175,0,0,0,0.0648744
41,74,0.324219,0.582031,1.00232,0,0,0,0.0821538
42,74,0.332031,0.582031,1.00304,0,0,0,0.102575
43,74,0.339844,0.582031,1.00392,0,0,0,0.126252
44,74,0.347656,0.582031,1.00501,0,0,0,0.15315
45,74,0.355469,0.582031,1.00632,0,0,0,0.183052
46,74,0.363281,0.582031,1.00787,0,0,0,0.215516
47,74,0.371094,0.582031,1.00968,0,0,0,0.249853
48,74,0.378906,0.582031,1.01177,0,0,0,0.285109
49,74,0.386719,0.582031,1.01414,0,0,0,0.320071
50,74,0.394531,0.582031,1.01678,0,0,0,0.353289
51,74,0.402344,0.582031,1.01966,0,0,0,0.383129
52,74,0.410156,0.582031,1.02276,0,0,0,0.407842
53,74,0.417969,0.582031,1.02603,0,0,0,0.42566
54,74,0.425781,0.582031,1.02941,0,0,0,0.434907
55,74,0.433594,0.582031,1.03283,0,0,0,0.43412
56,74,0.441406,0.582031,1.0362,0,0,0,0.422174
57,74,0.449219,0.582031,1.03942,0,0,0,0.398385
58,74,0.457031,0.582031,1.04242,0,0,0,0.362603
59,74,0.464844,0.582031,1.04509,0,0,0,0.315269
60,74,0.472656,0.582031,1.04735,0,0,0,0.257428
61,74,0.480469,0.582031,1.04911,0,0,0,0.190707
62,74,0.488281,0.582031,1.05033,0,0,0,0.117241
63,74,0.496094,0.582031,1.05094,0,0,0,0.0395583
64,74,0.503906,0.582031,1.05094,0,0,0,-0.0395583
65,74,0.511719,0.582031,1.05033,0,0,0,-0.117241
66,74,0.519531,0.582031,1.04911,0,0,0,-0.190707
67,74,0.527344,0.582031,1.04735,0,0,0,-0.257428
68,74,0.535156,0.582031,1.04509,0,0,0,-0.315269
69,74,0.542969,0.582031,1.04242,0,0,0,-0.362603
70,74,0.550781,0.582031,1.03942,0,0,0,-0.398385
71,74,0.558594,0.582031,1.0362,0,0,0,-0.422174
72,74,0.566406,0.582031,1.03283,0,0,0,-0.43412
73,74,0.574219,0.582031,1.02941,0,0,0,-0.434907
74,74,0.582031,0.582031,1.02603,0,0,0,-0.42566
75,74,0.589844,0.582031,1.02276,0,0,0,-0.407842
76,74,0.597656,0.582031,1.01966,0,0,0,-0.383129
77,74,0.605469,0.582031,1.01678,0,0,0,-0.353289
78,74,0.613281,0.582031,1.01414,0,0,0,-0.320071
79,74,0.621094,0.582031,1.01177,0,0,0,-0.285109
80,74,0.628906,0.582031,1.00968,0,0,0,-0.249853
81,74,0.636719,0.582031,1.00787,0,0,0,-0.215516
82,74,0.644531,0.582031,1.00632,0,0,0,-0.183052
83,74,0.652344,0.582031,1.00501,0,0,0,-0.15315
84,74,0.660156,0.582031,1.00392,0,0,0,-0.126252
85,74,0.667969,0.582031,1.00304,0,0,0,-0.102575
86,74,0.675781,0.582031,1.00232,0,0,0,-0.0821538
87,74,0.683594,0.582031,1.00175,0,0,0,-0.0648744
88,74,0.691406,0.582031,1.00131,0,0,0,-0.0505186
89,74,0.699219,0.582031,1.00096,0,0,0,-0.0387994
90,74,0.707031,0.582031,1.0007,0,0,0,-0.0293935
91,74,0.714844,0.582031,1.0005,0,0,0,-0.0219673
92,74,0.722656,0.582031,1.00036,0,0,0,-0.0161975
93,74,0.730469,0.582031,1.00025,0,0,0,-0.0117843
94,74,0.738281,0.582031,1.00017,0,0,0,-0.00846017
95,74,0.746094,0.582031,1.00012,0,0,0,-0.00599387
96,74,0.753906,0.582031,1.00008,0,0,0,-0.004191
97,74,0.761719,0.582031,1.00005,0,0,0,-0.00289225
98,74,0.769531,0.582031,1.00004,0,0,0,-0.00197009
99,74,0.777344,0.582031,1.00002,0,0,0,-0.00132462
100,74,0.785156,0.582031,1.00002,0,0,0,-0.000879163
101,74,0.792969,0.582031,1.00001,0,0,0,-0.000576026
102,74,0.800781,0.582031,1.00001,0,0,0,-0.000372584
103,74,0.808594,0.582031,1,0,0,0,-0.000237921
104,74,0.816406,0.582031,1,0,0,0,-0.000149997
105,74,0.824219,0.582031,1,0,0,0,-9.33656e-05
106,74,0.832031,0.582031,1,0,0,0,-5.73796e-05
107,74,0.839844,0.582031,1,0,0,0,-3.48182e-05
108,74,0.847656,0.582031,1,0,0,0,-2.08615e-05
109,74,0.855469,0.582031,1,0,0,0,-1.23419e-05
110,74,0.863281,0.582031,1,0,0,0,-7.20991e-06
111,74,0.871094,0.582031,1,0,0,0,-4.15906e-06
112,74,0.878906,0.582031,1,0,0,0,-2.36912e-06
113,74,0.886719,0.582031,1,0,0,0,-1.33264e-06
114,74,0.894531,0.582031,1,0,0,0,-7.40249e-07
115,74,0.902344,0.582031,1,0,0,0,-4.06062e-07
116,74,0.910156,0.582031,1,0,0,0,-2.19969e-07
117,74,0.917969,0.582031,1,0,0,0,-1.17677e-07
118,74,0.925781,0.582031,1,0,0,0,-6.21713e-08
119,74,0.933594,0.582031,1,0,0,0,-3.24384e-08
120,74,0.941406,0.582031,1,0,0,0,-1.6715e-08
121,74,0.949219,0.582031,1,0,0,0,-8.50616e-09
122,74,0.957031,0.582031,1,0,0,0,-4.27512e-09
123,74,0.964844,0.582031,1,0,0,0,-2.12205e-09
124,74,0.972656,0.582031,1,0,0,0,-1.04031e-09
125,74,0.980469,0.582031,1,0,0,0,-5.0369e-10
126,74,0.988281,0.582031,1,0,0,0,-2.4086e-10
127,74,0.996094,0.582031,1,0,0,0,-7.74776e-11
0,75,0.00390625,0.589844,1,0,0,0,6.77431e-11
1,75,0.0117188,0.589844,1,0,0,0,2.10605e-10
2,75,0.0195312,0.589844,1,0,0,0,4.40394e-10
3,75,0.0273438,0.589844,1,0,0,0,9.0958e-10
4,75,0.0351562,0.589844,1,0,0,0,1.85541e-09
5,75,0.0429688,0.589844,1,0,0,0,3.73795e-09
6,75,0.0507812,0.589844,1,0,0,0,7.43735e-09
7,75,0.0585938,0.589844,1,0,0,0,1.46147e-08
8,75,0.0664062,0.589844,1,0,0,0,2.83624e-08
9,75,0.0742188,0.589844,1,0,0,0,5.43593e-08
10,75,0.0820312,0.589844,1,0,0,0,1.02891e-07
11,75,0.0898438,0.589844,1,0,0,0,1.9233e-07
12,75,0.0976562,0.589844,1,0,0,0,3.5504e-07
13,75,0.105469,0.589844,1,0,0,0,6.47235e-07
14,75,0.113281,0.589844,1,0,0,0,1.16519e-06
15,75,0.121094,0.589844,1,0,0,0,2.07143e-06
16,75,0.128906,0.589844,1,0,0,0,3.63646e-06
17,75,0.136719,0.589844,1,0,0,0,6.30397e-06
18,75,0.144531,0.589844,1,0,0,0,1.07911e-05
19,75,0.152344,0.589844,1,0,0,0,1.82402e-05
20,75,0.160156,0.589844,1,0,0,0,3.04432e-05
21,75,0.167969,0.589844,1,0,0,0,5.01697e-05
22,75,0.175781,0.589844,1,0,0,0,8.1634e-05
23,75,0.183594,0.589844,1,0,0,0,0.00013115
24,75,0.191406,0.589844,1,0,0,0,0.000208026
25,75,0.199219,0.589844,1.00001,0,0,0,0.000325768
26,75,0.207031,0.589844,1.00001,0,0,0,0.000503647
27,75,0.214844,0.589844,1.00001,0,0,0,0.000768694
28,75,0.222656,0.589844,1.00002,0,0,0,0.00115818
29,75,0.230469,0.589844,1.00003,0,0,0,0.00172254
30,75,0.238281,0.589844,1.00005,0,0,0,0.00252883
31,75,0.246094,0.589844,1.00007,0,0,0,0.00366439
32,75,0.253906,0.589844,1.0001,0,0,0,0.00524073
33,75,0.261719,0.589844,1.00015,0,0,0,0.00739713
34,75,0.269531,0.589844,1.00022,0,0,0,0.0103036
35,75,0.277344,0.589844,1.00031,0,0,0,0.0141622
36,75,0.285156,0.589844,1.00044,0,0,0,0.0192071
37,75,0.292969,0.589844,1.00061,0,0,0,0.0257001
38,75,0.300781,0.589844,1.00084,0,0,0,0.0339242
39,75,0.308594,0.589844,1.00114,0,0,0,0.0441708
40,75,0.316406,0.589844,1.00153,0,0,0,0.0567228
41,75,0.324219,0.589844,1.00203,0,0,0,0.071831
42,75,0.332031,0.589844,1.00266,0,0,0,0.0896865
43,75,0.339844,0.589844,1.00343,0,0,0,0.110388
44,75,0.347656,0.589844,1.00438,0,0,0,0.133907
45,75,0.355469,0.589844,1.00552,0,0,0,0.160051
46,75,0.363281,0.589844,1.00688,0,0,0,0.188436
47,75,0.371094,0.589844,1.00847,0,0,0,0.218458
48,75,0.378906,0.589844,1.01029,0,0,0,0.249284
49,75,0.386719,0.589844,1.01236,0,0,0,0.279853
50,75,0.394531,0.589844,1.01467,0,0,0,0.308898
51,75,0.402344,0.589844,1.01719,0,0,0,0.334988
52,75,0.410156,0.589844,1.0199,0,0,0,0.356596
53,75,0.417969,0.589844,1.02276,0,0,0,0.372175
54,75,0.425781,0.589844,1.02572,0,0,0,0.380259
55,75,0.433594,0.589844,1.0287,0,0,0,0.379572
56,75,0.441406,0.589844,1.03165,0,0,0,0.369127
57,75,0.449219,0.589844,1.03447,0,0,0,0.348327
58,75,0.457031,0.589844,1.03709,0,0,0,0.317041
59,75,0.464844,0.589844,1.03942,0,0,0,0.275654
60,75,0.472656,0.589844,1.0414,0,0,0,0.225082
61,75,0.480469,0.589844,1.04294,0,0,0,0.166745
62,75,0.488281,0.589844,1.044,0,0,0,0.102509
63,75,0.496094,0.589844,1.04454,0,0,0,0.0345877
64,75,0.503906,0.589844,1.04454,0,0,0,-0.0345877
65,75,0.511719,0.589844,1.044,0,0,0,-0.102509
66,75,0.519531,0.589844,1.04294,0,0,0,-0.166745
67,75,0.527344,0.589844,1.0414,0,0,0,-0.225082
68,75,0.535156,0.589844,1.03942,0,0,0,-0.275654
69,75,0.542969,0.589844,1.03709,0,0,0,-0.317041
70,75,0.550781,0.589844,1.03447,0,0,0,-0.348327
71,75,0.558594,0.589844,1.03165,0,0,0,-0.369127
72,75,0.566406,0.589844,1.0287,0,0,0,-0.379572
73,75,0.574219,0.589844,1.02572,0,0,0,-0.380259
74,75,0.582031,0.589844,1.02276,0,0,0,-0.372175
75,75,0.589844,0.589844,1.0199,0,0,0,-0.356596
76,75,0.597656,0.589844,1.01719,0,0,0,-0.334988
77,75,0.605469,0.589844,1.01467,0,0,0,-0.308898
78,75,0.613281,0.589844,1.01236,0,0,0,-0.279853
79,75,0.621094,0.589844,1.01029,0,0,0,-0.249284
80,75,0.628906,0.589844,1.00847,0,0,0,-0.218458
81,75,0.636719,0.589844,1.00688,0,0,0,-0.188436
82,75,0.644531,0.589844,1.00552,0,0,0,-0.160051
83,75,0.652344,0.589844,1.00438,0,0,0,-0.133907
84,75,0.660156,0.589844,1.00343,0,0,0,-0.110388
85,75,0.667969,0.589844,1.00266,0,0,0,-0.0896865
86,75,0.675781,0.589844,1.00203,0,0,0,-0.071831
87,75,0.683594,0.589844,1.00153,0,0,0,-0.0567228
88,75,0.691406,0.589844,1.00114,0,0,0,-0.0441708
89,75,0.699219,0.589844,1.00084,0,0,0,-0.0339242
90,75,0.707031,0.589844,1.00061,0,0,0,-0.0257001
91,75,0.714844,0.589844,1.00044,0,0,0,-0.0192071
92,75,0.722656,0.589844,1.00031,0,0,0,-0.0141622
93,75,0.730469,0.589844,1.00022,0,0,0,-0.0103036
94,75,0.738281,0.589844,1.00015,0,0,0,-0.00739713
95,75,0.746094,0.589844,1.0001,0,0,0,-0.00524073
96,75,0.753906,0.589844,1.00007,0,0,0,-0.00366439
97,75,0.761719,0.589844,1.00005,0,0,0,-0.00252883
98,75,0.769531,0.589844,1.00003,0,0,0,-0.00172254
99,75,0.777344,0.589844,1.00002,0,0,0,-0.00115818
100,75,0.785156,0.589844,1.00001,0,0,0,-0.000768694
101,75,0.792969,0.589844,1.00001,0,0,0,-0.000503647
102,75,0.800781,0.589844,1.00001,0,0,0,-0.000325768
103,75,0.808594,0.589844,1,0,0,0,-0.000208026
104,75,0.816406,0.589844,1,0,0,0,-0.00013115
105,75,0.824219,0.589844,1,0,0,0,-8.1634e-05
106,75,0.832031,0.589844,1,0,0,0,-5.01697e-05
107,75,0.839844,0.589844,1,0,0,0,-3.04432e-05
108,75,0.847656,0.589844,1,0,0,0,-1.82402e-05
109,75,0.855469,0.589844,1,0,0,0,-1.07911e-05
110,75,0.863281,0.589844,1,0,0,0,-6.30397e-06
111,75,0.871094,0.589844,1,0,0,0,-3.63646e-06
112,75,0.878906,0.589844,1,0,0,0,-2.07143e-06
113,75,0.886719,0.589844,1,0,0,0,-1.16519e-06
114,75,0.894531,0.589844,1,0,0,0,-6.47235e-07
115,75,0.902344,0.589844,1,0,0,0,-3.5504e-07
116,75,0.910156,0.589844,1,0,0,0,-1.9233e-07
117,75,0.917969,0.589844,1,0,0,0,-1.02891e-07
118,75,0.925781,0.589844,1,0,0,0,-5.43593e-08
119,75,0.933594,0.589844,1,0,0,0,-2.83624e-08
120,75,0.941406,0.589844,1,0,0,0,-1.46147e-08
121,75,0.949219,0.589844,1,0,0,0,-7.43735e-09
122,75,0.957031,0.589844,1,0,0,0,-3.73795e-09
123,75,0.964844,0.589844,1,0,0,0,-1.85541e-09
124,75,0.972656,0.589844,1,0,0,0,-9.0958e-10
125,75,0.980469,0.589844,1,0,0,0,-4.40394e-10
126,75,0.988281,0.589844,1,0,0,0,-2.10605e-10
127,75,0.996094,0.589844,1,0,0,0,-6.77431e-11
0,76,0.00390625,0.597656,1,0,0,0,5.85203e-11
1,76,0.0117188,0.597656,1,0,0,0,1.81899e-10
2,76,0.0195312,0.597656,1,0,0,0,3.80382e-10
3,76,0.0273438,0.597656,1,0,0,0,7.85647e-10
4,76,0.0351562,0.597656,1,0,0,0,1.60259e-09
5,76,0.0429688,0.597656,1,0,0,0,3.22862e-09
6,76,0.0507812,0.597656,1,0,0,0,6.42393e-09
7,76,0.0585938,0.597656,1,0,0,0,1.26233e-08
8,76,0.0664062,0.597656,1,0,0,0,2.44977e-08
9,76,0.0742188,0.597656,1,0,0,0,4.69523e-08
10,76,0.0820312,0.597656,1,0,0,0,8.88709e-08
11,76,0.0898438,0.597656,1,0,0,0,1.66123e-07
12,76,0.0976562,0.597656,1,0,0,0,3.06662e-07
13,76,0.105469,0.597656,1,0,0,0,5.59042e-07
14,76,0.113281,0.597656,1,0,0,0,1.00642e-06
15,76,0.121094,0.597656,1,0,0,0,1.78918e-06
16,76,0.128906,0.597656,1,0,0,0,3.14096e-06
17,76,0.136719,0.597656,1,0,0,0,5.44499e-06
18,76,0.144531,0.597656,1,0,0,0,9.32073e-06
19,76,0.152344,0.597656,1,0,0,0,1.57548e-05
20,76,0.160156,0.597656,1,0,0,0,2.6295e-05
21,76,0.167969,0.597656,1,0,0,0,4.33335e-05
22,76,0.175781,0.597656,1,0,0,0,7.05104e-05
23,76,0.183594,0.597656,1,0,0,0,0.000113279
24,76,0.191406,0.597656,1,0,0,0,0.00017968
25,76,0.199219,0.597656,1,0,0,0,0.000281379
26,76,0.207031,0.597656,1.00001,0,0,0,0.000435019
27,76,0.214844,0.597656,1.00001,0,0,0,0.000663951
28,76,0.222656,0.597656,1.00002,0,0,0,0.00100036
29,76,0.230469,0.597656,1.00003,0,0,0,0.00148783
30,76,0.238281,0.597656,1.00004,0,0,0,0.00218425
31,76,0.246094,0.597656,1.00006,0,0,0,0.00316508
32,76,0.253906,0.597656,1.00009,0,0,0,0.00452662
33,76,0.261719,0.597656,1.00013,0,0,0,0.00638919
34,76,0.269531,0.597656,1.00019,0,0,0,0.00889959
35,76,0.277344,0.597656,1.00027,0,0,0,0.0122325
36,76,0.285156,0.597656,1.00038,0,0,0,0.0165899
37,76,0.292969,0.597656,1.00053,0,0,0,0.0221982
38,76,0.300781,0.597656,1.00073,0,0,0,0.0293017
39,76,0.308594,0.597656,1.00099,0,0,0,0.0381521
40,76,0.316406,0.597656,1.00132,0,0,0,0.0489937
41,76,0.324219,0.597656,1.00175,0,0,0,0.0620432
42,76,0.332031,0.597656,1.00229,0,0,0,0.0774658
43,76,0.339844,0.597656,1.00296,0,0,0,0.0953465
44,76,0.347656,0.597656,1.00378,0,0,0,0.11566
45,76,0.355469,0.597656,1.00477,0,0,0,0.138242
46,76,0.363281,0.597656,1.00594,0,0,0,0.162759
47,76,0.371094,0.597656,1.00731,0,0,0,0.188691
48,76,0.378906,0.597656,1.00889,0,0,0,0.215317
49,76,0.386719,0.597656,1.01068,0,0,0,0.24172
50,76,0.394531,0.597656,1.01267,0,0,0,0.266807
51,76,0.402344,0.597656,1.01485,0,0,0,0.289343
52,76,0.410156,0.597656,1.01719,0,0,0,0.308006
53,76,0.417969,0.597656,1.01966,0,0,0,0.321462
54,76,0.425781,0.597656,1.02221,0,0,0,0.328445
55,76,0.433594,0.597656,1.02479,0,0,0,0.327851
56,76,0.441406,0.597656,1.02734,0,0,0,0.318829
57,76,0.449219,0.597656,1.02977,0,0,0,0.300864
58,76,0.457031,0.597656,1.03204,0,0,0,0.273841
59,76,0.464844,0.597656,1.03405,0,0,0,0.238094
60,76,0.472656,0.597656,1.03576,0,0,0,0.194412
61,76,0.480469,0.597656,1.03709,0,0,0,0.144024
62,76,0.488281,0.597656,1.03801,0,0,0,0.0885412
63,76,0.496094,0.597656,1.03847,0,0,0,0.0298747
64,76,0.503906,0.597656,1.03847,0,0,0,-0.0298747
65,76,0.511719,0.597656,1.03801,0,0,0,-0.0885412
66,76,0.519531,0.597656,1.03709,0,0,0,-0.144024
67,76,0.527344,0.597656,1.03576,0,0,0,-0.194412
68,76,0.535156,0.597656,1.03405,0,0,0,-0.238094
69,76,0.542969,0.597656,1.03204,0,0,0,-0.273841
70,76,0.550781,0.597656,1.02977,0,0,0,-0.300864
71,76,0.558594,0.597656,1.02734,0,0,0,-0.318829
72,76,0.566406,0.597656,1.02479,0,0,0,-0.327851
73,76,0.574219,0.597656,1.02221,0,0,0,-0.328445
74,76,0.582031,0.597656,1.01966,0,0,0,-0.321462
75,76,0.589844,0.597656,1.01719,0,0,0,-0.308006
76,76,0.597656,0.597656,1.01485,0,0,0,-0.289343
77,76,0.605469,0.597656,1.01267,0,0,0,-0.266807
78,76,0.613281,0.597656,1.01068,0,0,0,-0.24172
79,76,0.621094,0.597656,1.00889,0,0,0,-0.215317
80,76,0.628906,0.597656,1.00731,0,0,0,-0.188691
81,76,0.636719,0.597656,1.00594,0,0,0,-0.162759
82,76,0.644531,0.597656,1.00477,0,0,0,-0.138242
83,76,0.652344,0.597656,1.00378,0,0,0,-0.11566
84,76,0.660156,0.597656,1.00296,0,0,0,-0.0953465
85,76,0.667969,0.597656,1.00229,0,0,0,-0.0774658
86,76,0.675781,0.597656,1.00175,0,0,0,-0.0620432
87,76,0.683594,0.597656,1.00132,0,0,0,-0.0489937
88,76,0.691406,0.597656,1.00099,0,0,0,-0.0381521
89,76,0.699219,0.597656,1.00073,0,0,0,-0.0293017
90,76,0.707031,0.597656,1.00053,0,0,0,-0.0221982
91,76,0.714844,0.597656,1.00038,0,0,0,-0.0165899
92,76,0.722656,0.597656,1.00027,0,0,0,-0.0122325
93,76,0.730469,0.597656,1.00019,0,0,0,-0.00889959
94,76,0.738281,0.597656,1.00013,0,0,0,-0.00638919
95,76,0.746094,0.597656,1.00009,0,0,0,-0.00452662
96,76,0.753906,0.597656,1.00006,0,0,0,-0.00316508
97,76,0.761719,0.597656,1.00004,0,0,0,-0.00218425
98,76,0.769531,0.597656,1.00003,0,0,0,-0.00148783
99,76,0.777344,0.597656,1.00002,0,0,0,-0.00100036
100,76,0.785156,0.597656,1.00001,0,0,0,-0.000663951
101,76,0.792969,0.597656,1.00001,0,0,0,-0.000435019
102,76,0.800781,0.597656,1,0,0,0,-0.000281379
103,76,0.808594,0.597656,1,0,0,0,-0.00017968
104,76,0.816406,0.597656,1,0,0,0,-0.000113279
105,76,0.824219,0.597656,1,0,0,0,-7.05104e-05
106,76,0.832031,0.597656,1,0,0,0,-4.33335e-05
107,76,0.839844,0.597656,1,0,0,0,-2.6295e-05
108,76,0.847656,0.597656,1,0,0,0,-1.57548e-05
109,76,0.855469,0.597656,1,0,0,0,-9.32073e-06
110,76,0.863281,0.597656,1,0,0,0,-5.44499e-06
111,76,0.871094,0.597656,1,0,0,0,-3.14096e-06
112,76,0.878906,0.597656,1,0,0,0,-1.78918e-06
113,76,0.886719,0.597656,1,0,0,0,-1.00642e-06
114,76,0.894531,0.597656,1,0,0,0,-5.59042e-07
115,76,0.902344,0.597656,1,0,0,0,-3.06662e-07
116,76,0.910156,0.597656,1,0,0,0,-1.66123e-07
117,76,0.917969,0.597656,1,0,0,0,-8.88709e-08
118,76,0.925781,0.597656,1,0,0,0,-4.69523e-08
119,76,0.933594,0.597656,1,0,0,0,-2.44977e-08
120,76,0.941406,0.597656,1,0,0,0,-1.26233e-08
121,76,0.949219,0.597656,1,0,0,0,-6.42393e-09
122,76,0.957031,0.597656,1,0,0,0,-3.22862e-09
123,76,0.964844,0.597656,1,0,0,0,-1.60259e-09
124,76,0.972656,0.597656,1,0,0,0,-7.85647e-10
125,76,0.980469,0.597656,1,0,0,0,-3.80382e-10
126,76,0.988281,0.597656,1,0,0,0,-1.81899e-10
127,76,0.996094,0.597656,1,0,0,0,-5.85203e-11
0,77,0.00390625,0.605469,1,0,0,0,4.99369e-11
1,77,0.0117188,0.605469,1,0,0,0,1.55211e-10
2,77,0.0195312,0.605469,1,0,0,0,3.24562e-10
3,77,0.0273438,0.605469,1,0,0,0,6.70354e-10
4,77,0.0351562,0.605469,1,0,0,0,1.36743e-09
5,77,0.0429688,0.605469,1,0,0,0,2.75485e-09
6,77,0.0507812,0.605469,1,0,0,0,5.48128e-09
7,77,0.0585938,0.605469,1,0,0,0,1.07709e-08
8,77,0.0664062,0.605469,1,0,0,0,2.09029e-08
9,77,0.0742188,0.605469,1,0,0,0,4.00625e-08
10,77,0.0820312,0.605469,1,0,0,0,7.583e-08
11,77,0.0898438,0.605469,1,0,0,0,1.41746e-07
12,77,0.0976562,0.605469,1,0,0,0,2.61662e-07
13,77,0.105469,0.605469,1,0,0,0,4.77008e-07
14,77,0.113281,0.605469,1,0,0,0,8.58735e-07
15,77,0.121094,0.605469,1,0,0,0,1.52663e-06
16,77,0.128906,0.605469,1,0,0,0,2.68005e-06
17,77,0.136719,0.605469,1,0,0,0,4.64599e-06
18,77,0.144531,0.605469,1,0,0,0,7.953e-06
19,77,0.152344,0.605469,1,0,0,0,1.34429e-05
20,77,0.160156,0.605469,1,0,0,0,2.24365e-05
21,77,0.167969,0.605469,1,0,0,0,3.69748e-05
22,77,0.175781,0.605469,1,0,0,0,6.01637e-05
23,77,0.183594,0.605469,1,0,0,0,9.66565e-05
24,77,0.191406,0.605469,1,0,0,0,0.000153314
25,77,0.199219,0.605469,1,0,0,0,0.000240089
26,77,0.207031,0.605469,1.00001,0,0,0,0.000371185
27,77,0.214844,0.605469,1.00001,0,0,0,0.000566523
28,77,0.222656,0.605469,1.00002,0,0,0,0.000853568
29,77,0.230469,0.605469,1.00002,0,0,0,0.0012695
30,77,0.238281,0.605469,1.00003,0,0,0,0.00186373
31,77,0.246094,0.605469,1.00005,0,0,0,0.00270063
32,77,0.253906,0.605469,1.00008,0,0,0,0.00386238
33,77,0.261719,0.605469,1.00011,0,0,0,0.00545164
34,77,0.269531,0.605469,1.00016,0,0,0,0.00759366
35,77,0.277344,0.605469,1.00023,0,0,0,0.0104375
36,77,0.285156,0.605469,1.00033,0,0,0,0.0141555
37,77,0.292969,0.605469,1.00045,0,0,0,0.0189408
38,77,0.300781,0.605469,1.00062,0,0,0,0.0250019
39,77,0.308594,0.605469,1.00084,0,0,0,0.0325536
40,77,0.316406,0.605469,1.00113,0,0,0,0.0418043
41,77,0.324219,0.605469,1.0015,0,0,0,0.052939
42,77,0.332031,0.605469,1.00196,0,0,0,0.0660984
43,77,0.339844,0.605469,1.00253,0,0,0,0.0813553
44,77,0.347656,0.605469,1.00323,0,0,0,0.0986883
45,77,0.355469,0.605469,1.00407,0,0,0,0.117957
46,77,0.363281,0.605469,1.00507,0,0,0,0.138876
47,77,0.371094,0.605469,1.00624,0,0,0,0.161002
48,77,0.378906,0.605469,1.00759,0,0,0,0.183721
49,77,0.386719,0.605469,1.00911,0,0,0,0.20625
50,77,0.394531,0.605469,1.01081,0,0,0,0.227656
51,77,0.402344,0.605469,1.01267,0,0,0,0.246884
52,77,0.410156,0.605469,1.01467,0,0,0,0.262809
53,77,0.417969,0.605469,1.01678,0,0,0,0.27429
54,77,0.425781,0.605469,1.01895,0,0,0,0.280249
55,77,0.433594,0.605469,1.02115,0,0,0,0.279742
56,77,0.441406,0.605469,1.02332,0,0,0,0.272044
57,77,0.449219,0.605469,1.0254,0,0,0,0.256715
58,77,0.457031,0.605469,1.02734,0,0,0,0.233657
59,77,0.464844,0.605469,1.02906,0,0,0,0.203156
60,77,0.472656,0.605469,1.03051,0,0,0,0.165884
61,77,0.480469,0.605469,1.03165,0,0,0,0.12289
62,77,0.488281,0.605469,1.03243,0,0,0,0.0755486
63,77,0.496094,0.605469,1.03283,0,0,0,0.0254909
64,77,0.503906,0.605469,1.03283,0,0,0,-0.0254909
65,77,0.511719,0.605469,1.03243,0,0,0,-0.0755486
66,77,0.519531,0.605469,1.03165,0,0,0,-0.12289
67,77,0.527344,0.605469,1.03051,0,0,0,-0.165884
68,77,0.535156,0.605469,1.02906,0,0,0,-0.203156
69,77,0.542969,0.605469,1.02734,0,0,0,-0.233657
70,77,0.550781,0.605469,1.0254,0,0,0,-0.256715
71,77,0.558594,0.605469,1.02332,0,0,0,-0.272044
72,77,0.566406,0.605469,1.02115,0,0,0,-0.279742
73,77,0.574219,0.605469,1.01895,0,0,0,-0.280249
74,77,0.582031,0.605469,1.01678,0,0,0,-0.27429
75,77,0.589844,0.605469,1.01467,0,0,0,-0.262809
76,77,0.597656,0.605469,1.01267,0,0,0,-0.246884
77,77,0.605469,0.605469,1.01081,0,0,0,-0.227656
78,77,0.613281,0.605469,1.00911,0,0,0,-0.20625
79,77,0.621094,0.605469,1.00759,0,0,0,-0.183721
80,77,0.628906,0.605469,1.00624,0,0,0,-0.161002
81,77,0.636719,0.605469,1.00507,0,0,0,-0.138876
82,77,0.644531,0.605469,1.00407,0,0,0,-0.117957
83,77,0.652344,0.605469,1.00323,0,0,0,-0.0986883
84,77,0.660156,0.605469,1.00253,0,0,0,-0.0813553
85,77,0.667969,0.605469,1.00196,0,0,0,-0.0660984
86,77,0.675781,0.605469,1.0015,0,0,0,-0.052939
87,77,0.683594,0.605469,1.00113,0,0,0,-0.0418043
88,77,0.691406,0.605469,1.00084,0,0,0,-0.0325536
89,77,0.699219,0.605469,1.00062,0,0,0,-0.0250019
90,77,0.707031,0.605469,1.00045,0,0,0,-0.0189408
91,77,0.714844,0.605469,1.00033,0,0,0,-0.0141555
92,77,0.722656,0.605469,1.00023,0,0,0,-0.0104375
93,77,0.730469,0.605469,1.00016,0,0,0,-0.00759366
94,77,0.738281,0.605469,1.00011,0,0,0,-0.00545164
95,77,0.746094,0.605469,1.00008,0,0,0,-0.00386238
96,77,0.753906,0.605469,1.00005,0,0,0,-0.00270063
97,77,0.761719,0.605469,1.00003,0,0,0,-0.00186373
98,77,0.769531,0.605469,1.00002,0,0,0,-0.0012695
99,77,0.777344,0.605469,1.00002,0,0,0,-0.000853568
100,77,0.785156,0.605469,1.00001,0,0,0,-0.000566523
101,77,0.792969,0.605469,1.00001,0,0,0,-0.000371185
102,77,0.800781,0.605469,1,0,0,0,-0.000240089
103,77,0.808594,0.605469,1,0,0,0,-0.000153314
104,77,0.816406,0.605469,1,0,0,0,-9.66565e-05
105,77,0.824219,0.605469,1,0,0,0,-6.01637e-05
106,77,0.832031,0.605469,1,0,0,0,-3.69748e-05
107,77,0.839844,0.605469,1,0,0,0,-2.24365e-05
108,77,0.847656,0.605469,1,0,0,0,-1.34429e-05
109,77,0.855469,0.605469,1,0,0,0,-7.953e-06
110,77,0.863281,0.605469,1,0,0,0,-4.64599e-06
111,77,0.871094,0.605469,1,0,0,0,-2.68005e-06
112,77,0.878906,0.605469,1,0,0,0,-1.52663e-06
113,77,0.886719,0.605469,1,0,0,0,-8.58735e-07
114,77,0.894531,0.605469,1,0,0,0,-4.77008e-07
115,77,0.902344,0.605469,1,0,0,0,-2.61662e-07
116,77,0.910156,0.605469,1,0,0,0,-1.41746e-07
117,77,0.917969,0.605469,1,0,0,0,-7.583e-08
118,77,0.925781,0.605469,1,0,0,0,-4.00625e-08
119,77,0.933594,0.605469,1,0,0,0,-2.09029e-08
120,77,0.941406,0.605469,1,0,0,0,-1.07709e-08
121,77,0.949219,0.605469,1,0,0,0,-5.48128e-09
122,77,0.957031,0.605469,1,0,0,0,-2.75485e-09
123,77,0.964844,0.605469,1,0,0,0,-1.36743e-09
124,77,0.972656,0.605469,1,0,0,0,-6.70354e-10
125,77,0.980469,0.605469,1,0,0,0,-3.24562e-10
126,77,0.988281,0.605469,1,0,0,0,-1.55211e-10
127,77,0.996094,0.605469,1,0,0,0,-4.99369e-11
0,78,0.00390625,0.613281,1,0,0,0,4.20783e-11
1,78,0.0117188,0.613281,1,0,0,0,1.30825e-10
2,78,0.0195312,0.613281,1,0,0,0,2.73587e-10
3,78,0.0273438,0.613281,1,0,0,0,5.65052e-10
4,78,0.0351562,0.613281,1,0,0,0,1.15261e-09
5,78,0.0429688,0.613281,1,0,0,0,2.32207e-09
6,78,0.0507812,0.613281,1,0,0,0,4.6202e-09
7,78,0.0585938,0.613281,1,0,0,0,9.0789e-09
8,78,0.0664062,0.613281,1,0,0,0,1.76192e-08
9,78,0.0742188,0.613281,1,0,0,0,3.3769e-08
10,78,0.0820312,0.613281,1,0,0,0,6.39176e-08
11,78,0.0898438,0.613281,1,0,0,0,1.19479e-07
12,78,0.0976562,0.613281,1,0,0,0,2.20557e-07
13,78,0.105469,0.613281,1,0,0,0,4.02074e-07
14,78,0.113281,0.613281,1,0,0,0,7.23834e-07
15,78,0.121094,0.613281,1,0,0,0,1.28681e-06
16,78,0.128906,0.613281,1,0,0,0,2.25903e-06
17,78,0.136719,0.613281,1,0,0,0,3.91614e-06
18,78,0.144531,0.613281,1,0,0,0,6.70364e-06
19,78,0.152344,0.613281,1,0,0,0,1.13311e-05
20,78,0.160156,0.613281,1,0,0,0,1.89119e-05
21,78,0.167969,0.613281,1,0,0,0,3.11663e-05
22,78,0.175781,0.613281,1,0,0,0,5.07124e-05
23,78,0.183594,0.613281,1,0,0,0,8.14724e-05
24,78,0.191406,0.613281,1,0,0,0,0.000129229
25,78,0.199219,0.613281,1,0,0,0,0.000202373
26,78,0.207031,0.613281,1.00001,0,0,0,0.000312874
27,78,0.214844,0.613281,1.00001,0,0,0,0.000477526
28,78,0.222656,0.613281,1.00001,0,0,0,0.000719479
29,78,0.230469,0.613281,1.00002,0,0,0,0.00107007
30,78,0.238281,0.613281,1.00003,0,0,0,0.00157095
31,78,0.246094,0.613281,1.00004,0,0,0,0.00227638
32,78,0.253906,0.613281,1.00006,0,0,0,0.00325563
33,78,0.261719,0.613281,1.00009,0,0,0,0.00459523
34,78,0.269531,0.613281,1.00014,0,0,0,0.00640075
35,78,0.277344,0.613281,1.00019,0,0,0,0.00879783
36,78,0.285156,0.613281,1.00027,0,0,0,0.0119318
37,78,0.292969,0.613281,1.00038,0,0,0,0.0159653
38,78,0.300781,0.613281,1.00052,0,0,0,0.0210743
39,78,0.308594,0.613281,1.00071,0,0,0,0.0274397
40,78,0.316406,0.613281,1.00095,0,0,0,0.0352372
41,78,0.324219,0.613281,1.00126,0,0,0,0.0446226
42,78,0.332031,0.613281,1.00165,0,0,0,0.0557148
43,78,0.339844,0.613281,1.00213,0,0,0,0.068575
44,78,0.347656,0.613281,1.00272,0,0,0,0.0831851
45,78,0.355469,0.613281,1.00343,0,0,0,0.0994264
46,78,0.363281,0.613281,1.00427,0,0,0,0.11706
47,78,0.371094,0.613281,1.00526,0,0,0,0.13571
48,78,0.378906,0.613281,1.0064,0,0,0,0.15486
49,78,0.386719,0.613281,1.00768,0,0,0,0.17385
50,78,0.394531,0.613281,1.00911,0,0,0,0.191893
51,78,0.402344,0.613281,1.01068,0,0,0,0.208101
52,78,0.410156,0.613281,1.01236,0,0,0,0.221524
53,78,0.417969,0.613281,1.01414,0,0,0,0.231201
54,78,0.425781,0.613281,1.01598,0,0,0,0.236224
55,78,0.433594,0.613281,1.01783,0,0,0,0.235797
56,78,0.441406,0.613281,1.01966,0,0,0,0.229308
57,78,0.449219,0.613281,1.02141,0,0,0,0.216387
58,78,0.457031,0.613281,1.02304,0,0,0,0.196952
59,78,0.464844,0.613281,1.02449,0,0,0,0.171241
60,78,0.472656,0.613281,1.02572,0,0,0,0.139825
61,78,0.480469,0.613281,1.02668,0,0,0,0.103585
62,78,0.488281,0.613281,1.02734,0,0,0,0.0636805
63,78,0.496094,0.613281,1.02767,0,0,0,0.0214865
64,78,0.503906,0.613281,1.02767,0,0,0,-0.0214865
65,78,0.511719,0.613281,1.02734,0,0,0,-0.0636805
66,78,0.519531,0.613281,1.02668,0,0,0,-0.103585
67,78,0.527344,0.613281,1.02572,0,0,0,-0.139825
68,78,0.535156,0.613281,1.02449,0,0,0,-0.171241
69,78,0.542969,0.613281,1.02304,0,0,0,-0.196952
70,78,0.550781,0.613281,1.02141,0,0,0,-0.216387
71,78,0.558594,0.613281,1.01966,0,0,0,-0.229308
72,78,0.566406,0.613281,1.01783,0,0,0,-0.235797
73,78,0.574219,0.613281,1.01598,0,0,0,-0.236224
74,78,0.582031,0.613281,1.01414,0,0,0,-0.231201
75,78,0.589844,0.613281,1.01236,0,0,0,-0.221524
76,78,0.597656,0.613281,1.01068,0,0,0,-0.208101
77,78,0.605469,0.613281,1.00911,0,0,0,-0.191893
78,78,0.613281,0.613281,1.00768,0,0,0,-0.17385
79,78,0.621094,0.613281,1.0064,0,0,0,-0.15486
80,78,0.628906,0.613281,1.00526,0,0,0,-0.13571
81,78,0.636719,0.613281,1.00427,0,0,0,-0.11706
82,78,0.644531,0.613281,1.00343,0,0,0,-0.0994264
83,78,0.652344,0.613281,1.00272,0,0,0,-0.0831851
84,78,0.660156,0.613281,1.00213,0,0,0,-0.068575
85,78,0.667969,0.613281,1.00165,0,0,0,-0.0557148
86,78,0.675781,0.613281,1.00126,0,0,0,-0.0446226
87,78,0.683594,0.613281,1.00095,0,0,0,-0.0352372
88,78,0.691406,0.613281,1.00071,0,0,0,-0.0274397
89,78,0.699219,0.613281,1.00052,0,0,0,-0.0210743
90,78,0.707031,0.613281,1.00038,0,0,0,-0.0159653
91,78,0.714844,0.613281,1.00027,0,0,0,-0.0119318
92,78,0.722656,0.613281,1.00019,0,0,0,-0.00879783
93,78,0.730469,0.613281,1.00014,0,0,0,-0.00640075
94,78,0.738281,0.613281,1.00009,0,0,0,-0.00459523
95,78,0.746094,0.613281,1.00006,0,0,0,-0.00325563
96,78,0.753906,0.613281,1.00004,0,0,0,-0.00227638
97,78,0.761719,0.613281,1.00003,0,0,0,-0.00157095
98,78,0.769531,0.613281,1.00002,0,0,0,-0.00107007
99,78,0.777344,0.613281,1.00001,0,0,0,-0.000719479
100,78,0.785156,0.613281,1.00001,0,0,0,-0.000477526
101,78,0.792969,0.613281,1.00001,0,0,0,-0.000312874
102,78,0.800781,0.613281,1,0,0,0,-0.000202373
103,78,0.808594,0.613281,1,0,0,0,-0.000129229
104,78,0.816406,0.613281,1,0,0,0,-8.14724e-05
105,78,0.824219,0.613281,1,0,0,0,-5.07124e-05
106,78,0.832031,0.613281,1,0,0,0,-3.11663e-05
107,78,0.839844,0.613281,1,0,0,0,-1.89119e-05
108,78,0.847656,0.613281,1,0,0,0,-1.13311e-05
109,78,0.855469,0.613281,1,0,0,0,-6.70364e-06
110,78,0.863281,0.613281,1,0,0,0,-3.91614e-06
111,78,0.871094,0.613281,1,0,0,0,-2.25903e-06
112,78,0.878906,0.613281,1,0,0,0,-1.28681e-06
113,78,0.886719,0.613281,1,0,0,0,-7.23834e-07
114,78,0.894531,0.613281,1,0,0,0,-4.02074e-07
115,78,0.902344,0.613281,1,0,0,0,-2.20557e-07
116,78,0.910156,0.613281,1,0,0,0,-1.19479e-07
117,78,0.917969,0.613281,1,0,0,0,-6.39176e-08
118,78,0.925781,0.613281,1,0,0,0,-3.3769e-08
119,78,0.933594,0.613281,1,0,0,0,-1.76192e-08
120,78,0.941406,0.613281,1,0,0,0,-9.0789e-09
121,78,0.949219,0.613281,1,0,0,0,-4.6202e-09
122,78,0.957031,0.613281,1,0,0,0,-2.32207e-09
123,78,0.964844,0.613281,1,0,0,0,-1.15261e-09
124,78,0.972656,0.613281,1,0,0,0,-5.65052e-10
125,78,0.980469,0.613281,1,0,0,0,-2.73587e-10
126,78,0.988281,0.613281,1,0,0,0,-1.30825e-10
127,78,0.996094,0.613281,1,0,0,0,-4.20783e-11
0,79,0.00390625,0.621094,1,0,0,0,3.5044e-11
1,79,0.0117188,0.621094,1,0,0,0,1.08926e-10
2,79,0.0195312,0.621094,1,0,0,0,2.278e-10
3,79,0.0273438,0.621094,1,0,0,0,4.70507e-10
4,79,0.0351562,0.621094,1,0,0,0,9.59758e-10
5,79,0.0429688,0.621094,1,0,0,0,1.93356e-09
6,79,0.0507812,0.621094,1,0,0,0,3.84716e-09
7,79,0.0585938,0.621094,1,0,0,0,7.55982e-09
8,79,0.0664062,0.621094,1,0,0,0,1.46712e-08
9,79,0.0742188,0.621094,1,0,0,0,2.81187e-08
10,79,0.0820312,0.621094,1,0,0,0,5.32229e-08
11,79,0.0898438,0.621094,1,0,0,0,9.94875e-08
12,79,0.0976562,0.621094,1,0,0,0,1.83653e-07
13,79,0.105469,0.621094,1,0,0,0,3.34799e-07
14,79,0.113281,0.621094,1,0,0,0,6.02723e-07
15,79,0.121094,0.621094,1,0,0,0,1.0715e-06
16,79,0.128906,0.621094,1,0,0,0,1.88105e-06
17,79,0.136719,0.621094,1,0,0,0,3.26089e-06
18,79,0.144531,0.621094,1,0,0,0,5.58199e-06
19,79,0.152344,0.621094,1,0,0,0,9.4352e-06
20,79,0.160156,0.621094,1,0,0,0,1.57475e-05
21,79,0.167969,0.621094,1,0,0,0,2.59516e-05
22,79,0.175781,0.621094,1,0,0,0,4.22272e-05
23,79,0.183594,0.621094,1,0,0,0,6.78405e-05
24,79,0.191406,0.621094,1,0,0,0,0.000107607
25,79,0.199219,0.621094,1,0,0,0,0.000168512
26,79,0.207031,0.621094,1,0,0,0,0.000260524
27,79,0.214844,0.621094,1.00001,0,0,0,0.000397627
28,79,0.222656,0.621094,1.00001,0,0,0,0.000599096
29,79,0.230469,0.621094,1.00002,0,0,0,0.000891029
30,79,0.238281,0.621094,1.00002,0,0,0,0.0013081
31,79,0.246094,0.621094,1.00004,0,0,0,0.0018955
32,79,0.253906,0.621094,1.00005,0,0,0,0.0027109
33,79,0.261719,0.621094,1.00008,0,0,0,0.00382635
34,79,0.269531,0.621094,1.00011,0,0,0,0.00532978
35,79,0.277344,0.621094,1.00016,0,0,0,0.00732578
36,79,0.285156,0.621094,1.00023,0,0,0,0.00993534
37,79,0.292969,0.621094,1.00032,0,0,0,0.013294
38,79,0.300781,0.621094,1.00044,0,0,0,0.0175482
39,79,0.308594,0.621094,1.00059,0,0,0,0.0228485
40,79,0.316406,0.621094,1.00079,0,0,0,0.0293413
41,79,0.324219,0.621094,1.00105,0,0,0,0.0371564
42,79,0.332031,0.621094,1.00137,0,0,0,0.0463926
43,79,0.339844,0.621094,1.00177,0,0,0,0.057101
44,79,0.347656,0.621094,1.00227,0,0,0,0.0692666
45,79,0.355469,0.621094,1.00286,0,0,0,0.0827904
46,79,0.363281,0.621094,1.00356,0,0,0,0.0974732
47,79,0.371094,0.621094,1.00438,0,0,0,0.113003
48,79,0.378906,0.621094,1.00533,0,0,0,0.128949
49,79,0.386719,0.621094,1.0064,0,0,0,0.144761
50,79,0.394531,0.621094,1.00759,0,0,0,0.159785
51,79,0.402344,0.621094,1.00889,0,0,0,0.173281
52,79,0.410156,0.621094,1.01029,0,0,0,0.184458
53,79,0.417969,0.621094,1.01177,0,0,0,0.192517
54,79,0.425781,0.621094,1.0133,0,0,0,0.196699
55,79,0.433594,0.621094,1.01485,0,0,0,0.196343
56,79,0.441406,0.621094,1.01637,0,0,0,0.19094
57,79,0.449219,0.621094,1.01783,0,0,0,0.180181
58,79,0.457031,0.621094,1.01919,0,0,0,0.163998
59,79,0.464844,0.621094,1.02039,0,0,0,0.142589
60,79,0.472656,0.621094,1.02141,0,0,0,0.116429
61,79,0.480469,0.621094,1.02221,0,0,0,0.0862529
62,79,0.488281,0.621094,1.02276,0,0,0,0.0530255
63,79,0.496094,0.621094,1.02304,0,0,0,0.0178913
64,79,0.503906,0.621094,1.02304,0,0,0,-0.0178913
65,79,0.511719,0.621094,1.02276,0,0,0,-0.0530255
66,79,0.519531,0.621094,1.02221,0,0,0,-0.0862529
67,79,0.527344,0.621094,1.02141,0,0,0,-0.116429
68,79,0.535156,0.621094,1.02039,0,0,0,-0.142589
69,79,0.542969,0.621094,1.01919,0,0,0,-0.163998
70,79,0.550781,0.621094,1.01783,0,0,0,-0.180181
71,79,0.558594,0.621094,1.01637,0,0,0,-0.19094
72,79,0.566406,0.621094,1.01485,0,0,0,-0.196343
73,79,0.574219,0.621094,1.0133,0,0,0,-0.196699
74,79,0.582031,0.621094,1.01177,0,0,0,-0.192517
75,79,0.589844,0.621094,1.01029,0,0,0,-0.184458
76,79,0.597656,0.621094,1.00889,0,0,0,-0.173281
77,79,0.605469,0.621094,1.00759,0,0,0,-0.159785
78,79,0.613281,0.621094,1.0064,0,0,0,-0.144761
79,79,0.621094,0.621094,1.00533,0,0,0,-0.128949
80,79,0.628906,0.621094,1.00438,0,0,0,-0.113003
81,79,0.636719,0.621094,1.00356,0,0,0,-0.0974732
82,79,0.644531,0.621094,1.00286,0,0,0,-0.0827904
83,79,0.652344,0.621094,1.00227,0,0,0,-0.0692666
84,79,0.660156,0.621094,1.00177,0,0,0,-0.057101
85,79,0.667969,0.621094,1.00137,0,0,0,-0.0463926
86,79,0.675781,0.621094,1.00105,0,0,0,-0.0371564
87,79,0.683594,0.621094,1.00079,0,0,0,-0.0293413
88,79,0.691406,0.621094,1.00059,0,0,0,-0.0228485
89,79,0.699219,0.621094,1.00044,0,0,0,-0.0175482
90,79,0.707031,0.621094,1.00032,0,0,0,-0.013294
91,79,0.714844,0.621094,1.00023,0,0,0,-0.00993534
92,79,0.722656,0.621094,1.00016,0,0,0,-0.00732578
93,79,0.730469,0.621094,1.00011,0,0,0,-0.00532978
94,79,0.738281,0.621094,1.00008,0,0,0,-0.00382635
95,79,0.746094,0.621094,1.00005,0,0,0,-0.0027109
96,79,0.753906,0.621094,1.00004,0,0,0,-0.0018955
97,79,0.761719,0.621094,1.00002,0,0,0,-0.0013081
98,79,0.769531,0.621094,1.00002,0,0,0,-0.000891029
99,79,0.777344,0.621094,1.00001,0,0,0,-0.000599096
100,79,0.785156,0.621094,1.00001,0,0,0,-0.000397627
101,79,0.792969,0.621094,1,0,0,0,-0.000260524
102,79,0.800781,0.621094,1,0,0,0,-0.000168512
103,79,0.808594,0.621094,1,0,0,0,-0.000107607
104,79,0.816406,0.621094,1,0,0,0,-6.78405e-05
105,79,0.824219,0.621094,1,0,0,0,-4.22272e-05
106,79,0.832031,0.621094,1,0,0,0,-2.59516e-05
107,79,0.839844,0.621094,1,0,0,0,-1.57475e-05
108,79,0.847656,0.621094,1,0,0,0,-9.4352e-06
109,79,0.855469,0.621094,1,0,0,0,-5.58199e-06
110,79,0.863281,0.621094,1,0,0,0,-3.26089e-06
111,79,0.871094,0.621094,1,0,0,0,-1.88105e-06
112,79,0.878906,0.621094,1,0,0,0,-1.0715e-06
113,79,0.886719,0.621094,1,0,0,0,-6.02723e-07
114,79,0.894531,0.621094,1,0,0,0,-3.34799e-07
115,79,0.902344,0.621094,1,0,0,0,-1.83653e-07
116,79,0.910156,0.621094,1,0,0,0,-9.94875e-08
117,79,0.917969,0.621094,1,0,0,0,-5.32229e-08
118,79,0.925781,0.621094,1,0,0,0,-2.81187e-08
119,79,0.933594,0.621094,1,0,0,0,-1.46712e-08
120,79,0.941406,0.621094,1,0,0,0,-7.55982e-09
121,79,0.949219,0.621094,1,0,0,0,-3.84716e-09
122,79,0.957031,0.621094,1,0,0,0,-1.93356e-09
123,79,0.964844,0.621094,1,0,0,0,-9.59758e-10
124,79,0.972656,0.621094,1,0,0,0,-4.70507e-10
125,79,0.980469,0.621094,1,0,0,0,-2.278e-10
126,79,0.988281,0.621094,1,0,0,0,-1.08926e-10
127,79,0.996094,0.621094,1,0,0,0,-3.5044e-11
0,80,0.00390625,0.628906,1,0,0,0,2.88196e-11
1,80,0.0117188,0.628906,1,0,0,0,8.96136e-11
2,80,0.0195312,0.628906,1,0,0,0,1.87384e-10
3,80,0.0273438,0.628906,1,0,0,0,3.87018e-10
4,80,0.0351562,0.628906,1,0,0,0,7.89484e-10
5,80,0.0429688,0.628906,1,0,0,0,1.59049e-09
6,80,0.0507812,0.628906,1,0,0,0,3.16459e-09
7,80,0.0585938,0.628906,1,0,0,0,6.21854e-09
8,80,0.0664062,0.628906,1,0,0,0,1.20682e-08
9,80,0.0742188,0.628906,1,0,0,0,2.31298e-08
10,80,0.0820312,0.628906,1,0,0,0,4.378e-08
11,80,0.0898438,0.628906,1,0,0,0,8.18362e-08
12,80,0.0976562,0.628906,1,0,0,0,1.51069e-07
13,80,0.105469,0.628906,1,0,0,0,2.75398e-07
14,80,0.113281,0.628906,1,0,0,0,4.95786e-07
15,80,0.121094,0.628906,1,0,0,0,8.81392e-07
16,80,0.128906,0.628906,1,0,0,0,1.54731e-06
17,80,0.136719,0.628906,1,0,0,0,2.68233e-06
18,80,0.144531,0.628906,1,0,0,0,4.59162e-06
19,80,0.152344,0.628906,1,0,0,0,7.76118e-06
20,80,0.160156,0.628906,1,0,0,0,1.29536e-05
21,80,0.167969,0.628906,1,0,0,0,2.13472e-05
22,80,0.175781,0.628906,1,0,0,0,3.47352e-05
23,80,0.183594,0.628906,1,0,0,0,5.58041e-05
24,80,0.191406,0.628906,1,0,0,0,8.85149e-05
25,80,0.199219,0.628906,1,0,0,0,0.000138614
26,80,0.207031,0.628906,1,0,0,0,0.000214301
27,80,0.214844,0.628906,1.00001,0,0,0,0.000327079
28,80,0.222656,0.628906,1.00001,0,0,0,0.000492803
29,80,0.230469,0.628906,1.00001,0,0,0,0.00073294
30,80,0.238281,0.628906,1.00002,0,0,0,0.00107601
31,80,0.246094,0.628906,1.00003,0,0,0,0.00155919
32,80,0.253906,0.628906,1.00004,0,0,0,0.00222993
33,80,0.261719,0.628906,1.00006,0,0,0,0.00314747
34,80,0.269531,0.628906,1.00009,0,0,0,0.00438416
35,80,0.277344,0.628906,1.00013,0,0,0,0.00602602
36,80,0.285156,0.628906,1.00019,0,0,0,0.00817259
37,80,0.292969,0.628906,1.00026,0,0,0,0.0109354
38,80,0.300781,0.628906,1.00036,0,0,0,0.0144347
39,80,0.308594,0.628906,1.00049,0,0,0,0.0187947
40,80,0.316406,0.628906,1.00065,0,0,0,0.0241355
41,80,0.324219,0.628906,1.00086,0,0,0,0.030564
42,80,0.332031,0.628906,1.00113,0,0,0,0.0381615
43,80,0.339844,0.628906,1.00146,0,0,0,0.04697
44,80,0.347656,0.628906,1.00186,0,0,0,0.0569771
45,80,0.355469,0.628906,1.00235,0,0,0,0.0681015
46,80,0.363281,0.628906,1.00293,0,0,0,0.0801793
47,80,0.371094,0.628906,1.0036,0,0,0,0.0929538
48,80,0.378906,0.628906,1.00438,0,0,0,0.10607
49,80,0.386719,0.628906,1.00526,0,0,0,0.119077
50,80,0.394531,0.628906,1.00624,0,0,0,0.131436
51,80,0.402344,0.628906,1.00731,0,0,0,0.142537
52,80,0.410156,0.628906,1.00847,0,0,0,0.151731
53,80,0.417969,0.628906,1.00968,0,0,0,0.15836
54,80,0.425781,0.628906,1.01094,0,0,0,0.1618
55,80,0.433594,0.628906,1.01221,0,0,0,0.161508
56,80,0.441406,0.628906,1.01347,0,0,0,0.157063
57,80,0.449219,0.628906,1.01467,0,0,0,0.148213
58,80,0.457031,0.628906,1.01578,0,0,0,0.134901
59,80,0.464844,0.628906,1.01678,0,0,0,0.117291
60,80,0.472656,0.628906,1.01761,0,0,0,0.095772
61,80,0.480469,0.628906,1.01827,0,0,0,0.0709497
62,80,0.488281,0.628906,1.01872,0,0,0,0.0436176
63,80,0.496094,0.628906,1.01895,0,0,0,0.014717
64,80,0.503906,0.628906,1.01895,0,0,0,-0.014717
65,80,0.511719,0.628906,1.01872,0,0,0,-0.0436176
66,80,0.519531,0.628906,1.01827,0,0,0,-0.0709497
67,80,0.527344,0.628906,1.01761,0,0,0,-0.095772
68,80,0.535156,0.628906,1.01678,0,0,0,-0.117291
69,80,0.542969,0.628906,1.01578,0,0,0,-0.134901
70,80,0.550781,0.628906,1.01467,0,0,0,-0.148213
71,80,0.558594,0.628906,1.01347,0,0,0,-0.157063
72,80,0.566406,0.628906,1.01221,0,0,0,-0.161508
73,80,0.574219,0.628906,1.01094,0,0,0,-0.1618
74,80,0.582031,0.628906,1.00968,0,0,0,-0.15836
75,80,0.589844,0.628906,1.00847,0,0,0,-0.151731
76,80,0.597656,0.628906,1.00731,0,0,0,-0.142537
77,80,0.605469,0.628906,1.00624,0,0,0,-0.131436
78,80,0.613281,0.628906,1.00526,0,0,0,-0.119077
79,80,0.621094,0.628906,1.00438,0,0,0,-0.10607
80,80,0.628906,0.628906,1.0036,0,0,0,-0.0929538
81,80,0.636719,0.628906,1.00293,0,0,0,-0.0801793
82,80,0.644531,0.628906,1.00235,0,0,0,-0.0681015
83,80,0.652344,0.628906,1.00186,0,0,0,-0.0569771
84,80,0.660156,0.628906,1.00146,0,0,0,-0.04697
85,80,0.667969,0.628906,1.00113,0,0,0,-0.0381615
86,80,0.675781,0.628906,1.00086,0,0,0,-0.030564
87,80,0.683594,0.628906,1.00065,0,0,0,-0.0241355
88,80,0.691406,0.628906,1.00049,0,0,0,-0.0187947
89,80,0.699219,0.628906,1.00036,0,0,0,-0.0144347
90,80,0.707031,0.628906,1.00026,0,0,0,-0.0109354
91,80,0.714844,0.628906,1.00019,0,0,0,-0.00817259
92,80,0.722656,0.628906,1.00013,0,0,0,-0.00602602
93,80,0.730469,0.628906,1.00009,0,0,0,-0.00438416
94,80,0.738281,0.628906,1.00006,0,0,0,-0.00314747
95,80,0.746094,0.628906,1.00004,0,0,0,-0.00222993
96,80,0.753906,0.628906,1.00003,0,0,0,-0.00155919
97,80,0.761719,0.628906,1.00002,0,0,0,-0.00107601
98,80,0.769531,0.628906,1.00001,0,0,0,-0.00073294
99,80,0.777344,0.628906,1.00001,0,0,0,-0.000492803
100,80,0.785156,0.628906,1.00001,0,0,0,-0.000327079
101,80,0.792969,0.628906,1,0,0,0,-0.000214301
102,80,0.800781,0.628906,1,0,0,0,-0.000138614
103,80,0.808594,0.628906,1,0,0,0,-8.85149e-05
104,80,0.816406,0.628906,1,0,0,0,-5.58041e-05
105,80,0.824219,0.628906,1,0,0,0,-3.47352e-05
106,80,0.832031,0.628906,1,0,0,0,-2.13472e-05
107,80,0.839844,0.628906,1,0,0,0,-1.29536e-05
108,80,0.847656,0.628906,1,0,0,0,-7.76118e-06
109,80,0.855469,0.628906,1,0,0,0,-4.59162e-06
110,80,0.863281,0.628906,1,0,0,0,-2.68233e-06
111,80,0.871094,0.628906,1,0,0,0,-1.54731e-06
112,80,0.878906,0.628906,1,0,0,0,-8.81392e-07
113,80,0.886719,0.628906,1,0,0,0,-4.95786e-07
114,80,0.894531,0.628906,1,0,0,0,-2.75398e-07
115,80,0.902344,0.628906,1,0,0,0,-1.51069e-07
116,80,0.910156,0.628906,1,0,0,0,-8.18362e-08
117,80,0.917969,0.628906,1,0,0,0,-4.378e-08
118,80,0.925781,0.628906,1,0,0,0,-2.31298e-08
119,80,0.933594,0.628906,1,0,0,0,-1.20682e-08
120,80,0.941406,0.628906,1,0,0,0,-6.21854e-09
121,80,0.949219,0.628906,1,0,0,0,-3.16459e-09
122,80,0.957031,0.628906,1,0,0,0,-1.59049e-09
123,80,0.964844,0.628906,1,0,0,0,-7.89484e-10
124,80,0.972656,0.628906,1,0,0,0,-3.87018e-10
125,80,0.980469,0.628906,1,0,0,0,-1.87384e-10
126,80,0.988281,0.628906,1,0,0,0,-8.96136e-11
127,80,0.996094,0.628906,1,0,0,0,-2.88196e-11
0,81,0.00390625,0.636719,1,0,0,0,2.34195e-11
1,81,0.0117188,0.636719,1,0,0,0,7.28164e-11
2,81,0.0195312,0.636719,1,0,0,0,1.52269e-10
3,81,0.0273438,0.636719,1,0,0,0,3.14486e-10
4,81,0.0351562,0.636719,1,0,0,0,6.41521e-10
5,81,0.0429688,0.636719,1,0,0,0,1.29243e-09
6,81,0.0507812,0.636719,1,0,0,0,2.57154e-09
7,81,0.0585938,0.636719,1,0,0,0,5.05317e-09
8,81,0.0664062,0.636719,1,0,0,0,9.80657e-09
9,81,0.0742188,0.636719,1,0,0,0,1.87953e-08
10,81,0.0820312,0.636719,1,0,0,0,3.55755e-08
11,81,0.0898438,0.636719,1,0,0,0,6.64998e-08
12,81,0.0976562,0.636719,1,0,0,0,1.22758e-07
13,81,0.105469,0.636719,1,0,0,0,2.23788e-07
14,81,0.113281,0.636719,1,0,0,0,4.02874e-07
15,81,0.121094,0.636719,1,0,0,0,7.16217e-07
16,81,0.128906,0.636719,1,0,0,0,1.25734e-06
17,81,0.136719,0.636719,1,0,0,0,2.17966e-06
18,81,0.144531,0.636719,1,0,0,0,3.73114e-06
19,81,0.152344,0.636719,1,0,0,0,6.30671e-06
20,81,0.160156,0.636719,1,0,0,0,1.0526e-05
21,81,0.167969,0.636719,1,0,0,0,1.73466e-05
22,81,0.175781,0.636719,1,0,0,0,2.82257e-05
23,81,0.183594,0.636719,1,0,0,0,4.53462e-05
24,81,0.191406,0.636719,1,0,0,0,7.1927e-05
25,81,0.199219,0.636719,1,0,0,0,0.000112637
26,81,0.207031,0.636719,1,0,0,0,0.000174141
27,81,0.214844,0.636719,1,0,0,0,0.000265783
28,81,0.222656,0.636719,1.00001,0,0,0,0.00040045
29,81,0.230469,0.636719,1.00001,0,0,0,0.000595585
30,81,0.238281,0.636719,1.00002,0,0,0,0.000874367
31,81,0.246094,0.636719,1.00002,0,0,0,0.001267
32,81,0.253906,0.636719,1.00004,0,0,0,0.00181203
33,81,0.261719,0.636719,1.00005,0,0,0,0.00255763
34,81,0.269531,0.636719,1.00008,0,0,0,0.00356256
35,81,0.277344,0.636719,1.00011,0,0,0,0.00489673
36,81,0.285156,0.636719,1.00015,0,0,0,0.00664102
37,81,0.292969,0.636719,1.00021,0,0,0,0.00888605
38,81,0.300781,0.636719,1.00029,0,0,0,0.0117296
39,81,0.308594,0.636719,1.0004,0,0,0,0.0152725
40,81,0.316406,0.636719,1.00053,0,0,0,0.0196124
41,81,0.324219,0.636719,1.0007,0,0,0,0.0248362
42,81,0.332031,0.636719,1.00092,0,0,0,0.03101
43,81,0.339844,0.636719,1.00119,0,0,0,0.0381677
44,81,0.347656,0.636719,1.00151,0,0,0,0.0462995
45,81,0.355469,0.636719,1.00191,0,0,0,0.0553391
46,81,0.363281,0.636719,1.00238,0,0,0,0.0651535
47,81,0.371094,0.636719,1.00293,0,0,0,0.075534
48,81,0.378906,0.636719,1.00356,0,0,0,0.0861924
49,81,0.386719,0.636719,1.00427,0,0,0,0.0967618
50,81,0.394531,0.636719,1.00507,0,0,0,0.106804
51,81,0.402344,0.636719,1.00594,0,0,0,0.115825
52,81,0.410156,0.636719,1.00688,0,0,0,0.123296
53,81,0.417969,0.636719,1.00787,0,0,0,0.128683
54,81,0.425781,0.636719,1.00889,0,0,0,0.131478
55,81,0.433594,0.636719,1.00992,0,0,0,0.131241
56,81,0.441406,0.636719,1.01094,0,0,0,0.127629
57,81,0.449219,0.636719,1.01192,0,0,0,0.120437
58,81,0.457031,0.636719,1.01282,0,0,0,0.10962
59,81,0.464844,0.636719,1.01363,0,0,0,0.0953101
60,81,0.472656,0.636719,1.01431,0,0,0,0.0778241
61,81,0.480469,0.636719,1.01485,0,0,0,0.0576535
62,81,0.488281,0.636719,1.01521,0,0,0,0.0354435
63,81,0.496094,0.636719,1.0154,0,0,0,0.011959
64,81,0.503906,0.636719,1.0154,0,0,0,-0.011959
65,81,0.511719,0.636719,1.01521,0,0,0,-0.0354435
66,81,0.519531,0.636719,1.01485,0,0,0,-0.0576535
67,81,0.527344,0.636719,1.01431,0,0,0,-0.0778241
68,81,0.535156,0.636719,1.01363,0,0,0,-0.0953101
69,81,0.542969,0.636719,1.01282,0,0,0,-0.10962
70,81,0.550781,0.636719,1.01192,0,0,0,-0.120437
71,81,0.558594,0.636719,1.01094,0,0,0,-0.127629
72,81,0.566406,0.636719,1.00992,0,0,0,-0.131241
73,81,0.574219,0.636719,1.00889,0,0,0,-0.131478
74,81,0.582031,0.636719,1.00787,0,0,0,-0.128683
75,81,0.589844,0.636719,1.00688,0,0,0,-0.123296
76,81,0.597656,0.636719,1.00594,0,0,0,-0.115825
77,81,0.605469,0.636719,1.00507,0,0,0,-0.106804
78,81,0.613281,0.636719,1.00427,0,0,0,-0.0967618
79,81,0.621094,0.636719,1.00356,0,0,0,-0.0861924
80,81,0.628906,0.636719,1.00293,0,0,0,-0.075534
81,81,0.636719,0.636719,1.00238,0,0,0,-0.0651535
82,81,0.644531,0.636719,1.00191,0,0,0,-0.0553391
83,81,0.652344,0.636719,1.00151,0,0,0,-0.0462995
84,81,0.660156,0.636719,1.00119,0,0,0,-0.0381677
85,81,0.667969,0.636719,1.00092,0,0,0,-0.03101
86,81,0.675781,0.636719,1.0007,0,0,0,-0.0248362
87,81,0.683594,0.636719,1.00053,0,0,0,-0.0196124
88,81,0.691406,0.636719,1.0004,0,0,0,-0.0152725
89,81,0.699219,0.636719,1.00029,0,0,0,-0.0117296
90,81,0.707031,0.636719,1.00021,0,0,0,-0.00888605
91,81,0.714844,0.636719,1.00015,0,0,0,-0.00664102
92,81,0.722656,0.636719,1.00011,0,0,0,-0.00489673
93,81,0.730469,0.636719,1.00008,0,0,0,-0.00356256
94,81,0.738281,0.636719,1.00005,0,0,0,-0.00255763
95,81,0.746094,0.636719,1.00004,0,0,0,-0.00181203
96,81,0.753906,0.636719,1.00002,0,0,0,-0.001267
97,81,0.761719,0.636719,1.00002,0,0,0,-0.000874367
98,81,0.769531,0.636719,1.00001,0,0,0,-0.000595585
99,81,0.777344,0.636719,1.00001,0,0,0,-0.00040045
100,81,0.785156,0.636719,1,0,0,0,-0.000265783
101,81,0.792969,0.636719,1,0,0,0,-0.000174141
102,81,0.800781,0.636719,1,0,0,0,-0.000112637
103,81,0.808594,0.636719,1,0,0,0,-7.1927e-05
104,81,0.816406,0.636719,1,0,0,0,-4.53462e-05
105,81,0.824219,0.636719,1,0,0,0,-2.82257e-05
106,81,0.832031,0.636719,1,0,0,0,-1.73466e-05
107,81,0.839844,0.636719,1,0,0,0,-1.0526e-05
108,81,0.847656,0.636719,1,0,0,0,-6.30671e-06
109,81,0.855469,0.636719,1,0,0,0,-3.73114e-06
110,81,0.863281,0.636719,1,0,0,0,-2.17966e-06
111,81,0.871094,0.636719,1,0,0,0,-1.25734e-06
112,81,0.878906,0.636719,1,0,0,0,-7.16217e-07
113,81,0.886719,0.636719,1,0,0,0,-4.02874e-07
114,81,0.894531,0.636719,1,0,0,0,-2.23788e-07
115,81,0.902344,0.636719,1,0,0,0,-1.22758e-07
116,81,0.910156,0.636719,1,0,0,0,-6.64998e-08
117,81,0.917969,0.636719,1,0,0,0,-3.55755e-08
118,81,0.925781,0.636719,1,0,0,0,-1.87953e-08
119,81,0.933594,0.636719,1,0,0,0,-9.80657e-09
120,81,0.941406,0.636719,1,0,0,0,-5.05317e-09
121,81,0.949219,0.636719,1,0,0,0,-2.57154e-09
122,81,0.957031,0.636719,1,0,0,0,-1.29243e-09
123,81,0.964844,0.636719,1,0,0,0,-6.41521e-10
124,81,0.972656,0.636719,1,0,0,0,-3.14486e-10
125,81,0.980469,0.636719,1,0,0,0,-1.52269e-10
126,81,0.988281,0.636719,1,0,0,0,-7.28164e-11
127,81,0.996094,0.636719,1,0,0,0,-2.34195e-11
0,82,0.00390625,0.644531,1,0,0,0,1.8801e-11
1,82,0.0117188,0.644531,1,0,0,0,5.84492e-11
2,82,0.0195312,0.644531,1,0,0,0,1.22228e-10
3,82,0.0273438,0.644531,1,0,0,0,2.52456e-10
4,82,0.0351562,0.644531,1,0,0,0,5.14987e-10
5,82,0.0429688,0.644531,1,0,0,0,1.03749e-09
6,82,0.0507812,0.644531,1,0,0,0,2.06427e-09
7,82,0.0585938,0.644531,1,0,0,0,4.05636e-09
8,82,0.0664062,0.644531,1,0,0,0,7.8721e-09
9,82,0.0742188,0.644531,1,0,0,0,1.50877e-08
10,82,0.0820312,0.644531,1,0,0,0,2.85578e-08
11,82,0.0898438,0.644531,1,0,0,0,5.3382e-08
12,82,0.0976562,0.644531,1,0,0,0,9.85428e-08
13,82,0.105469,0.644531,1,0,0,0,1.79643e-07
14,82,0.113281,0.644531,1,0,0,0,3.23403e-07
15,82,0.121094,0.644531,1,0,0,0,5.74935e-07
16,82,0.128906,0.644531,1,0,0,0,1.00932e-06
17,82,0.136719,0.644531,1,0,0,0,1.74969e-06
18,82,0.144531,0.644531,1,0,0,0,2.99513e-06
19,82,0.152344,0.644531,1,0,0,0,5.06264e-06
20,82,0.160156,0.644531,1,0,0,0,8.44965e-06
21,82,0.167969,0.644531,1,0,0,0,1.39248e-05
22,82,0.175781,0.644531,1,0,0,0,2.26579e-05
23,82,0.183594,0.644531,1,0,0,0,3.64012e-05
24,82,0.191406,0.644531,1,0,0,0,5.77385e-05
25,82,0.199219,0.644531,1,0,0,0,9.04184e-05
26,82,0.207031,0.644531,1,0,0,0,0.000139789
27,82,0.214844,0.644531,1,0,0,0,0.000213354
28,82,0.222656,0.644531,1.00001,0,0,0,0.000321457
29,82,0.230469,0.644531,1.00001,0,0,0,0.000478099
30,82,0.238281,0.644531,1.00001,0,0,0,0.000701888
31,82,0.246094,0.644531,1.00002,0,0,0,0.00101707
32,82,0.253906,0.644531,1.00003,0,0,0,0.00145459
33,82,0.261719,0.644531,1.00004,0,0,0,0.00205311
34,82,0.269531,0.644531,1.00006,0,0,0,0.0028598
35,82,0.277344,0.644531,1.00009,0,0,0,0.00393079
36,82,0.285156,0.644531,1.00012,0,0,0,0.005331
37,82,0.292969,0.644531,1.00017,0,0,0,0.00713318
38,82,0.300781,0.644531,1.00023,0,0,0,0.00941581
39,82,0.308594,0.644531,1.00032,0,0,0,0.0122598
40,82,0.316406,0.644531,1.00043,0,0,0,0.0157437
41,82,0.324219,0.644531,1.00056,0,0,0,0.019937
42,82,0.332031,0.644531,1.00074,0,0,0,0.0248929
43,82,0.339844,0.644531,1.00095,0,0,0,0.0306387
44,82,0.347656,0.644531,1.00122,0,0,0,0.0371664
45,82,0.355469,0.644531,1.00153,0,0,0,0.0444228
46,82,0.363281,0.644531,1.00191,0,0,0,0.0523012
47,82,0.371094,0.644531,1.00235,0,0,0,0.060634
48,82,0.378906,0.644531,1.00286,0,0,0,0.0691899
49,82,0.386719,0.644531,1.00343,0,0,0,0.0776744
50,82,0.394531,0.644531,1.00407,0,0,0,0.0857359
51,82,0.402344,0.644531,1.00477,0,0,0,0.0929775
52,82,0.410156,0.644531,1.00552,0,0,0,0.0989748
53,82,0.417969,0.644531,1.00632,0,0,0,0.103299
54,82,0.425781,0.644531,1.00714,0,0,0,0.105543
55,82,0.433594,0.644531,1.00797,0,0,0,0.105352
56,82,0.441406,0.644531,1.00878,0,0,0,0.102453
57,82,0.449219,0.644531,1.00957,0,0,0,0.0966797
58,82,0.457031,0.644531,1.01029,0,0,0,0.0879962
59,82,0.464844,0.644531,1.01094,0,0,0,0.0765091
60,82,0.472656,0.644531,1.01149,0,0,0,0.0624724
61,82,0.480469,0.644531,1.01192,0,0,0,0.0462807
62,82,0.488281,0.644531,1.01221,0,0,0,0.0284519
63,82,0.496094,0.644531,1.01236,0,0,0,0.00959996
64,82,0.503906,0.644531,1.01236,0,0,0,-0.00959996
65,82,0.511719,0.644531,1.01221,0,0,0,-0.0284519
66,82,0.519531,0.644531,1.01192,0,0,0,-0.0462807
67,82,0.527344,0.644531,1.01149,0,0,0,-0.0624724
68,82,0.535156,0.644531,1.01094,0,0,0,-0.0765091
69,82,0.542969,0.644531,1.01029,0,0,0,-0.0879962
70,82,0.550781,0.644531,1.00957,0,0,0,-0.0966797
71,82,0.558594,0.644531,1.00878,0,0,0,-0.102453
72,82,0.566406,0.644531,1.00797,0,0,0,-0.105352
73,82,0.574219,0.644531,1.00714,0,0,0,-0.105543
74,82,0.582031,0.644531,1.00632,0,0,0,-0.103299
75,82,0.589844,0.644531,1.00552,0,0,0,-0.0989748
76,82,0.597656,0.644531,1.00477,0,0,0,-0.0929775
77,82,0.605469,0.644531,1.00407,0,0,0,-0.0857359
78,82,0.613281,0.644531,1.00343,0,0,0,-0.0776744
79,82,0.621094,0.644531,1.00286,0,0,0,-0.0691899
80,82,0.628906,0.644531,1.00235,0,0,0,-0.060634
81,82,0.636719,0.644531,1.00191,0,0,0,-0.0523012
82,82,0.644531,0.644531,1.00153,0,0,0,-0.0444228
83,82,0.652344,0.644531,1.00122,0,0,0,-0.0371664
84,82,0.660156,0.644531,1.00095,0,0,0,-0.0306387
85,82,0.667969,0.644531,1.00074,0,0,0,-0.0248929
86,82,0.675781,0.644531,1.00056,0,0,0,-0.019937
87,82,0.683594,0.644531,1.00043,0,0,0,-0.0157437
88,82,0.691406,0.644531,1.00032,0,0,0,-0.0122598
89,82,0.699219,0.644531,1.00023,0,0,0,-0.00941581
90,82,0.707031,0.644531,1.00017,0,0,0,-0.00713318
91,82,0.714844,0.644531,1.00012,0,0,0,-0.005331
92,82,0.722656,0.644531,1.00009,0,0,0,-0.00393079
93,82,0.730469,0.644531,1.00006,0,0,0,-0.0028598
94,82,0.738281,0.644531,1.00004,0,0,0,-0.00205311
95,82,0.746094,0.644531,1.00003,0,0,0,-0.00145459
96,82,0.753906,0.644531,1.00002,0,0,0,-0.00101707
97,82,0.761719,0.644531,1.00001,0,0,0,-0.000701888
98,82,0.769531,0.644531,1.00001,0,0,0,-0.000478099
99,82,0.777344,0.644531,1.00001,0,0,0,-0.000321457
100,82,0.785156,0.644531,1,0,0,0,-0.000213354
101,82,0.792969,0.644531,1,0,0,0,-0.000139789
102,82,0.800781,0.644531,1,0,0,0,-9.04184e-05
103,82,0.808594,0.644531,1,0,0,0,-5.77385e-05
104,82,0.816406,0.644531,1,0,0,0,-3.64012e-05
105,82,0.824219,0.644531,1,0,0,0,-2.26579e-05
106,82,0.832031,0.644531,1,0,0,0,-1.39248e-05
107,82,0.839844,0.644531,1,0,0,0,-8.44965e-06
108,82,0.847656,0.644531,1,0,0,0,-5.06264e-06
109,82,0.855469,0.644531,1,0,0,0,-2.99513e-06
110,82,0.863281,0.644531,1,0,0,0,-1.74969e-06
111,82,0.871094,0.644531,1,0,0,0,-1.00932e-06
112,82,0.878906,0.644531,1,0,0,0,-5.74935e-07
113,82,0.886719,0.644531,1,0,0,0,-3.23403e-07
114,82,0.894531,0.644531,1,0,0,0,-1.79643e-07
115,82,0.902344,0.644531,1,0,0,0,-9.85428e-08
116,82,0.910156,0.644531,1,0,0,0,-5.3382e-08
117,82,0.917969,0.644531,1,0,0,0,-2.85578e-08
118,82,0.925781,0.644531,1,0,0,0,-1.50877e-08
119,82,0.933594,0.644531,1,0,0,0,-7.8721e-09
120,82,0.941406,0.644531,1,0,0,0,-4.05636e-09
121,82,0.949219,0.644531,1,0,0,0,-2.06427e-09
122,82,0.957031,0.644531,1,0,0,0,-1.03749e-09
123,82,0.964844,0.644531,1,0,0,0,-5.14987e-10
124,82,0.972656,0.644531,1,0,0,0,-2.52456e-10
125,82,0.980469,0.644531,1,0,0,0,-1.22228e-10
126,82,0.988281,0.644531,1,0,0,0,-5.84492e-11
127,82,0.996094,0.644531,1,0,0,0,-1.8801e-11
0,83,0.00390625,0.652344,1,0,0,0,1.49072e-11
1,83,0.0117188,0.652344,1,0,0,0,4.63558e-11
2,83,0.0195312,0.652344,1,0,0,0,9.69322e-11
3,83,0.0273438,0.652344,1,0,0,0,2.00203e-10
4,83,0.0351562,0.652344,1,0,0,0,4.08377e-10
5,83,0.0429688,0.652344,1,0,0,0,8.22723e-10
6,83,0.0507812,0.652344,1,0,0,0,1.63696e-09
7,83,0.0585938,0.652344,1,0,0,0,3.2167e-09
8,83,0.0664062,0.652344,1,0,0,0,6.24259e-09
9,83,0.0742188,0.652344,1,0,0,0,1.19645e-08
10,83,0.0820312,0.652344,1,0,0,0,2.26463e-08
11,83,0.0898438,0.652344,1,0,0,0,4.23318e-08
12,83,0.0976562,0.652344,1,0,0,0,7.81444e-08
13,83,0.105469,0.652344,1,0,0,0,1.42457e-07
14,83,0.113281,0.652344,1,0,0,0,2.56458e-07
15,83,0.121094,0.652344,1,0,0,0,4.55922e-07
16,83,0.128906,0.652344,1,0,0,0,8.00387e-07
17,83,0.136719,0.652344,1,0,0,0,1.38751e-06
18,83,0.144531,0.652344,1,0,0,0,2.37513e-06
19,83,0.152344,0.652344,1,0,0,0,4.01467e-06
20,83,0.160156,0.652344,1,0,0,0,6.70056e-06
21,83,0.167969,0.652344,1,0,0,0,1.10424e-05
22,83,0.175781,0.652344,1,0,0,0,1.79677e-05
23,83,0.183594,0.652344,1,0,0,0,2.88661e-05
24,83,0.191406,0.652344,1,0,0,0,4.57866e-05
25,83,0.199219,0.652344,1,0,0,0,7.17017e-05
26,83,0.207031,0.652344,1,0,0,0,0.000110853
27,83,0.214844,0.652344,1,0,0,0,0.00016919
28,83,0.222656,0.652344,1,0,0,0,0.000254915
29,83,0.230469,0.652344,1.00001,0,0,0,0.000379132
30,83,0.238281,0.652344,1.00001,0,0,0,0.000556596
31,83,0.246094,0.652344,1.00002,0,0,0,0.000806533
32,83,0.253906,0.652344,1.00002,0,0,0,0.00115349
33,83,0.261719,0.652344,1.00003,0,0,0,0.00162811
34,83,0.269531,0.652344,1.00005,0,0,0,0.00226782
35,83,0.277344,0.652344,1.00007,0,0,0,0.00311711
36,83,0.285156,0.652344,1.0001,0,0,0,0.00422748
37,83,0.292969,0.652344,1.00014,0,0,0,0.0056566
38,83,0.300781,0.652344,1.00019,0,0,0,0.00746673
39,83,0.308594,0.652344,1.00025,0,0,0,0.00972202
40,83,0.316406,0.652344,1.00034,0,0,0,0.0124847
41,83,0.324219,0.652344,1.00045,0,0,0,0.01581
42,83,0.332031,0.652344,1.00058,0,0,0,0.01974
43,83,0.339844,0.652344,1.00076,0,0,0,0.0242964
44,83,0.347656,0.652344,1.00096,0,0,0,0.0294729
45,83,0.355469,0.652344,1.00122,0,0,0,0.0352273
46,83,0.363281,0.652344,1.00151,0,0,0,0.0414748
47,83,0.371094,0.652344,1.00186,0,0,0,0.0480827
48,83,0.378906,0.652344,1.00227,0,0,0,0.0548675
49,83,0.386719,0.652344,1.00272,0,0,0,0.0615957
50,83,0.394531,0.652344,1.00323,0,0,0,0.0679885
51,83,0.402344,0.652344,1.00378,0,0,0,0.073731
52,83,0.410156,0.652344,1.00438,0,0,0,0.0784869
53,83,0.417969,0.652344,1.00501,0,0,0,0.0819157
54,83,0.425781,0.652344,1.00566,0,0,0,0.0836952
55,83,0.433594,0.652344,1.00632,0,0,0,0.0835439
56,83,0.441406,0.652344,1.00697,0,0,0,0.081245
57,83,0.449219,0.652344,1.00759,0,0,0,0.0766669
58,83,0.457031,0.652344,1.00816,0,0,0,0.0697809
59,83,0.464844,0.652344,1.00868,0,0,0,0.0606716
60,83,0.472656,0.652344,1.00911,0,0,0,0.0495405
61,83,0.480469,0.652344,1.00945,0,0,0,0.0367005
62,83,0.488281,0.652344,1.00968,0,0,0,0.0225623
63,83,0.496094,0.652344,1.0098,0,0,0,0.00761275
64,83,0.503906,0.652344,1.0098,0,0,0,-0.00761275
65,83,0.511719,0.652344,1.00968,0,0,0,-0.0225623
66,83,0.519531,0.652344,1.00945,0,0,0,-0.0367005
67,83,0.527344,0.652344,1.00911,0,0,0,-0.0495405
68,83,0.535156,0.652344,1.00868,0,0,0,-0.0606716
69,83,0.542969,0.652344,1.00816,0,0,0,-0.0697809
70,83,0.550781,0.652344,1.00759,0,0,0,-0.0766669
71,83,0.558594,0.652344,1.00697,0,0,0,-0.081245
72,83,0.566406,0.652344,1.00632,0,0,0,-0.0835439
73,83,0.574219,0.652344,1.00566,0,0,0,-0.0836952
74,83,0.582031,0.652344,1.00501,0,0,0,-0.0819157
75,83,0.589844,0.652344,1.00438,0,0,0,-0.0784869
76,83,0.597656,0.652344,1.00378,0,0,0,-0.073731
77,83,0.605469,0.652344,1.00323,0,0,0,-0.0679885
78,83,0.613281,0.652344,1.00272,0,0,0,-0.0615957
79,83,0.621094,0.652344,1.00227,0,0,0,-0.0548675
80,83,0.628906,0.652344,1.00186,0,0,0,-0.0480827
81,83,0.636719,0.652344,1.00151,0,0,0,-0.0414748
82,83,0.644531,0.652344,1.00122,0,0,0,-0.0352273
83,83,0.652344,0.652344,1.00096,0,0,0,-0.0294729
84,83,0.660156,0.652344,1.00076,0,0,0,-0.0242964
85,83,0.667969,0.652344,1.00058,0,0,0,-0.01974
86,83,0.675781,0.652344,1.00045,0,0,0,-0.01581
87,83,0.683594,0.652344,1.00034,0,0,0,-0.0124847
88,83,0.691406,0.652344,1.00025,0,0,0,-0.00972202
89,83,0.699219,0.652344,1.00019,0,0,0,-0.00746673
90,83,0.707031,0.652344,1.00014,0,0,0,-0.0056566
91,83,0.714844,0.652344,1.0001,0,0,0,-0.00422748
92,83,0.722656,0.652344,1.00007,0,0,0,-0.00311711
93,83,0.730469,0.652344,1.00005,0,0,0,-0.00226782
94,83,0.738281,0.652344,1.00003,0,0,0,-0.00162811
95,83,0.746094,0.652344,1.00002,0,0,0,-0.00115349
96,83,0.753906,0.652344,1.00002,0,0,0,-0.000806533
97,83,0.761719,0.652344,1.00001,0,0,0,-0.000556596
98,83,0.769531,0.652344,1.00001,0,0,0,-0.000379132
99,83,0.777344,0.652344,1,0,0,0,-0.000254915
100,83,0.785156,0.652344,1,0,0,0,-0.00016919
101,83,0.792969,0.652344,1,0,0,0,-0.000110853
102,83,0.800781,0.652344,1,0,0,0,-7.17017e-05
103,83,0.808594,0.652344,1,0,0,0,-4.57866e-05
104,83,0.816406,0.652344,1,0,0,0,-2.88661e-05
105,83,0.824219,0.652344,1,0,0,0,-1.79677e-05
106,83,0.832031,0.652344,1,0,0,0,-1.10424e-05
107,83,0.839844,0.652344,1,0,0,0,-6.70056e-06
108,83,0.847656,0.652344,1,0,0,0,-4.01467e-06
109,83,0.855469,0.652344,1,0,0,0,-2.37513e-06
110,83,0.863281,0.652344,1,0,0,0,-1.38751e-06
111,83,0.871094,0.652344,1,0,0,0,-8.00387e-07
112,83,0.878906,0.652344,1,0,0,0,-4.55922e-07
113,83,0.886719,0.652344,1,0,0,0,-2.56458e-07
114,83,0.894531,0.652344,1,0,0,0,-1.42457e-07
115,83,0.902344,0.652344,1,0,0,0,-7.81444e-08
116,83,0.910156,0.652344,1,0,0,0,-4.23318e-08
117,83,0.917969,0.652344,1,0,0,0,-2.26463e-08
118,83,0.925781,0.652344,1,0,0,0,-1.19645e-08
119,83,0.933594,0.652344,1,0,0,0,-6.24259e-09
120,83,0.941406,0.652344,1,0,0,0,-3.2167e-09
121,83,0.949219,0.652344,1,0,0,0,-1.63696e-09
122,83,0.957031,0.652344,1,0,0,0,-8.22723e-10
123,83,0.964844,0.652344,1,0,0,0,-4.08377e-10
124,83,0.972656,0.652344,1,0,0,0,-2.00203e-10
125,83,0.980469,0.652344,1,0,0,0,-9.69322e-11
126,83,0.988281,0.652344,1,0,0,0,-4.63558e-11
127,83,0.996094,0.652344,1,0,0,0,-1.49072e-11
0,84,0.00390625,0.660156,1,0,0,0,1.16813e-11
1,84,0.0117188,0.660156,1,0,0,0,3.63087e-11
2,84,0.0195312,0.660156,1,0,0,0,7.59286e-11
3,84,0.0273438,0.660156,1,0,0,0,1.56831e-10
4,84,0.0351562,0.660156,1,0,0,0,3.19915e-10
5,84,0.0429688,0.660156,1,0,0,0,6.44505e-10
6,84,0.0507812,0.660156,1,0,0,0,1.28236e-09
7,84,0.0585938,0.660156,1,0,0,0,2.51988e-09
8,84,0.0664062,0.660156,1,0,0,0,4.8903e-09
9,84,0.0742188,0.660156,1,0,0,0,9.37273e-09
10,84,0.0820312,0.660156,1,0,0,0,1.77406e-08
11,84,0.0898438,0.660156,1,0,0,0,3.31618e-08
12,84,0.0976562,0.660156,1,0,0,0,6.12165e-08
13,84,0.105469,0.660156,1,0,0,0,1.11597e-07
14,84,0.113281,0.660156,1,0,0,0,2.00903e-07
15,84,0.121094,0.660156,1,0,0,0,3.57159e-07
16,84,0.128906,0.660156,1,0,0,0,6.27005e-07
17,84,0.136719,0.660156,1,0,0,0,1.08694e-06
18,84,0.144531,0.660156,1,0,0,0,1.86062e-06
19,84,0.152344,0.660156,1,0,0,0,3.145e-06
20,84,0.160156,0.660156,1,0,0,0,5.24907e-06
21,84,0.167969,0.660156,1,0,0,0,8.65034e-06
22,84,0.175781,0.660156,1,0,0,0,1.40755e-05
23,84,0.183594,0.660156,1,0,0,0,2.2613e-05
24,84,0.191406,0.660156,1,0,0,0,3.58682e-05
25,84,0.199219,0.660156,1,0,0,0,5.61695e-05
26,84,0.207031,0.660156,1,0,0,0,8.68396e-05
27,84,0.214844,0.660156,1,0,0,0,0.00013254
28,84,0.222656,0.660156,1,0,0,0,0.000199695
29,84,0.230469,0.660156,1.00001,0,0,0,0.000297003
30,84,0.238281,0.660156,1.00001,0,0,0,0.000436025
31,84,0.246094,0.660156,1.00001,0,0,0,0.00063182
32,84,0.253906,0.660156,1.00002,0,0,0,0.000903615
33,84,0.261719,0.660156,1.00003,0,0,0,0.00127543
34,84,0.269531,0.660156,1.00004,0,0,0,0.00177656
35,84,0.277344,0.660156,1.00005,0,0,0,0.00244188
36,84,0.285156,0.660156,1.00008,0,0,0,0.00331171
37,84,0.292969,0.660156,1.00011,0,0,0,0.00443125
38,84,0.300781,0.660156,1.00015,0,0,0,0.00584927
39,84,0.308594,0.660156,1.0002,0,0,0,0.00761601
40,84,0.316406,0.660156,1.00026,0,0,0,0.00978023
41,84,0.324219,0.660156,1.00035,0,0,0,0.0123852
42,84,0.332031,0.660156,1.00046,0,0,0,0.0154639
43,84,0.339844,0.660156,1.00059,0,0,0,0.0190333
44,84,0.347656,0.660156,1.00076,0,0,0,0.0230884
45,84,0.355469,0.660156,1.00095,0,0,0,0.0275962
46,84,0.363281,0.660156,1.00119,0,0,0,0.0324904
47,84,0.371094,0.660156,1.00146,0,0,0,0.0376669
48,84,0.378906,0.660156,1.00177,0,0,0,0.042982
49,84,0.386719,0.660156,1.00213,0,0,0,0.0482527
50,84,0.394531,0.660156,1.00253,0,0,0,0.0532606
51,84,0.402344,0.660156,1.00296,0,0,0,0.0577592
52,84,0.410156,0.660156,1.00343,0,0,0,0.0614848
53,84,0.417969,0.660156,1.00392,0,0,0,0.0641709
54,84,0.425781,0.660156,1.00443,0,0,0,0.0655649
55,84,0.433594,0.660156,1.00495,0,0,0,0.0654464
56,84,0.441406,0.660156,1.00546,0,0,0,0.0636455
57,84,0.449219,0.660156,1.00594,0,0,0,0.0600591
58,84,0.457031,0.660156,1.0064,0,0,0,0.0546648
59,84,0.464844,0.660156,1.0068,0,0,0,0.0475288
60,84,0.472656,0.660156,1.00714,0,0,0,0.0388089
61,84,0.480469,0.660156,1.0074,0,0,0,0.0287504
62,84,0.488281,0.660156,1.00759,0,0,0,0.0176748
63,84,0.496094,0.660156,1.00768,0,0,0,0.00596366
64,84,0.503906,0.660156,1.00768,0,0,0,-0.00596366
65,84,0.511719,0.660156,1.00759,0,0,0,-0.0176748
66,84,0.519531,0.660156,1.0074,0,0,0,-0.0287504
67,84,0.527344,0.660156,1.00714,0,0,0,-0.0388089
68,84,0.535156,0.660156,1.0068,0,0,0,-0.0475288
69,84,0.542969,0.660156,1.0064,0,0,0,-0.0546648
70,84,0.550781,0.660156,1.00594,0,0,0,-0.0600591
71,84,0.558594,0.660156,1.00546,0,0,0,-0.0636455
72,84,0.566406,0.660156,1.00495,0,0,0,-0.0654464
73,84,0.574219,0.660156,1.00443,0,0,0,-0.0655649
74,84,0.582031,0.660156,1.00392,0,0,0,-0.0641709
75,84,0.589844,0.660156,1.00343,0,0,0,-0.0614848
76,84,0.597656,0.660156,1.00296,0,0,0,-0.0577592
77,84,0.605469,0.660156,1.00253,0,0,0,-0.0532606
78,84,0.613281,0.660156,1.00213,0,0,0,-0.0482527
79,84,0.621094,0.660156,1.00177,0,0,0,-0.042982
80,84,0.628906,0.660156,1.00146,0,0,0,-0.0376669
81,84,0.636719,0.660156,1.00119,0,0,0,-0.0324904
82,84,0.644531,0.660156,1.00095,0,0,0,-0.0275962
83,84,0.652344,0.660156,1.00076,0,0,0,-0.0230884
84,84,0.660156,0.660156,1.00059,0,0,0,-0.0190333
85,84,0.667969,0.660156,1.00046,0,0,0,-0.0154639
86,84,0.675781,0.660156,1.00035,0,0,0,-0.0123852
87,84,0.683594,0.660156,1.00026,0,0,0,-0.00978023
88,84,0.691406,0.660156,1.0002,0,0,0,-0.00761601
89,84,0.699219,0.660156,1.00015,0,0,0,-0.00584927
90,84,0.707031,0.660156,1.00011,0,0,0,-0.00443125
91,84,0.714844,0.660156,1.00008,0,0,0,-0.00331171
92,84,0.722656,0.660156,1.00005,0,0,0,-0.00244188
93,84,0.730469,0.660156,1.00004,0,0,0,-0.00177656
94,84,0.738281,0.660156,1.00003,0,0,0,-0.00127543
95,84,0.746094,0.660156,1.00002,0,0,0,-0.000903615
96,84,0.753906,0.660156,1.00001,0,0,0,-0.00063182
97,84,0.761719,0.660156,1.00001,0,0,0,-0.000436025
98,84,0.769531,0.660156,1.00001,0,0,0,-0.000297003
99,84,0.777344,0.660156,1,0,0,0,-0.000199695
100,84,0.785156,0.660156,1,0,0,0,-0.00013254
101,84,0.792969,0.660156,1,0,0,0,-8.68396e-05
102,84,0.800781,0.660156,1,0,0,0,-5.61695e-05
103,84,0.808594,0.660156,1,0,0,0,-3.58682e-05
104,84,0.816406,0.660156,1,0,0,0,-2.2613e-05
105,84,0.824219,0.660156,1,0,0,0,-1.40755e-05
106,84,0.832031,0.660156,1,0,0,0,-8.65034e-06
107,84,0.839844,0.660156,1,0,0,0,-5.24907e-06
108,84,0.847656,0.660156,1,0,0,0,-3.145e-06
109,84,0.855469,0.660156,1,0,0,0,-1.86062e-06
110,84,0.863281,0.660156,1,0,0,0,-1.08694e-06
111,84,0.871094,0.660156,1,0,0,0,-6.27005e-07
112,84,0.878906,0.660156,1,0,0,0,-3.57159e-07
113,84,0.886719,0.660156,1,0,0,0,-2.00903e-07
114,84,0.894531,0.660156,1,0,0,0,-1.11597e-07
115,84,0.902344,0.660156,1,0,0,0,-6.12165e-08
116,84,0.910156,0.660156,1,0,0,0,-3.31618e-08
117,84,0.917969,0.660156,1,0,0,0,-1.77406e-08
118,84,0.925781,0.660156,1,0,0,0,-9.37273e-09
119,84,0.933594,0.660156,1,0,0,0,-4.8903e-09
120,84,0.941406,0.660156,1,0,0,0,-2.51988e-09
121,84,0.949219,0.660156,1,0,0,0,-1.28236e-09
122,84,0.957031,0.660156,1,0,0,0,-6.44505e-10
123,84,0.964844,0.660156,1,0,0,0,-3.19915e-10
124,84,0.972656,0.660156,1,0,0,0,-1.56831e-10
125,84,0.980469,0.660156,1,0,0,0,-7.59286e-11
126,84,0.988281,0.660156,1,0,0,0,-3.63087e-11
127,84,0.996094,0.660156,1,0,0,0,-1.16813e-11
0,85,0.00390625,0.667969,1,0,0,0,9.0381e-12
1,85,0.0117188,0.667969,1,0,0,0,2.81091e-11
2,85,0.0195312,0.667969,1,0,0,0,5.87761e-11
3,85,0.0273438,0.667969,1,0,0,0,1.21361e-10
4,85,0.0351562,0.667969,1,0,0,0,2.47567e-10
5,85,0.0429688,0.667969,1,0,0,0,4.98773e-10
6,85,0.0507812,0.667969,1,0,0,0,9.92387e-10
7,85,0.0585938,0.667969,1,0,0,0,1.95007e-09
8,85,0.0664062,0.667969,1,0,0,0,3.78446e-09
9,85,0.0742188,0.667969,1,0,0,0,7.25329e-09
10,85,0.0820312,0.667969,1,0,0,0,1.3729e-08
11,85,0.0898438,0.667969,1,0,0,0,2.5663e-08
12,85,0.0976562,0.667969,1,0,0,0,4.73738e-08
13,85,0.105469,0.667969,1,0,0,0,8.63621e-08
14,85,0.113281,0.667969,1,0,0,0,1.55474e-07
15,85,0.121094,0.667969,1,0,0,0,2.76396e-07
16,85,0.128906,0.667969,1,0,0,0,4.85222e-07
17,85,0.136719,0.667969,1,0,0,0,8.41154e-07
18,85,0.144531,0.667969,1,0,0,0,1.43989e-06
19,85,0.152344,0.667969,1,0,0,0,2.43383e-06
20,85,0.160156,0.667969,1,0,0,0,4.06211e-06
21,85,0.167969,0.667969,1,0,0,0,6.69426e-06
22,85,0.175781,0.667969,1,0,0,0,1.08926e-05
23,85,0.183594,0.667969,1,0,0,0,1.74996e-05
24,85,0.191406,0.667969,1,0,0,0,2.77574e-05
25,85,0.199219,0.667969,1,0,0,0,4.3468e-05
26,85,0.207031,0.667969,1,0,0,0,6.72028e-05
27,85,0.214844,0.667969,1,0,0,0,0.000102569
28,85,0.222656,0.667969,1,0,0,0,0.000154538
29,85,0.230469,0.667969,1,0,0,0,0.000229843
30,85,0.238281,0.667969,1.00001,0,0,0,0.000337428
31,85,0.246094,0.667969,1.00001,0,0,0,0.000488948
32,85,0.253906,0.667969,1.00001,0,0,0,0.000699283
33,85,0.261719,0.667969,1.00002,0,0,0,0.000987017
34,85,0.269531,0.667969,1.00003,0,0,0,0.00137483
35,85,0.277344,0.667969,1.00004,0,0,0,0.0018897
36,85,0.285156,0.667969,1.00006,0,0,0,0.00256284
37,85,0.292969,0.667969,1.00008,0,0,0,0.00342923
38,85,0.300781,0.667969,1.00011,0,0,0,0.00452659
39,85,0.308594,0.667969,1.00015,0,0,0,0.00589382
40,85,0.316406,0.667969,1.0002,0,0,0,0.00756866
41,85,0.324219,0.667969,1.00027,0,0,0,0.00958458
42,85,0.332031,0.667969,1.00035,0,0,0,0.0119671
43,85,0.339844,0.667969,1.00046,0,0,0,0.0147293
44,85,0.347656,0.667969,1.00058,0,0,0,0.0178675
45,85,0.355469,0.667969,1.00074,0,0,0,0.021356
46,85,0.363281,0.667969,1.00092,0,0,0,0.0251434
47,85,0.371094,0.667969,1.00113,0,0,0,0.0291494
48,85,0.378906,0.667969,1.00137,0,0,0,0.0332626
49,85,0.386719,0.667969,1.00165,0,0,0,0.0373415
50,85,0.394531,0.667969,1.00196,0,0,0,0.041217
51,85,0.402344,0.667969,1.00229,0,0,0,0.0446983
52,85,0.410156,0.667969,1.00266,0,0,0,0.0475815
53,85,0.417969,0.667969,1.00304,0,0,0,0.0496602
54,85,0.425781,0.667969,1.00343,0,0,0,0.0507389
55,85,0.433594,0.667969,1.00383,0,0,0,0.0506472
56,85,0.441406,0.667969,1.00422,0,0,0,0.0492535
57,85,0.449219,0.667969,1.0046,0,0,0,0.0464781
58,85,0.457031,0.667969,1.00495,0,0,0,0.0423036
59,85,0.464844,0.667969,1.00526,0,0,0,0.0367812
60,85,0.472656,0.667969,1.00552,0,0,0,0.0300332
61,85,0.480469,0.667969,1.00573,0,0,0,0.0222491
62,85,0.488281,0.667969,1.00587,0,0,0,0.013678
63,85,0.496094,0.667969,1.00594,0,0,0,0.00461512
64,85,0.503906,0.667969,1.00594,0,0,0,-0.00461512
65,85,0.511719,0.667969,1.00587,0,0,0,-0.013678
66,85,0.519531,0.667969,1.00573,0,0,0,-0.0222491
67,85,0.527344,0.667969,1.00552,0,0,0,-0.0300332
68,85,0.535156,0.667969,1.00526,0,0,0,-0.0367812
69,85,0.542969,0.667969,1.00495,0,0,0,-0.0423036
70,85,0.550781,0.667969,1.0046,0,0,0,-0.0464781
71,85,0.558594,0.667969,1.00422,0,0,0,-0.0492535
72,85,0.566406,0.667969,1.00383,0,0,0,-0.0506472
73,85,0.574219,0.667969,1.00343,0,0,0,-0.0507389
74,85,0.582031,0.667969,1.00304,0,0,0,-0.0496602
75,85,0.589844,0.667969,1.00266,0,0,0,-0.0475815
76,85,0.597656,0.667969,1.00229,0,0,0,-0.0446983
77,85,0.605469,0.667969,1.00196,0,0,0,-0.041217
78,85,0.613281,0.667969,1.00165,0,0,0,-0.0373415
79,85,0.621094,0.667969,1.00137,0,0,0,-0.0332626
80,85,0.628906,0.667969,1.00113,0,0,0,-0.0291494
81,85,0.636719,0.667969,1.00092,0,0,0,-0.0251434
82,85,0.644531,0.667969,1.00074,0,0,0,-0.021356
83,85,0.652344,0.667969,1.00058,0,0,0,-0.0178675
84,85,0.660156,0.667969,1.00046,0,0,0,-0.0147293
85,85,0.667969,0.667969,1.00035,0,0,0,-0.0119671
86,85,0.675781,0.667969,1.00027,0,0,0,-0.00958458
87,85,0.683594,0.667969,1.0002,0,0,0,-0.00756866
88,85,0.691406,0.667969,1.00015,0,0,0,-0.00589382
89,85,0.699219,0.667969,1.00011,0,0,0,-0.00452659
90,85,0.707031,0.667969,1.00008,0,0,0,-0.00342923
91,85,0.714844,0.667969,1.00006,0,0,0,-0.00256284
92,85,0.722656,0.667969,1.00004,0,0,0,-0.0018897
93,85,0.730469,0.667969,1.00003,0,0,0,-0.00137483
94,85,0.738281,0.667969,1.00002,0,0,0,-0.000987017
95,85,0.746094,0.667969,1.00001,0,0,0,-0.000699283
96,85,0.753906,0.667969,1.00001,0,0,0,-0.000488948
97,85,0.761719,0.667969,1.00001,0,0,0,-0.000337428
98,85,0.769531,0.667969,1,0,0,0,-0.000229843
99,85,0.777344,0.667969,1,0,0,0,-0.000154538
100,85,0.785156,0.667969,1,0,0,0,-0.000102569
101,85,0.792969,0.667969,1,0,0,0,-6.72028e-05
102,85,0.800781,0.667969,1,0,0,0,-4.3468e-05
103,85,0.808594,0.667969,1,0,0,0,-2.77574e-05
104,85,0.816406,0.667969,1,0,0,0,-1.74996e-05
105,85,0.824219,0.667969,1,0,0,0,-1.08926e-05
106,85,0.832031,0.667969,1,0,0,0,-6.69426e-06
107,85,0.839844,0.667969,1,0,0,0,-4.06211e-06
108,85,0.847656,0.667969,1,0,0,0,-2.43383e-06
109,85,0.855469,0.667969,1,0,0,0,-1.43989e-06
110,85,0.863281,0.667969,1,0,0,0,-8.41154e-07
111,85,0.871094,0.667969,1,0,0,0,-4.85222e-07
112,85,0.878906,0.667969,1,0,0,0,-2.76396e-07
113,85,0.886719,0.667969,1,0,0,0,-1.55474e-07
114,85,0.894531,0.667969,1,0,0,0,-8.63621e-08
115,85,0.902344,0.667969,1,0,0,0,-4.73738e-08
116,85,0.910156,0.667969,1,0,0,0,-2.5663e-08
117,85,0.917969,0.667969,1,0,0,0,-1.3729e-08
118,85,0.925781,0.667969,1,0,0,0,-7.25329e-09
119,85,0.933594,0.667969,1,0,0,0,-3.78446e-09
120,85,0.941406,0.667969,1,0,0,0,-1.95007e-09
121,85,0.949219,0.667969,1,0,0,0,-9.92387e-10
122,85,0.957031,0.667969,1,0,0,0,-4.98773e-10
123,85,0.964844,0.667969,1,0,0,0,-2.47567e-10
124,85,0.972656,0.667969,1,0,0,0,-1.21361e-10
125,85,0.980469,0.667969,1,0,0,0,-5.87761e-11
126,85,0.988281,0.667969,1,0,0,0,-2.81091e-11
127,85,0.996094,0.667969,1,0,0,0,-9.0381e-12
0,86,0.00390625,0.675781,1,0,0,0,6.90648e-12
1,86,0.0117188,0.675781,1,0,0,0,2.14868e-11
2,86,0.0195312,0.675781,1,0,0,0,4.49205e-11
3,86,0.0273438,0.675781,1,0,0,0,9.27827e-11
4,86,0.0351562,0.675781,1,0,0,0,1.89274e-10
5,86,0.0429688,0.675781,1,0,0,0,3.81291e-10
6,86,0.0507812,0.675781,1,0,0,0,7.58661e-10
7,86,0.0585938,0.675781,1,0,0,0,1.4908e-09
8,86,0.0664062,0.675781,1,0,0,0,2.89316e-09
9,86,0.0742188,0.675781,1,0,0,0,5.54502e-09
10,86,0.0820312,0.675781,1,0,0,0,1.04956e-08
11,86,0.0898438,0.675781,1,0,0,0,1.9619e-08
12,86,0.0976562,0.675781,1,0,0,0,3.62165e-08
13,86,0.105469,0.675781,1,0,0,0,6.60225e-08
14,86,0.113281,0.675781,1,0,0,0,1.18857e-07
15,86,0.121094,0.675781,1,0,0,0,2.113e-07
16,86,0.128906,0.675781,1,0,0,0,3.70944e-07
17,86,0.136719,0.675781,1,0,0,0,6.43048e-07
18,86,0.144531,0.675781,1,0,0,0,1.10077e-06
19,86,0.152344,0.675781,1,0,0,0,1.86062e-06
20,86,0.160156,0.675781,1,0,0,0,3.10542e-06
21,86,0.167969,0.675781,1,0,0,0,5.11765e-06
22,86,0.175781,0.675781,1,0,0,0,8.32723e-06
23,86,0.183594,0.675781,1,0,0,0,1.33782e-05
24,86,0.191406,0.675781,1,0,0,0,2.12201e-05
25,86,0.199219,0.675781,1,0,0,0,3.32306e-05
26,86,0.207031,0.675781,1,0,0,0,5.13754e-05
27,86,0.214844,0.675781,1,0,0,0,7.84121e-05
28,86,0.222656,0.675781,1,0,0,0,0.000118142
29,86,0.230469,0.675781,1,0,0,0,0.000175711
30,86,0.238281,0.675781,1,0,0,0,0.000257958
31,86,0.246094,0.675781,1.00001,0,0,0,0.000373793
32,86,0.253906,0.675781,1.00001,0,0,0,0.00053459
33,86,0.261719,0.675781,1.00002,0,0,0,0.000754558
34,86,0.269531,0.675781,1.00002,0,0,0,0.00105103
35,86,0.277344,0.675781,1.00003,0,0,0,0.00144465
36,86,0.285156,0.675781,1.00005,0,0,0,0.00195925
37,86,0.292969,0.675781,1.00006,0,0,0,0.00262159
38,86,0.300781,0.675781,1.00009,0,0,0,0.0034605
39,86,0.308594,0.675781,1.00012,0,0,0,0.00450573
40,86,0.316406,0.675781,1.00016,0,0,0,0.00578611
41,86,0.324219,0.675781,1.00021,0,0,0,0.00732725
42,86,0.332031,0.675781,1.00027,0,0,0,0.00914864
43,86,0.339844,0.675781,1.00035,0,0,0,0.0112603
44,86,0.347656,0.675781,1.00045,0,0,0,0.0136594
45,86,0.355469,0.675781,1.00056,0,0,0,0.0163263
46,86,0.363281,0.675781,1.0007,0,0,0,0.0192218
47,86,0.371094,0.675781,1.00086,0,0,0,0.0222842
48,86,0.378906,0.675781,1.00105,0,0,0,0.0254287
49,86,0.386719,0.675781,1.00126,0,0,0,0.0285469
50,86,0.394531,0.675781,1.0015,0,0,0,0.0315097
51,86,0.402344,0.675781,1.00175,0,0,0,0.0341711
52,86,0.410156,0.675781,1.00203,0,0,0,0.0363752
53,86,0.417969,0.675781,1.00232,0,0,0,0.0379644
54,86,0.425781,0.675781,1.00262,0,0,0,0.0387891
55,86,0.433594,0.675781,1.00293,0,0,0,0.038719
56,86,0.441406,0.675781,1.00323,0,0,0,0.0376535
57,86,0.449219,0.675781,1.00352,0,0,0,0.0355318
58,86,0.457031,0.675781,1.00378,0,0,0,0.0323404
59,86,0.464844,0.675781,1.00402,0,0,0,0.0281186
60,86,0.472656,0.675781,1.00422,0,0,0,0.0229599
61,86,0.480469,0.675781,1.00438,0,0,0,0.0170091
62,86,0.488281,0.675781,1.00449,0,0,0,0.0104566
63,86,0.496094,0.675781,1.00454,0,0,0,0.00352818
64,86,0.503906,0.675781,1.00454,0,0,0,-0.00352818
65,86,0.511719,0.675781,1.00449,0,0,0,-0.0104566
66,86,0.519531,0.675781,1.00438,0,0,0,-0.0170091
67,86,0.527344,0.675781,1.00422,0,0,0,-0.0229599
68,86,0.535156,0.675781,1.00402,0,0,0,-0.0281186
69,86,0.542969,0.675781,1.00378,0,0,0,-0.0323404
70,86,0.550781,0.675781,1.00352,0,0,0,-0.0355318
71,86,0.558594,0.675781,1.00323,0,0,0,-0.0376535
72,86,0.566406,0.675781,1.00293,0,0,0,-0.038719
73,86,0.574219,0.675781,1.00262,0,0,0,-0.0387891
74,86,0.582031,0.675781,1.00232,0,0,0,-0.0379644
75,86,0.589844,0.675781,1.00203,0,0,0,-0.0363752
76,86,0.597656,0.675781,1.00175,0,0,0,-0.0341711
77,86,0.605469,0.675781,1.0015,0,0,0,-0.0315097
78,86,0.613281,0.675781,1.00126,0,0,0,-0.0285469
79,86,0.621094,0.675781,1.00105,0,0,0,-0.0254287
80,86,0.628906,0.675781,1.00086,0,0,0,-0.0222842
81,86,0.636719,0.675781,1.0007,0,0,0,-0.0192218
82,86,0.644531,0.675781,1.00056,0,0,0,-0.0163263
83,86,0.652344,0.675781,1.00045,0,0,0,-0.0136594
84,86,0.660156,0.675781,1.00035,0,0,0,-0.0112603
85,86,0.667969,0.675781,1.00027,0,0,0,-0.00914864
86,86,0.675781,0.675781,1.00021,0,0,0,-0.00732725
87,86,0.683594,0.675781,1.00016,0,0,0,-0.00578611
88,86,0.691406,0.675781,1.00012,0,0,0,-0.00450573
89,86,0.699219,0.675781,1.00009,0,0,0,-0.0034605
90,86,0.707031,0.675781,1.00006,0,0,0,-0.00262159
91,86,0.714844,0.675781,1.00005,0,0,0,-0.00195925
92,86,0.722656,0.675781,1.00003,0,0,0,-0.00144465
93,86,0.730469,0.675781,1.00002,0,0,0,-0.00105103
94,86,0.738281,0.675781,1.00002,0,0,0,-0.000754558
95,86,0.746094,0.675781,1.00001,0,0,0,-0.00053459
96,86,0.753906,0.675781,1.00001,0,0,0,-0.000373793
97,86,0.761719,0.675781,1,0,0,0,-0.000257958
98,86,0.769531,0.675781,1,0,0,0,-0.000175711
99,86,0.777344,0.675781,1,0,0,0,-0.000118142
100,86,0.785156,0.675781,1,0,0,0,-7.84121e-05
101,86,0.792969,0.675781,1,0,0,0,-5.13754e-05
102,86,0.800781,0.675781,1,0,0,0,-3.32306e-05
103,86,0.808594,0.675781,1,0,0,0,-2.12201e-05
104,86,0.816406,0.675781,1,0,0,0,-1.33782e-05
105,86,0.824219,0.675781,1,0,0,0,-8.32723e-06
106,86,0.832031,0.675781,1,0,0,0,-5.11765e-06
107,86,0.839844,0.675781,1,0,0,0,-3.10542e-06
108,86,0.847656,0.675781,1,0,0,0,-1.86062e-06
109,86,0.855469,0.675781,1,0,0,0,-1.10077e-06
110,86,0.863281,0.675781,1,0,0,0,-6.43048e-07
111,86,0.871094,0.675781,1,0,0,0,-3.70944e-07
112,86,0.878906,0.675781,1,0,0,0,-2.113e-07
113,86,0.886719,0.675781,1,0,0,0,-1.18857e-07
114,86,0.894531,0.675781,1,0,0,0,-6.60225e-08
115,86,0.902344,0.675781,1,0,0,0,-3.62165e-08
116,86,0.910156,0.675781,1,0,0,0,-1.9619e-08
117,86,0.917969,0.675781,1,0,0,0,-1.04956e-08
118,86,0.925781,0.675781,1,0,0,0,-5.54502e-09
119,86,0.933594,0.675781,1,0,0,0,-2.89316e-09
120,86,0.941406,0.675781,1,0,0,0,-1.4908e-09
121,86,0.949219,0.675781,1,0,0,0,-7.58661e-10
122,86,0.957031,0.675781,1,0,0,0,-3.81291e-10
123,86,0.964844,0.675781,1,0,0,0,-1.89274e-10
124,86,0.972656,0.675781,1,0,0,0,-9.27827e-11
125,86,0.980469,0.675781,1,0,0,0,-4.49205e-11
126,86,0.988281,0.675781,1,0,0,0,-2.14868e-11
127,86,0.996094,0.675781,1,0,0,0,-6.90648e-12
0,87,0.00390625,0.683594,1,0,0,0,5.21538e-12
1,87,0.0117188,0.683594,1,0,0,0,1.62288e-11
2,87,0.0195312,0.683594,1,0,0,0,3.39355e-11
3,87,0.0273438,0.683594,1,0,0,0,7.00737e-11
4,87,0.0351562,0.683594,1,0,0,0,1.42933e-10
5,87,0.0429688,0.683594,1,0,0,0,2.87955e-10
6,87,0.0507812,0.683594,1,0,0,0,5.72939e-10
7,87,0.0585938,0.683594,1,0,0,0,1.12587e-09
8,87,0.0664062,0.683594,1,0,0,0,2.18495e-09
9,87,0.0742188,0.683594,1,0,0,0,4.18764e-09
10,87,0.0820312,0.683594,1,0,0,0,7.92635e-09
11,87,0.0898438,0.683594,1,0,0,0,1.48164e-08
12,87,0.0976562,0.683594,1,0,0,0,2.7351e-08
13,87,0.105469,0.683594,1,0,0,0,4.98607e-08
14,87,0.113281,0.683594,1,0,0,0,8.97618e-08
15,87,0.121094,0.683594,1,0,0,0,1.59576e-07
16,87,0.128906,0.683594,1,0,0,0,2.8014e-07
17,87,0.136719,0.683594,1,0,0,0,4.85635e-07
18,87,0.144531,0.683594,1,0,0,0,8.31311e-07
19,87,0.152344,0.683594,1,0,0,0,1.40516e-06
20,87,0.160156,0.683594,1,0,0,0,2.34524e-06
21,87,0.167969,0.683594,1,0,0,0,3.86489e-06
22,87,0.175781,0.683594,1,0,0,0,6.28879e-06
23,87,0.183594,0.683594,1,0,0,0,1.01033e-05
24,87,0.191406,0.683594,1,0,0,0,1.60256e-05
25,87,0.199219,0.683594,1,0,0,0,2.5096e-05
26,87,0.207031,0.683594,1,0,0,0,3.87992e-05
27,87,0.214844,0.683594,1,0,0,0,5.92175e-05
28,87,0.222656,0.683594,1,0,0,0,8.92217e-05
29,87,0.230469,0.683594,1,0,0,0,0.000132699
30,87,0.238281,0.683594,1,0,0,0,0.000194812
31,87,0.246094,0.683594,1.00001,0,0,0,0.000282292
32,87,0.253906,0.683594,1.00001,0,0,0,0.000403727
33,87,0.261719,0.683594,1.00001,0,0,0,0.000569849
34,87,0.269531,0.683594,1.00002,0,0,0,0.00079375
35,87,0.277344,0.683594,1.00002,0,0,0,0.00109101
36,87,0.285156,0.683594,1.00003,0,0,0,0.00147964
37,87,0.292969,0.683594,1.00005,0,0,0,0.00197984
38,87,0.300781,0.683594,1.00006,0,0,0,0.0026134
39,87,0.308594,0.683594,1.00009,0,0,0,0.00340276
40,87,0.316406,0.683594,1.00012,0,0,0,0.00436972
41,87,0.324219,0.683594,1.00016,0,0,0,0.0055336
42,87,0.332031,0.683594,1.0002,0,0,0,0.00690913
43,87,0.339844,0.683594,1.00026,0,0,0,0.0085039
44,87,0.347656,0.683594,1.00034,0,0,0,0.0103157
45,87,0.355469,0.683594,1.00043,0,0,0,0.0123298
46,87,0.363281,0.683594,1.00053,0,0,0,0.0145164
47,87,0.371094,0.683594,1.00065,0,0,0,0.0168292
48,87,0.378906,0.683594,1.00079,0,0,0,0.019204
49,87,0.386719,0.683594,1.00095,0,0,0,0.0215589
50,87,0.394531,0.683594,1.00113,0,0,0,0.0237964
51,87,0.402344,0.683594,1.00132,0,0,0,0.0258063
52,87,0.410156,0.683594,1.00153,0,0,0,0.0274709
53,87,0.417969,0.683594,1.00175,0,0,0,0.028671
54,87,0.425781,0.683594,1.00198,0,0,0,0.0292938
55,87,0.433594,0.683594,1.00221,0,0,0,0.0292409
56,87,0.441406,0.683594,1.00244,0,0,0,0.0284362
57,87,0.449219,0.683594,1.00266,0,0,0,0.0268339
58,87,0.457031,0.683594,1.00286,0,0,0,0.0244237
59,87,0.464844,0.683594,1.00304,0,0,0,0.0212354
60,87,0.472656,0.683594,1.00319,0,0,0,0.0173395
61,87,0.480469,0.683594,1.00331,0,0,0,0.0128454
62,87,0.488281,0.683594,1.00339,0,0,0,0.00789694
63,87,0.496094,0.683594,1.00343,0,0,0,0.00266451
64,87,0.503906,0.683594,1.00343,0,0,0,-0.00266451
65,87,0.511719,0.683594,1.00339,0,0,0,-0.00789694
66,87,0.519531,0.683594,1.00331,0,0,0,-0.0128454
67,87,0.527344,0.683594,1.00319,0,0,0,-0.0173395
68,87,0.535156,0.683594,1.00304,0,0,0,-0.0212354
69,87,0.542969,0.683594,1.00286,0,0,0,-0.0244237
70,87,0.550781,0.683594,1.00266,0,0,0,-0.0268339
71,87,0.558594,0.683594,1.00244,0,0,0,-0.0284362
72,87,0.566406,0.683594,1.00221,0,0,0,-0.0292409
73,87,0.574219,0.683594,1.00198,0,0,0,-0.0292938
74,87,0.582031,0.683594,1.00175,0,0,0,-0.028671
75,87,0.589844,0.683594,1.00153,0,0,0,-0.0274709
76,87,0.597656,0.683594,1.00132,0,0,0,-0.0258063
77,87,0.605469,0.683594,1.00113,0,0,0,-0.0237964
78,87,0.613281,0.683594,1.00095,0,0,0,-0.0215589
79,87,0.621094,0.683594,1.00079,0,0,0,-0.019204
80,87,0.628906,0.683594,1.00065,0,0,0,-0.0168292
81,87,0.636719,0.683594,1.00053,0,0,0,-0.0145164
82,87,0.644531,0.683594,1.00043,0,0,0,-0.0123298
83,87,0.652344,0.683594,1.00034,0,0,0,-0.0103157
84,87,0.660156,0.683594,1.00026,0,0,0,-0.0085039
85,87,0.667969,0.683594,1.0002,0,0,0,-0.00690913
86,87,0.675781,0.683594,1.00016,0,0,0,-0.0055336
87,87,0.683594,0.683594,1.00012,0,0,0,-0.00436972
88,87,0.691406,0.683594,1.00009,0,0,0,-0.00340276
89,87,0.699219,0.683594,1.00006,0,0,0,-0.0026134
90,87,0.707031,0.683594,1.00005,0,0,0,-0.00197984
91,87,0.714844,0.683594,1.00003,0,0,0,-0.00147964
92,87,0.722656,0.683594,1.00002,0,0,0,-0.00109101
93,87,0.730469,0.683594,1.00002,0,0,0,-0.00079375
94,87,0.738281,0.683594,1.00001,0,0,0,-0.000569849
95,87,0.746094,0.683594,1.00001,0,0,0,-0.000403727
96,87,0.753906,0.683594,1.00001,0,0,0,-0.000282292
97,87,0.761719,0.683594,1,0,0,0,-0.000194812
98,87,0.769531,0.683594,1,0,0,0,-0.000132699
99,87,0.777344,0.683594,1,0,0,0,-8.92217e-05
100,87,0.785156,0.683594,1,0,0,0,-5.92175e-05
101,87,0.792969,0.683594,1,0,0,0,-3.87992e-05
102,87,0.800781,0.683594,1,0,0,0,-2.5096e-05
103,87,0.808594,0.683594,1,0,0,0,-1.60256e-05
104,87,0.816406,0.683594,1,0,0,0,-1.01033e-05
105,87,0.824219,0.683594,1,0,0,0,-6.28879e-06
106,87,0.832031,0.683594,1,0,0,0,-3.86489e-06
107,87,0.839844,0.683594,1,0,0,0,-2.34524e-06
108,87,0.847656,0.683594,1,0,0,0,-1.40516e-06
109,87,0.855469,0.683594,1,0,0,0,-8.31311e-07
110,87,0.863281,0.683594,1,0,0,0,-4.85635e-07
111,87,0.871094,0.683594,1,0,0,0,-2.8014e-07
112,87,0.878906,0.683594,1,0,0,0,-1.59576e-07
113,87,0.886719,0.683594,1,0,0,0,-8.97618e-08
114,87,0.894531,0.683594,1,0,0,0,-4.98607e-08
115,87,0.902344,0.683594,1,0,0,0,-2.7351e-08
116,87,0.910156,0.683594,1,0,0,0,-1.48164e-08
117,87,0.917969,0.683594,1,0,0,0,-7.92635e-09
118,87,0.925781,0.683594,1,0,0,0,-4.18764e-09
119,87,0.933594,0.683594,1,0,0,0,-2.18495e-09
120,87,0.941406,0.683594,1,0,0,0,-1.12587e-09
121,87,0.949219,0.683594,1,0,0,0,-5.72939e-10
122,87,0.957031,0.683594,1,0,0,0,-2.87955e-10
123,87,0.964844,0.683594,1,0,0,0,-1.42933e-10
124,87,0.972656,0.683594,1,0,0,0,-7.00737e-11
125,87,0.980469,0.683594,1,0,0,0,-3.39355e-11
126,87,0.988281,0.683594,1,0,0,0,-1.62288e-11
127,87,0.996094,0.683594,1,0,0,0,-5.21538e-12
0,88,0.00390625,0.691406,1,0,0,0,3.89377e-12
1,88,0.0117188,0.691406,1,0,0,0,1.20934e-11
2,88,0.0195312,0.691406,1,0,0,0,2.53095e-11
3,88,0.0273438,0.691406,1,0,0,0,5.22817e-11
4,88,0.0351562,0.691406,1,0,0,0,1.06624e-10
5,88,0.0429688,0.691406,1,0,0,0,2.14825e-10
6,88,0.0507812,0.691406,1,0,0,0,4.27448e-10
7,88,0.0585938,0.691406,1,0,0,0,8.39947e-10
8,88,0.0664062,0.691406,1,0,0,0,1.63007e-09
9,88,0.0742188,0.691406,1,0,0,0,3.12419e-09
10,88,0.0820312,0.691406,1,0,0,0,5.91342e-09
11,88,0.0898438,0.691406,1,0,0,0,1.10537e-08
12,88,0.0976562,0.691406,1,0,0,0,2.04051e-08
13,88,0.105469,0.691406,1,0,0,0,3.71983e-08
14,88,0.113281,0.691406,1,0,0,0,6.69664e-08
15,88,0.121094,0.691406,1,0,0,0,1.19051e-07
16,88,0.128906,0.691406,1,0,0,0,2.08997e-07
17,88,0.136719,0.691406,1,0,0,0,3.62306e-07
18,88,0.144531,0.691406,1,0,0,0,6.20196e-07
19,88,0.152344,0.691406,1,0,0,0,1.04831e-06
20,88,0.160156,0.691406,1,0,0,0,1.74965e-06
21,88,0.167969,0.691406,1,0,0,0,2.88339e-06
22,88,0.175781,0.691406,1,0,0,0,4.69172e-06
23,88,0.183594,0.691406,1,0,0,0,7.53752e-06
24,88,0.191406,0.691406,1,0,0,0,1.19558e-05
25,88,0.199219,0.691406,1,0,0,0,1.87228e-05
26,88,0.207031,0.691406,1,0,0,0,2.89459e-05
27,88,0.214844,0.691406,1,0,0,0,4.41789e-05
28,88,0.222656,0.691406,1,0,0,0,6.65635e-05
29,88,0.230469,0.691406,1,0,0,0,9.89991e-05
30,88,0.238281,0.691406,1,0,0,0,0.000145339
31,88,0.246094,0.691406,1,0,0,0,0.000210602
32,88,0.253906,0.691406,1.00001,0,0,0,0.000301199
33,88,0.261719,0.691406,1.00001,0,0,0,0.000425133
34,88,0.269531,0.691406,1.00001,0,0,0,0.000592174
35,88,0.277344,0.691406,1.00002,0,0,0,0.000813942
36,88,0.285156,0.691406,1.00003,0,0,0,0.00110388
37,88,0.292969,0.691406,1.00004,0,0,0,0.00147705
38,88,0.300781,0.691406,1.00005,0,0,0,0.00194972
39,88,0.308594,0.691406,1.00007,0,0,0,0.00253862
40,88,0.316406,0.691406,1.00009,0,0,0,0.00326001
41,88,0.324219,0.691406,1.00012,0,0,0,0.00412832
42,88,0.332031,0.691406,1.00015,0,0,0,0.00515453
43,88,0.339844,0.691406,1.0002,0,0,0,0.0063443
44,88,0.347656,0.691406,1.00025,0,0,0,0.00769597
45,88,0.355469,0.691406,1.00032,0,0,0,0.00919856
46,88,0.363281,0.691406,1.0004,0,0,0,0.0108299
47,88,0.371094,0.691406,1.00049,0,0,0,0.0125554
48,88,0.378906,0.691406,1.00059,0,0,0,0.014327
49,88,0.386719,0.691406,1.00071,0,0,0,0.0160839
50,88,0.394531,0.691406,1.00084,0,0,0,0.0177532
51,88,0.402344,0.691406,1.00099,0,0,0,0.0192527
52,88,0.410156,0.691406,1.00114,0,0,0,0.0204945
53,88,0.417969,0.691406,1.00131,0,0,0,0.0213899
54,88,0.425781,0.691406,1.00148,0,0,0,0.0218545
55,88,0.433594,0.691406,1.00165,0,0,0,0.021815
56,88,0.441406,0.691406,1.00182,0,0,0,0.0212147
57,88,0.449219,0.691406,1.00198,0,0,0,0.0200193
58,88,0.457031,0.691406,1.00213,0,0,0,0.0182212
59,88,0.464844,0.691406,1.00227,0,0,0,0.0158426
60,88,0.472656,0.691406,1.00238,0,0,0,0.012936
61,88,0.480469,0.691406,1.00247,0,0,0,0.00958326
62,88,0.488281,0.691406,1.00253,0,0,0,0.00589148
63,88,0.496094,0.691406,1.00256,0,0,0,0.00198785
64,88,0.503906,0.691406,1.00256,0,0,0,-0.00198785
65,88,0.511719,0.691406,1.00253,0,0,0,-0.00589148
66,88,0.519531,0.691406,1.00247,0,0,0,-0.00958326
67,88,0.527344,0.691406,1.00238,0,0,0,-0.012936
68,88,0.535156,0.691406,1.00227,0,0,0,-0.0158426
69,88,0.542969,0.691406,1.00213,0,0,0,-0.0182212
70,88,0.550781,0.691406,1.00198,0,0,0,-0.0200193
71,88,0.558594,0.691406,1.00182,0,0,0,-0.0212147
72,88,0.566406,0.691406,1.00165,0,0,0,-0.021815
73,88,0.574219,0.691406,1.00148,0,0,0,-0.0218545
74,88,0.582031,0.691406,1.00131,0,0,0,-0.0213899
75,88,0.589844,0.691406,1.00114,0,0,0,-0.0204945
76,88,0.597656,0.691406,1.00099,0,0,0,-0.0192527
77,88,0.605469,0.691406,1.00084,0,0,0,-0.0177532
78,88,0.613281,0.691406,1.00071,0,0,0,-0.0160839
79,88,0.621094,0.691406,1.00059,0,0,0,-0.014327
80,88,0.628906,0.691406,1.00049,0,0,0,-0.0125554
81,88,0.636719,0.691406,1.0004,0,0,0,-0.0108299
82,88,0.644531,0.691406,1.00032,0,0,0,-0.00919856
83,88,0.652344,0.691406,1.00025,0,0,0,-0.00769597
84,88,0.660156,0.691406,1.0002,0,0,0,-0.0063443
85,88,0.667969,0.691406,1.00015,0,0,0,-0.00515453
86,88,0.675781,0.691406,1.00012,0,0,0,-0.00412832
87,88,0.683594,0.691406,1.00009,0,0,0,-0.00326001
88,88,0.691406,0.691406,1.00007,0,0,0,-0.00253862
89,88,0.699219,0.691406,1.00005,0,0,0,-0.00194972
90,88,0.707031,0.691406,1.00004,0,0,0,-0.00147705
91,88,0.714844,0.691406,1.00003,0,0,0,-0.00110388
92,88,0.722656,0.691406,1.00002,0,0,0,-0.000813942
93,88,0.730469,0.691406,1.00001,0,0,0,-0.000592174
94,88,0.738281,0.691406,1.00001,0,0,0,-0.000425133
95,88,0.746094,0.691406,1.00001,0,0,0,-0.000301199
96,88,0.753906,0.691406,1,0,0,0,-0.000210602
97,88,0.761719,0.691406,1,0,0,0,-0.000145339
98,88,0.769531,0.691406,1,0,0,0,-9.89991e-05
99,88,0.777344,0.691406,1,0,0,0,-6.65635e-05
100,88,0.785156,0.691406,1,0,0,0,-4.41789e-05
101,88,0.792969,0.691406,1,0,0,0,-2.89459e-05
102,88,0.800781,0.691406,1,0,0,0,-1.87228e-05
103,88,0.808594,0.691406,1,0,0,0,-1.19558e-05
104,88,0.816406,0.691406,1,0,0,0,-7.53752e-06
105,88,0.824219,0.691406,1,0,0,0,-4.69172e-06
106,88,0.832031,0.691406,1,0,0,0,-2.88339e-06
107,88,0.839844,0.691406,1,0,0,0,-1.74965e-06
108,88,0.847656,0.691406,1,0,0,0,-1.04831e-06
109,88,0.855469,0.691406,1,0,0,0,-6.20196e-07
110,88,0.863281,0.691406,1,0,0,0,-3.62306e-07
111,88,0.871094,0.691406,1,0,0,0,-2.08997e-07
112,88,0.878906,0.691406,1,0,0,0,-1.19051e-07
113,88,0.886719,0.691406,1,0,0,0,-6.69664e-08
114,88,0.894531,0.691406,1,0,0,0,-3.71983e-08
115,88,0.902344,0.691406,1,0,0,0,-2.04051e-08
116,88,0.910156,0.691406,1,0,0,0,-1.10537e-08
117,88,0.917969,0.691406,1,0,0,0,-5.91342e-09
118,88,0.925781,0.691406,1,0,0,0,-3.12419e-09
119,88,0.933594,0.691406,1,0,0,0,-1.63007e-09
120,88,0.941406,0.691406,1,0,0,0,-8.39947e-10
121,88,0.949219,0.691406,1,0,0,0,-4.27448e-10
122,88,0.957031,0.691406,1,0,0,0,-2.14825e-10
123,88,0.964844,0.691406,1,0,0,0,-1.06624e-10
124,88,0.972656,0.691406,1,0,0,0,-5.22817e-11
125,88,0.980469,0.691406,1,0,0,0,-2.53095e-11
126,88,0.988281,0.691406,1,0,0,0,-1.20934e-11
127,88,0.996094,0.691406,1,0,0,0,-3.89377e-12
0,89,0.00390625,0.699219,1,0,0,0,2.87059e-12
1,89,0.0117188,0.699219,1,0,0,0,8.92442e-12
2,89,0.0195312,0.699219,1,0,0,0,1.86589e-11
3,89,0.0273438,0.699219,1,0,0,0,3.85256e-11
4,89,0.0351562,0.699219,1,0,0,0,7.8586e-11
5,89,0.0429688,0.699219,1,0,0,0,1.58337e-10
6,89,0.0507812,0.699219,1,0,0,0,3.15026e-10
7,89,0.0585938,0.699219,1,0,0,0,6.19025e-10
8,89,0.0664062,0.699219,1,0,0,0,1.20134e-09
9,89,0.0742188,0.699219,1,0,0,0,2.3025e-09
10,89,0.0820312,0.699219,1,0,0,0,4.35816e-09
11,89,0.0898438,0.699219,1,0,0,0,8.14651e-09
12,89,0.0976562,0.699219,1,0,0,0,1.50384e-08
13,89,0.105469,0.699219,1,0,0,0,2.7415e-08
14,89,0.113281,0.699219,1,0,0,0,4.93538e-08
15,89,0.121094,0.699219,1,0,0,0,8.77396e-08
16,89,0.128906,0.699219,1,0,0,0,1.5403e-07
17,89,0.136719,0.699219,1,0,0,0,2.67017e-07
18,89,0.144531,0.699219,1,0,0,0,4.5708e-07
19,89,0.152344,0.699219,1,0,0,0,7.726e-07
20,89,0.160156,0.699219,1,0,0,0,1.28948e-06
21,89,0.167969,0.699219,1,0,0,0,2.12504e-06
22,89,0.175781,0.699219,1,0,0,0,3.45777e-06
23,89,0.183594,0.699219,1,0,0,0,5.55511e-06
24,89,0.191406,0.699219,1,0,0,0,8.81136e-06
25,89,0.199219,0.699219,1,0,0,0,1.37986e-05
26,89,0.207031,0.699219,1,0,0,0,2.1333e-05
27,89,0.214844,0.699219,1,0,0,0,3.25596e-05
28,89,0.222656,0.699219,1,0,0,0,4.90569e-05
29,89,0.230469,0.699219,1,0,0,0,7.29617e-05
30,89,0.238281,0.699219,1,0,0,0,0.000107114
31,89,0.246094,0.699219,1,0,0,0,0.000155213
32,89,0.253906,0.699219,1,0,0,0,0.000221982
33,89,0.261719,0.699219,1.00001,0,0,0,0.00031332
34,89,0.269531,0.699219,1.00001,0,0,0,0.000436428
35,89,0.277344,0.699219,1.00001,0,0,0,0.00059987
36,89,0.285156,0.699219,1.00002,0,0,0,0.000813554
37,89,0.292969,0.699219,1.00003,0,0,0,0.00108858
38,89,0.300781,0.699219,1.00004,0,0,0,0.00143693
39,89,0.308594,0.699219,1.00005,0,0,0,0.00187095
40,89,0.316406,0.699219,1.00006,0,0,0,0.00240261
41,89,0.324219,0.699219,1.00009,0,0,0,0.00304255
42,89,0.332031,0.699219,1.00011,0,0,0,0.00379885
43,89,0.339844,0.699219,1.00015,0,0,0,0.00467571
44,89,0.347656,0.699219,1.00019,0,0,0,0.00567188
45,89,0.355469,0.699219,1.00023,0,0,0,0.00677928
46,89,0.363281,0.699219,1.00029,0,0,0,0.00798158
47,89,0.371094,0.699219,1.00036,0,0,0,0.00925324
48,89,0.378906,0.699219,1.00044,0,0,0,0.0105589
49,89,0.386719,0.699219,1.00052,0,0,0,0.0118537
50,89,0.394531,0.699219,1.00062,0,0,0,0.013084
51,89,0.402344,0.699219,1.00073,0,0,0,0.0141891
52,89,0.410156,0.699219,1.00084,0,0,0,0.0151043
53,89,0.417969,0.699219,1.00096,0,0,0,0.0157642
54,89,0.425781,0.699219,1.00109,0,0,0,0.0161067
55,89,0.433594,0.699219,1.00122,0,0,0,0.0160775
56,89,0.441406,0.699219,1.00134,0,0,0,0.0156351
57,89,0.449219,0.699219,1.00146,0,0,0,0.0147541
58,89,0.457031,0.699219,1.00157,0,0,0,0.0134289
59,89,0.464844,0.699219,1.00167,0,0,0,0.0116759
60,89,0.472656,0.699219,1.00175,0,0,0,0.00953379
61,89,0.480469,0.699219,1.00182,0,0,0,0.0070628
62,89,0.488281,0.699219,1.00186,0,0,0,0.00434198
63,89,0.496094,0.699219,1.00189,0,0,0,0.00146503
64,89,0.503906,0.699219,1.00189,0,0,0,-0.00146503
65,89,0.511719,0.699219,1.00186,0,0,0,-0.00434198
66,89,0.519531,0.699219,1.00182,0,0,0,-0.0070628
67,89,0.527344,0.699219,1.00175,0,0,0,-0.00953379
68,89,0.535156,0.699219,1.00167,0,0,0,-0.0116759
69,89,0.542969,0.699219,1.00157,0,0,0,-0.0134289
70,89,0.550781,0.699219,1.00146,0,0,0,-0.0147541
71,89,0.558594,0.699219,1.00134,0,0,0,-0.0156351
72,89,0.566406,0.699219,1.00122,0,0,0,-0.0160775
73,89,0.574219,0.699219,1.00109,0,0,0,-0.0161067
74,89,0.582031,0.699219,1.00096,0,0,0,-0.0157642
75,89,0.589844,0.699219,1.00084,0,0,0,-0.0151043
76,89,0.597656,0.699219,1.00073,0,0,0,-0.0141891
77,89,0.605469,0.699219,1.00062,0,0,0,-0.013084
78,89,0.613281,0.699219,1.00052,0,0,0,-0.0118537
79,89,0.621094,0.699219,1.00044,0,0,0,-0.0105589
80,89,0.628906,0.699219,1.00036,0,0,0,-0.00925324
81,89,0.636719,0.699219,1.00029,0,0,0,-0.00798158
82,89,0.644531,0.699219,1.00023,0,0,0,-0.00677928
83,89,0.652344,0.699219,1.00019,0,0,0,-0.00567188
84,89,0.660156,0.699219,1.00015,0,0,0,-0.00467571
85,89,0.667969,0.699219,1.00011,0,0,0,-0.00379885
86,89,0.675781,0.699219,1.00009,0,0,0,-0.00304255
87,89,0.683594,0.699219,1.00006,0,0,0,-0.00240261
88,89,0.691406,0.699219,1.00005,0,0,0,-0.00187095
89,89,0.699219,0.699219,1.00004,0,0,0,-0.00143693
90,89,0.707031,0.699219,1.00003,0,0,0,-0.00108858
91,89,0.714844,0.699219,1.00002,0,0,0,-0.000813554
92,89,0.722656,0.699219,1.00001,0,0,0,-0.00059987
93,89,0.730469,0.699219,1.00001,0,0,0,-0.000436428
94,89,0.738281,0.699219,1.00001,0,0,0,-0.00031332
95,89,0.746094,0.699219,1,0,0,0,-0.000221982
96,89,0.753906,0.699219,1,0,0,0,-0.000155213
97,89,0.761719,0.699219,1,0,0,0,-0.000107114
98,89,0.769531,0.699219,1,0,0,0,-7.29617e-05
99,89,0.777344,0.699219,1,0,0,0,-4.90569e-05
100,89,0.785156,0.699219,1,0,0,0,-3.25596e-05
101,89,0.792969,0.699219,1,0,0,0,-2.1333e-05
102,89,0.800781,0.699219,1,0,0,0,-1.37986e-05
103,89,0.808594,0.699219,1,0,0,0,-8.81136e-06
104,89,0.816406,0.699219,1,0,0,0,-5.55511e-06
105,89,0.824219,0.699219,1,0,0,0,-3.45777e-06
106,89,0.832031,0.699219,1,0,0,0,-2.12504e-06
107,89,0.839844,0.699219,1,0,0,0,-1.28948e-06
108,89,0.847656,0.699219,1,0,0,0,-7.726e-07
109,89,0.855469,0.699219,1,0,0,0,-4.5708e-07
110,89,0.863281,0.699219,1,0,0,0,-2.67017e-07
111,89,0.871094,0.699219,1,0,0,0,-1.5403e-07
112,89,0.878906,0.699219,1,0,0,0,-8.77396e-08
113,89,0.886719,0.699219,1,0,0,0,-4.93538e-08
114,89,0.894531,0.699219,1,0,0,0,-2.7415e-08
115,89,0.902344,0.699219,1,0,0,0,-1.50384e-08
116,89,0.910156,0.699219,1,0,0,0,-8.14651e-09
117,89,0.917969,0.699219,1,0,0,0,-4.35816e-09
118,89,0.925781,0.699219,1,0,0,0,-2.3025e-09
119,89,0.933594,0.699219,1,0,0,0,-1.20134e-09
120,89,0.941406,0.699219,1,0,0,0,-6.19025e-10
121,89,0.949219,0.699219,1,0,0,0,-3.15026e-10
122,89,0.957031,0.699219,1,0,0,0,-1.58337e-10
123,89,0.964844,0.699219,1,0,0,0,-7.8586e-11
124,89,0.972656,0.699219,1,0,0,0,-3.85256e-11
125,89,0.980469,0.699219,1,0,0,0,-1.86589e-11
126,89,0.988281,0.699219,1,0,0,0,-8.92442e-12
127,89,0.996094,0.699219,1,0,0,0,-2.87059e-12
0,90,0.00390625,0.707031,1,0,0,0,2.089e-12
1,90,0.0117188,0.707031,1,0,0,0,6.49436e-12
2,90,0.0195312,0.707031,1,0,0,0,1.35856e-11
3,90,0.0273438,0.707031,1,0,0,0,2.80522e-11
4,90,0.0351562,0.707031,1,0,0,0,5.72129e-11
5,90,0.0429688,0.707031,1,0,0,0,1.15264e-10
6,90,0.0507812,0.707031,1,0,0,0,2.29349e-10
7,90,0.0585938,0.707031,1,0,0,0,4.50697e-10
8,90,0.0664062,0.707031,1,0,0,0,8.7465e-10
9,90,0.0742188,0.707031,1,0,0,0,1.67634e-09
10,90,0.0820312,0.707031,1,0,0,0,3.17296e-09
11,90,0.0898438,0.707031,1,0,0,0,5.93108e-09
12,90,0.0976562,0.707031,1,0,0,0,1.09488e-08
13,90,0.105469,0.707031,1,0,0,0,1.99595e-08
14,90,0.113281,0.707031,1,0,0,0,3.59322e-08
15,90,0.121094,0.707031,1,0,0,0,6.3879e-08
16,90,0.128906,0.707031,1,0,0,0,1.12142e-07
17,90,0.136719,0.707031,1,0,0,0,1.94403e-07
18,90,0.144531,0.707031,1,0,0,0,3.32778e-07
19,90,0.152344,0.707031,1,0,0,0,5.62493e-07
20,90,0.160156,0.707031,1,0,0,0,9.38811e-07
21,90,0.167969,0.707031,1,0,0,0,1.54714e-06
22,90,0.175781,0.707031,1,0,0,0,2.51744e-06
23,90,0.183594,0.707031,1,0,0,0,4.04441e-06
24,90,0.191406,0.707031,1,0,0,0,6.41513e-06
25,90,0.199219,0.707031,1,0,0,0,1.00461e-05
26,90,0.207031,0.707031,1,0,0,0,1.55315e-05
27,90,0.214844,0.707031,1,0,0,0,2.37051e-05
28,90,0.222656,0.707031,1,0,0,0,3.57159e-05
29,90,0.230469,0.707031,1,0,0,0,5.31199e-05
30,90,0.238281,0.707031,1,0,0,0,7.79843e-05
31,90,0.246094,0.707031,1,0,0,0,0.000113003
32,90,0.253906,0.707031,1,0,0,0,0.000161614
33,90,0.261719,0.707031,1,0,0,0,0.000228114
34,90,0.269531,0.707031,1.00001,0,0,0,0.000317742
35,90,0.277344,0.707031,1.00001,0,0,0,0.000436737
36,90,0.285156,0.707031,1.00001,0,0,0,0.000592309
37,90,0.292969,0.707031,1.00002,0,0,0,0.000792543
38,90,0.300781,0.707031,1.00003,0,0,0,0.00104616
39,90,0.308594,0.707031,1.00004,0,0,0,0.00136215
40,90,0.316406,0.707031,1.00005,0,0,0,0.00174922
41,90,0.324219,0.707031,1.00006,0,0,0,0.00221513
42,90,0.332031,0.707031,1.00008,0,0,0,0.00276576
43,90,0.339844,0.707031,1.00011,0,0,0,0.00340416
44,90,0.347656,0.707031,1.00014,0,0,0,0.00412943
45,90,0.355469,0.707031,1.00017,0,0,0,0.00493567
46,90,0.363281,0.707031,1.00021,0,0,0,0.005811
47,90,0.371094,0.707031,1.00026,0,0,0,0.00673684
48,90,0.378906,0.707031,1.00032,0,0,0,0.00768746
49,90,0.386719,0.707031,1.00038,0,0,0,0.00863014
50,90,0.394531,0.707031,1.00045,0,0,0,0.00952582
51,90,0.402344,0.707031,1.00053,0,0,0,0.0103304
52,90,0.410156,0.707031,1.00061,0,0,0,0.0109967
53,90,0.417969,0.707031,1.0007,0,0,0,0.0114772
54,90,0.425781,0.707031,1.00079,0,0,0,0.0117265
55,90,0.433594,0.707031,1.00089,0,0,0,0.0117053
56,90,0.441406,0.707031,1.00098,0,0,0,0.0113832
57,90,0.449219,0.707031,1.00106,0,0,0,0.0107417
58,90,0.457031,0.707031,1.00114,0,0,0,0.00977695
59,90,0.464844,0.707031,1.00122,0,0,0,0.00850066
60,90,0.472656,0.707031,1.00128,0,0,0,0.00694109
61,90,0.480469,0.707031,1.00132,0,0,0,0.00514209
62,90,0.488281,0.707031,1.00136,0,0,0,0.00316119
63,90,0.496094,0.707031,1.00137,0,0,0,0.00106662
64,90,0.503906,0.707031,1.00137,0,0,0,-0.00106662
65,90,0.511719,0.707031,1.00136,0,0,0,-0.00316119
66,90,0.519531,0.707031,1.00132,0,0,0,-0.00514209
67,90,0.527344,0.707031,1.00128,0,0,0,-0.00694109
68,90,0.535156,0.707031,1.00122,0,0,0,-0.00850066
69,90,0.542969,0.707031,1.00114,0,0,0,-0.00977695
70,90,0.550781,0.707031,1.00106,0,0,0,-0.0107417
71,90,0.558594,0.707031,1.00098,0,0,0,-0.0113832
72,90,0.566406,0.707031,1.00089,0,0,0,-0.0117053
73,90,0.574219,0.707031,1.00079,0,0,0,-0.0117265
74,90,0.582031,0.707031,1.0007,0,0,0,-0.0114772
75,90,0.589844,0.707031,1.00061,0,0,0,-0.0109967
76,90,0.597656,0.707031,1.00053,0,0,0,-0.0103304
77,90,0.605469,0.707031,1.00045,0,0,0,-0.00952582
78,90,0.613281,0.707031,1.00038,0,0,0,-0.00863014
79,90,0.621094,0.707031,1.00032,0,0,0,-0.00768746
80,90,0.628906,0.707031,1.00026,0,0,0,-0.00673684
81,90,0.636719,0.707031,1.00021,0,0,0,-0.005811
82,90,0.644531,0.707031,1.00017,0,0,0,-0.00493567
83,90,0.652344,0.707031,1.00014,0,0,0,-0.00412943
84,90,0.660156,0.707031,1.00011,0,0,0,-0.00340416
85,90,0.667969,0.707031,1.00008,0,0,0,-0.00276576
86,90,0.675781,0.707031,1.00006,0,0,0,-0.00221513
87,90,0.683594,0.707031,1.00005,0,0,0,-0.00174922
88,90,0.691406,0.707031,1.00004,0,0,0,-0.00136215
89,90,0.699219,0.707031,1.00003,0,0,0,-0.00104616
90,90,0.707031,0.707031,1.00002,0,0,0,-0.000792543
91,90,0.714844,0.707031,1.00001,0,0,0,-0.000592309
92,90,0.722656,0.707031,1.00001,0,0,0,-0.000436737
93,90,0.730469,0.707031,1.00001,0,0,0,-0.000317742
94,90,0.738281,0.707031,1,0,0,0,-0.000228114
95,90,0.746094,0.707031,1,0,0,0,-0.000161614
96,90,0.753906,0.707031,1,0,0,0,-0.000113003
97,90,0.761719,0.707031,1,0,0,0,-7.79843e-05
98,90,0.769531,0.707031,1,0,0,0,-5.31199e-05
99,90,0.777344,0.707031,1,0,0,0,-3.57159e-05
100,90,0.785156,0.707031,1,0,0,0,-2.37051e-05
101,90,0.792969,0.707031,1,0,0,0,-1.55315e-05
102,90,0.800781,0.707031,1,0,0,0,-1.00461e-05
103,90,0.808594,0.707031,1,0,0,0,-6.41513e-06
104,90,0.816406,0.707031,1,0,0,0,-4.04441e-06
105,90,0.824219,0.707031,1,0,0,0,-2.51744e-06
106,90,0.832031,0.707031,1,0,0,0,-1.54714e-06
107,90,0.839844,0.707031,1,0,0,0,-9.38811e-07
108,90,0.847656,0.707031,1,0,0,0,-5.62493e-07
109,90,0.855469,0.707031,1,0,0,0,-3.32778e-07
110,90,0.863281,0.707031,1,0,0,0,-1.94403e-07
111,90,0.871094,0.707031,1,0,0,0,-1.12142e-07
112,90,0.878906,0.707031,1,0,0,0,-6.3879e-08
113,90,0.886719,0.707031,1,0,0,0,-3.59322e-08
114,90,0.894531,0.707031,1,0,0,0,-1.99595e-08
115,90,0.902344,0.707031,1,0,0,0,-1.09488e-08
116,90,0.910156,0.707031,1,0,0,0,-5.93108e-09
117,90,0.917969,0.707031,1,0,0,0,-3.17296e-09
118,90,0.925781,0.707031,1,0,0,0,-1.67634e-09
119,90,0.933594,0.707031,1,0,0,0,-8.7465e-10
120,90,0.941406,0.707031,1,0,0,0,-4.50697e-10
121,90,0.949219,0.707031,1,0,0,0,-2.29349e-10
122,90,0.957031,0.707031,1,0,0,0,-1.15264e-10
123,90,0.964844,0.707031,1,0,0,0,-5.72129e-11
124,90,0.972656,0.707031,1,0,0,0,-2.80522e-11
125,90,0.980469,0.707031,1,0,0,0,-1.35856e-11
126,90,0.988281,0.707031,1,0,0,0,-6.49436e-12
127,90,0.996094,0.707031,1,0,0,0,-2.089e-12
0,91,0.00390625,0.714844,1,0,0,0,1.50635e-12
1,91,0.0117188,0.714844,1,0,0,0,4.67537e-12
2,91,0.0195312,0.714844,1,0,0,0,9.76286e-12
3,91,0.0273438,0.714844,1,0,0,0,2.01794e-11
4,91,0.0351562,0.714844,1,0,0,0,4.11546e-11
5,91,0.0429688,0.714844,1,0,0,0,8.29061e-11
6,91,0.0507812,0.714844,1,0,0,0,1.6496e-10
7,91,0.0585938,0.714844,1,0,0,0,3.24135e-10
8,91,0.0664062,0.714844,1,0,0,0,6.29058e-10
9,91,0.0742188,0.714844,1,0,0,0,1.20566e-09
10,91,0.0820312,0.714844,1,0,0,0,2.28205e-09
11,91,0.0898438,0.714844,1,0,0,0,4.26574e-09
12,91,0.0976562,0.714844,1,0,0,0,7.87455e-09
13,91,0.105469,0.714844,1,0,0,0,1.43553e-08
14,91,0.113281,0.714844,1,0,0,0,2.58431e-08
15,91,0.121094,0.714844,1,0,0,0,4.5943e-08
16,91,0.128906,0.714844,1,0,0,0,8.06544e-08
17,91,0.136719,0.714844,1,0,0,0,1.39818e-07
18,91,0.144531,0.714844,1,0,0,0,2.3934e-07
19,91,0.152344,0.714844,1,0,0,0,4.04555e-07
20,91,0.160156,0.714844,1,0,0,0,6.75211e-07
21,91,0.167969,0.714844,1,0,0,0,1.11273e-06
22,91,0.175781,0.714844,1,0,0,0,1.81059e-06
23,91,0.183594,0.714844,1,0,0,0,2.90881e-06
24,91,0.191406,0.714844,1,0,0,0,4.61388e-06
25,91,0.199219,0.714844,1,0,0,0,7.22533e-06
26,91,0.207031,0.714844,1,0,0,0,1.11706e-05
27,91,0.214844,0.714844,1,0,0,0,1.70491e-05
28,91,0.222656,0.714844,1,0,0,0,2.56876e-05
29,91,0.230469,0.714844,1,0,0,0,3.82049e-05
30,91,0.238281,0.714844,1,0,0,0,5.60878e-05
31,91,0.246094,0.714844,1,0,0,0,8.12737e-05
32,91,0.253906,0.714844,1,0,0,0,0.000116236
33,91,0.261719,0.714844,1,0,0,0,0.000164064
34,91,0.269531,0.714844,1,0,0,0,0.000228526
35,91,0.277344,0.714844,1.00001,0,0,0,0.000314109
36,91,0.285156,0.714844,1.00001,0,0,0,0.000426
37,91,0.292969,0.714844,1.00001,0,0,0,0.000570011
38,91,0.300781,0.714844,1.00002,0,0,0,0.000752417
39,91,0.308594,0.714844,1.00003,0,0,0,0.00097968
40,91,0.316406,0.714844,1.00003,0,0,0,0.00125807
41,91,0.324219,0.714844,1.00005,0,0,0,0.00159316
42,91,0.332031,0.714844,1.00006,0,0,0,0.00198919
43,91,0.339844,0.714844,1.00008,0,0,0,0.00244833
44,91,0.347656,0.714844,1.0001,0,0,0,0.00296996
45,91,0.355469,0.714844,1.00012,0,0,0,0.00354982
46,91,0.363281,0.714844,1.00015,0,0,0,0.00417938
47,91,0.371094,0.714844,1.00019,0,0,0,0.00484526
48,91,0.378906,0.714844,1.00023,0,0,0,0.00552896
49,91,0.386719,0.714844,1.00027,0,0,0,0.00620696
50,91,0.394531,0.714844,1.00033,0,0,0,0.00685115
51,91,0.402344,0.714844,1.00038,0,0,0,0.00742982
52,91,0.410156,0.714844,1.00044,0,0,0,0.00790906
53,91,0.417969,0.714844,1.0005,0,0,0,0.00825459
54,91,0.425781,0.714844,1.00057,0,0,0,0.00843391
55,91,0.433594,0.714844,1.00064,0,0,0,0.00841866
56,91,0.441406,0.714844,1.0007,0,0,0,0.008187
57,91,0.449219,0.714844,1.00076,0,0,0,0.00772566
58,91,0.457031,0.714844,1.00082,0,0,0,0.00703177
59,91,0.464844,0.714844,1.00087,0,0,0,0.00611383
60,91,0.472656,0.714844,1.00092,0,0,0,0.00499216
61,91,0.480469,0.714844,1.00095,0,0,0,0.00369828
62,91,0.488281,0.714844,1.00098,0,0,0,0.00227359
63,91,0.496094,0.714844,1.00099,0,0,0,0.000767132
64,91,0.503906,0.714844,1.00099,0,0,0,-0.000767132
65,91,0.511719,0.714844,1.00098,0,0,0,-0.00227359
66,91,0.519531,0.714844,1.00095,0,0,0,-0.00369828
67,91,0.527344,0.714844,1.00092,0,0,0,-0.00499216
68,91,0.535156,0.714844,1.00087,0,0,0,-0.00611383
69,91,0.542969,0.714844,1.00082,0,0,0,-0.00703177
70,91,0.550781,0.714844,1.00076,0,0,0,-0.00772566
71,91,0.558594,0.714844,1.0007,0,0,0,-0.008187
72,91,0.566406,0.714844,1.00064,0,0,0,-0.00841866
73,91,0.574219,0.714844,1.00057,0,0,0,-0.00843391
74,91,0.582031,0.714844,1.0005,0,0,0,-0.00825459
75,91,0.589844,0.714844,1.00044,0,0,0,-0.00790906
76,91,0.597656,0.714844,1.00038,0,0,0,-0.00742982
77,91,0.605469,0.714844,1.00033,0,0,0,-0.00685115
78,91,0.613281,0.714844,1.00027,0,0,0,-0.00620696
79,91,0.621094,0.714844,1.00023,0,0,0,-0.00552896
80,91,0.628906,0.714844,1.00019,0,0,0,-0.00484526
81,91,0.636719,0.714844,1.00015,0,0,0,-0.00417938
82,91,0.644531,0.714844,1.00012,0,0,0,-0.00354982
83,91,0.652344,0.714844,1.0001,0,0,0,-0.00296996
84,91,0.660156,0.714844,1.00008,0,0,0,-0.00244833
85,91,0.667969,0.714844,1.00006,0,0,0,-0.00198919
86,91,0.675781,0.714844,1.00005,0,0,0,-0.00159316
87,91,0.683594,0.714844,1.00003,0,0,0,-0.00125807
88,91,0.691406,0.714844,1.00003,0,0,0,-0.00097968
89,91,0.699219,0.714844,1.00002,0,0,0,-0.000752417
90,91,0.707031,0.714844,1.00001,0,0,0,-0.000570011
91,91,0.714844,0.714844,1.00001,0,0,0,-0.000426
92,91,0.722656,0.714844,1.00001,0,0,0,-0.000314109
93,91,0.730469,0.714844,1,0,0,0,-0.000228526
94,91,0.738281,0.714844,1,0,0,0,-0.000164064
95,91,0.746094,0.714844,1,0,0,0,-0.000116236
96,91,0.753906,0.714844,1,0,0,0,-8.12737e-05
97,91,0.761719,0.714844,1,0,0,0,-5.60878e-05
98,91,0.769531,0.714844,1,0,0,0,-3.82049e-05
99,91,0.777344,0.714844,1,0,0,0,-2.56876e-05
100,91,0.785156,0.714844,1,0,0,0,-1.70491e-05
101,91,0.792969,0.714844,1,0,0,0,-1.11706e-05
102,91,0.800781,0.714844,1,0,0,0,-7.22533e-06
103,91,0.808594,0.714844,1,0,0,0,-4.61388e-06
104,91,0.816406,0.714844,1,0,0,0,-2.90881e-06
105,91,0.824219,0.714844,1,0,0,0,-1.81059e-06
106,91,0.832031,0.714844,1,0,0,0,-1.11273e-06
107,91,0.839844,0.714844,1,0,0,0,-6.75211e-07
108,91,0.847656,0.714844,1,0,0,0,-4.04555e-07
109,91,0.855469,0.714844,1,0,0,0,-2.3934e-07
110,91,0.863281,0.714844,1,0,0,0,-1.39818e-07
111,91,0.871094,0.714844,1,0,0,0,-8.06544e-08
112,91,0.878906,0.714844,1,0,0,0,-4.5943e-08
113,91,0.886719,0.714844,1,0,0,0,-2.58431e-08
114,91,0.894531,0.714844,1,0,0,0,-1.43553e-08
115,91,0.902344,0.714844,1,0,0,0,-7.87455e-09
116,91,0.910156,0.714844,1,0,0,0,-4.26574e-09
117,91,0.917969,0.714844,1,0,0,0,-2.28205e-09
118,91,0.925781,0.714844,1,0,0,0,-1.20566e-09
119,91,0.933594,0.714844,1,0,0,0,-6.29058e-10
120,91,0.941406,0.714844,1,0,0,0,-3.24135e-10
121,91,0.949219,0.714844,1,0,0,0,-1.6496e-10
122,91,0.957031,0.714844,1,0,0,0,-8.29061e-11
123,91,0.964844,0.714844,1,0,0,0,-4.11546e-11
124,91,0.972656,0.714844,1,0,0,0,-2.01794e-11
125,91,0.980469,0.714844,1,0,0,0,-9.76286e-12
126,91,0.988281,0.714844,1,0,0,0,-4.67537e-12
127,91,0.996094,0.714844,1,0,0,0,-1.50635e-12
0,92,0.00390625,0.722656,1,0,0,0,1.06581e-12
1,92,0.0117188,0.722656,1,0,0,0,3.31113e-12
2,92,0.0195312,0.722656,1,0,0,0,6.9349e-12
3,92,0.0273438,0.722656,1,0,0,0,1.43388e-11
4,92,0.0351562,0.722656,1,0,0,0,2.92459e-11
5,92,0.0429688,0.722656,1,0,0,0,5.8904e-11
6,92,0.0507812,0.722656,1,0,0,0,1.17197e-10
7,92,0.0585938,0.722656,1,0,0,0,2.30301e-10
8,92,0.0664062,0.722656,1,0,0,0,4.46946e-10
9,92,0.0742188,0.722656,1,0,0,0,8.56616e-10
10,92,0.0820312,0.722656,1,0,0,0,1.62137e-09
11,92,0.0898438,0.722656,1,0,0,0,3.03078e-09
12,92,0.0976562,0.722656,1,0,0,0,5.59481e-09
13,92,0.105469,0.722656,1,0,0,0,1.01993e-08
14,92,0.113281,0.722656,1,0,0,0,1.83613e-08
15,92,0.121094,0.722656,1,0,0,0,3.26421e-08
16,92,0.128906,0.722656,1,0,0,0,5.73043e-08
17,92,0.136719,0.722656,1,0,0,0,9.93396e-08
18,92,0.144531,0.722656,1,0,0,0,1.70049e-07
19,92,0.152344,0.722656,1,0,0,0,2.87433e-07
20,92,0.160156,0.722656,1,0,0,0,4.79732e-07
21,92,0.167969,0.722656,1,0,0,0,7.90587e-07
22,92,0.175781,0.722656,1,0,0,0,1.28641e-06
23,92,0.183594,0.722656,1,0,0,0,2.06669e-06
24,92,0.191406,0.722656,1,0,0,0,3.27813e-06
25,92,0.199219,0.722656,1,0,0,0,5.13354e-06
26,92,0.207031,0.722656,1,0,0,0,7.9366e-06
27,92,0.214844,0.722656,1,0,0,0,1.21133e-05
28,92,0.222656,0.722656,1,0,0,0,1.82508e-05
29,92,0.230469,0.722656,1,0,0,0,2.71443e-05
30,92,0.238281,0.722656,1,0,0,0,3.985e-05
31,92,0.246094,0.722656,1,0,0,0,5.77444e-05
32,92,0.253906,0.722656,1,0,0,0,8.25848e-05
33,92,0.261719,0.722656,1,0,0,0,0.000116566
34,92,0.269531,0.722656,1,0,0,0,0.000162366
35,92,0.277344,0.722656,1,0,0,0,0.000223172
36,92,0.285156,0.722656,1.00001,0,0,0,0.00030267
37,92,0.292969,0.722656,1.00001,0,0,0,0.000404989
38,92,0.300781,0.722656,1.00001,0,0,0,0.000534586
39,92,0.308594,0.722656,1.00002,0,0,0,0.000696056
40,92,0.316406,0.722656,1.00002,0,0,0,0.000893852
41,92,0.324219,0.722656,1.00003,0,0,0,0.00113193
42,92,0.332031,0.722656,1.00004,0,0,0,0.0014133
43,92,0.339844,0.722656,1.00005,0,0,0,0.00173952
44,92,0.347656,0.722656,1.00007,0,0,0,0.00211013
45,92,0.355469,0.722656,1.00009,0,0,0,0.00252212
46,92,0.363281,0.722656,1.00011,0,0,0,0.00296942
47,92,0.371094,0.722656,1.00013,0,0,0,0.00344252
48,92,0.378906,0.722656,1.00016,0,0,0,0.00392829
49,92,0.386719,0.722656,1.00019,0,0,0,0.00441
50,92,0.394531,0.722656,1.00023,0,0,0,0.00486769
51,92,0.402344,0.722656,1.00027,0,0,0,0.00527883
52,92,0.410156,0.722656,1.00031,0,0,0,0.00561933
53,92,0.417969,0.722656,1.00036,0,0,0,0.00586482
54,92,0.425781,0.722656,1.00041,0,0,0,0.00599223
55,92,0.433594,0.722656,1.00045,0,0,0,0.0059814
56,92,0.441406,0.722656,1.0005,0,0,0,0.0058168
57,92,0.449219,0.722656,1.00054,0,0,0,0.00548903
58,92,0.457031,0.722656,1.00058,0,0,0,0.00499602
59,92,0.464844,0.722656,1.00062,0,0,0,0.00434383
60,92,0.472656,0.722656,1.00065,0,0,0,0.00354689
61,92,0.480469,0.722656,1.00068,0,0,0,0.0026276
62,92,0.488281,0.722656,1.00069,0,0,0,0.00161537
63,92,0.496094,0.722656,1.0007,0,0,0,0.000545041
64,92,0.503906,0.722656,1.0007,0,0,0,-0.000545041
65,92,0.511719,0.722656,1.00069,0,0,0,-0.00161537
66,92,0.519531,0.722656,1.00068,0,0,0,-0.0026276
67,92,0.527344,0.722656,1.00065,0,0,0,-0.00354689
68,92,0.535156,0.722656,1.00062,0,0,0,-0.00434383
69,92,0.542969,0.722656,1.00058,0,0,0,-0.00499602
70,92,0.550781,0.722656,1.00054,0,0,0,-0.00548903
71,92,0.558594,0.722656,1.0005,0,0,0,-0.0058168
72,92,0.566406,0.722656,1.00045,0,0,0,-0.0059814
73,92,0.574219,0.722656,1.00041,0,0,0,-0.00599223
74,92,0.582031,0.722656,1.00036,0,0,0,-0.00586482
75,92,0.589844,0.722656,1.00031,0,0,0,-0.00561933
76,92,0.597656,0.722656,1.00027,0,0,0,-0.00527883
77,92,0.605469,0.722656,1.00023,0,0,0,-0.00486769
78,92,0.613281,0.722656,1.00019,0,0,0,-0.00441
79,92,0.621094,0.722656,1.00016,0,0,0,-0.00392829
80,92,0.628906,0.722656,1.00013,0,0,0,-0.00344252
81,92,0.636719,0.722656,1.00011,0,0,0,-0.00296942
82,92,0.644531,0.722656,1.00009,0,0,0,-0.00252212
83,92,0.652344,0.722656,1.00007,0,0,0,-0.00211013
84,92,0.660156,0.722656,1.00005,0,0,0,-0.00173952
85,92,0.667969,0.722656,1.00004,0,0,0,-0.0014133
86,92,0.675781,0.722656,1.00003,0,0,0,-0.00113193
87,92,0.683594,0.722656,1.00002,0,0,0,-0.000893852
88,92,0.691406,0.722656,1.00002,0,0,0,-0.000696056
89,92,0.699219,0.722656,1.00001,0,0,0,-0.000534586
90,92,0.707031,0.722656,1.00001,0,0,0,-0.000404989
91,92,0.714844,0.722656,1.00001,0,0,0,-0.00030267
92,92,0.722656,0.722656,1,0,0,0,-0.000223172
93,92,0.730469,0.722656,1,0,0,0,-0.000162366
94,92,0.738281,0.722656,1,0,0,0,-0.000116566
95,92,0.746094,0.722656,1,0,0,0,-8.25848e-05
96,92,0.753906,0.722656,1,0,0,0,-5.77444e-05
97,92,0.761719,0.722656,1,0,0,0,-3.985e-05
98,92,0.769531,0.722656,1,0,0,0,-2.71443e-05
99,92,0.777344,0.722656,1,0,0,0,-1.82508e-05
100,92,0.785156,0.722656,1,0,0,0,-1.21133e-05
101,92,0.792969,0.722656,1,0,0,0,-7.9366e-06
102,92,0.800781,0.722656,1,0,0,0,-5.13354e-06
103,92,0.808594,0.722656,1,0,0,0,-3.27813e-06
104,92,0.816406,0.722656,1,0,0,0,-2.06669e-06
105,92,0.824219,0.722656,1,0,0,0,-1.28641e-06
106,92,0.832031,0.722656,1,0,0,0,-7.90587e-07
107,92,0.839844,0.722656,1,0,0,0,-4.79732e-07
108,92,0.847656,0.722656,1,0,0,0,-2.87433e-07
109,92,0.855469,0.722656,1,0,0,0,-1.70049e-07
110,92,0.863281,0.722656,1,0,0,0,-9.93396e-08
111,92,0.871094,0.722656,1,0,0,0,-5.73043e-08
112,92,0.878906,0.722656,1,0,0,0,-3.26421e-08
113,92,0.886719,0.722656,1,0,0,0,-1.83613e-08
114,92,0.894531,0.722656,1,0,0,0,-1.01993e-08
115,92,0.902344,0.722656,1,0,0,0,-5.59481e-09
116,92,0.910156,0.722656,1,0,0,0,-3.03078e-09
117,92,0.917969,0.722656,1,0,0,0,-1.62137e-09
118,92,0.925781,0.722656,1,0,0,0,-8.56616e-10
119,92,0.933594,0.722656,1,0,0,0,-4.46946e-10
120,92,0.941406,0.722656,1,0,0,0,-2.30301e-10
121,92,0.949219,0.722656,1,0,0,0,-1.17197e-10
122,92,0.957031,0.722656,1,0,0,0,-5.8904e-11
123,92,0.964844,0.722656,1,0,0,0,-2.92459e-11
124,92,0.972656,0.722656,1,0,0,0,-1.43388e-11
125,92,0.980469,0.722656,1,0,0,0,-6.9349e-12
126,92,0.988281,0.722656,1,0,0,0,-3.31113e-12
127,92,0.996094,0.722656,1,0,0,0,-1.06581e-12
0,93,0.00390625,0.730469,1,0,0,0,7.38964e-13
1,93,0.0117188,0.730469,1,0,0,0,2.31637e-12
2,93,0.0195312,0.730469,1,0,0,0,4.87432e-12
3,93,0.0273438,0.730469,1,0,0,0,1.00613e-11
4,93,0.0351562,0.730469,1,0,0,0,2.05205e-11
5,93,0.0429688,0.730469,1,0,0,0,4.13536e-11
6,93,0.0507812,0.730469,1,0,0,0,8.22666e-11
7,93,0.0585938,0.730469,1,0,0,0,1.61634e-10
8,93,0.0664062,0.730469,1,0,0,0,3.1369e-10
9,93,0.0742188,0.730469,1,0,0,0,6.01233e-10
10,93,0.0820312,0.730469,1,0,0,0,1.13801e-09
11,93,0.0898438,0.730469,1,0,0,0,2.12722e-09
12,93,0.0976562,0.730469,1,0,0,0,3.92684e-09
13,93,0.105469,0.730469,1,0,0,0,7.1586e-09
14,93,0.113281,0.730469,1,0,0,0,1.28873e-08
15,93,0.121094,0.730469,1,0,0,0,2.29106e-08
16,93,0.128906,0.730469,1,0,0,0,4.02203e-08
17,93,0.136719,0.730469,1,0,0,0,6.97237e-08
18,93,0.144531,0.730469,1,0,0,0,1.19353e-07
19,93,0.152344,0.730469,1,0,0,0,2.01742e-07
20,93,0.160156,0.730469,1,0,0,0,3.36711e-07
21,93,0.167969,0.730469,1,0,0,0,5.54891e-07
22,93,0.175781,0.730469,1,0,0,0,9.02895e-07
23,93,0.183594,0.730469,1,0,0,0,1.45055e-06
24,93,0.191406,0.730469,1,0,0,0,2.30083e-06
25,93,0.199219,0.730469,1,0,0,0,3.60309e-06
26,93,0.207031,0.730469,1,0,0,0,5.57048e-06
27,93,0.214844,0.730469,1,0,0,0,8.50198e-06
28,93,0.222656,0.730469,1,0,0,0,1.28098e-05
29,93,0.230469,0.730469,1,0,0,0,1.90518e-05
30,93,0.238281,0.730469,1,0,0,0,2.79696e-05
31,93,0.246094,0.730469,1,0,0,0,4.05292e-05
32,93,0.253906,0.730469,1,0,0,0,5.79639e-05
33,93,0.261719,0.730469,1,0,0,0,8.18144e-05
34,93,0.269531,0.730469,1,0,0,0,0.00011396
35,93,0.277344,0.730469,1,0,0,0,0.000156638
36,93,0.285156,0.730469,1,0,0,0,0.000212436
37,93,0.292969,0.730469,1.00001,0,0,0,0.00028425
38,93,0.300781,0.730469,1.00001,0,0,0,0.000375211
39,93,0.308594,0.730469,1.00001,0,0,0,0.000488542
40,93,0.316406,0.730469,1.00002,0,0,0,0.00062737
41,93,0.324219,0.730469,1.00002,0,0,0,0.000794471
42,93,0.332031,0.730469,1.00003,0,0,0,0.000991959
43,93,0.339844,0.730469,1.00004,0,0,0,0.00122092
44,93,0.347656,0.730469,1.00005,0,0,0,0.00148104
45,93,0.355469,0.730469,1.00006,0,0,0,0.00177021
46,93,0.363281,0.730469,1.00008,0,0,0,0.00208415
47,93,0.371094,0.730469,1.00009,0,0,0,0.00241621
48,93,0.378906,0.730469,1.00011,0,0,0,0.00275715
49,93,0.386719,0.730469,1.00014,0,0,0,0.00309525
50,93,0.394531,0.730469,1.00016,0,0,0,0.0034165
51,93,0.402344,0.730469,1.00019,0,0,0,0.00370507
52,93,0.410156,0.730469,1.00022,0,0,0,0.00394405
53,93,0.417969,0.730469,1.00025,0,0,0,0.00411636
54,93,0.425781,0.730469,1.00028,0,0,0,0.00420578
55,93,0.433594,0.730469,1.00032,0,0,0,0.00419818
56,93,0.441406,0.730469,1.00035,0,0,0,0.00408265
57,93,0.449219,0.730469,1.00038,0,0,0,0.0038526
58,93,0.457031,0.730469,1.00041,0,0,0,0.00350657
59,93,0.464844,0.730469,1.00044,0,0,0,0.00304882
60,93,0.472656,0.730469,1.00046,0,0,0,0.00248947
61,93,0.480469,0.730469,1.00047,0,0,0,0.00184424
62,93,0.488281,0.730469,1.00049,0,0,0,0.00113378
63,93,0.496094,0.730469,1.00049,0,0,0,0.000382549
64,93,0.503906,0.730469,1.00049,0,0,0,-0.000382549
65,93,0.511719,0.730469,1.00049,0,0,0,-0.00113378
66,93,0.519531,0.730469,1.00047,0,0,0,-0.00184424
67,93,0.527344,0.730469,1.00046,0,0,0,-0.00248947
68,93,0.535156,0.730469,1.00044,0,0,0,-0.00304882
69,93,0.542969,0.730469,1.00041,0,0,0,-0.00350657
70,93,0.550781,0.730469,1.00038,0,0,0,-0.0038526
71,93,0.558594,0.730469,1.00035,0,0,0,-0.00408265
72,93,0.566406,0.730469,1.00032,0,0,0,-0.00419818
73,93,0.574219,0.730469,1.00028,0,0,0,-0.00420578
74,93,0.582031,0.730469,1.00025,0,0,0,-0.00411636
75,93,0.589844,0.730469,1.00022,0,0,0,-0.00394405
76,93,0.597656,0.730469,1.00019,0,0,0,-0.00370507
77,93,0.605469,0.730469,1.00016,0,0,0,-0.0034165
78,93,0.613281,0.730469,1.00014,0,0,0,-0.00309525
79,93,0.621094,0.730469,1.00011,0,0,0,-0.00275715
80,93,0.628906,0.730469,1.00009,0,0,0,-0.00241621
81,93,0.636719,0.730469,1.00008,0,0,0,-0.00208415
82,93,0.644531,0.730469,1.00006,0,0,0,-0.00177021
83,93,0.652344,0.730469,1.00005,0,0,0,-0.00148104
84,93,0.660156,0.730469,1.00004,0,0,0,-0.00122092
85,93,0.667969,0.730469,1.00003,0,0,0,-0.000991959
86,93,0.675781,0.730469,1.00002,0,0,0,-0.000794471
87,93,0.683594,0.730469,1.00002,0,0,0,-0.00062737
88,93,0.691406,0.730469,1.00001,0,0,0,-0.000488542
89,93,0.699219,0.730469,1.00001,0,0,0,-0.000375211
90,93,0.707031,0.730469,1.00001,0,0,0,-0.00028425
91,93,0.714844,0.730469,1,0,0,0,-0.000212436
92,93,0.722656,0.730469,1,0,0,0,-0.000156638
93,93,0.730469,0.730469,1,0,0,0,-0.00011396
94,93,0.738281,0.730469,1,0,0,0,-8.18144e-05
95,93,0.746094,0.730469,1,0,0,0,-5.79639e-05
96,93,0.753906,0.730469,1,0,0,0,-4.05292e-05
97,93,0.761719,0.730469,1,0,0,0,-2.79696e-05
98,93,0.769531,0.730469,1,0,0,0,-1.90518e-05
99,93,0.777344,0.730469,1,0,0,0,-1.28098e-05
100,93,0.785156,0.730469,1,0,0,0,-8.50198e-06
101,93,0.792969,0.730469,1,0,0,0,-5.57048e-06
102,93,0.800781,0.730469,1,0,0,0,-3.60309e-06
103,93,0.808594,0.730469,1,0,0,0,-2.30083e-06
104,93,0.816406,0.730469,1,0,0,0,-1.45055e-06
105,93,0.824219,0.730469,1,0,0,0,-9.02895e-07
106,93,0.832031,0.730469,1,0,0,0,-5.54891e-07
107,93,0.839844,0.730469,1,0,0,0,-3.36711e-07
108,93,0.847656,0.730469,1,0,0,0,-2.01742e-07
109,93,0.855469,0.730469,1,0,0,0,-1.19353e-07
110,93,0.863281,0.730469,1,0,0,0,-6.97237e-08
111,93,0.871094,0.730469,1,0,0,0,-4.02203e-08
112,93,0.878906,0.730469,1,0,0,0,-2.29106e-08
113,93,0.886719,0.730469,1,0,0,0,-1.28873e-08
114,93,0.894531,0.730469,1,0,0,0,-7.1586e-09
115,93,0.902344,0.730469,1,0,0,0,-3.92684e-09
116,93,0.910156,0.730469,1,0,0,0,-2.12722e-09
117,93,0.917969,0.730469,1,0,0,0,-1.13801e-09
118,93,0.925781,0.730469,1,0,0,0,-6.01233e-10
119,93,0.933594,0.730469,1,0,0,0,-3.1369e-10
120,93,0.941406,0.730469,1,0,0,0,-1.61634e-10
121,93,0.949219,0.730469,1,0,0,0,-8.22666e-11
122,93,0.957031,0.730469,1,0,0,0,-4.13536e-11
123,93,0.964844,0.730469,1,0,0,0,-2.05205e-11
124,93,0.972656,0.730469,1,0,0,0,-1.00613e-11
125,93,0.980469,0.730469,1,0,0,0,-4.87432e-12
126,93,0.988281,0.730469,1,0,0,0,-2.31637e-12
127,93,0.996094,0.730469,1,0,0,0,-7.38964e-13
0,94,0.00390625,0.738281,1,0,0,0,5.11591e-13
1,94,0.0117188,0.738281,1,0,0,0,1.60583e-12
2,94,0.0195312,0.738281,1,0,0,0,3.38218e-12
3,94,0.0273438,0.738281,1,0,0,0,6.97753e-12
4,94,0.0351562,0.738281,1,0,0,0,1.42251e-11
5,94,0.0429688,0.738281,1,0,0,0,2.86633e-11
6,94,0.0507812,0.738281,1,0,0,0,5.70424e-11
7,94,0.0585938,0.738281,1,0,0,0,1.12081e-10
8,94,0.0664062,0.738281,1,0,0,0,2.17497e-10
9,94,0.0742188,0.738281,1,0,0,0,4.16861e-10
10,94,0.0820312,0.738281,1,0,0,0,7.89043e-10
11,94,0.0898438,0.738281,1,0,0,0,1.47493e-09
12,94,0.0976562,0.738281,1,0,0,0,2.7227e-09
13,94,0.105469,0.738281,1,0,0,0,4.96347e-09
14,94,0.113281,0.738281,1,0,0,0,8.93549e-09
15,94,0.121094,0.738281,1,0,0,0,1.58852e-08
16,94,0.128906,0.738281,1,0,0,0,2.7887e-08
17,94,0.136719,0.738281,1,0,0,0,4.83434e-08
18,94,0.144531,0.738281,1,0,0,0,8.27542e-08
19,94,0.152344,0.738281,1,0,0,0,1.39879e-07
20,94,0.160156,0.738281,1,0,0,0,2.33461e-07
21,94,0.167969,0.738281,1,0,0,0,3.84737e-07
22,94,0.175781,0.738281,1,0,0,0,6.26028e-07
23,94,0.183594,0.738281,1,0,0,0,1.00575e-06
24,94,0.191406,0.738281,1,0,0,0,1.59529e-06
25,94,0.199219,0.738281,1,0,0,0,2.49823e-06
26,94,0.207031,0.738281,1,0,0,0,3.86233e-06
27,94,0.214844,0.738281,1,0,0,0,5.8949e-06
28,94,0.222656,0.738281,1,0,0,0,8.88173e-06
29,94,0.230469,0.738281,1,0,0,0,1.32097e-05
30,94,0.238281,0.738281,1,0,0,0,1.93929e-05
31,94,0.246094,0.738281,1,0,0,0,2.81012e-05
32,94,0.253906,0.738281,1,0,0,0,4.01897e-05
33,94,0.261719,0.738281,1,0,0,0,5.67265e-05
34,94,0.269531,0.738281,1,0,0,0,7.90152e-05
35,94,0.277344,0.738281,1,0,0,0,0.000108606
36,94,0.285156,0.738281,1,0,0,0,0.000147294
37,94,0.292969,0.738281,1,0,0,0,0.000197087
38,94,0.300781,0.738281,1.00001,0,0,0,0.000260155
39,94,0.308594,0.738281,1.00001,0,0,0,0.000338734
40,94,0.316406,0.738281,1.00001,0,0,0,0.000434991
41,94,0.324219,0.738281,1.00002,0,0,0,0.000550852
42,94,0.332031,0.738281,1.00002,0,0,0,0.000687781
43,94,0.339844,0.738281,1.00003,0,0,0,0.000846535
44,94,0.347656,0.738281,1.00003,0,0,0,0.00102689
45,94,0.355469,0.738281,1.00004,0,0,0,0.00122739
46,94,0.363281,0.738281,1.00005,0,0,0,0.00144506
47,94,0.371094,0.738281,1.00006,0,0,0,0.00167529
48,94,0.378906,0.738281,1.00008,0,0,0,0.00191169
49,94,0.386719,0.738281,1.00009,0,0,0,0.00214611
50,94,0.394531,0.738281,1.00011,0,0,0,0.00236885
51,94,0.402344,0.738281,1.00013,0,0,0,0.00256893
52,94,0.410156,0.738281,1.00015,0,0,0,0.00273463
53,94,0.417969,0.738281,1.00017,0,0,0,0.0028541
54,94,0.425781,0.738281,1.0002,0,0,0,0.0029161
55,94,0.433594,0.738281,1.00022,0,0,0,0.00291083
56,94,0.441406,0.738281,1.00024,0,0,0,0.00283073
57,94,0.449219,0.738281,1.00026,0,0,0,0.00267122
58,94,0.457031,0.738281,1.00028,0,0,0,0.0024313
59,94,0.464844,0.738281,1.0003,0,0,0,0.00211392
60,94,0.472656,0.738281,1.00032,0,0,0,0.00172609
61,94,0.480469,0.738281,1.00033,0,0,0,0.00127872
62,94,0.488281,0.738281,1.00034,0,0,0,0.000786114
63,94,0.496094,0.738281,1.00034,0,0,0,0.000265243
64,94,0.503906,0.738281,1.00034,0,0,0,-0.000265243
65,94,0.511719,0.738281,1.00034,0,0,0,-0.000786114
66,94,0.519531,0.738281,1.00033,0,0,0,-0.00127872
67,94,0.527344,0.738281,1.00032,0,0,0,-0.00172609
68,94,0.535156,0.738281,1.0003,0,0,0,-0.00211392
69,94,0.542969,0.738281,1.00028,0,0,0,-0.0024313
70,94,0.550781,0.738281,1.00026,0,0,0,-0.00267122
71,94,0.558594,0.738281,1.00024,0,0,0,-0.00283073
72,94,0.566406,0.738281,1.00022,0,0,0,-0.00291083
73,94,0.574219,0.738281,1.0002,0,0,0,-0.0029161
74,94,0.582031,0.738281,1.00017,0,0,0,-0.0028541
75,94,0.589844,0.738281,1.00015,0,0,0,-0.00273463
76,94,0.597656,0.738281,1.00013,0,0,0,-0.00256893
77,94,0.605469,0.738281,1.00011,0,0,0,-0.00236885
78,94,0.613281,0.738281,1.00009,0,0,0,-0.00214611
79,94,0.621094,0.738281,1.00008,0,0,0,-0.00191169
80,94,0.628906,0.738281,1.00006,0,0,0,-0.00167529
81,94,0.636719,0.738281,1.00005,0,0,0,-0.00144506
82,94,0.644531,0.738281,1.00004,0,0,0,-0.00122739
83,94,0.652344,0.738281,1.00003,0,0,0,-0.00102689
84,94,0.660156,0.738281,1.00003,0,0,0,-0.000846535
85,94,0.667969,0.738281,1.00002,0,0,0,-0.000687781
86,94,0.675781,0.738281,1.00002,0,0,0,-0.000550852
87,94,0.683594,0.738281,1.00001,0,0,0,-0.000434991
88,94,0.691406,0.738281,1.00001,0,0,0,-0.000338734
89,94,0.699219,0.738281,1.00001,0,0,0,-0.000260155
90,94,0.707031,0.738281,1,0,0,0,-0.000197087
91,94,0.714844,0.738281,1,0,0,0,-0.000147294
92,94,0.722656,0.738281,1,0,0,0,-0.000108606
93,94,0.730469,0.738281,1,0,0,0,-7.90152e-05
94,94,0.738281,0.738281,1,0,0,0,-5.67265e-05
95,94,0.746094,0.738281,1,0,0,0,-4.01897e-05
96,94,0.753906,0.738281,1,0,0,0,-2.81012e-05
97,94,0.761719,0.738281,1,0,0,0,-1.93929e-05
98,94,0.769531,0.738281,1,0,0,0,-1.32097e-05
99,94,0.777344,0.738281,1,0,0,0,-8.88173e-06
100,94,0.785156,0.738281,1,0,0,0,-5.8949e-06
101,94,0.792969,0.738281,1,0,0,0,-3.86233e-06
102,94,0.800781,0.738281,1,0,0,0,-2.49823e-06
103,94,0.808594,0.738281,1,0,0,0,-1.59529e-06
104,94,0.816406,0.738281,1,0,0,0,-1.00575e-06
105,94,0.824219,0.738281,1,0,0,0,-6.26028e-07
106,94,0.832031,0.738281,1,0,0,0,-3.84737e-07
107,94,0.839844,0.738281,1,0,0,0,-2.33461e-07
108,94,0.847656,0.738281,1,0,0,0,-1.39879e-07
109,94,0.855469,0.738281,1,0,0,0,-8.27542e-08
110,94,0.863281,0.738281,1,0,0,0,-4.83434e-08
111,94,0.871094,0.738281,1,0,0,0,-2.7887e-08
112,94,0.878906,0.738281,1,0,0,0,-1.58852e-08
113,94,0.886719,0.738281,1,0,0,0,-8.93549e-09
114,94,0.894531,0.738281,1,0,0,0,-4.96347e-09
115,94,0.902344,0.738281,1,0,0,0,-2.7227e-09
116,94,0.910156,0.738281,1,0,0,0,-1.47493e-09
117,94,0.917969,0.738281,1,0,0,0,-7.89043e-10
118,94,0.925781,0.738281,1,0,0,0,-4.16861e-10
119,94,0.933594,0.738281,1,0,0,0,-2.17497e-10
120,94,0.941406,0.738281,1,0,0,0,-1.12081e-10
121,94,0.949219,0.738281,1,0,0,0,-5.70424e-11
122,94,0.957031,0.738281,1,0,0,0,-2.86633e-11
123,94,0.964844,0.738281,1,0,0,0,-1.42251e-11
124,94,0.972656,0.738281,1,0,0,0,-6.97753e-12
125,94,0.980469,0.738281,1,0,0,0,-3.38218e-12
126,94,0.988281,0.738281,1,0,0,0,-1.60583e-12
127,94,0.996094,0.738281,1,0,0,0,-5.11591e-13
0,95,0.00390625,0.746094,1,0,0,0,3.55271e-13
1,95,0.0117188,0.746094,1,0,0,0,1.09424e-12
2,95,0.0195312,0.746094,1,0,0,0,2.30216e-12
3,95,0.0273438,0.746094,1,0,0,0,4.78906e-12
4,95,0.0351562,0.746094,1,0,0,0,9.74865e-12
5,95,0.0429688,0.746094,1,0,0,0,1.96252e-11
6,95,0.0507812,0.746094,1,0,0,0,3.90656e-11
7,95,0.0585938,0.746094,1,0,0,0,7.6767e-11
8,95,0.0664062,0.746094,1,0,0,0,1.48987e-10
9,95,0.0742188,0.746094,1,0,0,0,2.85539e-10
10,95,0.0820312,0.746094,1,0,0,0,5.40439e-10
11,95,0.0898438,0.746094,1,0,0,0,1.01024e-09
12,95,0.0976562,0.746094,1,0,0,0,1.8649e-09
13,95,0.105469,0.746094,1,0,0,0,3.39969e-09
14,95,0.113281,0.746094,1,0,0,0,6.12032e-09
15,95,0.121094,0.746094,1,0,0,0,1.08805e-08
16,95,0.128906,0.746094,1,0,0,0,1.9101e-08
17,95,0.136719,0.746094,1,0,0,0,3.31125e-08
18,95,0.144531,0.746094,1,0,0,0,5.6682e-08
19,95,0.152344,0.746094,1,0,0,0,9.58092e-08
20,95,0.160156,0.746094,1,0,0,0,1.59907e-07
21,95,0.167969,0.746094,1,0,0,0,2.63524e-07
22,95,0.175781,0.746094,1,0,0,0,4.28794e-07
23,95,0.183594,0.746094,1,0,0,0,6.88882e-07
24,95,0.191406,0.746094,1,0,0,0,1.09269e-06
25,95,0.199219,0.746094,1,0,0,0,1.71114e-06
26,95,0.207031,0.746094,1,0,0,0,2.64548e-06
27,95,0.214844,0.746094,1,0,0,0,4.03768e-06
28,95,0.222656,0.746094,1,0,0,0,6.08349e-06
29,95,0.230469,0.746094,1,0,0,0,9.0479e-06
30,95,0.238281,0.746094,1,0,0,0,1.3283e-05
31,95,0.246094,0.746094,1,0,0,0,1.92477e-05
32,95,0.253906,0.746094,1,0,0,0,2.75277e-05
33,95,0.261719,0.746094,1,0,0,0,3.88545e-05
34,95,0.269531,0.746094,1,0,0,0,5.4121e-05
35,95,0.277344,0.746094,1,0,0,0,7.43892e-05
36,95,0.285156,0.746094,1,0,0,0,0.000100888
37,95,0.292969,0.746094,1,0,0,0,0.000134994
38,95,0.300781,0.746094,1,0,0,0,0.000178192
39,95,0.308594,0.746094,1.00001,0,0,0,0.000232014
40,95,0.316406,0.746094,1.00001,0,0,0,0.000297945
41,95,0.324219,0.746094,1.00001,0,0,0,0.000377303
42,95,0.332031,0.746094,1.00001,0,0,0,0.000471092
43,95,0.339844,0.746094,1.00002,0,0,0,0.000579829
44,95,0.347656,0.746094,1.00002,0,0,0,0.000703364
45,95,0.355469,0.746094,1.00003,0,0,0,0.000840691
46,95,0.363281,0.746094,1.00004,0,0,0,0.000989786
47,95,0.371094,0.746094,1.00004,0,0,0,0.00114748
48,95,0.378906,0.746094,1.00005,0,0,0,0.0013094
49,95,0.386719,0.746094,1.00006,0,0,0,0.00146997
50,95,0.394531,0.746094,1.00008,0,0,0,0.00162253
51,95,0.402344,0.746094,1.00009,0,0,0,0.00175957
52,95,0.410156,0.746094,1.0001,0,0,0,0.00187307
53,95,0.417969,0.746094,1.00012,0,0,0,0.0019549
54,95,0.425781,0.746094,1.00014,0,0,0,0.00199737
55,95,0.433594,0.746094,1.00015,0,0,0,0.00199376
56,95,0.441406,0.746094,1.00017,0,0,0,0.00193889
57,95,0.449219,0.746094,1.00018,0,0,0,0.00182964
58,95,0.457031,0.746094,1.00019,0,0,0,0.00166531
59,95,0.464844,0.746094,1.00021,0,0,0,0.00144791
60,95,0.472656,0.746094,1.00022,0,0,0,0.00118227
61,95,0.480469,0.746094,1.00023,0,0,0,0.00087585
62,95,0.488281,0.746094,1.00023,0,0,0,0.000538444
63,95,0.496094,0.746094,1.00023,0,0,0,0.000181677
64,95,0.503906,0.746094,1.00023,0,0,0,-0.000181677
65,95,0.511719,0.746094,1.00023,0,0,0,-0.000538444
66,95,0.519531,0.746094,1.00023,0,0,0,-0.00087585
67,95,0.527344,0.746094,1.00022,0,0,0,-0.00118227
68,95,0.535156,0.746094,1.00021,0,0,0,-0.00144791
69,95,0.542969,0.746094,1.00019,0,0,0,-0.00166531
70,95,0.550781,0.746094,1.00018,0,0,0,-0.00182964
71,95,0.558594,0.746094,1.00017,0,0,0,-0.00193889
72,95,0.566406,0.746094,1.00015,0,0,0,-0.00199376
73,95,0.574219,0.746094,1.00014,0,0,0,-0.00199737
74,95,0.582031,0.746094,1.00012,0,0,0,-0.0019549
75,95,0.589844,0.746094,1.0001,0,0,0,-0.00187307
76,95,0.597656,0.746094,1.00009,0,0,0,-0.00175957
77,95,0.605469,0.746094,1.00008,0,0,0,-0.00162253
78,95,0.613281,0.746094,1.00006,0,0,0,-0.00146997
79,95,0.621094,0.746094,1.00005,0,0,0,-0.0013094
80,95,0.628906,0.746094,1.00004,0,0,0,-0.00114748
81,95,0.636719,0.746094,1.00004,0,0,0,-0.000989786
82,95,0.644531,0.746094,1.00003,0,0,0,-0.000840691
83,95,0.652344,0.746094,1.00002,0,0,0,-0.000703364
84,95,0.660156,0.746094,1.00002,0,0,0,-0.000579829
85,95,0.667969,0.746094,1.00001,0,0,0,-0.000471092
86,95,0.675781,0.746094,1.00001,0,0,0,-0.000377303
87,95,0.683594,0.746094,1.00001,0,0,0,-0.000297945
88,95,0.691406,0.746094,1.00001,0,0,0,-0.000232014
89,95,0.699219,0.746094,1,0,0,0,-0.000178192
90,95,0.707031,0.746094,1,0,0,0,-0.000134994
91,95,0.714844,0.746094,1,0,0,0,-0.000100888
92,95,0.722656,0.746094,1,0,0,0,-7.43892e-05
93,95,0.730469,0.746094,1,0,0,0,-5.4121e-05
94,95,0.738281,0.746094,1,0,0,0,-3.88545e-05
95,95,0.746094,0.746094,1,0,0,0,-2.75277e-05
96,95,0.753906,0.746094,1,0,0,0,-1.92477e-05
97,95,0.761719,0.746094,1,0,0,0,-1.3283e-05
98,95,0.769531,0.746094,1,0,0,0,-9.0479e-06
99,95,0.777344,0.746094,1,0,0,0,-6.08349e-06
100,95,0.785156,0.746094,1,0,0,0,-4.03768e-06
101,95,0.792969,0.746094,1,0,0,0,-2.64548e-06
102,95,0.800781,0.746094,1,0,0,0,-1.71114e-06
103,95,0.808594,0.746094,1,0,0,0,-1.09269e-06
104,95,0.816406,0.746094,1,0,0,0,-6.88882e-07
105,95,0.824219,0.746094,1,0,0,0,-4.28794e-07
106,95,0.832031,0.746094,1,0,0,0,-2.63524e-07
107,95,0.839844,0.746094,1,0,0,0,-1.59907e-07
108,95,0.847656,0.746094,1,0,0,0,-9.58092e-08
109,95,0.855469,0.746094,1,0,0,0,-5.6682e-08
110,95,0.863281,0.746094,1,0,0,0,-3.31125e-08
111,95,0.871094,0.746094,1,0,0,0,-1.9101e-08
112,95,0.878906,0.746094,1,0,0,0,-1.08805e-08
113,95,0.886719,0.746094,1,0,0,0,-6.12032e-09
114,95,0.894531,0.746094,1,0,0,0,-3.39969e-09
115,95,0.902344,0.746094,1,0,0,0,-1.8649e-09
116,95,0.910156,0.746094,1,0,0,0,-1.01024e-09
117,95,0.917969,0.746094,1,0,0,0,-5.40439e-10
118,95,0.925781,0.746094,1,0,0,0,-2.85539e-10
119,95,0.933594,0.746094,1,0,0,0,-1.48987e-10
120,95,0.941406,0.746094,1,0,0,0,-7.6767e-11
121,95,0.949219,0.746094,1,0,0,0,-3.90656e-11
122,95,0.957031,0.746094,1,0,0,0,-1.96252e-11
123,95,0.964844,0.746094,1,0,0,0,-9.74865e-12
124,95,0.972656,0.746094,1,0,0,0,-4.78906e-12
125,95,0.980469,0.746094,1,0,0,0,-2.30216e-12
126,95,0.988281,0.746094,1,0,0,0,-1.09424e-12
127,95,0.996094,0.746094,1,0,0,0,-3.55271e-13
0,96,0.00390625,0.753906,1,0,0,0,2.41585e-13
1,96,0.0117188,0.753906,1,0,0,0,7.38964e-13
2,96,0.0195312,0.753906,1,0,0,0,1.56319e-12
3,96,0.0273438,0.753906,1,0,0,0,3.24007e-12
4,96,0.0351562,0.753906,1,0,0,0,6.59384e-12
5,96,0.0429688,0.753906,1,0,0,0,1.32871e-11
6,96,0.0507812,0.753906,1,0,0,0,2.64322e-11
7,96,0.0585938,0.753906,1,0,0,0,5.19407e-11
8,96,0.0664062,0.753906,1,0,0,0,1.00798e-10
9,96,0.0742188,0.753906,1,0,0,0,1.93197e-10
10,96,0.0820312,0.753906,1,0,0,0,3.65688e-10
11,96,0.0898438,0.753906,1,0,0,0,6.83556e-10
12,96,0.0976562,0.753906,1,0,0,0,1.26185e-09
13,96,0.105469,0.753906,1,0,0,0,2.30035e-09
14,96,0.113281,0.753906,1,0,0,0,4.14121e-09
15,96,0.121094,0.753906,1,0,0,0,7.3621e-09
16,96,0.128906,0.753906,1,0,0,0,1.29244e-08
17,96,0.136719,0.753906,1,0,0,0,2.24051e-08
18,96,0.144531,0.753906,1,0,0,0,3.8353e-08
19,96,0.152344,0.753906,1,0,0,0,6.48277e-08
20,96,0.160156,0.753906,1,0,0,0,1.08199e-07
21,96,0.167969,0.753906,1,0,0,0,1.78309e-07
22,96,0.175781,0.753906,1,0,0,0,2.90137e-07
23,96,0.183594,0.753906,1,0,0,0,4.66121e-07
24,96,0.191406,0.753906,1,0,0,0,7.39349e-07
25,96,0.199219,0.753906,1,0,0,0,1.15782e-06
26,96,0.207031,0.753906,1,0,0,0,1.79002e-06
27,96,0.214844,0.753906,1,0,0,0,2.73203e-06
28,96,0.222656,0.753906,1,0,0,0,4.11629e-06
29,96,0.230469,0.753906,1,0,0,0,6.12212e-06
30,96,0.238281,0.753906,1,0,0,0,8.98776e-06
31,96,0.246094,0.753906,1,0,0,0,1.30237e-05
32,96,0.253906,0.753906,1,0,0,0,1.86262e-05
33,96,0.261719,0.753906,1,0,0,0,2.62903e-05
34,96,0.269531,0.753906,1,0,0,0,3.66201e-05
35,96,0.277344,0.753906,1,0,0,0,5.03343e-05
36,96,0.285156,0.753906,1,0,0,0,6.82641e-05
37,96,0.292969,0.753906,1,0,0,0,9.13412e-05
38,96,0.300781,0.753906,1,0,0,0,0.000120571
39,96,0.308594,0.753906,1,0,0,0,0.000156988
40,96,0.316406,0.753906,1.00001,0,0,0,0.000201599
41,96,0.324219,0.753906,1.00001,0,0,0,0.000255296
42,96,0.332031,0.753906,1.00001,0,0,0,0.000318756
43,96,0.339844,0.753906,1.00001,0,0,0,0.000392332
44,96,0.347656,0.753906,1.00002,0,0,0,0.00047592
45,96,0.355469,0.753906,1.00002,0,0,0,0.00056884
46,96,0.363281,0.753906,1.00002,0,0,0,0.000669723
47,96,0.371094,0.753906,1.00003,0,0,0,0.000776426
48,96,0.378906,0.753906,1.00004,0,0,0,0.000885986
49,96,0.386719,0.753906,1.00004,0,0,0,0.000994631
50,96,0.394531,0.753906,1.00005,0,0,0,0.00109786
51,96,0.402344,0.753906,1.00006,0,0,0,0.00119059
52,96,0.410156,0.753906,1.00007,0,0,0,0.00126738
53,96,0.417969,0.753906,1.00008,0,0,0,0.00132275
54,96,0.425781,0.753906,1.00009,0,0,0,0.00135149
55,96,0.433594,0.753906,1.0001,0,0,0,0.00134904
56,96,0.441406,0.753906,1.00011,0,0,0,0.00131192
57,96,0.449219,0.753906,1.00012,0,0,0,0.00123799
58,96,0.457031,0.753906,1.00013,0,0,0,0.0011268
59,96,0.464844,0.753906,1.00014,0,0,0,0.000979708
60,96,0.472656,0.753906,1.00015,0,0,0,0.000799966
61,96,0.480469,0.753906,1.00015,0,0,0,0.00059263
62,96,0.488281,0.753906,1.00016,0,0,0,0.00036433
63,96,0.496094,0.753906,1.00016,0,0,0,0.000122929
64,96,0.503906,0.753906,1.00016,0,0,0,-0.000122929
65,96,0.511719,0.753906,1.00016,0,0,0,-0.00036433
66,96,0.519531,0.753906,1.00015,0,0,0,-0.00059263
67,96,0.527344,0.753906,1.00015,0,0,0,-0.000799966
68,96,0.535156,0.753906,1.00014,0,0,0,-0.000979708
69,96,0.542969,0.753906,1.00013,0,0,0,-0.0011268
70,96,0.550781,0.753906,1.00012,0,0,0,-0.00123799
71,96,0.558594,0.753906,1.00011,0,0,0,-0.00131192
72,96,0.566406,0.753906,1.0001,0,0,0,-0.00134904
73,96,0.574219,0.753906,1.00009,0,0,0,-0.00135149
74,96,0.582031,0.753906,1.00008,0,0,0,-0.00132275
75,96,0.589844,0.753906,1.00007,0,0,0,-0.00126738
76,96,0.597656,0.753906,1.00006,0,0,0,-0.00119059
77,96,0.605469,0.753906,1.00005,0,0,0,-0.00109786
78,96,0.613281,0.753906,1.00004,0,0,0,-0.000994631
79,96,0.621094,0.753906,1.00004,0,0,0,-0.000885986
80,96,0.628906,0.753906,1.00003,0,0,0,-0.000776426
81,96,0.636719,0.753906,1.00002,0,0,0,-0.000669723
82,96,0.644531,0.753906,1.00002,0,0,0,-0.00056884
83,96,0.652344,0.753906,1.00002,0,0,0,-0.00047592
84,96,0.660156,0.753906,1.00001,0,0,0,-0.000392332
85,96,0.667969,0.753906,1.00001,0,0,0,-0.000318756
86,96,0.675781,0.753906,1.00001,0,0,0,-0.000255296
87,96,0.683594,0.753906,1.00001,0,0,0,-0.000201599
88,96,0.691406,0.753906,1,0,0,0,-0.000156988
89,96,0.699219,0.753906,1,0,0,0,-0.000120571
90,96,0.707031,0.753906,1,0,0,0,-9.13412e-05
91,96,0.714844,0.753906,1,0,0,0,-6.82641e-05
92,96,0.722656,0.753906,1,0,0,0,-5.03343e-05
93,96,0.730469,0.753906,1,0,0,0,-3.66201e-05
94,96,0.738281,0.753906,1,0,0,0,-2.62903e-05
95,96,0.746094,0.753906,1,0,0,0,-1.86262e-05
96,96,0.753906,0.753906,1,0,0,0,-1.30237e-05
97,96,0.761719,0.753906,1,0,0,0,-8.98776e-06
98,96,0.769531,0.753906,1,0,0,0,-6.12212e-06
99,96,0.777344,0.753906,1,0,0,0,-4.11629e-06
100,96,0.785156,0.753906,1,0,0,0,-2.73203e-06
101,96,0.792969,0.753906,1,0,0,0,-1.79002e-06
102,96,0.800781,0.753906,1,0,0,0,-1.15782e-06
103,96,0.808594,0.753906,1,0,0,0,-7.39349e-07
104,96,0.816406,0.753906,1,0,0,0,-4.66121e-07
105,96,0.824219,0.753906,1,0,0,0,-2.90137e-07
106,96,0.832031,0.753906,1,0,0,0,-1.78309e-07
107,96,0.839844,0.753906,1,0,0,0,-1.08199e-07
108,96,0.847656,0.753906,1,0,0,0,-6.48277e-08
109,96,0.855469,0.753906,1,0,0,0,-3.8353e-08
110,96,0.863281,0.753906,1,0,0,0,-2.24051e-08
111,96,0.871094,0.753906,1,0,0,0,-1.29244e-08
112,96,0.878906,0.753906,1,0,0,0,-7.3621e-09
113,96,0.886719,0.753906,1,0,0,0,-4.14121e-09
114,96,0.894531,0.753906,1,0,0,0,-2.30035e-09
115,96,0.902344,0.753906,1,0,0,0,-1.26185e-09
116,96,0.910156,0.753906,1,0,0,0,-6.83556e-10
117,96,0.917969,0.753906,1,0,0,0,-3.65688e-10
118,96,0.925781,0.753906,1,0,0,0,-1.93197e-10
119,96,0.933594,0.753906,1,0,0,0,-1.00798e-10
120,96,0.941406,0.753906,1,0,0,0,-5.19407e-11
121,96,0.949219,0.753906,1,0,0,0,-2.64322e-11
122,96,0.957031,0.753906,1,0,0,0,-1.32871e-11
123,96,0.964844,0.753906,1,0,0,0,-6.59384e-12
124,96,0.972656,0.753906,1,0,0,0,-3.24007e-12
125,96,0.980469,0.753906,1,0,0,0,-1.56319e-12
126,96,0.988281,0.753906,1,0,0,0,-7.38964e-13
127,96,0.996094,0.753906,1,0,0,0,-2.41585e-13
0,97,0.00390625,0.761719,1,0,0,0,1.56319e-13
1,97,0.0117188,0.761719,1,0,0,0,4.9738e-13
2,97,0.0195312,0.761719,1,0,0,0,1.0516e-12
3,97,0.0273438,0.761719,1,0,0,0,2.16005e-12
4,97,0.0351562,0.761719,1,0,0,0,4.40536e-12
5,97,0.0429688,0.761719,1,0,0,0,8.88178e-12
6,97,0.0507812,0.761719,1,0,0,0,1.76641e-11
7,97,0.0585938,0.761719,1,0,0,0,3.47171e-11
8,97,0.0664062,0.761719,1,0,0,0,6.73879e-11
9,97,0.0742188,0.761719,1,0,0,0,1.29134e-10
10,97,0.0820312,0.761719,1,0,0,0,2.44427e-10
11,97,0.0898438,0.761719,1,0,0,0,4.56922e-10
12,97,0.0976562,0.761719,1,0,0,0,8.43457e-10
13,97,0.105469,0.761719,1,0,0,0,1.5376e-09
14,97,0.113281,0.761719,1,0,0,0,2.76809e-09
15,97,0.121094,0.761719,1,0,0,0,4.92102e-09
16,97,0.128906,0.761719,1,0,0,0,8.63899e-09
17,97,0.136719,0.761719,1,0,0,0,1.49761e-08
18,97,0.144531,0.761719,1,0,0,0,2.56361e-08
19,97,0.152344,0.761719,1,0,0,0,4.33324e-08
20,97,0.160156,0.761719,1,0,0,0,7.23227e-08
21,97,0.167969,0.761719,1,0,0,0,1.19186e-07
22,97,0.175781,0.761719,1,0,0,0,1.93934e-07
23,97,0.183594,0.761719,1,0,0,0,3.11567e-07
24,97,0.191406,0.761719,1,0,0,0,4.94199e-07
25,97,0.199219,0.761719,1,0,0,0,7.73914e-07
26,97,0.207031,0.761719,1,0,0,0,1.19649e-06
27,97,0.214844,0.761719,1,0,0,0,1.82616e-06
28,97,0.222656,0.761719,1,0,0,0,2.75143e-06
29,97,0.230469,0.761719,1,0,0,0,4.09217e-06
30,97,0.238281,0.761719,1,0,0,0,6.00764e-06
31,97,0.246094,0.761719,1,0,0,0,8.70534e-06
32,97,0.253906,0.761719,1,0,0,0,1.24502e-05
33,97,0.261719,0.761719,1,0,0,0,1.75731e-05
34,97,0.269531,0.761719,1,0,0,0,2.44778e-05
35,97,0.277344,0.761719,1,0,0,0,3.36446e-05
36,97,0.285156,0.761719,1,0,0,0,4.56294e-05
37,97,0.292969,0.761719,1,0,0,0,6.10547e-05
38,97,0.300781,0.761719,1,0,0,0,8.05923e-05
39,97,0.308594,0.761719,1,0,0,0,0.000104935
40,97,0.316406,0.761719,1,0,0,0,0.000134754
41,97,0.324219,0.761719,1,0,0,0,0.000170646
42,97,0.332031,0.761719,1.00001,0,0,0,0.000213065
43,97,0.339844,0.761719,1.00001,0,0,0,0.000262244
44,97,0.347656,0.761719,1.00001,0,0,0,0.000318116
45,97,0.355469,0.761719,1.00001,0,0,0,0.000380226
46,97,0.363281,0.761719,1.00002,0,0,0,0.000447659
47,97,0.371094,0.761719,1.00002,0,0,0,0.000518982
48,97,0.378906,0.761719,1.00002,0,0,0,0.000592214
49,97,0.386719,0.761719,1.00003,0,0,0,0.000664835
50,97,0.394531,0.761719,1.00003,0,0,0,0.000733835
51,97,0.402344,0.761719,1.00004,0,0,0,0.000795818
52,97,0.410156,0.761719,1.00005,0,0,0,0.00084715
53,97,0.417969,0.761719,1.00005,0,0,0,0.00088416
54,97,0.425781,0.761719,1.00006,0,0,0,0.000903367
55,97,0.433594,0.761719,1.00007,0,0,0,0.000901734
56,97,0.441406,0.761719,1.00008,0,0,0,0.00087692
57,97,0.449219,0.761719,1.00008,0,0,0,0.000827506
58,97,0.457031,0.761719,1.00009,0,0,0,0.000753182
59,97,0.464844,0.761719,1.00009,0,0,0,0.000654861
60,97,0.472656,0.761719,1.0001,0,0,0,0.000534717
61,97,0.480469,0.761719,1.0001,0,0,0,0.000396128
62,97,0.488281,0.761719,1.0001,0,0,0,0.000243527
63,97,0.496094,0.761719,1.00011,0,0,0,8.21685e-05
64,97,0.503906,0.761719,1.00011,0,0,0,-8.21685e-05
65,97,0.511719,0.761719,1.0001,0,0,0,-0.000243527
66,97,0.519531,0.761719,1.0001,0,0,0,-0.000396128
67,97,0.527344,0.761719,1.0001,0,0,0,-0.000534717
68,97,0.535156,0.761719,1.00009,0,0,0,-0.000654861
69,97,0.542969,0.761719,1.00009,0,0,0,-0.000753182
70,97,0.550781,0.761719,1.00008,0,0,0,-0.000827506
71,97,0.558594,0.761719,1.00008,0,0,0,-0.00087692
72,97,0.566406,0.761719,1.00007,0,0,0,-0.000901734
73,97,0.574219,0.761719,1.00006,0,0,0,-0.000903367
74,97,0.582031,0.761719,1.00005,0,0,0,-0.00088416
75,97,0.589844,0.761719,1.00005,0,0,0,-0.00084715
76,97,0.597656,0.761719,1.00004,0,0,0,-0.000795818
77,97,0.605469,0.761719,1.00003,0,0,0,-0.000733835
78,97,0.613281,0.761719,1.00003,0,0,0,-0.000664835
79,97,0.621094,0.761719,1.00002,0,0,0,-0.000592214
80,97,0.628906,0.761719,1.00002,0,0,0,-0.000518982
81,97,0.636719,0.761719,1.00002,0,0,0,-0.000447659
82,97,0.644531,0.761719,1.00001,0,0,0,-0.000380226
83,97,0.652344,0.761719,1.00001,0,0,0,-0.000318116
84,97,0.660156,0.761719,1.00001,0,0,0,-0.000262244
85,97,0.667969,0.761719,1.00001,0,0,0,-0.000213065
86,97,0.675781,0.761719,1,0,0,0,-0.000170646
87,97,0.683594,0.761719,1,0,0,0,-0.000134754
88,97,0.691406,0.761719,1,0,0,0,-0.000104935
89,97,0.699219,0.761719,1,0,0,0,-8.05923e-05
90,97,0.707031,0.761719,1,0,0,0,-6.10547e-05
91,97,0.714844,0.761719,1,0,0,0,-4.56294e-05
92,97,0.722656,0.761719,1,0,0,0,-3.36446e-05
93,97,0.730469,0.761719,1,0,0,0,-2.44778e-05
94,97,0.738281,0.761719,1,0,0,0,-1.75731e-05
95,97,0.746094,0.761719,1,0,0,0,-1.24502e-05
96,97,0.753906,0.761719,1,0,0,0,-8.70534e-06
97,97,0.761719,0.761719,1,0,0,0,-6.00764e-06
98,97,0.769531,0.761719,1,0,0,0,-4.09217e-06
99,97,0.777344,0.761719,1,0,0,0,-2.75143e-06
100,97,0.785156,0.761719,1,0,0,0,-1.82616e-06
101,97,0.792969,0.761719,1,0,0,0,-1.19649e-06
102,97,0.800781,0.761719,1,0,0,0,-7.73914e-07
103,97,0.808594,0.761719,1,0,0,0,-4.94199e-07
104,97,0.816406,0.761719,1,0,0,0,-3.11567e-07
105,97,0.824219,0.761719,1,0,0,0,-1.93934e-07
106,97,0.832031,0.761719,1,0,0,0,-1.19186e-07
107,97,0.839844,0.761719,1,0,0,0,-7.23227e-08
108,97,0.847656,0.761719,1,0,0,0,-4.33324e-08
109,97,0.855469,0.761719,1,0,0,0,-2.56361e-08
110,97,0.863281,0.761719,1,0,0,0,-1.49761e-08
111,97,0.871094,0.761719,1,0,0,0,-8.63899e-09
112,97,0.878906,0.761719,1,0,0,0,-4.92102e-09
113,97,0.886719,0.761719,1,0,0,0,-2.76809e-09
114,97,0.894531,0.761719,1,0,0,0,-1.5376e-09
115,97,0.902344,0.761719,1,0,0,0,-8.43457e-10
116,97,0.910156,0.761719,1,0,0,0,-4.56922e-10
117,97,0.917969,0.761719,1,0,0,0,-2.44427e-10
118,97,0.925781,0.761719,1,0,0,0,-1.29134e-10
119,97,0.933594,0.761719,1,0,0,0,-6.73879e-11
120,97,0.941406,0.761719,1,0,0,0,-3.47171e-11
121,97,0.949219,0.761719,1,0,0,0,-1.76641e-11
122,97,0.957031,0.761719,1,0,0,0,-8.88178e-12
123,97,0.964844,0.761719,1,0,0,0,-4.40536e-12
124,97,0.972656,0.761719,1,0,0,0,-2.16005e-12
125,97,0.980469,0.761719,1,0,0,0,-1.0516e-12
126,97,0.988281,0.761719,1,0,0,0,-4.9738e-13
127,97,0.996094,0.761719,1,0,0,0,-1.56319e-13
0,98,0.00390625,0.769531,1,0,0,0,1.13687e-13
1,98,0.0117188,0.769531,1,0,0,0,3.41061e-13
2,98,0.0195312,0.769531,1,0,0,0,6.96332e-13
3,98,0.0273438,0.769531,1,0,0,0,1.42109e-12
4,98,0.0351562,0.769531,1,0,0,0,2.89901e-12
5,98,0.0429688,0.769531,1,0,0,0,5.86908e-12
6,98,0.0507812,0.769531,1,0,0,0,1.16671e-11
7,98,0.0585938,0.769531,1,0,0,0,2.29221e-11
8,98,0.0664062,0.769531,1,0,0,0,4.44942e-11
9,98,0.0742188,0.769531,1,0,0,0,8.52793e-11
10,98,0.0820312,0.769531,1,0,0,0,1.61407e-10
11,98,0.0898438,0.769531,1,0,0,0,3.01696e-10
12,98,0.0976562,0.769531,1,0,0,0,5.56938e-10
13,98,0.105469,0.769531,1,0,0,0,1.01531e-09
14,98,0.113281,0.769531,1,0,0,0,1.82781e-09
15,98,0.121094,0.769531,1,0,0,0,3.24941e-09
16,98,0.128906,0.769531,1,0,0,0,5.70445e-09
17,98,0.136719,0.769531,1,0,0,0,9.88892e-09
18,98,0.144531,0.769531,1,0,0,0,1.69279e-08
19,98,0.152344,0.769531,1,0,0,0,2.8613e-08
20,98,0.160156,0.769531,1,0,0,0,4.77557e-08
21,98,0.167969,0.769531,1,0,0,0,7.87003e-08
22,98,0.175781,0.769531,1,0,0,0,1.28058e-07
23,98,0.183594,0.769531,1,0,0,0,2.05732e-07
24,98,0.191406,0.769531,1,0,0,0,3.26327e-07
25,98,0.199219,0.769531,1,0,0,0,5.11027e-07
26,98,0.207031,0.769531,1,0,0,0,7.90061e-07
27,98,0.214844,0.769531,1,0,0,0,1.20584e-06
28,98,0.222656,0.769531,1,0,0,0,1.81681e-06
29,98,0.230469,0.769531,1,0,0,0,2.70212e-06
30,98,0.238281,0.769531,1,0,0,0,3.96693e-06
31,98,0.246094,0.769531,1,0,0,0,5.74826e-06
32,98,0.253906,0.769531,1,0,0,0,8.22104e-06
33,98,0.261719,0.769531,1,0,0,0,1.16037e-05
34,98,0.269531,0.769531,1,0,0,0,1.6163e-05
35,98,0.277344,0.769531,1,0,0,0,2.2216e-05
36,98,0.285156,0.769531,1,0,0,0,3.01298e-05
37,98,0.292969,0.769531,1,0,0,0,4.03153e-05
38,98,0.300781,0.769531,1,0,0,0,5.32163e-05
39,98,0.308594,0.769531,1,0,0,0,6.929e-05
40,98,0.316406,0.769531,1,0,0,0,8.898e-05
41,98,0.324219,0.769531,1,0,0,0,0.00011268
42,98,0.332031,0.769531,1,0,0,0,0.00014069
43,98,0.339844,0.769531,1.00001,0,0,0,0.000173164
44,98,0.347656,0.769531,1.00001,0,0,0,0.000210057
45,98,0.355469,0.769531,1.00001,0,0,0,0.000251069
46,98,0.363281,0.769531,1.00001,0,0,0,0.000295596
47,98,0.371094,0.769531,1.00001,0,0,0,0.000342691
48,98,0.378906,0.769531,1.00002,0,0,0,0.000391048
49,98,0.386719,0.769531,1.00002,0,0,0,0.000439
50,98,0.394531,0.769531,1.00002,0,0,0,0.000484562
51,98,0.402344,0.769531,1.00003,0,0,0,0.00052549
52,98,0.410156,0.769531,1.00003,0,0,0,0.000559386
53,98,0.417969,0.769531,1.00004,0,0,0,0.000583824
54,98,0.425781,0.769531,1.00004,0,0,0,0.000596506
55,98,0.433594,0.769531,1.00005,0,0,0,0.000595428
56,98,0.441406,0.769531,1.00005,0,0,0,0.000579043
57,98,0.449219,0.769531,1.00005,0,0,0,0.000546414
58,98,0.457031,0.769531,1.00006,0,0,0,0.000497337
59,98,0.464844,0.769531,1.00006,0,0,0,0.000432414
60,98,0.472656,0.769531,1.00006,0,0,0,0.000353081
61,98,0.480469,0.769531,1.00007,0,0,0,0.000261569
62,98,0.488281,0.769531,1.00007,0,0,0,0.000160804
63,98,0.496094,0.769531,1.00007,0,0,0,5.4257e-05
64,98,0.503906,0.769531,1.00007,0,0,0,-5.4257e-05
65,98,0.511719,0.769531,1.00007,0,0,0,-0.000160804
66,98,0.519531,0.769531,1.00007,0,0,0,-0.000261569
67,98,0.527344,0.769531,1.00006,0,0,0,-0.000353081
68,98,0.535156,0.769531,1.00006,0,0,0,-0.000432414
69,98,0.542969,0.769531,1.00006,0,0,0,-0.000497337
70,98,0.550781,0.769531,1.00005,0,0,0,-0.000546414
71,98,0.558594,0.769531,1.00005,0,0,0,-0.000579043
72,98,0.566406,0.769531,1.00005,0,0,0,-0.000595428
73,98,0.574219,0.769531,1.00004,0,0,0,-0.000596506
74,98,0.582031,0.769531,1.00004,0,0,0,-0.000583824
75,98,0.589844,0.769531,1.00003,0,0,0,-0.000559386
76,98,0.597656,0.769531,1.00003,0,0,0,-0.00052549
77,98,0.605469,0.769531,1.00002,0,0,0,-0.000484562
78,98,0.613281,0.769531,1.00002,0,0,0,-0.000439
79,98,0.621094,0.769531,1.00002,0,0,0,-0.000391048
80,98,0.628906,0.769531,1.00001,0,0,0,-0.000342691
81,98,0.636719,0.769531,1.00001,0,0,0,-0.000295596
82,98,0.644531,0.769531,1.00001,0,0,0,-0.000251069
83,98,0.652344,0.769531,1.00001,0,0,0,-0.000210057
84,98,0.660156,0.769531,1.00001,0,0,0,-0.000173164
85,98,0.667969,0.769531,1,0,0,0,-0.00014069
86,98,0.675781,0.769531,1,0,0,0,-0.00011268
87,98,0.683594,0.769531,1,0,0,0,-8.898e-05
88,98,0.691406,0.769531,1,0,0,0,-6.929e-05
89,98,0.699219,0.769531,1,0,0,0,-5.32163e-05
90,98,0.707031,0.769531,1,0,0,0,-4.03153e-05
91,98,0.714844,0.769531,1,0,0,0,-3.01298e-05
92,98,0.722656,0.769531,1,0,0,0,-2.2216e-05
93,98,0.730469,0.769531,1,0,0,0,-1.6163e-05
94,98,0.738281,0.769531,1,0,0,0,-1.16037e-05
95,98,0.746094,0.769531,1,0,0,0,-8.22104e-06
96,98,0.753906,0.769531,1,0,0,0,-5.74826e-06
97,98,0.761719,0.769531,1,0,0,0,-3.96693e-06
98,98,0.769531,0.769531,1,0,0,0,-2.70212e-06
99,98,0.777344,0.769531,1,0,0,0,-1.81681e-06
100,98,0.785156,0.769531,1,0,0,0,-1.20584e-06
101,98,0.792969,0.769531,1,0,0,0,-7.90061e-07
102,98,0.800781,0.769531,1,0,0,0,-5.11027e-07
103,98,0.808594,0.769531,1,0,0,0,-3.26327e-07
104,98,0.816406,0.769531,1,0,0,0,-2.05732e-07
105,98,0.824219,0.769531,1,0,0,0,-1.28058e-07
106,98,0.832031,0.769531,1,0,0,0,-7.87003e-08
107,98,0.839844,0.769531,1,0,0,0,-4.77557e-08
108,98,0.847656,0.769531,1,0,0,0,-2.8613e-08
109,98,0.855469,0.769531,1,0,0,0,-1.69279e-08
110,98,0.863281,0.769531,1,0,0,0,-9.88892e-09
111,98,0.871094,0.769531,1,0,0,0,-5.70445e-09
112,98,0.878906,0.769531,1,0,0,0,-3.24941e-09
113,98,0.886719,0.769531,1,0,0,0,-1.82781e-09
114,98,0.894531,0.769531,1,0,0,0,-1.01531e-09
115,98,0.902344,0.769531,1,0,0,0,-5.56938e-10
116,98,0.910156,0.769531,1,0,0,0,-3.01696e-10
117,98,0.917969,0.769531,1,0,0,0,-1.61407e-10
118,98,0.925781,0.769531,1,0,0,0,-8.52793e-11
119,98,0.933594,0.769531,1,0,0,0,-4.44942e-11
120,98,0.941406,0.769531,1,0,0,0,-2.29221e-11
121,98,0.949219,0.769531,1,0,0,0,-1.16671e-11
122,98,0.957031,0.769531,1,0,0,0,-5.86908e-12
123,98,0.964844,0.769531,1,0,0,0,-2.89901e-12
124,98,0.972656,0.769531,1,0,0,0,-1.42109e-12
125,98,0.980469,0.769531,1,0,0,0,-6.96332e-13
126,98,0.988281,0.769531,1,0,0,0,-3.41061e-13
127,98,0.996094,0.769531,1,0,0,0,-1.13687e-13
0,99,0.00390625,0.777344,1,0,0,0,7.10543e-14
1,99,0.0117188,0.777344,1,0,0,0,2.13163e-13
2,99,0.0195312,0.777344,1,0,0,0,4.54747e-13
3,99,0.0273438,0.777344,1,0,0,0,9.37916e-13
4,99,0.0351562,0.777344,1,0,0,0,1.89004e-12
5,99,0.0429688,0.777344,1,0,0,0,3.82272e-12
6,99,0.0507812,0.777344,1,0,0,0,7.61702e-12
7,99,0.0585938,0.777344,1,0,0,0,1.49498e-11
8,99,0.0664062,0.777344,1,0,0,0,2.90186e-11
9,99,0.0742188,0.777344,1,0,0,0,5.56355e-11
10,99,0.0820312,0.777344,1,0,0,0,1.05288e-10
11,99,0.0898438,0.777344,1,0,0,0,1.96792e-10
12,99,0.0976562,0.777344,1,0,0,0,3.63301e-10
13,99,0.105469,0.777344,1,0,0,0,6.62297e-10
14,99,0.113281,0.777344,1,0,0,0,1.19228e-09
15,99,0.121094,0.777344,1,0,0,0,2.11959e-09
16,99,0.128906,0.777344,1,0,0,0,3.72103e-09
17,99,0.136719,0.777344,1,0,0,0,6.45058e-09
18,99,0.144531,0.777344,1,0,0,0,1.10421e-08
19,99,0.152344,0.777344,1,0,0,0,1.86644e-08
20,99,0.160156,0.777344,1,0,0,0,3.11512e-08
21,99,0.167969,0.777344,1,0,0,0,5.13364e-08
22,99,0.175781,0.777344,1,0,0,0,8.35324e-08
23,99,0.183594,0.777344,1,0,0,0,1.342e-07
24,99,0.191406,0.777344,1,0,0,0,2.12864e-07
25,99,0.199219,0.777344,1,0,0,0,3.33344e-07
26,99,0.207031,0.777344,1,0,0,0,5.15359e-07
27,99,0.214844,0.777344,1,0,0,0,7.86571e-07
28,99,0.222656,0.777344,1,0,0,0,1.18511e-06
29,99,0.230469,0.777344,1,0,0,0,1.7626e-06
30,99,0.238281,0.777344,1,0,0,0,2.58764e-06
31,99,0.246094,0.777344,1,0,0,0,3.74961e-06
32,99,0.253906,0.777344,1,0,0,0,5.36261e-06
33,99,0.261719,0.777344,1,0,0,0,7.56916e-06
34,99,0.269531,0.777344,1,0,0,0,1.05432e-05
35,99,0.277344,0.777344,1,0,0,0,1.44916e-05
36,99,0.285156,0.777344,1,0,0,0,1.96537e-05
37,99,0.292969,0.777344,1,0,0,0,2.62978e-05
38,99,0.300781,0.777344,1,0,0,0,3.47131e-05
39,99,0.308594,0.777344,1,0,0,0,4.51981e-05
40,99,0.316406,0.777344,1,0,0,0,5.80419e-05
41,99,0.324219,0.777344,1,0,0,0,7.35015e-05
42,99,0.332031,0.777344,1,0,0,0,9.17723e-05
43,99,0.339844,0.777344,1,0,0,0,0.000112955
44,99,0.347656,0.777344,1,0,0,0,0.000137021
45,99,0.355469,0.777344,1.00001,0,0,0,0.000163773
46,99,0.363281,0.777344,1.00001,0,0,0,0.000192818
47,99,0.371094,0.777344,1.00001,0,0,0,0.000223539
48,99,0.378906,0.777344,1.00001,0,0,0,0.000255082
49,99,0.386719,0.777344,1.00001,0,0,0,0.000286361
50,99,0.394531,0.777344,1.00002,0,0,0,0.000316081
51,99,0.402344,0.777344,1.00002,0,0,0,0.000342779
52,99,0.410156,0.777344,1.00002,0,0,0,0.000364889
53,99,0.417969,0.777344,1.00002,0,0,0,0.00038083
54,99,0.425781,0.777344,1.00003,0,0,0,0.000389103
55,99,0.433594,0.777344,1.00003,0,0,0,0.000388399
56,99,0.441406,0.777344,1.00003,0,0,0,0.000377711
57,99,0.449219,0.777344,1.00004,0,0,0,0.000356428
58,99,0.457031,0.777344,1.00004,0,0,0,0.000324414
59,99,0.464844,0.777344,1.00004,0,0,0,0.000282065
60,99,0.472656,0.777344,1.00004,0,0,0,0.000230316
61,99,0.480469,0.777344,1.00004,0,0,0,0.000170622
62,99,0.488281,0.777344,1.00005,0,0,0,0.000104893
63,99,0.496094,0.777344,1.00005,0,0,0,3.5392e-05
64,99,0.503906,0.777344,1.00005,0,0,0,-3.5392e-05
65,99,0.511719,0.777344,1.00005,0,0,0,-0.000104893
66,99,0.519531,0.777344,1.00004,0,0,0,-0.000170622
67,99,0.527344,0.777344,1.00004,0,0,0,-0.000230316
68,99,0.535156,0.777344,1.00004,0,0,0,-0.000282065
69,99,0.542969,0.777344,1.00004,0,0,0,-0.000324414
70,99,0.550781,0.777344,1.00004,0,0,0,-0.000356428
71,99,0.558594,0.777344,1.00003,0,0,0,-0.000377711
72,99,0.566406,0.777344,1.00003,0,0,0,-0.000388399
73,99,0.574219,0.777344,1.00003,0,0,0,-0.000389103
74,99,0.582031,0.777344,1.00002,0,0,0,-0.00038083
75,99,0.589844,0.777344,1.00002,0,0,0,-0.000364889
76,99,0.597656,0.777344,1.00002,0,0,0,-0.000342779
77,99,0.605469,0.777344,1.00002,0,0,0,-0.000316081
78,99,0.613281,0.777344,1.00001,0,0,0,-0.000286361
79,99,0.621094,0.777344,1.00001,0,0,0,-0.000255082
80,99,0.628906,0.777344,1.00001,0,0,0,-0.000223539
81,99,0.636719,0.777344,1.00001,0,0,0,-0.000192818
82,99,0.644531,0.777344,1.00001,0,0,0,-0.000163773
83,99,0.652344,0.777344,1,0,0,0,-0.000137021
84,99,0.660156,0.777344,1,0,0,0,-0.000112955
85,99,0.667969,0.777344,1,0,0,0,-9.17723e-05
86,99,0.675781,0.777344,1,0,0,0,-7.35015e-05
87,99,0.683594,0.777344,1,0,0,0,-5.80419e-05
88,99,0.691406,0.777344,1,0,0,0,-4.51981e-05
89,99,0.699219,0.777344,1,0,0,0,-3.47131e-05
90,99,0.707031,0.777344,1,0,0,0,-2.62978e-05
91,99,0.714844,0.777344,1,0,0,0,-1.96537e-05
92,99,0.722656,0.777344,1,0,0,0,-1.44916e-05
93,99,0.730469,0.777344,1,0,0,0,-1.05432e-05
94,99,0.738281,0.777344,1,0,0,0,-7.56916e-06
95,99,0.746094,0.777344,1,0,0,0,-5.36261e-06
96,99,0.753906,0.777344,1,0,0,0,-3.74961e-06
97,99,0.761719,0.777344,1,0,0,0,-2.58764e-06
98,99,0.769531,0.777344,1,0,0,0,-1.7626e-06
99,99,0.777344,0.777344,1,0,0,0,-1.18511e-06
100,99,0.785156,0.777344,1,0,0,0,-7.86571e-07
101,99,0.792969,0.777344,1,0,0,0,-5.15359e-07
102,99,0.800781,0.777344,1,0,0,0,-3.33344e-07
103,99,0.808594,0.777344,1,0,0,0,-2.12864e-07
104,99,0.816406,0.777344,1,0,0,0,-1.342e-07
105,99,0.824219,0.777344,1,0,0,0,-8.35324e-08
106,99,0.832031,0.777344,1,0,0,0,-5.13364e-08
107,99,0.839844,0.777344,1,0,0,0,-3.11512e-08
108,99,0.847656,0.777344,1,0,0,0,-1.86644e-08
109,99,0.855469,0.777344,1,0,0,0,-1.10421e-08
110,99,0.863281,0.777344,1,0,0,0,-6.45058e-09
111,99,0.871094,0.777344,1,0,0,0,-3.72103e-09
112,99,0.878906,0.777344,1,0,0,0,-2.11959e-09
113,99,0.886719,0.777344,1,0,0,0,-1.19228e-09
114,99,0.894531,0.777344,1,0,0,0,-6.62297e-10
115,99,0.902344,0.777344,1,0,0,0,-3.63301e-10
116,99,0.910156,0.777344,1,0,0,0,-1.96792e-10
117,99,0.917969,0.777344,1,0,0,0,-1.05288e-10
118,99,0.925781,0.777344,1,0,0,0,-5.56355e-11
119,99,0.933594,0.777344,1,0,0,0,-2.90186e-11
120,99,0.941406,0.777344,1,0,0,0,-1.49498e-11
121,99,0.949219,0.777344,1,0,0,0,-7.61702e-12
122,99,0.957031,0.777344,1,0,0,0,-3.82272e-12
123,99,0.964844,0.777344,1,0,0,0,-1.89004e-12
124,99,0.972656,0.777344,1,0,0,0,-9.37916e-13
125,99,0.980469,0.777344,1,0,0,0,-4.54747e-13
126,99,0.988281,0.777344,1,0,0,0,-2.13163e-13
127,99,0.996094,0.777344,1,0,0,0,-7.10543e-14
0,100,0.00390625,0.785156,1,0,0,0,4.26326e-14
1,100,0.0117188,0.785156,1,0,0,0,1.27898e-13
2,100,0.0195312,0.785156,1,0,0,0,2.84217e-13
3,100,0.0273438,0.785156,1,0,0,0,6.11067e-13
4,100,0.0351562,0.785156,1,0,0,0,1.22213e-12
5,100,0.0429688,0.785156,1,0,0,0,2.45848e-12
6,100,0.0507812,0.785156,1,0,0,0,4.90274e-12
7,100,0.0585938,0.785156,1,0,0,0,9.63496e-12
8,100,0.0664062,0.785156,1,0,0,0,1.87015e-11
9,100,0.0742188,0.785156,1,0,0,0,3.58398e-11
10,100,0.0820312,0.785156,1,0,0,0,6.78568e-11
11,100,0.0898438,0.785156,1,0,0,0,1.26818e-10
12,100,0.0976562,0.785156,1,0,0,0,2.34095e-10
13,100,0.105469,0.785156,1,0,0,0,4.2678e-10
14,100,0.113281,0.785156,1,0,0,0,7.68296e-10
15,100,0.121094,0.785156,1,0,0,0,1.36585e-09
16,100,0.128906,0.785156,1,0,0,0,2.3978e-09
17,100,0.136719,0.785156,1,0,0,0,4.15668e-09
18,100,0.144531,0.785156,1,0,0,0,7.11539e-09
19,100,0.152344,0.785156,1,0,0,0,1.20271e-08
20,100,0.160156,0.785156,1,0,0,0,2.00735e-08
21,100,0.167969,0.785156,1,0,0,0,3.30806e-08
22,100,0.175781,0.785156,1,0,0,0,5.38273e-08
23,100,0.183594,0.785156,1,0,0,0,8.64767e-08
24,100,0.191406,0.785156,1,0,0,0,1.37167e-07
25,100,0.199219,0.785156,1,0,0,0,2.14803e-07
26,100,0.207031,0.785156,1,0,0,0,3.32092e-07
27,100,0.214844,0.785156,1,0,0,0,5.06857e-07
28,100,0.222656,0.785156,1,0,0,0,7.63672e-07
29,100,0.230469,0.785156,1,0,0,0,1.1358e-06
30,100,0.238281,0.785156,1,0,0,0,1.66745e-06
31,100,0.246094,0.785156,1,0,0,0,2.4162e-06
32,100,0.253906,0.785156,1,0,0,0,3.4556e-06
33,100,0.261719,0.785156,1,0,0,0,4.87748e-06
34,100,0.269531,0.785156,1,0,0,0,6.79391e-06
35,100,0.277344,0.785156,1,0,0,0,9.33822e-06
36,100,0.285156,0.785156,1,0,0,0,1.26646e-05
37,100,0.292969,0.785156,1,0,0,0,1.6946e-05
38,100,0.300781,0.785156,1,0,0,0,2.23688e-05
39,100,0.308594,0.785156,1,0,0,0,2.91251e-05
40,100,0.316406,0.785156,1,0,0,0,3.74015e-05
41,100,0.324219,0.785156,1,0,0,0,4.73635e-05
42,100,0.332031,0.785156,1,0,0,0,5.9137e-05
43,100,0.339844,0.785156,1,0,0,0,7.27871e-05
44,100,0.347656,0.785156,1,0,0,0,8.82946e-05
45,100,0.355469,0.785156,1,0,0,0,0.000105533
46,100,0.363281,0.785156,1,0,0,0,0.00012425
47,100,0.371094,0.785156,1.00001,0,0,0,0.000144046
48,100,0.378906,0.785156,1.00001,0,0,0,0.000164372
49,100,0.386719,0.785156,1.00001,0,0,0,0.000184528
50,100,0.394531,0.785156,1.00001,0,0,0,0.000203679
51,100,0.402344,0.785156,1.00001,0,0,0,0.000220883
52,100,0.410156,0.785156,1.00001,0,0,0,0.00023513
53,100,0.417969,0.785156,1.00002,0,0,0,0.000245402
54,100,0.425781,0.785156,1.00002,0,0,0,0.000250733
55,100,0.433594,0.785156,1.00002,0,0,0,0.00025028
56,100,0.441406,0.785156,1.00002,0,0,0,0.000243393
57,100,0.449219,0.785156,1.00002,0,0,0,0.000229678
58,100,0.457031,0.785156,1.00002,0,0,0,0.000209049
59,100,0.464844,0.785156,1.00003,0,0,0,0.00018176
60,100,0.472656,0.785156,1.00003,0,0,0,0.000148413
61,100,0.480469,0.785156,1.00003,0,0,0,0.000109947
62,100,0.488281,0.785156,1.00003,0,0,0,6.75919e-05
63,100,0.496094,0.785156,1.00003,0,0,0,2.28062e-05
64,100,0.503906,0.785156,1.00003,0,0,0,-2.28062e-05
65,100,0.511719,0.785156,1.00003,0,0,0,-6.75919e-05
66,100,0.519531,0.785156,1.00003,0,0,0,-0.000109947
67,100,0.527344,0.785156,1.00003,0,0,0,-0.000148413
68,100,0.535156,0.785156,1.00003,0,0,0,-0.00018176
69,100,0.542969,0.785156,1.00002,0,0,0,-0.000209049
70,100,0.550781,0.785156,1.00002,0,0,0,-0.000229678
71,100,0.558594,0.785156,1.00002,0,0,0,-0.000243393
72,100,0.566406,0.785156,1.00002,0,0,0,-0.00025028
73,100,0.574219,0.785156,1.00002,0,0,0,-0.000250733
74,100,0.582031,0.785156,1.00002,0,0,0,-0.000245402
75,100,0.589844,0.785156,1.00001,0,0,0,-0.00023513
76,100,0.597656,0.785156,1.00001,0,0,0,-0.000220883
77,100,0.605469,0.785156,1.00001,0,0,0,-0.000203679
78,100,0.613281,0.785156,1.00001,0,0,0,-0.000184528
79,100,0.621094,0.785156,1.00001,0,0,0,-0.000164372
80,100,0.628906,0.785156,1.00001,0,0,0,-0.000144046
81,100,0.636719,0.785156,1,0,0,0,-0.00012425
82,100,0.644531,0.785156,1,0,0,0,-0.000105533
83,100,0.652344,0.785156,1,0,0,0,-8.82946e-05
84,100,0.660156,0.785156,1,0,0,0,-7.27871e-05
85,100,0.667969,0.785156,1,0,0,0,-5.9137e-05
86,100,0.675781,0.785156,1,0,0,0,-4.73635e-05
87,100,0.683594,0.785156,1,0,0,0,-3.74015e-05
88,100,0.691406,0.785156,1,0,0,0,-2.91251e-05
89,100,0.699219,0.785156,1,0,0,0,-2.23688e-05
90,100,0.707031,0.785156,1,0,0,0,-1.6946e-05
91,100,0.714844,0.785156,1,0,0,0,-1.26646e-05
92,100,0.722656,0.785156,1,0,0,0,-9.33822e-06
93,100,0.730469,0.785156,1,0,0,0,-6.79391e-06
94,100,0.738281,0.785156,1,0,0,0,-4.87748e-06
95,100,0.746094,0.785156,1,0,0,0,-3.4556e-06
96,100,0.753906,0.785156,1,0,0,0,-2.4162e-06
97,100,0.761719,0.785156,1,0,0,0,-1.66745e-06
98,100,0.769531,0.785156,1,0,0,0,-1.1358e-06
99,100,0.777344,0.785156,1,0,0,0,-7.63672e-07
100,100,0.785156,0.785156,1,0,0,0,-5.06857e-07
101,100,0.792969,0.785156,1,0,0,0,-3.32092e-07
102,100,0.800781,0.785156,1,0,0,0,-2.14803e-07
103,100,0.808594,0.785156,1,0,0,0,-1.37167e-07
104,100,0.816406,0.785156,1,0,0,0,-8.64767e-08
105,100,0.824219,0.785156,1,0,0,0,-5.38273e-08
106,100,0.832031,0.785156,1,0,0,0,-3.30806e-08
107,100,0.839844,0.785156,1,0,0,0,-2.00735e-08
108,100,0.847656,0.785156,1,0,0,0,-1.20271e-08
109,100,0.855469,0.785156,1,0,0,0,-7.11539e-09
110,100,0.863281,0.785156,1,0,0,0,-4.15668e-09
111,100,0.871094,0.785156,1,0,0,0,-2.3978e-09
112,100,0.878906,0.785156,1,0,0,0,-1.36585e-09
113,100,0.886719,0.785156,1,0,0,0,-7.68296e-10
114,100,0.894531,0.785156,1,0,0,0,-4.2678e-10
115,100,0.902344,0.785156,1,0,0,0,-2.34095e-10
116,100,0.910156,0.785156,1,0,0,0,-1.26818e-10
117,100,0.917969,0.785156,1,0,0,0,-6.78568e-11
118,100,0.925781,0.785156,1,0,0,0,-3.58398e-11
119,100,0.933594,0.785156,1,0,0,0,-1.87015e-11
120,100,0.941406,0.785156,1,0,0,0,-9.63496e-12
121,100,0.949219,0.785156,1,0,0,0,-4.90274e-12
122,100,0.957031,0.785156,1,0,0,0,-2.45848e-12
123,100,0.964844,0.785156,1,0,0,0,-1.22213e-12
124,100,0.972656,0.785156,1,0,0,0,-6.11067e-13
125,100,0.980469,0.785156,1,0,0,0,-2.84217e-13
126,100,0.988281,0.785156,1,0,0,0,-1.27898e-13
127,100,0.996094,0.785156,1,0,0,0,-4.26326e-14
0,101,0.00390625,0.792969,1,0,0,0,2.84217e-14
1,101,0.0117188,0.792969,1,0,0,0,8.52651e-14
2,101,0.0195312,0.792969,1,0,0,0,1.84741e-13
3,101,0.0273438,0.792969,1,0,0,0,3.83693e-13
4,101,0.0351562,0.792969,1,0,0,0,7.81597e-13
5,101,0.0429688,0.792969,1,0,0,0,1.56319e-12
6,101,0.0507812,0.792969,1,0,0,0,3.11218e-12
7,101,0.0585938,0.792969,1,0,0,0,6.13909e-12
8,101,0.0664062,0.792969,1,0,0,0,1.19087e-11
9,101,0.0742188,0.792969,1,0,0,0,2.28084e-11
10,101,0.0820312,0.792969,1,0,0,0,4.31868e-11
11,101,0.0898438,0.792969,1,0,0,0,8.07319e-11
12,101,0.0976562,0.792969,1,0,0,0,1.49029e-10
13,101,0.105469,0.792969,1,0,0,0,2.71669e-10
14,101,0.113281,0.792969,1,0,0,0,4.89067e-10
15,101,0.121094,0.792969,1,0,0,0,8.69463e-10
16,101,0.128906,0.792969,1,0,0,0,1.52636e-09
17,101,0.136719,0.792969,1,0,0,0,2.64602e-09
18,101,0.144531,0.792969,1,0,0,0,4.52945e-09
19,101,0.152344,0.792969,1,0,0,0,7.6561e-09
20,101,0.160156,0.792969,1,0,0,0,1.27782e-08
21,101,0.167969,0.792969,1,0,0,0,2.10582e-08
22,101,0.175781,0.792969,1,0,0,0,3.42649e-08
23,101,0.183594,0.792969,1,0,0,0,5.50485e-08
24,101,0.191406,0.792969,1,0,0,0,8.73165e-08
25,101,0.199219,0.792969,1,0,0,0,1.36737e-07
26,101,0.207031,0.792969,1,0,0,0,2.114e-07
27,101,0.214844,0.792969,1,0,0,0,3.2265e-07
28,101,0.222656,0.792969,1,0,0,0,4.86131e-07
29,101,0.230469,0.792969,1,0,0,0,7.23017e-07
30,101,0.238281,0.792969,1,0,0,0,1.06145e-06
31,101,0.246094,0.792969,1,0,0,0,1.53808e-06
32,101,0.253906,0.792969,1,0,0,0,2.19973e-06
33,101,0.261719,0.792969,1,0,0,0,3.10486e-06
34,101,0.269531,0.792969,1,0,0,0,4.3248e-06
35,101,0.277344,0.792969,1,0,0,0,5.94443e-06
36,101,0.285156,0.792969,1,0,0,0,8.06194e-06
37,101,0.292969,0.792969,1,0,0,0,1.07873e-05
38,101,0.300781,0.792969,1,0,0,0,1.42393e-05
39,101,0.308594,0.792969,1,0,0,0,1.85402e-05
40,101,0.316406,0.792969,1,0,0,0,2.38087e-05
41,101,0.324219,0.792969,1,0,0,0,3.01502e-05
42,101,0.332031,0.792969,1,0,0,0,3.76449e-05
43,101,0.339844,0.792969,1,0,0,0,4.63341e-05
44,101,0.347656,0.792969,1,0,0,0,5.62057e-05
45,101,0.355469,0.792969,1,0,0,0,6.71795e-05
46,101,0.363281,0.792969,1,0,0,0,7.90937e-05
47,101,0.371094,0.792969,1,0,0,0,9.16953e-05
48,101,0.378906,0.792969,1,0,0,0,0.000104634
49,101,0.386719,0.792969,1.00001,0,0,0,0.000117465
50,101,0.394531,0.792969,1.00001,0,0,0,0.000129656
51,101,0.402344,0.792969,1.00001,0,0,0,0.000140607
52,101,0.410156,0.792969,1.00001,0,0,0,0.000149677
53,101,0.417969,0.792969,1.00001,0,0,0,0.000156216
54,101,0.425781,0.792969,1.00001,0,0,0,0.000159609
55,101,0.433594,0.792969,1.00001,0,0,0,0.000159321
56,101,0.441406,0.792969,1.00001,0,0,0,0.000154937
57,101,0.449219,0.792969,1.00001,0,0,0,0.000146206
58,101,0.457031,0.792969,1.00002,0,0,0,0.000133074
59,101,0.464844,0.792969,1.00002,0,0,0,0.000115703
60,101,0.472656,0.792969,1.00002,0,0,0,9.44754e-05
61,101,0.480469,0.792969,1.00002,0,0,0,6.99891e-05
62,101,0.488281,0.792969,1.00002,0,0,0,4.3027e-05
63,101,0.496094,0.792969,1.00002,0,0,0,1.45178e-05
64,101,0.503906,0.792969,1.00002,0,0,0,-1.45178e-05
65,101,0.511719,0.792969,1.00002,0,0,0,-4.3027e-05
66,101,0.519531,0.792969,1.00002,0,0,0,-6.99891e-05
67,101,0.527344,0.792969,1.00002,0,0,0,-9.44754e-05
68,101,0.535156,0.792969,1.00002,0,0,0,-0.000115703
69,101,0.542969,0.792969,1.00002,0,0,0,-0.000133074
70,101,0.550781,0.792969,1.00001,0,0,0,-0.000146206
71,101,0.558594,0.792969,1.00001,0,0,0,-0.000154937
72,101,0.566406,0.792969,1.00001,0,0,0,-0.000159321
73,101,0.574219,0.792969,1.00001,0,0,0,-0.000159609
74,101,0.582031,0.792969,1.00001,0,0,0,-0.000156216
75,101,0.589844,0.792969,1.00001,0,0,0,-0.000149677
76,101,0.597656,0.792969,1.00001,0,0,0,-0.000140607
77,101,0.605469,0.792969,1.00001,0,0,0,-0.000129656
78,101,0.613281,0.792969,1.00001,0,0,0,-0.000117465
79,101,0.621094,0.792969,1,0,0,0,-0.000104634
80,101,0.628906,0.792969,1,0,0,0,-9.16953e-05
81,101,0.636719,0.792969,1,0,0,0,-7.90937e-05
82,101,0.644531,0.792969,1,0,0,0,-6.71795e-05
83,101,0.652344,0.792969,1,0,0,0,-5.62057e-05
84,101,0.660156,0.792969,1,0,0,0,-4.63341e-05
85,101,0.667969,0.792969,1,0,0,0,-3.76449e-05
86,101,0.675781,0.792969,1,0,0,0,-3.01502e-05
87,101,0.683594,0.792969,1,0,0,0,-2.38087e-05
88,101,0.691406,0.792969,1,0,0,0,-1.85402e-05
89,101,0.699219,0.792969,1,0,0,0,-1.42393e-05
90,101,0.707031,0.792969,1,0,0,0,-1.07873e-05
91,101,0.714844,0.792969,1,0,0,0,-8.06194e-06
92,101,0.722656,0.792969,1,0,0,0,-5.94443e-06
93,101,0.730469,0.792969,1,0,0,0,-4.3248e-06
94,101,0.738281,0.792969,1,0,0,0,-3.10486e-06
95,101,0.746094,0.792969,1,0,0,0,-2.19973e-06
96,101,0.753906,0.792969,1,0,0,0,-1.53808e-06
97,101,0.761719,0.792969,1,0,0,0,-1.06145e-06
98,101,0.769531,0.792969,1,0,0,0,-7.23017e-07
99,101,0.777344,0.792969,1,0,0,0,-4.86131e-07
100,101,0.785156,0.792969,1,0,0,0,-3.2265e-07
101,101,0.792969,0.792969,1,0,0,0,-2.114e-07
102,101,0.800781,0.792969,1,0,0,0,-1.36737e-07
103,101,0.808594,0.792969,1,0,0,0,-8.73165e-08
104,101,0.816406,0.792969,1,0,0,0,-5.50485e-08
105,101,0.824219,0.792969,1,0,0,0,-3.42649e-08
106,101,0.832031,0.792969,1,0,0,0,-2.10582e-08
107,101,0.839844,0.792969,1,0,0,0,-1.27782e-08
108,101,0.847656,0.792969,1,0,0,0,-7.6561e-09
109,101,0.855469,0.792969,1,0,0,0,-4.52945e-09
110,101,0.863281,0.792969,1,0,0,0,-2.64602e-09
111,101,0.871094,0.792969,1,0,0,0,-1.52636e-09
112,101,0.878906,0.792969,1,0,0,0,-8.69463e-10
113,101,0.886719,0.792969,1,0,0,0,-4.89067e-10
114,101,0.894531,0.792969,1,0,0,0,-2.71669e-10
115,101,0.902344,0.792969,1,0,0,0,-1.49029e-10
116,101,0.910156,0.792969,1,0,0,0,-8.07319e-11
117,101,0.917969,0.792969,1,0,0,0,-4.31868e-11
118,101,0.925781,0.792969,1,0,0,0,-2.28084e-11
119,101,0.933594,0.792969,1,0,0,0,-1.19087e-11
120,101,0.941406,0.792969,1,0,0,0,-6.13909e-12
121,101,0.949219,0.792969,1,0,0,0,-3.11218e-12
122,101,0.957031,0.792969,1,0,0,0,-1.56319e-12
123,101,0.964844,0.792969,1,0,0,0,-7.81597e-13
124,101,0.972656,0.792969,1,0,0,0,-3.83693e-13
125,101,0.980469,0.792969,1,0,0,0,-1.84741e-13
126,101,0.988281,0.792969,1,0,0,0,-8.52651e-14
127,101,0.996094,0.792969,1,0,0,0,-2.84217e-14
0,102,0.00390625,0.800781,1,0,0,0,1.42109e-14
1,102,0.0117188,0.800781,1,0,0,0,5.68434e-14
2,102,0.0195312,0.800781,1,0,0,0,1.27898e-13
3,102,0.0273438,0.800781,1,0,0,0,2.41585e-13
4,102,0.0351562,0.800781,1,0,0,0,4.83169e-13
5,102,0.0429688,0.800781,1,0,0,0,9.80549e-13
6,102,0.0507812,0.800781,1,0,0,0,1.9611e-12
7,102,0.0585938,0.800781,1,0,0,0,3.86535e-12
8,102,0.0664062,0.800781,1,0,0,0,7.48912e-12
9,102,0.0742188,0.800781,1,0,0,0,1.43388e-11
10,102,0.0820312,0.800781,1,0,0,0,2.71569e-11
11,102,0.0898438,0.800781,1,0,0,0,5.07754e-11
12,102,0.0976562,0.800781,1,0,0,0,9.37064e-11
13,102,0.105469,0.800781,1,0,0,0,1.70829e-10
14,102,0.113281,0.800781,1,0,0,0,3.07566e-10
15,102,0.121094,0.800781,1,0,0,0,5.46763e-10
16,102,0.128906,0.800781,1,0,0,0,9.59844e-10
17,102,0.136719,0.800781,1,0,0,0,1.66393e-09
18,102,0.144531,0.800781,1,0,0,0,2.84834e-09
19,102,0.152344,0.800781,1,0,0,0,4.81452e-09
20,102,0.160156,0.800781,1,0,0,0,8.03551e-09
21,102,0.167969,0.800781,1,0,0,0,1.32424e-08
22,102,0.175781,0.800781,1,0,0,0,2.15474e-08
23,102,0.183594,0.800781,1,0,0,0,3.46171e-08
24,102,0.191406,0.800781,1,0,0,0,5.49087e-08
25,102,0.199219,0.800781,1,0,0,0,8.59869e-08
26,102,0.207031,0.800781,1,0,0,0,1.32938e-07
27,102,0.214844,0.800781,1,0,0,0,2.02898e-07
28,102,0.222656,0.800781,1,0,0,0,3.05702e-07
29,102,0.230469,0.800781,1,0,0,0,4.54667e-07
30,102,0.238281,0.800781,1,0,0,0,6.67488e-07
31,102,0.246094,0.800781,1,0,0,0,9.6722e-07
32,102,0.253906,0.800781,1,0,0,0,1.3833e-06
33,102,0.261719,0.800781,1,0,0,0,1.95248e-06
34,102,0.269531,0.800781,1,0,0,0,2.71964e-06
35,102,0.277344,0.800781,1,0,0,0,3.73814e-06
36,102,0.285156,0.800781,1,0,0,0,5.06973e-06
37,102,0.292969,0.800781,1,0,0,0,6.78357e-06
38,102,0.300781,0.800781,1,0,0,0,8.95433e-06
39,102,0.308594,0.800781,1,0,0,0,1.16589e-05
40,102,0.316406,0.800781,1,0,0,0,1.4972e-05
41,102,0.324219,0.800781,1,0,0,0,1.89599e-05
42,102,0.332031,0.800781,1,0,0,0,2.36729e-05
43,102,0.339844,0.800781,1,0,0,0,2.91371e-05
44,102,0.347656,0.800781,1,0,0,0,3.53448e-05
45,102,0.355469,0.800781,1,0,0,0,4.22456e-05
46,102,0.363281,0.800781,1,0,0,0,4.97379e-05
47,102,0.371094,0.800781,1,0,0,0,5.76623e-05
48,102,0.378906,0.800781,1,0,0,0,6.57989e-05
49,102,0.386719,0.800781,1,0,0,0,7.38676e-05
50,102,0.394531,0.800781,1,0,0,0,8.15339e-05
51,102,0.402344,0.800781,1,0,0,0,8.84206e-05
52,102,0.410156,0.800781,1.00001,0,0,0,9.41239e-05
53,102,0.417969,0.800781,1.00001,0,0,0,9.8236e-05
54,102,0.425781,0.800781,1.00001,0,0,0,0.00010037
55,102,0.433594,0.800781,1.00001,0,0,0,0.000100189
56,102,0.441406,0.800781,1.00001,0,0,0,9.74315e-05
57,102,0.449219,0.800781,1.00001,0,0,0,9.19413e-05
58,102,0.457031,0.800781,1.00001,0,0,0,8.36834e-05
59,102,0.464844,0.800781,1.00001,0,0,0,7.27593e-05
60,102,0.472656,0.800781,1.00001,0,0,0,5.94106e-05
61,102,0.480469,0.800781,1.00001,0,0,0,4.40124e-05
62,102,0.488281,0.800781,1.00001,0,0,0,2.70574e-05
63,102,0.496094,0.800781,1.00001,0,0,0,9.12946e-06
64,102,0.503906,0.800781,1.00001,0,0,0,-9.12946e-06
65,102,0.511719,0.800781,1.00001,0,0,0,-2.70574e-05
66,102,0.519531,0.800781,1.00001,0,0,0,-4.40124e-05
67,102,0.527344,0.800781,1.00001,0,0,0,-5.94106e-05
68,102,0.535156,0.800781,1.00001,0,0,0,-7.27593e-05
69,102,0.542969,0.800781,1.00001,0,0,0,-8.36834e-05
70,102,0.550781,0.800781,1.00001,0,0,0,-9.19413e-05
71,102,0.558594,0.800781,1.00001,0,0,0,-9.74315e-05
72,102,0.566406,0.800781,1.00001,0,0,0,-0.000100189
73,102,0.574219,0.800781,1.00001,0,0,0,-0.00010037
74,102,0.582031,0.800781,1.00001,0,0,0,-9.8236e-05
75,102,0.589844,0.800781,1.00001,0,0,0,-9.41239e-05
76,102,0.597656,0.800781,1,0,0,0,-8.84206e-05
77,102,0.605469,0.800781,1,0,0,0,-8.15339e-05
78,102,0.613281,0.800781,1,0,0,0,-7.38676e-05
79,102,0.621094,0.800781,1,0,0,0,-6.57989e-05
80,102,0.628906,0.800781,1,0,0,0,-5.76623e-05
81,102,0.636719,0.800781,1,0,0,0,-4.97379e-05
82,102,0.644531,0.800781,1,0,0,0,-4.22456e-05
83,102,0.652344,0.800781,1,0,0,0,-3.53448e-05
84,102,0.660156,0.800781,1,0,0,0,-2.91371e-05
85,102,0.667969,0.800781,1,0,0,0,-2.36729e-05
86,102,0.675781,0.800781,1,0,0,0,-1.89599e-05
87,102,0.683594,0.800781,1,0,0,0,-1.4972e-05
88,102,0.691406,0.800781,1,0,0,0,-1.16589e-05
89,102,0.699219,0.800781,1,0,0,0,-8.95433e-06
90,102,0.707031,0.800781,1,0,0,0,-6.78357e-06
91,102,0.714844,0.800781,1,0,0,0,-5.06973e-06
92,102,0.722656,0.800781,1,0,0,0,-3.73814e-06
93,102,0.730469,0.800781,1,0,0,0,-2.71964e-06
94,102,0.738281,0.800781,1,0,0,0,-1.95248e-06
95,102,0.746094,0.800781,1,0,0,0,-1.3833e-06
96,102,0.753906,0.800781,1,0,0,0,-9.6722e-07
97,102,0.761719,0.800781,1,0,0,0,-6.67488e-07
98,102,0.769531,0.800781,1,0,0,0,-4.54667e-07
99,102,0.777344,0.800781,1,0,0,0,-3.05702e-07
100,102,0.785156,0.800781,1,0,0,0,-2.02898e-07
101,102,0.792969,0.800781,1,0,0,0,-1.32938e-07
102,102,0.800781,0.800781,1,0,0,0,-8.59869e-08
103,102,0.808594,0.800781,1,0,0,0,-5.49087e-08
104,102,0.816406,0.800781,1,0,0,0,-3.46171e-08
105,102,0.824219,0.800781,1,0,0,0,-2.15474e-08
106,102,0.832031,0.800781,1,0,0,0,-1.32424e-08
107,102,0.839844,0.800781,1,0,0,0,-8.03551e-09
108,102,0.847656,0.800781,1,0,0,0,-4.81452e-09
109,102,0.855469,0.800781,1,0,0,0,-2.84834e-09
110,102,0.863281,0.800781,1,0,0,0,-1.66393e-09
111,102,0.871094,0.800781,1,0,0,0,-9.59844e-10
112,102,0.878906,0.800781,1,0,0,0,-5.46763e-10
113,102,0.886719,0.800781,1,0,0,0,-3.07566e-10
114,102,0.894531,0.800781,1,0,0,0,-1.70829e-10
115,102,0.902344,0.800781,1,0,0,0,-9.37064e-11
116,102,0.910156,0.800781,1,0,0,0,-5.07754e-11
117,102,0.917969,0.800781,1,0,0,0,-2.71569e-11
118,102,0.925781,0.800781,1,0,0,0,-1.43388e-11
119,102,0.933594,0.800781,1,0,0,0,-7.48912e-12
120,102,0.941406,0.800781,1,0,0,0,-3.86535e-12
121,102,0.949219,0.800781,1,0,0,0,-1.9611e-12
122,102,0.957031,0.800781,1,0,0,0,-9.80549e-13
123,102,0.964844,0.800781,1,0,0,0,-4.83169e-13
124,102,0.972656,0.800781,1,0,0,0,-2.41585e-13
125,102,0.980469,0.800781,1,0,0,0,-1.27898e-13
126,102,0.988281,0.800781,1,0,0,0,-5.68434e-14
127,102,0.996094,0.800781,1,0,0,0,-1.42109e-14
0,103,0.00390625,0.808594,1,0,0,0,0
1,103,0.0117188,0.808594,1,0,0,0,2.84217e-14
2,103,0.0195312,0.808594,1,0,0,0,8.52651e-14
3,103,0.0273438,0.808594,1,0,0,0,1.56319e-13
4,103,0.0351562,0.808594,1,0,0,0,2.98428e-13
5,103,0.0429688,0.808594,1,0,0,0,6.11067e-13
6,103,0.0507812,0.808594,1,0,0,0,1.22213e-12
7,103,0.0585938,0.808594,1,0,0,0,2.38742e-12
8,103,0.0664062,0.808594,1,0,0,0,4.64695e-12
9,103,0.0742188,0.808594,1,0,0,0,8.92442e-12
10,103,0.0820312,0.808594,1,0,0,0,1.68683e-11
11,103,0.0898438,0.808594,1,0,0,0,3.15339e-11
12,103,0.0976562,0.808594,1,0,0,0,5.82219e-11
13,103,0.105469,0.808594,1,0,0,0,1.06127e-10
14,103,0.113281,0.808594,1,0,0,0,1.91051e-10
15,103,0.121094,0.808594,1,0,0,0,3.39654e-10
16,103,0.128906,0.808594,1,0,0,0,5.96273e-10
17,103,0.136719,0.808594,1,0,0,0,1.03367e-09
18,103,0.144531,0.808594,1,0,0,0,1.76944e-09
19,103,0.152344,0.808594,1,0,0,0,2.99086e-09
20,103,0.160156,0.808594,1,0,0,0,4.9918e-09
21,103,0.167969,0.808594,1,0,0,0,8.22638e-09
22,103,0.175781,0.808594,1,0,0,0,1.33856e-08
23,103,0.183594,0.808594,1,0,0,0,2.15047e-08
24,103,0.191406,0.808594,1,0,0,0,3.41102e-08
25,103,0.199219,0.808594,1,0,0,0,5.34166e-08
26,103,0.207031,0.808594,1,0,0,0,8.25835e-08
27,103,0.214844,0.808594,1,0,0,0,1.26044e-07
28,103,0.222656,0.808594,1,0,0,0,1.89907e-07
29,103,0.230469,0.808594,1,0,0,0,2.82447e-07
30,103,0.238281,0.808594,1,0,0,0,4.14655e-07
31,103,0.246094,0.808594,1,0,0,0,6.00854e-07
32,103,0.253906,0.808594,1,0,0,0,8.59328e-07
33,103,0.261719,0.808594,1,0,0,0,1.21292e-06
34,103,0.269531,0.808594,1,0,0,0,1.68949e-06
35,103,0.277344,0.808594,1,0,0,0,2.3222e-06
36,103,0.285156,0.808594,1,0,0,0,3.1494e-06
37,103,0.292969,0.808594,1,0,0,0,4.21407e-06
38,103,0.300781,0.808594,1,0,0,0,5.56259e-06
39,103,0.308594,0.808594,1,0,0,0,7.24274e-06
40,103,0.316406,0.808594,1,0,0,0,9.30089e-06
41,103,0.324219,0.808594,1,0,0,0,1.17782e-05
42,103,0.332031,0.808594,1,0,0,0,1.4706e-05
43,103,0.339844,0.808594,1,0,0,0,1.81004e-05
44,103,0.347656,0.808594,1,0,0,0,2.19568e-05
45,103,0.355469,0.808594,1,0,0,0,2.62437e-05
46,103,0.363281,0.808594,1,0,0,0,3.0898e-05
47,103,0.371094,0.808594,1,0,0,0,3.58208e-05
48,103,0.378906,0.808594,1,0,0,0,4.08754e-05
49,103,0.386719,0.808594,1,0,0,0,4.58878e-05
50,103,0.394531,0.808594,1,0,0,0,5.06503e-05
51,103,0.402344,0.808594,1,0,0,0,5.49284e-05
52,103,0.410156,0.808594,1,0,0,0,5.84714e-05
53,103,0.417969,0.808594,1,0,0,0,6.10259e-05
54,103,0.425781,0.808594,1,0,0,0,6.23516e-05
55,103,0.433594,0.808594,1,0,0,0,6.22389e-05
56,103,0.441406,0.808594,1.00001,0,0,0,6.05262e-05
57,103,0.449219,0.808594,1.00001,0,0,0,5.71156e-05
58,103,0.457031,0.808594,1.00001,0,0,0,5.19856e-05
59,103,0.464844,0.808594,1.00001,0,0,0,4.51994e-05
60,103,0.472656,0.808594,1.00001,0,0,0,3.69069e-05
61,103,0.480469,0.808594,1.00001,0,0,0,2.73413e-05
62,103,0.488281,0.808594,1.00001,0,0,0,1.68085e-05
63,103,0.496094,0.808594,1.00001,0,0,0,5.67138e-06
64,103,0.503906,0.808594,1.00001,0,0,0,-5.67138e-06
65,103,0.511719,0.808594,1.00001,0,0,0,-1.68085e-05
66,103,0.519531,0.808594,1.00001,0,0,0,-2.73413e-05
67,103,0.527344,0.808594,1.00001,0,0,0,-3.69069e-05
68,103,0.535156,0.808594,1.00001,0,0,0,-4.51994e-05
69,103,0.542969,0.808594,1.00001,0,0,0,-5.19856e-05
70,103,0.550781,0.808594,1.00001,0,0,0,-5.71156e-05
71,103,0.558594,0.808594,1.00001,0,0,0,-6.05262e-05
72,103,0.566406,0.808594,1,0,0,0,-6.22389e-05
73,103,0.574219,0.808594,1,0,0,0,-6.23516e-05
74,103,0.582031,0.808594,1,0,0,0,-6.10259e-05
75,103,0.589844,0.808594,1,0,0,0,-5.84714e-05
76,103,0.597656,0.808594,1,0,0,0,-5.49284e-05
77,103,0.605469,0.808594,1,0,0,0,-5.06503e-05
78,103,0.613281,0.808594,1,0,0,0,-4.58878e-05
79,103,0.621094,0.808594,1,0,0,0,-4.08754e-05
80,103,0.628906,0.808594,1,0,0,0,-3.58208e-05
81,103,0.636719,0.808594,1,0,0,0,-3.0898e-05
82,103,0.644531,0.808594,1,0,0,0,-2.62437e-05
83,103,0.652344,0.808594,1,0,0,0,-2.19568e-05
84,103,0.660156,0.808594,1,0,0,0,-1.81004e-05
85,103,0.667969,0.808594,1,0,0,0,-1.4706e-05
86,103,0.675781,0.808594,1,0,0,0,-1.17782e-05
87,103,0.683594,0.808594,1,0,0,0,-9.30089e-06
88,103,0.691406,0.808594,1,0,0,0,-7.24274e-06
89,103,0.699219,0.808594,1,0,0,0,-5.56259e-06
90,103,0.707031,0.808594,1,0,0,0,-4.21407e-06
91,103,0.714844,0.808594,1,0,0,0,-3.1494e-06
92,103,0.722656,0.808594,1,0,0,0,-2.3222e-06
93,103,0.730469,0.808594,1,0,0,0,-1.68949e-06
94,103,0.738281,0.808594,1,0,0,0,-1.21292e-06
95,103,0.746094,0.808594,1,0,0,0,-8.59328e-07
96,103,0.753906,0.808594,1,0,0,0,-6.00854e-07
97,103,0.761719,0.808594,1,0,0,0,-4.14655e-07
98,103,0.769531,0.808594,1,0,0,0,-2.82447e-07
99,103,0.777344,0.808594,1,0,0,0,-1.89907e-07
100,103,0.785156,0.808594,1,0,0,0,-1.26044e-07
101,103,0.792969,0.808594,1,0,0,0,-8.25835e-08
102,103,0.800781,0.808594,1,0,0,0,-5.34166e-08
103,103,0.808594,0.808594,1,0,0,0,-3.41102e-08
104,103,0.816406,0.808594,1,0,0,0,-2.15047e-08
105,103,0.824219,0.808594,1,0,0,0,-1.33856e-08
106,103,0.832031,0.808594,1,0,0,0,-8.22638e-09
107,103,0.839844,0.808594,1,0,0,0,-4.9918e-09
108,103,0.847656,0.808594,1,0,0,0,-2.99086e-09
109,103,0.855469,0.808594,1,0,0,0,-1.76944e-09
110,103,0.863281,0.808594,1,0,0,0,-1.03367e-09
111,103,0.871094,0.808594,1,0,0,0,-5.96273e-10
112,103,0.878906,0.808594,1,0,0,0,-3.39654e-10
113,103,0.886719,0.808594,1,0,0,0,-1.91051e-10
114,103,0.894531,0.808594,1,0,0,0,-1.06127e-10
115,103,0.902344,0.808594,1,0,0,0,-5.82219e-11
116,103,0.910156,0.808594,1,0,0,0,-3.15339e-11
117,103,0.917969,0.808594,1,0,0,0,-1.68683e-11
118,103,0.925781,0.808594,1,0,0,0,-8.92442e-12
119,103,0.933594,0.808594,1,0,0,0,-4.64695e-12
120,103,0.941406,0.808594,1,0,0,0,-2.38742e-12
121,103,0.949219,0.808594,1,0,0,0,-1.22213e-12
122,103,0.957031,0.808594,1,0,0,0,-6.11067e-13
123,103,0.964844,0.808594,1,0,0,0,-2.98428e-13
124,103,0.972656,0.808594,1,0,0,0,-1.56319e-13
125,103,0.980469,0.808594,1,0,0,0,-8.52651e-14
126,103,0.988281,0.808594,1,0,0,0,-2.84217e-14
127,103,0.996094,0.808594,1,0,0,0,0
0,104,0.00390625,0.816406,1,0,0,0,1.42109e-14
1,104,0.0117188,0.816406,1,0,0,0,2.84217e-14
2,104,0.0195312,0.816406,1,0,0,0,4.26326e-14
3,104,0.0273438,0.816406,1,0,0,0,8.52651e-14
4,104,0.0351562,0.816406,1,0,0,0,1.84741e-13
5,104,0.0429688,0.816406,1,0,0,0,3.83693e-13
6,104,0.0507812,0.816406,1,0,0,0,7.53175e-13
7,104,0.0585938,0.816406,1,0,0,0,1.46372e-12
8,104,0.0664062,0.816406,1,0,0,0,2.85638e-12
9,104,0.0742188,0.816406,1,0,0,0,5.47118e-12
10,104,0.0820312,0.816406,1,0,0,0,1.03455e-11
11,104,0.0898438,0.816406,1,0,0,0,1.93552e-11
12,104,0.0976562,0.816406,1,0,0,0,3.57261e-11
13,104,0.105469,0.816406,1,0,0,0,6.51283e-11
14,104,0.113281,0.816406,1,0,0,0,1.17254e-10
15,104,0.121094,0.816406,1,0,0,0,2.08445e-10
16,104,0.128906,0.816406,1,0,0,0,3.65915e-10
17,104,0.136719,0.816406,1,0,0,0,6.34344e-10
18,104,0.144531,0.816406,1,0,0,0,1.08587e-09
19,104,0.152344,0.816406,1,0,0,0,1.83543e-09
20,104,0.160156,0.816406,1,0,0,0,3.06338e-09
21,104,0.167969,0.816406,1,0,0,0,5.04836e-09
22,104,0.175781,0.816406,1,0,0,0,8.21449e-09
23,104,0.183594,0.816406,1,0,0,0,1.3197e-08
24,104,0.191406,0.816406,1,0,0,0,2.09328e-08
25,104,0.199219,0.816406,1,0,0,0,3.27807e-08
26,104,0.207031,0.816406,1,0,0,0,5.06799e-08
27,104,0.214844,0.816406,1,0,0,0,7.73505e-08
28,104,0.222656,0.816406,1,0,0,0,1.16542e-07
29,104,0.230469,0.816406,1,0,0,0,1.73332e-07
30,104,0.238281,0.816406,1,0,0,0,2.54466e-07
31,104,0.246094,0.816406,1,0,0,0,3.68732e-07
32,104,0.253906,0.816406,1,0,0,0,5.27353e-07
33,104,0.261719,0.816406,1,0,0,0,7.44343e-07
34,104,0.269531,0.816406,1,0,0,0,1.0368e-06
35,104,0.277344,0.816406,1,0,0,0,1.42509e-06
36,104,0.285156,0.816406,1,0,0,0,1.93273e-06
37,104,0.292969,0.816406,1,0,0,0,2.58609e-06
38,104,0.300781,0.816406,1,0,0,0,3.41365e-06
39,104,0.308594,0.816406,1,0,0,0,4.44473e-06
40,104,0.316406,0.816406,1,0,0,0,5.70778e-06
41,104,0.324219,0.816406,1,0,0,0,7.22805e-06
42,104,0.332031,0.816406,1,0,0,0,9.02478e-06
43,104,0.339844,0.816406,1,0,0,0,1.11079e-05
44,104,0.347656,0.816406,1,0,0,0,1.34745e-05
45,104,0.355469,0.816406,1,0,0,0,1.61053e-05
46,104,0.363281,0.816406,1,0,0,0,1.89615e-05
47,104,0.371094,0.816406,1,0,0,0,2.19825e-05
48,104,0.378906,0.816406,1,0,0,0,2.50844e-05
49,104,0.386719,0.816406,1,0,0,0,2.81604e-05
50,104,0.394531,0.816406,1,0,0,0,3.10831e-05
51,104,0.402344,0.816406,1,0,0,0,3.37085e-05
52,104,0.410156,0.816406,1,0,0,0,3.58828e-05
53,104,0.417969,0.816406,1,0,0,0,3.74504e-05
54,104,0.425781,0.816406,1,0,0,0,3.82639e-05
55,104,0.433594,0.816406,1,0,0,0,3.81948e-05
56,104,0.441406,0.816406,1,0,0,0,3.71437e-05
57,104,0.449219,0.816406,1,0,0,0,3.50507e-05
58,104,0.457031,0.816406,1,0,0,0,3.19025e-05
59,104,0.464844,0.816406,1,0,0,0,2.7738e-05
60,104,0.472656,0.816406,1,0,0,0,2.2649e-05
61,104,0.480469,0.816406,1,0,0,0,1.67788e-05
62,104,0.488281,0.816406,1,0,0,0,1.03151e-05
63,104,0.496094,0.816406,1,0,0,0,3.48041e-06
64,104,0.503906,0.816406,1,0,0,0,-3.48041e-06
65,104,0.511719,0.816406,1,0,0,0,-1.03151e-05
66,104,0.519531,0.816406,1,0,0,0,-1.67788e-05
67,104,0.527344,0.816406,1,0,0,0,-2.2649e-05
68,104,0.535156,0.816406,1,0,0,0,-2.7738e-05
69,104,0.542969,0.816406,1,0,0,0,-3.19025e-05
70,104,0.550781,0.816406,1,0,0,0,-3.50507e-05
71,104,0.558594,0.816406,1,0,0,0,-3.71437e-05
72,104,0.566406,0.816406,1,0,0,0,-3.81948e-05
73,104,0.574219,0.816406,1,0,0,0,-3.82639e-05
74,104,0.582031,0.816406,1,0,0,0,-3.74504e-05
75,104,0.589844,0.816406,1,0,0,0,-3.58828e-05
76,104,0.597656,0.816406,1,0,0,0,-3.37085e-05
77,104,0.605469,0.816406,1,0,0,0,-3.10831e-05
78,104,0.613281,0.816406,1,0,0,0,-2.81604e-05
79,104,0.621094,0.816406,1,0,0,0,-2.50844e-05
80,104,0.628906,0.816406,1,0,0,0,-2.19825e-05
81,104,0.636719,0.816406,1,0,0,0,-1.89615e-05
82,104,0.644531,0.816406,1,0,0,0,-1.61053e-05
83,104,0.652344,0.816406,1,0,0,0,-1.34745e-05
84,104,0.660156,0.816406,1,0,0,0,-1.11079e-05
85,104,0.667969,0.816406,1,0,0,0,-9.02478e-06
86,104,0.675781,0.816406,1,0,0,0,-7.22805e-06
87,104,0.683594,0.816406,1,0,0,0,-5.70778e-06
88,104,0.691406,0.816406,1,0,0,0,-4.44473e-06
89,104,0.699219,0.816406,1,0,0,0,-3.41365e-06
90,104,0.707031,0.816406,1,0,0,0,-2.58609e-06
91,104,0.714844,0.816406,1,0,0,0,-1.93273e-06
92,104,0.722656,0.816406,1,0,0,0,-1.42509e-06
93,104,0.730469,0.816406,1,0,0,0,-1.0368e-06
94,104,0.738281,0.816406,1,0,0,0,-7.44343e-07
95,104,0.746094,0.816406,1,0,0,0,-5.27353e-07
96,104,0.753906,0.816406,1,0,0,0,-3.68732e-07
97,104,0.761719,0.816406,1,0,0,0,-2.54466e-07
98,104,0.769531,0.816406,1,0,0,0,-1.73332e-07
99,104,0.777344,0.816406,1,0,0,0,-1.16542e-07
100,104,0.785156,0.816406,1,0,0,0,-7.73505e-08
101,104,0.792969,0.816406,1,0,0,0,-5.06799e-08
102,104,0.800781,0.816406,1,0,0,0,-3.27807e-08
103,104,0.808594,0.816406,1,0,0,0,-2.09328e-08
104,104,0.816406,0.816406,1,0,0,0,-1.3197e-08
105,104,0.824219,0.816406,1,0,0,0,-8.21449e-09
106,104,0.832031,0.816406,1,0,0,0,-5.04836e-09
107,104,0.839844,0.816406,1,0,0,0,-3.06338e-09
108,104,0.847656,0.816406,1,0,0,0,-1.83543e-09
109,104,0.855469,0.816406,1,0,0,0,-1.08587e-09
110,104,0.863281,0.816406,1,0,0,0,-6.34344e-10
111,104,0.871094,0.816406,1,0,0,0,-3.65915e-10
112,104,0.878906,0.816406,1,0,0,0,-2.08445e-10
113,104,0.886719,0.816406,1,0,0,0,-1.17254e-10
114,104,0.894531,0.816406,1,0,0,0,-6.51283e-11
115,104,0.902344,0.816406,1,0,0,0,-3.57261e-11
116,104,0.910156,0.816406,1,0,0,0,-1.93552e-11
117,104,0.917969,0.816406,1,0,0,0,-1.03455e-11
118,104,0.925781,0.816406,1,0,0,0,-5.47118e-12
119,104,0.933594,0.816406,1,0,0,0,-2.85638e-12
120,104,0.941406,0.816406,1,0,0,0,-1.46372e-12
121,104,0.949219,0.816406,1,0,0,0,-7.53175e-13
122,104,0.957031,0.816406,1,0,0,0,-3.83693e-13
123,104,0.964844,0.816406,1,0,0,0,-1.84741e-13
124,104,0.972656,0.816406,1,0,0,0,-8.52651e-14
125,104,0.980469,0.816406,1,0,0,0,-4.26326e-14
126,104,0.988281,0.816406,1,0,0,0,-2.84217e-14
127,104,0.996094,0.816406,1,0,0,0,-1.42109e-14
0,105,0.00390625,0.824219,1,0,0,0,1.42109e-14
1,105,0.0117188,0.824219,1,0,0,0,1.42109e-14
2,105,0.0195312,0.824219,1,0,0,0,1.42109e-14
3,105,0.0273438,0.824219,1,0,0,0,5.68434e-14
4,105,0.0351562,0.824219,1,0,0,0,1.13687e-13
5,105,0.0429688,0.824219,1,0,0,0,2.27374e-13
6,105,0.0507812,0.824219,1,0,0,0,4.54747e-13
7,105,0.0585938,0.824219,1,0,0,0,8.95284e-13
8,105,0.0664062,0.824219,1,0,0,0,1.73372e-12
9,105,0.0742188,0.824219,1,0,0,0,3.31113e-12
10,105,0.0820312,0.824219,1,0,0,0,6.2812e-12
11,105,0.0898438,0.824219,1,0,0,0,1.17382e-11
12,105,0.0976562,0.824219,1,0,0,0,2.16573e-11
13,105,0.105469,0.824219,1,0,0,0,3.94778e-11
14,105,0.113281,0.824219,1,0,0,0,7.10827e-11
15,105,0.121094,0.824219,1,0,0,0,1.26363e-10
16,105,0.128906,0.824219,1,0,0,0,2.21831e-10
17,105,0.136719,0.824219,1,0,0,0,3.8456e-10
18,105,0.144531,0.824219,1,0,0,0,6.58289e-10
19,105,0.152344,0.824219,1,0,0,0,1.11271e-09
20,105,0.160156,0.824219,1,0,0,0,1.85712e-09
21,105,0.167969,0.824219,1,0,0,0,3.06049e-09
22,105,0.175781,0.824219,1,0,0,0,4.97991e-09
23,105,0.183594,0.824219,1,0,0,0,8.0005e-09
24,105,0.191406,0.824219,1,0,0,0,1.26902e-08
25,105,0.199219,0.824219,1,0,0,0,1.98728e-08
26,105,0.207031,0.824219,1,0,0,0,3.07239e-08
27,105,0.214844,0.824219,1,0,0,0,4.68925e-08
28,105,0.222656,0.824219,1,0,0,0,7.0652e-08
29,105,0.230469,0.824219,1,0,0,0,1.0508e-07
30,105,0.238281,0.824219,1,0,0,0,1.54266e-07
31,105,0.246094,0.824219,1,0,0,0,2.23538e-07
32,105,0.253906,0.824219,1,0,0,0,3.19699e-07
33,105,0.261719,0.824219,1,0,0,0,4.51246e-07
34,105,0.269531,0.824219,1,0,0,0,6.28547e-07
35,105,0.277344,0.824219,1,0,0,0,8.63937e-07
36,105,0.285156,0.824219,1,0,0,0,1.17169e-06
37,105,0.292969,0.824219,1,0,0,0,1.56778e-06
38,105,0.300781,0.824219,1,0,0,0,2.06947e-06
39,105,0.308594,0.824219,1,0,0,0,2.69455e-06
40,105,0.316406,0.824219,1,0,0,0,3.46025e-06
41,105,0.324219,0.824219,1,0,0,0,4.38189e-06
42,105,0.332031,0.824219,1,0,0,0,5.47113e-06
43,105,0.339844,0.824219,1,0,0,0,6.73398e-06
44,105,0.347656,0.824219,1,0,0,0,8.16868e-06
45,105,0.355469,0.824219,1,0,0,0,9.76356e-06
46,105,0.363281,0.824219,1,0,0,0,1.14951e-05
47,105,0.371094,0.824219,1,0,0,0,1.33266e-05
48,105,0.378906,0.824219,1,0,0,0,1.52071e-05
49,105,0.386719,0.824219,1,0,0,0,1.70718e-05
50,105,0.394531,0.824219,1,0,0,0,1.88436e-05
51,105,0.402344,0.824219,1,0,0,0,2.04352e-05
52,105,0.410156,0.824219,1,0,0,0,2.17534e-05
53,105,0.417969,0.824219,1,0,0,0,2.27037e-05
54,105,0.425781,0.824219,1,0,0,0,2.31969e-05
55,105,0.433594,0.824219,1,0,0,0,2.3155e-05
56,105,0.441406,0.824219,1,0,0,0,2.25178e-05
57,105,0.449219,0.824219,1,0,0,0,2.12489e-05
58,105,0.457031,0.824219,1,0,0,0,1.93404e-05
59,105,0.464844,0.824219,1,0,0,0,1.68157e-05
60,105,0.472656,0.824219,1,0,0,0,1.37306e-05
61,105,0.480469,0.824219,1,0,0,0,1.01719e-05
62,105,0.488281,0.824219,1,0,0,0,6.25335e-06
63,105,0.496094,0.824219,1,0,0,0,2.10995e-06
64,105,0.503906,0.824219,1,0,0,0,-2.10995e-06
65,105,0.511719,0.824219,1,0,0,0,-6.25335e-06
66,105,0.519531,0.824219,1,0,0,0,-1.01719e-05
67,105,0.527344,0.824219,1,0,0,0,-1.37306e-05
68,105,0.535156,0.824219,1,0,0,0,-1.68157e-05
69,105,0.542969,0.824219,1,0,0,0,-1.93404e-05
70,105,0.550781,0.824219,1,0,0,0,-2.12489e-05
71,105,0.558594,0.824219,1,0,0,0,-2.25178e-05
72,105,0.566406,0.824219,1,0,0,0,-2.3155e-05
73,105,0.574219,0.824219,1,0,0,0,-2.31969e-05
74,105,0.582031,0.824219,1,0,0,0,-2.27037e-05
75,105,0.589844,0.824219,1,0,0,0,-2.17534e-05
76,105,0.597656,0.824219,1,0,0,0,-2.04352e-05
77,105,0.605469,0.824219,1,0,0,0,-1.88436e-05
78,105,0.613281,0.824219,1,0,0,0,-1.70718e-05
79,105,0.621094,0.824219,1,0,0,0,-1.52071e-05
80,105,0.628906,0.824219,1,0,0,0,-1.33266e-05
81,105,0.636719,0.824219,1,0,0,0,-1.14951e-05
82,105,0.644531,0.824219,1,0,0,0,-9.76356e-06
83,105,0.652344,0.824219,1,0,0,0,-8.16868e-06
84,105,0.660156,0.824219,1,0,0,0,-6.73398e-06
85,105,0.667969,0.824219,1,0,0,0,-5.47113e-06
86,105,0.675781,0.824219,1,0,0,0,-4.38189e-06
87,105,0.683594,0.824219,1,0,0,0,-3.46025e-06
88,105,0.691406,0.824219,1,0,0,0,-2.69455e-06
89,105,0.699219,0.824219,1,0,0,0,-2.06947e-06
90,105,0.707031,0.824219,1,0,0,0,-1.56778e-06
91,105,0.714844,0.824219,1,0,0,0,-1.17169e-06
92,105,0.722656,0.824219,1,0,0,0,-8.63937e-07
93,105,0.730469,0.824219,1,0,0,0,-6.28547e-07
94,105,0.738281,0.824219,1,0,0,0,-4.51246e-07
95,105,0.746094,0.824219,1,0,0,0,-3.19699e-07
96,105,0.753906,0.824219,1,0,0,0,-2.23538e-07
97,105,0.761719,0.824219,1,0,0,0,-1.54266e-07
98,105,0.769531,0.824219,1,0,0,0,-1.0508e-07
99,105,0.777344,0.824219,1,0,0,0,-7.0652e-08
100,105,0.785156,0.824219,1,0,0,0,-4.68925e-08
101,105,0.792969,0.824219,1,0,0,0,-3.07239e-08
102,105,0.800781,0.824219,1,0,0,0,-1.98728e-08
103,105,0.808594,0.824219,1,0,0,0,-1.26902e-08
104,105,0.816406,0.824219,1,0,0,0,-8.0005e-09
105,105,0.824219,0.824219,1,0,0,0,-4.97991e-09
106,105,0.832031,0.824219,1,0,0,0,-3.06049e-09
107,105,0.839844,0.824219,1,0,0,0,-1.85712e-09
108,105,0.847656,0.824219,1,0,0,0,-1.11271e-09
109,105,0.855469,0.824219,1,0,0,0,-6.58289e-10
110,105,0.863281,0.824219,1,0,0,0,-3.8456e-10
111,105,0.871094,0.824219,1,0,0,0,-2.21831e-10
112,105,0.878906,0.824219,1,0,0,0,-1.26363e-10
113,105,0.886719,0.824219,1,0,0,0,-7.10827e-11
114,105,0.894531,0.824219,1,0,0,0,-3.94778e-11
115,105,0.902344,0.824219,1,0,0,0,-2.16573e-11
116,105,0.910156,0.824219,1,0,0,0,-1.17382e-11
117,105,0.917969,0.824219,1,0,0,0,-6.2812e-12
118,105,0.925781,0.824219,1,0,0,0,-3.31113e-12
119,105,0.933594,0.824219,1,0,0,0,-1.73372e-12
120,105,0.941406,0.824219,1,0,0,0,-8.95284e-13
121,105,0.949219,0.824219,1,0,0,0,-4.54747e-13
122,105,0.957031,0.824219,1,0,0,0,-2.27374e-13
123,105,0.964844,0.824219,1,0,0,0,-1.13687e-13
124,105,0.972656,0.824219,1,0,0,0,-5.68434e-14
125,105,0.980469,0.824219,1,0,0,0,-1.42109e-14
126,105,0.988281,0.824219,1,0,0,0,-1.42109e-14
127,105,0.996094,0.824219,1,0,0,0,-1.42109e-14
0,106,0.00390625,0.832031,1,0,0,0,0
1,106,0.0117188,0.832031,1,0,0,0,1.42109e-14
2,106,0.0195312,0.832031,1,0,0,0,1.42109e-14
3,106,0.0273438,0.832031,1,0,0,0,2.84217e-14
4,106,0.0351562,0.832031,1,0,0,0,7.10543e-14
5,106,0.0429688,0.832031,1,0,0,0,1.42109e-13
6,106,0.0507812,0.832031,1,0,0,0,2.70006e-13
7,106,0.0585938,0.832031,1,0,0,0,5.25802e-13
8,106,0.0664062,0.832031,1,0,0,0,1.03739e-12
9,106,0.0742188,0.832031,1,0,0,0,1.98952e-12
10,106,0.0820312,0.832031,1,0,0,0,3.76588e-12
11,106,0.0898438,0.832031,1,0,0,0,7.02016e-12
12,106,0.0976562,0.832031,1,0,0,0,1.29745e-11
13,106,0.105469,0.832031,1,0,0,0,2.36469e-11
14,106,0.113281,0.832031,1,0,0,0,4.25615e-11
15,106,0.121094,0.832031,1,0,0,0,7.5687e-11
16,106,0.128906,0.832031,1,0,0,0,1.32857e-10
17,106,0.136719,0.832031,1,0,0,0,2.30301e-10
18,106,0.144531,0.832031,1,0,0,0,3.94238e-10
19,106,0.152344,0.832031,1,0,0,0,6.66375e-10
20,106,0.160156,0.832031,1,0,0,0,1.11218e-09
21,106,0.167969,0.832031,1,0,0,0,1.83286e-09
22,106,0.175781,0.832031,1,0,0,0,2.98236e-09
23,106,0.183594,0.832031,1,0,0,0,4.79133e-09
24,106,0.191406,0.832031,1,0,0,0,7.59988e-09
25,106,0.199219,0.832031,1,0,0,0,1.19014e-08
26,106,0.207031,0.832031,1,0,0,0,1.83999e-08
27,106,0.214844,0.832031,1,0,0,0,2.8083e-08
28,106,0.222656,0.832031,1,0,0,0,4.2312e-08
29,106,0.230469,0.832031,1,0,0,0,6.29302e-08
30,106,0.238281,0.832031,1,0,0,0,9.23866e-08
31,106,0.246094,0.832031,1,0,0,0,1.33872e-07
32,106,0.253906,0.832031,1,0,0,0,1.91461e-07
33,106,0.261719,0.832031,1,0,0,0,2.70242e-07
34,106,0.269531,0.832031,1,0,0,0,3.76424e-07
35,106,0.277344,0.832031,1,0,0,0,5.17394e-07
36,106,0.285156,0.832031,1,0,0,0,7.01698e-07
37,106,0.292969,0.832031,1,0,0,0,9.38911e-07
38,106,0.300781,0.832031,1,0,0,0,1.23936e-06
39,106,0.308594,0.832031,1,0,0,0,1.61371e-06
40,106,0.316406,0.832031,1,0,0,0,2.07227e-06
41,106,0.324219,0.832031,1,0,0,0,2.62423e-06
42,106,0.332031,0.832031,1,0,0,0,3.27655e-06
43,106,0.339844,0.832031,1,0,0,0,4.03284e-06
44,106,0.347656,0.832031,1,0,0,0,4.89205e-06
45,106,0.355469,0.832031,1,0,0,0,5.84719e-06
46,106,0.363281,0.832031,1,0,0,0,6.88419e-06
47,106,0.371094,0.832031,1,0,0,0,7.98101e-06
48,106,0.378906,0.832031,1,0,0,0,9.10719e-06
49,106,0.386719,0.832031,1,0,0,0,1.0224e-05
50,106,0.394531,0.832031,1,0,0,0,1.12851e-05
51,106,0.402344,0.832031,1,0,0,0,1.22382e-05
52,106,0.410156,0.832031,1,0,0,0,1.30276e-05
53,106,0.417969,0.832031,1,0,0,0,1.35968e-05
54,106,0.425781,0.832031,1,0,0,0,1.38921e-05
55,106,0.433594,0.832031,1,0,0,0,1.3867e-05
56,106,0.441406,0.832031,1,0,0,0,1.34854e-05
57,106,0.449219,0.832031,1,0,0,0,1.27255e-05
58,106,0.457031,0.832031,1,0,0,0,1.15826e-05
59,106,0.464844,0.832031,1,0,0,0,1.00706e-05
60,106,0.472656,0.832031,1,0,0,0,8.22298e-06
61,106,0.480469,0.832031,1,0,0,0,6.09173e-06
62,106,0.488281,0.832031,1,0,0,0,3.745e-06
63,106,0.496094,0.832031,1,0,0,0,1.2636e-06
64,106,0.503906,0.832031,1,0,0,0,-1.2636e-06
65,106,0.511719,0.832031,1,0,0,0,-3.745e-06
66,106,0.519531,0.832031,1,0,0,0,-6.09173e-06
67,106,0.527344,0.832031,1,0,0,0,-8.22298e-06
68,106,0.535156,0.832031,1,0,0,0,-1.00706e-05
69,106,0.542969,0.832031,1,0,0,0,-1.15826e-05
70,106,0.550781,0.832031,1,0,0,0,-1.27255e-05
71,106,0.558594,0.832031,1,0,0,0,-1.34854e-05
72,106,0.566406,0.832031,1,0,0,0,-1.3867e-05
73,106,0.574219,0.832031,1,0,0,0,-1.38921e-05
74,106,0.582031,0.832031,1,0,0,0,-1.35968e-05
75,106,0.589844,0.832031,1,0,0,0,-1.30276e-05
76,106,0.597656,0.832031,1,0,0,0,-1.22382e-05
77,106,0.605469,0.832031,1,0,0,0,-1.12851e-05
78,106,0.613281,0.832031,1,0,0,0,-1.0224e-05
79,106,0.621094,0.832031,1,0,0,0,-9.10719e-06
80,106,0.628906,0.832031,1,0,0,0,-7.98101e-06
81,106,0.636719,0.832031,1,0,0,0,-6.88419e-06
82,106,0.644531,0.832031,1,0,0,0,-5.84719e-06
83,106,0.652344,0.832031,1,0,0,0,-4.89205e-06
84,106,0.660156,0.832031,1,0,0,0,-4.03284e-06
85,106,0.667969,0.832031,1,0,0,0,-3.27655e-06
86,106,0.675781,0.832031,1,0,0,0,-2.62423e-06
87,106,0.683594,0.832031,1,0,0,0,-2.07227e-06
88,106,0.691406,0.832031,1,0,0,0,-1.61371e-06
89,106,0.699219,0.832031,1,0,0,0,-1.23936e-06
90,106,0.707031,0.832031,1,0,0,0,-9.38911e-07
91,106,0.714844,0.832031,1,0,0,0,-7.01698e-07
92,106,0.722656,0.832031,1,0,0,0,-5.17394e-07
93,106,0.730469,0.832031,1,0,0,0,-3.76424e-07
94,106,0.738281,0.832031,1,0,0,0,-2.70242e-07
95,106,0.746094,0.832031,1,0,0,0,-1.91461e-07
96,106,0.753906,0.832031,1,0,0,0,-1.33872e-07
97,106,0.761719,0.832031,1,0,0,0,-9.23866e-08
98,106,0.769531,0.832031,1,0,0,0,-6.29302e-08
99,106,0.777344,0.832031,1,0,0,0,-4.2312e-08
100,106,0.785156,0.832031,1,0,0,0,-2.8083e-08
101,106,0.792969,0.832031,1,0,0,0,-1.83999e-08
102,106,0.800781,0.832031,1,0,0,0,-1.19014e-08
103,106,0.808594,0.832031,1,0,0,0,-7.59988e-09
104,106,0.816406,0.832031,1,0,0,0,-4.79133e-09
105,106,0.824219,0.832031,1,0,0,0,-2.98236e-09
106,106,0.832031,0.832031,1,0,0,0,-1.83286e-09
107,106,0.839844,0.832031,1,0,0,0,-1.11218e-09
108,106,0.847656,0.832031,1,0,0,0,-6.66375e-10
109,106,0.855469,0.832031,1,0,0,0,-3.94238e-10
110,106,0.863281,0.832031,1,0,0,0,-2.30301e-10
111,106,0.871094,0.832031,1,0,0,0,-1.32857e-10
112,106,0.878906,0.832031,1,0,0,0,-7.5687e-11
113,106,0.886719,0.832031,1,0,0,0,-4.25615e-11
114,106,0.894531,0.832031,1,0,0,0,-2.36469e-11
115,106,0.902344,0.832031,1,0,0,0,-1.29745e-11
116,106,0.910156,0.832031,1,0,0,0,-7.02016e-12
117,106,0.917969,0.832031,1,0,0,0,-3.76588e-12
118,106,0.925781,0.832031,1,0,0,0,-1.98952e-12
119,106,0.933594,0.832031,1,0,0,0,-1.03739e-12
120,106,0.941406,0.832031,1,0,0,0,-5.25802e-13
121,106,0.949219,0.832031,1,0,0,0,-2.70006e-13
122,106,0.957031,0.832031,1,0,0,0,-1.42109e-13
123,106,0.964844,0.832031,1,0,0,0,-7.10543e-14
124,106,0.972656,0.832031,1,0,0,0,-2.84217e-14
125,106,0.980469,0.832031,1,0,0,0,-1.42109e-14
126,106,0.988281,0.832031,1,0,0,0,-1.42109e-14
127,106,0.996094,0.832031,1,0,0,0,0
0,107,0.00390625,0.839844,1,0,0,0,0
1,107,0.0117188,0.839844,1,0,0,0,0
2,107,0.0195312,0.839844,1,0,0,0,1.42109e-14
3,107,0.0273438,0.839844,1,0,0,0,2.84217e-14
4,107,0.0351562,0.839844,1,0,0,0,4.26326e-14
5,107,0.0429688,0.839844,1,0,0,0,7.10543e-14
6,107,0.0507812,0.839844,1,0,0,0,1.56319e-13
7,107,0.0585938,0.839844,1,0,0,0,3.2685e-13
8,107,0.0664062,0.839844,1,0,0,0,6.11067e-13
9,107,0.0742188,0.839844,1,0,0,0,1.16529e-12
10,107,0.0820312,0.839844,1,0,0,0,2.2311e-12
11,107,0.0898438,0.839844,1,0,0,0,4.16378e-12
12,107,0.0976562,0.839844,1,0,0,0,7.67386e-12
13,107,0.105469,0.839844,1,0,0,0,1.39835e-11
14,107,0.113281,0.839844,1,0,0,0,2.51816e-11
15,107,0.121094,0.839844,1,0,0,0,4.47784e-11
16,107,0.128906,0.839844,1,0,0,0,7.86002e-11
17,107,0.136719,0.839844,1,0,0,0,1.36254e-10
18,107,0.144531,0.839844,1,0,0,0,2.33229e-10
19,107,0.152344,0.839844,1,0,0,0,3.94238e-10
20,107,0.160156,0.839844,1,0,0,0,6.57991e-10
21,107,0.167969,0.839844,1,0,0,0,1.08435e-09
22,107,0.175781,0.839844,1,0,0,0,1.76441e-09
23,107,0.183594,0.839844,1,0,0,0,2.83461e-09
24,107,0.191406,0.839844,1,0,0,0,4.49619e-09
25,107,0.199219,0.839844,1,0,0,0,7.04102e-09
26,107,0.207031,0.839844,1,0,0,0,1.08856e-08
27,107,0.214844,0.839844,1,0,0,0,1.66143e-08
28,107,0.222656,0.839844,1,0,0,0,2.50323e-08
29,107,0.230469,0.839844,1,0,0,0,3.72304e-08
30,107,0.238281,0.839844,1,0,0,0,5.46571e-08
31,107,0.246094,0.839844,1,0,0,0,7.92007e-08
32,107,0.253906,0.839844,1,0,0,0,1.13271e-07
33,107,0.261719,0.839844,1,0,0,0,1.59879e-07
34,107,0.269531,0.839844,1,0,0,0,2.22697e-07
35,107,0.277344,0.839844,1,0,0,0,3.06097e-07
36,107,0.285156,0.839844,1,0,0,0,4.15134e-07
37,107,0.292969,0.839844,1,0,0,0,5.55472e-07
38,107,0.300781,0.839844,1,0,0,0,7.33224e-07
39,107,0.308594,0.839844,1,0,0,0,9.54691e-07
40,107,0.316406,0.839844,1,0,0,0,1.22598e-06
41,107,0.324219,0.839844,1,0,0,0,1.55253e-06
42,107,0.332031,0.839844,1,0,0,0,1.93845e-06
43,107,0.339844,0.839844,1,0,0,0,2.38588e-06
44,107,0.347656,0.839844,1,0,0,0,2.8942e-06
45,107,0.355469,0.839844,1,0,0,0,3.45928e-06
46,107,0.363281,0.839844,1,0,0,0,4.07278e-06
47,107,0.371094,0.839844,1,0,0,0,4.72167e-06
48,107,0.378906,0.839844,1,0,0,0,5.38793e-06
49,107,0.386719,0.839844,1,0,0,0,6.04863e-06
50,107,0.394531,0.839844,1,0,0,0,6.67639e-06
51,107,0.402344,0.839844,1,0,0,0,7.24031e-06
52,107,0.410156,0.839844,1,0,0,0,7.70732e-06
53,107,0.417969,0.839844,1,0,0,0,8.04404e-06
54,107,0.425781,0.839844,1,0,0,0,8.21878e-06
55,107,0.433594,0.839844,1,0,0,0,8.20392e-06
56,107,0.441406,0.839844,1,0,0,0,7.97817e-06
57,107,0.449219,0.839844,1,0,0,0,7.5286e-06
58,107,0.457031,0.839844,1,0,0,0,6.8524e-06
59,107,0.464844,0.839844,1,0,0,0,5.95789e-06
60,107,0.472656,0.839844,1,0,0,0,4.86482e-06
61,107,0.480469,0.839844,1,0,0,0,3.60395e-06
62,107,0.488281,0.839844,1,0,0,0,2.21559e-06
63,107,0.496094,0.839844,1,0,0,0,7.47564e-07
64,107,0.503906,0.839844,1,0,0,0,-7.47564e-07
65,107,0.511719,0.839844,1,0,0,0,-2.21559e-06
66,107,0.519531,0.839844,1,0,0,0,-3.60395e-06
67,107,0.527344,0.839844,1,0,0,0,-4.86482e-06
68,107,0.535156,0.839844,1,0,0,0,-5.95789e-06
69,107,0.542969,0.839844,1,0,0,0,-6.8524e-06
70,107,0.550781,0.839844,1,0,0,0,-7.5286e-06
71,107,0.558594,0.839844,1,0,0,0,-7.97817e-06
72,107,0.566406,0.839844,1,0,0,0,-8.20392e-06
73,107,0.574219,0.839844,1,0,0,0,-8.21878e-06
74,107,0.582031,0.839844,1,0,0,0,-8.04404e-06
75,107,0.589844,0.839844,1,0,0,0,-7.70732e-06
76,107,0.597656,0.839844,1,0,0,0,-7.24031e-06
77,107,0.605469,0.839844,1,0,0,0,-6.67639e-06
78,107,0.613281,0.839844,1,0,0,0,-6.04863e-06
79,107,0.621094,0.839844,1,0,0,0,-5.38793e-06
80,107,0.628906,0.839844,1,0,0,0,-4.72167e-06
81,107,0.636719,0.839844,1,0,0,0,-4.07278e-06
82,107,0.644531,0.839844,1,0,0,0,-3.45928e-06
83,107,0.652344,0.839844,1,0,0,0,-2.8942e-06
84,107,0.660156,0.839844,1,0,0,0,-2.38588e-06
85,107,0.667969,0.839844,1,0,0,0,-1.93845e-06
86,107,0.675781,0.839844,1,0,0,0,-1.55253e-06
87,107,0.683594,0.839844,1,0,0,0,-1.22598e-06
88,107,0.691406,0.839844,1,0,0,0,-9.54691e-07
89,107,0.699219,0.839844,1,0,0,0,-7.33224e-07
90,107,0.707031,0.839844,1,0,0,0,-5.55472e-07
91,107,0.714844,0.839844,1,0,0,0,-4.15134e-07
92,107,0.722656,0.839844,1,0,0,0,-3.06097e-07
93,107,0.730469,0.839844,1,0,0,0,-2.22697e-07
94,107,0.738281,0.839844,1,0,0,0,-1.59879e-07
95,107,0.746094,0.839844,1,0,0,0,-1.13271e-07
96,107,0.753906,0.839844,1,0,0,0,-7.92007e-08
97,107,0.761719,0.839844,1,0,0,0,-5.46571e-08
98,107,0.769531,0.839844,1,0,0,0,-3.72304e-08
99,107,0.777344,0.839844,1,0,0,0,-2.50323e-08
100,107,0.785156,0.839844,1,0,0,0,-1.66143e-08
101,107,0.792969,0.839844,1,0,0,0,-1.08856e-08
102,107,0.800781,0.839844,1,0,0,0,-7.04102e-09
103,107,0.808594,0.839844,1,0,0,0,-4.49619e-09
104,107,0.816406,0.839844,1,0,0,0,-2.83461e-09
105,107,0.824219,0.839844,1,0,0,0,-1.76441e-09
106,107,0.832031,0.839844,1,0,0,0,-1.08435e-09
107,107,0.839844,0.839844,1,0,0,0,-6.57991e-10
108,107,0.847656,0.839844,1,0,0,0,-3.94238e-10
109,107,0.855469,0.839844,1,0,0,0,-2.33229e-10
110,107,0.863281,0.839844,1,0,0,0,-1.36254e-10
111,107,0.871094,0.839844,1,0,0,0,-7.86002e-11
112,107,0.878906,0.839844,1,0,0,0,-4.47784e-11
113,107,0.886719,0.839844,1,0,0,0,-2.51816e-11
114,107,0.894531,0.839844,1,0,0,0,-1.39835e-11
115,107,0.902344,0.839844,1,0,0,0,-7.67386e-12
116,107,0.910156,0.839844,1,0,0,0,-4.16378e-12
117,107,0.917969,0.839844,1,0,0,0,-2.2311e-12
118,107,0.925781,0.839844,1,0,0,0,-1.16529e-12
119,107,0.933594,0.839844,1,0,0,0,-6.11067e-13
120,107,0.941406,0.839844,1,0,0,0,-3.2685e-13
121,107,0.949219,0.839844,1,0,0,0,-1.56319e-13
122,107,0.957031,0.839844,1,0,0,0,-7.10543e-14
123,107,0.964844,0.839844,1,0,0,0,-4.26326e-14
124,107,0.972656,0.839844,1,0,0,0,-2.84217e-14
125,107,0.980469,0.839844,1,0,0,0,-1.42109e-14
126,107,0.988281,0.839844,1,0,0,0,0
127,107,0.996094,0.839844,1,0,0,0,0
0,108,0.00390625,0.847656,1,0,0,0,0
1,108,0.0117188,0.847656,1,0,0,0,0
2,108,0.0195312,0.847656,1,0,0,0,1.42109e-14
3,108,0.0273438,0.847656,1,0,0,0,1.42109e-14
4,108,0.0351562,0.847656,1,0,0,0,1.42109e-14
5,108,0.0429688,0.847656,1,0,0,0,4.26326e-14
6,108,0.0507812,0.847656,1,0,0,0,9.9476e-14
7,108,0.0585938,0.847656,1,0,0,0,1.84741e-13
8,108,0.0664062,0.847656,1,0,0,0,3.55271e-13
9,108,0.0742188,0.847656,1,0,0,0,6.96332e-13
10,108,0.0820312,0.847656,1,0,0,0,1.29319e-12
11,108,0.0898438,0.847656,1,0,0,0,2.43006e-12
12,108,0.0976562,0.847656,1,0,0,0,4.49063e-12
13,108,0.105469,0.847656,1,0,0,0,8.17124e-12
14,108,0.113281,0.847656,1,0,0,0,1.47224e-11
15,108,0.121094,0.847656,1,0,0,0,2.61622e-11
16,108,0.128906,0.847656,1,0,0,0,4.59295e-11
17,108,0.136719,0.847656,1,0,0,0,7.96376e-11
18,108,0.144531,0.847656,1,0,0,0,1.36311e-10
19,108,0.152344,0.847656,1,0,0,0,2.30401e-10
20,108,0.160156,0.847656,1,0,0,0,3.8456e-10
21,108,0.167969,0.847656,1,0,0,0,6.33733e-10
22,108,0.175781,0.847656,1,0,0,0,1.03117e-09
23,108,0.183594,0.847656,1,0,0,0,1.65664e-09
24,108,0.191406,0.847656,1,0,0,0,2.62774e-09
25,108,0.199219,0.847656,1,0,0,0,4.11502e-09
26,108,0.207031,0.847656,1,0,0,0,6.36193e-09
27,108,0.214844,0.847656,1,0,0,0,9.70996e-09
28,108,0.222656,0.847656,1,0,0,0,1.46298e-08
29,108,0.230469,0.847656,1,0,0,0,2.17587e-08
30,108,0.238281,0.847656,1,0,0,0,3.19435e-08
31,108,0.246094,0.847656,1,0,0,0,4.62876e-08
32,108,0.253906,0.847656,1,0,0,0,6.61996e-08
33,108,0.261719,0.847656,1,0,0,0,9.34387e-08
34,108,0.269531,0.847656,1,0,0,0,1.30152e-07
35,108,0.277344,0.847656,1,0,0,0,1.78894e-07
36,108,0.285156,0.847656,1,0,0,0,2.42619e-07
37,108,0.292969,0.847656,1,0,0,0,3.24637e-07
38,108,0.300781,0.847656,1,0,0,0,4.28522e-07
39,108,0.308594,0.847656,1,0,0,0,5.57955e-07
40,108,0.316406,0.847656,1,0,0,0,7.16508e-07
41,108,0.324219,0.847656,1,0,0,0,9.07351e-07
42,108,0.332031,0.847656,1,0,0,0,1.1329e-06
43,108,0.339844,0.847656,1,0,0,0,1.39439e-06
44,108,0.347656,0.847656,1,0,0,0,1.69147e-06
45,108,0.355469,0.847656,1,0,0,0,2.02172e-06
46,108,0.363281,0.847656,1,0,0,0,2.38027e-06
47,108,0.371094,0.847656,1,0,0,0,2.75951e-06
48,108,0.378906,0.847656,1,0,0,0,3.1489e-06
49,108,0.386719,0.847656,1,0,0,0,3.53503e-06
50,108,0.394531,0.847656,1,0,0,0,3.90192e-06
51,108,0.402344,0.847656,1,0,0,0,4.23149e-06
52,108,0.410156,0.847656,1,0,0,0,4.50443e-06
53,108,0.417969,0.847656,1,0,0,0,4.70122e-06
54,108,0.425781,0.847656,1,0,0,0,4.80334e-06
55,108,0.433594,0.847656,1,0,0,0,4.79466e-06
56,108,0.441406,0.847656,1,0,0,0,4.66272e-06
57,108,0.449219,0.847656,1,0,0,0,4.39998e-06
58,108,0.457031,0.847656,1,0,0,0,4.00479e-06
59,108,0.464844,0.847656,1,0,0,0,3.482e-06
60,108,0.472656,0.847656,1,0,0,0,2.84317e-06
61,108,0.480469,0.847656,1,0,0,0,2.10628e-06
62,108,0.488281,0.847656,1,0,0,0,1.29487e-06
63,108,0.496094,0.847656,1,0,0,0,4.36903e-07
64,108,0.503906,0.847656,1,0,0,0,-4.36903e-07
65,108,0.511719,0.847656,1,0,0,0,-1.29487e-06
66,108,0.519531,0.847656,1,0,0,0,-2.10628e-06
67,108,0.527344,0.847656,1,0,0,0,-2.84317e-06
68,108,0.535156,0.847656,1,0,0,0,-3.482e-06
69,108,0.542969,0.847656,1,0,0,0,-4.00479e-06
70,108,0.550781,0.847656,1,0,0,0,-4.39998e-06
71,108,0.558594,0.847656,1,0,0,0,-4.66272e-06
72,108,0.566406,0.847656,1,0,0,0,-4.79466e-06
73,108,0.574219,0.847656,1,0,0,0,-4.80334e-06
74,108,0.582031,0.847656,1,0,0,0,-4.70122e-06
75,108,0.589844,0.847656,1,0,0,0,-4.50443e-06
76,108,0.597656,0.847656,1,0,0,0,-4.23149e-06
77,108,0.605469,0.847656,1,0,0,0,-3.90192e-06
78,108,0.613281,0.847656,1,0,0,0,-3.53503e-06
79,108,0.621094,0.847656,1,0,0,0,-3.1489e-06
80,108,0.628906,0.847656,1,0,0,0,-2.75951e-06
81,108,0.636719,0.847656,1,0,0,0,-2.38027e-06
82,108,0.644531,0.847656,1,0,0,0,-2.02172e-06
83,108,0.652344,0.847656,1,0,0,0,-1.69147e-06
84,108,0.660156,0.847656,1,0,0,0,-1.39439e-06
85,108,0.667969,0.847656,1,0,0,0,-1.1329e-06
86,108,0.675781,0.847656,1,0,0,0,-9.07351e-07
87,108,0.683594,0.847656,1,0,0,0,-7.16508e-07
88,108,0.691406,0.847656,1,0,0,0,-5.57955e-07
89,108,0.699219,0.847656,1,0,0,0,-4.28522e-07
90,108,0.707031,0.847656,1,0,0,0,-3.24637e-07
91,108,0.714844,0.847656,1,0,0,0,-2.42619e-07
92,108,0.722656,0.847656,1,0,0,0,-1.78894e-07
93,108,0.730469,0.847656,1,0,0,0,-1.30152e-07
94,108,0.738281,0.847656,1,0,0,0,-9.34387e-08
95,108,0.746094,0.847656,1,0,0,0,-6.61996e-08
96,108,0.753906,0.847656,1,0,0,0,-4.62876e-08
97,108,0.761719,0.847656,1,0,0,0,-3.19435e-08
98,108,0.769531,0.847656,1,0,0,0,-2.17587e-08
99,108,0.777344,0.847656,1,0,0,0,-1.46298e-08
100,108,0.785156,0.847656,1,0,0,0,-9.70996e-09
101,108,0.792969,0.847656,1,0,0,0,-6.36193e-09
102,108,0.800781,0.847656,1,0,0,0,-4.11502e-09
103,108,0.808594,0.847656,1,0,0,0,-2.62774e-09
104,108,0.816406,0.847656,1,0,0,0,-1.65664e-09
105,108,0.824219,0.847656,1,0,0,0,-1.03117e-09
106,108,0.832031,0.847656,1,0,0,0,-6.33733e-10
107,108,0.839844,0.847656,1,0,0,0,-3.8456e-10
108,108,0.847656,0.847656,1,0,0,0,-2.30401e-10
109,108,0.855469,0.847656,1,0,0,0,-1.36311e-10
110,108,0.863281,0.847656,1,0,0,0,-7.96376e-11
111,108,0.871094,0.847656,1,0,0,0,-4.59295e-11
112,108,0.878906,0.847656,1,0,0,0,-2.61622e-11
113,108,0.886719,0.847656,1,0,0,0,-1.47224e-11
114,108,0.894531,0.847656,1,0,0,0,-8.17124e-12
115,108,0.902344,0.847656,1,0,0,0,-4.49063e-12
116,108,0.910156,0.847656,1,0,0,0,-2.43006e-12
117,108,0.917969,0.847656,1,0,0,0,-1.29319e-12
118,108,0.925781,0.847656,1,0,0,0,-6.96332e-13
119,108,0.933594,0.847656,1,0,0,0,-3.55271e-13
120,108,0.941406,0.847656,1,0,0,0,-1.84741e-13
121,108,0.949219,0.847656,1,0,0,0,-9.9476e-14
122,108,0.957031,0.847656,1,0,0,0,-4.26326e-14
123,108,0.964844,0.847656,1,0,0,0,-1.42109e-14
124,108,0.972656,0.847656,1,0,0,0,-1.42109e-14
125,108,0.980469,0.847656,1,0,0,0,-1.42109e-14
126,108,0.988281,0.847656,1,0,0,0,0
127,108,0.996094,0.847656,1,0,0,0,0
0,109,0.00390625,0.855469,1,0,0,0,0
1,109,0.0117188,0.855469,1,0,0,0,0
2,109,0.0195312,0.855469,1,0,0,0,0
3,109,0.0273438,0.855469,1,0,0,0,1.42109e-14
4,109,0.0351562,0.855469,1,0,0,0,1.42109e-14
5,109,0.0429688,0.855469,1,0,0,0,2.84217e-14
6,109,0.0507812,0.855469,1,0,0,0,5.68434e-14
7,109,0.0585938,0.855469,1,0,0,0,9.9476e-14
8,109,0.0664062,0.855469,1,0,0,0,2.13163e-13
9,109,0.0742188,0.855469,1,0,0,0,3.97904e-13
10,109,0.0820312,0.855469,1,0,0,0,7.38964e-13
11,109,0.0898438,0.855469,1,0,0,0,1.40687e-12
12,109,0.0976562,0.855469,1,0,0,0,2.60059e-12
13,109,0.105469,0.855469,1,0,0,0,4.718e-12
14,109,0.113281,0.855469,1,0,0,0,8.49809e-12
15,109,0.121094,0.855469,1,0,0,0,1.51061e-11
16,109,0.128906,0.855469,1,0,0,0,2.65175e-11
17,109,0.136719,0.855469,1,0,0,0,4.59721e-11
18,109,0.144531,0.855469,1,0,0,0,7.86997e-11
19,109,0.152344,0.855469,1,0,0,0,1.33028e-10
20,109,0.160156,0.855469,1,0,0,0,2.22016e-10
21,109,0.167969,0.855469,1,0,0,0,3.65873e-10
22,109,0.175781,0.855469,1,0,0,0,5.9535e-10
23,109,0.183594,0.855469,1,0,0,0,9.56462e-10
24,109,0.191406,0.855469,1,0,0,0,1.51709e-09
25,109,0.199219,0.855469,1,0,0,0,2.37578e-09
26,109,0.207031,0.855469,1,0,0,0,3.67304e-09
27,109,0.214844,0.855469,1,0,0,0,5.60598e-09
28,109,0.222656,0.855469,1,0,0,0,8.44642e-09
29,109,0.230469,0.855469,1,0,0,0,1.25623e-08
30,109,0.238281,0.855469,1,0,0,0,1.84424e-08
31,109,0.246094,0.855469,1,0,0,0,2.67239e-08
32,109,0.253906,0.855469,1,0,0,0,3.822e-08
33,109,0.261719,0.855469,1,0,0,0,5.39463e-08
34,109,0.269531,0.855469,1,0,0,0,7.51426e-08
35,109,0.277344,0.855469,1,0,0,0,1.03283e-07
36,109,0.285156,0.855469,1,0,0,0,1.40075e-07
37,109,0.292969,0.855469,1,0,0,0,1.87428e-07
38,109,0.300781,0.855469,1,0,0,0,2.47405e-07
39,109,0.308594,0.855469,1,0,0,0,3.22132e-07
40,109,0.316406,0.855469,1,0,0,0,4.13672e-07
41,109,0.324219,0.855469,1,0,0,0,5.23854e-07
42,109,0.332031,0.855469,1,0,0,0,6.54072e-07
43,109,0.339844,0.855469,1,0,0,0,8.05046e-07
44,109,0.347656,0.855469,1,0,0,0,9.76563e-07
45,109,0.355469,0.855469,1,0,0,0,1.16723e-06
46,109,0.363281,0.855469,1,0,0,0,1.37424e-06
47,109,0.371094,0.855469,1,0,0,0,1.59319e-06
48,109,0.378906,0.855469,1,0,0,0,1.818e-06
49,109,0.386719,0.855469,1,0,0,0,2.04093e-06
50,109,0.394531,0.855469,1,0,0,0,2.25275e-06
51,109,0.402344,0.855469,1,0,0,0,2.44303e-06
52,109,0.410156,0.855469,1,0,0,0,2.60061e-06
53,109,0.417969,0.855469,1,0,0,0,2.71422e-06
54,109,0.425781,0.855469,1,0,0,0,2.77318e-06
55,109,0.433594,0.855469,1,0,0,0,2.76817e-06
56,109,0.441406,0.855469,1,0,0,0,2.692e-06
57,109,0.449219,0.855469,1,0,0,0,2.5403e-06
58,109,0.457031,0.855469,1,0,0,0,2.31214e-06
59,109,0.464844,0.855469,1,0,0,0,2.01031e-06
60,109,0.472656,0.855469,1,0,0,0,1.64149e-06
61,109,0.480469,0.855469,1,0,0,0,1.21605e-06
62,109,0.488281,0.855469,1,0,0,0,7.47586e-07
63,109,0.496094,0.855469,1,0,0,0,2.52243e-07
64,109,0.503906,0.855469,1,0,0,0,-2.52243e-07
65,109,0.511719,0.855469,1,0,0,0,-7.47586e-07
66,109,0.519531,0.855469,1,0,0,0,-1.21605e-06
67,109,0.527344,0.855469,1,0,0,0,-1.64149e-06
68,109,0.535156,0.855469,1,0,0,0,-2.01031e-06
69,109,0.542969,0.855469,1,0,0,0,-2.31214e-06
70,109,0.550781,0.855469,1,0,0,0,-2.5403e-06
71,109,0.558594,0.855469,1,0,0,0,-2.692e-06
72,109,0.566406,0.855469,1,0,0,0,-2.76817e-06
73,109,0.574219,0.855469,1,0,0,0,-2.77318e-06
74,109,0.582031,0.855469,1,0,0,0,-2.71422e-06
75,109,0.589844,0.855469,1,0,0,0,-2.60061e-06
76,109,0.597656,0.855469,1,0,0,0,-2.44303e-06
77,109,0.605469,0.855469,1,0,0,0,-2.25275e-06
78,109,0.613281,0.855469,1,0,0,0,-2.04093e-06
79,109,0.621094,0.855469,1,0,0,0,-1.818e-06
80,109,0.628906,0.855469,1,0,0,0,-1.59319e-06
81,109,0.636719,0.855469,1,0,0,0,-1.37424e-06
82,109,0.644531,0.855469,1,0,0,0,-1.16723e-06
83,109,0.652344,0.855469,1,0,0,0,-9.76563e-07
84,109,0.660156,0.855469,1,0,0,0,-8.05046e-07
85,109,0.667969,0.855469,1,0,0,0,-6.54072e-07
86,109,0.675781,0.855469,1,0,0,0,-5.23854e-07
87,109,0.683594,0.855469,1,0,0,0,-4.13672e-07
88,109,0.691406,0.855469,1,0,0,0,-3.22132e-07
89,109,0.699219,0.855469,1,0,0,0,-2.47405e-07
90,109,0.707031,0.855469,1,0,0,0,-1.87428e-07
91,109,0.714844,0.855469,1,0,0,0,-1.40075e-07
92,109,0.722656,0.855469,1,0,0,0,-1.03283e-07
93,109,0.730469,0.855469,1,0,0,0,-7.51426e-08
94,109,0.738281,0.855469,1,0,0,0,-5.39463e-08
95,109,0.746094,0.855469,1,0,0,0,-3.822e-08
96,109,0.753906,0.855469,1,0,0,0,-2.67239e-08
97,109,0.761719,0.855469,1,0,0,0,-1.84424e-08
98,109,0.769531,0.855469,1,0,0,0,-1.25623e-08
99,109,0.777344,0.855469,1,0,0,0,-8.44642e-09
100,109,0.785156,0.855469,1,0,0,0,-5.60598e-09
101,109,0.792969,0.855469,1,0,0,0,-3.67304e-09
102,109,0.800781,0.855469,1,0,0,0,-2.37578e-09
103,109,0.808594,0.855469,1,0,0,0,-1.51709e-09
104,109,0.816406,0.855469,1,0,0,0,-9.56462e-10
105,109,0.824219,0.855469,1,0,0,0,-5.9535e-10
106,109,0.832031,0.855469,1,0,0,0,-3.65873e-10
107,109,0.839844,0.855469,1,0,0,0,-2.22016e-10
108,109,0.847656,0.855469,1,0,0,0,-1.33028e-10
109,109,0.855469,0.855469,1,0,0,0,-7.86997e-11
110,109,0.863281,0.855469,1,0,0,0,-4.59721e-11
111,109,0.871094,0.855469,1,0,0,0,-2.65175e-11
112,109,0.878906,0.855469,1,0,0,0,-1.51061e-11
113,109,0.886719,0.855469,1,0,0,0,-8.49809e-12
114,109,0.894531,0.855469,1,0,0,0,-4.718e-12
115,109,0.902344,0.855469,1,0,0,0,-2.60059e-12
116,109,0.910156,0.855469,1,0,0,0,-1.40687e-12
117,109,0.917969,0.855469,1,0,0,0,-7.38964e-13
118,109,0.925781,0.855469,1,0,0,0,-3.97904e-13
119,109,0.933594,0.855469,1,0,0,0,-2.13163e-13
120,109,0.941406,0.855469,1,0,0,0,-9.9476e-14
121,109,0.949219,0.855469,1,0,0,0,-5.68434e-14
122,109,0.957031,0.855469,1,0,0,0,-2.84217e-14
123,109,0.964844,0.855469,1,0,0,0,-1.42109e-14
124,109,0.972656,0.855469,1,0,0,0,-1.42109e-14
125,109,0.980469,0.855469,1,0,0,0,0
126,109,0.988281,0.855469,1,0,0,0,0
127,109,0.996094,0.855469,1,0,0,0,0
0,110,0.00390625,0.863281,1,0,0,0,0
1,110,0.0117188,0.863281,1,0,0,0,0
2,110,0.0195312,0.863281,1,0,0,0,0
3,110,0.0273438,0.863281,1,0,0,0,0
4,110,0.0351562,0.863281,1,0,0,0,1.42109e-14
5,110,0.0429688,0.863281,1,0,0,0,1.42109e-14
6,110,0.0507812,0.863281,1,0,0,0,2.84217e-14
7,110,0.0585938,0.863281,1,0,0,0,7.10543e-14
8,110,0.0664062,0.863281,1,0,0,0,1.13687e-13
9,110,0.0742188,0.863281,1,0,0,0,2.27374e-13
10,110,0.0820312,0.863281,1,0,0,0,4.26326e-13
11,110,0.0898438,0.863281,1,0,0,0,7.95808e-13
12,110,0.0976562,0.863281,1,0,0,0,1.47793e-12
13,110,0.105469,0.863281,1,0,0,0,2.68585e-12
14,110,0.113281,0.863281,1,0,0,0,4.8459e-12
15,110,0.121094,0.863281,1,0,0,0,8.62599e-12
16,110,0.128906,0.863281,1,0,0,0,1.51346e-11
17,110,0.136719,0.863281,1,0,0,0,2.6219e-11
18,110,0.144531,0.863281,1,0,0,0,4.48779e-11
19,110,0.152344,0.863281,1,0,0,0,7.58718e-11
20,110,0.160156,0.863281,1,0,0,0,1.26633e-10
21,110,0.167969,0.863281,1,0,0,0,2.08672e-10
22,110,0.175781,0.863281,1,0,0,0,3.3954e-10
23,110,0.183594,0.863281,1,0,0,0,5.45498e-10
24,110,0.191406,0.863281,1,0,0,0,8.65271e-10
25,110,0.199219,0.863281,1,0,0,0,1.355e-09
26,110,0.207031,0.863281,1,0,0,0,2.09488e-09
27,110,0.214844,0.863281,1,0,0,0,3.19731e-09
28,110,0.222656,0.863281,1,0,0,0,4.81732e-09
29,110,0.230469,0.863281,1,0,0,0,7.16477e-09
30,110,0.238281,0.863281,1,0,0,0,1.05184e-08
31,110,0.246094,0.863281,1,0,0,0,1.52417e-08
32,110,0.253906,0.863281,1,0,0,0,2.17983e-08
33,110,0.261719,0.863281,1,0,0,0,3.07677e-08
34,110,0.269531,0.863281,1,0,0,0,4.28568e-08
35,110,0.277344,0.863281,1,0,0,0,5.89066e-08
36,110,0.285156,0.863281,1,0,0,0,7.98901e-08
37,110,0.292969,0.863281,1,0,0,0,1.06897e-07
38,110,0.300781,0.863281,1,0,0,0,1.41105e-07
39,110,0.308594,0.863281,1,0,0,0,1.83725e-07
40,110,0.316406,0.863281,1,0,0,0,2.35933e-07
41,110,0.324219,0.863281,1,0,0,0,2.98775e-07
42,110,0.332031,0.863281,1,0,0,0,3.73043e-07
43,110,0.339844,0.863281,1,0,0,0,4.59149e-07
44,110,0.347656,0.863281,1,0,0,0,5.56973e-07
45,110,0.355469,0.863281,1,0,0,0,6.65718e-07
46,110,0.363281,0.863281,1,0,0,0,7.83782e-07
47,110,0.371094,0.863281,1,0,0,0,9.08657e-07
48,110,0.378906,0.863281,1,0,0,0,1.03688e-06
49,110,0.386719,0.863281,1,0,0,0,1.16402e-06
50,110,0.394531,0.863281,1,0,0,0,1.28483e-06
51,110,0.402344,0.863281,1,0,0,0,1.39335e-06
52,110,0.410156,0.863281,1,0,0,0,1.48323e-06
53,110,0.417969,0.863281,1,0,0,0,1.54803e-06
54,110,0.425781,0.863281,1,0,0,0,1.58166e-06
55,110,0.433594,0.863281,1,0,0,0,1.5788e-06
56,110,0.441406,0.863281,1,0,0,0,1.53535e-06
57,110,0.449219,0.863281,1,0,0,0,1.44884e-06
58,110,0.457031,0.863281,1,0,0,0,1.31871e-06
59,110,0.464844,0.863281,1,0,0,0,1.14656e-06
60,110,0.472656,0.863281,1,0,0,0,9.36207e-07
61,110,0.480469,0.863281,1,0,0,0,6.93559e-07
62,110,0.488281,0.863281,1,0,0,0,4.26378e-07
63,110,0.496094,0.863281,1,0,0,0,1.43864e-07
64,110,0.503906,0.863281,1,0,0,0,-1.43864e-07
65,110,0.511719,0.863281,1,0,0,0,-4.26378e-07
66,110,0.519531,0.863281,1,0,0,0,-6.93559e-07
67,110,0.527344,0.863281,1,0,0,0,-9.36207e-07
68,110,0.535156,0.863281,1,0,0,0,-1.14656e-06
69,110,0.542969,0.863281,1,0,0,0,-1.31871e-06
70,110,0.550781,0.863281,1,0,0,0,-1.44884e-06
71,110,0.558594,0.863281,1,0,0,0,-1.53535e-06
72,110,0.566406,0.863281,1,0,0,0,-1.5788e-06
73,110,0.574219,0.863281,1,0,0,0,-1.58166e-06
74,110,0.582031,0.863281,1,0,0,0,-1.54803e-06
75,110,0.589844,0.863281,1,0,0,0,-1.48323e-06
76,110,0.597656,0.863281,1,0,0,0,-1.39335e-06
77,110,0.605469,0.863281,1,0,0,0,-1.28483e-06
78,110,0.613281,0.863281,1,0,0,0,-1.16402e-06
79,110,0.621094,0.863281,1,0,0,0,-1.03688e-06
80,110,0.628906,0.863281,1,0,0,0,-9.08657e-07
81,110,0.636719,0.863281,1,0,0,0,-7.83782e-07
82,110,0.644531,0.863281,1,0,0,0,-6.65718e-07
83,110,0.652344,0.863281,1,0,0,0,-5.56973e-07
84,110,0.660156,0.863281,1,0,0,0,-4.59149e-07
85,110,0.667969,0.863281,1,0,0,0,-3.73043e-07
86,110,0.675781,0.863281,1,0,0,0,-2.98775e-07
87,110,0.683594,0.863281,1,0,0,0,-2.35933e-07
88,110,0.691406,0.863281,1,0,0,0,-1.83725e-07
89,110,0.699219,0.863281,1,0,0,0,-1.41105e-07
90,110,0.707031,0.863281,1,0,0,0,-1.06897e-07
91,110,0.714844,0.863281,1,0,0,0,-7.98901e-08
92,110,0.722656,0.863281,1,0,0,0,-5.89066e-08
93,110,0.730469,0.863281,1,0,0,0,-4.28568e-08
94,110,0.738281,0.863281,1,0,0,0,-3.07677e-08
95,110,0.746094,0.863281,1,0,0,0,-2.17983e-08
96,110,0.753906,0.863281,1,0,0,0,-1.52417e-08
97,110,0.761719,0.863281,1,0,0,0,-1.05184e-08
98,110,0.769531,0.863281,1,0,0,0,-7.16477e-09
99,110,0.777344,0.863281,1,0,0,0,-4.81732e-09
100,110,0.785156,0.863281,1,0,0,0,-3.19731e-09
101,110,0.792969,0.863281,1,0,0,0,-2.09488e-09
102,110,0.800781,0.863281,1,0,0,0,-1.355e-09
103,110,0.808594,0.863281,1,0,0,0,-8.65271e-10
104,110,0.816406,0.863281,1,0,0,0,-5.45498e-10
105,110,0.824219,0.863281,1,0,0,0,-3.3954e-10
106,110,0.832031,0.863281,1,0,0,0,-2.08672e-10
107,110,0.839844,0.863281,1,0,0,0,-1.26633e-10
108,110,0.847656,0.863281,1,0,0,0,-7.58718e-11
109,110,0.855469,0.863281,1,0,0,0,-4.48779e-11
110,110,0.863281,0.863281,1,0,0,0,-2.6219e-11
111,110,0.871094,0.863281,1,0,0,0,-1.51346e-11
112,110,0.878906,0.863281,1,0,0,0,-8.62599e-12
113,110,0.886719,0.863281,1,0,0,0,-4.8459e-12
114,110,0.894531,0.863281,1,0,0,0,-2.68585e-12
115,110,0.902344,0.863281,1,0,0,0,-1.47793e-12
116,110,0.910156,0.863281,1,0,0,0,-7.95808e-13
117,110,0.917969,0.863281,1,0,0,0,-4.26326e-13
118,110,0.925781,0.863281,1,0,0,0,-2.27374e-13
119,110,0.933594,0.863281,1,0,0,0,-1.13687e-13
120,110,0.941406,0.863281,1,0,0,0,-7.10543e-14
121,110,0.949219,0.863281,1,0,0,0,-2.84217e-14
122,110,0.957031,0.863281,1,0,0,0,-1.42109e-14
123,110,0.964844,0.863281,1,0,0,0,-1.42109e-14
124,110,0.972656,0.863281,1,0,0,0,0
125,110,0.980469,0.863281,1,0,0,0,0
126,110,0.988281,0.863281,1,0,0,0,0
127,110,0.996094,0.863281,1,0,0,0,0
0,111,0.00390625,0.871094,1,0,0,0,0
1,111,0.0117188,0.871094,1,0,0,0,0
2,111,0.0195312,0.871094,1,0,0,0,0
3,111,0.0273438,0.871094,1,0,0,0,0
4,111,0.0351562,0.871094,1,0,0,0,0
5,111,0.0429688,0.871094,1,0,0,0,1.42109e-14
6,111,0.0507812,0.871094,1,0,0,0,2.84217e-14
7,111,0.0585938,0.871094,1,0,0,0,2.84217e-14
8,111,0.0664062,0.871094,1,0,0,0,5.68434e-14
9,111,0.0742188,0.871094,1,0,0,0,1.27898e-13
10,111,0.0820312,0.871094,1,0,0,0,2.41585e-13
11,111,0.0898438,0.871094,1,0,0,0,4.54747e-13
12,111,0.0976562,0.871094,1,0,0,0,8.3844e-13
13,111,0.105469,0.871094,1,0,0,0,1.52056e-12
14,111,0.113281,0.871094,1,0,0,0,2.72848e-12
15,111,0.121094,0.871094,1,0,0,0,4.8459e-12
16,111,0.128906,0.871094,1,0,0,0,8.52651e-12
17,111,0.136719,0.871094,1,0,0,0,1.47793e-11
18,111,0.144531,0.871094,1,0,0,0,2.52811e-11
19,111,0.152344,0.871094,1,0,0,0,4.27463e-11
20,111,0.160156,0.871094,1,0,0,0,7.13527e-11
21,111,0.167969,0.871094,1,0,0,0,1.17566e-10
22,111,0.175781,0.871094,1,0,0,0,1.91307e-10
23,111,0.183594,0.871094,1,0,0,0,3.07352e-10
24,111,0.191406,0.871094,1,0,0,0,4.87503e-10
25,111,0.199219,0.871094,1,0,0,0,7.63436e-10
26,111,0.207031,0.871094,1,0,0,0,1.1803e-09
27,111,0.214844,0.871094,1,0,0,0,1.80142e-09
28,111,0.222656,0.871094,1,0,0,0,2.71417e-09
29,111,0.230469,0.871094,1,0,0,0,4.03678e-09
30,111,0.238281,0.871094,1,0,0,0,5.9263e-09
31,111,0.246094,0.871094,1,0,0,0,8.58748e-09
32,111,0.253906,0.871094,1,0,0,0,1.22816e-08
33,111,0.261719,0.871094,1,0,0,0,1.73351e-08
34,111,0.269531,0.871094,1,0,0,0,2.41463e-08
35,111,0.277344,0.871094,1,0,0,0,3.31891e-08
36,111,0.285156,0.871094,1,0,0,0,4.50116e-08
37,111,0.292969,0.871094,1,0,0,0,6.0228e-08
38,111,0.300781,0.871094,1,0,0,0,7.95012e-08
39,111,0.308594,0.871094,1,0,0,0,1.03514e-07
40,111,0.316406,0.871094,1,0,0,0,1.3293e-07
41,111,0.324219,0.871094,1,0,0,0,1.68336e-07
42,111,0.332031,0.871094,1,0,0,0,2.1018e-07
43,111,0.339844,0.871094,1,0,0,0,2.58694e-07
44,111,0.347656,0.871094,1,0,0,0,3.13809e-07
45,111,0.355469,0.871094,1,0,0,0,3.75078e-07
46,111,0.363281,0.871094,1,0,0,0,4.41598e-07
47,111,0.371094,0.871094,1,0,0,0,5.11956e-07
48,111,0.378906,0.871094,1,0,0,0,5.84196e-07
49,111,0.386719,0.871094,1,0,0,0,6.55834e-07
50,111,0.394531,0.871094,1,0,0,0,7.239e-07
51,111,0.402344,0.871094,1,0,0,0,7.85043e-07
52,111,0.410156,0.871094,1,0,0,0,8.35681e-07
53,111,0.417969,0.871094,1,0,0,0,8.72189e-07
54,111,0.425781,0.871094,1,0,0,0,8.91136e-07
55,111,0.433594,0.871094,1,0,0,0,8.89525e-07
56,111,0.441406,0.871094,1,0,0,0,8.65047e-07
57,111,0.449219,0.871094,1,0,0,0,8.16302e-07
58,111,0.457031,0.871094,1,0,0,0,7.42984e-07
59,111,0.464844,0.871094,1,0,0,0,6.45995e-07
60,111,0.472656,0.871094,1,0,0,0,5.27478e-07
61,111,0.480469,0.871094,1,0,0,0,3.90765e-07
62,111,0.488281,0.871094,1,0,0,0,2.4023e-07
63,111,0.496094,0.871094,1,0,0,0,8.1056e-08
64,111,0.503906,0.871094,1,0,0,0,-8.1056e-08
65,111,0.511719,0.871094,1,0,0,0,-2.4023e-07
66,111,0.519531,0.871094,1,0,0,0,-3.90765e-07
67,111,0.527344,0.871094,1,0,0,0,-5.27478e-07
68,111,0.535156,0.871094,1,0,0,0,-6.45995e-07
69,111,0.542969,0.871094,1,0,0,0,-7.42984e-07
70,111,0.550781,0.871094,1,0,0,0,-8.16302e-07
71,111,0.558594,0.871094,1,0,0,0,-8.65047e-07
72,111,0.566406,0.871094,1,0,0,0,-8.89525e-07
73,111,0.574219,0.871094,1,0,0,0,-8.91136e-07
74,111,0.582031,0.871094,1,0,0,0,-8.72189e-07
75,111,0.589844,0.871094,1,0,0,0,-8.35681e-07
76,111,0.597656,0.871094,1,0,0,0,-7.85043e-07
77,111,0.605469,0.871094,1,0,0,0,-7.239e-07
78,111,0.613281,0.871094,1,0,0,0,-6.55834e-07
79,111,0.621094,0.871094,1,0,0,0,-5.84196e-07
80,111,0.628906,0.871094,1,0,0,0,-5.11956e-07
81,111,0.636719,0.871094,1,0,0,0,-4.41598e-07
82,111,0.644531,0.871094,1,0,0,0,-3.75078e-07
83,111,0.652344,0.871094,1,0,0,0,-3.13809e-07
84,111,0.660156,0.871094,1,0,0,0,-2.58694e-07
85,111,0.667969,0.871094,1,0,0,0,-2.1018e-07
86,111,0.675781,0.871094,1,0,0,0,-1.68336e-07
87,111,0.683594,0.871094,1,0,0,0,-1.3293e-07
88,111,0.691406,0.871094,1,0,0,0,-1.03514e-07
89,111,0.699219,0.871094,1,0,0,0,-7.95012e-08
90,111,0.707031,0.871094,1,0,0,0,-6.0228e-08
91,111,0.714844,0.871094,1,0,0,0,-4.50116e-08
92,111,0.722656,0.871094,1,0,0,0,-3.31891e-08
93,111,0.730469,0.871094,1,0,0,0,-2.41463e-08
94,111,0.738281,0.871094,1,0,0,0,-1.73351e-08
95,111,0.746094,0.871094,1,0,0,0,-1.22816e-08
96,111,0.753906,0.871094,1,0,0,0,-8.58748e-09
97,111,0.761719,0.871094,1,0,0,0,-5.9263e-09
98,111,0.769531,0.871094,1,0,0,0,-4.03678e-09
99,111,0.777344,0.871094,1,0,0,0,-2.71417e-09
100,111,0.785156,0.871094,1,0,0,0,-1.80142e-09
101,111,0.792969,0.871094,1,0,0,0,-1.1803e-09
102,111,0.800781,0.871094,1,0,0,0,-7.63436e-10
103,111,0.808594,0.871094,1,0,0,0,-4.87503e-10
104,111,0.816406,0.871094,1,0,0,0,-3.07352e-10
105,111,0.824219,0.871094,1,0,0,0,-1.91307e-10
106,111,0.832031,0.871094,1,0,0,0,-1.17566e-10
107,111,0.839844,0.871094,1,0,0,0,-7.13527e-11
108,111,0.847656,0.871094,1,0,0,0,-4.27463e-11
109,111,0.855469,0.871094,1,0,0,0,-2.52811e-11
110,111,0.863281,0.871094,1,0,0,0,-1.47793e-11
111,111,0.871094,0.871094,1,0,0,0,-8.52651e-12
112,111,0.878906,0.871094,1,0,0,0,-4.8459e-12
113,111,0.886719,0.871094,1,0,0,0,-2.72848e-12
114,111,0.894531,0.871094,1,0,0,0,-1.52056e-12
115,111,0.902344,0.871094,1,0,0,0,-8.3844e-13
116,111,0.910156,0.871094,1,0,0,0,-4.54747e-13
117,111,0.917969,0.871094,1,0,0,0,-2.41585e-13
118,111,0.925781,0.871094,1,0,0,0,-1.27898e-13
119,111,0.933594,0.871094,1,0,0,0,-5.68434e-14
120,111,0.941406,0.871094,1,0,0,0,-2.84217e-14
121,111,0.949219,0.871094,1,0,0,0,-2.84217e-14
122,111,0.957031,0.871094,1,0,0,0,-1.42109e-14
123,111,0.964844,0.871094,1,0,0,0,0
124,111,0.972656,0.871094,1,0,0,0,0
125,111,0.980469,0.871094,1,0,0,0,0
126,111,0.988281,0.871094,1,0,0,0,0
127,111,0.996094,0.871094,1,0,0,0,0
0,112,0.00390625,0.878906,1,0,0,0,0
1,112,0.0117188,0.878906,1,0,0,0,0
2,112,0.0195312,0.878906,1,0,0,0,0
3,112,0.0273438,0.878906,1,0,0,0,0
4,112,0.0351562,0.878906,1,0,0,0,0
5,112,0.0429688,0.878906,1,0,0,0,0
6,112,0.0507812,0.878906,1,0,0,0,1.42109e-14
7,112,0.0585938,0.878906,1,0,0,0,2.84217e-14
8,112,0.0664062,0.878906,1,0,0,0,4.26326e-14
9,112,0.0742188,0.878906,1,0,0,0,7.10543e-14
10,112,0.0820312,0.878906,1,0,0,0,1.27898e-13
11,112,0.0898438,0.878906,1,0,0,0,2.41585e-13
12,112,0.0976562,0.878906,1,0,0,0,4.68958e-13
13,112,0.105469,0.878906,1,0,0,0,8.52651e-13
14,112,0.113281,0.878906,1,0,0,0,1.50635e-12
15,112,0.121094,0.878906,1,0,0,0,2.70006e-12
16,112,0.128906,0.878906,1,0,0,0,4.74643e-12
17,112,0.136719,0.878906,1,0,0,0,8.22808e-12
18,112,0.144531,0.878906,1,0,0,0,1.4083e-11
19,112,0.152344,0.878906,1,0,0,0,2.3789e-11
20,112,0.160156,0.878906,1,0,0,0,3.97051e-11
21,112,0.167969,0.878906,1,0,0,0,6.5441e-11
22,112,0.175781,0.878906,1,0,0,0,1.06482e-10
23,112,0.183594,0.878906,1,0,0,0,1.71056e-10
24,112,0.191406,0.878906,1,0,0,0,2.71342e-10
25,112,0.199219,0.878906,1,0,0,0,4.24919e-10
26,112,0.207031,0.878906,1,0,0,0,6.56925e-10
27,112,0.214844,0.878906,1,0,0,0,1.00265e-09
28,112,0.222656,0.878906,1,0,0,0,1.51067e-09
29,112,0.230469,0.878906,1,0,0,0,2.24681e-09
30,112,0.238281,0.878906,1,0,0,0,3.29848e-09
31,112,0.246094,0.878906,1,0,0,0,4.77965e-09
32,112,0.253906,0.878906,1,0,0,0,6.83575e-09
33,112,0.261719,0.878906,1,0,0,0,9.64846e-09
34,112,0.269531,0.878906,1,0,0,0,1.34395e-08
35,112,0.277344,0.878906,1,0,0,0,1.84725e-08
36,112,0.285156,0.878906,1,0,0,0,2.50527e-08
37,112,0.292969,0.878906,1,0,0,0,3.3522e-08
38,112,0.300781,0.878906,1,0,0,0,4.42491e-08
39,112,0.308594,0.878906,1,0,0,0,5.76143e-08
40,112,0.316406,0.878906,1,0,0,0,7.39864e-08
41,112,0.324219,0.878906,1,0,0,0,9.36928e-08
42,112,0.332031,0.878906,1,0,0,0,1.16983e-07
43,112,0.339844,0.878906,1,0,0,0,1.43985e-07
44,112,0.347656,0.878906,1,0,0,0,1.74661e-07
45,112,0.355469,0.878906,1,0,0,0,2.08763e-07
46,112,0.363281,0.878906,1,0,0,0,2.45786e-07
47,112,0.371094,0.878906,1,0,0,0,2.84946e-07
48,112,0.378906,0.878906,1,0,0,0,3.25154e-07
49,112,0.386719,0.878906,1,0,0,0,3.65027e-07
50,112,0.394531,0.878906,1,0,0,0,4.02911e-07
51,112,0.402344,0.878906,1,0,0,0,4.36942e-07
52,112,0.410156,0.878906,1,0,0,0,4.65126e-07
53,112,0.417969,0.878906,1,0,0,0,4.85446e-07
54,112,0.425781,0.878906,1,0,0,0,4.95992e-07
55,112,0.433594,0.878906,1,0,0,0,4.95095e-07
56,112,0.441406,0.878906,1,0,0,0,4.81471e-07
57,112,0.449219,0.878906,1,0,0,0,4.54341e-07
58,112,0.457031,0.878906,1,0,0,0,4.13533e-07
59,112,0.464844,0.878906,1,0,0,0,3.5955e-07
60,112,0.472656,0.878906,1,0,0,0,2.93585e-07
61,112,0.480469,0.878906,1,0,0,0,2.17493e-07
62,112,0.488281,0.878906,1,0,0,0,1.33708e-07
63,112,0.496094,0.878906,1,0,0,0,4.51145e-08
64,112,0.503906,0.878906,1,0,0,0,-4.51145e-08
65,112,0.511719,0.878906,1,0,0,0,-1.33708e-07
66,112,0.519531,0.878906,1,0,0,0,-2.17493e-07
67,112,0.527344,0.878906,1,0,0,0,-2.93585e-07
68,112,0.535156,0.878906,1,0,0,0,-3.5955e-07
69,112,0.542969,0.878906,1,0,0,0,-4.13533e-07
70,112,0.550781,0.878906,1,0,0,0,-4.54341e-07
71,112,0.558594,0.878906,1,0,0,0,-4.81471e-07
72,112,0.566406,0.878906,1,0,0,0,-4.95095e-07
73,112,0.574219,0.878906,1,0,0,0,-4.95992e-07
74,112,0.582031,0.878906,1,0,0,0,-4.85446e-07
75,112,0.589844,0.878906,1,0,0,0,-4.65126e-07
76,112,0.597656,0.878906,1,0,0,0,-4.36942e-07
77,112,0.605469,0.878906,1,0,0,0,-4.02911e-07
78,112,0.613281,0.878906,1,0,0,0,-3.65027e-07
79,112,0.621094,0.878906,1,0,0,0,-3.25154e-07
80,112,0.628906,0.878906,1,0,0,0,-2.84946e-07
81,112,0.636719,0.878906,1,0,0,0,-2.45786e-07
82,112,0.644531,0.878906,1,0,0,0,-2.08763e-07
83,112,0.652344,0.878906,1,0,0,0,-1.74661e-07
84,112,0.660156,0.878906,1,0,0,0,-1.43985e-07
85,112,0.667969,0.878906,1,0,0,0,-1.16983e-07
86,112,0.675781,0.878906,1,0,0,0,-9.36928e-08
87,112,0.683594,0.878906,1,0,0,0,-7.39864e-08
88,112,0.691406,0.878906,1,0,0,0,-5.76143e-08
89,112,0.699219,0.878906,1,0,0,0,-4.42491e-08
90,112,0.707031,0.878906,1,0,0,0,-3.3522e-08
91,112,0.714844,0.878906,1,0,0,0,-2.50527e-08
92,112,0.722656,0.878906,1,0,0,0,-1.84725e-08
93,112,0.730469,0.878906,1,0,0,0,-1.34395e-08
94,112,0.738281,0.878906,1,0,0,0,-9.64846e-09
95,112,0.746094,0.878906,1,0,0,0,-6.83575e-09
96,112,0.753906,0.878906,1,0,0,0,-4.77965e-09
97,112,0.761719,0.878906,1,0,0,0,-3.29848e-09
98,112,0.769531,0.878906,1,0,0,0,-2.24681e-09
99,112,0.777344,0.878906,1,0,0,0,-1.51067e-09
100,112,0.785156,0.878906,1,0,0,0,-1.00265e-09
101,112,0.792969,0.878906,1,0,0,0,-6.56925e-10
102,112,0.800781,0.878906,1,0,0,0,-4.24919e-10
103,112,0.808594,0.878906,1,0,0,0,-2.71342e-10
104,112,0.816406,0.878906,1,0,0,0,-1.71056e-10
105,112,0.824219,0.878906,1,0,0,0,-1.06482e-10
106,112,0.832031,0.878906,1,0,0,0,-6.5441e-11
107,112,0.839844,0.878906,1,0,0,0,-3.97051e-11
108,112,0.847656,0.878906,1,0,0,0,-2.3789e-11
109,112,0.855469,0.878906,1,0,0,0,-1.4083e-11
110,112,0.863281,0.878906,1,0,0,0,-8.22808e-12
111,112,0.871094,0.878906,1,0,0,0,-4.74643e-12
112,112,0.878906,0.878906,1,0,0,0,-2.70006e-12
113,112,0.886719,0.878906,1,0,0,0,-1.50635e-12
114,112,0.894531,0.878906,1,0,0,0,-8.52651e-13
115,112,0.902344,0.878906,1,0,0,0,-4.68958e-13
116,112,0.910156,0.878906,1,0,0,0,-2.41585e-13
117,112,0.917969,0.878906,1,0,0,0,-1.27898e-13
118,112,0.925781,0.878906,1,0,0,0,-7.10543e-14
119,112,0.933594,0.878906,1,0,0,0,-4.26326e-14
120,112,0.941406,0.878906,1,0,0,0,-2.84217e-14
121,112,0.949219,0.878906,1,0,0,0,-1.42109e-14
122,112,0.957031,0.878906,1,0,0,0,0
123,112,0.964844,0.878906,1,0,0,0,0
124,112,0.972656,0.878906,1,0,0,0,0
125,112,0.980469,0.878906,1,0,0,0,0
126,112,0.988281,0.878906,1,0,0,0,0
127,112,0.996094,0.878906,1,0,0,0,0
0,113,0.00390625,0.886719,1,0,0,0,0
1,113,0.0117188,0.886719,1,0,0,0,0
2,113,0.0195312,0.886719,1,0,0,0,0
3,113,0.0273438,0.886719,1,0,0,0,0
4,113,0.0351562,0.886719,1,0,0,0,0
5,113,0.0429688,0.886719,1,0,0,0,0
6,113,0.0507812,0.886719,1,0,0,0,0
7,113,0.0585938,0.886719,1,0,0,0,1.42109e-14
8,113,0.0664062,0.886719,1,0,0,0,2.84217e-14
9,113,0.0742188,0.886719,1,0,0,0,4.26326e-14
10,113,0.0820312,0.886719,1,0,0,0,7.10543e-14
11,113,0.0898438,0.886719,1,0,0,0,1.27898e-13
12,113,0.0976562,0.886719,1,0,0,0,2.55795e-13
13,113,0.105469,0.886719,1,0,0,0,4.68958e-13
14,113,0.113281,0.886719,1,0,0,0,8.3844e-13
15,113,0.121094,0.886719,1,0,0,0,1.49214e-12
16,113,0.128906,0.886719,1,0,0,0,2.60059e-12
17,113,0.136719,0.886719,1,0,0,0,4.51905e-12
18,113,0.144531,0.886719,1,0,0,0,7.74492e-12
19,113,0.152344,0.886719,1,0,0,0,1.3074e-11
20,113,0.160156,0.886719,1,0,0,0,2.18279e-11
21,113,0.167969,0.886719,1,0,0,0,3.59819e-11
22,113,0.175781,0.886719,1,0,0,0,5.85487e-11
23,113,0.183594,0.886719,1,0,0,0,9.40616e-11
24,113,0.191406,0.886719,1,0,0,0,1.49186e-10
25,113,0.199219,0.886719,1,0,0,0,2.33626e-10
26,113,0.207031,0.886719,1,0,0,0,3.61212e-10
27,113,0.214844,0.886719,1,0,0,0,5.51296e-10
28,113,0.222656,0.886719,1,0,0,0,8.3061e-10
29,113,0.230469,0.886719,1,0,0,0,1.23535e-09
30,113,0.238281,0.886719,1,0,0,0,1.8136e-09
31,113,0.246094,0.886719,1,0,0,0,2.628e-09
32,113,0.253906,0.886719,1,0,0,0,3.75852e-09
33,113,0.261719,0.886719,1,0,0,0,5.30503e-09
34,113,0.269531,0.886719,1,0,0,0,7.38943e-09
35,113,0.277344,0.886719,1,0,0,0,1.01568e-08
36,113,0.285156,0.886719,1,0,0,0,1.37748e-08
37,113,0.292969,0.886719,1,0,0,0,1.84314e-08
38,113,0.300781,0.886719,1,0,0,0,2.43295e-08
39,113,0.308594,0.886719,1,0,0,0,3.16781e-08
40,113,0.316406,0.886719,1,0,0,0,4.068e-08
41,113,0.324219,0.886719,1,0,0,0,5.15152e-08
42,113,0.332031,0.886719,1,0,0,0,6.43207e-08
43,113,0.339844,0.886719,1,0,0,0,7.91673e-08
44,113,0.347656,0.886719,1,0,0,0,9.60341e-08
45,113,0.355469,0.886719,1,0,0,0,1.14784e-07
46,113,0.363281,0.886719,1,0,0,0,1.35141e-07
47,113,0.371094,0.886719,1,0,0,0,1.56672e-07
48,113,0.378906,0.886719,1,0,0,0,1.7878e-07
49,113,0.386719,0.886719,1,0,0,0,2.00703e-07
50,113,0.394531,0.886719,1,0,0,0,2.21533e-07
51,113,0.402344,0.886719,1,0,0,0,2.40244e-07
52,113,0.410156,0.886719,1,0,0,0,2.55741e-07
53,113,0.417969,0.886719,1,0,0,0,2.66913e-07
54,113,0.425781,0.886719,1,0,0,0,2.72712e-07
55,113,0.433594,0.886719,1,0,0,0,2.72219e-07
56,113,0.441406,0.886719,1,0,0,0,2.64728e-07
57,113,0.449219,0.886719,1,0,0,0,2.49811e-07
58,113,0.457031,0.886719,1,0,0,0,2.27373e-07
59,113,0.464844,0.886719,1,0,0,0,1.97692e-07
60,113,0.472656,0.886719,1,0,0,0,1.61422e-07
61,113,0.480469,0.886719,1,0,0,0,1.19585e-07
62,113,0.488281,0.886719,1,0,0,0,7.35168e-08
63,113,0.496094,0.886719,1,0,0,0,2.48053e-08
64,113,0.503906,0.886719,1,0,0,0,-2.48053e-08
65,113,0.511719,0.886719,1,0,0,0,-7.35168e-08
66,113,0.519531,0.886719,1,0,0,0,-1.19585e-07
67,113,0.527344,0.886719,1,0,0,0,-1.61422e-07
68,113,0.535156,0.886719,1,0,0,0,-1.97692e-07
69,113,0.542969,0.886719,1,0,0,0,-2.27373e-07
70,113,0.550781,0.886719,1,0,0,0,-2.49811e-07
71,113,0.558594,0.886719,1,0,0,0,-2.64728e-07
72,113,0.566406,0.886719,1,0,0,0,-2.72219e-07
73,113,0.574219,0.886719,1,0,0,0,-2.72712e-07
74,113,0.582031,0.886719,1,0,0,0,-2.66913e-07
75,113,0.589844,0.886719,1,0,0,0,-2.55741e-07
76,113,0.597656,0.886719,1,0,0,0,-2.40244e-07
77,113,0.605469,0.886719,1,0,0,0,-2.21533e-07
78,113,0.613281,0.886719,1,0,0,0,-2.00703e-07
79,113,0.621094,0.886719,1,0,0,0,-1.7878e-07
80,113,0.628906,0.886719,1,0,0,0,-1.56672e-07
81,113,0.636719,0.886719,1,0,0,0,-1.35141e-07
82,113,0.644531,0.886719,1,0,0,0,-1.14784e-07
83,113,0.652344,0.886719,1,0,0,0,-9.60341e-08
84,113,0.660156,0.886719,1,0,0,0,-7.91673e-08
85,113,0.667969,0.886719,1,0,0,0,-6.43207e-08
86,113,0.675781,0.886719,1,0,0,0,-5.15152e-08
87,113,0.683594,0.886719,1,0,0,0,-4.068e-08
88,113,0.691406,0.886719,1,0,0,0,-3.16781e-08
89,113,0.699219,0.886719,1,0,0,0,-2.43295e-08
90,113,0.707031,0.886719,1,0,0,0,-1.84314e-08
91,113,0.714844,0.886719,1,0,0,0,-1.37748e-08
92,113,0.722656,0.886719,1,0,0,0,-1.01568e-08
93,113,0.730469,0.886719,1,0,0,0,-7.38943e-09
94,113,0.738281,0.886719,1,0,0,0,-5.30503e-09
95,113,0.746094,0.886719,1,0,0,0,-3.75852e-09
96,113,0.753906,0.886719,1,0,0,0,-2.628e-09
97,113,0.761719,0.886719,1,0,0,0,-1.8136e-09
98,113,0.769531,0.886719,1,0,0,0,-1.23535e-09
99,113,0.777344,0.886719,1,0,0,0,-8.3061e-10
100,113,0.785156,0.886719,1,0,0,0,-5.51296e-10
101,113,0.792969,0.886719,1,0,0,0,-3.61212e-10
102,113,0.800781,0.886719,1,0,0,0,-2.33626e-10
103,113,0.808594,0.886719,1,0,0,0,-1.49186e-10
104,113,0.816406,0.886719,1,0,0,0,-9.40616e-11
105,113,0.824219,0.886719,1,0,0,0,-5.85487e-11
106,113,0.832031,0.886719,1,0,0,0,-3.59819e-11
107,113,0.839844,0.886719,1,0,0,0,-2.18279e-11
108,113,0.847656,0.886719,1,0,0,0,-1.3074e-11
109,113,0.855469,0.886719,1,0,0,0,-7.74492e-12
110,113,0.863281,0.886719,1,0,0,0,-4.51905e-12
111,113,0.871094,0.886719,1,0,0,0,-2.60059e-12
112,113,0.878906,0.886719,1,0,0,0,-1.49214e-12
113,113,0.886719,0.886719,1,0,0,0,-8.3844e-13
114,113,0.894531,0.886719,1,0,0,0,-4.68958e-13
115,113,0.902344,0.886719,1,0,0,0,-2.55795e-13
116,113,0.910156,0.886719,1,0,0,0,-1.27898e-13
117,113,0.917969,0.886719,1,0,0,0,-7.10543e-14
118,113,0.925781,0.886719,1,0,0,0,-4.26326e-14
119,113,0.933594,0.886719,1,0,0,0,-2.84217e-14
120,113,0.941406,0.886719,1,0,0,0,-1.42109e-14
121,113,0.949219,0.886719,1,0,0,0,0
122,113,0.957031,0.886719,1,0,0,0,0
123,113,0.964844,0.886719,1,0,0,0,0
124,113,0.972656,0.886719,1,0,0,0,0
125,113,0.980469,0.886719,1,0,0,0,0
126,113,0.988281,0.886719,1,0,0,0,0
127,113,0.996094,0.886719,1,0,0,0,0
0,114,0.00390625,0.894531,1,0,0,0,0
1,114,0.0117188,0.894531,1,0,0,0,0
2,114,0.0195312,0.894531,1,0,0,0,0
3,114,0.0273438,0.894531,1,0,0,0,0
4,114,0.0351562,0.894531,1,0,0,0,0
5,114,0.0429688,0.894531,1,0,0,0,0
6,114,0.0507812,0.894531,1,0,0,0,0
7,114,0.0585938,0.894531,1,0,0,0,1.42109e-14
8,114,0.0664062,0.894531,1,0,0,0,1.42109e-14
9,114,0.0742188,0.894531,1,0,0,0,1.42109e-14
10,114,0.0820312,0.894531,1,0,0,0,4.26326e-14
11,114,0.0898438,0.894531,1,0,0,0,7.10543e-14
12,114,0.0976562,0.894531,1,0,0,0,1.42109e-13
13,114,0.105469,0.894531,1,0,0,0,2.55795e-13
14,114,0.113281,0.894531,1,0,0,0,4.54747e-13
15,114,0.121094,0.894531,1,0,0,0,8.10019e-13
16,114,0.128906,0.894531,1,0,0,0,1.40687e-12
17,114,0.136719,0.894531,1,0,0,0,2.45848e-12
18,114,0.144531,0.894531,1,0,0,0,4.20641e-12
19,114,0.152344,0.894531,1,0,0,0,7.10543e-12
20,114,0.160156,0.894531,1,0,0,0,1.18661e-11
21,114,0.167969,0.894531,1,0,0,0,1.95399e-11
22,114,0.175781,0.894531,1,0,0,0,3.17897e-11
23,114,0.183594,0.894531,1,0,0,0,5.1088e-11
24,114,0.191406,0.894531,1,0,0,0,8.10303e-11
25,114,0.199219,0.894531,1,0,0,0,1.26903e-10
26,114,0.207031,0.894531,1,0,0,0,1.96195e-10
27,114,0.214844,0.894531,1,0,0,0,2.99437e-10
28,114,0.222656,0.894531,1,0,0,0,4.51152e-10
29,114,0.230469,0.894531,1,0,0,0,6.70994e-10
30,114,0.238281,0.894531,1,0,0,0,9.85082e-10
31,114,0.246094,0.894531,1,0,0,0,1.42742e-09
32,114,0.253906,0.894531,1,0,0,0,2.04147e-09
33,114,0.261719,0.894531,1,0,0,0,2.88148e-09
34,114,0.269531,0.894531,1,0,0,0,4.01364e-09
35,114,0.277344,0.894531,1,0,0,0,5.51674e-09
36,114,0.285156,0.894531,1,0,0,0,7.4819e-09
37,114,0.292969,0.894531,1,0,0,0,1.00112e-08
38,114,0.300781,0.894531,1,0,0,0,1.32148e-08
39,114,0.308594,0.894531,1,0,0,0,1.72063e-08
40,114,0.316406,0.894531,1,0,0,0,2.20957e-08
41,114,0.324219,0.894531,1,0,0,0,2.7981e-08
42,114,0.332031,0.894531,1,0,0,0,3.49364e-08
43,114,0.339844,0.894531,1,0,0,0,4.30005e-08
44,114,0.347656,0.894531,1,0,0,0,5.21619e-08
45,114,0.355469,0.894531,1,0,0,0,6.23461e-08
46,114,0.363281,0.894531,1,0,0,0,7.34032e-08
47,114,0.371094,0.894531,1,0,0,0,8.50981e-08
48,114,0.378906,0.894531,1,0,0,0,9.7106e-08
49,114,0.386719,0.894531,1,0,0,0,1.09014e-07
50,114,0.394531,0.894531,1,0,0,0,1.20328e-07
51,114,0.402344,0.894531,1,0,0,0,1.30491e-07
52,114,0.410156,0.894531,1,0,0,0,1.38908e-07
53,114,0.417969,0.894531,1,0,0,0,1.44977e-07
54,114,0.425781,0.894531,1,0,0,0,1.48126e-07
55,114,0.433594,0.894531,1,0,0,0,1.47858e-07
56,114,0.441406,0.894531,1,0,0,0,1.4379e-07
57,114,0.449219,0.894531,1,0,0,0,1.35687e-07
58,114,0.457031,0.894531,1,0,0,0,1.235e-07
59,114,0.464844,0.894531,1,0,0,0,1.07378e-07
60,114,0.472656,0.894531,1,0,0,0,8.76781e-08
61,114,0.480469,0.894531,1,0,0,0,6.49536e-08
62,114,0.488281,0.894531,1,0,0,0,3.99314e-08
63,114,0.496094,0.894531,1,0,0,0,1.34733e-08
64,114,0.503906,0.894531,1,0,0,0,-1.34733e-08
65,114,0.511719,0.894531,1,0,0,0,-3.99314e-08
66,114,0.519531,0.894531,1,0,0,0,-6.49536e-08
67,114,0.527344,0.894531,1,0,0,0,-8.76781e-08
68,114,0.535156,0.894531,1,0,0,0,-1.07378e-07
69,114,0.542969,0.894531,1,0,0,0,-1.235e-07
70,114,0.550781,0.894531,1,0,0,0,-1.35687e-07
71,114,0.558594,0.894531,1,0,0,0,-1.4379e-07
72,114,0.566406,0.894531,1,0,0,0,-1.47858e-07
73,114,0.574219,0.894531,1,0,0,0,-1.48126e-07
74,114,0.582031,0.894531,1,0,0,0,-1.44977e-07
75,114,0.589844,0.894531,1,0,0,0,-1.38908e-07
76,114,0.597656,0.894531,1,0,0,0,-1.30491e-07
77,114,0.605469,0.894531,1,0,0,0,-1.20328e-07
78,114,0.613281,0.894531,1,0,0,0,-1.09014e-07
79,114,0.621094,0.894531,1,0,0,0,-9.7106e-08
80,114,0.628906,0.894531,1,0,0,0,-8.50981e-08
81,114,0.636719,0.894531,1,0,0,0,-7.34032e-08
82,114,0.644531,0.894531,1,0,0,0,-6.23461e-08
83,114,0.652344,0.894531,1,0,0,0,-5.21619e-08
84,114,0.660156,0.894531,1,0,0,0,-4.30005e-08
85,114,0.667969,0.894531,1,0,0,0,-3.49364e-08
86,114,0.675781,0.894531,1,0,0,0,-2.7981e-08
87,114,0.683594,0.894531,1,0,0,0,-2.20957e-08
88,114,0.691406,0.894531,1,0,0,0,-1.72063e-08
89,114,0.699219,0.894531,1,0,0,0,-1.32148e-08
90,114,0.707031,0.894531,1,0,0,0,-1.00112e-08
91,114,0.714844,0.894531,1,0,0,0,-7.4819e-09
92,114,0.722656,0.894531,1,0,0,0,-5.51674e-09
93,114,0.730469,0.894531,1,0,0,0,-4.01364e-09
94,114,0.738281,0.894531,1,0,0,0,-2.88148e-09
95,114,0.746094,0.894531,1,0,0,0,-2.04147e-09
96,114,0.753906,0.894531,1,0,0,0,-1.42742e-09
97,114,0.761719,0.894531,1,0,0,0,-9.85082e-10
98,114,0.769531,0.894531,1,0,0,0,-6.70994e-10
99,114,0.777344,0.894531,1,0,0,0,-4.51152e-10
100,114,0.785156,0.894531,1,0,0,0,-2.99437e-10
101,114,0.792969,0.894531,1,0,0,0,-1.96195e-10
102,114,0.800781,0.894531,1,0,0,0,-1.26903e-10
103,114,0.808594,0.894531,1,0,0,0,-8.10303e-11
104,114,0.816406,0.894531,1,0,0,0,-5.1088e-11
105,114,0.824219,0.894531,1,0,0,0,-3.17897e-11
106,114,0.832031,0.894531,1,0,0,0,-1.95399e-11
107,114,0.839844,0.894531,1,0,0,0,-1.18661e-11
108,114,0.847656,0.894531,1,0,0,0,-7.10543e-12
109,114,0.855469,0.894531,1,0,0,0,-4.20641e-12
110,114,0.863281,0.894531,1,0,0,0,-2.45848e-12
111,114,0.871094,0.894531,1,0,0,0,-1.40687e-12
112,114,0.878906,0.894531,1,0,0,0,-8.10019e-13
113,114,0.886719,0.894531,1,0,0,0,-4.54747e-13
114,114,0.894531,0.894531,1,0,0,0,-2.55795e-13
115,114,0.902344,0.894531,1,0,0,0,-1.42109e-13
116,114,0.910156,0.894531,1,0,0,0,-7.10543e-14
117,114,0.917969,0.894531,1,0,0,0,-4.26326e-14
118,114,0.925781,0.894531,1,0,0,0,-1.42109e-14
119,114,0.933594,0.894531,1,0,0,0,-1.42109e-14
120,114,0.941406,0.894531,1,0,0,0,-1.42109e-14
121,114,0.949219,0.894531,1,0,0,0,0
122,114,0.957031,0.894531,1,0,0,0,0
123,114,0.964844,0.894531,1,0,0,0,0
124,114,0.972656,0.894531,1,0,0,0,0
125,114,0.980469,0.894531,1,0,0,0,0
126,114,0.988281,0.894531,1,0,0,0,0
127,114,0.996094,0.894531,1,0,0,0,0
0,115,0.00390625,0.902344,1,0,0,0,0
1,115,0.0117188,0.902344,1,0,0,0,0
2,115,0.0195312,0.902344,1,0,0,0,0
3,115,0.0273438,0.902344,1,0,0,0,0
4,115,0.0351562,0.902344,1,0,0,0,0
5,115,0.0429688,0.902344,1,0,0,0,0
6,115,0.0507812,0.902344,1,0,0,0,0
7,115,0.0585938,0.902344,1,0,0,0,0
8,115,0.0664062,0.902344,1,0,0,0,1.42109e-14
9,115,0.0742188,0.902344,1,0,0,0,1.42109e-14
10,115,0.0820312,0.902344,1,0,0,0,1.42109e-14
11,115,0.0898438,0.902344,1,0,0,0,4.26326e-14
12,115,0.0976562,0.902344,1,0,0,0,7.10543e-14
13,115,0.105469,0.902344,1,0,0,0,1.27898e-13
14,115,0.113281,0.902344,1,0,0,0,2.41585e-13
15,115,0.121094,0.902344,1,0,0,0,4.40536e-13
16,115,0.128906,0.902344,1,0,0,0,7.67386e-13
17,115,0.136719,0.902344,1,0,0,0,1.32161e-12
18,115,0.144531,0.902344,1,0,0,0,2.25953e-12
19,115,0.152344,0.902344,1,0,0,0,3.80851e-12
20,115,0.160156,0.902344,1,0,0,0,6.35225e-12
21,115,0.167969,0.902344,1,0,0,0,1.04876e-11
22,115,0.175781,0.902344,1,0,0,0,1.70672e-11
23,115,0.183594,0.902344,1,0,0,0,2.74127e-11
24,115,0.191406,0.902344,1,0,0,0,4.34852e-11
25,115,0.199219,0.902344,1,0,0,0,6.80842e-11
26,115,0.207031,0.902344,1,0,0,0,1.0526e-10
27,115,0.214844,0.902344,1,0,0,0,1.60668e-10
28,115,0.222656,0.902344,1,0,0,0,2.42082e-10
29,115,0.230469,0.902344,1,0,0,0,3.60046e-10
30,115,0.238281,0.902344,1,0,0,0,5.28559e-10
31,115,0.246094,0.902344,1,0,0,0,7.65908e-10
32,115,0.253906,0.902344,1,0,0,0,1.0954e-09
33,115,0.261719,0.902344,1,0,0,0,1.54611e-09
34,115,0.269531,0.902344,1,0,0,0,2.1536e-09
35,115,0.277344,0.902344,1,0,0,0,2.96012e-09
36,115,0.285156,0.902344,1,0,0,0,4.01457e-09
37,115,0.292969,0.902344,1,0,0,0,5.3717e-09
38,115,0.300781,0.902344,1,0,0,0,7.09066e-09
39,115,0.308594,0.902344,1,0,0,0,9.23238e-09
40,115,0.316406,0.902344,1,0,0,0,1.18559e-08
41,115,0.324219,0.902344,1,0,0,0,1.50138e-08
42,115,0.332031,0.902344,1,0,0,0,1.87458e-08
43,115,0.339844,0.902344,1,0,0,0,2.30728e-08
44,115,0.347656,0.902344,1,0,0,0,2.79885e-08
45,115,0.355469,0.902344,1,0,0,0,3.3453e-08
46,115,0.363281,0.902344,1,0,0,0,3.93859e-08
47,115,0.371094,0.902344,1,0,0,0,4.56611e-08
48,115,0.378906,0.902344,1,0,0,0,5.21042e-08
49,115,0.386719,0.902344,1,0,0,0,5.84935e-08
50,115,0.394531,0.902344,1,0,0,0,6.45643e-08
51,115,0.402344,0.902344,1,0,0,0,7.00176e-08
52,115,0.410156,0.902344,1,0,0,0,7.45339e-08
53,115,0.417969,0.902344,1,0,0,0,7.77901e-08
54,115,0.425781,0.902344,1,0,0,0,7.948e-08
55,115,0.433594,0.902344,1,0,0,0,7.93363e-08
56,115,0.441406,0.902344,1,0,0,0,7.71531e-08
57,115,0.449219,0.902344,1,0,0,0,7.28056e-08
58,115,0.457031,0.902344,1,0,0,0,6.62664e-08
59,115,0.464844,0.902344,1,0,0,0,5.76159e-08
60,115,0.472656,0.902344,1,0,0,0,4.70454e-08
61,115,0.480469,0.902344,1,0,0,0,3.48521e-08
62,115,0.488281,0.902344,1,0,0,0,2.1426e-08
63,115,0.496094,0.902344,1,0,0,0,7.22935e-09
64,115,0.503906,0.902344,1,0,0,0,-7.22935e-09
65,115,0.511719,0.902344,1,0,0,0,-2.1426e-08
66,115,0.519531,0.902344,1,0,0,0,-3.48521e-08
67,115,0.527344,0.902344,1,0,0,0,-4.70454e-08
68,115,0.535156,0.902344,1,0,0,0,-5.76159e-08
69,115,0.542969,0.902344,1,0,0,0,-6.62664e-08
70,115,0.550781,0.902344,1,0,0,0,-7.28056e-08
71,115,0.558594,0.902344,1,0,0,0,-7.71531e-08
72,115,0.566406,0.902344,1,0,0,0,-7.93363e-08
73,115,0.574219,0.902344,1,0,0,0,-7.948e-08
74,115,0.582031,0.902344,1,0,0,0,-7.77901e-08
75,115,0.589844,0.902344,1,0,0,0,-7.45339e-08
76,115,0.597656,0.902344,1,0,0,0,-7.00176e-08
77,115,0.605469,0.902344,1,0,0,0,-6.45643e-08
78,115,0.613281,0.902344,1,0,0,0,-5.84935e-08
79,115,0.621094,0.902344,1,0,0,0,-5.21042e-08
80,115,0.628906,0.902344,1,0,0,0,-4.56611e-08
81,115,0.636719,0.902344,1,0,0,0,-3.93859e-08
82,115,0.644531,0.902344,1,0,0,0,-3.3453e-08
83,115,0.652344,0.902344,1,0,0,0,-2.79885e-08
84,115,0.660156,0.902344,1,0,0,0,-2.30728e-08
85,115,0.667969,0.902344,1,0,0,0,-1.87458e-08
86,115,0.675781,0.902344,1,0,0,0,-1.50138e-08
87,115,0.683594,0.902344,1,0,0,0,-1.18559e-08
88,115,0.691406,0.902344,1,0,0,0,-9.23238e-09
89,115,0.699219,0.902344,1,0,0,0,-7.09066e-09
90,115,0.707031,0.902344,1,0,0,0,-5.3717e-09
91,115,0.714844,0.902344,1,0,0,0,-4.01457e-09
92,115,0.722656,0.902344,1,0,0,0,-2.96012e-09
93,115,0.730469,0.902344,1,0,0,0,-2.1536e-09
94,115,0.738281,0.902344,1,0,0,0,-1.54611e-09
95,115,0.746094,0.902344,1,0,0,0,-1.0954e-09
96,115,0.753906,0.902344,1,0,0,0,-7.65908e-10
97,115,0.761719,0.902344,1,0,0,0,-5.28559e-10
98,115,0.769531,0.902344,1,0,0,0,-3.60046e-10
99,115,0.777344,0.902344,1,0,0,0,-2.42082e-10
100,115,0.785156,0.902344,1,0,0,0,-1.60668e-10
101,115,0.792969,0.902344,1,0,0,0,-1.0526e-10
102,115,0.800781,0.902344,1,0,0,0,-6.80842e-11
103,115,0.808594,0.902344,1,0,0,0,-4.34852e-11
104,115,0.816406,0.902344,1,0,0,0,-2.74127e-11
105,115,0.824219,0.902344,1,0,0,0,-1.70672e-11
106,115,0.832031,0.902344,1,0,0,0,-1.04876e-11
107,115,0.839844,0.902344,1,0,0,0,-6.35225e-12
108,115,0.847656,0.902344,1,0,0,0,-3.80851e-12
109,115,0.855469,0.902344,1,0,0,0,-2.25953e-12
110,115,0.863281,0.902344,1,0,0,0,-1.32161e-12
111,115,0.871094,0.902344,1,0,0,0,-7.67386e-13
112,115,0.878906,0.902344,1,0,0,0,-4.40536e-13
113,115,0.886719,0.902344,1,0,0,0,-2.41585e-13
114,115,0.894531,0.902344,1,0,0,0,-1.27898e-13
115,115,0.902344,0.902344,1,0,0,0,-7.10543e-14
116,115,0.910156,0.902344,1,0,0,0,-4.26326e-14
117,115,0.917969,0.902344,1,0,0,0,-1.42109e-14
118,115,0.925781,0.902344,1,0,0,0,-1.42109e-14
119,115,0.933594,0.902344,1,0,0,0,-1.42109e-14
120,115,0.941406,0.902344,1,0,0,0,0
121,115,0.949219,0.902344,1,0,0,0,0
122,115,0.957031,0.902344,1,0,0,0,0
123,115,0.964844,0.902344,1,0,0,0,0
124,115,0.972656,0.902344,1,0,0,0,0
125,115,0.980469,0.902344,1,0,0,0,0
126,115,0.988281,0.902344,1,0,0,0,0
127,115,0.996094,0.902344,1,0,0,0,0
0,116,0.00390625,0.910156,1,0,0,0,0
1,116,0.0117188,0.910156,1,0,0,0,0
2,116,0.0195312,0.910156,1,0,0,0,0
3,116,0.0273438,0.910156,1,0,0,0,0
4,116,0.0351562,0.910156,1,0,0,0,0
5,116,0.0429688,0.910156,1,0,0,0,0
6,116,0.0507812,0.910156,1,0,0,0,0
7,116,0.0585938,0.910156,1,0,0,0,0
8,116,0.0664062,0.910156,1,0,0,0,0
9,116,0.0742188,0.910156,1,0,0,0,1.42109e-14
10,116,0.0820312,0.910156,1,0,0,0,1.42109e-14
11,116,0.0898438,0.910156,1,0,0,0,1.42109e-14
12,116,0.0976562,0.910156,1,0,0,0,4.26326e-14
13,116,0.105469,0.910156,1,0,0,0,7.10543e-14
14,116,0.113281,0.910156,1,0,0,0,1.27898e-13
15,116,0.121094,0.910156,1,0,0,0,2.27374e-13
16,116,0.128906,0.910156,1,0,0,0,3.97904e-13
17,116,0.136719,0.910156,1,0,0,0,6.96332e-13
18,116,0.144531,0.910156,1,0,0,0,1.19371e-12
19,116,0.152344,0.910156,1,0,0,0,2.03215e-12
20,116,0.160156,0.910156,1,0,0,0,3.38218e-12
21,116,0.167969,0.910156,1,0,0,0,5.55644e-12
22,116,0.175781,0.910156,1,0,0,0,9.0381e-12
23,116,0.183594,0.910156,1,0,0,0,1.45235e-11
24,116,0.191406,0.910156,1,0,0,0,2.305e-11
25,116,0.199219,0.910156,1,0,0,0,3.60956e-11
26,116,0.207031,0.910156,1,0,0,0,5.5806e-11
27,116,0.214844,0.910156,1,0,0,0,8.51657e-11
28,116,0.222656,0.910156,1,0,0,0,1.2831e-10
29,116,0.230469,0.910156,1,0,0,0,1.90838e-10
30,116,0.238281,0.910156,1,0,0,0,2.80167e-10
31,116,0.246094,0.910156,1,0,0,0,4.05976e-10
32,116,0.253906,0.910156,1,0,0,0,5.80627e-10
33,116,0.261719,0.910156,1,0,0,0,8.1954e-10
34,116,0.269531,0.910156,1,0,0,0,1.14153e-09
35,116,0.277344,0.910156,1,0,0,0,1.56903e-09
36,116,0.285156,0.910156,1,0,0,0,2.12796e-09
37,116,0.292969,0.910156,1,0,0,0,2.84733e-09
38,116,0.300781,0.910156,1,0,0,0,3.75849e-09
39,116,0.308594,0.910156,1,0,0,0,4.89371e-09
40,116,0.316406,0.910156,1,0,0,0,6.28434e-09
41,116,0.324219,0.910156,1,0,0,0,7.95819e-09
42,116,0.332031,0.910156,1,0,0,0,9.93641e-09
43,116,0.339844,0.910156,1,0,0,0,1.22299e-08
44,116,0.347656,0.910156,1,0,0,0,1.48356e-08
45,116,0.355469,0.910156,1,0,0,0,1.77321e-08
46,116,0.363281,0.910156,1,0,0,0,2.08769e-08
47,116,0.371094,0.910156,1,0,0,0,2.42031e-08
48,116,0.378906,0.910156,1,0,0,0,2.76183e-08
49,116,0.386719,0.910156,1,0,0,0,3.10051e-08
50,116,0.394531,0.910156,1,0,0,0,3.42229e-08
51,116,0.402344,0.910156,1,0,0,0,3.71135e-08
52,116,0.410156,0.910156,1,0,0,0,3.95074e-08
53,116,0.417969,0.910156,1,0,0,0,4.12334e-08
54,116,0.425781,0.910156,1,0,0,0,4.21291e-08
55,116,0.433594,0.910156,1,0,0,0,4.2053e-08
56,116,0.441406,0.910156,1,0,0,0,4.08958e-08
57,116,0.449219,0.910156,1,0,0,0,3.85913e-08
58,116,0.457031,0.910156,1,0,0,0,3.51251e-08
59,116,0.464844,0.910156,1,0,0,0,3.05399e-08
60,116,0.472656,0.910156,1,0,0,0,2.49369e-08
61,116,0.480469,0.910156,1,0,0,0,1.84737e-08
62,116,0.488281,0.910156,1,0,0,0,1.1357e-08
63,116,0.496094,0.910156,1,0,0,0,3.83199e-09
64,116,0.503906,0.910156,1,0,0,0,-3.83199e-09
65,116,0.511719,0.910156,1,0,0,0,-1.1357e-08
66,116,0.519531,0.910156,1,0,0,0,-1.84737e-08
67,116,0.527344,0.910156,1,0,0,0,-2.49369e-08
68,116,0.535156,0.910156,1,0,0,0,-3.05399e-08
69,116,0.542969,0.910156,1,0,0,0,-3.51251e-08
70,116,0.550781,0.910156,1,0,0,0,-3.85913e-08
71,116,0.558594,0.910156,1,0,0,0,-4.08958e-08
72,116,0.566406,0.910156,1,0,0,0,-4.2053e-08
73,116,0.574219,0.910156,1,0,0,0,-4.21291e-08
74,116,0.582031,0.910156,1,0,0,0,-4.12334e-08
75,116,0.589844,0.910156,1,0,0,0,-3.95074e-08
76,116,0.597656,0.910156,1,0,0,0,-3.71135e-08
77,116,0.605469,0.910156,1,0,0,0,-3.42229e-08
78,116,0.613281,0.910156,1,0,0,0,-3.10051e-08
79,116,0.621094,0.910156,1,0,0,0,-2.76183e-08
80,116,0.628906,0.910156,1,0,0,0,-2.42031e-08
81,116,0.636719,0.910156,1,0,0,0,-2.08769e-08
82,116,0.644531,0.910156,1,0,0,0,-1.77321e-08
83,116,0.652344,0.910156,1,0,0,0,-1.48356e-08
84,116,0.660156,0.910156,1,0,0,0,-1.22299e-08
85,116,0.667969,0.910156,1,0,0,0,-9.93641e-09
86,116,0.675781,0.910156,1,0,0,0,-7.95819e-09
87,116,0.683594,0.910156,1,0,0,0,-6.28434e-09
88,116,0.691406,0.910156,1,0,0,0,-4.89371e-09
89,116,0.699219,0.910156,1,0,0,0,-3.75849e-09
90,116,0.707031,0.910156,1,0,0,0,-2.84733e-09
91,116,0.714844,0.910156,1,0,0,0,-2.12796e-09
92,116,0.722656,0.910156,1,0,0,0,-1.56903e-09
93,116,0.730469,0.910156,1,0,0,0,-1.14153e-09
94,116,0.738281,0.910156,1,0,0,0,-8.1954e-10
95,116,0.746094,0.910156,1,0,0,0,-5.80627e-10
96,116,0.753906,0.910156,1,0,0,0,-4.05976e-10
97,116,0.761719,0.910156,1,0,0,0,-2.80167e-10
98,116,0.769531,0.910156,1,0,0,0,-1.90838e-10
99,116,0.777344,0.910156,1,0,0,0,-1.2831e-10
100,116,0.785156,0.910156,1,0,0,0,-8.51657e-11
101,116,0.792969,0.910156,1,0,0,0,-5.5806e-11
102,116,0.800781,0.910156,1,0,0,0,-3.60956e-11
103,116,0.808594,0.910156,1,0,0,0,-2.305e-11
104,116,0.816406,0.910156,1,0,0,0,-1.45235e-11
105,116,0.824219,0.910156,1,0,0,0,-9.0381e-12
106,116,0.832031,0.910156,1,0,0,0,-5.55644e-12
107,116,0.839844,0.910156,1,0,0,0,-3.38218e-12
108,116,0.847656,0.910156,1,0,0,0,-2.03215e-12
109,116,0.855469,0.910156,1,0,0,0,-1.19371e-12
110,116,0.863281,0.910156,1,0,0,0,-6.96332e-13
111,116,0.871094,0.910156,1,0,0,0,-3.97904e-13
112,116,0.878906,0.910156,1,0,0,0,-2.27374e-13
113,116,0.886719,0.910156,1,0,0,0,-1.27898e-13
114,116,0.894531,0.910156,1,0,0,0,-7.10543e-14
115,116,0.902344,0.910156,1,0,0,0,-4.26326e-14
116,116,0.910156,0.910156,1,0,0,0,-1.42109e-14
117,116,0.917969,0.910156,1,0,0,0,-1.42109e-14
118,116,0.925781,0.910156,1,0,0,0,-1.42109e-14
119,116,0.933594,0.910156,1,0,0,0,0
120,116,0.941406,0.910156,1,0,0,0,0
121,116,0.949219,0.910156,1,0,0,0,0
122,116,0.957031,0.910156,1,0,0,0,0
123,116,0.964844,0.910156,1,0,0,0,0
124,116,0.972656,0.910156,1,0,0,0,0
125,116,0.980469,0.910156,1,0,0,0,0
126,116,0.988281,0.910156,1,0,0,0,0
127,116,0.996094,0.910156,1,0,0,0,0
0,117,0.00390625,0.917969,1,0,0,0,0
1,117,0.0117188,0.917969,1,0,0,0,0
2,117,0.0195312,0.917969,1,0,0,0,0
3,117,0.0273438,0.917969,1,0,0,0,0
4,117,0.0351562,0.917969,1,0,0,0,0
5,117,0.0429688,0.917969,1,0,0,0,0
6,117,0.0507812,0.917969,1,0,0,0,0
7,117,0.0585938,0.917969,1,0,0,0,0
8,117,0.0664062,0.917969,1,0,0,0,0
9,117,0.0742188,0.917969,1,0,0,0,0
10,117,0.0820312,0.917969,1,0,0,0,1.42109e-14
11,117,0.0898438,0.917969,1,0,0,0,1.42109e-14
12,117,0.0976562,0.917969,1,0,0,0,1.42109e-14
13,117,0.105469,0.917969,1,0,0,0,4.26326e-14
14,117,0.113281,0.917969,1,0,0,0,7.10543e-14
15,117,0.121094,0.917969,1,0,0,0,1.13687e-13
16,117,0.128906,0.917969,1,0,0,0,2.13163e-13
17,117,0.136719,0.917969,1,0,0,0,3.69482e-13
18,117,0.144531,0.917969,1,0,0,0,6.25278e-13
19,117,0.152344,0.917969,1,0,0,0,1.0516e-12
20,117,0.160156,0.917969,1,0,0,0,1.76215e-12
21,117,0.167969,0.917969,1,0,0,0,2.91323e-12
22,117,0.175781,0.917969,1,0,0,0,4.73221e-12
23,117,0.183594,0.917969,1,0,0,0,7.61702e-12
24,117,0.191406,0.917969,1,0,0,0,1.2065e-11
25,117,0.199219,0.917969,1,0,0,0,1.88862e-11
26,117,0.207031,0.917969,1,0,0,0,2.92175e-11
27,117,0.214844,0.917969,1,0,0,0,4.46079e-11
28,117,0.222656,0.917969,1,0,0,0,6.72031e-11
29,117,0.230469,0.917969,1,0,0,0,9.99165e-11
30,117,0.238281,0.917969,1,0,0,0,1.46699e-10
31,117,0.246094,0.917969,1,0,0,0,2.12594e-10
32,117,0.253906,0.917969,1,0,0,0,3.04027e-10
33,117,0.261719,0.917969,1,0,0,0,4.29125e-10
34,117,0.269531,0.917969,1,0,0,0,5.97751e-10
35,117,0.277344,0.917969,1,0,0,0,8.21601e-10
36,117,0.285156,0.917969,1,0,0,0,1.11426e-09
37,117,0.292969,0.917969,1,0,0,0,1.49093e-09
38,117,0.300781,0.917969,1,0,0,0,1.96805e-09
39,117,0.308594,0.917969,1,0,0,0,2.56249e-09
40,117,0.316406,0.917969,1,0,0,0,3.29065e-09
41,117,0.324219,0.917969,1,0,0,0,4.16713e-09
42,117,0.332031,0.917969,1,0,0,0,5.20299e-09
43,117,0.339844,0.917969,1,0,0,0,6.40395e-09
44,117,0.347656,0.917969,1,0,0,0,7.76834e-09
45,117,0.355469,0.917969,1,0,0,0,9.28505e-09
46,117,0.363281,0.917969,1,0,0,0,1.09317e-08
47,117,0.371094,0.917969,1,0,0,0,1.26734e-08
48,117,0.378906,0.917969,1,0,0,0,1.44617e-08
49,117,0.386719,0.917969,1,0,0,0,1.62351e-08
50,117,0.394531,0.917969,1,0,0,0,1.79201e-08
51,117,0.402344,0.917969,1,0,0,0,1.94337e-08
52,117,0.410156,0.917969,1,0,0,0,2.06872e-08
53,117,0.417969,0.917969,1,0,0,0,2.1591e-08
54,117,0.425781,0.917969,1,0,0,0,2.206e-08
55,117,0.433594,0.917969,1,0,0,0,2.20201e-08
56,117,0.441406,0.917969,1,0,0,0,2.14142e-08
57,117,0.449219,0.917969,1,0,0,0,2.02075e-08
58,117,0.457031,0.917969,1,0,0,0,1.83925e-08
59,117,0.464844,0.917969,1,0,0,0,1.59916e-08
60,117,0.472656,0.917969,1,0,0,0,1.30577e-08
61,117,0.480469,0.917969,1,0,0,0,9.67336e-09
62,117,0.488281,0.917969,1,0,0,0,5.94686e-09
63,117,0.496094,0.917969,1,0,0,0,2.00653e-09
64,117,0.503906,0.917969,1,0,0,0,-2.00653e-09
65,117,0.511719,0.917969,1,0,0,0,-5.94686e-09
66,117,0.519531,0.917969,1,0,0,0,-9.67336e-09
67,117,0.527344,0.917969,1,0,0,0,-1.30577e-08
68,117,0.535156,0.917969,1,0,0,0,-1.59916e-08
69,117,0.542969,0.917969,1,0,0,0,-1.83925e-08
70,117,0.550781,0.917969,1,0,0,0,-2.02075e-08
71,117,0.558594,0.917969,1,0,0,0,-2.14142e-08
72,117,0.566406,0.917969,1,0,0,0,-2.20201e-08
73,117,0.574219,0.917969,1,0,0,0,-2.206e-08
74,117,0.582031,0.917969,1,0,0,0,-2.1591e-08
75,117,0.589844,0.917969,1,0,0,0,-2.06872e-08
76,117,0.597656,0.917969,1,0,0,0,-1.94337e-08
77,117,0.605469,0.917969,1,0,0,0,-1.79201e-08
78,117,0.613281,0.917969,1,0,0,0,-1.62351e-08
79,117,0.621094,0.917969,1,0,0,0,-1.44617e-08
80,117,0.628906,0.917969,1,0,0,0,-1.26734e-08
81,117,0.636719,0.917969,1,0,0,0,-1.09317e-08
82,117,0.644531,0.917969,1,0,0,0,-9.28505e-09
83,117,0.652344,0.917969,1,0,0,0,-7.76834e-09
84,117,0.660156,0.917969,1,0,0,0,-6.40395e-09
85,117,0.667969,0.917969,1,0,0,0,-5.20299e-09
86,117,0.675781,0.917969,1,0,0,0,-4.16713e-09
87,117,0.683594,0.917969,1,0,0,0,-3.29065e-09
88,117,0.691406,0.917969,1,0,0,0,-2.56249e-09
89,117,0.699219,0.917969,1,0,0,0,-1.96805e-09
90,117,0.707031,0.917969,1,0,0,0,-1.49093e-09
91,117,0.714844,0.917969,1,0,0,0,-1.11426e-09
92,117,0.722656,0.917969,1,0,0,0,-8.21601e-10
93,117,0.730469,0.917969,1,0,0,0,-5.97751e-10
94,117,0.738281,0.917969,1,0,0,0,-4.29125e-10
95,117,0.746094,0.917969,1,0,0,0,-3.04027e-10
96,117,0.753906,0.917969,1,0,0,0,-2.12594e-10
97,117,0.761719,0.917969,1,0,0,0,-1.46699e-10
98,117,0.769531,0.917969,1,0,0,0,-9.99165e-11
99,117,0.777344,0.917969,1,0,0,0,-6.72031e-11
100,117,0.785156,0.917969,1,0,0,0,-4.46079e-11
101,117,0.792969,0.917969,1,0,0,0,-2.92175e-11
102,117,0.800781,0.917969,1,0,0,0,-1.88862e-11
103,117,0.808594,0.917969,1,0,0,0,-1.2065e-11
104,117,0.816406,0.917969,1,0,0,0,-7.61702e-12
105,117,0.824219,0.917969,1,0,0,0,-4.73221e-12
106,117,0.832031,0.917969,1,0,0,0,-2.91323e-12
107,117,0.839844,0.917969,1,0,0,0,-1.76215e-12
108,117,0.847656,0.917969,1,0,0,0,-1.0516e-12
109,117,0.855469,0.917969,1,0,0,0,-6.25278e-13
110,117,0.863281,0.917969,1,0,0,0,-3.69482e-13
111,117,0.871094,0.917969,1,0,0,0,-2.13163e-13
112,117,0.878906,0.917969,1,0,0,0,-1.13687e-13
113,117,0.886719,0.917969,1,0,0,0,-7.10543e-14
114,117,0.894531,0.917969,1,0,0,0,-4.26326e-14
115,117,0.902344,0.917969,1,0,0,0,-1.42109e-14
116,117,0.910156,0.917969,1,0,0,0,-1.42109e-14
117,117,0.917969,0.917969,1,0,0,0,-1.42109e-14
118,117,0.925781,0.917969,1,0,0,0,0
119,117,0.933594,0.917969,1,0,0,0,0
120,117,0.941406,0.917969,1,0,0,0,0
121,117,0.949219,0.917969,1,0,0,0,0
122,117,0.957031,0.917969,1,0,0,0,0
123,117,0.964844,0.917969,1,0,0,0,0
124,117,0.972656,0.917969,1,0,0,0,0
125,117,0.980469,0.917969,1,0,0,0,0
126,117,0.988281,0.917969,1,0,0,0,0
127,117,0.996094,0.917969,1,0,0,0,0
0,118,0.00390625,0.925781,1,0,0,0,0
1,118,0.0117188,0.925781,1,0,0,0,0
2,118,0.0195312,0.925781,1,0,0,0,0
3,118,0.0273438,0.925781,1,0,0,0,0
4,118,0.0351562,0.925781,1,0,0,0,0
5,118,0.0429688,0.925781,1,0,0,0,0
6,118,0.0507812,0.925781,1,0,0,0,0
7,118,0.0585938,0.925781,1,0,0,0,0
8,118,0.0664062,0.925781,1,0,0,0,0
9,118,0.0742188,0.925781,1,0,0,0,0
10,118,0.0820312,0.925781,1,0,0,0,0
11,118,0.0898438,0.925781,1,0,0,0,1.42109e-14
12,118,0.0976562,0.925781,1,0,0,0,1.42109e-14
13,118,0.105469,0.925781,1,0,0,0,1.42109e-14
14,118,0.113281,0.925781,1,0,0,0,4.26326e-14
15,118,0.121094,0.925781,1,0,0,0,5.68434e-14
16,118,0.128906,0.925781,1,0,0,0,9.9476e-14
17,118,0.136719,0.925781,1,0,0,0,1.98952e-13
18,118,0.144531,0.925781,1,0,0,0,3.2685e-13
19,118,0.152344,0.925781,1,0,0,0,5.40012e-13
20,118,0.160156,0.925781,1,0,0,0,9.09495e-13
21,118,0.167969,0.925781,1,0,0,0,1.50635e-12
22,118,0.175781,0.925781,1,0,0,0,2.45848e-12
23,118,0.183594,0.925781,1,0,0,0,3.93641e-12
24,118,0.191406,0.925781,1,0,0,0,6.23857e-12
25,118,0.199219,0.925781,1,0,0,0,9.77707e-12
26,118,0.207031,0.925781,1,0,0,0,1.51061e-11
27,118,0.214844,0.925781,1,0,0,0,2.30642e-11
28,118,0.222656,0.925781,1,0,0,0,3.47598e-11
29,118,0.230469,0.925781,1,0,0,0,5.16991e-11
30,118,0.238281,0.925781,1,0,0,0,7.5886e-11
31,118,0.246094,0.925781,1,0,0,0,1.09964e-10
32,118,0.253906,0.925781,1,0,0,0,1.57272e-10
33,118,0.261719,0.925781,1,0,0,0,2.21974e-10
34,118,0.269531,0.925781,1,0,0,0,3.092e-10
35,118,0.277344,0.925781,1,0,0,0,4.2499e-10
36,118,0.285156,0.925781,1,0,0,0,5.76378e-10
37,118,0.292969,0.925781,1,0,0,0,7.71223e-10
38,118,0.300781,0.925781,1,0,0,0,1.01802e-09
39,118,0.308594,0.925781,1,0,0,0,1.32552e-09
40,118,0.316406,0.925781,1,0,0,0,1.70218e-09
41,118,0.324219,0.925781,1,0,0,0,2.15556e-09
42,118,0.332031,0.925781,1,0,0,0,2.69138e-09
43,118,0.339844,0.925781,1,0,0,0,3.31261e-09
44,118,0.347656,0.925781,1,0,0,0,4.01836e-09
45,118,0.355469,0.925781,1,0,0,0,4.80291e-09
46,118,0.363281,0.925781,1,0,0,0,5.65473e-09
47,118,0.371094,0.925781,1,0,0,0,6.55565e-09
48,118,0.378906,0.925781,1,0,0,0,7.48071e-09
49,118,0.386719,0.925781,1,0,0,0,8.39803e-09
50,118,0.394531,0.925781,1,0,0,0,9.26963e-09
51,118,0.402344,0.925781,1,0,0,0,1.00526e-08
52,118,0.410156,0.925781,1,0,0,0,1.0701e-08
53,118,0.417969,0.925781,1,0,0,0,1.11685e-08
54,118,0.425781,0.925781,1,0,0,0,1.14111e-08
55,118,0.433594,0.925781,1,0,0,0,1.13905e-08
56,118,0.441406,0.925781,1,0,0,0,1.1077e-08
57,118,0.449219,0.925781,1,0,0,0,1.04529e-08
58,118,0.457031,0.925781,1,0,0,0,9.51401e-09
59,118,0.464844,0.925781,1,0,0,0,8.27204e-09
60,118,0.472656,0.925781,1,0,0,0,6.75441e-09
61,118,0.480469,0.925781,1,0,0,0,5.00378e-09
62,118,0.488281,0.925781,1,0,0,0,3.07617e-09
63,118,0.496094,0.925781,1,0,0,0,1.03793e-09
64,118,0.503906,0.925781,1,0,0,0,-1.03793e-09
65,118,0.511719,0.925781,1,0,0,0,-3.07617e-09
66,118,0.519531,0.925781,1,0,0,0,-5.00378e-09
67,118,0.527344,0.925781,1,0,0,0,-6.75441e-09
68,118,0.535156,0.925781,1,0,0,0,-8.27204e-09
69,118,0.542969,0.925781,1,0,0,0,-9.51401e-09
70,118,0.550781,0.925781,1,0,0,0,-1.04529e-08
71,118,0.558594,0.925781,1,0,0,0,-1.1077e-08
72,118,0.566406,0.925781,1,0,0,0,-1.13905e-08
73,118,0.574219,0.925781,1,0,0,0,-1.14111e-08
74,118,0.582031,0.925781,1,0,0,0,-1.11685e-08
75,118,0.589844,0.925781,1,0,0,0,-1.0701e-08
76,118,0.597656,0.925781,1,0,0,0,-1.00526e-08
77,118,0.605469,0.925781,1,0,0,0,-9.26963e-09
78,118,0.613281,0.925781,1,0,0,0,-8.39803e-09
79,118,0.621094,0.925781,1,0,0,0,-7.48071e-09
80,118,0.628906,0.925781,1,0,0,0,-6.55565e-09
81,118,0.636719,0.925781,1,0,0,0,-5.65473e-09
82,118,0.644531,0.925781,1,0,0,0,-4.80291e-09
83,118,0.652344,0.925781,1,0,0,0,-4.01836e-09
84,118,0.660156,0.925781,1,0,0,0,-3.31261e-09
85,118,0.667969,0.925781,1,0,0,0,-2.69138e-09
86,118,0.675781,0.925781,1,0,0,0,-2.15556e-09
87,118,0.683594,0.925781,1,0,0,0,-1.70218e-09
88,118,0.691406,0.925781,1,0,0,0,-1.32552e-09
89,118,0.699219,0.925781,1,0,0,0,-1.01802e-09
90,118,0.707031,0.925781,1,0,0,0,-7.71223e-10
91,118,0.714844,0.925781,1,0,0,0,-5.76378e-10
92,118,0.722656,0.925781,1,0,0,0,-4.2499e-10
93,118,0.730469,0.925781,1,0,0,0,-3.092e-10
94,118,0.738281,0.925781,1,0,0,0,-2.21974e-10
95,118,0.746094,0.925781,1,0,0,0,-1.57272e-10
96,118,0.753906,0.925781,1,0,0,0,-1.09964e-10
97,118,0.761719,0.925781,1,0,0,0,-7.5886e-11
98,118,0.769531,0.925781,1,0,0,0,-5.16991e-11
99,118,0.777344,0.925781,1,0,0,0,-3.47598e-11
100,118,0.785156,0.925781,1,0,0,0,-2.30642e-11
101,118,0.792969,0.925781,1,0,0,0,-1.51061e-11
102,118,0.800781,0.925781,1,0,0,0,-9.77707e-12
103,118,0.808594,0.925781,1,0,0,0,-6.23857e-12
104,118,0.816406,0.925781,1,0,0,0,-3.93641e-12
105,118,0.824219,0.925781,1,0,0,0,-2.45848e-12
106,118,0.832031,0.925781,1,0,0,0,-1.50635e-12
107,118,0.839844,0.925781,1,0,0,0,-9.09495e-13
108,118,0.847656,0.925781,1,0,0,0,-5.40012e-13
109,118,0.855469,0.925781,1,0,0,0,-3.2685e-13
110,118,0.863281,0.925781,1,0,0,0,-1.98952e-13
111,118,0.871094,0.925781,1,0,0,0,-9.9476e-14
112,118,0.878906,0.925781,1,0,0,0,-5.68434e-14
113,118,0.886719,0.925781,1,0,0,0,-4.26326e-14
114,118,0.894531,0.925781,1,0,0,0,-1.42109e-14
115,118,0.902344,0.925781,1,0,0,0,-1.42109e-14
116,118,0.910156,0.925781,1,0,0,0,-1.42109e-14
117,118,0.917969,0.925781,1,0,0,0,0
118,118,0.925781,0.925781,1,0,0,0,0
119,118,0.933594,0.925781,1,0,0,0,0
120,118,0.941406,0.925781,1,0,0,0,0
121,118,0.949219,0.925781,1,0,0,0,0
122,118,0.957031,0.925781,1,0,0,0,0
123,118,0.964844,0.925781,1,0,0,0,0
124,118,0.972656,0.925781,1,0,0,0,0
125,118,0.980469,0.925781,1,0,0,0,0
126,118,0.988281,0.925781,1,0,0,0,0
127,118,0.996094,0.925781,1,0,0,0,0
0,119,0.00390625,0.933594,1,0,0,0,0
1,119,0.0117188,0.933594,1,0,0,0,0
2,119,0.0195312,0.933594,1,0,0,0,0
3,119,0.0273438,0.933594,1,0,0,0,0
4,119,0.0351562,0.933594,1,0,0,0,0
5,119,0.0429688,0.933594,1,0,0,0,0
6,119,0.0507812,0.933594,1,0,0,0,0
7,119,0.0585938,0.933594,1,0,0,0,0
8,119,0.0664062,0.933594,1,0,0,0,0
9,119,0.0742188,0.933594,1,0,0,0,0
10,119,0.0820312,0.933594,1,0,0,0,0
11,119,0.0898438,0.933594,1,0,0,0,0
12,119,0.0976562,0.933594,1,0,0,0,1.42109e-14
13,119,0.105469,0.933594,1,0,0,0,1.42109e-14
14,119,0.113281,0.933594,1,0,0,0,1.42109e-14
15,119,0.121094,0.933594,1,0,0,0,2.84217e-14
16,119,0.128906,0.933594,1,0,0,0,5.68434e-14
17,119,0.136719,0.933594,1,0,0,0,9.9476e-14
18,119,0.144531,0.933594,1,0,0,0,1.56319e-13
19,119,0.152344,0.933594,1,0,0,0,2.84217e-13
20,119,0.160156,0.933594,1,0,0,0,4.68958e-13
21,119,0.167969,0.933594,1,0,0,0,7.67386e-13
22,119,0.175781,0.933594,1,0,0,0,1.25056e-12
23,119,0.183594,0.933594,1,0,0,0,2.00373e-12
24,119,0.191406,0.933594,1,0,0,0,3.19744e-12
25,119,0.199219,0.933594,1,0,0,0,5.00222e-12
26,119,0.207031,0.933594,1,0,0,0,7.71649e-12
27,119,0.214844,0.933594,1,0,0,0,1.17808e-11
28,119,0.222656,0.933594,1,0,0,0,1.77636e-11
29,119,0.230469,0.933594,1,0,0,0,2.6418e-11
30,119,0.238281,0.933594,1,0,0,0,3.87814e-11
31,119,0.246094,0.933594,1,0,0,0,5.61897e-11
32,119,0.253906,0.933594,1,0,0,0,8.03624e-11
33,119,0.261719,0.933594,1,0,0,0,1.13431e-10
34,119,0.269531,0.933594,1,0,0,0,1.57996e-10
35,119,0.277344,0.933594,1,0,0,0,2.1717e-10
36,119,0.285156,0.933594,1,0,0,0,2.94534e-10
37,119,0.292969,0.933594,1,0,0,0,3.94095e-10
38,119,0.300781,0.933594,1,0,0,0,5.20203e-10
39,119,0.308594,0.933594,1,0,0,0,6.77346e-10
40,119,0.316406,0.933594,1,0,0,0,8.69818e-10
41,119,0.324219,0.933594,1,0,0,0,1.10148e-09
42,119,0.332031,0.933594,1,0,0,0,1.37528e-09
43,119,0.339844,0.933594,1,0,0,0,1.69274e-09
44,119,0.347656,0.933594,1,0,0,0,2.05338e-09
45,119,0.355469,0.933594,1,0,0,0,2.45429e-09
46,119,0.363281,0.933594,1,0,0,0,2.88956e-09
47,119,0.371094,0.933594,1,0,0,0,3.34994e-09
48,119,0.378906,0.933594,1,0,0,0,3.82263e-09
49,119,0.386719,0.933594,1,0,0,0,4.29139e-09
50,119,0.394531,0.933594,1,0,0,0,4.73678e-09
51,119,0.402344,0.933594,1,0,0,0,5.13685e-09
52,119,0.410156,0.933594,1,0,0,0,5.46821e-09
53,119,0.417969,0.933594,1,0,0,0,5.70709e-09
54,119,0.425781,0.933594,1,0,0,0,5.83105e-09
55,119,0.433594,0.933594,1,0,0,0,5.82052e-09
56,119,0.441406,0.933594,1,0,0,0,5.66037e-09
57,119,0.449219,0.933594,1,0,0,0,5.34141e-09
58,119,0.457031,0.933594,1,0,0,0,4.86165e-09
59,119,0.464844,0.933594,1,0,0,0,4.227e-09
60,119,0.472656,0.933594,1,0,0,0,3.4515e-09
61,119,0.480469,0.933594,1,0,0,0,2.55694e-09
62,119,0.488281,0.933594,1,0,0,0,1.57192e-09
63,119,0.496094,0.933594,1,0,0,0,5.30378e-10
64,119,0.503906,0.933594,1,0,0,0,-5.30378e-10
65,119,0.511719,0.933594,1,0,0,0,-1.57192e-09
66,119,0.519531,0.933594,1,0,0,0,-2.55694e-09
67,119,0.527344,0.933594,1,0,0,0,-3.4515e-09
68,119,0.535156,0.933594,1,0,0,0,-4.227e-09
69,119,0.542969,0.933594,1,0,0,0,-4.86165e-09
70,119,0.550781,0.933594,1,0,0,0,-5.34141e-09
71,119,0.558594,0.933594,1,0,0,0,-5.66037e-09
72,119,0.566406,0.933594,1,0,0,0,-5.82052e-09
73,119,0.574219,0.933594,1,0,0,0,-5.83105e-09
74,119,0.582031,0.933594,1,0,0,0,-5.70709e-09
75,119,0.589844,0.933594,1,0,0,0,-5.46821e-09
76,119,0.597656,0.933594,1,0,0,0,-5.13685e-09
77,119,0.605469,0.933594,1,0,0,0,-4.73678e-09
78,119,0.613281,0.933594,1,0,0,0,-4.29139e-09
79,119,0.621094,0.933594,1,0,0,0,-3.82263e-09
80,119,0.628906,0.933594,1,0,0,0,-3.34994e-09
81,119,0.636719,0.933594,1,0,0,0,-2.88956e-09
82,119,0.644531,0.933594,1,0,0,0,-2.45429e-09
83,119,0.652344,0.933594,1,0,0,0,-2.05338e-09
84,119,0.660156,0.933594,1,0,0,0,-1.69274e-09
85,119,0.667969,0.933594,1,0,0,0,-1.37528e-09
86,119,0.675781,0.933594,1,0,0,0,-1.10148e-09
87,119,0.683594,0.933594,1,0,0,0,-8.69818e-10
88,119,0.691406,0.933594,1,0,0,0,-6.77346e-10
89,119,0.699219,0.933594,1,0,0,0,-5.20203e-10
90,119,0.707031,0.933594,1,0,0,0,-3.94095e-10
91,119,0.714844,0.933594,1,0,0,0,-2.94534e-10
92,119,0.722656,0.933594,1,0,0,0,-2.1717e-10
93,119,0.730469,0.933594,1,0,0,0,-1.57996e-10
94,119,0.738281,0.933594,1,0,0,0,-1.13431e-10
95,119,0.746094,0.933594,1,0,0,0,-8.03624e-11
96,119,0.753906,0.933594,1,0,0,0,-5.61897e-11
97,119,0.761719,0.933594,1,0,0,0,-3.87814e-11
98,119,0.769531,0.933594,1,0,0,0,-2.6418e-11
99,119,0.777344,0.933594,1,0,0,0,-1.77636e-11
100,119,0.785156,0.933594,1,0,0,0,-1.17808e-11
101,119,0.792969,0.933594,1,0,0,0,-7.71649e-12
102,119,0.800781,0.933594,1,0,0,0,-5.00222e-12
103,119,0.808594,0.933594,1,0,0,0,-3.19744e-12
104,119,0.816406,0.933594,1,0,0,0,-2.00373e-12
105,119,0.824219,0.933594,1,0,0,0,-1.25056e-12
106,119,0.832031,0.933594,1,0,0,0,-7.67386e-13
107,119,0.839844,0.933594,1,0,0,0,-4.68958e-13
108,119,0.847656,0.933594,1,0,0,0,-2.84217e-13
109,119,0.855469,0.933594,1,0,0,0,-1.56319e-13
110,119,0.863281,0.933594,1,0,0,0,-9.9476e-14
111,119,0.871094,0.933594,1,0,0,0,-5.68434e-14
112,119,0.878906,0.933594,1,0,0,0,-2.84217e-14
113,119,0.886719,0.933594,1,0,0,0,-1.42109e-14
114,119,0.894531,0.933594,1,0,0,0,-1.42109e-14
115,119,0.902344,0.933594,1,0,0,0,-1.42109e-14
116,119,0.910156,0.933594,1,0,0,0,0
117,119,0.917969,0.933594,1,0,0,0,0
118,119,0.925781,0.933594,1,0,0,0,0
119,119,0.933594,0.933594,1,0,0,0,0
120,119,0.941406,0.933594,1,0,0,0,0
121,119,0.949219,0.933594,1,0,0,0,0
122,119,0.957031,0.933594,1,0,0,0,0
123,119,0.964844,0.933594,1,0,0,0,0
124,119,0.972656,0.933594,1,0,0,0,0
125,119,0.980469,0.933594,1,0,0,0,0
126,119,0.988281,0.933594,1,0,0,0,0
127,119,0.996094,0.933594,1,0,0,0,0
0,120,0.00390625,0.941406,1,0,0,0,0
1,120,0.0117188,0.941406,1,0,0,0,0
2,120,0.0195312,0.941406,1,0,0,0,0
3,120,0.0273438,0.941406,1,0,0,0,0
4,120,0.0351562,0.941406,1,0,0,0,0
5,120,0.0429688,0.941406,1,0,0,0,0
6,120,0.0507812,0.941406,1,0,0,0,0
7,120,0.0585938,0.941406,1,0,0,0,0
8,120,0.0664062,0.941406,1,0,0,0,0
9,120,0.0742188,0.941406,1,0,0,0,0
10,120,0.0820312,0.941406,1,0,0,0,0
11,120,0.0898438,0.941406,1,0,0,0,0
12,120,0.0976562,0.941406,1,0,0,0,0
13,120,0.105469,0.941406,1,0,0,0,0
14,120,0.113281,0.941406,1,0,0,0,1.42109e-14
15,120,0.121094,0.941406,1,0,0,0,2.84217e-14
16,120,0.128906,0.941406,1,0,0,0,2.84217e-14
17,120,0.136719,0.941406,1,0,0,0,4.26326e-14
18,120,0.144531,0.941406,1,0,0,0,8.52651e-14
19,120,0.152344,0.941406,1,0,0,0,1.42109e-13
20,120,0.160156,0.941406,1,0,0,0,2.27374e-13
21,120,0.167969,0.941406,1,0,0,0,3.83693e-13
22,120,0.175781,0.941406,1,0,0,0,6.39488e-13
23,120,0.183594,0.941406,1,0,0,0,1.02318e-12
24,120,0.191406,0.941406,1,0,0,0,1.60583e-12
25,120,0.199219,0.941406,1,0,0,0,2.51532e-12
26,120,0.207031,0.941406,1,0,0,0,3.89377e-12
27,120,0.214844,0.941406,1,0,0,0,5.95435e-12
28,120,0.222656,0.941406,1,0,0,0,8.96705e-12
29,120,0.230469,0.941406,1,0,0,0,1.33298e-11
30,120,0.238281,0.941406,1,0,0,0,1.95826e-11
31,120,0.246094,0.941406,1,0,0,0,2.83649e-11
32,120,0.253906,0.941406,1,0,0,0,4.0572e-11
33,120,0.261719,0.941406,1,0,0,0,5.72697e-11
34,120,0.269531,0.941406,1,0,0,0,7.97513e-11
35,120,0.277344,0.941406,1,0,0,0,1.09623e-10
36,120,0.285156,0.941406,1,0,0,0,1.48674e-10
37,120,0.292969,0.941406,1,0,0,0,1.98938e-10
38,120,0.300781,0.941406,1,0,0,0,2.62602e-10
39,120,0.308594,0.941406,1,0,0,0,3.41913e-10
40,120,0.316406,0.941406,1,0,0,0,4.39087e-10
41,120,0.324219,0.941406,1,0,0,0,5.56042e-10
42,120,0.332031,0.941406,1,0,0,0,6.94243e-10
43,120,0.339844,0.941406,1,0,0,0,8.54484e-10
44,120,0.347656,0.941406,1,0,0,0,1.03655e-09
45,120,0.355469,0.941406,1,0,0,0,1.23893e-09
46,120,0.363281,0.941406,1,0,0,0,1.45864e-09
47,120,0.371094,0.941406,1,0,0,0,1.69105e-09
48,120,0.378906,0.941406,1,0,0,0,1.92966e-09
49,120,0.386719,0.941406,1,0,0,0,2.16629e-09
50,120,0.394531,0.941406,1,0,0,0,2.39112e-09
51,120,0.402344,0.941406,1,0,0,0,2.59308e-09
52,120,0.410156,0.941406,1,0,0,0,2.76034e-09
53,120,0.417969,0.941406,1,0,0,0,2.88094e-09
54,120,0.425781,0.941406,1,0,0,0,2.94352e-09
55,120,0.433594,0.941406,1,0,0,0,2.93821e-09
56,120,0.441406,0.941406,1,0,0,0,2.85735e-09
57,120,0.449219,0.941406,1,0,0,0,2.69634e-09
58,120,0.457031,0.941406,1,0,0,0,2.45416e-09
59,120,0.464844,0.941406,1,0,0,0,2.13379e-09
60,120,0.472656,0.941406,1,0,0,0,1.74232e-09
61,120,0.480469,0.941406,1,0,0,0,1.29074e-09
62,120,0.488281,0.941406,1,0,0,0,7.93506e-10
63,120,0.496094,0.941406,1,0,0,0,2.67733e-10
64,120,0.503906,0.941406,1,0,0,0,-2.67733e-10
65,120,0.511719,0.941406,1,0,0,0,-7.93506e-10
66,120,0.519531,0.941406,1,0,0,0,-1.29074e-09
67,120,0.527344,0.941406,1,0,0,0,-1.74232e-09
68,120,0.535156,0.941406,1,0,0,0,-2.13379e-09
69,120,0.542969,0.941406,1,0,0,0,-2.45416e-09
70,120,0.550781,0.941406,1,0,0,0,-2.69634e-09
71,120,0.558594,0.941406,1,0,0,0,-2.85735e-09
72,120,0.566406,0.941406,1,0,0,0,-2.93821e-09
73,120,0.574219,0.941406,1,0,0,0,-2.94352e-09
74,120,0.582031,0.941406,1,0,0,0,-2.88094e-09
75,120,0.589844,0.941406,1,0,0,0,-2.76034e-09
76,120,0.597656,0.941406,1,0,0,0,-2.59308e-09
77,120,0.605469,0.941406,1,0,0,0,-2.39112e-09
78,120,0.613281,0.941406,1,0,0,0,-2.16629e-09
79,120,0.621094,0.941406,1,0,0,0,-1.92966e-09
80,120,0.628906,0.941406,1,0,0,0,-1.69105e-09
81,120,0.636719,0.941406,1,0,0,0,-1.45864e-09
82,120,0.644531,0.941406,1,0,0,0,-1.23893e-09
83,120,0.652344,0.941406,1,0,0,0,-1.03655e-09
84,120,0.660156,0.941406,1,0,0,0,-8.54484e-10
85,120,0.667969,0.941406,1,0,0,0,-6.94243e-10
86,120,0.675781,0.941406,1,0,0,0,-5.56042e-10
87,120,0.683594,0.941406,1,0,0,0,-4.39087e-10
88,120,0.691406,0.941406,1,0,0,0,-3.41913e-10
89,120,0.699219,0.941406,1,0,0,0,-2.62602e-10
90,120,0.707031,0.941406,1,0,0,0,-1.98938e-10
91,120,0.714844,0.941406,1,0,0,0,-1.48674e-10
92,120,0.722656,0.941406,1,0,0,0,-1.09623e-10
93,120,0.730469,0.941406,1,0,0,0,-7.97513e-11
94,120,0.738281,0.941406,1,0,0,0,-5.72697e-11
95,120,0.746094,0.941406,1,0,0,0,-4.0572e-11
96,120,0.753906,0.941406,1,0,0,0,-2.83649e-11
97,120,0.761719,0.941406,1,0,0,0,-1.95826e-11
98,120,0.769531,0.941406,1,0,0,0,-1.33298e-11
99,120,0.777344,0.941406,1,0,0,0,-8.96705e-12
100,120,0.785156,0.941406,1,0,0,0,-5.95435e-12
101,120,0.792969,0.941406,1,0,0,0,-3.89377e-12
102,120,0.800781,0.941406,1,0,0,0,-2.51532e-12
103,120,0.808594,0.941406,1,0,0,0,-1.60583e-12
104,120,0.816406,0.941406,1,0,0,0,-1.02318e-12
105,120,0.824219,0.941406,1,0,0,0,-6.39488e-13
106,120,0.832031,0.941406,1,0,0,0,-3.83693e-13
107,120,0.839844,0.941406,1,0,0,0,-2.27374e-13
108,120,0.847656,0.941406,1,0,0,0,-1.42109e-13
109,120,0.855469,0.941406,1,0,0,0,-8.52651e-14
110,120,0.863281,0.941406,1,0,0,0,-4.26326e-14
111,120,0.871094,0.941406,1,0,0,0,-2.84217e-14
112,120,0.878906,0.941406,1,0,0,0,-2.84217e-14
113,120,0.886719,0.941406,1,0,0,0,-1.42109e-14
114,120,0.894531,0.941406,1,0,0,0,0
115,120,0.902344,0.941406,1,0,0,0,0
116,120,0.910156,0.941406,1,0,0,0,0
117,120,0.917969,0.941406,1,0,0,0,0
118,120,0.925781,0.941406,1,0,0,0,0
119,120,0.933594,0.941406,1,0,0,0,0
120,120,0.941406,0.941406,1,0,0,0,0
121,120,0.949219,0.941406,1,0,0,0,0
122,120,0.957031,0.941406,1,0,0,0,0
123,120,0.964844,0.941406,1,0,0,0,0
124,120,0.972656,0.941406,1,0,0,0,0
125,120,0.980469,0.941406,1,0,0,0,0
126,120,0.988281,0.941406,1,0,0,0,0
127,120,0.996094,0.941406,1,0,0,0,0
0,121,0.00390625,0.949219,1,0,0,0,0
1,121,0.0117188,0.949219,1,0,0,0,0
2,121,0.0195312,0.949219,1,0,0,0,0
3,121,0.0273438,0.949219,1,0,0,0,0
4,121,0.0351562,0.949219,1,0,0,0,0
5,121,0.0429688,0.949219,1,0,0,0,0
6,121,0.0507812,0.949219,1,0,0,0,0
7,121,0.0585938,0.949219,1,0,0,0,0
8,121,0.0664062,0.949219,1,0,0,0,0
9,121,0.0742188,0.949219,1,0,0,0,0
10,121,0.0820312,0.949219,1,0,0,0,0
11,121,0.0898438,0.949219,1,0,0,0,0
12,121,0.0976562,0.949219,1,0,0,0,0
13,121,0.105469,0.949219,1,0,0,0,0
14,121,0.113281,0.949219,1,0,0,0,0
15,121,0.121094,0.949219,1,0,0,0,1.42109e-14
16,121,0.128906,0.949219,1,0,0,0,1.42109e-14
17,121,0.136719,0.949219,1,0,0,0,2.84217e-14
18,121,0.144531,0.949219,1,0,0,0,4.26326e-14
19,121,0.152344,0.949219,1,0,0,0,5.68434e-14
20,121,0.160156,0.949219,1,0,0,0,1.27898e-13
21,121,0.167969,0.949219,1,0,0,0,1.98952e-13
22,121,0.175781,0.949219,1,0,0,0,3.12639e-13
23,121,0.183594,0.949219,1,0,0,0,5.11591e-13
24,121,0.191406,0.949219,1,0,0,0,7.95808e-13
25,121,0.199219,0.949219,1,0,0,0,1.25056e-12
26,121,0.207031,0.949219,1,0,0,0,1.94689e-12
27,121,0.214844,0.949219,1,0,0,0,2.97007e-12
28,121,0.222656,0.949219,1,0,0,0,4.47642e-12
29,121,0.230469,0.949219,1,0,0,0,6.65068e-12
30,121,0.238281,0.949219,1,0,0,0,9.76286e-12
31,121,0.246094,0.949219,1,0,0,0,1.41398e-11
32,121,0.253906,0.949219,1,0,0,0,2.0222e-11
33,121,0.261719,0.949219,1,0,0,0,2.85638e-11
34,121,0.269531,0.949219,1,0,0,0,3.97762e-11
35,121,0.277344,0.949219,1,0,0,0,5.46692e-11
36,121,0.285156,0.949219,1,0,0,0,7.4138e-11
37,121,0.292969,0.949219,1,0,0,0,9.9206e-11
38,121,0.300781,0.949219,1,0,0,0,1.30953e-10
39,121,0.308594,0.949219,1,0,0,0,1.70502e-10
40,121,0.316406,0.949219,1,0,0,0,2.18961e-10
41,121,0.324219,0.949219,1,0,0,0,2.77282e-10
42,121,0.332031,0.949219,1,0,0,0,3.46205e-10
43,121,0.339844,0.949219,1,0,0,0,4.26112e-10
44,121,0.347656,0.949219,1,0,0,0,5.16906e-10
45,121,0.355469,0.949219,1,0,0,0,6.17817e-10
46,121,0.363281,0.949219,1,0,0,0,7.27383e-10
47,121,0.371094,0.949219,1,0,0,0,8.43286e-10
48,121,0.378906,0.949219,1,0,0,0,9.62274e-10
49,121,0.386719,0.949219,1,0,0,0,1.08027e-09
50,121,0.394531,0.949219,1,0,0,0,1.1924e-09
51,121,0.402344,0.949219,1,0,0,0,1.29312e-09
52,121,0.410156,0.949219,1,0,0,0,1.37651e-09
53,121,0.417969,0.949219,1,0,0,0,1.43665e-09
54,121,0.425781,0.949219,1,0,0,0,1.46787e-09
55,121,0.433594,0.949219,1,0,0,0,1.46521e-09
56,121,0.441406,0.949219,1,0,0,0,1.42488e-09
57,121,0.449219,0.949219,1,0,0,0,1.34459e-09
58,121,0.457031,0.949219,1,0,0,0,1.22382e-09
59,121,0.464844,0.949219,1,0,0,0,1.06408e-09
60,121,0.472656,0.949219,1,0,0,0,8.68852e-10
61,121,0.480469,0.949219,1,0,0,0,6.43652e-10
62,121,0.488281,0.949219,1,0,0,0,3.95701e-10
63,121,0.496094,0.949219,1,0,0,0,1.33511e-10
64,121,0.503906,0.949219,1,0,0,0,-1.33511e-10
65,121,0.511719,0.949219,1,0,0,0,-3.95701e-10
66,121,0.519531,0.949219,1,0,0,0,-6.43652e-10
67,121,0.527344,0.949219,1,0,0,0,-8.68852e-10
68,121,0.535156,0.949219,1,0,0,0,-1.06408e-09
69,121,0.542969,0.949219,1,0,0,0,-1.22382e-09
70,121,0.550781,0.949219,1,0,0,0,-1.34459e-09
71,121,0.558594,0.949219,1,0,0,0,-1.42488e-09
72,121,0.566406,0.949219,1,0,0,0,-1.46521e-09
73,121,0.574219,0.949219,1,0,0,0,-1.46787e-09
74,121,0.582031,0.949219,1,0,0,0,-1.43665e-09
75,121,0.589844,0.949219,1,0,0,0,-1.37651e-09
76,121,0.597656,0.949219,1,0,0,0,-1.29312e-09
77,121,0.605469,0.949219,1,0,0,0,-1.1924e-09
78,121,0.613281,0.949219,1,0,0,0,-1.08027e-09
79,121,0.621094,0.949219,1,0,0,0,-9.62274e-10
80,121,0.628906,0.949219,1,0,0,0,-8.43286e-10
81,121,0.636719,0.949219,1,0,0,0,-7.27383e-10
82,121,0.644531,0.949219,1,0,0,0,-6.17817e-10
83,121,0.652344,0.949219,1,0,0,0,-5.16906e-10
84,121,0.660156,0.949219,1,0,0,0,-4.26112e-10
85,121,0.667969,0.949219,1,0,0,0,-3.46205e-10
86,121,0.675781,0.949219,1,0,0,0,-2.77282e-10
87,121,0.683594,0.949219,1,0,0,0,-2.18961e-10
88,121,0.691406,0.949219,1,0,0,0,-1.70502e-10
89,121,0.699219,0.949219,1,0,0,0,-1.30953e-10
90,121,0.707031,0.949219,1,0,0,0,-9.9206e-11
91,121,0.714844,0.949219,1,0,0,0,-7.4138e-11
92,121,0.722656,0.949219,1,0,0,0,-5.46692e-11
93,121,0.730469,0.949219,1,0,0,0,-3.97762e-11
94,121,0.738281,0.949219,1,0,0,0,-2.85638e-11
95,121,0.746094,0.949219,1,0,0,0,-2.0222e-11
96,121,0.753906,0.949219,1,0,0,0,-1.41398e-11
97,121,0.761719,0.949219,1,0,0,0,-9.76286e-12
98,121,0.769531,0.949219,1,0,0,0,-6.65068e-12
99,121,0.777344,0.949219,1,0,0,0,-4.47642e-12
100,121,0.785156,0.949219,1,0,0,0,-2.97007e-12
101,121,0.792969,0.949219,1,0,0,0,-1.94689e-12
102,121,0.800781,0.949219,1,0,0,0,-1.25056e-12
103,121,0.808594,0.949219,1,0,0,0,-7.95808e-13
104,121,0.816406,0.949219,1,0,0,0,-5.11591e-13
105,121,0.824219,0.949219,1,0,0,0,-3.12639e-13
106,121,0.832031,0.949219,1,0,0,0,-1.98952e-13
107,121,0.839844,0.949219,1,0,0,0,-1.27898e-13
108,121,0.847656,0.949219,1,0,0,0,-5.68434e-14
109,121,0.855469,0.949219,1,0,0,0,-4.26326e-14
110,121,0.863281,0.949219,1,0,0,0,-2.84217e-14
111,121,0.871094,0.949219,1,0,0,0,-1.42109e-14
112,121,0.878906,0.949219,1,0,0,0,-1.42109e-14
113,121,0.886719,0.949219,1,0,0,0,0
114,121,0.894531,0.949219,1,0,0,0,0
115,121,0.902344,0.949219,1,0,0,0,0
116,121,0.910156,0.949219,1,0,0,0,0
117,121,0.917969,0.949219,1,0,0,0,0
118,121,0.925781,0.949219,1,0,0,0,0
119,121,0.933594,0.949219,1,0,0,0,0
120,121,0.941406,0.949219,1,0,0,0,0
121,121,0.949219,0.949219,1,0,0,0,0
122,121,0.957031,0.949219,1,0,0,0,0
123,121,0.964844,0.949219,1,0,0,0,0
124,121,0.972656,0.949219,1,0,0,0,0
125,121,0.980469,0.949219,1,0,0,0,0
126,121,0.988281,0.949219,1,0,0,0,0
127,121,0.996094,0.949219,1,0,0,0,0
0,122,0.00390625,0.957031,1,0,0,0,0
1,122,0.0117188,0.957031,1,0,0,0,0
2,122,0.0195312,0.957031,1,0,0,0,0
3,122,0.0273438,0.957031,1,0,0,0,0
4,122,0.0351562,0.957031,1,0,0,0,0
5,122,0.0429688,0.957031,1,0,0,0,0
6,122,0.0507812,0.957031,1,0,0,0,0
7,122,0.0585938,0.957031,1,0,0,0,0
8,122,0.0664062,0.957031,1,0,0,0,0
9,122,0.0742188,0.957031,1,0,0,0,0
10,122,0.0820312,0.957031,1,0,0,0,0
11,122,0.0898438,0.957031,1,0,0,0,0
12,122,0.0976562,0.957031,1,0,0,0,0
13,122,0.105469,0.957031,1,0,0,0,0
14,122,0.113281,0.957031,1,0,0,0,0
15,122,0.121094,0.957031,1,0,0,0,0
16,122,0.128906,0.957031,1,0,0,0,1.42109e-14
17,122,0.136719,0.957031,1,0,0,0,1.42109e-14
18,122,0.144531,0.957031,1,0,0,0,1.42109e-14
19,122,0.152344,0.957031,1,0,0,0,4.26326e-14
20,122,0.160156,0.957031,1,0,0,0,5.68434e-14
21,122,0.167969,0.957031,1,0,0,0,8.52651e-14
22,122,0.175781,0.957031,1,0,0,0,1.56319e-13
23,122,0.183594,0.957031,1,0,0,0,2.55795e-13
24,122,0.191406,0.957031,1,0,0,0,3.97904e-13
25,122,0.199219,0.957031,1,0,0,0,6.25278e-13
26,122,0.207031,0.957031,1,0,0,0,9.52127e-13
27,122,0.214844,0.957031,1,0,0,0,1.44951e-12
28,122,0.222656,0.957031,1,0,0,0,2.20268e-12
29,122,0.230469,0.957031,1,0,0,0,3.28271e-12
30,122,0.238281,0.957031,1,0,0,0,4.81748e-12
31,122,0.246094,0.957031,1,0,0,0,6.96332e-12
32,122,0.253906,0.957031,1,0,0,0,9.96181e-12
33,122,0.261719,0.957031,1,0,0,0,1.40687e-11
34,122,0.269531,0.957031,1,0,0,0,1.95968e-11
35,122,0.277344,0.957031,1,0,0,0,2.69296e-11
36,122,0.285156,0.957031,1,0,0,0,3.65219e-11
37,122,0.292969,0.957031,1,0,0,0,4.88711e-11
38,122,0.300781,0.957031,1,0,0,0,6.45031e-11
39,122,0.308594,0.957031,1,0,0,0,8.40004e-11
40,122,0.316406,0.957031,1,0,0,0,1.07875e-10
41,122,0.324219,0.957031,1,0,0,0,1.36595e-10
42,122,0.332031,0.957031,1,0,0,0,1.70544e-10
43,122,0.339844,0.957031,1,0,0,0,2.09909e-10
44,122,0.347656,0.957031,1,0,0,0,2.54644e-10
45,122,0.355469,0.957031,1,0,0,0,3.04354e-10
46,122,0.363281,0.957031,1,0,0,0,3.58327e-10
47,122,0.371094,0.957031,1,0,0,0,4.15426e-10
48,122,0.378906,0.957031,1,0,0,0,4.74046e-10
49,122,0.386719,0.957031,1,0,0,0,5.32168e-10
50,122,0.394531,0.957031,1,0,0,0,5.87391e-10
51,122,0.402344,0.957031,1,0,0,0,6.37016e-10
52,122,0.410156,0.957031,1,0,0,0,6.78114e-10
53,122,0.417969,0.957031,1,0,0,0,7.07729e-10
54,122,0.425781,0.957031,1,0,0,0,7.23105e-10
55,122,0.433594,0.957031,1,0,0,0,7.21798e-10
56,122,0.441406,0.957031,1,0,0,0,7.01931e-10
57,122,0.449219,0.957031,1,0,0,0,6.62382e-10
58,122,0.457031,0.957031,1,0,0,0,6.02881e-10
59,122,0.464844,0.957031,1,0,0,0,5.24182e-10
60,122,0.472656,0.957031,1,0,0,0,4.28017e-10
61,122,0.480469,0.957031,1,0,0,0,3.17087e-10
62,122,0.488281,0.957031,1,0,0,0,1.9493e-10
63,122,0.496094,0.957031,1,0,0,0,6.57678e-11
64,122,0.503906,0.957031,1,0,0,0,-6.57678e-11
65,122,0.511719,0.957031,1,0,0,0,-1.9493e-10
66,122,0.519531,0.957031,1,0,0,0,-3.17087e-10
67,122,0.527344,0.957031,1,0,0,0,-4.28017e-10
68,122,0.535156,0.957031,1,0,0,0,-5.24182e-10
69,122,0.542969,0.957031,1,0,0,0,-6.02881e-10
70,122,0.550781,0.957031,1,0,0,0,-6.62382e-10
71,122,0.558594,0.957031,1,0,0,0,-7.01931e-10
72,122,0.566406,0.957031,1,0,0,0,-7.21798e-10
73,122,0.574219,0.957031,1,0,0,0,-7.23105e-10
74,122,0.582031,0.957031,1,0,0,0,-7.07729e-10
75,122,0.589844,0.957031,1,0,0,0,-6.78114e-10
76,122,0.597656,0.957031,1,0,0,0,-6.37016e-10
77,122,0.605469,0.957031,1,0,0,0,-5.87391e-10
78,122,0.613281,0.957031,1,0,0,0,-5.32168e-10
79,122,0.621094,0.957031,1,0,0,0,-4.74046e-10
80,122,0.628906,0.957031,1,0,0,0,-4.15426e-10
81,122,0.636719,0.957031,1,0,0,0,-3.58327e-10
82,122,0.644531,0.957031,1,0,0,0,-3.04354e-10
83,122,0.652344,0.957031,1,0,0,0,-2.54644e-10
84,122,0.660156,0.957031,1,0,0,0,-2.09909e-10
85,122,0.667969,0.957031,1,0,0,0,-1.70544e-10
86,122,0.675781,0.957031,1,0,0,0,-1.36595e-10
87,122,0.683594,0.957031,1,0,0,0,-1.07875e-10
88,122,0.691406,0.957031,1,0,0,0,-8.40004e-11
89,122,0.699219,0.957031,1,0,0,0,-6.45031e-11
90,122,0.707031,0.957031,1,0,0,0,-4.88711e-11
91,122,0.714844,0.957031,1,0,0,0,-3.65219e-11
92,122,0.722656,0.957031,1,0,0,0,-2.69296e-11
93,122,0.730469,0.957031,1,0,0,0,-1.95968e-11
94,122,0.738281,0.957031,1,0,0,0,-1.40687e-11
95,122,0.746094,0.957031,1,0,0,0,-9.96181e-12
96,122,0.753906,0.957031,1,0,0,0,-6.96332e-12
97,122,0.761719,0.957031,1,0,0,0,-4.81748e-12
98,122,0.769531,0.957031,1,0,0,0,-3.28271e-12
99,122,0.777344,0.957031,1,0,0,0,-2.20268e-12
100,122,0.785156,0.957031,1,0,0,0,-1.44951e-12
101,122,0.792969,0.957031,1,0,0,0,-9.52127e-13
102,122,0.800781,0.957031,1,0,0,0,-6.25278e-13
103,122,0.808594,0.957031,1,0,0,0,-3.97904e-13
104,122,0.816406,0.957031,1,0,0,0,-2.55795e-13
105,122,0.824219,0.957031,1,0,0,0,-1.56319e-13
106,122,0.832031,0.957031,1,0,0,0,-8.52651e-14
107,122,0.839844,0.957031,1,0,0,0,-5.68434e-14
108,122,0.847656,0.957031,1,0,0,0,-4.26326e-14
109,122,0.855469,0.957031,1,0,0,0,-1.42109e-14
110,122,0.863281,0.957031,1,0,0,0,-1.42109e-14
111,122,0.871094,0.957031,1,0,0,0,-1.42109e-14
112,122,0.878906,0.957031,1,0,0,0,0
113,122,0.886719,0.957031,1,0,0,0,0
114,122,0.894531,0.957031,1,0,0,0,0
115,122,0.902344,0.957031,1,0,0,0,0
116,122,0.910156,0.957031,1,0,0,0,0
117,122,0.917969,0.957031,1,0,0,0,0
118,122,0.925781,0.957031,1,0,0,0,0
119,122,0.933594,0.957031,1,0,0,0,0
120,122,0.941406,0.957031,1,0,0,0,0
121,122,0.949219,0.957031,1,0,0,0,0
122,122,0.957031,0.957031,1,0,0,0,0
123,122,0.964844,0.957031,1,0,0,0,0
124,122,0.972656,0.957031,1,0,0,0,0
125,122,0.980469,0.957031,1,0,0,0,0
126,122,0.988281,0.957031,1,0,0,0,0
127,122,0.996094,0.957031,1,0,0,0,0
0,123,0.00390625,0.964844,1,0,0,0,0
1,123,0.0117188,0.964844,1,0,0,0,0
2,123,0.0195312,0.964844,1,0,0,0,0
3,123,0.0273438,0.964844,1,0,0,0,0
4,123,0.0351562,0.964844,1,0,0,0,0
5,123,0.0429688,0.964844,1,0,0,0,0
6,123,0.0507812,0.964844,1,0,0,0,0
7,123,0.0585938,0.964844,1,0,0,0,0
8,123,0.0664062,0.964844,1,0,0,0,0
9,123,0.0742188,0.964844,1,0,0,0,0
10,123,0.0820312,0.964844,1,0,0,0,0
11,123,0.0898438,0.964844,1,0,0,0,0
12,123,0.0976562,0.964844,1,0,0,0,0
13,123,0.105469,0.964844,1,0,0,0,0
14,123,0.113281,0.964844,1,0,0,0,0
15,123,0.121094,0.964844,1,0,0,0,0
16,123,0.128906,0.964844,1,0,0,0,0
17,123,0.136719,0.964844,1,0,0,0,1.42109e-14
18,123,0.144531,0.964844,1,0,0,0,1.42109e-14
19,123,0.152344,0.964844,1,0,0,0,1.42109e-14
20,123,0.160156,0.964844,1,0,0,0,2.84217e-14
21,123,0.167969,0.964844,1,0,0,0,4.26326e-14
22,123,0.175781,0.964844,1,0,0,0,7.10543e-14
23,123,0.183594,0.964844,1,0,0,0,1.27898e-13
24,123,0.191406,0.964844,1,0,0,0,1.98952e-13
25,123,0.199219,0.964844,1,0,0,0,2.98428e-13
26,123,0.207031,0.964844,1,0,0,0,4.68958e-13
27,123,0.214844,0.964844,1,0,0,0,7.10543e-13
28,123,0.222656,0.964844,1,0,0,0,1.06581e-12
29,123,0.230469,0.964844,1,0,0,0,1.59162e-12
30,123,0.238281,0.964844,1,0,0,0,2.34479e-12
31,123,0.246094,0.964844,1,0,0,0,3.39639e-12
32,123,0.253906,0.964844,1,0,0,0,4.8459e-12
33,123,0.261719,0.964844,1,0,0,0,6.83542e-12
34,123,0.269531,0.964844,1,0,0,0,9.53548e-12
35,123,0.277344,0.964844,1,0,0,0,1.31166e-11
36,123,0.285156,0.964844,1,0,0,0,1.77778e-11
37,123,0.292969,0.964844,1,0,0,0,2.37748e-11
38,123,0.300781,0.964844,1,0,0,0,3.13918e-11
39,123,0.308594,0.964844,1,0,0,0,4.08846e-11
40,123,0.316406,0.964844,1,0,0,0,5.24949e-11
41,123,0.324219,0.964844,1,0,0,0,6.64642e-11
42,123,0.332031,0.964844,1,0,0,0,8.29914e-11
43,123,0.339844,0.964844,1,0,0,0,1.02162e-10
44,123,0.347656,0.964844,1,0,0,0,1.23919e-10
45,123,0.355469,0.964844,1,0,0,0,1.48106e-10
46,123,0.363281,0.964844,1,0,0,0,1.74381e-10
47,123,0.371094,0.964844,1,0,0,0,2.02164e-10
48,123,0.378906,0.964844,1,0,0,0,2.30699e-10
49,123,0.386719,0.964844,1,0,0,0,2.58979e-10
50,123,0.394531,0.964844,1,0,0,0,2.85851e-10
51,123,0.402344,0.964844,1,0,0,0,3.1001e-10
52,123,0.410156,0.964844,1,0,0,0,3.30004e-10
53,123,0.417969,0.964844,1,0,0,0,3.44414e-10
54,123,0.425781,0.964844,1,0,0,0,3.51889e-10
55,123,0.433594,0.964844,1,0,0,0,3.51264e-10
56,123,0.441406,0.964844,1,0,0,0,3.41601e-10
57,123,0.449219,0.964844,1,0,0,0,3.22345e-10
58,123,0.457031,0.964844,1,0,0,0,2.93383e-10
59,123,0.464844,0.964844,1,0,0,0,2.55085e-10
60,123,0.472656,0.964844,1,0,0,0,2.08303e-10
61,123,0.480469,0.964844,1,0,0,0,1.54316e-10
62,123,0.488281,0.964844,1,0,0,0,9.48575e-11
63,123,0.496094,0.964844,1,0,0,0,3.20028e-11
64,123,0.503906,0.964844,1,0,0,0,-3.20028e-11
65,123,0.511719,0.964844,1,0,0,0,-9.48575e-11
66,123,0.519531,0.964844,1,0,0,0,-1.54316e-10
67,123,0.527344,0.964844,1,0,0,0,-2.08303e-10
68,123,0.535156,0.964844,1,0,0,0,-2.55085e-10
69,123,0.542969,0.964844,1,0,0,0,-2.93383e-10
70,123,0.550781,0.964844,1,0,0,0,-3.22345e-10
71,123,0.558594,0.964844,1,0,0,0,-3.41601e-10
72,123,0.566406,0.964844,1,0,0,0,-3.51264e-10
73,123,0.574219,0.964844,1,0,0,0,-3.51889e-10
74,123,0.582031,0.964844,1,0,0,0,-3.44414e-10
75,123,0.589844,0.964844,1,0,0,0,-3.30004e-10
76,123,0.597656,0.964844,1,0,0,0,-3.1001e-10
77,123,0.605469,0.964844,1,0,0,0,-2.85851e-10
78,123,0.613281,0.964844,1,0,0,0,-2.58979e-10
79,123,0.621094,0.964844,1,0,0,0,-2.30699e-10
80,123,0.628906,0.964844,1,0,0,0,-2.02164e-10
81,123,0.636719,0.964844,1,0,0,0,-1.74381e-10
82,123,0.644531,0.964844,1,0,0,0,-1.48106e-10
83,123,0.652344,0.964844,1,0,0,0,-1.23919e-10
84,123,0.660156,0.964844,1,0,0,0,-1.02162e-10
85,123,0.667969,0.964844,1,0,0,0,-8.29914e-11
86,123,0.675781,0.964844,1,0,0,0,-6.64642e-11
87,123,0.683594,0.964844,1,0,0,0,-5.24949e-11
88,123,0.691406,0.964844,1,0,0,0,-4.08846e-11
89,123,0.699219,0.964844,1,0,0,0,-3.13918e-11
90,123,0.707031,0.964844,1,0,0,0,-2.37748e-11
91,123,0.714844,0.964844,1,0,0,0,-1.77778e-11
92,123,0.722656,0.964844,1,0,0,0,-1.31166e-11
93,123,0.730469,0.964844,1,0,0,0,-9.53548e-12
94,123,0.738281,0.964844,1,0,0,0,-6.83542e-12
95,123,0.746094,0.964844,1,0,0,0,-4.8459e-12
96,123,0.753906,0.964844,1,0,0,0,-3.39639e-12
97,123,0.761719,0.964844,1,0,0,0,-2.34479e-12
98,123,0.769531,0.964844,1,0,0,0,-1.59162e-12
99,123,0.777344,0.964844,1,0,0,0,-1.06581e-12
100,123,0.785156,0.964844,1,0,0,0,-7.10543e-13
101,123,0.792969,0.964844,1,0,0,0,-4.68958e-13
102,123,0.800781,0.964844,1,0,0,0,-2.98428e-13
103,123,0.808594,0.964844,1,0,0,0,-1.98952e-13
104,123,0.816406,0.964844,1,0,0,0,-1.27898e-13
105,123,0.824219,0.964844,1,0,0,0,-7.10543e-14
106,123,0.832031,0.964844,1,0,0,0,-4.26326e-14
107,123,0.839844,0.964844,1,0,0,0,-2.84217e-14
108,123,0.847656,0.964844,1,0,0,0,-1.42109e-14
109,123,0.855469,0.964844,1,0,0,0,-1.42109e-14
110,123,0.863281,0.964844,1,0,0,0,-1.42109e-14
111,123,0.871094,0.964844,1,0,0,0,0
112,123,0.878906,0.964844,1,0,0,0,0
113,123,0.886719,0.964844,1,0,0,0,0
114,123,0.894531,0.964844,1,0,0,0,0
115,123,0.902344,0.964844,1,0,0,0,0
116,123,0.910156,0.964844,1,0,0,0,0
117,123,0.917969,0.964844,1,0,0,0,0
118,123,0.925781,0.964844,1,0,0,0,0
119,123,0.933594,0.964844,1,0,0,0,0
120,123,0.941406,0.964844,1,0,0,0,0
121,123,0.949219,0.964844,1,0,0,0,0
122,123,0.957031,0.964844,1,0,0,0,0
123,123,0.964844,0.964844,1,0,0,0,0
124,123,0.972656,0.964844,1,0,0,0,0
125,123,0.980469,0.964844,1,0,0,0,0
126,123,0.988281,0.964844,1,0,0,0,0
127,123,0.996094,0.964844,1,0,0,0,0
0,124,0.00390625,0.972656,1,0,0,0,0
1,124,0.0117188,0.972656,1,0,0,0,0
2,124,0.0195312,0.972656,1,0,0,0,0
3,124,0.0273438,0.972656,1,0,0,0,0
4,124,0.0351562,0.972656,1,0,0,0,0
5,124,0.0429688,0.972656,1,0,0,0,0
6,124,0.0507812,0.972656,1,0,0,0,0
7,124,0.0585938,0.972656,1,0,0,0,0
8,124,0.0664062,0.972656,1,0,0,0,0
9,124,0.0742188,0.972656,1,0,0,0,0
10,124,0.0820312,0.972656,1,0,0,0,0
11,124,0.0898438,0.972656,1,0,0,0,0
12,124,0.0976562,0.972656,1,0,0,0,0
13,124,0.105469,0.972656,1,0,0,0,0
14,124,0.113281,0.972656,1,0,0,0,0
15,124,0.121094,0.972656,1,0,0,0,0
16,124,0.128906,0.972656,1,0,0,0,0
17,124,0.136719,0.972656,1,0,0,0,0
18,124,0.144531,0.972656,1,0,0,0,1.42109e-14
19,124,0.152344,0.972656,1,0,0,0,1.42109e-14
20,124,0.160156,0.972656,1,0,0,0,0
21,124,0.167969,0.972656,1,0,0,0,1.42109e-14
22,124,0.175781,0.972656,1,0,0,0,4.26326e-14
23,124,0.183594,0.972656,1,0,0,0,7.10543e-14
24,124,0.191406,0.972656,1,0,0,0,9.9476e-14
25,124,0.199219,0.972656,1,0,0,0,1.42109e-13
26,124,0.207031,0.972656,1,0,0,0,2.13163e-13
27,124,0.214844,0.972656,1,0,0,0,3.41061e-13
28,124,0.222656,0.972656,1,0,0,0,5.25802e-13
29,124,0.230469,0.972656,1,0,0,0,7.67386e-13
30,124,0.238281,0.972656,1,0,0,0,1.12266e-12
31,124,0.246094,0.972656,1,0,0,0,1.62004e-12
32,124,0.253906,0.972656,1,0,0,0,2.33058e-12
33,124,0.261719,0.972656,1,0,0,0,3.29692e-12
34,124,0.269531,0.972656,1,0,0,0,4.5759e-12
35,124,0.277344,0.972656,1,0,0,0,6.29541e-12
36,124,0.285156,0.972656,1,0,0,0,8.55493e-12
37,124,0.292969,0.972656,1,0,0,0,1.14397e-11
38,124,0.300781,0.972656,1,0,0,0,1.50919e-11
39,124,0.308594,0.972656,1,0,0,0,1.96536e-11
40,124,0.316406,0.972656,1,0,0,0,2.52243e-11
41,124,0.324219,0.972656,1,0,0,0,3.19602e-11
42,124,0.332031,0.972656,1,0,0,0,3.99041e-11
43,124,0.339844,0.972656,1,0,0,0,4.90985e-11
44,124,0.347656,0.972656,1,0,0,0,5.95719e-11
45,124,0.355469,0.972656,1,0,0,0,7.12106e-11
46,124,0.363281,0.972656,1,0,0,0,8.38298e-11
47,124,0.371094,0.972656,1,0,0,0,9.7188e-11
48,124,0.378906,0.972656,1,0,0,0,1.10916e-10
49,124,0.386719,0.972656,1,0,0,0,1.24501e-10
50,124,0.394531,0.972656,1,0,0,0,1.37419e-10
51,124,0.402344,0.972656,1,0,0,0,1.49029e-10
52,124,0.410156,0.972656,1,0,0,0,1.5865e-10
53,124,0.417969,0.972656,1,0,0,0,1.65585e-10
54,124,0.425781,0.972656,1,0,0,0,1.69166e-10
55,124,0.433594,0.972656,1,0,0,0,1.68853e-10
56,124,0.441406,0.972656,1,0,0,0,1.64221e-10
57,124,0.449219,0.972656,1,0,0,0,1.54969e-10
58,124,0.457031,0.972656,1,0,0,0,1.41043e-10
59,124,0.464844,0.972656,1,0,0,0,1.2264e-10
60,124,0.472656,0.972656,1,0,0,0,1.00144e-10
61,124,0.480469,0.972656,1,0,0,0,7.41807e-11
62,124,0.488281,0.972656,1,0,0,0,4.56026e-11
63,124,0.496094,0.972656,1,0,0,0,1.53904e-11
64,124,0.503906,0.972656,1,0,0,0,-1.53904e-11
65,124,0.511719,0.972656,1,0,0,0,-4.56026e-11
66,124,0.519531,0.972656,1,0,0,0,-7.41807e-11
67,124,0.527344,0.972656,1,0,0,0,-1.00144e-10
68,124,0.535156,0.972656,1,0,0,0,-1.2264e-10
69,124,0.542969,0.972656,1,0,0,0,-1.41043e-10
70,124,0.550781,0.972656,1,0,0,0,-1.54969e-10
71,124,0.558594,0.972656,1,0,0,0,-1.64221e-10
72,124,0.566406,0.972656,1,0,0,0,-1.68853e-10
73,124,0.574219,0.972656,1,0,0,0,-1.69166e-10
74,124,0.582031,0.972656,1,0,0,0,-1.65585e-10
75,124,0.589844,0.972656,1,0,0,0,-1.5865e-10
76,124,0.597656,0.972656,1,0,0,0,-1.49029e-10
77,124,0.605469,0.972656,1,0,0,0,-1.37419e-10
78,124,0.613281,0.972656,1,0,0,0,-1.24501e-10
79,124,0.621094,0.972656,1,0,0,0,-1.10916e-10
80,124,0.628906,0.972656,1,0,0,0,-9.7188e-11
81,124,0.636719,0.972656,1,0,0,0,-8.38298e-11
82,124,0.644531,0.972656,1,0,0,0,-7.12106e-11
83,124,0.652344,0.972656,1,0,0,0,-5.95719e-11
84,124,0.660156,0.972656,1,0,0,0,-4.90985e-11
85,124,0.667969,0.972656,1,0,0,0,-3.99041e-11
86,124,0.675781,0.972656,1,0,0,0,-3.19602e-11
87,124,0.683594,0.972656,1,0,0,0,-2.52243e-11
88,124,0.691406,0.972656,1,0,0,0,-1.96536e-11
89,124,0.699219,0.972656,1,0,0,0,-1.50919e-11
90,124,0.707031,0.972656,1,0,0,0,-1.14397e-11
91,124,0.714844,0.972656,1,0,0,0,-8.55493e-12
92,124,0.722656,0.972656,1,0,0,0,-6.29541e-12
93,124,0.730469,0.972656,1,0,0,0,-4.5759e-12
94,124,0.738281,0.972656,1,0,0,0,-3.29692e-12
95,124,0.746094,0.972656,1,0,0,0,-2.33058e-12
96,124,0.753906,0.972656,1,0,0,0,-1.62004e-12
97,124,0.761719,0.972656,1,0,0,0,-1.12266e-12
98,124,0.769531,0.972656,1,0,0,0,-7.67386e-13
99,124,0.777344,0.972656,1,0,0,0,-5.25802e-13
100,124,0.785156,0.972656,1,0,0,0,-3.41061e-13
101,124,0.792969,0.972656,1,0,0,0,-2.13163e-13
102,124,0.800781,0.972656,1,0,0,0,-1.42109e-13
103,124,0.808594,0.972656,1,0,0,0,-9.9476e-14
104,124,0.816406,0.972656,1,0,0,0,-7.10543e-14
105,124,0.824219,0.972656,1,0,0,0,-4.26326e-14
106,124,0.832031,0.972656,1,0,0,0,-1.42109e-14
107,124,0.839844,0.972656,1,0,0,0,0
108,124,0.847656,0.972656,1,0,0,0,-1.42109e-14
109,124,0.855469,0.972656,1,0,0,0,-1.42109e-14
110,124,0.863281,0.972656,1,0,0,0,0
111,124,0.871094,0.972656,1,0,0,0,0
112,124,0.878906,0.972656,1,0,0,0,0
113,124,0.886719,0.972656,1,0,0,0,0
114,124,0.894531,0.972656,1,0,0,0,0
115,124,0.902344,0.972656,1,0,0,0,0
116,124,0.910156,0.972656,1,0,0,0,0
117,124,0.917969,0.972656,1,0,0,0,0
118,124,0.925781,0.972656,1,0,0,0,0
119,124,0.933594,0.972656,1,0,0,0,0
120,124,0.941406,0.972656,1,0,0,0,0
121,124,0.949219,0.972656,1,0,0,0,0
122,124,0.957031,0.972656,1,0,0,0,0
123,124,0.964844,0.972656,1,0,0,0,0
124,124,0.972656,0.972656,1,0,0,0,0
125,124,0.980469,0.972656,1,0,0,0,0
126,124,0.988281,0.972656,1,0,0,0,0
127,124,0.996094,0.972656,1,0,0,0,0
0,125,0.00390625,0.980469,1,0,0,0,0
1,125,0.0117188,0.980469,1,0,0,0,0
2,125,0.0195312,0.980469,1,0,0,0,0
3,125,0.0273438,0.980469,1,0,0,0,0
4,125,0.0351562,0.980469,1,0,0,0,0
5,125,0.0429688,0.980469,1,0,0,0,0
6,125,0.0507812,0.980469,1,0,0,0,0
7,125,0.0585938,0.980469,1,0,0,0,0
8,125,0.0664062,0.980469,1,0,0,0,0
9,125,0.0742188,0.980469,1,0,0,0,0
10,125,0.0820312,0.980469,1,0,0,0,0
11,125,0.0898438,0.980469,1,0,0,0,0
12,125,0.0976562,0.980469,1,0,0,0,0
13,125,0.105469,0.980469,1,0,0,0,0
14,125,0.113281,0.980469,1,0,0,0,0
15,125,0.121094,0.980469,1,0,0,0,0
16,125,0.128906,0.980469,1,0,0,0,0
17,125,0.136719,0.980469,1,0,0,0,0
18,125,0.144531,0.980469,1,0,0,0,0
19,125,0.152344,0.980469,1,0,0,0,0
20,125,0.160156,0.980469,1,0,0,0,1.42109e-14
21,125,0.167969,0.980469,1,0,0,0,1.42109e-14
22,125,0.175781,0.980469,1,0,0,0,1.42109e-14
23,125,0.183594,0.980469,1,0,0,0,2.84217e-14
24,125,0.191406,0.980469,1,0,0,0,4.26326e-14
25,125,0.199219,0.980469,1,0,0,0,7.10543e-14
26,125,0.207031,0.980469,1,0,0,0,9.9476e-14
27,125,0.214844,0.980469,1,0,0,0,1.56319e-13
28,125,0.222656,0.980469,1,0,0,0,2.55795e-13
29,125,0.230469,0.980469,1,0,0,0,3.69482e-13
30,125,0.238281,0.980469,1,0,0,0,5.25802e-13
31,125,0.246094,0.980469,1,0,0,0,7.67386e-13
32,125,0.253906,0.980469,1,0,0,0,1.10845e-12
33,125,0.261719,0.980469,1,0,0,0,1.56319e-12
34,125,0.269531,0.980469,1,0,0,0,2.17426e-12
35,125,0.277344,0.980469,1,0,0,0,2.99849e-12
36,125,0.285156,0.980469,1,0,0,0,4.0643e-12
37,125,0.292969,0.980469,1,0,0,0,5.42855e-12
38,125,0.300781,0.980469,1,0,0,0,7.16227e-12
39,125,0.308594,0.980469,1,0,0,0,9.33653e-12
40,125,0.316406,0.980469,1,0,0,0,1.1994e-11
41,125,0.324219,0.980469,1,0,0,0,1.51772e-11
42,125,0.332031,0.980469,1,0,0,0,1.89431e-11
43,125,0.339844,0.980469,1,0,0,0,2.332e-11
44,125,0.347656,0.980469,1,0,0,0,2.82938e-11
45,125,0.355469,0.980469,1,0,0,0,3.38218e-11
46,125,0.363281,0.980469,1,0,0,0,3.98188e-11
47,125,0.371094,0.980469,1,0,0,0,4.61426e-11
48,125,0.378906,0.980469,1,0,0,0,5.26654e-11
49,125,0.386719,0.980469,1,0,0,0,5.91314e-11
50,125,0.394531,0.980469,1,0,0,0,6.52562e-11
51,125,0.402344,0.980469,1,0,0,0,7.07843e-11
52,125,0.410156,0.980469,1,0,0,0,7.5346e-11
53,125,0.417969,0.980469,1,0,0,0,7.86287e-11
54,125,0.425781,0.980469,1,0,0,0,8.03482e-11
55,125,0.433594,0.980469,1,0,0,0,8.01919e-11
56,125,0.441406,0.980469,1,0,0,0,7.79892e-11
57,125,0.449219,0.980469,1,0,0,0,7.3598e-11
58,125,0.457031,0.980469,1,0,0,0,6.69758e-11
59,125,0.464844,0.980469,1,0,0,0,5.82361e-11
60,125,0.472656,0.980469,1,0,0,0,4.75637e-11
61,125,0.480469,0.980469,1,0,0,0,3.52429e-11
62,125,0.488281,0.980469,1,0,0,0,2.16573e-11
63,125,0.496094,0.980469,1,0,0,0,7.30438e-12
64,125,0.503906,0.980469,1,0,0,0,-7.30438e-12
65,125,0.511719,0.980469,1,0,0,0,-2.16573e-11
66,125,0.519531,0.980469,1,0,0,0,-3.52429e-11
67,125,0.527344,0.980469,1,0,0,0,-4.75637e-11
68,125,0.535156,0.980469,1,0,0,0,-5.82361e-11
69,125,0.542969,0.980469,1,0,0,0,-6.69758e-11
70,125,0.550781,0.980469,1,0,0,0,-7.3598e-11
71,125,0.558594,0.980469,1,0,0,0,-7.79892e-11
72,125,0.566406,0.980469,1,0,0,0,-8.01919e-11
73,125,0.574219,0.980469,1,0,0,0,-8.03482e-11
74,125,0.582031,0.980469,1,0,0,0,-7.86287e-11
75,125,0.589844,0.980469,1,0,0,0,-7.5346e-11
76,125,0.597656,0.980469,1,0,0,0,-7.07843e-11
77,125,0.605469,0.980469,1,0,0,0,-6.52562e-11
78,125,0.613281,0.980469,1,0,0,0,-5.91314e-11
79,125,0.621094,0.980469,1,0,0,0,-5.26654e-11
80,125,0.628906,0.980469,1,0,0,0,-4.61426e-11
81,125,0.636719,0.980469,1,0,0,0,-3.98188e-11
82,125,0.644531,0.980469,1,0,0,0,-3.38218e-11
83,125,0.652344,0.980469,1,0,0,0,-2.82938e-11
84,125,0.660156,0.980469,1,0,0,0,-2.332e-11
85,125,0.667969,0.980469,1,0,0,0,-1.89431e-11
86,125,0.675781,0.980469,1,0,0,0,-1.51772e-11
87,125,0.683594,0.980469,1,0,0,0,-1.1994e-11
88,125,0.691406,0.980469,1,0,0,0,-9.33653e-12
89,125,0.699219,0.980469,1,0,0,0,-7.16227e-12
90,125,0.707031,0.980469,1,0,0,0,-5.42855e-12
91,125,0.714844,0.980469,1,0,0,0,-4.0643e-12
92,125,0.722656,0.980469,1,0,0,0,-2.99849e-12
93,125,0.730469,0.980469,1,0,0,0,-2.17426e-12
94,125,0.738281,0.980469,1,0,0,0,-1.56319e-12
95,125,0.746094,0.980469,1,0,0,0,-1.10845e-12
96,125,0.753906,0.980469,1,0,0,0,-7.67386e-13
97,125,0.761719,0.980469,1,0,0,0,-5.25802e-13
98,125,0.769531,0.980469,1,0,0,0,-3.69482e-13
99,125,0.777344,0.980469,1,0,0,0,-2.55795e-13
100,125,0.785156,0.980469,1,0,0,0,-1.56319e-13
101,125,0.792969,0.980469,1,0,0,0,-9.9476e-14
102,125,0.800781,0.980469,1,0,0,0,-7.10543e-14
103,125,0.808594,0.980469,1,0,0,0,-4.26326e-14
104,125,0.816406,0.980469,1,0,0,0,-2.84217e-14
105,125,0.824219,0.980469,1,0,0,0,-1.42109e-14
106,125,0.832031,0.980469,1,0,0,0,-1.42109e-14
107,125,0.839844,0.980469,1,0,0,0,-1.42109e-14
108,125,0.847656,0.980469,1,0,0,0,0
109,125,0.855469,0.980469,1,0,0,0,0
110,125,0.863281,0.980469,1,0,0,0,0
111,125,0.871094,0.980469,1,0,0,0,0
112,125,0.878906,0.980469,1,0,0,0,0
113,125,0.886719,0.980469,1,0,0,0,0
114,125,0.894531,0.980469,1,0,0,0,0
115,125,0.902344,0.980469,1,0,0,0,0
116,125,0.910156,0.980469,1,0,0,0,0
117,125,0.917969,0.980469,1,0,0,0,0
118,125,0.925781,0.980469,1,0,0,0,0
119,125,0.933594,0.980469,1,0,0,0,0
120,125,0.941406,0.980469,1,0,0,0,0
121,125,0.949219,0.980469,1,0,0,0,0
122,125,0.957031,0.980469,1,0,0,0,0
123,125,0.964844,0.980469,1,0,0,0,0
124,125,0.972656,0.980469,1,0,0,0,0
125,125,0.980469,0.980469,1,0,0,0,0
126,125,0.988281,0.980469,1,0,0,0,0
127,125,0.996094,0.980469,1,0,0,0,0
0,126,0.00390625,0.988281,1,0,0,0,0
1,126,0.0117188,0.988281,1,0,0,0,0
2,126,0.0195312,0.988281,1,0,0,0,0
3,126,0.0273438,0.988281,1,0,0,0,0
4,126,0.0351562,0.988281,1,0,0,0,0
5,126,0.0429688,0.988281,1,0,0,0,0
6,126,0.0507812,0.988281,1,0,0,0,0
7,126,0.0585938,0.988281,1,0,0,0,0
8,126,0.0664062,0.988281,1,0,0,0,0
9,126,0.0742188,0.988281,1,0,0,0,0
10,126,0.0820312,0.988281,1,0,0,0,0
11,126,0.0898438,0.988281,1,0,0,0,0
12,126,0.0976562,0.988281,1,0,0,0,0
13,126,0.105469,0.988281,1,0,0,0,0
14,126,0.113281,0.988281,1,0,0,0,0
15,126,0.121094,0.988281,1,0,0,0,0
16,126,0.128906,0.988281,1,0,0,0,0
17,126,0.136719,0.988281,1,0,0,0,0
18,126,0.144531,0.988281,1,0,0,0,0
19,126,0.152344,0.988281,1,0,0,0,0
20,126,0.160156,0.988281,1,0,0,0,0
21,126,0.167969,0.988281,1,0,0,0,1.42109e-14
22,126,0.175781,0.988281,1,0,0,0,1.42109e-14
23,126,0.183594,0.988281,1,0,0,0,0
24,126,0.191406,0.988281,1,0,0,0,1.42109e-14
25,126,0.199219,0.988281,1,0,0,0,4.26326e-14
26,126,0.207031,0.988281,1,0,0,0,5.68434e-14
27,126,0.214844,0.988281,1,0,0,0,7.10543e-14
28,126,0.222656,0.988281,1,0,0,0,1.13687e-13
29,126,0.230469,0.988281,1,0,0,0,1.7053e-13
30,126,0.238281,0.988281,1,0,0,0,2.55795e-13
31,126,0.246094,0.988281,1,0,0,0,3.69482e-13
32,126,0.253906,0.988281,1,0,0,0,5.11591e-13
33,126,0.261719,0.988281,1,0,0,0,7.24754e-13
34,126,0.269531,0.988281,1,0,0,0,1.02318e-12
35,126,0.277344,0.988281,1,0,0,0,1.40687e-12
36,126,0.285156,0.988281,1,0,0,0,1.90425e-12
37,126,0.292969,0.988281,1,0,0,0,2.54374e-12
38,126,0.300781,0.988281,1,0,0,0,3.36797e-12
39,126,0.308594,0.988281,1,0,0,0,4.37694e-12
40,126,0.316406,0.988281,1,0,0,0,5.61329e-12
41,126,0.324219,0.988281,1,0,0,0,7.11964e-12
42,126,0.332031,0.988281,1,0,0,0,8.896e-12
43,126,0.339844,0.988281,1,0,0,0,1.09424e-11
44,126,0.347656,0.988281,1,0,0,0,1.32729e-11
45,126,0.355469,0.988281,1,0,0,0,1.58735e-11
46,126,0.363281,0.988281,1,0,0,0,1.86731e-11
47,126,0.371094,0.988281,1,0,0,0,2.16573e-11
48,126,0.378906,0.988281,1,0,0,0,2.47127e-11
49,126,0.386719,0.988281,1,0,0,0,2.77396e-11
50,126,0.394531,0.988281,1,0,0,0,3.06244e-11
51,126,0.402344,0.988281,1,0,0,0,3.31966e-11
52,126,0.410156,0.988281,1,0,0,0,3.53424e-11
53,126,0.417969,0.988281,1,0,0,0,3.68914e-11
54,126,0.425781,0.988281,1,0,0,0,3.76872e-11
55,126,0.433594,0.988281,1,0,0,0,3.76303e-11
56,126,0.441406,0.988281,1,0,0,0,3.6593e-11
57,126,0.449219,0.988281,1,0,0,0,3.45182e-11
58,126,0.457031,0.988281,1,0,0,0,3.14202e-11
59,126,0.464844,0.988281,1,0,0,0,2.73275e-11
60,126,0.472656,0.988281,1,0,0,0,2.2311e-11
61,126,0.480469,0.988281,1,0,0,0,1.65272e-11
62,126,0.488281,0.988281,1,0,0,0,1.01608e-11
63,126,0.496094,0.988281,1,0,0,0,3.42482e-12
64,126,0.503906,0.988281,1,0,0,0,-3.42482e-12
65,126,0.511719,0.988281,1,0,0,0,-1.01608e-11
66,126,0.519531,0.988281,1,0,0,0,-1.65272e-11
67,126,0.527344,0.988281,1,0,0,0,-2.2311e-11
68,126,0.535156,0.988281,1,0,0,0,-2.73275e-11
69,126,0.542969,0.988281,1,0,0,0,-3.14202e-11
70,126,0.550781,0.988281,1,0,0,0,-3.45182e-11
71,126,0.558594,0.988281,1,0,0,0,-3.6593e-11
72,126,0.566406,0.988281,1,0,0,0,-3.76303e-11
73,126,0.574219,0.988281,1,0,0,0,-3.76872e-11
74,126,0.582031,0.988281,1,0,0,0,-3.68914e-11
75,126,0.589844,0.988281,1,0,0,0,-3.53424e-11
76,126,0.597656,0.988281,1,0,0,0,-3.31966e-11
77,126,0.605469,0.988281,1,0,0,0,-3.06244e-11
78,126,0.613281,0.988281,1,0,0,0,-2.77396e-11
79,126,0.621094,0.988281,1,0,0,0,-2.47127e-11
80,126,0.628906,0.988281,1,0,0,0,-2.16573e-11
81,126,0.636719,0.988281,1,0,0,0,-1.86731e-11
82,126,0.644531,0.988281,1,0,0,0,-1.58735e-11
83,126,0.652344,0.988281,1,0,0,0,-1.32729e-11
84,126,0.660156,0.988281,1,0,0,0,-1.09424e-11
85,126,0.667969,0.988281,1,0,0,0,-8.896e-12
86,126,0.675781,0.988281,1,0,0,0,-7.11964e-12
87,126,0.683594,0.988281,1,0,0,0,-5.61329e-12
88,126,0.691406,0.988281,1,0,0,0,-4.37694e-12
89,126,0.699219,0.988281,1,0,0,0,-3.36797e-12
90,126,0.707031,0.988281,1,0,0,0,-2.54374e-12
91,126,0.714844,0.988281,1,0,0,0,-1.90425e-12
92,126,0.722656,0.988281,1,0,0,0,-1.40687e-12
93,126,0.730469,0.988281,1,0,0,0,-1.02318e-12
94,126,0.738281,0.988281,1,0,0,0,-7.24754e-13
95,126,0.746094,0.988281,1,0,0,0,-5.11591e-13
96,126,0.753906,0.988281,1,0,0,0,-3.69482e-13
97,126,0.761719,0.988281,1,0,0,0,-2.55795e-13
98,126,0.769531,0.988281,1,0,0,0,-1.7053e-13
99,126,0.777344,0.988281,1,0,0,0,-1.13687e-13
100,126,0.785156,0.988281,1,0,0,0,-7.10543e-14
101,126,0.792969,0.988281,1,0,0,0,-5.68434e-14
102,126,0.800781,0.988281,1,0,0,0,-4.26326e-14
103,126,0.808594,0.988281,1,0,0,0,-1.42109e-14
104,126,0.816406,0.988281,1,0,0,0,0
105,126,0.824219,0.988281,1,0,0,0,-1.42109e-14
106,126,0.832031,0.988281,1,0,0,0,-1.42109e-14
107,126,0.839844,0.988281,1,0,0,0,0
108,126,0.847656,0.988281,1,0,0,0,0
109,126,0.855469,0.988281,1,0,0,0,0
110,126,0.863281,0.988281,1,0,0,0,0
111,126,0.871094,0.988281,1,0,0,0,0
112,126,0.878906,0.988281,1,0,0,0,0
113,126,0.886719,0.988281,1,0,0,0,0
114,126,0.894531,0.988281,1,0,0,0,0
115,126,0.902344,0.988281,1,0,0,0,0
116,126,0.910156,0.988281,1,0,0,0,0
117,126,0.917969,0.988281,1,0,0,0,0
118,126,0.925781,0.988281,1,0,0,0,0
119,126,0.933594,0.988281,1,0,0,0,0
120,126,0.941406,0.988281,1,0,0,0,0
121,126,0.949219,0.988281,1,0,0,0,0
122,126,0.957031,0.988281,1,0,0,0,0
123,126,0.964844,0.988281,1,0,0,0,0
124,126,0.972656,0.988281,1,0,0,0,0
125,126,0.980469,0.988281,1,0,0,0,0
126,126,0.988281,0.988281,1,0,0,0,0
127,126,0.996094,0.988281,1,0,0,0,0
0,127,0.00390625,0.996094,1,0,0,0,0
1,127,0.0117188,0.996094,1,0,0,0,0
2,127,0.0195312,0.996094,1,0,0,0,0
3,127,0.0273438,0.996094,1,0,0,0,0
4,127,0.0351562,0.996094,1,0,0,0,0
5,127,0.0429688,0.996094,1,0,0,0,0
6,127,0.0507812,0.996094,1,0,0,0,0
7,127,0.0585938,0.996094,1,0,0,0,0
8,127,0.0664062,0.996094,1,0,0,0,0
9,127,0.0742188,0.996094,1,0,0,0,0
10,127,0.0820312,0.996094,1,0,0,0,0
11,127,0.0898438,0.996094,1,0,0,0,0
12,127,0.0976562,0.996094,1,0,0,0,0
13,127,0.105469,0.996094,1,0,0,0,0
14,127,0.113281,0.996094,1,0,0,0,0
15,127,0.121094,0.996094,1,0,0,0,0
16,127,0.128906,0.996094,1,0,0,0,0
17,127,0.136719,0.996094,1,0,0,0,0
18,127,0.144531,0.996094,1,0,0,0,0
19,127,0.152344,0.996094,1,0,0,0,0
20,127,0.160156,0.996094,1,0,0,0,0
21,127,0.167969,0.996094,1,0,0,0,0
22,127,0.175781,0.996094,1,0,0,0,0
23,127,0.183594,0.996094,1,0,0,0,1.42109e-14
24,127,0.191406,0.996094,1,0,0,0,1.42109e-14
25,127,0.199219,0.996094,1,0,0,0,1.42109e-14
26,127,0.207031,0.996094,1,0,0,0,2.84217e-14
27,127,0.214844,0.996094,1,0,0,0,2.84217e-14
28,127,0.222656,0.996094,1,0,0,0,4.26326e-14
29,127,0.230469,0.996094,1,0,0,0,8.52651e-14
30,127,0.238281,0.996094,1,0,0,0,1.27898e-13
31,127,0.246094,0.996094,1,0,0,0,1.7053e-13
32,127,0.253906,0.996094,1,0,0,0,2.41585e-13
33,127,0.261719,0.996094,1,0,0,0,3.41061e-13
34,127,0.269531,0.996094,1,0,0,0,4.68958e-13
35,127,0.277344,0.996094,1,0,0,0,6.39488e-13
36,127,0.285156,0.996094,1,0,0,0,8.81073e-13
37,127,0.292969,0.996094,1,0,0,0,1.1795e-12
38,127,0.300781,0.996094,1,0,0,0,1.56319e-12
39,127,0.308594,0.996094,1,0,0,0,2.03215e-12
40,127,0.316406,0.996094,1,0,0,0,2.60059e-12
41,127,0.324219,0.996094,1,0,0,0,3.29692e-12
42,127,0.332031,0.996094,1,0,0,0,4.12115e-12
43,127,0.339844,0.996094,1,0,0,0,5.07328e-12
44,127,0.347656,0.996094,1,0,0,0,6.1533e-12
45,127,0.355469,0.996094,1,0,0,0,7.36122e-12
46,127,0.363281,0.996094,1,0,0,0,8.65441e-12
47,127,0.371094,0.996094,1,0,0,0,1.00329e-11
48,127,0.378906,0.996094,1,0,0,0,1.14539e-11
49,127,0.386719,0.996094,1,0,0,0,1.28466e-11
50,127,0.394531,0.996094,1,0,0,0,1.41824e-11
51,127,0.402344,0.996094,1,0,0,0,1.53904e-11
52,127,0.410156,0.996094,1,0,0,0,1.63851e-11
53,127,0.417969,0.996094,1,0,0,0,1.71099e-11
54,127,0.425781,0.996094,1,0,0,0,1.74651e-11
55,127,0.433594,0.996094,1,0,0,0,1.74367e-11
56,127,0.441406,0.996094,1,0,0,0,1.69678e-11
57,127,0.449219,0.996094,1,0,0,0,1.60014e-11
58,127,0.457031,0.996094,1,0,0,0,1.45661e-11
59,127,0.464844,0.996094,1,0,0,0,1.26619e-11
60,127,0.472656,0.996094,1,0,0,0,1.03313e-11
61,127,0.480469,0.996094,1,0,0,0,7.65965e-12
62,127,0.488281,0.996094,1,0,0,0,4.70379e-12
63,127,0.496094,0.996094,1,0,0,0,1.5774e-12
64,127,0.503906,0.996094,1,0,0,0,-1.5774e-12
65,127,0.511719,0.996094,1,0,0,0,-4.70379e-12
66,127,0.519531,0.996094,1,0,0,0,-7.65965e-12
67,127,0.527344,0.996094,1,0,0,0,-1.03313e-11
68,127,0.535156,0.996094,1,0,0,0,-1.26619e-11
69,127,0.542969,0.996094,1,0,0,0,-1.45661e-11
70,127,0.550781,0.996094,1,0,0,0,-1.60014e-11
71,127,0.558594,0.996094,1,0,0,0,-1.69678e-11
72,127,0.566406,0.996094,1,0,0,0,-1.74367e-11
73,127,0.574219,0.996094,1,0,0,0,-1.74651e-11
74,127,0.582031,0.996094,1,0,0,0,-1.71099e-11
75,127,0.589844,0.996094,1,0,0,0,-1.63851e-11
76,127,0.597656,0.996094,1,0,0,0,-1.53904e-11
77,127,0.605469,0.996094,1,0,0,0,-1.41824e-11
78,127,0.613281,0.996094,1,0,0,0,-1.28466e-11
79,127,0.621094,0.996094,1,0,0,0,-1.14539e-11
80,127,0.628906,0.996094,1,0,0,0,-1.00329e-11
81,127,0.636719,0.996094,1,0,0,0,-8.65441e-12
82,127,0.644531,0.996094,1,0,0,0,-7.36122e-12
83,127,0.652344,0.996094,1,0,0,0,-6.1533e-12
84,127,0.660156,0.996094,1,0,0,0,-5.07328e-12
85,127,0.667969,0.996094,1,0,0,0,-4.12115e-12
86,127,0.675781,0.996094,1,0,0,0,-3.29692e-12
87,127,0.683594,0.996094,1,0,0,0,-2.60059e-12
88,127,0.691406,0.996094,1,0,0,0,-2.03215e-12
89,127,0.699219,0.996094,1,0,0,0,-1.56319e-12
90,127,0.707031,0.996094,1,0,0,0,-1.1795e-12
91,127,0.714844,0.996094,1,0,0,0,-8.81073e-13
92,127,0.722656,0.996094,1,0,0,0,-6.39488e-13
93,127,0.730469,0.996094,1,0,0,0,-4.68958e-13
94,127,0.738281,0.996094,1,0,0,0,-3.41061e-13
95,127,0.746094,0.996094,1,0,0,0,-2.41585e-13
96,127,0.753906,0.996094,1,0,0,0,-1.7053e-13
97,127,0.761719,0.996094,1,0,0,0,-1.27898e-13
98,127,0.769531,0.996094,1,0,0,0,-8.52651e-14
99,127,0.777344,0.996094,1,0,0,0,-4.26326e-14
100,127,0.785156,0.996094,1,0,0,0,-2.84217e-14
101,127,0.792969,0.996094,1,0,0,0,-2.84217e-14
102,127,0.800781,0.996094,1,0,0,0,-1.42109e-14
103,127,0.808594,0.996094,1,0,0,0,-1.42109e-14
104,127,0.816406,0.996094,1,0,0,0,-1.42109e-14
105,127,0.824219,0.996094,1,0,0,0,0
106,127,0.832031,0.996094,1,0,0,0,0
107,127,0.839844,0.996094,1,0,0,0,0
108,127,0.847656,0.996094,1,0,0,0,0
109,127,0.855469,0.996094,1,0,0,0,0
110,127,0.863281,0.996094,1,0,0,0,0
111,127,0.871094,0.996094,1,0,0,0,0
112,127,0.878906,0.996094,1,0,0,0,0
113,127,0.886719,0.996094,1,0,0,0,0
114,127,0.894531,0.996094,1,0,0,0,0
115,127,0.902344,0.996094,1,0,0,0,0
116,127,0.910156,0.996094,1,0,0,0,0
117,127,0.917969,0.996094,1,0,0,0,0
118,127,0.925781,0.996094,1,0,0,0,0
119,127,0.933594,0.996094,1,0,0,0,0
120,127,0.941406,0.996094,1,0,0,0,0
121,127,0.949219,0.996094,1,0,0,0,0
122,127,0.957031,0.996094,1,0,0,0,0
123,127,0.964844,0.996094,1,0,0,0,0
124,127,0.972656,0.996094,1,0,0,0,0
125,127,0.980469,0.996094,1,0,0,0,0
126,127,0.988281,0.996094,1,0,0,0,0
127,127,0.996094,0.996094,1,0,0,0,0
